,no2,pm10,pm25
2026-01-20 20:00:00+05:30,22.38,253.1,86.7
2026-01-20 21:00:00+05:30,22.933333333333337,263.06666666666666,100.06666666666666
2026-01-20 22:00:00+05:30,21.16,248.55,92.45
2026-01-20 23:00:00+05:30,17.89333333333333,265.5,84.4
2026-01-21 00:00:00+05:30,14.67,204.4,94.2
2026-01-21 01:00:00+05:30,14.2825,171.35,88.55
2026-01-21 02:00:00+05:30,12.8075,131.925,79.325
2026-01-21 03:00:00+05:30,12.2775,114.4,62.55
2026-01-21 04:00:00+05:30,11.605,134.8,72.1
2026-01-21 05:00:00+05:30,11.2075,108.4,72.65
2026-01-21 06:00:00+05:30,11.05,116.0,64.07499999999999
2026-01-21 07:00:00+05:30,10.8125,103.7,57.725
2026-01-21 08:00:00+05:30,11.2725,118.7,64.725
2026-01-21 09:00:00+05:30,11.4125,133.7,71.05
2026-01-21 10:00:00+05:30,12.82,121.175,64.07499999999999
2026-01-21 11:00:00+05:30,27.175,116.1,59.925
2026-01-21 12:00:00+05:30,58.99,117.85,62.875
2026-01-21 13:00:00+05:30,72.075,102.9,58.175
2026-01-21 14:00:00+05:30,61.0225,101.2,52.45
2026-01-21 15:00:00+05:30,52.91,80.525,43.575
2026-01-21 16:00:00+05:30,45.98,81.45,37.4
2026-01-21 17:00:00+05:30,47.85,96.13333333333333,38.43333333333333
2026-01-21 18:00:00+05:30,50.5675,126.125,43.8
2026-01-21 19:00:00+05:30,40.695,163.125,47.2
2026-01-21 20:00:00+05:30,36.04,274.85,65.5
2026-01-21 21:00:00+05:30,29.805,305.4,82.85000000000001
2026-01-21 22:00:00+05:30,26.4675,184.45,76.65
2026-01-21 23:00:00+05:30,24.253333333333337,180.0,70.2
2026-01-22 00:00:00+05:30,19.35,197.0,71.6
2026-01-22 01:00:00+05:30,18.2775,163.225,69.75
2026-01-22 02:00:00+05:30,17.9875,116.35,60.85
2026-01-22 03:00:00+05:30,17.92,121.43333333333334,52.73333333333333
2026-01-22 04:00:00+05:30,16.335,133.5,54.6
2026-01-22 05:00:00+05:30,16.2425,115.6,54.475
2026-01-22 06:00:00+05:30,17.15,105.275,49.4
2026-01-22 07:00:00+05:30,15.9075,119.8,47.425
2026-01-22 08:00:00+05:30,16.605,122.05,53.7
2026-01-22 09:00:00+05:30,20.4125,136.525,53.0
2026-01-22 10:00:00+05:30,31.839999999999996,113.2,55.650000000000006
2026-01-22 11:00:00+05:30,47.0275,104.6,44.6
2026-01-22 12:00:00+05:30,46.12,97.59999999999998,44.9
2026-01-22 13:00:00+05:30,40.81,1.675,42.974999999999994
2026-01-22 14:00:00+05:30,38.5,88.2,41.05
2026-01-22 15:00:00+05:30,36.2,83.96666666666667,38.86666666666667
2026-01-22 16:00:00+05:30,37.307500000000005,82.48333333333333,36.94583333333333
2026-01-22 17:00:00+05:30,38.415,81.0,35.025
2026-01-22 18:00:00+05:30,63.865,91.35,37.8
2026-01-22 19:00:00+05:30,54.54333333333333,225.26666666666665,53.2
2026-01-22 20:00:00+05:30,39.945,242.325,67.025
2026-01-22 21:00:00+05:30,31.03,362.55,87.17500000000001
2026-01-22 22:00:00+05:30,27.425,336.34999999999997,104.05
2026-01-22 23:00:00+05:30,22.4,436.8999999999999,118.40000000000002
2026-01-23 00:00:00+05:30,19.26,275.9,97.3
2026-01-23 01:00:00+05:30,18.55,286.25,87.225
2026-01-23 02:00:00+05:30,16.9525,241.725,88.75
2026-01-23 03:00:00+05:30,16.86,201.05,79.925
2026-01-23 04:00:00+05:30,15.2625,151.725,64.75
2026-01-23 05:00:00+05:30,15.8,164.9,62.25
2026-01-23 06:00:00+05:30,14.58,138.35,66.0
2026-01-23 07:00:00+05:30,14.6775,145.725,71.825
2026-01-23 08:00:00+05:30,14.13,166.9,67.06666666666666
2026-01-23 09:00:00+05:30,15.315,135.725,56.5
2026-01-23 10:00:00+05:30,18.586666666666662,141.83333333333334,68.33333333333333
2026-01-23 11:00:00+05:30,47.615,103.65,57.2
2026-01-23 12:00:00+05:30,64.68333333333334,71.93333333333334,45.333333333333336
2026-01-23 13:00:00+05:30,67.8025,68.375,32.975
2026-01-23 14:00:00+05:30,55.3,66.75,37.3
2026-01-23 15:00:00+05:30,41.75,65.0,32.475
2026-01-23 16:00:00+05:30,33.4525,60.375,30.675
2026-01-23 17:00:00+05:30,36.9075,59.85,24.075
2026-01-23 18:00:00+05:30,42.3525,93.85,39.775
2026-01-23 19:00:00+05:30,47.163333333333334,138.3,56.4
2026-01-23 20:00:00+05:30,31.125,385.125,137.525
2026-01-23 21:00:00+05:30,25.65,215.775,92.6
2026-01-23 22:00:00+05:30,20.9275,276.7,144.95
2026-01-23 23:00:00+05:30,19.37,263.1,118.2
2026-01-24 00:00:00+05:30,16.33,261.4,93.9
2026-01-24 01:00:00+05:30,17.4275,204.225,75.35
2026-01-24 02:00:00+05:30,17.645,253.35,125.725
2026-01-24 03:00:00+05:30,16.92,352.375,120.425
2026-01-24 04:00:00+05:30,14.9625,210.525,79.60000000000001
2026-01-24 05:00:00+05:30,13.485,168.625,61.8
2026-01-24 06:00:00+05:30,12.9825,212.2,103.175
2026-01-24 07:00:00+05:30,13.875,186.225,89.175
2026-01-24 08:00:00+05:30,14.205,224.45,92.5
2026-01-24 09:00:00+05:30,13.3375,225.65,75.075
2026-01-24 10:00:00+05:30,13.633333333333333,180.4333333333333,92.23333333333336
2026-01-24 11:00:00+05:30,19.6,173.7,85.5
2026-01-24 12:00:00+05:30,44.82666666666666,89.575,59.4
2026-01-24 13:00:00+05:30,76.175,102.8,33.725
2026-01-24 14:00:00+05:30,87.875,72.875,40.575
2026-01-24 15:00:00+05:30,73.065,89.175,44.975
2026-01-24 16:00:00+05:30,55.68,103.5,60.4
2026-01-24 17:00:00+05:30,53.465,104.375,51.3
2026-01-24 18:00:00+05:30,57.3575,156.0,76.025
2026-01-24 19:00:00+05:30,42.7275,355.59999999999997,107.425
2026-01-24 20:00:00+05:30,35.8975,264.5,98.475
2026-01-24 21:00:00+05:30,28.2525,328.72499999999997,103.25
2026-01-24 22:00:00+05:30,24.5475,268.575,117.725
2026-01-24 23:00:00+05:30,24.83,319.6,113.2
2026-01-25 00:00:00+05:30,18.92,353.9,119.9
2026-01-25 01:00:00+05:30,17.4725,248.95,105.725
2026-01-25 02:00:00+05:30,16.459999999999997,190.0,112.96666666666664
2026-01-25 03:00:00+05:30,16.005,169.875,124.175
2026-01-25 04:00:00+05:30,14.9575,154.95000000000002,99.0
2026-01-25 05:00:00+05:30,14.61,140.375,82.325
2026-01-25 06:00:00+05:30,13.3775,156.675,101.975
2026-01-25 07:00:00+05:30,13.2675,146.075,94.45
2026-01-25 08:00:00+05:30,12.966666666666669,140.3,85.8
2026-01-25 09:00:00+05:30,13.1625,144.325,74.2
2026-01-25 10:00:00+05:30,14.855,162.375,86.75
2026-01-25 11:00:00+05:30,24.2075,143.79999999999998,88.77499999999999
2026-01-25 12:00:00+05:30,50.52,125.46666666666664,69.5
2026-01-25 13:00:00+05:30,66.6,108.025,61.45
2026-01-25 14:00:00+05:30,61.0975,101.275,58.475
2026-01-25 15:00:00+05:30,52.8925,105.2,57.1
2026-01-25 16:00:00+05:30,44.93,109.95,57.1
2026-01-25 17:00:00+05:30,37.645,117.8,57.0
2026-01-25 18:00:00+05:30,28.826666666666668,158.36666666666667,68.36666666666666
2026-01-25 19:00:00+05:30,23.0625,161.375,71.825
2026-01-25 20:00:00+05:30,18.4925,168.9,73.07499999999999
2026-01-25 21:00:00+05:30,15.59,158.575,72.725
2026-01-25 22:00:00+05:30,14.6375,174.95,85.8
2026-01-25 23:00:00+05:30,12.916666666666666,172.19999999999996,86.0
2026-01-26 00:00:00+05:30,11.16,142.3,76.0
2026-01-26 01:00:00+05:30,10.7475,136.025,71.6
2026-01-26 02:00:00+05:30,10.19,132.775,71.775
2026-01-26 03:00:00+05:30,9.255,127.175,69.175
2026-01-26 04:00:00+05:30,8.73,112.4,67.925
2026-01-26 05:00:00+05:30,8.405000000000001,106.6,64.0
2026-01-26 06:00:00+05:30,8.5525,106.425,64.1
2026-01-26 07:00:00+05:30,8.344999999999999,102.75,63.9
2026-01-26 08:00:00+05:30,8.4025,106.25,63.475
2026-01-26 09:00:00+05:30,8.6225,103.95,61.825
2026-01-26 10:00:00+05:30,10.42,106.55,64.075
2026-01-26 11:00:00+05:30,22.8375,103.95,56.1
2026-01-26 12:00:00+05:30,41.7175,100.725,55.925
2026-01-26 13:00:00+05:30,50.095,95.0,50.975
2026-01-26 14:00:00+05:30,42.9775,94.825,50.3
2026-01-26 15:00:00+05:30,31.8675,91.35,44.875
2026-01-26 16:00:00+05:30,27.06,84.52499999999999,43.150000000000006
2026-01-26 17:00:00+05:30,25.4425,80.60000000000001,39.4
2026-01-26 18:00:00+05:30,27.78,90.975,39.675
2026-01-26 19:00:00+05:30,33.225,105.4,49.65
2026-01-26 20:00:00+05:30,25.1975,132.325,59.075
2026-01-26 21:00:00+05:30,19.682499999999997,142.07500000000002,57.825
2026-01-26 22:00:00+05:30,17.72,158.6,71.60000000000001
2026-01-26 23:00:00+05:30,16.483333333333334,272.9,83.1
2026-01-27 00:00:00+05:30,12.66,251.5,81.8
2026-01-27 01:00:00+05:30,12.375,149.475,72.92500000000001
2026-01-27 02:00:00+05:30,12.91,153.15,74.225
2026-01-27 03:00:00+05:30,11.75,180.575,70.02499999999999
2026-01-27 04:00:00+05:30,11.73,143.29999999999998,65.53333333333333
2026-01-27 05:00:00+05:30,11.31,127.475,62.575
2026-01-27 06:00:00+05:30,11.3725,126.325,67.1
2026-01-27 07:00:00+05:30,11.4225,127.275,66.475
2026-01-27 08:00:00+05:30,11.6375,131.6,65.1
2026-01-27 09:00:00+05:30,12.175,131.875,65.14999999999999
2026-01-27 10:00:00+05:30,31.1375,121.7375,62.974999999999994
2026-01-27 11:00:00+05:30,50.1,111.6,60.8
2026-01-27 12:00:00+05:30,60.275,98.5,58.55
2026-01-27 13:00:00+05:30,59.06,80.625,50.225
2026-01-27 14:00:00+05:30,48.6875,81.725,62.8
2026-01-27 15:00:00+05:30,35.68,83.825,50.55
2026-01-27 16:00:00+05:30,29.8375,85.025,42.525
2026-01-27 17:00:00+05:30,37.815,76.675,44.775000000000006
2026-01-27 18:00:00+05:30,44.73,129.775,49.325
2026-01-27 19:00:00+05:30,32.2875,298.425,69.45
2026-01-27 20:00:00+05:30,24.2775,266.825,83.6
2026-01-27 21:00:00+05:30,22.656666666666663,213.5,84.76666666666667
2026-01-27 22:00:00+05:30,18.273333333333333,307.3333333333333,101.13333333333333
2026-01-27 23:00:00+05:30,15.829999999999998,223.8,102.0
2026-01-28 00:00:00+05:30,15.69,268.8,100.6
2026-01-28 01:00:00+05:30,16.585,242.55,96.525
2026-01-28 02:00:00+05:30,16.94,290.17499999999995,104.975
2026-01-28 03:00:00+05:30,17.256666666666664,243.9,103.2
2026-01-28 04:00:00+05:30,17.9975,213.525,92.975
2026-01-28 05:00:00+05:30,15.0,261.975,91.725
2026-01-28 06:00:00+05:30,13.4875,216.1,92.975
2026-01-28 07:00:00+05:30,13.6625,155.1,85.35
2026-01-28 08:00:00+05:30,13.74,160.14999999999998,77.0
2026-01-28 09:00:00+05:30,14.75,157.85,71.45
2026-01-28 10:00:00+05:30,27.1,171.92499999999998,80.15
2026-01-28 11:00:00+05:30,64.83500000000001,157.925,71.1
2026-01-28 12:00:00+05:30,85.39,153.55,71.275
2026-01-28 13:00:00+05:30,91.9525,160.25,68.975
2026-01-28 14:00:00+05:30,76.64750000000001,127.225,66.7
2026-01-28 15:00:00+05:30,70.2575,117.9,61.325
2026-01-28 16:00:00+05:30,63.2725,112.875,62.55
2026-01-28 17:00:00+05:30,54.2075,112.6,59.325
2026-01-28 18:00:00+05:30,53.6,157.3,62.375
2026-01-28 19:00:00+05:30,38.6275,430.925,166.1
2026-01-28 20:00:00+05:30,28.9825,372.575,112.525
2026-01-28 21:00:00+05:30,23.8575,230.05,86.60000000000001
2026-01-28 22:00:00+05:30,21.4725,206.675,98.4
2026-01-28 23:00:00+05:30,18.483333333333334,194.6,91.8
2026-01-29 00:00:00+05:30,14.17,139.7,63.7
2026-01-29 01:00:00+05:30,13.1375,107.275,46.525
2026-01-29 02:00:00+05:30,12.2775,89.325,59.150000000000006
2026-01-29 03:00:00+05:30,11.2475,85.65,56.8
2026-01-29 04:00:00+05:30,10.3075,82.75,44.425
2026-01-29 05:00:00+05:30,9.425,67.375,34.425
2026-01-29 06:00:00+05:30,8.879999999999999,66.15,29.525
2026-01-29 07:00:00+05:30,8.27,59.3,26.35
2026-01-29 08:00:00+05:30,8.2325,69.775,41.6
2026-01-29 09:00:00+05:30,8.57,73.17500000000001,41.925
2026-01-29 10:00:00+05:30,8.26,86.6,49.95
2026-01-29 11:00:00+05:30,9.843333333333334,80.33333333333333,34.63333333333333
2026-01-29 12:00:00+05:30,17.8725,78.675,36.9
2026-01-29 13:00:00+05:30,28.775,76.77499999999999,36.6
2026-01-29 14:00:00+05:30,42.36,85.8,36.2
2026-01-29 15:00:00+05:30,46.3425,78.625,43.4
2026-01-29 16:00:00+05:30,39.61,85.05,36.75
2026-01-29 17:00:00+05:30,30.275,87.55,40.3
2026-01-29 18:00:00+05:30,26.325,106.1,52.725
2026-01-29 19:00:00+05:30,18.5075,121.75,53.650000000000006
2026-01-29 20:00:00+05:30,13.9075,114.8,51.125
2026-01-29 21:00:00+05:30,11.255,114.1,46.75
2026-01-29 22:00:00+05:30,10.085,115.075,49.349999999999994
2026-01-29 23:00:00+05:30,8.973333333333334,124.59999999999998,52.20000000000001
2026-01-30 00:00:00+05:30,7.26,122.6,42.0
2026-01-30 01:00:00+05:30,6.97,117.325,44.275
2026-01-30 02:00:00+05:30,6.6775,112.85,42.875
2026-01-30 03:00:00+05:30,6.5024999999999995,99.025,41.275
2026-01-30 04:00:00+05:30,6.3825,89.6,40.225
2026-01-30 05:00:00+05:30,6.5649999999999995,84.4,41.475
2026-01-30 06:00:00+05:30,6.1525,84.125,40.75
2026-01-30 07:00:00+05:30,6.0625,84.675,43.9
2026-01-30 08:00:00+05:30,6.2475000000000005,83.55,43.375
2026-01-30 09:00:00+05:30,6.24,86.65,42.65
2026-01-30 10:00:00+05:30,6.2925,90.65,50.150000000000006
2026-01-30 11:00:00+05:30,6.76,93.3,47.3
2026-01-30 12:00:00+05:30,13.145,95.6,46.55
2026-01-30 13:00:00+05:30,19.53,97.9,45.8
2026-01-30 14:00:00+05:30,27.8175,94.675,46.9
2026-01-30 15:00:00+05:30,42.635000000000005,89.1,40.9
2026-01-30 16:00:00+05:30,39.446666666666665,89.3,40.8
2026-01-30 17:00:00+05:30,32.364999999999995,90.125,40.349999999999994
2026-01-30 18:00:00+05:30,26.83,113.0,43.525
2026-01-30 19:00:00+05:30,25.065,139.575,51.5
2026-01-30 20:00:00+05:30,22.3825,169.15,62.375
2026-01-30 21:00:00+05:30,17.406666666666666,186.86666666666667,67.16666666666667
2026-01-30 22:00:00+05:30,14.5075,326.425,79.425
2026-01-30 23:00:00+05:30,11.23,214.5,75.0
2026-01-31 00:00:00+05:30,9.2,97.8,72.3
2026-01-31 01:00:00+05:30,8.686666666666667,121.09999999999998,67.6
2026-01-31 02:00:00+05:30,7.699999999999999,100.1,66.85000000000001
2026-01-31 03:00:00+05:30,7.885,101.075,63.7
2026-01-31 04:00:00+05:30,7.4275,120.675,58.075
2026-01-31 05:00:00+05:30,6.995,92.425,56.85
2026-01-31 06:00:00+05:30,6.6475,83.05000000000001,53.2
2026-01-31 07:00:00+05:30,6.8149999999999995,64.175,47.975
2026-01-31 08:00:00+05:30,7.6125,85.875,45.675
2026-01-31 09:00:00+05:30,7.69,125.40000000000002,49.6
2026-01-31 10:00:00+05:30,8.3375,118.025,50.25
2026-01-31 11:00:00+05:30,10.3375,102.55,53.3
2026-01-31 12:00:00+05:30,18.8125,108.15,53.150000000000006
2026-01-31 13:00:00+05:30,31.5625,88.625,49.975
2026-01-31 14:00:00+05:30,42.2175,89.875,48.150000000000006
2026-01-31 15:00:00+05:30,45.0,80.95,44.675
2026-01-31 16:00:00+05:30,39.123333333333335,92.3,43.0
2026-01-31 17:00:00+05:30,43.59,104.2,42.0
2026-01-31 18:00:00+05:30,35.625,146.82500000000002,45.7
2026-01-31 19:00:00+05:30,25.7425,280.025,62.8
2026-01-31 20:00:00+05:30,18.77,336.1666666666667,80.53333333333333
2026-01-31 21:00:00+05:30,14.910000000000002,276.525,82.69999999999999
2026-01-31 22:00:00+05:30,13.8375,260.4,88.25
2026-01-31 23:00:00+05:30,12.67,292.2,91.7
2026-02-01 00:00:00+05:30,9.68,259.5,84.9
2026-02-01 01:00:00+05:30,9.195,161.79999999999998,75.925
2026-02-01 02:00:00+05:30,9.095,140.625,70.475
2026-02-01 03:00:00+05:30,9.4175,153.975,67.65
2026-02-01 04:00:00+05:30,9.545,135.9,63.9
2026-02-01 05:00:00+05:30,8.8875,157.55,64.05
2026-02-01 06:00:00+05:30,8.535,143.54999999999998,61.375
2026-02-01 07:00:00+05:30,8.4375,115.0,60.175
2026-02-01 08:00:00+05:30,9.0175,116.325,65.6
2026-02-01 09:00:00+05:30,9.195,135.275,64.35
2026-02-01 10:00:00+05:30,9.6975,129.25,66.4
2026-02-01 11:00:00+05:30,11.98,126.6,65.2
2026-02-01 12:00:00+05:30,21.645,106.975,60.8
2026-02-01 13:00:00+05:30,42.8825,93.125,60.575
2026-02-01 14:00:00+05:30,55.6225,89.4,58.9
2026-02-01 15:00:00+05:30,51.8,89.73333333333333,51.73333333333333
2026-02-01 16:00:00+05:30,43.365,94.35,48.625
2026-02-01 17:00:00+05:30,36.78,92.65,44.1
2026-02-01 18:00:00+05:30,36.1875,124.55,50.05
2026-02-01 19:00:00+05:30,28.205,312.375,65.125
2026-02-01 20:00:00+05:30,22.2125,372.65,84.625
2026-02-01 21:00:00+05:30,17.756666666666664,365.2333333333333,91.3
2026-02-01 22:00:00+05:30,16.6125,359.84999999999997,100.2
2026-02-01 23:00:00+05:30,14.089999999999998,378.8,105.40000000000002
2026-02-02 00:00:00+05:30,12.68,318.4,99.9
2026-02-02 01:00:00+05:30,12.3475,279.65000000000003,95.825
2026-02-02 02:00:00+05:30,11.7225,229.975,97.125
2026-02-02 03:00:00+05:30,11.1925,206.45,93.225
2026-02-02 04:00:00+05:30,11.23,203.69999999999996,88.59999999999998
2026-02-02 05:00:00+05:30,10.8375,173.225,84.80000000000001
2026-02-02 06:00:00+05:30,10.1575,147.75,79.0
2026-02-02 07:00:00+05:30,10.115,118.7,73.225
2026-02-02 08:00:00+05:30,10.1425,115.0,69.35000000000001
2026-02-02 09:00:00+05:30,10.1075,132.25,66.42500000000001
2026-02-02 10:00:00+05:30,10.14,128.8,68.4
2026-02-02 11:00:00+05:30,11.76,117.675,68.425
2026-02-02 12:00:00+05:30,26.549999999999997,94.65,58.325
2026-02-02 13:00:00+05:30,56.0625,92.975,54.425
2026-02-02 14:00:00+05:30,72.9,100.55,56.275
2026-02-02 15:00:00+05:30,70.19749999999999,94.45,53.725
2026-02-02 16:00:00+05:30,54.815,110.625,55.375
2026-02-02 17:00:00+05:30,43.065,120.6,54.3
2026-02-02 18:00:00+05:30,31.9375,155.675,61.95
2026-02-02 19:00:00+05:30,24.81,191.2,71.0
2026-02-02 20:00:00+05:30,18.86,316.8,85.1
2026-02-02 21:00:00+05:30,15.8075,303.325,92.45
2026-02-02 22:00:00+05:30,13.845,258.0,95.2
2026-02-02 23:00:00+05:30,12.902500000000002,207.2,80.0
2026-02-03 00:00:00+05:30,11.96,156.4,64.8
2026-02-03 01:00:00+05:30,10.54,206.1,76.92500000000001
2026-02-03 02:00:00+05:30,9.62,173.35,77.875
2026-02-03 03:00:00+05:30,9.0225,134.275,76.275
2026-02-03 04:00:00+05:30,9.255,128.65,69.3
2026-02-03 05:00:00+05:30,8.913333333333334,122.56666666666666,58.6
2026-02-03 06:00:00+05:30,8.585,120.85,63.75
2026-02-03 07:00:00+05:30,8.936666666666666,124.6,61.53333333333333
2026-02-03 08:00:00+05:30,9.39,128.975,62.849999999999994
2026-02-03 09:00:00+05:30,9.2475,134.95,65.05
2026-02-03 10:00:00+05:30,9.615833333333333,121.39999999999999,62.8
2026-02-03 11:00:00+05:30,9.984166666666667,107.85,60.55
2026-02-03 12:00:00+05:30,10.3525,109.975,66.025
2026-02-03 13:00:00+05:30,39.2725,94.3,56.85
2026-02-03 14:00:00+05:30,38.5,99.8,55.0
2026-02-03 15:00:00+05:30,,,
2026-02-03 16:00:00+05:30,,,
2026-02-03 17:00:00+05:30,,,
2026-02-03 18:00:00+05:30,,,
2026-02-03 19:00:00+05:30,,,
2026-02-03 20:00:00+05:30,,,
2026-02-03 21:00:00+05:30,,,
2026-02-03 22:00:00+05:30,,,
2026-02-03 23:00:00+05:30,,,
2026-02-04 00:00:00+05:30,,,
2026-02-04 01:00:00+05:30,,,
2026-02-04 02:00:00+05:30,,,
2026-02-04 03:00:00+05:30,,,
2026-02-04 04:00:00+05:30,,,
2026-02-04 05:00:00+05:30,,,
2026-02-04 06:00:00+05:30,,,
2026-02-04 07:00:00+05:30,,,
2026-02-04 08:00:00+05:30,,,
2026-02-04 09:00:00+05:30,,,
2026-02-04 10:00:00+05:30,,,
2026-02-04 11:00:00+05:30,,,
2026-02-04 12:00:00+05:30,,,
2026-02-04 13:00:00+05:30,,,
2026-02-04 14:00:00+05:30,,,
2026-02-04 15:00:00+05:30,,,
2026-02-04 16:00:00+05:30,,,
2026-02-04 17:00:00+05:30,,,
2026-02-04 18:00:00+05:30,,,
2026-02-04 19:00:00+05:30,,,
2026-02-04 20:00:00+05:30,,,
2026-02-04 21:00:00+05:30,,,
2026-02-04 22:00:00+05:30,,,
2026-02-04 23:00:00+05:30,,,
2026-02-05 00:00:00+05:30,,,
2026-02-05 01:00:00+05:30,,,
2026-02-05 02:00:00+05:30,,,
2026-02-05 03:00:00+05:30,,,
2026-02-05 04:00:00+05:30,,,
2026-02-05 05:00:00+05:30,,,
2026-02-05 06:00:00+05:30,,,
2026-02-05 07:00:00+05:30,,,
2026-02-05 08:00:00+05:30,,,
2026-02-05 09:00:00+05:30,,,
2026-02-05 10:00:00+05:30,,,
2026-02-05 11:00:00+05:30,38.614999999999995,18.35,6.65
2026-02-05 12:00:00+05:30,38.2,111.2,91.3
2026-02-05 13:00:00+05:30,38.59,120.6,90.3
2026-02-05 14:00:00+05:30,39.88333333333333,160.46666666666667,93.36666666666667
2026-02-05 15:00:00+05:30,30.785,76.925,42.75
2026-02-05 16:00:00+05:30,37.93,113.55,39.7
2026-02-05 17:00:00+05:30,40.2675,100.0,39.8
2026-02-05 18:00:00+05:30,42.8125,100.875,48.075
2026-02-05 19:00:00+05:30,40.2625,112.825,38.875
2026-02-05 20:00:00+05:30,40.79333333333333,140.16666666666666,28.133333333333336
2026-02-05 21:00:00+05:30,40.125,149.5,49.75
2026-02-05 22:00:00+05:30,38.1675,150.2,50.55
2026-02-05 23:00:00+05:30,41.14666666666667,156.3,38.93333333333333
2026-02-06 00:00:00+05:30,42.88,146.7,30.7
2026-02-06 01:00:00+05:30,41.7625,144.375,38.55
2026-02-06 02:00:00+05:30,39.3275,132.04999999999998,46.025
2026-02-06 03:00:00+05:30,41.56333333333333,124.36666666666667,42.666666666666664
2026-02-06 04:00:00+05:30,38.75,142.525,45.55
2026-02-06 05:00:00+05:30,42.09,128.65,44.725
2026-02-06 06:00:00+05:30,42.6475,119.925,49.55
2026-02-06 07:00:00+05:30,41.9475,116.8,56.975
2026-02-06 08:00:00+05:30,37.86,116.9,41.75
2026-02-06 09:00:00+05:30,45.5,111.7,49.2
2026-02-06 10:00:00+05:30,44.04,107.59375,51.15625
2026-02-06 11:00:00+05:30,42.58,103.48750000000001,53.1125
2026-02-06 12:00:00+05:30,41.12,99.38125000000001,55.06875
2026-02-06 13:00:00+05:30,39.66,95.275,57.025
2026-02-06 14:00:00+05:30,40.0675,93.475,61.900000000000006
2026-02-06 15:00:00+05:30,43.662499999999994,92.675,54.225
2026-02-06 16:00:00+05:30,38.9025,86.25,62.5
2026-02-06 17:00:00+05:30,40.81,89.15,38.849999999999994
2026-02-06 18:00:00+05:30,41.7175,107.725,44.65
2026-02-06 19:00:00+05:30,40.09,120.575,36.675
2026-02-06 20:00:00+05:30,41.9375,125.35,33.875
2026-02-06 21:00:00+05:30,40.6325,153.75,46.95
2026-02-06 22:00:00+05:30,42.1475,171.775,50.175
2026-02-06 23:00:00+05:30,44.26333333333333,191.1,40.6
2026-02-07 00:00:00+05:30,43.97,178.9,39.3
2026-02-07 01:00:00+05:30,41.0975,163.775,38.025
2026-02-07 02:00:00+05:30,42.7575,146.8,50.7
2026-02-07 03:00:00+05:30,40.31,136.525,47.625
2026-02-07 04:00:00+05:30,38.1825,131.25,49.75
2026-02-07 05:00:00+05:30,40.785,113.525,44.175
2026-02-07 06:00:00+05:30,37.94,114.475,49.575
2026-02-07 07:00:00+05:30,44.09,113.875,62.825
2026-02-07 08:00:00+05:30,42.025,116.75,39.7
2026-02-07 09:00:00+05:30,41.0975,113.525,52.075
2026-02-07 10:00:00+05:30,39.35666666666666,109.8,53.8
2026-02-07 11:00:00+05:30,42.4725,112.4,42.525
2026-02-07 12:00:00+05:30,40.7825,106.625,49.275000000000006
2026-02-07 13:00:00+05:30,40.01,103.5,54.475
2026-02-07 14:00:00+05:30,41.635,108.5,58.375
2026-02-07 15:00:00+05:30,38.7425,107.95,50.675
2026-02-07 16:00:00+05:30,41.2,101.8,57.56666666666666
2026-02-07 17:00:00+05:30,40.655,104.975,43.775
2026-02-07 18:00:00+05:30,38.39,121.925,49.8
2026-02-07 19:00:00+05:30,39.06,136.8,39.675
2026-02-07 20:00:00+05:30,38.925,155.8,28.95
2026-02-07 21:00:00+05:30,41.635,193.15,48.475
2026-02-07 22:00:00+05:30,41.4575,321.25,53.775
2026-02-07 23:00:00+05:30,38.39666666666667,266.6,39.06666666666666
2026-02-08 00:00:00+05:30,,,
2026-02-08 01:00:00+05:30,,,
2026-02-08 02:00:00+05:30,,,
2026-02-08 03:00:00+05:30,,,
2026-02-08 04:00:00+05:30,,,
2026-02-08 05:00:00+05:30,,,
2026-02-08 06:00:00+05:30,,,
2026-02-08 07:00:00+05:30,,,
2026-02-08 08:00:00+05:30,,,
2026-02-08 09:00:00+05:30,,,
2026-02-08 10:00:00+05:30,,,
2026-02-08 11:00:00+05:30,,,
2026-02-08 12:00:00+05:30,,,
2026-02-08 13:00:00+05:30,,,
2026-02-08 14:00:00+05:30,,,
2026-02-08 15:00:00+05:30,,,
2026-02-08 16:00:00+05:30,,,
2026-02-08 17:00:00+05:30,,,
2026-02-08 18:00:00+05:30,,,
2026-02-08 19:00:00+05:30,,,
2026-02-08 20:00:00+05:30,,,
2026-02-08 21:00:00+05:30,43.169999999999995,191.46666666666667,51.6
2026-02-08 22:00:00+05:30,40.7925,213.725,52.7
2026-02-08 23:00:00+05:30,39.806666666666665,227.5,37.4
2026-02-09 00:00:00+05:30,37.67,226.0,33.5
2026-02-09 01:00:00+05:30,39.25,255.5,36.225
2026-02-09 02:00:00+05:30,41.73,254.9,45.175
2026-02-09 03:00:00+05:30,38.325,210.875,45.5
2026-02-09 04:00:00+05:30,40.9525,188.625,47.725
2026-02-09 05:00:00+05:30,40.906666666666666,163.9,44.2
2026-02-09 06:00:00+05:30,37.96,155.3,59.5
2026-02-09 07:00:00+05:30,39.0825,142.25,58.925
2026-02-09 08:00:00+05:30,31.18,101.4,30.225
2026-02-09 09:00:00+05:30,42.5,135.275,49.45
2026-02-09 10:00:00+05:30,38.4475,134.225,49.1
2026-02-09 11:00:00+05:30,41.11333333333334,124.40000000000002,39.46666666666667
2026-02-09 12:00:00+05:30,42.46,107.3,48.4
2026-02-09 13:00:00+05:30,38.7,95.7,59.2
2026-02-09 14:00:00+05:30,39.6025,92.3,56.65
2026-02-09 15:00:00+05:30,38.4725,84.125,51.375
2026-02-09 16:00:00+05:30,41.2825,85.275,60.275
2026-02-09 17:00:00+05:30,41.74666666666667,83.0,40.23333333333333
2026-02-09 18:00:00+05:30,34.46,117.5,50.6
2026-02-09 19:00:00+05:30,40.0475,247.7,38.95
2026-02-09 20:00:00+05:30,39.8875,252.225,29.45
2026-02-09 21:00:00+05:30,39.06,229.425,53.53333333333333
2026-02-09 22:00:00+05:30,42.556666666666665,318.3,48.46666666666667
2026-02-09 23:00:00+05:30,40.806666666666665,321.1,40.833333333333336
2026-02-10 00:00:00+05:30,39.13,312.4,39.4
2026-02-10 01:00:00+05:30,39.75,178.225,37.975
2026-02-10 02:00:00+05:30,41.94,189.7,46.4
2026-02-10 03:00:00+05:30,39.765,181.725,48.575
2026-02-10 04:00:00+05:30,38.663333333333334,136.63333333333335,45.43333333333334
2026-02-10 05:00:00+05:30,38.2375,130.45,45.1
2026-02-10 06:00:00+05:30,39.445,143.6,50.225
2026-02-10 07:00:00+05:30,42.1775,137.25,65.05
2026-02-10 08:00:00+05:30,40.315,114.35,40.775
2026-02-10 09:00:00+05:30,40.905,122.025,50.225
2026-02-10 10:00:00+05:30,40.0825,118.75,49.025
2026-02-10 11:00:00+05:30,43.25,100.075,39.625
2026-02-10 12:00:00+05:30,38.82,93.025,46.7
2026-02-10 13:00:00+05:30,41.19,84.13333333333334,53.76666666666667
2026-02-10 14:00:00+05:30,37.455,88.475,58.3
2026-02-10 15:00:00+05:30,39.0775,76.3,55.0
2026-02-10 16:00:00+05:30,40.4525,76.275,49.275000000000006
2026-02-10 17:00:00+05:30,39.785,80.925,49.1
2026-02-10 18:00:00+05:30,40.6675,114.725,52.175
2026-02-10 19:00:00+05:30,43.85,230.625,65.6
2026-02-10 20:00:00+05:30,40.9275,288.90000000000003,79.925
2026-02-10 21:00:00+05:30,39.5375,279.175,98.75
2026-02-10 22:00:00+05:30,41.795,357.07500000000005,102.575
2026-02-10 23:00:00+05:30,40.16,421.3999999999999,116.5
2026-02-11 00:00:00+05:30,46.36,324.6,112.6
2026-02-11 01:00:00+05:30,44.4675,322.225,121.725
2026-02-11 02:00:00+05:30,43.0225,223.75,102.325
2026-02-11 03:00:00+05:30,40.8225,146.85,79.175
2026-02-11 04:00:00+05:30,40.775,143.2,63.825
2026-02-11 05:00:00+05:30,37.46,127.85,61.675
2026-02-11 06:00:00+05:30,39.5375,125.55,65.825
2026-02-11 07:00:00+05:30,38.397499999999994,133.6,67.4
2026-02-11 08:00:00+05:30,38.6725,102.325,56.349999999999994
2026-02-11 09:00:00+05:30,43.85333333333333,91.26666666666668,52.1
2026-02-11 10:00:00+05:30,38.95666666666667,106.2,51.96666666666667
2026-02-11 11:00:00+05:30,43.42333333333334,101.46666666666664,51.5
2026-02-11 12:00:00+05:30,39.9225,87.52499999999999,46.25
2026-02-11 13:00:00+05:30,38.7,84.125,54.375
2026-02-11 14:00:00+05:30,32.2625,79.42500000000001,40.675
2026-02-11 15:00:00+05:30,41.6,87.675,53.325
2026-02-11 16:00:00+05:30,38.343333333333334,86.86666666666667,46.5
2026-02-11 17:00:00+05:30,39.75,90.575,45.475
2026-02-11 18:00:00+05:30,39.2775,104.95,44.4
2026-02-11 19:00:00+05:30,39.2025,128.375,50.525
2026-02-11 20:00:00+05:30,40.61,152.575,57.95
2026-02-11 21:00:00+05:30,38.879999999999995,155.625,65.475
2026-02-11 22:00:00+05:30,41.3525,377.625,82.875
2026-02-11 23:00:00+05:30,41.47,296.5,88.96666666666665
2026-02-12 00:00:00+05:30,40.974999999999994,308.15,92.28333333333333
2026-02-12 01:00:00+05:30,40.48,319.79999999999995,95.6
2026-02-12 02:00:00+05:30,42.3525,221.125,90.95
2026-02-12 03:00:00+05:30,40.7225,195.6,86.125
2026-02-12 04:00:00+05:30,39.1625,154.025,76.85
2026-02-12 05:00:00+05:30,40.165,116.775,71.85
2026-02-12 06:00:00+05:30,39.685,110.425,67.57499999999999
2026-02-12 07:00:00+05:30,39.47,122.45,65.35
2026-02-12 08:00:00+05:30,40.057500000000005,125.275,62.2
2026-02-12 09:00:00+05:30,41.33,117.875,63.400000000000006
2026-02-12 10:00:00+05:30,39.43,115.875,65.225
2026-02-12 11:00:00+05:30,40.7875,105.35,60.224999999999994
2026-02-12 12:00:00+05:30,41.65,108.9,55.2
2026-02-12 13:00:00+05:30,28.069999999999997,69.8,37.666666666666664
2026-02-12 14:00:00+05:30,41.18,98.15,58.175
2026-02-12 15:00:00+05:30,43.446666666666665,102.2,57.666666666666664
2026-02-12 16:00:00+05:30,40.67,99.9,54.3
2026-02-12 17:00:00+05:30,39.3175,95.475,52.8
2026-02-12 18:00:00+05:30,40.263333333333335,114.2,52.5
2026-02-12 19:00:00+05:30,38.55,121.55,54.525
2026-02-12 20:00:00+05:30,41.5825,160.825,59.425
2026-02-12 21:00:00+05:30,38.5725,177.175,66.85
2026-02-12 22:00:00+05:30,43.28,196.65,78.9
2026-02-12 23:00:00+05:30,41.376666666666665,215.0,83.56666666666666
2026-02-13 00:00:00+05:30,41.63333333333333,171.2375,80.83333333333333
2026-02-13 01:00:00+05:30,41.89,127.475,78.1
2026-02-13 02:00:00+05:30,41.2875,135.675,74.65
2026-02-13 03:00:00+05:30,39.302499999999995,114.45,66.97500000000001
2026-02-13 04:00:00+05:30,40.04,121.825,62.575
2026-02-13 05:00:00+05:30,38.9025,97.5,65.075
2026-02-13 06:00:00+05:30,40.510000000000005,96.925,58.475
2026-02-13 07:00:00+05:30,38.55,85.4,53.575
2026-02-13 08:00:00+05:30,39.2775,96.0,49.275
2026-02-13 09:00:00+05:30,35.12,100.5,48.0
2026-02-13 10:00:00+05:30,,,
2026-02-13 11:00:00+05:30,,,
2026-02-13 12:00:00+05:30,,,
2026-02-13 13:00:00+05:30,,,
2026-02-13 14:00:00+05:30,,,
2026-02-13 15:00:00+05:30,,,
2026-02-13 16:00:00+05:30,,,
2026-02-13 17:00:00+05:30,,,
2026-02-13 18:00:00+05:30,,,
2026-02-13 19:00:00+05:30,,,
2026-02-13 20:00:00+05:30,,,
2026-02-13 21:00:00+05:30,,,
2026-02-13 22:00:00+05:30,,,
2026-02-13 23:00:00+05:30,,,
2026-02-14 00:00:00+05:30,,,
2026-02-14 01:00:00+05:30,,,
2026-02-14 02:00:00+05:30,,,
2026-02-14 03:00:00+05:30,,,
2026-02-14 04:00:00+05:30,,,
2026-02-14 05:00:00+05:30,,,
2026-02-14 06:00:00+05:30,,,
2026-02-14 07:00:00+05:30,,,
2026-02-14 08:00:00+05:30,,,
2026-02-14 09:00:00+05:30,,,
2026-02-14 10:00:00+05:30,37.62,102.0,50.7
2026-02-14 11:00:00+05:30,42.32,94.9,43.5
2026-02-14 12:00:00+05:30,38.065,86.75,42.75
2026-02-14 13:00:00+05:30,39.3975,80.52499999999999,52.650000000000006
2026-02-14 14:00:00+05:30,42.1925,76.2,54.15
2026-02-14 15:00:00+05:30,38.1775,75.775,50.825
2026-02-14 16:00:00+05:30,40.5475,69.8,49.3
2026-02-14 17:00:00+05:30,42.583333333333336,74.2,48.0
2026-02-14 18:00:00+05:30,39.885,89.55000000000001,45.275
2026-02-14 19:00:00+05:30,41.2875,97.275,47.675
2026-02-14 20:00:00+05:30,42.254999999999995,112.75,50.55
2026-02-14 21:00:00+05:30,41.1025,141.4,59.8
2026-02-14 22:00:00+05:30,41.175,157.8,63.849999999999994
2026-02-14 23:00:00+05:30,37.6,174.5,65.66666666666667
2026-02-15 00:00:00+05:30,48.11,181.1,65.9
2026-02-15 01:00:00+05:30,41.2225,165.22500000000002,64.5
2026-02-15 02:00:00+05:30,40.6,161.525,68.325
2026-02-15 03:00:00+05:30,39.92,141.47500000000002,61.650000000000006
2026-02-15 04:00:00+05:30,42.053333333333335,120.33333333333331,55.333333333333336
2026-02-15 05:00:00+05:30,38.870000000000005,104.925,57.475
2026-02-15 06:00:00+05:30,39.405,90.625,56.1
2026-02-15 07:00:00+05:30,36.385,102.325,54.075
2026-02-15 08:00:00+05:30,41.8375,103.01666666666667,55.82777777777778
2026-02-15 09:00:00+05:30,38.56,103.70833333333334,57.580555555555556
2026-02-15 10:00:00+05:30,43.026666666666664,104.4,59.333333333333336
2026-02-15 11:00:00+05:30,40.5025,100.875,52.2
2026-02-15 12:00:00+05:30,38.95,89.6,41.3
2026-02-15 13:00:00+05:30,42.0075,89.325,82.4
2026-02-15 14:00:00+05:30,38.265,89.8,65.025
2026-02-15 15:00:00+05:30,40.552499999999995,90.6,50.0
2026-02-15 16:00:00+05:30,40.58,85.875,36.5
2026-02-15 17:00:00+05:30,41.05,90.525,61.3
2026-02-15 18:00:00+05:30,41.00666666666667,114.4,65.63333333333334
2026-02-15 19:00:00+05:30,39.7725,144.225,82.42500000000001
2026-02-15 20:00:00+05:30,40.2125,338.675,109.2
2026-02-15 21:00:00+05:30,39.835,204.975,104.5
2026-02-15 22:00:00+05:30,41.8775,172.5,74.3
2026-02-15 23:00:00+05:30,38.82666666666667,155.2,62.5
2026-02-16 00:00:00+05:30,37.61,240.4,44.099999999999994
2026-02-16 01:00:00+05:30,42.7525,179.43333333333334,25.699999999999996
2026-02-16 02:00:00+05:30,39.919999999999995,118.46666666666664,7.3
2026-02-16 03:00:00+05:30,38.2575,101.025,2.6
2026-02-16 04:00:00+05:30,39.5,92.975,3.875
2026-02-16 05:00:00+05:30,39.435,100.75,29.1
2026-02-16 06:00:00+05:30,40.567499999999995,116.125,43.975
2026-02-16 07:00:00+05:30,38.93,99.95,51.5
2026-02-16 08:00:00+05:30,39.785,119.675,48.275
2026-02-16 09:00:00+05:30,39.6825,102.0,28.15
2026-02-16 10:00:00+05:30,,,
2026-02-16 11:00:00+05:30,,,
2026-02-16 12:00:00+05:30,,,
2026-02-16 13:00:00+05:30,,,
2026-02-16 14:00:00+05:30,,,
2026-02-16 15:00:00+05:30,,,
2026-02-16 16:00:00+05:30,,,
2026-02-16 17:00:00+05:30,,,
2026-02-16 18:00:00+05:30,,,
2026-02-16 19:00:00+05:30,,,
2026-02-16 20:00:00+05:30,,,
2026-02-16 21:00:00+05:30,,,
2026-02-16 22:00:00+05:30,,,
2026-02-16 23:00:00+05:30,,,
2026-02-17 00:00:00+05:30,,,
2026-02-17 01:00:00+05:30,,,
2026-02-17 02:00:00+05:30,,,
2026-02-17 03:00:00+05:30,,,
2026-02-17 04:00:00+05:30,,,
2026-02-17 05:00:00+05:30,,,
2026-02-17 06:00:00+05:30,,,
2026-02-17 07:00:00+05:30,,,
2026-02-17 08:00:00+05:30,,,
2026-02-17 09:00:00+05:30,,,
2026-02-17 10:00:00+05:30,,,
2026-02-17 11:00:00+05:30,,,
2026-02-17 12:00:00+05:30,36.35,89.7,54.9
2026-02-17 13:00:00+05:30,38.5425,82.45,65.65
2026-02-17 14:00:00+05:30,41.84,95.8,67.05
2026-02-17 15:00:00+05:30,40.9075,83.5,56.3
2026-02-17 16:00:00+05:30,39.975,71.19999999999999,45.55
2026-02-17 17:00:00+05:30,41.567499999999995,93.775,74.825
2026-02-17 18:00:00+05:30,40.295,124.975,39.375
2026-02-17 19:00:00+05:30,42.5475,169.25,137.35
2026-02-17 20:00:00+05:30,39.36,181.525,114.925
2026-02-17 21:00:00+05:30,40.535,203.95,93.2
2026-02-17 22:00:00+05:30,,,
2026-02-17 23:00:00+05:30,,,
2026-02-18 00:00:00+05:30,,,
2026-02-18 01:00:00+05:30,,,
2026-02-18 02:00:00+05:30,,,
2026-02-18 03:00:00+05:30,,,
2026-02-18 04:00:00+05:30,,,
2026-02-18 05:00:00+05:30,,,
2026-02-18 06:00:00+05:30,,,
2026-02-18 07:00:00+05:30,38.56333333333333,155.66666666666666,58.666666666666664
2026-02-18 08:00:00+05:30,40.89666666666667,142.6,59.5
2026-02-18 09:00:00+05:30,41.0725,115.55,57.9
2026-02-18 10:00:00+05:30,39.77,112.025,57.15
2026-02-18 11:00:00+05:30,40.545,102.875,58.65
2026-02-18 12:00:00+05:30,46.56,90.9,56.7
2026-02-18 13:00:00+05:30,39.953125,71.92500000000001,
2026-02-18 14:00:00+05:30,33.34625,52.95,
2026-02-18 15:00:00+05:30,26.739375,33.975,
2026-02-18 16:00:00+05:30,20.1325,15.0,
2026-02-18 17:00:00+05:30,41.2025,65.35,34.65
2026-02-18 18:00:00+05:30,40.27,47.675,31.35
2026-02-18 19:00:00+05:30,39.565,247.375,138.325
2026-02-18 20:00:00+05:30,43.93333333333334,318.3333333333333,100.3
2026-02-18 21:00:00+05:30,39.583333333333336,293.40000000000003,48.666666666666664
2026-02-18 22:00:00+05:30,,,
2026-02-18 23:00:00+05:30,,,
2026-02-19 00:00:00+05:30,,,
2026-02-19 01:00:00+05:30,,,
2026-02-19 02:00:00+05:30,,,
2026-02-19 03:00:00+05:30,,,
2026-02-19 04:00:00+05:30,,,
2026-02-19 05:00:00+05:30,,,
2026-02-19 06:00:00+05:30,,,
2026-02-19 07:00:00+05:30,,,
2026-02-19 08:00:00+05:30,,,
2026-02-19 09:00:00+05:30,,,
2026-02-19 10:00:00+05:30,,,
2026-02-19 11:00:00+05:30,,,
2026-02-19 12:00:00+05:30,,,
2026-02-19 13:00:00+05:30,40.52,77.0,48.65
2026-02-19 14:00:00+05:30,40.16,77.7,56.125
2026-02-19 15:00:00+05:30,39.8,78.4,63.6
2026-02-19 16:00:00+05:30,35.80500000000001,73.0,49.5
2026-02-19 17:00:00+05:30,40.2125,73.0,49.5
2026-02-19 18:00:00+05:30,42.906666666666666,44.13333333333333,16.266666666666666
2026-02-19 19:00:00+05:30,42.4975,176.025,79.325
2026-02-19 20:00:00+05:30,38.4175,225.45,96.075
2026-02-19 21:00:00+05:30,38.13333333333333,219.03333333333333,88.36666666666667
2026-02-19 22:00:00+05:30,43.105,227.525,86.125
2026-02-19 23:00:00+05:30,43.68,353.73333333333335,93.83333333333331
2026-02-20 00:00:00+05:30,42.32,385.5,107.3
2026-02-20 01:00:00+05:30,40.70666666666667,257.2,93.40000000000002
2026-02-20 02:00:00+05:30,38.96,211.375,83.575
2026-02-20 03:00:00+05:30,39.8875,194.65,80.575
2026-02-20 04:00:00+05:30,42.24666666666667,169.5666666666667,73.13333333333334
2026-02-20 05:00:00+05:30,37.965,140.55,70.525
2026-02-20 06:00:00+05:30,39.586666666666666,144.53333333333333,62.5
2026-02-20 07:00:00+05:30,40.776666666666664,146.0666666666667,64.89999999999999
2026-02-20 08:00:00+05:30,41.432500000000005,149.225,66.42500000000001
2026-02-20 09:00:00+05:30,39.18666666666667,151.29999999999998,62.96666666666666
2026-02-20 10:00:00+05:30,39.54333333333333,135.9333333333333,60.166666666666664
2026-02-20 11:00:00+05:30,41.346666666666664,128.6,59.6
2026-02-20 12:00:00+05:30,42.25,128.6,59.6
2026-02-20 13:00:00+05:30,39.565,128.05,44.7
2026-02-20 14:00:00+05:30,38.0325,121.05000000000001,49.13333333333333
2026-02-20 15:00:00+05:30,36.5,114.05,53.56666666666667
2026-02-20 16:00:00+05:30,38.2025,107.05,58.0
2026-02-20 17:00:00+05:30,39.445,95.35,37.4
2026-02-20 18:00:00+05:30,39.2,98.65,55.8
2026-02-20 19:00:00+05:30,41.4775,107.225,76.175
2026-02-20 20:00:00+05:30,31.555,82.5,45.599999999999994
2026-02-20 21:00:00+05:30,43.629999999999995,116.33333333333331,55.1
2026-02-20 22:00:00+05:30,42.515,119.925,50.9
2026-02-20 23:00:00+05:30,41.63666666666666,121.40000000000002,62.6
2026-02-21 00:00:00+05:30,40.67,117.7,50.2
2026-02-21 01:00:00+05:30,40.88,115.275,48.475
2026-02-21 02:00:00+05:30,41.09,116.025,51.275
2026-02-21 03:00:00+05:30,39.057500000000005,111.45,54.875
2026-02-21 04:00:00+05:30,41.2175,109.0,42.9
2026-02-21 05:00:00+05:30,39.13,101.2,45.06666666666666
2026-02-21 06:00:00+05:30,39.8925,101.45,40.525
2026-02-21 07:00:00+05:30,41.15,95.6,47.075
2026-02-21 08:00:00+05:30,39.855,93.675,46.275000000000006
2026-02-21 09:00:00+05:30,41.5975,96.775,49.175
2026-02-21 10:00:00+05:30,39.02,91.25,44.65
2026-02-21 11:00:00+05:30,42.0975,89.02499999999999,52.375
2026-02-21 12:00:00+05:30,40.015,83.65,50.8
2026-02-21 13:00:00+05:30,43.614999999999995,82.0,55.25
2026-02-21 14:00:00+05:30,37.84,79.36666666666667,58.43333333333334
2026-02-21 15:00:00+05:30,41.7075,75.78333333333333,59.016666666666666
2026-02-21 16:00:00+05:30,41.375,72.2,59.6
2026-02-21 17:00:00+05:30,38.4675,74.75,47.875
2026-02-21 18:00:00+05:30,40.0775,83.325,45.475
2026-02-21 19:00:00+05:30,37.45666666666667,94.33333333333331,51.833333333333336
2026-02-21 20:00:00+05:30,42.77333333333333,101.1,50.833333333333336
2026-02-21 21:00:00+05:30,44.2275,104.375,56.0
2026-02-21 22:00:00+05:30,39.2,110.575,55.9
2026-02-21 23:00:00+05:30,42.39,125.90000000000002,59.70000000000001
2026-02-22 00:00:00+05:30,,,
2026-02-22 01:00:00+05:30,,,
2026-02-22 02:00:00+05:30,,,
2026-02-22 03:00:00+05:30,,,
2026-02-22 04:00:00+05:30,,,
2026-02-22 05:00:00+05:30,,,
2026-02-22 06:00:00+05:30,,,
2026-02-22 07:00:00+05:30,,,
2026-02-22 08:00:00+05:30,,,
2026-02-22 09:00:00+05:30,,,
2026-02-22 10:00:00+05:30,,,
2026-02-22 11:00:00+05:30,,,
2026-02-22 12:00:00+05:30,,,
2026-02-22 13:00:00+05:30,,,
2026-02-22 14:00:00+05:30,,,
2026-02-22 15:00:00+05:30,38.754999999999995,,
2026-02-22 16:00:00+05:30,34.843333333333334,,
2026-02-22 17:00:00+05:30,43.4925,75.97500000000001,61.625
2026-02-22 18:00:00+05:30,38.8225,98.7,51.5
2026-02-22 19:00:00+05:30,38.629999999999995,185.6,60.0
2026-02-22 20:00:00+05:30,40.03,215.6,72.2
2026-02-22 21:00:00+05:30,41.63,226.2,75.85
2026-02-22 22:00:00+05:30,37.71,264.7,82.2
2026-02-22 23:00:00+05:30,39.123333333333335,287.1,92.90000000000002
2026-02-23 00:00:00+05:30,40.674166666666665,261.9375,88.17500000000001
2026-02-23 01:00:00+05:30,42.225,236.775,83.45
2026-02-23 02:00:00+05:30,39.715,133.875,73.14999999999999
2026-02-23 03:00:00+05:30,38.885000000000005,118.8,72.025
2026-02-23 04:00:00+05:30,39.5575,95.05,61.675
2026-02-23 05:00:00+05:30,39.58,83.175,51.5
2026-02-23 06:00:00+05:30,41.24,77.17500000000001,44.875
2026-02-23 07:00:00+05:30,38.1425,56.9,42.525
2026-02-23 08:00:00+05:30,40.385,76.175,45.55
2026-02-23 09:00:00+05:30,39.555,91.4,47.525
2026-02-23 10:00:00+05:30,40.24,76.3,45.6
2026-02-23 11:00:00+05:30,40.40333333333333,70.725,46.425
2026-02-23 12:00:00+05:30,38.97,65.15,47.25
2026-02-23 13:00:00+05:30,40.195,59.575,48.075
2026-02-23 14:00:00+05:30,36.89,54.0,48.9
2026-02-23 15:00:00+05:30,38.3725,54.583333333333336,47.65833333333333
2026-02-23 16:00:00+05:30,41.1875,55.166666666666664,46.416666666666664
2026-02-23 17:00:00+05:30,41.7725,55.75,45.175
2026-02-23 18:00:00+05:30,40.485,101.725,56.075
2026-02-23 19:00:00+05:30,42.266666666666666,185.6,88.90000000000002
2026-02-23 20:00:00+05:30,41.76,265.5,98.5
2026-02-23 21:00:00+05:30,38.235,256.925,92.8
2026-02-23 22:00:00+05:30,37.3875,274.475,96.1
2026-02-23 23:00:00+05:30,39.053333333333335,325.2,113.0
2026-02-24 00:00:00+05:30,37.52,286.6,117.1
2026-02-24 01:00:00+05:30,39.6325,220.075,94.075
2026-02-24 02:00:00+05:30,40.3925,140.025,64.325
2026-02-24 03:00:00+05:30,40.65,99.4,51.925
2026-02-24 04:00:00+05:30,41.5525,106.2,73.775
2026-02-24 05:00:00+05:30,41.555,125.6,55.925
2026-02-24 06:00:00+05:30,36.4225,101.95,45.8
2026-02-24 07:00:00+05:30,40.8125,78.675,47.900000000000006
2026-02-24 08:00:00+05:30,39.54,94.5,48.325
2026-02-24 09:00:00+05:30,40.4825,78.975,42.75
2026-02-24 10:00:00+05:30,42.6925,73.2,43.425
2026-02-24 11:00:00+05:30,41.9725,89.9,71.65
2026-02-24 12:00:00+05:30,40.13,86.19999999999999,70.45
2026-02-24 13:00:00+05:30,41.6,87.03333333333333,
2026-02-24 14:00:00+05:30,39.88666666666666,87.86666666666667,
2026-02-24 15:00:00+05:30,43.31,91.04166666666667,
2026-02-24 16:00:00+05:30,41.263333333333335,94.21666666666667,
2026-02-24 17:00:00+05:30,39.21666666666666,97.39166666666667,
2026-02-24 18:00:00+05:30,37.169999999999995,100.56666666666666,34.6
2026-02-24 19:00:00+05:30,41.4,139.1,69.94999999999999
2026-02-24 20:00:00+05:30,39.6025,159.15,57.6
2026-02-24 21:00:00+05:30,42.235,246.5,69.825
2026-02-24 22:00:00+05:30,41.05,256.75,101.1
2026-02-24 23:00:00+05:30,39.473333333333336,455.8,251.0
2026-02-25 00:00:00+05:30,38.05,219.5,64.3
2026-02-25 01:00:00+05:30,37.67333333333333,228.7,65.06666666666666
2026-02-25 02:00:00+05:30,40.995,236.925,87.225
2026-02-25 03:00:00+05:30,39.35,193.9,78.56666666666668
2026-02-25 04:00:00+05:30,40.175,164.85000000000002,61.275
2026-02-25 05:00:00+05:30,41.8,108.65,33.35
2026-02-25 06:00:00+05:30,40.625,108.075,32.925
2026-02-25 07:00:00+05:30,37.5625,114.075,48.225
2026-02-25 08:00:00+05:30,40.45,121.59999999999998,59.5
2026-02-25 09:00:00+05:30,40.275,99.625,37.6
2026-02-25 10:00:00+05:30,40.7675,90.2,41.85
2026-02-25 11:00:00+05:30,40.803333333333335,96.76666666666668,79.86666666666666
2026-02-25 12:00:00+05:30,42.48,86.86666666666667,62.03333333333333
2026-02-25 13:00:00+05:30,38.875,71.575,49.55
2026-02-25 14:00:00+05:30,40.336666666666666,70.2,51.79999999999999
2026-02-25 15:00:00+05:30,37.9825,70.8375,59.425
2026-02-25 16:00:00+05:30,40.7725,71.475,67.05
2026-02-25 17:00:00+05:30,41.515,91.6,50.4
2026-02-25 18:00:00+05:30,38.3725,117.225,57.075
2026-02-25 19:00:00+05:30,40.4025,137.775,61.475
2026-02-25 20:00:00+05:30,42.14666666666667,142.5,57.76666666666667
2026-02-25 21:00:00+05:30,41.45,136.04999999999998,60.1
2026-02-25 22:00:00+05:30,40.120000000000005,140.525,59.875
2026-02-25 23:00:00+05:30,39.333333333333336,150.5,34.4
2026-02-26 00:00:00+05:30,38.91791666666667,153.6125,51.9375
2026-02-26 01:00:00+05:30,38.5025,156.725,69.475
2026-02-26 02:00:00+05:30,37.4025,146.1,57.1
2026-02-26 03:00:00+05:30,37.03,133.22500000000002,60.95
2026-02-26 04:00:00+05:30,39.0225,119.3,55.95
2026-02-26 05:00:00+05:30,41.54,106.425,50.1
2026-02-26 06:00:00+05:30,40.9275,94.5,34.449999999999996
2026-02-26 07:00:00+05:30,40.692499999999995,96.225,20.450000000000003
2026-02-26 08:00:00+05:30,40.01,93.0,13.69166666666667
2026-02-26 09:00:00+05:30,41.5675,90.725,6.933333333333335
2026-02-26 10:00:00+05:30,42.045,95.7,0.175
2026-02-26 11:00:00+05:30,40.96333333333333,91.23750000000001,26.7875
2026-02-26 12:00:00+05:30,42.3775,86.775,53.4
2026-02-26 13:00:00+05:30,39.23,81.3,59.63333333333333
2026-02-26 14:00:00+05:30,40.3525,81.95,57.675
2026-02-26 15:00:00+05:30,42.1125,84.575,51.225
2026-02-26 16:00:00+05:30,39.70666666666667,87.90000000000002,45.0
2026-02-26 17:00:00+05:30,39.1625,90.875,53.55
2026-02-26 18:00:00+05:30,40.1875,150.35,81.75
2026-02-26 19:00:00+05:30,41.583333333333336,182.80000000000004,78.3
2026-02-26 20:00:00+05:30,40.585,375.275,72.8
2026-02-26 21:00:00+05:30,39.2475,314.075,72.07499999999999
2026-02-26 22:00:00+05:30,41.0625,300.40000000000003,71.42500000000001
2026-02-26 23:00:00+05:30,42.95333333333334,334.7,69.9
2026-02-27 00:00:00+05:30,36.98,376.6,53.5
2026-02-27 01:00:00+05:30,38.95,291.8,57.1
2026-02-27 02:00:00+05:30,39.025,256.775,70.475
2026-02-27 03:00:00+05:30,39.0425,217.3,45.425
2026-02-27 04:00:00+05:30,39.9675,217.225,34.275
2026-02-27 05:00:00+05:30,42.1625,196.9,29.25
2026-02-27 06:00:00+05:30,37.0225,167.075,28.299999999999997
2026-02-27 07:00:00+05:30,40.004999999999995,187.725,34.575
2026-02-27 08:00:00+05:30,39.370000000000005,161.625,66.175
2026-02-27 09:00:00+05:30,39.0475,103.275,92.375
2026-02-27 10:00:00+05:30,41.5425,94.33888888888889,76.28333333333333
2026-02-27 11:00:00+05:30,40.13666666666666,85.40277777777779,60.19166666666667
2026-02-27 12:00:00+05:30,42.77,76.46666666666667,44.1
2026-02-27 13:00:00+05:30,39.18,76.175,44.175
2026-02-27 14:00:00+05:30,42.225,75.88333333333333,44.25
2026-02-27 15:00:00+05:30,38.3525,75.59166666666667,44.325
2026-02-27 16:00:00+05:30,40.5,75.3,44.4
2026-02-27 17:00:00+05:30,40.163333333333334,84.5,46.65
2026-02-27 18:00:00+05:30,41.3075,93.7,48.9
2026-02-27 19:00:00+05:30,38.84,137.675,40.1
2026-02-27 20:00:00+05:30,43.026666666666664,240.5,31.933333333333337
2026-02-27 21:00:00+05:30,43.4075,317.1,47.55
2026-02-27 22:00:00+05:30,38.79,257.85,49.375
2026-02-27 23:00:00+05:30,40.57333333333333,324.7,43.73333333333333
2026-02-28 00:00:00+05:30,38.78,202.8,29.8
2026-02-28 01:00:00+05:30,38.68666666666667,208.9,37.733333333333334
2026-02-28 02:00:00+05:30,39.68333333333334,215.36666666666667,46.13333333333333
2026-02-28 03:00:00+05:30,43.335,144.475,45.825
2026-02-28 04:00:00+05:30,39.927499999999995,180.625,48.525
2026-02-28 05:00:00+05:30,42.01,125.45,44.25
2026-02-28 06:00:00+05:30,38.105,123.2,49.975
2026-02-28 07:00:00+05:30,39.9625,122.6,62.125
2026-02-28 08:00:00+05:30,38.595,117.55,40.525000000000006
2026-02-28 09:00:00+05:30,40.102500000000006,110.4,45.650000000000006
2026-02-28 10:00:00+05:30,39.93,93.775,51.825
2026-02-28 11:00:00+05:30,38.535,92.2,40.0
2026-02-28 12:00:00+05:30,41.6875,75.25,50.325
2026-02-28 13:00:00+05:30,41.675,73.6,60.05
2026-02-28 14:00:00+05:30,43.74,70.03333333333333,63.03333333333333
2026-02-28 15:00:00+05:30,38.77,77.94999999999999,48.125
2026-02-28 16:00:00+05:30,39.156666666666666,93.40000000000002,56.1
2026-02-28 17:00:00+05:30,40.8425,95.375,39.575
2026-02-28 18:00:00+05:30,40.605,107.8,46.65
2026-02-28 19:00:00+05:30,42.39333333333334,129.0,44.1
2026-02-28 20:00:00+05:30,40.975,229.525,35.5
2026-02-28 21:00:00+05:30,41.53,196.95,49.025
2026-02-28 22:00:00+05:30,38.055,238.55,48.625
2026-02-28 23:00:00+05:30,36.766666666666666,279.9,39.13333333333333
2026-03-01 00:00:00+05:30,,,
2026-03-01 01:00:00+05:30,,,
2026-03-01 02:00:00+05:30,,,
2026-03-01 03:00:00+05:30,,,
2026-03-01 04:00:00+05:30,,,
2026-03-01 05:00:00+05:30,,,
2026-03-01 06:00:00+05:30,,,
2026-03-01 07:00:00+05:30,,,
2026-03-01 08:00:00+05:30,,,
2026-03-01 09:00:00+05:30,,,
2026-03-01 10:00:00+05:30,,,
2026-03-01 11:00:00+05:30,,,
2026-03-01 12:00:00+05:30,,,
2026-03-01 13:00:00+05:30,,,
2026-03-01 14:00:00+05:30,,,
2026-03-01 15:00:00+05:30,,,
2026-03-01 16:00:00+05:30,,,
2026-03-01 17:00:00+05:30,,,
2026-03-01 18:00:00+05:30,,,
2026-03-01 19:00:00+05:30,,,
2026-03-01 20:00:00+05:30,,,
2026-03-01 21:00:00+05:30,,,
2026-03-01 22:00:00+05:30,,,
2026-03-01 23:00:00+05:30,,,
2026-03-02 00:00:00+05:30,,,
2026-03-02 01:00:00+05:30,,,
2026-03-02 02:00:00+05:30,,,
2026-03-02 03:00:00+05:30,,,
2026-03-02 04:00:00+05:30,,,
2026-03-02 05:00:00+05:30,,,
2026-03-02 06:00:00+05:30,,,
2026-03-02 07:00:00+05:30,,,
2026-03-02 08:00:00+05:30,,,
2026-03-02 09:00:00+05:30,,,
2026-03-02 10:00:00+05:30,40.6925,109.425,54.225
2026-03-02 11:00:00+05:30,39.20333333333333,107.0,39.7
2026-03-02 12:00:00+05:30,38.84,101.5,43.8
2026-03-02 13:00:00+05:30,38.733333333333334,105.86666666666667,55.76666666666667
2026-03-02 14:00:00+05:30,39.95666666666667,107.7,56.7
2026-03-02 15:00:00+05:30,41.97,104.6,48.833333333333336
2026-03-02 16:00:00+05:30,40.47,101.525,45.91666666666667
2026-03-02 17:00:00+05:30,38.97,98.45,43.0
2026-03-02 18:00:00+05:30,39.77,105.73333333333332,47.0
2026-03-02 19:00:00+05:30,41.17666666666667,112.3,39.6
2026-03-02 20:00:00+05:30,41.16444444444445,115.91666666666667,44.4
2026-03-02 21:00:00+05:30,41.15222222222222,119.53333333333333,49.2
2026-03-02 22:00:00+05:30,41.14,123.15,54.0
2026-03-02 23:00:00+05:30,41.51666666666667,124.3,40.56666666666667
2026-03-03 00:00:00+05:30,42.84,123.86666666666667,38.56666666666666
2026-03-03 01:00:00+05:30,39.1,119.55,38.35
2026-03-03 02:00:00+05:30,40.02,116.05,48.25
2026-03-03 03:00:00+05:30,40.855,119.8,45.099999999999994
2026-03-03 04:00:00+05:30,39.093333333333334,133.6,48.833333333333336
2026-03-03 05:00:00+05:30,40.765,133.8,42.425
2026-03-03 06:00:00+05:30,39.51,128.5,47.95
2026-03-03 07:00:00+05:30,39.82666666666667,115.46666666666664,59.3
2026-03-03 08:00:00+05:30,39.413333333333334,120.73333333333332,41.46666666666667
2026-03-03 09:00:00+05:30,40.156666666666666,121.36666666666667,46.8
2026-03-03 10:00:00+05:30,42.27,116.45,52.475
2026-03-03 11:00:00+05:30,40.983333333333334,105.9,38.3
2026-03-03 12:00:00+05:30,43.60666666666666,103.06666666666666,49.53333333333333
2026-03-03 13:00:00+05:30,37.92666666666667,101.7,63.6
2026-03-03 14:00:00+05:30,39.4325,101.125,61.25
2026-03-03 15:00:00+05:30,41.696666666666665,93.90000000000002,51.6
2026-03-03 16:00:00+05:30,44.81,88.6,54.25
2026-03-03 17:00:00+05:30,39.3,83.6,42.166666666666664
2026-03-03 18:00:00+05:30,42.2025,98.075,44.125
2026-03-03 19:00:00+05:30,42.19,101.3,39.9
2026-03-03 20:00:00+05:30,39.66,224.675,25.475
2026-03-03 21:00:00+05:30,38.8,174.525,48.65
2026-03-03 22:00:00+05:30,41.3325,116.85,46.6
2026-03-03 23:00:00+05:30,40.75,165.6,42.0
2026-03-04 00:00:00+05:30,38.0475,114.7,35.75
2026-03-04 01:00:00+05:30,36.165,77.225,36.775
2026-03-04 02:00:00+05:30,39.235,105.3,45.025
2026-03-04 03:00:00+05:30,37.0875,143.7,45.275
2026-03-04 04:00:00+05:30,39.525,100.625,47.0
2026-03-04 05:00:00+05:30,42.7125,97.65,42.7
2026-03-04 06:00:00+05:30,39.505,82.7,53.575
2026-03-04 07:00:00+05:30,37.6525,75.19999999999999,58.475
2026-03-04 08:00:00+05:30,41.2375,99.625,42.175
2026-03-04 09:00:00+05:30,39.5625,83.69999999999999,48.425
2026-03-04 10:00:00+05:30,41.5725,66.6,54.575
2026-03-04 11:00:00+05:30,41.7,62.85,42.25
2026-03-04 12:00:00+05:30,42.55,60.8,45.175
2026-03-04 13:00:00+05:30,42.0125,60.150000000000006,58.775000000000006
2026-03-04 14:00:00+05:30,41.1,58.05,58.05
2026-03-04 15:00:00+05:30,37.8,56.125,52.425
2026-03-04 16:00:00+05:30,40.795,65.675,59.85
2026-03-04 17:00:00+05:30,41.725,69.0,40.55
2026-03-04 18:00:00+05:30,42.39333333333334,65.10000000000001,46.1
2026-03-04 19:00:00+05:30,37.5025,92.85,37.725
2026-03-04 20:00:00+05:30,38.285,197.1,32.825
2026-03-04 21:00:00+05:30,40.45,166.10000000000002,49.725
2026-03-04 22:00:00+05:30,39.52,156.20000000000002,56.9
2026-03-04 23:00:00+05:30,39.6,134.1,41.03333333333333
2026-03-05 00:00:00+05:30,39.6675,131.65,33.45
2026-03-05 01:00:00+05:30,43.19,112.53333333333336,35.266666666666666
2026-03-05 02:00:00+05:30,43.425,111.125,47.225
2026-03-05 03:00:00+05:30,40.9875,103.225,45.1
2026-03-05 04:00:00+05:30,38.735,91.75,46.8
2026-03-05 05:00:00+05:30,42.21,76.76666666666667,42.4
2026-03-05 06:00:00+05:30,40.5425,73.25,48.075
2026-03-05 07:00:00+05:30,40.0225,67.575,58.9
2026-03-05 08:00:00+05:30,41.7375,96.025,42.075
2026-03-05 09:00:00+05:30,42.75,79.83333333333333,52.76666666666667
2026-03-05 10:00:00+05:30,39.53,77.6,52.46666666666667
2026-03-05 11:00:00+05:30,40.55,73.94999999999999,52.28333333333333
2026-03-05 12:00:00+05:30,41.57,70.3,52.1
2026-03-05 13:00:00+05:30,38.3575,65.4,56.9
2026-03-05 14:00:00+05:30,38.185,65.525,57.225
2026-03-05 15:00:00+05:30,40.8025,59.325,50.775
2026-03-05 16:00:00+05:30,40.7,64.975,58.575
2026-03-05 17:00:00+05:30,41.9825,59.724999999999994,38.474999999999994
2026-03-05 18:00:00+05:30,39.7075,78.5,46.575
2026-03-05 19:00:00+05:30,39.3575,115.925,37.95
2026-03-05 20:00:00+05:30,40.605,254.375,32.875
2026-03-05 21:00:00+05:30,37.42,248.8,43.9
2026-03-05 22:00:00+05:30,40.0475,136.925,45.975
2026-03-05 23:00:00+05:30,37.053333333333335,181.19999999999996,40.2
2026-03-06 00:00:00+05:30,41.05,189.75,35.125
2026-03-06 01:00:00+05:30,39.93,169.95,35.55
2026-03-06 02:00:00+05:30,40.3325,134.425,44.825
2026-03-06 03:00:00+05:30,39.2475,128.075,50.575
2026-03-06 04:00:00+05:30,41.337500000000006,129.625,48.6
2026-03-06 05:00:00+05:30,39.465,101.325,40.175
2026-03-06 06:00:00+05:30,39.465,135.65,51.25
2026-03-06 07:00:00+05:30,39.415,126.125,60.95
2026-03-06 08:00:00+05:30,40.557500000000005,123.4,40.55
2026-03-06 09:00:00+05:30,40.8475,123.125,49.0
2026-03-06 10:00:00+05:30,41.6975,108.225,57.65
2026-03-06 11:00:00+05:30,38.1575,98.5,38.725
2026-03-06 12:00:00+05:30,43.275000000000006,102.625,48.175
2026-03-06 13:00:00+05:30,39.6675,100.05,57.425
2026-03-06 14:00:00+05:30,41.1175,91.15,59.025
2026-03-06 15:00:00+05:30,40.4775,85.82499999999999,49.3
2026-03-06 16:00:00+05:30,38.27,94.43333333333334,58.03333333333333
2026-03-06 17:00:00+05:30,39.5275,95.35,39.9
2026-03-06 18:00:00+05:30,42.120000000000005,94.2,45.9
2026-03-06 19:00:00+05:30,40.4525,108.975,38.35
2026-03-06 20:00:00+05:30,41.425,122.6,29.949999999999996
2026-03-06 21:00:00+05:30,40.1025,122.075,47.875
2026-03-06 22:00:00+05:30,41.415,117.5,52.225
2026-03-06 23:00:00+05:30,40.36666666666667,106.40000000000002,39.36666666666667
2026-03-07 00:00:00+05:30,40.1325,123.325,35.474999999999994
2026-03-07 01:00:00+05:30,39.395,127.775,36.6
2026-03-07 02:00:00+05:30,39.99,119.23333333333332,45.70000000000001
2026-03-07 03:00:00+05:30,38.5375,107.1,45.0
2026-03-07 04:00:00+05:30,41.9025,110.625,42.8
2026-03-07 05:00:00+05:30,39.89,107.575,39.725
2026-03-07 06:00:00+05:30,40.3275,128.29999999999998,51.15
2026-03-07 07:00:00+05:30,41.6125,113.575,59.25
2026-03-07 08:00:00+05:30,40.08,125.425,41.825
2026-03-07 09:00:00+05:30,42.44,122.625,47.65
2026-03-07 10:00:00+05:30,41.0425,123.35,50.5
2026-03-07 11:00:00+05:30,39.6025,137.85,37.35
2026-03-07 12:00:00+05:30,41.665,126.675,49.85
2026-03-07 13:00:00+05:30,40.82,128.775,58.8
2026-03-07 14:00:00+05:30,,,
2026-03-07 15:00:00+05:30,,,
2026-03-07 16:00:00+05:30,,,
2026-03-07 17:00:00+05:30,,,
2026-03-07 18:00:00+05:30,,,
2026-03-07 19:00:00+05:30,42.239999999999995,111.625,37.45
2026-03-07 20:00:00+05:30,41.485,134.1,31.7
2026-03-07 21:00:00+05:30,42.0025,129.4,42.875
2026-03-07 22:00:00+05:30,42.08,124.2,48.575
2026-03-07 23:00:00+05:30,44.215,119.3,37.75
2026-03-08 00:00:00+05:30,39.715,119.15,34.150000000000006
2026-03-08 01:00:00+05:30,37.5125,117.475,37.625
2026-03-08 02:00:00+05:30,42.385,112.625,46.900000000000006
2026-03-08 03:00:00+05:30,38.7,110.0,47.975
2026-03-08 04:00:00+05:30,42.165,114.625,50.575
2026-03-08 05:00:00+05:30,40.739999999999995,111.575,42.2
2026-03-08 06:00:00+05:30,40.0025,128.35,50.45
2026-03-08 07:00:00+05:30,40.6525,121.525,62.3
2026-03-08 08:00:00+05:30,39.0525,126.875,39.325
2026-03-08 09:00:00+05:30,38.7225,126.125,50.125
2026-03-08 10:00:00+05:30,39.42,118.825,51.85
2026-03-08 11:00:00+05:30,39.3675,114.925,41.6
2026-03-08 12:00:00+05:30,43.14666666666667,120.09999999999998,50.13333333333333
2026-03-08 13:00:00+05:30,39.365,114.9,59.425
2026-03-08 14:00:00+05:30,42.235,106.075,55.8
2026-03-08 15:00:00+05:30,40.475,100.675,50.65
2026-03-08 16:00:00+05:30,38.1175,99.55,58.474999999999994
2026-03-08 17:00:00+05:30,39.9025,98.075,41.8
2026-03-08 18:00:00+05:30,40.927499999999995,100.925,46.375
2026-03-08 19:00:00+05:30,39.815,106.325,35.2
2026-03-08 20:00:00+05:30,44.0025,116.625,29.125
2026-03-08 21:00:00+05:30,40.3625,108.95,49.825
2026-03-08 22:00:00+05:30,43.93,103.05,50.925
2026-03-08 23:00:00+05:30,36.61666666666667,101.09999999999998,39.46666666666667
2026-03-09 00:00:00+05:30,40.483333333333334,102.275,37.13333333333333
2026-03-09 01:00:00+05:30,37.695,101.225,36.875
2026-03-09 02:00:00+05:30,29.695,76.675,36.875
2026-03-09 03:00:00+05:30,39.8675,100.35,46.075
2026-03-09 04:00:00+05:30,41.7325,105.725,50.875
2026-03-09 05:00:00+05:30,41.307500000000005,102.825,41.825
2026-03-09 06:00:00+05:30,41.2025,100.05,50.975
2026-03-09 07:00:00+05:30,39.17666666666667,101.8,56.9
2026-03-09 08:00:00+05:30,39.595,115.0,38.15
2026-03-09 09:00:00+05:30,40.99,114.875,47.775
2026-03-09 10:00:00+05:30,41.735,121.55,52.75
2026-03-09 11:00:00+05:30,38.02,123.55,41.375
2026-03-09 12:00:00+05:30,37.605,124.975,49.05
2026-03-09 13:00:00+05:30,38.4375,120.725,58.175
2026-03-09 14:00:00+05:30,37.0425,117.325,55.625
2026-03-09 15:00:00+05:30,41.9825,105.75,48.8
2026-03-09 16:00:00+05:30,40.9225,104.2,62.6
2026-03-09 17:00:00+05:30,40.06,100.36666666666667,39.36666666666667
2026-03-09 18:00:00+05:30,41.27,96.325,48.625
2026-03-09 19:00:00+05:30,41.43,93.6,40.95
2026-03-09 20:00:00+05:30,39.11,92.925,29.95
2026-03-09 21:00:00+05:30,38.26,94.15,50.175
2026-03-09 22:00:00+05:30,42.8825,91.725,49.875
2026-03-09 23:00:00+05:30,38.77,87.90000000000002,38.86666666666667
2026-03-10 00:00:00+05:30,,,
2026-03-10 01:00:00+05:30,,,
2026-03-10 02:00:00+05:30,,,
2026-03-10 03:00:00+05:30,,,
2026-03-10 04:00:00+05:30,,,
2026-03-10 05:00:00+05:30,,,
2026-03-10 06:00:00+05:30,,,
2026-03-10 07:00:00+05:30,,,
2026-03-10 08:00:00+05:30,,,
2026-03-10 09:00:00+05:30,,,
2026-03-10 10:00:00+05:30,,,
2026-03-10 11:00:00+05:30,,,
2026-03-10 12:00:00+05:30,,,
2026-03-10 13:00:00+05:30,38.36333333333334,91.36666666666667,57.1
2026-03-10 14:00:00+05:30,42.475,86.875,60.2
2026-03-10 15:00:00+05:30,41.413333333333334,82.83333333333333,52.9
2026-03-10 16:00:00+05:30,39.7,86.44999999999999,57.9
2026-03-10 17:00:00+05:30,42.78,81.725,38.3
2026-03-10 18:00:00+05:30,40.095,82.9,48.775
2026-03-10 19:00:00+05:30,41.23,86.525,40.05
2026-03-10 20:00:00+05:30,41.555,192.4,29.775
2026-03-10 21:00:00+05:30,41.025,216.725,47.775
2026-03-10 22:00:00+05:30,40.2225,139.525,50.625
2026-03-10 23:00:00+05:30,40.21666666666667,121.7,40.8
2026-03-11 00:00:00+05:30,35.05,233.7,36.3
2026-03-11 01:00:00+05:30,38.766666666666666,154.33333333333334,40.36666666666667
2026-03-11 02:00:00+05:30,37.22,109.225,43.85
2026-03-11 03:00:00+05:30,41.29,254.65,45.875
2026-03-11 04:00:00+05:30,40.9875,220.95,45.599999999999994
2026-03-11 05:00:00+05:30,37.2925,154.1,43.225
2026-03-11 06:00:00+05:30,37.177499999999995,242.0,53.025
2026-03-11 07:00:00+05:30,39.375,181.125,58.075
2026-03-11 08:00:00+05:30,42.4375,152.65,41.175
2026-03-11 09:00:00+05:30,37.495,183.5,52.725
2026-03-11 10:00:00+05:30,40.85,124.09999999999998,51.76666666666667
2026-03-11 11:00:00+05:30,38.9575,84.75,41.175
2026-03-11 12:00:00+05:30,40.2375,116.525,49.925
2026-03-11 13:00:00+05:30,39.31666666666667,120.8,61.79999999999999
2026-03-11 14:00:00+05:30,40.8,97.8,58.5
2026-03-11 15:00:00+05:30,40.7025,93.65,52.525
2026-03-11 16:00:00+05:30,38.7275,103.1,60.45
2026-03-11 17:00:00+05:30,39.42,107.1,44.76666666666667
2026-03-11 18:00:00+05:30,43.4625,115.875,49.325
2026-03-11 19:00:00+05:30,38.5825,232.375,37.025
2026-03-11 20:00:00+05:30,41.4025,275.25,30.3
2026-03-11 21:00:00+05:30,41.9525,239.0,50.55
2026-03-11 22:00:00+05:30,39.0425,324.725,48.325
2026-03-11 23:00:00+05:30,39.59,307.3,40.333333333333336
2026-03-12 00:00:00+05:30,42.18000000000001,271.65,36.91666666666667
2026-03-12 01:00:00+05:30,44.77,236.0,33.5
2026-03-12 02:00:00+05:30,42.225,124.425,47.2
2026-03-12 03:00:00+05:30,41.593333333333334,118.2,44.56666666666666
2026-03-12 04:00:00+05:30,42.2375,91.7,48.975
2026-03-12 05:00:00+05:30,39.985,73.4,42.0
2026-03-12 06:00:00+05:30,40.695,114.0,50.1
2026-03-12 07:00:00+05:30,39.55,80.975,59.675
2026-03-12 08:00:00+05:30,41.945,113.9,39.25
2026-03-12 09:00:00+05:30,39.4275,109.85,50.525
2026-03-12 10:00:00+05:30,40.2375,97.225,52.85
2026-03-12 11:00:00+05:30,40.9875,101.85,40.5
2026-03-12 12:00:00+05:30,40.692499999999995,107.25,50.475
2026-03-12 13:00:00+05:30,39.3625,93.825,54.325
2026-03-12 14:00:00+05:30,40.515,87.25,63.925
2026-03-12 15:00:00+05:30,42.105,92.575,48.4
2026-03-12 16:00:00+05:30,40.02,90.9,54.55
2026-03-12 17:00:00+05:30,41.120000000000005,104.6,41.1
2026-03-12 18:00:00+05:30,38.56,119.125,51.525
2026-03-12 19:00:00+05:30,40.8775,120.4,37.075
2026-03-12 20:00:00+05:30,41.59,137.375,33.4
2026-03-12 21:00:00+05:30,43.9825,140.35,47.625
2026-03-12 22:00:00+05:30,40.8875,125.725,51.475
2026-03-12 23:00:00+05:30,39.080000000000005,125.90000000000002,40.76666666666667
2026-03-13 00:00:00+05:30,41.44,121.2,30.1
2026-03-13 01:00:00+05:30,38.7375,109.65,36.375
2026-03-13 02:00:00+05:30,39.4325,99.375,47.575
2026-03-13 03:00:00+05:30,38.395,102.725,45.15
2026-03-13 04:00:00+05:30,40.572500000000005,99.5,48.025
2026-03-13 05:00:00+05:30,40.802499999999995,103.5,42.55
2026-03-13 06:00:00+05:30,44.6725,112.225,52.175
2026-03-13 07:00:00+05:30,40.6475,105.5,58.725
2026-03-13 08:00:00+05:30,38.655,105.225,38.675
2026-03-13 09:00:00+05:30,38.516666666666666,101.8,50.666666666666664
2026-03-13 10:00:00+05:30,39.38333333333333,103.2,49.26666666666667
2026-03-13 11:00:00+05:30,39.74,107.91111111111111,51.86666666666667
2026-03-13 12:00:00+05:30,40.096666666666664,112.6222222222222,54.46666666666667
2026-03-13 13:00:00+05:30,40.45333333333333,117.33333333333331,57.06666666666666
2026-03-13 14:00:00+05:30,40.11333333333334,115.53333333333336,54.4
2026-03-13 15:00:00+05:30,40.975,116.275,53.625
2026-03-13 16:00:00+05:30,38.3375,119.025,57.8
2026-03-13 17:00:00+05:30,40.1025,120.35,38.725
2026-03-13 18:00:00+05:30,42.2675,126.95,45.75
2026-03-13 19:00:00+05:30,41.91,137.25,37.125
2026-03-13 20:00:00+05:30,39.4525,157.05,34.25
2026-03-13 21:00:00+05:30,38.655,162.975,49.75
2026-03-13 22:00:00+05:30,42.1375,192.275,51.224999999999994
2026-03-13 23:00:00+05:30,41.05,213.9,39.5
2026-03-14 00:00:00+05:30,40.35,207.8,31.1
2026-03-14 01:00:00+05:30,41.1125,190.4,37.025
2026-03-14 02:00:00+05:30,38.7375,189.6,47.35
2026-03-14 03:00:00+05:30,39.685,170.875,45.125
2026-03-14 04:00:00+05:30,41.9575,170.125,46.375
2026-03-14 05:00:00+05:30,39.5625,163.125,40.775
2026-03-14 06:00:00+05:30,40.822500000000005,148.575,53.4
2026-03-14 07:00:00+05:30,40.7,144.0,62.224999999999994
2026-03-14 08:00:00+05:30,41.475,137.175,40.8
2026-03-14 09:00:00+05:30,38.4725,131.875,47.65
2026-03-14 10:00:00+05:30,39.945,120.025,52.3
2026-03-14 11:00:00+05:30,42.995,112.975,42.725
2026-03-14 12:00:00+05:30,40.295,104.225,51.224999999999994
2026-03-14 13:00:00+05:30,37.1625,100.75,56.3
2026-03-14 14:00:00+05:30,40.553333333333335,101.8,54.833333333333336
2026-03-14 15:00:00+05:30,40.4825,103.525,44.625
2026-03-14 16:00:00+05:30,40.1675,104.325,59.175
2026-03-14 17:00:00+05:30,40.465,109.25,40.525
2026-03-14 18:00:00+05:30,40.2025,127.025,48.4
2026-03-14 19:00:00+05:30,39.6725,170.775,37.9
2026-03-14 20:00:00+05:30,39.7675,364.425,33.675
2026-03-14 21:00:00+05:30,40.8775,397.0,48.25
2026-03-14 22:00:00+05:30,43.1525,455.175,53.55
2026-03-14 23:00:00+05:30,40.080000000000005,681.5,41.23333333333333
2026-03-15 00:00:00+05:30,39.36,634.3,34.3
2026-03-15 01:00:00+05:30,42.115,527.125,36.85
2026-03-15 02:00:00+05:30,42.565,276.6,48.35
2026-03-15 03:00:00+05:30,40.62,217.4,44.05
2026-03-15 04:00:00+05:30,34.955,230.175,44.55
2026-03-15 05:00:00+05:30,40.5775,273.1,42.85
2026-03-15 06:00:00+05:30,38.94,245.275,50.75
2026-03-15 07:00:00+05:30,40.25666666666667,166.4,59.7
2026-03-15 08:00:00+05:30,40.01,165.15,39.425
2026-03-15 09:00:00+05:30,41.1625,147.4,49.775
2026-03-15 10:00:00+05:30,37.4525,120.175,51.475
2026-03-15 11:00:00+05:30,41.0525,93.425,41.975
2026-03-15 12:00:00+05:30,40.41,104.85,45.825
2026-03-15 13:00:00+05:30,36.95,84.0,55.475
2026-03-15 14:00:00+05:30,41.135,80.15,59.475
2026-03-15 15:00:00+05:30,40.8275,78.05,46.5
2026-03-15 16:00:00+05:30,39.655,76.22500000000001,60.1
2026-03-15 17:00:00+05:30,40.7775,68.4,43.0
2026-03-15 18:00:00+05:30,39.9,64.60000000000001,49.93333333333334
2026-03-15 19:00:00+05:30,39.6625,78.10000000000001,36.95
2026-03-15 20:00:00+05:30,39.9475,87.17500000000001,29.225
2026-03-15 21:00:00+05:30,38.6,117.025,50.6
2026-03-15 22:00:00+05:30,41.7075,144.7,50.35
2026-03-15 23:00:00+05:30,42.47666666666667,174.4,39.666666666666664
2026-03-16 00:00:00+05:30,43.91,167.7,35.9
2026-03-16 01:00:00+05:30,38.5075,197.95,35.224999999999994
2026-03-16 02:00:00+05:30,41.52,202.2,47.0
2026-03-16 03:00:00+05:30,40.5125,187.425,47.5
2026-03-16 04:00:00+05:30,42.6675,170.8,48.95
2026-03-16 05:00:00+05:30,37.2925,144.725,42.75
2026-03-16 06:00:00+05:30,36.2325,124.7,50.6
2026-03-16 07:00:00+05:30,38.605,111.85,60.65
2026-03-16 08:00:00+05:30,42.6575,108.5,39.275
2026-03-16 09:00:00+05:30,40.0075,94.7,47.5
2026-03-16 10:00:00+05:30,40.9275,85.425,51.2
2026-03-16 11:00:00+05:30,40.9925,81.95,39.925
2026-03-16 12:00:00+05:30,38.235,80.4,44.2
2026-03-16 13:00:00+05:30,43.8475,71.425,57.55
2026-03-16 14:00:00+05:30,41.5325,60.95,57.225
2026-03-16 15:00:00+05:30,40.62,62.475,51.625
2026-03-16 16:00:00+05:30,40.8875,65.3,60.725
2026-03-16 17:00:00+05:30,41.6175,65.125,41.425
2026-03-16 18:00:00+05:30,39.56,65.9,47.36666666666667
2026-03-16 19:00:00+05:30,39.3525,67.35,38.2
2026-03-16 20:00:00+05:30,39.69,74.75,29.875
2026-03-16 21:00:00+05:30,38.3575,81.175,48.225
2026-03-16 22:00:00+05:30,42.3875,88.15,50.575
2026-03-16 23:00:00+05:30,40.45,86.2,41.13333333333333
2026-03-17 00:00:00+05:30,40.3,83.7,39.8
2026-03-17 01:00:00+05:30,41.0125,83.875,36.8
2026-03-17 02:00:00+05:30,41.315,96.55,44.25
2026-03-17 03:00:00+05:30,38.0525,116.1,45.225
2026-03-17 04:00:00+05:30,40.94,132.8,50.45
2026-03-17 05:00:00+05:30,41.24,132.875,43.5
2026-03-17 06:00:00+05:30,36.4925,144.6,56.025
2026-03-17 07:00:00+05:30,40.135000000000005,147.975,64.925
2026-03-17 08:00:00+05:30,38.072500000000005,149.775,39.875
2026-03-17 09:00:00+05:30,41.55,141.325,49.725
2026-03-17 10:00:00+05:30,41.21666666666667,130.4333333333333,49.3
2026-03-17 11:00:00+05:30,37.8925,122.725,37.3
2026-03-17 12:00:00+05:30,41.96333333333333,112.13333333333333,45.36666666666667
2026-03-17 13:00:00+05:30,42.4925,107.05,57.8
2026-03-17 14:00:00+05:30,38.5375,93.75,57.3
2026-03-17 15:00:00+05:30,41.4625,88.44999999999999,49.275
2026-03-17 16:00:00+05:30,39.5225,82.825,59.675
2026-03-17 17:00:00+05:30,41.5625,80.3,36.95
2026-03-17 18:00:00+05:30,39.2175,91.05,46.275
2026-03-17 19:00:00+05:30,43.0375,228.3,35.075
2026-03-17 20:00:00+05:30,41.3325,402.95,29.95
2026-03-17 21:00:00+05:30,40.19,112.975,49.6
2026-03-17 22:00:00+05:30,40.27,89.65,47.65
2026-03-17 23:00:00+05:30,38.71666666666667,74.7,36.333333333333336
2026-03-18 00:00:00+05:30,36.81,91.6,36.6
2026-03-18 01:00:00+05:30,39.776666666666664,87.86666666666667,34.666666666666664
2026-03-18 02:00:00+05:30,40.6075,96.45,47.275
2026-03-18 03:00:00+05:30,40.0475,94.125,47.35
2026-03-18 04:00:00+05:30,39.145,99.6,47.475
2026-03-18 05:00:00+05:30,42.695,83.19999999999999,42.25
2026-03-18 06:00:00+05:30,41.66,130.375,50.55
2026-03-18 07:00:00+05:30,41.427499999999995,127.85,56.974999999999994
2026-03-18 08:00:00+05:30,41.6525,108.5,42.6
2026-03-18 09:00:00+05:30,41.62,115.73333333333336,44.23333333333333
2026-03-18 10:00:00+05:30,42.6175,95.375,51.05
2026-03-18 11:00:00+05:30,40.9275,103.25,42.875
2026-03-18 12:00:00+05:30,37.0775,114.325,46.0
2026-03-18 13:00:00+05:30,39.3325,110.5,56.925
2026-03-18 14:00:00+05:30,40.155,101.125,60.275
2026-03-18 15:00:00+05:30,40.8325,80.72500000000001,49.4
2026-03-18 16:00:00+05:30,40.2975,73.42500000000001,58.9
2026-03-18 17:00:00+05:30,42.01,74.26666666666667,40.666666666666664
2026-03-18 18:00:00+05:30,39.8925,70.4,46.8
2026-03-18 19:00:00+05:30,41.7225,78.0,39.875
2026-03-18 20:00:00+05:30,44.06,191.3,32.125
2026-03-18 21:00:00+05:30,41.265,237.675,51.9
2026-03-18 22:00:00+05:30,43.26333333333333,205.69999999999996,49.43333333333334
2026-03-18 23:00:00+05:30,41.29666666666667,301.7,40.86666666666667
2026-03-19 00:00:00+05:30,41.14,388.6,32.5
2026-03-19 01:00:00+05:30,40.1975,399.875,37.325
2026-03-19 02:00:00+05:30,41.635,197.5,47.025
2026-03-19 03:00:00+05:30,39.875,210.275,44.3
2026-03-19 04:00:00+05:30,42.4075,209.275,48.5
2026-03-19 05:00:00+05:30,40.335,207.075,42.25
2026-03-19 06:00:00+05:30,38.442499999999995,186.725,46.55
2026-03-19 07:00:00+05:30,39.413333333333334,109.66666666666669,58.86666666666667
2026-03-19 08:00:00+05:30,40.43,111.625,37.175
2026-03-19 09:00:00+05:30,39.4,116.225,50.575
2026-03-19 10:00:00+05:30,40.8525,113.25,55.425
2026-03-19 11:00:00+05:30,39.56,111.4,41.5
2026-03-19 12:00:00+05:30,39.86,119.7,50.15
2026-03-19 13:00:00+05:30,38.095,101.625,60.175
2026-03-19 14:00:00+05:30,40.05,90.8,60.23333333333333
2026-03-19 15:00:00+05:30,39.695,83.675,52.85
2026-03-19 16:00:00+05:30,42.224999999999994,91.6,61.974999999999994
2026-03-19 17:00:00+05:30,38.835,79.95,41.3
2026-03-19 18:00:00+05:30,38.51,70.925,46.175
2026-03-19 19:00:00+05:30,40.1675,87.4,40.575
2026-03-19 20:00:00+05:30,37.085,110.1,27.275
2026-03-19 21:00:00+05:30,40.4425,109.675,49.35
2026-03-19 22:00:00+05:30,37.04,104.575,49.275
2026-03-19 23:00:00+05:30,38.223333333333336,92.8,41.96666666666667
2026-03-20 00:00:00+05:30,38.96,95.2,32.7
2026-03-20 01:00:00+05:30,38.155,91.7,39.65
2026-03-20 02:00:00+05:30,38.2125,84.225,46.575
2026-03-20 03:00:00+05:30,43.575,88.975,45.125
2026-03-20 04:00:00+05:30,41.745000000000005,87.925,48.05
2026-03-20 05:00:00+05:30,40.0875,84.95,41.1
2026-03-20 06:00:00+05:30,40.635000000000005,76.3,51.325
2026-03-20 07:00:00+05:30,39.935,84.05000000000001,59.65
2026-03-20 08:00:00+05:30,42.6375,90.3,41.4
2026-03-20 09:00:00+05:30,40.765,91.075,50.425
2026-03-20 10:00:00+05:30,40.5125,86.1,54.625
2026-03-20 11:00:00+05:30,38.43,86.375,41.75
2026-03-20 12:00:00+05:30,42.2875,89.5,46.25
2026-03-20 13:00:00+05:30,38.876666666666665,84.3,55.46666666666667
2026-03-20 14:00:00+05:30,37.0725,75.44999999999999,56.225
2026-03-20 15:00:00+05:30,40.52,90.45,50.675
2026-03-20 16:00:00+05:30,41.34,114.375,57.375
2026-03-20 17:00:00+05:30,39.525,286.15000000000003,41.05
2026-03-20 18:00:00+05:30,38.7225,159.15,47.1
2026-03-20 19:00:00+05:30,38.1075,146.875,37.95
2026-03-20 20:00:00+05:30,39.9,107.53333333333336,27.433333333333337
2026-03-20 21:00:00+05:30,38.425,120.875,48.0
2026-03-20 22:00:00+05:30,40.0225,88.525,49.25
2026-03-20 23:00:00+05:30,40.06333333333333,65.7125,41.875
2026-03-21 00:00:00+05:30,43.93,42.9,34.5
2026-03-21 01:00:00+05:30,40.5075,37.575,37.525
2026-03-21 02:00:00+05:30,39.47,,
2026-03-21 03:00:00+05:30,38.9525,,
2026-03-21 04:00:00+05:30,41.34,,
2026-03-21 05:00:00+05:30,41.4575,,
2026-03-21 06:00:00+05:30,38.07,,
2026-03-21 07:00:00+05:30,40.2325,,
2026-03-21 08:00:00+05:30,41.7475,,
2026-03-21 09:00:00+05:30,41.0625,,
2026-03-21 10:00:00+05:30,41.3425,31.549999999999997,24.375
2026-03-21 11:00:00+05:30,41.9225,28.425,10.075
2026-03-21 12:00:00+05:30,41.14,38.575,24.95
2026-03-21 13:00:00+05:30,40.16,38.737500000000004,27.537499999999998
2026-03-21 14:00:00+05:30,39.52,38.900000000000006,30.125
2026-03-21 15:00:00+05:30,38.943333333333335,39.0625,32.7125
2026-03-21 16:00:00+05:30,39.1175,39.225,35.3
2026-03-21 17:00:00+05:30,39.885,30.875,20.05
2026-03-21 18:00:00+05:30,44.2675,29.675,23.0
2026-03-21 19:00:00+05:30,43.3,25.175,8.175
2026-03-21 20:00:00+05:30,42.41,33.275,17.275
2026-03-21 21:00:00+05:30,38.2,27.95,16.475
2026-03-21 22:00:00+05:30,40.79333333333333,30.2,25.7
2026-03-21 23:00:00+05:30,41.48,32.1,26.399999999999995
2026-03-22 00:00:00+05:30,38.52,32.5,16.8
2026-03-22 01:00:00+05:30,38.6025,35.525,23.975
2026-03-22 02:00:00+05:30,39.94,36.5,17.85
2026-03-22 03:00:00+05:30,37.34,36.725,20.075000000000003
2026-03-22 04:00:00+05:30,39.712500000000006,38.4,18.65
2026-03-22 05:00:00+05:30,40.3825,38.6,21.3
2026-03-22 06:00:00+05:30,40.63333333333333,38.7,21.033333333333335
2026-03-22 07:00:00+05:30,40.385,38.075,22.6
2026-03-22 08:00:00+05:30,40.552499999999995,36.9,27.975
2026-03-22 09:00:00+05:30,41.1225,41.5,27.775
2026-03-22 10:00:00+05:30,41.615,40.95,31.625
2026-03-22 11:00:00+05:30,41.0875,,
2026-03-22 12:00:00+05:30,44.32666666666666,,
2026-03-22 13:00:00+05:30,39.0275,,
2026-03-22 14:00:00+05:30,41.7125,,
2026-03-22 15:00:00+05:30,39.6,,
2026-03-22 16:00:00+05:30,42.6575,,
2026-03-22 17:00:00+05:30,39.83,,
2026-03-22 18:00:00+05:30,38.855,,
2026-03-22 19:00:00+05:30,40.13999999999999,,
2026-03-22 20:00:00+05:30,40.405,66.975,46.975
2026-03-22 21:00:00+05:30,38.78333333333333,104.3,61.1
2026-03-22 22:00:00+05:30,32.515,94.45,38.2
2026-03-22 23:00:00+05:30,41.70666666666667,134.9,39.6
2026-03-23 00:00:00+05:30,39.34,164.2,36.2
2026-03-23 01:00:00+05:30,39.629999999999995,154.35,39.15
2026-03-23 02:00:00+05:30,42.6025,159.25,46.325
2026-03-23 03:00:00+05:30,40.6625,138.45,45.075
2026-03-23 04:00:00+05:30,40.97,128.35,50.675
2026-03-23 05:00:00+05:30,40.67,100.0,40.25
2026-03-23 06:00:00+05:30,40.015,88.7,50.125
2026-03-23 07:00:00+05:30,41.8425,79.95,62.575
2026-03-23 08:00:00+05:30,40.265,77.225,38.375
2026-03-23 09:00:00+05:30,40.5025,65.85,48.55
2026-03-23 10:00:00+05:30,43.192499999999995,50.475,50.05
2026-03-23 11:00:00+05:30,38.64,66.25,42.7
2026-03-23 12:00:00+05:30,41.45,63.875,51.125
2026-03-23 13:00:00+05:30,41.675,58.6,57.325
2026-03-23 14:00:00+05:30,38.71666666666667,57.733333333333334,56.337500000000006
2026-03-23 15:00:00+05:30,41.855,56.866666666666674,55.35
2026-03-23 16:00:00+05:30,41.05916666666666,64.14444444444445,52.775
2026-03-23 17:00:00+05:30,40.263333333333335,71.42222222222223,50.2
2026-03-23 18:00:00+05:30,39.4675,78.7,47.625
2026-03-23 19:00:00+05:30,38.7875,109.575,35.125
2026-03-23 20:00:00+05:30,39.87,135.225,30.9
2026-03-23 21:00:00+05:30,38.4625,171.05,48.175
2026-03-23 22:00:00+05:30,41.32,199.375,47.0
2026-03-23 23:00:00+05:30,40.166666666666664,202.19999999999996,38.36666666666667
2026-03-24 00:00:00+05:30,40.13,221.9,38.0
2026-03-24 01:00:00+05:30,40.7225,226.6,38.375
2026-03-24 02:00:00+05:30,40.56,208.725,47.775
2026-03-24 03:00:00+05:30,39.66,202.15,45.325
2026-03-24 04:00:00+05:30,40.5075,212.95,46.075
2026-03-24 05:00:00+05:30,41.77,193.025,43.0
2026-03-24 06:00:00+05:30,38.545,167.4,50.45
2026-03-24 07:00:00+05:30,41.1425,158.525,57.45
2026-03-24 08:00:00+05:30,38.8225,145.575,41.35
2026-03-24 09:00:00+05:30,39.11,127.2,45.625
2026-03-24 10:00:00+05:30,42.1025,110.5,48.125
2026-03-24 11:00:00+05:30,38.0775,101.85,37.974999999999994
2026-03-24 12:00:00+05:30,41.135,99.425,48.05
2026-03-24 13:00:00+05:30,39.7225,95.625,55.1
2026-03-24 14:00:00+05:30,42.02,92.55,62.675
2026-03-24 15:00:00+05:30,38.6725,89.875,53.075
2026-03-24 16:00:00+05:30,41.395,84.4,54.650000000000006
2026-03-24 17:00:00+05:30,39.766666666666666,86.60000000000001,43.166666666666664
2026-03-24 18:00:00+05:30,38.572500000000005,100.65,45.35
2026-03-24 19:00:00+05:30,40.32,137.3,39.4
2026-03-24 20:00:00+05:30,39.825,231.2625,45.5
2026-03-24 21:00:00+05:30,39.33,325.22499999999997,51.6
2026-03-24 22:00:00+05:30,42.2625,314.8,50.125
2026-03-24 23:00:00+05:30,39.696666666666665,177.1,35.96666666666667
2026-03-25 00:00:00+05:30,45.32,140.2,28.0
2026-03-25 01:00:00+05:30,39.669999999999995,182.76666666666665,36.13333333333333
2026-03-25 02:00:00+05:30,39.215,207.525,48.775
2026-03-25 03:00:00+05:30,40.60666666666666,203.15,44.96666666666667
2026-03-25 04:00:00+05:30,40.817499999999995,135.7,49.175
2026-03-25 05:00:00+05:30,38.33,231.125,39.3
2026-03-25 06:00:00+05:30,39.9325,156.22500000000002,50.95
2026-03-25 07:00:00+05:30,39.85,110.275,59.9
2026-03-25 08:00:00+05:30,40.18,127.775,40.7
2026-03-25 09:00:00+05:30,42.6475,109.025,52.225
2026-03-25 10:00:00+05:30,42.81333333333333,79.5,55.26666666666667
2026-03-25 11:00:00+05:30,37.49,77.0,41.96666666666667
2026-03-25 12:00:00+05:30,38.025000000000006,74.725,52.40833333333333
2026-03-25 13:00:00+05:30,38.56,72.45,62.85
2026-03-25 14:00:00+05:30,41.6475,87.775,61.45
2026-03-25 15:00:00+05:30,39.663333333333334,65.1,52.2
2026-03-25 16:00:00+05:30,39.67,73.56666666666666,59.63333333333333
2026-03-25 17:00:00+05:30,41.24,83.45,39.625
2026-03-25 18:00:00+05:30,38.895,106.725,46.925
2026-03-25 19:00:00+05:30,40.973333333333336,251.675,41.6
2026-03-25 20:00:00+05:30,40.8425,310.775,34.0
2026-03-25 21:00:00+05:30,40.51,462.95,50.125
2026-03-25 22:00:00+05:30,40.8975,376.95,50.325
2026-03-25 23:00:00+05:30,40.79333333333333,469.8,42.46666666666667
2026-03-26 00:00:00+05:30,41.596666666666664,407.55,39.583333333333336
2026-03-26 01:00:00+05:30,42.4,345.3,36.7
2026-03-26 02:00:00+05:30,40.56,186.1,46.05
2026-03-26 03:00:00+05:30,37.965,207.45,48.05
2026-03-26 04:00:00+05:30,38.5,159.975,51.225
2026-03-26 05:00:00+05:30,41.427499999999995,254.25,42.275
2026-03-26 06:00:00+05:30,37.5125,132.2,52.775
2026-03-26 07:00:00+05:30,39.275,141.0,62.6
2026-03-26 08:00:00+05:30,39.2625,150.6,40.325
2026-03-26 09:00:00+05:30,40.335,107.3,51.25
2026-03-26 10:00:00+05:30,40.635,105.725,56.15
2026-03-26 11:00:00+05:30,36.98,59.675,42.425
2026-03-26 12:00:00+05:30,37.405,66.9,48.9
2026-03-26 13:00:00+05:30,40.535,61.05,58.3
2026-03-26 14:00:00+05:30,40.4,63.012499999999996,54.5875
2026-03-26 15:00:00+05:30,42.7825,64.975,50.875
2026-03-26 16:00:00+05:30,39.545,72.1,58.8
2026-03-26 17:00:00+05:30,39.38333333333333,67.13333333333334,38.6
2026-03-26 18:00:00+05:30,42.72,81.4,44.7
2026-03-26 19:00:00+05:30,40.223333333333336,240.30000000000004,35.833333333333336
2026-03-26 20:00:00+05:30,39.18666666666667,435.0,33.46666666666667
2026-03-26 21:00:00+05:30,35.129999999999995,185.0,40.4
2026-03-26 22:00:00+05:30,44.1125,223.775,47.35
2026-03-26 23:00:00+05:30,37.03,115.2,42.833333333333336
2026-03-27 00:00:00+05:30,37.28,124.1,34.4
2026-03-27 01:00:00+05:30,38.4025,215.725,38.65
2026-03-27 02:00:00+05:30,40.18,212.55,48.3
2026-03-27 03:00:00+05:30,42.1175,238.6,47.0
2026-03-27 04:00:00+05:30,40.55,157.9,47.05
2026-03-27 05:00:00+05:30,43.39333333333334,177.1,41.46666666666667
2026-03-27 06:00:00+05:30,40.345,196.8,48.3
2026-03-27 07:00:00+05:30,39.2925,206.65,60.175
2026-03-27 08:00:00+05:30,41.5325,148.125,39.75
2026-03-27 09:00:00+05:30,42.11,131.025,51.775
2026-03-27 10:00:00+05:30,45.5075,128.29999999999998,53.425
2026-03-27 11:00:00+05:30,37.88,110.96666666666664,42.7
2026-03-27 12:00:00+05:30,40.6075,112.725,51.224999999999994
2026-03-27 13:00:00+05:30,40.0625,92.25,58.0
2026-03-27 14:00:00+05:30,43.5025,73.65,58.6
2026-03-27 15:00:00+05:30,39.8775,75.0,49.75
2026-03-27 16:00:00+05:30,40.51,195.0,55.96666666666667
2026-03-27 17:00:00+05:30,37.275,71.10000000000001,42.175
2026-03-27 18:00:00+05:30,38.6375,59.475,47.425
2026-03-27 19:00:00+05:30,39.2075,101.1,39.475
2026-03-27 20:00:00+05:30,39.17,127.65,28.9
2026-03-27 21:00:00+05:30,42.19,174.25,43.1
2026-03-27 22:00:00+05:30,39.7225,238.725,48.975
2026-03-27 23:00:00+05:30,42.76333333333333,338.5,37.6
2026-03-28 00:00:00+05:30,39.63,188.775,36.1
2026-03-28 01:00:00+05:30,36.75,39.05,34.6
2026-03-28 02:00:00+05:30,40.4675,,
2026-03-28 03:00:00+05:30,38.65,,
2026-03-28 04:00:00+05:30,40.93666666666667,,
2026-03-28 05:00:00+05:30,38.445,,
2026-03-28 06:00:00+05:30,40.432500000000005,,
2026-03-28 07:00:00+05:30,40.15,,
2026-03-28 08:00:00+05:30,40.3175,,
2026-03-28 09:00:00+05:30,38.07666666666667,,
2026-03-28 10:00:00+05:30,37.837500000000006,,
2026-03-28 11:00:00+05:30,40.515,46.275,38.6
2026-03-28 12:00:00+05:30,38.44,57.8,49.675
2026-03-28 13:00:00+05:30,39.6725,53.575,47.875
2026-03-28 14:00:00+05:30,39.69,56.55,27.0
2026-03-28 15:00:00+05:30,41.085,62.45,30.575
2026-03-28 16:00:00+05:30,38.5625,68.05,28.925
2026-03-28 17:00:00+05:30,39.785,70.05,39.0
2026-03-28 18:00:00+05:30,38.78,65.44999999999999,47.875
2026-03-28 19:00:00+05:30,40.295,81.3,37.675
2026-03-28 20:00:00+05:30,39.88,88.1,32.925
2026-03-28 21:00:00+05:30,39.495000000000005,88.575,27.5
2026-03-28 22:00:00+05:30,38.5125,78.925,29.025
2026-03-28 23:00:00+05:30,41.81333333333333,67.3,26.4
2026-03-29 00:00:00+05:30,44.7,63.4,25.3
2026-03-29 01:00:00+05:30,39.2525,73.2,28.4
2026-03-29 02:00:00+05:30,42.5475,72.775,17.6
2026-03-29 03:00:00+05:30,39.995,71.57499999999999,28.175
2026-03-29 04:00:00+05:30,41.2475,70.225,23.375
2026-03-29 05:00:00+05:30,38.9225,71.275,21.25
2026-03-29 06:00:00+05:30,41.3625,66.575,19.65
2026-03-29 07:00:00+05:30,42.97,74.15,30.875
2026-03-29 08:00:00+05:30,38.46,80.625,19.5
2026-03-29 09:00:00+05:30,43.8875,81.9,30.049999999999997
2026-03-29 10:00:00+05:30,40.435,86.175,39.15
2026-03-29 11:00:00+05:30,37.7,85.925,40.1
2026-03-29 12:00:00+05:30,41.4725,90.75,49.375
2026-03-29 13:00:00+05:30,38.785,89.2,38.225
2026-03-29 14:00:00+05:30,38.78,84.97500000000001,28.15
2026-03-29 15:00:00+05:30,41.9925,88.05,30.075
2026-03-29 16:00:00+05:30,37.285,89.92500000000001,27.825
2026-03-29 17:00:00+05:30,41.31333333333333,90.83333333333331,37.06666666666666
2026-03-29 18:00:00+05:30,43.9775,89.10000000000001,48.4
2026-03-29 19:00:00+05:30,40.5125,96.55,39.375
2026-03-29 20:00:00+05:30,41.42,98.45,31.049999999999997
2026-03-29 21:00:00+05:30,42.685,96.40000000000002,27.725
2026-03-29 22:00:00+05:30,40.95,96.3,31.075000000000003
2026-03-29 23:00:00+05:30,39.71,101.3,27.633333333333336
2026-03-30 00:00:00+05:30,42.41,100.7,20.5
2026-03-30 01:00:00+05:30,37.23,94.075,28.425
2026-03-30 02:00:00+05:30,41.9875,87.875,17.975
2026-03-30 03:00:00+05:30,36.88,86.625,25.125
2026-03-30 04:00:00+05:30,38.932500000000005,84.275,28.775
2026-03-30 05:00:00+05:30,39.51333333333333,83.2,25.4
2026-03-30 06:00:00+05:30,40.33,82.72500000000001,20.55
2026-03-30 07:00:00+05:30,40.96666666666667,75.5,28.5
2026-03-30 08:00:00+05:30,36.44222222222223,70.95555555555555,28.58888888888889
2026-03-30 09:00:00+05:30,31.91777777777778,66.41111111111111,28.677777777777777
2026-03-30 10:00:00+05:30,27.393333333333334,61.86666666666667,28.766666666666666
2026-03-30 11:00:00+05:30,41.16,93.03333333333336,39.56666666666667
2026-03-30 12:00:00+05:30,39.3675,98.4,50.0
2026-03-30 13:00:00+05:30,42.4375,103.025,36.5
2026-03-30 14:00:00+05:30,41.1075,99.825,28.875
2026-03-30 15:00:00+05:30,40.8,96.325,29.15
2026-03-30 16:00:00+05:30,43.403333333333336,101.63333333333333,29.9
2026-03-30 17:00:00+05:30,42.5275,96.525,38.15
2026-03-30 18:00:00+05:30,41.0675,97.175,47.25
2026-03-30 19:00:00+05:30,41.4975,104.2,38.15
2026-03-30 20:00:00+05:30,41.89,112.85,31.275
2026-03-30 21:00:00+05:30,39.075,110.6,31.15
2026-03-30 22:00:00+05:30,37.045,111.75,28.775
2026-03-30 23:00:00+05:30,40.02,126.90000000000002,26.0
2026-03-31 00:00:00+05:30,38.26,118.3,21.7
2026-03-31 01:00:00+05:30,42.485,112.95,29.975
2026-03-31 02:00:00+05:30,42.2325,102.2,16.575
2026-03-31 03:00:00+05:30,40.620000000000005,94.225,27.075
2026-03-31 04:00:00+05:30,41.1425,95.85,26.4
2026-03-31 05:00:00+05:30,41.02,89.875,24.175
2026-03-31 06:00:00+05:30,38.18,84.75,21.85
2026-03-31 07:00:00+05:30,41.86666666666667,82.7,30.366666666666664
2026-03-31 08:00:00+05:30,38.955,91.55,20.7
2026-03-31 09:00:00+05:30,39.192499999999995,98.075,28.575
2026-03-31 10:00:00+05:30,39.48,106.025,37.15
2026-03-31 11:00:00+05:30,38.78333333333333,111.3,40.96666666666667
2026-03-31 12:00:00+05:30,40.385,120.05,47.95
2026-03-31 13:00:00+05:30,39.835,116.35,39.0
2026-03-31 14:00:00+05:30,38.875,114.275,29.575
2026-03-31 15:00:00+05:30,41.9375,109.675,29.0
2026-03-31 16:00:00+05:30,38.6675,116.975,26.85
2026-03-31 17:00:00+05:30,40.17,111.425,37.625
2026-03-31 18:00:00+05:30,38.0875,108.725,46.85
2026-03-31 19:00:00+05:30,41.015,109.8,36.675
2026-03-31 20:00:00+05:30,40.3525,122.9,31.625
2026-03-31 21:00:00+05:30,40.24,130.8,29.25
2026-03-31 22:00:00+05:30,39.81666666666667,126.7,31.03333333333333
2026-03-31 23:00:00+05:30,40.163333333333334,124.3,26.9
2026-04-01 00:00:00+05:30,39.04,120.1,25.7
2026-04-01 01:00:00+05:30,40.06,113.5,26.075
2026-04-01 02:00:00+05:30,40.9775,109.4,17.35
2026-04-01 03:00:00+05:30,43.095,108.575,25.175
2026-04-01 04:00:00+05:30,37.67666666666667,107.8,28.233333333333334
2026-04-01 05:00:00+05:30,39.07,108.8,23.65
2026-04-01 06:00:00+05:30,38.465,109.05,19.725
2026-04-01 07:00:00+05:30,42.87,111.7,27.45
2026-04-01 08:00:00+05:30,39.2025,125.275,30.675
2026-04-01 09:00:00+05:30,39.66,131.675,55.675
2026-04-01 10:00:00+05:30,37.005,134.0,43.275
2026-04-01 11:00:00+05:30,39.724999999999994,133.7,106.925
2026-04-01 12:00:00+05:30,39.03,141.7,68.4
2026-04-01 13:00:00+05:30,35.41,138.6,49.5
2026-04-01 14:00:00+05:30,39.765,132.875,41.925
2026-04-01 15:00:00+05:30,38.5,126.75,52.25
2026-04-01 16:00:00+05:30,39.5625,120.625,62.575
2026-04-01 17:00:00+05:30,38.16,117.575,39.925
2026-04-01 18:00:00+05:30,38.3025,116.8,68.05
2026-04-01 19:00:00+05:30,41.0325,147.475,97.625
2026-04-01 20:00:00+05:30,41.67,211.65,90.65
2026-04-01 21:00:00+05:30,41.675,529.55,123.65
2026-04-01 22:00:00+05:30,40.59,379.275,86.775
2026-04-01 23:00:00+05:30,39.32,255.6,110.5
2026-04-02 00:00:00+05:30,41.1,220.1,74.5
2026-04-02 01:00:00+05:30,38.225,209.075,56.75
2026-04-02 02:00:00+05:30,43.9625,184.625,60.25
2026-04-02 03:00:00+05:30,41.1,289.95,97.825
2026-04-02 04:00:00+05:30,43.46333333333333,179.1,54.29999999999999
2026-04-02 05:00:00+05:30,41.395,154.35,54.575
2026-04-02 06:00:00+05:30,39.595,159.575,34.224999999999994
2026-04-02 07:00:00+05:30,42.5475,129.525,55.1
2026-04-02 08:00:00+05:30,39.3925,138.375,60.325
2026-04-02 09:00:00+05:30,40.945,111.125,61.475
2026-04-02 10:00:00+05:30,41.07,97.125,54.65
2026-04-02 11:00:00+05:30,39.614999999999995,98.325,66.7375
2026-04-02 12:00:00+05:30,40.99,99.525,78.825
2026-04-02 13:00:00+05:30,39.5775,92.5,44.325
2026-04-02 14:00:00+05:30,42.1975,108.575,59.45
2026-04-02 15:00:00+05:30,40.09,108.32083333333334,76.24166666666667
2026-04-02 16:00:00+05:30,39.97,108.06666666666668,93.03333333333336
2026-04-02 17:00:00+05:30,37.5325,98.15,60.5
2026-04-02 18:00:00+05:30,41.31,105.425,52.3
2026-04-02 19:00:00+05:30,42.1225,145.8625,72.6875
2026-04-02 20:00:00+05:30,40.61,186.3,93.075
2026-04-02 21:00:00+05:30,38.775,189.575,72.475
2026-04-02 22:00:00+05:30,40.8975,172.2,41.474999999999994
2026-04-02 23:00:00+05:30,40.836666666666666,206.6,139.8
2026-04-03 00:00:00+05:30,41.67,172.2,49.5
2026-04-03 01:00:00+05:30,41.995000000000005,148.72500000000002,34.9
2026-04-03 02:00:00+05:30,39.9125,167.20000000000002,35.375
2026-04-03 03:00:00+05:30,38.3775,183.825,49.425
2026-04-03 04:00:00+05:30,41.26,154.2,35.35
2026-04-03 05:00:00+05:30,39.675,157.025,32.475
2026-04-03 06:00:00+05:30,39.1225,123.825,21.725
2026-04-03 07:00:00+05:30,39.3525,125.725,43.8
2026-04-03 08:00:00+05:30,39.6725,130.525,53.75
2026-04-03 09:00:00+05:30,36.9825,114.55,40.974999999999994
2026-04-03 10:00:00+05:30,41.185,111.975,53.925
2026-04-03 11:00:00+05:30,30.4825,115.1,67.725
2026-04-03 12:00:00+05:30,31.346666666666664,107.93333333333332,64.8625
2026-04-03 13:00:00+05:30,28.685,109.07222222222221,62.0
2026-04-03 14:00:00+05:30,29.015,110.21111111111111,59.1375
2026-04-03 15:00:00+05:30,29.4225,111.35,56.275000000000006
2026-04-03 16:00:00+05:30,30.736666666666668,102.5,65.4
2026-04-03 17:00:00+05:30,30.542499999999997,113.625,60.375
2026-04-03 18:00:00+05:30,31.5,267.25,203.95
2026-04-03 19:00:00+05:30,29.7775,183.05,45.425
2026-04-03 20:00:00+05:30,29.8125,140.85,24.6
2026-04-03 21:00:00+05:30,30.9875,171.89999999999998,1.55
2026-04-03 22:00:00+05:30,31.486666666666668,196.73333333333335,42.76666666666667
2026-04-03 23:00:00+05:30,28.78,239.80000000000004,132.29999999999998
2026-04-04 00:00:00+05:30,33.41,162.6,44.5
2026-04-04 01:00:00+05:30,28.85,122.825,27.15
2026-04-04 02:00:00+05:30,29.7975,138.375,43.775
2026-04-04 03:00:00+05:30,29.56,110.85,28.2
2026-04-04 04:00:00+05:30,32.325,126.05,28.95
2026-04-04 05:00:00+05:30,30.26,135.42499999999998,22.200000000000003
2026-04-04 06:00:00+05:30,28.173333333333336,163.1,33.76666666666667
2026-04-04 07:00:00+05:30,31.815,161.45,40.925
2026-04-04 08:00:00+05:30,30.4275,127.625,68.075
2026-04-04 09:00:00+05:30,31.9125,102.65,51.15
2026-04-04 10:00:00+05:30,31.237499999999997,120.1125,56.599999999999994
2026-04-04 11:00:00+05:30,31.0925,137.575,62.05
2026-04-04 12:00:00+05:30,30.7,133.925,85.4
2026-04-04 13:00:00+05:30,31.2975,135.275,31.275
2026-04-04 14:00:00+05:30,31.105,118.825,48.7
2026-04-04 15:00:00+05:30,30.825000000000003,102.375,66.125
2026-04-04 16:00:00+05:30,27.35,93.2,47.20000000000001
2026-04-04 17:00:00+05:30,31.0225,103.925,51.55
2026-04-04 18:00:00+05:30,30.137500000000003,148.475,141.375
2026-04-04 19:00:00+05:30,31.5975,180.625,100.05
2026-04-04 20:00:00+05:30,30.06,187.8,70.15
2026-04-04 21:00:00+05:30,30.665000000000003,194.175,52.85
2026-04-04 22:00:00+05:30,30.5625,192.475,95.775
2026-04-04 23:00:00+05:30,32.236666666666665,190.5,68.5
2026-04-05 00:00:00+05:30,32.99,182.3,35.1
2026-04-05 01:00:00+05:30,31.926666666666662,169.0,7.233333333333334
2026-04-05 02:00:00+05:30,28.39333333333333,183.30000000000004,124.0
2026-04-05 03:00:00+05:30,29.295,227.025,200.15
2026-04-05 04:00:00+05:30,29.2925,229.25,99.25
2026-04-05 05:00:00+05:30,31.485,241.9,59.4
2026-04-05 06:00:00+05:30,29.2725,200.7,105.575
2026-04-05 07:00:00+05:30,27.5225,174.85,54.55
2026-04-05 08:00:00+05:30,30.6525,135.5,48.275
2026-04-05 09:00:00+05:30,30.305,112.7,33.4
2026-04-05 10:00:00+05:30,31.3725,114.61666666666669,56.5
2026-04-05 11:00:00+05:30,29.626666666666665,116.53333333333336,79.60000000000001
2026-04-05 12:00:00+05:30,30.895,150.0,62.45
2026-04-05 13:00:00+05:30,31.135,140.25,81.325
2026-04-05 14:00:00+05:30,31.863333333333333,143.45,141.29999999999998
2026-04-05 15:00:00+05:30,32.205,127.6,106.3
2026-04-05 16:00:00+05:30,28.8825,142.25,78.55
2026-04-05 17:00:00+05:30,30.493333333333336,143.4,84.13333333333334
2026-04-05 18:00:00+05:30,30.445,171.75,159.65
2026-04-05 19:00:00+05:30,29.915,312.4,188.125
2026-04-05 20:00:00+05:30,31.7275,274.15,118.425
2026-04-05 21:00:00+05:30,30.2775,307.975,86.27499999999999
2026-04-05 22:00:00+05:30,29.2575,309.0,167.2
2026-04-05 23:00:00+05:30,31.826666666666664,305.8,133.3
2026-04-06 00:00:00+05:30,29.71333333333333,248.65,85.75
2026-04-06 01:00:00+05:30,27.6,191.5,38.2
2026-04-06 02:00:00+05:30,30.5975,172.32500000000002,67.55
2026-04-06 03:00:00+05:30,31.1925,175.125,50.95
2026-04-06 04:00:00+05:30,31.675,150.1,34.8
2026-04-06 05:00:00+05:30,30.57,170.925,24.575000000000003
2026-04-06 06:00:00+05:30,28.055,152.975,21.775
2026-04-06 07:00:00+05:30,31.1475,174.8,28.25
2026-04-06 08:00:00+05:30,31.2425,148.525,34.875
2026-04-06 09:00:00+05:30,30.255,150.4,43.125
2026-04-06 10:00:00+05:30,30.54,166.0,66.55
2026-04-06 11:00:00+05:30,30.7,187.1,84.8
2026-04-06 12:00:00+05:30,30.9775,173.45,91.6
2026-04-06 13:00:00+05:30,31.8725,165.2,92.925
2026-04-06 14:00:00+05:30,29.7225,152.05,104.475
2026-04-06 15:00:00+05:30,29.9475,138.9,116.025
2026-04-06 16:00:00+05:30,33.85,132.4333333333333,93.2
2026-04-06 17:00:00+05:30,29.97,140.57500000000002,74.725
2026-04-06 18:00:00+05:30,31.83666666666667,171.30000000000004,161.9
2026-04-06 19:00:00+05:30,32.42666666666667,231.73333333333335,148.9
2026-04-06 20:00:00+05:30,31.2875,442.0,156.2
2026-04-06 21:00:00+05:30,30.4975,442.6749999999999,122.45
2026-04-06 22:00:00+05:30,30.637500000000003,324.4,187.45
2026-04-06 23:00:00+05:30,28.043333333333333,332.6,135.7
2026-04-07 00:00:00+05:30,28.671666666666667,328.3,110.19999999999999
2026-04-07 01:00:00+05:30,29.3,324.0,84.7
2026-04-07 02:00:00+05:30,30.7975,317.72499999999997,153.375
2026-04-07 03:00:00+05:30,31.703333333333333,288.0,101.3
2026-04-07 04:00:00+05:30,29.1125,191.35,67.625
2026-04-07 05:00:00+05:30,30.15,173.425,48.15
2026-04-07 06:00:00+05:30,30.6125,163.575,78.35000000000001
2026-04-07 07:00:00+05:30,28.9025,175.775,73.625
2026-04-07 08:00:00+05:30,30.2525,195.025,77.2
2026-04-07 09:00:00+05:30,29.6525,226.05,78.75
2026-04-07 10:00:00+05:30,30.215,226.75,213.025
2026-04-07 11:00:00+05:30,30.25,174.29999999999998,98.3
2026-04-07 12:00:00+05:30,27.945,150.45,70.0
2026-04-07 13:00:00+05:30,28.83,152.9333333333333,43.833333333333336
2026-04-07 14:00:00+05:30,28.45,160.15555555555554,62.6888888888889
2026-04-07 15:00:00+05:30,28.07,167.37777777777777,81.54444444444445
2026-04-07 16:00:00+05:30,27.69,174.6,100.4
2026-04-07 17:00:00+05:30,31.3875,210.275,100.625
2026-04-07 18:00:00+05:30,33.46333333333333,203.4333333333333,179.70000000000002
2026-04-07 19:00:00+05:30,29.5225,240.225,76.825
2026-04-07 20:00:00+05:30,31.39,405.1,33.23333333333333
2026-04-07 21:00:00+05:30,31.91333333333333,317.45,25.833333333333332
2026-04-07 22:00:00+05:30,30.0525,170.725,109.225
2026-04-07 23:00:00+05:30,30.276666666666667,193.19999999999996,39.8
2026-04-08 00:00:00+05:30,30.07,208.5,22.5
2026-04-08 01:00:00+05:30,31.52,221.1,0.3500000000000001
2026-04-08 02:00:00+05:30,29.935,223.75,112.9
2026-04-08 03:00:00+05:30,29.5975,225.8,43.400000000000006
2026-04-08 04:00:00+05:30,30.42,218.375,7.65
2026-04-08 05:00:00+05:30,29.520000000000003,253.2,3.525
2026-04-08 06:00:00+05:30,31.3275,201.225,76.95
2026-04-08 07:00:00+05:30,28.236666666666668,194.19999999999996,9.7
2026-04-08 08:00:00+05:30,31.2875,184.625,44.3
2026-04-08 09:00:00+05:30,29.92,217.475,44.6
2026-04-08 10:00:00+05:30,28.4175,211.575,57.724999999999994
2026-04-08 11:00:00+05:30,30.2375,197.775,50.15
2026-04-08 12:00:00+05:30,29.77,176.15,34.650000000000006
2026-04-08 13:00:00+05:30,28.7075,190.0,29.9
2026-04-08 14:00:00+05:30,27.74,160.75,48.9
2026-04-08 15:00:00+05:30,30.83,93.65,36.775
2026-04-08 16:00:00+05:30,30.61,79.725,45.425
2026-04-08 17:00:00+05:30,30.3875,86.3,35.925000000000004
2026-04-08 18:00:00+05:30,30.8925,78.6,60.35
2026-04-08 19:00:00+05:30,21.429999999999996,61.349999999999994,39.375
2026-04-08 20:00:00+05:30,31.815,85.44999999999999,42.875
2026-04-08 21:00:00+05:30,30.2775,92.05,41.075
2026-04-08 22:00:00+05:30,30.715,95.0,37.25
2026-04-08 23:00:00+05:30,31.49666666666667,121.90000000000002,42.2
2026-04-09 00:00:00+05:30,31.973333333333336,115.95000000000002,39.8
2026-04-09 01:00:00+05:30,32.45,110.0,37.4
2026-04-09 02:00:00+05:30,29.7025,104.925,36.525
2026-04-09 03:00:00+05:30,30.41,102.975,40.375
2026-04-09 04:00:00+05:30,30.465,106.85,36.625
2026-04-09 05:00:00+05:30,29.035,113.1,37.6
2026-04-09 06:00:00+05:30,31.540000000000003,101.33333333333331,37.166666666666664
2026-04-09 07:00:00+05:30,29.095,94.175,41.625
2026-04-09 08:00:00+05:30,28.6375,93.325,42.375
2026-04-09 09:00:00+05:30,31.3225,87.3,39.725
2026-04-09 10:00:00+05:30,28.4075,94.19999999999999,69.31250000000001
2026-04-09 11:00:00+05:30,32.196666666666665,101.1,98.90000000000002
2026-04-09 12:00:00+05:30,31.217777777777776,109.5,93.98750000000001
2026-04-09 13:00:00+05:30,30.23888888888889,117.89999999999999,89.07500000000002
2026-04-09 14:00:00+05:30,29.26,126.29999999999998,84.16250000000001
2026-04-09 15:00:00+05:30,27.950000000000003,134.7,79.25
2026-04-09 16:00:00+05:30,31.41333333333333,132.8,56.1
2026-04-09 17:00:00+05:30,28.066666666666663,140.79999999999998,33.13333333333333
2026-04-09 18:00:00+05:30,30.71,168.64999999999998,160.52499999999998
2026-04-09 19:00:00+05:30,30.825000000000003,286.275,139.4
2026-04-09 20:00:00+05:30,29.745,292.725,57.925
2026-04-09 21:00:00+05:30,31.2,260.375,26.5
2026-04-09 22:00:00+05:30,32.5775,266.95,122.425
2026-04-09 23:00:00+05:30,30.003333333333337,336.2,102.59999999999998
2026-04-10 00:00:00+05:30,28.3,205.6,34.2
2026-04-10 01:00:00+05:30,29.2175,179.425,14.475
2026-04-10 02:00:00+05:30,29.7625,181.3,165.0
2026-04-10 03:00:00+05:30,33.26,175.69999999999996,59.20000000000001
2026-04-10 04:00:00+05:30,31.43,178.65,33.65
2026-04-10 05:00:00+05:30,31.905,188.5,16.525
2026-04-10 06:00:00+05:30,32.0,179.55,53.575
2026-04-10 07:00:00+05:30,29.8225,128.15,52.45
2026-04-10 08:00:00+05:30,24.285,100.0,41.95
2026-04-10 09:00:00+05:30,31.2525,135.625,84.275
2026-04-10 10:00:00+05:30,32.1825,125.4625,95.85416666666667
2026-04-10 11:00:00+05:30,28.679999999999996,115.3,107.43333333333334
2026-04-10 12:00:00+05:30,31.03,123.2,25.775
2026-04-10 13:00:00+05:30,31.23,177.1,35.2
2026-04-10 14:00:00+05:30,29.0475,157.975,151.975
2026-04-10 15:00:00+05:30,30.28,141.075,65.425
2026-04-10 16:00:00+05:30,29.41,114.25,37.925
2026-04-10 17:00:00+05:30,28.7975,100.0,24.9
2026-04-10 18:00:00+05:30,31.23,96.7,59.666666666666664
2026-04-10 19:00:00+05:30,30.595,123.325,58.675
2026-04-10 20:00:00+05:30,32.335,126.85,43.525000000000006
2026-04-10 21:00:00+05:30,28.9525,150.675,22.2
2026-04-10 22:00:00+05:30,30.2075,159.77499999999998,69.44999999999999
2026-04-10 23:00:00+05:30,25.94666666666667,164.3,51.20000000000001
2026-04-11 00:00:00+05:30,27.363333333333337,196.05,36.2
2026-04-11 01:00:00+05:30,28.78,227.8,21.2
2026-04-11 02:00:00+05:30,31.05333333333333,194.4,78.9
2026-04-11 03:00:00+05:30,31.355,159.1,33.975
2026-04-11 04:00:00+05:30,27.456666666666667,152.8,9.6
2026-04-11 05:00:00+05:30,28.6075,158.55,2.9
2026-04-11 06:00:00+05:30,32.075,159.625,39.25
2026-04-11 07:00:00+05:30,30.6075,165.02499999999998,30.625
2026-04-11 08:00:00+05:30,31.2675,142.7,22.175
2026-04-11 09:00:00+05:30,31.64,129.95,8.05
2026-04-11 10:00:00+05:30,31.295,116.2,95.1
2026-04-11 11:00:00+05:30,31.9925,115.55,47.775
2026-04-11 12:00:00+05:30,31.635,106.775,34.675
2026-04-11 13:00:00+05:30,31.2275,122.275,19.525
2026-04-11 14:00:00+05:30,30.82,118.9,82.725
2026-04-11 15:00:00+05:30,29.7475,111.6,49.85
2026-04-11 16:00:00+05:30,30.1725,107.45,29.15
2026-04-11 17:00:00+05:30,30.43,114.275,13.7
2026-04-11 18:00:00+05:30,30.2225,130.95,85.475
2026-04-11 19:00:00+05:30,29.0675,288.05,82.19999999999999
2026-04-11 20:00:00+05:30,30.775,610.025,94.275
2026-04-11 21:00:00+05:30,29.6725,569.2750000000001,66.875
2026-04-11 22:00:00+05:30,30.3275,457.75,156.3
2026-04-11 23:00:00+05:30,31.19666666666667,607.2,84.8
2026-04-12 00:00:00+05:30,30.59,540.3,56.5
2026-04-12 01:00:00+05:30,31.5575,456.225,37.325
2026-04-12 02:00:00+05:30,30.51,390.65,157.675
2026-04-12 03:00:00+05:30,28.95,310.875,48.85
2026-04-12 04:00:00+05:30,23.4825,181.45,13.95
2026-04-12 05:00:00+05:30,28.6225,263.59999999999997,21.425
2026-04-12 06:00:00+05:30,31.38,264.5,118.15
2026-04-12 07:00:00+05:30,32.4175,191.425,41.25
2026-04-12 08:00:00+05:30,31.7525,151.125,25.725
2026-04-12 09:00:00+05:30,29.5575,163.5,18.975
2026-04-12 10:00:00+05:30,33.3325,134.575,134.075
2026-04-12 11:00:00+05:30,30.53,143.925,93.9
2026-04-12 12:00:00+05:30,30.52,149.65,44.099999999999994
2026-04-12 13:00:00+05:30,30.94,178.7,21.1
2026-04-12 14:00:00+05:30,28.686666666666667,161.075,34.825
2026-04-12 15:00:00+05:30,29.95,143.45,48.55
2026-04-12 16:00:00+05:30,29.265,143.47500000000002,31.2
2026-04-12 17:00:00+05:30,29.3425,135.825,20.1
2026-04-12 18:00:00+05:30,28.785,134.625,116.7
2026-04-12 19:00:00+05:30,29.729999999999997,192.725,79.625
2026-04-12 20:00:00+05:30,29.0525,369.6,70.125
2026-04-12 21:00:00+05:30,32.11,239.125,27.325
2026-04-12 22:00:00+05:30,30.2525,240.325,99.075
2026-04-12 23:00:00+05:30,29.346666666666664,314.3,62.0
2026-04-13 00:00:00+05:30,28.99833333333333,274.2,37.7
2026-04-13 01:00:00+05:30,28.65,234.1,13.4
2026-04-13 02:00:00+05:30,29.896666666666665,293.8666666666667,74.06666666666666
2026-04-13 03:00:00+05:30,31.62,509.6,70.03333333333335
2026-04-13 04:00:00+05:30,32.195,466.075,39.475
2026-04-13 05:00:00+05:30,30.7575,319.875,24.65
2026-04-13 06:00:00+05:30,31.16,187.325,44.1
2026-04-13 07:00:00+05:30,30.3825,391.475,42.85
2026-04-13 08:00:00+05:30,30.4875,229.475,25.275
2026-04-13 09:00:00+05:30,30.105,255.075,10.475
2026-04-13 10:00:00+05:30,29.81,201.9,147.75
2026-04-13 11:00:00+05:30,31.08,146.6,62.03333333333333
2026-04-13 12:00:00+05:30,28.692500000000003,119.75,63.35
2026-04-13 13:00:00+05:30,31.350000000000005,77.0,47.9
2026-04-13 14:00:00+05:30,31.31,70.68333333333334,50.96666666666667
2026-04-13 15:00:00+05:30,29.84,64.36666666666666,54.03333333333333
2026-04-13 16:00:00+05:30,30.14,84.9,28.9
2026-04-13 17:00:00+05:30,30.5875,93.025,14.4
2026-04-13 18:00:00+05:30,29.96666666666667,135.8625,55.4625
2026-04-13 19:00:00+05:30,30.0775,178.7,96.525
2026-04-13 20:00:00+05:30,30.4125,207.5,64.0
2026-04-13 21:00:00+05:30,31.1425,209.65,40.7
2026-04-13 22:00:00+05:30,31.0625,195.275,136.775
2026-04-13 23:00:00+05:30,29.103333333333335,205.69999999999996,73.1
2026-04-14 00:00:00+05:30,33.51,221.9,47.5
2026-04-14 01:00:00+05:30,31.385,259.4,49.95
2026-04-14 02:00:00+05:30,31.33,229.9,151.45000000000002
2026-04-14 03:00:00+05:30,30.9425,130.0,52.95
2026-04-14 04:00:00+05:30,33.18666666666667,156.9333333333333,34.63333333333333
2026-04-14 05:00:00+05:30,29.682499999999997,183.475,29.325
2026-04-14 06:00:00+05:30,29.775,210.65,93.9
2026-04-14 07:00:00+05:30,32.5925,162.975,57.15
2026-04-14 08:00:00+05:30,27.383333333333336,143.2,39.0
2026-04-14 09:00:00+05:30,29.7875,127.525,21.325
2026-04-14 10:00:00+05:30,31.49,119.80000000000001,34.8375
2026-04-14 11:00:00+05:30,27.9425,112.075,48.35
2026-04-14 12:00:00+05:30,31.23,102.175,48.974999999999994
2026-04-14 13:00:00+05:30,30.75,109.15,52.15
2026-04-14 14:00:00+05:30,20.9775,89.025,74.9
2026-04-14 15:00:00+05:30,29.0425,104.7,56.650000000000006
2026-04-14 16:00:00+05:30,31.9,107.55,50.125
2026-04-14 17:00:00+05:30,,,
2026-04-14 18:00:00+05:30,,,
2026-04-14 19:00:00+05:30,,,
2026-04-14 20:00:00+05:30,,,
2026-04-14 21:00:00+05:30,31.327499999999997,355.725,72.125
2026-04-14 22:00:00+05:30,30.8,355.95,168.275
2026-04-14 23:00:00+05:30,29.12,460.8,103.40000000000002
2026-04-15 00:00:00+05:30,31.88,324.5,66.7
2026-04-15 01:00:00+05:30,30.05,253.35,29.9
2026-04-15 02:00:00+05:30,28.945,239.8,138.05
2026-04-15 03:00:00+05:30,29.49,297.76666666666665,73.56666666666666
2026-04-15 04:00:00+05:30,30.403333333333332,267.4666666666667,45.5
2026-04-15 05:00:00+05:30,29.3775,179.925,18.65
2026-04-15 06:00:00+05:30,28.505,206.75,83.5
2026-04-15 07:00:00+05:30,31.445,301.15,71.2
2026-04-15 08:00:00+05:30,30.7575,245.35,46.95
2026-04-15 09:00:00+05:30,30.65,257.275,29.975
2026-04-15 10:00:00+05:30,30.6,203.25,133.775
2026-04-15 11:00:00+05:30,28.8425,95.25,48.9
2026-04-15 12:00:00+05:30,28.1525,121.425,32.375
2026-04-15 13:00:00+05:30,28.4825,114.7,47.125
2026-04-15 14:00:00+05:30,30.2175,101.2,48.16111111111111
2026-04-15 15:00:00+05:30,29.7475,87.7,49.197222222222216
2026-04-15 16:00:00+05:30,29.46666666666667,74.2,50.23333333333333
2026-04-15 17:00:00+05:30,30.7675,80.77499999999999,46.325
2026-04-15 18:00:00+05:30,28.965,122.2,82.575
2026-04-15 19:00:00+05:30,30.7225,115.975,66.375
2026-04-15 20:00:00+05:30,31.26,121.73333333333332,52.06666666666666
2026-04-15 21:00:00+05:30,32.11,118.825,31.475
2026-04-15 22:00:00+05:30,29.8775,113.15,66.17500000000001
2026-04-15 23:00:00+05:30,31.126666666666665,111.0,39.2
2026-04-16 00:00:00+05:30,28.72,115.3,33.1
2026-04-16 01:00:00+05:30,29.496666666666663,112.0,27.600000000000005
2026-04-16 02:00:00+05:30,30.65333333333333,99.8,22.75
2026-04-16 03:00:00+05:30,31.81,87.6,17.9
2026-04-16 04:00:00+05:30,30.07,79.4,18.3
2026-04-16 05:00:00+05:30,31.625,74.65,12.525
2026-04-16 06:00:00+05:30,27.5275,72.7,17.625
2026-04-16 07:00:00+05:30,30.0275,79.75,20.424999999999997
2026-04-16 08:00:00+05:30,30.8175,79.4,24.25
2026-04-16 09:00:00+05:30,31.975,94.425,31.549999999999997
2026-04-16 10:00:00+05:30,30.403333333333332,94.59999999999998,49.6
2026-04-16 11:00:00+05:30,30.846666666666668,96.03333333333336,56.0
2026-04-16 12:00:00+05:30,28.935,90.775,48.650000000000006
2026-04-16 13:00:00+05:30,21.873333333333335,63.6,28.666666666666668
2026-04-16 14:00:00+05:30,,,
2026-04-16 15:00:00+05:30,,,
2026-04-16 16:00:00+05:30,,,
2026-04-16 17:00:00+05:30,,,
2026-04-16 18:00:00+05:30,,,
2026-04-16 19:00:00+05:30,,,
2026-04-16 20:00:00+05:30,,,
2026-04-16 21:00:00+05:30,,,
2026-04-16 22:00:00+05:30,31.244999999999997,96.35,23.9
2026-04-16 23:00:00+05:30,30.063333333333333,94.09999999999998,23.100000000000005
2026-04-17 00:00:00+05:30,32.23,90.2,19.9
2026-04-17 01:00:00+05:30,30.32,87.475,16.6
2026-04-17 02:00:00+05:30,30.972500000000004,82.85000000000001,15.775
2026-04-17 03:00:00+05:30,29.4075,85.95,15.3
2026-04-17 04:00:00+05:30,30.570000000000004,77.96666666666667,15.566666666666668
2026-04-17 05:00:00+05:30,28.67,79.2,13.300000000000002
2026-04-17 06:00:00+05:30,32.1725,78.0,12.3
2026-04-17 07:00:00+05:30,29.42,78.025,13.725
2026-04-17 08:00:00+05:30,29.91,80.45,14.925
2026-04-17 09:00:00+05:30,26.930000000000003,84.8,18.6
2026-04-17 10:00:00+05:30,32.833333333333336,92.56666666666668,27.166666666666668
2026-04-17 11:00:00+05:30,28.916666666666668,93.45,40.93333333333333
2026-04-17 12:00:00+05:30,28.475,92.9,42.75
2026-04-17 13:00:00+05:30,30.4925,95.725,37.8
2026-04-17 14:00:00+05:30,29.290000000000003,93.3,82.7
2026-04-17 15:00:00+05:30,31.363333333333333,93.90000000000002,73.5
2026-04-17 16:00:00+05:30,31.54722222222222,100.16666666666669,67.11666666666667
2026-04-17 17:00:00+05:30,31.73111111111111,106.43333333333334,60.733333333333334
2026-04-17 18:00:00+05:30,31.915,112.7,54.35
2026-04-17 19:00:00+05:30,30.152500000000003,108.225,39.825
2026-04-17 20:00:00+05:30,30.2675,108.875,29.975
2026-04-17 21:00:00+05:30,28.6425,109.225,27.025
2026-04-17 22:00:00+05:30,30.9975,106.875,29.975
2026-04-17 23:00:00+05:30,28.86,105.2,27.5
2026-04-18 00:00:00+05:30,29.735,102.15,26.1
2026-04-18 01:00:00+05:30,30.61,99.1,24.7
2026-04-18 02:00:00+05:30,29.69,95.7,22.475
2026-04-18 03:00:00+05:30,28.56,91.6,21.775
2026-04-18 04:00:00+05:30,29.1675,88.2,20.35
2026-04-18 05:00:00+05:30,32.1575,87.77499999999999,15.6
2026-04-18 06:00:00+05:30,31.22,85.625,16.85
2026-04-18 07:00:00+05:30,30.765,89.875,22.225
2026-04-18 08:00:00+05:30,31.813333333333333,91.0,24.100000000000005
2026-04-18 09:00:00+05:30,28.3825,95.45,25.1
2026-04-18 10:00:00+05:30,31.6175,93.55,37.275000000000006
2026-04-18 11:00:00+05:30,28.356666666666666,94.0,47.0
2026-04-18 12:00:00+05:30,30.71,90.6,44.1
2026-04-18 13:00:00+05:30,30.165,92.275,38.475
2026-04-18 14:00:00+05:30,28.98,94.725,96.075
2026-04-18 15:00:00+05:30,29.5375,96.525,57.2
2026-04-18 16:00:00+05:30,29.528750000000002,99.3375,50.25
2026-04-18 17:00:00+05:30,29.52,102.15,43.3
2026-04-18 18:00:00+05:30,31.4775,129.6,94.3
2026-04-18 19:00:00+05:30,28.775,337.0,95.1
2026-04-18 20:00:00+05:30,28.612499999999997,285.8,76.75
2026-04-18 21:00:00+05:30,28.45,234.6,58.4
2026-04-18 22:00:00+05:30,30.585,164.425,121.8
2026-04-18 23:00:00+05:30,30.656666666666663,116.0,38.4
2026-04-19 00:00:00+05:30,29.12333333333333,98.55,28.049999999999997
2026-04-19 01:00:00+05:30,27.59,81.1,17.7
2026-04-19 02:00:00+05:30,30.673333333333336,72.7,20.2
2026-04-19 03:00:00+05:30,31.4875,63.075,18.95
2026-04-19 04:00:00+05:30,29.166666666666668,65.9,14.0
2026-04-19 05:00:00+05:30,30.4,75.075,14.1
2026-04-19 06:00:00+05:30,30.0325,69.525,13.8
2026-04-19 07:00:00+05:30,31.76,77.625,15.25
2026-04-19 08:00:00+05:30,30.8225,76.85000000000001,20.05
2026-04-19 09:00:00+05:30,28.6375,91.75,24.65
2026-04-19 10:00:00+05:30,33.255,87.775,40.775000000000006
2026-04-19 11:00:00+05:30,31.7575,91.65,48.95
2026-04-19 12:00:00+05:30,29.2875,93.225,43.25
2026-04-19 13:00:00+05:30,29.93,99.275,38.474999999999994
2026-04-19 14:00:00+05:30,30.255,96.2875,42.6875
2026-04-19 15:00:00+05:30,32.26333333333333,93.3,46.9
2026-04-19 16:00:00+05:30,33.75,92.9,35.4
2026-04-19 17:00:00+05:30,30.6875,95.775,24.075
2026-04-19 18:00:00+05:30,30.546666666666667,89.53333333333335,58.166666666666664
2026-04-19 19:00:00+05:30,31.262500000000003,101.725,35.25
2026-04-19 20:00:00+05:30,32.7375,103.6,29.25
2026-04-19 21:00:00+05:30,28.875,102.475,22.15
2026-04-19 22:00:00+05:30,30.42,99.075,28.925
2026-04-19 23:00:00+05:30,29.523333333333337,92.4,20.1
2026-04-20 00:00:00+05:30,30.29,91.1,20.3
2026-04-20 01:00:00+05:30,31.2925,89.6,11.4
2026-04-20 02:00:00+05:30,29.2425,85.475,10.925
2026-04-20 03:00:00+05:30,31.72,84.5,12.199999999999998
2026-04-20 04:00:00+05:30,33.2475,78.125,15.8
2026-04-20 05:00:00+05:30,28.9625,77.75,14.375
2026-04-20 06:00:00+05:30,29.5775,78.9,11.825
2026-04-20 07:00:00+05:30,30.92,78.325,15.65
2026-04-20 08:00:00+05:30,31.53,84.15,18.95
2026-04-20 09:00:00+05:30,30.65,89.2,23.8
2026-04-20 10:00:00+05:30,29.543333333333333,92.96666666666664,34.26666666666667
2026-04-20 11:00:00+05:30,29.766666666666666,97.29999999999997,35.022222222222226
2026-04-20 12:00:00+05:30,29.990000000000002,101.63333333333331,35.77777777777778
2026-04-20 13:00:00+05:30,30.213333333333335,105.96666666666664,36.53333333333333
2026-04-20 14:00:00+05:30,32.855000000000004,108.5,92.425
2026-04-20 15:00:00+05:30,30.8725,106.575,61.0
2026-04-20 16:00:00+05:30,30.13,102.59999999999998,38.9
2026-04-20 17:00:00+05:30,34.0,113.7,41.5
2026-04-20 18:00:00+05:30,28.95,124.3,118.025
2026-04-20 19:00:00+05:30,31.525,149.6,85.85
2026-04-20 20:00:00+05:30,29.47,167.5,60.4
2026-04-20 21:00:00+05:30,26.6275,206.575,47.15
2026-04-20 22:00:00+05:30,31.82,353.75,123.1
2026-04-20 23:00:00+05:30,32.36000000000001,372.0,88.7
2026-04-21 00:00:00+05:30,32.166250000000005,358.1125,75.1125
2026-04-21 01:00:00+05:30,31.9725,344.225,61.525
2026-04-21 02:00:00+05:30,29.8175,289.65,112.8
2026-04-21 03:00:00+05:30,30.6775,200.825,55.275
2026-04-21 04:00:00+05:30,26.29,195.275,40.150000000000006
2026-04-21 05:00:00+05:30,30.6525,248.25,34.425
2026-04-21 06:00:00+05:30,29.7075,232.925,95.325
2026-04-21 07:00:00+05:30,29.4225,189.575,60.75
2026-04-21 08:00:00+05:30,28.4225,178.8,42.9
2026-04-21 09:00:00+05:30,29.8575,178.3,32.125
2026-04-21 10:00:00+05:30,29.315,155.8,128.35
2026-04-21 11:00:00+05:30,31.17,156.475,108.45
2026-04-21 12:00:00+05:30,28.8725,140.625,55.4
2026-04-21 13:00:00+05:30,29.83,140.175,58.025
2026-04-21 14:00:00+05:30,29.835,133.925,74.55
2026-04-21 15:00:00+05:30,29.875,127.675,91.075
2026-04-21 16:00:00+05:30,28.78,110.4,49.5
2026-04-21 17:00:00+05:30,31.2475,103.125,39.15
2026-04-21 18:00:00+05:30,33.1525,124.5,65.5875
2026-04-21 19:00:00+05:30,31.095,145.875,92.025
2026-04-21 20:00:00+05:30,30.542499999999997,176.05,71.1
2026-04-21 21:00:00+05:30,30.1975,172.875,46.2
2026-04-21 22:00:00+05:30,31.2275,172.375,105.35
2026-04-21 23:00:00+05:30,32.15,183.5,75.7
2026-04-22 00:00:00+05:30,30.14,201.2,56.8
2026-04-22 01:00:00+05:30,31.5425,220.375,54.025
2026-04-22 02:00:00+05:30,30.425,282.025,141.85
2026-04-22 03:00:00+05:30,28.67,180.375,64.8
2026-04-22 04:00:00+05:30,29.15,167.0,40.73333333333333
2026-04-22 05:00:00+05:30,31.046666666666667,185.69999999999996,36.5
2026-04-22 06:00:00+05:30,31.548333333333332,187.45,49.1
2026-04-22 07:00:00+05:30,32.05,189.2,61.7
2026-04-22 08:00:00+05:30,30.4025,158.225,36.575
2026-04-22 09:00:00+05:30,30.1625,137.025,24.9
2026-04-22 10:00:00+05:30,30.55,138.4375,55.762499999999996
2026-04-22 11:00:00+05:30,28.22,139.85,86.625
2026-04-22 12:00:00+05:30,31.2175,139.55,54.55
2026-04-22 13:00:00+05:30,29.36,206.475,85.4
2026-04-22 14:00:00+05:30,27.7725,167.5125,87.47500000000001
2026-04-22 15:00:00+05:30,31.4875,128.55,89.55000000000001
2026-04-22 16:00:00+05:30,31.0325,102.65,49.224999999999994
2026-04-22 17:00:00+05:30,29.595,102.4,39.925
2026-04-22 18:00:00+05:30,30.27,147.16250000000002,69.2875
2026-04-22 19:00:00+05:30,30.3825,191.925,98.65
2026-04-22 20:00:00+05:30,30.442500000000003,319.8,103.45
2026-04-22 21:00:00+05:30,31.5375,373.0,74.975
2026-04-22 22:00:00+05:30,29.9,592.225,166.45
2026-04-22 23:00:00+05:30,30.683333333333337,1397.0999999999997,112.8
2026-04-23 00:00:00+05:30,33.54,190.1,46.2
2026-04-23 01:00:00+05:30,29.5825,163.525,25.275
2026-04-23 02:00:00+05:30,28.55,344.375,175.7
2026-04-23 03:00:00+05:30,30.3975,201.475,57.625
2026-04-23 04:00:00+05:30,32.125,128.6,34.6
2026-04-23 05:00:00+05:30,31.8725,134.77499999999998,21.6
2026-04-23 06:00:00+05:30,30.9675,150.725,82.15
2026-04-23 07:00:00+05:30,30.5675,142.85,41.525
2026-04-23 08:00:00+05:30,30.765,133.15,31.975
2026-04-23 09:00:00+05:30,27.4375,147.325,26.75
2026-04-23 10:00:00+05:30,28.04208333333333,144.3625,45.50833333333333
2026-04-23 11:00:00+05:30,28.646666666666665,141.4,64.26666666666667
2026-04-23 12:00:00+05:30,31.2775,132.64999999999998,41.5
2026-04-23 13:00:00+05:30,31.58,127.775,31.95
2026-04-23 14:00:00+05:30,30.1175,117.0875,56.175
2026-04-23 15:00:00+05:30,29.34,106.4,80.4
2026-04-23 16:00:00+05:30,14.455,55.15,23.6
2026-04-23 17:00:00+05:30,28.736666666666668,121.0,39.7
2026-04-23 18:00:00+05:30,29.875,146.75,57.7875
2026-04-23 19:00:00+05:30,29.955,172.5,75.875
2026-04-23 20:00:00+05:30,31.766666666666666,284.8,84.26666666666667
2026-04-23 21:00:00+05:30,29.7525,159.04999999999998,37.375
2026-04-23 22:00:00+05:30,29.7925,135.175,80.8
2026-04-23 23:00:00+05:30,29.886666666666667,113.59999999999998,34.4
2026-04-24 00:00:00+05:30,29.013333333333335,109.19999999999999,26.25
2026-04-24 01:00:00+05:30,28.14,104.8,18.1
2026-04-24 02:00:00+05:30,31.1025,88.975,16.525
2026-04-24 03:00:00+05:30,28.80333333333333,101.3,20.733333333333334
2026-04-24 04:00:00+05:30,29.005,80.225,14.1
2026-04-24 05:00:00+05:30,30.5425,77.225,15.55
2026-04-24 06:00:00+05:30,30.6625,77.425,21.775
2026-04-24 07:00:00+05:30,30.075,84.025,17.650000000000002
2026-04-24 08:00:00+05:30,30.4175,87.875,21.6
2026-04-24 09:00:00+05:30,31.9125,100.675,20.95
2026-04-24 10:00:00+05:30,30.8675,103.475,45.775000000000006
2026-04-24 11:00:00+05:30,32.2675,106.575,51.95
2026-04-24 12:00:00+05:30,29.75,91.825,45.325
2026-04-24 13:00:00+05:30,29.76,89.8,37.9
2026-04-24 14:00:00+05:30,28.8125,95.1,52.012499999999996
2026-04-24 15:00:00+05:30,29.5075,100.4,66.125
2026-04-24 16:00:00+05:30,30.225,92.05,46.775
2026-04-24 17:00:00+05:30,29.0025,93.9,31.75
2026-04-24 18:00:00+05:30,31.8175,85.85,61.425
2026-04-24 19:00:00+05:30,32.3775,93.225,52.325
2026-04-24 20:00:00+05:30,29.3025,108.125,43.675
2026-04-24 21:00:00+05:30,29.9325,110.4,29.425
2026-04-24 22:00:00+05:30,30.32,113.075,45.075
2026-04-24 23:00:00+05:30,30.98,103.2,31.5
2026-04-25 00:00:00+05:30,31.310000000000002,102.75,26.25
2026-04-25 01:00:00+05:30,31.64,102.3,21.0
2026-04-25 02:00:00+05:30,28.9275,95.975,26.35
2026-04-25 03:00:00+05:30,29.5275,89.3,18.225
2026-04-25 04:00:00+05:30,30.28333333333333,101.0,20.2
2026-04-25 05:00:00+05:30,31.305,96.175,16.525
2026-04-25 06:00:00+05:30,31.545,94.6,20.9
2026-04-25 07:00:00+05:30,31.7275,90.525,22.125
2026-04-25 08:00:00+05:30,31.91,91.25,22.525
2026-04-25 09:00:00+05:30,29.285,96.15,25.425
2026-04-25 10:00:00+05:30,30.7975,99.95,40.225
2026-04-25 11:00:00+05:30,30.055,101.15,45.1
2026-04-25 12:00:00+05:30,30.945,100.575,43.125
2026-04-25 13:00:00+05:30,31.4275,101.85,34.85
2026-04-25 14:00:00+05:30,32.4675,99.0,77.275
2026-04-25 15:00:00+05:30,31.1,91.6,49.25
2026-04-25 16:00:00+05:30,29.28,90.26666666666668,36.2
2026-04-25 17:00:00+05:30,29.34,92.25,25.625
2026-04-25 18:00:00+05:30,30.82,91.65,51.775
2026-04-25 19:00:00+05:30,29.72,96.475,48.775
2026-04-25 20:00:00+05:30,31.606666666666666,101.5,35.1
2026-04-25 21:00:00+05:30,22.55,80.125,19.525
2026-04-25 22:00:00+05:30,30.505000000000003,109.4,53.55
2026-04-25 23:00:00+05:30,28.795,109.4,35.3
2026-04-26 00:00:00+05:30,28.262500000000003,103.15,27.049999999999997
2026-04-26 01:00:00+05:30,27.73,96.9,18.8
2026-04-26 02:00:00+05:30,29.2325,92.875,25.6
2026-04-26 03:00:00+05:30,32.24,85.8,25.6
2026-04-26 04:00:00+05:30,29.336666666666662,84.3,17.3
2026-04-26 05:00:00+05:30,28.8,90.1,19.575000000000003
2026-04-26 06:00:00+05:30,30.1325,93.725,16.2
2026-04-26 07:00:00+05:30,29.84,97.15,18.85
2026-04-26 08:00:00+05:30,32.2,98.35,25.325
2026-04-26 09:00:00+05:30,33.199999999999996,100.40000000000002,27.600000000000005
2026-04-26 10:00:00+05:30,32.1375,104.725,49.849999999999994
2026-04-26 11:00:00+05:30,18.62,85.66666666666667,77.53333333333333
2026-04-26 12:00:00+05:30,19.166666666666668,98.6,50.666666666666664
2026-04-26 13:00:00+05:30,29.45,152.15,53.650000000000006
2026-04-26 14:00:00+05:30,28.3425,150.625,144.25
2026-04-26 15:00:00+05:30,29.94666666666667,145.2,77.4
2026-04-26 16:00:00+05:30,20.64,101.2,31.6
2026-04-26 17:00:00+05:30,28.8325,132.075,27.425
2026-04-26 18:00:00+05:30,29.65,119.15,53.35
2026-04-26 19:00:00+05:30,30.096666666666668,105.8,35.4
2026-04-26 20:00:00+05:30,21.673333333333336,60.666666666666664,12.733333333333334
2026-04-26 21:00:00+05:30,22.221666666666668,58.699999999999996,13.033333333333335
2026-04-26 22:00:00+05:30,22.77,56.73333333333333,13.333333333333334
2026-04-26 23:00:00+05:30,29.21,77.3,17.9
2026-04-27 00:00:00+05:30,24.578333333333333,62.45,13.516666666666666
2026-04-27 01:00:00+05:30,19.94666666666667,47.6,9.133333333333333
2026-04-27 02:00:00+05:30,29.9825,66.55,13.025
2026-04-27 03:00:00+05:30,30.093333333333337,70.26666666666667,16.9
2026-04-27 04:00:00+05:30,35.36333333333334,69.8,15.1
2026-04-27 05:00:00+05:30,30.8725,68.89999999999999,13.3
2026-04-27 06:00:00+05:30,28.34,67.3,14.4
2026-04-27 07:00:00+05:30,34.085,65.4,14.4
2026-04-27 08:00:00+05:30,29.88,68.8,23.4
2026-04-27 09:00:00+05:30,28.5125,72.8,24.775
2026-04-27 10:00:00+05:30,19.72,50.2,22.866666666666664
2026-04-27 11:00:00+05:30,19.953333333333333,51.93333333333334,30.6
2026-04-27 12:00:00+05:30,24.006666666666668,68.96666666666667,42.650000000000006
2026-04-27 13:00:00+05:30,28.06,86.0,54.7
2026-04-27 14:00:00+05:30,14.37,75.6,44.77777777777778
2026-04-27 15:00:00+05:30,18.276666666666667,65.19999999999999,34.855555555555554
2026-04-27 16:00:00+05:30,22.183333333333337,54.79999999999999,24.933333333333337
2026-04-27 17:00:00+05:30,32.035,82.52499999999999,28.775
2026-04-27 18:00:00+05:30,29.956666666666667,81.33333333333333,26.633333333333336
2026-04-27 19:00:00+05:30,30.025,76.92500000000001,27.95
2026-04-27 20:00:00+05:30,29.245,77.45,20.275
2026-04-27 21:00:00+05:30,30.04,79.3,18.275
2026-04-27 22:00:00+05:30,28.35,76.725,15.2
2026-04-27 23:00:00+05:30,29.52,74.5,15.5
2026-04-28 00:00:00+05:30,29.98,71.9,12.3
2026-04-28 01:00:00+05:30,29.535,70.97500000000001,7.625
2026-04-28 02:00:00+05:30,30.465,67.475,9.1
2026-04-28 03:00:00+05:30,32.8775,66.275,9.8
2026-04-28 04:00:00+05:30,29.9425,65.375,8.625
2026-04-28 05:00:00+05:30,30.445,72.775,11.1
2026-04-28 06:00:00+05:30,28.6925,70.1,13.475
2026-04-28 07:00:00+05:30,28.7825,74.3,11.4
2026-04-28 08:00:00+05:30,29.9725,75.9,11.425
2026-04-28 09:00:00+05:30,31.45,76.325,17.05
2026-04-28 10:00:00+05:30,29.355,79.69999999999999,21.375
2026-04-28 11:00:00+05:30,30.9575,80.72500000000001,31.25
2026-04-28 12:00:00+05:30,30.425,86.425,39.7
2026-04-28 13:00:00+05:30,29.8725,90.0,40.1
2026-04-28 14:00:00+05:30,30.44,90.95,56.275
2026-04-28 15:00:00+05:30,28.89,91.025,55.025
2026-04-28 16:00:00+05:30,31.3125,86.45,48.325
2026-04-28 17:00:00+05:30,32.2525,84.325,38.725
2026-04-28 18:00:00+05:30,31.085,82.92500000000001,42.150000000000006
2026-04-28 19:00:00+05:30,29.67,83.1,36.9
2026-04-28 20:00:00+05:30,31.450000000000003,83.575,36.675
2026-04-28 21:00:00+05:30,29.980000000000004,85.35,31.475
2026-04-28 22:00:00+05:30,29.8725,82.025,26.5
2026-04-28 23:00:00+05:30,30.353333333333335,78.2,27.100000000000005
2026-04-29 00:00:00+05:30,31.67666666666667,75.95,21.200000000000003
2026-04-29 01:00:00+05:30,33.0,73.7,15.3
2026-04-29 02:00:00+05:30,30.2975,73.35000000000001,14.675
2026-04-29 03:00:00+05:30,28.905,72.875,13.825
2026-04-29 04:00:00+05:30,31.125,72.5,14.6
2026-04-29 05:00:00+05:30,29.755,75.15,12.3
2026-04-29 06:00:00+05:30,29.6875,77.25,12.8
2026-04-29 07:00:00+05:30,29.44333333333333,77.10000000000001,12.1
2026-04-29 08:00:00+05:30,30.5275,78.3,11.425
2026-04-29 09:00:00+05:30,29.4725,79.375,13.225
2026-04-29 10:00:00+05:30,30.5075,82.0,14.575
2026-04-29 11:00:00+05:30,30.1325,84.8,24.175
2026-04-29 12:00:00+05:30,30.6825,89.6,33.55
2026-04-29 13:00:00+05:30,30.415000000000003,97.425,38.35
2026-04-29 14:00:00+05:30,30.583333333333332,94.9,54.79999999999999
2026-04-29 15:00:00+05:30,30.5125,93.05,52.625
2026-04-29 16:00:00+05:30,29.34,92.4,45.35
2026-04-29 17:00:00+05:30,31.015,95.85,38.3
2026-04-29 18:00:00+05:30,30.119999999999997,99.725,39.075
2026-04-29 19:00:00+05:30,28.8625,113.3,36.5
2026-04-29 20:00:00+05:30,31.235,90.35,24.325
2026-04-29 21:00:00+05:30,31.557499999999997,75.2,14.85
2026-04-29 22:00:00+05:30,31.2975,60.675,9.4
2026-04-29 23:00:00+05:30,28.646666666666665,55.6,8.9
2026-04-30 00:00:00+05:30,33.28,51.1,7.7
2026-04-30 01:00:00+05:30,30.9375,51.875,7.5
2026-04-30 02:00:00+05:30,31.0625,52.975,5.5
2026-04-30 03:00:00+05:30,29.295,51.05,4.7
2026-04-30 04:00:00+05:30,29.0525,50.975,4.6
2026-04-30 05:00:00+05:30,29.3275,56.725,5.0
2026-04-30 06:00:00+05:30,32.1125,53.225,5.35
2026-04-30 07:00:00+05:30,31.815,55.625,22.575000000000003
2026-04-30 08:00:00+05:30,30.5575,56.55,22.4
2026-04-30 09:00:00+05:30,30.2975,60.1,22.125
2026-04-30 10:00:00+05:30,28.073333333333338,59.29999999999999,26.3
2026-04-30 11:00:00+05:30,30.05333333333333,57.6,31.03333333333333
2026-04-30 12:00:00+05:30,30.495,57.775,34.4
2026-04-30 13:00:00+05:30,29.9975,59.8,34.824999999999996
2026-04-30 14:00:00+05:30,30.29,58.225,37.3
2026-04-30 15:00:00+05:30,30.815,58.325,36.575
2026-04-30 16:00:00+05:30,29.725,60.025000000000006,31.975
2026-04-30 17:00:00+05:30,31.0925,70.175,26.675
2026-04-30 18:00:00+05:30,30.51,67.425,24.0
2026-04-30 19:00:00+05:30,30.6,65.825,23.35
2026-04-30 20:00:00+05:30,29.34,65.0,19.075000000000003
2026-04-30 21:00:00+05:30,29.8,69.72500000000001,17.775
2026-04-30 22:00:00+05:30,30.5225,68.6,15.3
2026-04-30 23:00:00+05:30,30.266666666666666,71.0,14.5
2026-05-01 00:00:00+05:30,28.07,73.5,13.5
2026-05-01 01:00:00+05:30,30.97,80.4,14.2
2026-05-01 02:00:00+05:30,31.063333333333333,86.06666666666666,12.9
2026-05-01 03:00:00+05:30,29.5725,90.9,13.2
2026-05-01 04:00:00+05:30,29.855,83.425,12.7
2026-05-01 05:00:00+05:30,31.125,82.175,12.2
2026-05-01 06:00:00+05:30,31.39,76.77499999999999,11.925
2026-05-01 07:00:00+05:30,28.3125,74.02499999999999,13.025
2026-05-01 08:00:00+05:30,31.0875,73.1,14.925
2026-05-01 09:00:00+05:30,32.1725,75.57499999999999,16.05
2026-05-01 10:00:00+05:30,29.96,75.25,21.025
2026-05-01 11:00:00+05:30,29.6725,74.05,21.8
2026-05-01 12:00:00+05:30,31.0125,75.15,23.575000000000003
2026-05-01 13:00:00+05:30,29.95,77.25,21.5
2026-05-01 14:00:00+05:30,30.6525,77.8,21.275
2026-05-01 15:00:00+05:30,30.4075,77.42500000000001,20.8
2026-05-01 16:00:00+05:30,31.540000000000003,70.1,22.7
2026-05-01 17:00:00+05:30,32.25333333333333,76.8,20.266666666666666
2026-05-01 18:00:00+05:30,29.76,64.85000000000001,18.075000000000003
2026-05-01 19:00:00+05:30,31.9675,60.275,13.675
2026-05-01 20:00:00+05:30,30.5375,58.775000000000006,11.125
2026-05-01 21:00:00+05:30,31.51,74.775,11.8
2026-05-01 22:00:00+05:30,29.51,153.15,10.0
2026-05-01 23:00:00+05:30,29.076666666666668,48.29999999999999,10.3
2026-05-02 00:00:00+05:30,29.67,58.6,10.4
2026-05-02 01:00:00+05:30,28.4,58.45,10.1
2026-05-02 02:00:00+05:30,28.52,51.35,10.975
2026-05-02 03:00:00+05:30,28.47666666666667,56.833333333333336,9.6
2026-05-02 04:00:00+05:30,31.375,59.55,9.6
2026-05-02 05:00:00+05:30,29.4525,56.0,9.3
2026-05-02 06:00:00+05:30,30.5475,51.025,10.375
2026-05-02 07:00:00+05:30,30.72,56.6,8.5
2026-05-02 08:00:00+05:30,31.7775,64.07499999999999,9.225
2026-05-02 09:00:00+05:30,31.8275,66.5,11.65
2026-05-02 10:00:00+05:30,31.12,74.1,18.85
2026-05-02 11:00:00+05:30,29.5825,64.575,24.55
2026-05-02 12:00:00+05:30,31.9775,67.19999999999999,32.2
2026-05-02 13:00:00+05:30,27.47,75.1,32.375
2026-05-02 14:00:00+05:30,29.825,67.075,41.0
2026-05-02 15:00:00+05:30,31.9075,62.35,41.1
2026-05-02 16:00:00+05:30,32.575,68.05,39.45
2026-05-02 17:00:00+05:30,,,
2026-05-02 18:00:00+05:30,,,
2026-05-02 19:00:00+05:30,,,
2026-05-02 20:00:00+05:30,,,
2026-05-02 21:00:00+05:30,,,
2026-05-02 22:00:00+05:30,,,
2026-05-02 23:00:00+05:30,28.06,69.0,16.6
2026-05-03 00:00:00+05:30,31.48,64.6,15.0
2026-05-03 01:00:00+05:30,29.22,64.4,12.575
2026-05-03 02:00:00+05:30,30.615,59.400000000000006,12.075
2026-05-03 03:00:00+05:30,31.6725,57.1,9.5
2026-05-03 04:00:00+05:30,30.2525,57.25,8.3
2026-05-03 05:00:00+05:30,30.35,58.05,9.0
2026-05-03 06:00:00+05:30,29.5025,55.475,8.4
2026-05-03 07:00:00+05:30,29.8175,57.7,9.6
2026-05-03 08:00:00+05:30,28.2975,58.35,10.2
2026-05-03 09:00:00+05:30,31.2225,64.53333333333333,11.699999999999998
2026-05-03 10:00:00+05:30,30.3425,66.225,12.8
2026-05-03 11:00:00+05:30,28.025,69.75,13.8
2026-05-03 12:00:00+05:30,30.975,72.325,16.2
2026-05-03 13:00:00+05:30,30.2425,73.35000000000001,16.225
2026-05-03 14:00:00+05:30,30.862499999999997,72.875,18.8
2026-05-03 15:00:00+05:30,28.7425,73.7,18.825
2026-05-03 16:00:00+05:30,29.95,78.9,21.8
2026-05-03 17:00:00+05:30,29.1675,79.675,20.7
2026-05-03 18:00:00+05:30,30.354999999999997,73.625,21.475
2026-05-03 19:00:00+05:30,32.16,77.6,20.1
2026-05-03 20:00:00+05:30,27.8775,75.65,18.4
2026-05-03 21:00:00+05:30,30.56,73.39999999999999,17.3
2026-05-03 22:00:00+05:30,30.6975,72.1,16.2
2026-05-03 23:00:00+05:30,28.99666666666667,72.0,15.9
2026-05-04 00:00:00+05:30,33.53,68.4,15.3
2026-05-04 01:00:00+05:30,29.6825,68.225,13.5
2026-05-04 02:00:00+05:30,30.54,63.55,12.7
2026-05-04 03:00:00+05:30,32.1625,63.675,12.175
2026-05-04 04:00:00+05:30,32.6025,61.65,10.225
2026-05-04 05:00:00+05:30,31.4225,62.75,13.875
2026-05-04 06:00:00+05:30,30.565,62.575,12.5
2026-05-04 07:00:00+05:30,28.3175,64.125,13.225
2026-05-04 08:00:00+05:30,28.2875,68.45,14.825
2026-05-04 09:00:00+05:30,31.7475,73.10000000000001,15.85
2026-05-04 10:00:00+05:30,30.48,75.975,22.15
2026-05-04 11:00:00+05:30,31.4575,85.4,27.424999999999997
2026-05-04 12:00:00+05:30,29.0025,86.2,30.0
2026-05-04 13:00:00+05:30,29.05,91.7,30.0
2026-05-04 14:00:00+05:30,29.4,93.8,39.6
2026-05-04 15:00:00+05:30,32.57,94.93333333333334,39.0
2026-05-04 16:00:00+05:30,30.645,96.075,36.775
2026-05-04 17:00:00+05:30,30.046666666666667,91.13333333333333,30.46666666666667
2026-05-04 18:00:00+05:30,30.89,76.2,19.65
2026-05-04 19:00:00+05:30,30.136666666666667,66.73333333333333,12.666666666666666
2026-05-04 20:00:00+05:30,30.2375,56.525,12.075
2026-05-04 21:00:00+05:30,33.1175,57.25,8.875
2026-05-04 22:00:00+05:30,29.015,53.95,7.3
2026-05-04 23:00:00+05:30,32.39333333333334,50.5,6.7
2026-05-05 00:00:00+05:30,32.31,53.7,7.8
2026-05-05 01:00:00+05:30,30.585,54.55,6.8
2026-05-05 02:00:00+05:30,29.49,51.599999999999994,6.4
2026-05-05 03:00:00+05:30,31.3525,49.95,5.775
2026-05-05 04:00:00+05:30,32.915,49.5,5.625
2026-05-05 05:00:00+05:30,30.605,50.224999999999994,6.175
2026-05-05 06:00:00+05:30,30.9075,49.8,5.6
2026-05-05 07:00:00+05:30,29.435,52.225,6.85
2026-05-05 08:00:00+05:30,31.61,53.25,11.925
2026-05-05 09:00:00+05:30,29.9875,57.575,14.125
2026-05-05 10:00:00+05:30,30.2925,57.875,16.025
2026-05-05 11:00:00+05:30,26.244999999999997,60.9,18.7
2026-05-05 12:00:00+05:30,28.266666666666666,60.4,19.9
2026-05-05 13:00:00+05:30,31.582500000000003,62.375,19.4
2026-05-05 14:00:00+05:30,30.73,61.6,19.3
2026-05-05 15:00:00+05:30,30.59,63.075,17.4
2026-05-05 16:00:00+05:30,30.316666666666663,62.833333333333336,18.7
2026-05-05 17:00:00+05:30,29.1,63.7,18.3
2026-05-05 18:00:00+05:30,,,
2026-05-05 19:00:00+05:30,,,
2026-05-05 20:00:00+05:30,,,
2026-05-05 21:00:00+05:30,,,
2026-05-05 22:00:00+05:30,,,
2026-05-05 23:00:00+05:30,,,
2026-05-06 00:00:00+05:30,,,
2026-05-06 01:00:00+05:30,,,
2026-05-06 02:00:00+05:30,,,
2026-05-06 03:00:00+05:30,,,
2026-05-06 04:00:00+05:30,,,
2026-05-06 05:00:00+05:30,,,
2026-05-06 06:00:00+05:30,,,
2026-05-06 07:00:00+05:30,,,
2026-05-06 08:00:00+05:30,,,
2026-05-06 09:00:00+05:30,,,
2026-05-06 10:00:00+05:30,,,
2026-05-06 11:00:00+05:30,32.7,61.349999999999994,35.5
2026-05-06 12:00:00+05:30,29.51,53.65,35.575
2026-05-06 13:00:00+05:30,32.9125,53.125,31.35
2026-05-06 14:00:00+05:30,30.1625,58.35,36.675
2026-05-06 15:00:00+05:30,31.2325,55.38333333333333,39.53333333333333
2026-05-06 16:00:00+05:30,30.72666666666667,52.41666666666667,42.391666666666666
2026-05-06 17:00:00+05:30,28.27,49.45,45.25
2026-05-06 18:00:00+05:30,28.36,48.125,45.875
2026-05-06 19:00:00+05:30,29.25,53.3,35.2
2026-05-06 20:00:00+05:30,,,
2026-05-06 21:00:00+05:30,,,
2026-05-06 22:00:00+05:30,,,
2026-05-06 23:00:00+05:30,,,
2026-05-07 00:00:00+05:30,,,
2026-05-07 01:00:00+05:30,30.63,52.0,6.0
2026-05-07 02:00:00+05:30,30.7475,51.475,9.25
2026-05-07 03:00:00+05:30,30.91,47.36666666666667,4.866666666666667
2026-05-07 04:00:00+05:30,30.885,48.25,3.625
2026-05-07 05:00:00+05:30,29.4475,48.125,4.8
2026-05-07 06:00:00+05:30,29.5475,50.55,3.825
2026-05-07 07:00:00+05:30,29.5025,49.5,6.925000000000001
2026-05-07 08:00:00+05:30,31.095,52.975,10.25
2026-05-07 09:00:00+05:30,29.92,55.725,17.45
2026-05-07 10:00:00+05:30,27.72,53.6,21.3
2026-05-07 11:00:00+05:30,32.18,56.9,21.4
2026-05-07 12:00:00+05:30,30.923333333333332,53.4,28.7
2026-05-07 13:00:00+05:30,31.44333333333333,54.1,28.2
2026-05-07 14:00:00+05:30,32.446666666666665,56.20000000000001,33.4
2026-05-07 15:00:00+05:30,29.24,56.29999999999999,34.1
2026-05-07 16:00:00+05:30,31.983333333333334,57.633333333333326,30.133333333333336
2026-05-07 17:00:00+05:30,33.947500000000005,59.325,24.375
2026-05-07 18:00:00+05:30,,,
2026-05-07 19:00:00+05:30,,,
2026-05-07 20:00:00+05:30,,,
2026-05-07 21:00:00+05:30,,,
2026-05-07 22:00:00+05:30,,,
2026-05-07 23:00:00+05:30,,,
2026-05-08 00:00:00+05:30,29.47,89.8,23.3
2026-05-08 01:00:00+05:30,27.9975,90.275,21.675
2026-05-08 02:00:00+05:30,33.305,114.675,20.924999999999997
2026-05-08 03:00:00+05:30,28.96666666666667,290.5,24.7
2026-05-08 04:00:00+05:30,27.035,108.7,23.6
2026-05-08 05:00:00+05:30,31.8275,124.15,19.325
2026-05-08 06:00:00+05:30,31.0675,102.05,20.725
2026-05-08 07:00:00+05:30,30.5975,93.775,22.95
2026-05-08 08:00:00+05:30,30.43,92.475,27.5
2026-05-08 09:00:00+05:30,29.335,85.85,28.175
2026-05-08 10:00:00+05:30,28.293333333333333,71.46666666666667,70.86666666666666
2026-05-08 11:00:00+05:30,30.175,70.07499999999999,49.35
2026-05-08 12:00:00+05:30,29.4425,70.425,33.150000000000006
2026-05-08 13:00:00+05:30,29.385,77.75,27.325000000000003
2026-05-08 14:00:00+05:30,28.78,82.25,56.1
2026-05-08 15:00:00+05:30,29.4375,74.07499999999999,52.025000000000006
2026-05-08 16:00:00+05:30,29.515,65.89999999999999,47.95
2026-05-08 17:00:00+05:30,31.39,62.900000000000006,6.825
2026-05-08 18:00:00+05:30,31.9075,51.25,8.825000000000001
2026-05-08 19:00:00+05:30,32.769999999999996,54.6,12.075
2026-05-08 20:00:00+05:30,32.765,48.625,9.425
2026-05-08 21:00:00+05:30,29.905,44.6,11.575
2026-05-08 22:00:00+05:30,28.8125,44.775,7.425000000000001
2026-05-08 23:00:00+05:30,29.85,46.20000000000001,9.7
2026-05-09 00:00:00+05:30,29.01,51.1,6.5
2026-05-09 01:00:00+05:30,28.8275,47.25,10.65
2026-05-09 02:00:00+05:30,31.3925,44.575,4.525
2026-05-09 03:00:00+05:30,31.536666666666665,45.73333333333333,7.900000000000001
2026-05-09 04:00:00+05:30,30.705,51.975,7.5
2026-05-09 05:00:00+05:30,30.255,54.3,7.6
2026-05-09 06:00:00+05:30,29.395,55.400000000000006,7.25
2026-05-09 07:00:00+05:30,29.2375,56.875,14.275
2026-05-09 08:00:00+05:30,28.883333333333336,54.5,13.0
2026-05-09 09:00:00+05:30,29.76,58.974999999999994,19.25
2026-05-09 10:00:00+05:30,31.185,60.65,26.7
2026-05-09 11:00:00+05:30,28.7625,63.575,26.125
2026-05-09 12:00:00+05:30,31.293333333333333,63.1,28.7
2026-05-09 13:00:00+05:30,29.71,66.275,32.875
2026-05-09 14:00:00+05:30,29.36,67.45,39.825
2026-05-09 15:00:00+05:30,30.78,79.225,32.6
2026-05-09 16:00:00+05:30,30.896666666666665,69.1,33.4
2026-05-09 17:00:00+05:30,29.6775,67.2,27.075000000000003
2026-05-09 18:00:00+05:30,32.54,64.7,25.2
2026-05-09 19:00:00+05:30,29.675,62.725,25.5
2026-05-09 20:00:00+05:30,28.7075,63.525000000000006,23.575000000000003
2026-05-09 21:00:00+05:30,30.11,66.4,21.275
2026-05-09 22:00:00+05:30,28.3725,69.675,18.2
2026-05-09 23:00:00+05:30,30.870000000000005,69.5,18.2
2026-05-10 00:00:00+05:30,29.58,68.8,18.0
2026-05-10 01:00:00+05:30,30.515,70.775,15.925
2026-05-10 02:00:00+05:30,29.5475,78.375,17.6
2026-05-10 03:00:00+05:30,30.0075,82.825,15.3
2026-05-10 04:00:00+05:30,30.3025,79.35,16.275
2026-05-10 05:00:00+05:30,32.81,75.8,14.6
2026-05-10 06:00:00+05:30,29.975,75.3,14.8
2026-05-10 07:00:00+05:30,30.5725,71.275,15.425
2026-05-10 08:00:00+05:30,28.7225,69.3,18.125
2026-05-10 09:00:00+05:30,33.0775,70.95,20.05
2026-05-10 10:00:00+05:30,30.01,71.25,25.0
2026-05-10 11:00:00+05:30,30.065,69.625,38.275
2026-05-10 12:00:00+05:30,28.715,,
2026-05-10 13:00:00+05:30,29.275,,
2026-05-10 14:00:00+05:30,31.26,,
2026-05-10 15:00:00+05:30,31.185,,
2026-05-10 16:00:00+05:30,29.4475,65.85000000000001,48.375
2026-05-10 17:00:00+05:30,31.0625,69.225,33.325
2026-05-10 18:00:00+05:30,31.745,70.52499999999999,29.450000000000003
2026-05-10 19:00:00+05:30,30.235,71.82499999999999,25.575000000000003
2026-05-10 20:00:00+05:30,31.1775,73.125,21.7
2026-05-10 21:00:00+05:30,30.625,74.425,17.825
2026-05-10 22:00:00+05:30,31.0375,73.775,35.175
2026-05-10 23:00:00+05:30,31.653333333333336,72.7,42.2
2026-05-11 00:00:00+05:30,33.57,73.1,22.3
2026-05-11 01:00:00+05:30,33.105000000000004,72.7,16.025
2026-05-11 02:00:00+05:30,29.9375,72.05,32.125
2026-05-11 03:00:00+05:30,29.3825,72.27499999999999,33.608333333333334
2026-05-11 04:00:00+05:30,30.415,72.5,35.09166666666667
2026-05-11 05:00:00+05:30,30.66,72.725,36.575
2026-05-11 06:00:00+05:30,30.8775,69.625,45.825
2026-05-11 07:00:00+05:30,29.815,76.60000000000001,48.45
2026-05-11 08:00:00+05:30,30.01,79.41250000000001,63.1625
2026-05-11 09:00:00+05:30,29.75,82.22500000000001,77.875
2026-05-11 10:00:00+05:30,32.2575,82.69166666666668,76.18333333333334
2026-05-11 11:00:00+05:30,32.49666666666667,83.15833333333333,74.49166666666666
2026-05-11 12:00:00+05:30,29.9,83.625,72.8
2026-05-11 13:00:00+05:30,30.335,81.225,43.375
2026-05-11 14:00:00+05:30,22.7725,79.35,46.583333333333336
2026-05-11 15:00:00+05:30,33.36666666666667,77.475,49.791666666666664
2026-05-11 16:00:00+05:30,31.28333333333333,75.6,53.0
2026-05-11 17:00:00+05:30,30.5025,73.6,50.9
2026-05-11 18:00:00+05:30,29.8125,91.85,47.9625
2026-05-11 19:00:00+05:30,32.72,110.1,45.025
2026-05-11 20:00:00+05:30,30.085,138.625,70.64999999999999
2026-05-11 21:00:00+05:30,29.8825,143.3,80.4
2026-05-11 22:00:00+05:30,33.11666666666667,141.8,91.9
2026-05-11 23:00:00+05:30,27.745,148.2,40.75
2026-05-12 00:00:00+05:30,31.97,151.2,50.6
2026-05-12 01:00:00+05:30,28.87,152.475,42.9
2026-05-12 02:00:00+05:30,27.3825,150.57500000000002,32.425
2026-05-12 03:00:00+05:30,30.5825,148.6,35.625
2026-05-12 04:00:00+05:30,29.54,146.29999999999998,34.625
2026-05-12 05:00:00+05:30,30.845,143.325,26.025
2026-05-12 06:00:00+05:30,30.6,146.3,22.75
2026-05-12 07:00:00+05:30,29.0025,146.65,28.0
2026-05-12 08:00:00+05:30,28.99,123.75,47.45
2026-05-12 09:00:00+05:30,30.4225,133.29999999999998,42.425
2026-05-12 10:00:00+05:30,30.725,130.275,41.974999999999994
2026-05-12 11:00:00+05:30,28.91333333333333,132.6,46.3
2026-05-12 12:00:00+05:30,31.869999999999997,133.9,58.95
2026-05-12 13:00:00+05:30,28.7,133.8,64.05
2026-05-12 14:00:00+05:30,31.953333333333337,126.5,56.666666666666664
2026-05-12 15:00:00+05:30,29.426666666666662,121.59999999999998,43.26666666666667
2026-05-12 16:00:00+05:30,29.28583333333333,120.39166666666665,39.91666666666667
2026-05-12 17:00:00+05:30,29.144999999999996,119.18333333333334,36.56666666666667
2026-05-12 18:00:00+05:30,29.004166666666666,117.97500000000001,33.21666666666667
2026-05-12 19:00:00+05:30,28.863333333333333,116.76666666666668,29.866666666666664
2026-05-12 20:00:00+05:30,29.9725,118.1,29.325000000000003
2026-05-12 21:00:00+05:30,30.37,123.525,32.85
2026-05-12 22:00:00+05:30,31.416666666666668,126.09999999999998,37.2
2026-05-12 23:00:00+05:30,30.05333333333333,111.59999999999998,37.86666666666667
2026-05-13 00:00:00+05:30,29.736666666666665,105.69999999999999,33.28333333333333
2026-05-13 01:00:00+05:30,29.42,99.8,28.7
2026-05-13 02:00:00+05:30,32.54,99.73333333333332,26.366666666666664
2026-05-13 03:00:00+05:30,27.64,97.43333333333332,23.633333333333336
2026-05-13 04:00:00+05:30,30.815,94.975,21.4
2026-05-13 05:00:00+05:30,32.315,92.625,20.45
2026-05-13 06:00:00+05:30,32.945,92.6,20.35
2026-05-13 07:00:00+05:30,29.215,116.775,22.975
2026-05-13 08:00:00+05:30,31.130000000000003,114.73750000000001,29.4375
2026-05-13 09:00:00+05:30,28.72,112.7,35.9
2026-05-13 10:00:00+05:30,31.653333333333336,116.09999999999998,44.1
2026-05-13 11:00:00+05:30,31.80333333333333,110.13333333333333,65.36666666666666
2026-05-13 12:00:00+05:30,30.213333333333335,112.0,102.26666666666668
2026-05-13 13:00:00+05:30,30.49666666666667,120.2,71.13333333333334
2026-05-13 14:00:00+05:30,31.445,103.175,47.6
2026-05-13 15:00:00+05:30,31.7325,106.1,57.25
2026-05-13 16:00:00+05:30,30.08666666666667,102.8,88.89999999999999
2026-05-13 17:00:00+05:30,30.51,113.225,68.625
2026-05-13 18:00:00+05:30,30.6975,109.7,47.4
2026-05-13 19:00:00+05:30,28.52,119.55,31.549999999999997
2026-05-13 20:00:00+05:30,30.89,128.36666666666667,32.266666666666666
2026-05-13 21:00:00+05:30,33.945,157.5,30.200000000000003
2026-05-13 22:00:00+05:30,32.0175,128.7,24.675
2026-05-13 23:00:00+05:30,28.456666666666667,104.40000000000002,19.0
2026-05-14 00:00:00+05:30,30.123333333333335,95.85000000000001,16.25
2026-05-14 01:00:00+05:30,31.79,87.3,13.5
2026-05-14 02:00:00+05:30,30.7725,85.675,12.725
2026-05-14 03:00:00+05:30,31.3325,84.475,10.05
2026-05-14 04:00:00+05:30,29.3875,69.14999999999999,7.4
2026-05-14 05:00:00+05:30,29.02333333333333,67.13333333333333,7.833333333333333
2026-05-14 06:00:00+05:30,31.35,79.5,10.275
2026-05-14 07:00:00+05:30,30.7825,91.375,15.675
2026-05-14 08:00:00+05:30,30.8925,85.0,22.9
2026-05-14 09:00:00+05:30,27.835,93.625,26.825
2026-05-14 10:00:00+05:30,30.73,96.55,32.974999999999994
2026-05-14 11:00:00+05:30,28.2,92.625,36.825
2026-05-14 12:00:00+05:30,28.5725,101.2,41.525
2026-05-14 13:00:00+05:30,30.2325,110.25,39.275
2026-05-14 14:00:00+05:30,29.485,98.375,34.849999999999994
2026-05-14 15:00:00+05:30,30.7325,98.05,35.175
2026-05-14 16:00:00+05:30,31.015,98.625,35.7
2026-05-14 17:00:00+05:30,31.425,109.75,34.425000000000004
2026-05-14 18:00:00+05:30,29.24,105.575,29.525
2026-05-14 19:00:00+05:30,29.5375,106.85,26.0
2026-05-14 20:00:00+05:30,30.4475,106.5,25.85
2026-05-14 21:00:00+05:30,29.185,109.775,23.475
2026-05-14 22:00:00+05:30,29.4675,110.5,23.425
2026-05-14 23:00:00+05:30,31.53,112.2,24.0
2026-05-15 00:00:00+05:30,30.5,96.9,20.0
2026-05-15 01:00:00+05:30,31.9625,80.6,20.0
2026-05-15 02:00:00+05:30,32.5525,91.525,19.425
2026-05-15 03:00:00+05:30,29.93,91.65,18.4
2026-05-15 04:00:00+05:30,29.81,103.275,17.725
2026-05-15 05:00:00+05:30,30.0725,103.1,16.95
2026-05-15 06:00:00+05:30,29.126666666666665,97.56666666666666,17.366666666666667
2026-05-15 07:00:00+05:30,29.4425,98.85,19.725
2026-05-15 08:00:00+05:30,28.7575,96.75,22.025
2026-05-15 09:00:00+05:30,30.1975,100.8,22.9
2026-05-15 10:00:00+05:30,30.26,105.725,24.975
2026-05-15 11:00:00+05:30,29.94,94.3,50.4
2026-05-15 12:00:00+05:30,32.235,99.875,84.375
2026-05-15 13:00:00+05:30,29.82,103.875,65.85
2026-05-15 14:00:00+05:30,29.055,101.3,55.0
2026-05-15 15:00:00+05:30,29.805,101.63333333333333,47.93333333333333
2026-05-15 16:00:00+05:30,28.035,101.96666666666667,40.86666666666667
2026-05-15 17:00:00+05:30,30.265,102.3,33.8
2026-05-15 18:00:00+05:30,28.6425,156.3,64.9375
2026-05-15 19:00:00+05:30,28.92,210.3,96.075
2026-05-15 20:00:00+05:30,27.23,234.9,67.46666666666665
2026-05-15 21:00:00+05:30,29.2375,203.5,38.15
2026-05-15 22:00:00+05:30,28.8975,208.9,91.05
2026-05-15 23:00:00+05:30,31.933333333333337,216.9,75.03333333333333
2026-05-16 00:00:00+05:30,31.92666666666667,212.05,49.96666666666667
2026-05-16 01:00:00+05:30,31.92,207.2,24.9
2026-05-16 02:00:00+05:30,32.86,182.5,37.025000000000006
2026-05-16 03:00:00+05:30,31.455,145.4,18.65
2026-05-16 04:00:00+05:30,29.5275,130.7,26.775
2026-05-16 05:00:00+05:30,28.6775,124.0,18.3
2026-05-16 06:00:00+05:30,29.145,145.8,23.575
2026-05-16 07:00:00+05:30,32.43,141.0,25.933333333333337
2026-05-16 08:00:00+05:30,31.66,133.1,35.7
2026-05-16 09:00:00+05:30,30.852500000000003,124.1,41.825
2026-05-16 10:00:00+05:30,30.4525,123.4,122.05
2026-05-16 11:00:00+05:30,30.6475,122.8,83.325
2026-05-16 12:00:00+05:30,32.24666666666666,129.2,69.0
2026-05-16 13:00:00+05:30,29.9375,132.9,110.825
2026-05-16 14:00:00+05:30,29.3275,137.5,119.1625
2026-05-16 15:00:00+05:30,31.2375,142.1,127.5
2026-05-16 16:00:00+05:30,29.3975,135.5,76.525
2026-05-16 17:00:00+05:30,30.4375,128.7,44.7
2026-05-16 18:00:00+05:30,33.31,130.85,60.0875
2026-05-16 19:00:00+05:30,31.685,133.0,75.475
2026-05-16 20:00:00+05:30,30.7575,138.8,49.925
2026-05-16 21:00:00+05:30,30.265,138.5,34.35
2026-05-16 22:00:00+05:30,28.3375,147.6,58.125
2026-05-16 23:00:00+05:30,30.926666666666662,144.2,49.26666666666667
2026-05-17 00:00:00+05:30,29.2,136.7,28.5
2026-05-17 01:00:00+05:30,30.453333333333333,137.3,31.0
2026-05-17 02:00:00+05:30,32.7425,133.5,25.425
2026-05-17 03:00:00+05:30,30.3475,137.9,28.9
2026-05-17 04:00:00+05:30,31.07,137.3,28.625
2026-05-17 05:00:00+05:30,30.2325,132.9,25.475
2026-05-17 06:00:00+05:30,31.0875,130.7,32.6
2026-05-17 07:00:00+05:30,28.445,126.0,31.375
2026-05-17 08:00:00+05:30,32.45,123.0,30.25
2026-05-17 09:00:00+05:30,30.6675,123.0,30.3
2026-05-17 10:00:00+05:30,30.715,124.4,54.25
2026-05-17 11:00:00+05:30,31.0875,129.05,84.225
2026-05-17 12:00:00+05:30,28.929999999999996,133.7,114.2
2026-05-17 13:00:00+05:30,32.223333333333336,139.9,46.133333333333326
2026-05-17 14:00:00+05:30,31.095,140.25,83.69166666666666
2026-05-17 15:00:00+05:30,30.5625,140.6,121.25
2026-05-17 16:00:00+05:30,29.69666666666667,133.1,101.93333333333334
2026-05-17 17:00:00+05:30,30.25,127.8,54.36666666666667
2026-05-17 18:00:00+05:30,29.2825,126.675,140.375
2026-05-17 19:00:00+05:30,31.31,125.55,67.65
2026-05-17 20:00:00+05:30,29.9475,124.425,41.425
2026-05-17 21:00:00+05:30,29.25,123.3,35.7
2026-05-17 22:00:00+05:30,29.5875,200.1,54.925
2026-05-17 23:00:00+05:30,31.275,173.2,39.4
2026-05-18 00:00:00+05:30,33.16,144.8,25.9
2026-05-18 01:00:00+05:30,31.5425,148.8,25.7
2026-05-18 02:00:00+05:30,32.3425,138.6,25.775
2026-05-18 03:00:00+05:30,31.345,126.0,22.575
2026-05-18 04:00:00+05:30,30.4075,122.2,26.375
2026-05-18 05:00:00+05:30,30.64,120.7,24.6
2026-05-18 06:00:00+05:30,29.46,139.1,25.25
2026-05-18 07:00:00+05:30,30.942500000000003,129.6,27.0
2026-05-18 08:00:00+05:30,29.6375,134.9,28.525
2026-05-18 09:00:00+05:30,30.5625,140.3,30.950000000000003
2026-05-18 10:00:00+05:30,31.692500000000003,135.7,43.325
2026-05-18 11:00:00+05:30,29.56,129.4,56.025000000000006
2026-05-18 12:00:00+05:30,28.475,124.4,66.0
2026-05-18 13:00:00+05:30,29.2775,136.2,96.35
2026-05-18 14:00:00+05:30,31.84,130.73333333333332,80.45
2026-05-18 15:00:00+05:30,33.38333333333333,125.26666666666667,64.55
2026-05-18 16:00:00+05:30,30.49,119.8,48.65
2026-05-18 17:00:00+05:30,29.9575,116.9,101.075
2026-05-18 18:00:00+05:30,32.6975,117.5,89.35
2026-05-18 19:00:00+05:30,29.2875,127.7,54.125
2026-05-18 20:00:00+05:30,29.9275,129.3,33.824999999999996
2026-05-18 21:00:00+05:30,29.7875,148.2,31.95
2026-05-18 22:00:00+05:30,30.069999999999997,147.1,34.550000000000004
2026-05-18 23:00:00+05:30,30.705,136.8,23.633333333333336
2026-05-19 00:00:00+05:30,31.29,120.5,17.5
2026-05-19 01:00:00+05:30,29.7375,115.2,19.775
2026-05-19 02:00:00+05:30,32.55,112.7,20.275
2026-05-19 03:00:00+05:30,31.0175,100.3,17.65
2026-05-19 04:00:00+05:30,30.2575,103.4,16.175
2026-05-19 05:00:00+05:30,31.965,104.4,17.9
2026-05-19 06:00:00+05:30,29.729999999999997,106.9,18.175
2026-05-19 07:00:00+05:30,29.8825,102.7,19.15
2026-05-19 08:00:00+05:30,29.942500000000003,99.3,17.675
2026-05-19 09:00:00+05:30,30.9475,108.0,21.1
2026-05-19 10:00:00+05:30,29.49666666666667,112.40000000000002,24.566666666666663
2026-05-19 11:00:00+05:30,30.255000000000003,123.8,27.075
2026-05-19 12:00:00+05:30,31.9225,124.2,32.4
2026-05-19 13:00:00+05:30,32.96,126.2,46.95
2026-05-19 14:00:00+05:30,33.87,123.1,85.3
2026-05-19 15:00:00+05:30,30.6875,121.6,54.425
2026-05-19 16:00:00+05:30,31.3825,116.2,45.875
2026-05-19 17:00:00+05:30,27.593333333333337,109.7,39.1
2026-05-19 18:00:00+05:30,29.99,115.8,53.8
2026-05-19 19:00:00+05:30,30.0,119.0,53.45
2026-05-19 20:00:00+05:30,29.27,119.8,35.975
2026-05-19 21:00:00+05:30,28.8,120.1,29.975
2026-05-19 22:00:00+05:30,30.055,120.1,30.65
2026-05-19 23:00:00+05:30,31.19666666666667,113.90000000000002,35.63333333333333
2026-05-20 00:00:00+05:30,31.49,112.9,30.7
2026-05-20 01:00:00+05:30,30.455,105.5,29.85
2026-05-20 02:00:00+05:30,29.425,100.1,30.65
2026-05-20 03:00:00+05:30,28.605,99.0,27.85
2026-05-20 04:00:00+05:30,31.385,102.5,25.9
2026-05-20 05:00:00+05:30,30.353333333333335,653.6,29.7
2026-05-20 06:00:00+05:30,30.8775,96.8,27.325
2026-05-20 07:00:00+05:30,31.51,120.7,31.65
2026-05-20 08:00:00+05:30,30.795,107.4,33.224999999999994
2026-05-20 09:00:00+05:30,27.495,111.0,31.15
2026-05-20 10:00:00+05:30,30.66,121.2,35.833333333333336
2026-05-20 11:00:00+05:30,31.89,123.0,41.9
2026-05-20 12:00:00+05:30,29.603333333333335,98.3,43.666666666666664
2026-05-20 13:00:00+05:30,31.13,114.1,56.25
2026-05-20 14:00:00+05:30,30.1775,125.6,71.675
2026-05-20 15:00:00+05:30,31.7325,139.8,78.375
2026-05-20 16:00:00+05:30,31.28666666666666,124.16666666666669,66.06666666666666
2026-05-20 17:00:00+05:30,30.485,93.35,57.55
2026-05-20 18:00:00+05:30,31.417499999999997,118.825,94.55
2026-05-20 19:00:00+05:30,28.9375,135.075,49.325
2026-05-20 20:00:00+05:30,31.805,142.675,55.4
2026-05-20 21:00:00+05:30,30.5125,143.625,35.225
2026-05-20 22:00:00+05:30,31.2275,143.425,31.45
2026-05-20 23:00:00+05:30,31.820000000000004,141.36666666666667,34.56666666666666
2026-05-21 00:00:00+05:30,28.7,137.3,31.3
2026-05-21 01:00:00+05:30,28.3975,133.175,30.175
2026-05-21 02:00:00+05:30,28.043333333333333,105.23333333333336,32.6
2026-05-21 03:00:00+05:30,29.065,99.85,33.8
2026-05-21 04:00:00+05:30,29.5575,101.55,34.475
2026-05-21 05:00:00+05:30,31.42,98.13333333333333,31.96666666666667
2026-05-21 06:00:00+05:30,30.41,107.7,32.9
2026-05-21 07:00:00+05:30,32.4075,110.375,28.45
2026-05-21 08:00:00+05:30,31.700000000000003,108.725,32.275
2026-05-21 09:00:00+05:30,31.325,115.075,32.5
2026-05-21 10:00:00+05:30,31.3375,122.075,34.775
2026-05-21 11:00:00+05:30,30.545,113.975,48.55
2026-05-21 12:00:00+05:30,30.12,110.90416666666665,67.59166666666667
2026-05-21 13:00:00+05:30,31.50333333333333,107.83333333333331,86.63333333333333
2026-05-21 14:00:00+05:30,29.955,125.55,118.4
2026-05-21 15:00:00+05:30,29.25666666666667,114.96666666666664,86.89999999999999
2026-05-21 16:00:00+05:30,29.22,91.0,66.8
2026-05-21 17:00:00+05:30,30.2525,126.9,98.7
2026-05-21 18:00:00+05:30,30.105,126.175,86.65
2026-05-21 19:00:00+05:30,32.1275,124.75,44.7
2026-05-21 20:00:00+05:30,32.24,117.7,33.7
2026-05-21 21:00:00+05:30,29.84,120.775,28.95
2026-05-21 22:00:00+05:30,30.3725,119.35,34.2
2026-05-21 23:00:00+05:30,29.63,113.59999999999998,33.3
2026-05-22 00:00:00+05:30,29.92125,110.7875,30.625
2026-05-22 01:00:00+05:30,30.2125,107.975,27.95
2026-05-22 02:00:00+05:30,32.105,105.7,34.175000000000004
2026-05-22 03:00:00+05:30,31.2675,104.0,32.4
2026-05-22 04:00:00+05:30,27.4025,103.3,31.5
2026-05-22 05:00:00+05:30,27.785,104.675,31.0
2026-05-22 06:00:00+05:30,29.31,102.125,30.85
2026-05-22 07:00:00+05:30,30.16,105.075,36.3
2026-05-22 08:00:00+05:30,29.575,103.4,37.4
2026-05-22 09:00:00+05:30,29.23,115.75,39.9
2026-05-22 10:00:00+05:30,29.785,120.925,40.7
2026-05-22 11:00:00+05:30,30.34,126.1,41.5
2026-05-22 12:00:00+05:30,29.5275,131.05,53.75
2026-05-22 13:00:00+05:30,29.473333333333333,139.2,73.66666666666667
2026-05-22 14:00:00+05:30,29.705,137.82500000000002,122.5
2026-05-22 15:00:00+05:30,29.442500000000003,139.64999999999998,85.925
2026-05-22 16:00:00+05:30,30.7625,135.35000000000002,66.45
2026-05-22 17:00:00+05:30,29.24,138.2,86.3
2026-05-22 18:00:00+05:30,29.3925,144.5,64.07499999999999
2026-05-22 19:00:00+05:30,29.14,144.425,52.224999999999994
2026-05-22 20:00:00+05:30,29.9925,145.525,44.625
2026-05-22 21:00:00+05:30,31.09,147.55,49.4
2026-05-22 22:00:00+05:30,31.0225,141.25,48.125
2026-05-22 23:00:00+05:30,32.03666666666667,134.2,40.0
2026-05-23 00:00:00+05:30,34.05833333333334,128.85,38.0
2026-05-23 01:00:00+05:30,36.08,123.5,36.0
2026-05-23 02:00:00+05:30,34.09,117.0,32.625
2026-05-23 03:00:00+05:30,30.09,115.8,36.2
2026-05-23 04:00:00+05:30,30.06,117.075,36.075
2026-05-23 05:00:00+05:30,29.2675,114.875,32.05
2026-05-23 06:00:00+05:30,28.06,121.725,38.0
2026-05-23 07:00:00+05:30,31.64,123.2,39.475
2026-05-23 08:00:00+05:30,30.53,123.25,37.349999999999994
2026-05-23 09:00:00+05:30,30.1975,131.25,43.525
2026-05-23 10:00:00+05:30,29.9775,139.1,59.025
2026-05-23 11:00:00+05:30,27.0725,140.32500000000002,75.85
2026-05-23 12:00:00+05:30,29.8425,142.575,82.0
2026-05-23 13:00:00+05:30,31.74,150.85,104.18333333333334
2026-05-23 14:00:00+05:30,28.815,159.125,126.36666666666667
2026-05-23 15:00:00+05:30,29.385,167.4,148.55
2026-05-23 16:00:00+05:30,30.0025,166.925,86.625
2026-05-23 17:00:00+05:30,29.83,183.45,117.5125
2026-05-23 18:00:00+05:30,31.0775,199.975,148.4
2026-05-23 19:00:00+05:30,31.355,199.1,64.9
2026-05-23 20:00:00+05:30,29.625,200.375,54.3
2026-05-23 21:00:00+05:30,29.6625,222.65,78.425
2026-05-23 22:00:00+05:30,28.5425,254.775,58.45
2026-05-23 23:00:00+05:30,30.186666666666667,252.80000000000004,61.9
2026-05-24 00:00:00+05:30,31.283333333333335,216.85000000000002,49.65
2026-05-24 01:00:00+05:30,32.38,180.9,37.4
2026-05-24 02:00:00+05:30,31.3175,146.975,38.1
2026-05-24 03:00:00+05:30,30.7875,140.425,37.5
2026-05-24 04:00:00+05:30,31.875,132.875,36.45
2026-05-24 05:00:00+05:30,29.4,128.225,40.875
2026-05-24 06:00:00+05:30,28.915,131.025,37.625
2026-05-24 07:00:00+05:30,29.6625,136.32500000000002,39.925
2026-05-24 08:00:00+05:30,31.7525,141.975,88.975
2026-05-24 09:00:00+05:30,30.095,151.15,111.075
2026-05-24 10:00:00+05:30,29.6775,155.82500000000002,119.85
2026-05-24 11:00:00+05:30,30.28,159.6,90.6
2026-05-24 12:00:00+05:30,27.85,160.525,82.475
2026-05-24 13:00:00+05:30,30.6425,167.6,101.0375
2026-05-24 14:00:00+05:30,29.15,174.67499999999998,119.6
2026-05-24 15:00:00+05:30,29.987499999999997,173.525,71.35000000000001
2026-05-24 16:00:00+05:30,28.916666666666668,166.8,66.9
2026-05-24 17:00:00+05:30,28.55,166.7375,90.11250000000001
2026-05-24 18:00:00+05:30,29.6175,166.67499999999998,113.325
2026-05-24 19:00:00+05:30,31.413333333333338,165.46666666666667,81.8
2026-05-24 20:00:00+05:30,30.345,169.525,40.45
2026-05-24 21:00:00+05:30,30.185,172.67499999999998,69.975
2026-05-24 22:00:00+05:30,28.6875,169.425,53.475
2026-05-24 23:00:00+05:30,30.916666666666668,158.8,48.9
2026-05-25 00:00:00+05:30,30.05,151.2,41.6
2026-05-25 01:00:00+05:30,32.705,157.14999999999998,42.075
2026-05-25 02:00:00+05:30,30.667499999999997,149.55,38.975
2026-05-25 03:00:00+05:30,30.41,137.72500000000002,36.725
2026-05-25 04:00:00+05:30,30.4575,122.6,40.05
2026-05-25 05:00:00+05:30,30.84,125.775,33.7
2026-05-25 06:00:00+05:30,31.65,119.2,34.8
2026-05-25 07:00:00+05:30,30.1575,118.9,38.1
2026-05-25 08:00:00+05:30,28.8575,119.125,37.825
2026-05-25 09:00:00+05:30,31.8925,133.775,41.525
2026-05-25 10:00:00+05:30,31.426666666666662,130.3,43.0
2026-05-25 11:00:00+05:30,35.12,135.5,50.1
2026-05-25 12:00:00+05:30,31.77,136.7,53.85
2026-05-25 13:00:00+05:30,29.13,142.7,131.9
2026-05-25 14:00:00+05:30,31.03333333333333,142.83333333333334,114.33333333333331
2026-05-25 15:00:00+05:30,30.3075,143.4,108.9
2026-05-25 16:00:00+05:30,31.705,144.82500000000002,60.6
2026-05-25 17:00:00+05:30,29.567500000000003,148.2,108.8
2026-05-25 18:00:00+05:30,30.11,148.1,73.575
2026-05-25 19:00:00+05:30,30.28,148.725,46.650000000000006
2026-05-25 20:00:00+05:30,29.215,152.525,41.425
2026-05-25 21:00:00+05:30,29.025,153.475,32.849999999999994
2026-05-25 22:00:00+05:30,29.9075,165.2,37.85
2026-05-25 23:00:00+05:30,30.320000000000004,166.8,30.600000000000005
2026-05-26 00:00:00+05:30,32.45,159.0,35.6
2026-05-26 01:00:00+05:30,31.6575,147.6,31.625
2026-05-26 02:00:00+05:30,28.8175,134.14999999999998,34.85
2026-05-26 03:00:00+05:30,28.7825,129.175,30.125
2026-05-26 04:00:00+05:30,30.5675,310.575,57.6
2026-05-26 05:00:00+05:30,31.9975,190.3,90.825
2026-05-26 06:00:00+05:30,28.3275,99.375,35.65
2026-05-26 07:00:00+05:30,29.7675,117.0,52.15
2026-05-26 08:00:00+05:30,30.285,190.9,56.725
2026-05-26 09:00:00+05:30,31.27,177.0,119.7
2026-05-26 10:00:00+05:30,30.63,156.95,120.4
2026-05-26 11:00:00+05:30,28.1025,136.9,121.1
2026-05-26 12:00:00+05:30,31.02,141.075,75.325
2026-05-26 13:00:00+05:30,31.1325,136.21666666666667,86.8
2026-05-26 14:00:00+05:30,29.737499999999997,131.35833333333332,98.275
2026-05-26 15:00:00+05:30,29.155,126.5,109.75
2026-05-26 16:00:00+05:30,29.615,121.925,117.85
2026-05-26 17:00:00+05:30,30.1175,122.7125,110.375
2026-05-26 18:00:00+05:30,30.513333333333332,123.5,102.90000000000002
2026-05-26 19:00:00+05:30,30.575000000000003,117.5,81.4
2026-05-26 20:00:00+05:30,31.023333333333337,133.7,49.4
2026-05-26 21:00:00+05:30,31.06,128.43333333333334,38.86666666666667
2026-05-26 22:00:00+05:30,28.75,132.75,37.35
2026-05-26 23:00:00+05:30,31.686666666666667,125.40000000000002,32.7
2026-05-27 00:00:00+05:30,29.15,113.6,33.7
2026-05-27 01:00:00+05:30,31.0025,117.425,34.45
2026-05-27 02:00:00+05:30,32.4825,103.825,30.0
2026-05-27 03:00:00+05:30,30.14,107.275,30.225
2026-05-27 04:00:00+05:30,28.2925,105.25,33.55
2026-05-27 05:00:00+05:30,30.91,97.975,27.4
2026-05-27 06:00:00+05:30,28.625,95.6,27.85
2026-05-27 07:00:00+05:30,27.686666666666667,106.23333333333332,34.0
2026-05-27 08:00:00+05:30,30.23,108.2,44.2
2026-05-27 09:00:00+05:30,32.29,115.95,92.375
2026-05-27 10:00:00+05:30,32.5,120.65,122.775
2026-05-27 11:00:00+05:30,29.483333333333334,125.56666666666666,71.43333333333332
2026-05-27 12:00:00+05:30,28.436666666666667,128.5,56.9
2026-05-27 13:00:00+05:30,,,
2026-05-27 14:00:00+05:30,,,
2026-05-27 15:00:00+05:30,,,
2026-05-27 16:00:00+05:30,,,
2026-05-27 17:00:00+05:30,27.03,2.25,0.85
2026-05-27 18:00:00+05:30,24.942500000000003,39.3,25.65
2026-05-27 19:00:00+05:30,25.295,87.65,50.849999999999994
2026-05-27 20:00:00+05:30,27.33,99.6,46.825
2026-05-27 21:00:00+05:30,25.06,89.55,39.525
2026-05-27 22:00:00+05:30,24.7,90.25,32.75
2026-05-27 23:00:00+05:30,25.493333333333336,88.56666666666666,28.4
2026-05-28 00:00:00+05:30,,,
2026-05-28 01:00:00+05:30,,,
2026-05-28 02:00:00+05:30,,,
2026-05-28 03:00:00+05:30,,,
2026-05-28 04:00:00+05:30,,,
2026-05-28 05:00:00+05:30,,,
2026-05-28 06:00:00+05:30,,,
2026-05-28 07:00:00+05:30,,,
2026-05-28 08:00:00+05:30,,,
2026-05-28 09:00:00+05:30,,,
2026-05-28 10:00:00+05:30,,,
2026-05-28 11:00:00+05:30,,,
2026-05-28 12:00:00+05:30,,,
2026-05-28 13:00:00+05:30,,,
2026-05-28 14:00:00+05:30,,,
2026-05-28 15:00:00+05:30,,,
2026-05-28 16:00:00+05:30,,,
2026-05-28 17:00:00+05:30,,,
2026-05-28 18:00:00+05:30,,,
2026-05-28 19:00:00+05:30,,,
2026-05-28 20:00:00+05:30,,,
2026-05-28 21:00:00+05:30,,,
2026-05-28 22:00:00+05:30,,,
2026-05-28 23:00:00+05:30,,,
2026-05-29 00:00:00+05:30,24.33,59.2,23.2
2026-05-29 01:00:00+05:30,27.4125,50.925,26.775
2026-05-29 02:00:00+05:30,25.2525,62.025,18.9
2026-05-29 03:00:00+05:30,24.665,44.2,16.9
2026-05-29 04:00:00+05:30,26.195,40.349999999999994,15.65
2026-05-29 05:00:00+05:30,25.8625,56.35,24.325
2026-05-29 06:00:00+05:30,23.7925,47.025,17.375
2026-05-29 07:00:00+05:30,25.9975,52.925,13.9
2026-05-29 08:00:00+05:30,24.9025,60.2,14.725
2026-05-29 09:00:00+05:30,24.1275,63.25,16.675
2026-05-29 10:00:00+05:30,24.725,283.775,12.825
2026-05-29 11:00:00+05:30,24.233333333333334,18.3,14.5
2026-05-29 12:00:00+05:30,25.8,19.5,12.5
2026-05-29 13:00:00+05:30,27.7075,29.775,12.875
2026-05-29 14:00:00+05:30,26.545,19.4,11.4
2026-05-29 15:00:00+05:30,29.99,25.5,11.3
2026-05-29 16:00:00+05:30,25.30333333333333,17.033333333333335,11.300000000000002
2026-05-29 17:00:00+05:30,25.2025,21.924999999999997,13.6
2026-05-29 18:00:00+05:30,23.5375,28.725,12.9
2026-05-29 19:00:00+05:30,25.7075,19.25,11.7
2026-05-29 20:00:00+05:30,23.9525,28.375,12.4
2026-05-29 21:00:00+05:30,24.485,44.2,15.5
2026-05-29 22:00:00+05:30,25.275,44.35,15.9
2026-05-29 23:00:00+05:30,25.15,67.0,17.3
2026-05-30 00:00:00+05:30,26.1,64.0,16.0
2026-05-30 01:00:00+05:30,26.07,58.5,15.7
2026-05-30 02:00:00+05:30,25.8925,58.25,15.0
2026-05-30 03:00:00+05:30,25.3425,39.375,14.5
2026-05-30 04:00:00+05:30,25.545,36.7,13.2
2026-05-30 05:00:00+05:30,23.935,24.0,15.1
2026-05-30 06:00:00+05:30,25.2925,25.825,13.8
2026-05-30 07:00:00+05:30,25.2125,27.3,13.8
2026-05-30 08:00:00+05:30,25.825,38.475,13.575
2026-05-30 09:00:00+05:30,25.995,34.425,13.375
2026-05-30 10:00:00+05:30,25.22,37.875,12.5
2026-05-30 11:00:00+05:30,25.6225,34.824999999999996,13.6
2026-05-30 12:00:00+05:30,27.605,39.125,13.625
2026-05-30 13:00:00+05:30,24.9475,45.8,15.5
2026-05-30 14:00:00+05:30,26.6275,46.5,15.1
2026-05-30 15:00:00+05:30,26.35,42.225,14.775
2026-05-30 16:00:00+05:30,23.77,47.225,14.3
2026-05-30 17:00:00+05:30,24.3,53.8,14.0
2026-05-30 18:00:00+05:30,25.165,51.325,16.3
2026-05-30 19:00:00+05:30,24.817500000000003,59.025,15.1
2026-05-30 20:00:00+05:30,26.095,63.525,15.225
2026-05-30 21:00:00+05:30,25.2125,67.97500000000001,17.625
2026-05-30 22:00:00+05:30,24.4525,90.2,18.5
2026-05-30 23:00:00+05:30,27.290000000000003,91.7,16.9
2026-05-31 00:00:00+05:30,22.83,89.0,17.3
2026-05-31 01:00:00+05:30,26.7925,89.07499999999999,18.1
2026-05-31 02:00:00+05:30,22.953333333333333,82.8,17.7
2026-05-31 03:00:00+05:30,25.715,82.975,19.375
2026-05-31 04:00:00+05:30,25.94333333333333,77.0,17.0
2026-05-31 05:00:00+05:30,25.78,80.9,17.8
2026-05-31 06:00:00+05:30,24.5675,79.825,17.5
2026-05-31 07:00:00+05:30,25.785,82.0,17.5
2026-05-31 08:00:00+05:30,25.715,80.92500000000001,18.1
2026-05-31 09:00:00+05:30,27.2325,87.175,19.1
2026-05-31 10:00:00+05:30,23.8925,81.0,18.5
2026-05-31 11:00:00+05:30,26.46,77.475,18.275
2026-05-31 12:00:00+05:30,23.5875,73.4,16.0
2026-05-31 13:00:00+05:30,24.0875,73.0,18.275
2026-05-31 14:00:00+05:30,26.8625,71.975,16.0
2026-05-31 15:00:00+05:30,25.7975,67.475,15.9
2026-05-31 16:00:00+05:30,24.7,61.23333333333333,15.633333333333333
2026-05-31 17:00:00+05:30,24.6325,66.475,17.2
2026-05-31 18:00:00+05:30,26.81,107.825,18.424999999999997
2026-05-31 19:00:00+05:30,25.585,113.675,19.1
2026-05-31 20:00:00+05:30,25.215,107.975,19.075000000000003
2026-05-31 21:00:00+05:30,26.5225,103.875,16.9
2026-05-31 22:00:00+05:30,26.7575,96.925,17.275
2026-05-31 23:00:00+05:30,25.133333333333336,88.0,16.3
2026-06-01 00:00:00+05:30,26.0,88.7,17.0
2026-06-01 01:00:00+05:30,27.0525,86.2,16.424999999999997
2026-06-01 02:00:00+05:30,26.09,217.15,21.225
2026-06-01 03:00:00+05:30,25.6425,262.3,26.225
2026-06-01 04:00:00+05:30,25.4275,211.95,26.7
2026-06-01 05:00:00+05:30,24.3775,201.275,26.6
2026-06-01 06:00:00+05:30,23.97,218.19999999999996,26.3
2026-06-01 07:00:00+05:30,26.395,110.55,23.475
2026-06-01 08:00:00+05:30,23.8425,124.05,19.7
2026-06-01 09:00:00+05:30,25.7375,109.825,19.8
2026-06-01 10:00:00+05:30,27.3275,113.55,16.8
2026-06-01 11:00:00+05:30,23.0825,78.475,16.4
2026-06-01 12:00:00+05:30,24.34,70.86666666666667,16.0
2026-06-01 13:00:00+05:30,25.3525,65.7,16.775
2026-06-01 14:00:00+05:30,25.5725,68.5,15.3
2026-06-01 15:00:00+05:30,24.733333333333334,65.46666666666667,15.4
2026-06-01 16:00:00+05:30,24.880000000000003,53.45,15.55
2026-06-01 17:00:00+05:30,26.295,104.825,16.6
2026-06-01 18:00:00+05:30,25.54,113.175,18.4
2026-06-01 19:00:00+05:30,23.815,106.625,18.075000000000003
2026-06-01 20:00:00+05:30,25.885,114.9,16.0
2026-06-01 21:00:00+05:30,26.5125,118.525,17.025
2026-06-01 22:00:00+05:30,25.209999999999997,251.63333333333333,21.266666666666666
2026-06-01 23:00:00+05:30,25.52333333333333,376.8,26.8
2026-06-02 00:00:00+05:30,24.66,297.8,28.5
2026-06-02 01:00:00+05:30,24.793333333333333,229.83333333333337,26.899999999999995
2026-06-02 02:00:00+05:30,26.745,203.05,26.575000000000003
2026-06-02 03:00:00+05:30,25.31,144.1,22.3
2026-06-02 04:00:00+05:30,25.125,80.14999999999999,22.075000000000003
2026-06-02 05:00:00+05:30,25.44333333333333,89.53333333333335,19.766666666666666
2026-06-02 06:00:00+05:30,23.817500000000003,83.875,18.4
2026-06-02 07:00:00+05:30,26.55666666666667,107.59999999999998,17.9
2026-06-02 08:00:00+05:30,26.8675,108.175,16.1
2026-06-02 09:00:00+05:30,24.82,105.925,18.175
2026-06-02 10:00:00+05:30,24.11,135.1,16.5
2026-06-02 11:00:00+05:30,25.333333333333332,131.26666666666668,48.63333333333333
2026-06-02 12:00:00+05:30,25.1875,107.075,36.825
2026-06-02 13:00:00+05:30,26.135,102.425,39.175
2026-06-02 14:00:00+05:30,26.3375,91.625,35.8
2026-06-02 15:00:00+05:30,25.713333333333335,82.60000000000001,35.06666666666667
2026-06-02 16:00:00+05:30,26.03,88.50000000000001,33.5
2026-06-02 17:00:00+05:30,26.346666666666664,94.40000000000002,31.933333333333337
2026-06-02 18:00:00+05:30,24.695,97.025,34.75
2026-06-02 19:00:00+05:30,24.9125,289.225,45.025
2026-06-02 20:00:00+05:30,23.945,343.375,57.825
2026-06-02 21:00:00+05:30,27.9775,151.775,42.8
2026-06-02 22:00:00+05:30,23.33,123.0,43.5
2026-06-02 23:00:00+05:30,25.80333333333333,179.30000000000004,45.79999999999999
2026-06-03 00:00:00+05:30,27.02,181.2,45.7
2026-06-03 01:00:00+05:30,24.58,170.05,45.5
2026-06-03 02:00:00+05:30,24.09,190.2,48.4
2026-06-03 03:00:00+05:30,25.035,211.1,47.025
2026-06-03 04:00:00+05:30,26.3,156.7,48.275
2026-06-03 05:00:00+05:30,25.5525,158.275,46.9
2026-06-03 06:00:00+05:30,26.66333333333333,148.96666666666667,45.0
2026-06-03 07:00:00+05:30,25.405,119.425,44.975
2026-06-03 08:00:00+05:30,25.8625,100.5,43.1
2026-06-03 09:00:00+05:30,26.7675,99.9,43.975
2026-06-03 10:00:00+05:30,24.4175,103.7,40.4
2026-06-03 11:00:00+05:30,27.045,100.725,38.3
2026-06-03 12:00:00+05:30,24.7675,84.2,38.8
2026-06-03 13:00:00+05:30,25.3575,81.13333333333333,39.275
2026-06-03 14:00:00+05:30,23.86,88.3,38.666666666666664
2026-06-03 15:00:00+05:30,24.19,90.6,34.8
2026-06-03 16:00:00+05:30,25.24125,99.975,39.4625
2026-06-03 17:00:00+05:30,26.2925,109.35,44.125
2026-06-03 18:00:00+05:30,22.36,122.2,44.63333333333333
2026-06-03 19:00:00+05:30,24.96,241.675,55.925
2026-06-03 20:00:00+05:30,26.3875,132.25,46.75
2026-06-03 21:00:00+05:30,26.71,224.025,51.675
2026-06-03 22:00:00+05:30,28.2175,176.0,48.849999999999994
2026-06-03 23:00:00+05:30,24.586666666666662,308.1,54.4
2026-06-04 00:00:00+05:30,26.85,602.3,66.7
2026-06-04 01:00:00+05:30,25.6425,607.3249999999999,77.35
2026-06-04 02:00:00+05:30,27.235,608.475,87.925
2026-06-04 03:00:00+05:30,25.4125,314.42499999999995,73.9
2026-06-04 04:00:00+05:30,25.615,320.625,61.8
2026-06-04 05:00:00+05:30,26.43,375.675,61.625
2026-06-04 06:00:00+05:30,25.89,369.075,64.775
2026-06-04 07:00:00+05:30,25.2125,125.55,44.775
2026-06-04 08:00:00+05:30,25.64,113.5,43.55
2026-06-04 09:00:00+05:30,24.5175,141.35,36.4
2026-06-04 10:00:00+05:30,26.31,128.45,36.075
2026-06-04 11:00:00+05:30,25.68,120.2,34.1
2026-06-04 12:00:00+05:30,24.25,117.90000000000002,33.1
2026-06-04 13:00:00+05:30,23.06,88.2,33.8
2026-06-04 14:00:00+05:30,26.993333333333336,91.59999999999998,33.9
2026-06-04 15:00:00+05:30,25.409999999999997,272.1,39.2
2026-06-04 16:00:00+05:30,26.55,95.2,41.349999999999994
2026-06-04 17:00:00+05:30,24.07,118.4,45.45
2026-06-04 18:00:00+05:30,7.59,45.13333333333333,16.666666666666668
2026-06-04 19:00:00+05:30,26.3875,273.1,49.55
2026-06-04 20:00:00+05:30,26.956666666666667,402.8333333333333,57.5
2026-06-04 21:00:00+05:30,26.48,389.35,59.375
2026-06-04 22:00:00+05:30,23.3775,171.8,55.025
2026-06-04 23:00:00+05:30,25.53,226.1,47.4
2026-06-05 00:00:00+05:30,24.41,338.3,49.25
2026-06-05 01:00:00+05:30,23.29,450.5,51.1
2026-06-05 02:00:00+05:30,22.737499999999997,595.95,76.2
2026-06-05 03:00:00+05:30,23.38,215.0,55.9
2026-06-05 04:00:00+05:30,24.8925,165.375,52.875
2026-06-05 05:00:00+05:30,24.5375,132.4,48.150000000000006
2026-06-05 06:00:00+05:30,25.0825,79.875,37.475
2026-06-05 07:00:00+05:30,26.5325,73.375,31.1
2026-06-05 08:00:00+05:30,24.7425,66.375,35.125
2026-06-05 09:00:00+05:30,26.55666666666667,89.56666666666666,37.9
2026-06-05 10:00:00+05:30,23.71,82.6,38.375
2026-06-05 11:00:00+05:30,23.97,87.5,33.575
2026-06-05 12:00:00+05:30,24.5175,89.4,30.775
2026-06-05 13:00:00+05:30,25.6525,89.175,28.3
2026-06-05 14:00:00+05:30,24.72,82.3,27.875
2026-06-05 15:00:00+05:30,26.956666666666667,80.23333333333333,27.0
2026-06-05 16:00:00+05:30,24.595,86.025,26.825
2026-06-05 17:00:00+05:30,25.9,94.425,31.775
2026-06-05 18:00:00+05:30,25.15,99.9,30.3
2026-06-05 19:00:00+05:30,26.0875,110.65,29.8
2026-06-05 20:00:00+05:30,25.1775,77.125,28.175
2026-06-05 21:00:00+05:30,26.926666666666662,80.6,27.0
2026-06-05 22:00:00+05:30,25.0,89.175,31.2
2026-06-05 23:00:00+05:30,26.19,81.0,29.7
2026-06-06 00:00:00+05:30,27.595,80.6,31.200000000000003
2026-06-06 01:00:00+05:30,29.0,80.2,32.7
2026-06-06 02:00:00+05:30,24.66,79.9,32.2
2026-06-06 03:00:00+05:30,24.2125,81.85,30.475
2026-06-06 04:00:00+05:30,26.855,94.9,28.3
2026-06-06 05:00:00+05:30,27.3375,71.825,29.5
2026-06-06 06:00:00+05:30,23.3375,54.75,28.0
2026-06-06 07:00:00+05:30,27.47,45.8,27.1
2026-06-06 08:00:00+05:30,24.9975,42.075,27.125
2026-06-06 09:00:00+05:30,23.9725,61.7,33.175000000000004
2026-06-06 10:00:00+05:30,24.9675,60.5,30.175
2026-06-06 11:00:00+05:30,24.02,59.8,28.5
2026-06-06 12:00:00+05:30,25.005,64.475,30.2
2026-06-06 13:00:00+05:30,26.28,63.275,28.5
2026-06-06 14:00:00+05:30,26.4,57.8,27.924999999999997
2026-06-06 15:00:00+05:30,23.095,62.2,30.475
2026-06-06 16:00:00+05:30,26.875,63.8,28.2
2026-06-06 17:00:00+05:30,26.0075,65.47500000000001,28.2
2026-06-06 18:00:00+05:30,24.285,84.4,30.4
2026-06-06 19:00:00+05:30,25.285,84.95,28.8
2026-06-06 20:00:00+05:30,24.91,93.7,28.5
2026-06-06 21:00:00+05:30,26.570000000000004,77.39999999999999,28.166666666666668
2026-06-06 22:00:00+05:30,25.31,57.7,26.625
2026-06-06 23:00:00+05:30,27.673333333333336,56.0,28.8
2026-06-07 00:00:00+05:30,26.05666666666667,53.15,28.200000000000003
2026-06-07 01:00:00+05:30,24.44,50.3,27.6
2026-06-07 02:00:00+05:30,27.16,43.9,27.2
2026-06-07 03:00:00+05:30,27.56,43.29999999999999,26.3
2026-06-07 04:00:00+05:30,25.62,41.75,25.6
2026-06-07 05:00:00+05:30,24.04,57.875,40.5
2026-06-07 06:00:00+05:30,25.8975,74.875,39.975
2026-06-07 07:00:00+05:30,24.4375,72.07499999999999,35.475
2026-06-07 08:00:00+05:30,26.93,66.025,31.725
2026-06-07 09:00:00+05:30,25.5525,69.7,34.975
2026-06-07 10:00:00+05:30,25.915,68.1,32.575
2026-06-07 11:00:00+05:30,24.2475,69.275,29.975
2026-06-07 12:00:00+05:30,25.3025,65.55,28.7
2026-06-07 13:00:00+05:30,25.4225,78.175,31.075000000000003
2026-06-07 14:00:00+05:30,26.5175,72.875,28.8
2026-06-07 15:00:00+05:30,25.923333333333332,70.03333333333335,27.866666666666664
2026-06-07 16:00:00+05:30,26.56,93.6,27.2
2026-06-07 17:00:00+05:30,25.78,111.25,29.6
2026-06-07 18:00:00+05:30,26.8925,103.125,29.9
2026-06-07 19:00:00+05:30,25.85,108.275,30.2
2026-06-07 20:00:00+05:30,25.3125,102.26666666666668,30.8
2026-06-07 21:00:00+05:30,25.4275,96.75,29.424999999999997
2026-06-07 22:00:00+05:30,25.8375,364.85,32.075
2026-06-07 23:00:00+05:30,26.936666666666667,140.9,30.0
2026-06-08 00:00:00+05:30,26.406111111111112,125.575,30.3
2026-06-08 01:00:00+05:30,25.875555555555554,110.25,30.599999999999998
2026-06-08 02:00:00+05:30,25.345,94.925,30.9
2026-06-08 03:00:00+05:30,23.995,89.875,28.9
2026-06-08 04:00:00+05:30,24.5425,109.225,28.225
2026-06-08 05:00:00+05:30,25.35,118.025,33.075
2026-06-08 06:00:00+05:30,23.7175,148.1,30.7
2026-06-08 07:00:00+05:30,25.315,143.22500000000002,28.9
2026-06-08 08:00:00+05:30,25.9375,122.9,29.025
2026-06-08 09:00:00+05:30,25.625,125.85,31.775
2026-06-08 10:00:00+05:30,24.37,137.35,29.4
2026-06-08 11:00:00+05:30,25.6175,125.375,29.3
2026-06-08 12:00:00+05:30,26.08,116.85,31.5
2026-06-08 13:00:00+05:30,26.47,619.5,30.0
2026-06-08 14:00:00+05:30,28.67,684.3,28.45
2026-06-08 15:00:00+05:30,27.405,172.14999999999998,32.2
2026-06-08 16:00:00+05:30,25.31,154.825,31.275
2026-06-08 17:00:00+05:30,26.24,189.225,29.4
2026-06-08 18:00:00+05:30,25.715,146.175,30.675
2026-06-08 19:00:00+05:30,27.28,165.475,28.45
2026-06-08 20:00:00+05:30,25.0,157.73333333333335,38.6
2026-06-08 21:00:00+05:30,24.105,144.1,37.1
2026-06-08 22:00:00+05:30,25.5225,174.8,35.3
2026-06-08 23:00:00+05:30,24.486666666666665,96.8,35.0
2026-06-09 00:00:00+05:30,25.94833333333333,90.15,33.7
2026-06-09 01:00:00+05:30,27.41,83.5,32.4
2026-06-09 02:00:00+05:30,25.5225,85.825,29.6
2026-06-09 03:00:00+05:30,24.119999999999997,62.849999999999994,27.6
2026-06-09 04:00:00+05:30,25.41,70.85,27.1
2026-06-09 05:00:00+05:30,26.16,85.65,26.2
2026-06-09 06:00:00+05:30,24.54,74.375,26.525
2026-06-09 07:00:00+05:30,25.6175,72.375,30.325
2026-06-09 08:00:00+05:30,24.83,118.9,32.8
2026-06-09 09:00:00+05:30,26.08,119.8,31.2
2026-06-09 10:00:00+05:30,25.73,94.7,29.1
2026-06-09 11:00:00+05:30,25.5475,96.95,27.8
2026-06-09 12:00:00+05:30,25.335,107.175,27.924999999999997
2026-06-09 13:00:00+05:30,25.213333333333335,124.2,32.9
2026-06-09 14:00:00+05:30,26.625,107.5,33.2
2026-06-09 15:00:00+05:30,26.195,108.1,33.375
2026-06-09 16:00:00+05:30,25.4875,113.975,30.825
2026-06-09 17:00:00+05:30,24.74,110.075,34.6
2026-06-09 18:00:00+05:30,25.3825,124.9,34.3
2026-06-09 19:00:00+05:30,26.885,121.425,35.575
2026-06-09 20:00:00+05:30,24.8025,106.95,32.975
2026-06-09 21:00:00+05:30,26.8775,95.575,30.4
2026-06-09 22:00:00+05:30,25.4,88.53333333333335,30.166666666666668
2026-06-09 23:00:00+05:30,25.19666666666667,80.7,29.8
2026-06-10 00:00:00+05:30,22.9,78.6,29.1
2026-06-10 01:00:00+05:30,26.0025,76.325,38.275
2026-06-10 02:00:00+05:30,25.0,79.675,33.8
2026-06-10 03:00:00+05:30,25.1525,72.875,31.5
2026-06-10 04:00:00+05:30,25.8225,67.1,30.1
2026-06-10 05:00:00+05:30,26.0025,64.57499999999999,30.7
2026-06-10 06:00:00+05:30,24.130000000000003,59.225,29.4
2026-06-10 07:00:00+05:30,24.665,64.0,29.875
2026-06-10 08:00:00+05:30,25.675,64.125,28.35
2026-06-10 09:00:00+05:30,24.156666666666663,68.5,33.8
2026-06-10 10:00:00+05:30,24.102499999999996,72.45,33.787499999999994
2026-06-10 11:00:00+05:30,24.048333333333332,76.4,33.775
2026-06-10 12:00:00+05:30,23.994166666666665,80.35,33.7625
2026-06-10 13:00:00+05:30,23.94,84.3,33.75
2026-06-10 14:00:00+05:30,25.56,82.975,30.8
2026-06-10 15:00:00+05:30,25.9525,80.875,29.7
2026-06-10 16:00:00+05:30,24.913333333333338,76.3,28.100000000000005
2026-06-10 17:00:00+05:30,23.59,81.6,27.7
2026-06-10 18:00:00+05:30,25.8,79.525,28.8
2026-06-10 19:00:00+05:30,23.635,87.2,28.575000000000003
2026-06-10 20:00:00+05:30,24.846666666666668,85.7,27.399999999999995
2026-06-10 21:00:00+05:30,27.9625,89.5,27.9
2026-06-10 22:00:00+05:30,24.6425,90.575,27.9
2026-06-10 23:00:00+05:30,24.333333333333332,85.90000000000002,28.8
2026-06-11 00:00:00+05:30,27.93,86.8,28.0
2026-06-11 01:00:00+05:30,24.88,82.3,27.5
2026-06-11 02:00:00+05:30,27.0275,78.475,26.6
2026-06-11 03:00:00+05:30,28.383333333333336,73.06666666666666,26.333333333333332
2026-06-11 04:00:00+05:30,24.0775,69.6,27.4
2026-06-11 05:00:00+05:30,25.045,70.85000000000001,26.6
2026-06-11 06:00:00+05:30,23.73,62.3,25.8
2026-06-11 07:00:00+05:30,24.733333333333334,103.5,26.0
2026-06-11 08:00:00+05:30,25.52166666666667,78.7,25.95
2026-06-11 09:00:00+05:30,26.31,53.9,25.9
2026-06-11 10:00:00+05:30,25.26,38.1,25.125
2026-06-11 11:00:00+05:30,24.04,37.075,29.1
2026-06-11 12:00:00+05:30,25.256666666666664,33.166666666666664,27.7
2026-06-11 13:00:00+05:30,23.0575,37.35,27.2
2026-06-11 14:00:00+05:30,24.885,29.025,26.6
2026-06-11 15:00:00+05:30,23.055,32.0,26.325
2026-06-11 16:00:00+05:30,24.855,33.6,30.0
2026-06-11 17:00:00+05:30,26.355,43.3,33.275
2026-06-11 18:00:00+05:30,26.53,43.7,30.575000000000003
2026-06-11 19:00:00+05:30,23.9825,40.825,28.9
2026-06-11 20:00:00+05:30,24.59,45.05,27.8
2026-06-11 21:00:00+05:30,26.955,59.325,27.3
2026-06-11 22:00:00+05:30,25.7675,66.57499999999999,27.2
2026-06-11 23:00:00+05:30,25.423333333333332,61.0,26.100000000000005
2026-06-12 00:00:00+05:30,27.77,54.3,26.5
2026-06-12 01:00:00+05:30,24.942500000000003,51.6,25.5
2026-06-12 02:00:00+05:30,24.8025,49.875,26.2
2026-06-12 03:00:00+05:30,25.4275,45.175,26.1
2026-06-12 04:00:00+05:30,25.0575,41.2,25.924999999999997
2026-06-12 05:00:00+05:30,22.4425,40.875,31.475
2026-06-12 06:00:00+05:30,26.31,36.5,29.8
2026-06-12 07:00:00+05:30,25.395,39.5,29.275
2026-06-12 08:00:00+05:30,26.17,36.925,27.525
2026-06-12 09:00:00+05:30,25.31,42.025,34.775
2026-06-12 10:00:00+05:30,23.3525,42.925,30.975
2026-06-12 11:00:00+05:30,25.84,44.625,34.575
2026-06-12 12:00:00+05:30,25.295,50.6,32.975
2026-06-12 13:00:00+05:30,22.8275,54.6,31.0
2026-06-12 14:00:00+05:30,24.5325,57.175,30.5
2026-06-12 15:00:00+05:30,24.915,52.225,28.625
2026-06-12 16:00:00+05:30,26.065,55.8,29.3
2026-06-12 17:00:00+05:30,27.14,56.625,27.575000000000003
2026-06-12 18:00:00+05:30,27.095,64.9,26.5
2026-06-12 19:00:00+05:30,24.703333333333333,63.9,26.0
2026-06-12 20:00:00+05:30,23.28333333333333,62.79999999999999,25.600000000000005
2026-06-12 21:00:00+05:30,25.2225,60.0,24.8
2026-06-12 22:00:00+05:30,27.0775,62.7,25.2
2026-06-12 23:00:00+05:30,25.709999999999997,62.79999999999999,25.2
2026-06-13 00:00:00+05:30,26.32,57.7,25.3
2026-06-13 01:00:00+05:30,25.65,56.0,24.7
2026-06-13 02:00:00+05:30,26.75,55.9,24.9
2026-06-13 03:00:00+05:30,25.51,53.5,24.7
2026-06-13 04:00:00+05:30,20.5325,38.625,18.375
2026-06-13 05:00:00+05:30,27.1075,52.125,24.9
2026-06-13 06:00:00+05:30,23.7075,56.8,24.9
2026-06-13 07:00:00+05:30,25.805,56.025,25.1
2026-06-13 08:00:00+05:30,25.7925,59.15,25.6
2026-06-13 09:00:00+05:30,25.955,65.05,25.725
2026-06-13 10:00:00+05:30,25.0825,70.35,26.2
2026-06-13 11:00:00+05:30,24.994999999999997,79.15,25.325
2026-06-13 12:00:00+05:30,25.385,73.525,35.425
2026-06-13 13:00:00+05:30,26.61,76.05,36.275
2026-06-13 14:00:00+05:30,25.16,70.8,33.2
2026-06-13 15:00:00+05:30,25.5825,72.475,31.7
2026-06-13 16:00:00+05:30,26.295,71.975,30.125
2026-06-13 17:00:00+05:30,24.52,251.45,32.5
2026-06-13 18:00:00+05:30,24.835,179.325,36.2
2026-06-13 19:00:00+05:30,25.7725,104.675,36.575
2026-06-13 20:00:00+05:30,25.5475,91.375,34.175000000000004
2026-06-13 21:00:00+05:30,26.935,89.1,30.875
2026-06-13 22:00:00+05:30,25.8975,102.425,29.4
2026-06-13 23:00:00+05:30,24.5,112.2,28.5
2026-06-14 00:00:00+05:30,24.67,88.8,27.4
2026-06-14 01:00:00+05:30,25.96,89.05,26.4
2026-06-14 02:00:00+05:30,23.790000000000003,100.15,26.399999999999995
2026-06-14 03:00:00+05:30,26.4275,118.55,25.625
2026-06-14 04:00:00+05:30,26.9725,112.55,30.575000000000003
2026-06-14 05:00:00+05:30,24.9,131.5,28.2
2026-06-14 06:00:00+05:30,25.605,145.2,26.6
2026-06-14 07:00:00+05:30,25.495,107.525,25.475
2026-06-14 08:00:00+05:30,25.15,99.4,24.7
2026-06-14 09:00:00+05:30,25.4,86.55,27.675
2026-06-14 10:00:00+05:30,24.035,80.65,26.9
2026-06-14 11:00:00+05:30,26.1825,71.0,26.4
2026-06-14 12:00:00+05:30,24.6775,67.42500000000001,27.375
2026-06-14 13:00:00+05:30,26.4,77.3,26.8
2026-06-14 14:00:00+05:30,27.07,79.0,27.05
2026-06-14 15:00:00+05:30,26.05666666666667,82.1,26.7
2026-06-14 16:00:00+05:30,26.525,70.6,27.8
2026-06-14 17:00:00+05:30,27.6,69.4,27.2
2026-06-14 18:00:00+05:30,26.03,69.92500000000001,27.575000000000003
2026-06-14 19:00:00+05:30,24.87,80.175,26.725
2026-06-14 20:00:00+05:30,24.885,98.35,31.7
2026-06-14 21:00:00+05:30,27.915,111.225,31.6
2026-06-14 22:00:00+05:30,26.05,139.475,30.85
2026-06-14 23:00:00+05:30,25.0,108.3,35.6
2026-06-15 00:00:00+05:30,23.355,97.0,34.25
2026-06-15 01:00:00+05:30,21.71,85.7,32.9
2026-06-15 02:00:00+05:30,25.11,82.73333333333333,31.399999999999995
2026-06-15 03:00:00+05:30,25.725,287.1,32.875
2026-06-15 04:00:00+05:30,26.0775,234.025,42.975
2026-06-15 05:00:00+05:30,26.875,217.75,40.3
2026-06-15 06:00:00+05:30,26.97,178.5,40.025
2026-06-15 07:00:00+05:30,26.0725,154.325,42.975
2026-06-15 08:00:00+05:30,24.08,128.6,37.8
2026-06-15 09:00:00+05:30,23.15,111.375,35.675000000000004
2026-06-15 10:00:00+05:30,26.17,93.3,33.4
2026-06-15 11:00:00+05:30,27.1475,75.95,33.7
2026-06-15 12:00:00+05:30,24.295,83.0,36.0
2026-06-15 13:00:00+05:30,23.820000000000004,70.10000000000001,33.6
2026-06-15 14:00:00+05:30,25.876666666666665,88.89999999999999,32.0
2026-06-15 15:00:00+05:30,22.95,80.23333333333333,30.666666666666668
2026-06-15 16:00:00+05:30,25.9175,81.35,29.2
2026-06-15 17:00:00+05:30,25.6975,88.75,28.625
2026-06-15 18:00:00+05:30,,,
2026-06-15 19:00:00+05:30,,,
2026-06-15 20:00:00+05:30,,,
2026-06-15 21:00:00+05:30,,,
2026-06-15 22:00:00+05:30,26.72,224.75,45.3
2026-06-15 23:00:00+05:30,23.429999999999996,286.0,44.6
2026-06-16 00:00:00+05:30,22.79,213.6,40.25
2026-06-16 01:00:00+05:30,22.15,141.2,35.9
2026-06-16 02:00:00+05:30,26.3725,79.525,35.7
2026-06-16 03:00:00+05:30,24.333333333333332,86.40000000000002,33.3
2026-06-16 04:00:00+05:30,26.067500000000003,86.9375,35.825
2026-06-16 05:00:00+05:30,26.04,87.475,38.35
2026-06-16 06:00:00+05:30,25.615,77.275,28.75
2026-06-16 07:00:00+05:30,24.6425,73.375,23.25
2026-06-16 08:00:00+05:30,26.7825,94.8,28.9
2026-06-16 09:00:00+05:30,24.695,96.425,28.1
2026-06-16 10:00:00+05:30,25.545,76.025,29.0
2026-06-16 11:00:00+05:30,26.39,84.4,27.775
2026-06-16 12:00:00+05:30,25.180000000000003,81.53333333333333,24.7
2026-06-16 13:00:00+05:30,22.8875,88.6,28.0
2026-06-16 14:00:00+05:30,28.095,87.6,27.7
2026-06-16 15:00:00+05:30,25.11,87.3,29.1
2026-06-16 16:00:00+05:30,25.3,85.33333333333333,28.95
2026-06-16 17:00:00+05:30,25.49,83.36666666666667,28.8
2026-06-16 18:00:00+05:30,25.68,81.4,28.65
2026-06-16 19:00:00+05:30,22.7525,80.625,24.9
2026-06-16 20:00:00+05:30,25.3075,81.2,24.7
2026-06-16 21:00:00+05:30,24.2475,80.625,26.35
2026-06-16 22:00:00+05:30,25.3575,90.375,43.25
2026-06-16 23:00:00+05:30,24.676666666666662,83.0,34.3
2026-06-17 00:00:00+05:30,22.83,89.7,28.9
2026-06-17 01:00:00+05:30,25.545,91.075,34.4
2026-06-17 02:00:00+05:30,23.9475,87.55,31.675
2026-06-17 03:00:00+05:30,26.565,77.8,29.2
2026-06-17 04:00:00+05:30,25.23,101.9,29.375
2026-06-17 05:00:00+05:30,23.32,124.775,42.4
2026-06-17 06:00:00+05:30,24.7925,146.375,44.55
2026-06-17 07:00:00+05:30,24.4825,162.475,37.475
2026-06-17 08:00:00+05:30,23.5625,130.025,33.7
2026-06-17 09:00:00+05:30,25.365,109.35,31.675
2026-06-17 10:00:00+05:30,23.79,98.4,28.6
2026-06-17 11:00:00+05:30,24.69,83.4,28.5
2026-06-17 12:00:00+05:30,25.555,89.75,26.6
2026-06-17 13:00:00+05:30,26.35,103.63333333333333,26.2
2026-06-17 14:00:00+05:30,25.05666666666667,110.33333333333331,25.53333333333333
2026-06-17 15:00:00+05:30,24.285,119.5,29.525
2026-06-17 16:00:00+05:30,24.813333333333333,90.90000000000002,33.2
2026-06-17 17:00:00+05:30,26.235,89.07499999999999,34.675000000000004
2026-06-17 18:00:00+05:30,27.1175,81.7,33.375
2026-06-17 19:00:00+05:30,24.7225,83.07499999999999,30.675
2026-06-17 20:00:00+05:30,25.32,81.64999999999999,29.6
2026-06-17 21:00:00+05:30,26.7775,92.9,28.8
2026-06-17 22:00:00+05:30,25.9925,88.375,28.4
2026-06-17 23:00:00+05:30,26.959999999999997,83.5,30.399999999999995
2026-06-18 00:00:00+05:30,22.96,84.3,29.6
2026-06-18 01:00:00+05:30,27.0075,85.3,29.625
2026-06-18 02:00:00+05:30,25.9725,85.4,31.6
2026-06-18 03:00:00+05:30,26.23,84.825,31.1
2026-06-18 04:00:00+05:30,25.8825,93.3,29.8
2026-06-18 05:00:00+05:30,25.2125,87.3,28.2
2026-06-18 06:00:00+05:30,25.6425,83.7,27.9
2026-06-18 07:00:00+05:30,23.64,81.8,26.5
2026-06-18 08:00:00+05:30,25.8725,83.42500000000001,25.65
2026-06-18 09:00:00+05:30,28.7525,88.625,33.9
2026-06-18 10:00:00+05:30,26.31,91.925,32.775
2026-06-18 11:00:00+05:30,23.262500000000003,97.85,31.9
2026-06-18 12:00:00+05:30,25.205,111.275,30.1
2026-06-18 13:00:00+05:30,27.573333333333338,107.26666666666668,33.9
2026-06-18 14:00:00+05:30,26.14,102.8,31.399999999999995
2026-06-18 15:00:00+05:30,23.366666666666664,99.63333333333333,30.7
2026-06-18 16:00:00+05:30,23.436666666666667,107.06666666666666,29.899999999999995
2026-06-18 17:00:00+05:30,24.034444444444446,102.86111111111111,29.399999999999995
2026-06-18 18:00:00+05:30,24.63222222222222,98.65555555555555,28.9
2026-06-18 19:00:00+05:30,25.23,94.45,28.4
2026-06-18 20:00:00+05:30,26.233333333333334,98.2,28.7
2026-06-18 21:00:00+05:30,26.436666666666667,100.5,29.399999999999995
2026-06-18 22:00:00+05:30,25.3475,93.975,32.5
2026-06-18 23:00:00+05:30,23.790000000000003,86.0,30.2
2026-06-19 00:00:00+05:30,24.50166666666667,88.38333333333334,31.433333333333334
2026-06-19 01:00:00+05:30,25.21333333333333,90.76666666666667,32.666666666666664
2026-06-19 02:00:00+05:30,25.924999999999997,93.15,33.9
2026-06-19 03:00:00+05:30,25.675,77.225,31.4
2026-06-19 04:00:00+05:30,26.39,67.5,31.0
2026-06-19 05:00:00+05:30,24.5475,62.375,28.75
2026-06-19 06:00:00+05:30,25.182499999999997,59.325,38.075
2026-06-19 07:00:00+05:30,23.5725,64.42500000000001,33.9
2026-06-19 08:00:00+05:30,26.7825,71.175,31.025
2026-06-19 09:00:00+05:30,24.905,70.625,34.375
2026-06-19 10:00:00+05:30,24.885,72.9,33.275
2026-06-19 11:00:00+05:30,26.855,73.65,32.3
2026-06-19 12:00:00+05:30,24.64,72.525,31.4
2026-06-19 13:00:00+05:30,25.46,81.0,30.3
2026-06-19 14:00:00+05:30,25.67,81.275,29.8
2026-06-19 15:00:00+05:30,25.346666666666664,74.2,30.100000000000005
2026-06-19 16:00:00+05:30,25.413333333333334,77.67500000000001,30.175000000000004
2026-06-19 17:00:00+05:30,25.48,81.15,30.25
2026-06-19 18:00:00+05:30,25.2,69.675,34.875
2026-06-19 19:00:00+05:30,25.94333333333333,59.0,33.3
2026-06-19 20:00:00+05:30,25.77,55.6,31.600000000000005
2026-06-19 21:00:00+05:30,25.2275,56.7,35.45
2026-06-19 22:00:00+05:30,25.4625,54.675,43.85
2026-06-19 23:00:00+05:30,24.786666666666665,50.0,39.6
2026-06-20 00:00:00+05:30,23.528333333333332,51.45,38.3
2026-06-20 01:00:00+05:30,22.27,52.9,37.0
2026-06-20 02:00:00+05:30,24.305,58.075,34.7
2026-06-20 03:00:00+05:30,24.2225,51.7,33.4
2026-06-20 04:00:00+05:30,24.455,53.025,31.825
2026-06-20 05:00:00+05:30,22.5725,58.0,36.475
2026-06-20 06:00:00+05:30,25.045,55.0,34.0
2026-06-20 07:00:00+05:30,24.836666666666662,57.6,32.9
2026-06-20 08:00:00+05:30,26.3525,60.625,31.525
2026-06-20 09:00:00+05:30,24.79,63.8,34.875
2026-06-20 10:00:00+05:30,25.3625,63.1,32.2
2026-06-20 11:00:00+05:30,25.816666666666663,63.70000000000001,29.399999999999995
2026-06-20 12:00:00+05:30,26.53,70.825,33.9
2026-06-20 13:00:00+05:30,25.2425,74.875,34.975
2026-06-20 14:00:00+05:30,25.343333333333337,71.73333333333333,32.9
2026-06-20 15:00:00+05:30,24.496666666666663,78.36666666666667,33.2
2026-06-20 16:00:00+05:30,23.84,75.8,30.75
2026-06-20 17:00:00+05:30,26.3,77.8,42.075
2026-06-20 18:00:00+05:30,24.0875,76.8,36.075
2026-06-20 19:00:00+05:30,26.09,77.55,32.1
2026-06-20 20:00:00+05:30,24.777500000000003,92.6,31.4
2026-06-20 21:00:00+05:30,27.52,96.925,29.7
2026-06-20 22:00:00+05:30,25.87,105.05,29.4
2026-06-20 23:00:00+05:30,25.123333333333335,91.90000000000002,29.2
2026-06-21 00:00:00+05:30,25.4,74.8,29.5
2026-06-21 01:00:00+05:30,24.91,72.625,28.7
2026-06-21 02:00:00+05:30,25.86,80.625,28.725
2026-06-21 03:00:00+05:30,25.6775,86.95,31.8
2026-06-21 04:00:00+05:30,27.5375,98.025,30.525
2026-06-21 05:00:00+05:30,23.932499999999997,103.175,33.0
2026-06-21 06:00:00+05:30,25.565,93.775,31.6
2026-06-21 07:00:00+05:30,25.375,84.475,30.6
2026-06-21 08:00:00+05:30,26.445,79.0,29.700000000000003
2026-06-21 09:00:00+05:30,23.3275,78.8,48.55
2026-06-21 10:00:00+05:30,24.83,79.325,39.85
2026-06-21 11:00:00+05:30,26.67,83.4,34.9
2026-06-21 12:00:00+05:30,25.14,85.025,32.349999999999994
2026-06-21 13:00:00+05:30,24.57,91.925,38.825
2026-06-21 14:00:00+05:30,26.3375,99.7,43.775
2026-06-21 15:00:00+05:30,26.676666666666662,101.5,38.766666666666666
2026-06-21 16:00:00+05:30,26.3625,101.925,34.2
2026-06-21 17:00:00+05:30,22.756666666666664,104.3,32.9
2026-06-21 18:00:00+05:30,26.245,101.95,32.8
2026-06-21 19:00:00+05:30,28.27,116.55,30.575000000000003
2026-06-21 20:00:00+05:30,24.61,150.275,30.125
2026-06-21 21:00:00+05:30,25.5775,141.25,38.775
2026-06-21 22:00:00+05:30,26.543333333333333,125.16666666666669,36.06666666666667
2026-06-21 23:00:00+05:30,23.06,115.8,34.3
2026-06-22 00:00:00+05:30,29.15,94.3,33.8
2026-06-22 01:00:00+05:30,25.53,80.52499999999999,42.0
2026-06-22 02:00:00+05:30,26.3625,62.475,38.975
2026-06-22 03:00:00+05:30,24.743333333333336,57.79999999999999,34.43333333333333
2026-06-22 04:00:00+05:30,24.893333333333334,56.9,36.3
2026-06-22 05:00:00+05:30,25.23,63.675,38.4
2026-06-22 06:00:00+05:30,24.1075,44.475,38.675
2026-06-22 07:00:00+05:30,24.9425,41.05,34.275
2026-06-22 08:00:00+05:30,26.3025,46.425,31.7
2026-06-22 09:00:00+05:30,25.385,50.475,30.7
2026-06-22 10:00:00+05:30,24.3925,46.225,31.0
2026-06-22 11:00:00+05:30,23.1125,49.325,30.5
2026-06-22 12:00:00+05:30,23.9675,55.8,28.4
2026-06-22 13:00:00+05:30,24.893333333333334,70.46666666666667,38.96666666666667
2026-06-22 14:00:00+05:30,24.5425,67.275,48.6
2026-06-22 15:00:00+05:30,24.24,64.2,47.3
2026-06-22 16:00:00+05:30,24.69833333333333,67.45,44.88333333333333
2026-06-22 17:00:00+05:30,25.156666666666663,70.7,42.46666666666667
2026-06-22 18:00:00+05:30,24.623333333333335,63.06666666666666,36.5
2026-06-22 19:00:00+05:30,23.653333333333332,72.0,36.1
2026-06-22 20:00:00+05:30,24.005,72.5,33.425
2026-06-22 21:00:00+05:30,26.675,59.85,37.1
2026-06-22 22:00:00+05:30,24.8375,53.6,35.349999999999994
2026-06-22 23:00:00+05:30,26.73,53.70000000000001,43.70000000000001
2026-06-23 00:00:00+05:30,25.18,58.1,37.4
2026-06-23 01:00:00+05:30,25.025,65.675,34.4
2026-06-23 02:00:00+05:30,27.0125,63.525,32.0
2026-06-23 03:00:00+05:30,25.8125,54.675,30.9
2026-06-23 04:00:00+05:30,26.045,52.9,31.2
2026-06-23 05:00:00+05:30,27.2,52.6,31.4
2026-06-23 06:00:00+05:30,24.0475,53.375,30.6
2026-06-23 07:00:00+05:30,24.2975,48.125,30.8
2026-06-23 08:00:00+05:30,25.0525,52.525,28.775
2026-06-23 09:00:00+05:30,25.6,58.5,43.5
2026-06-23 10:00:00+05:30,,,
2026-06-23 11:00:00+05:30,,,
2026-06-23 12:00:00+05:30,,,
2026-06-23 13:00:00+05:30,,,
2026-06-23 14:00:00+05:30,,,
2026-06-23 15:00:00+05:30,,,
2026-06-23 16:00:00+05:30,24.01,110.1,32.8
2026-06-23 17:00:00+05:30,,,
2026-06-23 18:00:00+05:30,,,
2026-06-23 19:00:00+05:30,,,
2026-06-23 20:00:00+05:30,,,
2026-06-23 21:00:00+05:30,,,
2026-06-23 22:00:00+05:30,,,
2026-06-23 23:00:00+05:30,,,
2026-06-24 00:00:00+05:30,,,
2026-06-24 01:00:00+05:30,,,
2026-06-24 02:00:00+05:30,,,
2026-06-24 03:00:00+05:30,,,
2026-06-24 04:00:00+05:30,,,
2026-06-24 05:00:00+05:30,,,
2026-06-24 06:00:00+05:30,,,
2026-06-24 07:00:00+05:30,,,
2026-06-24 08:00:00+05:30,,,
2026-06-24 09:00:00+05:30,,,
2026-06-24 10:00:00+05:30,,,
2026-06-24 11:00:00+05:30,,,
2026-06-24 12:00:00+05:30,,,
2026-06-24 13:00:00+05:30,,,
2026-06-24 14:00:00+05:30,,,
2026-06-24 15:00:00+05:30,,,
2026-06-24 16:00:00+05:30,,,
2026-06-24 17:00:00+05:30,,,
2026-06-24 18:00:00+05:30,,,
2026-06-24 19:00:00+05:30,,,
2026-06-24 20:00:00+05:30,,,
2026-06-24 21:00:00+05:30,,,
2026-06-24 22:00:00+05:30,,,
2026-06-24 23:00:00+05:30,,,
2026-06-25 00:00:00+05:30,,,
2026-06-25 01:00:00+05:30,,,
2026-06-25 02:00:00+05:30,,,
2026-06-25 03:00:00+05:30,,,
2026-06-25 04:00:00+05:30,,,
2026-06-25 05:00:00+05:30,,,
2026-06-25 06:00:00+05:30,,,
2026-06-25 07:00:00+05:30,,,
2026-06-25 08:00:00+05:30,,,
2026-06-25 09:00:00+05:30,,,
2026-06-25 10:00:00+05:30,,,
2026-06-25 11:00:00+05:30,,,
2026-06-25 12:00:00+05:30,,,
2026-06-25 13:00:00+05:30,,,
2026-06-25 14:00:00+05:30,,,
2026-06-25 15:00:00+05:30,,,
2026-06-25 16:00:00+05:30,,,
2026-06-25 17:00:00+05:30,,,
2026-06-25 18:00:00+05:30,,,
2026-06-25 19:00:00+05:30,,,
2026-06-25 20:00:00+05:30,,,
2026-06-25 21:00:00+05:30,,,
2026-06-25 22:00:00+05:30,25.4025,119.075,31.674999999999997
2026-06-25 23:00:00+05:30,25.01,85.825,32.099999999999994
2026-06-26 00:00:00+05:30,24.02,59.4,31.0
2026-06-26 01:00:00+05:30,25.45,54.425,31.775
2026-06-26 02:00:00+05:30,25.7125,45.875,31.325000000000003
2026-06-26 03:00:00+05:30,24.7475,42.925,29.75
2026-06-26 04:00:00+05:30,25.96,43.825,28.25
2026-06-26 05:00:00+05:30,24.1025,45.475,27.375
2026-06-26 06:00:00+05:30,26.0875,56.3,26.675
2026-06-26 07:00:00+05:30,25.8525,50.8,25.65
2026-06-26 08:00:00+05:30,25.165,45.175,27.05
2026-06-26 09:00:00+05:30,25.205,47.53333333333333,28.35
2026-06-26 10:00:00+05:30,25.55,47.95,31.55
2026-06-26 11:00:00+05:30,25.1775,47.9,30.6
2026-06-26 12:00:00+05:30,26.9925,46.575,28.725
2026-06-26 13:00:00+05:30,26.39,55.3,28.225
2026-06-26 14:00:00+05:30,23.605,52.425,27.9
2026-06-26 15:00:00+05:30,25.6325,47.0,30.9
2026-06-26 16:00:00+05:30,25.765,48.25,30.7
2026-06-26 17:00:00+05:30,26.3175,48.775000000000006,37.175
2026-06-26 18:00:00+05:30,25.8125,45.1,37.6
2026-06-26 19:00:00+05:30,24.8475,42.625,36.025000000000006
2026-06-26 20:00:00+05:30,25.365,54.650000000000006,34.4
2026-06-26 21:00:00+05:30,25.585,72.57499999999999,41.4
2026-06-26 22:00:00+05:30,27.1125,79.675,37.6
2026-06-26 23:00:00+05:30,25.6875,75.675,44.375
2026-06-27 00:00:00+05:30,26.26,75.0,41.4
2026-06-27 01:00:00+05:30,26.7775,71.675,39.525
2026-06-27 02:00:00+05:30,26.245,67.5,35.5
2026-06-27 03:00:00+05:30,26.7,66.57499999999999,33.025
2026-06-27 04:00:00+05:30,25.2175,63.724999999999994,32.15
2026-06-27 05:00:00+05:30,25.415,64.85,31.15
2026-06-27 06:00:00+05:30,24.6375,65.275,31.35
2026-06-27 07:00:00+05:30,26.17,63.7,31.875
2026-06-27 08:00:00+05:30,26.84,64.10000000000001,31.325000000000003
2026-06-27 09:00:00+05:30,24.89,77.525,33.3
2026-06-27 10:00:00+05:30,25.665,79.9,31.575
2026-06-27 11:00:00+05:30,26.4975,78.625,30.8
2026-06-27 12:00:00+05:30,25.325,73.95,29.9
2026-06-27 13:00:00+05:30,25.0475,73.775,28.775
2026-06-27 14:00:00+05:30,26.0425,72.625,28.799999999999997
2026-06-27 15:00:00+05:30,22.2225,70.42500000000001,30.799999999999997
2026-06-27 16:00:00+05:30,23.8975,69.2,30.8
2026-06-27 17:00:00+05:30,26.7475,65.425,32.05
2026-06-27 18:00:00+05:30,24.6,65.13333333333334,32.833333333333336
2026-06-27 19:00:00+05:30,27.3025,68.55,32.7
2026-06-27 20:00:00+05:30,24.5225,72.525,31.7
2026-06-27 21:00:00+05:30,27.08,74.575,29.975
2026-06-27 22:00:00+05:30,24.66,80.775,29.424999999999997
2026-06-27 23:00:00+05:30,24.5725,83.15,30.375
2026-06-28 00:00:00+05:30,26.34,81.1,30.9
2026-06-28 01:00:00+05:30,25.71,77.625,31.525
2026-06-28 02:00:00+05:30,25.1675,70.475,31.1
2026-06-28 03:00:00+05:30,23.9875,63.0,29.15
2026-06-28 04:00:00+05:30,25.29,60.9,28.0
2026-06-28 05:00:00+05:30,25.4175,57.325,29.675
2026-06-28 06:00:00+05:30,23.7775,57.025,30.3
2026-06-28 07:00:00+05:30,25.175,53.6,30.45
2026-06-28 08:00:00+05:30,25.885,52.1,31.1
2026-06-28 09:00:00+05:30,27.405,55.775,37.475
2026-06-28 10:00:00+05:30,25.625,52.175,37.75
2026-06-28 11:00:00+05:30,24.815,52.25,35.55
2026-06-28 12:00:00+05:30,24.815,51.35,34.375
2026-06-28 13:00:00+05:30,24.8025,55.575,37.6
2026-06-28 14:00:00+05:30,25.563333333333333,58.75,38.55
2026-06-28 15:00:00+05:30,24.1075,66.075,35.475
2026-06-28 16:00:00+05:30,24.6575,73.35,33.0
2026-06-28 17:00:00+05:30,24.165,76.75,32.025
2026-06-28 18:00:00+05:30,24.64,73.8,30.1
2026-06-28 19:00:00+05:30,25.815,70.7,28.725
2026-06-28 20:00:00+05:30,26.125,71.225,28.675
2026-06-28 21:00:00+05:30,24.79,76.14999999999999,35.125
2026-06-28 22:00:00+05:30,26.2875,77.075,40.375
2026-06-28 23:00:00+05:30,25.405,94.925,37.7
2026-06-29 00:00:00+05:30,26.04,80.2,32.7
2026-06-29 01:00:00+05:30,26.3575,75.75,35.35
2026-06-29 02:00:00+05:30,23.48,69.775,34.225
2026-06-29 03:00:00+05:30,25.32,62.95,34.800000000000004
2026-06-29 04:00:00+05:30,25.095,58.65,33.325
2026-06-29 05:00:00+05:30,26.0175,57.65,31.125
2026-06-29 06:00:00+05:30,25.9375,67.425,29.075000000000003
2026-06-29 07:00:00+05:30,26.0225,80.44999999999999,27.925
2026-06-29 08:00:00+05:30,25.03,77.775,27.7
2026-06-29 09:00:00+05:30,23.0625,79.67500000000001,29.225
2026-06-29 10:00:00+05:30,22.603333333333335,80.4,31.8
2026-06-29 11:00:00+05:30,26.21,79.425,31.05
2026-06-29 12:00:00+05:30,23.733333333333334,88.93333333333332,30.666666666666668
2026-06-29 13:00:00+05:30,24.2825,81.52499999999999,31.375
2026-06-29 14:00:00+05:30,25.12,62.675,31.9
2026-06-29 15:00:00+05:30,25.5475,45.275000000000006,31.174999999999997
2026-06-29 16:00:00+05:30,24.2825,39.675,31.05
2026-06-29 17:00:00+05:30,25.475,38.525,34.8
2026-06-29 18:00:00+05:30,27.2775,39.8,33.425
2026-06-29 19:00:00+05:30,26.575,42.5,32.975
2026-06-29 20:00:00+05:30,25.085,42.825,30.975
2026-06-29 21:00:00+05:30,24.8225,49.575,33.1
2026-06-29 22:00:00+05:30,25.16,47.35,31.9
2026-06-29 23:00:00+05:30,22.8225,42.5,31.125
2026-06-30 00:00:00+05:30,28.48,47.3,31.4
2026-06-30 01:00:00+05:30,25.105,52.5,34.175
2026-06-30 02:00:00+05:30,25.875,51.85,34.875
2026-06-30 03:00:00+05:30,24.54,50.275,32.975
2026-06-30 04:00:00+05:30,25.6375,47.65,31.575
2026-06-30 05:00:00+05:30,26.5375,46.3,31.075
2026-06-30 06:00:00+05:30,23.545,46.025,30.700000000000003
2026-06-30 07:00:00+05:30,25.4475,45.925,30.75
2026-06-30 08:00:00+05:30,26.015,43.85,30.875
2026-06-30 09:00:00+05:30,24.6175,44.7,29.25
2026-06-30 10:00:00+05:30,24.28,46.2,28.775
2026-06-30 11:00:00+05:30,24.195,50.725,27.75
2026-06-30 12:00:00+05:30,26.23,52.1,29.15
2026-06-30 13:00:00+05:30,25.6625,54.9,32.5
2026-06-30 14:00:00+05:30,22.6,49.6,29.65
2026-06-30 15:00:00+05:30,25.5275,51.85,32.975
2026-06-30 16:00:00+05:30,27.09,54.9,32.9
2026-06-30 17:00:00+05:30,26.0325,50.35,22.675
2026-06-30 18:00:00+05:30,25.9225,47.1,24.375
2026-06-30 19:00:00+05:30,24.245,52.525,19.125
2026-06-30 20:00:00+05:30,24.97,52.75,17.8
2026-06-30 21:00:00+05:30,25.2325,51.1,19.525
2026-06-30 22:00:00+05:30,24.6025,51.3,16.575
2026-06-30 23:00:00+05:30,26.435,51.75,14.25
2026-07-01 00:00:00+05:30,26.572499999999998,56.175,17.975
2026-07-01 01:00:00+05:30,26.71,60.6,21.7
2026-07-01 02:00:00+05:30,24.5225,59.575,20.15
2026-07-01 03:00:00+05:30,23.955,58.2,19.225
2026-07-01 04:00:00+05:30,26.61,57.1,19.4
2026-07-01 05:00:00+05:30,25.9125,55.15,16.85
2026-07-01 06:00:00+05:30,26.78,57.6,16.1
2026-07-01 07:00:00+05:30,25.6375,57.6,17.5
2026-07-01 08:00:00+05:30,25.2075,64.9,21.0
2026-07-01 09:00:00+05:30,25.4325,73.725,26.05
2026-07-01 10:00:00+05:30,23.87,71.8,55.6
2026-07-01 11:00:00+05:30,24.605,73.65,61.675
2026-07-01 12:00:00+05:30,24.75,73.625,65.55
2026-07-01 13:00:00+05:30,26.555,71.275,60.075
2026-07-01 14:00:00+05:30,25.865,73.45,51.075
2026-07-01 15:00:00+05:30,26.3625,66.75,39.25
2026-07-01 16:00:00+05:30,24.445,59.775,31.5
2026-07-01 17:00:00+05:30,25.35,59.849999999999994,27.55
2026-07-01 18:00:00+05:30,26.73,56.8,17.3
2026-07-01 19:00:00+05:30,25.845,56.625,19.325000000000003
2026-07-01 20:00:00+05:30,27.025,58.775000000000006,19.075000000000003
2026-07-01 21:00:00+05:30,25.1375,59.425,18.25
2026-07-01 22:00:00+05:30,26.3225,60.375,18.3
2026-07-01 23:00:00+05:30,25.57,60.325,17.775
2026-07-02 00:00:00+05:30,24.26,56.2,16.0
2026-07-02 01:00:00+05:30,24.06,54.3,15.075
2026-07-02 02:00:00+05:30,25.575,52.975,12.325
2026-07-02 03:00:00+05:30,24.96,51.525000000000006,10.975
2026-07-02 04:00:00+05:30,24.3875,47.1,11.425
2026-07-02 05:00:00+05:30,26.2775,44.725,12.2
2026-07-02 06:00:00+05:30,24.84,42.8,13.5
2026-07-02 07:00:00+05:30,24.975,41.475,14.9
2026-07-02 08:00:00+05:30,25.1525,42.075,15.8
2026-07-02 09:00:00+05:30,23.494999999999997,45.175,16.75
2026-07-02 10:00:00+05:30,26.45,53.8,21.299999999999997
2026-07-02 11:00:00+05:30,26.175,57.3,25.175
2026-07-02 12:00:00+05:30,23.9225,52.5,25.6
2026-07-02 13:00:00+05:30,24.7375,49.2,2.0
2026-07-02 14:00:00+05:30,25.4725,53.15,11.4
2026-07-02 15:00:00+05:30,25.3925,52.425,15.6
2026-07-02 16:00:00+05:30,23.78,46.625,10.0
2026-07-02 17:00:00+05:30,25.7325,47.325,10.0
2026-07-02 18:00:00+05:30,24.2725,49.375,22.95
2026-07-02 19:00:00+05:30,25.235,48.849999999999994,34.95
2026-07-02 20:00:00+05:30,25.0775,45.26666666666667,23.633333333333336
2026-07-02 21:00:00+05:30,23.95,46.275,13.2
2026-07-02 22:00:00+05:30,25.19,48.8,13.95
2026-07-02 23:00:00+05:30,25.9425,48.65,20.6
2026-07-03 00:00:00+05:30,22.8,48.8,28.3
2026-07-03 01:00:00+05:30,25.7225,49.925,28.025
2026-07-03 02:00:00+05:30,25.0925,49.375,28.55
2026-07-03 03:00:00+05:30,23.99666666666667,47.925,26.6
2026-07-03 04:00:00+05:30,24.743333333333336,47.13333333333333,22.1
2026-07-03 05:00:00+05:30,25.0225,44.85,18.95
2026-07-03 06:00:00+05:30,25.06,46.8,20.275
2026-07-03 07:00:00+05:30,25.92,51.55,24.1
2026-07-03 08:00:00+05:30,25.71,46.1,26.225
2026-07-03 09:00:00+05:30,23.835,41.8,22.575
2026-07-03 10:00:00+05:30,24.5275,43.2,23.6
2026-07-03 11:00:00+05:30,26.6125,,
2026-07-03 12:00:00+05:30,25.299999999999997,,
2026-07-03 13:00:00+05:30,26.12,,
2026-07-03 14:00:00+05:30,26.067500000000003,,
2026-07-03 15:00:00+05:30,25.7775,62.1,34.6
2026-07-03 16:00:00+05:30,24.615,61.975,31.049999999999997
2026-07-03 17:00:00+05:30,25.8025,58.175,26.299999999999997
2026-07-03 18:00:00+05:30,26.165,55.25,28.9
2026-07-03 19:00:00+05:30,24.9225,53.3,35.6
2026-07-03 20:00:00+05:30,24.645,52.05,29.1
2026-07-03 21:00:00+05:30,24.915,50.95,17.95
2026-07-03 22:00:00+05:30,25.64,49.474999999999994,20.55
2026-07-03 23:00:00+05:30,25.290000000000003,48.425,22.266666666666666
2026-07-04 00:00:00+05:30,22.08,54.2,11.2
2026-07-04 01:00:00+05:30,24.8875,54.525,10.775
2026-07-04 02:00:00+05:30,25.44,54.2,24.575
2026-07-04 03:00:00+05:30,24.795,51.75,31.725
2026-07-04 04:00:00+05:30,25.4775,49.25,25.6
2026-07-04 05:00:00+05:30,25.095,46.05,21.9
2026-07-04 06:00:00+05:30,26.1425,45.9,19.475
2026-07-04 07:00:00+05:30,24.825000000000003,47.35,20.9
2026-07-04 08:00:00+05:30,25.9625,,
2026-07-04 09:00:00+05:30,25.1375,,
2026-07-04 10:00:00+05:30,24.79,,
2026-07-04 11:00:00+05:30,24.79,,
2026-07-04 12:00:00+05:30,25.77,,
2026-07-04 13:00:00+05:30,24.0375,57.2,48.8
2026-07-04 14:00:00+05:30,26.89,57.2,50.5
2026-07-04 15:00:00+05:30,25.8675,,
2026-07-04 16:00:00+05:30,25.29,,
2026-07-04 17:00:00+05:30,25.33,,
2026-07-04 18:00:00+05:30,25.155,,
2026-07-04 19:00:00+05:30,25.515,,
2026-07-04 20:00:00+05:30,25.21,49.79999999999999,42.233333333333334
2026-07-04 21:00:00+05:30,23.625,50.125,36.425
2026-07-04 22:00:00+05:30,26.9475,49.375,30.0
2026-07-04 23:00:00+05:30,26.065,47.375,25.625
2026-07-05 00:00:00+05:30,24.11,46.3,24.0
2026-07-05 01:00:00+05:30,25.2075,45.375,22.775
2026-07-05 02:00:00+05:30,26.67,40.0,21.2
2026-07-05 03:00:00+05:30,27.1875,38.525,20.1
2026-07-05 04:00:00+05:30,25.5025,37.4,19.425
2026-07-05 05:00:00+05:30,25.1,38.2,18.2
2026-07-05 06:00:00+05:30,24.9825,39.0,15.825
2026-07-05 07:00:00+05:30,27.9225,38.55,17.35
2026-07-05 08:00:00+05:30,24.7275,39.675,19.625
2026-07-05 09:00:00+05:30,26.89,42.725,20.125
2026-07-05 10:00:00+05:30,24.495,48.0,22.225
2026-07-05 11:00:00+05:30,25.175,50.875,22.75
2026-07-05 12:00:00+05:30,25.1775,53.099999999999994,22.225
2026-07-05 13:00:00+05:30,25.115,54.05,22.2
2026-07-05 14:00:00+05:30,25.05,55.75,24.475
2026-07-05 15:00:00+05:30,27.045,56.7,27.125
2026-07-05 16:00:00+05:30,25.9025,53.0,29.85
2026-07-05 17:00:00+05:30,26.3175,51.0,31.25
2026-07-05 18:00:00+05:30,25.325,45.225,27.675
2026-07-05 19:00:00+05:30,24.92,38.775,24.0
2026-07-05 20:00:00+05:30,26.5925,36.525000000000006,21.45
2026-07-05 21:00:00+05:30,27.505,35.05,18.625
2026-07-05 22:00:00+05:30,26.235,33.8,16.225
2026-07-05 23:00:00+05:30,25.1725,33.7,14.35
2026-07-06 00:00:00+05:30,24.36,31.0,12.6
2026-07-06 01:00:00+05:30,23.35,30.775,12.325
2026-07-06 02:00:00+05:30,25.215,29.8,12.525
2026-07-06 03:00:00+05:30,25.2275,28.825000000000003,12.475
2026-07-06 04:00:00+05:30,26.3925,27.4,12.1
2026-07-06 05:00:00+05:30,26.0725,27.475,11.875
2026-07-06 06:00:00+05:30,26.2425,29.0,11.55
2026-07-06 07:00:00+05:30,25.615,27.375,11.35
2026-07-06 08:00:00+05:30,25.755,24.45,11.4
2026-07-06 09:00:00+05:30,25.925,25.450000000000003,11.45
2026-07-06 10:00:00+05:30,25.09,30.25,12.25
2026-07-06 11:00:00+05:30,25.4475,31.075,12.95
2026-07-06 12:00:00+05:30,24.16,33.150000000000006,14.4
2026-07-06 13:00:00+05:30,23.785,36.65,23.25
2026-07-06 14:00:00+05:30,24.994999999999997,40.025,21.1
2026-07-06 15:00:00+05:30,25.7925,43.3,17.0
2026-07-06 16:00:00+05:30,25.25,40.925,18.025
2026-07-06 17:00:00+05:30,24.475,41.4,20.975
2026-07-06 18:00:00+05:30,25.47,43.4,24.675
2026-07-06 19:00:00+05:30,25.575,39.975,19.775
2026-07-06 20:00:00+05:30,24.59,37.0,12.475
2026-07-06 21:00:00+05:30,26.325,35.1,16.0
2026-07-06 22:00:00+05:30,25.4225,35.8,18.65
2026-07-06 23:00:00+05:30,26.065,36.25,17.375
2026-07-07 00:00:00+05:30,24.197499999999998,33.975,18.0875
2026-07-07 01:00:00+05:30,22.33,31.7,18.8
2026-07-07 02:00:00+05:30,25.545,33.675,23.225
2026-07-07 03:00:00+05:30,24.805,34.3,25.05
2026-07-07 04:00:00+05:30,22.9375,32.0,18.775
2026-07-07 05:00:00+05:30,24.415,33.6,16.15
2026-07-07 06:00:00+05:30,24.155,36.425,17.875
2026-07-07 07:00:00+05:30,25.82,36.849999999999994,18.45
2026-07-07 08:00:00+05:30,23.9025,34.85,19.3
2026-07-07 09:00:00+05:30,24.1925,32.4,17.175
2026-07-07 10:00:00+05:30,26.0725,31.475,18.05
2026-07-07 11:00:00+05:30,23.505,33.375,20.0
2026-07-07 12:00:00+05:30,24.6825,37.425,18.775
2026-07-07 13:00:00+05:30,25.7025,38.1,22.925
2026-07-07 14:00:00+05:30,25.692500000000003,37.575,24.875
2026-07-07 15:00:00+05:30,26.9975,37.95,24.85
2026-07-07 16:00:00+05:30,25.5675,36.925,26.825
2026-07-07 17:00:00+05:30,24.5175,36.475,24.625
2026-07-07 18:00:00+05:30,26.25,37.675,24.7
2026-07-07 19:00:00+05:30,25.040000000000003,38.43333333333333,24.96666666666667
2026-07-07 20:00:00+05:30,,,
2026-07-07 21:00:00+05:30,,,
2026-07-07 22:00:00+05:30,,,
2026-07-07 23:00:00+05:30,,,
2026-07-08 00:00:00+05:30,,,
2026-07-08 01:00:00+05:30,,,
2026-07-08 02:00:00+05:30,,,
2026-07-08 03:00:00+05:30,,,
2026-07-08 04:00:00+05:30,,,
2026-07-08 05:00:00+05:30,,,
2026-07-08 06:00:00+05:30,,,
2026-07-08 07:00:00+05:30,,,
2026-07-08 08:00:00+05:30,,,
2026-07-08 09:00:00+05:30,,,
2026-07-08 10:00:00+05:30,,,
2026-07-08 11:00:00+05:30,21.74,53.3,10.0
2026-07-08 12:00:00+05:30,26.67,54.65,10.0
2026-07-08 13:00:00+05:30,25.9125,51.425,4.9
2026-07-08 14:00:00+05:30,25.435,48.775000000000006,11.575
2026-07-08 15:00:00+05:30,24.665,51.55,17.349999999999998
2026-07-08 16:00:00+05:30,25.28,57.95,17.725
2026-07-08 17:00:00+05:30,24.315,58.525,20.825
2026-07-08 18:00:00+05:30,23.41,49.125,19.25
2026-07-08 19:00:00+05:30,26.66,46.725,16.6
2026-07-08 20:00:00+05:30,26.035,51.2,14.825
2026-07-08 21:00:00+05:30,26.335,53.4,13.475
2026-07-08 22:00:00+05:30,25.8675,58.150000000000006,16.9
2026-07-08 23:00:00+05:30,25.41333333333333,59.23333333333333,17.733333333333334
2026-07-09 00:00:00+05:30,25.28,54.7,15.9
2026-07-09 01:00:00+05:30,25.4875,50.150000000000006,14.6
2026-07-09 02:00:00+05:30,26.19666666666667,46.95,17.53333333333333
2026-07-09 03:00:00+05:30,26.665,44.025,15.675
2026-07-09 04:00:00+05:30,24.86,41.65,14.025
2026-07-09 05:00:00+05:30,23.1675,41.75,12.85
2026-07-09 06:00:00+05:30,25.005,39.25,12.0
2026-07-09 07:00:00+05:30,25.265,40.15,15.775
2026-07-09 08:00:00+05:30,23.6925,42.3,15.95
2026-07-09 09:00:00+05:30,24.49,42.85,18.8
2026-07-09 10:00:00+05:30,25.12,45.9,18.75
2026-07-09 11:00:00+05:30,24.14,51.35,20.125
2026-07-09 12:00:00+05:30,23.6025,56.05,22.225
2026-07-09 13:00:00+05:30,22.5275,57.225,25.3
2026-07-09 14:00:00+05:30,26.3775,53.025,25.7
2026-07-09 15:00:00+05:30,23.6325,51.05,25.625
2026-07-09 16:00:00+05:30,25.115,48.25,24.275
2026-07-09 17:00:00+05:30,25.2825,47.975,23.125
2026-07-09 18:00:00+05:30,24.8025,50.1,23.075000000000003
2026-07-09 19:00:00+05:30,25.6525,52.56666666666666,24.53333333333333
2026-07-09 20:00:00+05:30,23.475,55.425,28.15
2026-07-09 21:00:00+05:30,25.63,56.225,26.225
2026-07-09 22:00:00+05:30,24.6525,60.525000000000006,28.1
2026-07-09 23:00:00+05:30,27.405,66.375,29.625
2026-07-10 00:00:00+05:30,23.15,67.4,28.2
2026-07-10 01:00:00+05:30,26.6525,66.55,27.325
2026-07-10 02:00:00+05:30,23.9275,74.575,30.725
2026-07-10 03:00:00+05:30,24.4975,79.625,26.45
2026-07-10 04:00:00+05:30,25.4475,69.575,23.674999999999997
2026-07-10 05:00:00+05:30,23.3925,59.95,23.225
2026-07-10 06:00:00+05:30,25.905,60.575,25.75
2026-07-10 07:00:00+05:30,26.9175,66.925,26.0
2026-07-10 08:00:00+05:30,25.8125,59.1,23.7
2026-07-10 09:00:00+05:30,25.825,46.375,23.475
2026-07-10 10:00:00+05:30,26.0125,43.7,22.275
2026-07-10 11:00:00+05:30,25.365,39.95,21.049999999999997
2026-07-10 12:00:00+05:30,27.7175,35.525,19.225
2026-07-10 13:00:00+05:30,24.6525,35.575,21.549999999999997
2026-07-10 14:00:00+05:30,26.1675,42.35,20.575
2026-07-10 15:00:00+05:30,24.51,50.8,24.275
2026-07-10 16:00:00+05:30,24.04,56.025,27.1
2026-07-10 17:00:00+05:30,25.3275,61.7,25.725
2026-07-10 18:00:00+05:30,26.515,75.025,24.525
2026-07-10 19:00:00+05:30,24.692500000000003,91.45,22.275
2026-07-10 20:00:00+05:30,24.3625,103.725,22.975
2026-07-10 21:00:00+05:30,24.8525,120.1,24.425
2026-07-10 22:00:00+05:30,24.807499999999997,126.2,22.925
2026-07-10 23:00:00+05:30,26.4175,130.625,23.15
2026-07-11 00:00:00+05:30,24.64,141.1,25.8
2026-07-11 01:00:00+05:30,25.6925,119.55,24.025
2026-07-11 02:00:00+05:30,25.1075,84.7,20.275
2026-07-11 03:00:00+05:30,26.1425,58.45,17.5
2026-07-11 04:00:00+05:30,24.7875,42.625,15.45
2026-07-11 05:00:00+05:30,27.0675,34.75,16.425
2026-07-11 06:00:00+05:30,25.0075,30.05,15.1
2026-07-11 07:00:00+05:30,25.185,25.2,16.325
2026-07-11 08:00:00+05:30,24.9,22.674999999999997,15.8
2026-07-11 09:00:00+05:30,26.1875,21.4,16.85
2026-07-11 10:00:00+05:30,25.1375,21.825000000000003,18.325
2026-07-11 11:00:00+05:30,25.51,23.25,22.0
2026-07-11 12:00:00+05:30,24.36,26.575,23.4
2026-07-11 13:00:00+05:30,25.61,29.9,24.8
2026-07-11 14:00:00+05:30,24.5125,31.45,26.325000000000003
2026-07-11 15:00:00+05:30,23.9775,33.0,27.85
2026-07-11 16:00:00+05:30,23.945,35.875,22.424999999999997
2026-07-11 17:00:00+05:30,26.3125,39.1,19.775
2026-07-11 18:00:00+05:30,24.7,41.65,23.55
2026-07-11 19:00:00+05:30,26.2775,44.475,23.675
2026-07-11 20:00:00+05:30,24.2425,45.724999999999994,28.525
2026-07-11 21:00:00+05:30,25.935,49.1,29.375
2026-07-11 22:00:00+05:30,25.3625,51.875,27.025
2026-07-11 23:00:00+05:30,23.7725,49.175,26.7
2026-07-12 00:00:00+05:30,23.86,43.6,23.9
2026-07-12 01:00:00+05:30,26.445,39.525,21.35
2026-07-12 02:00:00+05:30,26.375,35.4,20.825
2026-07-12 03:00:00+05:30,23.2325,33.375,19.925
2026-07-12 04:00:00+05:30,25.494999999999997,30.15,18.925
2026-07-12 05:00:00+05:30,26.9175,30.375,16.6
2026-07-12 06:00:00+05:30,28.7675,34.5,23.6
2026-07-12 07:00:00+05:30,27.035,37.875,21.35
2026-07-12 08:00:00+05:30,25.415,38.2,18.775
2026-07-12 09:00:00+05:30,25.4625,41.425,20.174999999999997
2026-07-12 10:00:00+05:30,26.42,49.5,24.525
2026-07-12 11:00:00+05:30,24.6075,62.175,24.65
2026-07-12 12:00:00+05:30,27.0025,74.05,24.675
2026-07-12 13:00:00+05:30,26.45,81.25,24.075
2026-07-12 14:00:00+05:30,24.4875,93.725,31.925
2026-07-12 15:00:00+05:30,25.0425,102.9,32.4
2026-07-12 16:00:00+05:30,24.4125,110.425,33.550000000000004
2026-07-12 17:00:00+05:30,25.21,114.0,30.35
2026-07-12 18:00:00+05:30,24.5925,99.75,30.875
2026-07-12 19:00:00+05:30,25.0425,77.775,29.95
2026-07-12 20:00:00+05:30,28.235,63.95,26.4
2026-07-12 21:00:00+05:30,25.1325,55.925,21.25
2026-07-12 22:00:00+05:30,24.3325,52.975,23.35
2026-07-12 23:00:00+05:30,25.0875,46.75,21.6
2026-07-13 00:00:00+05:30,25.15,35.6,21.0
2026-07-13 01:00:00+05:30,26.1575,33.925,18.375
2026-07-13 02:00:00+05:30,25.665,28.875,18.275
2026-07-13 03:00:00+05:30,25.8475,24.075000000000003,16.8
2026-07-13 04:00:00+05:30,26.2075,23.1,17.825
2026-07-13 05:00:00+05:30,24.955,24.375,16.325000000000003
2026-07-13 06:00:00+05:30,26.6725,28.025,18.75
2026-07-13 07:00:00+05:30,24.0325,29.525,18.125
2026-07-13 08:00:00+05:30,26.505,29.725,18.175
2026-07-13 09:00:00+05:30,25.16,31.625,18.3
2026-07-13 10:00:00+05:30,24.515,40.3,26.15
2026-07-13 11:00:00+05:30,25.8375,51.875,23.75
2026-07-13 12:00:00+05:30,24.965,64.5,22.675
2026-07-13 13:00:00+05:30,24.8975,79.475,24.8
2026-07-13 14:00:00+05:30,26.56,95.925,25.625
2026-07-13 15:00:00+05:30,27.81,97.275,29.475
2026-07-13 16:00:00+05:30,22.426666666666662,101.96666666666664,28.5
2026-07-13 17:00:00+05:30,23.87,105.725,32.025
2026-07-13 18:00:00+05:30,26.81,107.325,32.225
2026-07-13 19:00:00+05:30,25.135,104.5,31.85
2026-07-13 20:00:00+05:30,25.5825,102.475,31.275
2026-07-13 21:00:00+05:30,25.915,109.975,31.2
2026-07-13 22:00:00+05:30,27.5225,122.3,19.1
2026-07-13 23:00:00+05:30,25.905,132.2,12.35
