,no2,pm10,pm25,temperature_2m,relative_humidity_2m,surface_pressure,precipitation,U_wind,V_wind,inv_PBLH,hour_sin,hour_cos,month_sin,month_cos,elevation,pop_density,ndvi,ndbi,Upwind_FRP
2026-01-20 14:30:00+00:00,22.38,253.1,86.7,19.4,73,1009.4,0.0,9.676371287520292,0.676637795318018,0.0095238095238095,-0.8660254037844386,0.5000000000000001,0.4999999999999999,0.8660254037844387,55.91,229.5,0.1103,0.0236,2.5787050345912887
2026-01-20 15:30:00+00:00,22.933333333333337,263.06666666666666,100.06666666666666,18.7,76,1009.6,0.0,8.987665812791164,0.4710236061864987,0.0117647058823529,-0.7071067811865477,0.7071067811865474,0.4999999999999999,0.8660254037844387,55.91,229.5,0.1103,0.0236,0.4681153566689128
2026-01-20 16:30:00+00:00,21.16,248.55,92.45,17.9,81,1009.3,0.0,9.686706487119366,0.5076587755565597,0.0125,-0.5000000000000004,0.8660254037844384,0.4999999999999999,0.8660254037844387,55.91,229.5,0.1103,0.0236,2.0548493571164435
2026-01-20 17:30:00+00:00,17.89333333333333,265.5,84.4,17.6,80,1009.3,0.0,10.765802912487002,-1.7051356689385144,0.0095238095238095,-0.2588190451025215,0.965925826289068,0.4999999999999999,0.8660254037844387,55.91,229.5,0.1103,0.0236,3.6120778018246598
2026-01-20 18:30:00+00:00,14.67,204.4,94.2,16.9,83,1009.3,0.0,10.59712730865417,-4.718145059679286,0.0071428571428571,0.0,1.0,0.4999999999999999,0.8660254037844387,55.91,229.5,0.1103,0.0236,2.025433032733282
2026-01-20 19:30:00+00:00,14.2825,171.35,88.55,16.1,85,1009.5,0.0,9.17986928011505,-5.300000000000001,0.00625,0.2588190451025207,0.9659258262890684,0.4999999999999999,0.8660254037844387,55.91,229.5,0.1103,0.0236,2.3045798512950793
2026-01-20 20:30:00+00:00,12.8075,131.925,79.325,15.5,86,1009.2,0.0,7.371638786038166,-4.429327444226465,0.0083333333333333,0.4999999999999999,0.8660254037844387,0.4999999999999999,0.8660254037844387,55.91,229.5,0.1103,0.0236,0.6015165050018062
2026-01-20 21:30:00+00:00,12.2775,114.4,62.55,15.0,87,1009.1,0.0,5.92908948697082,-1.812704569280968,0.0142857142857142,0.7071067811865475,0.7071067811865476,0.4999999999999999,0.8660254037844387,55.91,229.5,0.1103,0.0236,4.045248213438407
2026-01-20 22:30:00+00:00,11.605,134.8,72.1,14.4,88,1009.3,0.0,5.92908948697082,1.81270456928097,0.02,0.8660254037844386,0.5000000000000001,0.4999999999999999,0.8660254037844387,55.91,229.5,0.1103,0.0236,4.046138387162236
2026-01-20 23:30:00+00:00,11.2075,108.4,72.65,14.0,89,1009.5,0.0,6.445517427870167,3.4271424083370023,0.0166666666666666,0.9659258262890684,0.2588190451025207,0.4999999999999999,0.8660254037844387,55.91,229.5,0.1103,0.0236,4.880151126332578
2026-01-21 00:30:00+00:00,11.05,116.0,64.07499999999999,13.5,91,1010.1,0.0,5.984023903218678,4.845767011083746,0.0166666666666666,1.0,6.123233995736766e-17,0.4999999999999999,0.8660254037844387,55.91,229.5,0.1103,0.0236,1.11541263195386
2026-01-21 01:30:00+00:00,10.8125,103.7,57.725,13.6,89,1011.0,0.0,7.362054648812021,5.348845795861506,0.0142857142857142,0.9659258262890684,-0.2588190451025206,0.4999999999999999,0.8660254037844387,55.91,229.5,0.1103,0.0236,3.941358528950682
2026-01-21 02:30:00+00:00,11.2725,118.7,64.725,15.7,80,1012.1,0.0,6.3261463217374105,3.2233325481507835,0.0074074074074074,0.8660254037844387,-0.4999999999999998,0.4999999999999999,0.8660254037844387,55.91,229.5,0.1103,0.0236,2.4805259331629665
2026-01-21 03:30:00+00:00,11.4125,133.7,71.05,18.3,69,1012.8,0.0,7.017210380349729,2.012152697464092,0.0039215686274509,0.7071067811865476,-0.7071067811865475,0.4999999999999999,0.8660254037844387,55.91,229.5,0.1103,0.0236,1.647310372618696
2026-01-21 04:30:00+00:00,12.82,121.175,64.07499999999999,20.6,61,1012.9,0.0,8.851244868777634,0.9303033230821148,0.0024691358024691,0.4999999999999999,-0.8660254037844387,0.4999999999999999,0.8660254037844387,55.91,229.5,0.1103,0.0236,4.560450694794343
2026-01-21 05:30:00+00:00,27.175,116.1,59.925,22.2,56,1012.2,0.0,9.898492182048274,-0.172778823729103,0.0015037593984962,0.258819045102521,-0.9659258262890682,0.4999999999999999,0.8660254037844387,55.91,229.5,0.1103,0.0236,1.7195785616249226
2026-01-21 06:30:00+00:00,58.99,117.85,62.875,23.6,51,1011.1,0.0,10.84028865951418,-1.1393602496174176,0.001025641025641,1.2246467991473532e-16,-1.0,0.4999999999999999,0.8660254037844387,55.91,229.5,0.1103,0.0236,4.81566754025554
2026-01-21 07:30:00+00:00,72.075,102.9,58.175,24.3,43,1010.2,0.0,12.564827948130102,-2.4423551408197666,0.0006006006006006,-0.2588190451025208,-0.9659258262890684,0.4999999999999999,0.8660254037844387,55.91,229.5,0.1103,0.0236,3.4183143457747804
2026-01-21 08:30:00+00:00,61.0225,101.2,52.45,24.4,36,1009.3,0.0,14.429919596680662,-2.8048922320352005,0.000632911392405,-0.4999999999999998,-0.8660254037844388,0.4999999999999999,0.8660254037844387,55.91,229.5,0.1103,0.0236,2.840684468425281
2026-01-21 09:30:00+00:00,52.91,80.525,43.575,24.0,36,1008.9,0.0,14.429919596680662,-2.8048922320352005,0.0006896551724137,-0.7071067811865471,-0.7071067811865479,0.4999999999999999,0.8660254037844387,55.91,229.5,0.1103,0.0236,2.275831278244435
2026-01-21 10:30:00+00:00,45.98,81.45,37.4,22.7,43,1008.7,0.0,12.59808095897053,0.219900321109772,0.0011173184357541,-0.8660254037844384,-0.5000000000000004,0.4999999999999999,0.8660254037844387,55.91,229.5,0.1103,0.0236,4.126569898534282
2026-01-21 11:30:00+00:00,47.85,96.13333333333333,38.43333333333333,20.8,49,1008.8,0.0,12.028065546059626,4.377857834568569,0.0028169014084507,-0.9659258262890684,-0.2588190451025206,0.4999999999999999,0.8660254037844387,55.91,229.5,0.1103,0.0236,1.994734109215367
2026-01-21 12:30:00+00:00,50.5675,126.125,43.8,20.4,49,1009.5,0.0,11.877688919716732,2.3087888440562003,0.003125,-1.0,-1.8369701987210292e-16,0.4999999999999999,0.8660254037844387,55.91,229.5,0.1103,0.0236,0.546955306623727
2026-01-21 13:30:00+00:00,40.695,163.125,47.2,19.2,55,1010.2,0.0,9.778114571891864,1.5487012038982872,0.0076923076923076,-0.9659258262890684,0.2588190451025203,0.4999999999999999,0.8660254037844387,55.91,229.5,0.1103,0.0236,4.615032677601031
2026-01-21 14:30:00+00:00,36.04,274.85,65.5,18.1,61,1010.9,0.0,8.60769888645749,1.8296228791962863,0.0117647058823529,-0.8660254037844386,0.5000000000000001,0.4999999999999999,0.8660254037844387,55.91,229.5,0.1103,0.0236,1.3732373781617235
2026-01-21 15:30:00+00:00,29.805,305.4,82.85000000000001,17.1,65,1011.0,0.0,8.516305391177506,1.1968886682565585,0.0142857142857142,-0.7071067811865477,0.7071067811865474,0.4999999999999999,0.8660254037844387,55.91,229.5,0.1103,0.0236,1.3157728043226085
2026-01-21 16:30:00+00:00,26.4675,184.45,76.65,16.3,68,1011.1,0.0,8.60769888645749,1.8296228791962863,0.0142857142857142,-0.5000000000000004,0.8660254037844384,0.4999999999999999,0.8660254037844387,55.91,229.5,0.1103,0.0236,2.541449625657431
2026-01-21 17:30:00+00:00,24.253333333333337,180.0,70.2,15.7,72,1011.4,0.0,9.22729552440804,1.7936045565395276,0.0133333333333333,-0.2588190451025215,0.965925826289068,0.4999999999999999,0.8660254037844387,55.91,229.5,0.1103,0.0236,0.9991161599756215
2026-01-21 18:30:00+00:00,19.35,197.0,71.6,15.0,73,1011.2,0.0,8.80332840660425,1.871205217359838,0.0133333333333333,0.0,1.0,0.4999999999999999,0.8660254037844387,55.91,229.5,0.1103,0.0236,4.214698248437487
2026-01-21 19:30:00+00:00,18.2775,163.225,69.75,14.6,74,1010.9,0.0,8.987963899415753,1.4235536318661024,0.0133333333333333,0.2588190451025207,0.9659258262890684,0.4999999999999999,0.8660254037844387,55.91,229.5,0.1103,0.0236,0.9520558046754579
2026-01-21 20:30:00+00:00,17.9875,116.35,60.85,14.1,76,1010.5,0.0,9.3942737739795,0.3280552690035155,0.0125,0.4999999999999999,0.8660254037844387,0.4999999999999999,0.8660254037844387,55.91,229.5,0.1103,0.0236,0.5798574451104183
2026-01-21 21:30:00+00:00,17.92,121.43333333333334,52.73333333333333,13.5,79,1010.3,0.0,9.694091022085228,-0.3385251180142624,0.0117647058823529,0.7071067811865475,0.7071067811865476,0.4999999999999999,0.8660254037844387,55.91,229.5,0.1103,0.0236,0.34791171936905785
2026-01-21 22:30:00+00:00,16.335,133.5,54.6,13.2,80,1010.3,0.0,9.686706487119366,0.5076587755565597,0.0117647058823529,0.8660254037844386,0.5000000000000001,0.4999999999999999,0.8660254037844387,55.91,229.5,0.1103,0.0236,0.7008584851055105
2026-01-21 23:30:00+00:00,16.2425,115.6,54.475,13.0,83,1010.6,0.0,8.95069705831446,0.9407561694088802,0.0125,0.9659258262890684,0.2588190451025207,0.4999999999999999,0.8660254037844387,55.91,229.5,0.1103,0.0236,2.3715964604531243
2026-01-22 00:30:00+00:00,17.15,105.275,49.4,12.6,84,1011.1,0.0,7.703969056642074,1.220188827313802,0.0142857142857142,1.0,6.123233995736766e-17,0.4999999999999999,0.8660254037844387,55.91,229.5,0.1103,0.0236,2.322037046640343
2026-01-22 01:30:00+00:00,15.9075,119.8,47.425,12.9,83,1012.0,0.0,7.433921765576922,1.5801288502149744,0.0142857142857142,0.9659258262890684,-0.2588190451025206,0.4999999999999999,0.8660254037844387,55.91,229.5,0.1103,0.0236,1.3696973188827244
2026-01-22 02:30:00+00:00,16.605,122.05,53.7,14.8,76,1013.0,0.0,3.616017032810471,1.460965714322058,0.0095238095238095,0.8660254037844387,-0.4999999999999998,0.4999999999999999,0.8660254037844387,55.91,229.5,0.1103,0.0236,3.377263321123996
2026-01-22 03:30:00+00:00,20.4125,136.525,53.0,17.3,66,1013.8,0.0,2.338488155484564,0.5398825304252766,0.0057142857142857,0.7071067811865476,-0.7071067811865475,0.4999999999999999,0.8660254037844387,55.91,229.5,0.1103,0.0236,3.071242583054112
2026-01-22 04:30:00+00:00,31.84,113.2,55.650000000000006,19.9,58,1013.9,0.0,2.868914267889106,-0.8771151141682101,0.0033333333333333,0.4999999999999999,-0.8660254037844387,0.4999999999999999,0.8660254037844387,55.91,229.5,0.1103,0.0236,3.8300033608452804
2026-01-22 05:30:00+00:00,47.0275,104.6,44.6,21.6,52,1013.2,0.0,3.808015211139157,-3.083669916144204,0.0010416666666666,0.258819045102521,-0.9659258262890682,0.4999999999999999,0.8660254037844387,55.91,229.5,0.1103,0.0236,1.4898468683887227
2026-01-22 06:30:00+00:00,46.12,97.59999999999998,44.9,23.1,44,1012.1,0.0,5.936336673094983,-3.7094348496324328,0.0009132420091324,1.2246467991473532e-16,-1.0,0.4999999999999999,0.8660254037844387,55.91,229.5,0.1103,0.0236,2.277224803400552
2026-01-22 07:30:00+00:00,40.81,1.675,42.975,23.5,42,1010.9,0.0,6.719685430202816,-2.8523372379716965,0.0008583690987124,-0.2588190451025208,-0.9659258262890684,0.4999999999999999,0.8660254037844387,55.91,229.5,0.1103,0.0236,2.754980339297133
2026-01-22 08:30:00+00:00,38.5,88.2,41.05,23.7,39,1010.2,0.0,7.244443697168012,-1.9411428382689084,0.0008196721311475,-0.4999999999999998,-0.8660254037844388,0.4999999999999999,0.8660254037844387,55.91,229.5,0.1103,0.0236,0.49748687675559955
2026-01-22 09:30:00+00:00,36.2,83.96666666666667,38.86666666666667,23.4,39,1009.8,0.0,7.375285369327897,-2.8311068014078664,0.0008474576271186,-0.7071067811865471,-0.7071067811865479,0.4999999999999999,0.8660254037844387,55.91,229.5,0.1103,0.0236,2.015169808265079
2026-01-22 10:30:00+00:00,37.307500000000005,82.48333333333333,36.94583333333333,22.5,43,1009.6,0.0,7.922995565943826,-1.6840846956238442,0.0023255813953488,-0.8660254037844384,-0.5000000000000004,0.4999999999999999,0.8660254037844387,55.91,229.5,0.1103,0.0236,4.865347853729071
2026-01-22 11:30:00+00:00,38.415,81.0,35.025,20.5,54,1010.1,0.0,6.500981366049177,-1.620876700517772,0.0076923076923076,-0.9659258262890684,-0.2588190451025206,0.4999999999999999,0.8660254037844387,55.91,229.5,0.1103,0.0236,0.3797952017505163
2026-01-22 12:30:00+00:00,63.865,91.35,37.8,19.6,60,1010.5,0.0,4.012982057577931,-3.613305274337832,0.0166666666666666,-1.0,-1.8369701987210292e-16,0.4999999999999999,0.8660254037844387,55.91,229.5,0.1103,0.0236,2.897234963335533
2026-01-22 13:30:00+00:00,54.54333333333333,225.26666666666665,53.2,18.0,72,1011.0,0.0,1.6349186160502682,-1.472087333989487,0.04,-0.9659258262890684,0.2588190451025203,0.4999999999999999,0.8660254037844387,55.91,229.5,0.1103,0.0236,4.525540141688491
2026-01-22 14:30:00+00:00,39.945,242.325,67.025,17.8,72,1011.5,0.0,0.9271838545667872,0.3746065934159123,0.0666666666666666,-0.8660254037844386,0.5000000000000001,0.4999999999999999,0.8660254037844387,55.91,229.5,0.1103,0.0236,2.24800261815198
2026-01-22 15:30:00+00:00,31.03,362.55,87.17500000000001,17.5,71,1011.7,0.0,0.8571673007021123,-0.5150380749100542,0.0666666666666666,-0.7071067811865477,0.7071067811865474,0.4999999999999999,0.8660254037844387,55.91,229.5,0.1103,0.0236,0.46047621065925026
2026-01-22 16:30:00+00:00,27.425,336.35,104.05,16.0,77,1011.8,0.0,2.289729859622351,-1.4307820134296527,0.05,-0.5000000000000004,0.8660254037844384,0.4999999999999999,0.8660254037844387,55.91,229.5,0.1103,0.0236,3.7987903561738365
2026-01-22 17:30:00+00:00,22.4,436.8999999999999,118.40000000000002,14.5,85,1012.5,0.0,2.524212048835201,-3.2308440897875577,0.0333333333333333,-0.2588190451025215,0.965925826289068,0.4999999999999999,0.8660254037844387,55.91,229.5,0.1103,0.0236,2.4283366812444305
2026-01-22 18:30:00+00:00,19.26,275.9,97.3,13.8,87,1012.0,0.0,8.327598234202001e-16,-3.4,0.04,0.0,1.0,0.4999999999999999,0.8660254037844387,55.91,229.5,0.1103,0.0236,2.4353286756419683
2026-01-22 19:30:00+00:00,18.55,286.25,87.225,13.5,89,1011.7,0.0,-1.45276959916655,-2.8512208774027776,0.04,0.2588190451025207,0.9659258262890684,0.4999999999999999,0.8660254037844387,55.91,229.5,0.1103,0.0236,3.852305485409388
2026-01-22 20:30:00+00:00,16.9525,241.725,88.75,13.3,89,1011.2,0.0,-1.802134497435782,-1.2618681599723014,0.05,0.4999999999999999,0.8660254037844387,0.4999999999999999,0.8660254037844387,55.91,229.5,0.1103,0.0236,0.16232075479889085
2026-01-22 21:30:00+00:00,16.86,201.05,79.925,13.0,90,1011.1,0.0,-1.2873484893640414,0.1809250312480849,0.05,0.7071067811865475,0.7071067811865476,0.4999999999999999,0.8660254037844387,55.91,229.5,0.1103,0.0236,4.465107351202521
2026-01-22 22:30:00+00:00,15.2625,151.725,64.75,12.6,92,1010.9,0.0,-0.3399186938124423,1.0461621679246689,0.0666666666666666,0.8660254037844386,0.5000000000000001,0.4999999999999999,0.8660254037844387,55.91,229.5,0.1103,0.0236,0.8354885090152903
2026-01-22 23:30:00+00:00,15.8,164.9,62.25,11.4,96,1011.6,0.0,-5.021051876504147e-16,4.1,0.0333333333333333,0.9659258262890684,0.2588190451025207,0.4999999999999999,0.8660254037844387,55.91,229.5,0.1103,0.0236,3.4729681129027505
2026-01-23 00:30:00+00:00,14.58,138.35,66.0,11.7,93,1012.4,0.0,1.0793978087775922,6.815049550106451,0.0285714285714285,1.0,6.123233995736766e-17,0.4999999999999999,0.8660254037844387,55.91,229.5,0.1103,0.0236,0.7269155464661764
2026-01-23 01:30:00+00:00,14.6775,145.725,71.825,12.0,91,1013.1,0.0,1.4239150568688297,8.075423574700105,0.0222222222222222,0.9659258262890684,-0.2588190451025206,0.4999999999999999,0.8660254037844387,55.91,229.5,0.1103,0.0236,4.892324555298405
2026-01-23 02:30:00+00:00,14.13,166.9,67.06666666666666,14.7,80,1014.0,0.0,0.3627336634694491,5.187333061351087,0.0142857142857142,0.8660254037844387,-0.4999999999999998,0.4999999999999999,0.8660254037844387,55.91,229.5,0.1103,0.0236,1.0539963496801015
2026-01-23 03:30:00+00:00,15.315,135.725,56.5,18.1,68,1014.7,0.0,-0.5288577836482498,3.763018661217967,0.0068965517241379,0.7071067811865476,-0.7071067811865475,0.4999999999999999,0.8660254037844387,55.91,229.5,0.1103,0.0236,0.3211719052268497
2026-01-23 04:30:00+00:00,18.586666666666662,141.83333333333334,68.33333333333333,20.8,58,1014.8,0.0,-1.1129218939408403,4.153481053042993,0.0023809523809523,0.4999999999999999,-0.8660254037844387,0.4999999999999999,0.8660254037844387,55.91,229.5,0.1103,0.0236,0.5681365532749683
2026-01-23 05:30:00+00:00,47.615,103.65,57.2,21.9,48,1014.6,0.0,-1.2465121550819638,1.4339482024232668,0.0012121212121212,0.258819045102521,-0.9659258262890682,0.4999999999999999,0.8660254037844387,55.91,229.5,0.1103,0.0236,1.8030492096546524
2026-01-23 06:30:00+00:00,64.68333333333334,71.93333333333334,45.333333333333336,23.4,41,1013.4,0.0,-1.2887067948334163,0.547023579884983,0.0010928961748633,1.2246467991473532e-16,-1.0,0.4999999999999999,0.8660254037844387,55.91,229.5,0.1103,0.0236,2.2127543289671534
2026-01-23 07:30:00+00:00,67.8025,68.375,32.975,24.1,39,1012.3,0.0,-0.5,-3.061616997868383e-17,0.001058201058201,-0.2588190451025208,-0.9659258262890684,0.4999999999999999,0.8660254037844387,55.91,229.5,0.1103,0.0236,3.7739132552147354
2026-01-23 08:30:00+00:00,55.3,66.75,37.3,24.4,38,1011.4,0.0,-0.1717280958388903,-0.8834644651028976,0.001063829787234,-0.4999999999999998,-0.8660254037844388,0.4999999999999999,0.8660254037844387,55.91,229.5,0.1103,0.0236,1.6638080459932798
2026-01-23 09:30:00+00:00,41.75,65.0,32.475,24.2,39,1010.5,0.0,-1.2135254915624212,-0.8816778784387097,0.001081081081081,-0.7071067811865471,-0.7071067811865479,0.4999999999999999,0.8660254037844387,55.91,229.5,0.1103,0.0236,4.803392267849787
2026-01-23 10:30:00+00:00,33.4525,60.375,30.675,23.1,44,1010.2,0.0,-3.0814464759246096,-1.436902089918378,0.0153846153846153,-0.8660254037844384,-0.5000000000000004,0.4999999999999999,0.8660254037844387,55.91,229.5,0.1103,0.0236,1.5751662888809703
2026-01-23 11:30:00+00:00,36.9075,59.85,24.075,20.1,50,1010.7,0.0,-2.516368065618361,-3.730669076497688,0.0142857142857142,-0.9659258262890684,-0.2588190451025206,0.4999999999999999,0.8660254037844387,55.91,229.5,0.1103,0.0236,4.07989632625987
2026-01-23 12:30:00+00:00,42.3525,93.85,39.775,19.0,58,1011.3,0.0,-3.9945181390182953,0.2093438249717744,0.0222222222222222,-1.0,-1.8369701987210292e-16,0.4999999999999999,0.8660254037844387,55.91,229.5,0.1103,0.0236,2.106018295812861
2026-01-23 13:30:00+00:00,47.16333333333333,138.3,56.4,18.1,66,1012.2,0.0,-1.9926415900282723,2.374737773668832,0.0285714285714285,-0.9659258262890684,0.2588190451025203,0.4999999999999999,0.8660254037844387,55.91,229.5,0.1103,0.0236,2.2127378083915863
2026-01-23 14:30:00+00:00,31.125,385.125,137.525,17.0,74,1012.7,0.0,-2.543183761907895,0.5405703961261737,0.0333333333333333,-0.8660254037844386,0.5000000000000001,0.4999999999999999,0.8660254037844387,55.91,229.5,0.1103,0.0236,2.102564315088706
2026-01-23 15:30:00+00:00,25.65,215.775,92.6,15.9,78,1013.1,0.0,-1.2727922061357857,-1.2727922061357857,0.0666666666666666,-0.7071067811865477,0.7071067811865474,0.4999999999999999,0.8660254037844387,55.91,229.5,0.1103,0.0236,4.4601972887036005
2026-01-23 16:30:00+00:00,20.9275,276.7,144.95,15.4,78,1013.4,0.0,-1.400370639745803,-0.5375519243179505,0.0666666666666666,-0.5000000000000004,0.8660254037844384,0.4999999999999999,0.8660254037844387,55.91,229.5,0.1103,0.0236,4.585075919878258
2026-01-23 17:30:00+00:00,19.37,263.1,118.2,14.7,83,1013.4,0.0,-2.28972985962235,-1.4307820134296534,0.05,-0.2588190451025215,0.965925826289068,0.4999999999999999,0.8660254037844387,55.91,229.5,0.1103,0.0236,4.045374297638315
2026-01-23 18:30:00+00:00,16.33,261.4,93.9,14.3,82,1012.8,0.0,-2.1171611629406124,-0.89868159552533,0.0666666666666666,0.0,1.0,0.4999999999999999,0.8660254037844387,55.91,229.5,0.1103,0.0236,3.4933058630262455
2026-01-23 19:30:00+00:00,17.4275,204.225,75.35,13.7,83,1012.6,0.0,-2.737137537862673,-1.4553618446362615,0.05,0.2588190451025207,0.9659258262890684,0.4999999999999999,0.8660254037844387,55.91,229.5,0.1103,0.0236,1.568913113502119
2026-01-23 20:30:00+00:00,17.645,253.35,125.725,13.1,86,1012.3,0.0,-3.1956145112146364,0.1674750599774196,0.05,0.4999999999999999,0.8660254037844387,0.4999999999999999,0.8660254037844387,55.91,229.5,0.1103,0.0236,3.1860464397521913
2026-01-23 21:30:00+00:00,16.92,352.375,120.425,12.7,89,1012.2,0.0,-3.052904034337845,0.538309350767484,0.0333333333333333,0.7071067811865475,0.7071067811865476,0.4999999999999999,0.8660254037844387,55.91,229.5,0.1103,0.0236,2.4302002257739206
2026-01-23 22:30:00+00:00,14.9625,210.525,79.60000000000001,12.2,92,1012.0,0.0,-3.0943092789133644,2.6898420188610803,0.0285714285714285,0.8660254037844386,0.5000000000000001,0.4999999999999999,0.8660254037844387,55.91,229.5,0.1103,0.0236,0.7891784624661641
2026-01-23 23:30:00+00:00,13.485,168.625,61.8,11.7,96,1012.5,0.0,-1.830939094864975,3.4434956121498144,0.0333333333333333,0.9659258262890684,0.2588190451025207,0.4999999999999999,0.8660254037844387,55.91,229.5,0.1103,0.0236,1.1024742934583491
2026-01-24 00:30:00+00:00,12.9825,212.2,103.175,11.7,96,1013.4,0.0,-1.2465121550819638,1.4339482024232668,0.05,1.0,6.123233995736766e-17,0.4999999999999999,0.8660254037844387,55.91,229.5,0.1103,0.0236,0.04175285228696479
2026-01-24 01:30:00+00:00,13.875,186.225,89.175,12.8,94,1014.0,0.0,-0.5150380749100544,0.8571673007021122,0.0666666666666666,0.9659258262890684,-0.2588190451025206,0.4999999999999999,0.8660254037844387,55.91,229.5,0.1103,0.0236,1.921559380197646
2026-01-24 02:30:00+00:00,14.205,224.45,92.5,15.1,84,1014.8,0.0,-0.1672455412282459,1.5912350325892373,0.0285714285714285,0.8660254037844387,-0.4999999999999998,0.4999999999999999,0.8660254037844387,55.91,229.5,0.1103,0.0236,2.1004173701751534
2026-01-24 03:30:00+00:00,13.3375,225.65,75.075,18.7,68,1015.1,0.0,0.5150380749100542,0.8571673007021123,0.0083333333333333,0.7071067811865476,-0.7071067811865475,0.4999999999999999,0.8660254037844387,55.91,229.5,0.1103,0.0236,3.543431686511165
2026-01-24 04:30:00+00:00,13.633333333333333,180.4333333333333,92.23333333333336,21.4,57,1015.3,0.0,2.831990918692062,-1.2608835935349818,0.0036363636363636,0.4999999999999999,-0.8660254037844387,0.4999999999999999,0.8660254037844387,55.91,229.5,0.1103,0.0236,1.1591547209901043
2026-01-24 05:30:00+00:00,19.6,173.7,85.5,22.8,50,1014.6,0.0,3.1146784891844432,-2.3470785902929867,0.0021052631578947,0.258819045102521,-0.9659258262890682,0.4999999999999999,0.8660254037844387,55.91,229.5,0.1103,0.0236,1.8793867240680817
2026-01-24 06:30:00+00:00,44.82666666666666,89.575,59.4,24.3,43,1013.1,0.0,3.600408882659197,-3.0211017655267347,0.0016528925619834,1.2246467991473532e-16,-1.0,0.4999999999999999,0.8660254037844387,55.91,229.5,0.1103,0.0236,3.894318427471278
2026-01-24 07:30:00+00:00,76.175,102.8,33.725,24.9,41,1012.1,0.0,4.675708702201236,-4.515279407983479,0.0013793103448275,-0.2588190451025208,-0.9659258262890684,0.4999999999999999,0.8660254037844387,55.91,229.5,0.1103,0.0236,2.7069111594486364
2026-01-24 08:30:00+00:00,87.875,72.875,40.575,24.9,42,1011.2,0.0,5.412017391981865,-5.046787864462486,0.0013986013986013,-0.4999999999999998,-0.8660254037844388,0.4999999999999999,0.8660254037844387,55.91,229.5,0.1103,0.0236,2.9844350746342743
2026-01-24 09:30:00+00:00,73.065,89.175,44.975,24.3,46,1010.5,0.0,3.938161190359572,-5.420413862312147,0.0015267175572519,-0.7071067811865471,-0.7071067811865479,0.4999999999999999,0.8660254037844387,55.91,229.5,0.1103,0.0236,4.335028535033297
2026-01-24 10:30:00+00:00,55.68,103.5,60.4,23.3,52,1010.0,0.0,2.678197989532284,-4.457269963650983,0.0043478260869565,-0.8660254037844384,-0.5000000000000004,0.4999999999999999,0.8660254037844387,55.91,229.5,0.1103,0.0236,1.036264463052858
2026-01-24 11:30:00+00:00,53.465,104.375,51.3,21.9,61,1010.2,0.0,3.5748714227020653,-2.894873798829252,0.0125,-0.9659258262890684,-0.2588190451025206,0.4999999999999999,0.8660254037844387,55.91,229.5,0.1103,0.0236,2.7072040695729087
2026-01-24 12:30:00+00:00,57.3575,156.0,76.025,21.1,65,1010.5,0.0,6.71318188675515,-2.31153389664581,0.0153846153846153,-1.0,-1.8369701987210292e-16,0.4999999999999999,0.8660254037844387,55.91,229.5,0.1103,0.0236,1.4894485458638895
2026-01-24 13:30:00+00:00,42.7275,355.6,107.425,20.2,68,1011.0,0.0,7.012587218225478,-1.1106847017856378,0.0166666666666666,-0.9659258262890684,0.2588190451025203,0.4999999999999999,0.8660254037844387,55.91,229.5,0.1103,0.0236,3.6264369063176014
2026-01-24 14:30:00+00:00,35.8975,264.5,98.475,19.4,72,1011.5,0.0,7.746068523300587,-2.368210808254167,0.0153846153846153,-0.8660254037844386,0.5000000000000001,0.4999999999999999,0.8660254037844387,55.91,229.5,0.1103,0.0236,0.8454817190630948
2026-01-24 15:30:00+00:00,28.2525,328.725,103.25,18.5,76,1011.6,0.0,6.877098657152478,-4.466040087123218,0.0133333333333333,-0.7071067811865477,0.7071067811865474,0.4999999999999999,0.8660254037844387,55.91,229.5,0.1103,0.0236,4.133690817234129
2026-01-24 16:30:00+00:00,24.5475,268.575,117.725,17.4,81,1011.5,0.0,4.290832341735055,-5.905824058937116,0.0142857142857142,-0.5000000000000004,0.8660254037844384,0.4999999999999999,0.8660254037844387,55.91,229.5,0.1103,0.0236,3.311095635879808
2026-01-24 17:30:00+00:00,24.83,319.6,113.2,16.7,85,1011.4,0.0,6.472185832831531,-3.5875911898228905,0.0153846153846153,-0.2588190451025215,0.965925826289068,0.4999999999999999,0.8660254037844387,55.91,229.5,0.1103,0.0236,1.4281336937668487
2026-01-24 18:30:00+00:00,18.92,353.9,119.9,16.4,86,1011.2,0.0,8.284543681071964,-3.5165801564034616,0.0142857142857142,0.0,1.0,0.4999999999999999,0.8660254037844387,55.91,229.5,0.1103,0.0236,2.680980860148346
2026-01-24 19:30:00+00:00,17.4725,248.95,105.725,16.1,87,1010.8,0.0,9.171530183313374,-3.158011098234416,0.0111111111111111,0.2588190451025207,0.9659258262890684,0.4999999999999999,0.8660254037844387,55.91,229.5,0.1103,0.0236,2.199526018728519
2026-01-24 20:30:00+00:00,16.459999999999997,190.0,112.96666666666664,15.9,88,1010.6,0.0,9.36063389843324,-3.223124729125848,0.0095238095238095,0.4999999999999999,0.8660254037844387,0.4999999999999999,0.8660254037844387,55.91,229.5,0.1103,0.0236,3.5803753990015954
2026-01-24 21:30:00+00:00,16.005,169.875,124.175,15.6,89,1010.3,0.0,8.457233587073176,-3.0781812899310133,0.0095238095238095,0.7071067811865475,0.7071067811865476,0.4999999999999999,0.8660254037844387,55.91,229.5,0.1103,0.0236,3.287255361369828
2026-01-24 22:30:00+00:00,14.9575,154.95000000000002,99.0,15.5,90,1009.8,0.0,7.608452130361229,-2.472135954999578,0.0105263157894736,0.8660254037844386,0.5000000000000001,0.4999999999999999,0.8660254037844387,55.91,229.5,0.1103,0.0236,0.5163284156290926
2026-01-24 23:30:00+00:00,14.61,140.375,82.325,14.8,93,1010.4,0.0,7.210124886344505,1.1419715947936866,0.0117647058823529,0.9659258262890684,0.2588190451025207,0.4999999999999999,0.8660254037844387,55.91,229.5,0.1103,0.0236,0.8698254791206511
2026-01-25 00:30:00+00:00,13.3775,156.675,101.975,14.2,93,1011.1,0.0,7.521729481398805,4.169362734118496,0.0111111111111111,1.0,6.123233995736766e-17,0.4999999999999999,0.8660254037844387,55.91,229.5,0.1103,0.0236,1.854815211542073
2026-01-25 01:30:00+00:00,13.2675,146.075,94.45,14.5,91,1011.8,0.0,8.63830684983787,5.609782060654778,0.008695652173913,0.9659258262890684,-0.2588190451025206,0.4999999999999999,0.8660254037844387,55.91,229.5,0.1103,0.0236,0.9575342595897901
2026-01-25 02:30:00+00:00,12.966666666666669,140.3,85.8,16.2,83,1012.4,0.0,8.057372626599854,4.841357904154512,0.0057142857142857,0.8660254037844387,-0.4999999999999998,0.4999999999999999,0.8660254037844387,55.91,229.5,0.1103,0.0236,3.5615827364995174
2026-01-25 03:30:00+00:00,13.1625,144.325,74.2,18.9,72,1012.9,0.0,9.22680912219027,4.108040095065581,0.0038461538461538,0.7071067811865476,-0.7071067811865475,0.4999999999999999,0.8660254037844387,55.91,229.5,0.1103,0.0236,0.3753290572581708
2026-01-25 04:30:00+00:00,14.855,162.375,86.75,21.4,62,1012.9,0.0,10.994403663195126,4.001635676910332,0.0026315789473684,0.4999999999999999,-0.8660254037844387,0.4999999999999999,0.8660254037844387,55.91,229.5,0.1103,0.0236,2.633674440649037
2026-01-25 05:30:00+00:00,24.2075,143.79999999999998,88.77499999999999,22.8,57,1012.4,0.0,12.419785296332757,3.096600263675748,0.0018348623853211,0.258819045102521,-0.9659258262890682,0.4999999999999999,0.8660254037844387,55.91,229.5,0.1103,0.0236,3.765881771708857
2026-01-25 06:30:00+00:00,50.52,125.46666666666664,69.5,24.3,49,1011.3,0.0,13.3686189280112,1.8788368629608767,0.0012195121951219,1.2246467991473532e-16,-1.0,0.4999999999999999,0.8660254037844387,55.91,229.5,0.1103,0.0236,2.0097715851156166
2026-01-25 07:30:00+00:00,66.6,108.025,61.45,25.1,46,1010.2,0.0,13.297974345580004,-0.2321170056158656,0.001025641025641,-0.2588190451025208,-0.9659258262890684,0.4999999999999999,0.8660254037844387,55.91,229.5,0.1103,0.0236,2.465271705448402
2026-01-25 08:30:00+00:00,61.0975,101.275,58.475,25.2,46,1009.7,0.0,13.448628424238564,-1.1766025270933815,0.0009803921568627,-0.4999999999999998,-0.8660254037844388,0.4999999999999999,0.8660254037844387,55.91,229.5,0.1103,0.0236,3.2959794392499293
2026-01-25 09:30:00+00:00,52.8925,105.2,57.1,24.7,49,1009.3,0.0,14.245584182711962,-1.246327121291508,0.001010101010101,-0.7071067811865471,-0.7071067811865479,0.4999999999999999,0.8660254037844387,55.91,229.5,0.1103,0.0236,0.1810762485750167
2026-01-25 10:30:00+00:00,44.93,109.95,57.1,23.8,54,1009.4,0.0,12.968332653377717,-0.9068341586736278,0.0011494252873563,-0.8660254037844384,-0.5000000000000004,0.4999999999999999,0.8660254037844387,55.91,229.5,0.1103,0.0236,1.5241177969521509
2026-01-25 11:30:00+00:00,37.645,117.8,57.0,21.9,63,1009.7,0.0,10.601573581234772,-2.0607371500666782,0.0023809523809523,-0.9659258262890684,-0.2588190451025206,0.4999999999999999,0.8660254037844387,55.91,229.5,0.1103,0.0236,0.6910419852941996
2026-01-25 12:30:00+00:00,28.826666666666668,158.36666666666667,68.36666666666666,20.9,68,1010.3,0.0,10.758902739390852,-0.9412820216747052,0.0036363636363636,-1.0,-1.8369701987210292e-16,0.4999999999999999,0.8660254037844387,55.91,229.5,0.1103,0.0236,1.5767576712288733
2026-01-25 13:30:00+00:00,23.0625,161.375,71.825,20.2,72,1010.9,0.0,10.8,1.9839278146187122e-15,0.0057142857142857,-0.9659258262890684,0.2588190451025203,0.4999999999999999,0.8660254037844387,55.91,229.5,0.1103,0.0236,4.586932396199453
2026-01-25 14:30:00+00:00,18.4925,168.9,73.07499999999999,19.4,76,1011.7,0.0,10.42173459223388,-1.2796281057540506,0.0071428571428571,-0.8660254037844386,0.5000000000000001,0.4999999999999999,0.8660254037844387,55.91,229.5,0.1103,0.0236,4.10415935712869
2026-01-25 15:30:00+00:00,15.59,158.575,72.725,18.7,80,1011.7,0.0,9.74959675482086,-1.7191169589026067,0.0074074074074074,-0.7071067811865477,0.7071067811865474,0.4999999999999999,0.8660254037844387,55.91,229.5,0.1103,0.0236,2.3990577581099872
2026-01-25 16:30:00+00:00,14.6375,174.95,85.8,18.0,83,1011.9,0.0,9.55263520421842,-1.6843873233692206,0.0074074074074074,-0.5000000000000004,0.8660254037844384,0.4999999999999999,0.8660254037844387,55.91,229.5,0.1103,0.0236,4.701913296040869
2026-01-25 17:30:00+00:00,12.916666666666666,172.19999999999996,86.0,17.5,86,1012.1,0.0,10.270549807704962,-2.183072753586465,0.0064516129032258,-0.2588190451025215,0.965925826289068,0.4999999999999999,0.8660254037844387,55.91,229.5,0.1103,0.0236,4.043370367012129
2026-01-25 18:30:00+00:00,11.16,142.3,76.0,17.1,87,1011.9,0.0,8.983110184488336,-2.407017119453447,0.00625,0.0,1.0,0.4999999999999999,0.8660254037844387,55.91,229.5,0.1103,0.0236,2.7086252927217074
2026-01-25 19:30:00+00:00,10.7475,136.025,71.6,16.6,89,1011.8,0.0,7.8582335764444515,-4.178296908794425,0.0064516129032258,0.2588190451025207,0.9659258262890684,0.4999999999999999,0.8660254037844387,55.91,229.5,0.1103,0.0236,3.5680993361265823
2026-01-25 20:30:00+00:00,10.19,132.775,71.775,16.2,89,1011.6,0.0,7.765136389962106,-3.4572614661443044,0.0074074074074074,0.4999999999999999,0.8660254037844387,0.4999999999999999,0.8660254037844387,55.91,229.5,0.1103,0.0236,2.4788491152674057
2026-01-25 21:30:00+00:00,9.255,127.175,69.175,15.8,91,1011.4,0.0,8.083980388508806,-2.626644452187052,0.0083333333333333,0.7071067811865475,0.7071067811865476,0.4999999999999999,0.8660254037844387,55.91,229.5,0.1103,0.0236,0.7225959599334775
2026-01-25 22:30:00+00:00,8.73,112.4,67.925,15.3,92,1011.2,0.0,7.956424955463171,-1.983759543917273,0.008695652173913,0.8660254037844386,0.5000000000000001,0.4999999999999999,0.8660254037844387,55.91,229.5,0.1103,0.0236,3.437515425122804
2026-01-25 23:30:00+00:00,8.405000000000001,106.6,64.0,14.9,93,1011.7,0.0,6.440453362786736,-1.846770283973896,0.0095238095238095,0.9659258262890684,0.2588190451025207,0.4999999999999999,0.8660254037844387,55.91,229.5,0.1103,0.0236,2.1496581956087795
2026-01-26 00:30:00+00:00,8.5525,106.425,64.1,14.7,93,1012.7,0.0,6.847033205136641,-1.45538183572431,0.01,1.0,6.123233995736766e-17,0.4999999999999999,0.8660254037844387,55.91,229.5,0.1103,0.0236,2.020108036454655
2026-01-26 01:30:00+00:00,8.344999999999999,102.75,63.9,15.0,91,1013.5,0.0,7.780999592026629,-0.5441004952041767,0.008695652173913,0.9659258262890684,-0.2588190451025206,0.4999999999999999,0.8660254037844387,55.91,229.5,0.1103,0.0236,4.815751471323253
2026-01-26 02:30:00+00:00,8.4025,106.25,63.475,16.8,81,1014.5,0.0,5.983281547440861,2.53975233518028,0.005,0.8660254037844387,-0.4999999999999998,0.4999999999999999,0.8660254037844387,55.91,229.5,0.1103,0.0236,2.1805346240110834
2026-01-26 03:30:00+00:00,8.6225,103.95,61.825,18.8,71,1015.1,0.0,7.180188374442374,1.7902220274375418,0.0032786885245901,0.7071067811865476,-0.7071067811865475,0.4999999999999999,0.8660254037844387,55.91,229.5,0.1103,0.0236,1.4602407728089395
2026-01-26 04:30:00+00:00,10.42,106.55,64.075,20.9,61,1014.9,0.0,8.27978161715654,0.5789787320762424,0.0021739130434782,0.4999999999999999,-0.8660254037844387,0.4999999999999999,0.8660254037844387,55.91,229.5,0.1103,0.0236,3.691259499427659
2026-01-26 05:30:00+00:00,22.8375,103.95,56.1,22.2,53,1014.5,0.0,9.74959675482086,-1.7191169589026067,0.0015267175572519,0.258819045102521,-0.9659258262890682,0.4999999999999999,0.8660254037844387,55.91,229.5,0.1103,0.0236,3.120496911229978
2026-01-26 06:30:00+00:00,41.7175,100.725,55.925,23.3,49,1013.2,0.0,9.890987769469598,-3.213776741499452,0.00125,1.2246467991473532e-16,-1.0,0.4999999999999999,0.8660254037844387,55.91,229.5,0.1103,0.0236,0.2946377817645829
2026-01-26 07:30:00+00:00,50.095,95.0,50.975,24.0,47,1012.3,0.0,10.618526614880768,-3.8648276195800495,0.0011111111111111,-0.2588190451025208,-0.9659258262890684,0.4999999999999999,0.8660254037844387,55.91,229.5,0.1103,0.0236,0.178504901852663
2026-01-26 08:30:00+00:00,42.9775,94.825,50.3,24.1,46,1011.8,0.0,10.99440366319513,-4.001635676910317,0.0011173184357541,-0.4999999999999998,-0.8660254037844388,0.4999999999999999,0.8660254037844387,55.91,229.5,0.1103,0.0236,3.1704531456900535
2026-01-26 09:30:00+00:00,31.8675,91.35,44.875,23.6,48,1011.4,0.0,11.150635672884498,-3.197393327477193,0.0012820512820512,-0.7071067811865471,-0.7071067811865479,0.4999999999999999,0.8660254037844387,55.91,229.5,0.1103,0.0236,1.6444743315248682
2026-01-26 10:30:00+00:00,27.06,84.52499999999999,43.150000000000006,22.6,53,1011.2,0.0,10.673252989035962,-2.661140851596342,0.0016806722689075,-0.8660254037844384,-0.5000000000000004,0.4999999999999999,0.8660254037844387,55.91,229.5,0.1103,0.0236,1.3669899229065763
2026-01-26 11:30:00+00:00,25.4425,80.60000000000001,39.4,20.9,61,1011.5,0.0,9.308519846170762,-1.3082271490246151,0.0033898305084745,-0.9659258262890684,-0.2588190451025206,0.4999999999999999,0.8660254037844387,55.91,229.5,0.1103,0.0236,3.574184008476868
2026-01-26 12:30:00+00:00,27.78,90.975,39.675,20.3,64,1012.2,0.0,9.3942737739795,-0.328055269003512,0.0044444444444444,-1.0,-1.8369701987210292e-16,0.4999999999999999,0.8660254037844387,55.91,229.5,0.1103,0.0236,4.20580759945708
2026-01-26 13:30:00+00:00,33.225,105.4,49.65,19.5,68,1012.7,0.0,8.987665812791164,0.4710236061864987,0.008,-0.9659258262890684,0.2588190451025203,0.4999999999999999,0.8660254037844387,55.91,229.5,0.1103,0.0236,2.6953661249872676
2026-01-26 14:30:00+00:00,25.1975,132.325,59.075,18.7,72,1013.0,0.0,7.969557584733964,-0.6972459419812631,0.0133333333333333,-0.8660254037844386,0.5000000000000001,0.4999999999999999,0.8660254037844387,55.91,229.5,0.1103,0.0236,0.8564569657439275
2026-01-26 15:30:00+00:00,19.6825,142.07500000000002,57.825,17.9,76,1013.4,0.0,7.046597294707584,-2.84701010996093,0.0153846153846153,-0.7071067811865477,0.7071067811865474,0.4999999999999999,0.8660254037844387,55.91,229.5,0.1103,0.0236,0.6500300738932341
2026-01-26 16:30:00+00:00,17.72,158.6,71.60000000000001,17.1,79,1013.4,0.0,6.330190242980136,-6.112993660039171,0.0133333333333333,-0.5000000000000004,0.8660254037844384,0.4999999999999999,0.8660254037844387,55.91,229.5,0.1103,0.0236,3.5651552126771735
2026-01-26 17:30:00+00:00,16.483333333333334,272.9,83.1,16.4,83,1013.9,0.0,4.178296908794429,-7.858233576444451,0.0111111111111111,-0.2588190451025215,0.965925826289068,0.4999999999999999,0.8660254037844387,55.91,229.5,0.1103,0.0236,4.804928784012929
2026-01-26 18:30:00+00:00,12.66,251.5,81.8,15.9,85,1013.7,0.0,2.163118960624634,-6.657395614066075,0.0133333333333333,0.0,1.0,0.4999999999999999,0.8660254037844387,55.91,229.5,0.1103,0.0236,2.5242715863459217
2026-01-26 19:30:00+00:00,12.375,149.475,72.92500000000001,15.4,86,1013.5,0.0,0.7068421917498591,-5.756767679519667,0.0153846153846153,0.2588190451025207,0.9659258262890684,0.4999999999999999,0.8660254037844387,55.91,229.5,0.1103,0.0236,0.7525299478374448
2026-01-26 20:30:00+00:00,12.91,153.15,74.225,14.7,89,1013.1,0.0,0.688311646177017,-4.345828698618606,0.02,0.4999999999999999,0.8660254037844387,0.4999999999999999,0.8660254037844387,55.91,229.5,0.1103,0.0236,4.0863713774573815
2026-01-26 21:30:00+00:00,11.75,180.575,70.02499999999999,14.4,88,1012.8,0.0,1.7613968679372018,-5.421022142882375,0.0181818181818181,0.7071067811865475,0.7071067811865476,0.4999999999999999,0.8660254037844387,55.91,229.5,0.1103,0.0236,2.7828420327094983
2026-01-26 22:30:00+00:00,11.73,143.29999999999998,65.53333333333333,13.9,89,1012.6,0.0,1.4493866525741157,-5.409184627218783,0.0181818181818181,0.8660254037844386,0.5000000000000001,0.4999999999999999,0.8660254037844387,55.91,229.5,0.1103,0.0236,1.3090553340345334
2026-01-26 23:30:00+00:00,11.31,127.475,62.575,13.2,92,1012.8,0.0,-0.9192388155425116,-0.919238815542512,0.05,0.9659258262890684,0.2588190451025207,0.4999999999999999,0.8660254037844387,55.91,229.5,0.1103,0.0236,4.831262965121256
2026-01-27 00:30:00+00:00,11.3725,126.325,67.1,12.6,94,1013.7,0.0,-0.3434561916777809,1.766928930205795,0.04,1.0,6.123233995736766e-17,0.4999999999999999,0.8660254037844387,55.91,229.5,0.1103,0.0236,1.5897606268928248
2026-01-27 01:30:00+00:00,11.4225,127.275,66.475,13.4,93,1014.5,0.0,1.748967565225939,3.9282454678631846,0.0333333333333333,0.9659258262890684,-0.2588190451025206,0.4999999999999999,0.8660254037844387,55.91,229.5,0.1103,0.0236,4.0390596590198005
2026-01-27 02:30:00+00:00,11.6375,131.6,65.1,15.7,82,1015.3,0.0,1.7998053071223097,2.1449244407331385,0.0153846153846153,0.8660254037844387,-0.4999999999999998,0.4999999999999999,0.8660254037844387,55.91,229.5,0.1103,0.0236,1.8085254677010765
2026-01-27 03:30:00+00:00,12.175,131.875,65.14999999999999,18.5,68,1015.8,0.0,1.2727922061357857,1.272792206135786,0.0052631578947368,0.7071067811865476,-0.7071067811865475,0.4999999999999999,0.8660254037844387,55.91,229.5,0.1103,0.0236,2.212059769078118
2026-01-27 04:30:00+00:00,31.1375,121.7375,62.975,20.7,57,1015.6,0.0,2.295131414311285,0.701692091334569,0.0023529411764705,0.4999999999999999,-0.8660254037844387,0.4999999999999999,0.8660254037844387,55.91,229.5,0.1103,0.0236,3.8610190923076564
2026-01-27 05:30:00+00:00,50.1,111.6,60.8,21.9,53,1014.9,0.0,4.82555798975982,-0.8508760705679569,0.0014492753623188,0.258819045102521,-0.9659258262890682,0.4999999999999999,0.8660254037844387,55.91,229.5,0.1103,0.0236,2.542178715285565
2026-01-27 06:30:00+00:00,60.275,98.5,58.55,23.3,48,1013.8,0.0,7.180188374442375,-1.790222027437539,0.0012048192771084,1.2246467991473532e-16,-1.0,0.4999999999999999,0.8660254037844387,55.91,229.5,0.1103,0.0236,0.591903577180608
2026-01-27 07:30:00+00:00,59.06,80.625,50.225,24.0,46,1012.5,0.0,9.314838972249566,-2.3224501977568077,0.0011235955056179,-0.2588190451025208,-0.9659258262890684,0.4999999999999999,0.8660254037844387,55.91,229.5,0.1103,0.0236,2.873850709235532
2026-01-27 08:30:00+00:00,48.6875,81.725,62.8,24.2,47,1011.8,0.0,9.22811228100786,-2.646118615843194,0.0011428571428571,-0.4999999999999998,-0.8660254037844388,0.4999999999999999,0.8660254037844387,55.91,229.5,0.1103,0.0236,2.434129383453924
2026-01-27 09:30:00+00:00,35.68,83.825,50.55,23.8,49,1011.1,0.0,8.654614298285898,-2.8120546488120195,0.0012738853503184,-0.7071067811865471,-0.7071067811865479,0.4999999999999999,0.8660254037844387,55.91,229.5,0.1103,0.0236,1.0364548872143415
2026-01-27 10:30:00+00:00,29.8375,85.025,42.525,23.0,54,1010.8,0.0,7.188569284028456,-2.7594332114988065,0.0018867924528301,-0.8660254037844384,-0.5000000000000004,0.4999999999999999,0.8660254037844387,55.91,229.5,0.1103,0.0236,2.508786846836198
2026-01-27 11:30:00+00:00,37.815,76.675,44.775000000000006,21.1,62,1010.7,0.0,5.932040705574502,-2.8932495688079105,0.008,-0.9659258262890684,-0.2588190451025206,0.4999999999999999,0.8660254037844387,55.91,229.5,0.1103,0.0236,0.7189711169940299
2026-01-27 12:30:00+00:00,44.73,129.775,49.325,20.3,67,1011.4,0.0,5.947414008547893,-3.296705417675088,0.0125,-1.0,-1.8369701987210292e-16,0.4999999999999999,0.8660254037844387,55.91,229.5,0.1103,0.0236,4.6379613882613215
2026-01-27 13:30:00+00:00,32.2875,298.425,69.45,19.2,71,1011.9,0.0,3.5670951622914937,-3.211826910522517,0.0181818181818181,-0.9659258262890684,0.2588190451025203,0.4999999999999999,0.8660254037844387,55.91,229.5,0.1103,0.0236,4.722930104396788
2026-01-27 14:30:00+00:00,24.2775,266.825,83.6,18.1,76,1012.0,0.0,0.5330951626650324,-5.072061666378193,0.025,-0.8660254037844386,0.5000000000000001,0.4999999999999999,0.8660254037844387,55.91,229.5,0.1103,0.0236,3.9212702336868883
2026-01-27 15:30:00+00:00,22.656666666666663,213.5,84.76666666666667,17.3,81,1012.5,0.0,-0.7212463965468089,-6.862201078041086,0.0222222222222222,-0.7071067811865477,0.7071067811865474,0.4999999999999999,0.8660254037844387,55.91,229.5,0.1103,0.0236,1.6178652025625062
2026-01-27 16:30:00+00:00,18.273333333333333,307.3333333333333,101.13333333333333,16.8,83,1012.4,0.0,-1.7640790772287946,-6.1520748540052415,0.0181818181818181,-0.5000000000000004,0.8660254037844384,0.4999999999999999,0.8660254037844387,55.91,229.5,0.1103,0.0236,4.760600002171432
2026-01-27 17:30:00+00:00,15.829999999999998,223.8,102.0,16.1,86,1012.1,0.0,-3.041736348254964,-5.969743712062065,0.0181818181818181,-0.2588190451025215,0.965925826289068,0.4999999999999999,0.8660254037844387,55.91,229.5,0.1103,0.0236,0.09412301017246882
2026-01-27 18:30:00+00:00,15.69,268.8,100.6,15.6,84,1011.8,0.0,-3.761825614671828,-5.177708763999664,0.0166666666666666,0.0,1.0,0.4999999999999999,0.8660254037844387,55.91,229.5,0.1103,0.0236,1.067928595580816
2026-01-27 19:30:00+00:00,16.585,242.55,96.525,15.2,81,1011.3,0.0,-3.613305274337834,-4.012982057577929,0.02,0.2588190451025207,0.9659258262890684,0.4999999999999999,0.8660254037844387,55.91,229.5,0.1103,0.0236,1.0576543866334314
2026-01-27 20:30:00+00:00,16.94,290.17499999999995,104.975,14.4,81,1010.7,0.0,-2.2,-3.81051177665153,0.025,0.4999999999999999,0.8660254037844387,0.4999999999999999,0.8660254037844387,55.91,229.5,0.1103,0.0236,3.0894206877571633
2026-01-27 21:30:00+00:00,17.256666666666664,243.9,103.2,14.0,82,1010.5,0.0,-1.441681763465924,-0.9008627491964484,0.0333333333333333,0.7071067811865475,0.7071067811865476,0.4999999999999999,0.8660254037844387,55.91,229.5,0.1103,0.0236,0.6354400539509614
2026-01-27 22:30:00+00:00,17.9975,213.525,92.975,13.5,85,1010.2,0.0,-0.202293773857964,2.89293574575349,0.0285714285714285,0.8660254037844386,0.5000000000000001,0.4999999999999999,0.8660254037844387,55.91,229.5,0.1103,0.0236,1.9425700066292884
2026-01-27 23:30:00+00:00,15.0,261.975,91.725,13.8,85,1010.4,0.0,-0.7677768634524296,6.253040755340328,0.0222222222222222,0.9659258262890684,0.2588190451025207,0.4999999999999999,0.8660254037844387,55.91,229.5,0.1103,0.0236,4.133615538607202
2026-01-28 00:30:00+00:00,13.4875,216.1,92.975,13.7,87,1011.0,0.0,1.0418890660015827,5.908846518073248,0.0222222222222222,1.0,6.123233995736766e-17,0.4999999999999999,0.8660254037844387,55.91,229.5,0.1103,0.0236,4.977421141308131
2026-01-28 01:30:00+00:00,13.6625,155.1,85.35,14.2,86,1012.1,0.0,1.9930095510714192,4.476372742448746,0.0222222222222222,0.9659258262890684,-0.2588190451025206,0.4999999999999999,0.8660254037844387,55.91,229.5,0.1103,0.0236,4.504251600404448
2026-01-28 02:30:00+00:00,13.74,160.14999999999998,77.0,16.5,76,1013.1,0.0,2.0,3.6739403974420594e-16,0.0125,0.8660254037844387,-0.4999999999999998,0.4999999999999999,0.8660254037844387,55.91,229.5,0.1103,0.0236,0.0593446855766977
2026-01-28 03:30:00+00:00,14.75,157.85,71.45,19.3,65,1014.0,0.0,3.2593715239639547,-0.5162337346327612,0.006060606060606,0.7071067811865476,-0.7071067811865475,0.4999999999999999,0.8660254037844387,55.91,229.5,0.1103,0.0236,0.7739232074711971
2026-01-28 04:30:00+00:00,27.1,171.92499999999998,80.15,21.0,60,1014.1,0.2,5.744020660062128,-4.173275291276558,0.003076923076923,0.4999999999999999,-0.8660254037844387,0.4999999999999999,0.8660254037844387,55.91,229.5,0.1103,0.0236,2.987352332343774
2026-01-28 05:30:00+00:00,64.83500000000001,157.925,71.1,21.6,57,1013.4,0.8,0.1448549734294609,-8.298735869798048,0.0022222222222222,0.258819045102521,-0.9659258262890682,0.4999999999999999,0.8660254037844387,55.91,229.5,0.1103,0.0236,1.3426411287281748
2026-01-28 06:30:00+00:00,85.39,153.55,71.275,21.8,56,1012.3,0.6,-1.048110915769547,-6.617511881987423,0.0023809523809523,1.2246467991473532e-16,-1.0,0.4999999999999999,0.8660254037844387,55.91,229.5,0.1103,0.0236,1.5102644314200315
2026-01-28 07:30:00+00:00,91.9525,160.25,68.975,22.8,47,1011.2,0.0,-1.2608835935349805,-2.8319909186920627,0.002020202020202,-0.2588190451025208,-0.9659258262890684,0.4999999999999999,0.8660254037844387,55.91,229.5,0.1103,0.0236,1.5342058945543713
2026-01-28 08:30:00+00:00,76.64750000000001,127.225,66.7,23.1,44,1010.3,0.0,0.3534210958749295,-2.8783838397598336,0.0019047619047619,-0.4999999999999998,-0.8660254037844388,0.4999999999999999,0.8660254037844387,55.91,229.5,0.1103,0.0236,0.681157263104919
2026-01-28 09:30:00+00:00,70.2575,117.9,61.325,23.0,47,1010.1,0.0,2.367204192661016,-4.853487850015503,0.002,-0.7071067811865471,-0.7071067811865479,0.4999999999999999,0.8660254037844387,55.91,229.5,0.1103,0.0236,0.3104658205824701
2026-01-28 10:30:00+00:00,63.2725,112.875,62.55,22.4,51,1009.6,0.0,-0.3757673725921767,-2.67372378560224,0.0068965517241379,-0.8660254037844384,-0.5000000000000004,0.4999999999999999,0.8660254037844387,55.91,229.5,0.1103,0.0236,2.5988032469194984
2026-01-28 11:30:00+00:00,54.2075,112.6,59.325,20.1,75,1009.7,0.0,0.7187719590425639,-0.5416335208368431,0.05,-0.9659258262890684,-0.2588190451025206,0.4999999999999999,0.8660254037844387,55.91,229.5,0.1103,0.0236,1.4603144457732575
2026-01-28 12:30:00+00:00,53.6,157.3,62.375,19.3,78,1010.3,0.0,0.7187719590425635,0.5416335208368435,0.0666666666666666,-1.0,-1.8369701987210292e-16,0.4999999999999999,0.8660254037844387,55.91,229.5,0.1103,0.0236,4.103558194294013
2026-01-28 13:30:00+00:00,38.6275,430.925,166.1,18.5,81,1010.7,0.0,2.846718831998225,0.5533460865919818,0.04,-0.9659258262890684,0.2588190451025203,0.4999999999999999,0.8660254037844387,55.91,229.5,0.1103,0.0236,47.16421098497365
2026-01-28 14:30:00+00:00,28.9825,372.575,112.525,18.1,79,1011.1,0.0,6.820590453496646,1.5746573804070567,0.025,-0.8660254037844386,0.5000000000000001,0.4999999999999999,0.8660254037844387,55.91,229.5,0.1103,0.0236,1.609239975883161
2026-01-28 15:30:00+00:00,23.8575,230.05,86.60000000000001,17.7,79,1011.5,0.0,8.987963899415753,1.4235536318661024,0.0153846153846153,-0.7071067811865477,0.7071067811865474,0.4999999999999999,0.8660254037844387,55.91,229.5,0.1103,0.0236,4.4625042714067185
2026-01-28 16:30:00+00:00,21.4725,206.675,98.4,17.3,81,1011.4,0.0,8.453436110630324,-0.8884919377750504,0.0125,-0.5000000000000004,0.8660254037844384,0.4999999999999999,0.8660254037844387,55.91,229.5,0.1103,0.0236,2.9007895505562367
2026-01-28 17:30:00+00:00,18.48333333333333,194.6,91.8,17.1,84,1011.3,0.0,8.813385811799977,-1.2386405985445827,0.0117647058823529,-0.2588190451025215,0.965925826289068,0.4999999999999999,0.8660254037844387,55.91,229.5,0.1103,0.0236,2.938714397179058
2026-01-28 18:30:00+00:00,14.17,139.7,63.7,16.3,85,1010.9,0.0,9.533769808815537,-4.857698347213149,0.008695652173913,0.0,1.0,0.4999999999999999,0.8660254037844387,55.91,229.5,0.1103,0.0236,0.9835784883050352
2026-01-28 19:30:00+00:00,13.1375,107.275,46.525,15.9,83,1010.2,0.0,9.68599049793387,-5.8199302464836125,0.0064516129032258,0.2588190451025207,0.9659258262890684,0.4999999999999999,0.8660254037844387,55.91,229.5,0.1103,0.0236,2.231668672603411
2026-01-28 20:30:00+00:00,12.2775,89.325,59.150000000000006,15.4,88,1009.8,0.0,9.00858298353578,-4.993539088537267,0.0068965517241379,0.4999999999999999,0.8660254037844387,0.4999999999999999,0.8660254037844387,55.91,229.5,0.1103,0.0236,3.9014027575301617
2026-01-28 21:30:00+00:00,11.2475,85.65,56.8,14.8,93,1009.5,0.0,8.84482560154493,-2.8738580476870093,0.008,0.7071067811865475,0.7071067811865476,0.4999999999999999,0.8660254037844387,55.91,229.5,0.1103,0.0236,4.584969203484212
2026-01-28 22:30:00+00:00,10.3075,82.75,44.425,14.5,95,1009.6,0.0,9.547410195535424,-1.0034732473694683,0.0076923076923076,0.8660254037844386,0.5000000000000001,0.4999999999999999,0.8660254037844387,55.91,229.5,0.1103,0.0236,3.5383663068737414
2026-01-28 23:30:00+00:00,9.425,67.375,34.425,14.3,96,1010.4,0.0,9.3942737739795,0.3280552690035155,0.0068965517241379,0.9659258262890684,0.2588190451025207,0.4999999999999999,0.8660254037844387,55.91,229.5,0.1103,0.0236,4.934159810868358
2026-01-29 00:30:00+00:00,8.879999999999999,66.15,29.525,14.0,96,1011.2,0.0,8.282145550674498,1.912083961922855,0.0071428571428571,1.0,6.123233995736766e-17,0.4999999999999999,0.8660254037844387,55.91,229.5,0.1103,0.0236,1.5400167473491466
2026-01-29 01:30:00+00:00,8.27,59.3,26.35,14.4,95,1012.2,0.0,8.843607602632535,2.5358636735163897,0.00625,0.9659258262890684,-0.2588190451025206,0.4999999999999999,0.8660254037844387,55.91,229.5,0.1103,0.0236,3.5579509070958126
2026-01-29 02:30:00+00:00,8.2325,69.775,41.6,16.0,89,1013.2,0.0,7.746068523300586,2.36821080825417,0.0041666666666666,0.8660254037844387,-0.4999999999999998,0.4999999999999999,0.8660254037844387,55.91,229.5,0.1103,0.0236,3.6535846568325385
2026-01-29 03:30:00+00:00,8.57,73.17500000000001,41.925,18.1,81,1014.0,0.0,8.833660749607766,1.08463715630581,0.003125,0.7071067811865476,-0.7071067811865475,0.4999999999999999,0.8660254037844387,55.91,229.5,0.1103,0.0236,3.208203539602723
2026-01-29 04:30:00+00:00,8.26,86.6,49.95,20.4,73,1013.9,0.0,9.18739171974208,-0.4814907974350843,0.0023255813953488,0.4999999999999999,-0.8660254037844387,0.4999999999999999,0.8660254037844387,55.91,229.5,0.1103,0.0236,1.9216520111906976
2026-01-29 05:30:00+00:00,9.843333333333334,80.33333333333333,34.63333333333333,21.7,68,1013.4,0.0,10.857438368145244,-2.30781976807712,0.0013157894736842,0.258819045102521,-0.9659258262890682,0.4999999999999999,0.8660254037844387,55.91,229.5,0.1103,0.0236,4.6572109249962494
2026-01-29 06:30:00+00:00,17.8725,78.675,36.9,23.0,60,1012.2,0.0,13.005744681097282,-3.976255184229219,0.0009216589861751,1.2246467991473532e-16,-1.0,0.4999999999999999,0.8660254037844387,55.91,229.5,0.1103,0.0236,3.5511375706743076
2026-01-29 07:30:00+00:00,28.775,76.77499999999999,36.6,23.4,56,1010.9,0.0,13.813481525552854,-5.027696106887322,0.0008474576271186,-0.2588190451025208,-0.9659258262890684,0.4999999999999999,0.8660254037844387,55.91,229.5,0.1103,0.0236,3.177927982379469
2026-01-29 08:30:00+00:00,42.36,85.8,36.2,23.5,54,1010.4,0.0,14.265847744427305,-4.635254915624208,0.0007968127490039,-0.4999999999999998,-0.8660254037844388,0.4999999999999999,0.8660254037844387,55.91,229.5,0.1103,0.0236,0.012514280426696445
2026-01-29 09:30:00+00:00,46.3425,78.625,43.4,23.3,54,1010.1,0.0,14.778665142222744,-3.9599313900685735,0.0007874015748031,-0.7071067811865471,-0.7071067811865479,0.4999999999999999,0.8660254037844387,55.91,229.5,0.1103,0.0236,1.240217311459158
2026-01-29 10:30:00+00:00,39.61,85.05,36.75,22.4,57,1010.1,0.0,12.613844441587956,-3.1449846427956767,0.0009345794392523,-0.8660254037844384,-0.5000000000000004,0.4999999999999999,0.8660254037844387,55.91,229.5,0.1103,0.0236,3.2227619245313974
2026-01-29 11:30:00+00:00,30.275,87.55,40.3,20.8,69,1010.5,0.0,11.719212260845277,-2.066413314236467,0.0018181818181818,-0.9659258262890684,-0.2588190451025206,0.4999999999999999,0.8660254037844387,55.91,229.5,0.1103,0.0236,1.7663536185563204
2026-01-29 12:30:00+00:00,26.325,106.1,52.725,19.5,75,1011.1,0.0,10.765802912487002,-1.7051356689385144,0.0029411764705882,-1.0,-1.8369701987210292e-16,0.4999999999999999,0.8660254037844387,55.91,229.5,0.1103,0.0236,2.6103132357483387
2026-01-29 13:30:00+00:00,18.5075,121.75,53.650000000000006,18.7,79,1011.5,0.0,10.620243822562143,-1.30400197443508,0.004,-0.9659258262890684,0.2588190451025203,0.4999999999999999,0.8660254037844387,55.91,229.5,0.1103,0.0236,2.979388808124055
2026-01-29 14:30:00+00:00,13.9075,114.8,51.125,17.7,83,1012.1,0.0,9.762708041299106,0.854126278927051,0.0068965517241379,-0.8660254037844386,0.5000000000000001,0.4999999999999999,0.8660254037844387,55.91,229.5,0.1103,0.0236,0.3978514409313433
2026-01-29 15:30:00+00:00,11.255,114.1,46.75,16.9,86,1012.7,0.0,9.702957262759965,2.4192189559966777,0.0071428571428571,-0.7071067811865477,0.7071067811865474,0.4999999999999999,0.8660254037844387,55.91,229.5,0.1103,0.0236,1.2936962070223452
2026-01-29 16:30:00+00:00,10.085,115.075,49.35,16.5,86,1012.7,0.0,10.397814721786489,1.4613175600806818,0.006060606060606,-0.5000000000000004,0.8660254037844384,0.4999999999999999,0.8660254037844387,55.91,229.5,0.1103,0.0236,3.0489030724260493
2026-01-29 17:30:00+00:00,8.973333333333334,124.59999999999998,52.20000000000001,16.0,86,1012.5,0.0,11.19317726261387,0.3908743630680184,0.0055555555555555,-0.2588190451025215,0.965925826289068,0.4999999999999999,0.8660254037844387,55.91,229.5,0.1103,0.0236,0.37158462606508125
2026-01-29 18:30:00+00:00,7.26,122.6,42.0,15.6,87,1012.3,0.0,11.3,2.075776324554764e-15,0.0054054054054054,0.0,1.0,0.4999999999999999,0.8660254037844387,55.91,229.5,0.1103,0.0236,2.9854612647664385
2026-01-29 19:30:00+00:00,6.97,117.325,44.275,15.1,89,1011.8,0.0,11.017262283218674,-1.3527497117971392,0.0051282051282051,0.2588190451025207,0.9659258262890684,0.4999999999999999,0.8660254037844387,55.91,229.5,0.1103,0.0236,3.619250086042208
2026-01-29 20:30:00+00:00,6.6775,112.85,42.875,14.6,91,1011.1,0.0,10.100734301164016,-1.4195656297926678,0.0058823529411764,0.4999999999999999,0.8660254037844387,0.4999999999999999,0.8660254037844387,55.91,229.5,0.1103,0.0236,2.746543179432398
2026-01-29 21:30:00+00:00,6.5025,99.025,41.275,14.2,92,1010.9,0.0,9.88643239407028,-0.5181259668051451,0.0064516129032258,0.7071067811865475,0.7071067811865476,0.4999999999999999,0.8660254037844387,55.91,229.5,0.1103,0.0236,2.576514869608537
2026-01-29 22:30:00+00:00,6.3825,89.6,40.225,13.8,93,1011.0,0.0,9.893969187489049,-0.3455050173547627,0.0064516129032258,0.8660254037844386,0.5000000000000001,0.4999999999999999,0.8660254037844387,55.91,229.5,0.1103,0.0236,4.060556953079383
2026-01-29 23:30:00+00:00,6.565,84.4,41.475,13.8,96,1011.6,0.0,10.1,1.85533990070824e-15,0.0058823529411764,0.9659258262890684,0.2588190451025207,0.4999999999999999,0.8660254037844387,55.91,229.5,0.1103,0.0236,1.0409019797870673
2026-01-30 00:30:00+00:00,6.1525,84.125,40.75,13.6,96,1012.4,0.0,9.18550156753478,1.4548405248741487,0.0057142857142857,1.0,6.123233995736766e-17,0.4999999999999999,0.8660254037844387,55.91,229.5,0.1103,0.0236,4.388062237203485
2026-01-30 01:30:00+00:00,6.0625,84.675,43.9,13.9,95,1013.0,0.0,8.652745622452938,3.672872607799174,0.0054054054054054,0.9659258262890684,-0.2588190451025206,0.4999999999999999,0.8660254037844387,55.91,229.5,0.1103,0.0236,4.430085429904517
2026-01-30 02:30:00+00:00,6.2475000000000005,83.55,43.375,15.5,89,1014.1,0.0,7.010593561133501,3.4192949449548062,0.0037037037037037,0.8660254037844387,-0.4999999999999998,0.4999999999999999,0.8660254037844387,55.91,229.5,0.1103,0.0236,4.15309999563331
2026-01-30 03:30:00+00:00,6.24,86.65,42.65,17.5,80,1014.6,0.0,9.862327511108282,0.8628418532018167,0.002,0.7071067811865476,-0.7071067811865475,0.4999999999999999,0.8660254037844387,55.91,229.5,0.1103,0.0236,4.8444769748757475
2026-01-30 04:30:00+00:00,6.2925,90.65,50.150000000000006,19.3,71,1014.3,0.0,10.393664600998596,-0.3629547657060133,0.0015037593984962,0.4999999999999999,-0.8660254037844387,0.4999999999999999,0.8660254037844387,55.91,229.5,0.1103,0.0236,0.08162651949156607
2026-01-30 05:30:00+00:00,6.76,93.3,47.3,19.6,63,1014.1,0.0,12.605539238556265,-2.222696674136704,0.0012048192771084,0.258819045102521,-0.9659258262890682,0.4999999999999999,0.8660254037844387,55.91,229.5,0.1103,0.0236,3.6105555929765423
2026-01-30 06:30:00+00:00,13.145,95.6,46.55,20.7,60,1013.1,0.0,11.513535359039334,-1.413684383499713,0.0011299435028248,1.2246467991473532e-16,-1.0,0.4999999999999999,0.8660254037844387,55.91,229.5,0.1103,0.0236,4.033636670801302
2026-01-30 07:30:00+00:00,19.53,97.9,45.8,21.3,57,1011.8,0.0,11.160878248725057,-1.7677094549546066,0.0010869565217391,-0.2588190451025208,-0.9659258262890684,0.4999999999999999,0.8660254037844387,55.91,229.5,0.1103,0.0236,2.595686676063698
2026-01-30 08:30:00+00:00,27.8175,94.675,46.9,21.4,56,1010.9,0.0,10.673252989035962,-2.661140851596342,0.0011111111111111,-0.4999999999999998,-0.8660254037844388,0.4999999999999999,0.8660254037844387,55.91,229.5,0.1103,0.0236,4.141775936943113
2026-01-30 09:30:00+00:00,42.635000000000005,89.1,40.9,21.1,58,1010.6,0.0,9.563047559630354,-2.9237170472273672,0.0011834319526627,-0.7071067811865471,-0.7071067811865479,0.4999999999999999,0.8660254037844387,55.91,229.5,0.1103,0.0236,2.70008915454661
2026-01-30 10:30:00+00:00,39.446666666666665,89.3,40.8,20.4,62,1010.6,0.0,8.113776940828172,-2.1740799788611778,0.0012987012987012,-0.8660254037844384,-0.5000000000000004,0.4999999999999999,0.8660254037844387,55.91,229.5,0.1103,0.0236,1.0418643385493414
2026-01-30 11:30:00+00:00,32.364999999999995,90.125,40.35,18.6,73,1010.9,0.0,7.880755997052613,-0.5510761425785893,0.0044444444444444,-0.9659258262890684,-0.2588190451025206,0.4999999999999999,0.8660254037844387,55.91,229.5,0.1103,0.0236,2.472900011395141
2026-01-30 12:30:00+00:00,26.83,113.0,43.525,18.0,76,1011.6,0.0,8.069177054543138,-0.7059615162560289,0.0057142857142857,-1.0,-1.8369701987210292e-16,0.4999999999999999,0.8660254037844387,55.91,229.5,0.1103,0.0236,4.452335394616684
2026-01-30 13:30:00+00:00,25.065,139.575,51.5,17.5,78,1012.3,0.0,7.341036279796918,-1.9670247427791605,0.0074074074074074,-0.9659258262890684,0.2588190451025203,0.4999999999999999,0.8660254037844387,55.91,229.5,0.1103,0.0236,4.214582790771908
2026-01-30 14:30:00+00:00,22.3825,169.15,62.375,16.7,82,1013.2,0.0,4.672871103025766,-3.921004419087889,0.0133333333333333,-0.8660254037844386,0.5000000000000001,0.4999999999999999,0.8660254037844387,55.91,229.5,0.1103,0.0236,2.2863735312823414
2026-01-30 15:30:00+00:00,17.406666666666666,186.86666666666667,67.16666666666667,15.6,89,1013.9,0.0,2.341947850564616,-3.6062834421653234,0.02,-0.7071067811865477,0.7071067811865474,0.4999999999999999,0.8660254037844387,55.91,229.5,0.1103,0.0236,0.9999579977857082
2026-01-30 16:30:00+00:00,14.5075,326.425,79.425,14.8,92,1013.9,0.0,0.6973482684659825,-3.020547200834229,0.0285714285714285,-0.5000000000000004,0.8660254037844384,0.4999999999999999,0.8660254037844387,55.91,229.5,0.1103,0.0236,2.4569620779801653
2026-01-30 17:30:00+00:00,11.23,214.5,75.0,14.2,95,1014.0,0.0,0.1917426340448483,-2.19162833580184,0.04,-0.2588190451025215,0.965925826289068,0.4999999999999999,0.8660254037844387,55.91,229.5,0.1103,0.0236,4.502891094756503
2026-01-30 18:30:00+00:00,9.2,97.8,72.3,13.9,96,1013.8,0.0,-0.5383093507674841,-3.052904034337845,0.025,0.0,1.0,0.4999999999999999,0.8660254037844387,55.91,229.5,0.1103,0.0236,4.742959390869381
2026-01-30 19:30:00+00:00,8.686666666666667,121.09999999999998,67.6,13.9,95,1013.4,0.0,-0.5375519243179504,-1.400370639745803,0.0333333333333333,0.2588190451025207,0.9659258262890684,0.4999999999999999,0.8660254037844387,55.91,229.5,0.1103,0.0236,0.8445235618948527
2026-01-30 20:30:00+00:00,7.699999999999999,100.1,66.85000000000001,13.8,95,1012.9,0.0,-0.1717280958388903,-0.8834644651028976,0.04,0.4999999999999999,0.8660254037844387,0.4999999999999999,0.8660254037844387,55.91,229.5,0.1103,0.0236,0.42011123659682514
2026-01-30 21:30:00+00:00,7.885,101.075,63.7,13.3,97,1012.7,0.0,0.5706339097770922,-0.1854101966249683,0.1,0.7071067811865475,0.7071067811865476,0.4999999999999999,0.8660254037844387,55.91,229.5,0.1103,0.0236,0.7394080337553038
2026-01-30 22:30:00+00:00,7.4275,120.675,58.075,12.4,100,1012.5,0.0,0.4,7.347880794884119e-17,0.1,0.8660254037844386,0.5000000000000001,0.4999999999999999,0.8660254037844387,55.91,229.5,0.1103,0.0236,4.138241704412154
2026-01-30 23:30:00+00:00,6.995,92.425,56.85,11.7,99,1013.1,0.0,3.9400537680336094,3.0783073766282905,0.0333333333333333,0.9659258262890684,0.2588190451025207,0.4999999999999999,0.8660254037844387,55.91,229.5,0.1103,0.0236,0.24360180141268006
2026-01-31 00:30:00+00:00,6.6475,83.05000000000001,53.2,11.7,99,1013.8,0.0,2.706008695990929,2.523393932231246,0.0222222222222222,1.0,6.123233995736766e-17,0.4999999999999999,0.8660254037844387,55.91,229.5,0.1103,0.0236,2.7035625602501034
2026-01-31 01:30:00+00:00,6.815,64.175,47.975,12.2,98,1014.6,0.0,2.7371375378626737,1.4553618446362613,0.0153846153846153,0.9659258262890684,-0.2588190451025206,0.4999999999999999,0.8660254037844387,55.91,229.5,0.1103,0.0236,0.49876390921340774
2026-01-31 02:30:00+00:00,7.6125,85.875,45.675,12.9,96,1015.6,0.0,2.475670171853926,0.3479327524001623,0.0142857142857142,0.8660254037844387,-0.4999999999999998,0.4999999999999999,0.8660254037844387,55.91,229.5,0.1103,0.0236,2.1298081483389963
2026-01-31 03:30:00+00:00,7.69,125.40000000000002,49.6,14.8,90,1016.5,0.0,2.49481826772743,-1.2711733992707306,0.008695652173913,0.7071067811865476,-0.7071067811865475,0.4999999999999999,0.8660254037844387,55.91,229.5,0.1103,0.0236,0.5799478822177734
2026-01-31 04:30:00+00:00,8.3375,118.025,50.25,17.3,79,1016.6,0.0,2.1554976886431096,-1.4539015490239402,0.0037037037037037,0.4999999999999999,-0.8660254037844387,0.4999999999999999,0.8660254037844387,55.91,229.5,0.1103,0.0236,1.8139543069177788
2026-01-31 05:30:00+00:00,10.3375,102.55,53.3,19.0,65,1015.8,0.0,3.9357886821272814,-2.1816432911085144,0.0012820512820512,0.258819045102521,-0.9659258262890682,0.4999999999999999,0.8660254037844387,55.91,229.5,0.1103,0.0236,0.618375797080804
2026-01-31 06:30:00+00:00,18.8125,108.15,53.150000000000006,19.9,61,1014.6,0.0,4.095760221444959,-2.8678821817552302,0.0012048192771084,1.2246467991473532e-16,-1.0,0.4999999999999999,0.8660254037844387,55.91,229.5,0.1103,0.0236,2.484466797171294
2026-01-31 07:30:00+00:00,31.5625,88.625,49.975,20.5,59,1013.2,0.0,4.33405914483697,-3.3861381142911218,0.0012269938650306,-0.2588190451025208,-0.9659258262890684,0.4999999999999999,0.8660254037844387,55.91,229.5,0.1103,0.0236,2.048701907295589
2026-01-31 08:30:00+00:00,42.2175,89.875,48.150000000000006,20.6,58,1012.2,0.0,4.830441365603065,-4.349348941332575,0.0012903225806451,-0.4999999999999998,-0.8660254037844388,0.4999999999999999,0.8660254037844387,55.91,229.5,0.1103,0.0236,0.6196691169139235
2026-01-31 09:30:00+00:00,45.0,80.95,44.675,20.3,58,1011.9,0.0,4.885666672361675,-3.817101147019083,0.0014492753623188,-0.7071067811865471,-0.7071067811865479,0.4999999999999999,0.8660254037844387,55.91,229.5,0.1103,0.0236,1.015505763909229
2026-01-31 10:30:00+00:00,39.123333333333335,92.3,43.0,19.5,62,1011.6,0.0,4.98963653545486,-2.542346798541461,0.0019230769230769,-0.8660254037844384,-0.5000000000000004,0.4999999999999999,0.8660254037844387,55.91,229.5,0.1103,0.0236,4.86106432075469
2026-01-31 11:30:00+00:00,43.59,104.2,42.0,18.1,73,1011.5,0.0,5.200352165796243,-1.7906248495143595,0.0117647058823529,-0.9659258262890684,-0.2588190451025206,0.4999999999999999,0.8660254037844387,55.91,229.5,0.1103,0.0236,1.8872147367209058
2026-01-31 12:30:00+00:00,35.625,146.82500000000002,45.7,17.4,76,1011.9,0.0,4.886401628086724,-1.7785047452934746,0.0166666666666666,-1.0,-1.8369701987210292e-16,0.4999999999999999,0.8660254037844387,55.91,229.5,0.1103,0.0236,1.6558949806292766
2026-01-31 13:30:00+00:00,25.7425,280.025,62.8,16.9,77,1012.5,0.0,5.767663311155833,-1.9859657421886536,0.0166666666666666,-0.9659258262890684,0.2588190451025203,0.4999999999999999,0.8660254037844387,55.91,229.5,0.1103,0.0236,1.072467975218116
2026-01-31 14:30:00+00:00,18.77,336.1666666666667,80.53333333333333,16.4,79,1013.1,0.0,6.306922220793978,-1.5724923213978383,0.0153846153846153,-0.8660254037844386,0.5000000000000001,0.4999999999999999,0.8660254037844387,55.91,229.5,0.1103,0.0236,3.401415480798808
2026-01-31 15:30:00+00:00,14.910000000000002,276.525,82.69999999999999,15.9,83,1013.1,0.0,6.848568446325122,-0.840898469495519,0.0142857142857142,-0.7071067811865477,0.7071067811865474,0.4999999999999999,0.8660254037844387,55.91,229.5,0.1103,0.0236,0.2055883262191638
2026-01-31 16:30:00+00:00,13.8375,260.4,88.25,15.1,88,1013.0,0.0,6.992135046386678,-1.2329020614352026,0.0133333333333333,-0.5000000000000004,0.8660254037844384,0.4999999999999999,0.8660254037844387,55.91,229.5,0.1103,0.0236,2.4972892351636604
2026-01-31 17:30:00+00:00,12.67,292.2,91.7,14.5,92,1013.1,0.0,5.800369837034559,-2.7047568751404776,0.0153846153846153,-0.2588190451025215,0.965925826289068,0.4999999999999999,0.8660254037844387,55.91,229.5,0.1103,0.0236,2.328283690439836
2026-01-31 18:30:00+00:00,9.68,259.5,84.9,14.1,93,1012.9,0.0,3.985826051935203,-2.490620541896062,0.0166666666666666,0.0,1.0,0.8660254037844386,0.5000000000000001,55.91,229.5,0.1103,0.0236,3.1147136261142934
2026-01-31 19:30:00+00:00,9.195,161.79999999999998,75.925,13.4,94,1012.7,0.0,4.136192562651274,-0.7293223462011059,0.02,0.2588190451025207,0.9659258262890684,0.8660254037844386,0.5000000000000001,55.91,229.5,0.1103,0.0236,1.1205265230381756
2026-01-31 20:30:00+00:00,9.095,140.625,70.475,13.6,93,1012.4,0.0,5.896405879412665,0.2059070305447597,0.0181818181818181,0.4999999999999999,0.8660254037844387,0.8660254037844386,0.5000000000000001,55.91,229.5,0.1103,0.0236,0.7026443390701165
2026-01-31 21:30:00+00:00,9.4175,153.975,67.65,13.2,94,1012.2,0.0,6.49109197590473,0.340183715579138,0.0166666666666666,0.7071067811865475,0.7071067811865476,0.8660254037844386,0.5000000000000001,55.91,229.5,0.1103,0.0236,1.1346882036778638
2026-01-31 22:30:00+00:00,9.545,135.9,63.9,12.9,94,1012.0,0.0,6.0916401620029,-0.3192493330819581,0.0153846153846153,0.8660254037844386,0.5000000000000001,0.8660254037844386,0.5000000000000001,55.91,229.5,0.1103,0.0236,4.72625087029559
2026-01-31 23:30:00+00:00,8.8875,157.55,64.05,12.6,96,1012.5,0.0,5.777929248932124,-0.5055033079364157,0.0153846153846153,0.9659258262890684,0.2588190451025207,0.8660254037844386,0.5000000000000001,55.91,229.5,0.1103,0.0236,0.19890857693619646
2026-02-01 00:30:00+00:00,8.535,143.54999999999998,61.375,12.5,95,1013.3,0.0,5.184182283889171,-1.1019319613341203,0.0166666666666666,1.0,6.123233995736766e-17,0.8660254037844386,0.5000000000000001,55.91,229.5,0.1103,0.0236,3.8836862547378086
2026-02-01 01:30:00+00:00,8.4375,115.0,60.175,12.8,96,1014.0,0.0,5.200352165796243,-1.7906248495143595,0.0142857142857142,0.9659258262890684,-0.2588190451025206,0.8660254037844386,0.5000000000000001,55.91,229.5,0.1103,0.0236,0.33477059165917866
2026-02-01 02:30:00+00:00,9.0175,116.325,65.6,14.3,89,1014.9,0.0,3.590094187221188,-0.8951110137187697,0.01,0.8660254037844387,-0.4999999999999998,0.8660254037844386,0.5000000000000001,55.91,229.5,0.1103,0.0236,4.968280760851892
2026-02-01 03:30:00+00:00,9.195,135.275,64.35,16.5,80,1015.4,0.0,3.7630186612179672,-0.5288577836482488,0.0051282051282051,0.7071067811865476,-0.7071067811865475,0.8660254037844386,0.5000000000000001,55.91,229.5,0.1103,0.0236,4.3080660589204
2026-02-01 04:30:00+00:00,9.6975,129.25,66.4,18.5,71,1015.4,0.0,6.337715639946051,-0.890707846144419,0.0024096385542168,0.4999999999999999,-0.8660254037844387,0.8660254037844386,0.5000000000000001,55.91,229.5,0.1103,0.0236,4.535706257907689
2026-02-01 05:30:00+00:00,11.98,126.6,65.2,19.4,64,1015.0,0.0,8.594761112364223,-0.300135671641511,0.0017857142857142,0.258819045102521,-0.9659258262890682,0.8660254037844386,0.5000000000000001,55.91,229.5,0.1103,0.0236,4.244027533312102
2026-02-01 06:30:00+00:00,21.645,106.975,60.8,20.5,57,1013.8,0.0,8.794639277768043,-0.3071155709820113,0.001639344262295,1.2246467991473532e-16,-1.0,0.8660254037844386,0.5000000000000001,55.91,229.5,0.1103,0.0236,1.618951971561896
2026-02-01 07:30:00+00:00,42.8825,93.125,60.575,21.3,50,1012.6,0.0,7.689447417610219,-0.4029868630706684,0.0015503875968992,-0.2588190451025208,-0.9659258262890684,0.8660254037844386,0.5000000000000001,55.91,229.5,0.1103,0.0236,4.267062947791358
2026-02-01 08:30:00+00:00,55.6225,89.4,58.9,21.4,50,1011.7,0.0,8.09904439288013,-1.2827626133298915,0.0015267175572519,-0.4999999999999998,-0.8660254037844388,0.8660254037844386,0.5000000000000001,55.91,229.5,0.1103,0.0236,3.752394633979446
2026-02-01 09:30:00+00:00,51.8,89.73333333333333,51.73333333333333,21.2,50,1011.5,0.0,8.074598245881878,-2.315353788862795,0.001639344262295,-0.7071067811865471,-0.7071067811865479,0.8660254037844386,0.5000000000000001,55.91,229.5,0.1103,0.0236,2.9478982139008796
2026-02-01 10:30:00+00:00,43.365,94.35,48.625,20.4,54,1011.6,0.0,7.942356035034263,-2.734772497440113,0.0018691588785046,-0.8660254037844384,-0.5000000000000004,0.8660254037844386,0.5000000000000001,55.91,229.5,0.1103,0.0236,0.8684611524206232
2026-02-01 11:30:00+00:00,36.78,92.65,44.1,18.8,66,1011.7,0.0,8.2821455506745,-1.912083961922852,0.006060606060606,-0.9659258262890684,-0.2588190451025206,0.8660254037844386,0.5000000000000001,55.91,229.5,0.1103,0.0236,1.3611800187853595
2026-02-01 12:30:00+00:00,36.1875,124.55,50.05,17.8,71,1012.1,0.0,7.978472076288047,-2.2877900532810957,0.0083333333333333,-1.0,-1.8369701987210292e-16,0.8660254037844386,0.5000000000000001,55.91,229.5,0.1103,0.0236,4.117518243013867
2026-02-01 13:30:00+00:00,28.205,312.375,65.125,17.2,74,1012.6,0.0,6.282413974065051,-1.2211775704098833,0.0125,-0.9659258262890684,0.2588190451025203,0.8660254037844386,0.5000000000000001,55.91,229.5,0.1103,0.0236,3.270747857249256
2026-02-01 14:30:00+00:00,22.2125,372.65,84.625,16.6,76,1013.2,0.0,6.496040375624123,-0.2268467285662583,0.0142857142857142,-0.8660254037844386,0.5000000000000001,0.8660254037844386,0.5000000000000001,55.91,229.5,0.1103,0.0236,1.7543667768162252
2026-02-01 15:30:00+00:00,17.756666666666664,365.2333333333333,91.3,15.8,80,1013.6,0.0,6.790680836331102,-0.3558845024520188,0.0166666666666666,-0.7071067811865477,0.7071067811865474,0.8660254037844386,0.5000000000000001,55.91,229.5,0.1103,0.0236,0.2052665476869997
2026-02-01 16:30:00+00:00,16.6125,359.85,100.2,14.9,86,1013.7,0.0,6.086761704288984,-1.9777087639996624,0.0181818181818181,-0.5000000000000004,0.8660254037844384,0.8660254037844386,0.5000000000000001,55.91,229.5,0.1103,0.0236,4.973518664414108
2026-02-01 17:30:00+00:00,14.089999999999998,378.8,105.40000000000002,14.1,90,1013.5,0.0,5.075323607405239,-2.3666622657479177,0.02,-0.2588190451025215,0.965925826289068,0.8660254037844386,0.5000000000000001,55.91,229.5,0.1103,0.0236,3.152251268759771
2026-02-01 18:30:00+00:00,12.68,318.4,99.9,13.9,91,1013.0,0.0,4.886401628086724,-1.7785047452934746,0.0222222222222222,0.0,1.0,0.8660254037844386,0.5000000000000001,55.91,229.5,0.1103,0.0236,1.1335317803618188
2026-02-01 19:30:00+00:00,12.3475,279.65000000000003,95.825,13.8,91,1012.7,0.0,5.215999461960968,-1.3976228435536142,0.0222222222222222,0.2588190451025207,0.9659258262890684,0.8660254037844386,0.5000000000000001,55.91,229.5,0.1103,0.0236,1.9954991946144707
2026-02-01 20:30:00+00:00,11.7225,229.975,97.125,13.7,91,1012.5,0.0,6.500981366049177,-1.620876700517772,0.0181818181818181,0.4999999999999999,0.8660254037844387,0.8660254037844386,0.5000000000000001,55.91,229.5,0.1103,0.0236,4.2058109705538484
2026-02-01 21:30:00+00:00,11.1925,206.45,93.225,13.4,92,1012.2,0.0,5.72474478502838,-1.427339184038038,0.0181818181818181,0.7071067811865475,0.7071067811865476,0.8660254037844386,0.5000000000000001,55.91,229.5,0.1103,0.0236,0.9873897401352261
2026-02-01 22:30:00+00:00,11.23,203.7,88.59999999999998,13.0,92,1012.2,0.0,4.697136886989751,-0.164027634501756,0.0222222222222222,0.8660254037844386,0.5000000000000001,0.8660254037844386,0.5000000000000001,55.91,229.5,0.1103,0.0236,4.346730761543514
2026-02-01 23:30:00+00:00,10.8375,173.225,84.80000000000001,12.5,94,1012.5,0.0,4.6769763109691285,1.0797650608505531,0.025,0.9659258262890684,0.2588190451025207,0.8660254037844386,0.5000000000000001,55.91,229.5,0.1103,0.0236,4.60700649784205
2026-02-02 00:30:00+00:00,10.1575,147.75,79.0,12.3,94,1012.8,0.0,4.3748599749577055,1.4214781741247586,0.0285714285714285,1.0,6.123233995736766e-17,0.8660254037844386,0.5000000000000001,55.91,229.5,0.1103,0.0236,0.6176305168864699
2026-02-02 01:30:00+00:00,10.115,118.7,73.225,12.8,93,1013.4,0.0,5.739159353583025,3.05156515810829,0.0222222222222222,0.9659258262890684,-0.2588190451025206,0.8660254037844386,0.5000000000000001,55.91,229.5,0.1103,0.0236,3.775428142841242
2026-02-02 02:30:00+00:00,10.1425,115.0,69.35000000000001,15.2,84,1014.2,0.0,3.730669076497686,2.5163680656183627,0.0105263157894736,0.8660254037844387,-0.4999999999999998,0.8660254037844386,0.5000000000000001,55.91,229.5,0.1103,0.0236,4.003475297802336
2026-02-02 03:30:00+00:00,10.1075,132.25,66.42500000000001,17.9,76,1014.4,0.0,4.510524579772359,1.6416966879632129,0.0047619047619047,0.7071067811865476,-0.7071067811865475,0.8660254037844386,0.5000000000000001,55.91,229.5,0.1103,0.0236,0.6130845751230762
2026-02-02 04:30:00+00:00,10.14,128.8,68.4,20.2,69,1014.2,0.0,5.187333061351087,-0.3627336634694511,0.0021739130434782,0.4999999999999999,-0.8660254037844387,0.8660254037844386,0.5000000000000001,55.91,229.5,0.1103,0.0236,3.96908333115618
2026-02-02 05:30:00+00:00,11.76,117.675,68.425,21.3,65,1013.6,0.0,7.012587218225478,-1.1106847017856378,0.0015503875968992,0.258819045102521,-0.9659258262890682,0.8660254037844386,0.5000000000000001,55.91,229.5,0.1103,0.0236,3.4676181487338305
2026-02-02 06:30:00+00:00,26.55,94.65,58.325,22.6,59,1012.3,0.0,8.2821455506745,-1.912083961922852,0.0014084507042253,1.2246467991473532e-16,-1.0,0.8660254037844386,0.5000000000000001,55.91,229.5,0.1103,0.0236,2.9170478263108985
2026-02-02 07:30:00+00:00,56.0625,92.975,54.425,23.4,56,1011.2,0.0,8.081356538758813,-2.9413732326007462,0.0014492753623188,-0.2588190451025208,-0.9659258262890684,0.8660254037844386,0.5000000000000001,55.91,229.5,0.1103,0.0236,1.453430339222539
2026-02-02 08:30:00+00:00,72.9,100.55,56.275,23.5,58,1010.4,0.0,8.457233587073176,-3.0781812899310133,0.0014925373134328,-0.4999999999999998,-0.8660254037844388,0.8660254037844386,0.5000000000000001,55.91,229.5,0.1103,0.0236,0.9195215612211177
2026-02-02 09:30:00+00:00,70.19749999999999,94.45,53.725,23.2,61,1010.0,0.0,8.645172111230357,-3.1465853185961468,0.0015151515151515,-0.7071067811865471,-0.7071067811865479,0.8660254037844386,0.5000000000000001,55.91,229.5,0.1103,0.0236,2.73353190885309
2026-02-02 10:30:00+00:00,54.815,110.625,55.375,22.5,65,1010.1,0.0,8.053454528090773,-2.00795173347724,0.0018181818181818,-0.8660254037844384,-0.5000000000000004,0.8660254037844386,0.5000000000000001,55.91,229.5,0.1103,0.0236,3.0991356809050723
2026-02-02 11:30:00+00:00,43.065,120.6,54.3,21.1,74,1010.2,0.0,7.780999592026629,-0.5441004952041767,0.0043478260869565,-0.9659258262890684,-0.2588190451025206,0.8660254037844386,0.5000000000000001,55.91,229.5,0.1103,0.0236,4.216771583212033
2026-02-02 12:30:00+00:00,31.9375,155.675,61.95,20.4,78,1010.7,0.0,8.998629256407522,-0.1570716579355481,0.0052631578947368,-1.0,-1.8369701987210292e-16,0.8660254037844386,0.5000000000000001,55.91,229.5,0.1103,0.0236,1.6443205829405954
2026-02-02 13:30:00+00:00,24.81,191.2,71.0,19.5,82,1011.5,0.0,9.49421285668141,-0.3315452186737622,0.0068965517241379,-0.9659258262890684,0.2588190451025203,0.8660254037844386,0.5000000000000001,55.91,229.5,0.1103,0.0236,2.4394287305716666
2026-02-02 14:30:00+00:00,18.86,316.8,85.1,18.7,85,1012.0,0.0,9.3942737739795,-0.328055269003512,0.009090909090909,-0.8660254037844386,0.5000000000000001,0.8660254037844386,0.5000000000000001,55.91,229.5,0.1103,0.0236,4.988413842978821
2026-02-02 15:30:00+00:00,15.8075,303.325,92.45,18.1,88,1012.3,0.0,9.03216997993603,1.1090110249868392,0.0111111111111111,-0.7071067811865477,0.7071067811865474,0.8660254037844386,0.5000000000000001,55.91,229.5,0.1103,0.0236,4.396074784229118
2026-02-02 16:30:00+00:00,13.845,258.0,95.2,17.5,89,1012.2,0.0,8.500147271343803,2.2776075969021816,0.0125,-0.5000000000000004,0.8660254037844384,0.8660254037844386,0.5000000000000001,55.91,229.5,0.1103,0.0236,3.047476632547474
2026-02-02 17:30:00+00:00,12.902500000000002,207.2,80.0,17.2,90,1012.2,0.0,8.638319214339443,1.6791191593136003,0.0142857142857142,-0.2588190451025215,0.965925826289068,0.8660254037844386,0.5000000000000001,55.91,229.5,0.1103,0.0236,2.123612278087636
2026-02-02 18:30:00+00:00,11.96,156.4,64.8,17.0,89,1012.3,0.0,8.851244868777634,0.9303033230821148,0.0142857142857142,0.0,1.0,0.8660254037844386,0.5000000000000001,55.91,229.5,0.1103,0.0236,4.694682670063351
2026-02-02 19:30:00+00:00,10.54,206.1,76.92500000000001,16.8,90,1012.1,0.0,7.698827252704213,0.1343835295670829,0.0153846153846153,0.2588190451025207,0.9659258262890684,0.8660254037844386,0.5000000000000001,55.91,229.5,0.1103,0.0236,0.9478322570145803
2026-02-02 20:30:00+00:00,9.62,173.35,77.875,16.3,91,1012.1,0.0,5.72474478502838,1.42733918403804,0.0181818181818181,0.4999999999999999,0.8660254037844387,0.8660254037844386,0.5000000000000001,55.91,229.5,0.1103,0.0236,3.944264659469388
2026-02-02 21:30:00+00:00,9.0225,134.275,76.275,15.4,93,1011.9,0.0,3.0957515577391788,0.1622414643531273,0.0285714285714285,0.7071067811865475,0.7071067811865476,0.8660254037844386,0.5000000000000001,55.91,229.5,0.1103,0.0236,0.11455629883724727
2026-02-02 22:30:00+00:00,9.255,128.65,69.3,15.0,94,1011.9,0.0,1.790139411662892,-0.1881512338817753,0.05,0.8660254037844386,0.5000000000000001,0.8660254037844386,0.5000000000000001,55.91,229.5,0.1103,0.0236,4.936273517728199
2026-02-02 23:30:00+00:00,8.913333333333334,122.56666666666666,58.6,14.5,97,1012.6,0.0,2.5114736709748717,1.4500000000000013,0.04,0.9659258262890684,0.2588190451025207,0.8660254037844386,0.5000000000000001,55.91,229.5,0.1103,0.0236,2.9446926231407415
2026-02-03 00:30:00+00:00,8.585,120.85,63.75,14.4,96,1013.3,0.0,2.295131414311285,0.701692091334569,0.05,1.0,6.123233995736766e-17,0.8660254037844386,0.5000000000000001,55.91,229.5,0.1103,0.0236,0.9400797094648833
2026-02-03 01:30:00+00:00,8.936666666666666,124.6,61.53333333333333,14.8,97,1013.8,0.0,1.7998053071223097,2.1449244407331385,0.0666666666666666,0.9659258262890684,-0.2588190451025206,0.8660254037844386,0.5000000000000001,55.91,229.5,0.1103,0.0236,0.06971813611722832
2026-02-03 02:30:00+00:00,9.39,128.975,62.85,17.1,88,1014.5,0.0,1.4256104387013886,0.7263847995832752,0.0285714285714285,0.8660254037844387,-0.4999999999999998,0.8660254037844386,0.5000000000000001,55.91,229.5,0.1103,0.0236,2.197533487476705
2026-02-03 03:30:00+00:00,9.2475,134.95,65.05,20.0,77,1015.3,0.0,1.6617774435648525,-0.9211382784680392,0.0066666666666666,0.7071067811865476,-0.7071067811865475,0.8660254037844386,0.5000000000000001,55.91,229.5,0.1103,0.0236,3.9921634784033455
2026-02-03 04:30:00+00:00,9.615833333333333,121.4,62.8,22.4,69,1015.0,0.0,1.802134497435782,-1.2618681599723014,0.0026666666666666,0.4999999999999999,-0.8660254037844387,0.8660254037844386,0.5000000000000001,55.91,229.5,0.1103,0.0236,3.9782478903001133
2026-02-03 05:30:00+00:00,9.984166666666669,107.85,60.55,23.3,64,1014.4,0.0,1.4339482024232673,-1.2465121550819631,0.0016129032258064,0.258819045102521,-0.9659258262890682,0.8660254037844386,0.5000000000000001,55.91,229.5,0.1103,0.0236,2.387320241302465
2026-02-03 06:30:00+00:00,10.3525,109.975,66.025,25.0,55,1013.4,0.0,2.5160117038362726,-1.63391710504508,0.0012195121951219,1.2246467991473532e-16,-1.0,0.8660254037844386,0.5000000000000001,55.91,229.5,0.1103,0.0236,2.5780941843521754
2026-02-03 07:30:00+00:00,39.2725,94.3,56.85,25.8,50,1012.6,0.0,4.544133273360676,-2.315351548671688,0.0009803921568627,-0.2588190451025208,-0.9659258262890684,0.8660254037844386,0.5000000000000001,55.91,229.5,0.1103,0.0236,2.5840825684279807
2026-02-03 08:30:00+00:00,38.5,99.8,55.0,25.9,49,1012.0,0.0,5.975575286112627,-3.450000000000001,0.0009216589861751,-0.4999999999999998,-0.8660254037844388,0.8660254037844386,0.5000000000000001,55.91,229.5,0.1103,0.0236,2.0990111528164195
2026-02-03 09:30:00+00:00,,,,25.4,53,1012.2,0.0,8.395676151948619,-5.246200715908727,0.0009803921568627,-0.7071067811865471,-0.7071067811865479,0.8660254037844386,0.5000000000000001,55.91,229.5,0.1103,0.0236,
2026-02-03 10:30:00+00:00,,,,24.1,59,1012.5,0.0,11.50456379262934,-5.611150678900192,0.001,-0.8660254037844384,-0.5000000000000004,0.8660254037844386,0.5000000000000001,55.91,229.5,0.1103,0.0236,
2026-02-03 11:30:00+00:00,,,,22.6,66,1012.8,0.0,12.88340988566139,-4.945477703725134,0.0019607843137254,-0.9659258262890684,-0.2588190451025206,0.8660254037844386,0.5000000000000001,55.91,229.5,0.1103,0.0236,
2026-02-03 12:30:00+00:00,,,,21.2,73,1013.0,0.0,12.470765814495916,-7.200000000000002,0.0019417475728155,-1.0,-1.8369701987210292e-16,0.8660254037844386,0.5000000000000001,55.91,229.5,0.1103,0.0236,
2026-02-03 13:30:00+00:00,,,,20.0,77,1013.2,0.0,10.806243742382302,-3.303800263366925,0.0033898305084745,-0.9659258262890684,0.2588190451025203,0.8660254037844386,0.5000000000000001,55.91,229.5,0.1103,0.0236,
2026-02-03 14:30:00+00:00,,,,18.8,82,1013.2,0.0,8.245668340960377,1.602795561162982,0.0095238095238095,-0.8660254037844386,0.5000000000000001,0.8660254037844386,0.5000000000000001,55.91,229.5,0.1103,0.0236,
2026-02-03 15:30:00+00:00,,,,17.6,86,1013.8,0.0,9.70874312897702,-2.783937293751693,0.009090909090909,-0.7071067811865477,0.7071067811865474,0.8660254037844386,0.5000000000000001,55.91,229.5,0.1103,0.0236,
2026-02-03 16:30:00+00:00,,,,16.9,86,1014.0,0.0,10.306152474032556,-3.548692883583004,0.0071428571428571,-0.5000000000000004,0.8660254037844384,0.8660254037844386,0.5000000000000001,55.91,229.5,0.1103,0.0236,
2026-02-03 17:30:00+00:00,,,,16.6,84,1014.0,0.0,10.028857418214711,-6.0259454764476335,0.0057142857142857,-0.2588190451025215,0.965925826289068,0.8660254037844386,0.5000000000000001,55.91,229.5,0.1103,0.0236,
2026-02-03 18:30:00+00:00,,,,16.1,81,1014.0,0.0,9.728578588166922,-6.317812806174309,0.0048780487804878,0.0,1.0,0.8660254037844386,0.5000000000000001,55.91,229.5,0.1103,0.0236,
2026-02-03 19:30:00+00:00,,,,15.7,84,1013.7,0.0,10.430588090723584,-3.796423590914917,0.006060606060606,0.2588190451025207,0.9659258262890684,0.8660254037844386,0.5000000000000001,55.91,229.5,0.1103,0.0236,
2026-02-03 20:30:00+00:00,,,,15.4,85,1013.3,0.0,11.010381732073158,-2.5419469140856736,0.00625,0.4999999999999999,0.8660254037844387,0.8660254037844386,0.5000000000000001,55.91,229.5,0.1103,0.0236,
2026-02-03 21:30:00+00:00,,,,15.1,87,1013.2,0.0,10.242000631326963,-1.805941047736072,0.006060606060606,0.7071067811865475,0.7071067811865476,0.8660254037844386,0.5000000000000001,55.91,229.5,0.1103,0.0236,
2026-02-03 22:30:00+00:00,,,,14.6,89,1012.9,0.0,10.39841602962647,-0.1815050269477445,0.0057142857142857,0.8660254037844386,0.5000000000000001,0.8660254037844386,0.5000000000000001,55.91,229.5,0.1103,0.0236,
2026-02-03 23:30:00+00:00,,,,14.1,91,1012.8,0.0,10.298431260110831,0.17975978630402,0.0066666666666666,0.9659258262890684,0.2588190451025207,0.8660254037844386,0.5000000000000001,55.91,229.5,0.1103,0.0236,
2026-02-04 00:30:00+00:00,,,,13.8,90,1013.2,0.0,10.123970746741485,1.243067302732501,0.0066666666666666,1.0,6.123233995736766e-17,0.8660254037844386,0.5000000000000001,55.91,229.5,0.1103,0.0236,
2026-02-04 01:30:00+00:00,,,,14.3,86,1013.9,0.0,10.270549807704958,2.183072753586478,0.0058823529411764,0.9659258262890684,-0.2588190451025206,0.8660254037844386,0.5000000000000001,55.91,229.5,0.1103,0.0236,
2026-02-04 02:30:00+00:00,,,,16.2,76,1014.8,0.0,8.61533219805166,1.2108059783525649,0.0042553191489361,0.8660254037844387,-0.4999999999999998,0.8660254037844386,0.5000000000000001,55.91,229.5,0.1103,0.0236,
2026-02-04 03:30:00+00:00,,,,18.4,66,1015.4,0.0,9.898492182048274,0.1727788237291066,0.003125,0.7071067811865476,-0.7071067811865475,0.8660254037844386,0.5000000000000001,55.91,229.5,0.1103,0.0236,
2026-02-04 04:30:00+00:00,,,,20.5,59,1015.4,0.0,9.70462707366739,-1.3638963894086416,0.0024390243902439,0.4999999999999999,-0.8660254037844387,0.8660254037844386,0.5000000000000001,55.91,229.5,0.1103,0.0236,
2026-02-04 05:30:00+00:00,,,,21.9,58,1014.6,0.0,10.397814721786489,-1.4613175600806874,0.0018518518518518,0.258819045102521,-0.9659258262890682,0.8660254037844386,0.5000000000000001,55.91,229.5,0.1103,0.0236,
2026-02-04 06:30:00+00:00,,,,23.3,52,1013.3,0.0,13.136254929915332,-2.080578385035068,0.0013888888888888,1.2246467991473532e-16,-1.0,0.8660254037844386,0.5000000000000001,55.91,229.5,0.1103,0.0236,
2026-02-04 07:30:00+00:00,,,,24.0,49,1012.2,0.0,14.222712104569984,-2.252656296579322,0.0011834319526627,-0.2588190451025208,-0.9659258262890684,0.8660254037844386,0.5000000000000001,55.91,229.5,0.1103,0.0236,
2026-02-04 08:30:00+00:00,,,,24.2,47,1011.6,0.0,14.61947186191362,-1.5365684100344987,0.0010928961748633,-0.4999999999999998,-0.8660254037844388,0.8660254037844386,0.5000000000000001,55.91,229.5,0.1103,0.0236,
2026-02-04 09:30:00+00:00,,,,23.8,49,1011.2,0.0,14.564435133793436,-1.0184445166642282,0.0011299435028248,-0.7071067811865471,-0.7071067811865479,0.8660254037844386,0.5000000000000001,55.91,229.5,0.1103,0.0236,
2026-02-04 10:30:00+00:00,,,,22.9,53,1011.0,0.0,12.8,2.351321854362918e-15,0.0012658227848101,-0.8660254037844384,-0.5000000000000004,0.8660254037844386,0.5000000000000001,55.91,229.5,0.1103,0.0236,
2026-02-04 11:30:00+00:00,,,,21.3,62,1011.3,0.0,12.406826895516526,1.5233667925643395,0.0018181818181818,-0.9659258262890684,-0.2588190451025206,0.8660254037844386,0.5000000000000001,55.91,229.5,0.1103,0.0236,
2026-02-04 12:30:00+00:00,,,,20.1,68,1011.7,0.0,11.487109597402217,1.6144079711367532,0.0033333333333333,-1.0,-1.8369701987210292e-16,0.8660254037844386,0.5000000000000001,55.91,229.5,0.1103,0.0236,
2026-02-04 13:30:00+00:00,,,,19.0,74,1012.2,0.0,10.635923732531849,1.875400318802848,0.0058823529411764,-0.9659258262890684,0.2588190451025203,0.8660254037844386,0.5000000000000001,55.91,229.5,0.1103,0.0236,
2026-02-04 14:30:00+00:00,,,,18.1,80,1012.5,0.0,11.017262283218676,1.3527497117971337,0.00625,-0.8660254037844386,0.5000000000000001,0.8660254037844386,0.5000000000000001,55.91,229.5,0.1103,0.0236,
2026-02-04 15:30:00+00:00,,,,17.3,82,1012.6,0.0,11.4929945107196,0.4013442120787689,0.0058823529411764,-0.7071067811865477,0.7071067811865474,0.8660254037844386,0.5000000000000001,55.91,229.5,0.1103,0.0236,
2026-02-04 16:30:00+00:00,,,,16.5,82,1012.7,0.0,11.372230172961997,-0.7952238006830276,0.0057142857142857,-0.5000000000000004,0.8660254037844384,0.8660254037844386,0.5000000000000001,55.91,229.5,0.1103,0.0236,
2026-02-04 17:30:00+00:00,,,,16.2,85,1012.8,0.0,11.3566195582459,-0.9935754673233,0.0057142857142857,-0.2588190451025215,0.965925826289068,0.8660254037844386,0.5000000000000001,55.91,229.5,0.1103,0.0236,
2026-02-04 18:30:00+00:00,,,,15.7,86,1012.4,0.0,11.555858497864248,-1.0110066158728317,0.0055555555555555,0.0,1.0,0.8660254037844386,0.5000000000000001,55.91,229.5,0.1103,0.0236,
2026-02-04 19:30:00+00:00,,,,15.2,88,1012.2,0.0,12.081270438647158,-1.6979118317127986,0.0048780487804878,0.2588190451025207,0.9659258262890684,0.8660254037844386,0.5000000000000001,55.91,229.5,0.1103,0.0236,
2026-02-04 20:30:00+00:00,,,,14.9,90,1011.8,0.0,12.081270438647158,-1.6979118317127986,0.0044444444444444,0.4999999999999999,0.8660254037844387,0.8660254037844386,0.5000000000000001,55.91,229.5,0.1103,0.0236,
2026-02-04 21:30:00+00:00,,,,14.6,92,1011.5,0.0,11.38808279052806,-1.6004906610407528,0.0044444444444444,0.7071067811865475,0.7071067811865476,0.8660254037844386,0.5000000000000001,55.91,229.5,0.1103,0.0236,
2026-02-04 22:30:00+00:00,,,,14.2,92,1011.5,0.0,10.798355107689028,0.1884859895226618,0.0046511627906976,0.8660254037844386,0.5000000000000001,0.8660254037844386,0.5000000000000001,55.91,229.5,0.1103,0.0236,
2026-02-04 23:30:00+00:00,,,,13.8,93,1012.0,0.0,11.198294185751582,-0.195466952097571,0.0047619047619047,0.9659258262890684,0.2588190451025207,0.8660254037844386,0.5000000000000001,55.91,229.5,0.1103,0.0236,
2026-02-05 00:30:00+00:00,,,,13.6,93,1012.5,0.0,11.198294185751582,0.1954669520975751,0.0046511627906976,1.0,6.123233995736766e-17,0.8660254037844386,0.5000000000000001,55.91,229.5,0.1103,0.0236,
2026-02-05 01:30:00+00:00,,,,14.2,88,1013.4,0.0,11.38808279052806,1.6004906610407468,0.0041666666666666,0.9659258262890684,-0.2588190451025206,0.8660254037844386,0.5000000000000001,55.91,229.5,0.1103,0.0236,
2026-02-05 02:30:00+00:00,,,,15.8,79,1014.1,0.0,9.70874312897702,2.7839372937516886,0.0031746031746031,0.8660254037844387,-0.4999999999999998,0.8660254037844386,0.5000000000000001,55.91,229.5,0.1103,0.0236,
2026-02-05 03:30:00+00:00,,,,18.0,69,1014.7,0.0,11.029846833736729,1.94485958986962,0.0024691358024691,0.7071067811865476,-0.7071067811865475,0.8660254037844386,0.5000000000000001,55.91,229.5,0.1103,0.0236,
2026-02-05 04:30:00+00:00,,,,20.1,61,1014.5,0.0,12.232619313029764,1.2857000981921365,0.0019417475728155,0.4999999999999999,-0.8660254037844387,0.8660254037844386,0.5000000000000001,55.91,229.5,0.1103,0.0236,
2026-02-05 05:30:00+00:00,38.615,18.35,6.65,21.7,52,1014.0,0.0,13.647867363856914,1.194033675642918,0.0014492753623188,0.258819045102521,-0.9659258262890682,0.8660254037844386,0.5000000000000001,55.91,229.5,0.1103,0.0236,4.533670158618965
2026-02-05 06:30:00+00:00,38.2,111.2,91.3,23.2,45,1012.9,0.0,15.478757788695894,0.8112073217656367,0.0010869565217391,1.2246467991473532e-16,-1.0,0.8660254037844386,0.5000000000000001,55.91,229.5,0.1103,0.0236,1.0986008225314925
2026-02-05 07:30:00+00:00,38.59,120.6,90.3,24.1,37,1011.8,0.0,16.597471739596095,0.2897099468589061,0.0009009009009009,-0.2588190451025208,-0.9659258262890684,0.8660254037844386,0.5000000000000001,55.91,229.5,0.1103,0.0236,4.958786933978026
2026-02-05 08:30:00+00:00,39.88333333333333,160.46666666666667,93.36666666666667,24.2,35,1010.9,0.0,16.89742604814301,-0.2949456687900849,0.0009049773755656,-0.4999999999999998,-0.8660254037844388,0.8660254037844386,0.5000000000000001,55.91,229.5,0.1103,0.0236,2.578870029336842
2026-02-05 09:30:00+00:00,30.785,76.925,42.75,23.7,38,1010.5,0.0,16.177798463024097,-0.8478424911356919,0.0009900990099009,-0.7071067811865471,-0.7071067811865479,0.8660254037844386,0.5000000000000001,55.91,229.5,0.1103,0.0236,3.119583718147338
2026-02-05 10:30:00+00:00,37.93,113.55,39.7,22.6,41,1010.5,0.0,14.44482312233031,-1.2637582698410394,0.0011494252873563,-0.8660254037844384,-0.5000000000000004,0.8660254037844386,0.5000000000000001,55.91,229.5,0.1103,0.0236,4.489972030403775
2026-02-05 11:30:00+00:00,40.2675,100.0,39.8,20.7,51,1010.6,0.0,12.592324420440606,-0.4397336584515161,0.0018018018018018,-0.9659258262890684,-0.2588190451025206,0.8660254037844386,0.5000000000000001,55.91,229.5,0.1103,0.0236,3.0576985327662602
2026-02-05 12:30:00+00:00,42.8125,100.875,48.075,19.4,58,1011.2,0.0,12.45243372614682,1.089446784345728,0.0028571428571428,-1.0,-1.8369701987210292e-16,0.8660254037844386,0.5000000000000001,55.91,229.5,0.1103,0.0236,2.4439129626390765
2026-02-05 13:30:00+00:00,40.2625,112.825,38.875,18.3,64,1011.9,0.0,12.074014356406266,2.346950643131509,0.004,-0.9659258262890684,0.2588190451025203,0.8660254037844386,0.5000000000000001,55.91,229.5,0.1103,0.0236,3.7507258963794285
2026-02-05 14:30:00+00:00,40.79333333333333,140.16666666666666,28.133333333333336,17.3,69,1012.4,0.0,12.033714933956109,1.2647944055386056,0.0041666666666666,-0.8660254037844386,0.5000000000000001,0.8660254037844386,0.5000000000000001,55.91,229.5,0.1103,0.0236,0.5582956097337838
2026-02-05 15:30:00+00:00,40.125,149.5,49.75,16.5,73,1012.5,0.0,11.854716907291772,1.0371533386971332,0.0045454545454545,-0.7071067811865477,0.7071067811865474,0.8660254037844386,0.5000000000000001,55.91,229.5,0.1103,0.0236,3.2408293225606015
2026-02-05 16:30:00+00:00,38.1675,150.2,50.55,15.9,74,1012.7,0.0,11.719212260845277,2.066413314236471,0.0048780487804878,-0.5000000000000004,0.8660254037844384,0.8660254037844386,0.5000000000000001,55.91,229.5,0.1103,0.0236,3.1679342656621223
2026-02-05 17:30:00+00:00,41.14666666666667,156.3,38.93333333333333,15.7,76,1012.8,0.0,11.719212260845277,2.066413314236471,0.0054054054054054,-0.2588190451025215,0.965925826289068,0.8660254037844386,0.5000000000000001,55.91,229.5,0.1103,0.0236,2.3067693728815537
2026-02-05 18:30:00+00:00,42.88,146.7,30.7,15.3,77,1012.6,0.0,11.010381732073158,2.5419469140856776,0.0057142857142857,0.0,1.0,0.8660254037844386,0.5000000000000001,55.91,229.5,0.1103,0.0236,0.2739512711104347
2026-02-05 19:30:00+00:00,41.7625,144.375,38.55,14.8,80,1012.3,0.0,10.46949641030846,1.658205329426449,0.00625,0.2588190451025207,0.9659258262890684,0.8660254037844386,0.5000000000000001,55.91,229.5,0.1103,0.0236,2.251785166539728
2026-02-05 20:30:00+00:00,39.3275,132.04999999999998,46.025,14.3,82,1012.0,0.0,9.18550156753478,1.4548405248741487,0.0071428571428571,0.4999999999999999,0.8660254037844387,0.8660254037844386,0.5000000000000001,55.91,229.5,0.1103,0.0236,2.5826792710838364
2026-02-05 21:30:00+00:00,41.56333333333333,124.36666666666667,42.66666666666666,13.9,84,1011.6,0.0,8.07459824588188,2.31535378886279,0.008695652173913,0.7071067811865475,0.7071067811865476,0.8660254037844386,0.5000000000000001,55.91,229.5,0.1103,0.0236,3.1838204615713135
2026-02-05 22:30:00+00:00,38.75,142.525,45.55,13.3,86,1011.5,0.0,8.319851376878407,2.5436338310878126,0.0095238095238095,0.8660254037844386,0.5000000000000001,0.8660254037844386,0.5000000000000001,55.91,229.5,0.1103,0.0236,1.8156779183220877
2026-02-05 23:30:00+00:00,42.09,128.65,44.725,12.9,88,1012.2,0.0,8.693332436601615,2.3293714059226858,0.0095238095238095,0.9659258262890684,0.2588190451025207,0.8660254037844386,0.5000000000000001,55.91,229.5,0.1103,0.0236,0.015041615079617321
2026-02-06 00:30:00+00:00,42.6475,119.925,49.55,12.6,88,1013.1,0.0,8.500147271343803,2.2776075969021816,0.0095238095238095,1.0,6.123233995736766e-17,0.8660254037844386,0.5000000000000001,55.91,229.5,0.1103,0.0236,0.14681192714344982
2026-02-06 01:30:00+00:00,41.9475,116.8,56.975,13.3,85,1013.9,0.0,8.833110635387538,3.2149893472612923,0.0076923076923076,0.9659258262890684,-0.2588190451025206,0.8660254037844386,0.5000000000000001,55.91,229.5,0.1103,0.0236,1.2731407378729132
2026-02-06 02:30:00+00:00,37.86,116.9,41.75,15.2,76,1014.7,0.0,6.291558324094168,3.068598027523544,0.0051282051282051,0.8660254037844387,-0.4999999999999998,0.8660254037844386,0.5000000000000001,55.91,229.5,0.1103,0.0236,0.15833245945181207
2026-02-06 03:30:00+00:00,45.5,111.7,49.2,17.7,66,1015.3,0.0,7.746068523300586,2.36821080825417,0.003076923076923,0.7071067811865476,-0.7071067811865475,0.8660254037844386,0.5000000000000001,55.91,229.5,0.1103,0.0236,0.5544499277330245
2026-02-06 04:30:00+00:00,44.04,107.59375,51.15625,19.8,59,1014.9,0.0,8.99451744317186,0.3140954703225148,0.0018518518518518,0.4999999999999999,-0.8660254037844387,0.8660254037844386,0.5000000000000001,55.91,229.5,0.1103,0.0236,3.372990432721018
2026-02-06 05:30:00+00:00,42.58,103.4875,53.1125,21.4,50,1014.2,0.0,11.017262283218674,-1.3527497117971392,0.0009708737864077,0.258819045102521,-0.9659258262890682,0.8660254037844386,0.5000000000000001,55.91,229.5,0.1103,0.0236,4.407522654638906
2026-02-06 06:30:00+00:00,41.12,99.38125,55.06875,22.4,46,1013.0,0.0,11.497566764465777,-2.6544224412576063,0.000943396226415,1.2246467991473532e-16,-1.0,0.8660254037844386,0.5000000000000001,55.91,229.5,0.1103,0.0236,3.3155721395760143
2026-02-06 07:30:00+00:00,39.66,95.275,57.025,22.8,46,1011.4,0.0,11.50778384717136,-3.739105631936861,0.0009009009009009,-0.2588190451025208,-0.9659258262890684,0.8660254037844386,0.5000000000000001,55.91,229.5,0.1103,0.0236,2.03506446524278
2026-02-06 08:30:00+00:00,40.0675,93.475,61.900000000000006,22.9,45,1010.5,0.0,12.12203480813822,-4.412059848901119,0.000896860986547,-0.4999999999999998,-0.8660254037844388,0.8660254037844386,0.5000000000000001,55.91,229.5,0.1103,0.0236,4.015595826192445
2026-02-06 09:30:00+00:00,43.6625,92.675,54.225,22.4,48,1009.6,0.0,11.666918022749032,-3.5669347976173875,0.0009478672985781,-0.7071067811865471,-0.7071067811865479,0.8660254037844386,0.5000000000000001,55.91,229.5,0.1103,0.0236,1.6984124064709523
2026-02-06 10:30:00+00:00,38.9025,86.25,62.5,21.7,51,1009.4,0.0,11.190029176779746,-1.5726560408487398,0.0010050251256281,-0.8660254037844384,-0.5000000000000004,0.8660254037844386,0.5000000000000001,55.91,229.5,0.1103,0.0236,2.584700910472094
2026-02-06 11:30:00+00:00,40.81,89.15,38.85,20.1,57,1009.5,0.0,10.39841602962647,0.1815050269477484,0.0019801980198019,-0.9659258262890684,-0.2588190451025206,0.8660254037844386,0.5000000000000001,55.91,229.5,0.1103,0.0236,3.1796499074825735
2026-02-06 12:30:00+00:00,41.7175,107.725,44.65,19.2,60,1009.6,0.0,10.1,1.85533990070824e-15,0.0035714285714285,-1.0,-1.8369701987210292e-16,0.8660254037844386,0.5000000000000001,55.91,229.5,0.1103,0.0236,3.16114956613783
2026-02-06 13:30:00+00:00,40.09,120.575,36.675,18.5,65,1010.1,0.0,7.746068523300586,2.36821080825417,0.0095238095238095,-0.9659258262890684,0.2588190451025203,0.8660254037844386,0.5000000000000001,55.91,229.5,0.1103,0.0236,4.057574396467222
2026-02-06 14:30:00+00:00,41.9375,125.35,33.875,17.4,71,1010.4,0.0,8.642763284627167,4.403707847473605,0.01,-0.8660254037844386,0.5000000000000001,0.8660254037844386,0.5000000000000001,55.91,229.5,0.1103,0.0236,4.113001659610172
2026-02-06 15:30:00+00:00,40.6325,153.75,46.95,16.5,72,1010.8,0.0,10.384459171148018,4.195593846258218,0.0076923076923076,-0.7071067811865477,0.7071067811865474,0.8660254037844386,0.5000000000000001,55.91,229.5,0.1103,0.0236,1.0805121033022074
2026-02-06 16:30:00+00:00,42.1475,171.775,50.175,15.8,74,1010.7,0.0,10.43058809072358,3.79642359091493,0.0074074074074074,-0.5000000000000004,0.8660254037844384,0.8660254037844386,0.5000000000000001,55.91,229.5,0.1103,0.0236,4.8335905376121
2026-02-06 17:30:00+00:00,44.26333333333333,191.1,40.6,15.5,74,1010.7,0.0,11.487109597402217,1.6144079711367532,0.00625,-0.2588190451025215,0.965925826289068,0.8660254037844386,0.5000000000000001,55.91,229.5,0.1103,0.0236,2.5916856672544437
2026-02-06 18:30:00+00:00,43.97,178.9,39.3,14.9,75,1010.7,0.0,10.46617932785172,2.2246550917500296,0.0066666666666666,0.0,1.0,0.8660254037844386,0.5000000000000001,55.91,229.5,0.1103,0.0236,0.9853472518902379
2026-02-06 19:30:00+00:00,41.0975,163.775,38.025,14.3,78,1010.1,0.0,10.285500146540013,2.949319707241888,0.0068965517241379,0.2588190451025207,0.9659258262890684,0.8660254037844386,0.5000000000000001,55.91,229.5,0.1103,0.0236,4.362183761270614
2026-02-06 20:30:00+00:00,42.7575,146.8,50.7,13.8,81,1009.8,0.0,10.620633706159063,2.4519664923481312,0.0066666666666666,0.4999999999999999,0.8660254037844387,0.8660254037844386,0.5000000000000001,55.91,229.5,0.1103,0.0236,4.856507388583227
2026-02-06 21:30:00+00:00,40.31,136.525,47.625,13.4,84,1009.6,0.0,10.955253128218622,2.328610937158909,0.00625,0.7071067811865475,0.7071067811865476,0.8660254037844386,0.5000000000000001,55.91,229.5,0.1103,0.0236,2.90324693274758
2026-02-06 22:30:00+00:00,38.1825,131.25,49.75,13.0,86,1009.3,0.0,10.232460888804477,3.1283772405332866,0.0064516129032258,0.8660254037844386,0.5000000000000001,0.8660254037844386,0.5000000000000001,55.91,229.5,0.1103,0.0236,0.0443456083447652
2026-02-06 23:30:00+00:00,40.785,113.525,44.175,12.9,88,1010.1,0.0,10.232460888804477,3.1283772405332866,0.006060606060606,0.9659258262890684,0.2588190451025207,0.8660254037844386,0.5000000000000001,55.91,229.5,0.1103,0.0236,4.665915533343457
2026-02-07 00:30:00+00:00,37.94,114.475,49.575,12.8,89,1010.7,0.0,10.041199937611871,3.0699028995887394,0.0057142857142857,1.0,6.123233995736766e-17,0.8660254037844386,0.5000000000000001,55.91,229.5,0.1103,0.0236,3.140280679798218
2026-02-07 01:30:00+00:00,44.09,113.875,62.825,13.5,85,1011.3,0.0,10.269384691469217,3.942047444998308,0.005,0.9659258262890684,-0.2588190451025206,0.8660254037844386,0.5000000000000001,55.91,229.5,0.1103,0.0236,1.5686766867502144
2026-02-07 02:30:00+00:00,42.025,116.75,39.7,15.4,77,1012.1,0.0,8.0891464166925,3.9453403211017,0.004,0.8660254037844387,-0.4999999999999998,0.8660254037844386,0.5000000000000001,55.91,229.5,0.1103,0.0236,4.982311100452178
2026-02-07 03:30:00+00:00,41.0975,113.525,52.075,17.8,68,1012.7,0.0,8.654614298285896,2.8120546488120226,0.0028571428571428,0.7071067811865476,-0.7071067811865475,0.8660254037844386,0.5000000000000001,55.91,229.5,0.1103,0.0236,3.90764445674143
2026-02-07 04:30:00+00:00,39.35666666666666,109.8,53.8,20.0,60,1012.4,0.0,9.945218953682732,1.0452846326765337,0.0018867924528301,0.4999999999999999,-0.8660254037844387,0.8660254037844386,0.5000000000000001,55.91,229.5,0.1103,0.0236,0.49697543775151454
2026-02-07 05:30:00+00:00,42.4725,112.4,42.525,21.7,52,1011.5,0.0,12.569307033273786,-0.8789315691759777,0.001,0.258819045102521,-0.9659258262890682,0.8660254037844386,0.5000000000000001,55.91,229.5,0.1103,0.0236,4.651251606252345
2026-02-07 06:30:00+00:00,40.7825,106.625,49.275000000000006,22.9,45,1010.2,0.0,13.136254929915332,-2.080578385035068,0.0009478672985781,1.2246467991473532e-16,-1.0,0.8660254037844386,0.5000000000000001,55.91,229.5,0.1103,0.0236,0.38985812162053046
2026-02-07 07:30:00+00:00,40.01,103.5,54.475,23.5,41,1009.2,0.0,13.54374390051477,-3.1268196553797223,0.0009216589861751,-0.2588190451025208,-0.9659258262890684,0.8660254037844386,0.5000000000000001,55.91,229.5,0.1103,0.0236,3.0111899950061534
2026-02-07 08:30:00+00:00,41.635,108.5,58.375,23.6,42,1008.2,0.0,13.169285234354966,-3.7762317746928913,0.0009132420091324,-0.4999999999999998,-0.8660254037844388,0.8660254037844386,0.5000000000000001,55.91,229.5,0.1103,0.0236,4.610601169761769
2026-02-07 09:30:00+00:00,38.7425,107.95,50.675,23.2,45,1007.6,0.0,13.09794311506237,-2.309520762970169,0.0009132420091324,-0.7071067811865471,-0.7071067811865479,0.8660254037844386,0.5000000000000001,55.91,229.5,0.1103,0.0236,0.16356511971369114
2026-02-07 10:30:00+00:00,41.2,101.8,57.56666666666666,22.6,46,1007.4,0.0,12.431523692103417,-1.3066057908456623,0.0009661835748792,-0.8660254037844384,-0.5000000000000004,0.8660254037844386,0.5000000000000001,55.91,229.5,0.1103,0.0236,0.932577502719813
2026-02-07 11:30:00+00:00,40.655,104.975,43.775,20.9,56,1007.5,0.0,10.474422527728157,-0.7324429743133148,0.0021052631578947,-0.9659258262890684,-0.2588190451025206,0.8660254037844386,0.5000000000000001,55.91,229.5,0.1103,0.0236,1.824151179261213
2026-02-07 12:30:00+00:00,38.39,121.925,49.8,19.7,62,1008.0,0.0,9.762708041299106,0.854126278927051,0.006060606060606,-1.0,-1.8369701987210292e-16,0.8660254037844386,0.5000000000000001,55.91,229.5,0.1103,0.0236,1.3173724535534137
2026-02-07 13:30:00+00:00,39.06,136.8,39.675,18.8,67,1008.7,0.0,9.177589262390384,0.6417595584459553,0.009090909090909,-0.9659258262890684,0.2588190451025203,0.8660254037844386,0.5000000000000001,55.91,229.5,0.1103,0.0236,3.3426094970490574
2026-02-07 14:30:00+00:00,38.925,155.8,28.95,17.9,72,1008.9,0.0,8.1,1.487945860964034e-15,0.0117647058823529,-0.8660254037844386,0.5000000000000001,0.8660254037844386,0.5000000000000001,55.91,229.5,0.1103,0.0236,1.9020930436773775
2026-02-07 15:30:00+00:00,41.635,193.15,48.475,17.1,76,1009.3,0.0,7.889173324561134,-0.4134540543192572,0.0125,-0.7071067811865477,0.7071067811865474,0.8660254037844386,0.5000000000000001,55.91,229.5,0.1103,0.0236,2.431840619203668
2026-02-07 16:30:00+00:00,41.4575,321.25,53.775,16.3,79,1009.5,0.0,7.047077676653386,-0.8652723381765485,0.0133333333333333,-0.5000000000000004,0.8660254037844384,0.8660254037844386,0.5000000000000001,55.91,229.5,0.1103,0.0236,3.2942780431573655
2026-02-07 17:30:00+00:00,38.39666666666667,266.6,39.06666666666666,15.8,83,1009.2,0.0,6.296162210220303,-0.219866829225758,0.0153846153846153,-0.2588190451025215,0.965925826289068,0.8660254037844386,0.5000000000000001,55.91,229.5,0.1103,0.0236,2.103887962995155
2026-02-07 18:30:00+00:00,,,,15.4,84,1008.8,0.0,6.475265537596346,0.5665123278597786,0.0153846153846153,0.0,1.0,0.8660254037844386,0.5000000000000001,55.91,229.5,0.1103,0.0236,
2026-02-07 19:30:00+00:00,,,,15.0,85,1008.5,0.0,6.5187430479279085,1.032467469265525,0.0142857142857142,0.2588190451025207,0.9659258262890684,0.8660254037844386,0.5000000000000001,55.91,229.5,0.1103,0.0236,
2026-02-07 20:30:00+00:00,,,,14.6,86,1008.3,0.0,6.663296698967432,0.7003407038932775,0.0133333333333333,0.4999999999999999,0.8660254037844387,0.8660254037844386,0.5000000000000001,55.91,229.5,0.1103,0.0236,
2026-02-07 21:30:00+00:00,,,,14.3,87,1008.2,0.0,7.017210380349729,2.012152697464092,0.0133333333333333,0.7071067811865475,0.7071067811865476,0.8660254037844386,0.5000000000000001,55.91,229.5,0.1103,0.0236,
2026-02-07 22:30:00+00:00,,,,13.9,89,1007.9,0.0,7.732240769000499,3.2821414793099004,0.0125,0.8660254037844386,0.5000000000000001,0.8660254037844386,0.5000000000000001,55.91,229.5,0.1103,0.0236,
2026-02-07 23:30:00+00:00,,,,13.7,89,1008.2,0.0,8.989264706052532,2.748294024393729,0.01,0.9659258262890684,0.2588190451025207,0.8660254037844386,0.5000000000000001,55.91,229.5,0.1103,0.0236,
2026-02-08 00:30:00+00:00,,,,13.4,90,1008.9,0.0,8.939931253174443,2.904759747124507,0.0095238095238095,1.0,6.123233995736766e-17,0.8660254037844386,0.5000000000000001,55.91,229.5,0.1103,0.0236,
2026-02-08 01:30:00+00:00,,,,14.2,86,1009.7,0.0,9.490895469937673,3.4544034475892604,0.0076923076923076,0.9659258262890684,-0.2588190451025206,0.8660254037844386,0.5000000000000001,55.91,229.5,0.1103,0.0236,
2026-02-08 02:30:00+00:00,,,,16.3,77,1010.5,0.0,7.232034065620941,2.921931428644116,0.0052631578947368,0.8660254037844387,-0.4999999999999998,0.8660254037844386,0.5000000000000001,55.91,229.5,0.1103,0.0236,
2026-02-08 03:30:00+00:00,,,,18.9,67,1011.1,0.0,7.690093567506552,2.205098846535991,0.0032786885245901,0.7071067811865476,-0.7071067811865475,0.8660254037844386,0.5000000000000001,55.91,229.5,0.1103,0.0236,
2026-02-08 04:30:00+00:00,,,,21.2,60,1011.1,0.0,9.131424595100162,1.1211979593273538,0.0019047619047619,0.4999999999999999,-0.8660254037844387,0.8660254037844386,0.5000000000000001,55.91,229.5,0.1103,0.0236,
2026-02-08 05:30:00+00:00,,,,22.8,54,1010.1,0.0,10.993299097210054,-0.3838944637275141,0.0009090909090909,0.258819045102521,-0.9659258262890682,0.8660254037844386,0.5000000000000001,55.91,229.5,0.1103,0.0236,
2026-02-08 06:30:00+00:00,,,,24.1,47,1009.0,0.0,13.14977001481104,-1.150455804269084,0.0007518796992481,1.2246467991473532e-16,-1.0,0.8660254037844386,0.5000000000000001,55.91,229.5,0.1103,0.0236,
2026-02-08 07:30:00+00:00,,,,24.8,40,1007.9,0.0,14.96565829122723,-3.1810488695117063,0.0007194244604316,-0.2588190451025208,-0.9659258262890684,0.8660254037844386,0.5000000000000001,55.91,229.5,0.1103,0.0236,
2026-02-08 08:30:00+00:00,,,,24.8,37,1007.4,0.0,16.034368716398532,-4.296396148701851,0.0007117437722419,-0.4999999999999998,-0.8660254037844388,0.8660254037844386,0.5000000000000001,55.91,229.5,0.1103,0.0236,
2026-02-08 09:30:00+00:00,,,,24.3,40,1007.0,0.0,15.87465894898639,-4.85337029839743,0.0007299270072992,-0.7071067811865471,-0.7071067811865479,0.8660254037844386,0.5000000000000001,55.91,229.5,0.1103,0.0236,
2026-02-08 10:30:00+00:00,,,,23.5,42,1007.2,0.0,14.1991096464493,-3.80463996300706,0.0007299270072992,-0.8660254037844384,-0.5000000000000004,0.8660254037844386,0.5000000000000001,55.91,229.5,0.1103,0.0236,
2026-02-08 11:30:00+00:00,,,,21.8,49,1007.3,0.0,10.238813758664122,-2.743481878086724,0.0024390243902439,-0.9659258262890684,-0.2588190451025206,0.8660254037844386,0.5000000000000001,55.91,229.5,0.1103,0.0236,
2026-02-08 12:30:00+00:00,,,,20.4,55,1007.8,0.0,8.588939923774259,-3.2969851358167555,0.006060606060606,-1.0,-1.8369701987210292e-16,0.8660254037844386,0.5000000000000001,55.91,229.5,0.1103,0.0236,
2026-02-08 13:30:00+00:00,,,,19.5,56,1008.4,0.0,9.359244484304629,-4.976398565530438,0.0051282051282051,-0.9659258262890684,0.2588190451025203,0.8660254037844386,0.5000000000000001,55.91,229.5,0.1103,0.0236,
2026-02-08 14:30:00+00:00,,,,18.6,58,1008.7,0.0,8.273435647318816,-5.7931220071455645,0.008,-0.8660254037844386,0.5000000000000001,0.8660254037844386,0.5000000000000001,55.91,229.5,0.1103,0.0236,
2026-02-08 15:30:00+00:00,43.17,191.46666666666667,51.6,17.9,61,1008.9,0.0,7.171881598543047,-3.9754388860199583,0.0125,-0.7071067811865477,0.7071067811865474,0.8660254037844386,0.5000000000000001,55.91,229.5,0.1103,0.0236,2.3326669393677717
2026-02-08 16:30:00+00:00,40.7925,213.725,52.7,17.2,65,1008.9,0.0,7.901506724761102,-1.2514757203218454,0.0153846153846153,-0.5000000000000004,0.8660254037844384,0.8660254037844386,0.5000000000000001,55.91,229.5,0.1103,0.0236,0.47529773279416987
2026-02-08 17:30:00+00:00,39.806666666666665,227.5,37.4,16.3,72,1009.1,0.0,7.598842483188573,-0.1326382889233517,0.0166666666666666,-0.2588190451025215,0.965925826289068,0.8660254037844386,0.5000000000000001,55.91,229.5,0.1103,0.0236,0.8951774176004329
2026-02-08 18:30:00+00:00,37.67,226.0,33.5,15.4,77,1008.8,0.0,6.337715639946051,0.8907078461444157,0.0222222222222222,0.0,1.0,0.8660254037844386,0.5000000000000001,55.91,229.5,0.1103,0.0236,2.241180778632637
2026-02-08 19:30:00+00:00,39.25,255.5,36.225,14.5,81,1008.5,0.0,4.8880638462731385,0.3418067213462153,0.025,0.2588190451025207,0.9659258262890684,0.8660254037844386,0.5000000000000001,55.91,229.5,0.1103,0.0236,2.9002261631911805
2026-02-08 20:30:00+00:00,41.73,254.9,45.175,13.9,84,1008.4,0.0,4.711810480548786,0.9158831778074182,0.0285714285714285,0.4999999999999999,0.8660254037844387,0.8660254037844386,0.5000000000000001,55.91,229.5,0.1103,0.0236,3.2595795986800176
2026-02-08 21:30:00+00:00,38.325,210.875,45.5,13.4,85,1008.1,0.0,4.996954135095479,0.1744974835125082,0.0285714285714285,0.7071067811865475,0.7071067811865476,0.8660254037844386,0.5000000000000001,55.91,229.5,0.1103,0.0236,2.402050994034694
2026-02-08 22:30:00+00:00,40.9525,188.625,47.725,13.1,87,1007.8,0.0,4.727592877996585,-1.6278407722857815,0.025,0.8660254037844386,0.5000000000000001,0.8660254037844386,0.5000000000000001,55.91,229.5,0.1103,0.0236,0.8038613416038198
2026-02-08 23:30:00+00:00,40.906666666666666,163.9,44.2,13.0,90,1008.6,0.0,5.6014825589832125,-2.150207697271797,0.0222222222222222,0.9659258262890684,0.2588190451025207,0.8660254037844386,0.5000000000000001,55.91,229.5,0.1103,0.0236,0.7947066717889123
2026-02-09 00:30:00+00:00,37.96,155.3,59.5,13.2,88,1009.5,0.0,6.337715639946051,-0.890707846144419,0.0222222222222222,1.0,6.123233995736766e-17,0.8660254037844386,0.5000000000000001,55.91,229.5,0.1103,0.0236,2.8542215756131304
2026-02-09 01:30:00+00:00,39.0825,142.25,58.925,13.8,84,1010.7,0.0,7.433921765576922,1.5801288502149744,0.0181818181818181,0.9659258262890684,-0.2588190451025206,0.8660254037844386,0.5000000000000001,55.91,229.5,0.1103,0.0236,3.3701715220279977
2026-02-09 02:30:00+00:00,31.18,101.4,30.225,16.4,72,1011.6,0.0,4.694574752607445,1.9927287552952964,0.0111111111111111,0.8660254037844387,-0.4999999999999998,0.8660254037844386,0.5000000000000001,55.91,229.5,0.1103,0.0236,4.567317045168987
2026-02-09 03:30:00+00:00,42.5,135.275,49.45,19.4,58,1012.2,0.0,4.0,7.34788079488412e-16,0.0055555555555555,0.7071067811865476,-0.7071067811865475,0.8660254037844386,0.5000000000000001,55.91,229.5,0.1103,0.0236,1.3764997831006172
2026-02-09 04:30:00+00:00,38.4475,134.225,49.1,21.8,51,1011.9,0.0,4.310995377286219,-2.9078030980478804,0.0019801980198019,0.4999999999999999,-0.8660254037844387,0.8660254037844386,0.5000000000000001,55.91,229.5,0.1103,0.0236,0.14643335114267242
2026-02-09 05:30:00+00:00,41.11333333333334,124.40000000000002,39.46666666666667,23.1,46,1011.5,0.0,5.59545092249019,-4.531106815558831,0.0009615384615384,0.258819045102521,-0.9659258262890682,0.8660254037844386,0.5000000000000001,55.91,229.5,0.1103,0.0236,0.3594417872788319
2026-02-09 06:30:00+00:00,42.46,107.3,48.4,24.1,43,1010.5,0.0,6.877098657152478,-4.466040087123218,0.0009090909090909,1.2246467991473532e-16,-1.0,0.8660254037844386,0.5000000000000001,55.91,229.5,0.1103,0.0236,4.262251580045326
2026-02-09 07:30:00+00:00,38.7,95.7,59.2,24.5,42,1009.1,0.0,8.476296891445699,-4.506927002744548,0.0008771929824561,-0.2588190451025208,-0.9659258262890684,0.8660254037844386,0.5000000000000001,55.91,229.5,0.1103,0.0236,0.9865587217413918
2026-02-09 08:30:00+00:00,39.6025,92.3,56.65,24.6,42,1008.4,0.0,10.4771775566047,-4.233054505599806,0.0008810572687224,-0.4999999999999998,-0.8660254037844388,0.8660254037844386,0.5000000000000001,55.91,229.5,0.1103,0.0236,1.8194286032356417
2026-02-09 09:30:00+00:00,38.4725,84.125,51.375,24.2,42,1008.3,0.0,11.317572543912329,-3.677302233061872,0.0009132420091324,-0.7071067811865471,-0.7071067811865479,0.8660254037844386,0.5000000000000001,55.91,229.5,0.1103,0.0236,4.6109248850799665
2026-02-09 10:30:00+00:00,41.2825,85.275,60.275,23.3,44,1007.9,0.0,10.955253128218624,-2.328610937158896,0.0010471204188481,-0.8660254037844384,-0.5000000000000004,0.8660254037844386,0.5000000000000001,55.91,229.5,0.1103,0.0236,1.417582885483808
2026-02-09 11:30:00+00:00,41.74666666666667,83.0,40.23333333333333,21.4,51,1007.9,0.0,10.093847352892864,0.3524849166952666,0.0041666666666666,-0.9659258262890684,-0.2588190451025206,0.8660254037844386,0.5000000000000001,55.91,229.5,0.1103,0.0236,0.07084660838287293
2026-02-09 12:30:00+00:00,34.46,117.5,50.6,20.4,52,1008.1,0.0,10.39841602962647,0.1815050269477484,0.006060606060606,-1.0,-1.8369701987210292e-16,0.8660254037844386,0.5000000000000001,55.91,229.5,0.1103,0.0236,4.056014406166275
2026-02-09 13:30:00+00:00,40.0475,247.7,38.95,19.9,51,1008.8,0.0,9.686706487119366,0.5076587755565597,0.0083333333333333,-0.9659258262890684,0.2588190451025203,0.8660254037844386,0.5000000000000001,55.91,229.5,0.1103,0.0236,3.7619683342505468
2026-02-09 14:30:00+00:00,39.8875,252.225,29.45,19.1,54,1009.6,0.0,8.272385125302549,-1.4586446924022118,0.0133333333333333,-0.8660254037844386,0.5000000000000001,0.8660254037844386,0.5000000000000001,55.91,229.5,0.1103,0.0236,4.863976997319063
2026-02-09 15:30:00+00:00,39.06,229.425,53.53333333333333,17.8,62,1009.6,0.0,4.82555798975982,-0.8508760705679569,0.0222222222222222,-0.7071067811865477,0.7071067811865474,0.8660254037844386,0.5000000000000001,55.91,229.5,0.1103,0.0236,4.360289533232879
2026-02-09 16:30:00+00:00,42.556666666666665,318.3,48.46666666666667,16.9,67,1009.5,0.0,6.253040755340328,-0.7677768634524303,0.025,-0.5000000000000004,0.8660254037844384,0.8660254037844386,0.5000000000000001,55.91,229.5,0.1103,0.0236,4.576860419852925
2026-02-09 17:30:00+00:00,40.806666666666665,321.1,40.833333333333336,16.6,69,1009.6,0.0,7.4,1.359357947053562e-15,0.02,-0.2588190451025215,0.965925826289068,0.8660254037844386,0.5000000000000001,55.91,229.5,0.1103,0.0236,2.681049029381864
2026-02-09 18:30:00+00:00,39.13,312.4,39.4,16.0,72,1009.5,0.0,8.099044392880128,1.2827626133298944,0.0222222222222222,0.0,1.0,0.8660254037844386,0.5000000000000001,55.91,229.5,0.1103,0.0236,4.148085325010895
2026-02-09 19:30:00+00:00,39.75,178.225,37.975,15.4,75,1009.0,0.0,6.795857623729851,0.2373165775770112,0.025,0.2588190451025207,0.9659258262890684,0.8660254037844386,0.5000000000000001,55.91,229.5,0.1103,0.0236,1.7415527958947274
2026-02-09 20:30:00+00:00,41.94,189.7,46.4,14.5,80,1008.6,0.0,4.996954135095479,0.1744974835125082,0.0285714285714285,0.4999999999999999,0.8660254037844387,0.8660254037844386,0.5000000000000001,55.91,229.5,0.1103,0.0236,2.767901432042504
2026-02-09 21:30:00+00:00,39.765,181.725,48.575,13.9,83,1008.3,0.0,5.0,9.184850993605148e-16,0.0285714285714285,0.7071067811865475,0.7071067811865476,0.8660254037844386,0.5000000000000001,55.91,229.5,0.1103,0.0236,4.151003073329668
2026-02-09 22:30:00+00:00,38.66333333333333,136.63333333333335,45.43333333333334,13.6,84,1008.3,0.0,5.359035356318794,1.237230798891259,0.0285714285714285,0.8660254037844386,0.5000000000000001,0.8660254037844386,0.5000000000000001,55.91,229.5,0.1103,0.0236,4.9836874323828315
2026-02-09 23:30:00+00:00,38.2375,130.45,45.1,13.5,87,1009.0,0.0,7.037818220584136,2.286725758374612,0.02,0.9659258262890684,0.2588190451025207,0.8660254037844386,0.5000000000000001,55.91,229.5,0.1103,0.0236,1.4063813384993784
2026-02-10 00:30:00+00:00,39.445,143.6,50.225,13.2,87,1009.4,0.0,6.415246974156248,3.2687315981247385,0.02,1.0,6.123233995736766e-17,0.8660254037844386,0.5000000000000001,55.91,229.5,0.1103,0.0236,1.7440265675137667
2026-02-10 01:30:00+00:00,42.1775,137.25,65.05,13.9,82,1010.5,0.0,7.378018436560906,4.610297598828884,0.0153846153846153,0.9659258262890684,-0.2588190451025206,0.8660254037844386,0.5000000000000001,55.91,229.5,0.1103,0.0236,1.6155186578496155
2026-02-10 02:30:00+00:00,40.315,114.35,40.775,16.5,72,1011.4,0.0,4.800136883931828,2.884213219496304,0.0095238095238095,0.8660254037844387,-0.4999999999999998,0.8660254037844386,0.5000000000000001,55.91,229.5,0.1103,0.0236,3.5262587952739595
2026-02-10 03:30:00+00:00,40.905,122.025,50.225,19.6,61,1012.3,0.0,4.325677631722436,1.2403681011764949,0.0054054054054054,0.7071067811865476,-0.7071067811865475,0.8660254037844386,0.5000000000000001,55.91,229.5,0.1103,0.0236,3.3618116566842056
2026-02-10 04:30:00+00:00,40.0825,118.75,49.025,22.4,50,1012.2,0.0,6.291366068953815,0.3297165243305491,0.0018691588785046,0.4999999999999999,-0.8660254037844387,0.8660254037844386,0.5000000000000001,55.91,229.5,0.1103,0.0236,3.22819169730997
2026-02-10 05:30:00+00:00,43.25,100.075,39.625,23.9,40,1011.5,0.0,9.87588409757226,-0.6905890900668397,0.0009852216748768,0.258819045102521,-0.9659258262890682,0.8660254037844386,0.5000000000000001,55.91,229.5,0.1103,0.0236,4.498850205152526
2026-02-10 06:30:00+00:00,38.82,93.025,46.7,25.0,36,1010.6,0.0,9.308519846170762,-1.3082271490246151,0.0009523809523809,1.2246467991473532e-16,-1.0,0.8660254037844386,0.5000000000000001,55.91,229.5,0.1103,0.0236,0.41976700329637906
2026-02-10 07:30:00+00:00,41.19,84.13333333333334,53.76666666666667,25.4,35,1009.6,0.0,9.683661247264675,-2.05832573909581,0.0008928571428571,-0.2588190451025208,-0.9659258262890684,0.8660254037844386,0.5000000000000001,55.91,229.5,0.1103,0.0236,1.3684583695643489
2026-02-10 08:30:00+00:00,37.455,88.475,58.3,25.2,36,1008.8,0.0,9.563047559630354,-2.9237170472273672,0.000896860986547,-0.4999999999999998,-0.8660254037844388,0.8660254037844386,0.5000000000000001,55.91,229.5,0.1103,0.0236,1.442759043674851
2026-02-10 09:30:00+00:00,39.0775,76.3,55.0,24.7,38,1008.6,0.0,9.772803256173448,-3.557009490586949,0.0010050251256281,-0.7071067811865471,-0.7071067811865479,0.8660254037844386,0.5000000000000001,55.91,229.5,0.1103,0.0236,4.312186672947494
2026-02-10 10:30:00+00:00,40.4525,76.275,49.275000000000006,23.8,41,1008.7,0.0,9.324238450601692,-2.673682351424894,0.0012578616352201,-0.8660254037844384,-0.5000000000000004,0.8660254037844386,0.5000000000000001,55.91,229.5,0.1103,0.0236,1.5747317070319893
2026-02-10 11:30:00+00:00,39.785,80.925,49.1,21.9,51,1008.9,0.0,8.066499534731049,-3.259077362718434,0.0044444444444444,-0.9659258262890684,-0.2588190451025206,0.8660254037844386,0.5000000000000001,55.91,229.5,0.1103,0.0236,4.646944664267327
2026-02-10 12:30:00+00:00,40.6675,114.725,52.175,20.9,55,1010.0,0.0,9.33580426497202,-3.583679495452996,0.0054054054054054,-1.0,-1.8369701987210292e-16,0.8660254037844386,0.5000000000000001,55.91,229.5,0.1103,0.0236,2.028011403396643
2026-02-10 13:30:00+00:00,43.85,230.625,65.6,20.6,54,1010.8,0.0,8.437373076557765,-3.4089200000847986,0.0068965517241379,-0.9659258262890684,0.2588190451025203,0.8660254037844386,0.5000000000000001,55.91,229.5,0.1103,0.0236,3.1032407864868206
2026-02-10 14:30:00+00:00,40.9275,288.90000000000003,79.925,19.3,59,1011.6,0.0,4.842188356443738,-5.192611281496111,0.0166666666666666,-0.8660254037844386,0.5000000000000001,0.8660254037844386,0.5000000000000001,55.91,229.5,0.1103,0.0236,3.7827416689017572
2026-02-10 15:30:00+00:00,39.5375,279.175,98.75,17.6,71,1011.8,0.0,2.67372378560224,-0.3757673725921768,0.04,-0.7071067811865477,0.7071067811865474,0.8660254037844386,0.5000000000000001,55.91,229.5,0.1103,0.0236,2.6251889913394244
2026-02-10 16:30:00+00:00,41.795,357.07500000000005,102.575,16.8,72,1011.8,0.0,3.592970587277404,1.2371589869371953,0.0285714285714285,-0.5000000000000004,0.8660254037844384,0.8660254037844386,0.5000000000000001,55.91,229.5,0.1103,0.0236,3.726084672870233
2026-02-10 17:30:00+00:00,40.16,421.3999999999999,116.5,16.1,78,1012.1,0.0,4.852313536833695,0.6819481947043182,0.0285714285714285,-0.2588190451025215,0.965925826289068,0.8660254037844386,0.5000000000000001,55.91,229.5,0.1103,0.0236,3.7992030746470666
2026-02-10 18:30:00+00:00,46.36,324.6,112.6,15.7,79,1012.1,0.0,4.330127018922192,2.500000000000002,0.0333333333333333,0.0,1.0,0.8660254037844386,0.5000000000000001,55.91,229.5,0.1103,0.0236,0.9038766676596133
2026-02-10 19:30:00+00:00,44.4675,322.225,121.725,15.1,82,1011.6,0.0,5.5352257484398,3.5946176310991778,0.0333333333333333,0.2588190451025207,0.9659258262890684,0.8660254037844386,0.5000000000000001,55.91,229.5,0.1103,0.0236,0.1911265221295888
2026-02-10 20:30:00+00:00,43.0225,223.75,102.325,14.7,83,1011.3,0.0,6.304850211054154,2.547324835228204,0.0285714285714285,0.4999999999999999,0.8660254037844387,0.8660254037844386,0.5000000000000001,55.91,229.5,0.1103,0.0236,2.071836257870377
2026-02-10 21:30:00+00:00,40.8225,146.85,79.175,14.4,83,1011.0,0.0,7.210338479410741,1.6646378021446029,0.025,0.7071067811865475,0.7071067811865476,0.8660254037844386,0.5000000000000001,55.91,229.5,0.1103,0.0236,1.5672414172106397
2026-02-10 22:30:00+00:00,40.775,143.2,63.825,14.1,82,1010.8,0.0,7.165878439167946,1.392905666248782,0.0222222222222222,0.8660254037844386,0.5000000000000001,0.8660254037844386,0.5000000000000001,55.91,229.5,0.1103,0.0236,4.967878737341808
2026-02-10 23:30:00+00:00,37.46,127.85,61.675,13.6,85,1011.2,0.0,5.627715212400779,1.403146994478073,0.0181818181818181,0.9659258262890684,0.2588190451025207,0.8660254037844386,0.5000000000000001,55.91,229.5,0.1103,0.0236,2.808307276535524
2026-02-11 00:30:00+00:00,39.5375,125.55,65.825,13.3,85,1012.1,0.0,5.279672049165038,4.124931884681909,0.0222222222222222,1.0,6.123233995736766e-17,0.8660254037844386,0.5000000000000001,55.91,229.5,0.1103,0.0236,1.1881642086763022
2026-02-11 01:30:00+00:00,38.3975,133.6,67.4,13.7,83,1012.7,0.0,4.802159507540131,6.146483878132433,0.0166666666666666,0.9659258262890684,-0.2588190451025206,0.8660254037844386,0.5000000000000001,55.91,229.5,0.1103,0.0236,0.6778935310077311
2026-02-11 02:30:00+00:00,38.6725,102.325,56.35,16.3,72,1014.0,0.0,4.325045290397772,2.702588247589345,0.009090909090909,0.8660254037844387,-0.4999999999999998,0.8660254037844386,0.5000000000000001,55.91,229.5,0.1103,0.0236,1.7513471060546548
2026-02-11 03:30:00+00:00,43.85333333333333,91.26666666666668,52.1,19.3,61,1014.6,0.0,3.986890574637185,1.6108083516884228,0.0054054054054054,0.7071067811865476,-0.7071067811865475,0.8660254037844386,0.5000000000000001,55.91,229.5,0.1103,0.0236,3.8500251316182315
2026-02-11 04:30:00+00:00,38.95666666666667,106.2,51.96666666666667,22.1,52,1014.3,0.0,4.8296291314453415,1.2940952255126033,0.0028169014084507,0.4999999999999999,-0.8660254037844387,0.8660254037844386,0.5000000000000001,55.91,229.5,0.1103,0.0236,4.700205011012455
2026-02-11 05:30:00+00:00,43.42333333333334,101.46666666666664,51.5,23.9,43,1013.5,0.0,6.9904067432820165,-0.3663516937006076,0.0011695906432748,0.258819045102521,-0.9659258262890682,0.8660254037844386,0.5000000000000001,55.91,229.5,0.1103,0.0236,4.9212876296513635
2026-02-11 06:30:00+00:00,39.9225,87.52499999999999,46.25,25.2,38,1012.5,0.0,8.266850585069541,-2.370481260026194,0.0010204081632653,1.2246467991473532e-16,-1.0,0.8660254037844386,0.5000000000000001,55.91,229.5,0.1103,0.0236,0.5664597418645906
2026-02-11 07:30:00+00:00,38.7,84.125,54.375,25.7,35,1011.2,0.0,9.900995468164684,-2.839064764915094,0.0009708737864077,-0.2588190451025208,-0.9659258262890684,0.8660254037844386,0.5000000000000001,55.91,229.5,0.1103,0.0236,0.5508040004746539
2026-02-11 08:30:00+00:00,32.2625,79.42500000000001,40.675,25.8,36,1010.4,0.0,10.76613099450917,-3.087138385150393,0.0009661835748792,-0.4999999999999998,-0.8660254037844388,0.8660254037844386,0.5000000000000001,55.91,229.5,0.1103,0.0236,2.4620427569788017
2026-02-11 09:30:00+00:00,41.6,87.675,53.325,25.4,36,1010.2,0.0,11.48503804633767,-2.2324652459055674,0.0010309278350515,-0.7071067811865471,-0.7071067811865479,0.8660254037844386,0.5000000000000001,55.91,229.5,0.1103,0.0236,2.911493553305584
2026-02-11 10:30:00+00:00,38.34333333333333,86.86666666666667,46.5,24.4,41,1009.8,0.0,10.81875305289041,-1.32837584311611,0.0012048192771084,-0.8660254037844384,-0.5000000000000004,0.8660254037844386,0.5000000000000001,55.91,229.5,0.1103,0.0236,1.3569195964771579
2026-02-11 11:30:00+00:00,39.75,90.575,45.475,22.6,51,1009.8,0.0,9.902680687415703,-1.3917310096006543,0.0040816326530612,-0.9659258262890684,-0.2588190451025206,0.8660254037844386,0.5000000000000001,55.91,229.5,0.1103,0.0236,1.9145821760650927
2026-02-11 12:30:00+00:00,39.2775,104.95,44.4,21.7,55,1010.3,0.0,8.274191691767836,-2.688447851062041,0.0074074074074074,-1.0,-1.8369701987210292e-16,0.8660254037844386,0.5000000000000001,55.91,229.5,0.1103,0.0236,2.517610426065281
2026-02-11 13:30:00+00:00,39.2025,128.375,50.525,20.9,59,1010.5,0.0,5.022519540362262,-0.8856057061013428,0.0166666666666666,-0.9659258262890684,0.2588190451025203,0.8660254037844386,0.5000000000000001,55.91,229.5,0.1103,0.0236,3.166531639444915
2026-02-11 14:30:00+00:00,40.61,152.575,57.95,20.1,62,1011.1,0.0,5.34744757120448,-0.7515347451843536,0.0222222222222222,-0.8660254037844386,0.5000000000000001,0.8660254037844386,0.5000000000000001,55.91,229.5,0.1103,0.0236,0.6167464206947787
2026-02-11 15:30:00+00:00,38.88,155.625,65.475,18.9,69,1011.4,0.0,8.494822029662314,-0.2966457219712609,0.0181818181818181,-0.7071067811865477,0.7071067811865474,0.8660254037844386,0.5000000000000001,55.91,229.5,0.1103,0.0236,0.1770280664474394
2026-02-11 16:30:00+00:00,41.3525,377.625,82.875,18.2,74,1011.3,0.0,7.38605814759156,-1.3023613325019747,0.0181818181818181,-0.5000000000000004,0.8660254037844384,0.8660254037844386,0.5000000000000001,55.91,229.5,0.1103,0.0236,2.3206415577530666
2026-02-11 17:30:00+00:00,41.47,296.5,88.96666666666665,17.0,82,1011.0,0.0,5.050367150582009,-0.7097828148963339,0.025,-0.2588190451025215,0.965925826289068,0.8660254037844386,0.5000000000000001,55.91,229.5,0.1103,0.0236,4.8207997909473175
2026-02-11 18:30:00+00:00,40.975,308.15,92.28333333333332,16.3,85,1010.8,0.0,6.617511881987422,1.048110915769548,0.025,0.0,1.0,0.8660254037844386,0.5000000000000001,55.91,229.5,0.1103,0.0236,3.9672707703948196
2026-02-11 19:30:00+00:00,40.48,319.79999999999995,95.6,15.6,86,1010.5,0.0,7.698827252704213,0.1343835295670829,0.02,0.2588190451025207,0.9659258262890684,0.8660254037844386,0.5000000000000001,55.91,229.5,0.1103,0.0236,4.153914657428716
2026-02-11 20:30:00+00:00,42.3525,221.125,90.95,15.1,85,1010.6,0.0,7.780999592026629,-0.5441004952041767,0.0166666666666666,0.4999999999999999,0.8660254037844387,0.8660254037844386,0.5000000000000001,55.91,229.5,0.1103,0.0236,2.8372137893406544
2026-02-11 21:30:00+00:00,40.7225,195.6,86.125,14.6,84,1010.3,0.0,7.598842483188573,-0.1326382889233517,0.0166666666666666,0.7071067811865475,0.7071067811865476,0.8660254037844386,0.5000000000000001,55.91,229.5,0.1103,0.0236,1.4499130514792395
2026-02-11 22:30:00+00:00,39.1625,154.025,76.85,14.3,84,1010.3,0.0,7.389858557183847,0.3872860761977879,0.0181818181818181,0.8660254037844386,0.5000000000000001,0.8660254037844386,0.5000000000000001,55.91,229.5,0.1103,0.0236,2.204582581693816
2026-02-11 23:30:00+00:00,40.165,116.775,71.85,14.1,89,1011.0,0.0,6.811735915548058,2.8914103508206264,0.0166666666666666,0.9659258262890684,0.2588190451025207,0.8660254037844386,0.5000000000000001,55.91,229.5,0.1103,0.0236,0.6374184473798444
2026-02-12 00:30:00+00:00,39.685,110.425,67.57499999999999,13.9,88,1012.0,0.0,7.250462296293198,3.3809460939255995,0.0153846153846153,1.0,6.123233995736766e-17,0.8660254037844386,0.5000000000000001,55.91,229.5,0.1103,0.0236,2.3540048438221532
2026-02-12 01:30:00+00:00,39.47,122.45,65.35,14.7,83,1012.8,0.0,7.978472076288049,2.287790053281091,0.0125,0.9659258262890684,-0.2588190451025206,0.8660254037844386,0.5000000000000001,55.91,229.5,0.1103,0.0236,1.5845147163264288
2026-02-12 02:30:00+00:00,40.057500000000005,125.275,62.2,17.1,73,1013.7,0.0,4.87715425541148,1.4910956940859592,0.0076923076923076,0.8660254037844387,-0.4999999999999998,0.8660254037844386,0.5000000000000001,55.91,229.5,0.1103,0.0236,1.617531201937037
2026-02-12 03:30:00+00:00,41.33,117.875,63.400000000000006,19.9,62,1014.2,0.0,4.852313536833695,0.6819481947043182,0.0042553191489361,0.7071067811865476,-0.7071067811865475,0.8660254037844386,0.5000000000000001,55.91,229.5,0.1103,0.0236,3.3410407589495295
2026-02-12 04:30:00+00:00,39.43,115.875,65.225,22.3,53,1013.8,0.0,6.5,1.1940306291686693e-15,0.0024096385542168,0.4999999999999999,-0.8660254037844387,0.8660254037844386,0.5000000000000001,55.91,229.5,0.1103,0.0236,3.4392457068079274
2026-02-12 05:30:00+00:00,40.7875,105.35,60.225,23.9,50,1012.9,0.0,6.873743416833045,-0.6013746249588394,0.0013698630136986,0.258819045102521,-0.9659258262890682,0.8660254037844386,0.5000000000000001,55.91,229.5,0.1103,0.0236,4.385959022333548
2026-02-12 06:30:00+00:00,41.65,108.9,55.2,25.5,42,1011.5,0.0,7.341036279796918,-1.9670247427791605,0.001098901098901,1.2246467991473532e-16,-1.0,0.8660254037844386,0.5000000000000001,55.91,229.5,0.1103,0.0236,3.2868451168290322
2026-02-12 07:30:00+00:00,28.07,69.8,37.66666666666666,26.2,40,1010.4,0.0,8.622809847471125,-3.4838413187679813,0.0009756097560975,-0.2588190451025208,-0.9659258262890684,0.8660254037844386,0.5000000000000001,55.91,229.5,0.1103,0.0236,2.64405952377466
2026-02-12 08:30:00+00:00,41.18,98.15,58.175,26.3,43,1009.5,0.0,9.87929076741144,-2.099908077259361,0.0009345794392523,-0.4999999999999998,-0.8660254037844388,0.8660254037844386,0.5000000000000001,55.91,229.5,0.1103,0.0236,1.2409380403429504
2026-02-12 09:30:00+00:00,43.446666666666665,102.2,57.66666666666666,26.0,45,1009.0,0.0,11.325289159640391,-1.9969540431696944,0.0009345794392523,-0.7071067811865471,-0.7071067811865479,0.8660254037844386,0.5000000000000001,55.91,229.5,0.1103,0.0236,4.519103243555171
2026-02-12 10:30:00+00:00,40.67,99.9,54.3,25.2,49,1008.8,0.0,11.583200764682436,-2.251546145443222,0.0010526315789473,-0.8660254037844384,-0.5000000000000004,0.8660254037844386,0.5000000000000001,55.91,229.5,0.1103,0.0236,0.8857621443935959
2026-02-12 11:30:00+00:00,39.3175,95.475,52.8,23.1,59,1008.9,0.0,9.778114571891864,-1.5487012038982837,0.0024390243902439,-0.9659258262890684,-0.2588190451025206,0.8660254037844386,0.5000000000000001,55.91,229.5,0.1103,0.0236,4.641603677806274
2026-02-12 12:30:00+00:00,40.263333333333335,114.2,52.5,21.9,65,1009.1,0.0,8.851244868777634,0.9303033230821148,0.008695652173913,-1.0,-1.8369701987210292e-16,0.8660254037844386,0.5000000000000001,55.91,229.5,0.1103,0.0236,4.580156984546423
2026-02-12 13:30:00+00:00,38.55,121.55,54.525,21.1,69,1009.6,0.0,8.638319214339443,1.6791191593136003,0.0125,-0.9659258262890684,0.2588190451025203,0.8660254037844386,0.5000000000000001,55.91,229.5,0.1103,0.0236,1.7045628021813253
2026-02-12 14:30:00+00:00,41.5825,160.825,59.425,20.6,71,1010.0,0.0,10.393664600998594,0.3629547657060171,0.0095238095238095,-0.8660254037844386,0.5000000000000001,0.8660254037844386,0.5000000000000001,55.91,229.5,0.1103,0.0236,3.9796408965919494
2026-02-12 15:30:00+00:00,38.5725,177.175,66.85,19.9,70,1010.2,0.0,10.442479901366871,1.0975488643103604,0.008695652173913,-0.7071067811865477,0.7071067811865474,0.8660254037844386,0.5000000000000001,55.91,229.5,0.1103,0.0236,0.7655428181783303
2026-02-12 16:30:00+00:00,43.28,196.65,78.9,19.0,73,1009.9,0.0,9.563469101680758,-0.8366951303775158,0.0105263157894736,-0.5000000000000004,0.8660254037844384,0.8660254037844386,0.5000000000000001,55.91,229.5,0.1103,0.0236,4.008811808023986
2026-02-12 17:30:00+00:00,41.376666666666665,215.0,83.56666666666666,18.3,78,1009.6,0.0,9.576614882494312,-0.6696621479436021,0.0133333333333333,-0.2588190451025215,0.965925826289068,0.8660254037844386,0.5000000000000001,55.91,229.5,0.1103,0.0236,4.6211689508748215
2026-02-12 18:30:00+00:00,41.63333333333333,171.2375,80.83333333333333,17.4,81,1009.1,0.0,9.1985987954388,0.1605621392230081,0.0133333333333333,0.0,1.0,0.8660254037844386,0.5000000000000001,55.91,229.5,0.1103,0.0236,2.98925839998393
2026-02-12 19:30:00+00:00,41.89,127.475,78.1,16.8,81,1008.6,0.0,8.666893873398186,0.7582549619046267,0.0133333333333333,0.2588190451025207,0.9659258262890684,0.8660254037844386,0.5000000000000001,55.91,229.5,0.1103,0.0236,4.521697125227785
2026-02-12 20:30:00+00:00,41.2875,135.675,74.65,16.1,81,1008.4,0.0,7.780999592026628,0.5441004952041795,0.0142857142857142,0.4999999999999999,0.8660254037844387,0.8660254037844386,0.5000000000000001,55.91,229.5,0.1103,0.0236,1.5485042987232673
2026-02-12 21:30:00+00:00,39.3025,114.45,66.97500000000001,15.6,81,1008.3,0.0,7.244443697168013,1.9411428382689049,0.0142857142857142,0.7071067811865475,0.7071067811865476,0.8660254037844386,0.5000000000000001,55.91,229.5,0.1103,0.0236,1.6925045967058239
2026-02-12 22:30:00+00:00,40.04,121.825,62.575,15.1,80,1008.4,0.0,7.703557781990743,2.503037654437075,0.0142857142857142,0.8660254037844386,0.5000000000000001,0.8660254037844386,0.5000000000000001,55.91,229.5,0.1103,0.0236,0.2970161161403545
2026-02-12 23:30:00+00:00,38.9025,97.5,65.075,15.0,83,1009.1,0.0,8.441572818601168,2.1047204917171096,0.0133333333333333,0.9659258262890684,0.2588190451025207,0.8660254037844386,0.5000000000000001,55.91,229.5,0.1103,0.0236,2.7921092001392935
2026-02-13 00:30:00+00:00,40.510000000000005,96.925,58.475,14.7,82,1009.9,0.0,7.95642495546317,1.9837595439172755,0.0153846153846153,1.0,6.123233995736766e-17,0.8660254037844386,0.5000000000000001,55.91,229.5,0.1103,0.0236,3.4460432824835365
2026-02-13 01:30:00+00:00,38.55,85.4,53.575,15.5,78,1010.7,0.0,7.762365810207972,1.9353751647973425,0.0142857142857142,0.9659258262890684,-0.2588190451025206,0.8660254037844386,0.5000000000000001,55.91,229.5,0.1103,0.0236,4.651132215282624
2026-02-13 02:30:00+00:00,39.2775,96.0,49.275,17.8,68,1011.4,0.0,4.711810480548786,0.9158831778074182,0.0076923076923076,0.8660254037844387,-0.4999999999999998,0.8660254037844386,0.5000000000000001,55.91,229.5,0.1103,0.0236,2.728452277637199
2026-02-13 03:30:00+00:00,35.12,100.5,48.0,20.6,56,1012.3,0.0,5.219481090964703,-0.9203353416347289,0.0036363636363636,0.7071067811865476,-0.7071067811865475,0.8660254037844386,0.5000000000000001,55.91,229.5,0.1103,0.0236,4.650326550453599
2026-02-13 04:30:00+00:00,,,,22.8,46,1012.3,0.0,5.756767679519667,-0.7068421917498565,0.0020833333333333,0.4999999999999999,-0.8660254037844387,0.8660254037844386,0.5000000000000001,55.91,229.5,0.1103,0.0236,
2026-02-13 05:30:00+00:00,,,,24.2,39,1011.7,0.0,9.032169979936029,-1.109011024986844,0.0008888888888888,0.258819045102521,-0.9659258262890682,0.8660254037844386,0.5000000000000001,55.91,229.5,0.1103,0.0236,
2026-02-13 06:30:00+00:00,,,,25.3,34,1010.5,0.0,12.009808434859996,-1.4746190552022869,0.0007751937984496,1.2246467991473532e-16,-1.0,0.8660254037844386,0.5000000000000001,55.91,229.5,0.1103,0.0236,
2026-02-13 07:30:00+00:00,,,,25.7,33,1009.3,0.0,13.895646122978508,-1.7061708076720676,0.0007692307692307,-0.2588190451025208,-0.9659258262890684,0.8660254037844386,0.5000000000000001,55.91,229.5,0.1103,0.0236,
2026-02-13 08:30:00+00:00,,,,25.5,33,1008.6,0.0,14.037268723301596,-2.7285686338845827,0.0008403361344537,-0.4999999999999998,-0.8660254037844388,0.8660254037844386,0.5000000000000001,55.91,229.5,0.1103,0.0236,
2026-02-13 09:30:00+00:00,,,,25.0,35,1008.1,0.0,13.136591237531327,-3.5199390133942874,0.0009345794392523,-0.7071067811865471,-0.7071067811865479,0.8660254037844386,0.5000000000000001,55.91,229.5,0.1103,0.0236,
2026-02-13 10:30:00+00:00,,,,24.0,36,1008.0,0.0,11.88820645368942,-3.862712429686841,0.0011111111111111,-0.8660254037844384,-0.5000000000000004,0.8660254037844386,0.5000000000000001,55.91,229.5,0.1103,0.0236,
2026-02-13 11:30:00+00:00,,,,22.0,46,1008.2,0.0,9.900995468164684,-2.839064764915094,0.003076923076923,-0.9659258262890684,-0.2588190451025206,0.8660254037844386,0.5000000000000001,55.91,229.5,0.1103,0.0236,
2026-02-13 12:30:00+00:00,,,,20.6,51,1008.7,0.0,10.641384280440525,-1.1184545569638868,0.005,-1.0,-1.8369701987210292e-16,0.8660254037844386,0.5000000000000001,55.91,229.5,0.1103,0.0236,
2026-02-13 13:30:00+00:00,,,,19.9,54,1009.3,0.0,9.676371287520295,-0.6766377953180146,0.008,-0.9659258262890684,0.2588190451025203,0.8660254037844386,0.5000000000000001,55.91,229.5,0.1103,0.0236,
2026-02-13 14:30:00+00:00,,,,19.3,57,1009.4,0.0,9.1985987954388,-0.1605621392230047,0.0111111111111111,-0.8660254037844386,0.5000000000000001,0.8660254037844386,0.5000000000000001,55.91,229.5,0.1103,0.0236,
2026-02-13 15:30:00+00:00,,,,18.7,59,1009.5,0.0,9.032169979936029,-1.109011024986844,0.0117647058823529,-0.7071067811865477,0.7071067811865474,0.8660254037844386,0.5000000000000001,55.91,229.5,0.1103,0.0236,
2026-02-13 16:30:00+00:00,,,,17.8,63,1009.4,0.0,8.075423574700107,-1.4239150568688257,0.0153846153846153,-0.5000000000000004,0.8660254037844384,0.8660254037844386,0.5000000000000001,55.91,229.5,0.1103,0.0236,
2026-02-13 17:30:00+00:00,,,,17.0,69,1009.6,0.0,5.955276909847932,-0.7312160604308862,0.0181818181818181,-0.2588190451025215,0.965925826289068,0.8660254037844386,0.5000000000000001,55.91,229.5,0.1103,0.0236,
2026-02-13 18:30:00+00:00,,,,16.1,75,1008.9,0.0,4.482876141412855,-0.3922008423644605,0.025,0.0,1.0,0.8660254037844386,0.5000000000000001,55.91,229.5,0.1103,0.0236,
2026-02-13 19:30:00+00:00,,,,15.6,76,1008.6,0.0,4.897015052393569,-0.1710075338422562,0.025,0.2588190451025207,0.9659258262890684,0.8660254037844386,0.5000000000000001,55.91,229.5,0.1103,0.0236,
2026-02-13 20:30:00+00:00,,,,15.7,76,1008.0,0.0,6.5,1.1940306291686693e-15,0.0222222222222222,0.4999999999999999,0.8660254037844387,0.8660254037844386,0.5000000000000001,55.91,229.5,0.1103,0.0236,
2026-02-13 21:30:00+00:00,,,,15.2,78,1007.5,0.0,7.160557646651569,0.7526049355271042,0.0181818181818181,0.7071067811865475,0.7071067811865476,0.8660254037844386,0.5000000000000001,55.91,229.5,0.1103,0.0236,
2026-02-13 22:30:00+00:00,,,,14.6,80,1007.1,0.0,7.160557646651569,0.7526049355271042,0.0181818181818181,0.8660254037844386,0.5000000000000001,0.8660254037844386,0.5000000000000001,55.91,229.5,0.1103,0.0236,
2026-02-13 23:30:00+00:00,,,,14.1,85,1007.7,0.0,7.978472076288049,2.287790053281091,0.0166666666666666,0.9659258262890684,0.2588190451025207,0.8660254037844386,0.5000000000000001,55.91,229.5,0.1103,0.0236,
2026-02-14 00:30:00+00:00,,,,13.9,85,1008.3,0.0,7.765136389962108,3.457261466144301,0.0166666666666666,1.0,6.123233995736766e-17,0.8660254037844386,0.5000000000000001,55.91,229.5,0.1103,0.0236,
2026-02-14 01:30:00+00:00,,,,14.5,81,1009.1,0.0,8.221425247110322,4.557210430315567,0.0133333333333333,0.9659258262890684,-0.2588190451025206,0.8660254037844386,0.5000000000000001,55.91,229.5,0.1103,0.0236,
2026-02-14 02:30:00+00:00,,,,16.9,70,1009.8,0.0,5.369357503463518,3.1000000000000028,0.0076923076923076,0.8660254037844387,-0.4999999999999998,0.8660254037844386,0.5000000000000001,55.91,229.5,0.1103,0.0236,
2026-02-14 03:30:00+00:00,,,,20.0,57,1010.5,0.0,6.333405421104028,1.462181853235124,0.0037037037037037,0.7071067811865476,-0.7071067811865475,0.8660254037844386,0.5000000000000001,55.91,229.5,0.1103,0.0236,
2026-02-14 04:30:00+00:00,37.62,102.0,50.7,22.5,48,1010.2,0.0,8.268415994161488,-0.7233926648055605,0.0011976047904191,0.4999999999999999,-0.8660254037844387,0.8660254037844386,0.5000000000000001,55.91,229.5,0.1103,0.0236,0.03485121786374834
2026-02-14 05:30:00+00:00,42.32,94.9,43.5,23.6,39,1009.7,0.0,10.620633706159063,-2.451966492348128,0.0009756097560975,0.258819045102521,-0.9659258262890682,0.8660254037844386,0.5000000000000001,55.91,229.5,0.1103,0.0236,2.3909555875095783
2026-02-14 06:30:00+00:00,38.065,86.75,42.75,24.7,35,1008.4,0.0,10.100734301164016,-1.4195656297926678,0.0009756097560975,1.2246467991473532e-16,-1.0,0.8660254037844386,0.5000000000000001,55.91,229.5,0.1103,0.0236,4.360396620438169
2026-02-14 07:30:00+00:00,39.3975,80.52499999999999,52.650000000000006,25.1,35,1007.0,0.0,10.798355107689028,-0.1884859895226578,0.0009756097560975,-0.2588190451025208,-0.9659258262890684,0.8660254037844386,0.5000000000000001,55.91,229.5,0.1103,0.0236,1.8859862102641718
2026-02-14 08:30:00+00:00,42.1925,76.2,54.15,25.1,35,1006.6,0.0,11.87101219809191,-0.8301020375550902,0.0009852216748768,-0.4999999999999998,-0.8660254037844388,0.8660254037844386,0.5000000000000001,55.91,229.5,0.1103,0.0236,4.569601857593458
2026-02-14 09:30:00+00:00,38.1775,75.775,50.825,24.8,35,1006.1,0.0,12.406826895516526,-1.5233667925643462,0.001081081081081,-0.7071067811865471,-0.7071067811865479,0.8660254037844386,0.5000000000000001,55.91,229.5,0.1103,0.0236,3.0745304632693253
2026-02-14 10:30:00+00:00,40.5475,69.8,49.3,23.8,40,1005.9,0.0,11.325289159640391,-1.9969540431696944,0.0012195121951219,-0.8660254037844384,-0.5000000000000004,0.8660254037844386,0.5000000000000001,55.91,229.5,0.1103,0.0236,3.5461861105875165
2026-02-14 11:30:00+00:00,42.583333333333336,74.2,48.0,22.1,48,1006.2,0.0,10.123970746741485,-1.2430673027325063,0.0027027027027027,-0.9659258262890684,-0.2588190451025206,0.8660254037844386,0.5000000000000001,55.91,229.5,0.1103,0.0236,3.678191642481276
2026-02-14 12:30:00+00:00,39.885,89.55000000000001,45.275,20.9,53,1006.5,0.0,10.223225361905618,-1.2552542370730213,0.0043478260869565,-1.0,-1.8369701987210292e-16,0.8660254037844386,0.5000000000000001,55.91,229.5,0.1103,0.0236,0.48558937717779693
2026-02-14 13:30:00+00:00,41.2875,97.275,47.675,20.4,54,1006.9,0.0,10.298787914912332,-1.447400249984681,0.006060606060606,-0.9659258262890684,0.2588190451025203,0.8660254037844386,0.5000000000000001,55.91,229.5,0.1103,0.0236,0.7522665402177697
2026-02-14 14:30:00+00:00,42.255,112.75,50.55,19.7,57,1007.3,0.0,9.92546151641322,-1.2186934340514768,0.01,-0.8660254037844386,0.5000000000000001,0.8660254037844386,0.5000000000000001,55.91,229.5,0.1103,0.0236,4.063620684412869
2026-02-14 15:30:00+00:00,41.1025,141.4,59.8,18.7,62,1007.6,0.0,9.377102072442348,0.6557108531947805,0.0133333333333333,-0.7071067811865477,0.7071067811865474,0.8660254037844386,0.5000000000000001,55.91,229.5,0.1103,0.0236,1.540109625635535
2026-02-14 16:30:00+00:00,41.175,157.8,63.85,17.6,67,1007.6,0.0,9.355673653615977,1.6496576878358382,0.0142857142857142,-0.5000000000000004,0.8660254037844384,0.8660254037844386,0.5000000000000001,55.91,229.5,0.1103,0.0236,3.62789793845133
2026-02-14 17:30:00+00:00,37.6,174.5,65.66666666666667,16.9,74,1007.6,0.0,9.158712103013537,1.6149280523024525,0.0153846153846153,-0.2588190451025215,0.965925826289068,0.8660254037844386,0.5000000000000001,55.91,229.5,0.1103,0.0236,0.9161489817936258
2026-02-14 18:30:00+00:00,48.11,181.1,65.9,16.4,74,1007.1,0.0,8.769330583067116,2.024559489094788,0.0153846153846153,0.0,1.0,0.8660254037844386,0.5000000000000001,55.91,229.5,0.1103,0.0236,1.8464111641646475
2026-02-14 19:30:00+00:00,41.2225,165.22500000000002,64.5,15.9,75,1006.6,0.0,9.149601437388114,0.9616618620624108,0.0142857142857142,0.2588190451025207,0.9659258262890684,0.8660254037844386,0.5000000000000001,55.91,229.5,0.1103,0.0236,0.43046239220329185
2026-02-14 20:30:00+00:00,40.6,161.525,68.325,15.5,76,1006.4,0.0,8.843607602632535,2.5358636735163897,0.0125,0.4999999999999999,0.8660254037844387,0.8660254037844386,0.5000000000000001,55.91,229.5,0.1103,0.0236,0.11230572181597676
2026-02-14 21:30:00+00:00,39.92,141.47500000000002,61.650000000000006,14.9,77,1006.4,0.0,8.108159370114146,4.131313547629877,0.0133333333333333,0.7071067811865475,0.7071067811865476,0.8660254037844386,0.5000000000000001,55.91,229.5,0.1103,0.0236,2.100702666777259
2026-02-14 22:30:00+00:00,42.053333333333335,120.33333333333331,55.333333333333336,14.4,80,1006.3,0.0,7.700029216316521,5.391618501699837,0.0133333333333333,0.8660254037844386,0.5000000000000001,0.8660254037844386,0.5000000000000001,55.91,229.5,0.1103,0.0236,2.9862644938976333
2026-02-14 23:30:00+00:00,38.870000000000005,104.925,57.475,14.5,85,1007.2,0.0,7.769938817158558,4.131349752515839,0.0133333333333333,0.9659258262890684,0.2588190451025207,0.8660254037844386,0.5000000000000001,55.91,229.5,0.1103,0.0236,1.06775271594648
2026-02-15 00:30:00+00:00,39.405,90.625,56.1,14.4,85,1008.0,0.0,7.370111179653168,3.594643403670437,0.0133333333333333,1.0,6.123233995736766e-17,0.8660254037844386,0.5000000000000001,55.91,229.5,0.1103,0.0236,4.437959630668731
2026-02-15 01:30:00+00:00,36.385,102.325,54.075,15.3,80,1008.6,0.0,8.1285904256858,2.485159490143265,0.0111111111111111,0.9659258262890684,-0.2588190451025206,0.8660254037844386,0.5000000000000001,55.91,229.5,0.1103,0.0236,2.8063867804118097
2026-02-15 02:30:00+00:00,41.8375,103.01666666666668,55.82777777777778,17.7,70,1009.5,0.0,5.771070844329453,1.226678975824783,0.0066666666666666,0.8660254037844387,-0.4999999999999998,0.8660254037844386,0.5000000000000001,55.91,229.5,0.1103,0.0236,4.978001924134877
2026-02-15 03:30:00+00:00,38.56,103.70833333333334,57.58055555555555,20.6,60,1010.2,0.0,6.873743416833045,0.601374624958842,0.0037735849056603,0.7071067811865476,-0.7071067811865475,0.8660254037844386,0.5000000000000001,55.91,229.5,0.1103,0.0236,1.7658717811082654
2026-02-15 04:30:00+00:00,43.02666666666666,104.4,59.333333333333336,23.2,51,1009.9,0.0,8.245668340960378,-1.6027955611629718,0.0019230769230769,0.4999999999999999,-0.8660254037844387,0.8660254037844386,0.5000000000000001,55.91,229.5,0.1103,0.0236,4.956615225659896
2026-02-15 05:30:00+00:00,40.5025,100.875,52.2,24.5,46,1009.9,0.0,10.456100776768665,-4.013721034907355,0.0009216589861751,0.258819045102521,-0.9659258262890682,0.8660254037844386,0.5000000000000001,55.91,229.5,0.1103,0.0236,3.498015765973192
2026-02-15 06:30:00+00:00,38.95,89.6,41.3,25.6,40,1008.7,0.0,11.576397288565309,-4.443762574361714,0.0008620689655172,1.2246467991473532e-16,-1.0,0.8660254037844386,0.5000000000000001,55.91,229.5,0.1103,0.0236,3.3244385186610765
2026-02-15 07:30:00+00:00,42.0075,89.325,82.4,26.1,38,1007.5,0.0,12.29174148279112,-4.232386007943032,0.0008264462809917,-0.2588190451025208,-0.9659258262890684,0.8660254037844386,0.5000000000000001,55.91,229.5,0.1103,0.0236,1.866920598017402
2026-02-15 08:30:00+00:00,38.265,89.8,65.025,26.0,38,1006.7,0.0,12.400275877604312,-3.555721890039292,0.0008583690987124,-0.4999999999999998,-0.8660254037844388,0.8660254037844386,0.5000000000000001,55.91,229.5,0.1103,0.0236,0.5736882982932551
2026-02-15 09:30:00+00:00,40.5525,90.6,50.0,25.7,39,1006.0,0.0,12.082188803336916,-2.789393073863925,0.0009345794392523,-0.7071067811865471,-0.7071067811865479,0.8660254037844386,0.5000000000000001,55.91,229.5,0.1103,0.0236,4.811881050517832
2026-02-15 10:30:00+00:00,40.58,85.875,36.5,24.8,43,1005.6,0.0,11.017262283218674,-1.3527497117971392,0.001063829787234,-0.8660254037844384,-0.5000000000000004,0.8660254037844386,0.5000000000000001,55.91,229.5,0.1103,0.0236,0.8525083766880526
2026-02-15 11:30:00+00:00,41.05,90.525,61.3,22.9,52,1006.0,0.0,10.086158301021197,-0.5285931580537339,0.0029411764705882,-0.9659258262890684,-0.2588190451025206,0.8660254037844386,0.5000000000000001,55.91,229.5,0.1103,0.0236,0.1316703000378855
2026-02-15 12:30:00+00:00,41.00666666666667,114.4,65.63333333333334,21.8,57,1006.5,0.0,10.23088568024497,-2.3619860706105817,0.0040816326530612,-1.0,-1.8369701987210292e-16,0.8660254037844386,0.5000000000000001,55.91,229.5,0.1103,0.0236,0.049468896375118865
2026-02-15 13:30:00+00:00,39.7725,144.225,82.42500000000001,21.2,60,1007.2,0.0,8.939931253174445,-2.904759747124504,0.0074074074074074,-0.9659258262890684,0.2588190451025203,0.8660254037844386,0.5000000000000001,55.91,229.5,0.1103,0.0236,4.187421046743139
2026-02-15 14:30:00+00:00,40.2125,338.675,109.2,20.6,63,1007.8,0.0,8.671893576588594,-2.002064383660398,0.0111111111111111,-0.8660254037844386,0.5000000000000001,0.8660254037844386,0.5000000000000001,55.91,229.5,0.1103,0.0236,1.0296363402360587
2026-02-15 15:30:00+00:00,39.835,204.975,104.5,19.6,68,1008.3,0.0,9.18739171974208,0.4814907974350876,0.0133333333333333,-0.7071067811865477,0.7071067811865474,0.8660254037844386,0.5000000000000001,55.91,229.5,0.1103,0.0236,0.42940688992673615
2026-02-15 16:30:00+00:00,41.8775,172.5,74.3,18.6,74,1008.3,0.0,7.703969056642074,1.220188827313802,0.0166666666666666,-0.5000000000000004,0.8660254037844384,0.8660254037844386,0.5000000000000001,55.91,229.5,0.1103,0.0236,0.8936049853217309
2026-02-15 17:30:00+00:00,38.82666666666667,155.2,62.5,18.2,78,1008.2,0.0,7.608452130361228,2.4721359549995805,0.02,-0.2588190451025215,0.965925826289068,0.8660254037844386,0.5000000000000001,55.91,229.5,0.1103,0.0236,3.211413974128088
2026-02-15 18:30:00+00:00,37.61,240.4,44.1,17.5,80,1007.7,0.0,8.211412613588022,4.366085533908785,0.0181818181818181,0.0,1.0,0.8660254037844386,0.5000000000000001,55.91,229.5,0.1103,0.0236,3.273350827028781
2026-02-15 19:30:00+00:00,42.7525,179.43333333333334,25.7,16.8,81,1007.3,0.0,8.58732730184045,3.823324444912521,0.0166666666666666,0.2588190451025207,0.9659258262890684,0.8660254037844386,0.5000000000000001,55.91,229.5,0.1103,0.0236,4.69562298540012
2026-02-15 20:30:00+00:00,39.92,118.46666666666664,7.3,16.5,80,1007.1,0.0,9.563047559630354,2.9237170472273712,0.0133333333333333,0.4999999999999999,0.8660254037844387,0.8660254037844386,0.5000000000000001,55.91,229.5,0.1103,0.0236,4.329504087405748
2026-02-15 21:30:00+00:00,38.2575,101.025,2.6,16.2,78,1006.9,0.0,9.902680687415703,1.3917310096006494,0.0117647058823529,0.7071067811865475,0.7071067811865476,0.8660254037844386,0.5000000000000001,55.91,229.5,0.1103,0.0236,1.305691393841943
2026-02-15 22:30:00+00:00,39.5,92.975,3.875,15.8,79,1006.9,0.0,8.766513343207361,0.7669705361793927,0.0133333333333333,0.8660254037844386,0.5000000000000001,0.8660254037844386,0.5000000000000001,55.91,229.5,0.1103,0.0236,4.898665418723622
2026-02-15 23:30:00+00:00,39.435,100.75,29.1,15.1,85,1007.8,0.0,5.074340152243905,1.8469087739586147,0.0166666666666666,0.9659258262890684,0.2588190451025207,0.8660254037844386,0.5000000000000001,55.91,229.5,0.1103,0.0236,1.350138324151332
2026-02-16 00:30:00+00:00,40.5675,116.125,43.975,14.6,87,1008.7,0.0,3.4439695907392687,1.6059493946146597,0.025,1.0,6.123233995736766e-17,0.8660254037844386,0.5000000000000001,55.91,229.5,0.1103,0.0236,0.2464119232472367
2026-02-16 01:30:00+00:00,38.93,99.95,51.5,15.8,80,1009.7,0.0,4.276831316104166,2.179154398749825,0.0222222222222222,0.9659258262890684,-0.2588190451025206,0.8660254037844386,0.5000000000000001,55.91,229.5,0.1103,0.0236,2.6518271621316245
2026-02-16 02:30:00+00:00,39.785,119.675,48.275,18.2,70,1010.3,0.0,1.6362330167295778,2.0205794997881243,0.009090909090909,0.8660254037844387,-0.4999999999999998,0.8660254037844386,0.5000000000000001,55.91,229.5,0.1103,0.0236,3.4875791348624285
2026-02-16 03:30:00+00:00,39.6825,102.0,28.15,20.9,60,1011.0,0.0,1.430782013429653,2.2897298596223505,0.0046511627906976,0.7071067811865476,-0.7071067811865475,0.8660254037844386,0.5000000000000001,55.91,229.5,0.1103,0.0236,1.1047422290782172
2026-02-16 04:30:00+00:00,,,,23.5,52,1010.6,0.0,2.165063509461096,1.250000000000001,0.0027397260273972,0.4999999999999999,-0.8660254037844387,0.8660254037844386,0.5000000000000001,55.91,229.5,0.1103,0.0236,
2026-02-16 05:30:00+00:00,,,,25.2,44,1010.2,0.0,3.5859407992715235,-1.9877194430099792,0.0008130081300813,0.258819045102521,-0.9659258262890682,0.8660254037844386,0.5000000000000001,55.91,229.5,0.1103,0.0236,
2026-02-16 06:30:00+00:00,,,,26.6,39,1009.3,0.0,6.290029259590682,-4.084792762612699,0.0007380073800738,1.2246467991473532e-16,-1.0,0.8660254037844386,0.5000000000000001,55.91,229.5,0.1103,0.0236,
2026-02-16 07:30:00+00:00,,,,27.1,37,1008.1,0.0,7.208537989743128,-5.047472639889206,0.0007142857142857,-0.2588190451025208,-0.9659258262890684,0.8660254037844386,0.5000000000000001,55.91,229.5,0.1103,0.0236,
2026-02-16 08:30:00+00:00,,,,27.0,36,1007.0,0.0,7.427310243439827,-5.596879715314047,0.0007380073800738,-0.4999999999999998,-0.8660254037844388,0.8660254037844386,0.5000000000000001,55.91,229.5,0.1103,0.0236,
2026-02-16 09:30:00+00:00,,,,26.6,36,1006.3,0.0,7.170897857821168,-5.602519425463492,0.0008196721311475,-0.7071067811865471,-0.7071067811865479,0.8660254037844386,0.5000000000000001,55.91,229.5,0.1103,0.0236,
2026-02-16 10:30:00+00:00,,,,25.9,39,1006.1,0.0,7.084419627829108,-3.926957923995325,0.0009661835748792,-0.8660254037844384,-0.5000000000000004,0.8660254037844386,0.5000000000000001,55.91,229.5,0.1103,0.0236,
2026-02-16 11:30:00+00:00,,,,24.3,48,1006.4,0.0,7.969557584733964,0.697245941981266,0.006060606060606,-0.9659258262890684,-0.2588190451025206,0.8660254037844386,0.5000000000000001,55.91,229.5,0.1103,0.0236,
2026-02-16 12:30:00+00:00,,,,23.1,52,1006.9,0.0,9.508898117504764,2.3708345768767445,0.0074074074074074,-1.0,-1.8369701987210292e-16,0.8660254037844386,0.5000000000000001,55.91,229.5,0.1103,0.0236,
2026-02-16 13:30:00+00:00,,,,22.5,54,1007.4,0.0,8.087271537717452,1.8670937510540817,0.0111111111111111,-0.9659258262890684,0.2588190451025203,0.8660254037844386,0.5000000000000001,55.91,229.5,0.1103,0.0236,
2026-02-16 14:30:00+00:00,,,,21.2,59,1007.8,0.0,4.897015052393569,0.171007533842258,0.025,-0.8660254037844386,0.5000000000000001,0.8660254037844386,0.5000000000000001,55.91,229.5,0.1103,0.0236,
2026-02-16 15:30:00+00:00,,,,20.3,64,1008.3,0.0,2.295131414311285,0.701692091334569,0.05,-0.7071067811865477,0.7071067811865474,0.8660254037844386,0.5000000000000001,55.91,229.5,0.1103,0.0236,
2026-02-16 16:30:00+00:00,,,,19.6,70,1008.8,0.0,-0.1815961998958187,0.3564026096753471,0.1,-0.5000000000000004,0.8660254037844384,0.8660254037844386,0.5000000000000001,55.91,229.5,0.1103,0.0236,
2026-02-16 17:30:00+00:00,,,,18.3,73,1009.2,0.0,6.123233995736766e-16,-2.5,0.0666666666666666,-0.2588190451025215,0.965925826289068,0.8660254037844386,0.5000000000000001,55.91,229.5,0.1103,0.0236,
2026-02-16 18:30:00+00:00,,,,17.8,76,1008.9,0.0,0.3278554265973863,-4.688551036221175,0.04,0.0,1.0,0.8660254037844386,0.5000000000000001,55.91,229.5,0.1103,0.0236,
2026-02-16 19:30:00+00:00,,,,17.2,79,1008.6,0.0,0.3534210958749295,-2.8783838397598336,0.05,0.2588190451025207,0.9659258262890684,0.8660254037844386,0.5000000000000001,55.91,229.5,0.1103,0.0236,
2026-02-16 20:30:00+00:00,,,,16.7,82,1008.2,0.0,0.2022937738579618,-2.8929357457534906,0.05,0.4999999999999999,0.8660254037844387,0.8660254037844386,0.5000000000000001,55.91,229.5,0.1103,0.0236,
2026-02-16 21:30:00+00:00,,,,16.2,85,1007.9,0.0,-1.0549740469210391,-2.485363104321589,0.04,0.7071067811865475,0.7071067811865476,0.8660254037844386,0.5000000000000001,55.91,229.5,0.1103,0.0236,
2026-02-16 22:30:00+00:00,,,,15.5,89,1007.9,0.0,-2.0,-3.464101615137755,0.0285714285714285,0.8660254037844386,0.5000000000000001,0.8660254037844386,0.5000000000000001,55.91,229.5,0.1103,0.0236,
2026-02-16 23:30:00+00:00,,,,15.7,86,1008.6,0.0,0.2121320343559642,0.2121320343559643,0.05,0.9659258262890684,0.2588190451025207,0.8660254037844386,0.5000000000000001,55.91,229.5,0.1103,0.0236,
2026-02-17 00:30:00+00:00,,,,14.8,88,1009.6,0.0,1.806652637168917,2.006491028788965,0.0333333333333333,1.0,6.123233995736766e-17,0.8660254037844386,0.5000000000000001,55.91,229.5,0.1103,0.0236,
2026-02-17 01:30:00+00:00,,,,15.9,83,1010.3,0.0,4.301844607269799,3.7395364652458936,0.0285714285714285,0.9659258262890684,-0.2588190451025206,0.8660254037844386,0.5000000000000001,55.91,229.5,0.1103,0.0236,
2026-02-17 02:30:00+00:00,,,,18.8,69,1010.8,0.0,3.616017032810471,1.460965714322058,0.0117647058823529,0.8660254037844387,-0.4999999999999998,0.8660254037844386,0.5000000000000001,55.91,229.5,0.1103,0.0236,
2026-02-17 03:30:00+00:00,,,,21.7,58,1011.5,0.0,3.4235166025683195,0.7276909178621592,0.0052631578947368,0.7071067811865476,-0.7071067811865475,0.8660254037844386,0.5000000000000001,55.91,229.5,0.1103,0.0236,
2026-02-17 04:30:00+00:00,,,,24.1,50,1011.2,0.0,3.456909192082982,0.5475206276408087,0.0023809523809523,0.4999999999999999,-0.8660254037844387,0.8660254037844386,0.5000000000000001,55.91,229.5,0.1103,0.0236,
2026-02-17 05:30:00+00:00,,,,25.5,45,1010.5,0.0,4.543366366737634,-0.719598539185061,0.000896860986547,0.258819045102521,-0.9659258262890682,0.8660254037844386,0.5000000000000001,55.91,229.5,0.1103,0.0236,
2026-02-17 06:30:00+00:00,36.35,89.7,54.9,26.8,39,1009.2,0.0,4.664264528860344,-2.9145559532826257,0.0008032128514056,1.2246467991473532e-16,-1.0,0.8660254037844386,0.5000000000000001,55.91,229.5,0.1103,0.0236,3.739071573487246
2026-02-17 07:30:00+00:00,38.5425,82.45,65.65,27.2,38,1008.0,0.0,5.59545092249019,-4.531106815558831,0.0008032128514056,-0.2588190451025208,-0.9659258262890684,0.8660254037844386,0.5000000000000001,55.91,229.5,0.1103,0.0236,3.6850534501748293
2026-02-17 08:30:00+00:00,41.84,95.8,67.05,27.2,37,1007.1,0.0,5.796529638723678,-5.219218729599091,0.000836820083682,-0.4999999999999998,-0.8660254037844388,0.8660254037844386,0.5000000000000001,55.91,229.5,0.1103,0.0236,3.6091721210854266
2026-02-17 09:30:00+00:00,40.9075,83.5,56.3,26.9,38,1006.5,0.0,5.362311101832847,-4.499513267805774,0.0008583690987124,-0.7071067811865471,-0.7071067811865479,0.8660254037844386,0.5000000000000001,55.91,229.5,0.1103,0.0236,4.425902073555116
2026-02-17 10:30:00+00:00,39.975,71.19999999999999,45.55,26.1,41,1006.4,0.0,5.936336673094983,-3.7094348496324328,0.0009852216748768,-0.8660254037844384,-0.5000000000000004,0.8660254037844386,0.5000000000000001,55.91,229.5,0.1103,0.0236,0.861552255976506
2026-02-17 11:30:00+00:00,41.5675,93.775,74.825,24.4,49,1006.7,0.0,7.172285669722766,-2.192787785420525,0.0074074074074074,-0.9659258262890684,-0.2588190451025206,0.8660254037844386,0.5000000000000001,55.91,229.5,0.1103,0.0236,4.225331791376206
2026-02-17 12:30:00+00:00,40.295,124.975,39.375,23.0,53,1007.2,0.0,9.702957262759966,-2.4192189559966746,0.008695652173913,-1.0,-1.8369701987210292e-16,0.8660254037844386,0.5000000000000001,55.91,229.5,0.1103,0.0236,1.4789709389044803
2026-02-17 13:30:00+00:00,42.5475,169.25,137.35,22.3,55,1007.6,0.0,8.961750552411093,-1.5801984167690626,0.0105263157894736,-0.9659258262890684,0.2588190451025203,0.8660254037844386,0.5000000000000001,55.91,229.5,0.1103,0.0236,0.9051440924503157
2026-02-17 14:30:00+00:00,39.36,181.525,114.925,21.8,58,1008.1,0.0,8.638319214339445,-1.6791191593135897,0.0125,-0.8660254037844386,0.5000000000000001,0.8660254037844386,0.5000000000000001,55.91,229.5,0.1103,0.0236,0.5428361601846726
2026-02-17 15:30:00+00:00,40.535,203.95,93.2,21.0,61,1008.3,0.0,8.1,1.487945860964034e-15,0.0166666666666666,-0.7071067811865477,0.7071067811865474,0.8660254037844386,0.5000000000000001,55.91,229.5,0.1103,0.0236,0.07153176580424692
2026-02-17 16:30:00+00:00,,,,20.0,65,1008.4,0.0,7.160557646651569,0.7526049355271042,0.02,-0.5000000000000004,0.8660254037844384,0.8660254037844386,0.5000000000000001,55.91,229.5,0.1103,0.0236,
2026-02-17 17:30:00+00:00,,,,19.0,70,1008.4,0.0,5.08636752381579,-1.0811407922523446,0.0222222222222222,-0.2588190451025215,0.965925826289068,0.8660254037844386,0.5000000000000001,55.91,229.5,0.1103,0.0236,
2026-02-17 18:30:00+00:00,,,,18.3,74,1008.3,0.0,4.198174594269101,-2.327086177182415,0.0333333333333333,0.0,1.0,0.8660254037844386,0.5000000000000001,55.91,229.5,0.1103,0.0236,
2026-02-17 19:30:00+00:00,,,,17.4,78,1007.7,0.0,4.3,7.89897185450043e-16,0.0333333333333333,0.2588190451025207,0.9659258262890684,0.8660254037844386,0.5000000000000001,55.91,229.5,0.1103,0.0236,
2026-02-17 20:30:00+00:00,,,,16.8,80,1007.6,0.0,4.9,9.001153973733046e-16,0.0285714285714285,0.4999999999999999,0.8660254037844387,0.8660254037844386,0.5000000000000001,55.91,229.5,0.1103,0.0236,
2026-02-17 21:30:00+00:00,,,,16.2,83,1007.2,0.0,4.66790213248601,-1.7918397477264978,0.0285714285714285,0.7071067811865475,0.7071067811865476,0.8660254037844386,0.5000000000000001,55.91,229.5,0.1103,0.0236,
2026-02-17 22:30:00+00:00,,,,15.7,87,1007.3,0.0,3.0780007892507477,-3.4184661971960137,0.025,0.8660254037844386,0.5000000000000001,0.8660254037844386,0.5000000000000001,55.91,229.5,0.1103,0.0236,
2026-02-17 23:30:00+00:00,,,,15.3,91,1007.8,0.0,2.1554976886431096,-1.4539015490239402,0.0333333333333333,0.9659258262890684,0.2588190451025207,0.8660254037844386,0.5000000000000001,55.91,229.5,0.1103,0.0236,
2026-02-18 00:30:00+00:00,,,,14.8,93,1008.8,0.0,2.138415658052083,1.0895771993749126,0.04,1.0,6.123233995736766e-17,0.8660254037844386,0.5000000000000001,55.91,229.5,0.1103,0.0236,
2026-02-18 01:30:00+00:00,38.56333333333333,155.66666666666666,58.66666666666666,16.0,87,1009.6,0.0,2.86788218175523,4.09576022144496,0.0285714285714285,0.9659258262890684,-0.2588190451025206,0.8660254037844386,0.5000000000000001,55.91,229.5,0.1103,0.0236,3.334740429206599
2026-02-18 02:30:00+00:00,40.89666666666667,142.6,59.5,19.0,72,1010.1,0.0,1.9396913325651608,2.6697560814373262,0.0125,0.8660254037844387,-0.4999999999999998,0.8660254037844386,0.5000000000000001,55.91,229.5,0.1103,0.0236,1.6212122691068254
2026-02-18 03:30:00+00:00,41.0725,115.55,57.9,22.2,58,1010.5,0.0,2.748556113653459,0.5342651870543272,0.0052631578947368,0.7071067811865476,-0.7071067811865475,0.8660254037844386,0.5000000000000001,55.91,229.5,0.1103,0.0236,1.8470951234602402
2026-02-18 04:30:00+00:00,39.77,112.025,57.15,24.6,50,1010.6,0.0,2.66295824562643,-0.8652475842498522,0.002,0.4999999999999999,-0.8660254037844387,0.8660254037844386,0.5000000000000001,55.91,229.5,0.1103,0.0236,0.5095776170537974
2026-02-18 05:30:00+00:00,40.545,102.875,58.65,25.7,44,1010.1,0.0,1.95051062115978,-1.218814307736371,0.0010309278350515,0.258819045102521,-0.9659258262890682,0.8660254037844386,0.5000000000000001,55.91,229.5,0.1103,0.0236,1.6856041303194664
2026-02-18 06:30:00+00:00,46.56,90.9,56.7,27.4,38,1009.2,0.0,1.0777488443215548,-0.7269507745119701,0.0008888888888888,1.2246467991473532e-16,-1.0,0.8660254037844386,0.5000000000000001,55.91,229.5,0.1103,0.0236,4.966148324120296
2026-02-18 07:30:00+00:00,39.953125,71.92500000000001,,28.0,34,1008.1,0.0,1.046162167924669,-0.339918693812442,0.0008064516129032,-0.2588190451025208,-0.9659258262890684,0.8660254037844386,0.5000000000000001,55.91,229.5,0.1103,0.0236,
2026-02-18 08:30:00+00:00,33.34625,52.95,,28.2,32,1006.9,0.0,1.0692078290260414,-0.544788599687456,0.0008032128514056,-0.4999999999999998,-0.8660254037844388,0.8660254037844386,0.5000000000000001,55.91,229.5,0.1103,0.0236,
2026-02-18 09:30:00+00:00,26.739375,33.975,,27.9,31,1006.3,0.0,1.6443818237566814,-0.7321259575364409,0.0008163265306122,-0.7071067811865471,-0.7071067811865479,0.8660254037844386,0.5000000000000001,55.91,229.5,0.1103,0.0236,
2026-02-18 10:30:00+00:00,20.1325,15.0,,27.4,31,1006.2,0.0,2.1449244407331385,-1.7998053071223097,0.0008547008547008,-0.8660254037844384,-0.5000000000000004,0.8660254037844386,0.5000000000000001,55.91,229.5,0.1103,0.0236,
2026-02-18 11:30:00+00:00,41.2025,65.35,34.65,25.3,48,1006.2,0.0,4.683914244512007,-5.202013778341761,0.009090909090909,-0.9659258262890684,-0.2588190451025206,0.8660254037844386,0.5000000000000001,55.91,229.5,0.1103,0.0236,1.0664718659002215
2026-02-18 12:30:00+00:00,40.27,47.675,31.35,23.6,55,1006.6,0.0,7.710049424761892,-5.2004940022779405,0.0133333333333333,-1.0,-1.8369701987210292e-16,0.8660254037844386,0.5000000000000001,55.91,229.5,0.1103,0.0236,1.5102232320084774
2026-02-18 13:30:00+00:00,39.565,247.375,138.325,22.5,55,1007.5,0.0,8.495972756076188,-3.7826507806049454,0.0166666666666666,-0.9659258262890684,0.2588190451025203,0.8660254037844386,0.5000000000000001,55.91,229.5,0.1103,0.0236,3.44879795046459
2026-02-18 14:30:00+00:00,43.93333333333334,318.3333333333333,100.3,21.8,57,1008.1,0.0,7.717237675023478,-4.822265304522162,0.0153846153846153,-0.8660254037844386,0.5000000000000001,0.8660254037844386,0.5000000000000001,55.91,229.5,0.1103,0.0236,3.2715800814061913
2026-02-18 15:30:00+00:00,39.583333333333336,293.40000000000003,48.66666666666666,21.3,61,1008.5,0.0,4.830441365603065,-4.349348941332575,0.0222222222222222,-0.7071067811865477,0.7071067811865474,0.8660254037844386,0.5000000000000001,55.91,229.5,0.1103,0.0236,1.8857294015499275
2026-02-18 16:30:00+00:00,,,,20.4,67,1008.7,0.0,4.289848881466277,-3.59961061424462,0.025,-0.5000000000000004,0.8660254037844384,0.8660254037844386,0.5000000000000001,55.91,229.5,0.1103,0.0236,
2026-02-18 17:30:00+00:00,,,,19.6,75,1009.0,0.0,4.306881896845785,-4.459906762099635,0.0222222222222222,-0.2588190451025215,0.965925826289068,0.8660254037844386,0.5000000000000001,55.91,229.5,0.1103,0.0236,
2026-02-18 18:30:00+00:00,,,,18.8,76,1008.8,0.0,2.668731271573632,-4.109485782932578,0.0222222222222222,0.0,1.0,0.8660254037844386,0.5000000000000001,55.91,229.5,0.1103,0.0236,
2026-02-18 19:30:00+00:00,,,,18.1,76,1008.6,0.0,3.74056696176099,-3.612223526386783,0.02,0.2588190451025207,0.9659258262890684,0.8660254037844386,0.5000000000000001,55.91,229.5,0.1103,0.0236,
2026-02-18 20:30:00+00:00,,,,17.2,78,1008.4,0.0,3.9357886821272814,-2.1816432911085144,0.025,0.4999999999999999,0.8660254037844387,0.8660254037844386,0.5000000000000001,55.91,229.5,0.1103,0.0236,
2026-02-18 21:30:00+00:00,,,,16.8,79,1008.3,0.0,4.160281732636995,-1.4324998796114878,0.025,0.7071067811865475,0.7071067811865476,0.8660254037844386,0.5000000000000001,55.91,229.5,0.1103,0.0236,
2026-02-18 22:30:00+00:00,,,,16.8,80,1008.5,0.0,5.074340152243907,-1.846908773958608,0.0222222222222222,0.8660254037844386,0.5000000000000001,0.8660254037844386,0.5000000000000001,55.91,229.5,0.1103,0.0236,
2026-02-18 23:30:00+00:00,,,,16.4,84,1009.1,0.0,6.651403684989877,1.4137994975607666,0.0222222222222222,0.9659258262890684,0.2588190451025207,0.8660254037844386,0.5000000000000001,55.91,229.5,0.1103,0.0236,
2026-02-19 00:30:00+00:00,,,,16.1,84,1010.1,0.0,6.861160523794227,2.772088791277751,0.0222222222222222,1.0,6.123233995736766e-17,0.8660254037844386,0.5000000000000001,55.91,229.5,0.1103,0.0236,
2026-02-19 01:30:00+00:00,,,,16.9,79,1010.7,0.0,5.613341102386717,2.8601401483591458,0.02,0.9659258262890684,-0.2588190451025206,0.8660254037844386,0.5000000000000001,55.91,229.5,0.1103,0.0236,
2026-02-19 02:30:00+00:00,,,,19.8,67,1011.3,0.0,3.606283442165324,2.341947850564616,0.0111111111111111,0.8660254037844387,-0.4999999999999998,0.8660254037844386,0.5000000000000001,55.91,229.5,0.1103,0.0236,
2026-02-19 03:30:00+00:00,,,,23.1,57,1011.4,0.0,3.025659441917814,1.0418180942629014,0.0057142857142857,0.7071067811865476,-0.7071067811865475,0.8660254037844386,0.5000000000000001,55.91,229.5,0.1103,0.0236,
2026-02-19 04:30:00+00:00,,,,25.7,50,1011.4,0.0,3.0768930700880985,0.3777949645559562,0.0020833333333333,0.4999999999999999,-0.8660254037844387,0.8660254037844386,0.5000000000000001,55.91,229.5,0.1103,0.0236,
2026-02-19 05:30:00+00:00,,,,26.4,45,1010.9,0.0,2.5160117038362726,-1.63391710504508,0.0009852216748768,0.258819045102521,-0.9659258262890682,0.8660254037844386,0.5000000000000001,55.91,229.5,0.1103,0.0236,
2026-02-19 06:30:00+00:00,,,,27.8,40,1010.2,0.0,3.564026096753472,-1.8159619989581863,0.0008064516129032,1.2246467991473532e-16,-1.0,0.8660254037844386,0.5000000000000001,55.91,229.5,0.1103,0.0236,
2026-02-19 07:30:00+00:00,40.52,77.0,48.65,28.3,39,1009.3,0.0,4.149853686436957,-2.206516345093685,0.0007434944237918,-0.2588190451025208,-0.9659258262890684,0.8660254037844386,0.5000000000000001,55.91,229.5,0.1103,0.0236,3.191821153252043
2026-02-19 08:30:00+00:00,40.16,77.7,56.125,28.4,38,1008.4,0.0,5.057129192585756,-3.411076711171552,0.0007067137809187,-0.4999999999999998,-0.8660254037844388,0.8660254037844386,0.5000000000000001,55.91,229.5,0.1103,0.0236,3.382762031191224
2026-02-19 09:30:00+00:00,39.8,78.4,63.6,28.1,39,1008.1,0.0,6.242416534010115,-5.620697093414406,0.0007142857142857,-0.7071067811865471,-0.7071067811865479,0.8660254037844386,0.5000000000000001,55.91,229.5,0.1103,0.0236,3.7870466022676514
2026-02-19 10:30:00+00:00,35.80500000000001,73.0,49.5,27.2,40,1007.9,0.0,7.771459614569708,-6.293203910498376,0.0009216589861751,-0.8660254037844384,-0.5000000000000004,0.8660254037844386,0.5000000000000001,55.91,229.5,0.1103,0.0236,1.5364130417662714
2026-02-19 11:30:00+00:00,40.2125,73.0,49.5,25.4,47,1008.3,0.0,7.170897857821168,-5.602519425463492,0.0047619047619047,-0.9659258262890684,-0.2588190451025206,0.8660254037844386,0.5000000000000001,55.91,229.5,0.1103,0.0236,0.4116869832756792
2026-02-19 12:30:00+00:00,42.906666666666666,44.13333333333333,16.266666666666666,24.0,52,1009.1,0.0,8.98794046299167,-4.383711467890774,0.008,-1.0,-1.8369701987210292e-16,0.8660254037844386,0.5000000000000001,55.91,229.5,0.1103,0.0236,3.254839212516444
2026-02-19 13:30:00+00:00,42.4975,176.025,79.325,22.8,57,1009.7,0.0,7.378018436560907,-4.61029759882888,0.0133333333333333,-0.9659258262890684,0.2588190451025203,0.8660254037844386,0.5000000000000001,55.91,229.5,0.1103,0.0236,1.4185456553641012
2026-02-19 14:30:00+00:00,38.4175,225.45,96.075,21.8,62,1010.0,0.0,3.979380348264202,-2.6841259366595818,0.025,-0.8660254037844386,0.5000000000000001,0.8660254037844386,0.5000000000000001,55.91,229.5,0.1103,0.0236,0.4453470697887735
2026-02-19 15:30:00+00:00,38.13333333333333,219.03333333333333,88.36666666666667,20.9,66,1010.3,0.0,4.374859974957706,-1.421478174124757,0.0285714285714285,-0.7071067811865477,0.7071067811865474,0.8660254037844386,0.5000000000000001,55.91,229.5,0.1103,0.0236,4.096604418395325
2026-02-19 16:30:00+00:00,43.105,227.525,86.125,20.3,68,1010.3,0.0,7.362203875857481,-1.4310674653240818,0.025,-0.5000000000000004,0.8660254037844384,0.8660254037844386,0.5000000000000001,55.91,229.5,0.1103,0.0236,2.8633977439377367
2026-02-19 17:30:00+00:00,43.68,353.7333333333333,93.83333333333331,19.7,73,1010.7,0.0,7.893418014601632,-2.8729692039356127,0.0181818181818181,-0.2588190451025215,0.965925826289068,0.8660254037844386,0.5000000000000001,55.91,229.5,0.1103,0.0236,4.624598495763798
2026-02-19 18:30:00+00:00,42.32,385.5,107.3,19.7,73,1010.8,0.0,7.375285369327897,-2.8311068014078664,0.0166666666666666,0.0,1.0,0.8660254037844386,0.5000000000000001,55.91,229.5,0.1103,0.0236,2.193149012580919
2026-02-19 19:30:00+00:00,40.70666666666667,257.2,93.40000000000002,19.2,75,1010.4,0.0,5.92908948697082,-1.812704569280968,0.0181818181818181,0.2588190451025207,0.9659258262890684,0.8660254037844386,0.5000000000000001,55.91,229.5,0.1103,0.0236,4.953924880645022
2026-02-19 20:30:00+00:00,38.96,211.375,83.575,18.3,79,1010.0,0.0,4.676976310969129,-1.0797650608505516,0.0222222222222222,0.4999999999999999,0.8660254037844387,0.8660254037844386,0.5000000000000001,55.91,229.5,0.1103,0.0236,2.0173631743709493
2026-02-19 21:30:00+00:00,39.8875,194.65,80.575,17.8,81,1009.9,0.0,5.072061666378194,-0.5330951626650302,0.0222222222222222,0.7071067811865475,0.7071067811865476,0.8660254037844386,0.5000000000000001,55.91,229.5,0.1103,0.0236,0.8244477615191403
2026-02-19 22:30:00+00:00,42.24666666666667,169.5666666666667,73.13333333333334,17.2,83,1009.8,0.0,7.889173324561134,-0.4134540543192572,0.0166666666666666,0.8660254037844386,0.5000000000000001,0.8660254037844386,0.5000000000000001,55.91,229.5,0.1103,0.0236,1.5569022381014197
2026-02-19 23:30:00+00:00,37.965,140.55,70.525,16.9,87,1010.5,0.0,7.165878439167946,1.392905666248782,0.0166666666666666,0.9659258262890684,0.2588190451025207,0.8660254037844386,0.5000000000000001,55.91,229.5,0.1103,0.0236,4.3117071915653185
2026-02-20 00:30:00+00:00,39.586666666666666,144.53333333333333,62.5,16.7,86,1011.2,0.0,6.143640332167437,4.301823272632848,0.02,1.0,6.123233995736766e-17,0.8660254037844386,0.5000000000000001,55.91,229.5,0.1103,0.0236,0.7304032533614341
2026-02-20 01:30:00+00:00,40.77666666666666,146.0666666666667,64.89999999999999,17.6,82,1012.0,0.0,5.353044850870866,5.945158603819154,0.0153846153846153,0.9659258262890684,-0.2588190451025206,0.8660254037844386,0.5000000000000001,55.91,229.5,0.1103,0.0236,3.5000762028382493
2026-02-20 02:30:00+00:00,41.432500000000005,149.225,66.42500000000001,20.4,71,1012.8,0.0,4.334059144836972,3.3861381142911195,0.008695652173913,0.8660254037844387,-0.4999999999999998,0.8660254037844386,0.5000000000000001,55.91,229.5,0.1103,0.0236,4.109993284918131
2026-02-20 03:30:00+00:00,39.18666666666667,151.29999999999998,62.96666666666666,23.4,61,1013.1,0.0,6.148780366869512,3.550000000000003,0.0045454545454545,0.7071067811865476,-0.7071067811865475,0.8660254037844386,0.5000000000000001,55.91,229.5,0.1103,0.0236,1.5482661499573214
2026-02-20 04:30:00+00:00,39.54333333333333,135.9333333333333,60.16666666666666,26.2,51,1013.0,0.0,7.323135175472682,2.379430856687096,0.0024096385542168,0.4999999999999999,-0.8660254037844387,0.8660254037844386,0.5000000000000001,55.91,229.5,0.1103,0.0236,2.061909884437716
2026-02-20 05:30:00+00:00,41.34666666666666,128.6,59.6,27.4,45,1012.1,0.0,8.863269777109874,-1.5628335990023698,0.0012738853503184,0.258819045102521,-0.9659258262890682,0.8660254037844386,0.5000000000000001,55.91,229.5,0.1103,0.0236,0.38653292614543255
2026-02-20 06:30:00+00:00,42.25,128.6,59.6,28.8,42,1011.2,0.0,8.65274562245294,-3.672872607799171,0.001010101010101,1.2246467991473532e-16,-1.0,0.8660254037844386,0.5000000000000001,55.91,229.5,0.1103,0.0236,2.1305695433219367
2026-02-20 07:30:00+00:00,39.565,128.05,44.7,29.2,42,1009.8,0.0,8.211412613588022,-4.366085533908781,0.0008771929824561,-0.2588190451025208,-0.9659258262890684,0.8660254037844386,0.5000000000000001,55.91,229.5,0.1103,0.0236,2.397992960054101
2026-02-20 08:30:00+00:00,38.0325,121.05,49.13333333333333,29.3,43,1008.8,0.0,8.999165894302516,-4.585304047369421,0.0008583690987124,-0.4999999999999998,-0.8660254037844388,0.8660254037844386,0.5000000000000001,55.91,229.5,0.1103,0.0236,3.5366088693960824
2026-02-20 09:30:00+00:00,36.5,114.05,53.56666666666667,28.8,44,1008.0,0.0,9.533354807819418,-5.284424860685068,0.0009661835748792,-0.7071067811865471,-0.7071067811865479,0.8660254037844386,0.5000000000000001,55.91,229.5,0.1103,0.0236,2.3053479276527913
2026-02-20 10:30:00+00:00,38.2025,107.05,58.0,27.9,48,1007.6,0.0,10.842044285764752,-3.5227937358743984,0.0012422360248447,-0.8660254037844384,-0.5000000000000004,0.8660254037844386,0.5000000000000001,55.91,229.5,0.1103,0.0236,2.307767262756952
2026-02-20 11:30:00+00:00,39.445,95.35,37.4,26.1,58,1007.6,0.0,10.27141037598766,-3.3373835392494304,0.0028571428571428,-0.9659258262890684,-0.2588190451025206,0.8660254037844386,0.5000000000000001,55.91,229.5,0.1103,0.0236,2.3729117770688597
2026-02-20 12:30:00+00:00,39.2,98.65,55.8,24.4,64,1008.2,0.0,10.7851989753494,-0.5652283274237947,0.0052631578947368,-1.0,-1.8369701987210292e-16,0.8660254037844386,0.5000000000000001,55.91,229.5,0.1103,0.0236,0.22420044309090947
2026-02-20 13:30:00+00:00,41.4775,107.225,76.175,23.3,65,1008.7,0.0,12.070525008143871,-0.8440533323039151,0.0051282051282051,-0.9659258262890684,0.2588190451025203,0.8660254037844386,0.5000000000000001,55.91,229.5,0.1103,0.0236,2.0105980489856616
2026-02-20 14:30:00+00:00,31.555,82.5,45.6,23.2,61,1009.0,0.0,11.513535359039336,1.413684383499707,0.006060606060606,-0.8660254037844386,0.5000000000000001,0.8660254037844386,0.5000000000000001,55.91,229.5,0.1103,0.0236,3.2476349922895587
2026-02-20 15:30:00+00:00,43.63,116.33333333333331,55.1,22.9,63,1009.1,0.0,11.852260087141651,1.8772135804827723,0.0058823529411764,-0.7071067811865477,0.7071067811865474,0.8660254037844386,0.5000000000000001,55.91,229.5,0.1103,0.0236,4.849616301882161
2026-02-20 16:30:00+00:00,42.515,119.925,50.9,22.1,68,1008.9,0.0,12.928784639787557,1.3588700224794936,0.0054054054054054,-0.5000000000000004,0.8660254037844384,0.8660254037844386,0.5000000000000001,55.91,229.5,0.1103,0.0236,3.37880018118968
2026-02-20 17:30:00+00:00,41.63666666666666,121.40000000000002,62.6,21.7,74,1009.0,0.0,12.279324052395474,1.7257464519048054,0.005,-0.2588190451025215,0.965925826289068,0.8660254037844386,0.5000000000000001,55.91,229.5,0.1103,0.0236,1.184252027416266
2026-02-20 18:30:00+00:00,40.67,117.7,50.2,21.5,75,1008.7,0.0,11.871012198091908,0.8301020375550944,0.0046511627906976,0.0,1.0,0.8660254037844386,0.5000000000000001,55.91,229.5,0.1103,0.0236,1.2307631431383608
2026-02-20 19:30:00+00:00,40.88,115.275,48.475,21.5,75,1008.1,0.0,11.7,2.1492551325036045e-15,0.0044444444444444,0.2588190451025207,0.9659258262890684,0.8660254037844386,0.5000000000000001,55.91,229.5,0.1103,0.0236,3.216056401206477
2026-02-20 20:30:00+00:00,41.09,116.025,51.275,21.3,75,1007.8,0.0,11.852260087141651,-1.877213580482768,0.0040816326530612,0.4999999999999999,0.8660254037844387,0.8660254037844386,0.5000000000000001,55.91,229.5,0.1103,0.0236,3.424321628610702
2026-02-20 21:30:00+00:00,39.057500000000005,111.45,54.875,21.1,75,1007.2,0.0,9.182654965732842,-4.88250425297326,0.0057142857142857,0.7071067811865475,0.7071067811865476,0.8660254037844386,0.5000000000000001,55.91,229.5,0.1103,0.0236,3.427170028627493
2026-02-20 22:30:00+00:00,41.2175,109.0,42.9,20.2,78,1006.9,0.0,8.622809847471125,-3.4838413187679813,0.0076923076923076,0.8660254037844386,0.5000000000000001,0.8660254037844386,0.5000000000000001,55.91,229.5,0.1103,0.0236,1.0714471695519945
2026-02-20 23:30:00+00:00,39.13,101.2,45.06666666666666,19.8,83,1007.1,0.0,7.228029523843167,-2.3485291572495988,0.0095238095238095,0.9659258262890684,0.2588190451025207,0.8660254037844386,0.5000000000000001,55.91,229.5,0.1103,0.0236,1.860850591324707
2026-02-21 00:30:00+00:00,39.8925,101.45,40.525,18.9,88,1007.9,0.0,7.799448752523041,-2.838767189603046,0.009090909090909,1.0,6.123233995736766e-17,0.8660254037844386,0.5000000000000001,55.91,229.5,0.1103,0.0236,1.39831492436845
2026-02-21 01:30:00+00:00,41.15,95.6,47.075,19.5,85,1008.6,0.0,6.981024718530159,-2.134313444475978,0.008,0.9659258262890684,-0.2588190451025206,0.8660254037844386,0.5000000000000001,55.91,229.5,0.1103,0.0236,3.812695395148207
2026-02-21 02:30:00+00:00,39.855,93.675,46.275000000000006,21.6,74,1009.1,0.0,5.586358681455016,-0.3906362529671012,0.0048780487804878,0.8660254037844387,-0.4999999999999998,0.8660254037844386,0.5000000000000001,55.91,229.5,0.1103,0.0236,0.4494092036054359
2026-02-21 03:30:00+00:00,41.5975,96.775,49.175,24.1,62,1009.2,0.0,6.518743047927909,-1.0324674692655225,0.0031746031746031,0.7071067811865476,-0.7071067811865475,0.8660254037844386,0.5000000000000001,55.91,229.5,0.1103,0.0236,4.780882861522242
2026-02-21 04:30:00+00:00,39.02,91.25,44.65,26.4,51,1008.5,0.0,7.341036279796918,-1.9670247427791605,0.0019047619047619,0.4999999999999999,-0.8660254037844387,0.8660254037844386,0.5000000000000001,55.91,229.5,0.1103,0.0236,3.7832873066463417
2026-02-21 05:30:00+00:00,42.0975,89.02499999999999,52.375,27.7,44,1007.8,0.0,10.430588090723584,-3.796423590914917,0.0010204081632653,0.258819045102521,-0.9659258262890682,0.8660254037844386,0.5000000000000001,55.91,229.5,0.1103,0.0236,0.5679195306020307
2026-02-21 06:30:00+00:00,40.015,83.65,50.8,28.8,38,1006.7,0.0,13.101375156693583,-4.0054923547014925,0.0008097165991902,1.2246467991473532e-16,-1.0,0.8660254037844386,0.5000000000000001,55.91,229.5,0.1103,0.0236,3.30301672583969
2026-02-21 07:30:00+00:00,43.615,82.0,55.25,29.4,35,1005.2,0.0,13.875228885746752,-3.4594831070752448,0.0007575757575757,-0.2588190451025208,-0.9659258262890684,0.8660254037844386,0.5000000000000001,55.91,229.5,0.1103,0.0236,4.474763642680155
2026-02-21 08:30:00+00:00,37.84,79.36666666666667,58.43333333333334,29.4,34,1003.9,0.0,14.030928932907388,-3.239295182551655,0.0007142857142857,-0.4999999999999998,-0.8660254037844388,0.8660254037844386,0.5000000000000001,55.91,229.5,0.1103,0.0236,0.18240109003805238
2026-02-21 09:30:00+00:00,41.7075,75.78333333333333,59.016666666666666,29.0,34,1002.8,0.0,14.085325450566804,-2.9939283477757237,0.0007220216606498,-0.7071067811865471,-0.7071067811865479,0.8660254037844386,0.5000000000000001,55.91,229.5,0.1103,0.0236,0.5110912824933012
2026-02-21 10:30:00+00:00,41.375,72.2,59.6,28.2,35,1002.5,0.0,13.895646122978508,-1.7061708076720676,0.0008,-0.8660254037844384,-0.5000000000000004,0.8660254037844386,0.5000000000000001,55.91,229.5,0.1103,0.0236,2.715902311908901
2026-02-21 11:30:00+00:00,38.4675,74.75,47.875,26.4,43,1002.9,0.0,11.871012198091908,0.8301020375550944,0.0017543859649122,-0.9659258262890684,-0.2588190451025206,0.8660254037844386,0.5000000000000001,55.91,229.5,0.1103,0.0236,2.111978726323523
2026-02-21 12:30:00+00:00,40.0775,83.325,45.475,25.2,48,1003.2,0.0,8.67880723726047,0.6068813215738925,0.008,-1.0,-1.8369701987210292e-16,0.8660254037844386,0.5000000000000001,55.91,229.5,0.1103,0.0236,1.4202978035063034
2026-02-21 13:30:00+00:00,37.45666666666667,94.33333333333331,51.833333333333336,24.2,52,1003.8,0.0,9.563469101680758,-0.8366951303775158,0.0111111111111111,-0.9659258262890684,0.2588190451025203,0.8660254037844386,0.5000000000000001,55.91,229.5,0.1103,0.0236,1.522461708699484
2026-02-21 14:30:00+00:00,42.77333333333333,101.1,50.833333333333336,23.0,58,1004.3,0.0,9.897016408015164,2.467603335116612,0.0111111111111111,-0.8660254037844386,0.5000000000000001,0.8660254037844386,0.5000000000000001,55.91,229.5,0.1103,0.0236,1.8257352541465406
2026-02-21 15:30:00+00:00,44.2275,104.375,56.0,21.8,62,1004.4,0.0,9.396926207859082,3.4202014332566937,0.0117647058823529,-0.7071067811865477,0.7071067811865474,0.8660254037844386,0.5000000000000001,55.91,229.5,0.1103,0.0236,3.5113485268301217
2026-02-21 16:30:00+00:00,39.2,110.575,55.9,20.8,64,1004.2,0.0,8.993683389297836,3.633683956134349,0.0125,-0.5000000000000004,0.8660254037844384,0.8660254037844386,0.5000000000000001,55.91,229.5,0.1103,0.0236,1.9530168008024913
2026-02-21 17:30:00+00:00,42.39,125.90000000000002,59.70000000000001,20.2,68,1004.5,0.0,8.95069705831446,0.9407561694088802,0.0117647058823529,-0.2588190451025215,0.965925826289068,0.8660254037844386,0.5000000000000001,55.91,229.5,0.1103,0.0236,3.921757605364491
2026-02-21 18:30:00+00:00,,,,19.7,67,1004.3,0.0,9.49421285668141,-0.3315452186737622,0.0117647058823529,0.0,1.0,0.8660254037844386,0.5000000000000001,55.91,229.5,0.1103,0.0236,
2026-02-21 19:30:00+00:00,,,,19.4,66,1004.1,0.0,9.862327511108282,0.8628418532018167,0.0117647058823529,0.2588190451025207,0.9659258262890684,0.8660254037844386,0.5000000000000001,55.91,229.5,0.1103,0.0236,
2026-02-21 20:30:00+00:00,,,,18.9,67,1003.6,0.0,9.364230162062409,0.8192639818279875,0.0125,0.4999999999999999,0.8660254037844387,0.8660254037844386,0.5000000000000001,55.91,229.5,0.1103,0.0236,
2026-02-21 21:30:00+00:00,,,,18.4,68,1003.3,0.0,8.794639277768042,0.3071155709820145,0.0125,0.7071067811865475,0.7071067811865476,0.8660254037844386,0.5000000000000001,55.91,229.5,0.1103,0.0236,
2026-02-21 22:30:00+00:00,,,,18.0,69,1003.5,0.0,9.586843533643908,0.5024251799322653,0.0117647058823529,0.8660254037844386,0.5000000000000001,0.8660254037844386,0.5000000000000001,55.91,229.5,0.1103,0.0236,
2026-02-21 23:30:00+00:00,,,,17.8,74,1003.9,0.0,9.131424595100162,1.1211979593273538,0.0117647058823529,0.9659258262890684,0.2588190451025207,0.8660254037844386,0.5000000000000001,55.91,229.5,0.1103,0.0236,
2026-02-22 00:30:00+00:00,,,,17.8,74,1004.7,0.0,7.746068523300586,2.36821080825417,0.0125,1.0,6.123233995736766e-17,0.8660254037844386,0.5000000000000001,55.91,229.5,0.1103,0.0236,
2026-02-22 01:30:00+00:00,,,,18.5,71,1005.7,0.0,6.294882287801466,5.09749516750368,0.0095238095238095,0.9659258262890684,-0.2588190451025206,0.8660254037844386,0.5000000000000001,55.91,229.5,0.1103,0.0236,
2026-02-22 02:30:00+00:00,,,,20.8,63,1006.3,0.0,4.791813060283757,3.6108901389122896,0.0052631578947368,0.8660254037844387,-0.4999999999999998,0.8660254037844386,0.5000000000000001,55.91,229.5,0.1103,0.0236,
2026-02-22 03:30:00+00:00,,,,23.5,54,1006.8,0.0,6.443533974167082,2.735117899424917,0.0029850746268656,0.7071067811865476,-0.7071067811865475,0.8660254037844386,0.5000000000000001,55.91,229.5,0.1103,0.0236,
2026-02-22 04:30:00+00:00,,,,25.9,46,1006.4,0.0,8.099044392880128,1.2827626133298944,0.0008403361344537,0.4999999999999999,-0.8660254037844387,0.8660254037844386,0.5000000000000001,55.91,229.5,0.1103,0.0236,
2026-02-22 05:30:00+00:00,,,,27.1,38,1005.9,0.0,12.761153384819632,-2.4805169398950757,0.0006309148264984,0.258819045102521,-0.9659258262890682,0.8660254037844386,0.5000000000000001,55.91,229.5,0.1103,0.0236,
2026-02-22 06:30:00+00:00,,,,28.1,34,1004.8,0.0,14.429919596680662,-2.8048922320352005,0.0005847953216374,1.2246467991473532e-16,-1.0,0.8660254037844386,0.5000000000000001,55.91,229.5,0.1103,0.0236,
2026-02-22 07:30:00+00:00,,,,28.4,32,1003.3,0.0,15.068442890109464,-4.03757710359933,0.0005882352941176,-0.2588190451025208,-0.9659258262890684,0.8660254037844386,0.5000000000000001,55.91,229.5,0.1103,0.0236,
2026-02-22 08:30:00+00:00,,,,28.4,31,1002.3,0.0,14.753174146338765,-5.36971625021299,0.0006006006006006,-0.4999999999999998,-0.8660254037844388,0.8660254037844386,0.5000000000000001,55.91,229.5,0.1103,0.0236,
2026-02-22 09:30:00+00:00,38.755,,,28.0,32,1001.5,0.0,15.013984668619656,-4.590235764146966,0.0006430868167202,-0.7071067811865471,-0.7071067811865479,0.8660254037844386,0.5000000000000001,55.91,229.5,0.1103,0.0236,
2026-02-22 10:30:00+00:00,34.843333333333334,,,27.1,36,1001.1,0.0,13.909331898562582,-3.726994249476304,0.0006734006734006,-0.8660254037844384,-0.5000000000000004,0.8660254037844386,0.5000000000000001,55.91,229.5,0.1103,0.0236,
2026-02-22 11:30:00+00:00,43.4925,75.97500000000001,61.625,25.4,44,1001.3,0.0,11.4842396496776,0.6018634967938595,0.002020202020202,-0.9659258262890684,-0.2588190451025206,0.8660254037844386,0.5000000000000001,55.91,229.5,0.1103,0.0236,4.980859504785766
2026-02-22 12:30:00+00:00,38.8225,98.7,51.5,24.6,47,1002.1,0.0,8.987963899415753,1.4235536318661024,0.0054054054054054,-1.0,-1.8369701987210292e-16,0.8660254037844386,0.5000000000000001,55.91,229.5,0.1103,0.0236,4.77888154520076
2026-02-22 13:30:00+00:00,38.63,185.6,60.0,23.8,49,1002.8,0.0,8.691657397237213,-1.37662329235403,0.01,-0.9659258262890684,0.2588190451025203,0.8660254037844386,0.5000000000000001,55.91,229.5,0.1103,0.0236,4.022575758895996
2026-02-22 14:30:00+00:00,40.03,215.6,72.2,22.4,56,1003.5,0.0,7.548139798310011,-3.2039952536120424,0.0153846153846153,-0.8660254037844386,0.5000000000000001,0.8660254037844386,0.5000000000000001,55.91,229.5,0.1103,0.0236,0.34201204613269975
2026-02-22 15:30:00+00:00,41.63,226.2,75.85,21.3,61,1003.7,0.0,5.359035356318794,-1.237230798891257,0.025,-0.7071067811865477,0.7071067811865474,0.8660254037844386,0.5000000000000001,55.91,229.5,0.1103,0.0236,3.2537020385827082
2026-02-22 16:30:00+00:00,37.71,264.7,82.2,20.0,67,1003.7,0.0,3.059706720070398,1.2362017582725104,0.05,-0.5000000000000004,0.8660254037844384,0.8660254037844386,0.5000000000000001,55.91,229.5,0.1103,0.0236,4.253537521840594
2026-02-22 17:30:00+00:00,39.123333333333335,287.1,92.90000000000002,19.2,71,1003.3,0.0,3.380740392011739,0.905866657858822,0.05,-0.2588190451025215,0.965925826289068,0.8660254037844386,0.5000000000000001,55.91,229.5,0.1103,0.0236,1.1635776152347899
2026-02-22 18:30:00+00:00,40.674166666666665,261.9375,88.17500000000001,18.7,73,1003.3,0.0,3.986890574637185,1.6108083516884228,0.04,0.0,1.0,0.8660254037844386,0.5000000000000001,55.91,229.5,0.1103,0.0236,1.4026006031939975
2026-02-22 19:30:00+00:00,42.225,236.775,83.45,18.3,74,1002.9,0.0,7.969557584733964,-0.6972459419812631,0.025,0.2588190451025207,0.9659258262890684,0.8660254037844386,0.5000000000000001,55.91,229.5,0.1103,0.0236,1.528780417109295
2026-02-22 20:30:00+00:00,39.715,133.875,73.14999999999999,17.9,74,1002.8,0.0,8.069177054543138,0.7059615162560318,0.0166666666666666,0.4999999999999999,0.8660254037844387,0.8660254037844386,0.5000000000000001,55.91,229.5,0.1103,0.0236,1.4980270517993033
2026-02-22 21:30:00+00:00,38.885000000000005,118.8,72.025,17.3,75,1002.6,0.0,5.173093386554198,3.2325075118225506,0.0222222222222222,0.7071067811865475,0.7071067811865476,0.8660254037844386,0.5000000000000001,55.91,229.5,0.1103,0.0236,0.13456576957723343
2026-02-22 22:30:00+00:00,39.5575,95.05,61.675,16.4,78,1002.9,0.0,1.988127592114607,6.502872340548642,0.025,0.8660254037844386,0.5000000000000001,0.8660254037844386,0.5000000000000001,55.91,229.5,0.1103,0.0236,4.1012587369313955
2026-02-22 23:30:00+00:00,39.58,83.175,51.5,16.3,83,1003.4,0.0,3.5865249479424155,7.0389515410881085,0.02,0.9659258262890684,0.2588190451025207,0.8660254037844386,0.5000000000000001,55.91,229.5,0.1103,0.0236,4.917075835067599
2026-02-23 00:30:00+00:00,41.24,77.17500000000001,44.875,16.4,80,1004.3,0.0,4.092342157433927,5.430721468321592,0.0222222222222222,1.0,6.123233995736766e-17,0.8660254037844386,0.5000000000000001,55.91,229.5,0.1103,0.0236,0.4514659530698828
2026-02-23 01:30:00+00:00,38.1425,56.9,42.525,17.7,73,1005.4,0.0,5.057287074142462,3.038724641969321,0.025,0.9659258262890684,-0.2588190451025206,0.8660254037844386,0.5000000000000001,55.91,229.5,0.1103,0.0236,3.1533651110177097
2026-02-23 02:30:00+00:00,40.385,76.175,45.55,21.2,58,1006.1,0.0,2.5431837619078945,0.5405703961261754,0.0153846153846153,0.8660254037844387,-0.4999999999999998,0.8660254037844386,0.5000000000000001,55.91,229.5,0.1103,0.0236,1.713356537982349
2026-02-23 03:30:00+00:00,39.555,91.4,47.525,24.7,44,1006.5,0.0,1.800051331474436,-1.0815799573111138,0.0052631578947368,0.7071067811865476,-0.7071067811865475,0.8660254037844386,0.5000000000000001,55.91,229.5,0.1103,0.0236,2.6796700377324143
2026-02-23 04:30:00+00:00,40.24,76.3,45.6,26.8,36,1006.4,0.0,2.699707960683466,-3.217386661099707,0.0007604562737642,0.4999999999999999,-0.8660254037844387,0.8660254037844386,0.5000000000000001,55.91,229.5,0.1103,0.0236,2.6488876044860445
2026-02-23 05:30:00+00:00,40.40333333333333,70.725,46.425,27.2,33,1006.1,0.0,4.879036790187179,-4.879036790187177,0.000655737704918,0.258819045102521,-0.9659258262890682,0.8660254037844386,0.5000000000000001,55.91,229.5,0.1103,0.0236,0.3014718708586611
2026-02-23 06:30:00+00:00,38.97,65.15,47.25,28.1,31,1005.2,0.0,4.152523659749133,-5.510585019326321,0.0006430868167202,1.2246467991473532e-16,-1.0,0.8660254037844386,0.5000000000000001,55.91,229.5,0.1103,0.0236,0.10925487109766707
2026-02-23 07:30:00+00:00,40.195,59.575,48.075,28.3,29,1003.9,0.0,3.6135315490115927,-5.160657879020647,0.0006535947712418,-0.2588190451025208,-0.9659258262890684,0.8660254037844386,0.5000000000000001,55.91,229.5,0.1103,0.0236,3.0965309909885574
2026-02-23 08:30:00+00:00,36.89,54.0,48.9,28.4,28,1002.9,0.0,4.16018999638124,-4.461257579876941,0.0006688963210702,-0.4999999999999998,-0.8660254037844388,0.8660254037844386,0.5000000000000001,55.91,229.5,0.1103,0.0236,1.3910545530358482
2026-02-23 09:30:00+00:00,38.3725,54.583333333333336,47.65833333333333,28.1,29,1002.4,0.0,5.270994366312134,-3.971979152803516,0.0007272727272727,-0.7071067811865471,-0.7071067811865479,0.8660254037844386,0.5000000000000001,55.91,229.5,0.1103,0.0236,4.889385396116746
2026-02-23 10:30:00+00:00,41.1875,55.16666666666666,46.41666666666666,27.3,30,1002.0,0.0,5.991656052659468,-1.946807064562168,0.0009389671361502,-0.8660254037844384,-0.5000000000000004,0.8660254037844386,0.5000000000000001,55.91,229.5,0.1103,0.0236,3.762794819544852
2026-02-23 11:30:00+00:00,41.7725,55.75,45.175,26.1,35,1002.3,0.0,5.34744757120448,-0.7515347451843536,0.008,-0.9659258262890684,-0.2588190451025206,0.8660254037844386,0.5000000000000001,55.91,229.5,0.1103,0.0236,1.0072982078983457
2026-02-23 12:30:00+00:00,40.485,101.725,56.075,24.4,40,1003.1,0.0,7.901506724761102,-1.2514757203218454,0.0117647058823529,-1.0,-1.8369701987210292e-16,0.8660254037844386,0.5000000000000001,55.91,229.5,0.1103,0.0236,1.3901125244061237
2026-02-23 13:30:00+00:00,42.266666666666666,185.6,88.90000000000002,23.4,44,1003.8,0.0,7.602907607447656,-3.071774066010478,0.0133333333333333,-0.9659258262890684,0.2588190451025203,0.8660254037844386,0.5000000000000001,55.91,229.5,0.1103,0.0236,2.7756100580122913
2026-02-23 14:30:00+00:00,41.76,265.5,98.5,22.6,48,1004.7,0.0,3.731411623088276,-2.3316447626261008,0.0222222222222222,-0.8660254037844386,0.5000000000000001,0.8660254037844386,0.5000000000000001,55.91,229.5,0.1103,0.0236,4.353908594918473
2026-02-23 15:30:00+00:00,38.235,256.925,92.8,21.3,55,1005.1,0.0,0.7423384793347556,-3.215421213791276,0.05,-0.7071067811865477,0.7071067811865474,0.8660254037844386,0.5000000000000001,55.91,229.5,0.1103,0.0236,2.3367886104750775
2026-02-23 16:30:00+00:00,37.3875,274.475,96.1,20.8,58,1005.1,0.0,-0.5288577836482486,-3.7630186612179672,0.04,-0.5000000000000004,0.8660254037844384,0.8660254037844386,0.5000000000000001,55.91,229.5,0.1103,0.0236,4.319614854695338
2026-02-23 17:30:00+00:00,39.053333333333335,325.2,113.0,20.4,62,1005.0,0.0,1.0324674692655254,-6.5187430479279085,0.0285714285714285,-0.2588190451025215,0.965925826289068,0.8660254037844386,0.5000000000000001,55.91,229.5,0.1103,0.0236,4.527240695350814
2026-02-23 18:30:00+00:00,37.52,286.6,117.1,19.4,67,1005.0,0.0,-0.7257656867990032,-2.910887178827989,0.04,0.0,1.0,0.8660254037844386,0.5000000000000001,55.91,229.5,0.1103,0.0236,1.3128177108391603
2026-02-23 19:30:00+00:00,39.6325,220.075,94.075,19.1,68,1004.6,0.0,-1.1,-6.735557395310444e-17,0.0666666666666666,0.2588190451025207,0.9659258262890684,0.8660254037844386,0.5000000000000001,55.91,229.5,0.1103,0.0236,0.8193457433064383
2026-02-23 20:30:00+00:00,40.3925,140.025,64.325,18.9,69,1004.5,0.0,-0.9192388155425116,-0.919238815542512,0.05,0.4999999999999999,0.8660254037844387,0.8660254037844386,0.5000000000000001,55.91,229.5,0.1103,0.0236,2.923002925348461
2026-02-23 21:30:00+00:00,40.65,99.4,51.925,18.7,71,1004.4,0.0,-1.3,-7.960204194457797e-17,0.0333333333333333,0.7071067811865475,0.7071067811865476,0.8660254037844386,0.5000000000000001,55.91,229.5,0.1103,0.0236,3.2769249170055925
2026-02-23 22:30:00+00:00,41.5525,106.2,73.775,18.0,76,1004.6,0.0,-2.0,3.464101615137755,0.02,0.8660254037844386,0.5000000000000001,0.8660254037844386,0.5000000000000001,55.91,229.5,0.1103,0.0236,2.817218468784013
2026-02-23 23:30:00+00:00,41.555,125.6,55.925,18.1,82,1005.1,0.0,0.2121320343559643,-0.2121320343559642,0.04,0.9659258262890684,0.2588190451025207,0.8660254037844386,0.5000000000000001,55.91,229.5,0.1103,0.0236,1.245039802483479
2026-02-24 00:30:00+00:00,36.4225,101.95,45.8,17.8,84,1005.9,0.0,-0.1693453269197674,-0.6792070083931975,0.04,1.0,6.123233995736766e-17,0.8660254037844386,0.5000000000000001,55.91,229.5,0.1103,0.0236,0.6828985517222108
2026-02-24 01:30:00+00:00,40.8125,78.675,47.900000000000006,19.0,79,1006.8,0.0,-1.6617774435648518,-0.9211382784680404,0.025,0.9659258262890684,-0.2588190451025206,0.8660254037844386,0.5000000000000001,55.91,229.5,0.1103,0.0236,3.9245358821195793
2026-02-24 02:30:00+00:00,39.54,94.5,48.325,21.5,68,1007.5,0.0,9.797174393178824e-17,-0.4,0.0111111111111111,0.8660254037844387,-0.4999999999999998,0.8660254037844386,0.5000000000000001,55.91,229.5,0.1103,0.0236,3.6159326729218666
2026-02-24 03:30:00+00:00,40.4825,78.975,42.75,24.3,53,1008.1,0.0,3.429011037612589e-16,-1.4,0.004,0.7071067811865476,-0.7071067811865475,0.8660254037844386,0.5000000000000001,55.91,229.5,0.1103,0.0236,3.233703322713227
2026-02-24 04:30:00+00:00,42.6925,73.2,43.425,26.3,43,1008.0,0.0,-1.0895771993749124,-2.138415658052083,0.0010752688172043,0.4999999999999999,-0.8660254037844387,0.8660254037844386,0.5000000000000001,55.91,229.5,0.1103,0.0236,3.2405075301781783
2026-02-24 05:30:00+00:00,41.9725,89.9,71.65,26.5,40,1007.8,0.0,-0.7499999999999999,-1.299038105676658,0.000625,0.258819045102521,-0.9659258262890682,0.8660254037844386,0.5000000000000001,55.91,229.5,0.1103,0.0236,2.9906259804946482
2026-02-24 06:30:00+00:00,40.13,86.19999999999999,70.45,27.9,36,1006.8,0.0,1.4142135623730954,-1.4142135623730947,0.0005305039787798,1.2246467991473532e-16,-1.0,0.8660254037844386,0.5000000000000001,55.91,229.5,0.1103,0.0236,0.5691591198197926
2026-02-24 07:30:00+00:00,41.6,87.03333333333333,,28.3,34,1005.5,0.0,3.606283442165324,-2.3419478505646145,0.0005102040816326,-0.2588190451025208,-0.9659258262890684,0.8660254037844386,0.5000000000000001,55.91,229.5,0.1103,0.0236,
2026-02-24 08:30:00+00:00,39.88666666666666,87.86666666666667,,28.1,34,1004.5,0.0,4.301844607269802,-3.7395364652458905,0.0005154639175257,-0.4999999999999998,-0.8660254037844388,0.8660254037844386,0.5000000000000001,55.91,229.5,0.1103,0.0236,
2026-02-24 09:30:00+00:00,43.31,91.04166666666669,,27.8,34,1004.1,0.0,5.42495722598498,-4.8846534264196615,0.0005464480874316,-0.7071067811865471,-0.7071067811865479,0.8660254037844386,0.5000000000000001,55.91,229.5,0.1103,0.0236,
2026-02-24 10:30:00+00:00,41.263333333333335,94.21666666666668,,27.1,35,1004.1,0.0,5.939696961967001,-5.939696961966998,0.0006920415224913,-0.8660254037844384,-0.5000000000000004,0.8660254037844386,0.5000000000000001,55.91,229.5,0.1103,0.0236,
2026-02-24 11:30:00+00:00,39.21666666666666,97.39166666666668,,25.7,39,1004.1,0.0,8.286360674951823,-4.222111647577784,0.0038461538461538,-0.9659258262890684,-0.2588190451025206,0.8660254037844386,0.5000000000000001,55.91,229.5,0.1103,0.0236,
2026-02-24 12:30:00+00:00,37.17,100.56666666666666,34.6,24.3,46,1005.0,0.0,8.989309819258118,-5.617144200871969,0.00625,-1.0,-1.8369701987210292e-16,0.8660254037844386,0.5000000000000001,55.91,229.5,0.1103,0.0236,2.4835378204162195
2026-02-24 13:30:00+00:00,41.4,139.1,69.94999999999999,23.2,47,1005.9,0.0,8.456183240061428,-5.703767615401612,0.008,-0.9659258262890684,0.2588190451025203,0.8660254037844386,0.5000000000000001,55.91,229.5,0.1103,0.0236,0.2655395384409964
2026-02-24 14:30:00+00:00,39.6025,159.15,57.6,22.7,47,1006.4,0.0,7.128052193506943,-3.631923997916373,0.0153846153846153,-0.8660254037844386,0.5000000000000001,0.8660254037844386,0.5000000000000001,55.91,229.5,0.1103,0.0236,1.669199949872422
2026-02-24 15:30:00+00:00,42.235,246.5,69.825,22.2,48,1006.6,0.0,5.56932261406233,-0.5853593942988566,0.025,-0.7071067811865477,0.7071067811865474,0.8660254037844386,0.5000000000000001,55.91,229.5,0.1103,0.0236,0.8721809856861379
2026-02-24 16:30:00+00:00,41.05,256.75,101.1,21.9,48,1006.7,0.0,5.386845871403051,0.3766849582182781,0.0285714285714285,-0.5000000000000004,0.8660254037844384,0.8660254037844386,0.5000000000000001,55.91,229.5,0.1103,0.0236,2.838339739750454
2026-02-24 17:30:00+00:00,39.473333333333336,455.8,251.0,21.7,51,1006.6,0.0,4.160281732636995,-1.4324998796114878,0.0333333333333333,-0.2588190451025215,0.965925826289068,0.8660254037844386,0.5000000000000001,55.91,229.5,0.1103,0.0236,215.4963729151538
2026-02-24 18:30:00+00:00,38.05,219.5,64.3,20.7,56,1006.1,0.0,2.8522794363147663,-2.6597936042437422,0.04,0.0,1.0,0.8660254037844386,0.5000000000000001,55.91,229.5,0.1103,0.0236,3.6236498438356612
2026-02-24 19:30:00+00:00,37.67333333333333,228.7,65.06666666666666,19.6,62,1005.8,0.0,3.9357886821272814,-2.1816432911085144,0.04,0.2588190451025207,0.9659258262890684,0.8660254037844386,0.5000000000000001,55.91,229.5,0.1103,0.0236,4.994379248364565
2026-02-24 20:30:00+00:00,40.995,236.925,87.225,19.4,63,1005.4,0.0,5.6,1.0287033112837766e-15,0.0333333333333333,0.4999999999999999,0.8660254037844387,0.8660254037844386,0.5000000000000001,55.91,229.5,0.1103,0.0236,4.52302889150106
2026-02-24 21:30:00+00:00,39.35,193.9,78.56666666666668,18.7,66,1005.4,0.0,6.464392319893777,-0.6794350112397444,0.0285714285714285,0.7071067811865475,0.7071067811865476,0.8660254037844386,0.5000000000000001,55.91,229.5,0.1103,0.0236,3.4812842428707547
2026-02-24 22:30:00+00:00,40.175,164.85000000000002,61.275,17.1,74,1005.4,0.0,3.7630186612179672,0.5288577836482468,0.0285714285714285,0.8660254037844386,0.5000000000000001,0.8660254037844386,0.5000000000000001,55.91,229.5,0.1103,0.0236,2.62964230004425
2026-02-24 23:30:00+00:00,41.8,108.65,33.35,17.0,78,1006.1,0.0,3.049978596084152,4.696555180494374,0.0181818181818181,0.9659258262890684,0.2588190451025207,0.8660254037844386,0.5000000000000001,55.91,229.5,0.1103,0.0236,4.127715759918072
2026-02-25 00:30:00+00:00,40.625,108.075,32.925,17.1,77,1006.9,0.0,5.358438019581679,4.658019105832604,0.0153846153846153,1.0,6.123233995736766e-17,0.8660254037844386,0.5000000000000001,55.91,229.5,0.1103,0.0236,3.8807951928413162
2026-02-25 01:30:00+00:00,37.5625,114.075,48.225,18.2,71,1007.8,0.0,6.713181886755149,2.311533896645812,0.0117647058823529,0.9659258262890684,-0.2588190451025206,0.8660254037844386,0.5000000000000001,55.91,229.5,0.1103,0.0236,4.885878328429027
2026-02-25 02:30:00+00:00,40.45,121.59999999999998,59.5,20.9,60,1008.4,0.0,4.297380556182112,-0.1500678358207555,0.0083333333333333,0.8660254037844387,-0.4999999999999998,0.8660254037844386,0.5000000000000001,55.91,229.5,0.1103,0.0236,0.3453949912098703
2026-02-25 03:30:00+00:00,40.275,99.625,37.6,23.9,49,1008.8,0.0,5.575317836442249,-1.5986966637385964,0.0037735849056603,0.7071067811865476,-0.7071067811865475,0.8660254037844386,0.5000000000000001,55.91,229.5,0.1103,0.0236,1.8340920771705294
2026-02-25 04:30:00+00:00,40.7675,90.2,41.85,26.2,42,1008.4,0.0,7.942356035034263,-2.734772497440113,0.0014285714285714,0.4999999999999999,-0.8660254037844387,0.8660254037844386,0.5000000000000001,55.91,229.5,0.1103,0.0236,3.3431206282374855
2026-02-25 05:30:00+00:00,40.803333333333335,96.76666666666668,79.86666666666666,27.1,37,1008.1,0.0,8.32056346527399,-2.864999759222976,0.0005128205128205,0.258819045102521,-0.9659258262890682,0.8660254037844386,0.5000000000000001,55.91,229.5,0.1103,0.0236,4.915757754179117
2026-02-25 06:30:00+00:00,42.48,86.86666666666667,62.03333333333333,28.2,32,1006.8,0.0,9.208987683701904,-3.351797404591548,0.0005181347150259,1.2246467991473532e-16,-1.0,0.8660254037844386,0.5000000000000001,55.91,229.5,0.1103,0.0236,0.36491798322386026
2026-02-25 07:30:00+00:00,38.875,71.575,49.55,28.5,30,1005.5,0.0,9.927945043792828,-3.418465621800141,0.0005277044854881,-0.2588190451025208,-0.9659258262890684,0.8660254037844386,0.5000000000000001,55.91,229.5,0.1103,0.0236,3.1583314548600017
2026-02-25 08:30:00+00:00,40.336666666666666,70.2,51.79999999999999,28.5,31,1004.5,0.0,10.65183298250572,-3.4609903369994086,0.0005524861878453,-0.4999999999999998,-0.8660254037844388,0.8660254037844386,0.5000000000000001,55.91,229.5,0.1103,0.0236,0.5053981291314003
2026-02-25 09:30:00+00:00,37.9825,70.8375,59.425,28.0,32,1004.0,0.0,11.475657071556425,-3.5084604566728403,0.0006097560975609,-0.7071067811865471,-0.7071067811865479,0.8660254037844386,0.5000000000000001,55.91,229.5,0.1103,0.0236,3.958926918873113
2026-02-25 10:30:00+00:00,40.7725,71.475,67.05,27.3,35,1003.9,0.0,12.444873091498737,-1.9710742595069064,0.0006578947368421,-0.8660254037844384,-0.5000000000000004,0.8660254037844386,0.5000000000000001,55.91,229.5,0.1103,0.0236,2.983649405052903
2026-02-25 11:30:00+00:00,41.515,91.6,50.4,26.0,41,1004.2,0.0,11.583200764682434,2.251546145443237,0.0018181818181818,-0.9659258262890684,-0.2588190451025206,0.8660254037844386,0.5000000000000001,55.91,229.5,0.1103,0.0236,4.455245985047588
2026-02-25 12:30:00+00:00,38.3725,117.225,57.075,24.8,46,1004.6,0.0,11.852260087141651,1.8772135804827723,0.0035087719298245,-1.0,-1.8369701987210292e-16,0.8660254037844386,0.5000000000000001,55.91,229.5,0.1103,0.0236,0.1450281338158732
2026-02-25 13:30:00+00:00,40.4025,137.775,61.475,23.9,49,1005.3,0.0,10.26080539034498,0.89770415030088,0.0064516129032258,-0.9659258262890684,0.2588190451025203,0.8660254037844386,0.5000000000000001,55.91,229.5,0.1103,0.0236,4.434169128954478
2026-02-25 14:30:00+00:00,42.14666666666667,142.5,57.76666666666667,23.0,53,1005.7,0.0,8.790426231296726,-1.392266738858053,0.01,-0.8660254037844386,0.5000000000000001,0.8660254037844386,0.5000000000000001,55.91,229.5,0.1103,0.0236,2.924527128893331
2026-02-25 15:30:00+00:00,41.45,136.04999999999998,60.1,22.1,56,1006.1,0.0,8.477019563631545,-1.9570741727916243,0.0117647058823529,-0.7071067811865477,0.7071067811865474,0.8660254037844386,0.5000000000000001,55.91,229.5,0.1103,0.0236,4.8317247919676
2026-02-25 16:30:00+00:00,40.120000000000005,140.525,59.875,21.2,60,1006.3,0.0,8.083980388508804,2.6266444521870542,0.0142857142857142,-0.5000000000000004,0.8660254037844384,0.8660254037844386,0.5000000000000001,55.91,229.5,0.1103,0.0236,0.5963605737446853
2026-02-25 17:30:00+00:00,39.333333333333336,150.5,34.4,20.5,65,1006.2,0.0,6.3261463217374105,3.2233325481507835,0.0166666666666666,-0.2588190451025215,0.965925826289068,0.8660254037844386,0.5000000000000001,55.91,229.5,0.1103,0.0236,0.19004811468519955
2026-02-25 18:30:00+00:00,38.91791666666667,153.6125,51.9375,20.1,68,1005.6,0.0,5.7965296387236735,5.219218729599096,0.02,0.0,1.0,0.8660254037844386,0.5000000000000001,55.91,229.5,0.1103,0.0236,3.9717664315772967
2026-02-25 19:30:00+00:00,38.5025,156.725,69.475,19.4,70,1005.3,0.0,10.036011667287925,2.3169958597418123,0.0125,0.2588190451025207,0.9659258262890684,0.8660254037844386,0.5000000000000001,55.91,229.5,0.1103,0.0236,2.5187958444692047
2026-02-25 20:30:00+00:00,37.4025,146.1,57.1,18.8,67,1005.1,0.0,11.555858497864248,1.0110066158728357,0.0083333333333333,0.4999999999999999,0.8660254037844387,0.8660254037844386,0.5000000000000001,55.91,229.5,0.1103,0.0236,0.09274668341855363
2026-02-25 21:30:00+00:00,37.03,133.22500000000002,60.95,18.2,66,1004.7,0.0,9.88643239407028,0.5181259668051487,0.0095238095238095,0.7071067811865475,0.7071067811865476,0.8660254037844386,0.5000000000000001,55.91,229.5,0.1103,0.0236,3.875426125085096
2026-02-25 22:30:00+00:00,39.0225,119.3,55.95,17.7,67,1004.4,0.0,6.695040511304376,1.669261079637708,0.0153846153846153,0.8660254037844386,0.5000000000000001,0.8660254037844386,0.5000000000000001,55.91,229.5,0.1103,0.0236,4.688431713657569
2026-02-25 23:30:00+00:00,41.54,106.425,50.1,17.4,76,1004.6,0.0,8.108159370114146,4.131313547629877,0.0133333333333333,0.9659258262890684,0.2588190451025207,0.8660254037844386,0.5000000000000001,55.91,229.5,0.1103,0.0236,2.5687814327832243
2026-02-26 00:30:00+00:00,40.9275,94.5,34.45,17.2,76,1005.1,0.0,6.943055135687108,4.17180840677144,0.0153846153846153,1.0,6.123233995736766e-17,0.8660254037844386,0.5000000000000001,55.91,229.5,0.1103,0.0236,2.8394469250344967
2026-02-26 01:30:00+00:00,40.6925,96.225,20.450000000000003,18.3,72,1005.9,0.0,6.149493427364155,4.633975678270772,0.0111111111111111,0.9659258262890684,-0.2588190451025206,0.8660254037844386,0.5000000000000001,55.91,229.5,0.1103,0.0236,3.9088766890262616
2026-02-26 02:30:00+00:00,40.01,93.0,13.69166666666667,20.8,62,1006.6,0.0,6.120754566205426,2.7251355086078606,0.0055555555555555,0.8660254037844387,-0.4999999999999998,0.8660254037844386,0.5000000000000001,55.91,229.5,0.1103,0.0236,4.052667490177988
2026-02-26 03:30:00+00:00,41.5675,90.725,6.933333333333335,23.8,51,1006.8,0.0,7.600086505324834,1.7546182238821488,0.003030303030303,0.7071067811865476,-0.7071067811865475,0.8660254037844386,0.5000000000000001,55.91,229.5,0.1103,0.0236,1.3184641128608798
2026-02-26 04:30:00+00:00,42.045,95.7,0.175,26.4,40,1006.3,0.0,7.878462024097664,1.3891854213354426,0.0013513513513513,0.4999999999999999,-0.8660254037844387,0.8660254037844386,0.5000000000000001,55.91,229.5,0.1103,0.0236,3.8783786735617163
2026-02-26 05:30:00+00:00,40.96333333333333,91.2375,26.7875,27.5,32,1005.6,0.0,9.329933825428428,-1.1455718280083882,0.0005102040816326,0.258819045102521,-0.9659258262890682,0.8660254037844386,0.5000000000000001,55.91,229.5,0.1103,0.0236,2.7256305229578737
2026-02-26 06:30:00+00:00,42.3775,86.775,53.4,28.6,27,1004.4,0.0,11.513535359039334,-1.413684383499713,0.000523560209424,1.2246467991473532e-16,-1.0,0.8660254037844386,0.5000000000000001,55.91,229.5,0.1103,0.0236,1.8532582001172515
2026-02-26 07:30:00+00:00,39.23,81.3,59.63333333333333,28.7,28,1003.0,0.0,13.522961568046956,-3.623466631435296,0.0005524861878453,-0.2588190451025208,-0.9659258262890684,0.8660254037844386,0.5000000000000001,55.91,229.5,0.1103,0.0236,1.5027926784369494
2026-02-26 08:30:00+00:00,40.3525,81.95,57.675,28.5,29,1002.3,0.0,14.46643420666955,-4.981192763194492,0.000593471810089,-0.4999999999999998,-0.8660254037844388,0.8660254037844386,0.5000000000000001,55.91,229.5,0.1103,0.0236,3.7999437819299873
2026-02-26 09:30:00+00:00,42.1125,84.575,51.225,28.1,30,1001.9,0.0,13.625543001395672,-4.959292078222188,0.0006006006006006,-0.7071067811865471,-0.7071067811865479,0.8660254037844386,0.5000000000000001,55.91,229.5,0.1103,0.0236,1.4380328164252938
2026-02-26 10:30:00+00:00,39.70666666666667,87.90000000000002,45.0,27.5,33,1001.5,0.0,12.764247848686582,-2.9468588119046304,0.000632911392405,-0.8660254037844384,-0.5000000000000004,0.8660254037844386,0.5000000000000001,55.91,229.5,0.1103,0.0236,3.1366145017655738
2026-02-26 11:30:00+00:00,39.1625,90.875,53.55,25.9,37,1001.6,0.0,9.158712103013537,1.6149280523024525,0.0038461538461538,-0.9659258262890684,-0.2588190451025206,0.8660254037844386,0.5000000000000001,55.91,229.5,0.1103,0.0236,4.602067628622796
2026-02-26 12:30:00+00:00,40.1875,150.35,81.75,24.2,39,1001.8,0.0,9.061641602502688,2.092044805397947,0.009090909090909,-1.0,-1.8369701987210292e-16,0.8660254037844386,0.5000000000000001,55.91,229.5,0.1103,0.0236,0.34916748993549795
2026-02-26 13:30:00+00:00,41.583333333333336,182.80000000000004,78.3,23.2,41,1002.6,0.0,10.4,1.910449006669871e-15,0.009090909090909,-0.9659258262890684,0.2588190451025203,0.8660254037844386,0.5000000000000001,55.91,229.5,0.1103,0.0236,2.3872469314089315
2026-02-26 14:30:00+00:00,40.585,375.275,72.8,22.5,45,1003.0,0.0,10.285884207972112,0.5390603493023264,0.0095238095238095,-0.8660254037844386,0.5000000000000001,0.8660254037844386,0.5000000000000001,55.91,229.5,0.1103,0.0236,0.7190043702707599
2026-02-26 15:30:00+00:00,39.2475,314.075,72.07499999999999,21.4,47,1003.3,0.0,8.41511532283392,2.897556574668694,0.0133333333333333,-0.7071067811865477,0.7071067811865474,0.8660254037844386,0.5000000000000001,55.91,229.5,0.1103,0.0236,0.5426571396580893
2026-02-26 16:30:00+00:00,41.0625,300.40000000000003,71.42500000000001,20.8,47,1003.0,0.0,7.947845481490628,3.5386087947594604,0.0153846153846153,-0.5000000000000004,0.8660254037844384,0.8660254037844386,0.5000000000000001,55.91,229.5,0.1103,0.0236,4.204775199840838
2026-02-26 17:30:00+00:00,42.95333333333334,334.7,69.9,20.5,48,1002.7,0.0,7.354026653942188,6.170761052990779,0.0153846153846153,-0.2588190451025215,0.965925826289068,0.8660254037844386,0.5000000000000001,55.91,229.5,0.1103,0.0236,2.5597063633528716
2026-02-26 18:30:00+00:00,36.98,376.6,53.5,19.9,50,1002.7,0.0,7.926888806861105,6.4190679887083375,0.0166666666666666,0.0,1.0,0.8660254037844386,0.5000000000000001,55.91,229.5,0.1103,0.0236,1.3771769521095867
2026-02-26 19:30:00+00:00,38.95,291.8,57.1,19.0,53,1002.3,0.0,10.04900003406861,4.474103073833801,0.0117647058823529,0.2588190451025207,0.9659258262890684,0.8660254037844386,0.5000000000000001,55.91,229.5,0.1103,0.0236,2.9946366345389865
2026-02-26 20:30:00+00:00,39.025,256.775,70.475,18.1,56,1002.0,0.0,8.310871342332975,5.19320878948541,0.0133333333333333,0.4999999999999999,0.8660254037844387,0.8660254037844386,0.5000000000000001,55.91,229.5,0.1103,0.0236,0.9680138932316862
2026-02-26 21:30:00+00:00,39.0425,217.3,45.425,17.3,59,1001.6,0.0,7.871577364254564,4.363286582217032,0.0153846153846153,0.7071067811865475,0.7071067811865476,0.8660254037844386,0.5000000000000001,55.91,229.5,0.1103,0.0236,4.461690050087157
2026-02-26 22:30:00+00:00,39.9675,217.225,34.275,16.7,61,1001.5,0.0,6.838884460821347,5.538019441238567,0.0166666666666666,0.8660254037844386,0.5000000000000001,0.8660254037844386,0.5000000000000001,55.91,229.5,0.1103,0.0236,3.5776198158036863
2026-02-26 23:30:00+00:00,42.1625,196.9,29.25,16.6,71,1002.1,0.0,4.705788684431239,5.0463405411722775,0.0222222222222222,0.9659258262890684,0.2588190451025207,0.8660254037844386,0.5000000000000001,55.91,229.5,0.1103,0.0236,1.053078776332077
2026-02-27 00:30:00+00:00,37.0225,167.075,28.3,16.3,72,1002.8,0.0,5.046787864462488,5.412017391981863,0.02,1.0,6.123233995736766e-17,0.8660254037844386,0.5000000000000001,55.91,229.5,0.1103,0.0236,1.301335306475655
2026-02-27 01:30:00+00:00,40.005,187.725,34.575,17.6,66,1003.7,0.0,5.395048502539882,5.209937778442481,0.0142857142857142,0.9659258262890684,-0.2588190451025206,0.8660254037844386,0.5000000000000001,55.91,229.5,0.1103,0.0236,2.9645524927068934
2026-02-27 02:30:00+00:00,39.370000000000005,161.625,66.175,20.6,56,1004.5,0.0,4.312631754255381,3.2498011250210608,0.008,0.8660254037844387,-0.4999999999999998,0.8660254037844386,0.5000000000000001,55.91,229.5,0.1103,0.0236,2.7783062356213195
2026-02-27 03:30:00+00:00,39.0475,103.275,92.375,24.3,42,1004.8,0.0,6.861160523794227,2.772088791277751,0.0032258064516129,0.7071067811865476,-0.7071067811865475,0.8660254037844386,0.5000000000000001,55.91,229.5,0.1103,0.0236,3.8170575887106297
2026-02-27 04:30:00+00:00,41.5425,94.33888888888887,76.28333333333333,27.1,33,1004.6,0.0,8.274191691767834,2.6884478510620435,0.0013422818791946,0.4999999999999999,-0.8660254037844387,0.8660254037844386,0.5000000000000001,55.91,229.5,0.1103,0.0236,2.796197719804436
2026-02-27 05:30:00+00:00,40.13666666666666,85.40277777777779,60.19166666666667,28.4,28,1003.9,0.0,10.659283269581676,0.9325664473999432,0.000451467268623,0.258819045102521,-0.9659258262890682,0.8660254037844386,0.5000000000000001,55.91,229.5,0.1103,0.0236,3.3929152272052727
2026-02-27 06:30:00+00:00,42.77,76.46666666666667,44.1,29.4,24,1002.7,0.0,13.170565314262886,-1.8510022427688708,0.0004273504273504,1.2246467991473532e-16,-1.0,0.8660254037844386,0.5000000000000001,55.91,229.5,0.1103,0.0236,3.571191815009433
2026-02-27 07:30:00+00:00,39.18,76.175,44.175,29.6,24,1001.5,0.0,15.151101451746028,-2.129348444689002,0.0004444444444444,-0.2588190451025208,-0.9659258262890684,0.8660254037844386,0.5000000000000001,55.91,229.5,0.1103,0.0236,1.1793551095332333
2026-02-27 08:30:00+00:00,42.225,75.88333333333333,44.25,29.6,22,1000.7,0.0,16.39317396357599,-3.186510222788289,0.0004651162790697,-0.4999999999999998,-0.8660254037844388,0.8660254037844386,0.5000000000000001,55.91,229.5,0.1103,0.0236,2.5026634595260715
2026-02-27 09:30:00+00:00,38.3525,75.59166666666667,44.325,28.9,27,1000.3,0.0,17.131637589229168,-2.4076946466091327,0.0005102040816326,-0.7071067811865471,-0.7071067811865479,0.8660254037844386,0.5000000000000001,55.91,229.5,0.1103,0.0236,2.777868830631174
2026-02-27 10:30:00+00:00,40.5,75.3,44.4,28.3,28,1000.1,0.0,15.490557818795985,0.5409421988887756,0.0005347593582887,-0.8660254037844384,-0.5000000000000004,0.8660254037844386,0.5000000000000001,55.91,229.5,0.1103,0.0236,1.369648820344611
2026-02-27 11:30:00+00:00,40.16333333333333,84.5,46.65,26.9,31,1000.1,0.0,11.19317726261387,0.3908743630680184,0.0017241379310344,-0.9659258262890684,-0.2588190451025206,0.8660254037844386,0.5000000000000001,55.91,229.5,0.1103,0.0236,2.5205313093704422
2026-02-27 12:30:00+00:00,41.3075,93.7,48.9,25.5,34,1000.4,0.0,12.564827948130102,-2.4423551408197666,0.0027777777777777,-1.0,-1.8369701987210292e-16,0.8660254037844386,0.5000000000000001,55.91,229.5,0.1103,0.0236,1.327206702082297
2026-02-27 13:30:00+00:00,38.84,137.675,40.1,24.4,34,1000.9,0.0,12.605336125844788,-1.5477406612453757,0.0054054054054054,-0.9659258262890684,0.2588190451025203,0.8660254037844386,0.5000000000000001,55.91,229.5,0.1103,0.0236,0.2868777486381263
2026-02-27 14:30:00+00:00,43.02666666666666,240.5,31.933333333333337,23.3,39,1001.5,0.0,9.387117626692994,-0.4919579886836731,0.0105263157894736,-0.8660254037844386,0.5000000000000001,0.8660254037844386,0.5000000000000001,55.91,229.5,0.1103,0.0236,0.7335199115692898
2026-02-27 15:30:00+00:00,43.4075,317.1,47.55,22.3,45,1001.7,0.0,8.453436110630324,0.8884919377750535,0.0142857142857142,-0.7071067811865477,0.7071067811865474,0.8660254037844386,0.5000000000000001,55.91,229.5,0.1103,0.0236,2.887838813234287
2026-02-27 16:30:00+00:00,38.79,257.85,49.375,21.2,49,1001.6,0.0,9.03216997993603,1.1090110249868392,0.0153846153846153,-0.5000000000000004,0.8660254037844384,0.8660254037844386,0.5000000000000001,55.91,229.5,0.1103,0.0236,2.946043647347714
2026-02-27 17:30:00+00:00,40.57333333333333,324.7,43.73333333333333,20.8,51,1001.3,0.0,9.938574660809396,2.2945007543074256,0.0133333333333333,-0.2588190451025215,0.965925826289068,0.8660254037844386,0.5000000000000001,55.91,229.5,0.1103,0.0236,0.035126726435222855
2026-02-27 18:30:00+00:00,38.78,202.8,29.8,20.1,52,1001.0,0.0,9.159078608981211,2.1145399108323333,0.0153846153846153,0.0,1.0,0.8660254037844386,0.5000000000000001,55.91,229.5,0.1103,0.0236,4.41845435976608
2026-02-27 19:30:00+00:00,38.68666666666667,208.9,37.73333333333333,19.3,53,1000.6,0.0,8.308865795825094,3.1894747509531767,0.0166666666666666,0.2588190451025207,0.9659258262890684,0.8660254037844386,0.5000000000000001,55.91,229.5,0.1103,0.0236,2.7371068952563142
2026-02-27 20:30:00+00:00,39.68333333333334,215.36666666666667,46.13333333333333,18.7,54,1000.2,0.0,8.46864465176245,3.594726382101319,0.0166666666666666,0.4999999999999999,0.8660254037844387,0.8660254037844386,0.5000000000000001,55.91,229.5,0.1103,0.0236,2.5756919851944664
2026-02-27 21:30:00+00:00,43.335,144.475,45.825,18.3,56,999.9,0.0,7.916341739690986,3.360287705007755,0.0181818181818181,0.7071067811865475,0.7071067811865476,0.8660254037844386,0.5000000000000001,55.91,229.5,0.1103,0.0236,3.1333383095173466
2026-02-27 22:30:00+00:00,39.9275,180.625,48.525,17.8,57,999.7,0.0,8.428662419440842,3.93034983418851,0.0181818181818181,0.8660254037844386,0.5000000000000001,0.8660254037844386,0.5000000000000001,55.91,229.5,0.1103,0.0236,2.4849708325858932
2026-02-27 23:30:00+00:00,42.01,125.45,44.25,17.8,67,1000.2,0.0,9.57325047590538,4.063603736288448,0.0133333333333333,0.9659258262890684,0.2588190451025207,0.8660254037844386,0.5000000000000001,55.91,229.5,0.1103,0.0236,1.9122596373432428
2026-02-28 00:30:00+00:00,38.105,123.2,49.975,17.8,66,1001.0,0.0,9.177367199140187,4.676102147317335,0.0125,1.0,6.123233995736766e-17,0.8660254037844386,0.5000000000000001,55.91,229.5,0.1103,0.0236,1.3514677466623355
2026-02-28 01:30:00+00:00,39.9625,122.6,62.125,19.1,60,1001.7,0.0,8.313843876330608,4.800000000000004,0.0111111111111111,0.9659258262890684,-0.2588190451025206,0.8660254037844386,0.5000000000000001,55.91,229.5,0.1103,0.0236,4.2546116268389325
2026-02-28 02:30:00+00:00,38.595,117.55,40.525000000000006,22.0,51,1002.6,0.0,4.680663690362689,4.364789504399993,0.0071428571428571,0.8660254037844387,-0.4999999999999998,0.8660254037844386,0.5000000000000001,55.91,229.5,0.1103,0.0236,3.1697577675691955
2026-02-28 03:30:00+00:00,40.102500000000006,110.4,45.650000000000006,25.3,41,1002.9,0.0,5.752478501329072,4.494328769877304,0.004,0.7071067811865476,-0.7071067811865475,0.8660254037844386,0.5000000000000001,55.91,229.5,0.1103,0.0236,2.37673437319272
2026-02-28 04:30:00+00:00,39.93,93.775,51.825,28.2,34,1002.8,0.0,7.395354150763453,3.76812114783824,0.0013986013986013,0.4999999999999999,-0.8660254037844387,0.8660254037844386,0.5000000000000001,55.91,229.5,0.1103,0.0236,3.0175489681097325
2026-02-28 05:30:00+00:00,38.535,92.2,40.0,29.5,29,1002.1,0.0,9.490895469937673,3.4544034475892604,0.00062893081761,0.258819045102521,-0.9659258262890682,0.8660254037844386,0.5000000000000001,55.91,229.5,0.1103,0.0236,0.6250253543370549
2026-02-28 06:30:00+00:00,41.6875,75.25,50.325,31.0,25,1001.1,0.0,13.448628424238564,1.1766025270933864,0.0005,1.2246467991473532e-16,-1.0,0.8660254037844386,0.5000000000000001,55.91,229.5,0.1103,0.0236,0.6027081566429193
2026-02-28 07:30:00+00:00,41.675,73.6,60.05,31.4,23,999.9,0.0,15.839495699658755,-1.3857763096877604,0.0004210526315789,-0.2588190451025208,-0.9659258262890684,0.8660254037844386,0.5000000000000001,55.91,229.5,0.1103,0.0236,2.9467850928356225
2026-02-28 08:30:00+00:00,43.74,70.03333333333333,63.03333333333333,31.8,19,999.3,0.0,16.785824836955058,-3.2628338209389067,0.0003831417624521,-0.4999999999999998,-0.8660254037844388,0.8660254037844386,0.5000000000000001,55.91,229.5,0.1103,0.0236,3.3918717777903002
2026-02-28 09:30:00+00:00,38.77,77.94999999999999,48.125,30.9,24,998.9,0.0,17.34378715317719,-4.004128767320796,0.0004796163069544,-0.7071067811865471,-0.7071067811865479,0.8660254037844386,0.5000000000000001,55.91,229.5,0.1103,0.0236,3.6993477259803713
2026-02-28 10:30:00+00:00,39.156666666666666,93.40000000000002,56.1,30.4,25,998.9,0.0,15.262729968975313,-1.067274048285116,0.0004651162790697,-0.8660254037844384,-0.5000000000000004,0.8660254037844386,0.5000000000000001,55.91,229.5,0.1103,0.0236,1.1503221370089978
2026-02-28 11:30:00+00:00,40.8425,95.375,39.575,28.6,30,998.8,0.0,10.66180884799848,2.266237429913582,0.0024691358024691,-0.9659258262890684,-0.2588190451025206,0.8660254037844386,0.5000000000000001,55.91,229.5,0.1103,0.0236,2.7242552314819015
2026-02-28 12:30:00+00:00,40.605,107.8,46.65,27.2,33,999.4,0.0,10.044671143219562,1.055737479003299,0.008,-1.0,-1.8369701987210292e-16,0.8660254037844386,0.5000000000000001,55.91,229.5,0.1103,0.0236,1.1598018217403854
2026-02-28 13:30:00+00:00,42.39333333333334,129.0,44.1,25.8,36,1000.0,0.0,9.390216967044534,1.995952231850494,0.0125,-0.9659258262890684,0.2588190451025203,0.8660254037844386,0.5000000000000001,55.91,229.5,0.1103,0.0236,0.27332630609287034
2026-02-28 14:30:00+00:00,40.975,229.525,35.5,24.7,40,1000.6,0.0,9.355673653615977,1.6496576878358382,0.0142857142857142,-0.8660254037844386,0.5000000000000001,0.8660254037844386,0.5000000000000001,55.91,229.5,0.1103,0.0236,4.79056245828822
2026-02-28 15:30:00+00:00,41.53,196.95,49.025,23.6,42,1000.9,0.0,9.925461516413222,1.2186934340514717,0.0142857142857142,-0.7071067811865477,0.7071067811865474,0.8660254037844386,0.5000000000000001,55.91,229.5,0.1103,0.0236,4.543150144317104
2026-02-28 16:30:00+00:00,38.055,238.55,48.625,22.8,42,1001.3,0.0,11.193177262613872,-0.3908743630680143,0.0117647058823529,-0.5000000000000004,0.8660254037844384,0.8660254037844386,0.5000000000000001,55.91,229.5,0.1103,0.0236,0.9934014169173871
2026-02-28 17:30:00+00:00,36.766666666666666,279.9,39.13333333333333,22.2,46,1001.2,0.0,8.743106467161546,-5.253388364082552,0.0125,-0.2588190451025215,0.965925826289068,0.8660254037844386,0.5000000000000001,55.91,229.5,0.1103,0.0236,0.40347430854318633
2026-02-28 18:30:00+00:00,,,,21.5,51,1001.0,0.0,7.02099553554404,-6.547184256599981,0.0142857142857142,0.0,1.0,1.0,6.123233995736766e-17,55.91,229.5,0.1103,0.0236,
2026-02-28 19:30:00+00:00,,,,20.9,54,1000.5,0.0,7.124213321006497,-5.977924770084815,0.0142857142857142,0.2588190451025207,0.9659258262890684,1.0,6.123233995736766e-17,55.91,229.5,0.1103,0.0236,
2026-02-28 20:30:00+00:00,,,,20.0,57,1000.3,0.0,7.762365810207972,1.9353751647973425,0.0153846153846153,0.4999999999999999,0.8660254037844387,1.0,6.123233995736766e-17,55.91,229.5,0.1103,0.0236,
2026-02-28 21:30:00+00:00,,,,19.2,59,1000.2,0.0,5.743020914704151,3.4507551018973643,0.02,0.7071067811865475,0.7071067811865476,1.0,6.123233995736766e-17,55.91,229.5,0.1103,0.0236,
2026-02-28 22:30:00+00:00,,,,18.8,58,1000.2,0.0,5.78819864428265,2.2218812871808646,0.0222222222222222,0.8660254037844386,0.5000000000000001,1.0,6.123233995736766e-17,55.91,229.5,0.1103,0.0236,
2026-02-28 23:30:00+00:00,,,,19.2,67,1000.6,0.0,5.739159353583025,3.05156515810829,0.0222222222222222,0.9659258262890684,0.2588190451025207,1.0,6.123233995736766e-17,55.91,229.5,0.1103,0.0236,
2026-03-01 00:30:00+00:00,,,,18.7,67,1001.3,0.0,6.450311480092861,5.223359245713648,0.0222222222222222,1.0,6.123233995736766e-17,1.0,6.123233995736766e-17,55.91,229.5,0.1103,0.0236,
2026-03-01 01:30:00+00:00,,,,19.8,61,1002.2,0.0,6.36277720408678,5.93338573254374,0.0142857142857142,0.9659258262890684,-0.2588190451025206,1.0,6.123233995736766e-17,55.91,229.5,0.1103,0.0236,
2026-03-01 02:30:00+00:00,,,,22.9,52,1003.2,0.0,3.9429695832297154,2.36917514458625,0.0076923076923076,0.8660254037844387,-0.4999999999999998,1.0,6.123233995736766e-17,55.91,229.5,0.1103,0.0236,
2026-03-01 03:30:00+00:00,,,,25.8,43,1003.6,0.0,5.248420764330323,-0.737617435088347,0.0034482758620689,0.7071067811865476,-0.7071067811865475,1.0,6.123233995736766e-17,55.91,229.5,0.1103,0.0236,
2026-03-01 04:30:00+00:00,,,,28.1,38,1003.6,0.0,6.443533974167083,-2.7351178994249143,0.0017241379310344,0.4999999999999999,-0.8660254037844387,1.0,6.123233995736766e-17,55.91,229.5,0.1103,0.0236,
2026-03-01 05:30:00+00:00,,,,29.3,36,1003.1,0.0,8.057372626599856,-4.841357904154509,0.0008333333333333,0.258819045102521,-0.9659258262890682,1.0,6.123233995736766e-17,55.91,229.5,0.1103,0.0236,
2026-03-01 06:30:00+00:00,,,,30.5,34,1002.2,0.0,9.17736719914019,-4.676102147317331,0.0006211180124223,1.2246467991473532e-16,-1.0,1.0,6.123233995736766e-17,55.91,229.5,0.1103,0.0236,
2026-03-01 07:30:00+00:00,,,,31.2,30,1001.3,0.0,11.50778384717136,-3.739105631936861,0.0003623188405797,-0.2588190451025208,-0.9659258262890684,1.0,6.123233995736766e-17,55.91,229.5,0.1103,0.0236,
2026-03-01 08:30:00+00:00,,,,31.4,27,1000.6,0.0,12.943406072273516,-3.4681752043737832,0.0003642987249544,-0.4999999999999998,-0.8660254037844388,1.0,6.123233995736766e-17,55.91,229.5,0.1103,0.0236,
2026-03-01 09:30:00+00:00,,,,31.1,27,1000.4,0.0,14.931587305833911,-4.851566811686672,0.0003597122302158,-0.7071067811865471,-0.7071067811865479,1.0,6.123233995736766e-17,55.91,229.5,0.1103,0.0236,
2026-03-01 10:30:00+00:00,,,,29.9,31,1000.1,0.0,12.610916492298434,-5.353016460303047,0.000632911392405,-0.8660254037844384,-0.5000000000000004,1.0,6.123233995736766e-17,55.91,229.5,0.1103,0.0236,
2026-03-01 11:30:00+00:00,,,,28.3,37,1000.4,0.0,7.092096782460496,-5.540953277930926,0.0020408163265306,-0.9659258262890684,-0.2588190451025206,1.0,6.123233995736766e-17,55.91,229.5,0.1103,0.0236,
2026-03-01 12:30:00+00:00,,,,26.9,41,1001.0,0.0,3.3801952520584138,-6.357222668584274,0.01,-1.0,-1.8369701987210292e-16,1.0,6.123233995736766e-17,55.91,229.5,0.1103,0.0236,
2026-03-01 13:30:00+00:00,,,,26.1,43,1001.7,0.0,5.510585019326324,-4.152523659749131,0.0125,-0.9659258262890684,0.2588190451025203,1.0,6.123233995736766e-17,55.91,229.5,0.1103,0.0236,
2026-03-01 14:30:00+00:00,,,,24.8,47,1002.2,0.0,4.312631754255383,-3.249801125021059,0.0222222222222222,-0.8660254037844386,0.5000000000000001,1.0,6.123233995736766e-17,55.91,229.5,0.1103,0.0236,
2026-03-01 15:30:00+00:00,,,,23.5,52,1002.8,0.0,3.606244584051393,-3.606244584051391,0.0285714285714285,-0.7071067811865477,0.7071067811865474,1.0,6.123233995736766e-17,55.91,229.5,0.1103,0.0236,
2026-03-01 16:30:00+00:00,,,,22.3,57,1002.8,0.0,4.0,7.34788079488412e-16,0.04,-0.5000000000000004,0.8660254037844384,1.0,6.123233995736766e-17,55.91,229.5,0.1103,0.0236,
2026-03-01 17:30:00+00:00,,,,21.8,62,1002.8,0.0,6.820590453496646,1.5746573804070567,0.0285714285714285,-0.2588190451025215,0.965925826289068,1.0,6.123233995736766e-17,55.91,229.5,0.1103,0.0236,
2026-03-01 18:30:00+00:00,,,,21.2,64,1002.6,0.0,7.505054539300879,3.990508283680072,0.0222222222222222,0.0,1.0,1.0,6.123233995736766e-17,55.91,229.5,0.1103,0.0236,
2026-03-01 19:30:00+00:00,,,,20.3,66,1002.3,0.0,7.7145057063190094,4.63534267419049,0.0166666666666666,0.2588190451025207,0.9659258262890684,1.0,6.123233995736766e-17,55.91,229.5,0.1103,0.0236,
2026-03-01 20:30:00+00:00,,,,19.6,62,1002.3,0.0,9.15370864907016,4.268444443581069,0.0133333333333333,0.4999999999999999,0.8660254037844387,1.0,6.123233995736766e-17,55.91,229.5,0.1103,0.0236,
2026-03-01 21:30:00+00:00,,,,18.9,56,1002.1,0.0,9.335804264972015,3.583679495453007,0.0125,0.7071067811865475,0.7071067811865476,1.0,6.123233995736766e-17,55.91,229.5,0.1103,0.0236,
2026-03-01 22:30:00+00:00,,,,18.6,51,1002.2,0.0,9.927945043792826,3.418465621800145,0.0111111111111111,0.8660254037844386,0.5000000000000001,1.0,6.123233995736766e-17,55.91,229.5,0.1103,0.0236,
2026-03-01 23:30:00+00:00,,,,18.6,54,1002.8,0.0,8.833110635387538,3.2149893472612923,0.0111111111111111,0.9659258262890684,0.2588190451025207,1.0,6.123233995736766e-17,55.91,229.5,0.1103,0.0236,
2026-03-02 00:30:00+00:00,,,,18.3,54,1003.5,0.0,8.83345911860127,5.100000000000004,0.0111111111111111,1.0,6.123233995736766e-17,1.0,6.123233995736766e-17,55.91,229.5,0.1103,0.0236,
2026-03-02 01:30:00+00:00,,,,19.5,49,1004.5,0.0,8.428662419440842,3.93034983418851,0.0095238095238095,0.9659258262890684,-0.2588190451025206,1.0,6.123233995736766e-17,55.91,229.5,0.1103,0.0236,
2026-03-02 02:30:00+00:00,,,,22.1,42,1005.5,0.0,5.755336383148386,2.5624408513775405,0.0055555555555555,0.8660254037844387,-0.4999999999999998,1.0,6.123233995736766e-17,55.91,229.5,0.1103,0.0236,
2026-03-02 03:30:00+00:00,,,,25.1,35,1006.0,0.0,8.306962106085987,2.225843787881677,0.0027397260273972,0.7071067811865476,-0.7071067811865475,1.0,6.123233995736766e-17,55.91,229.5,0.1103,0.0236,
2026-03-02 04:30:00+00:00,40.6925,109.425,54.225,27.3,33,1006.1,0.0,11.017262283218676,1.3527497117971337,0.0016806722689075,0.4999999999999999,-0.8660254037844387,1.0,6.123233995736766e-17,55.91,229.5,0.1103,0.0236,4.322935049568327
2026-03-02 05:30:00+00:00,39.20333333333333,107.0,39.7,28.7,27,1005.7,0.0,12.198141880907972,-0.2129193585348541,0.0006024096385542,0.258819045102521,-0.9659258262890682,1.0,6.123233995736766e-17,55.91,229.5,0.1103,0.0236,2.1785426379255806
2026-03-02 06:30:00+00:00,38.84,101.5,43.8,30.1,21,1004.8,0.0,14.222712104569984,-2.252656296579322,0.0005361930294906,1.2246467991473532e-16,-1.0,1.0,6.123233995736766e-17,55.91,229.5,0.1103,0.0236,1.5160864280289714
2026-03-02 07:30:00+00:00,38.73333333333333,105.86666666666667,55.76666666666667,30.7,17,1003.8,0.0,16.04234271361344,-2.2546042355530607,0.0005154639175257,-0.2588190451025208,-0.9659258262890684,1.0,6.123233995736766e-17,55.91,229.5,0.1103,0.0236,1.7930072402090902
2026-03-02 08:30:00+00:00,39.95666666666667,107.7,56.7,30.7,16,1003.3,0.0,16.593164121998313,-2.628099012675876,0.0005089058524173,-0.4999999999999998,-0.8660254037844388,1.0,6.123233995736766e-17,55.91,229.5,0.1103,0.0236,0.4559829480475741
2026-03-02 09:30:00+00:00,41.97,104.6,48.833333333333336,29.9,21,1002.7,0.0,17.431097228316084,-3.07357274470466,0.0005524861878453,-0.7071067811865471,-0.7071067811865479,1.0,6.123233995736766e-17,55.91,229.5,0.1103,0.0236,2.8452620970437605
2026-03-02 10:30:00+00:00,40.47,101.525,45.91666666666667,29.0,26,1002.5,0.0,16.052366374098995,-2.830465295970958,0.000516795865633,-0.8660254037844384,-0.5000000000000004,1.0,6.123233995736766e-17,55.91,229.5,0.1103,0.0236,1.3843594324084374
2026-03-02 11:30:00+00:00,38.97,98.45,43.0,27.7,28,1002.9,0.0,11.683965556628513,-0.6123306880424442,0.0015748031496062,-0.9659258262890684,-0.2588190451025206,1.0,6.123233995736766e-17,55.91,229.5,0.1103,0.0236,0.5285918108439669
2026-03-02 12:30:00+00:00,39.77,105.73333333333332,47.0,26.3,30,1003.1,0.0,10.100734301164016,1.4195656297926622,0.0052631578947368,-1.0,-1.8369701987210292e-16,1.0,6.123233995736766e-17,55.91,229.5,0.1103,0.0236,3.7765672296361155
2026-03-02 13:30:00+00:00,41.17666666666667,112.3,39.6,25.0,32,1003.8,0.0,9.508898117504764,2.3708345768767445,0.01,-0.9659258262890684,0.2588190451025203,1.0,6.123233995736766e-17,55.91,229.5,0.1103,0.0236,3.8716768560473307
2026-03-02 14:30:00+00:00,41.16444444444445,115.91666666666669,44.4,23.9,34,1004.3,0.0,9.141892036436904,6.641973350904948,0.0105263157894736,-0.8660254037844386,0.5000000000000001,1.0,6.123233995736766e-17,55.91,229.5,0.1103,0.0236,2.382776168686755
2026-03-02 15:30:00+00:00,41.15222222222222,119.53333333333332,49.2,23.6,33,1004.9,0.0,11.404361411171484,4.607661099015721,0.0064516129032258,-0.7071067811865477,0.7071067811865474,1.0,6.123233995736766e-17,55.91,229.5,0.1103,0.0236,0.8514945688278031
2026-03-02 16:30:00+00:00,41.14,123.15,54.0,23.1,35,1005.0,0.0,12.60533612584479,1.547740661245369,0.0058823529411764,-0.5000000000000004,0.8660254037844384,1.0,6.123233995736766e-17,55.91,229.5,0.1103,0.0236,2.12300070312509
2026-03-02 17:30:00+00:00,41.51666666666667,124.3,40.56666666666667,22.1,42,1004.8,0.0,11.683965556628513,0.6123306880424484,0.0076923076923076,-0.2588190451025215,0.965925826289068,1.0,6.123233995736766e-17,55.91,229.5,0.1103,0.0236,2.1887799394815897
2026-03-02 18:30:00+00:00,42.84,123.86666666666667,38.56666666666666,21.2,46,1004.6,0.0,10.485610114923023,0.5495275405509152,0.01,0.0,1.0,1.0,6.123233995736766e-17,55.91,229.5,0.1103,0.0236,4.671643906174994
2026-03-02 19:30:00+00:00,39.1,119.55,38.35,20.3,51,1004.1,0.0,10.568265244367971,1.673848775930472,0.0111111111111111,0.2588190451025207,0.9659258262890684,1.0,6.123233995736766e-17,55.91,229.5,0.1103,0.0236,0.005579352861257436
2026-03-02 20:30:00+00:00,40.02,116.05,48.25,19.5,54,1003.7,0.0,10.036011667287925,2.3169958597418123,0.0111111111111111,0.4999999999999999,0.8660254037844387,1.0,6.123233995736766e-17,55.91,229.5,0.1103,0.0236,3.3829359385302564
2026-03-02 21:30:00+00:00,40.855,119.8,45.1,18.9,56,1003.4,0.0,9.897016408015164,2.467603335116612,0.0117647058823529,0.7071067811865475,0.7071067811865476,1.0,6.123233995736766e-17,55.91,229.5,0.1103,0.0236,3.438729146670278
2026-03-02 22:30:00+00:00,39.09333333333333,133.6,48.833333333333336,18.4,57,1003.3,0.0,10.09324780735235,2.894192236078488,0.0111111111111111,0.8660254037844386,0.5000000000000001,1.0,6.123233995736766e-17,55.91,229.5,0.1103,0.0236,0.3565037541232785
2026-03-02 23:30:00+00:00,40.765,133.8,42.425,18.3,64,1003.7,0.0,8.272385125302547,1.458644692402215,0.0133333333333333,0.9659258262890684,0.2588190451025207,1.0,6.123233995736766e-17,55.91,229.5,0.1103,0.0236,3.4366373863745974
2026-03-03 00:30:00+00:00,39.51,128.5,47.95,18.1,64,1004.5,0.0,8.344654691101086,3.3714593407432107,0.0133333333333333,1.0,6.123233995736766e-17,1.0,6.123233995736766e-17,55.91,229.5,0.1103,0.0236,1.4120333169218036
2026-03-03 01:30:00+00:00,39.82666666666667,115.46666666666664,59.3,19.3,60,1005.6,0.0,7.7994487525230385,2.838767189603056,0.0095238095238095,0.9659258262890684,-0.2588190451025206,1.0,6.123233995736766e-17,55.91,229.5,0.1103,0.0236,1.8075870539480703
2026-03-03 02:30:00+00:00,39.41333333333333,120.73333333333332,41.46666666666667,21.9,52,1006.5,0.0,5.6150796060598855,2.38345988378457,0.0052631578947368,0.8660254037844387,-0.4999999999999998,1.0,6.123233995736766e-17,55.91,229.5,0.1103,0.0236,3.629220323155709
2026-03-03 03:30:00+00:00,40.156666666666666,121.36666666666667,46.8,24.9,44,1007.2,0.0,7.160557646651569,0.7526049355271042,0.0027397260273972,0.7071067811865476,-0.7071067811865475,1.0,6.123233995736766e-17,55.91,229.5,0.1103,0.0236,4.793062185034071
2026-03-03 04:30:00+00:00,42.27,116.45,52.475,27.2,39,1007.1,0.0,7.922144549932563,-1.1133848076805235,0.001639344262295,0.4999999999999999,-0.8660254037844387,1.0,6.123233995736766e-17,55.91,229.5,0.1103,0.0236,1.4955600340781965
2026-03-03 05:30:00+00:00,40.98333333333333,105.9,38.3,28.2,36,1006.8,0.0,7.217009115376547,-3.2132194802988243,0.000790513833992,0.258819045102521,-0.9659258262890682,1.0,6.123233995736766e-17,55.91,229.5,0.1103,0.0236,0.7901453867135022
2026-03-03 06:30:00+00:00,43.60666666666666,103.06666666666666,49.53333333333333,29.8,30,1005.8,0.0,8.308887217824262,-4.605691392340197,0.0005988023952095,1.2246467991473532e-16,-1.0,1.0,6.123233995736766e-17,55.91,229.5,0.1103,0.0236,3.304939888108243
2026-03-03 07:30:00+00:00,37.92666666666667,101.7,63.6,30.4,26,1004.8,0.0,9.970664661389115,-5.526829670808237,0.000595238095238,-0.2588190451025208,-0.9659258262890684,1.0,6.123233995736766e-17,55.91,229.5,0.1103,0.0236,4.583908301381597
2026-03-03 08:30:00+00:00,39.4325,101.125,61.25,30.5,25,1004.2,0.0,10.233050573530932,-5.672272556882136,0.0005813953488372,-0.4999999999999998,-0.8660254037844388,1.0,6.123233995736766e-17,55.91,229.5,0.1103,0.0236,0.2630430249837479
2026-03-03 09:30:00+00:00,41.696666666666665,93.90000000000002,51.6,30.2,25,1003.7,0.0,10.065602558591769,-5.351975815759151,0.0005555555555555,-0.7071067811865471,-0.7071067811865479,1.0,6.123233995736766e-17,55.91,229.5,0.1103,0.0236,3.8175841044868237
2026-03-03 10:30:00+00:00,44.81,88.6,54.25,29.2,28,1003.6,0.0,11.342888012072162,-3.252520798640593,0.0006191950464396,-0.8660254037844384,-0.5000000000000004,1.0,6.123233995736766e-17,55.91,229.5,0.1103,0.0236,4.205854760880755
2026-03-03 11:30:00+00:00,39.3,83.6,42.16666666666666,27.7,32,1003.9,0.0,11.325289159640391,1.9969540431696988,0.0023529411764705,-0.9659258262890684,-0.2588190451025206,1.0,6.123233995736766e-17,55.91,229.5,0.1103,0.0236,4.779660758479713
2026-03-03 12:30:00+00:00,42.2025,98.075,44.125,26.3,35,1004.3,0.0,9.708278749247295,5.381386784734339,0.0055555555555555,-1.0,-1.8369701987210292e-16,1.0,6.123233995736766e-17,55.91,229.5,0.1103,0.0236,4.730844601236775
2026-03-03 13:30:00+00:00,42.19,101.3,39.9,25.4,36,1005.1,0.0,11.21577151354694,1.3771235804781632,0.0064516129032258,-0.9659258262890684,0.2588190451025203,1.0,6.123233995736766e-17,55.91,229.5,0.1103,0.0236,3.4270638465234953
2026-03-03 14:30:00+00:00,39.66,224.675,25.475,24.3,38,1006.0,0.0,9.762708041299106,-0.8541262789270474,0.0095238095238095,-0.8660254037844386,0.5000000000000001,1.0,6.123233995736766e-17,55.91,229.5,0.1103,0.0236,4.1777063763439095
2026-03-03 15:30:00+00:00,38.8,174.525,48.65,23.3,44,1006.5,0.0,7.401715058725054,-2.1224076397908958,0.0125,-0.7071067811865477,0.7071067811865474,1.0,6.123233995736766e-17,55.91,229.5,0.1103,0.0236,2.7475936311274407
2026-03-03 16:30:00+00:00,41.3325,116.85,46.6,22.7,48,1006.6,0.0,5.08636752381579,-1.0811407922523446,0.0181818181818181,-0.5000000000000004,0.8660254037844384,1.0,6.123233995736766e-17,55.91,229.5,0.1103,0.0236,2.5571342634338845
2026-03-03 17:30:00+00:00,40.75,165.6,42.0,21.5,56,1006.5,0.0,2.009800006813722,-0.8948206147667612,0.05,-0.2588190451025215,0.965925826289068,1.0,6.123233995736766e-17,55.91,229.5,0.1103,0.0236,1.6755512027108443
2026-03-03 18:30:00+00:00,38.0475,114.7,35.75,21.5,56,1006.2,0.0,0.9271838545667872,0.3746065934159123,0.0666666666666666,0.0,1.0,1.0,6.123233995736766e-17,55.91,229.5,0.1103,0.0236,1.4507683679482897
2026-03-03 19:30:00+00:00,36.165,77.225,36.775,21.1,60,1005.6,0.0,-0.5706339097770922,0.1854101966249684,0.1,0.2588190451025207,0.9659258262890684,1.0,6.123233995736766e-17,55.91,229.5,0.1103,0.0236,2.161128285183798
2026-03-03 20:30:00+00:00,39.235,105.3,45.025,20.3,59,1004.9,0.0,-0.3535533905932738,0.3535533905932737,0.1,0.4999999999999999,0.8660254037844387,1.0,6.123233995736766e-17,55.91,229.5,0.1103,0.0236,3.010943050520795
2026-03-03 21:30:00+00:00,37.0875,143.7,45.275,19.5,60,1004.7,0.0,0.7097828148963341,5.050367150582008,0.0333333333333333,0.7071067811865475,0.7071067811865476,1.0,6.123233995736766e-17,55.91,229.5,0.1103,0.0236,1.5739387763763975
2026-03-03 22:30:00+00:00,39.525,100.625,47.0,18.4,62,1005.1,0.0,1.823200266812192,5.611233446141406,0.0222222222222222,0.8660254037844386,0.5000000000000001,1.0,6.123233995736766e-17,55.91,229.5,0.1103,0.0236,1.5210864650402907
2026-03-03 23:30:00+00:00,42.7125,97.65,42.7,18.0,70,1005.4,0.0,0.3557580160950366,5.087576656325104,0.025,0.9659258262890684,0.2588190451025207,1.0,6.123233995736766e-17,55.91,229.5,0.1103,0.0236,4.628663031427952
2026-03-04 00:30:00+00:00,39.505,82.7,53.575,18.3,68,1006.0,0.0,-0.7555899291119148,6.153786140176196,0.0285714285714285,1.0,6.123233995736766e-17,1.0,6.123233995736766e-17,55.91,229.5,0.1103,0.0236,2.8839207676948035
2026-03-04 01:30:00+00:00,37.6525,75.19999999999999,58.475,19.6,64,1007.3,0.0,3.4110767111715545,5.057129192585755,0.0166666666666666,0.9659258262890684,-0.2588190451025206,1.0,6.123233995736766e-17,55.91,229.5,0.1103,0.0236,2.307459383312032
2026-03-04 02:30:00+00:00,41.2375,99.625,42.175,22.6,55,1008.0,0.0,1.433948202423266,1.2465121550819644,0.01,0.8660254037844387,-0.4999999999999998,1.0,6.123233995736766e-17,55.91,229.5,0.1103,0.0236,2.8847810367499127
2026-03-04 03:30:00+00:00,39.5625,83.69999999999999,48.425,26.1,42,1008.3,0.0,0.8652475842498536,2.6629582456264296,0.0039215686274509,0.7071067811865476,-0.7071067811865475,1.0,6.123233995736766e-17,55.91,229.5,0.1103,0.0236,4.183194219453
2026-03-04 04:30:00+00:00,41.5725,66.6,54.575,28.6,34,1008.1,0.0,0.2093438249717742,3.9945181390182953,0.0012048192771084,0.4999999999999999,-0.8660254037844387,1.0,6.123233995736766e-17,55.91,229.5,0.1103,0.0236,1.462738191031191
2026-03-04 05:30:00+00:00,41.7,62.85,42.25,29.3,32,1007.2,0.0,-0.1710075338422534,4.897015052393569,0.0007246376811594,0.258819045102521,-0.9659258262890682,1.0,6.123233995736766e-17,55.91,229.5,0.1103,0.0236,0.4777347138412541
2026-03-04 06:30:00+00:00,42.55,60.8,45.175,30.8,27,1006.1,0.0,1.2727922061357857,1.272792206135786,0.0005494505494505,1.2246467991473532e-16,-1.0,1.0,6.123233995736766e-17,55.91,229.5,0.1103,0.0236,0.36452811574393784
2026-03-04 07:30:00+00:00,42.0125,60.150000000000006,58.775000000000006,31.3,26,1004.8,0.0,2.006491028788965,-1.806652637168916,0.0005037783375314,-0.2588190451025208,-0.9659258262890684,1.0,6.123233995736766e-17,55.91,229.5,0.1103,0.0236,0.11019822462049189
2026-03-04 08:30:00+00:00,41.1,58.05,58.05,31.3,26,1004.0,0.0,3.0783073766282945,-3.940053768033607,0.000502512562814,-0.4999999999999998,-0.8660254037844388,1.0,6.123233995736766e-17,55.91,229.5,0.1103,0.0236,4.702217444570383
2026-03-04 09:30:00+00:00,37.8,56.125,52.425,30.9,27,1003.4,0.0,3.394112549695429,-3.394112549695427,0.000502512562814,-0.7071067811865471,-0.7071067811865479,1.0,6.123233995736766e-17,55.91,229.5,0.1103,0.0236,0.5209118996652312
2026-03-04 10:30:00+00:00,40.795,65.675,59.85,30.3,28,1003.1,0.0,4.449593469062211,-3.232818887608601,0.0006644518272425,-0.8660254037844384,-0.5000000000000004,1.0,6.123233995736766e-17,55.91,229.5,0.1103,0.0236,0.9292545423216153
2026-03-04 11:30:00+00:00,41.725,69.0,40.55,29.6,30,1002.8,0.0,5.538019441238573,-6.838884460821341,0.0031746031746031,-0.9659258262890684,-0.2588190451025206,1.0,6.123233995736766e-17,55.91,229.5,0.1103,0.0236,0.9917873109133946
2026-03-04 12:30:00+00:00,42.39333333333334,65.10000000000001,46.1,27.9,36,1003.5,0.0,6.867857180027227,-5.970137163813614,0.0057142857142857,-1.0,-1.8369701987210292e-16,1.0,6.123233995736766e-17,55.91,229.5,0.1103,0.0236,1.8069953452412353
2026-03-04 13:30:00+00:00,37.5025,92.85,37.725,26.2,43,1004.2,0.0,7.354026653942189,-6.170761052990777,0.0083333333333333,-0.9659258262890684,0.2588190451025203,1.0,6.123233995736766e-17,55.91,229.5,0.1103,0.0236,1.9183333367277433
2026-03-04 14:30:00+00:00,38.285,197.1,32.825,25.3,45,1004.7,0.0,1.7981116483963793,-4.450482501920579,0.02,-0.8660254037844386,0.5000000000000001,1.0,6.123233995736766e-17,55.91,229.5,0.1103,0.0236,4.260800177098927
2026-03-04 15:30:00+00:00,40.45,166.10000000000002,49.725,24.5,47,1004.6,0.0,-0.3553967751100217,-3.381374444252129,0.04,-0.7071067811865477,0.7071067811865474,1.0,6.123233995736766e-17,55.91,229.5,0.1103,0.0236,4.788101769456436
2026-03-04 16:30:00+00:00,39.52,156.20000000000002,56.9,23.7,51,1005.0,0.0,2.1729143493093037,-0.3441558230885075,0.05,-0.5000000000000004,0.8660254037844384,1.0,6.123233995736766e-17,55.91,229.5,0.1103,0.0236,0.564196245769284
2026-03-04 17:30:00+00:00,39.6,134.1,41.03333333333333,22.6,56,1005.3,0.0,0.8834644651028974,0.1717280958388909,0.0666666666666666,-0.2588190451025215,0.965925826289068,1.0,6.123233995736766e-17,55.91,229.5,0.1103,0.0236,1.813532224319906
2026-03-04 18:30:00+00:00,39.6675,131.65,33.45,22.2,60,1005.0,0.0,-1.0724622203665692,-0.8999026535611551,0.05,0.0,1.0,1.0,6.123233995736766e-17,55.91,229.5,0.1103,0.0236,2.3521717749451607
2026-03-04 19:30:00+00:00,43.19,112.53333333333336,35.266666666666666,22.0,62,1004.4,0.0,1.1153003492838625,-1.2830062863787122,0.05,0.2588190451025207,0.9659258262890684,1.0,6.123233995736766e-17,55.91,229.5,0.1103,0.0236,0.03428454209687182
2026-03-04 20:30:00+00:00,43.425,111.125,47.225,21.4,65,1003.9,0.0,1.2830062863787128,-1.115300349283862,0.05,0.4999999999999999,0.8660254037844387,1.0,6.123233995736766e-17,55.91,229.5,0.1103,0.0236,4.38539371920181
2026-03-04 21:30:00+00:00,40.9875,103.225,45.1,21.2,66,1003.2,0.0,-0.3399186938124421,-1.0461621679246689,0.0666666666666666,0.7071067811865475,0.7071067811865476,1.0,6.123233995736766e-17,55.91,229.5,0.1103,0.0236,2.7927199964518423
2026-03-04 22:30:00+00:00,38.735,91.75,46.8,20.4,70,1003.2,0.0,-8.572527594031472e-17,0.7,0.05,0.8660254037844386,0.5000000000000001,1.0,6.123233995736766e-17,55.91,229.5,0.1103,0.0236,1.365608629469609
2026-03-04 23:30:00+00:00,42.21,76.76666666666667,42.4,19.4,76,1003.6,0.0,1.95051062115978,1.2188143077363711,0.0333333333333333,0.9659258262890684,0.2588190451025207,1.0,6.123233995736766e-17,55.91,229.5,0.1103,0.0236,3.8133439373238263
2026-03-05 00:30:00+00:00,40.5425,73.25,48.075,19.2,77,1004.3,0.0,1.992389396183491,0.1743114854953165,0.0333333333333333,1.0,6.123233995736766e-17,1.0,6.123233995736766e-17,55.91,229.5,0.1103,0.0236,0.14936110196017927
2026-03-05 01:30:00+00:00,40.0225,67.575,58.9,20.8,70,1005.1,0.0,1.7669289302057951,-0.3434561916777796,0.0222222222222222,0.9659258262890684,-0.2588190451025206,1.0,6.123233995736766e-17,55.91,229.5,0.1103,0.0236,2.4412505673944067
2026-03-05 02:30:00+00:00,41.7375,96.025,42.075,23.6,57,1005.6,0.0,0.8816778784387096,1.2135254915624212,0.008695652173913,0.8660254037844387,-0.4999999999999998,1.0,6.123233995736766e-17,55.91,229.5,0.1103,0.0236,3.5851038231989807
2026-03-05 03:30:00+00:00,42.75,79.83333333333333,52.76666666666667,26.6,48,1005.7,0.0,1.6059134552612595,1.7835475811457462,0.0031746031746031,0.7071067811865476,-0.7071067811865475,1.0,6.123233995736766e-17,55.91,229.5,0.1103,0.0236,2.0320790225292935
2026-03-05 04:30:00+00:00,39.53,77.6,52.46666666666667,28.8,40,1005.5,0.0,1.0606601717798212,1.0606601717798214,0.0014285714285714,0.4999999999999999,-0.8660254037844387,1.0,6.123233995736766e-17,55.91,229.5,0.1103,0.0236,0.569131903376433
2026-03-05 05:30:00+00:00,40.55,73.94999999999999,52.28333333333333,29.3,36,1004.9,0.0,-1.806652637168918,2.006491028788964,0.0006514657980456,0.258819045102521,-0.9659258262890682,1.0,6.123233995736766e-17,55.91,229.5,0.1103,0.0236,2.966067887300076
2026-03-05 06:30:00+00:00,41.57,70.3,52.1,30.9,32,1003.9,0.0,-3.0205472008342293,0.697348268465981,0.0005665722379603,1.2246467991473532e-16,-1.0,1.0,6.123233995736766e-17,55.91,229.5,0.1103,0.0236,3.5167230491184225
2026-03-05 07:30:00+00:00,38.3575,65.4,56.9,31.4,29,1002.8,0.0,-3.076893070088098,-0.3777949645559572,0.0005390835579514,-0.2588190451025208,-0.9659258262890684,1.0,6.123233995736766e-17,55.91,229.5,0.1103,0.0236,4.924329073838964
2026-03-05 08:30:00+00:00,38.185,65.525,57.225,31.6,28,1001.8,0.0,-3.380740392011739,-0.9058666578588226,0.000524934383202,-0.4999999999999998,-0.8660254037844388,1.0,6.123233995736766e-17,55.91,229.5,0.1103,0.0236,1.5596048842514327
2026-03-05 09:30:00+00:00,40.8025,59.325,50.775,31.4,28,1001.3,0.0,-3.7966746492933856,-2.0187277199793305,0.0005221932114882,-0.7071067811865471,-0.7071067811865479,1.0,6.123233995736766e-17,55.91,229.5,0.1103,0.0236,1.8300194790717734
2026-03-05 10:30:00+00:00,40.7,64.975,58.575,30.9,29,1001.2,0.0,-3.964183272437243,-2.8801477362331185,0.0005434782608695,-0.8660254037844384,-0.5000000000000004,1.0,6.123233995736766e-17,55.91,229.5,0.1103,0.0236,1.319241585719303
2026-03-05 11:30:00+00:00,41.9825,59.725,38.475,29.6,31,1001.4,0.0,-1.4910956940859574,-4.87715425541148,0.009090909090909,-0.9659258262890684,-0.2588190451025206,1.0,6.123233995736766e-17,55.91,229.5,0.1103,0.0236,2.299169440155713
2026-03-05 12:30:00+00:00,39.7075,78.5,46.575,27.8,38,1001.7,0.0,-2.5431837619078945,-0.5405703961261746,0.0285714285714285,-1.0,-1.8369701987210292e-16,1.0,6.123233995736766e-17,55.91,229.5,0.1103,0.0236,1.021539334717589
2026-03-05 13:30:00+00:00,39.3575,115.925,37.95,26.6,42,1002.3,0.0,-1.2188143077363711,1.95051062115978,0.04,-0.9659258262890684,0.2588190451025203,1.0,6.123233995736766e-17,55.91,229.5,0.1103,0.0236,4.31301190720045
2026-03-05 14:30:00+00:00,40.605,254.375,32.875,25.6,47,1002.8,0.0,-0.1828040151077213,1.488819227461983,0.05,-0.8660254037844386,0.5000000000000001,1.0,6.123233995736766e-17,55.91,229.5,0.1103,0.0236,3.663403874011016
2026-03-05 15:30:00+00:00,37.42,248.8,43.9,24.8,49,1003.3,0.0,0.6792070083931975,0.1693453269197674,0.0666666666666666,-0.7071067811865477,0.7071067811865474,1.0,6.123233995736766e-17,55.91,229.5,0.1103,0.0236,3.0791292666265155
2026-03-05 16:30:00+00:00,40.0475,136.925,45.975,24.3,51,1003.5,0.0,9.797174393178824e-17,-0.4,0.1,-0.5000000000000004,0.8660254037844384,1.0,6.123233995736766e-17,55.91,229.5,0.1103,0.0236,2.805321748230397
2026-03-05 17:30:00+00:00,37.053333333333335,181.2,40.2,23.2,59,1003.7,0.0,-2.7200108650993977,-2.202621368674431,0.025,-0.2588190451025215,0.965925826289068,1.0,6.123233995736766e-17,55.91,229.5,0.1103,0.0236,4.4872177820053505
2026-03-05 18:30:00+00:00,41.05,189.75,35.125,23.0,62,1003.2,0.0,-1.969615506024416,0.3472963553338606,0.04,0.0,1.0,1.0,6.123233995736766e-17,55.91,229.5,0.1103,0.0236,2.4185809523231767
2026-03-05 19:30:00+00:00,39.93,169.95,35.55,23.5,61,1002.6,0.0,-6.123233995736766e-17,0.5,0.1,0.2588190451025207,0.9659258262890684,1.0,6.123233995736766e-17,55.91,229.5,0.1103,0.0236,2.6897540097181993
2026-03-05 20:30:00+00:00,40.3325,134.425,44.825,22.4,63,1002.4,0.0,-0.7182423009839043,-1.973354503650408,0.04,0.4999999999999999,0.8660254037844387,1.0,6.123233995736766e-17,55.91,229.5,0.1103,0.0236,2.866494344233538
2026-03-05 21:30:00+00:00,39.2475,128.075,50.575,21.4,72,1002.3,0.0,-3.23606797749979,-2.3511410091698925,0.0181818181818181,0.7071067811865475,0.7071067811865476,1.0,6.123233995736766e-17,55.91,229.5,0.1103,0.0236,4.231378794392845
2026-03-05 22:30:00+00:00,41.337500000000006,129.625,48.6,21.6,70,1002.4,0.0,-5.177708763999664,-3.761825614671828,0.0142857142857142,0.8660254037844386,0.5000000000000001,1.0,6.123233995736766e-17,55.91,229.5,0.1103,0.0236,1.684066869910098
2026-03-05 23:30:00+00:00,39.465,101.325,40.175,20.4,81,1003.0,0.0,-4.112110450641052,-1.257198330307768,0.0153846153846153,0.9659258262890684,0.2588190451025207,1.0,6.123233995736766e-17,55.91,229.5,0.1103,0.0236,0.30117833755331336
2026-03-06 00:30:00+00:00,39.465,135.65,51.25,20.9,77,1003.9,0.0,-5.421022142882375,-1.7613968679372003,0.0153846153846153,1.0,6.123233995736766e-17,1.0,6.123233995736766e-17,55.91,229.5,0.1103,0.0236,1.304030137481011
2026-03-06 01:30:00+00:00,39.415,126.125,60.95,22.0,71,1004.9,0.0,-5.955276909847932,-0.7312160604308849,0.0111111111111111,0.9659258262890684,-0.2588190451025206,1.0,6.123233995736766e-17,55.91,229.5,0.1103,0.0236,2.7585828457290775
2026-03-06 02:30:00+00:00,40.557500000000005,123.4,40.55,24.2,61,1005.5,0.0,-4.87715425541148,-1.4910956940859574,0.0052631578947368,0.8660254037844387,-0.4999999999999998,1.0,6.123233995736766e-17,55.91,229.5,0.1103,0.0236,4.913227230861946
2026-03-06 03:30:00+00:00,40.8475,123.125,49.0,26.8,50,1005.9,0.0,-6.1,-3.735172737399427e-16,0.003030303030303,0.7071067811865476,-0.7071067811865475,1.0,6.123233995736766e-17,55.91,229.5,0.1103,0.0236,1.5710847030720991
2026-03-06 04:30:00+00:00,41.6975,108.225,57.65,29.3,42,1005.9,0.0,-5.92908948697082,1.8127045692809671,0.0017699115044247,0.4999999999999999,-0.8660254037844387,1.0,6.123233995736766e-17,55.91,229.5,0.1103,0.0236,1.052924445064034
2026-03-06 05:30:00+00:00,38.1575,98.5,38.725,30.6,38,1005.4,0.0,-5.0159053651246746,3.644268564213333,0.0007874015748031,0.258819045102521,-0.9659258262890682,1.0,6.123233995736766e-17,55.91,229.5,0.1103,0.0236,0.511074270524251
2026-03-06 06:30:00+00:00,43.275000000000006,102.625,48.175,32.3,32,1004.5,0.0,-5.05338481324628,4.550088123240236,0.0004866180048661,1.2246467991473532e-16,-1.0,1.0,6.123233995736766e-17,55.91,229.5,0.1103,0.0236,1.4038039047397795
2026-03-06 07:30:00+00:00,39.6675,100.05,57.425,33.0,29,1003.3,0.0,-5.947414008547892,3.296705417675092,0.0004228329809725,-0.2588190451025208,-0.9659258262890684,1.0,6.123233995736766e-17,55.91,229.5,0.1103,0.0236,3.5510856175764367
2026-03-06 08:30:00+00:00,41.1175,91.15,59.025,33.1,28,1002.5,0.0,-7.232034065620942,2.9219314286441143,0.0004089979550102,-0.4999999999999998,-0.8660254037844388,1.0,6.123233995736766e-17,55.91,229.5,0.1103,0.0236,2.2616662504536245
2026-03-06 09:30:00+00:00,40.4775,85.82499999999999,49.3,32.8,28,1002.1,0.0,-8.122149710525655,3.117801161044112,0.0004132231404958,-0.7071067811865471,-0.7071067811865479,1.0,6.123233995736766e-17,55.91,229.5,0.1103,0.0236,1.517095583634377
2026-03-06 10:30:00+00:00,38.27,94.43333333333334,58.03333333333333,32.0,29,1002.4,0.0,-8.652340489703978,0.909397630428584,0.0004640371229698,-0.8660254037844384,-0.5000000000000004,1.0,6.123233995736766e-17,55.91,229.5,0.1103,0.0236,3.858873435047639
2026-03-06 11:30:00+00:00,39.5275,95.35,39.9,30.4,34,1002.3,0.0,-5.573586191080457,-5.018479547691436,0.005,-0.9659258262890684,-0.2588190451025206,1.0,6.123233995736766e-17,55.91,229.5,0.1103,0.0236,0.49550889878278326
2026-03-06 12:30:00+00:00,42.120000000000005,94.2,45.9,29.2,38,1002.8,0.0,-3.7476659402887016,-3.747665940288702,0.0153846153846153,-1.0,-1.8369701987210292e-16,1.0,6.123233995736766e-17,55.91,229.5,0.1103,0.0236,0.7108299921331246
2026-03-06 13:30:00+00:00,40.4525,108.975,38.35,28.3,41,1003.3,0.0,-5.057129192585754,-3.4110767111715554,0.0181818181818181,-0.9659258262890684,0.2588190451025203,1.0,6.123233995736766e-17,55.91,229.5,0.1103,0.0236,0.7987463231910069
2026-03-06 14:30:00+00:00,41.425,122.6,29.95,26.8,48,1003.9,0.0,-8.273435647318816,-5.7931220071455645,0.009090909090909,-0.8660254037844386,0.5000000000000001,1.0,6.123233995736766e-17,55.91,229.5,0.1103,0.0236,4.6065918858635655
2026-03-06 15:30:00+00:00,40.1025,122.075,47.875,25.7,54,1004.4,0.0,-6.514471485336053,-3.914289369316412,0.0111111111111111,-0.7071067811865477,0.7071067811865474,1.0,6.123233995736766e-17,55.91,229.5,0.1103,0.0236,2.3930886826171816
2026-03-06 16:30:00+00:00,41.415,117.5,52.225,25.2,57,1004.6,0.0,-6.628421028130132,-2.5444124417716325,0.0117647058823529,-0.5000000000000004,0.8660254037844384,1.0,6.123233995736766e-17,55.91,229.5,0.1103,0.0236,3.9961134596324808
2026-03-06 17:30:00+00:00,40.36666666666667,106.40000000000002,39.36666666666667,24.7,59,1004.4,0.0,-6.076787658359647,0.5316500307607152,0.0133333333333333,-0.2588190451025215,0.965925826289068,1.0,6.123233995736766e-17,55.91,229.5,0.1103,0.0236,4.124949641789177
2026-03-06 18:30:00+00:00,40.1325,123.325,35.474999999999994,24.3,61,1004.3,0.0,-4.853487850015502,2.367204192661019,0.0181818181818181,0.0,1.0,1.0,6.123233995736766e-17,55.91,229.5,0.1103,0.0236,2.206172529730383
2026-03-06 19:30:00+00:00,39.395,127.775,36.6,23.8,62,1003.8,0.0,-4.727592877996584,1.6278407722857822,0.0181818181818181,0.2588190451025207,0.9659258262890684,1.0,6.123233995736766e-17,55.91,229.5,0.1103,0.0236,0.027575669975993256
2026-03-06 20:30:00+00:00,39.99,119.23333333333332,45.70000000000001,23.3,64,1003.6,0.0,-5.207209108562826,2.3183988655320604,0.0166666666666666,0.4999999999999999,0.8660254037844387,1.0,6.123233995736766e-17,55.91,229.5,0.1103,0.0236,1.8435557880332336
2026-03-06 21:30:00+00:00,38.5375,107.1,45.0,22.9,66,1003.5,0.0,-5.908846518073248,1.0418890660015818,0.0153846153846153,0.7071067811865475,0.7071067811865476,1.0,6.123233995736766e-17,55.91,229.5,0.1103,0.0236,2.5499725474836925
2026-03-06 22:30:00+00:00,41.9025,110.625,42.8,22.6,68,1003.5,0.0,-6.502872340548641,-1.98812759211461,0.0166666666666666,0.8660254037844386,0.5000000000000001,1.0,6.123233995736766e-17,55.91,229.5,0.1103,0.0236,1.0745586958172733
2026-03-06 23:30:00+00:00,39.89,107.575,39.725,22.0,75,1004.0,0.0,-4.697136886989751,0.1640276345017534,0.0222222222222222,0.9659258262890684,0.2588190451025207,1.0,6.123233995736766e-17,55.91,229.5,0.1103,0.0236,0.7405885829593251
2026-03-07 00:30:00+00:00,40.3275,128.29999999999998,51.15,22.0,76,1004.8,0.0,-5.409184627218783,1.4493866525741166,0.0181818181818181,1.0,6.123233995736766e-17,1.0,6.123233995736766e-17,55.91,229.5,0.1103,0.0236,4.609671616176692
2026-03-07 01:30:00+00:00,41.6125,113.575,59.25,23.2,72,1005.8,0.0,-4.168693836893553,0.5118512423016189,0.0117647058823529,0.9659258262890684,-0.2588190451025206,1.0,6.123233995736766e-17,55.91,229.5,0.1103,0.0236,0.16971633022940635
2026-03-07 02:30:00+00:00,40.08,125.425,41.825,25.7,61,1006.5,0.0,-3.076893070088098,-0.3777949645559572,0.0055555555555555,0.8660254037844387,-0.4999999999999998,1.0,6.123233995736766e-17,55.91,229.5,0.1103,0.0236,0.5590531821119121
2026-03-07 03:30:00+00:00,42.44,122.625,47.65,28.3,50,1007.0,0.0,-3.4,-2.0818995585505003e-16,0.0032786885245901,0.7071067811865476,-0.7071067811865475,1.0,6.123233995736766e-17,55.91,229.5,0.1103,0.0236,3.221664204999431
2026-03-07 04:30:00+00:00,41.0425,123.35,50.5,30.8,42,1006.9,0.0,-2.846718831998225,0.5533460865919799,0.0018691588785046,0.4999999999999999,-0.8660254037844387,1.0,6.123233995736766e-17,55.91,229.5,0.1103,0.0236,0.7326236377128614
2026-03-07 05:30:00+00:00,39.6025,137.85,37.35,31.3,38,1006.3,0.0,-1.973354503650408,0.7182423009839043,0.0007142857142857,0.258819045102521,-0.9659258262890682,1.0,6.123233995736766e-17,55.91,229.5,0.1103,0.0236,0.137200682822603
2026-03-07 06:30:00+00:00,41.665,126.675,49.85,33.0,32,1005.6,0.0,-3.1956145112146364,-0.1674750599774207,0.0004901960784313,1.2246467991473532e-16,-1.0,1.0,6.123233995736766e-17,55.91,229.5,0.1103,0.0236,2.1107212288026718
2026-03-07 07:30:00+00:00,40.82,128.775,58.8,33.6,30,1004.5,0.0,-5.80036983703456,-2.7047568751404767,0.000418410041841,-0.2588190451025208,-0.9659258262890684,1.0,6.123233995736766e-17,55.91,229.5,0.1103,0.0236,1.9448177009570422
2026-03-07 08:30:00+00:00,,,,33.5,30,1003.8,0.0,-7.916341739690986,-3.360287705007756,0.000395256916996,-0.4999999999999998,-0.8660254037844388,1.0,6.123233995736766e-17,55.91,229.5,0.1103,0.0236,
2026-03-07 09:30:00+00:00,,,,32.9,32,1003.4,0.0,-8.247400862033514,-3.8458261818403647,0.0004123711340206,-0.7071067811865471,-0.7071067811865479,1.0,6.123233995736766e-17,55.91,229.5,0.1103,0.0236,
2026-03-07 10:30:00+00:00,,,,32.1,34,1003.4,0.0,-7.427310243439824,-5.596879715314049,0.000593471810089,-0.8660254037844384,-0.5000000000000004,1.0,6.123233995736766e-17,55.91,229.5,0.1103,0.0236,
2026-03-07 11:30:00+00:00,,,,30.5,41,1003.4,0.0,-5.182866329025007,-5.962205683759899,0.0037735849056603,-0.9659258262890684,-0.2588190451025206,1.0,6.123233995736766e-17,55.91,229.5,0.1103,0.0236,
2026-03-07 12:30:00+00:00,,,,29.0,46,1004.0,0.0,-6.137267868956192,-8.764926873892211,0.0038461538461538,-1.0,-1.8369701987210292e-16,1.0,6.123233995736766e-17,55.91,229.5,0.1103,0.0236,
2026-03-07 13:30:00+00:00,42.24,111.625,37.45,28.1,47,1005.1,0.0,-8.38670567945424,-5.446390350150271,0.0057142857142857,-0.9659258262890684,0.2588190451025203,1.0,6.123233995736766e-17,55.91,229.5,0.1103,0.0236,1.0967402264058994
2026-03-07 14:30:00+00:00,41.485,134.1,31.7,27.4,49,1005.7,0.0,-8.100442710381476,-3.438433930705611,0.009090909090909,-0.8660254037844386,0.5000000000000001,1.0,6.123233995736766e-17,55.91,229.5,0.1103,0.0236,0.8805124205190773
2026-03-07 15:30:00+00:00,42.0025,129.4,42.875,26.9,51,1006.2,0.0,-8.122149710525655,-3.117801161044113,0.01,-0.7071067811865477,0.7071067811865474,1.0,6.123233995736766e-17,55.91,229.5,0.1103,0.0236,1.2229853970974873
2026-03-07 16:30:00+00:00,42.08,124.2,48.575,26.3,54,1006.3,0.0,-6.440453362786736,-1.8467702839738944,0.0125,-0.5000000000000004,0.8660254037844384,1.0,6.123233995736766e-17,55.91,229.5,0.1103,0.0236,4.505881367036371
2026-03-07 17:30:00+00:00,44.215,119.3,37.75,25.5,60,1006.3,0.0,-4.108219923081984,0.8732291014345883,0.0153846153846153,-0.2588190451025215,0.965925826289068,1.0,6.123233995736766e-17,55.91,229.5,0.1103,0.0236,4.699258204518272
2026-03-07 18:30:00+00:00,39.715,119.15,34.150000000000006,24.9,63,1006.0,0.0,-4.168693836893553,0.5118512423016189,0.0153846153846153,0.0,1.0,1.0,6.123233995736766e-17,55.91,229.5,0.1103,0.0236,2.465672134457195
2026-03-07 19:30:00+00:00,37.5125,117.475,37.625,24.3,66,1005.5,0.0,-3.748920614159444,-1.0749856876862969,0.02,0.2588190451025207,0.9659258262890684,1.0,6.123233995736766e-17,55.91,229.5,0.1103,0.0236,4.3081293366953295
2026-03-07 20:30:00+00:00,42.385,112.625,46.900000000000006,23.8,69,1005.0,0.0,-3.984778792366982,-0.3486229709906325,0.025,0.4999999999999999,0.8660254037844387,1.0,6.123233995736766e-17,55.91,229.5,0.1103,0.0236,3.379660780367769
2026-03-07 21:30:00+00:00,38.7,110.0,47.975,23.3,72,1004.8,0.0,-4.297380556182112,0.1500678358207531,0.0222222222222222,0.7071067811865475,0.7071067811865476,1.0,6.123233995736766e-17,55.91,229.5,0.1103,0.0236,3.7010130333309594
2026-03-07 22:30:00+00:00,42.165,114.625,50.575,22.6,76,1004.7,0.0,-6.276026597977997,0.5490811793102469,0.0153846153846153,0.8660254037844386,0.5000000000000001,1.0,6.123233995736766e-17,55.91,229.5,0.1103,0.0236,4.4014601501128086
2026-03-07 23:30:00+00:00,40.74,111.575,42.2,22.0,83,1005.2,0.0,-2.49481826772743,-1.271173399270731,0.0285714285714285,0.9659258262890684,0.2588190451025207,1.0,6.123233995736766e-17,55.91,229.5,0.1103,0.0236,0.9550316369133371
2026-03-08 00:30:00+00:00,40.0025,128.35,50.45,22.5,82,1005.8,0.0,-3.9945181390182953,-0.2093438249717758,0.0222222222222222,1.0,6.123233995736766e-17,1.0,6.123233995736766e-17,55.91,229.5,0.1103,0.0236,1.6467244341114229
2026-03-08 01:30:00+00:00,40.6525,121.525,62.3,23.8,75,1006.5,0.0,-1.626345596729059,-1.6263455967290592,0.0142857142857142,0.9659258262890684,-0.2588190451025206,1.0,6.123233995736766e-17,55.91,229.5,0.1103,0.0236,3.901662208290293
2026-03-08 02:30:00+00:00,39.0525,126.875,39.325,26.3,61,1007.1,0.0,-1.0895771993749124,-2.138415658052083,0.00625,0.8660254037844387,-0.4999999999999998,1.0,6.123233995736766e-17,55.91,229.5,0.1103,0.0236,3.576922465062271
2026-03-08 03:30:00+00:00,38.7225,126.125,50.125,28.8,51,1007.5,0.0,-1.7749966993109376,-3.80649270555393,0.0031746031746031,0.7071067811865476,-0.7071067811865475,1.0,6.123233995736766e-17,55.91,229.5,0.1103,0.0236,2.073711128699491
2026-03-08 04:30:00+00:00,39.42,118.825,51.85,31.0,44,1007.3,0.0,-2.197614961051637,-4.71280049259058,0.001063829787234,0.4999999999999999,-0.8660254037844387,1.0,6.123233995736766e-17,55.91,229.5,0.1103,0.0236,3.3893226572056703
2026-03-08 05:30:00+00:00,39.3675,114.925,41.6,31.7,39,1006.8,0.0,-3.23606797749979,-2.3511410091698925,0.0006430868167202,0.258819045102521,-0.9659258262890682,1.0,6.123233995736766e-17,55.91,229.5,0.1103,0.0236,3.482320949569117
2026-03-08 06:30:00+00:00,43.14666666666667,120.09999999999998,50.13333333333333,32.6,36,1005.9,0.0,-3.23084408978756,-2.524212048835199,0.0005865102639296,1.2246467991473532e-16,-1.0,1.0,6.123233995736766e-17,55.91,229.5,0.1103,0.0236,3.8043345311372603
2026-03-08 07:30:00+00:00,39.365,114.9,59.425,33.1,34,1005.0,0.0,-3.23084408978756,-2.524212048835199,0.0005305039787798,-0.2588190451025208,-0.9659258262890684,1.0,6.123233995736766e-17,55.91,229.5,0.1103,0.0236,4.812942630344864
2026-03-08 08:30:00+00:00,42.235,106.075,55.8,33.3,33,1004.0,0.0,-1.9607005260540973,-3.0192140446035265,0.0004987531172069,-0.4999999999999998,-0.8660254037844388,1.0,6.123233995736766e-17,55.91,229.5,0.1103,0.0236,1.1430235417393702
2026-03-08 09:30:00+00:00,40.475,100.675,50.65,33.0,34,1003.2,0.0,-1.992728755295296,-4.694574752607446,0.0005194805194805,-0.7071067811865471,-0.7071067811865479,1.0,6.123233995736766e-17,55.91,229.5,0.1103,0.0236,3.019241656559651
2026-03-08 10:30:00+00:00,38.1175,99.55,58.475,32.3,35,1002.9,0.0,-2.3225608791786545,-5.748539898314082,0.0005970149253731,-0.8660254037844384,-0.5000000000000004,1.0,6.123233995736766e-17,55.91,229.5,0.1103,0.0236,0.4144382762377741
2026-03-08 11:30:00+00:00,39.9025,98.075,41.8,30.8,41,1003.4,0.0,-7.371638786038165,-4.429327444226466,0.0033333333333333,-0.9659258262890684,-0.2588190451025206,1.0,6.123233995736766e-17,55.91,229.5,0.1103,0.0236,0.7705273190541789
2026-03-08 12:30:00+00:00,40.9275,100.925,46.375,29.0,50,1004.2,0.0,-7.571079705497266,0.6623836448822026,0.00625,-1.0,-1.8369701987210292e-16,1.0,6.123233995736766e-17,55.91,229.5,0.1103,0.0236,1.900329271106359
2026-03-08 13:30:00+00:00,39.815,106.325,35.2,27.9,54,1005.1,0.0,-7.5260373224359345,1.0577155672964966,0.008695652173913,-0.9659258262890684,0.2588190451025203,1.0,6.123233995736766e-17,55.91,229.5,0.1103,0.0236,1.1271619714822156
2026-03-08 14:30:00+00:00,44.0025,116.625,29.125,26.9,59,1005.8,0.0,-9.87688340595138,-1.5643446504023093,0.0052631578947368,-0.8660254037844386,0.5000000000000001,1.0,6.123233995736766e-17,55.91,229.5,0.1103,0.0236,0.8219256462407326
2026-03-08 15:30:00+00:00,40.3625,108.95,49.825,26.3,62,1006.1,0.0,-9.398568334470076,-0.1640526205104637,0.006060606060606,-0.7071067811865477,0.7071067811865474,1.0,6.123233995736766e-17,55.91,229.5,0.1103,0.0236,3.0468134603366135
2026-03-08 16:30:00+00:00,43.93,103.05,50.925,25.8,64,1006.1,0.0,-8.693332436601615,2.3293714059226875,0.0066666666666666,-0.5000000000000004,0.8660254037844384,1.0,6.123233995736766e-17,55.91,229.5,0.1103,0.0236,0.8463946252809235
2026-03-08 17:30:00+00:00,36.61666666666667,101.09999999999998,39.46666666666667,25.5,69,1006.2,0.0,-9.52178367944234,1.8508472551524844,0.0064516129032258,-0.2588190451025215,0.965925826289068,1.0,6.123233995736766e-17,55.91,229.5,0.1103,0.0236,3.637471074959022
2026-03-08 18:30:00+00:00,40.48333333333333,102.275,37.13333333333333,24.9,72,1005.7,0.0,-8.49597275607619,3.782650780604941,0.0064516129032258,0.0,1.0,1.0,6.123233995736766e-17,55.91,229.5,0.1103,0.0236,2.3810783376841114
2026-03-08 19:30:00+00:00,37.695,101.225,36.875,24.4,74,1005.3,0.0,-7.909387607432669,3.8576660917438814,0.0074074074074074,0.2588190451025207,0.9659258262890684,1.0,6.123233995736766e-17,55.91,229.5,0.1103,0.0236,2.934196165870713
2026-03-08 20:30:00+00:00,29.695,76.675,36.875,23.9,77,1004.6,0.0,-7.128052193506943,3.631923997916374,0.008695652173913,0.4999999999999999,0.8660254037844387,1.0,6.123233995736766e-17,55.91,229.5,0.1103,0.0236,2.4677613614230447
2026-03-08 21:30:00+00:00,39.8675,100.35,46.075,23.4,79,1004.4,0.0,-7.898796791735491,0.1378740108545394,0.0095238095238095,0.7071067811865475,0.7071067811865476,1.0,6.123233995736766e-17,55.91,229.5,0.1103,0.0236,2.6911985892716492
2026-03-08 22:30:00+00:00,41.7325,105.725,50.875,23.1,81,1004.8,0.0,-9.01143942554829,-1.2664752187365975,0.0064516129032258,0.8660254037844386,0.5000000000000001,1.0,6.123233995736766e-17,55.91,229.5,0.1103,0.0236,3.7374392740736795
2026-03-08 23:30:00+00:00,41.307500000000005,102.825,41.825,23.3,81,1005.4,0.0,-5.72474478502838,1.42733918403804,0.01,0.9659258262890684,0.2588190451025207,1.0,6.123233995736766e-17,55.91,229.5,0.1103,0.0236,2.0724700554642177
2026-03-09 00:30:00+00:00,41.2025,100.05,50.975,23.0,83,1006.4,0.0,-2.092044805397945,-9.06164160250269,0.0083333333333333,1.0,6.123233995736766e-17,1.0,6.123233995736766e-17,55.91,229.5,0.1103,0.0236,2.0631583618801326
2026-03-09 01:30:00+00:00,39.17666666666667,101.8,56.9,23.9,78,1007.2,0.0,-5.773319455116464,-6.641444305960395,0.0044444444444444,0.9659258262890684,-0.2588190451025206,1.0,6.123233995736766e-17,55.91,229.5,0.1103,0.0236,2.416297864492472
2026-03-09 02:30:00+00:00,39.595,115.0,38.15,25.5,69,1007.8,0.0,-6.170761052990777,-7.354026653942189,0.0029411764705882,0.8660254037844387,-0.4999999999999998,1.0,6.123233995736766e-17,55.91,229.5,0.1103,0.0236,1.128510497867297
2026-03-09 03:30:00+00:00,40.99,114.875,47.775,27.4,62,1008.1,0.0,-8.452747298495046,-7.347861124693681,0.0018181818181818,0.7071067811865476,-0.7071067811865475,1.0,6.123233995736766e-17,55.91,229.5,0.1103,0.0236,3.877621142696996
2026-03-09 04:30:00+00:00,41.735,121.55,52.75,29.4,55,1008.0,0.0,-8.658735100680017,-4.7996152404387376,0.0014705882352941,0.4999999999999999,-0.8660254037844387,1.0,6.123233995736766e-17,55.91,229.5,0.1103,0.0236,1.4002729211021847
2026-03-09 05:30:00+00:00,38.02,123.55,41.375,30.3,53,1007.6,0.0,-6.657395614066075,-2.163118960624632,0.0009216589861751,0.258819045102521,-0.9659258262890682,1.0,6.123233995736766e-17,55.91,229.5,0.1103,0.0236,0.2175580488712231
2026-03-09 06:30:00+00:00,37.605,124.975,49.05,31.6,49,1006.7,0.0,-6.440453362786736,-1.8467702839738944,0.0006269592476489,1.2246467991473532e-16,-1.0,1.0,6.123233995736766e-17,55.91,229.5,0.1103,0.0236,3.854676115361053
2026-03-09 07:30:00+00:00,38.4375,120.725,58.175,29.4,54,1006.4,0.6,-12.426815521607944,-5.274870234605198,0.0015037593984962,-0.2588190451025208,-0.9659258262890684,1.0,6.123233995736766e-17,55.91,229.5,0.1103,0.0236,4.10392903664885
2026-03-09 08:30:00+00:00,37.0425,117.325,55.625,29.3,56,1005.6,0.4,-7.389858557183847,0.3872860761977828,0.0013333333333333,-0.4999999999999998,-0.8660254037844388,1.0,6.123233995736766e-17,55.91,229.5,0.1103,0.0236,1.498935082699181
2026-03-09 09:30:00+00:00,41.9825,105.75,48.8,29.2,55,1005.2,0.3,-7.600086505324835,-1.7546182238821464,0.0011695906432748,-0.7071067811865471,-0.7071067811865479,1.0,6.123233995736766e-17,55.91,229.5,0.1103,0.0236,1.3894667885798795
2026-03-09 10:30:00+00:00,40.9225,104.2,62.6,29.1,55,1005.0,0.0,-5.991777208527443,-0.3140157374576638,0.0011764705882352,-0.8660254037844384,-0.5000000000000004,1.0,6.123233995736766e-17,55.91,229.5,0.1103,0.0236,0.7808656566773675
2026-03-09 11:30:00+00:00,40.06,100.36666666666667,39.36666666666667,27.2,64,1005.5,0.0,-4.014873486536645,8.609923976848174,0.0036363636363636,-0.9659258262890684,-0.2588190451025206,1.0,6.123233995736766e-17,55.91,229.5,0.1103,0.0236,4.885590577449734
2026-03-09 12:30:00+00:00,41.27,96.325,48.625,26.3,72,1005.7,0.0,0.6973482684659814,3.0205472008342293,0.04,-1.0,-1.8369701987210292e-16,1.0,6.123233995736766e-17,55.91,229.5,0.1103,0.0236,2.1344286272386714
2026-03-09 13:30:00+00:00,41.43,93.6,40.95,26.3,73,1006.7,0.0,-2.997704786691613,-4.125986671312232,0.0222222222222222,-0.9659258262890684,0.2588190451025203,1.0,6.123233995736766e-17,55.91,229.5,0.1103,0.0236,3.18871106991784
2026-03-09 14:30:00+00:00,39.11,92.925,29.95,26.2,72,1007.4,0.0,-6.495190528383289,-3.750000000000001,0.0083333333333333,-0.8660254037844386,0.5000000000000001,1.0,6.123233995736766e-17,55.91,229.5,0.1103,0.0236,0.10612712506570976
2026-03-09 15:30:00+00:00,38.26,94.15,50.175,25.6,70,1008.0,0.0,-9.390216967044534,-1.9959522318504908,0.0057142857142857,-0.7071067811865477,0.7071067811865474,1.0,6.123233995736766e-17,55.91,229.5,0.1103,0.0236,0.9887606624035816
2026-03-09 16:30:00+00:00,42.8825,91.725,49.875,25.1,70,1008.3,0.0,-8.96575228282571,-0.7844016847289232,0.0064516129032258,-0.5000000000000004,0.8660254037844384,1.0,6.123233995736766e-17,55.91,229.5,0.1103,0.0236,3.673086742344365
2026-03-09 17:30:00+00:00,38.77,87.90000000000002,38.86666666666667,25.2,75,1008.0,0.0,-8.128590425685802,2.485159490143261,0.008,-0.2588190451025215,0.965925826289068,1.0,6.123233995736766e-17,55.91,229.5,0.1103,0.0236,4.679475078417017
2026-03-09 18:30:00+00:00,,,,25.0,76,1007.6,0.0,-6.651075942613836,3.2439464862391736,0.009090909090909,0.0,1.0,1.0,6.123233995736766e-17,55.91,229.5,0.1103,0.0236,
2026-03-09 19:30:00+00:00,,,,24.6,78,1007.2,0.0,-6.873743416833045,0.6013746249588419,0.0117647058823529,0.2588190451025207,0.9659258262890684,1.0,6.123233995736766e-17,55.91,229.5,0.1103,0.0236,
2026-03-09 20:30:00+00:00,,,,24.1,80,1006.9,0.0,-6.598502816144945,-2.017364762586884,0.0125,0.4999999999999999,0.8660254037844387,1.0,6.123233995736766e-17,55.91,229.5,0.1103,0.0236,
2026-03-09 21:30:00+00:00,,,,23.6,82,1006.5,0.0,-6.651075942613836,-3.243946486239173,0.0117647058823529,0.7071067811865475,0.7071067811865476,1.0,6.123233995736766e-17,55.91,229.5,0.1103,0.0236,
2026-03-09 22:30:00+00:00,,,,23.2,85,1007.0,0.0,-5.213005468535168,-2.542552651376649,0.0125,0.8660254037844386,0.5000000000000001,1.0,6.123233995736766e-17,55.91,229.5,0.1103,0.0236,
2026-03-09 23:30:00+00:00,,,,23.1,85,1007.7,0.0,-8.100442710381476,-3.438433930705611,0.0111111111111111,0.9659258262890684,0.2588190451025207,1.0,6.123233995736766e-17,55.91,229.5,0.1103,0.0236,
2026-03-10 00:30:00+00:00,,,,23.0,85,1008.5,0.0,-7.505054539300878,-3.990508283680073,0.009090909090909,1.0,6.123233995736766e-17,1.0,6.123233995736766e-17,55.91,229.5,0.1103,0.0236,
2026-03-10 01:30:00+00:00,,,,24.1,80,1009.5,0.0,-4.873157287304539,-0.512189470011502,0.0064516129032258,0.9659258262890684,-0.2588190451025206,1.0,6.123233995736766e-17,55.91,229.5,0.1103,0.0236,
2026-03-10 02:30:00+00:00,,,,26.3,70,1010.1,0.0,-5.36935750346352,3.099999999999999,0.0032258064516129,0.8660254037844387,-0.4999999999999998,1.0,6.123233995736766e-17,55.91,229.5,0.1103,0.0236,
2026-03-10 03:30:00+00:00,,,,28.7,60,1010.1,0.0,-5.977168188550474,0.5229344564859494,0.0022471910112359,0.7071067811865476,-0.7071067811865475,1.0,6.123233995736766e-17,55.91,229.5,0.1103,0.0236,
2026-03-10 04:30:00+00:00,,,,30.4,54,1009.9,0.0,-6.49109197590473,-0.3401837155791358,0.0008810572687224,0.4999999999999999,-0.8660254037844387,1.0,6.123233995736766e-17,55.91,229.5,0.1103,0.0236,
2026-03-10 05:30:00+00:00,,,,29.9,59,1009.4,0.0,-7.433921765576923,1.5801288502149693,0.0009174311926605,0.258819045102521,-0.9659258262890682,1.0,6.123233995736766e-17,55.91,229.5,0.1103,0.0236,
2026-03-10 06:30:00+00:00,,,,30.9,52,1008.2,0.0,-6.3,-3.857637417314162e-16,0.0007272727272727,1.2246467991473532e-16,-1.0,1.0,6.123233995736766e-17,55.91,229.5,0.1103,0.0236,
2026-03-10 07:30:00+00:00,38.36333333333334,91.36666666666667,57.1,31.3,50,1007.2,0.0,-4.897015052393569,-0.1710075338422553,0.0006600660066006,-0.2588190451025208,-0.9659258262890684,1.0,6.123233995736766e-17,55.91,229.5,0.1103,0.0236,2.633142971509974
2026-03-10 08:30:00+00:00,42.475,86.875,60.2,31.4,49,1005.9,0.0,-3.592970587277404,-1.2371589869371955,0.0006451612903225,-0.4999999999999998,-0.8660254037844388,1.0,6.123233995736766e-17,55.91,229.5,0.1103,0.0236,0.2938474506747685
2026-03-10 09:30:00+00:00,41.41333333333333,82.83333333333333,52.9,31.5,49,1005.3,0.0,-2.657218632176548,-1.5966180322211685,0.000632911392405,-0.7071067811865471,-0.7071067811865479,1.0,6.123233995736766e-17,55.91,229.5,0.1103,0.0236,2.4139428397533362
2026-03-10 10:30:00+00:00,39.7,86.44999999999999,57.9,30.8,50,1005.1,0.0,-3.555678026142496,-0.5631640741448314,0.000709219858156,-0.8660254037844384,-0.5000000000000004,1.0,6.123233995736766e-17,55.91,229.5,0.1103,0.0236,4.156489932491195
2026-03-10 11:30:00+00:00,42.78,81.725,38.3,29.1,58,1005.2,0.0,-4.3748599749577055,-1.4214781741247582,0.008,-0.9659258262890684,-0.2588190451025206,1.0,6.123233995736766e-17,55.91,229.5,0.1103,0.0236,1.7503978217954108
2026-03-10 12:30:00+00:00,40.095,82.9,48.775,27.8,68,1005.9,0.0,-0.177942251226009,-3.395340418165551,0.025,-1.0,-1.8369701987210292e-16,1.0,6.123233995736766e-17,55.91,229.5,0.1103,0.0236,0.0794178435706333
2026-03-10 13:30:00+00:00,41.23,86.525,40.05,27.1,73,1006.6,0.0,1.1110124779463977,-3.633958072659535,0.0285714285714285,-0.9659258262890684,0.2588190451025203,1.0,6.123233995736766e-17,55.91,229.5,0.1103,0.0236,4.8473121496794835
2026-03-10 14:30:00+00:00,41.555,192.4,29.775,26.5,77,1007.2,0.0,0.3763024677635523,-3.580278823325784,0.025,-0.8660254037844386,0.5000000000000001,1.0,6.123233995736766e-17,55.91,229.5,0.1103,0.0236,1.8208295156592813
2026-03-10 15:30:00+00:00,41.025,216.725,47.775,26.1,80,1007.7,0.0,-1.2678547852220985,-2.7189233611099497,0.0333333333333333,-0.7071067811865477,0.7071067811865474,1.0,6.123233995736766e-17,55.91,229.5,0.1103,0.0236,1.754986472973485
2026-03-10 16:30:00+00:00,40.2225,139.525,50.625,25.5,80,1007.6,0.0,-2.197614961051637,-4.71280049259058,0.0222222222222222,-0.5000000000000004,0.8660254037844384,1.0,6.123233995736766e-17,55.91,229.5,0.1103,0.0236,2.8948119444911233
2026-03-10 17:30:00+00:00,40.21666666666667,121.7,40.8,25.2,85,1007.1,0.0,-2.907803098047884,-4.3109953772862175,0.02,-0.2588190451025215,0.965925826289068,1.0,6.123233995736766e-17,55.91,229.5,0.1103,0.0236,2.533832452290514
2026-03-10 18:30:00+00:00,35.05,233.7,36.3,24.8,87,1006.9,0.0,-2.182394752199995,-2.3403318451813457,0.0222222222222222,0.0,1.0,1.0,6.123233995736766e-17,55.91,229.5,0.1103,0.0236,3.5485007822878645
2026-03-10 19:30:00+00:00,38.766666666666666,154.33333333333334,40.36666666666667,24.4,89,1006.0,0.0,-2.6934229357015256,-0.1883424791091387,0.0285714285714285,0.2588190451025207,0.9659258262890684,1.0,6.123233995736766e-17,55.91,229.5,0.1103,0.0236,4.745876252048428
2026-03-10 20:30:00+00:00,37.22,109.225,43.85,24.2,90,1005.9,0.0,-0.9325751537483652,0.7551844692598048,0.04,0.4999999999999999,0.8660254037844387,1.0,6.123233995736766e-17,55.91,229.5,0.1103,0.0236,3.439155659554581
2026-03-10 21:30:00+00:00,41.29,254.65,45.875,23.9,90,1005.9,0.0,-1.592040838891559e-16,1.3,0.0285714285714285,0.7071067811865475,0.7071067811865476,1.0,6.123233995736766e-17,55.91,229.5,0.1103,0.0236,4.133496815621119
2026-03-10 22:30:00+00:00,40.9875,220.95,45.6,23.8,90,1006.2,0.0,3.21189878922932,-6.887939181478537,0.0153846153846153,0.8660254037844386,0.5000000000000001,1.0,6.123233995736766e-17,55.91,229.5,0.1103,0.0236,0.892142636142817
2026-03-10 23:30:00+00:00,37.2925,154.1,43.225,22.8,93,1007.0,2.2,10.933964965147506,-10.558807230976749,0.0046511627906976,0.9659258262890684,0.2588190451025207,1.0,6.123233995736766e-17,55.91,229.5,0.1103,0.0236,1.646689951496375
2026-03-11 00:30:00+00:00,37.1775,242.0,53.025,23.0,92,1006.8,0.2,5.983281547440861,2.53975233518028,0.0222222222222222,1.0,6.123233995736766e-17,1.0,6.123233995736766e-17,55.91,229.5,0.1103,0.0236,2.9457618784978616
2026-03-11 01:30:00+00:00,39.375,181.125,58.075,24.3,84,1007.3,0.0,3.7314116230882735,2.331644762626102,0.0181818181818181,0.9659258262890684,-0.2588190451025206,1.0,6.123233995736766e-17,55.91,229.5,0.1103,0.0236,0.7263171390800777
2026-03-11 02:30:00+00:00,42.4375,152.65,41.175,26.4,74,1008.1,0.4,3.233592155403522,1.0506577808748216,0.008695652173913,0.8660254037844387,-0.4999999999999998,1.0,6.123233995736766e-17,55.91,229.5,0.1103,0.0236,0.11379598774910293
2026-03-11 03:30:00+00:00,37.495,183.5,52.725,28.6,63,1008.1,0.0,0.5322281703192694,-2.1346505978071924,0.002061855670103,0.7071067811865476,-0.7071067811865475,1.0,6.123233995736766e-17,55.91,229.5,0.1103,0.0236,0.06356685492364567
2026-03-11 04:30:00+00:00,40.85,124.09999999999998,51.76666666666667,30.0,56,1007.6,0.0,0.8771151141682088,-2.868914267889107,0.0010204081632653,0.4999999999999999,-0.8660254037844387,1.0,6.123233995736766e-17,55.91,229.5,0.1103,0.0236,4.536002161023694
2026-03-11 05:30:00+00:00,38.9575,84.75,41.175,30.6,55,1006.9,0.0,3.3990540474756723,-2.292690904230059,0.0007017543859649,0.258819045102521,-0.9659258262890682,1.0,6.123233995736766e-17,55.91,229.5,0.1103,0.0236,4.592819717549218
2026-03-11 06:30:00+00:00,40.2375,116.525,49.925,31.3,53,1005.8,0.0,4.6796222421523135,-2.488199282765219,0.0006024096385542,1.2246467991473532e-16,-1.0,1.0,6.123233995736766e-17,55.91,229.5,0.1103,0.0236,0.262687115149412
2026-03-11 07:30:00+00:00,39.31666666666667,120.8,61.79999999999999,31.4,51,1004.3,0.0,5.572523087054836,-2.71790111009228,0.0006006006006006,-0.2588190451025208,-0.9659258262890684,1.0,6.123233995736766e-17,55.91,229.5,0.1103,0.0236,0.49628488190437525
2026-03-11 08:30:00+00:00,40.8,97.8,58.5,30.5,53,1003.4,0.1,8.130554573019147,-3.619956123374625,0.0008333333333333,-0.4999999999999998,-0.8660254037844388,1.0,6.123233995736766e-17,55.91,229.5,0.1103,0.0236,3.5640390395199684
2026-03-11 09:30:00+00:00,40.7025,93.65,52.525,30.1,55,1002.7,0.1,4.476372742448744,-1.9930095510714227,0.0009661835748792,-0.7071067811865471,-0.7071067811865479,1.0,6.123233995736766e-17,55.91,229.5,0.1103,0.0236,4.9933541896402325
2026-03-11 10:30:00+00:00,38.7275,103.1,60.45,30.0,55,1002.4,0.0,2.1650635094610964,-1.2500000000000002,0.0010471204188481,-0.8660254037844384,-0.5000000000000004,1.0,6.123233995736766e-17,55.91,229.5,0.1103,0.0236,3.6323631717361424
2026-03-11 11:30:00+00:00,39.42,107.1,44.76666666666667,29.5,58,1002.6,0.0,5.075323607405239,-2.3666622657479177,0.0010695187165775,-0.9659258262890684,-0.2588190451025206,1.0,6.123233995736766e-17,55.91,229.5,0.1103,0.0236,2.9835867353964503
2026-03-11 12:30:00+00:00,43.4625,115.875,49.325,28.3,67,1003.1,0.0,3.4235166025683204,-0.727690917862155,0.0142857142857142,-1.0,-1.8369701987210292e-16,1.0,6.123233995736766e-17,55.91,229.5,0.1103,0.0236,3.371065640942686
2026-03-11 13:30:00+00:00,38.5825,232.375,37.025,27.8,74,1003.7,0.0,2.006491028788965,-1.806652637168916,0.025,-0.9659258262890684,0.2588190451025203,1.0,6.123233995736766e-17,55.91,229.5,0.1103,0.0236,4.519141186146005
2026-03-11 14:30:00+00:00,41.4025,275.25,30.3,27.3,75,1004.1,0.0,-1.2496402047198143,-0.3583285625620989,0.0666666666666666,-0.8660254037844386,0.5000000000000001,1.0,6.123233995736766e-17,55.91,229.5,0.1103,0.0236,4.784681785016658
2026-03-11 15:30:00+00:00,41.9525,239.0,50.55,26.7,75,1004.2,0.0,-2.49481826772743,1.2711733992707308,0.0333333333333333,-0.7071067811865477,0.7071067811865474,1.0,6.123233995736766e-17,55.91,229.5,0.1103,0.0236,0.4284983370827433
2026-03-11 16:30:00+00:00,39.0425,324.725,48.325,26.0,80,1004.1,0.0,-3.233246532964663,2.180852323535912,0.0222222222222222,-0.5000000000000004,0.8660254037844384,1.0,6.123233995736766e-17,55.91,229.5,0.1103,0.0236,0.23365732764880132
2026-03-11 17:30:00+00:00,39.59,307.3,40.333333333333336,25.1,91,1003.8,0.0,-1.6349186160502676,1.4720873339894882,0.0333333333333333,-0.2588190451025215,0.965925826289068,1.0,6.123233995736766e-17,55.91,229.5,0.1103,0.0236,0.47662980938442845
2026-03-11 18:30:00+00:00,42.18000000000001,271.65,36.91666666666667,25.2,91,1003.5,0.0,-1.8169790363297675,0.5555062389731996,0.02,0.0,1.0,1.0,6.123233995736766e-17,55.91,229.5,0.1103,0.0236,3.1011580441921365
2026-03-11 19:30:00+00:00,44.77,236.0,33.5,25.1,89,1002.9,0.0,-4.9,-3.000384657911015e-16,0.0111111111111111,0.2588190451025207,0.9659258262890684,1.0,6.123233995736766e-17,55.91,229.5,0.1103,0.0236,2.060431880326012
2026-03-11 20:30:00+00:00,42.225,124.425,47.2,24.6,89,1002.5,0.0,-0.3747696938149321,4.283637201794505,0.0153846153846153,0.4999999999999999,0.8660254037844387,1.0,6.123233995736766e-17,55.91,229.5,0.1103,0.0236,2.9657516614668875
2026-03-11 21:30:00+00:00,41.59333333333333,118.2,44.56666666666666,23.9,93,1002.4,0.0,-4.885666672361677,-3.8171011470190814,0.0125,0.7071067811865475,0.7071067811865476,1.0,6.123233995736766e-17,55.91,229.5,0.1103,0.0236,1.792545000142483
2026-03-11 22:30:00+00:00,42.2375,91.7,48.975,23.6,94,1002.7,0.0,-6.9904067432820165,0.3663516937006053,0.0117647058823529,0.8660254037844386,0.5000000000000001,1.0,6.123233995736766e-17,55.91,229.5,0.1103,0.0236,2.250410812681438
2026-03-11 23:30:00+00:00,39.985,73.4,42.0,23.5,87,1002.9,0.0,1.050657780874822,-3.233592155403522,0.0222222222222222,0.9659258262890684,0.2588190451025207,1.0,6.123233995736766e-17,55.91,229.5,0.1103,0.0236,3.791942935411039
2026-03-12 00:30:00+00:00,40.695,114.0,50.1,23.4,90,1003.2,0.0,-8.147505622615611,-1.583714661625323,0.008695652173913,1.0,6.123233995736766e-17,1.0,6.123233995736766e-17,55.91,229.5,0.1103,0.0236,0.9624038675653512
2026-03-12 01:30:00+00:00,39.55,80.975,59.675,24.2,87,1003.6,0.0,-3.6,-2.2043642384652358e-16,0.0083333333333333,0.9659258262890684,-0.2588190451025206,1.0,6.123233995736766e-17,55.91,229.5,0.1103,0.0236,3.721812760203742
2026-03-12 02:30:00+00:00,41.945,113.9,39.25,26.3,78,1004.3,0.0,-3.464101615137755,1.9999999999999991,0.0048780487804878,0.8660254037844387,-0.4999999999999998,1.0,6.123233995736766e-17,55.91,229.5,0.1103,0.0236,1.3697566575641051
2026-03-12 03:30:00+00:00,39.4275,109.85,50.525,28.5,69,1004.6,0.0,-3.964183272437243,2.880147736233118,0.0023255813953488,0.7071067811865476,-0.7071067811865475,1.0,6.123233995736766e-17,55.91,229.5,0.1103,0.0236,0.9530561786138148
2026-03-12 04:30:00+00:00,40.2375,97.225,52.85,30.2,60,1004.3,0.0,-3.6062834421653234,2.3419478505646167,0.0012987012987012,0.4999999999999999,-0.8660254037844387,1.0,6.123233995736766e-17,55.91,229.5,0.1103,0.0236,3.792229355835813
2026-03-12 05:30:00+00:00,40.9875,101.85,40.5,30.6,54,1003.8,0.0,-0.1604398896114887,2.294397315597596,0.0008264462809917,0.258819045102521,-0.9659258262890682,1.0,6.123233995736766e-17,55.91,229.5,0.1103,0.0236,0.8827163179996905
2026-03-12 06:30:00+00:00,40.6925,107.25,50.475,32.0,46,1002.8,0.0,2.1874299874788528,0.7107390870623793,0.0006688963210702,1.2246467991473532e-16,-1.0,1.0,6.123233995736766e-17,55.91,229.5,0.1103,0.0236,4.890952773720228
2026-03-12 07:30:00+00:00,39.3625,93.825,54.325,32.9,40,1001.6,0.0,3.9945181390182953,-0.2093438249717757,0.0005494505494505,-0.2588190451025208,-0.9659258262890684,1.0,6.123233995736766e-17,55.91,229.5,0.1103,0.0236,2.740013473650226
2026-03-12 08:30:00+00:00,40.515,87.25,63.925,32.9,38,1000.4,0.0,7.210124886344505,1.1419715947936866,0.0005390835579514,-0.4999999999999998,-0.8660254037844388,1.0,6.123233995736766e-17,55.91,229.5,0.1103,0.0236,2.0757603226461327
2026-03-12 09:30:00+00:00,42.105,92.575,48.4,33.0,33,999.7,0.0,10.123970746741485,1.243067302732501,0.0005780346820809,-0.7071067811865471,-0.7071067811865479,1.0,6.123233995736766e-17,55.91,229.5,0.1103,0.0236,3.365118028154493
2026-03-12 10:30:00+00:00,40.02,90.9,54.55,32.5,35,1000.1,0.0,7.389858557183847,-0.3872860761977852,0.0005780346820809,-0.8660254037844384,-0.5000000000000004,1.0,6.123233995736766e-17,55.91,229.5,0.1103,0.0236,4.2929501652741235
2026-03-12 11:30:00+00:00,41.120000000000005,104.6,41.1,31.5,38,999.8,0.0,8.1,1.487945860964034e-15,0.0054054054054054,-0.9659258262890684,-0.2588190451025206,1.0,6.123233995736766e-17,55.91,229.5,0.1103,0.0236,3.706350209308705
2026-03-12 12:30:00+00:00,38.56,119.125,51.525,29.8,46,1000.2,0.0,3.9467090073008144,1.4364846019678117,0.02,-1.0,-1.8369701987210292e-16,1.0,6.123233995736766e-17,55.91,229.5,0.1103,0.0236,1.338844265786507
2026-03-12 13:30:00+00:00,40.8775,120.4,37.075,28.7,56,1001.0,0.0,1.0692078290260414,-0.544788599687456,0.05,-0.9659258262890684,0.2588190451025203,1.0,6.123233995736766e-17,55.91,229.5,0.1103,0.0236,1.7548905773670516
2026-03-12 14:30:00+00:00,41.59,137.375,33.4,28.0,55,1001.9,0.0,-2.0205794997881243,-1.6362330167295775,0.05,-0.8660254037844386,0.5000000000000001,1.0,6.123233995736766e-17,55.91,229.5,0.1103,0.0236,1.6655374487032037
2026-03-12 15:30:00+00:00,43.9825,140.35,47.625,26.6,61,1002.7,0.0,-10.371524398562302,-11.518744794899613,0.0051282051282051,-0.7071067811865477,0.7071067811865474,1.0,6.123233995736766e-17,55.91,229.5,0.1103,0.0236,2.1731144786238716
2026-03-12 16:30:00+00:00,40.8875,125.725,51.475,24.3,84,1002.8,0.0,-13.35012969488823,-2.5950023371210107,0.0046511627906976,-0.5000000000000004,0.8660254037844384,1.0,6.123233995736766e-17,55.91,229.5,0.1103,0.0236,0.6110241170941244
2026-03-12 17:30:00+00:00,39.080000000000005,125.90000000000002,40.76666666666667,24.3,93,1002.3,0.0,-11.88369146357943,0.6227978792910291,0.0055555555555555,-0.2588190451025215,0.965925826289068,1.0,6.123233995736766e-17,55.91,229.5,0.1103,0.0236,3.9597174398893427
2026-03-12 18:30:00+00:00,41.44,121.2,30.1,24.3,91,1002.0,0.0,-10.271958742189431,1.6269184364184028,0.0055555555555555,0.0,1.0,1.0,6.123233995736766e-17,55.91,229.5,0.1103,0.0236,0.9914057111117319
2026-03-12 19:30:00+00:00,38.7375,109.65,36.375,23.8,94,1001.6,0.0,-7.389858557183847,0.3872860761977828,0.0071428571428571,0.2588190451025207,0.9659258262890684,1.0,6.123233995736766e-17,55.91,229.5,0.1103,0.0236,2.165264171851224
2026-03-12 20:30:00+00:00,39.4325,99.375,47.575,23.4,95,1001.1,0.0,-8.412069366310728,1.7880405410327285,0.0052631578947368,0.4999999999999999,0.8660254037844387,1.0,6.123233995736766e-17,55.91,229.5,0.1103,0.0236,1.1421745686658276
2026-03-12 21:30:00+00:00,38.395,102.725,45.15,23.0,96,1000.9,0.0,-8.652340489703978,0.909397630428584,0.0051282051282051,0.7071067811865475,0.7071067811865476,1.0,6.123233995736766e-17,55.91,229.5,0.1103,0.0236,0.28358171172647495
2026-03-12 22:30:00+00:00,40.572500000000005,99.5,48.025,22.7,97,1001.1,0.0,-9.228112281007862,-2.646118615843192,0.0047619047619047,0.8660254037844386,0.5000000000000001,1.0,6.123233995736766e-17,55.91,229.5,0.1103,0.0236,0.1895555614961253
2026-03-12 23:30:00+00:00,40.8025,103.5,42.55,22.2,98,1001.5,0.0,-9.88643239407028,0.5181259668051419,0.0047619047619047,0.9659258262890684,0.2588190451025207,1.0,6.123233995736766e-17,55.91,229.5,0.1103,0.0236,4.0996107268625455
2026-03-13 00:30:00+00:00,44.6725,112.225,52.175,22.2,96,1002.0,0.0,-8.298735869798048,0.1448549734294528,0.0045454545454545,1.0,6.123233995736766e-17,1.0,6.123233995736766e-17,55.91,229.5,0.1103,0.0236,1.7663673220747018
2026-03-13 01:30:00+00:00,40.6475,105.5,58.725,23.4,89,1002.7,0.0,-7.690093567506551,2.2050988465359924,0.0042553191489361,0.9659258262890684,-0.2588190451025206,1.0,6.123233995736766e-17,55.91,229.5,0.1103,0.0236,4.598363975947781
2026-03-13 02:30:00+00:00,38.655,105.225,38.675,24.9,81,1003.5,0.0,-6.430842427582553,1.4846769586695077,0.0026315789473684,0.8660254037844387,-0.4999999999999998,1.0,6.123233995736766e-17,55.91,229.5,0.1103,0.0236,1.5313357448766567
2026-03-13 03:30:00+00:00,38.516666666666666,101.8,50.66666666666666,26.8,71,1003.5,0.0,-1.9396913325651617,2.6697560814373262,0.0021052631578947,0.7071067811865476,-0.7071067811865475,1.0,6.123233995736766e-17,55.91,229.5,0.1103,0.0236,3.05177795024111
2026-03-13 04:30:00+00:00,39.38333333333333,103.2,49.26666666666667,29.0,62,1003.2,0.0,0.7071067811865477,-0.7071067811865474,0.0016949152542372,0.4999999999999999,-0.8660254037844387,1.0,6.123233995736766e-17,55.91,229.5,0.1103,0.0236,3.243766241282749
2026-03-13 05:30:00+00:00,39.74,107.91111111111113,51.86666666666667,30.4,55,1002.2,0.0,5.55390936927584,1.282221009760032,0.0013157894736842,0.258819045102521,-0.9659258262890682,1.0,6.123233995736766e-17,55.91,229.5,0.1103,0.0236,2.355620143833126
2026-03-13 06:30:00+00:00,40.09666666666666,112.6222222222222,54.46666666666667,32.6,42,1001.1,0.0,9.149601437388114,-0.9616618620624072,0.0008097165991902,1.2246467991473532e-16,-1.0,1.0,6.123233995736766e-17,55.91,229.5,0.1103,0.0236,4.752534315142933
2026-03-13 07:30:00+00:00,40.45333333333333,117.33333333333331,57.06666666666666,33.6,37,1000.0,0.0,12.378350859269627,-1.7396637620008184,0.0005780346820809,-0.2588190451025208,-0.9659258262890684,1.0,6.123233995736766e-17,55.91,229.5,0.1103,0.0236,3.9031489802635067
2026-03-13 08:30:00+00:00,40.11333333333334,115.53333333333336,54.4,34.2,30,998.9,0.0,15.878209602597725,-0.8321417042628088,0.0005291005291005,-0.4999999999999998,-0.8660254037844388,1.0,6.123233995736766e-17,55.91,229.5,0.1103,0.0236,2.0196650017176214
2026-03-13 09:30:00+00:00,40.975,116.275,53.625,33.9,29,998.3,0.0,17.65688368959889,-1.2346895852710162,0.0005730659025787,-0.7071067811865471,-0.7071067811865479,1.0,6.123233995736766e-17,55.91,229.5,0.1103,0.0236,4.999381950733548
2026-03-13 10:30:00+00:00,38.3375,119.025,57.8,33.0,35,998.5,0.0,15.309169279224635,-2.424734208123576,0.0005649717514124,-0.8660254037844384,-0.5000000000000004,1.0,6.123233995736766e-17,55.91,229.5,0.1103,0.0236,3.3095664569371905
2026-03-13 11:30:00+00:00,40.1025,120.35,38.725,31.3,37,998.9,0.0,11.190029176779746,1.572656040848734,0.0017094017094017,-0.9659258262890684,-0.2588190451025206,1.0,6.123233995736766e-17,55.91,229.5,0.1103,0.0236,3.3269279320349114
2026-03-13 12:30:00+00:00,42.2675,126.95,45.75,29.8,42,999.5,0.0,6.275555911557553,3.9214025553257175,0.0117647058823529,-1.0,-1.8369701987210292e-16,1.0,6.123233995736766e-17,55.91,229.5,0.1103,0.0236,2.632823249154522
2026-03-13 13:30:00+00:00,41.91,137.25,37.125,28.5,45,1000.1,0.0,6.112993660039177,6.33019024298013,0.0166666666666666,-0.9659258262890684,0.2588190451025203,1.0,6.123233995736766e-17,55.91,229.5,0.1103,0.0236,2.9353404737552333
2026-03-13 14:30:00+00:00,39.4525,157.05,34.25,27.4,45,1001.1,0.0,6.683455268529952,5.412155363028599,0.02,-0.8660254037844386,0.5000000000000001,1.0,6.123233995736766e-17,55.91,229.5,0.1103,0.0236,4.945710194799493
2026-03-13 15:30:00+00:00,38.655,162.975,49.75,26.6,44,1001.4,0.0,8.470890979880986,6.859592262443224,0.0153846153846153,-0.7071067811865477,0.7071067811865474,1.0,6.123233995736766e-17,55.91,229.5,0.1103,0.0236,3.42510101144578
2026-03-13 16:30:00+00:00,42.1375,192.275,51.225,25.0,51,1001.9,0.0,2.4533579516495667,-11.542141688658909,0.0095238095238095,-0.5000000000000004,0.8660254037844384,1.0,6.123233995736766e-17,55.91,229.5,0.1103,0.0236,2.0345493118016327
2026-03-13 17:30:00+00:00,41.05,213.9,39.5,24.9,66,1001.9,0.0,-4.87715425541148,-1.4910956940859574,0.02,-0.2588190451025215,0.965925826289068,1.0,6.123233995736766e-17,55.91,229.5,0.1103,0.0236,1.1918797078979682
2026-03-13 18:30:00+00:00,40.35,207.8,31.1,24.5,68,1001.2,0.0,1.2266789758247785,5.771070844329454,0.0333333333333333,0.0,1.0,1.0,6.123233995736766e-17,55.91,229.5,0.1103,0.0236,3.424021302560549
2026-03-13 19:30:00+00:00,41.1125,190.4,37.025,23.5,70,1000.8,0.0,4.504313745982241,7.208408817329621,0.0285714285714285,0.2588190451025207,0.9659258262890684,1.0,6.123233995736766e-17,55.91,229.5,0.1103,0.0236,1.9953150421512222
2026-03-13 20:30:00+00:00,38.7375,189.6,47.35,23.7,65,1000.7,0.0,7.971652103870404,4.981241083792128,0.02,0.4999999999999999,0.8660254037844387,1.0,6.123233995736766e-17,55.91,229.5,0.1103,0.0236,3.684900537628681
2026-03-13 21:30:00+00:00,39.685,170.875,45.125,23.3,62,1000.4,0.0,8.702373279263622,2.6605825129769074,0.0181818181818181,0.7071067811865475,0.7071067811865476,1.0,6.123233995736766e-17,55.91,229.5,0.1103,0.0236,3.936610343152087
2026-03-13 22:30:00+00:00,41.9575,170.125,46.375,22.5,63,1000.9,0.0,8.63830684983787,5.609782060654778,0.0166666666666666,0.8660254037844386,0.5000000000000001,1.0,6.123233995736766e-17,55.91,229.5,0.1103,0.0236,1.3870186189214706
2026-03-13 23:30:00+00:00,39.5625,163.125,40.775,21.9,68,1001.4,0.0,10.031810730249347,7.288537128426668,0.009090909090909,0.9659258262890684,0.2588190451025207,1.0,6.123233995736766e-17,55.91,229.5,0.1103,0.0236,0.040461809788227
2026-03-14 00:30:00+00:00,40.822500000000005,148.575,53.4,21.9,66,1002.0,0.0,8.781749364463774,7.111320418863159,0.0095238095238095,1.0,6.123233995736766e-17,1.0,6.123233995736766e-17,55.91,229.5,0.1103,0.0236,3.5034008145558126
2026-03-14 01:30:00+00:00,40.7,144.0,62.225,23.4,60,1002.8,0.0,7.265331983420373,7.016049541635875,0.0071428571428571,0.9659258262890684,-0.2588190451025206,1.0,6.123233995736766e-17,55.91,229.5,0.1103,0.0236,3.5329345456057104
2026-03-14 02:30:00+00:00,41.475,137.175,40.8,25.9,52,1003.7,0.0,5.962205683759897,5.1828663290250105,0.0046511627906976,0.8660254037844387,-0.4999999999999998,1.0,6.123233995736766e-17,55.91,229.5,0.1103,0.0236,3.328828030829325
2026-03-14 03:30:00+00:00,38.4725,131.875,47.65,28.5,45,1004.4,0.0,7.44781847254617,4.300000000000003,0.0028169014084507,0.7071067811865476,-0.7071067811865475,1.0,6.123233995736766e-17,55.91,229.5,0.1103,0.0236,1.7282582428797983
2026-03-14 04:30:00+00:00,39.945,120.025,52.3,30.7,39,1004.5,0.0,8.055627352483015,0.8466805524679922,0.0015037593984962,0.4999999999999999,-0.8660254037844387,1.0,6.123233995736766e-17,55.91,229.5,0.1103,0.0236,1.763487147893139
2026-03-14 05:30:00+00:00,42.995,112.975,42.725,31.9,36,1004.1,0.0,9.377102072442348,0.6557108531947805,0.0007017543859649,0.258819045102521,-0.9659258262890682,1.0,6.123233995736766e-17,55.91,229.5,0.1103,0.0236,3.3146183427054217
2026-03-14 06:30:00+00:00,40.295,104.225,51.225,33.1,33,1003.0,0.0,12.09262900693106,-0.4222839101002655,0.000611620795107,1.2246467991473532e-16,-1.0,1.0,6.123233995736766e-17,55.91,229.5,0.1103,0.0236,0.9814161664559751
2026-03-14 07:30:00+00:00,37.1625,100.75,56.3,33.5,32,1001.8,0.0,12.083417370530343,-0.6332650705396218,0.0005847953216374,-0.2588190451025208,-0.9659258262890684,1.0,6.123233995736766e-17,55.91,229.5,0.1103,0.0236,3.9632493013313077
2026-03-14 08:30:00+00:00,40.553333333333335,101.8,54.833333333333336,33.7,31,1000.9,0.0,12.009808434859996,-1.4746190552022869,0.0005540166204986,-0.4999999999999998,-0.8660254037844388,1.0,6.123233995736766e-17,55.91,229.5,0.1103,0.0236,1.7812703338815634
2026-03-14 09:30:00+00:00,40.4825,103.525,44.625,33.3,32,1000.2,0.0,12.049439925134246,-3.6838834795064814,0.000595238095238,-0.7071067811865471,-0.7071067811865479,1.0,6.123233995736766e-17,55.91,229.5,0.1103,0.0236,2.196585212965921
2026-03-14 10:30:00+00:00,40.1675,104.325,59.175,32.5,34,1000.3,0.0,7.877335150060382,-7.092784427403893,0.000790513833992,-0.8660254037844384,-0.5000000000000004,1.0,6.123233995736766e-17,55.91,229.5,0.1103,0.0236,3.056769130728422
2026-03-14 11:30:00+00:00,40.465,109.25,40.525,30.1,44,1000.5,0.0,4.131349752515839,-7.769938817158558,0.0036363636363636,-0.9659258262890684,-0.2588190451025206,1.0,6.123233995736766e-17,55.91,229.5,0.1103,0.0236,0.427255122847624
2026-03-14 12:30:00+00:00,40.2025,127.025,48.4,29.2,48,1001.4,0.0,2.29153496028198,-6.295940559265587,0.0133333333333333,-1.0,-1.8369701987210292e-16,1.0,6.123233995736766e-17,55.91,229.5,0.1103,0.0236,2.4076581032874116
2026-03-14 13:30:00+00:00,39.6725,170.775,37.9,28.2,51,1002.1,0.0,-0.543548008991798,-5.1715138559150216,0.025,-0.9659258262890684,0.2588190451025203,1.0,6.123233995736766e-17,55.91,229.5,0.1103,0.0236,3.1870827155104884
2026-03-14 14:30:00+00:00,39.7675,364.425,33.675,27.1,55,1002.8,0.0,-1.2499999999999998,-2.165063509461097,0.05,-0.8660254037844386,0.5000000000000001,1.0,6.123233995736766e-17,55.91,229.5,0.1103,0.0236,2.082012970574313
2026-03-14 15:30:00+00:00,40.8775,397.0,48.25,26.6,55,1003.2,0.0,-1.0692078290260414,-0.5447885996874562,0.0666666666666666,-0.7071067811865477,0.7071067811865474,1.0,6.123233995736766e-17,55.91,229.5,0.1103,0.0236,2.458514209038034
2026-03-14 16:30:00+00:00,43.1525,455.175,53.55,26.0,56,1003.1,0.0,-0.726950774511971,-1.0777488443215544,0.0666666666666666,-0.5000000000000004,0.8660254037844384,1.0,6.123233995736766e-17,55.91,229.5,0.1103,0.0236,0.6550837100841922
2026-03-14 17:30:00+00:00,40.080000000000005,681.5,41.23333333333333,25.6,59,1002.9,0.0,-0.726384799583275,-1.4256104387013888,0.0666666666666666,-0.2588190451025215,0.965925826289068,1.0,6.123233995736766e-17,55.91,229.5,0.1103,0.0236,3.1504223950637784
2026-03-14 18:30:00+00:00,39.36,634.3,34.3,25.4,58,1002.4,0.0,-1.4333142502483958,-4.998560818879258,0.0285714285714285,0.0,1.0,1.0,6.123233995736766e-17,55.91,229.5,0.1103,0.0236,3.7864756224959963
2026-03-14 19:30:00+00:00,42.115,527.125,36.85,24.2,64,1002.2,0.0,-0.726384799583275,-1.4256104387013888,0.04,0.2588190451025207,0.9659258262890684,1.0,6.123233995736766e-17,55.91,229.5,0.1103,0.0236,2.214244190622604
2026-03-14 20:30:00+00:00,42.565,276.6,48.35,23.1,67,1002.4,0.0,1.60804437597505,5.259676157796696,0.025,0.4999999999999999,0.8660254037844387,1.0,6.123233995736766e-17,55.91,229.5,0.1103,0.0236,0.9270652260426604
2026-03-14 21:30:00+00:00,40.62,217.4,44.05,22.1,73,1002.2,0.0,2.4905416147351462,2.164994795668675,0.04,0.7071067811865475,0.7071067811865476,1.0,6.123233995736766e-17,55.91,229.5,0.1103,0.0236,0.4205463715893265
2026-03-14 22:30:00+00:00,34.955,230.175,44.55,21.8,75,1002.5,0.0,2.6529202321761347,-1.789417291106388,0.05,0.8660254037844386,0.5000000000000001,1.0,6.123233995736766e-17,55.91,229.5,0.1103,0.0236,1.1853908810669873
2026-03-14 23:30:00+00:00,40.5775,273.1,42.85,21.6,86,1002.8,0.0,-3.4,-2.0818995585505003e-16,0.0285714285714285,0.9659258262890684,0.2588190451025207,1.0,6.123233995736766e-17,55.91,229.5,0.1103,0.0236,2.577915118117182
2026-03-15 00:30:00+00:00,38.94,245.275,50.75,22.4,84,1003.6,0.0,-7.95642495546317,-1.9837595439172768,0.0153846153846153,1.0,6.123233995736766e-17,1.0,6.123233995736766e-17,55.91,229.5,0.1103,0.0236,4.224156316501187
2026-03-15 01:30:00+00:00,40.25666666666667,166.4,59.7,23.7,79,1004.2,0.0,-7.889173324561134,-0.4134540543192573,0.008,0.9659258262890684,-0.2588190451025206,1.0,6.123233995736766e-17,55.91,229.5,0.1103,0.0236,2.9380520643972696
2026-03-15 02:30:00+00:00,40.01,165.15,39.425,25.7,71,1005.1,0.0,-7.398872944157295,-0.1291478076358969,0.005,0.8660254037844387,-0.4999999999999998,1.0,6.123233995736766e-17,55.91,229.5,0.1103,0.0236,4.706432324945675
2026-03-15 03:30:00+00:00,41.1625,147.4,49.775,28.0,63,1005.7,0.0,-8.314254606237348,1.7672493719509526,0.0025974025974025,0.7071067811865476,-0.7071067811865475,1.0,6.123233995736766e-17,55.91,229.5,0.1103,0.0236,4.245003198166213
2026-03-15 04:30:00+00:00,37.4525,120.175,51.475,30.4,51,1005.1,0.0,-10.601573581234772,2.060737150066684,0.0018181818181818,0.4999999999999999,-0.8660254037844387,1.0,6.123233995736766e-17,55.91,229.5,0.1103,0.0236,4.771298704122164
2026-03-15 05:30:00+00:00,41.0525,93.425,41.975,31.9,45,1004.7,0.0,-10.091075553270365,-2.5159877142365463,0.0011695906432748,0.258819045102521,-0.9659258262890682,1.0,6.123233995736766e-17,55.91,229.5,0.1103,0.0236,0.370498625684903
2026-03-15 06:30:00+00:00,40.41,104.85,45.825,33.2,40,1004.3,0.0,-2.545584412271571,-2.5455844122715714,0.0007633587786259,1.2246467991473532e-16,-1.0,1.0,6.123233995736766e-17,55.91,229.5,0.1103,0.0236,0.9088254049984351
2026-03-15 07:30:00+00:00,36.95,84.0,55.475,31.4,41,1002.8,1.5,-4.012982057577929,3.613305274337834,0.0010695187165775,-0.2588190451025208,-0.9659258262890684,1.0,6.123233995736766e-17,55.91,229.5,0.1103,0.0236,3.7286696549169847
2026-03-15 08:30:00+00:00,41.135,80.15,59.475,31.4,41,1001.8,0.0,-2.6319273358232205,-11.400129757987251,0.001058201058201,-0.4999999999999998,-0.8660254037844388,1.0,6.123233995736766e-17,55.91,229.5,0.1103,0.0236,4.802438965096936
2026-03-15 09:30:00+00:00,40.8275,78.05,46.5,29.5,49,1001.6,0.0,-2.55731379705844,-12.031215489025811,0.0021739130434782,-0.7071067811865471,-0.7071067811865479,1.0,6.123233995736766e-17,55.91,229.5,0.1103,0.0236,1.7475943734010397
2026-03-15 10:30:00+00:00,39.655,76.22500000000001,60.1,28.6,55,1001.3,0.0,-4.290832341735054,-5.9058240589371165,0.0033333333333333,-0.8660254037844384,-0.5000000000000004,1.0,6.123233995736766e-17,55.91,229.5,0.1103,0.0236,0.0018912928811176677
2026-03-15 11:30:00+00:00,40.7775,68.4,43.0,28.8,53,1000.5,0.0,-5.1715138559150216,-0.543548008991798,0.0031746031746031,-0.9659258262890684,-0.2588190451025206,1.0,6.123233995736766e-17,55.91,229.5,0.1103,0.0236,2.443063443047346
2026-03-15 12:30:00+00:00,39.9,64.60000000000001,49.93333333333334,27.4,60,1001.2,0.0,0.1343835295670902,-7.698827252704213,0.008,-1.0,-1.8369701987210292e-16,1.0,6.123233995736766e-17,55.91,229.5,0.1103,0.0236,2.5527934533002816
2026-03-15 13:30:00+00:00,39.6625,78.10000000000001,36.95,26.4,69,1001.8,0.0,-2.652920232176134,-1.78941729110639,0.02,-0.9659258262890684,0.2588190451025203,1.0,6.123233995736766e-17,55.91,229.5,0.1103,0.0236,3.5495347376862774
2026-03-15 14:30:00+00:00,39.9475,87.17500000000001,29.225,25.8,74,1002.4,0.0,-3.785539852748633,0.3311918224411013,0.0222222222222222,-0.8660254037844386,0.5000000000000001,1.0,6.123233995736766e-17,55.91,229.5,0.1103,0.0236,1.017427932467554
2026-03-15 15:30:00+00:00,38.6,117.025,50.6,25.1,79,1002.7,0.0,-2.318794424212495,2.486602585505179,0.025,-0.7071067811865477,0.7071067811865474,1.0,6.123233995736766e-17,55.91,229.5,0.1103,0.0236,4.365373549858499
2026-03-15 16:30:00+00:00,41.7075,144.7,50.35,24.6,82,1002.8,0.0,0.1815961998958188,-0.3564026096753471,0.1,-0.5000000000000004,0.8660254037844384,1.0,6.123233995736766e-17,55.91,229.5,0.1103,0.0236,0.5784643386908467
2026-03-15 17:30:00+00:00,42.47666666666667,174.4,39.66666666666666,24.7,80,1002.9,0.0,4.198174594269101,-2.327086177182415,0.0333333333333333,-0.2588190451025215,0.965925826289068,1.0,6.123233995736766e-17,55.91,229.5,0.1103,0.0236,1.3488535826057317
2026-03-15 18:30:00+00:00,43.91,167.7,35.9,23.9,84,1002.6,0.0,5.6206970934144085,-6.242416534010113,0.025,0.0,1.0,1.0,6.123233995736766e-17,55.91,229.5,0.1103,0.0236,2.539937678787268
2026-03-15 19:30:00+00:00,38.5075,197.95,35.224999999999994,23.8,84,1002.2,0.0,2.3682108082541635,-7.746068523300589,0.0142857142857142,0.2588190451025207,0.9659258262890684,1.0,6.123233995736766e-17,55.91,229.5,0.1103,0.0236,3.885120052896003
2026-03-15 20:30:00+00:00,41.52,202.2,47.0,23.5,85,1001.8,0.0,-3.9719791528035184,-5.270994366312133,0.0105263157894736,0.4999999999999999,0.8660254037844387,1.0,6.123233995736766e-17,55.91,229.5,0.1103,0.0236,4.6821351301401135
2026-03-15 21:30:00+00:00,40.5125,187.425,47.5,23.3,83,1001.3,0.0,-4.515485043859254,-0.8777213787321065,0.0142857142857142,0.7071067811865475,0.7071067811865476,1.0,6.123233995736766e-17,55.91,229.5,0.1103,0.0236,4.373397554754274
2026-03-15 22:30:00+00:00,42.6675,170.8,48.95,22.9,80,1001.2,0.0,-3.291091657286267,-3.068992620281243,0.0166666666666666,0.8660254037844386,0.5000000000000001,1.0,6.123233995736766e-17,55.91,229.5,0.1103,0.0236,4.9857924929502735
2026-03-15 23:30:00+00:00,37.2925,144.725,42.75,22.0,89,1001.8,0.0,-4.694715627858908,-8.82947592858927,0.0095238095238095,0.9659258262890684,0.2588190451025207,1.0,6.123233995736766e-17,55.91,229.5,0.1103,0.0236,0.6851204803033023
2026-03-16 00:30:00+00:00,36.2325,124.7,50.6,21.8,90,1002.7,0.0,-8.319851376878407,-2.543633831087809,0.009090909090909,1.0,6.123233995736766e-17,1.0,6.123233995736766e-17,55.91,229.5,0.1103,0.0236,4.502344568224967
2026-03-16 01:30:00+00:00,38.605,111.85,60.65,23.1,85,1003.6,0.0,-7.061105457114741,0.7421520892003386,0.0064516129032258,0.9659258262890684,-0.2588190451025206,1.0,6.123233995736766e-17,55.91,229.5,0.1103,0.0236,1.285237317259333
2026-03-16 02:30:00+00:00,42.6575,108.5,39.275,25.6,72,1004.1,0.0,-6.120754566205426,2.72513550860786,0.0043478260869565,0.8660254037844387,-0.4999999999999998,1.0,6.123233995736766e-17,55.91,229.5,0.1103,0.0236,4.803968687887175
2026-03-16 03:30:00+00:00,40.0075,94.7,47.5,28.3,57,1004.3,0.0,-7.715769225097901,5.010679122138249,0.0024691358024691,0.7071067811865476,-0.7071067811865475,1.0,6.123233995736766e-17,55.91,229.5,0.1103,0.0236,0.8858063975850639
2026-03-16 04:30:00+00:00,40.9275,85.425,51.2,30.5,46,1003.9,0.0,-6.614775150020123,4.133370261018997,0.001639344262295,0.4999999999999999,-0.8660254037844387,1.0,6.123233995736766e-17,55.91,229.5,0.1103,0.0236,2.107696629856017
2026-03-16 05:30:00+00:00,40.9925,81.95,39.925,33.6,20,1003.9,0.0,1.7191169589026116,9.74959675482086,0.0003539823008849,0.258819045102521,-0.9659258262890682,1.0,6.123233995736766e-17,55.91,229.5,0.1103,0.0236,2.9574210373859926
2026-03-16 06:30:00+00:00,38.235,80.4,44.2,33.5,18,1002.7,0.0,4.645969134443471,6.635131558740835,0.0003533568904593,1.2246467991473532e-16,-1.0,1.0,6.123233995736766e-17,55.91,229.5,0.1103,0.0236,1.0840115314466887
2026-03-16 07:30:00+00:00,43.8475,71.425,57.55,33.8,17,1001.5,0.0,10.305702305034815,5.9500000000000055,0.0003616636528028,-0.2588190451025208,-0.9659258262890684,1.0,6.123233995736766e-17,55.91,229.5,0.1103,0.0236,0.28039019173038804
2026-03-16 08:30:00+00:00,41.5325,60.95,57.225,32.9,18,1000.9,0.0,14.937286823955224,5.733887192724811,0.0008695652173913,-0.4999999999999998,-0.8660254037844388,1.0,6.123233995736766e-17,55.91,229.5,0.1103,0.0236,1.6580300384041324
2026-03-16 09:30:00+00:00,40.62,62.475,51.625,32.8,18,1000.4,0.0,12.4,2.2778430464140768e-15,0.000943396226415,-0.7071067811865471,-0.7071067811865479,1.0,6.123233995736766e-17,55.91,229.5,0.1103,0.0236,3.3475315283250695
2026-03-16 10:30:00+00:00,40.8875,65.3,60.725,32.1,20,1000.1,0.0,6.691802095703175,-7.698037718272273,0.0015748031496062,-0.8660254037844384,-0.5000000000000004,1.0,6.123233995736766e-17,55.91,229.5,0.1103,0.0236,1.7630228925565972
2026-03-16 11:30:00+00:00,41.6175,65.125,41.425,29.2,39,998.9,0.0,-2.1222328144988705,-3.03086256386927,0.0181818181818181,-0.9659258262890684,-0.2588190451025206,1.0,6.123233995736766e-17,55.91,229.5,0.1103,0.0236,2.1665297169104223
2026-03-16 12:30:00+00:00,39.56,65.9,47.36666666666667,27.2,50,1000.4,0.0,-2.7667304329599,-14.233594159991128,0.0043478260869565,-1.0,-1.8369701987210292e-16,1.0,6.123233995736766e-17,55.91,229.5,0.1103,0.0236,4.649347833496689
2026-03-16 13:30:00+00:00,39.3525,67.35,38.2,25.4,54,1001.3,0.0,-5.935095759411895,-9.498138676951973,0.00625,-0.9659258262890684,0.2588190451025203,1.0,6.123233995736766e-17,55.91,229.5,0.1103,0.0236,1.0123525921011427
2026-03-16 14:30:00+00:00,39.69,74.75,29.875,24.5,58,1001.7,0.0,-7.17089785782117,-5.60251942546349,0.008695652173913,-0.8660254037844386,0.5000000000000001,1.0,6.123233995736766e-17,55.91,229.5,0.1103,0.0236,4.967444960934203
2026-03-16 15:30:00+00:00,38.3575,81.175,48.225,24.1,62,1002.1,0.0,-5.045537776635181,-1.2579938571182732,0.0125,-0.7071067811865477,0.7071067811865474,1.0,6.123233995736766e-17,55.91,229.5,0.1103,0.0236,1.8916913941534963
2026-03-16 16:30:00+00:00,42.3875,88.15,50.575,23.4,69,1002.5,0.0,-3.380740392011739,0.905866657858823,0.0181818181818181,-0.5000000000000004,0.8660254037844384,1.0,6.123233995736766e-17,55.91,229.5,0.1103,0.0236,0.12035247507221458
2026-03-16 17:30:00+00:00,40.45,86.2,41.13333333333333,24.4,60,1001.6,0.0,-5.748539898314082,-2.322560879178654,0.0181818181818181,-0.2588190451025215,0.965925826289068,1.0,6.123233995736766e-17,55.91,229.5,0.1103,0.0236,3.1475219246326276
2026-03-16 18:30:00+00:00,40.3,83.7,39.8,25.0,54,1001.5,0.0,-2.4881992827652213,-4.679622242152313,0.0166666666666666,0.0,1.0,1.0,6.123233995736766e-17,55.91,229.5,0.1103,0.0236,4.885712611903551
2026-03-16 19:30:00+00:00,41.0125,83.875,36.8,23.4,66,1001.3,0.0,-3.604268994871565,2.523736319944602,0.02,0.2588190451025207,0.9659258262890684,1.0,6.123233995736766e-17,55.91,229.5,0.1103,0.0236,2.6641903498613924
2026-03-16 20:30:00+00:00,41.315,96.55,44.25,23.0,69,1001.1,0.0,0.1720779115442538,1.0864571746546516,0.05,0.4999999999999999,0.8660254037844387,1.0,6.123233995736766e-17,55.91,229.5,0.1103,0.0236,4.574886188733668
2026-03-16 21:30:00+00:00,38.0525,116.1,45.225,22.4,71,1000.7,0.0,0.3434561916777804,-1.7669289302057951,0.0666666666666666,0.7071067811865475,0.7071067811865476,1.0,6.123233995736766e-17,55.91,229.5,0.1103,0.0236,1.5001144518635572
2026-03-16 22:30:00+00:00,40.94,132.8,50.45,22.3,71,1000.9,0.0,-1.0811407922523484,-5.08636752381579,0.025,0.8660254037844386,0.5000000000000001,1.0,6.123233995736766e-17,55.91,229.5,0.1103,0.0236,0.8432113918822565
2026-03-16 23:30:00+00:00,41.24,132.875,43.5,21.0,81,1001.3,0.0,0.4974225435330248,0.3355157420824483,0.0666666666666666,0.9659258262890684,0.2588190451025207,1.0,6.123233995736766e-17,55.91,229.5,0.1103,0.0236,1.6347838249746227
2026-03-17 00:30:00+00:00,36.4925,144.6,56.025,21.4,78,1002.2,0.0,3.6122235263867855,3.740566961760986,0.025,1.0,6.123233995736766e-17,1.0,6.123233995736766e-17,55.91,229.5,0.1103,0.0236,0.9829513714966615
2026-03-17 01:30:00+00:00,40.135000000000005,147.975,64.925,23.0,69,1003.3,0.0,3.792446897150582,4.51966221440197,0.009090909090909,0.9659258262890684,-0.2588190451025206,1.0,6.123233995736766e-17,55.91,229.5,0.1103,0.0236,2.4779314839913176
2026-03-17 02:30:00+00:00,38.072500000000005,149.775,39.875,25.2,60,1003.9,0.0,0.8959198738632519,-2.333951066243004,0.005,0.8660254037844387,-0.4999999999999998,1.0,6.123233995736766e-17,55.91,229.5,0.1103,0.0236,0.9674036618725779
2026-03-17 03:30:00+00:00,41.55,141.325,49.725,27.8,50,1004.4,0.0,0.1881512338817761,-1.790139411662892,0.003076923076923,0.7071067811865476,-0.7071067811865475,1.0,6.123233995736766e-17,55.91,229.5,0.1103,0.0236,0.35675240745853654
2026-03-17 04:30:00+00:00,41.21666666666667,130.4333333333333,49.3,30.3,40,1004.1,0.0,0.1720779115442542,-1.0864571746546514,0.0018348623853211,0.4999999999999999,-0.8660254037844387,1.0,6.123233995736766e-17,55.91,229.5,0.1103,0.0236,2.9976787055383514
2026-03-17 05:30:00+00:00,37.8925,122.725,37.3,32.2,34,1003.8,0.0,4.8269344306865225,4.501189176412493,0.0005540166204986,0.258819045102521,-0.9659258262890682,1.0,6.123233995736766e-17,55.91,229.5,0.1103,0.0236,4.330479462047377
2026-03-17 06:30:00+00:00,41.96333333333333,112.13333333333333,45.36666666666667,33.4,26,1002.5,0.0,9.225248208062988,2.997464845436991,0.0004089979550102,1.2246467991473532e-16,-1.0,1.0,6.123233995736766e-17,55.91,229.5,0.1103,0.0236,2.7613004136166563
2026-03-17 07:30:00+00:00,42.4925,107.05,57.8,34.0,18,1001.2,0.0,12.7298802607139,-1.3379643298259585,0.0003305785123966,-0.2588190451025208,-0.9659258262890684,1.0,6.123233995736766e-17,55.91,229.5,0.1103,0.0236,3.6320938872787902
2026-03-17 08:30:00+00:00,38.5375,93.75,57.3,32.6,21,1000.9,0.0,9.60431901508028,-12.292967756264854,0.0006079027355623,-0.4999999999999998,-0.8660254037844388,1.0,6.123233995736766e-17,55.91,229.5,0.1103,0.0236,4.441879356609981
2026-03-17 09:30:00+00:00,41.4625,88.44999999999999,49.275,33.2,21,1000.0,0.0,6.858935777509512,-6.858935777509509,0.0004494382022471,-0.7071067811865471,-0.7071067811865479,1.0,6.123233995736766e-17,55.91,229.5,0.1103,0.0236,3.591196069346803
2026-03-17 10:30:00+00:00,39.5225,82.825,59.675,32.6,22,999.6,0.0,3.2393537832226467,-6.092338390726597,0.0004132231404958,-0.8660254037844384,-0.5000000000000004,1.0,6.123233995736766e-17,55.91,229.5,0.1103,0.0236,3.252327643885077
2026-03-17 11:30:00+00:00,41.5625,80.3,36.95,31.1,27,1000.4,0.0,4.948496447161062,-9.71197111365321,0.0021978021978021,-0.9659258262890684,-0.2588190451025206,1.0,6.123233995736766e-17,55.91,229.5,0.1103,0.0236,2.398608064928365
2026-03-17 12:30:00+00:00,39.2175,91.05,46.275,28.0,43,1000.7,0.0,0.8856057061013495,-5.02251954036226,0.0117647058823529,-1.0,-1.8369701987210292e-16,1.0,6.123233995736766e-17,55.91,229.5,0.1103,0.0236,0.9057164100808712
2026-03-17 13:30:00+00:00,43.0375,228.3,35.075,26.9,47,1001.6,0.0,-1.5862729079956206,-3.562827284806143,0.02,-0.9659258262890684,0.2588190451025203,1.0,6.123233995736766e-17,55.91,229.5,0.1103,0.0236,3.784955353323295
2026-03-17 14:30:00+00:00,41.3325,402.95,29.95,25.8,46,1002.1,0.0,-4.0923421574339285,-5.430721468321591,0.0133333333333333,-0.8660254037844386,0.5000000000000001,1.0,6.123233995736766e-17,55.91,229.5,0.1103,0.0236,4.925039545207924
2026-03-17 15:30:00+00:00,40.19,112.975,49.6,24.8,55,1002.6,0.0,-6.851590932319507,-3.0505248230685016,0.0133333333333333,-0.7071067811865477,0.7071067811865474,1.0,6.123233995736766e-17,55.91,229.5,0.1103,0.0236,3.488579532497975
2026-03-17 16:30:00+00:00,40.27,89.65,47.65,24.0,61,1002.7,0.0,-8.829691109111568,-2.201489249956978,0.0125,-0.5000000000000004,0.8660254037844384,1.0,6.123233995736766e-17,55.91,229.5,0.1103,0.0236,2.142007869479584
2026-03-17 17:30:00+00:00,38.71666666666667,74.7,36.333333333333336,24.1,67,1002.6,0.0,-5.966700364476214,1.2682613139883303,0.0181818181818181,-0.2588190451025215,0.965925826289068,1.0,6.123233995736766e-17,55.91,229.5,0.1103,0.0236,4.479367582641855
2026-03-17 18:30:00+00:00,36.81,91.6,36.6,23.6,72,1002.5,0.0,-3.078307376628291,-3.94005376803361,0.0181818181818181,0.0,1.0,1.0,6.123233995736766e-17,55.91,229.5,0.1103,0.0236,2.810758283187369
2026-03-17 19:30:00+00:00,39.77666666666666,87.86666666666667,34.666666666666664,22.9,78,1002.4,0.0,-3.380740392011739,-0.9058666578588226,0.02,0.2588190451025207,0.9659258262890684,1.0,6.123233995736766e-17,55.91,229.5,0.1103,0.0236,1.3483990249733324
2026-03-17 20:30:00+00:00,40.6075,96.45,47.275,23.0,75,1002.2,0.0,-5.4322858732732575,0.8603895577212707,0.0153846153846153,0.4999999999999999,0.8660254037844387,1.0,6.123233995736766e-17,55.91,229.5,0.1103,0.0236,1.39644353933364
2026-03-17 21:30:00+00:00,40.0475,94.125,47.35,22.5,75,1002.2,0.0,-6.953994388482693,4.345337966712279,0.0133333333333333,0.7071067811865475,0.7071067811865476,1.0,6.123233995736766e-17,55.91,229.5,0.1103,0.0236,3.3821655309630523
2026-03-17 22:30:00+00:00,39.145,99.6,47.475,22.0,76,1002.3,0.0,-4.552222407269569,3.430345631966676,0.0181818181818181,0.8660254037844386,0.5000000000000001,1.0,6.123233995736766e-17,55.91,229.5,0.1103,0.0236,1.557919913367558
2026-03-17 23:30:00+00:00,42.695,83.19999999999999,42.25,21.7,76,1002.6,0.0,-5.213005468535168,2.5425526513766497,0.02,0.9659258262890684,0.2588190451025207,1.0,6.123233995736766e-17,55.91,229.5,0.1103,0.0236,2.6639168273885208
2026-03-18 00:30:00+00:00,41.66,130.375,50.55,22.5,72,1003.6,0.0,-5.270994366312132,3.971979152803519,0.0166666666666666,1.0,6.123233995736766e-17,1.0,6.123233995736766e-17,55.91,229.5,0.1103,0.0236,2.049287356267799
2026-03-18 01:30:00+00:00,41.4275,127.85,56.975,24.1,65,1004.7,0.0,-2.9413732326007525,8.081356538758811,0.009090909090909,0.9659258262890684,-0.2588190451025206,1.0,6.123233995736766e-17,55.91,229.5,0.1103,0.0236,1.3317511968380584
2026-03-18 02:30:00+00:00,41.6525,108.5,42.6,26.6,57,1005.3,0.0,-2.5,4.330127018922194,0.00625,0.8660254037844387,-0.4999999999999998,1.0,6.123233995736766e-17,55.91,229.5,0.1103,0.0236,2.034991880307798
2026-03-18 03:30:00+00:00,41.62,115.73333333333336,44.23333333333333,28.9,47,1005.5,0.0,-1.2822210097600293,5.553909369275841,0.0039215686274509,0.7071067811865476,-0.7071067811865475,1.0,6.123233995736766e-17,55.91,229.5,0.1103,0.0236,2.1613307773026764
2026-03-18 04:30:00+00:00,42.6175,95.375,51.05,30.9,40,1005.1,0.0,-0.9371670097777988,3.268289766190283,0.0022988505747126,0.4999999999999999,-0.8660254037844387,1.0,6.123233995736766e-17,55.91,229.5,0.1103,0.0236,3.230250285841183
2026-03-18 05:30:00+00:00,40.9275,103.25,42.875,31.9,36,1005.4,0.0,-1.6343657990623686,-3.2076234870781244,0.0011173184357541,0.258819045102521,-0.9659258262890682,1.0,6.123233995736766e-17,55.91,229.5,0.1103,0.0236,4.60102149842303
2026-03-18 06:30:00+00:00,37.0775,114.325,46.0,32.4,36,1004.4,0.0,-5.013743355555006,-5.975146656328028,0.0007751937984496,1.2246467991473532e-16,-1.0,1.0,6.123233995736766e-17,55.91,229.5,0.1103,0.0236,3.602899300018229
2026-03-18 07:30:00+00:00,39.3325,110.5,56.925,32.5,36,1003.5,0.0,-4.53110681555883,-5.595450922490191,0.0007168458781362,-0.2588190451025208,-0.9659258262890684,1.0,6.123233995736766e-17,55.91,229.5,0.1103,0.0236,3.643407421493143
2026-03-18 08:30:00+00:00,40.155,101.125,60.275,32.6,35,1002.5,0.0,-3.4710530923073124,-4.136639992842482,0.0007168458781362,-0.4999999999999998,-0.8660254037844388,1.0,6.123233995736766e-17,55.91,229.5,0.1103,0.0236,4.527257782903661
2026-03-18 09:30:00+00:00,40.8325,80.72500000000001,49.4,32.0,38,1001.7,0.0,1.5920408388915589e-15,-6.5,0.0007067137809187,-0.7071067811865471,-0.7071067811865479,1.0,6.123233995736766e-17,55.91,229.5,0.1103,0.0236,4.219379915393825
2026-03-18 10:30:00+00:00,40.2975,73.42500000000001,58.9,30.3,45,1001.4,0.0,7.016049541635876,-7.265331983420373,0.0021052631578947,-0.8660254037844384,-0.5000000000000004,1.0,6.123233995736766e-17,55.91,229.5,0.1103,0.0236,2.9367976477007303
2026-03-18 11:30:00+00:00,42.01,74.26666666666667,40.66666666666666,29.2,48,1001.9,0.0,-1.2201888273138009,-7.703969056642075,0.0068965517241379,-0.9659258262890684,-0.2588190451025206,1.0,6.123233995736766e-17,55.91,229.5,0.1103,0.0236,3.133715227966931
2026-03-18 12:30:00+00:00,39.8925,70.4,46.8,26.7,61,1002.2,0.0,-0.8192639818279868,-9.364230162062409,0.008695652173913,-1.0,-1.8369701987210292e-16,1.0,6.123233995736766e-17,55.91,229.5,0.1103,0.0236,4.501705365873737
2026-03-18 13:30:00+00:00,41.7225,78.0,39.875,25.8,59,1002.8,0.0,-1.2201888273138009,-7.703969056642075,0.0111111111111111,-0.9659258262890684,0.2588190451025203,1.0,6.123233995736766e-17,55.91,229.5,0.1103,0.0236,2.748602251086661
2026-03-18 14:30:00+00:00,44.06,191.3,32.125,25.0,63,1003.4,0.0,0.1814773828530043,-5.196832300499298,0.0181818181818181,-0.8660254037844386,0.5000000000000001,1.0,6.123233995736766e-17,55.91,229.5,0.1103,0.0236,1.789865247722739
2026-03-18 15:30:00+00:00,41.265,237.675,51.9,24.7,62,1004.1,0.0,-0.3766849582182766,-5.386845871403051,0.02,-0.7071067811865477,0.7071067811865474,1.0,6.123233995736766e-17,55.91,229.5,0.1103,0.0236,2.22988419925672
2026-03-18 16:30:00+00:00,43.26333333333333,205.7,49.43333333333334,24.1,65,1004.2,0.0,-3.232818887608602,-4.449593469062211,0.0222222222222222,-0.5000000000000004,0.8660254037844384,1.0,6.123233995736766e-17,55.91,229.5,0.1103,0.0236,1.2400644166284143
2026-03-18 17:30:00+00:00,41.29666666666667,301.7,40.86666666666667,24.0,69,1003.6,0.0,-3.1956145112146364,-0.1674750599774207,0.05,-0.2588190451025215,0.965925826289068,1.0,6.123233995736766e-17,55.91,229.5,0.1103,0.0236,0.5175593567621767
2026-03-18 18:30:00+00:00,41.14,388.6,32.5,23.4,72,1003.3,0.0,-3.25,5.629165124598852,0.025,0.0,1.0,1.0,6.123233995736766e-17,55.91,229.5,0.1103,0.0236,3.290489263654072
2026-03-18 19:30:00+00:00,40.1975,399.875,37.325,22.8,72,1003.5,0.0,-0.3872860761977842,7.389858557183847,0.0153846153846153,0.2588190451025207,0.9659258262890684,1.0,6.123233995736766e-17,55.91,229.5,0.1103,0.0236,0.5523501999371921
2026-03-18 20:30:00+00:00,41.635,197.5,47.025,22.5,74,1003.9,0.0,0.195437181534005,5.596588631306936,0.0166666666666666,0.4999999999999999,0.8660254037844387,1.0,6.123233995736766e-17,55.91,229.5,0.1103,0.0236,4.100685914896892
2026-03-18 21:30:00+00:00,39.875,210.275,44.3,22.4,75,1004.1,0.0,1.2372307988912574,5.359035356318794,0.0181818181818181,0.7071067811865475,0.7071067811865476,1.0,6.123233995736766e-17,55.91,229.5,0.1103,0.0236,1.3995005821245576
2026-03-18 22:30:00+00:00,42.4075,209.275,48.5,22.1,78,1004.0,0.0,1.1153003492838625,1.2830062863787122,0.05,0.8660254037844386,0.5000000000000001,1.0,6.123233995736766e-17,55.91,229.5,0.1103,0.0236,4.132542847822314
2026-03-18 23:30:00+00:00,40.335,207.075,42.25,21.6,78,1004.2,0.0,-6.000769315822031e-16,4.9,0.025,0.9659258262890684,0.2588190451025207,1.0,6.123233995736766e-17,55.91,229.5,0.1103,0.0236,3.883260124493856
2026-03-19 00:30:00+00:00,38.4425,186.725,46.55,21.7,81,1005.3,0.0,-0.923454386979306,2.5371700761219524,0.0285714285714285,1.0,6.123233995736766e-17,1.0,6.123233995736766e-17,55.91,229.5,0.1103,0.0236,1.2319582416216146
2026-03-19 01:30:00+00:00,39.41333333333333,109.66666666666669,58.86666666666667,23.1,74,1006.4,0.0,-4.095760221444959,-2.8678821817552302,0.01,0.9659258262890684,-0.2588190451025206,1.0,6.123233995736766e-17,55.91,229.5,0.1103,0.0236,3.3074691571903276
2026-03-19 02:30:00+00:00,40.43,111.625,37.175,25.2,64,1007.1,0.0,-5.072061666378194,0.533095162665032,0.005,0.8660254037844387,-0.4999999999999998,1.0,6.123233995736766e-17,55.91,229.5,0.1103,0.0236,1.970735058020598
2026-03-19 03:30:00+00:00,39.4,116.225,50.575,27.4,55,1007.2,0.0,-5.050367150582008,-0.709782814896335,0.0031746031746031,0.7071067811865476,-0.7071067811865475,1.0,6.123233995736766e-17,55.91,229.5,0.1103,0.0236,2.6191091768495744
2026-03-19 04:30:00+00:00,40.8525,113.25,55.425,29.3,49,1006.8,0.0,-6.52541606666388,-3.042851484533036,0.0021052631578947,0.4999999999999999,-0.8660254037844387,1.0,6.123233995736766e-17,55.91,229.5,0.1103,0.0236,4.007853193443076
2026-03-19 05:30:00+00:00,39.56,111.4,41.5,30.3,49,1006.5,0.0,-6.1194134401407965,-2.4724035165450187,0.0013333333333333,0.258819045102521,-0.9659258262890682,1.0,6.123233995736766e-17,55.91,229.5,0.1103,0.0236,4.009025382023884
2026-03-19 06:30:00+00:00,39.86,119.7,50.15,31.2,47,1005.2,0.0,-4.548022477124858,-2.521010025280953,0.001081081081081,1.2246467991473532e-16,-1.0,1.0,6.123233995736766e-17,55.91,229.5,0.1103,0.0236,2.3653628444194292
2026-03-19 07:30:00+00:00,38.095,101.625,60.175,32.0,43,1003.5,0.0,-3.4710530923073124,-4.136639992842482,0.0008733624454148,-0.2588190451025208,-0.9659258262890684,1.0,6.123233995736766e-17,55.91,229.5,0.1103,0.0236,4.685931734802899
2026-03-19 08:30:00+00:00,40.05,90.8,60.23333333333333,31.9,43,1002.2,0.0,-3.739536465245891,-4.301844607269801,0.0008032128514056,-0.4999999999999998,-0.8660254037844388,1.0,6.123233995736766e-17,55.91,229.5,0.1103,0.0236,3.4821111920688512
2026-03-19 09:30:00+00:00,39.695,83.675,52.85,31.4,44,1002.2,0.0,4.499513267805777,-5.362311101832844,0.0005714285714285,-0.7071067811865471,-0.7071067811865479,1.0,6.123233995736766e-17,55.91,229.5,0.1103,0.0236,4.159432145081358
2026-03-19 10:30:00+00:00,42.225,91.6,61.975,21.0,85,1002.8,5.8,-3.233246532964663,2.180852323535912,0.0166666666666666,-0.8660254037844384,-0.5000000000000004,1.0,6.123233995736766e-17,55.91,229.5,0.1103,0.0236,4.678508109120819
2026-03-19 11:30:00+00:00,38.835,79.95,41.3,29.2,49,1001.5,0.0,0.3757673725921779,-2.67372378560224,0.01,-0.9659258262890684,-0.2588190451025206,1.0,6.123233995736766e-17,55.91,229.5,0.1103,0.0236,4.783867683529707
2026-03-19 12:30:00+00:00,38.51,70.925,46.175,26.8,62,1001.9,0.0,-1.9396913325651608,-2.6697560814373262,0.02,-1.0,-1.8369701987210292e-16,1.0,6.123233995736766e-17,55.91,229.5,0.1103,0.0236,0.3716068107124154
2026-03-19 13:30:00+00:00,40.1675,87.4,40.575,25.3,67,1002.5,0.0,-2.149021206691005,-5.062776693988422,0.02,-0.9659258262890684,0.2588190451025203,1.0,6.123233995736766e-17,55.91,229.5,0.1103,0.0236,0.655531769896579
2026-03-19 14:30:00+00:00,37.085,110.1,27.275,24.6,73,1003.2,0.0,-3.730183297101123,-0.7250741824308706,0.0222222222222222,-0.8660254037844386,0.5000000000000001,1.0,6.123233995736766e-17,55.91,229.5,0.1103,0.0236,4.056194710694726
2026-03-19 15:30:00+00:00,40.4425,109.675,49.35,24.4,73,1003.7,0.0,-0.7423384793347537,3.2154212137912763,0.0285714285714285,-0.7071067811865477,0.7071067811865474,1.0,6.123233995736766e-17,55.91,229.5,0.1103,0.0236,2.583989889311108
2026-03-19 16:30:00+00:00,37.04,104.575,49.275,23.8,75,1003.7,0.0,-3.833450448227005,2.888712111129832,0.02,-0.5000000000000004,0.8660254037844384,1.0,6.123233995736766e-17,55.91,229.5,0.1103,0.0236,1.045753024481697
2026-03-19 17:30:00+00:00,38.223333333333336,92.8,41.96666666666667,24.8,73,1003.6,0.0,-7.7517567604388,3.949717347734056,0.0117647058823529,-0.2588190451025215,0.965925826289068,1.0,6.123233995736766e-17,55.91,229.5,0.1103,0.0236,0.8659059612782655
2026-03-19 18:30:00+00:00,38.96,95.2,32.7,24.9,67,1003.1,0.0,-4.699999999999999,8.140638795573723,0.0105263157894736,0.0,1.0,1.0,6.123233995736766e-17,55.91,229.5,0.1103,0.0236,1.3209229610582902
2026-03-19 19:30:00+00:00,38.155,91.7,39.65,24.3,70,1002.5,0.0,-3.2945668089139835,7.3997182069050655,0.0117647058823529,0.2588190451025207,0.9659258262890684,1.0,6.123233995736766e-17,55.91,229.5,0.1103,0.0236,0.17158973863532934
2026-03-19 20:30:00+00:00,38.2125,84.225,46.575,23.6,75,1002.2,0.0,-3.610890138912289,4.791813060283758,0.0166666666666666,0.4999999999999999,0.8660254037844387,1.0,6.123233995736766e-17,55.91,229.5,0.1103,0.0236,1.6179534784814091
2026-03-19 21:30:00+00:00,43.575,88.975,45.125,23.2,78,1002.0,0.0,-6.275555911557553,3.921402555325716,0.0142857142857142,0.7071067811865475,0.7071067811865476,1.0,6.123233995736766e-17,55.91,229.5,0.1103,0.0236,0.36109208533336934
2026-03-19 22:30:00+00:00,41.745000000000005,87.925,48.05,22.6,82,1001.8,0.0,-7.212566884330647,4.6838957011292335,0.0117647058823529,0.8660254037844386,0.5000000000000001,1.0,6.123233995736766e-17,55.91,229.5,0.1103,0.0236,1.6964420920646694
2026-03-19 23:30:00+00:00,40.0875,84.95,41.1,21.2,88,1002.2,0.0,-4.482102298012082,-1.0347748499817786,0.0181818181818181,0.9659258262890684,0.2588190451025207,1.0,6.123233995736766e-17,55.91,229.5,0.1103,0.0236,2.734005684096084
2026-03-20 00:30:00+00:00,40.635000000000005,76.3,51.325,22.0,83,1002.7,0.0,-6.695918541027941,0.2338266279067549,0.0166666666666666,1.0,6.123233995736766e-17,1.0,6.123233995736766e-17,55.91,229.5,0.1103,0.0236,3.649849396385073
2026-03-20 01:30:00+00:00,39.935,84.05000000000001,59.65,23.6,74,1003.8,0.0,-6.862201078041086,-0.7212463965468089,0.0068965517241379,0.9659258262890684,-0.2588190451025206,1.0,6.123233995736766e-17,55.91,229.5,0.1103,0.0236,2.772068987190843
2026-03-20 02:30:00+00:00,42.6375,90.3,41.4,25.7,65,1004.5,0.0,-9.898492182048274,-0.1727788237291054,0.0034482758620689,0.8660254037844387,-0.4999999999999998,1.0,6.123233995736766e-17,55.91,229.5,0.1103,0.0236,3.3528072746983746
2026-03-20 03:30:00+00:00,40.765,91.075,50.425,28.1,55,1004.7,0.0,-11.38808279052806,1.6004906610407517,0.0024096385542168,0.7071067811865476,-0.7071067811865475,1.0,6.123233995736766e-17,55.91,229.5,0.1103,0.0236,2.298540074905127
2026-03-20 04:30:00+00:00,40.5125,86.1,54.625,30.4,48,1004.4,0.0,-9.552635204218417,1.684387323369224,0.0018181818181818,0.4999999999999999,-0.8660254037844387,1.0,6.123233995736766e-17,55.91,229.5,0.1103,0.0236,1.634099426175069
2026-03-20 05:30:00+00:00,38.43,86.375,41.75,31.9,42,1004.1,0.0,-9.2,-5.633375276077824e-16,0.0011904761904761,0.258819045102521,-0.9659258262890682,1.0,6.123233995736766e-17,55.91,229.5,0.1103,0.0236,0.6789062364640541
2026-03-20 06:30:00+00:00,42.2875,89.5,46.25,33.0,37,1002.6,0.0,-7.190132650232932,0.3768188849491941,0.0006666666666666,1.2246467991473532e-16,-1.0,1.0,6.123233995736766e-17,55.91,229.5,0.1103,0.0236,2.7459946576472727
2026-03-20 07:30:00+00:00,38.876666666666665,84.3,55.46666666666667,29.2,41,1002.4,0.7,3.0689926202812425,3.2910916572862674,0.0029850746268656,-0.2588190451025208,-0.9659258262890684,1.0,6.123233995736766e-17,55.91,229.5,0.1103,0.0236,3.5457548501324028
2026-03-20 08:30:00+00:00,37.0725,75.44999999999999,56.225,29.0,46,1002.5,0.2,16.589887728516988,0.5793316452615275,0.0008695652173913,-0.4999999999999998,-0.8660254037844388,1.0,6.123233995736766e-17,55.91,229.5,0.1103,0.0236,0.9270679506119389
2026-03-20 09:30:00+00:00,40.52,90.45,50.675,26.9,54,1002.2,0.0,8.456183240061428,-5.703767615401612,0.0018691588785046,-0.7071067811865471,-0.7071067811865479,1.0,6.123233995736766e-17,55.91,229.5,0.1103,0.0236,1.9025730499213167
2026-03-20 10:30:00+00:00,41.34,114.375,57.375,27.0,54,1002.2,0.0,10.777488443215546,-7.269507745119701,0.0013513513513513,-0.8660254037844384,-0.5000000000000004,1.0,6.123233995736766e-17,55.91,229.5,0.1103,0.0236,2.979472343531614
2026-03-20 11:30:00+00:00,39.525,286.15000000000003,41.05,25.8,66,1001.4,0.0,12.235155124994773,-5.705346533499445,0.0012903225806451,-0.9659258262890684,-0.2588190451025206,1.0,6.123233995736766e-17,55.91,229.5,0.1103,0.0236,1.12510206241581
2026-03-20 12:30:00+00:00,38.7225,159.15,47.1,25.1,65,1002.0,0.0,13.628960081163587,-8.18910539106986,0.0012195121951219,-1.0,-1.8369701987210292e-16,1.0,6.123233995736766e-17,55.91,229.5,0.1103,0.0236,3.295552856914052
2026-03-20 13:30:00+00:00,38.1075,146.875,37.95,24.8,62,1003.7,0.1,3.9303498341885104,-8.428662419440842,0.0015384615384615,-0.9659258262890684,0.2588190451025203,1.0,6.123233995736766e-17,55.91,229.5,0.1103,0.0236,0.685892794164718
2026-03-20 14:30:00+00:00,39.9,107.53333333333336,27.433333333333337,22.0,85,1005.6,2.4,-9.735430472951268,3.933369230867077,0.0055555555555555,-0.8660254037844386,0.5000000000000001,1.0,6.123233995736766e-17,55.91,229.5,0.1103,0.0236,4.6888454133229205
2026-03-20 15:30:00+00:00,38.425,120.875,48.0,21.4,92,1005.1,0.2,-4.120304599280435,6.857338405616898,0.0111111111111111,-0.7071067811865477,0.7071067811865474,1.0,6.123233995736766e-17,55.91,229.5,0.1103,0.0236,2.1849331610094485
2026-03-20 16:30:00+00:00,40.0225,88.525,49.25,21.1,95,1005.9,0.9,-0.1605621392230083,-9.1985987954388,0.0066666666666666,-0.5000000000000004,0.8660254037844384,1.0,6.123233995736766e-17,55.91,229.5,0.1103,0.0236,3.295520261701958
2026-03-20 17:30:00+00:00,40.06333333333333,65.7125,41.875,21.1,91,1005.3,0.0,-4.718145059679284,10.59712730865417,0.0033898305084745,-0.2588190451025215,0.965925826289068,1.0,6.123233995736766e-17,55.91,229.5,0.1103,0.0236,4.825076211544484
2026-03-20 18:30:00+00:00,43.93,42.9,34.5,20.7,93,1005.5,0.0,-0.6905890900668428,9.87588409757226,0.0027397260273972,0.0,1.0,1.0,6.123233995736766e-17,55.91,229.5,0.1103,0.0236,0.47641504296120907
2026-03-20 19:30:00+00:00,40.5075,37.575,37.525,20.2,94,1005.6,0.1,3.2053922922937423,3.437362397610102,0.0029850746268656,0.2588190451025207,0.9659258262890684,1.0,6.123233995736766e-17,55.91,229.5,0.1103,0.0236,1.2118588716022787
2026-03-20 20:30:00+00:00,39.47,,,20.3,91,1005.0,0.2,-1.2201888273138015,7.703969056642074,0.0028571428571428,0.4999999999999999,0.8660254037844387,1.0,6.123233995736766e-17,55.91,229.5,0.1103,0.0236,
2026-03-20 21:30:00+00:00,38.9525,,,19.8,91,1004.9,0.0,7.612985411107858,3.54999339862188,0.0027397260273972,0.7071067811865475,0.7071067811865476,1.0,6.123233995736766e-17,55.91,229.5,0.1103,0.0236,
2026-03-20 22:30:00+00:00,41.34,,,18.4,94,1006.1,2.2,13.647867363856914,-1.194033675642913,0.0018691588785046,0.8660254037844386,0.5000000000000001,1.0,6.123233995736766e-17,55.91,229.5,0.1103,0.0236,
2026-03-20 23:30:00+00:00,41.4575,,,19.1,95,1006.1,2.0,-1.034774849981779,-4.482102298012082,0.0111111111111111,0.9659258262890684,0.2588190451025207,1.0,6.123233995736766e-17,55.91,229.5,0.1103,0.0236,
2026-03-21 00:30:00+00:00,38.07,,,19.0,97,1006.8,0.1,-0.5644537016453287,-5.370418234988676,0.009090909090909,1.0,6.123233995736766e-17,1.0,6.123233995736766e-17,55.91,229.5,0.1103,0.0236,
2026-03-21 01:30:00+00:00,40.2325,,,19.9,90,1007.3,0.0,2.166534083347374,-2.875087836170254,0.0032258064516129,0.9659258262890684,-0.2588190451025206,1.0,6.123233995736766e-17,55.91,229.5,0.1103,0.0236,
2026-03-21 02:30:00+00:00,41.7475,,,20.6,81,1007.6,0.0,-1.7937955949114472,-3.2360929164157644,0.0034482758620689,0.8660254037844387,-0.4999999999999998,1.0,6.123233995736766e-17,55.91,229.5,0.1103,0.0236,
2026-03-21 03:30:00+00:00,41.0625,,,21.1,77,1008.1,0.0,0.8986815955253318,-2.1171611629406115,0.0031746031746031,0.7071067811865476,-0.7071067811865475,1.0,6.123233995736766e-17,55.91,229.5,0.1103,0.0236,
2026-03-21 04:30:00+00:00,41.3425,31.55,24.375,21.0,76,1008.1,0.3,-1.806652637168917,-2.006491028788965,0.0036363636363636,0.4999999999999999,-0.8660254037844387,1.0,6.123233995736766e-17,55.91,229.5,0.1103,0.0236,3.5882682583055754
2026-03-21 05:30:00+00:00,41.9225,28.425,10.075,21.1,76,1008.7,0.0,-3.985826051935202,2.4906205418960625,0.0014598540145985,0.258819045102521,-0.9659258262890682,1.0,6.123233995736766e-17,55.91,229.5,0.1103,0.0236,0.9312151920733669
2026-03-21 06:30:00+00:00,41.14,38.575,24.95,22.7,64,1007.7,0.0,-1.761649323676896,0.7117525274902329,0.0011560693641618,1.2246467991473532e-16,-1.0,1.0,6.123233995736766e-17,55.91,229.5,0.1103,0.0236,4.650011458238744
2026-03-21 07:30:00+00:00,40.16,38.7375,27.5375,23.2,62,1006.6,0.1,-1.4106846055019355,-1.9416407864998737,0.0009756097560975,-0.2588190451025208,-0.9659258262890684,1.0,6.123233995736766e-17,55.91,229.5,0.1103,0.0236,3.771423118370001
2026-03-21 08:30:00+00:00,39.52,38.900000000000006,30.125,23.6,61,1005.6,0.0,-3.785604479916904,-5.406403492307345,0.0008510638297872,-0.4999999999999998,-0.8660254037844388,1.0,6.123233995736766e-17,55.91,229.5,0.1103,0.0236,1.0479879050372798
2026-03-21 09:30:00+00:00,38.943333333333335,39.0625,32.7125,21.2,74,1005.5,1.8,-2.547324835228202,-6.304850211054155,0.0028985507246376,-0.7071067811865471,-0.7071067811865479,1.0,6.123233995736766e-17,55.91,229.5,0.1103,0.0236,2.6485303817382833
2026-03-21 10:30:00+00:00,39.1175,39.225,35.3,20.7,79,1005.5,0.2,-4.897870359980616,-2.714933873379488,0.0021978021978021,-0.8660254037844384,-0.5000000000000004,1.0,6.123233995736766e-17,55.91,229.5,0.1103,0.0236,3.691745374858855
2026-03-21 11:30:00+00:00,39.885,30.875,20.05,20.7,75,1005.8,0.1,-8.266850585069543,-2.370481260026193,0.0021505376344086,-0.9659258262890684,-0.2588190451025206,1.0,6.123233995736766e-17,55.91,229.5,0.1103,0.0236,2.4869698130440723
2026-03-21 12:30:00+00:00,44.2675,29.675,23.0,19.7,85,1006.3,0.0,-5.2395969218903815,-1.3063782362382068,0.0041666666666666,-1.0,-1.8369701987210292e-16,1.0,6.123233995736766e-17,55.91,229.5,0.1103,0.0236,1.1378666117374203
2026-03-21 13:30:00+00:00,43.3,25.175,8.175,19.1,91,1006.8,0.0,-5.553909369275841,-1.2822210097600302,0.0039215686274509,-0.9659258262890684,0.2588190451025203,1.0,6.123233995736766e-17,55.91,229.5,0.1103,0.0236,1.4128884382662321
2026-03-21 14:30:00+00:00,42.41,33.275,17.275,18.7,94,1007.6,0.0,-3.0768930700880985,0.3777949645559568,0.0045454545454545,-0.8660254037844386,0.5000000000000001,1.0,6.123233995736766e-17,55.91,229.5,0.1103,0.0236,4.479178878632809
2026-03-21 15:30:00+00:00,38.2,27.95,16.475,18.6,93,1007.5,0.0,-4.548022477124858,2.5210100252809524,0.0051282051282051,-0.7071067811865477,0.7071067811865474,1.0,6.123233995736766e-17,55.91,229.5,0.1103,0.0236,3.746873884702765
2026-03-21 16:30:00+00:00,40.79333333333333,30.2,25.7,18.1,93,1007.8,0.0,2.0121526974640926,7.017210380349728,0.00625,-0.5000000000000004,0.8660254037844384,1.0,6.123233995736766e-17,55.91,229.5,0.1103,0.0236,4.366212445081297
2026-03-21 17:30:00+00:00,41.48,32.1,26.399999999999995,18.3,95,1007.5,0.0,0.1988766337231855,3.7947922320673806,0.0117647058823529,-0.2588190451025215,0.965925826289068,1.0,6.123233995736766e-17,55.91,229.5,0.1103,0.0236,3.3988359153889225
2026-03-21 18:30:00+00:00,38.52,32.5,16.8,18.3,95,1007.1,0.0,1.0863591209061447,2.688833178243684,0.0153846153846153,0.0,1.0,1.0,6.123233995736766e-17,55.91,229.5,0.1103,0.0236,1.9243904726810697
2026-03-21 19:30:00+00:00,38.6025,35.525,23.975,18.1,94,1006.5,0.0,3.600408882659196,3.021101765526736,0.0125,0.2588190451025207,0.9659258262890684,1.0,6.123233995736766e-17,55.91,229.5,0.1103,0.0236,2.087453889447808
2026-03-21 20:30:00+00:00,39.94,36.5,17.85,17.7,95,1006.1,0.0,3.0814464759246087,1.4369020899183798,0.0133333333333333,0.4999999999999999,0.8660254037844387,1.0,6.123233995736766e-17,55.91,229.5,0.1103,0.0236,3.333936306472191
2026-03-21 21:30:00+00:00,37.34,36.725,20.075000000000003,17.1,97,1005.6,0.0,1.0692078290260414,-0.544788599687456,0.04,0.7071067811865475,0.7071067811865476,1.0,6.123233995736766e-17,55.91,229.5,0.1103,0.0236,0.013581964335320773
2026-03-21 22:30:00+00:00,39.712500000000006,38.4,18.65,16.9,100,1005.5,0.0,0.7182423009839041,-1.973354503650408,0.0333333333333333,0.8660254037844386,0.5000000000000001,1.0,6.123233995736766e-17,55.91,229.5,0.1103,0.0236,0.432301828507336
2026-03-21 23:30:00+00:00,40.3825,38.6,21.3,16.9,99,1005.8,0.0,-3.232818887608602,-4.449593469062211,0.0142857142857142,0.9659258262890684,0.2588190451025207,1.0,6.123233995736766e-17,55.91,229.5,0.1103,0.0236,0.6317354111269974
2026-03-22 00:30:00+00:00,40.63333333333333,38.7,21.03333333333333,17.1,99,1006.5,0.0,-0.8959198738632507,-2.3339510662430043,0.0153846153846153,1.0,6.123233995736766e-17,1.0,6.123233995736766e-17,55.91,229.5,0.1103,0.0236,4.138333490691239
2026-03-22 01:30:00+00:00,40.385,38.075,22.6,17.6,96,1007.3,0.0,0.7107390870623796,-2.1874299874788528,0.0153846153846153,0.9659258262890684,-0.2588190451025206,1.0,6.123233995736766e-17,55.91,229.5,0.1103,0.0236,1.930426666130688
2026-03-22 02:30:00+00:00,40.5525,36.9,27.975,19.4,87,1008.0,0.0,1.4500000000000013,-2.5114736709748717,0.0034482758620689,0.8660254037844387,-0.4999999999999998,1.0,6.123233995736766e-17,55.91,229.5,0.1103,0.0236,0.23872925296466674
2026-03-22 03:30:00+00:00,41.1225,41.5,27.775,21.9,72,1008.3,0.0,4.66790213248601,-1.7918397477264978,0.0013986013986013,0.7071067811865476,-0.7071067811865475,1.0,6.123233995736766e-17,55.91,229.5,0.1103,0.0236,0.5042777759481509
2026-03-22 04:30:00+00:00,41.615,40.95,31.625,23.4,63,1008.1,0.0,5.6014825589832125,-2.150207697271797,0.0011494252873563,0.4999999999999999,-0.8660254037844387,1.0,6.123233995736766e-17,55.91,229.5,0.1103,0.0236,3.673372703556963
2026-03-22 05:30:00+00:00,41.0875,,,22.8,64,1007.9,0.0,6.1616308148815335,-2.365228466998977,0.0011834319526627,0.258819045102521,-0.9659258262890682,1.0,6.123233995736766e-17,55.91,229.5,0.1103,0.0236,
2026-03-22 06:30:00+00:00,44.32666666666666,,,24.3,57,1006.9,0.2,7.956424955463171,-1.983759543917273,0.0010362694300518,1.2246467991473532e-16,-1.0,1.0,6.123233995736766e-17,55.91,229.5,0.1103,0.0236,
2026-03-22 07:30:00+00:00,39.0275,,,25.0,53,1005.4,0.4,7.878462024097665,-1.3891854213354398,0.000943396226415,-0.2588190451025208,-0.9659258262890684,1.0,6.123233995736766e-17,55.91,229.5,0.1103,0.0236,
2026-03-22 08:30:00+00:00,41.7125,,,25.4,53,1004.7,0.2,7.956424955463171,-1.983759543917273,0.00084388185654,-0.4999999999999998,-0.8660254037844388,1.0,6.123233995736766e-17,55.91,229.5,0.1103,0.0236,
2026-03-22 09:30:00+00:00,39.6,,,25.3,53,1004.2,0.1,9.897016408015164,-2.467603335116608,0.0008064516129032,-0.7071067811865471,-0.7071067811865479,1.0,6.123233995736766e-17,55.91,229.5,0.1103,0.0236,
2026-03-22 10:30:00+00:00,42.6575,,,24.8,56,1004.2,0.0,8.628422844472004,-4.208363009175143,0.0008474576271186,-0.8660254037844384,-0.5000000000000004,1.0,6.123233995736766e-17,55.91,229.5,0.1103,0.0236,
2026-03-22 11:30:00+00:00,39.83,,,24.2,63,1004.6,0.0,5.213005468535169,-2.5425526513766488,0.0037735849056603,-0.9659258262890684,-0.2588190451025206,1.0,6.123233995736766e-17,55.91,229.5,0.1103,0.0236,
2026-03-22 12:30:00+00:00,38.855,,,22.4,74,1005.2,0.0,4.160281732636995,-1.4324998796114878,0.0142857142857142,-1.0,-1.8369701987210292e-16,1.0,6.123233995736766e-17,55.91,229.5,0.1103,0.0236,
2026-03-22 13:30:00+00:00,40.13999999999999,,,22.0,74,1005.6,0.0,3.117691453623978,1.8000000000000016,0.0285714285714285,-0.9659258262890684,0.2588190451025203,1.0,6.123233995736766e-17,55.91,229.5,0.1103,0.0236,
2026-03-22 14:30:00+00:00,40.405,66.975,46.975,21.4,75,1006.4,0.0,2.875440057390793,2.328485446884397,0.0333333333333333,-0.8660254037844386,0.5000000000000001,1.0,6.123233995736766e-17,55.91,229.5,0.1103,0.0236,3.1260056240902063
2026-03-22 15:30:00+00:00,38.78333333333333,104.3,61.1,21.0,75,1006.9,0.0,1.0624665165944187,1.5751713878545794,0.0666666666666666,-0.7071067811865477,0.7071067811865474,1.0,6.123233995736766e-17,55.91,229.5,0.1103,0.0236,3.713951702776491
2026-03-22 16:30:00+00:00,32.515,94.45,38.2,20.2,79,1006.7,0.0,0.8777213787321057,4.515485043859254,0.0333333333333333,-0.5000000000000004,0.8660254037844384,1.0,6.123233995736766e-17,55.91,229.5,0.1103,0.0236,3.4479759175232227
2026-03-22 17:30:00+00:00,41.70666666666667,134.9,39.6,20.0,83,1006.7,0.0,0.6794350112397448,6.464392319893777,0.025,-0.2588190451025215,0.965925826289068,1.0,6.123233995736766e-17,55.91,229.5,0.1103,0.0236,4.56982588321259
2026-03-22 18:30:00+00:00,39.34,164.2,36.2,20.0,82,1006.2,0.0,1.259339369485195,6.4787394107545815,0.0222222222222222,0.0,1.0,1.0,6.123233995736766e-17,55.91,229.5,0.1103,0.0236,0.40530974520742113
2026-03-22 19:30:00+00:00,39.63,154.35,39.15,19.7,83,1005.9,0.0,0.706842191749857,5.756767679519667,0.0222222222222222,0.2588190451025207,0.9659258262890684,1.0,6.123233995736766e-17,55.91,229.5,0.1103,0.0236,1.7241626637854317
2026-03-22 20:30:00+00:00,42.6025,159.25,46.325,19.4,85,1005.6,0.0,-0.1884572821935037,5.3967104659031175,0.025,0.4999999999999999,0.8660254037844387,1.0,6.123233995736766e-17,55.91,229.5,0.1103,0.0236,1.0538405995591071
2026-03-22 21:30:00+00:00,40.6625,138.45,45.075,19.0,86,1005.2,0.0,1.032467469265523,6.518743047927909,0.0222222222222222,0.7071067811865475,0.7071067811865476,1.0,6.123233995736766e-17,55.91,229.5,0.1103,0.0236,0.9532255869433137
2026-03-22 22:30:00+00:00,40.97,128.35,50.675,18.5,87,1005.1,0.0,2.3225608791786545,5.748539898314082,0.02,0.8660254037844386,0.5000000000000001,1.0,6.123233995736766e-17,55.91,229.5,0.1103,0.0236,2.2146224095855045
2026-03-22 23:30:00+00:00,40.67,100.0,40.25,18.2,89,1005.6,0.0,2.4906205418960625,3.985826051935202,0.0222222222222222,0.9659258262890684,0.2588190451025207,1.0,6.123233995736766e-17,55.91,229.5,0.1103,0.0236,0.5268937948750274
2026-03-23 00:30:00+00:00,40.015,88.7,50.125,18.7,89,1006.0,0.0,1.2822210097600304,5.553909369275841,0.02,1.0,6.123233995736766e-17,1.0,6.123233995736766e-17,55.91,229.5,0.1103,0.0236,0.2858108461701969
2026-03-23 01:30:00+00:00,41.8425,79.95,62.575,20.5,84,1006.8,0.0,0.5330951626650305,5.072061666378194,0.0111111111111111,0.9659258262890684,-0.2588190451025206,1.0,6.123233995736766e-17,55.91,229.5,0.1103,0.0236,1.997724267760268
2026-03-23 02:30:00+00:00,40.265,77.225,38.375,23.3,74,1007.3,0.0,-5.021051876504147e-16,4.1,0.0048780487804878,0.8660254037844387,-0.4999999999999998,1.0,6.123233995736766e-17,55.91,229.5,0.1103,0.0236,2.990055802025546
2026-03-23 03:30:00+00:00,40.5025,65.85,48.55,25.7,61,1007.4,0.0,-7.10295143505465e-16,5.8,0.0015748031496062,0.7071067811865476,-0.7071067811865475,1.0,6.123233995736766e-17,55.91,229.5,0.1103,0.0236,1.0232410845807882
2026-03-23 04:30:00+00:00,43.1925,50.475,50.05,27.3,50,1006.9,0.0,1.0347748499817788,4.482102298012082,0.0007168458781362,0.4999999999999999,-0.8660254037844387,1.0,6.123233995736766e-17,55.91,229.5,0.1103,0.0236,2.743049967006364
2026-03-23 05:30:00+00:00,38.64,66.25,42.7,28.3,44,1006.6,0.0,3.207623487078124,1.6343657990623692,0.0005865102639296,0.258819045102521,-0.9659258262890682,1.0,6.123233995736766e-17,55.91,229.5,0.1103,0.0236,4.673928714910637
2026-03-23 06:30:00+00:00,41.45,63.875,51.125,29.0,42,1005.7,0.0,3.986890574637185,1.6108083516884228,0.0005540166204986,1.2246467991473532e-16,-1.0,1.0,6.123233995736766e-17,55.91,229.5,0.1103,0.0236,2.9239809084991695
2026-03-23 07:30:00+00:00,41.675,58.6,57.325,29.5,40,1004.5,0.0,5.032801279295884,2.6759879078795774,0.0005479452054794,-0.2588190451025208,-0.9659258262890684,1.0,6.123233995736766e-17,55.91,229.5,0.1103,0.0236,2.7002435202908073
2026-03-23 08:30:00+00:00,38.71666666666667,57.73333333333333,56.337500000000006,29.6,39,1003.7,0.0,8.790426231296726,1.3922667388580563,0.0005194805194805,-0.4999999999999998,-0.8660254037844388,1.0,6.123233995736766e-17,55.91,229.5,0.1103,0.0236,0.11173799299985077
2026-03-23 09:30:00+00:00,41.855,56.866666666666674,55.35,29.2,40,1003.2,0.0,10.635923732531849,1.875400318802848,0.0005376344086021,-0.7071067811865471,-0.7071067811865479,1.0,6.123233995736766e-17,55.91,229.5,0.1103,0.0236,0.7800011686582697
2026-03-23 10:30:00+00:00,41.05916666666666,64.14444444444445,52.775,28.9,41,1003.3,0.0,8.308865795825094,3.1894747509531767,0.0005,-0.8660254037844384,-0.5000000000000004,1.0,6.123233995736766e-17,55.91,229.5,0.1103,0.0236,0.4029242644238512
2026-03-23 11:30:00+00:00,40.263333333333335,71.42222222222223,50.2,27.9,49,1003.4,0.0,6.0916401620029,-0.3192493330819581,0.00625,-0.9659258262890684,-0.2588190451025206,1.0,6.123233995736766e-17,55.91,229.5,0.1103,0.0236,3.546994797364487
2026-03-23 12:30:00+00:00,39.4675,78.7,47.625,25.5,58,1003.9,0.0,5.611233446141407,-1.8232002668121887,0.008695652173913,-1.0,-1.8369701987210292e-16,1.0,6.123233995736766e-17,55.91,229.5,0.1103,0.0236,3.0647371350348376
2026-03-23 13:30:00+00:00,38.7875,109.575,35.125,25.2,53,1004.3,0.0,8.495581881124538,-3.261148340862226,0.00625,-0.9659258262890684,0.2588190451025203,1.0,6.123233995736766e-17,55.91,229.5,0.1103,0.0236,0.5208183752660178
2026-03-23 14:30:00+00:00,39.87,135.225,30.9,24.6,54,1005.1,0.0,9.514557037793448,-5.716922631501601,0.0064516129032258,-0.8660254037844386,0.5000000000000001,1.0,6.123233995736766e-17,55.91,229.5,0.1103,0.0236,2.088009306123429
2026-03-23 15:30:00+00:00,38.4625,171.05,48.175,24.0,58,1005.5,0.0,5.970137163813617,-6.867857180027224,0.009090909090909,-0.7071067811865477,0.7071067811865474,1.0,6.123233995736766e-17,55.91,229.5,0.1103,0.0236,3.1059558853977878
2026-03-23 16:30:00+00:00,41.32,199.375,47.0,23.3,63,1005.3,0.0,3.3841009744711745,-4.832997061305051,0.0142857142857142,-0.5000000000000004,0.8660254037844384,1.0,6.123233995736766e-17,55.91,229.5,0.1103,0.0236,0.3346102970988568
2026-03-23 17:30:00+00:00,40.16666666666666,202.2,38.36666666666667,24.0,62,1005.3,0.0,4.656970893768801,-5.750880114781583,0.0133333333333333,-0.2588190451025215,0.965925826289068,1.0,6.123233995736766e-17,55.91,229.5,0.1103,0.0236,0.7368988085895384
2026-03-23 18:30:00+00:00,40.13,221.9,38.0,23.1,69,1004.9,0.0,2.894873798829254,-3.5748714227020644,0.0166666666666666,0.0,1.0,1.0,6.123233995736766e-17,55.91,229.5,0.1103,0.0236,2.0708070944992945
2026-03-23 19:30:00+00:00,40.7225,226.6,38.375,22.7,70,1003.8,0.0,0.5375519243179512,-1.4003706397458022,0.05,0.2588190451025207,0.9659258262890684,1.0,6.123233995736766e-17,55.91,229.5,0.1103,0.0236,0.27097941130336034
2026-03-23 20:30:00+00:00,40.56,208.725,47.775,22.2,70,1003.7,0.0,2.521010025280952,-4.548022477124858,0.02,0.4999999999999999,0.8660254037844387,1.0,6.123233995736766e-17,55.91,229.5,0.1103,0.0236,1.9569306637488237
2026-03-23 21:30:00+00:00,39.66,202.15,45.325,21.5,72,1003.4,0.0,2.9977047866916138,-4.125986671312231,0.0166666666666666,0.7071067811865475,0.7071067811865476,1.0,6.123233995736766e-17,55.91,229.5,0.1103,0.0236,3.858488161396842
2026-03-23 22:30:00+00:00,40.5075,212.95,46.075,20.7,75,1003.2,0.0,5.430978635369399,-2.305313658086714,0.0166666666666666,0.8660254037844386,0.5000000000000001,1.0,6.123233995736766e-17,55.91,229.5,0.1103,0.0236,3.1671571124177267
2026-03-23 23:30:00+00:00,41.77,193.025,43.0,20.6,81,1003.8,0.0,2.4881992827652213,4.679622242152313,0.0181818181818181,0.9659258262890684,0.2588190451025207,1.0,6.123233995736766e-17,55.91,229.5,0.1103,0.0236,0.5108427720947056
2026-03-24 00:30:00+00:00,38.545,167.4,50.45,20.8,80,1004.5,0.0,5.991777208527443,0.3140157374576658,0.02,1.0,6.123233995736766e-17,1.0,6.123233995736766e-17,55.91,229.5,0.1103,0.0236,3.989175848566612
2026-03-24 01:30:00+00:00,41.1425,158.525,57.45,22.6,73,1005.4,0.0,6.663296698967432,0.7003407038932775,0.0111111111111111,0.9659258262890684,-0.2588190451025206,1.0,6.123233995736766e-17,55.91,229.5,0.1103,0.0236,2.3393275798142223
2026-03-24 02:30:00+00:00,38.8225,145.575,41.35,25.2,62,1005.8,0.0,6.81504955010645,1.0793978087775942,0.0048780487804878,0.8660254037844387,-0.4999999999999998,1.0,6.123233995736766e-17,55.91,229.5,0.1103,0.0236,0.7292154444582966
2026-03-24 03:30:00+00:00,39.11,127.2,45.625,27.7,52,1006.2,0.0,7.880755997052612,0.551076142578592,0.0014598540145985,0.7071067811865476,-0.7071067811865475,1.0,6.123233995736766e-17,55.91,229.5,0.1103,0.0236,3.654254374876222
2026-03-24 04:30:00+00:00,42.1025,110.5,48.125,29.3,43,1005.7,0.0,9.01143942554829,1.2664752187365909,0.0007604562737642,0.4999999999999999,-0.8660254037844387,1.0,6.123233995736766e-17,55.91,229.5,0.1103,0.0236,4.346960349708495
2026-03-24 05:30:00+00:00,38.0775,101.85,37.975,30.3,39,1004.5,0.0,12.4,2.2778430464140768e-15,0.0005571030640668,0.258819045102521,-0.9659258262890682,1.0,6.123233995736766e-17,55.91,229.5,0.1103,0.0236,3.835038975668214
2026-03-24 06:30:00+00:00,41.135,99.425,48.05,31.0,37,1003.4,0.0,13.33379259803436,-2.111865278043114,0.0005434782608695,1.2246467991473532e-16,-1.0,1.0,6.123233995736766e-17,55.91,229.5,0.1103,0.0236,1.3740581695531322
2026-03-24 07:30:00+00:00,39.7225,95.625,55.1,31.3,36,1002.1,0.0,14.22166310376631,-1.4947570247274378,0.0005181347150259,-0.2588190451025208,-0.9659258262890684,1.0,6.123233995736766e-17,55.91,229.5,0.1103,0.0236,3.3562784616511196
2026-03-24 08:30:00+00:00,42.02,92.55,62.675,31.4,34,1001.2,0.0,14.7639479438454,-1.0323958114130534,0.0005102040816326,-0.4999999999999998,-0.8660254037844388,1.0,6.123233995736766e-17,55.91,229.5,0.1103,0.0236,4.630996533829339
2026-03-24 09:30:00+00:00,38.6725,89.875,53.075,31.1,34,1000.6,0.0,14.222712104569984,-2.252656296579322,0.0005333333333333,-0.7071067811865471,-0.7071067811865479,1.0,6.123233995736766e-17,55.91,229.5,0.1103,0.0236,3.0983959336896634
2026-03-24 10:30:00+00:00,41.395,84.4,54.650000000000006,30.4,37,1000.4,0.0,11.874512609536485,-5.040431557511628,0.0005555555555555,-0.8660254037844384,-0.5000000000000004,1.0,6.123233995736766e-17,55.91,229.5,0.1103,0.0236,1.6799629904740099
2026-03-24 11:30:00+00:00,39.766666666666666,86.60000000000001,43.16666666666666,29.0,42,999.8,0.0,7.916341739690988,-3.360287705007752,0.0033898305084745,-0.9659258262890684,-0.2588190451025206,1.0,6.123233995736766e-17,55.91,229.5,0.1103,0.0236,0.17605216739408514
2026-03-24 12:30:00+00:00,38.572500000000005,100.65,45.35,26.9,49,1000.4,0.0,7.188569284028456,-2.7594332114988065,0.01,-1.0,-1.8369701987210292e-16,1.0,6.123233995736766e-17,55.91,229.5,0.1103,0.0236,3.5666783810297913
2026-03-24 13:30:00+00:00,40.32,137.3,39.4,25.6,57,1000.9,0.0,5.08636752381579,-1.0811407922523446,0.0222222222222222,-0.9659258262890684,0.2588190451025203,1.0,6.123233995736766e-17,55.91,229.5,0.1103,0.0236,0.8610597897433175
2026-03-24 14:30:00+00:00,39.825,231.2625,45.5,25.5,51,1001.6,0.0,7.625001883589708,-7.363378726865364,0.0125,-0.8660254037844386,0.5000000000000001,1.0,6.123233995736766e-17,55.91,229.5,0.1103,0.0236,1.6461954646705679
2026-03-24 15:30:00+00:00,39.33,325.225,51.6,24.8,53,1002.0,0.0,7.208408817329622,-4.504313745982239,0.0142857142857142,-0.7071067811865477,0.7071067811865474,1.0,6.123233995736766e-17,55.91,229.5,0.1103,0.0236,0.5318865879693319
2026-03-24 16:30:00+00:00,42.2625,314.8,50.125,23.7,57,1002.1,0.0,6.6339393538745695,-4.819839068798277,0.0166666666666666,-0.5000000000000004,0.8660254037844384,1.0,6.123233995736766e-17,55.91,229.5,0.1103,0.0236,2.395333221265106
2026-03-24 17:30:00+00:00,39.696666666666665,177.1,35.96666666666667,23.8,58,1002.6,0.0,7.427349730583325,-8.248907562799078,0.009090909090909,-0.2588190451025215,0.965925826289068,1.0,6.123233995736766e-17,55.91,229.5,0.1103,0.0236,3.913667296569714
2026-03-24 18:30:00+00:00,45.32,140.2,28.0,23.4,58,1002.8,0.0,6.505382386916239,-6.505382386916235,0.0095238095238095,0.0,1.0,1.0,6.123233995736766e-17,55.91,229.5,0.1103,0.0236,3.790776151813677
2026-03-24 19:30:00+00:00,39.67,182.76666666666665,36.13333333333333,22.5,61,1002.3,0.0,3.650000000000003,-6.3219854476264,0.0117647058823529,0.2588190451025207,0.9659258262890684,1.0,6.123233995736766e-17,55.91,229.5,0.1103,0.0236,1.2664865172493012
2026-03-24 20:30:00+00:00,39.215,207.525,48.775,21.4,68,1002.2,0.0,2.521010025280952,-4.548022477124858,0.0166666666666666,0.4999999999999999,0.8660254037844387,1.0,6.123233995736766e-17,55.91,229.5,0.1103,0.0236,0.06584241888797693
2026-03-24 21:30:00+00:00,40.60666666666666,203.15,44.96666666666667,21.0,70,1002.0,0.0,2.011625326420611,-1.115062126566574,0.04,0.7071067811865475,0.7071067811865476,1.0,6.123233995736766e-17,55.91,229.5,0.1103,0.0236,3.7319585877438
2026-03-24 22:30:00+00:00,40.8175,135.7,49.175,20.6,69,1002.0,0.0,2.1222328144988696,3.0308625638692708,0.0333333333333333,0.8660254037844386,0.5000000000000001,1.0,6.123233995736766e-17,55.91,229.5,0.1103,0.0236,4.534091346585551
2026-03-24 23:30:00+00:00,38.33,231.125,39.3,19.7,76,1002.6,0.0,2.8643931122624933,3.0716855468005164,0.04,0.9659258262890684,0.2588190451025207,1.0,6.123233995736766e-17,55.91,229.5,0.1103,0.0236,2.656258554285968
2026-03-25 00:30:00+00:00,39.9325,156.22500000000002,50.95,20.5,73,1003.4,0.0,6.468947631383072,4.874701687531591,0.0285714285714285,1.0,6.123233995736766e-17,1.0,6.123233995736766e-17,55.91,229.5,0.1103,0.0236,3.6019405827115794
2026-03-25 01:30:00+00:00,39.85,110.275,59.9,23.4,62,1004.6,0.0,6.861160523794227,2.772088791277751,0.0117647058823529,0.9659258262890684,-0.2588190451025206,1.0,6.123233995736766e-17,55.91,229.5,0.1103,0.0236,2.71493196052277
2026-03-25 02:30:00+00:00,40.18,127.775,40.7,26.5,51,1005.3,0.0,5.78819864428265,2.2218812871808646,0.0037037037037037,0.8660254037844387,-0.4999999999999998,1.0,6.123233995736766e-17,55.91,229.5,0.1103,0.0236,4.3044434695656
2026-03-25 03:30:00+00:00,42.6475,109.025,52.225,28.7,43,1005.5,0.0,8.087271537717452,1.8670937510540817,0.0011494252873563,0.7071067811865476,-0.7071067811865475,1.0,6.123233995736766e-17,55.91,229.5,0.1103,0.0236,1.6557165094284705
2026-03-25 04:30:00+00:00,42.81333333333333,79.5,55.26666666666667,30.3,36,1005.6,0.0,9.563469101680758,-0.8366951303775158,0.0004987531172069,0.4999999999999999,-0.8660254037844387,1.0,6.123233995736766e-17,55.91,229.5,0.1103,0.0236,1.3157709712938988
2026-03-25 05:30:00+00:00,37.49,77.0,41.96666666666667,31.3,31,1005.0,0.0,12.59808095897053,-0.2199003211097674,0.0004750593824228,0.258819045102521,-0.9659258262890682,1.0,6.123233995736766e-17,55.91,229.5,0.1103,0.0236,2.9817306226390325
2026-03-25 06:30:00+00:00,38.025000000000006,74.725,52.40833333333333,32.3,26,1004.2,0.0,12.992080751248244,0.4536934571325214,0.0004464285714285,1.2246467991473532e-16,-1.0,1.0,6.123233995736766e-17,55.91,229.5,0.1103,0.0236,4.907896958134281
2026-03-25 07:30:00+00:00,38.56,72.45,62.85,32.8,23,1003.1,0.0,13.491776164757791,-0.4711432054837673,0.0004494382022471,-0.2588190451025208,-0.9659258262890684,1.0,6.123233995736766e-17,55.91,229.5,0.1103,0.0236,0.9047840305199906
2026-03-25 08:30:00+00:00,41.6475,87.775,61.45,32.8,23,1002.4,0.0,13.54824789404774,-1.1853181013681473,0.0004444444444444,-0.4999999999999998,-0.8660254037844388,1.0,6.123233995736766e-17,55.91,229.5,0.1103,0.0236,2.1121818433871713
2026-03-25 09:30:00+00:00,39.66333333333333,65.1,52.2,32.5,23,1001.7,0.0,13.49843689012652,-2.869181333285068,0.0004484304932735,-0.7071067811865471,-0.7071067811865479,1.0,6.123233995736766e-17,55.91,229.5,0.1103,0.0236,2.538708055597888
2026-03-25 10:30:00+00:00,39.67,73.56666666666666,59.63333333333333,31.8,24,1001.9,0.0,11.719904075667907,-6.496448911300909,0.000473933649289,-0.8660254037844384,-0.5000000000000004,1.0,6.123233995736766e-17,55.91,229.5,0.1103,0.0236,1.256314125590201
2026-03-25 11:30:00+00:00,41.24,83.45,39.625,29.9,27,1001.7,0.0,4.114403043370139,-2.47218275956826,0.0074074074074074,-0.9659258262890684,-0.2588190451025206,1.0,6.123233995736766e-17,55.91,229.5,0.1103,0.0236,3.164624496610201
2026-03-25 12:30:00+00:00,38.895,106.725,46.925,28.3,33,1002.3,0.0,0.6883116461770152,4.345828698618607,0.0222222222222222,-1.0,-1.8369701987210292e-16,1.0,6.123233995736766e-17,55.91,229.5,0.1103,0.0236,1.677823213938453
2026-03-25 13:30:00+00:00,40.973333333333336,251.675,41.6,27.9,38,1003.0,0.0,3.380195252058414,6.357222668584273,0.0153846153846153,-0.9659258262890684,0.2588190451025203,1.0,6.123233995736766e-17,55.91,229.5,0.1103,0.0236,0.55882838402391
2026-03-25 14:30:00+00:00,40.8425,310.775,34.0,26.7,42,1003.8,0.0,4.136639992842482,-3.4710530923073124,0.025,-0.8660254037844386,0.5000000000000001,1.0,6.123233995736766e-17,55.91,229.5,0.1103,0.0236,0.9244342278229573
2026-03-25 15:30:00+00:00,40.51,462.95,50.125,25.6,47,1004.3,0.0,0.7269507745119715,-1.0777488443215535,0.0666666666666666,-0.7071067811865477,0.7071067811865474,1.0,6.123233995736766e-17,55.91,229.5,0.1103,0.0236,2.6639680054693127
2026-03-25 16:30:00+00:00,40.8975,376.95,50.325,24.5,48,1004.4,0.0,-1.5912350325892373,-0.1672455412282455,0.0666666666666666,-0.5000000000000004,0.8660254037844384,1.0,6.123233995736766e-17,55.91,229.5,0.1103,0.0236,3.579485961845526
2026-03-25 17:30:00+00:00,40.79333333333333,469.8,42.46666666666667,23.5,59,1004.6,0.0,0.1815961998958185,0.3564026096753472,0.1,-0.2588190451025215,0.965925826289068,1.0,6.123233995736766e-17,55.91,229.5,0.1103,0.0236,3.0014120608910106
2026-03-25 18:30:00+00:00,41.59666666666666,407.55,39.583333333333336,22.7,63,1004.6,0.0,2.66295824562643,-0.8652475842498522,0.05,0.0,1.0,1.0,6.123233995736766e-17,55.91,229.5,0.1103,0.0236,3.044121869480538
2026-03-25 19:30:00+00:00,42.4,345.3,36.7,21.0,69,1004.2,0.0,2.0075175272286603,2.867032155011472,0.0333333333333333,0.2588190451025207,0.9659258262890684,1.0,6.123233995736766e-17,55.91,229.5,0.1103,0.0236,1.2253357659759683
2026-03-25 20:30:00+00:00,40.56,186.1,46.05,20.4,72,1004.3,0.0,-8.572527594031472e-17,0.7,0.1,0.4999999999999999,0.8660254037844387,1.0,6.123233995736766e-17,55.91,229.5,0.1103,0.0236,0.555837471341385
2026-03-25 21:30:00+00:00,37.965,207.45,48.05,20.1,71,1003.9,0.0,0.3399186938124425,1.0461621679246689,0.1,0.7071067811865475,0.7071067811865476,1.0,6.123233995736766e-17,55.91,229.5,0.1103,0.0236,2.4947443281697597
2026-03-25 22:30:00+00:00,38.5,159.975,51.225,19.3,72,1004.3,0.0,0.9058666578588211,3.38074039201174,0.05,0.8660254037844386,0.5000000000000001,1.0,6.123233995736766e-17,55.91,229.5,0.1103,0.0236,1.8087512509938486
2026-03-25 23:30:00+00:00,41.4275,254.25,42.275,19.0,76,1004.8,0.0,1.295495572339895,4.517929970910099,0.04,0.9659258262890684,0.2588190451025207,1.0,6.123233995736766e-17,55.91,229.5,0.1103,0.0236,1.6303576782711149
2026-03-26 00:30:00+00:00,37.5125,132.2,52.775,19.9,71,1005.6,0.0,4.874701687531589,6.468947631383074,0.0285714285714285,1.0,6.123233995736766e-17,1.0,6.123233995736766e-17,55.91,229.5,0.1103,0.0236,0.7809281394607309
2026-03-26 01:30:00+00:00,39.275,141.0,62.6,22.8,58,1006.5,0.0,5.766727053863696,3.603450996785794,0.0166666666666666,0.9659258262890684,-0.2588190451025206,1.0,6.123233995736766e-17,55.91,229.5,0.1103,0.0236,2.9863729528377423
2026-03-26 02:30:00+00:00,39.2625,150.6,40.325,26.7,45,1007.0,0.0,3.8105117766515297,2.200000000000002,0.0074074074074074,0.8660254037844387,-0.4999999999999998,1.0,6.123233995736766e-17,55.91,229.5,0.1103,0.0236,3.6176280246035164
2026-03-26 03:30:00+00:00,40.335,107.3,51.25,29.9,34,1007.1,0.0,3.730669076497686,2.5163680656183627,0.003125,0.7071067811865476,-0.7071067811865475,1.0,6.123233995736766e-17,55.91,229.5,0.1103,0.0236,4.746736192805767
2026-03-26 04:30:00+00:00,40.635,105.725,56.15,32.1,23,1006.6,0.0,3.555678026142496,0.5631640741448317,0.0004914004914004,0.4999999999999999,-0.8660254037844387,1.0,6.123233995736766e-17,55.91,229.5,0.1103,0.0236,3.0624318483084645
2026-03-26 05:30:00+00:00,36.98,59.675,42.425,33.0,21,1005.9,0.0,7.180188374442375,-1.790222027437539,0.0004444444444444,0.258819045102521,-0.9659258262890682,1.0,6.123233995736766e-17,55.91,229.5,0.1103,0.0236,3.07442772135569
2026-03-26 06:30:00+00:00,37.405,66.9,48.9,33.6,20,1005.0,0.0,9.158712103013537,-1.614928052302449,0.0004237288135593,1.2246467991473532e-16,-1.0,1.0,6.123233995736766e-17,55.91,229.5,0.1103,0.0236,1.0879060796106117
2026-03-26 07:30:00+00:00,40.535,61.05,58.3,33.6,20,1003.7,0.0,10.620243822562143,-1.30400197443508,0.0004301075268817,-0.2588190451025208,-0.9659258262890684,1.0,6.123233995736766e-17,55.91,229.5,0.1103,0.0236,0.6583570095248603
2026-03-26 08:30:00+00:00,40.4,63.0125,54.5875,33.5,20,1003.1,0.0,10.044671143219562,-1.0557374790032952,0.0004444444444444,-0.4999999999999998,-0.8660254037844388,1.0,6.123233995736766e-17,55.91,229.5,0.1103,0.0236,4.785974603503444
2026-03-26 09:30:00+00:00,42.7825,64.975,50.875,33.3,22,1002.3,0.0,8.833660749607766,-1.0846371563058144,0.0004640371229698,-0.7071067811865471,-0.7071067811865479,1.0,6.123233995736766e-17,55.91,229.5,0.1103,0.0236,0.8900714070776611
2026-03-26 10:30:00+00:00,39.545,72.1,58.8,32.5,23,1002.1,0.0,9.2424462223223,-3.5478427004984656,0.0004728132387706,-0.8660254037844384,-0.5000000000000004,1.0,6.123233995736766e-17,55.91,229.5,0.1103,0.0236,4.656849924911074
2026-03-26 11:30:00+00:00,39.38333333333333,67.13333333333334,38.6,31.2,27,1001.7,0.0,6.149493427364157,-4.633975678270769,0.005,-0.9659258262890684,-0.2588190451025206,1.0,6.123233995736766e-17,55.91,229.5,0.1103,0.0236,1.999804714075888
2026-03-26 12:30:00+00:00,42.72,81.4,44.7,29.0,32,1002.0,0.0,0.563164074144832,-3.555678026142496,0.02,-1.0,-1.8369701987210292e-16,1.0,6.123233995736766e-17,55.91,229.5,0.1103,0.0236,0.3325708757097623
2026-03-26 13:30:00+00:00,40.223333333333336,240.30000000000004,35.833333333333336,28.1,35,1002.7,0.0,-1.6443818237566818,0.73212595753644,0.0666666666666666,-0.9659258262890684,0.2588190451025203,1.0,6.123233995736766e-17,55.91,229.5,0.1103,0.0236,3.09623066827979
2026-03-26 14:30:00+00:00,39.18666666666667,435.0,33.46666666666667,27.2,45,1003.4,0.0,-2.668731271573632,4.109485782932579,0.0285714285714285,-0.8660254037844386,0.5000000000000001,1.0,6.123233995736766e-17,55.91,229.5,0.1103,0.0236,4.7187119098234565
2026-03-26 15:30:00+00:00,35.129999999999995,185.0,40.4,25.8,54,1003.9,0.0,-4.525946442652044,6.229430856687094,0.0222222222222222,-0.7071067811865477,0.7071067811865474,1.0,6.123233995736766e-17,55.91,229.5,0.1103,0.0236,2.310980259766719
2026-03-26 16:30:00+00:00,44.1125,223.775,47.35,24.7,61,1004.0,0.0,-8.074598245881878,2.315353788862792,0.0181818181818181,-0.5000000000000004,0.8660254037844384,1.0,6.123233995736766e-17,55.91,229.5,0.1103,0.0236,0.4645570351066919
2026-03-26 17:30:00+00:00,37.03,115.2,42.833333333333336,24.4,57,1003.8,0.0,-4.981241083792128,7.971652103870404,0.0153846153846153,-0.2588190451025215,0.965925826289068,1.0,6.123233995736766e-17,55.91,229.5,0.1103,0.0236,4.858205321265106
2026-03-26 18:30:00+00:00,37.28,124.1,34.4,24.1,56,1003.1,0.0,-2.2050988465359973,7.690093567506549,0.0166666666666666,0.0,1.0,1.0,6.123233995736766e-17,55.91,229.5,0.1103,0.0236,4.390770244945452
2026-03-26 19:30:00+00:00,38.4025,215.725,38.65,23.1,60,1002.4,0.0,-1.2514757203218478,7.901506724761101,0.0166666666666666,0.2588190451025207,0.9659258262890684,1.0,6.123233995736766e-17,55.91,229.5,0.1103,0.0236,3.174767225036586
2026-03-26 20:30:00+00:00,40.18,212.55,48.3,22.4,62,1001.8,0.0,-1.3891854213354422,7.878462024097664,0.0153846153846153,0.4999999999999999,0.8660254037844387,1.0,6.123233995736766e-17,55.91,229.5,0.1103,0.0236,4.676522684048034
2026-03-26 21:30:00+00:00,42.1175,238.6,47.0,21.5,67,1001.4,0.0,-2.880147736233119,3.9641832724372414,0.0166666666666666,0.7071067811865475,0.7071067811865476,1.0,6.123233995736766e-17,55.91,229.5,0.1103,0.0236,0.5755981801946847
2026-03-26 22:30:00+00:00,40.55,157.9,47.05,20.9,74,1001.4,0.0,-2.3384881554845647,0.5398825304252756,0.0333333333333333,0.8660254037844386,0.5000000000000001,1.0,6.123233995736766e-17,55.91,229.5,0.1103,0.0236,4.790048041038625
2026-03-26 23:30:00+00:00,43.39333333333334,177.1,41.46666666666667,21.3,71,1001.7,0.0,-3.076893070088098,-0.3777949645559572,0.0285714285714285,0.9659258262890684,0.2588190451025207,1.0,6.123233995736766e-17,55.91,229.5,0.1103,0.0236,2.2606373227608523
2026-03-27 00:30:00+00:00,40.345,196.8,48.3,21.9,74,1002.4,0.0,-5.991656052659468,1.946807064562168,0.02,1.0,6.123233995736766e-17,1.0,6.123233995736766e-17,55.91,229.5,0.1103,0.0236,3.06406517787225
2026-03-27 01:30:00+00:00,39.2925,206.65,60.175,24.1,60,1002.6,0.0,-3.447199994035401,2.8925442435894277,0.0105263157894736,0.9659258262890684,-0.2588190451025206,1.0,6.123233995736766e-17,55.91,229.5,0.1103,0.0236,1.1714726635467927
2026-03-27 02:30:00+00:00,41.5325,148.125,39.75,26.9,46,1003.3,0.0,-1.112461179749811,3.4238034586625528,0.0046511627906976,0.8660254037844387,-0.4999999999999998,1.0,6.123233995736766e-17,55.91,229.5,0.1103,0.0236,4.301560096396654
2026-03-27 03:30:00+00:00,42.11,131.025,51.775,29.6,37,1003.1,0.0,1.2542878234085515,3.267531492740206,0.0027777777777777,0.7071067811865476,-0.7071067811865475,1.0,6.123233995736766e-17,55.91,229.5,0.1103,0.0236,1.3279433317483935
2026-03-27 04:30:00+00:00,45.5075,128.29999999999998,53.425,32.2,32,1002.9,0.0,3.4672473158695776,2.708910491432896,0.0019230769230769,0.4999999999999999,-0.8660254037844387,1.0,6.123233995736766e-17,55.91,229.5,0.1103,0.0236,1.6330644237252274
2026-03-27 05:30:00+00:00,37.88,110.96666666666664,42.7,34.3,27,1002.2,0.0,5.936336673094981,3.709434849632435,0.0004819277108433,0.258819045102521,-0.9659258262890682,1.0,6.123233995736766e-17,55.91,229.5,0.1103,0.0236,3.8347630972172193
2026-03-27 06:30:00+00:00,40.6075,112.725,51.225,36.0,21,1000.8,0.0,12.98218395180946,-0.6803674311582713,0.0003454231433506,1.2246467991473532e-16,-1.0,1.0,6.123233995736766e-17,55.91,229.5,0.1103,0.0236,1.710333308008053
2026-03-27 07:30:00+00:00,40.0625,92.25,58.0,35.3,23,1000.0,0.0,11.509436805418428,-11.114533927343947,0.0003649635036496,-0.2588190451025208,-0.9659258262890684,1.0,6.123233995736766e-17,55.91,229.5,0.1103,0.0236,0.5821620530208382
2026-03-27 08:30:00+00:00,43.5025,73.65,58.6,34.5,25,998.9,0.0,13.177485915780338,-9.929947882008792,0.0003929273084479,-0.4999999999999998,-0.8660254037844388,1.0,6.123233995736766e-17,55.91,229.5,0.1103,0.0236,2.975904707487822
2026-03-27 09:30:00+00:00,39.8775,75.0,49.75,34.3,23,998.1,0.0,19.3,3.5453524835315877e-15,0.0003780718336483,-0.7071067811865471,-0.7071067811865479,1.0,6.123233995736766e-17,55.91,229.5,0.1103,0.0236,4.377274019018194
2026-03-27 10:30:00+00:00,40.51,195.0,55.96666666666667,33.7,24,998.2,0.0,11.535326622311668,-3.971931484377307,0.0004081632653061,-0.8660254037844384,-0.5000000000000004,1.0,6.123233995736766e-17,55.91,229.5,0.1103,0.0236,1.610666770946626
2026-03-27 11:30:00+00:00,37.275,71.10000000000001,42.175,31.6,28,998.2,0.0,14.772816928697392,-6.888677666373404,0.0007117437722419,-0.9659258262890684,-0.2588190451025206,1.0,6.123233995736766e-17,55.91,229.5,0.1103,0.0236,2.7371271359131706
2026-03-27 12:30:00+00:00,38.6375,59.475,47.425,29.8,32,998.9,0.0,8.284543681071964,-3.5165801564034616,0.0068965517241379,-1.0,-1.8369701987210292e-16,1.0,6.123233995736766e-17,55.91,229.5,0.1103,0.0236,0.6753714460645865
2026-03-27 13:30:00+00:00,39.2075,101.1,39.475,28.5,36,1000.0,0.0,1.5801984167690746,-8.961750552411091,0.0105263157894736,-0.9659258262890684,0.2588190451025203,1.0,6.123233995736766e-17,55.91,229.5,0.1103,0.0236,4.869810483724784
2026-03-27 14:30:00+00:00,39.17,127.65,28.9,27.3,40,1000.7,0.0,-1.352749711797137,-11.017262283218674,0.008,-0.8660254037844386,0.5000000000000001,1.0,6.123233995736766e-17,55.91,229.5,0.1103,0.0236,4.268588513120029
2026-03-27 15:30:00+00:00,42.19,174.25,43.1,25.9,47,1001.3,0.0,-7.733874297213384,-11.909122064825022,0.005,-0.7071067811865477,0.7071067811865474,1.0,6.123233995736766e-17,55.91,229.5,0.1103,0.0236,1.141902544463596
2026-03-27 16:30:00+00:00,39.7225,238.725,48.975,24.0,58,1002.6,0.0,2.910887178827989,0.7257656867990033,0.0333333333333333,-0.5000000000000004,0.8660254037844384,1.0,6.123233995736766e-17,55.91,229.5,0.1103,0.0236,3.6003176022603283
2026-03-27 17:30:00+00:00,42.76333333333333,338.5,37.6,22.3,80,1002.6,0.1,10.792346997185644,-9.381644114564253,0.0052631578947368,-0.2588190451025215,0.965925826289068,1.0,6.123233995736766e-17,55.91,229.5,0.1103,0.0236,4.763746270102526
2026-03-27 18:30:00+00:00,39.63,188.775,36.1,21.9,84,1002.8,2.3,16.72632397254808,-3.555289912983672,0.003125,0.0,1.0,1.0,6.123233995736766e-17,55.91,229.5,0.1103,0.0236,1.2484426635244388
2026-03-27 19:30:00+00:00,36.75,39.05,34.6,20.9,86,1001.2,1.4,5.182866329025009,5.9622056837598985,0.0095238095238095,0.2588190451025207,0.9659258262890684,1.0,6.123233995736766e-17,55.91,229.5,0.1103,0.0236,4.512559958238546
2026-03-27 20:30:00+00:00,40.4675,,,20.9,83,999.5,0.0,2.72856863388459,14.037268723301596,0.0083333333333333,0.4999999999999999,0.8660254037844387,1.0,6.123233995736766e-17,55.91,229.5,0.1103,0.0236,
2026-03-27 21:30:00+00:00,38.65,,,20.9,80,999.2,0.0,5.175491697030828,10.157474375747396,0.008,0.7071067811865475,0.7071067811865476,1.0,6.123233995736766e-17,55.91,229.5,0.1103,0.0236,
2026-03-27 22:30:00+00:00,40.93666666666667,,,20.6,80,999.5,0.0,3.9691779237647857,13.842168421511792,0.0051282051282051,0.8660254037844386,0.5000000000000001,1.0,6.123233995736766e-17,55.91,229.5,0.1103,0.0236,
2026-03-27 23:30:00+00:00,38.445,,,20.9,81,1000.2,0.0,1.050657780874822,-3.233592155403522,0.025,0.9659258262890684,0.2588190451025207,1.0,6.123233995736766e-17,55.91,229.5,0.1103,0.0236,
2026-03-28 00:30:00+00:00,40.432500000000005,,,21.5,77,1000.8,0.0,2.172914349309303,0.3441558230885083,0.0285714285714285,1.0,6.123233995736766e-17,1.0,6.123233995736766e-17,55.91,229.5,0.1103,0.0236,
2026-03-28 01:30:00+00:00,40.15,,,22.8,73,1001.5,0.0,-4.349348941332579,-4.830441365603063,0.0058823529411764,0.9659258262890684,-0.2588190451025206,1.0,6.123233995736766e-17,55.91,229.5,0.1103,0.0236,
2026-03-28 02:30:00+00:00,40.3175,,,25.1,63,1002.2,0.0,-1.969615506024416,0.3472963553338606,0.0028985507246376,0.8660254037844387,-0.4999999999999998,1.0,6.123233995736766e-17,55.91,229.5,0.1103,0.0236,
2026-03-28 03:30:00+00:00,38.07666666666667,,,26.9,55,1002.3,0.0,-1.0606601717798212,-1.0606601717798214,0.0016949152542372,0.7071067811865476,-0.7071067811865475,1.0,6.123233995736766e-17,55.91,229.5,0.1103,0.0236,
2026-03-28 04:30:00+00:00,37.837500000000006,,,28.4,49,1002.0,0.0,-1.0988074805258186,-2.3564002462952898,0.0012269938650306,0.4999999999999999,-0.8660254037844387,1.0,6.123233995736766e-17,55.91,229.5,0.1103,0.0236,
2026-03-28 05:30:00+00:00,40.515,46.275,38.6,27.1,57,1002.1,0.1,-1.7820130483767358,0.9079809994790936,0.0013513513513513,0.258819045102521,-0.9659258262890682,1.0,6.123233995736766e-17,55.91,229.5,0.1103,0.0236,2.0820457967423223
2026-03-28 06:30:00+00:00,38.44,57.8,49.675,28.9,51,1001.0,0.0,0.1744974835125041,-4.996954135095479,0.0011173184357541,1.2246467991473532e-16,-1.0,1.0,6.123233995736766e-17,55.91,229.5,0.1103,0.0236,3.9009003562383353
2026-03-28 07:30:00+00:00,39.6725,53.575,47.875,29.7,47,999.8,0.0,-2.3284854468843985,-2.8754400573907923,0.0008547008547008,-0.2588190451025208,-0.9659258262890684,1.0,6.123233995736766e-17,55.91,229.5,0.1103,0.0236,4.99590914725198
2026-03-28 08:30:00+00:00,39.69,56.55,27.0,28.8,50,999.5,1.4,2.0187885517996587,7.534221445054733,0.0015037593984962,-0.4999999999999998,-0.8660254037844388,1.0,6.123233995736766e-17,55.91,229.5,0.1103,0.0236,4.955899814016157
2026-03-28 09:30:00+00:00,41.085,62.45,30.575,28.3,51,998.4,0.2,-1.6443818237566816,-0.7321259575364404,0.0010695187165775,-0.7071067811865471,-0.7071067811865479,1.0,6.123233995736766e-17,55.91,229.5,0.1103,0.0236,4.563260218566649
2026-03-28 10:30:00+00:00,38.5625,68.05,28.925,28.3,51,998.3,0.0,-1.7820130483767358,-0.9079809994790936,0.0019230769230769,-0.8660254037844384,-0.5000000000000004,1.0,6.123233995736766e-17,55.91,229.5,0.1103,0.0236,0.18140848041576396
2026-03-28 11:30:00+00:00,39.785,70.05,39.0,27.7,54,999.0,0.0,-6.092338390726596,-3.239353783222647,0.0058823529411764,-0.9659258262890684,-0.2588190451025206,1.0,6.123233995736766e-17,55.91,229.5,0.1103,0.0236,3.944769660571359
2026-03-28 12:30:00+00:00,38.78,65.44999999999999,47.875,26.1,64,999.3,0.0,-9.893969187489049,0.3455050173547572,0.0076923076923076,-1.0,-1.8369701987210292e-16,1.0,6.123233995736766e-17,55.91,229.5,0.1103,0.0236,2.7285009682689148
2026-03-28 13:30:00+00:00,40.295,81.3,37.675,25.4,67,999.8,0.0,-10.474422527728152,0.732442974313316,0.0064516129032258,-0.9659258262890684,0.2588190451025203,1.0,6.123233995736766e-17,55.91,229.5,0.1103,0.0236,4.066914222917218
2026-03-28 14:30:00+00:00,39.88,88.1,32.925,24.9,66,1000.5,0.0,-11.1506356728845,-3.19739332747719,0.0051282051282051,-0.8660254037844386,0.5000000000000001,1.0,6.123233995736766e-17,55.91,229.5,0.1103,0.0236,2.6107837382690002
2026-03-28 15:30:00+00:00,39.495000000000005,88.575,27.5,23.9,72,1000.9,0.0,-12.792202585844429,-0.4467135577920138,0.0037735849056603,-0.7071067811865477,0.7071067811865474,1.0,6.123233995736766e-17,55.91,229.5,0.1103,0.0236,4.910392957893784
2026-03-28 16:30:00+00:00,38.5125,78.925,29.025,23.1,79,1001.2,0.0,-11.029846833736729,-1.9448595898696208,0.0036363636363636,-0.5000000000000004,0.8660254037844384,1.0,6.123233995736766e-17,55.91,229.5,0.1103,0.0236,4.797605539735922
2026-03-28 17:30:00+00:00,41.81333333333333,67.3,26.4,23.2,82,1001.3,0.0,-10.998324646720304,-0.1919764708101171,0.0042553191489361,-0.2588190451025215,0.965925826289068,1.0,6.123233995736766e-17,55.91,229.5,0.1103,0.0236,1.339837260557863
2026-03-28 18:30:00+00:00,44.7,63.4,25.3,22.7,84,1000.9,0.0,-11.17271736291003,0.7812725059342036,0.0042553191489361,0.0,1.0,1.0,6.123233995736766e-17,55.91,229.5,0.1103,0.0236,4.815799046112726
2026-03-28 19:30:00+00:00,39.2525,73.2,28.4,22.2,86,1000.5,0.0,-10.589808046712347,3.646363329920152,0.0039215686274509,0.2588190451025207,0.9659258262890684,1.0,6.123233995736766e-17,55.91,229.5,0.1103,0.0236,1.5735754596259288
2026-03-28 20:30:00+00:00,42.5475,72.775,17.6,21.8,88,1000.2,0.0,-9.702957262759965,2.4192189559966777,0.0038461538461538,0.4999999999999999,0.8660254037844387,1.0,6.123233995736766e-17,55.91,229.5,0.1103,0.0236,1.7915676700009202
2026-03-28 21:30:00+00:00,39.995,71.57499999999999,28.175,21.3,92,999.9,0.0,-8.798003754859925,-2.689819683449178,0.005,0.7071067811865475,0.7071067811865476,1.0,6.123233995736766e-17,55.91,229.5,0.1103,0.0236,2.4954178983561377
2026-03-28 22:30:00+00:00,41.2475,70.225,23.375,20.8,93,1000.0,0.0,-8.266850585069543,-2.370481260026193,0.0057142857142857,0.8660254037844386,0.5000000000000001,1.0,6.123233995736766e-17,55.91,229.5,0.1103,0.0236,1.534005127107142
2026-03-28 23:30:00+00:00,38.9225,71.275,21.25,21.0,92,1000.6,0.0,-9.329933825428428,-1.1455718280083864,0.0051282051282051,0.9659258262890684,0.2588190451025207,1.0,6.123233995736766e-17,55.91,229.5,0.1103,0.0236,0.6254388645416681
2026-03-29 00:30:00+00:00,41.3625,66.575,19.65,21.3,91,1001.6,0.0,-8.778563642286453,-0.6138569689483041,0.0046511627906976,1.0,6.123233995736766e-17,1.0,6.123233995736766e-17,55.91,229.5,0.1103,0.0236,2.226348458664079
2026-03-29 01:30:00+00:00,42.97,74.15,30.875,22.8,82,1002.4,0.0,-8.851244868777634,0.9303033230821148,0.0037037037037037,0.9659258262890684,-0.2588190451025206,1.0,6.123233995736766e-17,55.91,229.5,0.1103,0.0236,4.310999078809736
2026-03-29 02:30:00+00:00,38.46,80.625,19.5,25.3,70,1003.1,0.0,-8.074598245881878,2.315353788862792,0.0026666666666666,0.8660254037844387,-0.4999999999999998,1.0,6.123233995736766e-17,55.91,229.5,0.1103,0.0236,2.0347258182052466
2026-03-29 03:30:00+00:00,43.8875,81.9,30.05,27.8,60,1003.5,0.0,-7.401715058725055,2.1224076397908926,0.0019607843137254,0.7071067811865476,-0.7071067811865475,1.0,6.123233995736766e-17,55.91,229.5,0.1103,0.0236,1.8234537598712597
2026-03-29 04:30:00+00:00,40.435,86.175,39.15,29.8,53,1003.5,0.0,-6.0916401620029,0.3192493330819561,0.0013698630136986,0.4999999999999999,-0.8660254037844387,1.0,6.123233995736766e-17,55.91,229.5,0.1103,0.0236,3.6340204186700302
2026-03-29 05:30:00+00:00,37.7,85.925,40.1,30.1,52,1003.0,0.0,-5.1715138559150216,-0.543548008991798,0.0009345794392523,0.258819045102521,-0.9659258262890682,1.0,6.123233995736766e-17,55.91,229.5,0.1103,0.0236,1.2335342128637028
2026-03-29 06:30:00+00:00,41.4725,90.75,49.375,31.7,43,1002.1,0.0,-1.5912350325892373,-0.1672455412282455,0.0007017543859649,1.2246467991473532e-16,-1.0,1.0,6.123233995736766e-17,55.91,229.5,0.1103,0.0236,0.41126504846106915
2026-03-29 07:30:00+00:00,38.785,89.2,38.225,32.6,36,1001.5,0.0,1.0863591209061458,-2.688833178243683,0.0005571030640668,-0.2588190451025208,-0.9659258262890684,1.0,6.123233995736766e-17,55.91,229.5,0.1103,0.0236,1.1946418527104585
2026-03-29 08:30:00+00:00,38.78,84.97500000000001,28.15,33.1,34,1000.2,0.0,0.9386067902413868,-5.926130043570826,0.000506329113924,-0.4999999999999998,-0.8660254037844388,1.0,6.123233995736766e-17,55.91,229.5,0.1103,0.0236,0.045685483812762384
2026-03-29 09:30:00+00:00,41.9925,88.05,30.075,32.9,35,999.5,0.0,2.134313444475975,-6.98102471853016,0.0004796163069544,-0.7071067811865471,-0.7071067811865479,1.0,6.123233995736766e-17,55.91,229.5,0.1103,0.0236,3.9166896100462116
2026-03-29 10:30:00+00:00,37.285,89.92500000000001,27.825,32.0,37,999.3,0.0,1.251475720321849,-7.901506724761101,0.0006410256410256,-0.8660254037844384,-0.5000000000000004,1.0,6.123233995736766e-17,55.91,229.5,0.1103,0.0236,4.368763872399511
2026-03-29 11:30:00+00:00,41.31333333333333,90.83333333333331,37.06666666666666,30.5,44,999.9,0.0,-5.583959896778495,-7.685661446562001,0.0037037037037037,-0.9659258262890684,-0.2588190451025206,1.0,6.123233995736766e-17,55.91,229.5,0.1103,0.0236,4.806846993943174
2026-03-29 12:30:00+00:00,43.9775,89.10000000000001,48.4,27.9,57,1000.1,0.0,-7.521729481398803,-4.169362734118499,0.0068965517241379,-1.0,-1.8369701987210292e-16,1.0,6.123233995736766e-17,55.91,229.5,0.1103,0.0236,4.042898076756842
2026-03-29 13:30:00+00:00,40.5125,96.55,39.375,26.5,64,1000.7,0.0,-9.334970206477497,-4.352968095929205,0.0076923076923076,-0.9659258262890684,0.2588190451025203,1.0,6.123233995736766e-17,55.91,229.5,0.1103,0.0236,0.46120219606652857
2026-03-29 14:30:00+00:00,41.42,98.45,31.05,25.8,67,1001.4,0.0,-11.388082790528058,-1.6004906610407554,0.0055555555555555,-0.8660254037844386,0.5000000000000001,1.0,6.123233995736766e-17,55.91,229.5,0.1103,0.0236,2.258333774778205
2026-03-29 15:30:00+00:00,42.685,96.40000000000002,27.725,25.2,71,1001.7,0.0,-11.88369146357943,0.6227978792910291,0.0046511627906976,-0.7071067811865477,0.7071067811865474,1.0,6.123233995736766e-17,55.91,229.5,0.1103,0.0236,3.019960224733863
2026-03-29 16:30:00+00:00,40.95,96.3,31.075000000000003,24.5,77,1001.8,0.0,-11.372230172961997,0.7952238006830288,0.0041666666666666,-0.5000000000000004,0.8660254037844384,1.0,6.123233995736766e-17,55.91,229.5,0.1103,0.0236,4.855289792179166
2026-03-29 17:30:00+00:00,39.71,101.3,27.633333333333336,24.2,84,1002.2,0.0,-12.592324420440606,-0.4397336584515136,0.0034482758620689,-0.2588190451025215,0.965925826289068,1.0,6.123233995736766e-17,55.91,229.5,0.1103,0.0236,4.500404448374957
2026-03-29 18:30:00+00:00,42.41,100.7,20.5,23.7,84,1002.0,0.0,-13.823854345619,1.4529456394203817,0.0032786885245901,0.0,1.0,1.0,6.123233995736766e-17,55.91,229.5,0.1103,0.0236,2.860904298055046
2026-03-29 19:30:00+00:00,37.23,94.075,28.425,23.1,86,1001.1,0.0,-13.170565314262886,1.8510022427688693,0.0032786885245901,0.2588190451025207,0.9659258262890684,1.0,6.123233995736766e-17,55.91,229.5,0.1103,0.0236,0.6047664785489859
2026-03-29 20:30:00+00:00,41.9875,87.875,17.975,22.7,87,1001.1,0.0,-11.72739269044749,3.3627757409673884,0.0032258064516129,0.4999999999999999,0.8660254037844387,1.0,6.123233995736766e-17,55.91,229.5,0.1103,0.0236,4.119603194793816
2026-03-29 21:30:00+00:00,36.88,86.625,25.125,22.3,89,1000.9,0.0,-10.76613099450917,3.0871383851503893,0.0033333333333333,0.7071067811865475,0.7071067811865476,1.0,6.123233995736766e-17,55.91,229.5,0.1103,0.0236,2.110209268552313
2026-03-29 22:30:00+00:00,38.932500000000005,84.275,28.775,22.0,91,1001.1,0.0,-10.635923732531849,1.8754003188028472,0.0037037037037037,0.8660254037844386,0.5000000000000001,1.0,6.123233995736766e-17,55.91,229.5,0.1103,0.0236,0.5225778922270075
2026-03-29 23:30:00+00:00,39.51333333333333,83.2,25.4,21.7,94,1001.3,0.0,-10.635923732531849,1.8754003188028472,0.0035087719298245,0.9659258262890684,0.2588190451025207,1.0,6.123233995736766e-17,55.91,229.5,0.1103,0.0236,4.025379568766049
2026-03-30 00:30:00+00:00,40.33,82.72500000000001,20.55,22.0,93,1001.8,0.0,-9.9465583054233,1.753846594435996,0.0035087719298245,1.0,6.123233995736766e-17,1.0,6.123233995736766e-17,55.91,229.5,0.1103,0.0236,4.684036031458054
2026-03-30 01:30:00+00:00,40.96666666666667,75.5,28.5,23.4,85,1002.8,0.0,-10.574178932754135,0.7394186216877284,0.0029411764705882,0.9659258262890684,-0.2588190451025206,1.0,6.123233995736766e-17,55.91,229.5,0.1103,0.0236,0.4965419280103789
2026-03-30 02:30:00+00:00,36.44222222222223,70.95555555555555,28.58888888888889,25.4,76,1003.5,0.0,-10.293725518296688,0.3594648160357576,0.0023809523809523,0.8660254037844387,-0.4999999999999998,1.0,6.123233995736766e-17,55.91,229.5,0.1103,0.0236,0.11512750856604081
2026-03-30 03:30:00+00:00,31.91777777777778,66.41111111111111,28.677777777777777,27.5,68,1003.7,0.0,-9.3942737739795,0.3280552690035069,0.0020408163265306,0.7071067811865476,-0.7071067811865475,1.0,6.123233995736766e-17,55.91,229.5,0.1103,0.0236,2.6196492658717796
2026-03-30 04:30:00+00:00,27.39333333333333,61.86666666666667,28.766666666666666,29.6,60,1003.4,0.0,-7.724090936184248,-1.0855501874885125,0.001639344262295,0.4999999999999999,-0.8660254037844387,1.0,6.123233995736766e-17,55.91,229.5,0.1103,0.0236,0.26547660838371734
2026-03-30 05:30:00+00:00,41.16,93.03333333333336,39.56666666666667,30.5,56,1003.0,0.0,-5.629165124598851,-3.250000000000001,0.0011428571428571,0.258819045102521,-0.9659258262890682,1.0,6.123233995736766e-17,55.91,229.5,0.1103,0.0236,0.5964753467251943
2026-03-30 06:30:00+00:00,39.3675,98.4,50.0,31.9,51,1002.2,0.0,-4.100236861930311,-3.959552711616285,0.0009216589861751,1.2246467991473532e-16,-1.0,1.0,6.123233995736766e-17,55.91,229.5,0.1103,0.0236,3.80269743405914
2026-03-30 07:30:00+00:00,42.4375,103.025,36.5,32.6,47,1001.1,0.0,-3.1,-5.36935750346352,0.0007575757575757,-0.2588190451025208,-0.9659258262890684,1.0,6.123233995736766e-17,55.91,229.5,0.1103,0.0236,3.2253371962096242
2026-03-30 08:30:00+00:00,41.1075,99.825,28.875,32.9,45,1000.2,0.0,-2.539752335180279,-5.983281547440862,0.0007168458781362,-0.4999999999999998,-0.8660254037844388,1.0,6.123233995736766e-17,55.91,229.5,0.1103,0.0236,0.32549319869008886
2026-03-30 09:30:00+00:00,40.8,96.325,29.15,32.6,46,999.5,0.0,-2.863776532993933,-5.385980316439454,0.0006993006993006,-0.7071067811865471,-0.7071067811865479,1.0,6.123233995736766e-17,55.91,229.5,0.1103,0.0236,4.858746600653371
2026-03-30 10:30:00+00:00,43.403333333333336,101.63333333333333,29.9,32.0,48,999.3,0.0,-2.3834598837845697,-5.6150796060598855,0.000790513833992,-0.8660254037844384,-0.5000000000000004,1.0,6.123233995736766e-17,55.91,229.5,0.1103,0.0236,2.99611071218521
2026-03-30 11:30:00+00:00,42.5275,96.525,38.15,31.7,47,999.4,0.0,-0.5727859140041932,-4.664966912714213,0.0095238095238095,-0.9659258262890684,-0.2588190451025206,1.0,6.123233995736766e-17,55.91,229.5,0.1103,0.0236,0.41251619137518514
2026-03-30 12:30:00+00:00,41.0675,97.175,47.25,29.1,61,999.8,0.0,-2.0285676563553574,-4.350277377775919,0.0142857142857142,-1.0,-1.8369701987210292e-16,1.0,6.123233995736766e-17,55.91,229.5,0.1103,0.0236,4.751655126994299
2026-03-30 13:30:00+00:00,41.4975,104.2,38.15,28.0,66,1000.6,0.0,-6.085332705621131,-1.6305599841458809,0.0142857142857142,-0.9659258262890684,0.2588190451025203,1.0,6.123233995736766e-17,55.91,229.5,0.1103,0.0236,1.9740154546807958
2026-03-30 14:30:00+00:00,41.89,112.85,31.275,27.0,70,1001.4,0.0,-7.880755997052612,0.5510761425785902,0.0142857142857142,-0.8660254037844386,0.5000000000000001,1.0,6.123233995736766e-17,55.91,229.5,0.1103,0.0236,1.7222020476605877
2026-03-30 15:30:00+00:00,39.075,110.6,31.15,26.2,73,1001.9,0.0,-9.149601437388114,0.9616618620624106,0.0105263157894736,-0.7071067811865477,0.7071067811865474,1.0,6.123233995736766e-17,55.91,229.5,0.1103,0.0236,4.2999385863758315
2026-03-30 16:30:00+00:00,37.045,111.75,28.775,25.5,75,1002.0,0.0,-8.60769888645749,-1.8296228791962832,0.0095238095238095,-0.5000000000000004,0.8660254037844384,1.0,6.123233995736766e-17,55.91,229.5,0.1103,0.0236,0.9784558370925334
2026-03-30 17:30:00+00:00,40.02,126.90000000000002,26.0,25.6,75,1002.4,0.0,-10.075396907624224,-0.704540384815667,0.0058823529411764,-0.2588190451025215,0.965925826289068,1.0,6.123233995736766e-17,55.91,229.5,0.1103,0.0236,0.3137784750331074
2026-03-30 18:30:00+00:00,38.26,118.3,21.7,25.4,76,1002.6,0.0,-9.228112281007862,2.64611861584319,0.0047619047619047,0.0,1.0,1.0,6.123233995736766e-17,55.91,229.5,0.1103,0.0236,1.2265332671266242
2026-03-30 19:30:00+00:00,42.485,112.95,29.975,25.0,80,1002.2,0.0,-8.642763284627168,4.403707847473603,0.0039215686274509,0.2588190451025207,0.9659258262890684,1.0,6.123233995736766e-17,55.91,229.5,0.1103,0.0236,1.1677650161886217
2026-03-30 20:30:00+00:00,42.2325,102.2,16.575,24.7,83,1001.6,0.0,-9.390216967044534,1.9959522318504872,0.0052631578947368,0.4999999999999999,0.8660254037844387,1.0,6.123233995736766e-17,55.91,229.5,0.1103,0.0236,1.313363900583474
2026-03-30 21:30:00+00:00,40.620000000000005,94.225,27.075,24.2,86,1001.3,0.0,-8.798003754859927,2.689819683449177,0.0058823529411764,0.7071067811865475,0.7071067811865476,1.0,6.123233995736766e-17,55.91,229.5,0.1103,0.0236,3.8422373942098815
2026-03-30 22:30:00+00:00,41.1425,95.85,26.4,23.8,88,1001.3,0.0,-6.632300580440334,4.4735432277659735,0.0066666666666666,0.8660254037844386,0.5000000000000001,1.0,6.123233995736766e-17,55.91,229.5,0.1103,0.0236,4.618346535961945
2026-03-30 23:30:00+00:00,41.02,89.875,24.175,22.7,94,1002.1,0.0,-8.645172111230357,3.146585318596152,0.0045454545454545,0.9659258262890684,0.2588190451025207,1.0,6.123233995736766e-17,55.91,229.5,0.1103,0.0236,2.9044862051592144
2026-03-31 00:30:00+00:00,38.18,84.75,21.85,23.1,92,1002.7,0.0,-8.2821455506745,1.912083961922851,0.0042553191489361,1.0,6.123233995736766e-17,1.0,6.123233995736766e-17,55.91,229.5,0.1103,0.0236,0.41896549821558715
2026-03-31 01:30:00+00:00,41.86666666666667,82.7,30.366666666666664,24.6,84,1003.9,0.0,-7.017210380349728,2.012152697464093,0.004,0.9659258262890684,-0.2588190451025206,1.0,6.123233995736766e-17,55.91,229.5,0.1103,0.0236,0.4039370102649359
2026-03-31 02:30:00+00:00,38.955,91.55,20.7,26.8,75,1004.5,0.0,-4.877154255411481,1.4910956940859568,0.003125,0.8660254037844387,-0.4999999999999998,1.0,6.123233995736766e-17,55.91,229.5,0.1103,0.0236,0.8645849060056487
2026-03-31 03:30:00+00:00,39.1925,98.075,28.575,28.9,66,1004.8,0.0,-5.56932261406233,-0.5853593942988593,0.0019417475728155,0.7071067811865476,-0.7071067811865475,1.0,6.123233995736766e-17,55.91,229.5,0.1103,0.0236,0.6516155741971735
2026-03-31 04:30:00+00:00,39.48,106.025,37.15,30.7,59,1004.8,0.0,-4.5,-2.7554552980815453e-16,0.0013333333333333,0.4999999999999999,-0.8660254037844387,1.0,6.123233995736766e-17,55.91,229.5,0.1103,0.0236,0.7589685899367093
2026-03-31 05:30:00+00:00,38.78333333333333,111.3,40.96666666666667,30.8,59,1004.6,0.0,-4.149853686436956,-2.206516345093687,0.000943396226415,0.258819045102521,-0.9659258262890682,1.0,6.123233995736766e-17,55.91,229.5,0.1103,0.0236,0.6034712667977643
2026-03-31 06:30:00+00:00,40.385,120.05,47.95,31.1,57,1003.9,0.0,-1.4457051754103127,-3.4058679577740296,0.0008695652173913,1.2246467991473532e-16,-1.0,1.0,6.123233995736766e-17,55.91,229.5,0.1103,0.0236,2.2592837865878717
2026-03-31 07:30:00+00:00,39.835,116.35,39.0,31.5,53,1002.8,0.0,1.472087333989488,-1.6349186160502678,0.0008064516129032,-0.2588190451025208,-0.9659258262890684,1.0,6.123233995736766e-17,55.91,229.5,0.1103,0.0236,1.2993190947067839
2026-03-31 08:30:00+00:00,38.875,114.275,29.575,31.1,54,1001.9,0.0,3.606283442165324,2.341947850564616,0.0008333333333333,-0.4999999999999998,-0.8660254037844388,1.0,6.123233995736766e-17,55.91,229.5,0.1103,0.0236,0.21252131273557684
2026-03-31 09:30:00+00:00,41.9375,109.675,29.0,31.4,48,1001.1,0.0,7.698827252704213,0.1343835295670829,0.0008097165991902,-0.7071067811865471,-0.7071067811865479,1.0,6.123233995736766e-17,55.91,229.5,0.1103,0.0236,4.170540374246027
2026-03-31 10:30:00+00:00,38.6675,116.975,26.85,31.0,51,1000.4,0.0,7.190132650232932,-0.3768188849491964,0.0009049773755656,-0.8660254037844384,-0.5000000000000004,1.0,6.123233995736766e-17,55.91,229.5,0.1103,0.0236,2.0862521198569004
2026-03-31 11:30:00+00:00,40.17,111.425,37.625,31.0,49,1000.1,0.0,-0.7068421917498553,-5.756767679519667,0.0105263157894736,-0.9659258262890684,-0.2588190451025206,1.0,6.123233995736766e-17,55.91,229.5,0.1103,0.0236,1.1206152378569623
2026-03-31 12:30:00+00:00,38.0875,108.725,46.85,29.3,58,1000.6,0.0,-6.6001882154062645,-3.965793176807418,0.0166666666666666,-1.0,-1.8369701987210292e-16,1.0,6.123233995736766e-17,55.91,229.5,0.1103,0.0236,1.651616831764477
2026-03-31 13:30:00+00:00,41.015,109.8,36.675,28.4,61,1001.1,0.0,-6.893654271085456,1.215537243668512,0.02,-0.9659258262890684,0.2588190451025203,1.0,6.123233995736766e-17,55.91,229.5,0.1103,0.0236,0.9117296156338756
2026-03-31 14:30:00+00:00,40.3525,122.9,31.625,27.3,67,1002.3,0.0,-6.992135046386677,1.232902061435205,0.0181818181818181,-0.8660254037844386,0.5000000000000001,1.0,6.123233995736766e-17,55.91,229.5,0.1103,0.0236,4.972129583189893
2026-03-31 15:30:00+00:00,40.24,130.8,29.25,26.7,70,1002.8,0.0,-5.975575286112627,3.449999999999999,0.0181818181818181,-0.7071067811865477,0.7071067811865474,1.0,6.123233995736766e-17,55.91,229.5,0.1103,0.0236,3.157871128720415
2026-03-31 16:30:00+00:00,39.81666666666667,126.7,31.03333333333333,26.1,74,1003.1,0.0,-3.939231012048832,-0.6945927106677217,0.025,-0.5000000000000004,0.8660254037844384,1.0,6.123233995736766e-17,55.91,229.5,0.1103,0.0236,4.986076402860916
2026-03-31 17:30:00+00:00,40.16333333333333,124.3,26.9,27.5,67,1002.8,0.0,-2.01162532642061,-1.1150621265665752,0.04,-0.2588190451025215,0.965925826289068,1.0,6.123233995736766e-17,55.91,229.5,0.1103,0.0236,4.2647633354399765
2026-03-31 18:30:00+00:00,39.04,120.1,25.7,27.3,64,1002.4,0.0,0.3872860761977824,7.389858557183847,0.0181818181818181,0.0,1.0,0.8660254037844387,-0.4999999999999998,55.91,229.5,0.1103,0.0236,2.287917225275816
2026-03-31 19:30:00+00:00,40.06,113.5,26.075,26.4,71,1001.9,0.0,2.725135508607859,6.120754566205427,0.02,0.2588190451025207,0.9659258262890684,0.8660254037844387,-0.4999999999999998,55.91,229.5,0.1103,0.0236,3.191911635959106
2026-03-31 20:30:00+00:00,40.9775,109.4,17.35,25.3,80,1001.5,0.0,0.1657978611541903,9.498553103985715,0.0105263157894736,0.4999999999999999,0.8660254037844387,0.8660254037844387,-0.4999999999999998,55.91,229.5,0.1103,0.0236,0.5610206554212405
2026-03-31 21:30:00+00:00,43.095,108.575,25.175,25.1,83,1001.6,0.0,-1.102182119232618e-15,9.0,0.0105263157894736,0.7071067811865475,0.7071067811865476,0.8660254037844387,-0.4999999999999998,55.91,229.5,0.1103,0.0236,4.04012555123412
2026-03-31 22:30:00+00:00,37.67666666666667,107.8,28.23333333333333,24.4,86,1001.7,0.0,-1.5751713878545792,1.0624665165944187,0.0222222222222222,0.8660254037844386,0.5000000000000001,0.8660254037844387,-0.4999999999999998,55.91,229.5,0.1103,0.0236,4.110371446091229
2026-03-31 23:30:00+00:00,39.07,108.8,23.65,23.4,98,1002.1,0.0,0.7128052193506944,-0.3631923997916373,0.05,0.9659258262890684,0.2588190451025207,0.8660254037844387,-0.4999999999999998,55.91,229.5,0.1103,0.0236,4.553617050613424
2026-04-01 00:30:00+00:00,38.465,109.05,19.725,24.4,94,1003.0,0.0,6.617511881987423,-1.0481109157695456,0.0083333333333333,1.0,6.123233995736766e-17,0.8660254037844387,-0.4999999999999998,55.91,229.5,0.1103,0.0236,0.4769848209601679
2026-04-01 01:30:00+00:00,42.87,111.7,27.45,26.2,82,1004.2,0.0,6.5144714853360535,-3.9142893693164114,0.003125,0.9659258262890684,-0.2588190451025206,0.8660254037844387,-0.4999999999999998,55.91,229.5,0.1103,0.0236,0.5401338731817457
2026-04-01 02:30:00+00:00,39.2025,125.275,30.675,28.3,71,1005.1,0.0,7.622566760249999,-6.626196192804121,0.002,0.8660254037844387,-0.4999999999999998,0.8660254037844387,-0.4999999999999998,55.91,229.5,0.1103,0.0236,0.6370935565354063
2026-04-01 03:30:00+00:00,39.66,131.675,55.675,29.9,62,1005.3,0.0,8.42648887430876,-7.070663706551931,0.0014492753623188,0.7071067811865476,-0.7071067811865475,0.8660254037844387,-0.4999999999999998,55.91,229.5,0.1103,0.0236,0.5163434673850348
2026-04-01 04:30:00+00:00,37.005,134.0,43.275,32.3,46,1005.0,0.0,10.045894683899489,-5.800000000000001,0.0010695187165775,0.4999999999999999,-0.8660254037844387,0.8660254037844387,-0.4999999999999998,55.91,229.5,0.1103,0.0236,1.2414562619476595
2026-04-01 05:30:00+00:00,39.725,133.7,106.925,33.1,39,1005.1,0.0,16.174543075434908,-3.734187502108158,0.0007017543859649,0.258819045102521,-0.9659258262890682,0.8660254037844387,-0.4999999999999998,55.91,229.5,0.1103,0.0236,0.3545576587830346
2026-04-01 06:30:00+00:00,39.03,141.7,68.4,31.9,42,1003.9,0.0,15.844289099865126,-2.226769615361047,0.0008658008658008,1.2246467991473532e-16,-1.0,0.8660254037844387,-0.4999999999999998,55.91,229.5,0.1103,0.0236,3.5454863761981317
2026-04-01 07:30:00+00:00,35.41,138.6,49.5,31.3,43,1002.5,0.0,13.823854345619,1.4529456394203817,0.0010204081632653,-0.2588190451025208,-0.9659258262890684,0.8660254037844387,-0.4999999999999998,55.91,229.5,0.1103,0.0236,3.964736212319837
2026-04-01 08:30:00+00:00,39.765,132.875,41.925,32.8,40,1001.3,0.0,13.724402156082174,1.4424927930936164,0.0008733624454148,-0.4999999999999998,-0.8660254037844388,0.8660254037844387,-0.4999999999999998,55.91,229.5,0.1103,0.0236,0.8094908149290952
2026-04-01 09:30:00+00:00,38.5,126.75,52.25,33.3,38,1000.7,0.0,15.483719965604624,-1.901161757120304,0.0005865102639296,-0.7071067811865471,-0.7071067811865479,0.8660254037844387,-0.4999999999999998,55.91,229.5,0.1103,0.0236,0.3963659447502177
2026-04-01 10:30:00+00:00,39.5625,120.625,62.575,33.3,35,999.7,0.0,11.13864522812466,1.1707187885977175,0.0004962779156327,-0.8660254037844384,-0.5000000000000004,0.8660254037844387,-0.4999999999999998,55.91,229.5,0.1103,0.0236,0.11325030656931578
2026-04-01 11:30:00+00:00,38.16,117.575,39.925,31.8,40,1000.3,0.0,4.821356043747294,1.947954285762744,0.0142857142857142,-0.9659258262890684,-0.2588190451025206,0.8660254037844387,-0.4999999999999998,55.91,229.5,0.1103,0.0236,4.6335597642783615
2026-04-01 12:30:00+00:00,38.3025,116.8,68.05,29.8,56,1000.4,0.0,0.8771151141682092,2.868914267889106,0.0333333333333333,-1.0,-1.8369701987210292e-16,0.8660254037844387,-0.4999999999999998,55.91,229.5,0.1103,0.0236,3.299252586829981
2026-04-01 13:30:00+00:00,41.0325,147.475,97.625,29.2,55,1001.0,0.0,1.4256104387013888,-0.7263847995832746,0.05,-0.9659258262890684,0.2588190451025203,0.8660254037844387,-0.4999999999999998,55.91,229.5,0.1103,0.0236,0.8232945737824099
2026-04-01 14:30:00+00:00,41.67,211.65,90.65,28.5,56,1001.4,0.0,1.0777488443215548,-0.7269507745119701,0.0666666666666666,-0.8660254037844386,0.5000000000000001,0.8660254037844387,-0.4999999999999998,55.91,229.5,0.1103,0.0236,0.7813033991032192
2026-04-01 15:30:00+00:00,41.675,529.55,123.65,27.7,50,1001.7,0.0,4.292346040288959,6.869189578867051,0.0285714285714285,-0.7071067811865477,0.7071067811865474,0.8660254037844387,-0.4999999999999998,55.91,229.5,0.1103,0.0236,4.790843099177421
2026-04-01 16:30:00+00:00,40.59,379.275,86.775,27.1,48,1002.1,0.0,9.335804264972015,3.583679495453007,0.0153846153846153,-0.5000000000000004,0.8660254037844384,0.8660254037844387,-0.4999999999999998,55.91,229.5,0.1103,0.0236,2.4814417145007934
2026-04-01 17:30:00+00:00,39.32,255.6,110.5,26.8,54,1001.7,0.0,11.03225558902378,3.584597134749392,0.0117647058823529,-0.2588190451025215,0.965925826289068,0.8660254037844387,-0.4999999999999998,55.91,229.5,0.1103,0.0236,0.8268521941360474
2026-04-01 18:30:00+00:00,41.1,220.1,74.5,26.4,54,1001.8,0.0,11.0,2.0206672185931327e-15,0.01,0.0,1.0,0.8660254037844387,-0.4999999999999998,55.91,229.5,0.1103,0.0236,2.2190325177039294
2026-04-01 19:30:00+00:00,38.225,209.075,56.75,25.5,55,1001.5,0.0,10.242000631326963,-1.805941047736072,0.0105263157894736,0.2588190451025207,0.9659258262890684,0.8660254037844387,-0.4999999999999998,55.91,229.5,0.1103,0.0236,1.3318935210493215
2026-04-01 20:30:00+00:00,43.9625,184.625,60.25,24.9,56,1001.3,0.0,8.087271537717454,-1.867093751054079,0.0142857142857142,0.4999999999999999,0.8660254037844387,0.8660254037844387,-0.4999999999999998,55.91,229.5,0.1103,0.0236,4.884950294004083
2026-04-01 21:30:00+00:00,41.1,289.95,97.825,24.5,58,1000.9,0.0,7.517540966287268,-2.7361611466053453,0.0153846153846153,0.7071067811865475,0.7071067811865476,0.8660254037844387,-0.4999999999999998,55.91,229.5,0.1103,0.0236,4.211277536212455
2026-04-01 22:30:00+00:00,43.46333333333333,179.1,54.29999999999999,24.1,61,1001.2,0.0,7.956175162946187,0.8362277061412269,0.0166666666666666,0.8660254037844386,0.5000000000000001,0.8660254037844387,-0.4999999999999998,55.91,229.5,0.1103,0.0236,3.1765350597035313
2026-04-01 23:30:00+00:00,41.395,154.35,54.575,23.1,69,1001.4,0.0,5.368251873319168,7.958760696528401,0.0153846153846153,0.9659258262890684,0.2588190451025207,0.8660254037844387,-0.4999999999999998,55.91,229.5,0.1103,0.0236,0.43533589898251623
2026-04-02 00:30:00+00:00,39.595,159.575,34.224999999999994,23.6,64,1002.9,0.0,7.880107536067221,6.156614753256581,0.0117647058823529,1.0,6.123233995736766e-17,0.8660254037844387,-0.4999999999999998,55.91,229.5,0.1103,0.0236,4.306842295757243
2026-04-02 01:30:00+00:00,42.5475,129.525,55.1,25.8,57,1003.8,0.0,7.548035111508818,4.901751315135243,0.0071428571428571,0.9659258262890684,-0.2588190451025206,0.8660254037844387,-0.4999999999999998,55.91,229.5,0.1103,0.0236,1.5931373340163313
2026-04-02 02:30:00+00:00,39.3925,138.375,60.325,29.0,47,1004.2,0.0,7.185941174554808,2.4743179738743906,0.0037735849056603,0.8660254037844387,-0.4999999999999998,0.8660254037844387,-0.4999999999999998,55.91,229.5,0.1103,0.0236,1.74951445187929
2026-04-02 03:30:00+00:00,40.945,111.125,61.475,31.7,40,1004.5,0.0,9.586843533643908,0.5024251799322653,0.0018348623853211,0.7071067811865476,-0.7071067811865475,0.8660254037844387,-0.4999999999999998,55.91,229.5,0.1103,0.0236,3.604683154117991
2026-04-02 04:30:00+00:00,41.07,97.125,54.65,33.7,34,1004.4,0.0,9.547410195535424,-1.0034732473694683,0.0008733624454148,0.4999999999999999,-0.8660254037844387,0.8660254037844387,-0.4999999999999998,55.91,229.5,0.1103,0.0236,4.2033245806710005
2026-04-02 05:30:00+00:00,39.615,98.325,66.7375,35.0,28,1004.0,0.0,12.605539238556265,-2.222696674136704,0.0005076142131979,0.258819045102521,-0.9659258262890682,0.8660254037844387,-0.4999999999999998,55.91,229.5,0.1103,0.0236,3.266906331401314
2026-04-02 06:30:00+00:00,40.99,99.525,78.825,36.1,25,1002.9,0.0,15.27903188174498,-0.8007401305170424,0.0004796163069544,1.2246467991473532e-16,-1.0,0.8660254037844387,-0.4999999999999998,55.91,229.5,0.1103,0.0236,3.1065142589156016
2026-04-02 07:30:00+00:00,39.5775,92.5,44.325,36.6,24,1001.7,0.0,17.23066439610332,-2.421611956705139,0.0004576659038901,-0.2588190451025208,-0.9659258262890684,0.8660254037844387,-0.4999999999999998,55.91,229.5,0.1103,0.0236,2.7821826812960864
2026-04-02 08:30:00+00:00,42.1975,108.575,59.45,36.6,24,1000.8,0.0,17.830972185569806,-4.116604294492729,0.0004474272930648,-0.4999999999999998,-0.8660254037844388,0.8660254037844387,-0.4999999999999998,55.91,229.5,0.1103,0.0236,3.0141108495318565
2026-04-02 09:30:00+00:00,40.09,108.32083333333334,76.24166666666667,36.3,23,999.9,0.0,18.21894343072585,-3.2124912868382043,0.0004415011037527,-0.7071067811865471,-0.7071067811865479,0.8660254037844387,-0.4999999999999998,55.91,229.5,0.1103,0.0236,2.742721651242332
2026-04-02 10:30:00+00:00,39.97,108.06666666666668,93.03333333333336,36.1,22,999.5,0.0,17.457370879546925,-1.2207382905221913,0.0004166666666666,-0.8660254037844384,-0.5000000000000004,0.8660254037844387,-0.4999999999999998,55.91,229.5,0.1103,0.0236,2.3225598386813484
2026-04-02 11:30:00+00:00,37.5325,98.15,60.5,35.0,25,999.5,0.0,15.284060965419268,-4.38263395749029,0.0009009009009009,-0.9659258262890684,-0.2588190451025206,0.8660254037844387,-0.4999999999999998,55.91,229.5,0.1103,0.0236,4.460410568983638
2026-04-02 12:30:00+00:00,41.31,105.425,52.3,32.9,29,999.7,0.0,10.058126632103054,-5.57531063283287,0.0045454545454545,-1.0,-1.8369701987210292e-16,0.8660254037844387,-0.4999999999999998,55.91,229.5,0.1103,0.0236,0.6607302043881386
2026-04-02 13:30:00+00:00,42.1225,145.8625,72.6875,31.5,33,1000.2,0.0,7.689447417610219,0.4029868630706711,0.0133333333333333,-0.9659258262890684,0.2588190451025203,0.8660254037844387,-0.4999999999999998,55.91,229.5,0.1103,0.0236,3.557741663688814
2026-04-02 14:30:00+00:00,40.61,186.3,93.075,30.4,35,1000.5,0.0,7.378434395739869,4.976816840889651,0.0166666666666666,-0.8660254037844386,0.5000000000000001,0.8660254037844387,-0.4999999999999998,55.91,229.5,0.1103,0.0236,2.7081679580083815
2026-04-02 15:30:00+00:00,38.775,189.575,72.475,29.7,35,1001.1,0.0,8.95069705831446,0.9407561694088802,0.0133333333333333,-0.7071067811865477,0.7071067811865474,0.8660254037844387,-0.4999999999999998,55.91,229.5,0.1103,0.0236,3.040747588905564
2026-04-02 16:30:00+00:00,40.8975,172.2,41.475,28.8,36,1001.3,0.0,11.506310668155503,4.8841391061159225,0.0117647058823529,-0.5000000000000004,0.8660254037844384,0.8660254037844387,-0.4999999999999998,55.91,229.5,0.1103,0.0236,4.645159841043275
2026-04-02 17:30:00+00:00,40.836666666666666,206.6,139.8,28.0,41,1001.4,0.0,11.3566195582459,0.993575467323304,0.0111111111111111,-0.2588190451025215,0.965925826289068,0.8660254037844387,-0.4999999999999998,55.91,229.5,0.1103,0.0236,4.576738978704283
2026-04-02 18:30:00+00:00,41.67,172.2,49.5,27.5,42,1001.1,0.0,10.442479901366871,-1.0975488643103564,0.0125,0.0,1.0,0.8660254037844387,-0.4999999999999998,55.91,229.5,0.1103,0.0236,0.6403881964303387
2026-04-02 19:30:00+00:00,41.995000000000005,148.72500000000002,34.9,27.1,43,1000.7,0.0,9.87929076741144,-2.099908077259361,0.0142857142857142,0.2588190451025207,0.9659258262890684,0.8660254037844387,-0.4999999999999998,55.91,229.5,0.1103,0.0236,1.1499890818269272
2026-04-02 20:30:00+00:00,39.9125,167.20000000000002,35.375,26.8,45,1000.6,0.0,9.217809399621968,-2.2982580081968407,0.0153846153846153,0.4999999999999999,0.8660254037844387,0.8660254037844387,-0.4999999999999998,55.91,229.5,0.1103,0.0236,0.9522078849204046
2026-04-02 21:30:00+00:00,38.3775,183.825,49.425,26.2,47,1000.5,0.0,9.364230162062409,0.8192639818279875,0.0153846153846153,0.7071067811865475,0.7071067811865476,0.8660254037844387,-0.4999999999999998,55.91,229.5,0.1103,0.0236,1.7130997889726225
2026-04-02 22:30:00+00:00,41.26,154.2,35.35,25.2,50,1000.6,0.0,9.548826634895304,2.20452033256988,0.0142857142857142,0.8660254037844386,0.5000000000000001,0.8660254037844387,-0.4999999999999998,55.91,229.5,0.1103,0.0236,0.19191668490119107
2026-04-02 23:30:00+00:00,39.675,157.025,32.475,25.1,52,1000.8,0.0,8.693332436601615,2.3293714059226858,0.0153846153846153,0.9659258262890684,0.2588190451025207,0.8660254037844387,-0.4999999999999998,55.91,229.5,0.1103,0.0236,0.28626635778333187
2026-04-03 00:30:00+00:00,39.1225,123.825,21.725,25.4,52,1001.5,0.0,8.7911855342555,4.099397138884789,0.0142857142857142,1.0,6.123233995736766e-17,0.8660254037844387,-0.4999999999999998,55.91,229.5,0.1103,0.0236,3.4549960102146877
2026-04-03 01:30:00+00:00,39.3525,125.725,43.8,27.6,47,1002.6,0.0,5.19975752126163,3.376762017093167,0.008695652173913,0.9659258262890684,-0.2588190451025206,0.8660254037844387,-0.4999999999999998,55.91,229.5,0.1103,0.0236,1.8985943825063627
2026-04-03 02:30:00+00:00,39.6725,130.525,53.75,30.7,39,1002.9,0.0,4.989636535454859,2.542346798541463,0.005,0.8660254037844387,-0.4999999999999998,0.8660254037844387,-0.4999999999999998,55.91,229.5,0.1103,0.0236,4.266191029933569
2026-04-03 03:30:00+00:00,36.9825,114.55,40.975,33.9,32,1003.4,0.0,8.500147271343803,2.2776075969021816,0.002,0.7071067811865476,-0.7071067811865475,0.8660254037844387,-0.4999999999999998,55.91,229.5,0.1103,0.0236,0.05673591746022111
2026-04-03 04:30:00+00:00,41.185,111.975,53.925,36.1,28,1002.9,0.0,12.009808434859996,1.4746190552022806,0.0008403361344537,0.4999999999999999,-0.8660254037844387,0.8660254037844387,-0.4999999999999998,55.91,229.5,0.1103,0.0236,1.2250607763601384
2026-04-03 05:30:00+00:00,30.4825,115.1,67.725,37.3,24,1002.6,0.0,16.75907604436505,1.1719087589013095,0.0004629629629629,0.258819045102521,-0.9659258262890682,0.8660254037844387,-0.4999999999999998,55.91,229.5,0.1103,0.0236,3.00378096746825
2026-04-03 06:30:00+00:00,31.346666666666664,107.93333333333332,64.8625,38.2,22,1001.3,0.0,18.18891305174754,0.63517083998553,0.0003891050583657,1.2246467991473532e-16,-1.0,0.8660254037844387,-0.4999999999999998,55.91,229.5,0.1103,0.0236,2.1009288862073494
2026-04-03 07:30:00+00:00,28.685,109.0722222222222,62.0,38.8,21,1000.2,0.0,20.7,3.8025283113525314e-15,0.0003361344537815,-0.2588190451025208,-0.9659258262890684,0.8660254037844387,-0.4999999999999998,55.91,229.5,0.1103,0.0236,1.4123837815876055
2026-04-03 08:30:00+00:00,29.015,110.21111111111112,59.1375,38.6,21,999.3,0.0,20.543917484378863,-3.253836872836798,0.0003502626970227,-0.4999999999999998,-0.8660254037844388,0.8660254037844387,-0.4999999999999998,55.91,229.5,0.1103,0.0236,3.4647116648229206
2026-04-03 09:30:00+00:00,29.4225,111.35,56.275000000000006,37.9,21,998.7,0.0,21.421432456070345,-4.553266028908912,0.0003460207612456,-0.7071067811865471,-0.7071067811865479,0.8660254037844387,-0.4999999999999998,55.91,229.5,0.1103,0.0236,3.0309825242106117
2026-04-03 10:30:00+00:00,30.736666666666668,102.5,65.4,37.6,20,998.5,0.0,21.470534997223336,-1.1252230592232948,0.0003305785123966,-0.8660254037844384,-0.5000000000000004,0.8660254037844387,-0.4999999999999998,55.91,229.5,0.1103,0.0236,3.6342467189832632
2026-04-03 11:30:00+00:00,30.5425,113.625,60.375,35.6,26,999.1,0.0,17.97852941210507,-5.4965880487874506,0.0006578947368421,-0.9659258262890684,-0.2588190451025206,0.8660254037844387,-0.4999999999999998,55.91,229.5,0.1103,0.0236,4.049618611572492
2026-04-03 12:30:00+00:00,31.5,267.25,203.95,33.4,30,999.8,0.0,15.079305974794064,-0.7902729392684535,0.0013986013986013,-1.0,-1.8369701987210292e-16,0.8660254037844387,-0.4999999999999998,55.91,229.5,0.1103,0.0236,141.63524828833434
2026-04-03 13:30:00+00:00,29.7775,183.05,45.425,31.9,32,1000.2,0.0,13.390081022608754,-3.338522159275411,0.0025974025974025,-0.9659258262890684,0.2588190451025203,0.8660254037844387,-0.4999999999999998,55.91,229.5,0.1103,0.0236,0.22667750763646355
2026-04-03 14:30:00+00:00,29.8125,140.85,24.6,30.5,37,1001.2,0.0,13.297974345580004,-0.2321170056158656,0.0038461538461538,-0.8660254037844386,0.5000000000000001,0.8660254037844387,-0.4999999999999998,55.91,229.5,0.1103,0.0236,1.7232157154290766
2026-04-03 15:30:00+00:00,30.9875,171.89999999999998,1.55,29.4,40,1001.7,0.0,14.57515474458068,2.569993029470569,0.0037037037037037,-0.7071067811865477,0.7071067811865474,0.8660254037844387,-0.4999999999999998,55.91,229.5,0.1103,0.0236,4.6571799122790924
2026-04-03 16:30:00+00:00,31.486666666666668,196.73333333333332,42.76666666666667,28.3,43,1002.0,0.0,14.803430117450112,4.244815279581783,0.0034482758620689,-0.5000000000000004,0.8660254037844384,0.8660254037844387,-0.4999999999999998,55.91,229.5,0.1103,0.0236,2.491520858723304
2026-04-03 17:30:00+00:00,28.78,239.80000000000004,132.29999999999998,27.4,49,1001.7,0.0,13.31479122813215,4.326237921249266,0.004,-0.2588190451025215,0.965925826289068,0.8660254037844387,-0.4999999999999998,55.91,229.5,0.1103,0.0236,1.4354858264504848
2026-04-03 18:30:00+00:00,33.41,162.6,44.5,26.7,52,1001.8,0.0,14.360953396056818,4.666156615061708,0.0036363636363636,0.0,1.0,0.8660254037844387,-0.4999999999999998,55.91,229.5,0.1103,0.0236,1.922282437393958
2026-04-03 19:30:00+00:00,28.85,122.825,27.15,26.2,55,1001.5,0.0,14.222712104569982,2.252656296579327,0.004,0.2588190451025207,0.9659258262890684,0.8660254037844387,-0.4999999999999998,55.91,229.5,0.1103,0.0236,4.695772055786842
2026-04-03 20:30:00+00:00,29.7975,138.375,43.775,25.7,58,1001.0,0.0,14.165409513689504,0.9905419271665832,0.0038461538461538,0.4999999999999999,0.8660254037844387,0.8660254037844387,-0.4999999999999998,55.91,229.5,0.1103,0.0236,0.6612716137289132
2026-04-03 21:30:00+00:00,29.56,110.85,28.2,25.3,60,1000.6,0.0,12.968332653377717,0.9068341586736326,0.005,0.7071067811865475,0.7071067811865476,0.8660254037844387,-0.4999999999999998,55.91,229.5,0.1103,0.0236,4.749710433819191
2026-04-03 22:30:00+00:00,32.325,126.05,28.95,24.8,61,1000.8,0.0,11.854716907291772,1.0371533386971332,0.0055555555555555,0.8660254037844386,0.5000000000000001,0.8660254037844387,-0.4999999999999998,55.91,229.5,0.1103,0.0236,2.161520095786554
2026-04-03 23:30:00+00:00,30.26,135.42499999999998,22.200000000000003,24.2,63,1001.0,0.0,10.60157358123477,2.060737150066691,0.0064516129032258,0.9659258262890684,0.2588190451025207,0.8660254037844387,-0.4999999999999998,55.91,229.5,0.1103,0.0236,2.6831542857953243
2026-04-04 00:30:00+00:00,28.173333333333336,163.1,33.76666666666667,25.0,61,1001.5,0.0,9.897016408015164,2.467603335116612,0.0058823529411764,1.0,6.123233995736766e-17,0.8660254037844387,-0.4999999999999998,55.91,229.5,0.1103,0.0236,0.355588567607259
2026-04-04 01:30:00+00:00,31.815,161.45,40.925,27.0,55,1002.2,0.0,8.46864465176245,3.594726382101319,0.0037037037037037,0.9659258262890684,-0.2588190451025206,0.8660254037844387,-0.4999999999999998,55.91,229.5,0.1103,0.0236,1.7829762034605257
2026-04-04 02:30:00+00:00,30.4275,127.625,68.075,29.5,48,1002.4,0.0,10.585805814703065,4.493407977626649,0.0025316455696202,0.8660254037844387,-0.4999999999999998,0.8660254037844387,-0.4999999999999998,55.91,229.5,0.1103,0.0236,0.9493998885959359
2026-04-04 03:30:00+00:00,31.9125,102.65,51.15,31.9,41,1002.8,0.0,13.994900738142642,1.718357742012575,0.0017241379310344,0.7071067811865476,-0.7071067811865475,0.8660254037844387,-0.4999999999999998,55.91,229.5,0.1103,0.0236,4.300650486740486
2026-04-04 04:30:00+00:00,31.2375,120.1125,56.6,34.3,34,1002.4,0.0,15.111631611105606,2.393447315115535,0.0009708737864077,0.4999999999999999,-0.8660254037844387,0.8660254037844387,-0.4999999999999998,55.91,229.5,0.1103,0.0236,4.341618370528007
2026-04-04 05:30:00+00:00,31.0925,137.575,62.05,35.5,29,1002.2,0.0,19.98781654038191,-0.6979899340500256,0.0006309148264984,0.258819045102521,-0.9659258262890682,0.8660254037844387,-0.4999999999999998,55.91,229.5,0.1103,0.0236,1.99993516602966
2026-04-04 06:30:00+00:00,30.7,133.925,85.4,36.2,28,1001.0,0.0,21.43283699091449,-3.394627891373005,0.000595238095238,1.2246467991473532e-16,-1.0,0.8660254037844387,-0.4999999999999998,55.91,229.5,0.1103,0.0236,2.3223048740951775
2026-04-04 07:30:00+00:00,31.2975,135.275,31.275,36.6,28,1000.1,0.0,20.188558936750265,-3.5597876421720644,0.0005665722379603,-0.2588190451025208,-0.9659258262890684,0.8660254037844387,-0.4999999999999998,55.91,229.5,0.1103,0.0236,0.0002137120824563521
2026-04-04 08:30:00+00:00,31.105,118.825,48.7,36.3,27,998.6,0.0,17.431097228316084,-3.07357274470466,0.000632911392405,-0.4999999999999998,-0.8660254037844388,0.8660254037844387,-0.4999999999999998,55.91,229.5,0.1103,0.0236,3.8659458476807695
2026-04-04 09:30:00+00:00,30.825000000000003,102.375,66.125,36.0,26,998.3,0.0,19.25298617001461,-1.3462999432616167,0.0005050505050505,-0.7071067811865471,-0.7071067811865479,0.8660254037844387,-0.4999999999999998,55.91,229.5,0.1103,0.0236,4.523428119049785
2026-04-04 10:30:00+00:00,27.35,93.2,47.20000000000001,34.5,30,998.1,0.0,20.34547009526316,-4.324563169009378,0.0006060606060606,-0.8660254037844384,-0.5000000000000004,0.8660254037844387,-0.4999999999999998,55.91,229.5,0.1103,0.0236,1.394934881152166
2026-04-04 11:30:00+00:00,31.0225,103.925,51.55,33.4,35,998.0,0.0,13.49794388461128,-0.2356074869033222,0.0006756756756756,-0.9659258262890684,-0.2588190451025206,0.8660254037844387,-0.4999999999999998,55.91,229.5,0.1103,0.0236,3.840844426550194
2026-04-04 12:30:00+00:00,30.137500000000003,148.475,141.375,31.7,39,998.3,0.0,9.18265496573284,4.882504252973264,0.0055555555555555,-1.0,-1.8369701987210292e-16,0.8660254037844387,-0.4999999999999998,55.91,229.5,0.1103,0.0236,1.812916479971352
2026-04-04 13:30:00+00:00,31.5975,180.625,100.05,30.8,41,998.9,0.0,10.6428168620681,4.085394624816428,0.0044444444444444,-0.9659258262890684,0.2588190451025203,0.8660254037844387,-0.4999999999999998,55.91,229.5,0.1103,0.0236,4.232652267528452
2026-04-04 14:30:00+00:00,30.06,187.8,70.15,30.2,40,999.3,0.0,11.7120445893676,1.4380582521807368,0.0043478260869565,-0.8660254037844386,0.5000000000000001,0.8660254037844387,-0.4999999999999998,55.91,229.5,0.1103,0.0236,3.9577155978015206
2026-04-04 15:30:00+00:00,30.665000000000003,194.175,52.85,30.1,38,1000.5,0.0,15.27903188174498,0.800740130517048,0.0019417475728155,-0.7071067811865477,0.7071067811865474,0.8660254037844387,-0.4999999999999998,55.91,229.5,0.1103,0.0236,1.529919439880556
2026-04-04 16:30:00+00:00,30.5625,192.475,95.775,29.5,38,1000.6,0.0,17.071793808230737,-2.09615270656854,0.0018018018018018,-0.5000000000000004,0.8660254037844384,0.8660254037844387,-0.4999999999999998,55.91,229.5,0.1103,0.0236,4.579167949522663
2026-04-04 17:30:00+00:00,32.236666666666665,190.5,68.5,29.5,41,1000.2,0.0,15.341398350612884,-1.3421984383139316,0.0021052631578947,-0.2588190451025215,0.965925826289068,0.8660254037844387,-0.4999999999999998,55.91,229.5,0.1103,0.0236,2.957923749654776
2026-04-04 18:30:00+00:00,32.99,182.3,35.1,29.6,41,1000.2,0.0,17.0845218048988,-6.558133476678982,0.0012820512820512,0.0,1.0,0.8660254037844387,-0.4999999999999998,55.91,229.5,0.1103,0.0236,3.048660645621033
2026-04-04 19:30:00+00:00,31.926666666666662,169.0,7.233333333333334,29.0,40,999.9,0.0,15.600444872778445,-9.373692963362986,0.00125,0.2588190451025207,0.9659258262890684,0.8660254037844387,-0.4999999999999998,55.91,229.5,0.1103,0.0236,0.3321729086072567
2026-04-04 20:30:00+00:00,28.39333333333333,183.30000000000004,124.0,28.4,42,1000.4,0.0,20.482555987028288,-9.551172715339812,0.0010869565217391,0.4999999999999999,0.8660254037844387,0.8660254037844387,-0.4999999999999998,55.91,229.5,0.1103,0.0236,1.0584236551834425
2026-04-04 21:30:00+00:00,29.295,227.025,200.15,27.1,46,1000.3,0.1,17.831386146096563,-6.844827836315222,0.0012738853503184,0.7071067811865475,0.7071067811865476,0.8660254037844387,-0.4999999999999998,55.91,229.5,0.1103,0.0236,115.51862337274397
2026-04-04 22:30:00+00:00,29.2925,229.25,99.25,26.5,47,1001.0,0.0,15.697608813955345,-0.2740027810653451,0.0014084507042253,0.8660254037844386,0.5000000000000001,0.8660254037844387,-0.4999999999999998,55.91,229.5,0.1103,0.0236,3.6737336809818477
2026-04-04 23:30:00+00:00,31.485,241.9,59.4,25.0,50,1001.3,0.0,16.073815785188387,-5.534658625771657,0.0013245033112582,0.9659258262890684,0.2588190451025207,0.8660254037844387,-0.4999999999999998,55.91,229.5,0.1103,0.0236,4.2939924746018026
2026-04-05 00:30:00+00:00,29.2725,200.7,105.575,25.4,47,1002.2,0.0,13.697136892650244,-1.681796938991038,0.001360544217687,1.0,6.123233995736766e-17,0.8660254037844387,-0.4999999999999998,55.91,229.5,0.1103,0.0236,2.083243071851668
2026-04-05 01:30:00+00:00,27.5225,174.85,54.55,26.4,44,1003.3,0.0,12.959121861643627,2.991849022773408,0.001360544217687,0.9659258262890684,-0.2588190451025206,0.8660254037844387,-0.4999999999999998,55.91,229.5,0.1103,0.0236,1.020151344126932
2026-04-05 02:30:00+00:00,30.6525,135.5,48.275,27.1,42,1003.7,0.0,14.265847744427305,4.6352549156242135,0.0011627906976744,0.8660254037844387,-0.4999999999999998,0.8660254037844387,-0.4999999999999998,55.91,229.5,0.1103,0.0236,0.3549171246475097
2026-04-05 03:30:00+00:00,30.305,112.7,33.4,29.0,39,1003.3,0.0,11.346331037271778,9.18807770932762,0.0012738853503184,0.7071067811865476,-0.7071067811865475,0.8660254037844387,-0.4999999999999998,55.91,229.5,0.1103,0.0236,0.7853754824557263
2026-04-05 04:30:00+00:00,31.3725,114.61666666666667,56.5,30.9,36,1003.2,0.0,14.616727322281616,6.507786289212802,0.0009615384615384,0.4999999999999999,-0.8660254037844387,0.8660254037844387,-0.4999999999999998,55.91,229.5,0.1103,0.0236,0.29058328334346184
2026-04-05 05:30:00+00:00,29.626666666666665,116.53333333333336,79.60000000000001,32.5,34,1002.8,0.0,15.462242779027276,-1.081225343033941,0.000595238095238,0.258819045102521,-0.9659258262890682,0.8660254037844387,-0.4999999999999998,55.91,229.5,0.1103,0.0236,0.6513874904196082
2026-04-05 06:30:00+00:00,30.895,150.0,62.45,33.5,30,1001.6,0.0,14.942554184650348,-3.7255971922348783,0.0005602240896358,1.2246467991473532e-16,-1.0,0.8660254037844387,-0.4999999999999998,55.91,229.5,0.1103,0.0236,3.8037873647398053
2026-04-05 07:30:00+00:00,31.135,140.25,81.325,33.8,28,1000.4,0.0,15.013984668619656,-4.590235764146966,0.0005524861878453,-0.2588190451025208,-0.9659258262890684,0.8660254037844387,-0.4999999999999998,55.91,229.5,0.1103,0.0236,1.3378944489001954
2026-04-05 08:30:00+00:00,31.863333333333333,143.45,141.29999999999998,33.8,27,999.0,0.0,15.16128781137399,-3.2226312076752577,0.0005602240896358,-0.4999999999999998,-0.8660254037844388,0.8660254037844387,-0.4999999999999998,55.91,229.5,0.1103,0.0236,4.45192732440444
2026-04-05 09:30:00+00:00,32.205,127.6,106.3,33.6,27,998.1,0.0,14.953047837997712,-2.1015138244969886,0.0005555555555555,-0.7071067811865471,-0.7071067811865479,0.8660254037844387,-0.4999999999999998,55.91,229.5,0.1103,0.0236,0.6145936458209983
2026-04-05 10:30:00+00:00,28.8825,142.25,78.55,33.1,27,997.7,0.0,14.788937659455698,-1.8158532167367003,0.000523560209424,-0.8660254037844384,-0.5000000000000004,0.8660254037844387,-0.4999999999999998,55.91,229.5,0.1103,0.0236,2.567516943082237
2026-04-05 11:30:00+00:00,30.493333333333336,143.4,84.13333333333334,32.4,27,997.3,0.0,12.07841775694845,-3.92451582856183,0.001025641025641,-0.9659258262890684,-0.2588190451025206,0.8660254037844387,-0.4999999999999998,55.91,229.5,0.1103,0.0236,0.00693203216585947
2026-04-05 12:30:00+00:00,30.445,171.75,159.65,31.3,27,997.8,0.0,15.478757788695894,-0.8112073217656312,0.0016260162601626,-1.0,-1.8369701987210292e-16,0.8660254037844387,-0.4999999999999998,55.91,229.5,0.1103,0.0236,29.27836179041936
2026-04-05 13:30:00+00:00,29.915,312.4,188.125,30.6,27,999.0,0.0,12.968332653377717,-0.9068341586736278,0.0028169014084507,-0.9659258262890684,0.2588190451025203,0.8660254037844387,-0.4999999999999998,55.91,229.5,0.1103,0.0236,95.77883682171576
2026-04-05 14:30:00+00:00,31.7275,274.15,118.425,29.6,29,1000.0,0.0,13.269592121137045,-1.8649195528648768,0.003030303030303,-0.8660254037844386,0.5000000000000001,0.8660254037844387,-0.4999999999999998,55.91,229.5,0.1103,0.0236,1.586034148174778
2026-04-05 15:30:00+00:00,30.2775,307.975,86.27499999999999,28.6,31,1000.9,0.0,11.69799515043039,-3.800909030811851,0.0044444444444444,-0.7071067811865477,0.7071067811865474,0.8660254037844387,-0.4999999999999998,55.91,229.5,0.1103,0.0236,4.457159881587291
2026-04-05 16:30:00+00:00,29.2575,309.0,167.2,28.1,32,1001.0,0.0,11.746157759823856,-4.275251791570852,0.004,-0.5000000000000004,0.8660254037844384,0.8660254037844387,-0.4999999999999998,55.91,229.5,0.1103,0.0236,42.1891210830029
2026-04-05 17:30:00+00:00,31.826666666666664,305.8,133.3,27.8,36,1000.9,0.0,10.773691742806102,0.7533699164365563,0.0074074074074074,-0.2588190451025215,0.965925826289068,0.8660254037844387,-0.4999999999999998,55.91,229.5,0.1103,0.0236,2.3600770876847292
2026-04-05 18:30:00+00:00,29.71333333333333,248.65,85.75,27.3,40,1001.1,0.0,14.799436413810136,6.589133617827962,0.0025974025974025,0.0,1.0,0.8660254037844387,-0.4999999999999998,55.91,229.5,0.1103,0.0236,2.0455810407259714
2026-04-05 19:30:00+00:00,27.6,191.5,38.2,26.6,43,1000.7,0.0,13.661669503747335,6.663241431193981,0.0041666666666666,0.2588190451025207,0.9659258262890684,0.8660254037844387,-0.4999999999999998,55.91,229.5,0.1103,0.0236,2.6886493566447998
2026-04-05 20:30:00+00:00,30.5975,172.32500000000002,67.55,24.9,52,1000.3,0.0,12.000342209829569,7.2105330487407615,0.0052631578947368,0.4999999999999999,0.8660254037844387,0.8660254037844387,-0.4999999999999998,55.91,229.5,0.1103,0.0236,3.7759912759667706
2026-04-05 21:30:00+00:00,31.1925,175.125,50.95,24.1,56,1000.5,0.0,10.29174078569134,4.1581331869166265,0.0058823529411764,0.7071067811865475,0.7071067811865476,0.8660254037844387,-0.4999999999999998,55.91,229.5,0.1103,0.0236,1.217202471875699
2026-04-05 22:30:00+00:00,31.675,150.1,34.8,23.4,59,1000.9,0.0,7.732240769000499,3.2821414793099004,0.0071428571428571,0.8660254037844386,0.5000000000000001,0.8660254037844387,-0.4999999999999998,55.91,229.5,0.1103,0.0236,4.626585040838944
2026-04-05 23:30:00+00:00,30.57,170.925,24.575000000000003,23.2,61,1001.6,0.0,8.85679689137185,10.18857933300742,0.0052631578947368,0.9659258262890684,0.2588190451025207,0.8660254037844387,-0.4999999999999998,55.91,229.5,0.1103,0.0236,1.174317449857461
2026-04-06 00:30:00+00:00,28.055,152.975,21.775,23.6,66,1002.3,0.0,8.63207760406381,8.33590044550797,0.0048780487804878,1.0,6.123233995736766e-17,0.8660254037844387,-0.4999999999999998,55.91,229.5,0.1103,0.0236,4.639718262843046
2026-04-06 01:30:00+00:00,31.1475,174.8,28.25,25.2,62,1003.0,0.0,7.396153886183163,6.429378484106975,0.0038461538461538,0.9659258262890684,-0.2588190451025206,0.8660254037844387,-0.4999999999999998,55.91,229.5,0.1103,0.0236,1.932753714893885
2026-04-06 02:30:00+00:00,31.2425,148.525,34.875,27.6,54,1003.5,0.0,6.429378484106973,7.396153886183165,0.0024390243902439,0.8660254037844387,-0.4999999999999998,0.8660254037844387,-0.4999999999999998,55.91,229.5,0.1103,0.0236,0.377190094699531
2026-04-06 03:30:00+00:00,30.255,150.4,43.125,29.1,49,1004.0,0.0,8.349884429996859,7.006384945583281,0.0016949152542372,0.7071067811865476,-0.7071067811865475,0.8660254037844387,-0.4999999999999998,55.91,229.5,0.1103,0.0236,1.180355814911322
2026-04-06 04:30:00+00:00,30.54,166.0,66.55,30.0,44,1004.3,0.0,8.545399957506033,6.439420747726916,0.0013698630136986,0.4999999999999999,-0.8660254037844387,0.8660254037844387,-0.4999999999999998,55.91,229.5,0.1103,0.0236,2.4225875122252853
2026-04-06 05:30:00+00:00,30.7,187.1,84.8,30.5,42,1004.3,0.0,6.668395609140176,3.850000000000003,0.001081081081081,0.258819045102521,-0.9659258262890682,0.8660254037844387,-0.4999999999999998,55.91,229.5,0.1103,0.0236,4.2881513633515675
2026-04-06 06:30:00+00:00,30.9775,173.45,91.6,31.3,39,1003.4,0.0,8.066139304626184,3.7613025294922298,0.000836820083682,1.2246467991473532e-16,-1.0,0.8660254037844387,-0.4999999999999998,55.91,229.5,0.1103,0.0236,4.362315346197094
2026-04-06 07:30:00+00:00,31.8725,165.2,92.925,31.7,36,1002.6,0.0,9.355673653615977,1.6496576878358382,0.000593471810089,-0.2588190451025208,-0.9659258262890684,0.8660254037844387,-0.4999999999999998,55.91,229.5,0.1103,0.0236,2.2706634230677345
2026-04-06 08:30:00+00:00,29.7225,152.05,104.475,32.4,33,1001.4,0.0,7.612985411107858,3.54999339862188,0.0004866180048661,-0.4999999999999998,-0.8660254037844388,0.8660254037844387,-0.4999999999999998,55.91,229.5,0.1103,0.0236,4.158526560508893
2026-04-06 09:30:00+00:00,29.9475,138.9,116.025,32.2,29,1000.3,0.0,9.535834002876411,5.070292878087621,0.000453514739229,-0.7071067811865471,-0.7071067811865479,0.8660254037844387,-0.4999999999999998,55.91,229.5,0.1103,0.0236,0.295478899800814
2026-04-06 10:30:00+00:00,33.85,132.4333333333333,93.2,32.2,27,999.9,0.0,5.61714420087197,8.989309819258116,0.0003968253968253,-0.8660254037844384,-0.5000000000000004,0.8660254037844387,-0.4999999999999998,55.91,229.5,0.1103,0.0236,1.7343863937895532
2026-04-06 11:30:00+00:00,29.97,140.57500000000002,74.725,31.9,24,999.3,0.0,10.46949641030846,1.658205329426449,0.0018867924528301,-0.9659258262890684,-0.2588190451025206,0.8660254037844387,-0.4999999999999998,55.91,229.5,0.1103,0.0236,4.701846435396777
2026-04-06 12:30:00+00:00,31.83666666666667,171.30000000000004,161.9,29.4,31,1000.1,0.0,3.930349834188504,8.428662419440846,0.00625,-1.0,-1.8369701987210292e-16,0.8660254037844387,-0.4999999999999998,55.91,229.5,0.1103,0.0236,27.58365584469185
2026-04-06 13:30:00+00:00,32.42666666666667,231.73333333333332,148.9,28.2,34,1001.4,0.0,6.807652030498175,7.049530043318781,0.0055555555555555,-0.9659258262890684,0.2588190451025203,0.8660254037844387,-0.4999999999999998,55.91,229.5,0.1103,0.0236,2.9427680395613978
2026-04-06 14:30:00+00:00,31.2875,442.0,156.2,27.0,39,1002.3,0.0,7.427349730583326,8.248907562799076,0.008695652173913,-0.8660254037844386,0.5000000000000001,0.8660254037844387,-0.4999999999999998,55.91,229.5,0.1103,0.0236,15.632689006641641
2026-04-06 15:30:00+00:00,30.4975,442.6749999999999,122.45,26.1,42,1002.8,0.0,8.123117854302128,4.319138377630194,0.0142857142857142,-0.7071067811865477,0.7071067811865474,0.8660254037844387,-0.4999999999999998,55.91,229.5,0.1103,0.0236,3.0160865137761608
2026-04-06 16:30:00+00:00,30.637500000000003,324.4,187.45,26.0,42,1002.8,0.0,7.889173324561134,0.41345405431926,0.02,-0.5000000000000004,0.8660254037844384,0.8660254037844387,-0.4999999999999998,55.91,229.5,0.1103,0.0236,78.87515070246218
2026-04-06 17:30:00+00:00,28.043333333333333,332.6,135.7,25.7,40,1002.7,0.0,9.586843533643908,-0.5024251799322619,0.0142857142857142,-0.2588190451025215,0.965925826289068,0.8660254037844387,-0.4999999999999998,55.91,229.5,0.1103,0.0236,4.331086809645125
2026-04-06 18:30:00+00:00,28.671666666666667,328.3,110.2,24.9,43,1002.6,0.0,6.188618557826731,-5.379684037722157,0.0142857142857142,0.0,1.0,0.8660254037844387,-0.4999999999999998,55.91,229.5,0.1103,0.0236,3.4202711129261134
2026-04-06 19:30:00+00:00,29.3,324.0,84.7,24.0,47,1002.5,0.0,5.377666356487367,-2.172718241812289,0.02,0.2588190451025207,0.9659258262890684,0.8660254037844387,-0.4999999999999998,55.91,229.5,0.1103,0.0236,4.411627179036136
2026-04-06 20:30:00+00:00,30.7975,317.725,153.375,23.6,48,1002.2,0.0,3.2053922922937423,3.437362397610102,0.04,0.4999999999999999,0.8660254037844387,0.8660254037844387,-0.4999999999999998,55.91,229.5,0.1103,0.0236,7.797941584474738
2026-04-06 21:30:00+00:00,31.703333333333333,288.0,101.3,22.2,55,1002.1,0.0,3.0957515577391788,0.1622414643531273,0.04,0.7071067811865475,0.7071067811865476,0.8660254037844387,-0.4999999999999998,55.91,229.5,0.1103,0.0236,2.2589865558268856
2026-04-06 22:30:00+00:00,29.1125,191.35,67.625,21.7,57,1002.3,0.0,7.160557646651569,0.7526049355271042,0.02,0.8660254037844386,0.5000000000000001,0.8660254037844387,-0.4999999999999998,55.91,229.5,0.1103,0.0236,2.7114869937543795
2026-04-06 23:30:00+00:00,30.15,173.425,48.15,21.8,70,1002.6,0.0,-1.0692078290260414,-0.5447885996874562,0.04,0.9659258262890684,0.2588190451025207,0.8660254037844387,-0.4999999999999998,55.91,229.5,0.1103,0.0236,0.2639907994669777
2026-04-07 00:30:00+00:00,30.6125,163.575,78.35000000000001,22.8,63,1003.2,0.0,0.7182423009839042,1.973354503650408,0.04,1.0,6.123233995736766e-17,0.8660254037844387,-0.4999999999999998,55.91,229.5,0.1103,0.0236,2.694313924106581
2026-04-07 01:30:00+00:00,28.9025,175.775,73.625,25.2,54,1003.9,0.0,0.3564026096753471,0.1815961998958188,0.0117647058823529,0.9659258262890684,-0.2588190451025206,0.8660254037844387,-0.4999999999999998,55.91,229.5,0.1103,0.0236,2.928369341334014
2026-04-07 02:30:00+00:00,30.2525,195.025,77.2,28.4,42,1004.1,0.0,0.5447885996874555,1.0692078290260416,0.0068965517241379,0.8660254037844387,-0.4999999999999998,0.8660254037844387,-0.4999999999999998,55.91,229.5,0.1103,0.0236,2.5398560300334774
2026-04-07 03:30:00+00:00,29.6525,226.05,78.75,31.4,31,1004.2,0.0,0.7321259575364397,1.644381823756682,0.0016806722689075,0.7071067811865476,-0.7071067811865475,0.8660254037844387,-0.4999999999999998,55.91,229.5,0.1103,0.0236,0.06618032273328633
2026-04-07 04:30:00+00:00,30.215,226.75,213.025,33.5,20,1004.1,0.0,4.5,8.266365894244633e-16,0.0003710575139146,0.4999999999999999,-0.8660254037844387,0.8660254037844387,-0.4999999999999998,55.91,229.5,0.1103,0.0236,180.76315868670412
2026-04-07 05:30:00+00:00,30.25,174.29999999999998,98.3,34.3,19,1003.6,0.0,10.223225361905618,-1.2552542370730213,0.0003067484662576,0.258819045102521,-0.9659258262890682,0.8660254037844387,-0.4999999999999998,55.91,229.5,0.1103,0.0236,4.868058883582548
2026-04-07 06:30:00+00:00,27.945,150.45,70.0,34.7,18,1002.7,0.0,11.315026128711072,-1.3893105148186835,0.000314465408805,1.2246467991473532e-16,-1.0,0.8660254037844387,-0.4999999999999998,55.91,229.5,0.1103,0.0236,1.749102468741453
2026-04-07 07:30:00+00:00,28.83,152.9333333333333,43.833333333333336,35.0,19,1001.7,0.0,12.2703397930958,-2.385112442206803,0.0003021148036253,-0.2588190451025208,-0.9659258262890684,0.8660254037844387,-0.4999999999999998,55.91,229.5,0.1103,0.0236,0.5550107901635598
2026-04-07 08:30:00+00:00,28.45,160.15555555555554,62.6888888888889,34.4,19,1000.6,0.0,14.931587305833911,-4.851566811686672,0.000328947368421,-0.4999999999999998,-0.8660254037844388,0.8660254037844387,-0.4999999999999998,55.91,229.5,0.1103,0.0236,4.119590690807528
2026-04-07 09:30:00+00:00,28.07,167.37777777777777,81.54444444444445,33.8,20,1000.1,0.0,14.560986064229482,-5.013749578640208,0.0003584229390681,-0.7071067811865471,-0.7071067811865479,0.8660254037844387,-0.4999999999999998,55.91,229.5,0.1103,0.0236,3.598845419246829
2026-04-07 10:30:00+00:00,27.69,174.6,100.4,33.4,21,999.8,0.0,11.088372925273722,-4.035837691242884,0.0003703703703703,-0.8660254037844384,-0.5000000000000004,0.8660254037844387,-0.4999999999999998,55.91,229.5,0.1103,0.0236,0.35144696856842406
2026-04-07 11:30:00+00:00,31.3875,210.275,100.625,32.2,22,999.1,0.0,6.800509761618146,-9.02458126353441,0.0012121212121212,-0.9659258262890684,-0.2588190451025206,0.8660254037844387,-0.4999999999999998,55.91,229.5,0.1103,0.0236,2.446931106646386
2026-04-07 12:30:00+00:00,33.46333333333333,203.4333333333333,179.70000000000002,30.9,25,999.3,0.0,1.0846371563058184,-8.833660749607766,0.00625,-1.0,-1.8369701987210292e-16,0.8660254037844387,-0.4999999999999998,55.91,229.5,0.1103,0.0236,80.0528195644372
2026-04-07 13:30:00+00:00,29.5225,240.225,76.825,29.8,27,999.9,0.0,-1.4324998796114894,-4.160281732636994,0.0166666666666666,-0.9659258262890684,0.2588190451025203,0.8660254037844387,-0.4999999999999998,55.91,229.5,0.1103,0.0236,3.9655939143443
2026-04-07 14:30:00+00:00,31.39,405.1,33.23333333333333,27.8,35,1000.5,0.0,-7.698827252704213,0.1343835295670827,0.0153846153846153,-0.8660254037844386,0.5000000000000001,0.8660254037844387,-0.4999999999999998,55.91,229.5,0.1103,0.0236,3.379721209895016
2026-04-07 15:30:00+00:00,31.91333333333333,317.45,25.83333333333333,26.9,39,1001.0,0.0,-5.923964983115281,5.524186716506237,0.0142857142857142,-0.7071067811865477,0.7071067811865474,0.8660254037844387,-0.4999999999999998,55.91,229.5,0.1103,0.0236,4.777767827964075
2026-04-07 16:30:00+00:00,30.0525,170.725,109.225,27.0,37,1001.2,0.0,-6.668395609140179,3.8499999999999983,0.0133333333333333,-0.5000000000000004,0.8660254037844384,0.8660254037844387,-0.4999999999999998,55.91,229.5,0.1103,0.0236,3.330551871410839
2026-04-07 17:30:00+00:00,30.276666666666667,193.2,39.8,26.5,40,1000.7,0.0,-6.651075942613836,3.2439464862391736,0.0125,-0.2588190451025215,0.965925826289068,0.8660254037844387,-0.4999999999999998,55.91,229.5,0.1103,0.0236,3.839635435519844
2026-04-07 18:30:00+00:00,30.07,208.5,22.5,25.9,41,1001.2,0.0,-2.7351178994249192,6.443533974167081,0.0153846153846153,0.0,1.0,0.8660254037844387,-0.4999999999999998,55.91,229.5,0.1103,0.0236,1.2034103247427208
2026-04-07 19:30:00+00:00,31.52,221.1,0.3500000000000001,24.7,43,1001.4,0.0,1.3917310096006552,9.902680687415703,0.0111111111111111,0.2588190451025207,0.9659258262890684,0.8660254037844387,-0.4999999999999998,55.91,229.5,0.1103,0.0236,2.5744326186780353
2026-04-07 20:30:00+00:00,29.935,223.75,112.9,24.2,44,1001.3,0.0,0.1710075338422544,4.897015052393569,0.0166666666666666,0.4999999999999999,0.8660254037844387,0.8660254037844387,-0.4999999999999998,55.91,229.5,0.1103,0.0236,0.4463280327318475
2026-04-07 21:30:00+00:00,29.5975,225.8,43.400000000000006,23.4,48,1001.1,0.0,2.2043642384652358e-16,-0.9,0.0666666666666666,0.7071067811865475,0.7071067811865476,0.8660254037844387,-0.4999999999999998,55.91,229.5,0.1103,0.0236,4.748204677271916
2026-04-07 22:30:00+00:00,30.42,218.375,7.65,23.6,49,1001.2,0.0,-3.77354790111386,-3.2802951449525364,0.025,0.8660254037844386,0.5000000000000001,0.8660254037844387,-0.4999999999999998,55.91,229.5,0.1103,0.0236,2.7593066901866923
2026-04-07 23:30:00+00:00,29.520000000000003,253.2,3.525,23.1,59,1001.5,0.0,-4.6628757687418245,-3.775922346299025,0.0222222222222222,0.9659258262890684,0.2588190451025207,0.8660254037844387,-0.4999999999999998,55.91,229.5,0.1103,0.0236,1.5394968451630504
2026-04-08 00:30:00+00:00,31.3275,201.225,76.95,23.4,63,1002.1,0.0,-12.613844441587954,-3.1449846427956825,0.0064516129032258,1.0,6.123233995736766e-17,0.8660254037844387,-0.4999999999999998,55.91,229.5,0.1103,0.0236,3.505957270934455
2026-04-08 01:30:00+00:00,28.236666666666668,194.2,9.7,24.0,58,1002.8,0.0,-8.939931253174443,-2.904759747124506,0.0037037037037037,0.9659258262890684,-0.2588190451025206,0.8660254037844387,-0.4999999999999998,55.91,229.5,0.1103,0.0236,1.9682952069355992
2026-04-08 02:30:00+00:00,31.2875,184.625,44.3,26.2,49,1003.3,0.0,-8.833110635387538,-3.214989347261287,0.003076923076923,0.8660254037844387,-0.4999999999999998,0.8660254037844387,-0.4999999999999998,55.91,229.5,0.1103,0.0236,1.735673737926
2026-04-08 03:30:00+00:00,29.92,217.475,44.6,28.8,42,1004.1,0.0,-9.35395262193826,-2.159530121701103,0.0018348623853211,0.7071067811865476,-0.7071067811865475,0.8660254037844387,-0.4999999999999998,55.91,229.5,0.1103,0.0236,4.689613379237825
2026-04-08 04:30:00+00:00,28.4175,211.575,57.725,30.5,37,1003.8,0.0,-9.194587446897772,-1.954369893686939,0.0012578616352201,0.4999999999999999,-0.8660254037844387,0.8660254037844387,-0.4999999999999998,55.91,229.5,0.1103,0.0236,4.922848845317999
2026-04-08 05:30:00+00:00,30.2375,197.775,50.15,30.7,40,1003.9,0.0,-6.695040511304376,-1.6692610796377083,0.0008583690987124,0.258819045102521,-0.9659258262890682,0.8660254037844387,-0.4999999999999998,55.91,229.5,0.1103,0.0236,4.967380742664045
2026-04-08 06:30:00+00:00,29.77,176.15,34.650000000000006,29.0,44,1003.9,0.5,9.893969187489049,0.3455050173547663,0.0011627906976744,1.2246467991473532e-16,-1.0,0.8660254037844387,-0.4999999999999998,55.91,229.5,0.1103,0.0236,1.8826357213704608
2026-04-08 07:30:00+00:00,28.7075,190.0,29.9,25.5,66,1004.1,1.6,-4.552222407269569,3.430345631966676,0.0046511627906976,-0.2588190451025208,-0.9659258262890684,0.8660254037844387,-0.4999999999999998,55.91,229.5,0.1103,0.0236,2.7981351944907766
2026-04-08 08:30:00+00:00,27.74,160.75,48.9,24.9,70,1003.1,0.3,-2.8865868855796437,-4.444954010110747,0.0046511627906976,-0.4999999999999998,-0.8660254037844388,0.8660254037844387,-0.4999999999999998,55.91,229.5,0.1103,0.0236,3.0394486719796134
2026-04-08 09:30:00+00:00,30.83,93.65,36.775,24.7,70,1002.0,0.1,-6.46535998165333,-5.821436275322066,0.003125,-0.7071067811865471,-0.7071067811865479,0.8660254037844387,-0.4999999999999998,55.91,229.5,0.1103,0.0236,2.5002388054594245
2026-04-08 10:30:00+00:00,30.61,79.725,45.425,24.8,69,1001.8,0.0,-2.8522794363147645,-2.659793604243744,0.0035714285714285,-0.8660254037844384,-0.5000000000000004,0.8660254037844387,-0.4999999999999998,55.91,229.5,0.1103,0.0236,1.4625318132413079
2026-04-08 11:30:00+00:00,30.3875,86.3,35.925000000000004,26.3,57,1001.6,0.0,-7.8808311744383905,-4.550000000000001,0.0028169014084507,-0.9659258262890684,-0.2588190451025206,0.8660254037844387,-0.4999999999999998,55.91,229.5,0.1103,0.0236,2.765856802732429
2026-04-08 12:30:00+00:00,30.8925,78.6,60.35,24.6,65,1002.0,0.0,-8.4002395468807,-5.047373134118533,0.0028985507246376,-1.0,-1.8369701987210292e-16,0.8660254037844387,-0.4999999999999998,55.91,229.5,0.1103,0.0236,4.189202259932814
2026-04-08 13:30:00+00:00,21.43,61.35,39.375,24.2,69,1003.2,0.0,-3.6442685642133337,-5.0159053651246746,0.005,-0.9659258262890684,0.2588190451025203,0.8660254037844387,-0.4999999999999998,55.91,229.5,0.1103,0.0236,0.9687032047779554
2026-04-08 14:30:00+00:00,31.815,85.44999999999999,42.875,23.8,71,1003.6,0.0,-6.290029259590679,-4.084792762612703,0.0051282051282051,-0.8660254037844386,0.5000000000000001,0.8660254037844387,-0.4999999999999998,55.91,229.5,0.1103,0.0236,2.540956276468047
2026-04-08 15:30:00+00:00,30.2775,92.05,41.075,23.4,74,1004.2,0.0,-3.078000789250748,-3.4184661971960133,0.0076923076923076,-0.7071067811865477,0.7071067811865474,0.8660254037844387,-0.4999999999999998,55.91,229.5,0.1103,0.0236,3.0305892544859736
2026-04-08 16:30:00+00:00,30.715,95.0,37.25,23.4,74,1004.3,0.0,-2.516011703836272,-1.6339171050450814,0.008,-0.5000000000000004,0.8660254037844384,0.8660254037844387,-0.4999999999999998,55.91,229.5,0.1103,0.0236,2.314931260869982
2026-04-08 17:30:00+00:00,31.49666666666667,121.90000000000002,42.2,22.7,78,1005.1,0.0,6.957546151624549,-5.054953169715267,0.0095238095238095,-0.2588190451025215,0.965925826289068,0.8660254037844387,-0.4999999999999998,55.91,229.5,0.1103,0.0236,0.41048191694667335
2026-04-08 18:30:00+00:00,31.973333333333336,115.95000000000002,39.8,22.8,76,1004.2,0.0,-1.048110915769547,-6.617511881987423,0.0111111111111111,0.0,1.0,0.8660254037844387,-0.4999999999999998,55.91,229.5,0.1103,0.0236,2.1520150774406863
2026-04-08 19:30:00+00:00,32.45,110.0,37.4,22.3,78,1003.8,0.0,-1.421478174124758,-4.3748599749577055,0.008695652173913,0.2588190451025207,0.9659258262890684,0.8660254037844387,-0.4999999999999998,55.91,229.5,0.1103,0.0236,0.29323325021176905
2026-04-08 20:30:00+00:00,29.7025,104.925,36.525,20.7,82,1003.9,0.1,-4.167950222753984,-4.316038802031907,0.0043478260869565,0.4999999999999999,0.8660254037844387,0.8660254037844387,-0.4999999999999998,55.91,229.5,0.1103,0.0236,4.7819304161675955
2026-04-08 21:30:00+00:00,30.41,102.975,40.375,19.2,88,1004.5,1.1,1.499078775259723,-17.13454880717802,0.0021978021978021,0.7071067811865475,0.7071067811865476,0.8660254037844387,-0.4999999999999998,55.91,229.5,0.1103,0.0236,3.2070108994908137
2026-04-08 22:30:00+00:00,30.465,106.85,36.625,19.2,86,1003.7,0.0,-6.316731016557851,-5.687610154050296,0.0052631578947368,0.8660254037844386,0.5000000000000001,0.8660254037844387,-0.4999999999999998,55.91,229.5,0.1103,0.0236,0.2225678989503016
2026-04-08 23:30:00+00:00,29.035,113.1,37.6,20.6,80,1004.7,0.0,-3.4403323156348824,-8.962372094373137,0.0041666666666666,0.9659258262890684,0.2588190451025207,0.8660254037844387,-0.4999999999999998,55.91,229.5,0.1103,0.0236,2.2400213134751654
2026-04-09 00:30:00+00:00,31.540000000000003,101.33333333333331,37.16666666666666,20.5,80,1005.4,0.0,-6.664586655135108,-5.592252204272892,0.0040816326530612,1.0,6.123233995736766e-17,0.8660254037844387,-0.4999999999999998,55.91,229.5,0.1103,0.0236,4.345596186328135
2026-04-09 01:30:00+00:00,29.095,94.175,41.625,21.6,76,1006.1,0.0,-5.750175672340508,-4.333068166694748,0.0038461538461538,0.9659258262890684,-0.2588190451025206,0.8660254037844387,-0.4999999999999998,55.91,229.5,0.1103,0.0236,2.3170737660003256
2026-04-09 02:30:00+00:00,28.6375,93.325,42.375,24.0,64,1006.4,0.0,-6.105946292326267,-3.815418702479075,0.0022988505747126,0.8660254037844387,-0.4999999999999998,0.8660254037844387,-0.4999999999999998,55.91,229.5,0.1103,0.0236,4.706764294664533
2026-04-09 03:30:00+00:00,31.3225,87.3,39.725,26.1,54,1006.7,0.0,-3.2076234870781244,-1.6343657990623688,0.0012578616352201,0.7071067811865476,-0.7071067811865475,0.8660254037844387,-0.4999999999999998,55.91,229.5,0.1103,0.0236,4.745230943349734
2026-04-09 04:30:00+00:00,28.4075,94.2,69.31250000000001,28.1,46,1006.5,0.0,1.4339482024232673,-1.2465121550819631,0.0008658008658008,0.4999999999999999,-0.8660254037844387,0.8660254037844387,-0.4999999999999998,55.91,229.5,0.1103,0.0236,4.144071651676191
2026-04-09 05:30:00+00:00,32.196666666666665,101.1,98.90000000000002,28.2,49,1006.2,0.0,1.8000000000000016,-3.117691453623978,0.0006535947712418,0.258819045102521,-0.9659258262890682,0.8660254037844387,-0.4999999999999998,55.91,229.5,0.1103,0.0236,4.023147223855496
2026-04-09 06:30:00+00:00,31.217777777777776,109.5,93.9875,29.5,45,1005.3,0.0,4.176456994115625,-3.26300581922599,0.0005633802816901,1.2246467991473532e-16,-1.0,0.8660254037844387,-0.4999999999999998,55.91,229.5,0.1103,0.0236,3.030040120105756
2026-04-09 07:30:00+00:00,30.23888888888889,117.9,89.07500000000002,30.2,40,1004.1,0.0,7.558529312547013,-1.4692292643993907,0.0005221932114882,-0.2588190451025208,-0.9659258262890684,0.8660254037844387,-0.4999999999999998,55.91,229.5,0.1103,0.0236,1.524277975024606
2026-04-09 08:30:00+00:00,29.26,126.29999999999998,84.16250000000001,30.4,34,1003.3,0.0,10.81550771911611,-2.4969567032169007,0.000516795865633,-0.4999999999999998,-0.8660254037844388,0.8660254037844387,-0.4999999999999998,55.91,229.5,0.1103,0.0236,0.1006524665910824
2026-04-09 09:30:00+00:00,27.950000000000003,134.7,79.25,30.0,33,1002.4,0.0,13.16348401361055,-5.052988088588723,0.0005263157894736,-0.7071067811865471,-0.7071067811865479,0.8660254037844387,-0.4999999999999998,55.91,229.5,0.1103,0.0236,2.0984520087951406
2026-04-09 10:30:00+00:00,31.41333333333333,132.8,56.1,29.7,32,1002.2,0.0,12.46044315912898,-3.3387656818225224,0.0005509641873278,-0.8660254037844384,-0.5000000000000004,0.8660254037844387,-0.4999999999999998,55.91,229.5,0.1103,0.0236,3.8743169912496995
2026-04-09 11:30:00+00:00,28.066666666666663,140.79999999999998,33.13333333333333,30.1,27,1002.8,0.0,10.793420931806232,0.3769145643870178,0.0004434589800443,-0.9659258262890684,-0.2588190451025206,0.8660254037844387,-0.4999999999999998,55.91,229.5,0.1103,0.0236,1.224826126216736
2026-04-09 12:30:00+00:00,30.71,168.64999999999998,160.52499999999998,28.5,31,1003.2,0.0,8.651355263444872,2.4807362023529897,0.0057142857142857,-1.0,-1.8369701987210292e-16,0.8660254037844387,-0.4999999999999998,55.91,229.5,0.1103,0.0236,27.86418618953946
2026-04-09 13:30:00+00:00,30.825000000000003,286.275,139.4,27.6,33,1004.2,0.0,9.516231763884823,-4.4374917482773455,0.0042553191489361,-0.9659258262890684,0.2588190451025203,0.8660254037844387,-0.4999999999999998,55.91,229.5,0.1103,0.0236,1.4953995134085778
2026-04-09 14:30:00+00:00,29.745,292.725,57.925,26.8,32,1005.2,0.0,10.302398079610082,-7.763413798661419,0.0048780487804878,-0.8660254037844386,0.5000000000000001,0.8660254037844387,-0.4999999999999998,55.91,229.5,0.1103,0.0236,2.482339859350992
2026-04-09 15:30:00+00:00,31.2,260.375,26.5,26.0,33,1005.9,0.0,10.478907385791707,-6.050000000000002,0.0048780487804878,-0.7071067811865477,0.7071067811865474,0.8660254037844387,-0.4999999999999998,55.91,229.5,0.1103,0.0236,2.3940214747176576
2026-04-09 16:30:00+00:00,32.5775,266.95,122.425,24.9,37,1005.8,0.0,8.140638795573723,-4.700000000000001,0.0058823529411764,-0.5000000000000004,0.8660254037844384,0.8660254037844387,-0.4999999999999998,55.91,229.5,0.1103,0.0236,3.4220102977404143
2026-04-09 17:30:00+00:00,30.003333333333337,336.2,102.59999999999998,24.7,40,1005.8,0.0,11.957478155805608,-7.471861625688185,0.0035087719298245,-0.2588190451025215,0.965925826289068,0.8660254037844387,-0.4999999999999998,55.91,229.5,0.1103,0.0236,4.884836502658362
2026-04-09 18:30:00+00:00,28.3,205.6,34.2,24.4,40,1005.7,0.0,10.953349475133432,-8.557694507026653,0.0028169014084507,0.0,1.0,0.8660254037844387,-0.4999999999999998,55.91,229.5,0.1103,0.0236,3.3164555072111073
2026-04-09 19:30:00+00:00,29.2175,179.425,14.475,23.6,41,1005.0,0.0,10.10289749894062,-8.181165083647887,0.0032258064516129,0.2588190451025207,0.9659258262890684,0.8660254037844387,-0.4999999999999998,55.91,229.5,0.1103,0.0236,3.780459480952305
2026-04-09 20:30:00+00:00,29.7625,181.3,165.0,22.8,42,1004.9,0.0,9.420248509323406,-6.596129018037029,0.0046511627906976,0.4999999999999999,0.8660254037844387,0.8660254037844387,-0.4999999999999998,55.91,229.5,0.1103,0.0236,38.71667386848001
2026-04-09 21:30:00+00:00,33.26,175.69999999999996,59.20000000000001,22.3,42,1004.5,0.0,8.652886410017485,-4.600821315301727,0.0074074074074074,0.7071067811865475,0.7071067811865476,0.8660254037844387,-0.4999999999999998,55.91,229.5,0.1103,0.0236,3.6337523089484285
2026-04-09 22:30:00+00:00,31.43,178.65,33.65,21.8,43,1004.5,0.0,8.851244868777634,-0.9303033230821116,0.0105263157894736,0.8660254037844386,0.5000000000000001,0.8660254037844387,-0.4999999999999998,55.91,229.5,0.1103,0.0236,0.1859281948810948
2026-04-09 23:30:00+00:00,31.905,188.5,16.525,22.1,44,1004.5,0.0,10.96334058060603,-1.7364225619465603,0.0066666666666666,0.9659258262890684,0.2588190451025207,0.8660254037844387,-0.4999999999999998,55.91,229.5,0.1103,0.0236,2.688336434170655
2026-04-10 00:30:00+00:00,32.0,179.55,53.575,22.8,43,1005.3,0.0,11.4842396496776,-0.6018634967938554,0.0048780487804878,1.0,6.123233995736766e-17,0.8660254037844387,-0.4999999999999998,55.91,229.5,0.1103,0.0236,3.6989717817771703
2026-04-10 01:30:00+00:00,29.8225,128.15,52.45,24.8,37,1006.0,0.0,8.987963899415753,1.4235536318661024,0.0028571428571428,0.9659258262890684,-0.2588190451025206,0.8660254037844387,-0.4999999999999998,55.91,229.5,0.1103,0.0236,0.05520059517183762
2026-04-10 02:30:00+00:00,24.285,100.0,41.95,27.5,30,1006.8,0.0,11.88369146357943,0.6227978792910372,0.0006825938566552,0.8660254037844387,-0.4999999999999998,0.8660254037844387,-0.4999999999999998,55.91,229.5,0.1103,0.0236,1.0137544219323429
2026-04-10 03:30:00+00:00,31.2525,135.625,84.275,29.6,22,1006.8,0.0,16.592056919319543,-4.136864414754314,0.000438596491228,0.7071067811865476,-0.7071067811865475,0.8660254037844387,-0.4999999999999998,55.91,229.5,0.1103,0.0236,1.132690670622985
2026-04-10 04:30:00+00:00,32.1825,125.4625,95.85416666666669,31.0,21,1006.4,0.0,17.987366778595675,-7.267367912268692,0.0003976143141153,0.4999999999999999,-0.8660254037844387,0.8660254037844387,-0.4999999999999998,55.91,229.5,0.1103,0.0236,1.3775174980110578
2026-04-10 05:30:00+00:00,28.68,115.3,107.43333333333334,31.8,20,1005.6,0.0,21.098917638836767,-8.09911565972377,0.0003663003663003,0.258819045102521,-0.9659258262890682,0.8660254037844387,-0.4999999999999998,55.91,229.5,0.1103,0.0236,3.93622166072587
2026-04-10 06:30:00+00:00,31.03,123.2,25.775,32.9,18,1004.6,0.0,21.588982919899987,-7.014685772311302,0.0003502626970227,1.2246467991473532e-16,-1.0,0.8660254037844387,-0.4999999999999998,55.91,229.5,0.1103,0.0236,1.994033773586799
2026-04-10 07:30:00+00:00,31.23,177.1,35.2,33.2,18,1003.4,0.0,20.27366082641635,-6.198280140122018,0.0003466204506065,-0.2588190451025208,-0.9659258262890684,0.8660254037844387,-0.4999999999999998,55.91,229.5,0.1103,0.0236,4.107943339565664
2026-04-10 08:30:00+00:00,29.0475,157.975,151.975,33.5,18,1002.4,0.0,19.22523391876637,-5.512747116339988,0.0003300330033003,-0.4999999999999998,-0.8660254037844388,0.8660254037844387,-0.4999999999999998,55.91,229.5,0.1103,0.0236,7.4881733883786525
2026-04-10 09:30:00+00:00,30.28,141.075,65.425,33.3,17,1001.6,0.0,19.36732249452935,-4.11665147819162,0.0003338898163606,-0.7071067811865471,-0.7071067811865479,0.8660254037844387,-0.4999999999999998,55.91,229.5,0.1103,0.0236,4.358068190004922
2026-04-10 10:30:00+00:00,29.41,114.25,37.925,32.6,17,1001.0,0.0,19.65499797784324,-3.1130458543005903,0.0003442340791738,-0.8660254037844384,-0.5000000000000004,0.8660254037844387,-0.4999999999999998,55.91,229.5,0.1103,0.0236,3.814432499483234
2026-04-10 11:30:00+00:00,28.7975,100.0,24.9,31.5,19,1001.5,0.0,16.377011502081814,-2.010844166184937,0.0004716981132075,-0.9659258262890684,-0.2588190451025206,0.8660254037844387,-0.4999999999999998,55.91,229.5,0.1103,0.0236,3.701240493946613
2026-04-10 12:30:00+00:00,31.23,96.7,59.66666666666666,30.5,20,1002.0,0.0,18.13074350526977,1.58623451800738,0.0011494252873563,-1.0,-1.8369701987210292e-16,0.8660254037844387,-0.4999999999999998,55.91,229.5,0.1103,0.0236,2.2245725690259723
2026-04-10 13:30:00+00:00,30.595,123.325,58.675,30.0,21,1002.7,0.0,17.975331625582328,-0.942047212372991,0.0012048192771084,-0.9659258262890684,0.2588190451025203,0.8660254037844387,-0.4999999999999998,55.91,229.5,0.1103,0.0236,3.5916369573736557
2026-04-10 14:30:00+00:00,32.335,126.85,43.525000000000006,28.2,24,1003.5,0.0,13.297974345580004,0.2321170056158705,0.0026666666666666,-0.8660254037844386,0.5000000000000001,0.8660254037844387,-0.4999999999999998,55.91,229.5,0.1103,0.0236,3.6869251230445115
2026-04-10 15:30:00+00:00,28.9525,150.675,22.2,26.4,28,1004.1,0.0,11.698218033329775,-0.2041931553162126,0.0048780487804878,-0.7071067811865477,0.7071067811865474,0.8660254037844387,-0.4999999999999998,55.91,229.5,0.1103,0.0236,2.3846296732327312
2026-04-10 16:30:00+00:00,30.2075,159.77499999999998,69.44999999999999,25.7,30,1004.0,0.0,11.898187572361056,0.2076836366036736,0.0057142857142857,-0.5000000000000004,0.8660254037844384,0.8660254037844387,-0.4999999999999998,55.91,229.5,0.1103,0.0236,2.605801299817392
2026-04-10 17:30:00+00:00,25.94666666666667,164.3,51.20000000000001,25.5,32,1003.8,0.0,10.02249690135276,-3.451022437245857,0.0074074074074074,-0.2588190451025215,0.965925826289068,0.8660254037844387,-0.4999999999999998,55.91,229.5,0.1103,0.0236,4.677463438286985
2026-04-10 18:30:00+00:00,27.363333333333337,196.05,36.2,24.9,34,1003.4,0.0,9.71197111365321,-4.948496447161059,0.0064516129032258,0.0,1.0,0.8660254037844387,-0.4999999999999998,55.91,229.5,0.1103,0.0236,3.061131085659193
2026-04-10 19:30:00+00:00,28.78,227.8,21.2,23.8,37,1003.1,0.0,9.18739171974208,0.4814907974350876,0.009090909090909,0.2588190451025207,0.9659258262890684,0.8660254037844387,-0.4999999999999998,55.91,229.5,0.1103,0.0236,3.9241732951436266
2026-04-10 20:30:00+00:00,31.05333333333333,194.4,78.9,22.7,39,1003.1,0.0,9.021049159544718,3.2833933759264258,0.0105263157894736,0.4999999999999999,0.8660254037844387,0.8660254037844387,-0.4999999999999998,55.91,229.5,0.1103,0.0236,4.952772442715064
2026-04-10 21:30:00+00:00,31.355,159.1,33.975,22.1,41,1003.1,0.0,8.609923976848172,4.01487348653665,0.0117647058823529,0.7071067811865475,0.7071067811865476,0.8660254037844387,-0.4999999999999998,55.91,229.5,0.1103,0.0236,3.2663107962510085
2026-04-10 22:30:00+00:00,27.456666666666667,152.8,9.6,21.5,43,1003.2,0.0,9.006664199358159,5.200000000000005,0.0111111111111111,0.8660254037844386,0.5000000000000001,0.8660254037844387,-0.4999999999999998,55.91,229.5,0.1103,0.0236,2.3765984936883133
2026-04-10 23:30:00+00:00,28.6075,158.55,2.9,21.4,47,1003.5,0.0,9.533354807819416,5.284424860685072,0.009090909090909,0.9659258262890684,0.2588190451025207,0.8660254037844387,-0.4999999999999998,55.91,229.5,0.1103,0.0236,2.694757535578212
2026-04-11 00:30:00+00:00,32.075,159.625,39.25,22.0,45,1004.2,0.0,9.39311036098875,6.099957192168302,0.0074074074074074,1.0,6.123233995736766e-17,0.8660254037844387,-0.4999999999999998,55.91,229.5,0.1103,0.0236,3.015387428237614
2026-04-11 01:30:00+00:00,30.6075,165.02499999999998,30.625,24.4,39,1005.0,0.0,6.625497486768851,4.302648376618714,0.005,0.9659258262890684,-0.2588190451025206,0.8660254037844387,-0.4999999999999998,55.91,229.5,0.1103,0.0236,1.5752821600451372
2026-04-11 02:30:00+00:00,31.2675,142.7,22.175,27.4,33,1005.6,0.0,8.308865795825094,3.1894747509531767,0.0026666666666666,0.8660254037844387,-0.4999999999999998,0.8660254037844387,-0.4999999999999998,55.91,229.5,0.1103,0.0236,4.781672367526456
2026-04-11 03:30:00+00:00,31.64,129.95,8.05,30.0,28,1005.4,0.0,9.945569462015568,3.040665729116466,0.0008695652173913,0.7071067811865476,-0.7071067811865475,0.8660254037844387,-0.4999999999999998,55.91,229.5,0.1103,0.0236,2.1905538287766477
2026-04-11 04:30:00+00:00,31.295,116.2,95.1,31.9,24,1005.1,0.0,11.852260087141651,1.8772135804827723,0.0005434782608695,0.4999999999999999,-0.8660254037844387,0.8660254037844387,-0.4999999999999998,55.91,229.5,0.1103,0.0236,2.91814720722185
2026-04-11 05:30:00+00:00,31.9925,115.55,47.775,33.1,20,1004.5,0.0,14.36492232374147,1.0044932219154084,0.0004807692307692,0.258819045102521,-0.9659258262890682,0.8660254037844387,-0.4999999999999998,55.91,229.5,0.1103,0.0236,4.344780334888891
2026-04-11 06:30:00+00:00,31.635,106.775,34.675,34.3,18,1003.4,0.0,15.341398350612884,-1.3421984383139316,0.0004474272930648,1.2246467991473532e-16,-1.0,0.8660254037844387,-0.4999999999999998,55.91,229.5,0.1103,0.0236,0.5454611268658155
2026-04-11 07:30:00+00:00,31.2275,122.275,19.525,34.8,17,1002.2,0.0,16.544770250605097,-2.917289384804424,0.0004273504273504,-0.2588190451025208,-0.9659258262890684,0.8660254037844387,-0.4999999999999998,55.91,229.5,0.1103,0.0236,4.968229190571116
2026-04-11 08:30:00+00:00,30.82,118.9,82.725,35.1,17,1001.0,0.0,17.586645506147295,-6.055567672903108,0.0004106776180698,-0.4999999999999998,-0.8660254037844388,0.8660254037844387,-0.4999999999999998,55.91,229.5,0.1103,0.0236,3.3221734096869704
2026-04-11 09:30:00+00:00,29.7475,111.6,49.85,35.1,16,999.9,0.0,18.270909152852013,-8.13473286151601,0.0004201680672268,-0.7071067811865471,-0.7071067811865479,0.8660254037844387,-0.4999999999999998,55.91,229.5,0.1103,0.0236,0.09775351111310004
2026-04-11 10:30:00+00:00,30.1725,107.45,29.15,34.5,16,999.3,0.0,18.167846053234225,-5.209546024941288,0.0004728132387706,-0.8660254037844384,-0.5000000000000004,0.8660254037844387,-0.4999999999999998,55.91,229.5,0.1103,0.0236,2.5463642720505892
2026-04-11 11:30:00+00:00,30.43,114.275,13.7,33.4,18,999.6,0.0,9.895952520870342,-3.798700265180175,0.0015873015873015,-0.9659258262890684,-0.2588190451025206,0.8660254037844387,-0.4999999999999998,55.91,229.5,0.1103,0.0236,2.6540470036270487
2026-04-11 12:30:00+00:00,30.2225,130.95,85.475,31.1,23,1000.2,0.0,2.521010025280952,-4.548022477124858,0.01,-1.0,-1.8369701987210292e-16,0.8660254037844387,-0.4999999999999998,55.91,229.5,0.1103,0.0236,1.634318154705499
2026-04-11 13:30:00+00:00,29.0675,288.05,82.19999999999999,29.7,28,1000.7,0.0,1.1150621265665748,-2.01162532642061,0.0222222222222222,-0.9659258262890684,0.2588190451025203,0.8660254037844387,-0.4999999999999998,55.91,229.5,0.1103,0.0236,2.6117960990222837
2026-04-11 14:30:00+00:00,30.775,610.025,94.275,28.4,29,1001.7,0.0,3.939231012048833,-0.6945927106677199,0.0181818181818181,-0.8660254037844386,0.5000000000000001,0.8660254037844387,-0.4999999999999998,55.91,229.5,0.1103,0.0236,3.092475823958244
2026-04-11 15:30:00+00:00,29.6725,569.2750000000001,66.875,27.6,31,1002.1,0.0,8.833660749607766,1.08463715630581,0.0142857142857142,-0.7071067811865477,0.7071067811865474,0.8660254037844387,-0.4999999999999998,55.91,229.5,0.1103,0.0236,3.3722201569059034
2026-04-11 16:30:00+00:00,30.3275,457.75,156.3,26.4,34,1002.1,0.0,7.935433625226217,-3.046127571135046,0.0111111111111111,-0.5000000000000004,0.8660254037844384,0.8660254037844387,-0.4999999999999998,55.91,229.5,0.1103,0.0236,17.642438699286576
2026-04-11 17:30:00+00:00,31.19666666666667,607.2,84.8,25.0,40,1001.9,0.0,3.2433188401303346,-4.808417920819239,0.0181818181818181,-0.2588190451025215,0.965925826289068,0.8660254037844387,-0.4999999999999998,55.91,229.5,0.1103,0.0236,4.303470036545391
2026-04-11 18:30:00+00:00,30.59,540.3,56.5,24.3,44,1001.2,0.0,2.1823947521999947,-2.340331845181346,0.0285714285714285,0.0,1.0,0.8660254037844387,-0.4999999999999998,55.91,229.5,0.1103,0.0236,2.29024390237337
2026-04-11 19:30:00+00:00,31.5575,456.225,37.325,23.8,46,1000.8,0.0,5.920063510951223,-2.154726902951709,0.0222222222222222,0.2588190451025207,0.9659258262890684,0.8660254037844387,-0.4999999999999998,55.91,229.5,0.1103,0.0236,3.9067768981815094
2026-04-11 20:30:00+00:00,30.51,390.65,157.675,23.2,47,1000.5,0.0,8.147505622615611,1.5837146616253277,0.0181818181818181,0.4999999999999999,0.8660254037844387,0.8660254037844387,-0.4999999999999998,55.91,229.5,0.1103,0.0236,21.547050761876775
2026-04-11 21:30:00+00:00,28.95,310.875,48.85,23.3,45,999.9,0.0,11.157380618627547,0.9761443187737724,0.0105263157894736,0.7071067811865475,0.7071067811865476,0.8660254037844387,-0.4999999999999998,55.91,229.5,0.1103,0.0236,1.4356443875195453
2026-04-11 22:30:00+00:00,23.4825,181.45,13.95,23.1,44,999.8,0.0,10.793921949283115,1.5169868004647078,0.0105263157894736,0.8660254037844386,0.5000000000000001,0.8660254037844387,-0.4999999999999998,55.91,229.5,0.1103,0.0236,3.951162624128814
2026-04-11 23:30:00+00:00,28.6225,263.6,21.425,23.5,47,999.8,0.0,10.993299097210052,0.3838944637275181,0.0083333333333333,0.9659258262890684,0.2588190451025207,0.8660254037844387,-0.4999999999999998,55.91,229.5,0.1103,0.0236,4.17507843760067
2026-04-12 00:30:00+00:00,31.38,264.5,118.15,24.2,46,1000.2,0.0,9.743700647852352,2.2495105434386526,0.0074074074074074,1.0,6.123233995736766e-17,0.8660254037844387,-0.4999999999999998,55.91,229.5,0.1103,0.0236,0.09939197823128354
2026-04-12 01:30:00+00:00,32.4175,191.425,41.25,26.3,41,1001.1,0.0,6.85975613173713,2.4967470462773864,0.005,0.9659258262890684,-0.2588190451025206,0.8660254037844387,-0.4999999999999998,55.91,229.5,0.1103,0.0236,2.6394276397416805
2026-04-12 02:30:00+00:00,31.7525,151.125,25.725,28.9,34,1001.6,0.0,6.862201078041087,0.7212463965468082,0.0025641025641025,0.8660254037844387,-0.4999999999999998,0.8660254037844387,-0.4999999999999998,55.91,229.5,0.1103,0.0236,1.8732546230491405
2026-04-12 03:30:00+00:00,29.5575,163.5,18.975,31.4,30,1002.0,0.0,9.945218953682732,-1.04528463267653,0.0009756097560975,0.7071067811865476,-0.7071067811865475,0.8660254037844387,-0.4999999999999998,55.91,229.5,0.1103,0.0236,2.8689769184270375
2026-04-12 04:30:00+00:00,33.3325,134.575,134.075,33.3,25,1001.8,0.0,14.707303947856278,-4.21725154400009,0.000632911392405,0.4999999999999999,-0.8660254037844387,0.8660254037844387,-0.4999999999999998,55.91,229.5,0.1103,0.0236,4.8803053097058635
2026-04-12 05:30:00+00:00,30.53,143.925,93.9,35.2,22,1000.5,0.0,18.51303123091947,-4.274070032533434,0.0004237288135593,0.258819045102521,-0.9659258262890682,0.8660254037844387,-0.4999999999999998,55.91,229.5,0.1103,0.0236,3.8703712424946706
2026-04-12 06:30:00+00:00,30.52,149.65,44.1,35.9,21,999.6,0.0,19.697003243402733,-4.911014480673249,0.0003284072249589,1.2246467991473532e-16,-1.0,0.8660254037844387,-0.4999999999999998,55.91,229.5,0.1103,0.0236,2.763247162059047
2026-04-12 07:30:00+00:00,30.94,178.7,21.1,36.6,19,998.4,0.0,20.369291302012652,-6.227517310594292,0.000278940027894,-0.2588190451025208,-0.9659258262890684,0.8660254037844387,-0.4999999999999998,55.91,229.5,0.1103,0.0236,3.835242951021102
2026-04-12 08:30:00+00:00,28.686666666666667,161.075,34.825,36.8,18,997.4,0.0,21.225802935923586,-4.511683690745361,0.000281690140845,-0.4999999999999998,-0.8660254037844388,0.8660254037844387,-0.4999999999999998,55.91,229.5,0.1103,0.0236,4.1016934004247005
2026-04-12 09:30:00+00:00,29.95,143.45,48.55,36.8,17,997.0,0.0,21.270809090272422,-1.114755867974706,0.0002652519893899,-0.7071067811865471,-0.7071067811865479,0.8660254037844387,-0.4999999999999998,55.91,229.5,0.1103,0.0236,1.5860557984444734
2026-04-12 10:30:00+00:00,29.265,143.47500000000002,31.2,36.2,16,996.7,0.0,19.65499797784324,3.113045854300597,0.0002915451895043,-0.8660254037844384,-0.5000000000000004,0.8660254037844387,-0.4999999999999998,55.91,229.5,0.1103,0.0236,4.150568528871314
2026-04-12 11:30:00+00:00,29.3425,135.825,20.1,35.2,16,997.1,0.0,16.707967842186992,1.7560781828965766,0.0011049723756906,-0.9659258262890684,-0.2588190451025206,0.8660254037844387,-0.4999999999999998,55.91,229.5,0.1103,0.0236,1.5559561912266229
2026-04-12 12:30:00+00:00,28.785,134.625,116.7,34.0,17,997.5,0.0,11.128327609037951,-1.962224407636309,0.0027397260273972,-1.0,-1.8369701987210292e-16,0.8660254037844387,-0.4999999999999998,55.91,229.5,0.1103,0.0236,3.120703067979857
2026-04-12 13:30:00+00:00,29.73,192.725,79.625,32.8,20,998.2,0.0,11.739941997695208,-8.846680840335104,0.0025,-0.9659258262890684,0.2588190451025203,0.8660254037844387,-0.4999999999999998,55.91,229.5,0.1103,0.0236,3.474777654935255
2026-04-12 14:30:00+00:00,29.0525,369.6,70.125,30.5,26,998.8,0.0,1.0044932219153966,-14.364922323741473,0.0057142857142857,-0.8660254037844386,0.5000000000000001,0.8660254037844387,-0.4999999999999998,55.91,229.5,0.1103,0.0236,3.6703838482051294
2026-04-12 15:30:00+00:00,32.11,239.125,27.325,28.4,34,999.6,0.0,-7.160557646651569,0.7526049355271041,0.0111111111111111,-0.7071067811865477,0.7071067811865474,0.8660254037844387,-0.4999999999999998,55.91,229.5,0.1103,0.0236,2.06115522569785
2026-04-12 16:30:00+00:00,30.2525,240.325,99.075,27.7,38,999.9,0.0,-7.061105457114741,0.7421520892003386,0.0133333333333333,-0.5000000000000004,0.8660254037844384,0.8660254037844387,-0.4999999999999998,55.91,229.5,0.1103,0.0236,3.1470115785922537
2026-04-12 17:30:00+00:00,29.346666666666664,314.3,62.0,26.9,45,999.8,0.0,-6.674504477214695,-0.5839434764093095,0.0181818181818181,-0.2588190451025215,0.965925826289068,0.8660254037844387,-0.4999999999999998,55.91,229.5,0.1103,0.0236,3.4081046182006443
2026-04-12 18:30:00+00:00,28.99833333333333,274.2,37.7,27.1,46,999.5,0.0,-6.713181886755149,2.3115338966458103,0.0181818181818181,0.0,1.0,0.8660254037844387,-0.4999999999999998,55.91,229.5,0.1103,0.0236,0.12537565566529962
2026-04-12 19:30:00+00:00,28.65,234.1,13.4,26.4,49,999.4,0.0,-4.64926344627966,3.632402704421384,0.0181818181818181,0.2588190451025207,0.9659258262890684,0.8660254037844387,-0.4999999999999998,55.91,229.5,0.1103,0.0236,2.5183042750609874
2026-04-12 20:30:00+00:00,29.896666666666665,293.8666666666667,74.06666666666666,25.4,54,999.5,0.0,-3.0308625638692708,2.1222328144988696,0.0222222222222222,0.4999999999999999,0.8660254037844387,0.8660254037844387,-0.4999999999999998,55.91,229.5,0.1103,0.0236,0.31766643927878313
2026-04-12 21:30:00+00:00,31.62,509.6,70.03333333333335,24.9,59,999.7,0.0,0.5,9.184850993605147e-17,0.0666666666666666,0.7071067811865475,0.7071067811865476,0.8660254037844387,-0.4999999999999998,55.91,229.5,0.1103,0.0236,0.083606797506936
2026-04-12 22:30:00+00:00,32.195,466.075,39.475,24.2,59,1000.1,0.0,1.790139411662892,-0.1881512338817753,0.05,0.8660254037844386,0.5000000000000001,0.8660254037844387,-0.4999999999999998,55.91,229.5,0.1103,0.0236,1.1839940638981972
2026-04-12 23:30:00+00:00,30.7575,319.875,24.65,23.3,68,1000.7,0.0,-0.1720779115442539,-1.0864571746546516,0.0666666666666666,0.9659258262890684,0.2588190451025207,0.8660254037844387,-0.4999999999999998,55.91,229.5,0.1103,0.0236,2.2329670409396702
2026-04-13 00:30:00+00:00,31.16,187.325,44.1,24.1,66,1001.6,0.0,0.1828040151077221,-1.488819227461983,0.0666666666666666,1.0,6.123233995736766e-17,0.8660254037844387,-0.4999999999999998,55.91,229.5,0.1103,0.0236,0.28029669883008534
2026-04-13 01:30:00+00:00,30.3825,391.475,42.85,26.9,55,1002.2,0.0,0.3564026096753472,-0.1815961998958186,0.01,0.9659258262890684,-0.2588190451025206,0.8660254037844387,-0.4999999999999998,55.91,229.5,0.1103,0.0236,1.290914764768794
2026-04-13 02:30:00+00:00,30.4875,229.475,25.275,30.0,45,1002.5,0.0,1.0461621679246689,0.3399186938124423,0.0040816326530612,0.8660254037844387,-0.4999999999999998,0.8660254037844387,-0.4999999999999998,55.91,229.5,0.1103,0.0236,2.407762472365228
2026-04-13 03:30:00+00:00,30.105,255.075,10.475,33.1,32,1002.8,0.0,3.994437368439645,1.2978713763747798,0.001025641025641,0.7071067811865476,-0.7071067811865475,0.8660254037844387,-0.4999999999999998,55.91,229.5,0.1103,0.0236,2.826450797183204
2026-04-13 04:30:00+00:00,29.81,201.9,147.75,35.4,19,1002.6,0.0,9.5,1.7451216887849782e-15,0.0004237288135593,0.4999999999999999,-0.8660254037844387,0.8660254037844387,-0.4999999999999998,55.91,229.5,0.1103,0.0236,3.8908344694586976
2026-04-13 05:30:00+00:00,31.08,146.6,62.03333333333333,36.2,19,1002.2,0.0,12.009808434859996,-1.4746190552022869,0.0003412969283276,0.258819045102521,-0.9659258262890682,0.8660254037844387,-0.4999999999999998,55.91,229.5,0.1103,0.0236,2.1913612493028967
2026-04-13 06:30:00+00:00,28.692500000000003,119.75,63.35,37.1,17,1001.5,0.0,14.022758724692654,-1.473851332073907,0.0003395585738539,1.2246467991473532e-16,-1.0,0.8660254037844387,-0.4999999999999998,55.91,229.5,0.1103,0.0236,0.10482623040932948
2026-04-13 07:30:00+00:00,31.350000000000005,77.0,47.9,37.6,15,1000.6,0.0,15.111631611105608,-2.3934473151155293,0.0003389830508474,-0.2588190451025208,-0.9659258262890684,0.8660254037844387,-0.4999999999999998,55.91,229.5,0.1103,0.0236,3.3950018656374863
2026-04-13 08:30:00+00:00,31.31,70.68333333333334,50.96666666666667,37.3,14,999.7,0.0,16.065919900178997,-4.911844639341977,0.0003642987249544,-0.4999999999999998,-0.8660254037844388,0.8660254037844387,-0.4999999999999998,55.91,229.5,0.1103,0.0236,1.3116156406172574
2026-04-13 09:30:00+00:00,29.84,64.36666666666666,54.03333333333333,36.9,13,999.0,0.0,15.483970371265348,-6.255930110045729,0.0003891050583657,-0.7071067811865471,-0.7071067811865479,0.8660254037844387,-0.4999999999999998,55.91,229.5,0.1103,0.0236,1.1699977733856104
2026-04-13 10:30:00+00:00,30.14,84.9,28.9,35.9,12,999.1,0.0,15.415252187363008,-8.900000000000002,0.0005649717514124,-0.8660254037844384,-0.5000000000000004,0.8660254037844387,-0.4999999999999998,55.91,229.5,0.1103,0.0236,4.364083820193697
2026-04-13 11:30:00+00:00,30.5875,93.025,14.4,34.3,15,999.1,0.0,13.155919133598012,-6.995126285509768,0.0010928961748633,-0.9659258262890684,-0.2588190451025206,0.8660254037844387,-0.4999999999999998,55.91,229.5,0.1103,0.0236,4.289254347881142
2026-04-13 12:30:00+00:00,29.96666666666667,135.8625,55.4625,32.6,17,999.7,0.0,15.695608354948662,-5.404431363988795,0.0025,-1.0,-1.8369701987210292e-16,0.8660254037844387,-0.4999999999999998,55.91,229.5,0.1103,0.0236,0.25200735870088364
2026-04-13 13:30:00+00:00,30.0775,178.7,96.525,32.8,16,1000.4,0.0,18.0311240354606,-1.5775189437326078,0.0028571428571428,-0.9659258262890684,0.2588190451025203,0.8660254037844387,-0.4999999999999998,55.91,229.5,0.1103,0.0236,0.32598480720496925
2026-04-13 14:30:00+00:00,30.4125,207.5,64.0,30.9,18,1001.0,0.0,11.55595358496311,1.830283240970703,0.0074074074074074,-0.8660254037844386,0.5000000000000001,0.8660254037844387,-0.4999999999999998,55.91,229.5,0.1103,0.0236,1.8965282289458103
2026-04-13 15:30:00+00:00,31.1425,209.65,40.7,29.5,21,1001.6,0.0,12.60533612584479,1.547740661245369,0.0083333333333333,-0.7071067811865477,0.7071067811865474,0.8660254037844387,-0.4999999999999998,55.91,229.5,0.1103,0.0236,4.667399364596123
2026-04-13 16:30:00+00:00,31.0625,195.275,136.775,28.2,24,1002.0,0.0,9.170322345192256,-7.425980614388083,0.008695652173913,-0.5000000000000004,0.8660254037844384,0.8660254037844387,-0.4999999999999998,55.91,229.5,0.1103,0.0236,4.227373569803285
2026-04-13 17:30:00+00:00,29.10333333333333,205.7,73.1,25.7,33,1001.9,0.0,3.2360929164157657,-1.7937955949114452,0.0285714285714285,-0.2588190451025215,0.965925826289068,0.8660254037844387,-0.4999999999999998,55.91,229.5,0.1103,0.0236,2.8141462412083165
2026-04-13 18:30:00+00:00,33.51,221.9,47.5,25.3,37,1001.3,0.0,0.3631923997916376,-0.7128052193506943,0.0666666666666666,0.0,1.0,0.8660254037844387,-0.4999999999999998,55.91,229.5,0.1103,0.0236,0.17217174634210686
2026-04-13 19:30:00+00:00,31.385,259.4,49.95,24.3,49,1001.0,0.0,-0.565685424949238,-0.5656854249492381,0.0666666666666666,0.2588190451025207,0.9659258262890684,0.8660254037844387,-0.4999999999999998,55.91,229.5,0.1103,0.0236,1.062274634825463
2026-04-13 20:30:00+00:00,31.33,229.9,151.45000000000002,23.5,39,1000.5,0.0,2.3564002462952893,1.09880748052582,0.05,0.4999999999999999,0.8660254037844387,0.8660254037844387,-0.4999999999999998,55.91,229.5,0.1103,0.0236,7.1671224679884435
2026-04-13 21:30:00+00:00,30.9425,130.0,52.95,22.7,42,1000.4,0.0,2.6572186321765474,1.5966180322211687,0.05,0.7071067811865475,0.7071067811865476,0.8660254037844387,-0.4999999999999998,55.91,229.5,0.1103,0.0236,4.454332000763786
2026-04-13 22:30:00+00:00,33.18666666666667,156.9333333333333,34.63333333333333,22.1,45,1000.5,0.0,2.875440057390793,2.328485446884397,0.05,0.8660254037844386,0.5000000000000001,0.8660254037844387,-0.4999999999999998,55.91,229.5,0.1103,0.0236,0.2000141850885645
2026-04-13 23:30:00+00:00,29.6825,183.475,29.325,22.1,51,1001.2,0.0,2.3704520174283306,-0.3754427160965536,0.0333333333333333,0.9659258262890684,0.2588190451025207,0.8660254037844387,-0.4999999999999998,55.91,229.5,0.1103,0.0236,1.211373757238308
2026-04-14 00:30:00+00:00,29.775,210.65,93.9,23.4,46,1002.0,0.0,3.0943092789133635,2.6898420188610808,0.0285714285714285,1.0,6.123233995736766e-17,0.8660254037844387,-0.4999999999999998,55.91,229.5,0.1103,0.0236,3.8398456385392645
2026-04-14 01:30:00+00:00,32.5925,162.975,57.15,25.9,40,1002.9,0.0,2.494818267727429,1.2711733992707317,0.009090909090909,0.9659258262890684,-0.2588190451025206,0.8660254037844387,-0.4999999999999998,55.91,229.5,0.1103,0.0236,2.6846121604571427
2026-04-14 02:30:00+00:00,27.383333333333336,143.2,39.0,29.3,31,1003.5,0.0,1.0777488443215548,-0.7269507745119701,0.0052631578947368,0.8660254037844387,-0.4999999999999998,0.8660254037844387,-0.4999999999999998,55.91,229.5,0.1103,0.0236,2.807525542596934
2026-04-14 03:30:00+00:00,29.7875,127.525,21.325,32.4,24,1003.5,0.0,0.7269507745119708,1.0777488443215544,0.0025974025974025,0.7071067811865476,-0.7071067811865475,0.8660254037844387,-0.4999999999999998,55.91,229.5,0.1103,0.0236,2.3549462058595756
2026-04-14 04:30:00+00:00,31.49,119.8,34.8375,35.1,18,1003.0,0.0,3.616017032810471,1.460965714322058,0.0004796163069544,0.4999999999999999,-0.8660254037844387,0.8660254037844387,-0.4999999999999998,55.91,229.5,0.1103,0.0236,4.789679462206956
2026-04-14 05:30:00+00:00,27.9425,112.075,48.35,36.2,14,1002.5,0.0,11.487109597402217,-1.6144079711367594,0.0004319654427645,0.258819045102521,-0.9659258262890682,0.8660254037844387,-0.4999999999999998,55.91,229.5,0.1103,0.0236,4.019659912756074
2026-04-14 06:30:00+00:00,31.23,102.175,48.975,37.0,13,1001.5,0.0,12.569373835729534,-2.9018686010358574,0.0004228329809725,1.2246467991473532e-16,-1.0,0.8660254037844387,-0.4999999999999998,55.91,229.5,0.1103,0.0236,0.16380401236818276
2026-04-14 07:30:00+00:00,30.75,109.15,52.15,37.4,13,1000.3,0.0,12.78478055597964,-3.665976832366092,0.0004065040650406,-0.2588190451025208,-0.9659258262890684,0.8660254037844387,-0.4999999999999998,55.91,229.5,0.1103,0.0236,1.580395746529043
2026-04-14 08:30:00+00:00,20.9775,89.025,74.9,37.3,13,999.3,0.0,14.810424984735574,-3.419256026026747,0.000390625,-0.4999999999999998,-0.8660254037844388,0.8660254037844387,-0.4999999999999998,55.91,229.5,0.1103,0.0236,2.7232898258032803
2026-04-14 09:30:00+00:00,29.0425,104.7,56.650000000000006,36.9,14,998.6,0.0,14.61947186191362,-1.5365684100344987,0.0003875968992248,-0.7071067811865471,-0.7071067811865479,0.8660254037844387,-0.4999999999999998,55.91,229.5,0.1103,0.0236,2.83646482318756
2026-04-14 10:30:00+00:00,31.9,107.55,50.125,36.7,12,998.0,0.0,12.630428071177072,-1.3275114834991928,0.0003738317757009,-0.8660254037844384,-0.5000000000000004,0.8660254037844387,-0.4999999999999998,55.91,229.5,0.1103,0.0236,4.079108503733851
2026-04-14 11:30:00+00:00,,,,35.4,13,997.8,0.0,11.87609094935381,-5.287576359985407,0.0011976047904191,-0.9659258262890684,-0.2588190451025206,0.8660254037844387,-0.4999999999999998,55.91,229.5,0.1103,0.0236,
2026-04-14 12:30:00+00:00,,,,33.4,16,998.3,0.0,9.900995468164684,-2.839064764915094,0.0036363636363636,-1.0,-1.8369701987210292e-16,0.8660254037844387,-0.4999999999999998,55.91,229.5,0.1103,0.0236,
2026-04-14 13:30:00+00:00,,,,31.4,19,998.9,0.0,0.5288577836482503,-3.763018661217967,0.0181818181818181,-0.9659258262890684,0.2588190451025203,0.8660254037844387,-0.4999999999999998,55.91,229.5,0.1103,0.0236,
2026-04-14 14:30:00+00:00,,,,29.8,28,999.4,0.0,-4.667902132486009,-1.791839747726502,0.025,-0.8660254037844386,0.5000000000000001,0.8660254037844387,-0.4999999999999998,55.91,229.5,0.1103,0.0236,
2026-04-14 15:30:00+00:00,31.3275,355.725,72.125,28.7,35,1000.0,0.0,-6.674504477214695,-0.5839434764093095,0.02,-0.7071067811865477,0.7071067811865474,0.8660254037844387,-0.4999999999999998,55.91,229.5,0.1103,0.0236,1.8615953542950199
2026-04-14 16:30:00+00:00,30.8,355.95,168.275,26.8,42,1000.2,0.0,-5.572523087054835,2.7179011100922805,0.0142857142857142,-0.5000000000000004,0.8660254037844384,0.8660254037844387,-0.4999999999999998,55.91,229.5,0.1103,0.0236,46.659419320756065
2026-04-14 17:30:00+00:00,29.12,460.8,103.40000000000002,26.0,46,999.8,0.0,-3.443495612149816,1.830939094864973,0.0222222222222222,-0.2588190451025215,0.965925826289068,0.8660254037844387,-0.4999999999999998,55.91,229.5,0.1103,0.0236,2.619968407898856
2026-04-14 18:30:00+00:00,31.88,324.5,66.7,25.9,45,998.9,0.0,-3.774069899155005,1.6019976268060216,0.0333333333333333,0.0,1.0,0.8660254037844387,-0.4999999999999998,55.91,229.5,0.1103,0.0236,0.052289395149491824
2026-04-14 19:30:00+00:00,30.05,253.35,29.9,25.9,44,998.1,0.0,-2.847010109960933,7.046597294707583,0.025,0.2588190451025207,0.9659258262890684,0.8660254037844387,-0.4999999999999998,55.91,229.5,0.1103,0.0236,3.07652575168782
2026-04-14 20:30:00+00:00,28.945,239.8,138.05,25.0,40,997.4,0.0,0.6138569689482986,8.778563642286455,0.02,0.4999999999999999,0.8660254037844387,0.8660254037844387,-0.4999999999999998,55.91,229.5,0.1103,0.0236,4.099314387659735
2026-04-14 21:30:00+00:00,29.49,297.76666666666665,73.56666666666666,24.1,39,997.1,0.0,3.020539806129267,4.8338741480916285,0.025,0.7071067811865475,0.7071067811865476,0.8660254037844387,-0.4999999999999998,55.91,229.5,0.1103,0.0236,0.4263236355842642
2026-04-14 22:30:00+00:00,30.40333333333333,267.4666666666667,45.5,23.4,41,997.2,0.0,4.149853686436957,2.2065163450936867,0.025,0.8660254037844386,0.5000000000000001,0.8660254037844387,-0.4999999999999998,55.91,229.5,0.1103,0.0236,0.07074601939992875
2026-04-14 23:30:00+00:00,29.3775,179.925,18.65,23.4,49,997.7,0.0,-0.726950774511971,-1.0777488443215544,0.04,0.9659258262890684,0.2588190451025207,0.8660254037844387,-0.4999999999999998,55.91,229.5,0.1103,0.0236,1.3380454378222102
2026-04-15 00:30:00+00:00,28.505,206.75,83.5,24.5,51,998.5,0.0,-2.294397315597596,0.1604398896114882,0.0285714285714285,1.0,6.123233995736766e-17,0.8660254037844387,-0.4999999999999998,55.91,229.5,0.1103,0.0236,1.3946520647499723
2026-04-15 01:30:00+00:00,31.445,301.15,71.2,26.8,41,999.6,0.0,-0.1828040151077213,1.488819227461983,0.0083333333333333,0.9659258262890684,-0.2588190451025206,0.8660254037844387,-0.4999999999999998,55.91,229.5,0.1103,0.0236,3.304990596672452
2026-04-15 02:30:00+00:00,30.7575,245.35,46.95,29.8,32,1000.2,0.0,0.9271838545667872,0.3746065934159123,0.0043478260869565,0.8660254037844387,-0.4999999999999998,0.8660254037844387,-0.4999999999999998,55.91,229.5,0.1103,0.0236,0.3470429754616483
2026-04-15 03:30:00+00:00,30.65,257.275,29.975,32.7,25,1000.4,0.0,1.5912350325892377,0.1672455412282454,0.0024390243902439,0.7071067811865476,-0.7071067811865475,0.8660254037844387,-0.4999999999999998,55.91,229.5,0.1103,0.0236,2.7205173181419218
2026-04-15 04:30:00+00:00,30.6,203.25,133.775,35.2,21,1000.1,0.0,2.294397315597596,-0.160439889611488,0.0015151515151515,0.4999999999999999,-0.8660254037844387,0.8660254037844387,-0.4999999999999998,55.91,229.5,0.1103,0.0236,3.148693070036967
2026-04-15 05:30:00+00:00,28.8425,95.25,48.9,35.9,21,999.7,0.0,1.050657780874822,-3.233592155403522,0.0007168458781362,0.258819045102521,-0.9659258262890682,0.8660254037844387,-0.4999999999999998,55.91,229.5,0.1103,0.0236,1.7991266857533272
2026-04-15 06:30:00+00:00,28.1525,121.425,32.375,37.8,17,999.0,0.0,4.329989591337348,-4.981083229470294,0.0004854368932038,1.2246467991473532e-16,-1.0,0.8660254037844387,-0.4999999999999998,55.91,229.5,0.1103,0.0236,3.211500659160282
2026-04-15 07:30:00+00:00,28.4825,114.7,47.125,38.7,14,997.9,0.0,8.833459118601272,-5.1000000000000005,0.0004273504273504,-0.2588190451025208,-0.9659258262890684,0.8660254037844387,-0.4999999999999998,55.91,229.5,0.1103,0.0236,0.025259424916327933
2026-04-15 08:30:00+00:00,30.2175,101.2,48.16111111111111,38.8,14,997.0,0.0,13.675158010271408,-4.180915377535135,0.0004264392324093,-0.4999999999999998,-0.8660254037844388,0.8660254037844387,-0.4999999999999998,55.91,229.5,0.1103,0.0236,0.17879496208926204
2026-04-15 09:30:00+00:00,29.7475,87.7,49.197222222222216,38.1,16,996.3,0.0,14.844641636909277,-5.111420024977354,0.0004750593824228,-0.7071067811865471,-0.7071067811865479,0.8660254037844387,-0.4999999999999998,55.91,229.5,0.1103,0.0236,2.0711018891638604
2026-04-15 10:30:00+00:00,29.46666666666667,74.2,50.23333333333333,37.5,17,996.3,0.0,12.597678239809431,-5.874393838195725,0.0004640371229698,-0.8660254037844384,-0.5000000000000004,0.8660254037844387,-0.4999999999999998,55.91,229.5,0.1103,0.0236,0.3120989706960986
2026-04-15 11:30:00+00:00,30.7675,80.77499999999999,46.325,36.9,17,995.9,0.0,-0.543548008991798,-5.1715138559150216,0.0027397260273972,-0.9659258262890684,-0.2588190451025206,0.8660254037844387,-0.4999999999999998,55.91,229.5,0.1103,0.0236,4.662584324673868
2026-04-15 12:30:00+00:00,28.965,122.2,82.575,34.1,25,996.4,0.0,-7.710049424761888,-5.200494002277946,0.0117647058823529,-1.0,-1.8369701987210292e-16,0.8660254037844387,-0.4999999999999998,55.91,229.5,0.1103,0.0236,2.391730996513089
2026-04-15 13:30:00+00:00,30.7225,115.975,66.375,31.1,44,997.3,0.0,-14.094155353306771,-1.7305446763530945,0.0038461538461538,-0.9659258262890684,0.2588190451025203,0.8660254037844387,-0.4999999999999998,55.91,229.5,0.1103,0.0236,4.431110237531064
2026-04-15 14:30:00+00:00,31.26,121.73333333333332,52.06666666666666,30.0,48,998.1,0.0,-13.281772812235833,-0.6960682180311548,0.0046511627906976,-0.8660254037844386,0.5000000000000001,0.8660254037844387,-0.4999999999999998,55.91,229.5,0.1103,0.0236,2.164800835398348
2026-04-15 15:30:00+00:00,32.11,118.825,31.475,29.0,51,998.5,0.0,-12.277062816293965,-2.8343832847326977,0.0046511627906976,-0.7071067811865477,0.7071067811865474,0.8660254037844387,-0.4999999999999998,55.91,229.5,0.1103,0.0236,3.3372615848018294
2026-04-15 16:30:00+00:00,29.8775,113.15,66.17500000000001,28.5,51,998.7,0.0,-10.05471104240922,-3.659615533584656,0.0055555555555555,-0.5000000000000004,0.8660254037844384,0.8660254037844387,-0.4999999999999998,55.91,229.5,0.1103,0.0236,3.528034316377076
2026-04-15 17:30:00+00:00,31.126666666666665,111.0,39.2,28.0,56,998.6,0.0,-13.127689018861206,-1.3797757151330257,0.0035714285714285,-0.2588190451025215,0.965925826289068,0.8660254037844387,-0.4999999999999998,55.91,229.5,0.1103,0.0236,0.9914460340846326
2026-04-15 18:30:00+00:00,28.72,115.3,33.1,27.2,62,998.7,0.0,-13.885789317472131,2.448439305103717,0.0031746031746031,0.0,1.0,0.8660254037844387,-0.4999999999999998,55.91,229.5,0.1103,0.0236,1.2670011778666885
2026-04-15 19:30:00+00:00,29.496666666666663,112.0,27.600000000000005,26.5,71,998.6,0.0,-14.025174436450952,2.2213694035712805,0.0029411764705882,0.2588190451025207,0.9659258262890684,0.8660254037844387,-0.4999999999999998,55.91,229.5,0.1103,0.0236,0.6263666315201277
2026-04-15 20:30:00+00:00,30.65333333333333,99.8,22.75,26.0,78,998.3,0.0,-13.300118431993717,1.6330492016289748,0.0036363636363636,0.4999999999999999,0.8660254037844387,0.8660254037844387,-0.4999999999999998,55.91,229.5,0.1103,0.0236,1.1653511928200482
2026-04-15 21:30:00+00:00,31.81,87.6,17.9,25.5,82,998.3,0.0,-13.181909858760374,0.6908346224068558,0.0036363636363636,0.7071067811865475,0.7071067811865476,0.8660254037844387,-0.4999999999999998,55.91,229.5,0.1103,0.0236,2.6904001885091393
2026-04-15 22:30:00+00:00,30.07,79.4,18.3,25.0,84,998.7,0.0,-13.54824789404774,1.185318101368152,0.0033333333333333,0.8660254037844386,0.5000000000000001,0.8660254037844387,-0.4999999999999998,55.91,229.5,0.1103,0.0236,4.527783666253768
2026-04-15 23:30:00+00:00,31.625,74.65,12.525,24.9,89,999.1,0.0,-14.197837271220756,-0.2478241714094239,0.0032258064516129,0.9659258262890684,0.2588190451025207,0.8660254037844387,-0.4999999999999998,55.91,229.5,0.1103,0.0236,1.747604913167697
2026-04-16 00:30:00+00:00,27.5275,72.7,17.625,25.6,83,1000.3,0.0,-12.998020037033086,-0.2268812836846838,0.0028169014084507,1.0,6.123233995736766e-17,0.8660254037844387,-0.4999999999999998,55.91,229.5,0.1103,0.0236,3.952423942994634
2026-04-16 01:30:00+00:00,30.0275,79.75,20.425,26.7,76,1001.1,0.0,-14.09141066096925,-0.4920829035052652,0.0025974025974025,0.9659258262890684,-0.2588190451025206,0.8660254037844387,-0.4999999999999998,55.91,229.5,0.1103,0.0236,3.121341585108359
2026-04-16 02:30:00+00:00,30.8175,79.4,24.25,27.9,69,1001.8,0.0,-13.34900895442939,-1.167886952818619,0.0021978021978021,0.8660254037844387,-0.4999999999999998,0.8660254037844387,-0.4999999999999998,55.91,229.5,0.1103,0.0236,3.9840406475778467
2026-04-16 03:30:00+00:00,31.975,94.425,31.55,29.6,63,1002.1,0.0,-14.36492232374147,-1.0044932219154066,0.0019230769230769,0.7071067811865476,-0.7071067811865475,0.8660254037844387,-0.4999999999999998,55.91,229.5,0.1103,0.0236,3.8808593493813475
2026-04-16 04:30:00+00:00,30.40333333333333,94.59999999999998,49.6,32.1,55,1002.2,0.0,-14.197837271220756,-0.2478241714094239,0.0015748031496062,0.4999999999999999,-0.8660254037844387,0.8660254037844387,-0.4999999999999998,55.91,229.5,0.1103,0.0236,0.36410503584833553
2026-04-16 05:30:00+00:00,30.846666666666668,96.03333333333336,56.0,32.3,55,1002.1,0.0,-11.17271736291003,-0.781272505934205,0.0011627906976744,0.258819045102521,-0.9659258262890682,0.8660254037844387,-0.4999999999999998,55.91,229.5,0.1103,0.0236,2.776573705376407
2026-04-16 06:30:00+00:00,28.935,90.775,48.650000000000006,34.0,49,1001.2,0.0,-10.093247807352348,-2.8941922360784917,0.0009950248756218,1.2246467991473532e-16,-1.0,0.8660254037844387,-0.4999999999999998,55.91,229.5,0.1103,0.0236,0.5736044000787494
2026-04-16 07:30:00+00:00,21.87333333333333,63.6,28.666666666666668,34.7,46,1000.4,0.0,-9.490895469937673,-3.454403447589255,0.0008733624454148,-0.2588190451025208,-0.9659258262890684,0.8660254037844387,-0.4999999999999998,55.91,229.5,0.1103,0.0236,3.5672467673551345
2026-04-16 08:30:00+00:00,,,,35.1,44,999.2,0.0,-8.961750552411093,-1.5801984167690668,0.000790513833992,-0.4999999999999998,-0.8660254037844388,0.8660254037844387,-0.4999999999999998,55.91,229.5,0.1103,0.0236,
2026-04-16 09:30:00+00:00,,,,35.0,39,998.9,0.7,2.179154398749825,-4.276831316104166,0.0005882352941176,-0.7071067811865471,-0.7071067811865479,0.8660254037844387,-0.4999999999999998,55.91,229.5,0.1103,0.0236,
2026-04-16 10:30:00+00:00,,,,33.8,42,998.2,0.1,-4.633975678270772,-6.149493427364155,0.0009523809523809,-0.8660254037844384,-0.5000000000000004,0.8660254037844387,-0.4999999999999998,55.91,229.5,0.1103,0.0236,
2026-04-16 11:30:00+00:00,,,,32.8,45,998.8,0.0,-4.694715627858908,-8.82947592858927,0.0020833333333333,-0.9659258262890684,-0.2588190451025206,0.8660254037844387,-0.4999999999999998,55.91,229.5,0.1103,0.0236,
2026-04-16 12:30:00+00:00,,,,31.3,52,999.1,0.0,-7.372368398600926,-5.162187927159414,0.0044444444444444,-1.0,-1.8369701987210292e-16,0.8660254037844387,-0.4999999999999998,55.91,229.5,0.1103,0.0236,
2026-04-16 13:30:00+00:00,,,,30.1,59,1000.0,0.0,-12.180297245521317,-1.711829141808808,0.0035087719298245,-0.9659258262890684,0.2588190451025203,0.8660254037844387,-0.4999999999999998,55.91,229.5,0.1103,0.0236,
2026-04-16 14:30:00+00:00,,,,29.3,65,1001.0,0.0,-13.181909858760374,-0.6908346224068603,0.003030303030303,-0.8660254037844386,0.5000000000000001,0.8660254037844387,-0.4999999999999998,55.91,229.5,0.1103,0.0236,
2026-04-16 15:30:00+00:00,,,,28.6,69,1001.8,0.0,-14.061806576130298,1.976258033632928,0.0028571428571428,-0.7071067811865477,0.7071067811865474,0.8660254037844387,-0.4999999999999998,55.91,229.5,0.1103,0.0236,
2026-04-16 16:30:00+00:00,31.245,96.35,23.9,27.8,73,1002.4,0.0,-14.166317603629548,3.532059675755149,0.0028169014084507,-0.5000000000000004,0.8660254037844384,0.8660254037844387,-0.4999999999999998,55.91,229.5,0.1103,0.0236,4.517976827689555
2026-04-16 17:30:00+00:00,30.063333333333333,94.09999999999998,23.100000000000005,27.2,79,1002.4,0.0,-12.363734711836996,4.017220926874315,0.0027777777777777,-0.2588190451025215,0.965925826289068,0.8660254037844387,-0.4999999999999998,55.91,229.5,0.1103,0.0236,0.3304329439738851
2026-04-16 18:30:00+00:00,32.23,90.2,19.9,26.7,82,1002.1,0.0,-12.02806554605963,4.37785783456856,0.0028985507246376,0.0,1.0,0.8660254037844387,-0.4999999999999998,55.91,229.5,0.1103,0.0236,2.2732043340970014
2026-04-16 19:30:00+00:00,30.32,87.475,16.6,26.2,85,1001.5,0.0,-10.746938634135237,3.491892036436905,0.0033333333333333,0.2588190451025207,0.9659258262890684,0.8660254037844387,-0.4999999999999998,55.91,229.5,0.1103,0.0236,0.27403253512948755
2026-04-16 20:30:00+00:00,30.972500000000004,82.85000000000001,15.775,25.7,87,1001.4,0.0,-9.683661247264675,2.058325739095815,0.0031746031746031,0.4999999999999999,0.8660254037844387,0.8660254037844387,-0.4999999999999998,55.91,229.5,0.1103,0.0236,3.5857608228242714
2026-04-16 21:30:00+00:00,29.4075,85.95,15.3,25.1,90,1001.3,0.0,-8.666893873398186,-0.7582549619046257,0.0036363636363636,0.7071067811865475,0.7071067811865476,0.8660254037844387,-0.4999999999999998,55.91,229.5,0.1103,0.0236,2.0392166597374226
2026-04-16 22:30:00+00:00,30.570000000000004,77.96666666666667,15.566666666666668,24.6,93,1001.6,0.0,-8.939733772226367,-2.5634274090980926,0.0036363636363636,0.8660254037844386,0.5000000000000001,0.8660254037844387,-0.4999999999999998,55.91,229.5,0.1103,0.0236,0.543471224522975
2026-04-16 23:30:00+00:00,28.67,79.2,13.300000000000002,24.3,94,1001.9,0.0,-9.329933825428428,-1.1455718280083864,0.0040816326530612,0.9659258262890684,0.2588190451025207,0.8660254037844387,-0.4999999999999998,55.91,229.5,0.1103,0.0236,4.894458515879315
2026-04-17 00:30:00+00:00,32.1725,78.0,12.3,25.5,89,1002.7,0.0,-11.21577151354694,1.3771235804781654,0.0035714285714285,1.0,6.123233995736766e-17,0.8660254037844387,-0.4999999999999998,55.91,229.5,0.1103,0.0236,0.8227072142459668
2026-04-17 01:30:00+00:00,29.42,78.025,13.725,27.0,80,1003.6,0.0,-10.442479901366871,1.09754886431036,0.0028985507246376,0.9659258262890684,-0.2588190451025206,0.8660254037844387,-0.4999999999999998,55.91,229.5,0.1103,0.0236,1.3030522223896968
2026-04-17 02:30:00+00:00,29.91,80.45,14.925,29.1,71,1003.9,0.0,-9.676371287520292,0.6766377953180156,0.0021739130434782,0.8660254037844387,-0.4999999999999998,0.8660254037844387,-0.4999999999999998,55.91,229.5,0.1103,0.0236,0.18105698755741528
2026-04-17 03:30:00+00:00,26.930000000000003,84.8,18.6,31.3,62,1004.3,0.0,-9.586843533643908,-0.5024251799322621,0.0016528925619834,0.7071067811865476,-0.7071067811865475,0.8660254037844387,-0.4999999999999998,55.91,229.5,0.1103,0.0236,4.112173252239284
2026-04-17 04:30:00+00:00,32.833333333333336,92.56666666666668,27.166666666666668,33.2,55,1004.3,0.0,-8.829691109111568,-2.201489249956978,0.0011695906432748,0.4999999999999999,-0.8660254037844387,0.8660254037844387,-0.4999999999999998,55.91,229.5,0.1103,0.0236,0.35218651415883095
2026-04-17 05:30:00+00:00,28.916666666666668,93.45,40.93333333333333,33.8,50,1003.6,0.0,-8.41511532283392,-2.897556574668695,0.0008849557522123,0.258819045102521,-0.9659258262890682,0.8660254037844387,-0.4999999999999998,55.91,229.5,0.1103,0.0236,3.742157505286779
2026-04-17 06:30:00+00:00,28.475,92.9,42.75,35.4,41,1002.8,0.0,-7.046597294707584,-2.84701010996093,0.0007220216606498,1.2246467991473532e-16,-1.0,0.8660254037844387,-0.4999999999999998,55.91,229.5,0.1103,0.0236,2.2341731384605996
2026-04-17 07:30:00+00:00,30.4925,95.725,37.8,36.3,36,1001.7,0.0,-4.6757087022012325,-4.515279407983483,0.0005263157894736,-0.2588190451025208,-0.9659258262890684,0.8660254037844387,-0.4999999999999998,55.91,229.5,0.1103,0.0236,4.860746444440307
2026-04-17 08:30:00+00:00,29.290000000000003,93.3,82.7,36.5,32,1000.6,0.0,-3.05156515810829,-5.739159353583025,0.0004914004914004,-0.4999999999999998,-0.8660254037844388,0.8660254037844387,-0.4999999999999998,55.91,229.5,0.1103,0.0236,3.3049478401818093
2026-04-17 09:30:00+00:00,31.363333333333333,93.90000000000002,73.5,36.5,31,999.5,0.0,-0.1884572821935052,-5.3967104659031175,0.0004889975550122,-0.7071067811865471,-0.7071067811865479,0.8660254037844387,-0.4999999999999998,55.91,229.5,0.1103,0.0236,1.493282122814807
2026-04-17 10:30:00+00:00,31.54722222222222,100.16666666666669,67.11666666666667,36.3,30,999.0,0.0,1.7640790772287986,-6.15207485400524,0.0005420054200542,-0.8660254037844384,-0.5000000000000004,0.8660254037844387,-0.4999999999999998,55.91,229.5,0.1103,0.0236,0.6663759792053597
2026-04-17 11:30:00+00:00,31.73111111111111,106.43333333333334,60.73333333333333,35.7,30,998.8,0.0,-0.522934456485949,-5.977168188550474,0.0028169014084507,-0.9659258262890684,-0.2588190451025206,0.8660254037844387,-0.4999999999999998,55.91,229.5,0.1103,0.0236,1.7448043454794637
2026-04-17 12:30:00+00:00,31.915,112.7,54.35,33.3,43,999.1,0.0,-8.78174936446377,-7.111320418863164,0.0058823529411764,-1.0,-1.8369701987210292e-16,0.8660254037844387,-0.4999999999999998,55.91,229.5,0.1103,0.0236,3.989344224342037
2026-04-17 13:30:00+00:00,30.152500000000003,108.225,39.825,32.4,44,999.8,0.0,-7.794228634059947,-4.500000000000001,0.008695652173913,-0.9659258262890684,0.2588190451025203,0.8660254037844387,-0.4999999999999998,55.91,229.5,0.1103,0.0236,3.4592782182150876
2026-04-17 14:30:00+00:00,30.2675,108.875,29.975,31.5,48,1000.6,0.0,-8.987963899415753,-1.4235536318661013,0.009090909090909,-0.8660254037844386,0.5000000000000001,0.8660254037844387,-0.4999999999999998,55.91,229.5,0.1103,0.0236,2.820804011068623
2026-04-17 15:30:00+00:00,28.6425,109.225,27.025,30.2,57,1001.0,0.0,-10.27490971767619,-0.7184916795644922,0.0071428571428571,-0.7071067811865477,0.7071067811865474,0.8660254037844387,-0.4999999999999998,55.91,229.5,0.1103,0.0236,2.9161342787730877
2026-04-17 16:30:00+00:00,30.9975,106.875,29.975,29.3,61,1001.0,0.0,-10.991975563031431,1.5448214206567257,0.006060606060606,-0.5000000000000004,0.8660254037844384,0.8660254037844387,-0.4999999999999998,55.91,229.5,0.1103,0.0236,0.5328917794112026
2026-04-17 17:30:00+00:00,28.86,105.2,27.5,29.0,64,1000.9,0.0,-10.46162167924669,3.3991869381244206,0.006060606060606,-0.2588190451025215,0.965925826289068,0.8660254037844387,-0.4999999999999998,55.91,229.5,0.1103,0.0236,2.179421363968281
2026-04-17 18:30:00+00:00,29.735,102.15,26.1,28.5,68,1000.6,0.0,-9.68358185101157,4.311408416603481,0.0046511627906976,0.0,1.0,0.8660254037844387,-0.4999999999999998,55.91,229.5,0.1103,0.0236,0.07261042489587088
2026-04-17 19:30:00+00:00,30.61,99.1,24.7,28.0,71,1000.3,0.0,-8.989264706052534,2.748294024393725,0.0047619047619047,0.2588190451025207,0.9659258262890684,0.8660254037844387,-0.4999999999999998,55.91,229.5,0.1103,0.0236,3.575577688282519
2026-04-17 20:30:00+00:00,29.69,95.7,22.475,27.6,73,1000.1,0.0,-9.548826634895306,2.2045203325698752,0.0044444444444444,0.4999999999999999,0.8660254037844387,0.8660254037844387,-0.4999999999999998,55.91,229.5,0.1103,0.0236,4.774549271474954
2026-04-17 21:30:00+00:00,28.56,91.6,21.775,27.1,75,999.8,0.0,-8.113776940828174,2.174079978861175,0.0052631578947368,0.7071067811865475,0.7071067811865476,0.8660254037844387,-0.4999999999999998,55.91,229.5,0.1103,0.0236,3.8021685389045357
2026-04-17 22:30:00+00:00,29.1675,88.2,20.35,26.7,76,999.9,0.0,-7.571079705497266,0.6623836448822026,0.0068965517241379,0.8660254037844386,0.5000000000000001,0.8660254037844387,-0.4999999999999998,55.91,229.5,0.1103,0.0236,0.7790266564917503
2026-04-17 23:30:00+00:00,32.1575,87.77499999999999,15.6,26.4,82,1000.1,0.0,-7.180188374442374,-1.7902220274375424,0.01,0.9659258262890684,0.2588190451025207,0.8660254037844387,-0.4999999999999998,55.91,229.5,0.1103,0.0236,3.178707994864048
2026-04-18 00:30:00+00:00,31.22,85.625,16.85,27.2,77,1000.7,0.0,-6.981024718530159,-2.1343134444759784,0.006060606060606,1.0,6.123233995736766e-17,0.8660254037844387,-0.4999999999999998,55.91,229.5,0.1103,0.0236,2.057577287873496
2026-04-18 01:30:00+00:00,30.765,89.875,22.225,28.9,69,1001.2,0.0,-7.598842483188573,-0.1326382889233536,0.0038461538461538,0.9659258262890684,-0.2588190451025206,0.8660254037844387,-0.4999999999999998,55.91,229.5,0.1103,0.0236,1.2047540747463192
2026-04-18 02:30:00+00:00,31.813333333333333,91.0,24.100000000000005,31.2,61,1001.7,0.0,-5.553909369275841,1.2822210097600295,0.0025974025974025,0.8660254037844387,-0.4999999999999998,0.8660254037844387,-0.4999999999999998,55.91,229.5,0.1103,0.0236,2.891781933730815
2026-04-18 03:30:00+00:00,28.3825,95.45,25.1,33.7,52,1001.6,0.0,-4.366330768241984,1.088648530198505,0.0016949152542372,0.7071067811865476,-0.7071067811865475,0.8660254037844387,-0.4999999999999998,55.91,229.5,0.1103,0.0236,1.357629661896086
2026-04-18 04:30:00+00:00,31.6175,93.55,37.275000000000006,36.1,39,1001.2,0.0,-1.7669289302057951,0.3434561916777806,0.0007194244604316,0.4999999999999999,-0.8660254037844387,0.8660254037844387,-0.4999999999999998,55.91,229.5,0.1103,0.0236,1.7583103963592928
2026-04-18 05:30:00+00:00,28.356666666666666,94.0,47.0,36.6,37,1001.1,0.0,-0.7016920913345682,-2.295131414311285,0.0005617977528089,0.258819045102521,-0.9659258262890682,0.8660254037844387,-0.4999999999999998,55.91,229.5,0.1103,0.0236,3.4159870888099357
2026-04-18 06:30:00+00:00,30.71,90.6,44.1,38.7,30,1000.0,0.0,1.9975581988540068,-3.920428706428819,0.0004750593824228,1.2246467991473532e-16,-1.0,0.8660254037844387,-0.4999999999999998,55.91,229.5,0.1103,0.0236,0.7363217580155407
2026-04-18 07:30:00+00:00,30.165,92.275,38.475,39.4,26,998.8,0.0,6.880877172027532,-4.818042065348787,0.0004329004329004,-0.2588190451025208,-0.9659258262890684,0.8660254037844387,-0.4999999999999998,55.91,229.5,0.1103,0.0236,4.319025815608762
2026-04-18 08:30:00+00:00,28.98,94.725,96.075,39.5,23,997.9,0.0,15.12905119465313,-5.506524307543258,0.0004166666666666,-0.4999999999999998,-0.8660254037844388,0.8660254037844387,-0.4999999999999998,55.91,229.5,0.1103,0.0236,0.02807042405433613
2026-04-18 09:30:00+00:00,29.5375,96.525,57.2,38.7,26,997.4,0.0,14.03886672645694,-7.464597848295658,0.00040733197556,-0.7071067811865471,-0.7071067811865479,0.8660254037844387,-0.4999999999999998,55.91,229.5,0.1103,0.0236,2.5159357742103694
2026-04-18 10:30:00+00:00,29.52875,99.3375,50.25,38.0,27,997.2,0.0,11.720479979720366,-9.834650428204052,0.0003976143141153,-0.8660254037844384,-0.5000000000000004,0.8660254037844387,-0.4999999999999998,55.91,229.5,0.1103,0.0236,3.8429544931984405
2026-04-18 11:30:00+00:00,29.52,102.15,43.3,38.5,20,996.5,0.0,12.20536545990598,-8.546288901630586,0.000327868852459,-0.9659258262890684,-0.2588190451025206,0.8660254037844387,-0.4999999999999998,55.91,229.5,0.1103,0.0236,0.5359971494103122
2026-04-18 12:30:00+00:00,31.4775,129.6,94.3,35.7,25,997.0,0.0,-1.2045453808097777,-7.605200222582561,0.0068965517241379,-1.0,-1.8369701987210292e-16,0.8660254037844387,-0.4999999999999998,55.91,229.5,0.1103,0.0236,1.489186775593424
2026-04-18 13:30:00+00:00,28.775,337.0,95.1,33.1,44,997.4,0.0,-9.683581851011567,-4.311408416603482,0.005,-0.9659258262890684,0.2588190451025203,0.8660254037844387,-0.4999999999999998,55.91,229.5,0.1103,0.0236,1.1003315522186086
2026-04-18 14:30:00+00:00,28.6125,285.8,76.75,32.0,51,998.1,0.0,-10.06156645072663,0.8802730017513481,0.006060606060606,-0.8660254037844386,0.5000000000000001,0.8660254037844387,-0.4999999999999998,55.91,229.5,0.1103,0.0236,2.4713200048898827
2026-04-18 15:30:00+00:00,28.45,234.6,58.4,30.4,59,999.2,0.0,-11.692440777422824,-2.6994126521263797,0.0037735849056603,-0.7071067811865477,0.7071067811865474,0.8660254037844387,-0.4999999999999998,55.91,229.5,0.1103,0.0236,2.62228205495628
2026-04-18 16:30:00+00:00,30.585,164.425,121.8,28.3,69,999.9,0.0,-14.00592448119149,-3.7528761539865503,0.0035087719298245,-0.5000000000000004,0.8660254037844384,0.8660254037844387,-0.4999999999999998,55.91,229.5,0.1103,0.0236,4.8142885608135755
2026-04-18 17:30:00+00:00,30.656666666666663,116.0,38.4,27.9,76,999.4,0.0,-12.576404473017943,1.7674983821928298,0.0042553191489361,-0.2588190451025215,0.965925826289068,0.8660254037844387,-0.4999999999999998,55.91,229.5,0.1103,0.0236,2.1036334055039925
2026-04-18 18:30:00+00:00,29.12333333333333,98.55,28.05,27.3,79,999.3,0.0,-12.458840363466512,4.04812262631181,0.0042553191489361,0.0,1.0,0.8660254037844387,-0.4999999999999998,55.91,229.5,0.1103,0.0236,3.3914456617736684
2026-04-18 19:30:00+00:00,27.59,81.1,17.7,26.7,83,998.6,0.0,-10.994403663195127,4.001635676910324,0.0045454545454545,0.2588190451025207,0.9659258262890684,0.8660254037844387,-0.4999999999999998,55.91,229.5,0.1103,0.0236,4.4212920489710195
2026-04-18 20:30:00+00:00,30.673333333333336,72.7,20.2,26.2,86,997.9,0.0,-10.11075998951094,1.965332652378412,0.0051282051282051,0.4999999999999999,0.8660254037844387,0.8660254037844387,-0.4999999999999998,55.91,229.5,0.1103,0.0236,3.5655048763753645
2026-04-18 21:30:00+00:00,31.4875,63.075,18.95,25.6,91,997.9,0.0,-8.412069366310728,1.7880405410327285,0.0044444444444444,0.7071067811865475,0.7071067811865476,0.8660254037844387,-0.4999999999999998,55.91,229.5,0.1103,0.0236,0.9369764407401526
2026-04-18 22:30:00+00:00,29.166666666666668,65.9,14.0,25.1,95,998.2,0.0,-9.3942737739795,0.3280552690035069,0.0041666666666666,0.8660254037844386,0.5000000000000001,0.8660254037844387,-0.4999999999999998,55.91,229.5,0.1103,0.0236,0.5783427219140491
2026-04-18 23:30:00+00:00,30.4,75.075,14.1,24.7,93,998.6,0.0,-8.457233587073176,3.0781812899310186,0.0042553191489361,0.9659258262890684,0.2588190451025207,0.8660254037844387,-0.4999999999999998,55.91,229.5,0.1103,0.0236,2.8659080134200954
2026-04-19 00:30:00+00:00,30.0325,69.525,13.8,25.6,88,999.2,0.0,-9.217809399621968,2.298258008196844,0.0040816326530612,1.0,6.123233995736766e-17,0.8660254037844387,-0.4999999999999998,55.91,229.5,0.1103,0.0236,1.1776624493537147
2026-04-19 01:30:00+00:00,31.76,77.625,15.25,27.3,80,999.8,0.0,-9.0,-5.51091059616309e-16,0.0033898305084745,0.9659258262890684,-0.2588190451025206,0.8660254037844387,-0.4999999999999998,55.91,229.5,0.1103,0.0236,2.7613654115583133
2026-04-19 02:30:00+00:00,30.8225,76.85000000000001,20.05,29.5,71,1000.3,0.0,-8.268415994161488,-0.7233926648055626,0.0025974025974025,0.8660254037844387,-0.4999999999999998,0.8660254037844387,-0.4999999999999998,55.91,229.5,0.1103,0.0236,3.2944881391034793
2026-04-19 03:30:00+00:00,28.6375,91.75,24.65,32.0,60,1000.7,0.0,-7.160557646651568,-0.752604935527105,0.0019417475728155,0.7071067811865476,-0.7071067811865475,0.8660254037844387,-0.4999999999999998,55.91,229.5,0.1103,0.0236,0.0009385028087893765
2026-04-19 04:30:00+00:00,33.255,87.775,40.775000000000006,34.2,52,1000.2,0.0,-6.064515124549595,-1.289052483070109,0.0013422818791946,0.4999999999999999,-0.8660254037844387,0.8660254037844387,-0.4999999999999998,55.91,229.5,0.1103,0.0236,4.053989888896632
2026-04-19 05:30:00+00:00,31.7575,91.65,48.95,34.8,48,999.6,0.0,-2.892544243589427,-3.447199994035401,0.0010416666666666,0.258819045102521,-0.9659258262890682,0.8660254037844387,-0.4999999999999998,55.91,229.5,0.1103,0.0236,4.150142361473284
2026-04-19 06:30:00+00:00,29.2875,93.225,43.25,37.0,40,999.0,0.0,-1.0418180942629014,-3.025659441917814,0.0007490636704119,1.2246467991473532e-16,-1.0,0.8660254037844387,-0.4999999999999998,55.91,229.5,0.1103,0.0236,1.7825909829943376
2026-04-19 07:30:00+00:00,29.93,99.275,38.475,38.2,34,997.8,0.0,1.0886485301985054,-4.366330768241984,0.000558659217877,-0.2588190451025208,-0.9659258262890684,0.8660254037844387,-0.4999999999999998,55.91,229.5,0.1103,0.0236,4.026150177426263
2026-04-19 08:30:00+00:00,30.255,96.2875,42.6875,38.6,33,996.9,0.0,2.19761496105164,-4.712800492590579,0.0004878048780487,-0.4999999999999998,-0.8660254037844388,0.8660254037844387,-0.4999999999999998,55.91,229.5,0.1103,0.0236,4.120721782127533
2026-04-19 09:30:00+00:00,32.26333333333333,93.3,46.9,38.6,32,995.9,0.0,3.990508283680072,-7.505054539300879,0.0004310344827586,-0.7071067811865471,-0.7071067811865479,0.8660254037844387,-0.4999999999999998,55.91,229.5,0.1103,0.0236,4.666187857461119
2026-04-19 10:30:00+00:00,33.75,92.9,35.4,38.2,33,995.5,0.0,1.9127875555233904,-8.998957926751011,0.00040733197556,-0.8660254037844384,-0.5000000000000004,0.8660254037844387,-0.4999999999999998,55.91,229.5,0.1103,0.0236,2.089868675805481
2026-04-19 11:30:00+00:00,30.6875,95.775,24.075,37.1,32,995.0,0.0,-8.691657397237213,-1.3766232923540322,0.004,-0.9659258262890684,-0.2588190451025206,0.8660254037844387,-0.4999999999999998,55.91,229.5,0.1103,0.0236,0.1756693467592807
2026-04-19 12:30:00+00:00,30.546666666666667,89.53333333333335,58.16666666666666,33.1,57,996.3,0.0,-13.206757577804876,-7.32062526571969,0.0027027027027027,-1.0,-1.8369701987210292e-16,0.8660254037844387,-0.4999999999999998,55.91,229.5,0.1103,0.0236,1.0281192723982846
2026-04-19 13:30:00+00:00,31.262500000000003,101.725,35.25,32.0,61,997.5,0.0,-12.999462339761145,-2.292155945203481,0.0027027027027027,-0.9659258262890684,0.2588190451025203,0.8660254037844387,-0.4999999999999998,55.91,229.5,0.1103,0.0236,0.40646652921100257
2026-04-19 14:30:00+00:00,32.7375,103.6,29.25,30.9,64,998.6,0.0,-13.35012969488823,-2.5950023371210107,0.0027397260273972,-0.8660254037844386,0.5000000000000001,0.8660254037844387,-0.4999999999999998,55.91,229.5,0.1103,0.0236,0.34023714566611185
2026-04-19 15:30:00+00:00,28.875,102.475,22.15,30.1,67,998.8,0.0,-12.392446255036788,0.4327537591110091,0.0036363636363636,-0.7071067811865477,0.7071067811865474,0.8660254037844387,-0.4999999999999998,55.91,229.5,0.1103,0.0236,0.3602708164779683
2026-04-19 16:30:00+00:00,30.42,99.075,28.925,29.3,70,998.8,0.0,-13.002354586501315,-1.596488398607432,0.0031746031746031,-0.5000000000000004,0.8660254037844384,0.8660254037844387,-0.4999999999999998,55.91,229.5,0.1103,0.0236,4.624146362852432
2026-04-19 17:30:00+00:00,29.523333333333337,92.4,20.1,29.1,74,998.8,0.0,-9.9465583054233,1.753846594435996,0.0034482758620689,-0.2588190451025215,0.965925826289068,0.8660254037844387,-0.4999999999999998,55.91,229.5,0.1103,0.0236,1.923708627440393
2026-04-19 18:30:00+00:00,30.29,91.1,20.3,28.7,76,997.9,0.0,-9.70462707366739,1.3638963894086409,0.0039215686274509,0.0,1.0,0.8660254037844387,-0.4999999999999998,55.91,229.5,0.1103,0.0236,3.7564015020013137
2026-04-19 19:30:00+00:00,31.2925,89.6,11.4,28.0,80,997.1,0.0,-8.314254606237348,1.7672493719509526,0.005,0.2588190451025207,0.9659258262890684,0.8660254037844387,-0.4999999999999998,55.91,229.5,0.1103,0.0236,1.0820995122030146
2026-04-19 20:30:00+00:00,29.2425,85.475,10.925,27.6,82,996.8,0.0,-5.745333323392335,4.820907072649045,0.0066666666666666,0.4999999999999999,0.8660254037844387,0.8660254037844387,-0.4999999999999998,55.91,229.5,0.1103,0.0236,2.8177639595414004
2026-04-19 21:30:00+00:00,31.72,84.5,12.199999999999998,27.0,85,996.7,0.0,-4.998560818879258,1.433314250248395,0.008695652173913,0.7071067811865475,0.7071067811865476,0.8660254037844387,-0.4999999999999998,55.91,229.5,0.1103,0.0236,0.6360237951308245
2026-04-19 22:30:00+00:00,33.2475,78.125,15.8,26.1,91,996.9,0.0,-5.013743355555006,-5.975146656328028,0.01,0.8660254037844386,0.5000000000000001,0.8660254037844387,-0.4999999999999998,55.91,229.5,0.1103,0.0236,1.6296419322333993
2026-04-19 23:30:00+00:00,28.9625,77.75,14.375,25.6,93,997.3,0.0,-8.083980388508804,-2.6266444521870533,0.006060606060606,0.9659258262890684,0.2588190451025207,0.8660254037844387,-0.4999999999999998,55.91,229.5,0.1103,0.0236,4.8486600530874275
2026-04-20 00:30:00+00:00,29.5775,78.9,11.825,26.4,87,997.9,0.0,-5.437846722219899,-2.5357095704441965,0.0058823529411764,1.0,6.123233995736766e-17,0.8660254037844387,-0.4999999999999998,55.91,229.5,0.1103,0.0236,1.761999645087745
2026-04-20 01:30:00+00:00,30.92,78.325,15.65,28.3,79,998.7,0.0,-5.57531783644225,-1.598696663738595,0.0044444444444444,0.9659258262890684,-0.2588190451025206,0.8660254037844387,-0.4999999999999998,55.91,229.5,0.1103,0.0236,4.691488319872656
2026-04-20 02:30:00+00:00,31.53,84.15,18.95,30.6,70,999.2,0.0,-3.734321705988807,-1.4334717981812015,0.0028169014084507,0.8660254037844387,-0.4999999999999998,0.8660254037844387,-0.4999999999999998,55.91,229.5,0.1103,0.0236,2.603422973600822
2026-04-20 03:30:00+00:00,30.65,89.2,23.8,33.3,60,999.2,0.0,-2.0284442352070435,0.5435199947152938,0.0019230769230769,0.7071067811865476,-0.7071067811865475,0.8660254037844387,-0.4999999999999998,55.91,229.5,0.1103,0.0236,4.896535580563522
2026-04-20 04:30:00+00:00,29.543333333333333,92.96666666666664,34.26666666666667,36.2,47,998.7,0.0,-0.3399186938124423,1.0461621679246689,0.0012195121951219,0.4999999999999999,-0.8660254037844387,0.8660254037844387,-0.4999999999999998,55.91,229.5,0.1103,0.0236,1.8826348905017305
2026-04-20 05:30:00+00:00,29.766666666666666,97.29999999999995,35.022222222222226,36.5,45,998.4,0.0,-1.6548225825741163,-1.2928890981838823,0.0008064516129032,0.258819045102521,-0.9659258262890682,0.8660254037844387,-0.4999999999999998,55.91,229.5,0.1103,0.0236,0.04273202992995884
2026-04-20 06:30:00+00:00,29.99,101.63333333333333,35.77777777777778,39.2,32,997.3,0.0,2.3618125043658265,-2.7169544888019788,0.0004975124378109,1.2246467991473532e-16,-1.0,0.8660254037844387,-0.4999999999999998,55.91,229.5,0.1103,0.0236,0.01494071229109939
2026-04-20 07:30:00+00:00,30.21333333333333,105.96666666666664,36.53333333333333,39.6,24,997.0,0.0,19.8014794389259,-5.305790424601683,0.0003571428571428,-0.2588190451025208,-0.9659258262890684,0.8660254037844387,-0.4999999999999998,55.91,229.5,0.1103,0.0236,0.5522710809899611
2026-04-20 08:30:00+00:00,32.855000000000004,108.5,92.425,37.5,27,995.5,0.0,4.800000000000004,-8.313843876330608,0.001058201058201,-0.4999999999999998,-0.8660254037844388,0.8660254037844387,-0.4999999999999998,55.91,229.5,0.1103,0.0236,2.304104405171668
2026-04-20 09:30:00+00:00,30.8725,106.575,61.0,37.5,34,994.4,0.0,-7.970566360113087,-9.498951094675329,0.0012578616352201,-0.7071067811865471,-0.7071067811865479,0.8660254037844387,-0.4999999999999998,55.91,229.5,0.1103,0.0236,4.968365134592025
2026-04-20 10:30:00+00:00,30.13,102.59999999999998,38.9,37.0,34,993.7,0.0,-8.057372626599856,-4.841357904154511,0.0018691588785046,-0.8660254037844384,-0.5000000000000004,0.8660254037844387,-0.4999999999999998,55.91,229.5,0.1103,0.0236,0.9233858296871711
2026-04-20 11:30:00+00:00,34.0,113.7,41.5,38.8,19,993.9,0.0,10.238951822668392,-9.547977040874972,0.0009049773755656,-0.9659258262890684,-0.2588190451025206,0.8660254037844387,-0.4999999999999998,55.91,229.5,0.1103,0.0236,0.24441560558783604
2026-04-20 12:30:00+00:00,28.95,124.3,118.025,36.6,20,994.7,0.0,7.605023487202164,-11.27491098674856,0.0023529411764705,-1.0,-1.8369701987210292e-16,0.8660254037844387,-0.4999999999999998,55.91,229.5,0.1103,0.0236,2.2272029838146272
2026-04-20 13:30:00+00:00,31.525,149.6,85.85,34.1,28,995.5,0.0,1.2830062863787128,-1.115300349283862,0.05,-0.9659258262890684,0.2588190451025203,0.8660254037844387,-0.4999999999999998,55.91,229.5,0.1103,0.0236,2.7869184996088334
2026-04-20 14:30:00+00:00,29.47,167.5,60.4,32.5,31,996.4,0.0,0.7107390870623796,-2.1874299874788528,0.05,-0.8660254037844386,0.5000000000000001,0.8660254037844387,-0.4999999999999998,55.91,229.5,0.1103,0.0236,3.968670639345311
2026-04-20 15:30:00+00:00,26.6275,206.575,47.15,31.1,40,996.8,0.0,0.2121320343559642,0.2121320343559643,0.1,-0.7071067811865477,0.7071067811865474,0.8660254037844387,-0.4999999999999998,55.91,229.5,0.1103,0.0236,0.9436119563604756
2026-04-20 16:30:00+00:00,31.82,353.75,123.1,30.2,36,996.7,0.0,1.433948202423266,1.2465121550819644,0.0666666666666666,-0.5000000000000004,0.8660254037844384,0.8660254037844387,-0.4999999999999998,55.91,229.5,0.1103,0.0236,0.29965013600260604
2026-04-20 17:30:00+00:00,32.36000000000001,372.0,88.7,30.2,42,996.7,0.0,3.230844089787559,-2.5242120488352,0.025,-0.2588190451025215,0.965925826289068,0.8660254037844387,-0.4999999999999998,55.91,229.5,0.1103,0.0236,1.7604323278219536
2026-04-20 18:30:00+00:00,32.166250000000005,358.1125,75.1125,29.5,40,996.2,0.0,3.979380348264202,-2.6841259366595818,0.0181818181818181,0.0,1.0,0.8660254037844387,-0.4999999999999998,55.91,229.5,0.1103,0.0236,4.437971279729774
2026-04-20 19:30:00+00:00,31.9725,344.225,61.525,28.9,38,995.7,0.0,3.9610722749662814,-0.5566924038402619,0.0333333333333333,0.2588190451025207,0.9659258262890684,0.8660254037844387,-0.4999999999999998,55.91,229.5,0.1103,0.0236,2.5492225094335708
2026-04-20 20:30:00+00:00,29.8175,289.65,112.8,28.8,35,995.8,0.0,6.475265537596346,0.5665123278597786,0.025,0.4999999999999999,0.8660254037844387,0.8660254037844387,-0.4999999999999998,55.91,229.5,0.1103,0.0236,2.5455223771420004
2026-04-20 21:30:00+00:00,30.6775,200.825,55.275,27.9,36,995.8,0.0,9.70874312897702,2.7839372937516886,0.0153846153846153,0.7071067811865475,0.7071067811865476,0.8660254037844387,-0.4999999999999998,55.91,229.5,0.1103,0.0236,4.92737170011504
2026-04-20 22:30:00+00:00,26.29,195.275,40.150000000000006,27.5,35,996.1,0.0,9.177367199140187,4.676102147317335,0.0142857142857142,0.8660254037844386,0.5000000000000001,0.8660254037844387,-0.4999999999999998,55.91,229.5,0.1103,0.0236,3.169736495538418
2026-04-20 23:30:00+00:00,30.6525,248.25,34.425,27.6,40,996.2,0.0,10.765802912487,1.7051356689385184,0.0105263157894736,0.9659258262890684,0.2588190451025207,0.8660254037844387,-0.4999999999999998,55.91,229.5,0.1103,0.0236,0.8943537731346285
2026-04-21 00:30:00+00:00,29.7075,232.925,95.325,28.5,37,996.9,0.0,11.184650789251226,0.5861627099209762,0.008695652173913,1.0,6.123233995736766e-17,0.8660254037844387,-0.4999999999999998,55.91,229.5,0.1103,0.0236,0.5619299307464004
2026-04-21 01:30:00+00:00,29.4225,189.575,60.75,31.0,33,997.9,0.0,8.671893576588593,2.0020643836604006,0.0055555555555555,0.9659258262890684,-0.2588190451025206,0.8660254037844387,-0.4999999999999998,55.91,229.5,0.1103,0.0236,1.4949414417279479
2026-04-21 02:30:00+00:00,28.4225,178.8,42.9,34.2,26,998.2,0.0,9.18550156753478,1.4548405248741487,0.0031746031746031,0.8660254037844387,-0.4999999999999998,0.8660254037844387,-0.4999999999999998,55.91,229.5,0.1103,0.0236,3.100073627367463
2026-04-21 03:30:00+00:00,29.8575,178.3,32.125,37.1,20,998.6,0.0,11.372230172961997,0.7952238006830317,0.0012195121951219,0.7071067811865476,-0.7071067811865475,0.8660254037844387,-0.4999999999999998,55.91,229.5,0.1103,0.0236,1.8841726599039794
2026-04-21 04:30:00+00:00,29.315,155.8,128.35,39.2,15,998.5,0.0,14.181231643375796,-2.500533758403792,0.000632911392405,0.4999999999999999,-0.8660254037844387,0.8660254037844387,-0.4999999999999998,55.91,229.5,0.1103,0.0236,3.1070308163263523
2026-04-21 05:30:00+00:00,31.17,156.475,108.45,40.2,13,997.9,0.0,16.22571745491878,-6.555615384778459,0.0002710027100271,0.258819045102521,-0.9659258262890682,0.8660254037844387,-0.4999999999999998,55.91,229.5,0.1103,0.0236,1.8093449192039268
2026-04-21 06:30:00+00:00,28.8725,140.625,55.4,41.1,12,997.2,0.0,18.08008516405236,-7.304828571610283,0.0002695417789757,1.2246467991473532e-16,-1.0,0.8660254037844387,-0.4999999999999998,55.91,229.5,0.1103,0.0236,2.7311426814870394
2026-04-21 07:30:00+00:00,29.83,140.175,58.025,41.3,11,996.2,0.0,19.0994752271062,-6.576476720034557,0.0002758620689655,-0.2588190451025208,-0.9659258262890684,0.8660254037844387,-0.4999999999999998,55.91,229.5,0.1103,0.0236,1.774806117265424
2026-04-21 08:30:00+00:00,29.835,133.925,74.55,41.7,10,995.2,0.0,18.51303123091947,-4.274070032533434,0.000262467191601,-0.4999999999999998,-0.8660254037844388,0.8660254037844387,-0.4999999999999998,55.91,229.5,0.1103,0.0236,2.4820164150250026
2026-04-21 09:30:00+00:00,29.875,127.675,91.075,41.5,10,994.2,0.0,19.851524600170503,-1.3881538275080918,0.0002460024600246,-0.7071067811865471,-0.7071067811865479,0.8660254037844387,-0.4999999999999998,55.91,229.5,0.1103,0.0236,2.103316252758431
2026-04-21 10:30:00+00:00,28.78,110.4,49.5,40.4,10,994.0,0.0,20.871357276370592,1.093821485477536,0.0002484472049689,-0.8660254037844384,-0.5000000000000004,0.8660254037844387,-0.4999999999999998,55.91,229.5,0.1103,0.0236,2.9958308233548
2026-04-21 11:30:00+00:00,31.2475,103.125,39.15,38.7,11,994.0,0.0,18.518012885467364,-2.6025369879532243,0.0007462686567164,-0.9659258262890684,-0.2588190451025206,0.8660254037844387,-0.4999999999999998,55.91,229.5,0.1103,0.0236,1.0686201221399876
2026-04-21 12:30:00+00:00,33.1525,124.5,65.5875,37.1,12,994.6,0.0,16.991163762249077,-6.522296681724452,0.0015873015873015,-1.0,-1.8369701987210292e-16,0.8660254037844387,-0.4999999999999998,55.91,229.5,0.1103,0.0236,3.624698680589366
2026-04-21 13:30:00+00:00,31.095,145.875,92.025,36.2,13,995.7,0.0,16.874532112353233,-11.81567458883155,0.0021052631578947,-0.9659258262890684,0.2588190451025203,0.8660254037844387,-0.4999999999999998,55.91,229.5,0.1103,0.0236,2.6579573175394557
2026-04-21 14:30:00+00:00,30.5425,176.05,71.1,35.3,13,996.6,0.0,14.750570738655794,-5.662213602815733,0.0035087719298245,-0.8660254037844386,0.5000000000000001,0.8660254037844387,-0.4999999999999998,55.91,229.5,0.1103,0.0236,1.5386750283692763
2026-04-21 15:30:00+00:00,30.1975,172.875,46.2,33.9,14,997.0,0.0,14.37602170282168,-8.300000000000002,0.003076923076923,-0.7071067811865477,0.7071067811865474,0.8660254037844387,-0.4999999999999998,55.91,229.5,0.1103,0.0236,2.8018318004557803
2026-04-21 16:30:00+00:00,31.2275,172.375,105.35,33.0,16,997.4,0.0,13.4691434899467,-7.466068151793582,0.004,-0.5000000000000004,0.8660254037844384,0.8660254037844387,-0.4999999999999998,55.91,229.5,0.1103,0.0236,0.3197346003707452
2026-04-21 17:30:00+00:00,32.15,183.5,75.7,32.0,18,997.1,0.0,11.86795333845488,-4.794964395723674,0.0054054054054054,-0.2588190451025215,0.965925826289068,0.8660254037844387,-0.4999999999999998,55.91,229.5,0.1103,0.0236,3.16866210720528
2026-04-21 18:30:00+00:00,30.14,201.2,56.8,31.0,20,996.7,0.0,10.806243742382302,-3.303800263366925,0.0068965517241379,0.0,1.0,0.8660254037844387,-0.4999999999999998,55.91,229.5,0.1103,0.0236,3.65640743950896
2026-04-21 19:30:00+00:00,31.5425,220.375,54.025,30.2,21,996.6,0.0,10.045039080724523,-1.7712114122026856,0.009090909090909,0.2588190451025207,0.9659258262890684,0.8660254037844387,-0.4999999999999998,55.91,229.5,0.1103,0.0236,4.4692410163287475
2026-04-21 20:30:00+00:00,30.425,282.025,141.85,29.6,22,996.3,0.0,9.726952286084956,1.1943195653704424,0.0111111111111111,0.4999999999999999,0.8660254037844387,0.8660254037844387,-0.4999999999999998,55.91,229.5,0.1103,0.0236,0.6115039280125423
2026-04-21 21:30:00+00:00,28.67,180.375,64.8,28.4,24,996.1,0.0,10.114574148284923,6.077449283938642,0.0111111111111111,0.7071067811865475,0.7071067811865476,0.8660254037844387,-0.4999999999999998,55.91,229.5,0.1103,0.0236,1.5670770990977778
2026-04-21 22:30:00+00:00,29.15,167.0,40.73333333333333,27.7,24,996.2,0.0,10.457441068565767,6.283464513902663,0.0105263157894736,0.8660254037844386,0.5000000000000001,0.8660254037844387,-0.4999999999999998,55.91,229.5,0.1103,0.0236,1.3184559164398584
2026-04-21 23:30:00+00:00,31.046666666666667,185.7,36.5,27.5,27,996.5,0.0,11.735358365345627,1.2334358665583096,0.0095238095238095,0.9659258262890684,0.2588190451025207,0.8660254037844387,-0.4999999999999998,55.91,229.5,0.1103,0.0236,0.49120505614358434
2026-04-22 00:30:00+00:00,31.54833333333333,187.45,49.1,28.6,25,997.5,0.0,12.078417756948449,3.924515828561834,0.0066666666666666,1.0,6.123233995736766e-17,0.8660254037844387,-0.4999999999999998,55.91,229.5,0.1103,0.0236,2.504174879062991
2026-04-22 01:30:00+00:00,32.05,189.2,61.7,31.2,23,998.5,0.0,9.15370864907016,4.268444443581069,0.0041666666666666,0.9659258262890684,-0.2588190451025206,0.8660254037844387,-0.4999999999999998,55.91,229.5,0.1103,0.0236,2.94802910515795
2026-04-22 02:30:00+00:00,30.4025,158.225,36.575,34.3,20,999.0,0.0,10.022496901352758,3.4510224372458604,0.0025316455696202,0.8660254037844387,-0.4999999999999998,0.8660254037844387,-0.4999999999999998,55.91,229.5,0.1103,0.0236,4.295095962719485
2026-04-22 03:30:00+00:00,30.1625,137.025,24.9,37.3,17,999.3,0.0,12.813733569612852,2.723643149712653,0.0007874015748031,0.7071067811865476,-0.7071067811865475,0.8660254037844387,-0.4999999999999998,55.91,229.5,0.1103,0.0236,4.533461064433909
2026-04-22 04:30:00+00:00,30.55,138.4375,55.7625,39.3,14,999.0,0.0,17.289461307430354,0.6037612929532785,0.0003262642740619,0.4999999999999999,-0.8660254037844387,0.8660254037844387,-0.4999999999999998,55.91,229.5,0.1103,0.0236,1.311325905894896
2026-04-22 05:30:00+00:00,28.22,139.85,86.625,40.5,12,998.2,0.0,19.805361374831406,-2.783462019201309,0.0002797202797202,0.258819045102521,-0.9659258262890682,0.8660254037844387,-0.4999999999999998,55.91,229.5,0.1103,0.0236,0.43243126242208274
2026-04-22 06:30:00+00:00,31.2175,139.55,54.55,41.2,11,997.3,0.0,22.87802836333199,-6.560169068444585,0.000278940027894,1.2246467991473532e-16,-1.0,0.8660254037844387,-0.4999999999999998,55.91,229.5,0.1103,0.0236,1.3017942336224275
2026-04-22 07:30:00+00:00,29.36,206.475,85.4,41.2,11,996.3,0.0,22.270715112626032,-8.105877396818336,0.0002770083102493,-0.2588190451025208,-0.9659258262890684,0.8660254037844387,-0.4999999999999998,55.91,229.5,0.1103,0.0236,3.6960218437170154
2026-04-22 08:30:00+00:00,27.7725,167.5125,87.47500000000001,41.6,10,995.2,0.0,20.148842148140808,-3.191263086820705,0.0002735978112175,-0.4999999999999998,-0.8660254037844388,0.8660254037844387,-0.4999999999999998,55.91,229.5,0.1103,0.0236,4.0643777722016186
2026-04-22 09:30:00+00:00,31.4875,128.55,89.55000000000001,41.6,10,994.6,0.0,19.824274492025737,-1.734399280678392,0.000253164556962,-0.7071067811865471,-0.7071067811865479,0.8660254037844387,-0.4999999999999998,55.91,229.5,0.1103,0.0236,2.022439507407811
2026-04-22 10:30:00+00:00,31.0325,102.65,49.225,41.0,10,994.4,0.0,15.690435984199802,0.5479220982292758,0.0002554278416347,-0.8660254037844384,-0.5000000000000004,0.8660254037844387,-0.4999999999999998,55.91,229.5,0.1103,0.0236,3.9997515477263756
2026-04-22 11:30:00+00:00,29.595,102.4,39.925,39.1,13,994.5,0.0,10.243575522293217,-1.076643171656826,0.002127659574468,-0.9659258262890684,-0.2588190451025206,0.8660254037844387,-0.4999999999999998,55.91,229.5,0.1103,0.0236,2.784330414387543
2026-04-22 12:30:00+00:00,30.27,147.16250000000002,69.2875,36.9,15,995.2,0.0,9.686706487119366,0.5076587755565597,0.00625,-1.0,-1.8369701987210292e-16,0.8660254037844387,-0.4999999999999998,55.91,229.5,0.1103,0.0236,3.8775504678774118
2026-04-22 13:30:00+00:00,30.3825,191.925,98.65,35.1,17,996.3,0.0,4.461257579876942,-4.160189996381238,0.0142857142857142,-0.9659258262890684,0.2588190451025203,0.8660254037844387,-0.4999999999999998,55.91,229.5,0.1103,0.0236,2.92142856901369
2026-04-22 14:30:00+00:00,30.442500000000003,319.8,103.45,32.7,23,997.0,0.0,-1.0811407922523484,-5.08636752381579,0.025,-0.8660254037844386,0.5000000000000001,0.8660254037844387,-0.4999999999999998,55.91,229.5,0.1103,0.0236,4.202601441020379
2026-04-22 15:30:00+00:00,31.5375,373.0,74.975,31.5,29,997.9,0.0,-5.570233901165144,-3.900319767187113,0.0222222222222222,-0.7071067811865477,0.7071067811865474,0.8660254037844387,-0.4999999999999998,55.91,229.5,0.1103,0.0236,0.7828573316724707
2026-04-22 16:30:00+00:00,29.9,592.225,166.45,30.5,36,998.4,0.0,-6.857338405616899,4.120304599280434,0.0153846153846153,-0.5000000000000004,0.8660254037844384,0.8660254037844387,-0.4999999999999998,55.91,229.5,0.1103,0.0236,41.36831506733358
2026-04-22 17:30:00+00:00,30.683333333333337,1397.0999999999997,112.8,30.4,38,998.5,0.0,-2.9977047866916133,4.125986671312231,0.025,-0.2588190451025215,0.965925826289068,0.8660254037844387,-0.4999999999999998,55.91,229.5,0.1103,0.0236,0.5930525453591773
2026-04-22 18:30:00+00:00,33.54,190.1,46.2,29.8,39,997.9,0.0,-5.0552461944772045,6.708538284397261,0.02,0.0,1.0,0.8660254037844387,-0.4999999999999998,55.91,229.5,0.1103,0.0236,0.11431247159063851
2026-04-22 19:30:00+00:00,29.5825,163.525,25.275,28.7,42,997.5,0.0,-4.976816840889648,7.378434395739871,0.0153846153846153,0.2588190451025207,0.9659258262890684,0.8660254037844387,-0.4999999999999998,55.91,229.5,0.1103,0.0236,1.246391505103119
2026-04-22 20:30:00+00:00,28.55,344.375,175.7,28.2,44,997.4,0.0,-3.75,6.49519052838329,0.0166666666666666,0.4999999999999999,0.8660254037844387,0.8660254037844387,-0.4999999999999998,55.91,229.5,0.1103,0.0236,77.72278105403673
2026-04-22 21:30:00+00:00,30.3975,201.475,57.625,27.3,48,997.5,0.0,-2.511473670974872,1.4499999999999995,0.0333333333333333,0.7071067811865475,0.7071067811865476,0.8660254037844387,-0.4999999999999998,55.91,229.5,0.1103,0.0236,3.318595312473658
2026-04-22 22:30:00+00:00,32.125,128.6,34.6,26.5,52,997.9,0.0,-5.160657879020648,-3.61353154901159,0.0181818181818181,0.8660254037844386,0.5000000000000001,0.8660254037844387,-0.4999999999999998,55.91,229.5,0.1103,0.0236,1.8176392407046067
2026-04-22 23:30:00+00:00,31.8725,134.77499999999998,21.6,26.3,65,998.0,0.0,-6.148780366869515,3.5499999999999985,0.0166666666666666,0.9659258262890684,0.2588190451025207,0.8660254037844387,-0.4999999999999998,55.91,229.5,0.1103,0.0236,3.275796623411431
2026-04-23 00:30:00+00:00,30.9675,150.725,82.15,26.9,66,999.1,0.0,-4.476802891797226,-3.019641678742033,0.009090909090909,1.0,6.123233995736766e-17,0.8660254037844387,-0.4999999999999998,55.91,229.5,0.1103,0.0236,4.063081101607295
2026-04-23 01:30:00+00:00,30.5675,142.85,41.525,28.5,62,1000.1,0.0,-5.032023407672543,-3.2678342100901627,0.0058823529411764,0.9659258262890684,-0.2588190451025206,0.8660254037844387,-0.4999999999999998,55.91,229.5,0.1103,0.0236,3.9750868960617343
2026-04-23 02:30:00+00:00,30.765,133.15,31.975,31.0,52,1000.5,0.0,-6.436742446820206,-0.9046251562404268,0.0037735849056603,0.8660254037844387,-0.4999999999999998,0.8660254037844387,-0.4999999999999998,55.91,229.5,0.1103,0.0236,3.465956869694922
2026-04-23 03:30:00+00:00,27.4375,147.325,26.75,33.7,42,1000.7,0.0,-3.804226065180614,-1.2360679774997898,0.0020408163265306,0.7071067811865476,-0.7071067811865475,0.8660254037844387,-0.4999999999999998,55.91,229.5,0.1103,0.0236,0.1278537984144401
2026-04-23 04:30:00+00:00,28.04208333333333,144.3625,45.50833333333333,36.1,34,1000.4,0.0,-1.4307820134296534,-2.28972985962235,0.0013793103448275,0.4999999999999999,-0.8660254037844387,0.8660254037844387,-0.4999999999999998,55.91,229.5,0.1103,0.0236,0.6277904035379056
2026-04-23 05:30:00+00:00,28.646666666666665,141.4,64.26666666666667,36.8,30,999.7,0.0,-0.5566924038402618,-3.9610722749662814,0.0009132420091324,0.258819045102521,-0.9659258262890682,0.8660254037844387,-0.4999999999999998,55.91,229.5,0.1103,0.0236,3.221407249664121
2026-04-23 06:30:00+00:00,31.2775,132.64999999999998,41.5,39.0,24,998.7,0.0,3.959797974644667,-3.959797974644665,0.0005464480874316,1.2246467991473532e-16,-1.0,0.8660254037844387,-0.4999999999999998,55.91,229.5,0.1103,0.0236,0.12597298166173665
2026-04-23 07:30:00+00:00,31.58,127.775,31.95,39.9,20,997.6,0.0,9.338333304894508,-6.538771374401925,0.0004587155963302,-0.2588190451025208,-0.9659258262890684,0.8660254037844387,-0.4999999999999998,55.91,229.5,0.1103,0.0236,2.1742676496833986
2026-04-23 08:30:00+00:00,30.1175,117.0875,56.175,40.0,20,996.5,0.0,11.654908225737836,-6.197024628773753,0.0004273504273504,-0.4999999999999998,-0.8660254037844388,0.8660254037844387,-0.4999999999999998,55.91,229.5,0.1103,0.0236,4.404160507943613
2026-04-23 09:30:00+00:00,29.34,106.4,80.4,40.2,16,996.0,0.0,12.597678239809431,-5.874393838195725,0.000377358490566,-0.7071067811865471,-0.7071067811865479,0.8660254037844387,-0.4999999999999998,55.91,229.5,0.1103,0.0236,4.533629897186978
2026-04-23 10:30:00+00:00,14.455,55.15,23.6,40.1,14,995.6,0.0,8.656481839811939,-6.28930219952946,0.0003521126760563,-0.8660254037844384,-0.5000000000000004,0.8660254037844387,-0.4999999999999998,55.91,229.5,0.1103,0.0236,4.161679346192749
2026-04-23 11:30:00+00:00,28.736666666666668,121.0,39.7,39.1,16,995.4,0.0,8.63178482202927,-9.586568248658388,0.0010752688172043,-0.9659258262890684,-0.2588190451025206,0.8660254037844387,-0.4999999999999998,55.91,229.5,0.1103,0.0236,2.3686011488629215
2026-04-23 12:30:00+00:00,29.875,146.75,57.7875,35.9,26,995.8,0.0,-5.687610154050296,-6.316731016557851,0.008,-1.0,-1.8369701987210292e-16,0.8660254037844387,-0.4999999999999998,55.91,229.5,0.1103,0.0236,0.9922743761700292
2026-04-23 13:30:00+00:00,29.955,172.5,75.875,33.7,41,996.6,0.0,-10.765802912487002,-1.705135668938517,0.009090909090909,-0.9659258262890684,0.2588190451025203,0.8660254037844387,-0.4999999999999998,55.91,229.5,0.1103,0.0236,4.416511758189779
2026-04-23 14:30:00+00:00,31.766666666666666,284.8,84.26666666666667,32.2,49,997.6,0.0,-8.989264706052534,-2.7482940243937257,0.009090909090909,-0.8660254037844386,0.5000000000000001,0.8660254037844387,-0.4999999999999998,55.91,229.5,0.1103,0.0236,2.490421720574021
2026-04-23 15:30:00+00:00,29.7525,159.04999999999998,37.375,30.8,55,998.4,0.0,-8.778563642286453,0.613856968948303,0.0064516129032258,-0.7071067811865477,0.7071067811865474,0.8660254037844387,-0.4999999999999998,55.91,229.5,0.1103,0.0236,1.8689087387686825
2026-04-23 16:30:00+00:00,29.7925,135.175,80.8,29.8,61,998.6,0.0,-8.961750552411093,-1.5801984167690668,0.0066666666666666,-0.5000000000000004,0.8660254037844384,0.8660254037844387,-0.4999999999999998,55.91,229.5,0.1103,0.0236,4.821192855904628
2026-04-23 17:30:00+00:00,29.886666666666667,113.59999999999998,34.4,29.3,69,998.6,0.0,-10.92289099001726,4.192905009680013,0.006060606060606,-0.2588190451025215,0.965925826289068,0.8660254037844387,-0.4999999999999998,55.91,229.5,0.1103,0.0236,1.599349532840741
2026-04-23 18:30:00+00:00,29.013333333333332,109.2,26.25,28.8,73,998.5,0.0,-8.999165894302516,4.585304047369422,0.0058823529411764,0.0,1.0,0.8660254037844387,-0.4999999999999998,55.91,229.5,0.1103,0.0236,3.24727160016515
2026-04-23 19:30:00+00:00,28.14,104.8,18.1,28.3,77,998.0,0.0,-10.08266860616978,3.8703738550892433,0.0058823529411764,0.2588190451025207,0.9659258262890684,0.8660254037844387,-0.4999999999999998,55.91,229.5,0.1103,0.0236,1.9669364489854306
2026-04-23 20:30:00+00:00,31.1025,88.975,16.525,27.6,81,997.9,0.0,-10.431998923921938,2.7952456871072253,0.006060606060606,0.4999999999999999,0.8660254037844387,0.8660254037844387,-0.4999999999999998,55.91,229.5,0.1103,0.0236,2.187963683052266
2026-04-23 21:30:00+00:00,28.80333333333333,101.3,20.73333333333333,27.0,84,998.0,0.0,-8.83311063538754,3.214989347261286,0.006060606060606,0.7071067811865475,0.7071067811865476,0.8660254037844387,-0.4999999999999998,55.91,229.5,0.1103,0.0236,3.425887550136286
2026-04-23 22:30:00+00:00,29.005,80.225,14.1,26.6,87,998.6,0.0,-8.412069366310728,1.7880405410327285,0.00625,0.8660254037844386,0.5000000000000001,0.8660254037844387,-0.4999999999999998,55.91,229.5,0.1103,0.0236,3.0947386118427116
2026-04-23 23:30:00+00:00,30.5425,77.225,15.55,26.0,95,999.1,0.0,-8.268415994161488,-0.7233926648055626,0.0052631578947368,0.9659258262890684,0.2588190451025207,0.8660254037844387,-0.4999999999999998,55.91,229.5,0.1103,0.0236,0.43634821424469117
2026-04-24 00:30:00+00:00,30.6625,77.425,21.775,27.1,89,1000.1,0.0,-7.374247519697572,-1.838606406557476,0.0043478260869565,1.0,6.123233995736766e-17,0.8660254037844387,-0.4999999999999998,55.91,229.5,0.1103,0.0236,0.6692622451954328
2026-04-24 01:30:00+00:00,30.075,84.025,17.650000000000002,28.9,80,1000.8,0.0,-7.381973971922699,-0.5161979057065283,0.0032258064516129,0.9659258262890684,-0.2588190451025206,0.8660254037844387,-0.4999999999999998,55.91,229.5,0.1103,0.0236,1.5093246853645752
2026-04-24 02:30:00+00:00,30.4175,87.875,21.6,31.2,70,1001.3,0.0,-7.389858557183847,-0.3872860761977854,0.0024096385542168,0.8660254037844387,-0.4999999999999998,0.8660254037844387,-0.4999999999999998,55.91,229.5,0.1103,0.0236,2.2179804815103656
2026-04-24 03:30:00+00:00,31.9125,100.675,20.95,33.6,60,1001.4,0.0,-7.160557646651568,-0.752604935527105,0.0018181818181818,0.7071067811865476,-0.7071067811865475,0.8660254037844387,-0.4999999999999998,55.91,229.5,0.1103,0.0236,1.9451968646280964
2026-04-24 04:30:00+00:00,30.8675,103.475,45.775000000000006,36.0,49,1000.7,0.0,-5.756767679519667,-0.7068421917498554,0.0013157894736842,0.4999999999999999,-0.8660254037844387,0.8660254037844387,-0.4999999999999998,55.91,229.5,0.1103,0.0236,0.38286783217797826
2026-04-24 05:30:00+00:00,32.2675,106.575,51.95,36.7,43,1000.2,0.0,-6.302769619278132,-1.1113483370683548,0.0009661835748792,0.258819045102521,-0.9659258262890682,0.8660254037844387,-0.4999999999999998,55.91,229.5,0.1103,0.0236,2.845255185723116
2026-04-24 06:30:00+00:00,29.75,91.825,45.325,38.9,34,999.2,0.0,-4.676976310969129,-1.0797650608505516,0.0004640371229698,1.2246467991473532e-16,-1.0,0.8660254037844387,-0.4999999999999998,55.91,229.5,0.1103,0.0236,0.32581738702272267
2026-04-24 07:30:00+00:00,29.76,89.8,37.9,40.2,24,998.1,0.0,1.5768189779993236,-4.107753876587687,0.0003246753246753,-0.2588190451025208,-0.9659258262890684,0.8660254037844387,-0.4999999999999998,55.91,229.5,0.1103,0.0236,1.4882527664698957
2026-04-24 08:30:00+00:00,28.8125,95.1,52.0125,40.6,17,997.2,0.0,8.980088637561918,-6.5244163004464495,0.0003514938488576,-0.4999999999999998,-0.8660254037844388,0.8660254037844387,-0.4999999999999998,55.91,229.5,0.1103,0.0236,3.134322934695356
2026-04-24 09:30:00+00:00,29.5075,100.4,66.125,40.5,17,996.7,0.0,9.699484522385712,-5.6000000000000005,0.0003454231433506,-0.7071067811865471,-0.7071067811865479,0.8660254037844387,-0.4999999999999998,55.91,229.5,0.1103,0.0236,4.811298194269042
2026-04-24 10:30:00+00:00,30.225,92.05,46.775,39.8,19,996.6,0.0,6.596129018037034,-9.420248509323404,0.0003656307129798,-0.8660254037844384,-0.5000000000000004,0.8660254037844387,-0.4999999999999998,55.91,229.5,0.1103,0.0236,0.48872034025962574
2026-04-24 11:30:00+00:00,29.0025,93.9,31.75,38.3,20,996.5,0.0,-3.538608794759461,-7.947845481490627,0.0039215686274509,-0.9659258262890684,-0.2588190451025206,0.8660254037844387,-0.4999999999999998,55.91,229.5,0.1103,0.0236,2.502560282967545
2026-04-24 12:30:00+00:00,31.8175,85.85,61.425,35.8,27,996.9,0.0,-9.613731194002009,-7.5110699989730305,0.00625,-1.0,-1.8369701987210292e-16,0.8660254037844387,-0.4999999999999998,55.91,229.5,0.1103,0.0236,3.7579078013202993
2026-04-24 13:30:00+00:00,32.3775,93.225,52.325,34.2,34,997.7,0.0,-10.6428168620681,-4.085394624816424,0.0064516129032258,-0.9659258262890684,0.2588190451025203,0.8660254037844387,-0.4999999999999998,55.91,229.5,0.1103,0.0236,3.5968560030047336
2026-04-24 14:30:00+00:00,29.3025,108.125,43.675,32.6,47,998.7,0.0,-9.547410195535424,-1.0034732473694732,0.0076923076923076,-0.8660254037844386,0.5000000000000001,0.8660254037844387,-0.4999999999999998,55.91,229.5,0.1103,0.0236,0.4915748374120421
2026-04-24 15:30:00+00:00,29.9325,110.4,29.425,31.4,55,999.5,0.0,-11.010381732073158,2.5419469140856723,0.0071428571428571,-0.7071067811865477,0.7071067811865474,0.8660254037844387,-0.4999999999999998,55.91,229.5,0.1103,0.0236,0.5735958023361737
2026-04-24 16:30:00+00:00,30.32,113.075,45.075,30.5,61,999.7,0.0,-11.28439612036382,3.4499861157282927,0.0057142857142857,-0.5000000000000004,0.8660254037844384,0.8660254037844387,-0.4999999999999998,55.91,229.5,0.1103,0.0236,4.494267072824665
2026-04-24 17:30:00+00:00,30.98,103.2,31.5,30.2,69,999.7,0.0,-10.765802912487002,-1.705135668938517,0.0055555555555555,-0.2588190451025215,0.965925826289068,0.8660254037844387,-0.4999999999999998,55.91,229.5,0.1103,0.0236,1.2705002634364115
2026-04-24 18:30:00+00:00,31.31,102.75,26.25,30.1,70,999.4,0.0,-12.070525008143871,0.8440533323039164,0.0047619047619047,0.0,1.0,0.8660254037844387,-0.4999999999999998,55.91,229.5,0.1103,0.0236,0.8654940137607436
2026-04-24 19:30:00+00:00,31.64,102.3,21.0,29.4,73,999.1,0.0,-12.62322277871207,3.859306502340124,0.0038461538461538,0.2588190451025207,0.9659258262890684,0.8660254037844387,-0.4999999999999998,55.91,229.5,0.1103,0.0236,0.6336404130341028
2026-04-24 20:30:00+00:00,28.9275,95.975,26.35,28.8,77,999.1,0.0,-10.958383333696837,3.1422658563137893,0.0035714285714285,0.4999999999999999,0.8660254037844387,0.8660254037844387,-0.4999999999999998,55.91,229.5,0.1103,0.0236,3.6566627255028856
2026-04-24 21:30:00+00:00,29.5275,89.3,18.225,28.4,80,999.5,0.0,-8.8,-5.388445916248355e-16,0.0043478260869565,0.7071067811865475,0.7071067811865476,0.8660254037844387,-0.4999999999999998,55.91,229.5,0.1103,0.0236,0.1655287213997192
2026-04-24 22:30:00+00:00,30.28333333333333,101.0,20.2,27.6,85,1000.0,0.0,-12.575397055470914,-4.330056454280185,0.003076923076923,0.8660254037844386,0.5000000000000001,0.8660254037844387,-0.4999999999999998,55.91,229.5,0.1103,0.0236,4.6932378897739895
2026-04-24 23:30:00+00:00,31.305,96.175,16.525,27.2,95,999.8,0.0,-7.341036279796919,-1.9670247427791576,0.0068965517241379,0.9659258262890684,0.2588190451025207,0.8660254037844387,-0.4999999999999998,55.91,229.5,0.1103,0.0236,3.110612901400052
2026-04-25 00:30:00+00:00,31.545,94.6,20.9,28.2,90,1000.5,0.0,-6.502872340548641,-1.98812759211461,0.005,1.0,6.123233995736766e-17,0.8660254037844387,-0.4999999999999998,55.91,229.5,0.1103,0.0236,0.7921075857595378
2026-04-25 01:30:00+00:00,31.7275,90.525,22.125,29.9,82,1001.4,0.0,-8.869014051723417,-3.4044955206803538,0.003125,0.9659258262890684,-0.2588190451025206,0.8660254037844387,-0.4999999999999998,55.91,229.5,0.1103,0.0236,3.419450832613972
2026-04-25 02:30:00+00:00,31.91,91.25,22.525,32.1,71,1002.1,0.0,-9.52178367944234,-1.8508472551524853,0.0022471910112359,0.8660254037844387,-0.4999999999999998,0.8660254037844387,-0.4999999999999998,55.91,229.5,0.1103,0.0236,0.4345924017195335
2026-04-25 03:30:00+00:00,29.285,96.15,25.425,34.7,58,1002.2,0.0,-7.381973971922699,0.5161979057065275,0.0017699115044247,0.7071067811865476,-0.7071067811865475,0.8660254037844387,-0.4999999999999998,55.91,229.5,0.1103,0.0236,1.8039653226781045
2026-04-25 04:30:00+00:00,30.7975,99.95,40.225,37.4,44,1001.7,0.0,-6.81504955010645,1.0793978087775942,0.0009950248756218,0.4999999999999999,-0.8660254037844387,0.8660254037844387,-0.4999999999999998,55.91,229.5,0.1103,0.0236,1.5151852266216936
2026-04-25 05:30:00+00:00,30.055,101.15,45.1,38.8,32,1000.6,0.0,-4.097502390778292,0.143087936480253,0.0004347826086956,0.258819045102521,-0.9659258262890682,0.8660254037844387,-0.4999999999999998,55.91,229.5,0.1103,0.0236,0.19794367254183376
2026-04-25 06:30:00+00:00,30.945,100.575,43.125,41.3,20,999.2,0.0,-0.3631923997916375,-0.7128052193506944,0.0003154574132492,1.2246467991473532e-16,-1.0,0.8660254037844387,-0.4999999999999998,55.91,229.5,0.1103,0.0236,1.8859201565829364
2026-04-25 07:30:00+00:00,31.4275,101.85,34.85,42.1,15,998.3,0.0,4.884653426419664,-5.424957225984978,0.0002717391304347,-0.2588190451025208,-0.9659258262890684,0.8660254037844387,-0.4999999999999998,55.91,229.5,0.1103,0.0236,4.842976590114952
2026-04-25 08:30:00+00:00,32.4675,99.0,77.275,41.3,14,997.7,0.0,12.633462033115707,-11.375220308100582,0.000281690140845,-0.4999999999999998,-0.8660254037844388,0.8660254037844387,-0.4999999999999998,55.91,229.5,0.1103,0.0236,4.400709252725808
2026-04-25 09:30:00+00:00,31.1,91.6,49.25,30.8,58,998.5,0.0,-15.828984782668496,-14.25248191544368,0.0027397260273972,-0.7071067811865471,-0.7071067811865479,0.8660254037844387,-0.4999999999999998,55.91,229.5,0.1103,0.0236,0.8651228339482725
2026-04-25 10:30:00+00:00,29.28,90.26666666666668,36.2,33.0,50,998.2,0.0,-14.70160764910807,-7.490843245702523,0.0022471910112359,-0.8660254037844384,-0.5000000000000004,0.8660254037844387,-0.4999999999999998,55.91,229.5,0.1103,0.0236,1.4102572815221244
2026-04-25 11:30:00+00:00,29.34,92.25,25.625,35.8,42,996.3,0.0,-10.264995537794306,-8.613353969799627,0.0025,-0.9659258262890684,-0.2588190451025206,0.8660254037844387,-0.4999999999999998,55.91,229.5,0.1103,0.0236,4.164088155334566
2026-04-25 12:30:00+00:00,30.82,91.65,51.775,33.2,51,997.9,0.0,-18.936855409984883,-5.430055909594883,0.0023809523809523,-1.0,-1.8369701987210292e-16,0.8660254037844387,-0.4999999999999998,55.91,229.5,0.1103,0.0236,0.37767722871653586
2026-04-25 13:30:00+00:00,29.72,96.475,48.775,31.4,51,998.9,0.0,-15.10961514421596,-4.619472934619242,0.0027777777777777,-0.9659258262890684,0.2588190451025203,0.8660254037844387,-0.4999999999999998,55.91,229.5,0.1103,0.0236,3.386122302394095
2026-04-25 14:30:00+00:00,31.606666666666666,101.5,35.1,30.5,53,999.6,0.0,-16.19808878576026,-2.565525226659787,0.003030303030303,-0.8660254037844386,0.5000000000000001,0.8660254037844387,-0.4999999999999998,55.91,229.5,0.1103,0.0236,3.0036714750846825
2026-04-25 15:30:00+00:00,22.55,80.125,19.525,29.4,59,1000.3,0.0,-14.221663103766309,-1.4947570247274444,0.0024390243902439,-0.7071067811865477,0.7071067811865474,0.8660254037844387,-0.4999999999999998,55.91,229.5,0.1103,0.0236,4.813957097543843
2026-04-25 16:30:00+00:00,30.505000000000003,109.4,53.55,28.8,63,1000.5,0.0,-11.15711919207194,-3.84170422259445,0.0024691358024691,-0.5000000000000004,0.8660254037844384,0.8660254037844387,-0.4999999999999998,55.91,229.5,0.1103,0.0236,1.3615614565337757
2026-04-25 17:30:00+00:00,28.795,109.4,35.3,30.5,67,999.4,0.0,-13.823854345619,1.4529456394203817,0.002061855670103,-0.2588190451025215,0.965925826289068,0.8660254037844387,-0.4999999999999998,55.91,229.5,0.1103,0.0236,0.712185891675628
2026-04-25 18:30:00+00:00,28.262500000000003,103.15,27.05,30.0,69,998.2,0.0,-15.50670694734366,2.4560211011316277,0.002127659574468,0.0,1.0,0.8660254037844387,-0.4999999999999998,55.91,229.5,0.1103,0.0236,1.7442292099318228
2026-04-25 19:30:00+00:00,27.73,96.9,18.8,29.2,72,997.9,0.0,-13.467114678507627,0.941712395545692,0.0025316455696202,0.2588190451025207,0.9659258262890684,0.8660254037844387,-0.4999999999999998,55.91,229.5,0.1103,0.0236,4.7664097602375595
2026-04-25 20:30:00+00:00,29.2325,92.875,25.6,28.6,75,998.0,0.0,-13.34900895442939,-1.167886952818619,0.0028571428571428,0.4999999999999999,0.8660254037844387,0.8660254037844387,-0.4999999999999998,55.91,229.5,0.1103,0.0236,4.341805242296555
2026-04-25 21:30:00+00:00,32.24,85.8,25.6,28.2,78,997.5,0.0,-14.518113965300005,-3.351770709723588,0.0027027027027027,0.7071067811865475,0.7071067811865476,0.8660254037844387,-0.4999999999999998,55.91,229.5,0.1103,0.0236,4.511259782527347
2026-04-25 22:30:00+00:00,29.336666666666662,84.3,17.3,27.5,81,997.9,0.0,-11.657520894441394,-7.570482586708876,0.0026315789473684,0.8660254037844386,0.5000000000000001,0.8660254037844387,-0.4999999999999998,55.91,229.5,0.1103,0.0236,3.880908741242784
2026-04-25 23:30:00+00:00,28.8,90.1,19.575000000000003,26.0,80,998.3,0.0,-12.784780555979642,-3.665976832366089,0.0035714285714285,0.9659258262890684,0.2588190451025207,0.8660254037844387,-0.4999999999999998,55.91,229.5,0.1103,0.0236,0.18482491473853724
2026-04-26 00:30:00+00:00,30.1325,93.725,16.2,26.4,79,999.5,0.0,-15.492137046601174,-4.736421616508335,0.0024390243902439,1.0,6.123233995736766e-17,0.8660254037844387,-0.4999999999999998,55.91,229.5,0.1103,0.0236,3.170923408562664
2026-04-26 01:30:00+00:00,29.84,97.15,18.85,28.0,75,1000.1,0.0,-16.691932956057826,-2.6437424591799026,0.0018348623853211,0.9659258262890684,-0.2588190451025206,0.8660254037844387,-0.4999999999999998,55.91,229.5,0.1103,0.0236,3.0950365604608985
2026-04-26 02:30:00+00:00,32.2,98.35,25.325,30.1,68,1000.4,0.0,-19.06238497348616,3.019185175276459,0.0015503875968992,0.8660254037844387,-0.4999999999999998,0.8660254037844387,-0.4999999999999998,55.91,229.5,0.1103,0.0236,1.7261453676851053
2026-04-26 03:30:00+00:00,33.2,100.40000000000002,27.600000000000005,31.8,61,1000.3,0.0,-18.38879121715136,0.6421507393260134,0.0012820512820512,0.7071067811865476,-0.7071067811865475,0.8660254037844387,-0.4999999999999998,55.91,229.5,0.1103,0.0236,1.890209283392551
2026-04-26 04:30:00+00:00,32.1375,104.725,49.85,33.0,56,999.9,0.0,-17.489339472834175,-0.6107411922937689,0.0011627906976744,0.4999999999999999,-0.8660254037844387,0.8660254037844387,-0.4999999999999998,55.91,229.5,0.1103,0.0236,0.08658712908525601
2026-04-26 05:30:00+00:00,18.62,85.66666666666667,77.53333333333333,32.3,54,999.9,0.0,-18.120462655424625,-3.1951264690715195,0.0011494252873563,0.258819045102521,-0.9659258262890682,0.8660254037844387,-0.4999999999999998,55.91,229.5,0.1103,0.0236,4.348564312351094
2026-04-26 06:30:00+00:00,19.166666666666668,98.6,50.66666666666666,33.8,47,999.1,0.0,-17.080312991989352,-3.3200765195518813,0.0009478672985781,1.2246467991473532e-16,-1.0,0.8660254037844387,-0.4999999999999998,55.91,229.5,0.1103,0.0236,2.2425116155006366
2026-04-26 07:30:00+00:00,29.45,152.15,53.650000000000006,34.6,43,997.9,0.0,-16.935309867559674,-1.4816476267101883,0.00084388185654,-0.2588190451025208,-0.9659258262890684,0.8660254037844387,-0.4999999999999998,55.91,229.5,0.1103,0.0236,4.462660995833278
2026-04-26 08:30:00+00:00,28.3425,150.625,144.25,34.7,42,997.0,0.0,-13.68116974049155,3.4110987279553155,0.0007722007722007,-0.4999999999999998,-0.8660254037844388,0.8660254037844387,-0.4999999999999998,55.91,229.5,0.1103,0.0236,0.8717667719964028
2026-04-26 09:30:00+00:00,29.94666666666667,145.2,77.4,34.4,43,996.6,0.0,-10.397814721786489,1.4613175600806865,0.0006688963210702,-0.7071067811865471,-0.7071067811865479,0.8660254037844387,-0.4999999999999998,55.91,229.5,0.1103,0.0236,0.6979991461693985
2026-04-26 10:30:00+00:00,20.64,101.2,31.6,33.2,47,996.1,0.0,-11.88820645368942,-3.862712429686843,0.000943396226415,-0.8660254037844384,-0.5000000000000004,0.8660254037844387,-0.4999999999999998,55.91,229.5,0.1103,0.0236,2.2871443372122235
2026-04-26 11:30:00+00:00,28.8325,132.075,27.425,32.0,55,995.1,0.0,-16.77697618387684,-0.8792440648814587,0.001418439716312,-0.9659258262890684,-0.2588190451025206,0.8660254037844387,-0.4999999999999998,55.91,229.5,0.1103,0.0236,1.203166972122383
2026-04-26 12:30:00+00:00,29.65,119.15,53.35,30.8,59,996.4,0.0,-15.815820338298742,-3.943326898274587,0.001639344262295,-1.0,-1.8369701987210292e-16,0.8660254037844387,-0.4999999999999998,55.91,229.5,0.1103,0.0236,0.8661511660580623
2026-04-26 13:30:00+00:00,30.096666666666668,105.8,35.4,29.7,64,997.4,0.0,-16.352463691802555,-7.280585911056823,0.0015503875968992,-0.9659258262890684,0.2588190451025203,0.8660254037844387,-0.4999999999999998,55.91,229.5,0.1103,0.0236,0.3736153429997646
2026-04-26 14:30:00+00:00,21.673333333333336,60.66666666666666,12.733333333333334,29.0,66,997.6,0.0,-16.889704976622717,0.5898014942722624,0.0021505376344086,-0.8660254037844386,0.5000000000000001,0.8660254037844387,-0.4999999999999998,55.91,229.5,0.1103,0.0236,1.56006427996071
2026-04-26 15:30:00+00:00,22.221666666666668,58.7,13.033333333333337,27.5,72,998.5,0.0,-21.08714645010292,-0.7363793804227728,0.0016666666666666,-0.7071067811865477,0.7071067811865474,0.8660254037844387,-0.4999999999999998,55.91,229.5,0.1103,0.0236,3.909353705100427
2026-04-26 16:30:00+00:00,22.77,56.73333333333333,13.333333333333334,26.4,76,998.4,0.0,-18.488730299853277,0.6456406889962636,0.002020202020202,-0.5000000000000004,0.8660254037844384,0.8660254037844387,-0.4999999999999998,55.91,229.5,0.1103,0.0236,0.08802596871598622
2026-04-26 17:30:00+00:00,29.21,77.3,17.9,25.6,79,998.5,0.0,-16.377011502081814,-2.010844166184933,0.0018181818181818,-0.2588190451025215,0.965925826289068,0.8660254037844387,-0.4999999999999998,55.91,229.5,0.1103,0.0236,1.8436702229565716
2026-04-26 18:30:00+00:00,24.578333333333333,62.45,13.516666666666666,25.1,80,997.8,0.0,-16.432879692327933,-3.492916405738359,0.0017699115044247,0.0,1.0,0.8660254037844387,-0.4999999999999998,55.91,229.5,0.1103,0.0236,3.4496712011217108
2026-04-26 19:30:00+00:00,19.94666666666667,47.6,9.133333333333333,24.8,79,997.0,0.0,-16.393173963575986,-3.1865102227883,0.0018867924528301,0.2588190451025207,0.9659258262890684,0.8660254037844387,-0.4999999999999998,55.91,229.5,0.1103,0.0236,3.7555973199359043
2026-04-26 20:30:00+00:00,29.9825,66.55,13.025,24.5,80,996.8,0.0,-14.650342954676422,-7.145449692661963,0.0019801980198019,0.4999999999999999,0.8660254037844387,0.8660254037844387,-0.4999999999999998,55.91,229.5,0.1103,0.0236,4.059994784577921
2026-04-26 21:30:00+00:00,30.093333333333337,70.26666666666667,16.9,24.3,79,997.0,0.0,-13.454198515244356,-6.8552565460671575,0.0018348623853211,0.7071067811865475,0.7071067811865476,0.8660254037844387,-0.4999999999999998,55.91,229.5,0.1103,0.0236,1.605516165686215
2026-04-26 22:30:00+00:00,35.36333333333334,69.8,15.1,24.5,79,996.5,0.0,-12.09262900693106,-0.422283910100263,0.0021978021978021,0.8660254037844386,0.5000000000000001,0.8660254037844387,-0.4999999999999998,55.91,229.5,0.1103,0.0236,4.5437316118987825
2026-04-26 23:30:00+00:00,30.8725,68.89999999999999,13.3,24.0,81,996.3,0.0,-11.522250710242831,-2.031683678703086,0.0026315789473684,0.9659258262890684,0.2588190451025207,0.8660254037844387,-0.4999999999999998,55.91,229.5,0.1103,0.0236,0.503995873141948
2026-04-27 00:30:00+00:00,28.34,67.3,14.4,24.9,78,997.1,0.0,-10.27490971767619,0.718491679564491,0.0026315789473684,1.0,6.123233995736766e-17,0.8660254037844387,-0.4999999999999998,55.91,229.5,0.1103,0.0236,0.43408634760287335
2026-04-27 01:30:00+00:00,34.085,65.4,14.4,26.2,72,997.4,0.0,-10.82953294736754,4.157068214725483,0.002020202020202,0.9659258262890684,-0.2588190451025206,0.8660254037844387,-0.4999999999999998,55.91,229.5,0.1103,0.0236,3.519966603418703
2026-04-27 02:30:00+00:00,29.88,68.8,23.4,27.9,67,997.9,0.0,-12.226845009172573,2.598896135221989,0.0015625,0.8660254037844387,-0.4999999999999998,0.8660254037844387,-0.4999999999999998,55.91,229.5,0.1103,0.0236,2.767898066035801
2026-04-27 03:30:00+00:00,28.5125,72.8,24.775,29.2,64,998.3,0.0,-11.72739269044749,3.3627757409673884,0.0011235955056179,0.7071067811865476,-0.7071067811865475,0.8660254037844387,-0.4999999999999998,55.91,229.5,0.1103,0.0236,2.6301277455445318
2026-04-27 04:30:00+00:00,19.72,50.2,22.866666666666664,30.7,57,998.1,0.0,-10.293725518296688,0.3594648160357576,0.0009615384615384,0.4999999999999999,-0.8660254037844387,0.8660254037844387,-0.4999999999999998,55.91,229.5,0.1103,0.0236,1.7302555718734651
2026-04-27 05:30:00+00:00,19.953333333333333,51.93333333333334,30.6,31.1,57,997.6,0.0,-8.266850585069543,-2.370481260026193,0.00084388185654,0.258819045102521,-0.9659258262890682,0.8660254037844387,-0.4999999999999998,55.91,229.5,0.1103,0.0236,4.7862816399959405
2026-04-27 06:30:00+00:00,24.006666666666668,68.96666666666667,42.650000000000006,32.9,50,996.7,0.0,-7.200251249937033,-5.231288745403012,0.0008097165991902,1.2246467991473532e-16,-1.0,0.8660254037844387,-0.4999999999999998,55.91,229.5,0.1103,0.0236,2.8659784817961254
2026-04-27 07:30:00+00:00,28.06,86.0,54.7,33.7,48,995.6,0.0,-9.377327967919992,-7.326371556375334,0.000790513833992,-0.2588190451025208,-0.9659258262890684,0.8660254037844387,-0.4999999999999998,55.91,229.5,0.1103,0.0236,3.5256745452067566
2026-04-27 08:30:00+00:00,14.37,75.6,44.77777777777778,33.4,49,994.7,0.0,-10.648976575756894,-7.456493672563599,0.0008733624454148,-0.4999999999999998,-0.8660254037844388,0.8660254037844387,-0.4999999999999998,55.91,229.5,0.1103,0.0236,2.734073864775828
2026-04-27 09:30:00+00:00,18.276666666666667,65.19999999999999,34.855555555555554,33.0,50,994.4,0.0,-9.970664661389112,-5.526829670808243,0.0009090909090909,-0.7071067811865471,-0.7071067811865479,0.8660254037844387,-0.4999999999999998,55.91,229.5,0.1103,0.0236,3.259974284710881
2026-04-27 10:30:00+00:00,22.183333333333337,54.79999999999999,24.933333333333337,32.4,52,994.4,0.0,-9.347458081511336,-4.559059926606405,0.0010152284263959,-0.8660254037844384,-0.5000000000000004,0.8660254037844387,-0.4999999999999998,55.91,229.5,0.1103,0.0236,0.7977448976135448
2026-04-27 11:30:00+00:00,32.035,82.52499999999999,28.775,30.8,58,993.9,0.0,-12.915526746359529,-8.387441139231417,0.0014705882352941,-0.9659258262890684,-0.2588190451025206,0.8660254037844387,-0.4999999999999998,55.91,229.5,0.1103,0.0236,1.317479605598505
2026-04-27 12:30:00+00:00,29.956666666666667,81.33333333333333,26.633333333333336,29.1,65,994.9,0.0,-10.424776333003903,-5.3116888469526975,0.0018867924528301,-1.0,-1.8369701987210292e-16,0.8660254037844387,-0.4999999999999998,55.91,229.5,0.1103,0.0236,0.6620596087776875
2026-04-27 13:30:00+00:00,30.025,76.92500000000001,27.95,28.4,68,995.9,0.0,-13.498436890126518,-2.8691813332850806,0.0018348623853211,-0.9659258262890684,0.2588190451025203,0.8660254037844387,-0.4999999999999998,55.91,229.5,0.1103,0.0236,2.5212522491270413
2026-04-27 14:30:00+00:00,29.245,77.45,20.275,27.2,73,996.9,0.0,-15.797593583470984,0.2757480217090789,0.0022222222222222,-0.8660254037844386,0.5000000000000001,0.8660254037844387,-0.4999999999999998,55.91,229.5,0.1103,0.0236,3.907258060929022
2026-04-27 15:30:00+00:00,30.04,79.3,18.275,26.2,77,997.6,0.0,-14.591106074478798,0.5095326518565106,0.0023809523809523,-0.7071067811865477,0.7071067811865474,0.8660254037844387,-0.4999999999999998,55.91,229.5,0.1103,0.0236,1.7816079493529924
2026-04-27 16:30:00+00:00,28.35,76.725,15.2,25.5,81,997.8,0.0,-13.895646122978508,-1.706170807672065,0.0025641025641025,-0.5000000000000004,0.8660254037844384,0.8660254037844387,-0.4999999999999998,55.91,229.5,0.1103,0.0236,4.085111705838036
2026-04-27 17:30:00+00:00,29.52,74.5,15.5,25.2,83,997.5,0.0,-15.704244615462692,-2.487307994139672,0.0025,-0.2588190451025215,0.965925826289068,0.8660254037844387,-0.4999999999999998,55.91,229.5,0.1103,0.0236,3.5558839115753242
2026-04-27 18:30:00+00:00,29.98,71.9,12.3,24.4,85,997.3,0.0,-16.038734639277106,-1.4032074582372962,0.0025316455696202,0.0,1.0,0.8660254037844387,-0.4999999999999998,55.91,229.5,0.1103,0.0236,4.573697075707181
2026-04-27 19:30:00+00:00,29.535,70.97500000000001,7.625,23.8,86,997.1,0.0,-13.9,-8.511295254074105e-16,0.0027777777777777,0.2588190451025207,0.9659258262890684,0.8660254037844387,-0.4999999999999998,55.91,229.5,0.1103,0.0236,1.7704758745524267
2026-04-27 20:30:00+00:00,30.465,67.475,9.1,23.3,88,997.2,0.0,-12.431523692103417,1.3066057908456667,0.0028169014084507,0.4999999999999999,0.8660254037844387,0.8660254037844387,-0.4999999999999998,55.91,229.5,0.1103,0.0236,4.211103218616784
2026-04-27 21:30:00+00:00,32.8775,66.275,9.8,23.1,90,997.4,0.0,-10.26080539034498,-0.8977041503008789,0.003125,0.7071067811865475,0.7071067811865476,0.8660254037844387,-0.4999999999999998,55.91,229.5,0.1103,0.0236,0.6931106408296606
2026-04-27 22:30:00+00:00,29.9425,65.375,8.625,22.8,92,997.2,0.0,-10.832885283134289,-1.9101299543362344,0.003125,0.8660254037844386,0.5000000000000001,0.8660254037844387,-0.4999999999999998,55.91,229.5,0.1103,0.0236,1.7251530830853183
2026-04-27 23:30:00+00:00,30.445,72.775,11.1,22.9,91,997.5,0.0,-11.854716907291772,-1.037153338697132,0.0028571428571428,0.9659258262890684,0.2588190451025207,0.8660254037844387,-0.4999999999999998,55.91,229.5,0.1103,0.0236,2.557279426903226
2026-04-28 00:30:00+00:00,28.6925,70.1,13.475,23.5,88,998.2,0.0,-14.597776349283311,-0.2548051339843373,0.0028169014084507,1.0,6.123233995736766e-17,0.8660254037844387,-0.4999999999999998,55.91,229.5,0.1103,0.0236,1.0866659028830294
2026-04-28 01:30:00+00:00,28.7825,74.3,11.4,24.7,83,998.6,0.0,-12.950531075192693,-1.1330246557195558,0.0023529411764705,0.9659258262890684,-0.2588190451025206,0.8660254037844387,-0.4999999999999998,55.91,229.5,0.1103,0.0236,4.471889818975489
2026-04-28 02:30:00+00:00,29.9725,75.9,11.425,26.5,76,998.9,0.0,-9.149601437388114,-0.9616618620624118,0.0018181818181818,0.8660254037844387,-0.4999999999999998,0.8660254037844387,-0.4999999999999998,55.91,229.5,0.1103,0.0236,1.2192836156489173
2026-04-28 03:30:00+00:00,31.45,76.325,17.05,28.6,68,998.9,0.0,-5.908846518073248,1.0418890660015818,0.0016260162601626,0.7071067811865476,-0.7071067811865475,0.8660254037844387,-0.4999999999999998,55.91,229.5,0.1103,0.0236,1.1621142604482277
2026-04-28 04:30:00+00:00,29.355,79.69999999999999,21.375,30.5,62,998.9,0.0,-4.108219923081984,0.8732291014345883,0.0014492753623188,0.4999999999999999,-0.8660254037844387,0.8660254037844387,-0.4999999999999998,55.91,229.5,0.1103,0.0236,3.461679056838033
2026-04-28 05:30:00+00:00,30.9575,80.72500000000001,31.25,30.7,60,998.4,0.0,-1.0606601717798214,1.0606601717798212,0.0009852216748768,0.258819045102521,-0.9659258262890682,0.8660254037844387,-0.4999999999999998,55.91,229.5,0.1103,0.0236,3.701340288368084
2026-04-28 06:30:00+00:00,30.425,86.425,39.7,32.5,54,997.0,0.0,-2.0284442352070435,0.5435199947152938,0.0008810572687224,1.2246467991473532e-16,-1.0,0.8660254037844387,-0.4999999999999998,55.91,229.5,0.1103,0.0236,1.7685894417436936
2026-04-28 07:30:00+00:00,29.8725,90.0,40.1,33.6,50,995.7,0.0,-2.748556113653459,0.5342651870543255,0.0008771929824561,-0.2588190451025208,-0.9659258262890684,0.8660254037844387,-0.4999999999999998,55.91,229.5,0.1103,0.0236,0.6626752863612112
2026-04-28 08:30:00+00:00,30.44,90.95,56.275,34.3,47,994.3,0.0,-2.3384881554845647,0.5398825304252756,0.0008695652173913,-0.4999999999999998,-0.8660254037844388,0.8660254037844387,-0.4999999999999998,55.91,229.5,0.1103,0.0236,3.0730450733442742
2026-04-28 09:30:00+00:00,28.89,91.025,55.025,34.5,46,993.7,0.0,-1.2496402047198143,0.3583285625620988,0.0008097165991902,-0.7071067811865471,-0.7071067811865479,0.8660254037844387,-0.4999999999999998,55.91,229.5,0.1103,0.0236,3.0626379658319207
2026-04-28 10:30:00+00:00,31.3125,86.45,48.325,34.7,45,993.5,0.0,-1.4375439180851268,1.0832670416736871,0.0007575757575757,-0.8660254037844384,-0.5000000000000004,0.8660254037844387,-0.4999999999999998,55.91,229.5,0.1103,0.0236,3.542985473271823
2026-04-28 11:30:00+00:00,32.2525,84.325,38.725,34.0,50,993.1,0.0,-3.3914832910925115,-5.427507815401127,0.005,-0.9659258262890684,-0.2588190451025206,0.8660254037844387,-0.4999999999999998,55.91,229.5,0.1103,0.0236,1.721122682362607
2026-04-28 12:30:00+00:00,31.085,82.92500000000001,42.150000000000006,31.5,62,994.0,0.0,-5.910350163126318,-7.564903234624531,0.0045454545454545,-1.0,-1.8369701987210292e-16,0.8660254037844387,-0.4999999999999998,55.91,229.5,0.1103,0.0236,0.47259809725893553
2026-04-28 13:30:00+00:00,29.67,83.1,36.9,30.6,65,995.3,0.0,-11.390023947880158,-6.0561831599379925,0.0036363636363636,-0.9659258262890684,0.2588190451025203,0.8660254037844387,-0.4999999999999998,55.91,229.5,0.1103,0.0236,3.4691704616928147
2026-04-28 14:30:00+00:00,31.450000000000003,83.575,36.675,29.6,70,996.3,0.0,-15.861268399131204,1.1091279325315928,0.0024096385542168,-0.8660254037844386,0.5000000000000001,0.8660254037844387,-0.4999999999999998,55.91,229.5,0.1103,0.0236,2.6870735069748966
2026-04-28 15:30:00+00:00,29.980000000000004,85.35,31.475,28.4,75,997.3,0.0,-15.492137046601176,4.736421616508333,0.0026666666666666,-0.7071067811865477,0.7071067811865474,0.8660254037844387,-0.4999999999999998,55.91,229.5,0.1103,0.0236,0.6270074187684099
2026-04-28 16:30:00+00:00,29.8725,82.025,26.5,27.7,76,997.7,0.0,-15.116732809597757,1.5888326416683305,0.0023809523809523,-0.5000000000000004,0.8660254037844384,0.8660254037844387,-0.4999999999999998,55.91,229.5,0.1103,0.0236,0.3369560250133641
2026-04-28 17:30:00+00:00,30.35333333333333,78.2,27.100000000000005,27.4,80,997.4,0.0,-16.4,-1.0042103753008297e-15,0.0024390243902439,-0.2588190451025215,0.965925826289068,0.8660254037844387,-0.4999999999999998,55.91,229.5,0.1103,0.0236,4.488378382892673
2026-04-28 18:30:00+00:00,31.67666666666667,75.95,21.200000000000003,27.1,81,997.1,0.0,-16.390009563113168,-0.5723517459210177,0.0022727272727272,0.0,1.0,0.8660254037844387,-0.4999999999999998,55.91,229.5,0.1103,0.0236,1.9096507391569228
2026-04-28 19:30:00+00:00,33.0,73.7,15.3,26.6,83,996.7,0.0,-17.27629095125413,0.9054120430029248,0.0019417475728155,0.2588190451025207,0.9659258262890684,0.8660254037844387,-0.4999999999999998,55.91,229.5,0.1103,0.0236,4.424360091327203
2026-04-28 20:30:00+00:00,30.2975,73.35000000000001,14.675,26.3,84,996.4,0.0,-13.997867732189478,-0.2443336901219672,0.0022988505747126,0.4999999999999999,0.8660254037844387,0.8660254037844387,-0.4999999999999998,55.91,229.5,0.1103,0.0236,2.075481395767878
2026-04-28 21:30:00+00:00,28.905,72.875,13.825,25.8,86,996.9,0.0,-13.454198515244356,-6.8552565460671575,0.002,0.7071067811865475,0.7071067811865476,0.8660254037844387,-0.4999999999999998,55.91,229.5,0.1103,0.0236,4.17930323114914
2026-04-28 22:30:00+00:00,31.125,72.5,14.6,25.3,89,996.7,0.0,-12.938717261796302,2.0492914920270264,0.0024390243902439,0.8660254037844386,0.5000000000000001,0.8660254037844387,-0.4999999999999998,55.91,229.5,0.1103,0.0236,2.8130270282463288
2026-04-28 23:30:00+00:00,29.755,75.15,12.3,24.9,94,996.6,0.0,-11.510672766296771,-5.124881702755083,0.0026666666666666,0.9659258262890684,0.2588190451025207,0.8660254037844387,-0.4999999999999998,55.91,229.5,0.1103,0.0236,4.215367751740026
2026-04-29 00:30:00+00:00,29.6875,77.25,12.8,25.6,89,997.3,0.0,-12.741179593677275,-2.0180045990189788,0.0026315789473684,1.0,6.123233995736766e-17,0.8660254037844387,-0.4999999999999998,55.91,229.5,0.1103,0.0236,3.4857381201786715
2026-04-29 01:30:00+00:00,29.44333333333333,77.10000000000001,12.1,26.7,84,997.9,0.0,-13.49862766232198,1.657423070310004,0.0024390243902439,0.9659258262890684,-0.2588190451025206,0.8660254037844387,-0.4999999999999998,55.91,229.5,0.1103,0.0236,1.01834581139381
2026-04-29 02:30:00+00:00,30.5275,78.3,11.425,29.1,73,998.6,0.0,-12.803845356173056,1.572114529926401,0.0016806722689075,0.8660254037844387,-0.4999999999999998,0.8660254037844387,-0.4999999999999998,55.91,229.5,0.1103,0.0236,2.884650099463773
2026-04-29 03:30:00+00:00,29.4725,79.375,13.225,30.7,67,999.0,0.0,-13.997867732189478,0.2443336901219686,0.0014814814814814,0.7071067811865476,-0.7071067811865475,0.8660254037844387,-0.4999999999999998,55.91,229.5,0.1103,0.0236,1.6531503896870892
2026-04-29 04:30:00+00:00,30.5075,82.0,14.575,32.2,61,998.7,0.0,-14.197837271220756,0.2478241714094253,0.0013157894736842,0.4999999999999999,-0.8660254037844387,0.8660254037844387,-0.4999999999999998,55.91,229.5,0.1103,0.0236,1.1232282899835677
2026-04-29 05:30:00+00:00,30.1325,84.8,24.175,32.7,58,998.4,0.0,-9.314838972249566,-2.322450197756812,0.0012345679012345,0.258819045102521,-0.9659258262890682,0.8660254037844387,-0.4999999999999998,55.91,229.5,0.1103,0.0236,4.426989368686694
2026-04-29 06:30:00+00:00,30.6825,89.6,33.55,34.2,52,997.0,0.0,-9.548826634895306,-2.204520332569877,0.0011976047904191,1.2246467991473532e-16,-1.0,0.8660254037844387,-0.4999999999999998,55.91,229.5,0.1103,0.0236,0.4596613772598912
2026-04-29 07:30:00+00:00,30.415000000000003,97.425,38.35,34.8,50,995.1,0.0,-12.419785296332757,-3.0966002636757493,0.001081081081081,-0.2588190451025208,-0.9659258262890684,0.8660254037844387,-0.4999999999999998,55.91,229.5,0.1103,0.0236,2.8927444917617122
2026-04-29 08:30:00+00:00,30.58333333333333,94.9,54.79999999999999,34.1,50,995.4,0.5,-11.506310668155503,4.88413910611592,0.000943396226415,-0.4999999999999998,-0.8660254037844388,0.8660254037844387,-0.4999999999999998,55.91,229.5,0.1103,0.0236,4.953794998635081
2026-04-29 09:30:00+00:00,30.5125,93.05,52.625,25.9,82,997.2,11.0,-10.403230962470197,-7.284420741658284,0.0040816326530612,-0.7071067811865471,-0.7071067811865479,0.8660254037844387,-0.4999999999999998,55.91,229.5,0.1103,0.0236,3.0850856011460803
2026-04-29 10:30:00+00:00,29.34,92.4,45.35,24.8,86,996.6,0.1,-12.424263651194952,-5.01972835177322,0.0028985507246376,-0.8660254037844384,-0.5000000000000004,0.8660254037844387,-0.4999999999999998,55.91,229.5,0.1103,0.0236,3.5881693056152466
2026-04-29 11:30:00+00:00,31.015,95.85,38.3,28.2,68,994.8,0.0,-14.501622444274886,9.061619418387805,0.0016528925619834,-0.9659258262890684,-0.2588190451025206,0.8660254037844387,-0.4999999999999998,55.91,229.5,0.1103,0.0236,0.16546262223543606
2026-04-29 12:30:00+00:00,30.12,99.725,39.075,27.3,71,997.0,0.0,-8.05123745227607,-5.22853473614426,0.0033333333333333,-1.0,-1.8369701987210292e-16,0.8660254037844387,-0.4999999999999998,55.91,229.5,0.1103,0.0236,4.045563242361954
2026-04-29 13:30:00+00:00,28.8625,113.3,36.5,25.4,79,999.1,0.4,-13.329173310270216,-11.184504408545784,0.0035087719298245,-0.9659258262890684,0.2588190451025203,0.8660254037844387,-0.4999999999999998,55.91,229.5,0.1103,0.0236,0.6071855394236292
2026-04-29 14:30:00+00:00,31.235,90.35,24.325,23.8,92,999.2,1.5,-18.366885438004783,-11.927594866829091,0.0033333333333333,-0.8660254037844386,0.5000000000000001,0.8660254037844387,-0.4999999999999998,55.91,229.5,0.1103,0.0236,2.816782427222787
2026-04-29 15:30:00+00:00,31.5575,75.2,14.85,23.7,89,999.5,0.1,-19.8981171059232,5.70569326541188,0.003125,-0.7071067811865477,0.7071067811865474,0.8660254037844387,-0.4999999999999998,55.91,229.5,0.1103,0.0236,4.56640989751499
2026-04-29 16:30:00+00:00,31.2975,60.675,9.4,24.4,84,998.9,0.0,-16.3135401666597,7.607128711332588,0.0028169014084507,-0.5000000000000004,0.8660254037844384,0.8660254037844387,-0.4999999999999998,55.91,229.5,0.1103,0.0236,2.916696905171088
2026-04-29 17:30:00+00:00,28.646666666666665,55.6,8.9,22.1,85,998.2,0.0,-15.85991613055295,8.081030895363932,0.0027777777777777,-0.2588190451025215,0.965925826289068,0.8660254037844387,-0.4999999999999998,55.91,229.5,0.1103,0.0236,1.55280867362052
2026-04-29 18:30:00+00:00,33.28,51.1,7.7,21.6,90,998.4,0.0,-12.78209099821118,11.50904642937236,0.0023529411764705,0.0,1.0,0.8660254037844387,-0.4999999999999998,55.91,229.5,0.1103,0.0236,1.6215263361574568
2026-04-29 19:30:00+00:00,30.9375,51.875,7.5,21.9,88,998.2,0.0,-8.56487176139339,9.512253766110645,0.0022988505747126,0.2588190451025207,0.9659258262890684,0.8660254037844387,-0.4999999999999998,55.91,229.5,0.1103,0.0236,3.3098960649405944
2026-04-29 20:30:00+00:00,31.0625,52.975,5.5,22.3,85,998.9,0.0,-4.82555798975982,0.8508760705679586,0.0034482758620689,0.4999999999999999,0.8660254037844387,0.8660254037844387,-0.4999999999999998,55.91,229.5,0.1103,0.0236,3.927044474043142
2026-04-29 21:30:00+00:00,29.295,51.05,4.7,22.1,87,999.3,0.0,-5.80036983703456,-2.7047568751404767,0.0074074074074074,0.7071067811865475,0.7071067811865476,0.8660254037844387,-0.4999999999999998,55.91,229.5,0.1103,0.0236,0.526416555070694
2026-04-29 22:30:00+00:00,29.0525,50.975,4.6,22.0,87,999.3,0.0,-9.185501567534782,-1.4548405248741476,0.006060606060606,0.8660254037844386,0.5000000000000001,0.8660254037844387,-0.4999999999999998,55.91,229.5,0.1103,0.0236,2.104947796844751
2026-04-29 23:30:00+00:00,29.3275,56.725,5.0,22.0,94,999.8,0.0,-8.59317933678748,-9.21505664040155,0.0033898305084745,0.9659258262890684,0.2588190451025207,0.8660254037844387,-0.4999999999999998,55.91,229.5,0.1103,0.0236,2.9710552310847587
2026-04-30 00:30:00+00:00,32.1125,53.225,5.35,22.3,90,1001.7,0.0,-12.626150577882656,-6.71344334783824,0.0028571428571428,1.0,6.123233995736766e-17,0.8660254037844387,-0.4999999999999998,55.91,229.5,0.1103,0.0236,1.1321965191979806
2026-04-30 01:30:00+00:00,31.815,55.625,22.575000000000003,24.0,80,1001.8,0.0,-15.882232055999337,-3.6667021858049984,0.0020833333333333,0.9659258262890684,-0.2588190451025206,0.8660254037844387,-0.4999999999999998,55.91,229.5,0.1103,0.0236,3.328419468513022
2026-04-30 02:30:00+00:00,30.5575,56.55,22.4,25.7,72,1001.9,0.0,-14.360376748884748,-3.580444054875085,0.001639344262295,0.8660254037844387,-0.4999999999999998,0.8660254037844387,-0.4999999999999998,55.91,229.5,0.1103,0.0236,3.3505430945737324
2026-04-30 03:30:00+00:00,30.2975,60.1,22.125,27.4,65,1002.2,0.0,-14.585479976964931,-3.908167581048063,0.0013071895424836,0.7071067811865476,-0.7071067811865475,0.8660254037844387,-0.4999999999999998,55.91,229.5,0.1103,0.0236,4.790858696386976
2026-04-30 04:30:00+00:00,28.073333333333338,59.29999999999999,26.3,28.9,59,1001.8,0.0,-16.564291101349,-3.824167923845704,0.0011494252873563,0.4999999999999999,-0.8660254037844387,0.8660254037844387,-0.4999999999999998,55.91,229.5,0.1103,0.0236,0.8299961194100536
2026-04-30 05:30:00+00:00,30.05333333333333,57.6,31.03333333333333,29.1,52,1002.5,0.0,-14.180539393514948,-0.7431705786498043,0.000790513833992,0.258819045102521,-0.9659258262890682,0.8660254037844387,-0.4999999999999998,55.91,229.5,0.1103,0.0236,1.5827940167201637
2026-04-30 06:30:00+00:00,30.495,57.775,34.4,30.3,48,1001.9,0.0,-10.208922707855706,1.984413551916066,0.0006756756756756,1.2246467991473532e-16,-1.0,0.8660254037844387,-0.4999999999999998,55.91,229.5,0.1103,0.0236,3.690663574111585
2026-04-30 07:30:00+00:00,29.9975,59.8,34.825,31.3,44,1001.1,0.0,-2.517281564199351,3.1085838458278827,0.0005420054200542,-0.2588190451025208,-0.9659258262890684,0.8660254037844387,-0.4999999999999998,55.91,229.5,0.1103,0.0236,2.8632780689970163
2026-04-30 08:30:00+00:00,30.29,58.225,37.3,30.8,44,999.9,0.0,-5.3623071340531006,4.342310698243877,0.0006944444444444,-0.4999999999999998,-0.8660254037844388,0.8660254037844387,-0.4999999999999998,55.91,229.5,0.1103,0.0236,4.693095273197966
2026-04-30 09:30:00+00:00,30.815,58.325,36.575,31.0,44,998.7,0.0,-8.099044392880128,1.2827626133298944,0.0006191950464396,-0.7071067811865471,-0.7071067811865479,0.8660254037844387,-0.4999999999999998,55.91,229.5,0.1103,0.0236,0.6523975541823146
2026-04-30 10:30:00+00:00,29.725,60.025000000000006,31.975,30.7,45,998.1,0.0,-7.433921765576922,-1.5801288502149715,0.0006024096385542,-0.8660254037844384,-0.5000000000000004,0.8660254037844387,-0.4999999999999998,55.91,229.5,0.1103,0.0236,0.05982335837459052
2026-04-30 11:30:00+00:00,31.0925,70.175,26.675,28.3,60,998.1,0.0,-9.514557037793448,5.716922631501602,0.0009302325581395,-0.9659258262890684,-0.2588190451025206,0.8660254037844387,-0.4999999999999998,55.91,229.5,0.1103,0.0236,2.383730539894089
2026-04-30 12:30:00+00:00,30.51,67.425,24.0,27.4,65,998.9,0.0,-6.888183436631236,7.386672386353621,0.001058201058201,-1.0,-1.8369701987210292e-16,0.8660254037844387,-0.4999999999999998,55.91,229.5,0.1103,0.0236,4.2054047796985925
2026-04-30 13:30:00+00:00,30.6,65.825,23.35,26.4,69,999.3,0.0,-5.164187190644802,9.712423521448194,0.0018518518518518,-0.9659258262890684,0.2588190451025203,0.8660254037844387,-0.4999999999999998,55.91,229.5,0.1103,0.0236,0.6964564730453987
2026-04-30 14:30:00+00:00,29.34,65.0,19.075000000000003,25.6,75,1000.1,0.0,-4.925291802605267,6.304086028853775,0.0024096385542168,-0.8660254037844386,0.5000000000000001,0.8660254037844387,-0.4999999999999998,55.91,229.5,0.1103,0.0236,0.17143312585545412
2026-04-30 15:30:00+00:00,29.8,69.72500000000001,17.775,24.9,79,1001.2,0.0,-5.629165124598852,3.249999999999999,0.0036363636363636,-0.7071067811865477,0.7071067811865474,0.8660254037844387,-0.4999999999999998,55.91,229.5,0.1103,0.0236,3.768783237439661
2026-04-30 16:30:00+00:00,30.5225,68.6,15.3,24.4,83,1001.4,0.0,-7.190132650232932,-0.3768188849491966,0.0058823529411764,-0.5000000000000004,0.8660254037844384,0.8660254037844387,-0.4999999999999998,55.91,229.5,0.1103,0.0236,0.7146780319730806
2026-04-30 17:30:00+00:00,30.266666666666666,71.0,14.5,23.8,84,1001.1,0.0,-3.6122235263867855,3.740566961760986,0.0051282051282051,-0.2588190451025215,0.965925826289068,0.8660254037844387,-0.4999999999999998,55.91,229.5,0.1103,0.0236,4.301582129351043
2026-04-30 18:30:00+00:00,28.07,73.5,13.5,23.5,86,1001.2,0.0,-3.9945181390182953,0.2093438249717744,0.008695652173913,0.0,1.0,0.4999999999999999,-0.8660254037844387,55.91,229.5,0.1103,0.0236,3.1049448679604037
2026-04-30 19:30:00+00:00,30.97,80.4,14.2,23.1,89,1000.7,0.0,-4.667902132486009,-1.791839747726502,0.0051282051282051,0.2588190451025207,0.9659258262890684,0.4999999999999999,-0.8660254037844387,55.91,229.5,0.1103,0.0236,2.3487798440799157
2026-04-30 20:30:00+00:00,31.063333333333333,86.06666666666666,12.9,22.8,88,999.8,0.0,-8.469346675904989,-1.4933743279356015,0.0045454545454545,0.4999999999999999,0.8660254037844387,0.4999999999999999,-0.8660254037844387,55.91,229.5,0.1103,0.0236,0.23814655475880797
2026-04-30 21:30:00+00:00,29.5725,90.9,13.2,22.3,90,999.8,0.0,-4.294469961887128,1.648492567908381,0.0054054054054054,0.7071067811865475,0.7071067811865476,0.4999999999999999,-0.8660254037844387,55.91,229.5,0.1103,0.0236,0.19438446910478746
2026-04-30 22:30:00+00:00,29.855,83.425,12.7,21.9,92,999.5,0.0,-7.4,-4.531193156845207e-16,0.005,0.8660254037844386,0.5000000000000001,0.4999999999999999,-0.8660254037844387,55.91,229.5,0.1103,0.0236,4.683357159041503
2026-04-30 23:30:00+00:00,31.125,82.175,12.2,21.9,92,998.9,0.0,-9.576614882494312,-0.6696621479436043,0.0032258064516129,0.9659258262890684,0.2588190451025207,0.4999999999999999,-0.8660254037844387,55.91,229.5,0.1103,0.0236,3.8765821571513186
2026-05-01 00:30:00+00:00,31.39,76.77499999999999,11.925,22.8,88,999.8,0.0,-7.534221445054732,-2.0187885517996618,0.0029411764705882,1.0,6.123233995736766e-17,0.4999999999999999,-0.8660254037844387,55.91,229.5,0.1103,0.0236,1.5582747175952594
2026-05-01 01:30:00+00:00,28.3125,74.02499999999999,13.025,24.5,80,1000.4,0.0,-11.352459997429158,2.830486178516113,0.002061855670103,0.9659258262890684,-0.2588190451025206,0.4999999999999999,-0.8660254037844387,55.91,229.5,0.1103,0.0236,4.1324788335234155
2026-05-01 02:30:00+00:00,31.0875,73.1,14.925,26.4,70,1001.3,0.0,-6.148780366869515,3.5499999999999985,0.0013333333333333,0.8660254037844387,-0.4999999999999998,0.4999999999999999,-0.8660254037844387,55.91,229.5,0.1103,0.0236,0.9359182227151008
2026-05-01 03:30:00+00:00,32.1725,75.57499999999999,16.05,27.6,64,1001.2,0.0,-8.066499534731049,3.259077362718435,0.001081081081081,0.7071067811865476,-0.7071067811865475,0.4999999999999999,-0.8660254037844387,55.91,229.5,0.1103,0.0236,4.455303805841811
2026-05-01 04:30:00+00:00,29.96,75.25,21.025,29.4,56,1001.0,0.0,-3.564026096753472,1.815961998958187,0.0008658008658008,0.4999999999999999,-0.8660254037844387,0.4999999999999999,-0.8660254037844387,55.91,229.5,0.1103,0.0236,3.2979889897156385
2026-05-01 05:30:00+00:00,29.6725,74.05,21.8,28.7,61,1001.0,0.0,-1.0895771993749124,2.138415658052083,0.00078125,0.258819045102521,-0.9659258262890682,0.4999999999999999,-0.8660254037844387,55.91,229.5,0.1103,0.0236,4.48090005035203
2026-05-01 06:30:00+00:00,31.0125,75.15,23.575000000000003,30.4,55,999.9,0.0,-0.5288577836482498,3.763018661217967,0.0007272727272727,1.2246467991473532e-16,-1.0,0.4999999999999999,-0.8660254037844387,55.91,229.5,0.1103,0.0236,1.1117815429400535
2026-05-01 07:30:00+00:00,29.95,77.25,21.5,27.8,63,999.2,0.3,2.181643291108516,3.9357886821272814,0.002127659574468,-0.2588190451025208,-0.9659258262890684,0.4999999999999999,-0.8660254037844387,55.91,229.5,0.1103,0.0236,2.519693769798316
2026-05-01 08:30:00+00:00,30.6525,77.8,21.275,28.7,58,997.8,0.0,3.269385687200965,-4.669166652447252,0.0013157894736842,-0.4999999999999998,-0.8660254037844388,0.4999999999999999,-0.8660254037844387,55.91,229.5,0.1103,0.0236,4.663808725648913
2026-05-01 09:30:00+00:00,30.4075,77.42500000000001,20.8,26.1,67,997.1,0.1,-2.7444028629951527,-11.88731479037987,0.0038461538461538,-0.7071067811865471,-0.7071067811865479,0.4999999999999999,-0.8660254037844387,55.91,229.5,0.1103,0.0236,3.1248154862758843
2026-05-01 10:30:00+00:00,31.540000000000003,70.1,22.7,26.8,65,996.8,0.0,-0.5330951626650325,-5.072061666378193,0.0032258064516129,-0.8660254037844384,-0.5000000000000004,0.4999999999999999,-0.8660254037844387,55.91,229.5,0.1103,0.0236,1.8168429181688517
2026-05-01 11:30:00+00:00,32.25333333333333,76.8,20.266666666666666,25.5,78,996.9,0.0,-3.384100974471172,-4.832997061305052,0.0028169014084507,-0.9659258262890684,-0.2588190451025206,0.4999999999999999,-0.8660254037844387,55.91,229.5,0.1103,0.0236,0.19673815930508043
2026-05-01 12:30:00+00:00,29.76,64.85000000000001,18.075000000000003,24.8,83,997.5,0.0,-3.943561127401483,-7.416759780014987,0.0039215686274509,-1.0,-1.8369701987210292e-16,0.4999999999999999,-0.8660254037844387,55.91,229.5,0.1103,0.0236,1.6546132923306072
2026-05-01 13:30:00+00:00,31.9675,60.275,13.675,24.0,86,998.2,0.0,-4.152523659749133,-5.510585019326321,0.0057142857142857,-0.9659258262890684,0.2588190451025203,0.4999999999999999,-0.8660254037844387,55.91,229.5,0.1103,0.0236,1.8023743293822392
2026-05-01 14:30:00+00:00,30.5375,58.775000000000006,11.125,23.6,88,998.8,0.0,-2.860140148359145,-5.613341102386718,0.0068965517241379,-0.8660254037844386,0.5000000000000001,0.4999999999999999,-0.8660254037844387,55.91,229.5,0.1103,0.0236,3.1444956587939195
2026-05-01 15:30:00+00:00,31.51,74.775,11.8,23.1,89,999.7,0.0,-4.299999999999999,-7.447818472546173,0.0057142857142857,-0.7071067811865477,0.7071067811865474,0.4999999999999999,-0.8660254037844387,55.91,229.5,0.1103,0.0236,4.10787882954571
2026-05-01 16:30:00+00:00,29.51,153.15,10.0,22.6,92,1000.0,0.0,-8.056456913486047,-5.034233010215447,0.0045454545454545,-0.5000000000000004,0.8660254037844384,0.4999999999999999,-0.8660254037844387,55.91,229.5,0.1103,0.0236,1.8468386605061577
2026-05-01 17:30:00+00:00,29.076666666666668,48.29999999999999,10.3,22.9,94,999.1,0.0,-10.397814721786489,-1.4613175600806898,0.0039215686274509,-0.2588190451025215,0.965925826289068,0.4999999999999999,-0.8660254037844387,55.91,229.5,0.1103,0.0236,2.9435654683677113
2026-05-01 18:30:00+00:00,29.67,58.6,10.4,22.6,93,998.5,0.0,-10.298431260110831,0.1797597863040198,0.0036363636363636,0.0,1.0,0.4999999999999999,-0.8660254037844387,55.91,229.5,0.1103,0.0236,0.00025880781591991475
2026-05-01 19:30:00+00:00,28.4,58.45,10.1,22.2,92,997.9,0.0,-9.686706487119366,-0.5076587755565565,0.0038461538461538,0.2588190451025207,0.9659258262890684,0.4999999999999999,-0.8660254037844387,55.91,229.5,0.1103,0.0236,3.8499953742406934
2026-05-01 20:30:00+00:00,28.52,51.35,10.975,21.8,92,997.9,0.0,-8.987963899415753,-1.4235536318661013,0.0042553191489361,0.4999999999999999,0.8660254037844387,0.4999999999999999,-0.8660254037844387,55.91,229.5,0.1103,0.0236,2.628457850215557
2026-05-01 21:30:00+00:00,28.47666666666667,56.833333333333336,9.6,21.6,93,998.0,0.0,-7.880755997052612,-0.5510761425785912,0.0041666666666666,0.7071067811865475,0.7071067811865476,0.4999999999999999,-0.8660254037844387,55.91,229.5,0.1103,0.0236,0.7276195510026956
2026-05-01 22:30:00+00:00,31.375,59.55,9.6,21.5,95,998.2,0.0,-7.689447417610219,0.4029868630706659,0.0043478260869565,0.8660254037844386,0.5000000000000001,0.4999999999999999,-0.8660254037844387,55.91,229.5,0.1103,0.0236,0.3843258012547901
2026-05-01 23:30:00+00:00,29.4525,56.0,9.3,21.5,95,998.4,0.0,-10.773691742806102,-0.7533699164365549,0.0033898305084745,0.9659258262890684,0.2588190451025207,0.4999999999999999,-0.8660254037844387,55.91,229.5,0.1103,0.0236,0.5468949018898978
2026-05-02 00:30:00+00:00,30.5475,51.025,10.375,22.0,91,999.0,0.0,-11.358415916844084,-1.7989963479626556,0.0033333333333333,1.0,6.123233995736766e-17,0.4999999999999999,-0.8660254037844387,55.91,229.5,0.1103,0.0236,3.0949497116266995
2026-05-02 01:30:00+00:00,30.72,56.6,8.5,23.5,83,999.7,0.0,-10.857438368145242,-2.3078197680771297,0.0024096385542168,0.9659258262890684,-0.2588190451025206,0.4999999999999999,-0.8660254037844387,55.91,229.5,0.1103,0.0236,1.3628791805226763
2026-05-02 02:30:00+00:00,31.7775,64.07499999999999,9.225,25.2,75,1000.0,0.0,-9.194587446897772,-1.954369893686939,0.0019230769230769,0.8660254037844387,-0.4999999999999998,0.4999999999999999,-0.8660254037844387,55.91,229.5,0.1103,0.0236,3.3968512281583623
2026-05-02 03:30:00+00:00,31.8275,66.5,11.65,27.0,68,1000.4,0.0,-7.95642495546317,-1.9837595439172768,0.0016260162601626,0.7071067811865476,-0.7071067811865475,0.4999999999999999,-0.8660254037844387,55.91,229.5,0.1103,0.0236,4.365647864583209
2026-05-02 04:30:00+00:00,31.12,74.1,18.85,28.7,62,1000.0,0.0,-7.341036279796919,-1.9670247427791576,0.0013333333333333,0.4999999999999999,-0.8660254037844387,0.4999999999999999,-0.8660254037844387,55.91,229.5,0.1103,0.0236,0.11489651213498153
2026-05-02 05:30:00+00:00,29.5825,64.575,24.55,29.4,56,999.8,0.0,-9.772803256173448,-3.557009490586956,0.0009708737864077,0.258819045102521,-0.9659258262890682,0.4999999999999999,-0.8660254037844387,55.91,229.5,0.1103,0.0236,1.839576104559328
2026-05-02 06:30:00+00:00,31.9775,67.19999999999999,32.2,30.6,51,998.7,0.0,-8.09904439288013,-1.2827626133298935,0.0008032128514056,1.2246467991473532e-16,-1.0,0.4999999999999999,-0.8660254037844387,55.91,229.5,0.1103,0.0236,4.4691507006170745
2026-05-02 07:30:00+00:00,27.47,75.1,32.375,31.2,49,997.4,0.0,-8.479294427208506,-0.5929300268250663,0.0007936507936507,-0.2588190451025208,-0.9659258262890684,0.4999999999999999,-0.8660254037844387,55.91,229.5,0.1103,0.0236,2.172845552881941
2026-05-02 08:30:00+00:00,29.825,67.075,41.0,31.5,48,995.9,0.0,-9.177589262390384,-0.6417595584459541,0.0007220216606498,-0.4999999999999998,-0.8660254037844388,0.4999999999999999,-0.8660254037844387,55.91,229.5,0.1103,0.0236,1.4776721601553844
2026-05-02 09:30:00+00:00,31.9075,62.35,41.1,31.2,48,995.1,0.0,-9.704627073667387,-1.3638963894086438,0.0007272727272727,-0.7071067811865471,-0.7071067811865479,0.4999999999999999,-0.8660254037844387,55.91,229.5,0.1103,0.0236,2.8524117316015207
2026-05-02 10:30:00+00:00,32.575,68.05,39.45,30.7,49,994.6,0.0,-9.158712103013537,-1.614928052302453,0.0008620689655172,-0.8660254037844384,-0.5000000000000004,0.4999999999999999,-0.8660254037844387,55.91,229.5,0.1103,0.0236,4.886804211673679
2026-05-02 11:30:00+00:00,,,,29.9,57,993.9,0.0,-10.086158301021197,-0.5285931580537341,0.0011494252873563,-0.9659258262890684,-0.2588190451025206,0.4999999999999999,-0.8660254037844387,55.91,229.5,0.1103,0.0236,
2026-05-02 12:30:00+00:00,,,,27.9,67,994.8,0.0,-7.172285669722766,-2.192787785420526,0.0032786885245901,-1.0,-1.8369701987210292e-16,0.4999999999999999,-0.8660254037844387,55.91,229.5,0.1103,0.0236,
2026-05-02 13:30:00+00:00,,,,26.9,72,995.8,0.0,-8.671893576588594,-2.002064383660398,0.0036363636363636,-0.9659258262890684,0.2588190451025203,0.4999999999999999,-0.8660254037844387,55.91,229.5,0.1103,0.0236,
2026-05-02 14:30:00+00:00,,,,26.2,72,996.7,0.0,-12.031667005822356,-2.999831505435882,0.0036363636363636,-0.8660254037844386,0.5000000000000001,0.4999999999999999,-0.8660254037844387,55.91,229.5,0.1103,0.0236,
2026-05-02 15:30:00+00:00,,,,25.6,72,997.9,0.0,-10.994224454613835,-2.1370607482173027,0.0037735849056603,-0.7071067811865477,0.7071067811865474,0.4999999999999999,-0.8660254037844387,55.91,229.5,0.1103,0.0236,
2026-05-02 16:30:00+00:00,,,,25.1,74,998.7,0.0,-12.653628324386794,-3.3905294908430217,0.0032786885245901,-0.5000000000000004,0.8660254037844384,0.4999999999999999,-0.8660254037844387,55.91,229.5,0.1103,0.0236,
2026-05-02 17:30:00+00:00,28.06,69.0,16.6,25.1,76,998.3,0.0,-12.959121861643627,-2.991849022773404,0.003076923076923,-0.2588190451025215,0.965925826289068,0.4999999999999999,-0.8660254037844387,55.91,229.5,0.1103,0.0236,1.3022010093884013
2026-05-02 18:30:00+00:00,31.48,64.6,15.0,24.5,79,998.0,0.0,-13.390081022608753,-3.338522159275417,0.0029411764705882,0.0,1.0,0.4999999999999999,-0.8660254037844387,55.91,229.5,0.1103,0.0236,2.904848201816481
2026-05-02 19:30:00+00:00,29.22,64.4,12.575,24.0,81,997.6,0.0,-14.225802945864434,-3.284285393420428,0.0028169014084507,0.2588190451025207,0.9659258262890684,0.4999999999999999,-0.8660254037844387,55.91,229.5,0.1103,0.0236,2.4517537770702775
2026-05-02 20:30:00+00:00,30.615,59.400000000000006,12.075,23.5,82,997.6,0.0,-14.37876973078694,-3.056301855021064,0.0027397260273972,0.4999999999999999,0.8660254037844387,0.4999999999999999,-0.8660254037844387,55.91,229.5,0.1103,0.0236,2.2333509094088866
2026-05-02 21:30:00+00:00,31.6725,57.1,9.5,23.0,85,998.2,0.0,-14.360376748884748,-3.580444054875085,0.0025,0.7071067811865475,0.7071067811865476,0.4999999999999999,-0.8660254037844387,55.91,229.5,0.1103,0.0236,4.021642253361064
2026-05-02 22:30:00+00:00,30.2525,57.25,8.3,22.7,86,998.6,0.0,-15.309169279224635,-2.424734208123579,0.0024390243902439,0.8660254037844386,0.5000000000000001,0.4999999999999999,-0.8660254037844387,55.91,229.5,0.1103,0.0236,1.8582068887421377
2026-05-02 23:30:00+00:00,30.35,58.05,9.0,22.6,90,998.9,0.0,-14.89773065783023,0.2600408559155238,0.0027027027027027,0.9659258262890684,0.2588190451025207,0.4999999999999999,-0.8660254037844387,55.91,229.5,0.1103,0.0236,3.532766860175493
2026-05-03 00:30:00+00:00,29.5025,55.475,8.4,23.6,88,999.9,0.0,-11.198294185751582,0.1954669520975749,0.0024691358024691,1.0,6.123233995736766e-17,0.4999999999999999,-0.8660254037844387,55.91,229.5,0.1103,0.0236,3.990552738845952
2026-05-03 01:30:00+00:00,29.8175,57.7,9.6,25.1,80,1001.2,0.0,-9.98294387559116,-7.522687789400603,0.0016528925619834,0.9659258262890684,-0.2588190451025206,0.4999999999999999,-0.8660254037844387,55.91,229.5,0.1103,0.0236,3.2419679160232926
2026-05-03 02:30:00+00:00,28.2975,58.35,10.2,24.3,84,1001.3,1.0,-18.574509346435075,0.9734487861187514,0.0022988505747126,0.8660254037844387,-0.4999999999999998,0.4999999999999999,-0.8660254037844387,55.91,229.5,0.1103,0.0236,1.9662062811436205
2026-05-03 03:30:00+00:00,31.2225,64.53333333333333,11.699999999999998,26.2,75,1002.2,2.9,-8.476296891445697,-4.506927002744552,0.0017699115044247,0.7071067811865476,-0.7071067811865475,0.4999999999999999,-0.8660254037844387,55.91,229.5,0.1103,0.0236,4.885390844258611
2026-05-03 04:30:00+00:00,30.3425,66.225,12.8,25.5,79,1001.9,0.8,-14.728077655239046,6.251698055828378,0.0022222222222222,0.4999999999999999,-0.8660254037844387,0.4999999999999999,-0.8660254037844387,55.91,229.5,0.1103,0.0236,1.4390400307615288
2026-05-03 05:30:00+00:00,28.025,69.75,13.8,27.9,67,1001.8,0.1,-16.691932956057826,2.6437424591799044,0.00125,0.258819045102521,-0.9659258262890682,0.4999999999999999,-0.8660254037844387,55.91,229.5,0.1103,0.0236,4.614067429987092
2026-05-03 06:30:00+00:00,30.975,72.325,16.2,28.8,64,1001.2,0.0,-13.724402156082174,1.442492793093616,0.0009900990099009,1.2246467991473532e-16,-1.0,0.4999999999999999,-0.8660254037844387,55.91,229.5,0.1103,0.0236,1.785020929615363
2026-05-03 07:30:00+00:00,30.2425,73.35000000000001,16.225,29.0,64,1000.3,0.0,-12.998020037033086,-0.2268812836846838,0.0010695187165775,-0.2588190451025208,-0.9659258262890684,0.4999999999999999,-0.8660254037844387,55.91,229.5,0.1103,0.0236,2.3750556704409203
2026-05-03 08:30:00+00:00,30.8625,72.875,18.8,29.8,61,999.0,0.0,-12.552053195955994,1.0981623586204938,0.0009523809523809,-0.4999999999999998,-0.8660254037844388,0.4999999999999999,-0.8660254037844387,55.91,229.5,0.1103,0.0236,2.308162199119672
2026-05-03 09:30:00+00:00,28.7425,73.7,18.825,29.8,60,998.1,0.0,-9.177589262390384,0.641759558445953,0.0009661835748792,-0.7071067811865471,-0.7071067811865479,0.4999999999999999,-0.8660254037844387,55.91,229.5,0.1103,0.0236,0.03713386248279382
2026-05-03 10:30:00+00:00,29.95,78.9,21.8,29.7,60,997.8,0.0,-4.697136886989751,0.1640276345017534,0.0010309278350515,-0.8660254037844384,-0.5000000000000004,0.4999999999999999,-0.8660254037844387,55.91,229.5,0.1103,0.0236,0.9320485466141465
2026-05-03 11:30:00+00:00,29.1675,79.675,20.7,29.9,61,997.5,0.0,-7.24558690698165,-0.8896462068575767,0.0010695187165775,-0.9659258262890684,-0.2588190451025206,0.4999999999999999,-0.8660254037844387,55.91,229.5,0.1103,0.0236,0.7013388892854977
2026-05-03 12:30:00+00:00,30.355,73.625,21.475,28.2,71,998.2,0.0,-4.8338741480916285,-3.020539806129268,0.0074074074074074,-1.0,-1.8369701987210292e-16,0.4999999999999999,-0.8660254037844387,55.91,229.5,0.1103,0.0236,4.813883471824816
2026-05-03 13:30:00+00:00,32.16,77.6,20.1,27.3,75,999.3,0.0,-7.430631098254086,-6.235039813959431,0.0037037037037037,-0.9659258262890684,0.2588190451025203,0.4999999999999999,-0.8660254037844387,55.91,229.5,0.1103,0.0236,2.245627075466083
2026-05-03 14:30:00+00:00,27.8775,75.65,18.4,26.4,78,1000.4,0.0,-10.06649331855067,-4.909756844037667,0.003076923076923,-0.8660254037844386,0.5000000000000001,0.4999999999999999,-0.8660254037844387,55.91,229.5,0.1103,0.0236,0.9594748660401337
2026-05-03 15:30:00+00:00,30.56,73.39999999999999,17.3,26.0,78,1001.2,0.0,-10.662614327518057,-4.307975824282988,0.0035087719298245,-0.7071067811865477,0.7071067811865474,0.4999999999999999,-0.8660254037844387,55.91,229.5,0.1103,0.0236,1.1154455000307728
2026-05-03 16:30:00+00:00,30.6975,72.1,16.2,25.6,80,1001.7,0.0,-11.010381732073158,-2.5419469140856736,0.003030303030303,-0.5000000000000004,0.8660254037844384,0.4999999999999999,-0.8660254037844387,55.91,229.5,0.1103,0.0236,4.364681083147046
2026-05-03 17:30:00+00:00,28.99666666666667,72.0,15.9,25.3,83,1001.7,0.0,-10.973204552858066,-0.76732121118538,0.003076923076923,-0.2588190451025215,0.965925826289068,0.4999999999999999,-0.8660254037844387,55.91,229.5,0.1103,0.0236,1.5337258895895967
2026-05-03 18:30:00+00:00,33.53,68.4,15.3,25.0,85,1001.3,0.0,-9.481199990560135,-4.024530623439522,0.0033333333333333,0.0,1.0,0.4999999999999999,-0.8660254037844387,55.91,229.5,0.1103,0.0236,1.6071481235653478
2026-05-03 19:30:00+00:00,29.6825,68.225,13.5,24.8,85,1000.9,0.0,-11.535326622311665,-3.971931484377312,0.0028985507246376,0.2588190451025207,0.9659258262890684,0.4999999999999999,-0.8660254037844387,55.91,229.5,0.1103,0.0236,3.8815067677891464
2026-05-03 20:30:00+00:00,30.54,63.55,12.7,24.7,85,1000.9,0.0,-11.029846833736729,-1.9448595898696208,0.0028571428571428,0.4999999999999999,0.8660254037844387,0.4999999999999999,-0.8660254037844387,55.91,229.5,0.1103,0.0236,4.4882222791767665
2026-05-03 21:30:00+00:00,32.1625,63.675,12.175,24.5,86,1001.0,0.0,-14.06565310866352,0.9835662797921672,0.0021052631578947,0.7071067811865475,0.7071067811865476,0.4999999999999999,-0.8660254037844387,55.91,229.5,0.1103,0.0236,0.6483375494472665
2026-05-03 22:30:00+00:00,32.6025,61.65,10.225,24.1,87,1000.9,0.0,-12.363850576500075,-3.312883777312265,0.0032258064516129,0.8660254037844386,0.5000000000000001,0.4999999999999999,-0.8660254037844387,55.91,229.5,0.1103,0.0236,0.855918786474768
2026-05-03 23:30:00+00:00,31.4225,62.75,13.875,24.2,86,1000.7,0.0,-11.15840085217396,-2.7821017993961807,0.0027777777777777,0.9659258262890684,0.2588190451025207,0.4999999999999999,-0.8660254037844387,55.91,229.5,0.1103,0.0236,0.29557099555500066
2026-05-04 00:30:00+00:00,30.565,62.575,12.5,25.0,83,1001.6,0.0,-11.837607860567156,-2.9514471263159483,0.0023255813953488,1.0,6.123233995736766e-17,0.4999999999999999,-0.8660254037844387,55.91,229.5,0.1103,0.0236,4.5888919166270075
2026-05-04 01:30:00+00:00,28.3175,64.125,13.225,26.3,78,1002.7,0.0,-14.95304783799771,-2.101513824496992,0.0018867924528301,0.9659258262890684,-0.2588190451025206,0.4999999999999999,-0.8660254037844387,55.91,229.5,0.1103,0.0236,1.603758064046747
2026-05-04 02:30:00+00:00,28.2875,68.45,14.825,28.2,70,1003.3,0.0,-16.038734639277106,-1.4032074582372962,0.0014598540145985,0.8660254037844387,-0.4999999999999998,0.4999999999999999,-0.8660254037844387,55.91,229.5,0.1103,0.0236,3.695009435377425
2026-05-04 03:30:00+00:00,31.7475,73.10000000000001,15.85,30.0,62,1003.7,0.0,-18.18891305174754,0.6351708399855133,0.0012121212121212,0.7071067811865476,-0.7071067811865475,0.4999999999999999,-0.8660254037844387,55.91,229.5,0.1103,0.0236,0.5294483332658723
2026-05-04 04:30:00+00:00,30.48,75.975,22.15,31.6,56,1003.4,0.0,-18.06433995987206,2.218022049973682,0.001025641025641,0.4999999999999999,-0.8660254037844387,0.4999999999999999,-0.8660254037844387,55.91,229.5,0.1103,0.0236,0.21571327484466107
2026-05-04 05:30:00+00:00,31.4575,85.4,27.425,31.8,54,1003.2,0.0,-19.652413802498177,2.413012999421918,0.0008620689655172,0.258819045102521,-0.9659258262890682,0.4999999999999999,-0.8660254037844387,55.91,229.5,0.1103,0.0236,1.4876506662552496
2026-05-04 06:30:00+00:00,29.0025,86.2,30.0,32.7,51,1002.4,0.0,-19.259922641605183,3.050472068284505,0.0007604562737642,1.2246467991473532e-16,-1.0,0.4999999999999999,-0.8660254037844387,55.91,229.5,0.1103,0.0236,0.024328701073684234
2026-05-04 07:30:00+00:00,29.05,91.7,30.0,33.2,49,1001.1,0.0,-17.080312991989352,3.3200765195518795,0.0007042253521126,-0.2588190451025208,-0.9659258262890684,0.4999999999999999,-0.8660254037844387,55.91,229.5,0.1103,0.0236,3.804090726087559
2026-05-04 08:30:00+00:00,29.4,93.8,39.6,33.7,47,1000.1,0.0,-15.086701504948095,1.85241401975824,0.0006451612903225,-0.4999999999999998,-0.8660254037844388,0.4999999999999999,-0.8660254037844387,55.91,229.5,0.1103,0.0236,0.13988849671330794
2026-05-04 09:30:00+00:00,32.57,94.93333333333334,39.0,33.3,48,999.2,0.0,-14.61947186191362,1.5365684100345038,0.0006622516556291,-0.7071067811865471,-0.7071067811865479,0.4999999999999999,-0.8660254037844387,55.91,229.5,0.1103,0.0236,1.742113161056293
2026-05-04 10:30:00+00:00,30.645,96.075,36.775,32.7,50,999.0,0.0,-12.618104049466094,2.6820608115490927,0.0006535947712418,-0.8660254037844384,-0.5000000000000004,0.4999999999999999,-0.8660254037844387,55.91,229.5,0.1103,0.0236,2.59274461737337
2026-05-04 11:30:00+00:00,30.046666666666667,91.13333333333333,30.46666666666667,23.3,94,1002.8,7.7,5.623002058666795,-19.6097385971417,0.002061855670103,-0.9659258262890684,-0.2588190451025206,0.4999999999999999,-0.8660254037844387,55.91,229.5,0.1103,0.0236,1.7809426999658546
2026-05-04 12:30:00+00:00,30.89,76.2,19.65,22.8,94,1001.3,3.8,-10.284601754984628,-12.256711089903648,0.003030303030303,-1.0,-1.8369701987210292e-16,0.4999999999999999,-0.8660254037844387,55.91,229.5,0.1103,0.0236,2.7713276868601238
2026-05-04 13:30:00+00:00,30.136666666666667,66.73333333333333,12.666666666666666,23.0,91,1002.5,1.0,-5.259676157796696,1.6080443759750516,0.0047619047619047,-0.9659258262890684,0.2588190451025203,0.4999999999999999,-0.8660254037844387,55.91,229.5,0.1103,0.0236,0.9825071109041583
2026-05-04 14:30:00+00:00,30.2375,56.525,12.075,23.0,92,1002.4,0.0,-9.17736719914019,4.676102147317332,0.0055555555555555,-0.8660254037844386,0.5000000000000001,0.4999999999999999,-0.8660254037844387,55.91,229.5,0.1103,0.0236,4.524073968917217
2026-05-04 15:30:00+00:00,33.1175,57.25,8.875,23.1,92,1002.9,0.0,-12.292967756264863,9.60431901508027,0.0032258064516129,-0.7071067811865477,0.7071067811865474,0.4999999999999999,-0.8660254037844387,55.91,229.5,0.1103,0.0236,4.875866279075928
2026-05-04 16:30:00+00:00,29.015,53.95,7.3,23.2,91,1002.8,0.0,-11.573653837646852,7.516018683207376,0.0028169014084507,-0.5000000000000004,0.8660254037844384,0.4999999999999999,-0.8660254037844387,55.91,229.5,0.1103,0.0236,2.666500631402504
2026-05-04 17:30:00+00:00,32.39333333333334,50.5,6.7,22.6,89,1002.6,0.0,-11.072857899613174,9.970046034746987,0.0025974025974025,-0.2588190451025215,0.965925826289068,0.4999999999999999,-0.8660254037844387,55.91,229.5,0.1103,0.0236,3.9404657029092727
2026-05-04 18:30:00+00:00,32.31,53.7,7.8,22.6,90,1003.0,0.0,-8.057372626599856,4.841357904154511,0.0026666666666666,0.0,1.0,0.4999999999999999,-0.8660254037844387,55.91,229.5,0.1103,0.0236,0.230629922749222
2026-05-04 19:30:00+00:00,30.585,54.55,6.8,22.1,93,1002.9,0.0,-5.918803930283578,-1.475723563157974,0.0044444444444444,0.2588190451025207,0.9659258262890684,0.4999999999999999,-0.8660254037844387,55.91,229.5,0.1103,0.0236,0.6617277346782108
2026-05-04 20:30:00+00:00,29.49,51.6,6.4,21.8,95,1003.2,0.0,-4.515279407983482,-4.6757087022012325,0.0083333333333333,0.4999999999999999,0.8660254037844387,0.4999999999999999,-0.8660254037844387,55.91,229.5,0.1103,0.0236,4.170996463899663
2026-05-04 21:30:00+00:00,31.3525,49.95,5.775,21.6,96,1003.7,0.0,-4.15,-7.188010851410842,0.0074074074074074,0.7071067811865475,0.7071067811865476,0.4999999999999999,-0.8660254037844387,55.91,229.5,0.1103,0.0236,4.562754045206201
2026-05-04 22:30:00+00:00,32.915,49.5,5.625,21.4,97,1003.9,0.0,-7.926888806861101,-6.419067988708342,0.0048780487804878,0.8660254037844386,0.5000000000000001,0.4999999999999999,-0.8660254037844387,55.91,229.5,0.1103,0.0236,0.3716006292485269
2026-05-04 23:30:00+00:00,30.605,50.225,6.175,21.1,94,1004.2,0.0,-10.242192077163551,-5.445870128316334,0.0028571428571428,0.9659258262890684,0.2588190451025207,0.4999999999999999,-0.8660254037844387,55.91,229.5,0.1103,0.0236,0.8159426011065435
2026-05-05 00:30:00+00:00,30.9075,49.8,5.6,22.3,90,1005.2,0.0,-13.169285234354968,-3.776231774692888,0.0027777777777777,1.0,6.123233995736766e-17,0.4999999999999999,-0.8660254037844387,55.91,229.5,0.1103,0.0236,3.288861593693342
2026-05-05 01:30:00+00:00,29.435,52.225,6.85,23.8,83,1006.1,0.0,-8.843607602632533,2.535863673516391,0.0019801980198019,0.9659258262890684,-0.2588190451025206,0.4999999999999999,-0.8660254037844387,55.91,229.5,0.1103,0.0236,2.890995740065673
2026-05-05 02:30:00+00:00,31.61,53.25,11.925,25.7,74,1006.2,0.0,-6.893654271085456,1.215537243668512,0.0014925373134328,0.8660254037844387,-0.4999999999999998,0.4999999999999999,-0.8660254037844387,55.91,229.5,0.1103,0.0236,4.267490826586527
2026-05-05 03:30:00+00:00,29.9875,57.575,14.125,27.3,67,1006.3,0.0,-1.8021344974357827,1.261868159972301,0.0010309278350515,0.7071067811865476,-0.7071067811865475,0.4999999999999999,-0.8660254037844387,55.91,229.5,0.1103,0.0236,2.183692693056638
2026-05-05 04:30:00+00:00,30.2925,57.875,16.025,28.7,62,1006.0,0.0,0.3441558230885085,-2.172914349309303,0.0008547008547008,0.4999999999999999,-0.8660254037844387,0.4999999999999999,-0.8660254037844387,55.91,229.5,0.1103,0.0236,3.035879636501747
2026-05-05 05:30:00+00:00,26.245,60.9,18.7,28.6,61,1005.3,0.0,1.2978713763747802,-3.994437368439645,0.0008032128514056,0.258819045102521,-0.9659258262890682,0.4999999999999999,-0.8660254037844387,55.91,229.5,0.1103,0.0236,4.096471632432
2026-05-05 06:30:00+00:00,28.266666666666666,60.4,19.9,29.5,57,1004.1,0.0,-0.8771151141682103,-2.868914267889106,0.0007604562737642,1.2246467991473532e-16,-1.0,0.4999999999999999,-0.8660254037844387,55.91,229.5,0.1103,0.0236,3.021720811984003
2026-05-05 07:30:00+00:00,31.582500000000003,62.375,19.4,30.0,55,1002.9,0.0,-1.8,-1.1021821192326179e-16,0.0007604562737642,-0.2588190451025208,-0.9659258262890684,0.4999999999999999,-0.8660254037844387,55.91,229.5,0.1103,0.0236,3.921104317716249
2026-05-05 08:30:00+00:00,30.73,61.6,19.3,29.5,58,1001.8,0.0,-3.5748714227020666,2.894873798829251,0.0008583690987124,-0.4999999999999998,-0.8660254037844388,0.4999999999999999,-0.8660254037844387,55.91,229.5,0.1103,0.0236,1.7352233571405344
2026-05-05 09:30:00+00:00,30.59,63.075,17.4,29.8,57,1000.7,0.0,-5.4322858732732575,0.8603895577212707,0.001010101010101,-0.7071067811865471,-0.7071067811865479,0.4999999999999999,-0.8660254037844387,55.91,229.5,0.1103,0.0236,2.768650712258927
2026-05-05 10:30:00+00:00,30.316666666666663,62.833333333333336,18.7,29.6,58,1000.0,0.0,-1.8000513314744355,-1.081579957311114,0.0012738853503184,-0.8660254037844384,-0.5000000000000004,0.4999999999999999,-0.8660254037844387,55.91,229.5,0.1103,0.0236,1.4433178260239332
2026-05-05 11:30:00+00:00,29.1,63.7,18.3,29.8,61,999.9,0.0,2.181643291108516,-3.9357886821272814,0.0074074074074074,-0.9659258262890684,-0.2588190451025206,0.4999999999999999,-0.8660254037844387,55.91,229.5,0.1103,0.0236,4.775154668952075
2026-05-05 12:30:00+00:00,,,,27.9,74,1000.3,0.0,2.7189233611099493,-1.2678547852220987,0.0222222222222222,-1.0,-1.8369701987210292e-16,0.4999999999999999,-0.8660254037844387,55.91,229.5,0.1103,0.0236,
2026-05-05 13:30:00+00:00,,,,27.4,74,1000.8,0.0,1.4003706397458031,-0.5375519243179493,0.05,-0.9659258262890684,0.2588190451025203,0.4999999999999999,-0.8660254037844387,55.91,229.5,0.1103,0.0236,
2026-05-05 14:30:00+00:00,,,,27.2,73,1001.3,0.0,0.1717280958388902,-0.8834644651028976,0.0666666666666666,-0.8660254037844386,0.5000000000000001,0.4999999999999999,-0.8660254037844387,55.91,229.5,0.1103,0.0236,
2026-05-05 15:30:00+00:00,,,,27.0,73,1002.2,0.0,0.7128052193506943,0.3631923997916376,0.0666666666666666,-0.7071067811865477,0.7071067811865474,0.4999999999999999,-0.8660254037844387,55.91,229.5,0.1103,0.0236,
2026-05-05 16:30:00+00:00,,,,26.2,77,1002.5,0.0,0.7107390870623798,2.1874299874788528,0.0333333333333333,-0.5000000000000004,0.8660254037844384,0.4999999999999999,-0.8660254037844387,55.91,229.5,0.1103,0.0236,
2026-05-05 17:30:00+00:00,,,,26.1,82,1001.7,0.0,-0.1883424791091389,2.6934229357015256,0.0333333333333333,-0.2588190451025215,0.965925826289068,0.4999999999999999,-0.8660254037844387,55.91,229.5,0.1103,0.0236,
2026-05-05 18:30:00+00:00,,,,26.0,80,1001.5,0.0,4.113840701993854,-4.902684435961458,0.0222222222222222,0.0,1.0,0.4999999999999999,-0.8660254037844387,55.91,229.5,0.1103,0.0236,
2026-05-05 19:30:00+00:00,,,,25.4,77,1000.8,0.0,4.067565979741146,-4.679199397381186,0.0117647058823529,0.2588190451025207,0.9659258262890684,0.4999999999999999,-0.8660254037844387,55.91,229.5,0.1103,0.0236,
2026-05-05 20:30:00+00:00,,,,24.8,81,1000.9,0.3,5.991777208527443,0.3140157374576658,0.0117647058823529,0.4999999999999999,0.8660254037844387,0.4999999999999999,-0.8660254037844387,55.91,229.5,0.1103,0.0236,
2026-05-05 21:30:00+00:00,,,,24.4,84,1001.0,0.1,8.083980388508804,2.6266444521870542,0.0054054054054054,0.7071067811865475,0.7071067811865476,0.4999999999999999,-0.8660254037844387,55.91,229.5,0.1103,0.0236,
2026-05-05 22:30:00+00:00,,,,24.0,85,1001.7,0.0,8.666893873398186,0.7582549619046267,0.0041666666666666,0.8660254037844386,0.5000000000000001,0.4999999999999999,-0.8660254037844387,55.91,229.5,0.1103,0.0236,
2026-05-05 23:30:00+00:00,,,,24.1,90,1001.5,0.0,1.2371589869371986,-3.5929705872774025,0.0048780487804878,0.9659258262890684,0.2588190451025207,0.4999999999999999,-0.8660254037844387,55.91,229.5,0.1103,0.0236,
2026-05-06 00:30:00+00:00,,,,24.3,90,1002.2,0.1,-3.213776741499453,-9.890987769469596,0.0037037037037037,1.0,6.123233995736766e-17,0.4999999999999999,-0.8660254037844387,55.91,229.5,0.1103,0.0236,
2026-05-06 01:30:00+00:00,,,,24.6,84,1002.8,0.1,-5.0516545232269054,-5.811263767715345,0.0034482758620689,0.9659258262890684,-0.2588190451025206,0.4999999999999999,-0.8660254037844387,55.91,229.5,0.1103,0.0236,
2026-05-06 02:30:00+00:00,,,,26.3,76,1003.2,0.0,-1.6443818237566816,-0.7321259575364404,0.0022471910112359,0.8660254037844387,-0.4999999999999998,0.4999999999999999,-0.8660254037844387,55.91,229.5,0.1103,0.0236,
2026-05-06 03:30:00+00:00,,,,27.9,69,1003.3,0.0,4.898587196589413e-16,-2.0,0.0014814814814814,0.7071067811865476,-0.7071067811865475,0.4999999999999999,-0.8660254037844387,55.91,229.5,0.1103,0.0236,
2026-05-06 04:30:00+00:00,,,,29.3,62,1002.8,0.0,-1.7999999999999998,-3.1176914536239795,0.000896860986547,0.4999999999999999,-0.8660254037844387,0.4999999999999999,-0.8660254037844387,55.91,229.5,0.1103,0.0236,
2026-05-06 05:30:00+00:00,32.7,61.35,35.5,30.3,60,1002.5,0.0,-3.9719791528035184,-5.270994366312133,0.0005882352941176,0.258819045102521,-0.9659258262890682,0.4999999999999999,-0.8660254037844387,55.91,229.5,0.1103,0.0236,0.6792578065780114
2026-05-06 06:30:00+00:00,29.51,53.65,35.575,27.5,66,1002.2,1.9,-3.399186938124421,-10.461621679246688,0.0017241379310344,1.2246467991473532e-16,-1.0,0.4999999999999999,-0.8660254037844387,55.91,229.5,0.1103,0.0236,2.1651681247172982
2026-05-06 07:30:00+00:00,32.9125,53.125,31.35,26.7,71,1001.4,0.2,-6.475265537596346,-0.5665123278597779,0.0027027027027027,-0.2588190451025208,-0.9659258262890684,0.4999999999999999,-0.8660254037844387,55.91,229.5,0.1103,0.0236,3.6937357118311325
2026-05-06 08:30:00+00:00,30.1625,58.35,36.675,27.9,68,1000.5,0.0,-3.423803458662553,1.1124611797498103,0.0017543859649122,-0.4999999999999998,-0.8660254037844388,0.4999999999999999,-0.8660254037844387,55.91,229.5,0.1103,0.0236,0.062314209446324154
2026-05-06 09:30:00+00:00,31.2325,55.38333333333333,39.53333333333333,28.8,64,999.6,0.0,-2.138415658052083,1.0895771993749122,0.0013986013986013,-0.7071067811865471,-0.7071067811865479,0.4999999999999999,-0.8660254037844387,55.91,229.5,0.1103,0.0236,0.33880497719535274
2026-05-06 10:30:00+00:00,30.72666666666667,52.41666666666667,42.391666666666666,28.8,63,999.0,0.0,-1.6167960777017611,0.5253288904374105,0.0013333333333333,-0.8660254037844384,-0.5000000000000004,0.4999999999999999,-0.8660254037844387,55.91,229.5,0.1103,0.0236,1.2895095654703788
2026-05-06 11:30:00+00:00,28.27,49.45,45.25,30.5,54,997.9,0.0,-2.138415658052083,-1.0895771993749124,0.0285714285714285,-0.9659258262890684,-0.2588190451025206,0.4999999999999999,-0.8660254037844387,55.91,229.5,0.1103,0.0236,4.659973161248854
2026-05-06 12:30:00+00:00,28.36,48.125,45.875,27.9,69,998.7,0.0,-5.256938492711371,-2.6785439484633264,0.0133333333333333,-1.0,-1.8369701987210292e-16,0.4999999999999999,-0.8660254037844387,55.91,229.5,0.1103,0.0236,4.283771109428719
2026-05-06 13:30:00+00:00,29.25,53.3,35.2,27.2,74,999.8,0.0,-6.46168817957512,-5.048424097670398,0.0083333333333333,-0.9659258262890684,0.2588190451025203,0.4999999999999999,-0.8660254037844387,55.91,229.5,0.1103,0.0236,4.185843940368844
2026-05-06 14:30:00+00:00,,,,24.6,80,1001.3,0.0,0.3627336634694488,-5.187333061351087,0.008,-0.8660254037844386,0.5000000000000001,0.4999999999999999,-0.8660254037844387,55.91,229.5,0.1103,0.0236,
2026-05-06 15:30:00+00:00,,,,24.4,83,1001.8,0.0,-7.582429754572904,-10.436319227436822,0.0032258064516129,-0.7071067811865477,0.7071067811865474,0.4999999999999999,-0.8660254037844387,55.91,229.5,0.1103,0.0236,
2026-05-06 16:30:00+00:00,,,,23.4,83,1001.7,0.0,-10.293725518296688,-0.3594648160357611,0.0052631578947368,-0.5000000000000004,0.8660254037844384,0.4999999999999999,-0.8660254037844387,55.91,229.5,0.1103,0.0236,
2026-05-06 17:30:00+00:00,,,,21.9,89,1002.2,0.0,-4.366330768241984,1.088648530198505,0.0117647058823529,-0.2588190451025215,0.965925826289068,0.4999999999999999,-0.8660254037844387,55.91,229.5,0.1103,0.0236,
2026-05-06 18:30:00+00:00,,,,22.3,90,1001.9,0.0,-8.344654691101088,-3.371459340743208,0.0051282051282051,0.0,1.0,0.4999999999999999,-0.8660254037844387,55.91,229.5,0.1103,0.0236,
2026-05-06 19:30:00+00:00,30.63,52.0,6.0,22.2,90,1001.8,0.0,-7.543072246178588,-4.532335059208478,0.0039215686274509,0.2588190451025207,0.9659258262890684,0.4999999999999999,-0.8660254037844387,55.91,229.5,0.1103,0.0236,4.084369210806577
2026-05-06 20:30:00+00:00,30.7475,51.475,9.25,21.9,90,1001.9,0.0,-8.088899231512048,-0.4239212455678461,0.0042553191489361,0.4999999999999999,0.8660254037844387,0.4999999999999999,-0.8660254037844387,55.91,229.5,0.1103,0.0236,2.8920872088489684
2026-05-06 21:30:00+00:00,30.91,47.36666666666667,4.866666666666667,21.7,92,1002.3,0.0,-10.382164271153162,2.588564282916445,0.0028571428571428,0.7071067811865475,0.7071067811865476,0.4999999999999999,-0.8660254037844387,55.91,229.5,0.1103,0.0236,3.793522444541726
2026-05-06 22:30:00+00:00,30.885,48.25,3.625,21.7,90,1002.2,0.0,-9.02104915954472,3.28339337592642,0.0037037037037037,0.8660254037844386,0.5000000000000001,0.4999999999999999,-0.8660254037844387,55.91,229.5,0.1103,0.0236,1.5001190605249193
2026-05-06 23:30:00+00:00,29.4475,48.125,4.8,21.6,94,1003.1,0.0,-10.793420931806237,-0.3769145643870117,0.0043478260869565,0.9659258262890684,0.2588190451025207,0.4999999999999999,-0.8660254037844387,55.91,229.5,0.1103,0.0236,4.187077072508277
2026-05-07 00:30:00+00:00,29.5475,50.55,3.825,22.6,90,1003.7,0.0,-8.074598245881878,2.315353788862792,0.0042553191489361,1.0,6.123233995736766e-17,0.4999999999999999,-0.8660254037844387,55.91,229.5,0.1103,0.0236,2.1173335666450432
2026-05-07 01:30:00+00:00,29.5025,49.5,6.925000000000001,24.1,85,1004.2,0.0,-7.165878439167947,1.392905666248777,0.0033333333333333,0.9659258262890684,-0.2588190451025206,0.4999999999999999,-0.8660254037844387,55.91,229.5,0.1103,0.0236,0.5244335602762273
2026-05-07 02:30:00+00:00,31.095,52.975,10.25,26.0,78,1004.4,0.0,-7.727366045797066,1.642502357460297,0.0022471910112359,0.8660254037844387,-0.4999999999999998,0.4999999999999999,-0.8660254037844387,55.91,229.5,0.1103,0.0236,3.4043897517934445
2026-05-07 03:30:00+00:00,29.92,55.725,17.45,27.7,72,1004.7,0.0,-6.847033205136639,-1.4553818357243162,0.0016528925619834,0.7071067811865476,-0.7071067811865475,0.4999999999999999,-0.8660254037844387,55.91,229.5,0.1103,0.0236,2.7579937440215296
2026-05-07 04:30:00+00:00,27.72,53.6,21.3,29.1,69,1004.6,0.0,-6.304850211054155,-2.5473248352282014,0.0011049723756906,0.4999999999999999,-0.8660254037844387,0.4999999999999999,-0.8660254037844387,55.91,229.5,0.1103,0.0236,2.399078228704697
2026-05-07 05:30:00+00:00,32.18,56.9,21.4,29.9,64,1004.6,0.1,-8.467654933779837,-0.7408238133550942,0.0008298755186721,0.258819045102521,-0.9659258262890682,0.4999999999999999,-0.8660254037844387,55.91,229.5,0.1103,0.0236,3.1362778251586727
2026-05-07 06:30:00+00:00,30.92333333333333,53.4,28.7,27.3,68,1004.7,0.8,3.894942519154653,-15.621761193043543,0.0016949152542372,1.2246467991473532e-16,-1.0,0.4999999999999999,-0.8660254037844387,55.91,229.5,0.1103,0.0236,4.655258244084354
2026-05-07 07:30:00+00:00,31.44333333333333,54.1,28.2,26.7,71,1003.5,0.0,-5.748539898314082,2.322560879178655,0.0028169014084507,-0.2588190451025208,-0.9659258262890684,0.4999999999999999,-0.8660254037844387,55.91,229.5,0.1103,0.0236,2.6779431095711703
2026-05-07 08:30:00+00:00,32.446666666666665,56.20000000000001,33.4,28.9,65,1002.5,0.0,-3.595066325116466,-0.1884094424745983,0.0016528925619834,-0.4999999999999998,-0.8660254037844388,0.4999999999999999,-0.8660254037844387,55.91,229.5,0.1103,0.0236,4.200957563220819
2026-05-07 09:30:00+00:00,29.24,56.29999999999999,34.1,30.0,57,1001.8,0.0,-2.8833635269318485,1.8017254983928963,0.0015625,-0.7071067811865471,-0.7071067811865479,0.4999999999999999,-0.8660254037844387,55.91,229.5,0.1103,0.0236,2.455203304308749
2026-05-07 10:30:00+00:00,31.98333333333333,57.633333333333326,30.133333333333336,29.8,56,1001.7,0.0,-2.293625724009177,-1.6060140217829288,0.0012195121951219,-0.8660254037844384,-0.5000000000000004,0.4999999999999999,-0.8660254037844387,55.91,229.5,0.1103,0.0236,3.1324448184636005
2026-05-07 11:30:00+00:00,33.947500000000005,59.325,24.375,29.2,61,1001.3,0.0,3.1955227495527967,-2.877261607343089,0.0153846153846153,-0.9659258262890684,-0.2588190451025206,0.4999999999999999,-0.8660254037844387,55.91,229.5,0.1103,0.0236,1.3916330933288452
2026-05-07 12:30:00+00:00,,,,27.9,72,1001.6,0.0,1.046162167924669,-0.339918693812442,0.05,-1.0,-1.8369701987210292e-16,0.4999999999999999,-0.8660254037844387,55.91,229.5,0.1103,0.0236,
2026-05-07 13:30:00+00:00,,,,27.0,75,1002.2,0.0,-1.7669289302057951,0.3434561916777806,0.0333333333333333,-0.9659258262890684,0.2588190451025203,0.4999999999999999,-0.8660254037844387,55.91,229.5,0.1103,0.0236,
2026-05-07 14:30:00+00:00,,,,26.2,78,1002.4,0.0,-5.08636752381579,1.0811407922523475,0.0166666666666666,-0.8660254037844386,0.5000000000000001,0.4999999999999999,-0.8660254037844387,55.91,229.5,0.1103,0.0236,
2026-05-07 15:30:00+00:00,,,,25.7,80,1002.6,0.0,-4.517929970910099,1.2954955723398955,0.0181818181818181,-0.7071067811865477,0.7071067811865474,0.4999999999999999,-0.8660254037844387,55.91,229.5,0.1103,0.0236,
2026-05-07 16:30:00+00:00,,,,25.8,77,1003.0,0.0,-2.748556113653459,0.5342651870543255,0.02,-0.5000000000000004,0.8660254037844384,0.4999999999999999,-0.8660254037844387,55.91,229.5,0.1103,0.0236,
2026-05-07 17:30:00+00:00,,,,25.7,79,1002.5,0.0,-3.740566961760987,3.612223526386785,0.0153846153846153,-0.2588190451025215,0.965925826289068,0.4999999999999999,-0.8660254037844387,55.91,229.5,0.1103,0.0236,
2026-05-07 18:30:00+00:00,29.47,89.8,23.3,25.4,80,1002.7,0.0,-1.9930095510714223,4.476372742448744,0.0153846153846153,0.0,1.0,0.4999999999999999,-0.8660254037844387,55.91,229.5,0.1103,0.0236,0.007716101400417896
2026-05-07 19:30:00+00:00,27.9975,90.275,21.675,24.9,80,1002.4,0.0,-0.8508760705679584,4.82555798975982,0.0153846153846153,0.2588190451025207,0.9659258262890684,0.4999999999999999,-0.8660254037844387,55.91,229.5,0.1103,0.0236,1.0448183987664121
2026-05-07 20:30:00+00:00,33.305,114.675,20.925,24.4,81,1002.5,0.0,-6.368163355566237e-16,5.2,0.0153846153846153,0.4999999999999999,0.8660254037844387,0.4999999999999999,-0.8660254037844387,55.91,229.5,0.1103,0.0236,3.4447888633360737
2026-05-07 21:30:00+00:00,28.96666666666667,290.5,24.7,23.8,83,1002.6,0.0,1.0797650608505518,4.676976310969129,0.0166666666666666,0.7071067811865475,0.7071067811865476,0.4999999999999999,-0.8660254037844387,55.91,229.5,0.1103,0.0236,0.32521239474863073
2026-05-07 22:30:00+00:00,27.035,108.7,23.6,23.4,85,1002.5,0.0,1.4214781741247595,4.3748599749577055,0.02,0.8660254037844386,0.5000000000000001,0.4999999999999999,-0.8660254037844387,55.91,229.5,0.1103,0.0236,2.654615388570207
2026-05-07 23:30:00+00:00,31.8275,124.15,19.325,23.3,91,1003.8,0.0,-6.257321295125419,-3.759777946843396,0.0133333333333333,0.9659258262890684,0.2588190451025207,0.4999999999999999,-0.8660254037844387,55.91,229.5,0.1103,0.0236,0.5263025174528019
2026-05-08 00:30:00+00:00,31.0675,102.05,20.725,24.5,89,1004.2,0.0,-6.445517427870166,-3.4271424083370032,0.0068965517241379,1.0,6.123233995736766e-17,0.4999999999999999,-0.8660254037844387,55.91,229.5,0.1103,0.0236,3.0397157980654677
2026-05-08 01:30:00+00:00,30.5975,93.775,22.95,26.1,80,1004.9,0.0,-6.306922220793977,-1.5724923213978412,0.0037735849056603,0.9659258262890684,-0.2588190451025206,0.4999999999999999,-0.8660254037844387,55.91,229.5,0.1103,0.0236,4.160404790593576
2026-05-08 02:30:00+00:00,30.43,92.475,27.5,27.8,72,1005.5,0.0,-6.674504477214695,-0.5839434764093095,0.0021505376344086,0.8660254037844387,-0.4999999999999998,0.4999999999999999,-0.8660254037844387,55.91,229.5,0.1103,0.0236,3.0304691063042206
2026-05-08 03:30:00+00:00,29.335,85.85,28.175,29.6,59,1005.6,0.0,-9.355673653615977,-1.6496576878358389,0.0012422360248447,0.7071067811865476,-0.7071067811865475,0.4999999999999999,-0.8660254037844387,55.91,229.5,0.1103,0.0236,1.8443721607670844
2026-05-08 04:30:00+00:00,28.293333333333333,71.46666666666667,70.86666666666666,30.9,52,1005.0,0.0,-8.961750552411093,-1.5801984167690668,0.0008130081300813,0.4999999999999999,-0.8660254037844387,0.4999999999999999,-0.8660254037844387,55.91,229.5,0.1103,0.0236,4.148361069483863
2026-05-08 05:30:00+00:00,30.175,70.07499999999999,49.35,31.6,45,1004.6,0.0,-7.880755997052612,-0.5510761425785912,0.0006666666666666,0.258819045102521,-0.9659258262890682,0.4999999999999999,-0.8660254037844387,55.91,229.5,0.1103,0.0236,1.6484605316584688
2026-05-08 06:30:00+00:00,29.4425,70.425,33.150000000000006,31.7,44,1003.7,0.0,-10.05471104240922,-3.659615533584656,0.000655737704918,1.2246467991473532e-16,-1.0,0.4999999999999999,-0.8660254037844387,55.91,229.5,0.1103,0.0236,0.3255346363094008
2026-05-08 07:30:00+00:00,29.385,77.75,27.325000000000003,30.0,51,1003.4,0.7,-10.76613099450917,3.0871383851503893,0.0011494252873563,-0.2588190451025208,-0.9659258262890684,0.4999999999999999,-0.8660254037844387,55.91,229.5,0.1103,0.0236,1.4285926405529863
2026-05-08 08:30:00+00:00,28.78,82.25,56.1,31.1,46,1002.2,0.0,-5.558258449191404,0.6824683230688252,0.0008032128514056,-0.4999999999999998,-0.8660254037844388,0.4999999999999999,-0.8660254037844387,55.91,229.5,0.1103,0.0236,0.7967911055014054
2026-05-08 09:30:00+00:00,29.4375,74.07499999999999,52.025000000000006,31.2,45,1002.0,0.0,-3.633958072659534,-1.1110124779463997,0.0006872852233676,-0.7071067811865471,-0.7071067811865479,0.4999999999999999,-0.8660254037844387,55.91,229.5,0.1103,0.0236,4.1921374384076096
2026-05-08 10:30:00+00:00,29.515,65.89999999999999,47.95,30.8,47,1001.6,0.0,-2.0,-3.464101615137755,0.0007518796992481,-0.8660254037844384,-0.5000000000000004,0.4999999999999999,-0.8660254037844387,55.91,229.5,0.1103,0.0236,2.591833298381424
2026-05-08 11:30:00+00:00,31.39,62.900000000000006,6.825,29.9,58,1001.0,0.0,9.797174393178826e-16,-4.0,0.0142857142857142,-0.9659258262890684,-0.2588190451025206,0.4999999999999999,-0.8660254037844387,55.91,229.5,0.1103,0.0236,0.11852422904677251
2026-05-08 12:30:00+00:00,31.9075,51.25,8.825000000000001,27.6,65,1001.7,0.1,-2.728809822588292,-9.516490789789357,0.0045454545454545,-1.0,-1.8369701987210292e-16,0.4999999999999999,-0.8660254037844387,55.91,229.5,0.1103,0.0236,1.3424758136102706
2026-05-08 13:30:00+00:00,32.77,54.6,12.075,26.3,72,1002.5,0.0,-4.702653316389469,-8.483811159252138,0.0047619047619047,-0.9659258262890684,0.2588190451025203,0.4999999999999999,-0.8660254037844387,55.91,229.5,0.1103,0.0236,2.401909160877651
2026-05-08 14:30:00+00:00,32.765,48.625,9.425,25.4,76,1003.4,0.0,-5.744020660062127,-4.173275291276559,0.0045454545454545,-0.8660254037844386,0.5000000000000001,0.4999999999999999,-0.8660254037844387,55.91,229.5,0.1103,0.0236,0.5375305320265455
2026-05-08 15:30:00+00:00,29.905,44.6,11.575,25.1,77,1003.9,0.0,-8.286360674951823,-4.222111647577786,0.0041666666666666,-0.7071067811865477,0.7071067811865474,0.4999999999999999,-0.8660254037844387,55.91,229.5,0.1103,0.0236,0.44704862147807556
2026-05-08 16:30:00+00:00,28.8125,44.775,7.425000000000001,24.7,77,1003.6,0.0,-8.320563465273988,-2.86499975922298,0.0054054054054054,-0.5000000000000004,0.8660254037844384,0.4999999999999999,-0.8660254037844387,55.91,229.5,0.1103,0.0236,1.2116349184569664
2026-05-08 17:30:00+00:00,29.85,46.20000000000001,9.7,24.3,79,1003.3,0.0,-8.798003754859925,-2.689819683449178,0.0052631578947368,-0.2588190451025215,0.965925826289068,0.4999999999999999,-0.8660254037844387,55.91,229.5,0.1103,0.0236,4.7813149812279985
2026-05-08 18:30:00+00:00,29.01,51.1,6.5,23.8,81,1002.9,0.0,-8.3,-5.082284216461516e-16,0.0039215686274509,0.0,1.0,0.4999999999999999,-0.8660254037844387,55.91,229.5,0.1103,0.0236,4.590262418099776
2026-05-08 19:30:00+00:00,28.8275,47.25,10.65,23.4,81,1002.3,0.0,-9.2,-5.633375276077824e-16,0.0039215686274509,0.2588190451025207,0.9659258262890684,0.4999999999999999,-0.8660254037844387,55.91,229.5,0.1103,0.0236,1.1168853852279248
2026-05-08 20:30:00+00:00,31.3925,44.575,4.525,23.0,83,1002.5,0.0,-8.652340489703978,-0.909397630428585,0.0043478260869565,0.4999999999999999,0.8660254037844387,0.4999999999999999,-0.8660254037844387,55.91,229.5,0.1103,0.0236,1.0923977235215205
2026-05-08 21:30:00+00:00,31.536666666666665,45.73333333333333,7.900000000000001,22.7,84,1002.4,0.0,-8.851244868777632,-0.9303033230821158,0.0048780487804878,0.7071067811865475,0.7071067811865476,0.4999999999999999,-0.8660254037844387,55.91,229.5,0.1103,0.0236,1.190479131909029
2026-05-08 22:30:00+00:00,30.705,51.975,7.5,22.4,86,1002.7,0.0,-8.833660749607766,-1.0846371563058128,0.0052631578947368,0.8660254037844386,0.5000000000000001,0.4999999999999999,-0.8660254037844387,55.91,229.5,0.1103,0.0236,1.9478782410572837
2026-05-08 23:30:00+00:00,30.255,54.3,7.6,22.9,86,1003.7,0.0,-12.05395584691012,-1.0545844872466634,0.0040816326530612,0.9659258262890684,0.2588190451025207,0.4999999999999999,-0.8660254037844387,55.91,229.5,0.1103,0.0236,4.009356309306478
2026-05-09 00:30:00+00:00,29.395,55.400000000000006,7.25,23.9,83,1004.6,0.0,-9.746314574609078,-1.024378940023004,0.003076923076923,1.0,6.123233995736766e-17,0.4999999999999999,-0.8660254037844387,55.91,229.5,0.1103,0.0236,1.5855240316617547
2026-05-09 01:30:00+00:00,29.2375,56.875,14.275,25.3,78,1005.1,0.0,-10.086158301021197,-0.5285931580537341,0.0025641025641025,0.9659258262890684,-0.2588190451025206,0.4999999999999999,-0.8660254037844387,55.91,229.5,0.1103,0.0236,1.6508490054594482
2026-05-09 02:30:00+00:00,28.883333333333336,54.5,13.0,27.2,71,1005.4,0.0,-10.593542766402416,0.3699346650465077,0.0017857142857142,0.8660254037844387,-0.4999999999999998,0.4999999999999999,-0.8660254037844387,55.91,229.5,0.1103,0.0236,0.11644851765424735
2026-05-09 03:30:00+00:00,29.76,58.975,19.25,28.9,64,1005.4,0.0,-12.968332653377717,0.9068341586736292,0.0012738853503184,0.7071067811865476,-0.7071067811865475,0.4999999999999999,-0.8660254037844387,55.91,229.5,0.1103,0.0236,4.580427998290179
2026-05-09 04:30:00+00:00,31.185,60.65,26.7,30.4,58,1004.9,0.0,-12.950531075192693,1.1330246557195571,0.001010101010101,0.4999999999999999,-0.8660254037844387,0.4999999999999999,-0.8660254037844387,55.91,229.5,0.1103,0.0236,3.862799355532867
2026-05-09 05:30:00+00:00,28.7625,63.575,26.125,31.4,53,1004.0,0.1,-12.552053195955994,1.0981623586204938,0.0009174311926605,0.258819045102521,-0.9659258262890682,0.4999999999999999,-0.8660254037844387,55.91,229.5,0.1103,0.0236,2.6206915356976284
2026-05-09 06:30:00+00:00,31.293333333333333,63.1,28.7,31.8,51,1003.0,0.0,-14.197837271220756,0.2478241714094253,0.000836820083682,1.2246467991473532e-16,-1.0,0.4999999999999999,-0.8660254037844387,55.91,229.5,0.1103,0.0236,1.2455170706531848
2026-05-09 07:30:00+00:00,29.71,66.275,32.875,31.6,51,1001.8,0.0,-14.96907784578556,-2.639452300537342,0.0008064516129032,-0.2588190451025208,-0.9659258262890684,0.4999999999999999,-0.8660254037844387,55.91,229.5,0.1103,0.0236,1.7378675768163976
2026-05-09 08:30:00+00:00,29.36,67.45,39.825,29.3,60,1002.1,0.9,-5.557266963671978,-5.7547184027092095,0.0018348623853211,-0.4999999999999998,-0.8660254037844388,0.4999999999999999,-0.8660254037844387,55.91,229.5,0.1103,0.0236,4.1541222640356725
2026-05-09 09:30:00+00:00,30.78,79.225,32.6,30.1,54,1001.3,0.0,-5.377666356487367,-2.172718241812289,0.0014388489208633,-0.7071067811865471,-0.7071067811865479,0.4999999999999999,-0.8660254037844387,55.91,229.5,0.1103,0.0236,0.42616101936916784
2026-05-09 10:30:00+00:00,30.896666666666665,69.1,33.4,29.7,57,1001.0,0.0,-4.51966221440197,-3.7924468971505823,0.0014598540145985,-0.8660254037844384,-0.5000000000000004,0.4999999999999999,-0.8660254037844387,55.91,229.5,0.1103,0.0236,2.5081739295398324
2026-05-09 11:30:00+00:00,29.6775,67.2,27.075000000000003,29.6,61,999.9,0.0,-5.276903214429623,-7.536198807458724,0.0054054054054054,-0.9659258262890684,-0.2588190451025206,0.4999999999999999,-0.8660254037844387,55.91,229.5,0.1103,0.0236,3.2997903362505494
2026-05-09 12:30:00+00:00,32.54,64.7,25.2,27.8,70,1001.0,0.0,-7.423571704208676,-2.701959132272784,0.0035714285714285,-1.0,-1.8369701987210292e-16,0.4999999999999999,-0.8660254037844387,55.91,229.5,0.1103,0.0236,2.220828955329667
2026-05-09 13:30:00+00:00,29.675,62.725,25.5,26.5,73,1001.5,0.0,-8.098766330766768,-0.1413644921419953,0.0045454545454545,-0.9659258262890684,0.2588190451025203,0.4999999999999999,-0.8660254037844387,55.91,229.5,0.1103,0.0236,3.1649318715113424
2026-05-09 14:30:00+00:00,28.7075,63.525000000000006,23.575000000000003,25.9,75,1001.9,0.0,-7.344841522145784,0.9018331411980904,0.0058823529411764,-0.8660254037844386,0.5000000000000001,0.4999999999999999,-0.8660254037844387,55.91,229.5,0.1103,0.0236,0.8776011976781328
2026-05-09 15:30:00+00:00,30.11,66.4,21.275,25.7,76,1002.5,0.0,-8.983110184488336,2.407017119453444,0.004,-0.7071067811865477,0.7071067811865474,0.4999999999999999,-0.8660254037844387,55.91,229.5,0.1103,0.0236,4.66551103133836
2026-05-09 16:30:00+00:00,28.3725,69.675,18.2,25.5,77,1002.7,0.0,-9.18550156753478,1.4548405248741487,0.0035714285714285,-0.5000000000000004,0.8660254037844384,0.4999999999999999,-0.8660254037844387,55.91,229.5,0.1103,0.0236,4.374344893027203
2026-05-09 17:30:00+00:00,30.870000000000005,69.5,18.2,25.0,81,1002.4,0.0,-0.7068421917498557,5.756767679519667,0.01,-0.2588190451025215,0.965925826289068,0.4999999999999999,-0.8660254037844387,55.91,229.5,0.1103,0.0236,2.0193169263402155
2026-05-09 18:30:00+00:00,29.58,68.8,18.0,24.4,85,1002.2,0.0,1.4364846019678084,3.946709007300816,0.0181818181818181,0.0,1.0,0.4999999999999999,-0.8660254037844387,55.91,229.5,0.1103,0.0236,4.60579349382544
2026-05-09 19:30:00+00:00,30.515,70.775,15.925,24.0,85,1001.6,0.0,-2.182394752199996,2.3403318451813457,0.0285714285714285,0.2588190451025207,0.9659258262890684,0.4999999999999999,-0.8660254037844387,55.91,229.5,0.1103,0.0236,0.21113656746170328
2026-05-09 20:30:00+00:00,29.5475,78.375,17.6,23.6,86,1001.9,0.0,-2.7189233611099497,-1.2678547852220985,0.0285714285714285,0.4999999999999999,0.8660254037844387,0.4999999999999999,-0.8660254037844387,55.91,229.5,0.1103,0.0236,0.07236478065288265
2026-05-09 21:30:00+00:00,30.0075,82.825,15.3,23.3,91,1002.2,0.0,-7.724090936184248,-1.0855501874885125,0.0111111111111111,0.7071067811865475,0.7071067811865476,0.4999999999999999,-0.8660254037844387,55.91,229.5,0.1103,0.0236,0.5325828883896416
2026-05-09 22:30:00+00:00,30.3025,79.35,16.275,23.0,92,1002.7,0.0,-8.127502934370268,-8.41627566396222,0.0066666666666666,0.8660254037844386,0.5000000000000001,0.4999999999999999,-0.8660254037844387,55.91,229.5,0.1103,0.0236,3.1174333793087117
2026-05-09 23:30:00+00:00,32.81,75.8,14.6,23.0,85,1003.5,0.0,-8.95069705831446,0.94075616940888,0.0054054054054054,0.9659258262890684,0.2588190451025207,0.4999999999999999,-0.8660254037844387,55.91,229.5,0.1103,0.0236,1.6910583595710238
2026-05-10 00:30:00+00:00,29.975,75.3,14.8,24.2,82,1004.2,0.0,-7.690093567506551,-2.2050988465359933,0.0044444444444444,1.0,6.123233995736766e-17,0.4999999999999999,-0.8660254037844387,55.91,229.5,0.1103,0.0236,4.250320312848239
2026-05-10 01:30:00+00:00,30.5725,71.275,15.425,25.8,75,1004.8,0.0,-7.698827252704213,0.1343835295670827,0.0029850746268656,0.9659258262890684,-0.2588190451025206,0.4999999999999999,-0.8660254037844387,55.91,229.5,0.1103,0.0236,1.6597521787110292
2026-05-10 02:30:00+00:00,28.7225,69.3,18.125,27.5,67,1004.8,0.0,-7.724090936184249,1.0855501874885098,0.0020408163265306,0.8660254037844387,-0.4999999999999998,0.4999999999999999,-0.8660254037844387,55.91,229.5,0.1103,0.0236,1.8352869609673133
2026-05-10 03:30:00+00:00,33.0775,70.95,20.05,29.2,60,1004.6,0.0,-7.589584464134761,0.3977532674463715,0.0014492753623188,0.7071067811865476,-0.7071067811865475,0.4999999999999999,-0.8660254037844387,55.91,229.5,0.1103,0.0236,0.09292337028950548
2026-05-10 04:30:00+00:00,30.01,71.25,25.0,30.7,54,1004.0,0.0,-8.436642288951237,-1.0358894189437535,0.0011560693641618,0.4999999999999999,-0.8660254037844387,0.4999999999999999,-0.8660254037844387,55.91,229.5,0.1103,0.0236,4.148365585257964
2026-05-10 05:30:00+00:00,30.065,69.625,38.275,31.2,50,1003.1,0.0,-11.017262283218674,-1.352749711797137,0.0009523809523809,0.258819045102521,-0.9659258262890682,0.4999999999999999,-0.8660254037844387,55.91,229.5,0.1103,0.0236,4.994596320478447
2026-05-10 06:30:00+00:00,28.715,,,32.2,47,1002.1,0.0,-10.425759693202016,-2.4069762814793543,0.0007751937984496,1.2246467991473532e-16,-1.0,0.4999999999999999,-0.8660254037844387,55.91,229.5,0.1103,0.0236,
2026-05-10 07:30:00+00:00,29.275,,,31.8,45,1001.6,1.0,-7.416759780014988,3.943561127401481,0.0006535947712418,-0.2588190451025208,-0.9659258262890684,0.4999999999999999,-0.8660254037844387,55.91,229.5,0.1103,0.0236,
2026-05-10 08:30:00+00:00,31.26,,,31.0,47,1000.7,0.0,-8.778563642286453,-0.6138569689483041,0.00084388185654,-0.4999999999999998,-0.8660254037844388,0.4999999999999999,-0.8660254037844387,55.91,229.5,0.1103,0.0236,
2026-05-10 09:30:00+00:00,31.185,,,30.9,48,999.9,0.0,-8.069177054543138,0.7059615162560317,0.0008928571428571,-0.7071067811865471,-0.7071067811865479,0.4999999999999999,-0.8660254037844387,55.91,229.5,0.1103,0.0236,
2026-05-10 10:30:00+00:00,29.4475,65.85000000000001,48.375,30.8,48,999.8,0.0,-7.901506724761101,1.2514757203218485,0.0009661835748792,-0.8660254037844384,-0.5000000000000004,0.4999999999999999,-0.8660254037844387,55.91,229.5,0.1103,0.0236,0.5073987674055974
2026-05-10 11:30:00+00:00,31.0625,69.225,33.325,27.1,71,999.8,0.0,-8.053454528090771,-2.007951733477244,0.0035714285714285,-0.9659258262890684,-0.2588190451025206,0.4999999999999999,-0.8660254037844387,55.91,229.5,0.1103,0.0236,0.18416363253262513
2026-05-10 12:30:00+00:00,31.745,70.52499999999999,29.450000000000003,26.6,73,1000.4,0.0,-7.341093074996865,-3.423207920099665,0.0040816326530612,-1.0,-1.8369701987210292e-16,0.4999999999999999,-0.8660254037844387,55.91,229.5,0.1103,0.0236,4.228444971428881
2026-05-10 13:30:00+00:00,30.235,71.82499999999999,25.575000000000003,26.1,75,1001.2,0.0,-6.253040755340328,-0.7677768634524291,0.0058823529411764,-0.9659258262890684,0.2588190451025203,0.4999999999999999,-0.8660254037844387,55.91,229.5,0.1103,0.0236,0.050509963213274944
2026-05-10 14:30:00+00:00,31.1775,73.125,21.7,25.9,76,1002.0,0.0,-9.149601437388114,0.9616618620624106,0.0047619047619047,-0.8660254037844386,0.5000000000000001,0.4999999999999999,-0.8660254037844387,55.91,229.5,0.1103,0.0236,0.8326448461494795
2026-05-10 15:30:00+00:00,30.625,74.425,17.825,25.7,74,1002.6,0.0,-10.093847352892867,0.3524849166952574,0.0039215686274509,-0.7071067811865477,0.7071067811865474,0.4999999999999999,-0.8660254037844387,55.91,229.5,0.1103,0.0236,0.8973924905881825
2026-05-10 16:30:00+00:00,31.0375,73.775,35.175,25.3,75,1002.6,0.0,-9.308519846170762,1.3082271490246145,0.0042553191489361,-0.5000000000000004,0.8660254037844384,0.4999999999999999,-0.8660254037844387,55.91,229.5,0.1103,0.0236,2.135477619673616
2026-05-10 17:30:00+00:00,31.653333333333336,72.7,42.2,26.5,72,1002.5,0.0,-12.2703397930958,2.38511244220681,0.0034482758620689,-0.2588190451025215,0.965925826289068,0.4999999999999999,-0.8660254037844387,55.91,229.5,0.1103,0.0236,1.1580512001031562
2026-05-10 18:30:00+00:00,33.57,73.1,22.3,26.1,74,1001.8,0.0,-9.369480515003962,2.510544737494452,0.0042553191489361,0.0,1.0,0.4999999999999999,-0.8660254037844387,55.91,229.5,0.1103,0.0236,0.7791265715392948
2026-05-10 19:30:00+00:00,33.105000000000004,72.7,16.025,25.4,76,1001.5,0.0,-8.998957926751011,1.912787555523384,0.0047619047619047,0.2588190451025207,0.9659258262890684,0.4999999999999999,-0.8660254037844387,55.91,229.5,0.1103,0.0236,0.6130913492481638
2026-05-10 20:30:00+00:00,29.9375,72.05,32.125,24.8,77,1001.7,0.0,-8.1,-4.959819536546783e-16,0.006060606060606,0.4999999999999999,0.8660254037844387,0.4999999999999999,-0.8660254037844387,55.91,229.5,0.1103,0.0236,4.206996914705608
2026-05-10 21:30:00+00:00,29.3825,72.27499999999999,33.608333333333334,24.4,77,1001.7,0.0,-10.298431260110831,0.1797597863040198,0.0046511627906976,0.7071067811865475,0.7071067811865476,0.4999999999999999,-0.8660254037844387,55.91,229.5,0.1103,0.0236,2.6405350419730294
2026-05-10 22:30:00+00:00,30.415,72.5,35.09166666666667,24.1,77,1002.3,0.0,-9.659258262890685,2.5881904510252083,0.0040816326530612,0.8660254037844386,0.5000000000000001,0.4999999999999999,-0.8660254037844387,55.91,229.5,0.1103,0.0236,0.8217602789750639
2026-05-10 23:30:00+00:00,30.66,72.725,36.575,24.5,78,1002.7,0.0,-8.836846593143425,-3.75101883349703,0.0071428571428571,0.9659258262890684,0.2588190451025207,0.4999999999999999,-0.8660254037844387,55.91,229.5,0.1103,0.0236,4.879000235135933
2026-05-11 00:30:00+00:00,30.8775,69.625,45.825,25.6,77,1003.4,0.0,-9.153708649070165,-4.268444443581064,0.0040816326530612,1.0,6.123233995736766e-17,0.4999999999999999,-0.8660254037844387,55.91,229.5,0.1103,0.0236,1.5478157020822918
2026-05-11 01:30:00+00:00,29.815,76.60000000000001,48.45,27.4,74,1003.5,0.0,-8.778563642286453,-0.6138569689483041,0.0032258064516129,0.9659258262890684,-0.2588190451025206,0.4999999999999999,-0.8660254037844387,55.91,229.5,0.1103,0.0236,2.602361012372394
2026-05-11 02:30:00+00:00,30.01,79.41250000000001,63.1625,29.5,66,1003.4,0.0,-10.285134698525562,2.564372093356478,0.0019047619047619,0.8660254037844387,-0.4999999999999998,0.4999999999999999,-0.8660254037844387,55.91,229.5,0.1103,0.0236,3.241351316708678
2026-05-11 03:30:00+00:00,29.75,82.22500000000001,77.875,31.4,57,1003.2,0.0,-8.983110184488336,2.407017119453444,0.0011299435028248,0.7071067811865476,-0.7071067811865475,0.4999999999999999,-0.8660254037844387,55.91,229.5,0.1103,0.0236,4.744657783365493
2026-05-11 04:30:00+00:00,32.2575,82.69166666666668,76.18333333333334,32.8,49,1002.7,0.0,-6.893654271085456,1.215537243668512,0.0007194244604316,0.4999999999999999,-0.8660254037844387,0.4999999999999999,-0.8660254037844387,55.91,229.5,0.1103,0.0236,4.826324806496577
2026-05-11 05:30:00+00:00,32.49666666666667,83.15833333333333,74.49166666666666,32.9,46,1002.3,0.0,-3.595066325116466,0.188409442474597,0.00062893081761,0.258819045102521,-0.9659258262890682,0.4999999999999999,-0.8660254037844387,55.91,229.5,0.1103,0.0236,1.1681389006018632
2026-05-11 06:30:00+00:00,29.9,83.625,72.8,33.6,43,1001.3,0.0,-1.806652637168917,-2.006491028788965,0.0005813953488372,1.2246467991473532e-16,-1.0,0.4999999999999999,-0.8660254037844387,55.91,229.5,0.1103,0.0236,4.479597876067421
2026-05-11 07:30:00+00:00,30.335,81.225,43.375,33.9,43,1000.0,0.0,-1.7582900782017317,-4.142271840535981,0.000593471810089,-0.2588190451025208,-0.9659258262890684,0.4999999999999999,-0.8660254037844387,55.91,229.5,0.1103,0.0236,2.9169868427895533
2026-05-11 08:30:00+00:00,22.7725,79.35,46.583333333333336,33.7,43,999.3,0.0,-1.6278407722857833,-4.727592877996584,0.0005813953488372,-0.4999999999999998,-0.8660254037844388,0.4999999999999999,-0.8660254037844387,55.91,229.5,0.1103,0.0236,3.22263283049056
2026-05-11 09:30:00+00:00,33.36666666666667,77.475,49.79166666666666,33.5,44,998.8,0.0,-3.746592453254004,-5.55455173611878,0.0006211180124223,-0.7071067811865471,-0.7071067811865479,0.4999999999999999,-0.8660254037844387,55.91,229.5,0.1103,0.0236,3.276784413114913
2026-05-11 10:30:00+00:00,31.28333333333333,75.6,53.0,32.8,47,998.7,0.0,-4.53110681555883,-5.595450922490191,0.0007142857142857,-0.8660254037844384,-0.5000000000000004,0.4999999999999999,-0.8660254037844387,55.91,229.5,0.1103,0.0236,0.1109556637494108
2026-05-11 11:30:00+00:00,30.5025,73.6,50.9,32.2,49,998.3,0.0,-0.7669705361793919,-8.766513343207361,0.0036363636363636,-0.9659258262890684,-0.2588190451025206,0.4999999999999999,-0.8660254037844387,55.91,229.5,0.1103,0.0236,1.5697884400451323
2026-05-11 12:30:00+00:00,29.8125,91.85,47.9625,30.0,58,998.9,0.0,-4.466040087123222,-6.877098657152477,0.0071428571428571,-1.0,-1.8369701987210292e-16,0.4999999999999999,-0.8660254037844387,55.91,229.5,0.1103,0.0236,0.6907500327139549
2026-05-11 13:30:00+00:00,32.72,110.1,45.025,28.8,60,999.7,0.0,-8.089146416692502,-3.945340321101697,0.0095238095238095,-0.9659258262890684,0.2588190451025203,0.4999999999999999,-0.8660254037844387,55.91,229.5,0.1103,0.0236,2.7777438148025335
2026-05-11 14:30:00+00:00,30.085,138.625,70.64999999999999,28.4,60,1000.1,0.0,-9.743700647852352,-2.249510543438649,0.0083333333333333,-0.8660254037844386,0.5000000000000001,0.4999999999999999,-0.8660254037844387,55.91,229.5,0.1103,0.0236,0.7213093062528292
2026-05-11 15:30:00+00:00,29.8825,143.3,80.4,28.1,60,1001.0,0.0,-10.100734301164016,-1.41956562979267,0.0066666666666666,-0.7071067811865477,0.7071067811865474,0.4999999999999999,-0.8660254037844387,55.91,229.5,0.1103,0.0236,0.3063054479026289
2026-05-11 16:30:00+00:00,33.11666666666667,141.8,91.9,27.5,63,1001.3,0.0,-10.593542766402416,0.3699346650465077,0.0066666666666666,-0.5000000000000004,0.8660254037844384,0.4999999999999999,-0.8660254037844387,55.91,229.5,0.1103,0.0236,4.6741490530117344
2026-05-11 17:30:00+00:00,27.745,148.2,40.75,27.5,68,1000.6,0.0,-11.3566195582459,0.993575467323304,0.006060606060606,-0.2588190451025215,0.965925826289068,0.4999999999999999,-0.8660254037844387,55.91,229.5,0.1103,0.0236,4.491723472780435
2026-05-11 18:30:00+00:00,31.97,151.2,50.6,27.5,67,1000.3,0.0,-11.692440777422824,2.699412652126377,0.0032786885245901,0.0,1.0,0.4999999999999999,-0.8660254037844387,55.91,229.5,0.1103,0.0236,0.8185014519656042
2026-05-11 19:30:00+00:00,28.87,152.475,42.9,27.2,69,1000.3,0.0,-9.182654965732842,4.882504252973262,0.0036363636363636,0.2588190451025207,0.9659258262890684,0.4999999999999999,-0.8660254037844387,55.91,229.5,0.1103,0.0236,3.749070620812941
2026-05-11 20:30:00+00:00,27.3825,150.57500000000002,32.425,26.7,72,1000.2,0.0,-8.268905225952334,4.033014550459513,0.005,0.4999999999999999,0.8660254037844387,0.4999999999999999,-0.8660254037844387,55.91,229.5,0.1103,0.0236,2.002328508425284
2026-05-11 21:30:00+00:00,30.5825,148.6,35.625,26.2,76,1000.4,0.0,-7.602907607447656,3.071774066010479,0.0057142857142857,0.7071067811865475,0.7071067811865476,0.4999999999999999,-0.8660254037844387,55.91,229.5,0.1103,0.0236,1.4062310967299563
2026-05-11 22:30:00+00:00,29.54,146.29999999999998,34.625,25.8,78,1000.4,0.0,-9.879290767411437,2.099908077259367,0.0052631578947368,0.8660254037844386,0.5000000000000001,0.4999999999999999,-0.8660254037844387,55.91,229.5,0.1103,0.0236,1.3800414942631485
2026-05-11 23:30:00+00:00,30.845,143.325,26.025,25.4,83,1000.4,0.0,-14.626245033370193,-2.8430540311105195,0.0046511627906976,0.9659258262890684,0.2588190451025207,0.4999999999999999,-0.8660254037844387,55.91,229.5,0.1103,0.0236,1.8190491514705764
2026-05-12 00:30:00+00:00,30.6,146.3,22.75,26.8,79,1001.0,0.0,-13.204992609906377,-2.8068078260397527,0.0035087719298245,1.0,6.123233995736766e-17,0.4999999999999999,-0.8660254037844387,55.91,229.5,0.1103,0.0236,0.2371484710270083
2026-05-12 01:30:00+00:00,29.0025,146.65,28.0,28.3,75,1001.2,0.0,-12.232619313029762,-1.2857000981921376,0.0024691358024691,0.9659258262890684,-0.2588190451025206,0.4999999999999999,-0.8660254037844387,55.91,229.5,0.1103,0.0236,1.1272728518408082
2026-05-12 02:30:00+00:00,28.99,123.75,47.45,29.7,69,1001.6,0.0,-14.263347176257149,-3.556251865315118,0.0018691588785046,0.8660254037844387,-0.4999999999999998,0.4999999999999999,-0.8660254037844387,55.91,229.5,0.1103,0.0236,3.610244280565408
2026-05-12 03:30:00+00:00,30.4225,133.29999999999998,42.425,31.1,63,1001.8,0.0,-14.025174436450955,-2.221369403571279,0.0013245033112582,0.7071067811865476,-0.7071067811865475,0.4999999999999999,-0.8660254037844387,55.91,229.5,0.1103,0.0236,1.3683763046393371
2026-05-12 04:30:00+00:00,30.725,130.275,41.975,32.3,59,1001.1,0.0,-13.863752962381984,-1.9484234134409195,0.0010204081632653,0.4999999999999999,-0.8660254037844387,0.4999999999999999,-0.8660254037844387,55.91,229.5,0.1103,0.0236,2.7604318451520538
2026-05-12 05:30:00+00:00,28.91333333333333,132.6,46.3,32.3,59,1000.5,0.1,-13.546455131577764,-2.63316413619632,0.0009478672985781,0.258819045102521,-0.9659258262890682,0.4999999999999999,-0.8660254037844387,55.91,229.5,0.1103,0.0236,3.224313142278512
2026-05-12 06:30:00+00:00,31.87,133.9,58.95,32.1,58,999.6,0.1,-12.11313536205016,-2.135872585303244,0.0008620689655172,1.2246467991473532e-16,-1.0,0.4999999999999999,-0.8660254037844387,55.91,229.5,0.1103,0.0236,0.20959973744776095
2026-05-12 07:30:00+00:00,28.7,133.8,64.05,31.9,59,998.7,0.2,-10.757822397814568,-5.963158329029947,0.0010050251256281,-0.2588190451025208,-0.9659258262890684,0.4999999999999999,-0.8660254037844387,55.91,229.5,0.1103,0.0236,0.10200991498089285
2026-05-12 08:30:00+00:00,31.953333333333337,126.5,56.66666666666666,32.2,58,997.7,0.1,-8.308865795825096,-3.1894747509531736,0.000943396226415,-0.4999999999999998,-0.8660254037844388,0.4999999999999999,-0.8660254037844387,55.91,229.5,0.1103,0.0236,0.3985581690177864
2026-05-12 09:30:00+00:00,29.426666666666662,121.59999999999998,43.26666666666667,32.3,58,996.8,0.0,-6.143371093601032,-5.728786224524987,0.0009216589861751,-0.7071067811865471,-0.7071067811865479,0.4999999999999999,-0.8660254037844387,55.91,229.5,0.1103,0.0236,1.306053138033088
2026-05-12 10:30:00+00:00,29.28583333333333,120.39166666666664,39.91666666666667,31.8,60,996.4,0.0,-5.557266963671978,-5.7547184027092095,0.0010362694300518,-0.8660254037844384,-0.5000000000000004,0.4999999999999999,-0.8660254037844387,55.91,229.5,0.1103,0.0236,2.324808735342781
2026-05-12 11:30:00+00:00,29.145,119.18333333333334,36.56666666666667,30.9,72,996.6,0.0,-5.087576656325103,-0.3557580160950398,0.0019801980198019,-0.9659258262890684,-0.2588190451025206,0.4999999999999999,-0.8660254037844387,55.91,229.5,0.1103,0.0236,3.114871814752826
2026-05-12 12:30:00+00:00,29.004166666666663,117.975,33.21666666666667,29.5,74,997.3,0.0,-8.652745622452938,-3.6728726077991753,0.0037037037037037,-1.0,-1.8369701987210292e-16,0.4999999999999999,-0.8660254037844387,55.91,229.5,0.1103,0.0236,4.279604755662566
2026-05-12 13:30:00+00:00,28.863333333333333,116.76666666666668,29.866666666666664,28.6,74,997.9,0.0,-11.358415916844084,-1.7989963479626556,0.0029850746268656,-0.9659258262890684,0.2588190451025203,0.4999999999999999,-0.8660254037844387,55.91,229.5,0.1103,0.0236,3.758560592650692
2026-05-12 14:30:00+00:00,29.9725,118.1,29.325000000000003,28.1,75,998.5,0.0,-9.74631457460908,1.0243789400230028,0.0033898305084745,-0.8660254037844386,0.5000000000000001,0.4999999999999999,-0.8660254037844387,55.91,229.5,0.1103,0.0236,2.622103049089694
2026-05-12 15:30:00+00:00,30.37,123.525,32.85,27.6,77,998.8,0.0,-9.506573459919077,1.3360617692166274,0.0038461538461538,-0.7071067811865477,0.7071067811865474,0.4999999999999999,-0.8660254037844387,55.91,229.5,0.1103,0.0236,2.9226491658927216
2026-05-12 16:30:00+00:00,31.416666666666668,126.09999999999998,37.2,27.1,80,999.3,0.0,-10.793921949283115,-1.516986800464716,0.0035714285714285,-0.5000000000000004,0.8660254037844384,0.4999999999999999,-0.8660254037844387,55.91,229.5,0.1103,0.0236,4.313895653790596
2026-05-12 17:30:00+00:00,30.05333333333333,111.59999999999998,37.86666666666667,27.2,80,999.1,0.0,-10.993299097210054,0.3838944637275081,0.0037735849056603,-0.2588190451025215,0.965925826289068,0.4999999999999999,-0.8660254037844387,55.91,229.5,0.1103,0.0236,1.282472855436085
2026-05-12 18:30:00+00:00,29.736666666666665,105.7,33.28333333333333,26.6,82,998.4,0.0,-10.973204552858066,0.7673212111853787,0.0038461538461538,0.0,1.0,0.4999999999999999,-0.8660254037844387,55.91,229.5,0.1103,0.0236,3.142499105334142
2026-05-12 19:30:00+00:00,29.42,99.8,28.7,26.2,84,997.6,0.0,-9.48180806971332,1.501770864386218,0.0039215686274509,0.2588190451025207,0.9659258262890684,0.4999999999999999,-0.8660254037844387,55.91,229.5,0.1103,0.0236,1.738536560289206
2026-05-12 20:30:00+00:00,32.54,99.73333333333332,26.366666666666664,25.8,86,997.4,0.0,-8.098766330766768,-0.1413644921419953,0.0045454545454545,0.4999999999999999,0.8660254037844387,0.4999999999999999,-0.8660254037844387,55.91,229.5,0.1103,0.0236,2.196747682852048
2026-05-12 21:30:00+00:00,27.64,97.43333333333332,23.633333333333336,25.4,88,998.1,0.0,-9.1716901175126,-5.5109074015375805,0.0040816326530612,0.7071067811865475,0.7071067811865476,0.4999999999999999,-0.8660254037844387,55.91,229.5,0.1103,0.0236,3.4793447364640357
2026-05-12 22:30:00+00:00,30.815,94.975,21.4,24.7,91,998.0,0.0,-8.437266056176616,-5.907837294415775,0.0041666666666666,0.8660254037844386,0.5000000000000001,0.4999999999999999,-0.8660254037844387,55.91,229.5,0.1103,0.0236,3.3207158935188246
2026-05-12 23:30:00+00:00,32.315,92.625,20.45,25.3,90,998.2,0.0,-8.981044004650988,-7.807102444987037,0.0031746031746031,0.9659258262890684,0.2588190451025207,0.4999999999999999,-0.8660254037844387,55.91,229.5,0.1103,0.0236,4.432265718201868
2026-05-13 00:30:00+00:00,32.945,92.6,20.35,25.7,85,999.1,0.0,-11.194234869264822,-6.994934287878304,0.0024096385542168,1.0,6.123233995736766e-17,0.4999999999999999,-0.8660254037844387,55.91,229.5,0.1103,0.0236,3.77623544218975
2026-05-13 01:30:00+00:00,29.215,116.775,22.975,26.3,80,999.6,0.0,-12.242714550917457,-5.196724008907344,0.0022471910112359,0.9659258262890684,-0.2588190451025206,0.4999999999999999,-0.8660254037844387,55.91,229.5,0.1103,0.0236,1.8594205569279416
2026-05-13 02:30:00+00:00,31.130000000000003,114.7375,29.4375,27.8,75,999.8,0.0,-11.852260087141651,-1.877213580482771,0.0021052631578947,0.8660254037844387,-0.4999999999999998,0.4999999999999999,-0.8660254037844387,55.91,229.5,0.1103,0.0236,0.1873976525080251
2026-05-13 03:30:00+00:00,28.72,112.7,35.9,29.5,70,999.6,0.0,-10.393664600998596,-0.3629547657060112,0.0016528925619834,0.7071067811865476,-0.7071067811865475,0.4999999999999999,-0.8660254037844387,55.91,229.5,0.1103,0.0236,2.280524283331669
2026-05-13 04:30:00+00:00,31.653333333333336,116.09999999999998,44.1,30.9,66,999.4,0.0,-8.083980388508804,-2.6266444521870533,0.0014814814814814,0.4999999999999999,-0.8660254037844387,0.4999999999999999,-0.8660254037844387,55.91,229.5,0.1103,0.0236,0.4830069067934589
2026-05-13 05:30:00+00:00,31.80333333333333,110.13333333333333,65.36666666666666,31.8,61,998.7,0.0,-6.953994388482692,-4.34533796671228,0.0010869565217391,0.258819045102521,-0.9659258262890682,0.4999999999999999,-0.8660254037844387,55.91,229.5,0.1103,0.0236,1.528856585025426
2026-05-13 06:30:00+00:00,30.21333333333333,112.0,102.26666666666668,32.6,57,997.4,0.0,-5.573586191080457,-5.018479547691436,0.0010526315789473,1.2246467991473532e-16,-1.0,0.4999999999999999,-0.8660254037844387,55.91,229.5,0.1103,0.0236,3.0216693026162735
2026-05-13 07:30:00+00:00,30.49666666666667,120.2,71.13333333333334,33.1,55,996.1,0.0,-5.362311101832846,-4.499513267805775,0.0009708737864077,-0.2588190451025208,-0.9659258262890684,0.4999999999999999,-0.8660254037844387,55.91,229.5,0.1103,0.0236,2.0735567891979487
2026-05-13 08:30:00+00:00,31.445,103.175,47.6,33.4,54,995.0,0.0,-5.36935750346352,-3.100000000000001,0.0009615384615384,-0.4999999999999998,-0.8660254037844388,0.4999999999999999,-0.8660254037844387,55.91,229.5,0.1103,0.0236,2.671240084255925
2026-05-13 09:30:00+00:00,31.7325,106.1,57.25,33.3,53,994.2,0.0,-5.983281547440861,-2.5397523351802804,0.0009661835748792,-0.7071067811865471,-0.7071067811865479,0.4999999999999999,-0.8660254037844387,55.91,229.5,0.1103,0.0236,1.2334384815194943
2026-05-13 10:30:00+00:00,30.08666666666667,102.8,88.89999999999999,33.0,55,993.8,0.0,-6.675723752880869,-2.697167472594566,0.0010362694300518,-0.8660254037844384,-0.5000000000000004,0.4999999999999999,-0.8660254037844387,55.91,229.5,0.1103,0.0236,2.193971199070165
2026-05-13 11:30:00+00:00,30.51,113.225,68.625,32.5,61,993.5,0.0,-6.161630814881531,-2.3652284669989823,0.005,-0.9659258262890684,-0.2588190451025206,0.4999999999999999,-0.8660254037844387,55.91,229.5,0.1103,0.0236,1.9489635707496256
2026-05-13 12:30:00+00:00,30.6975,109.7,47.4,30.6,70,994.5,0.0,-2.8999999999999995,-5.022947341949744,0.0153846153846153,-1.0,-1.8369701987210292e-16,0.4999999999999999,-0.8660254037844387,55.91,229.5,0.1103,0.0236,1.2623061261891815
2026-05-13 13:30:00+00:00,28.52,119.55,31.55,29.8,74,994.8,0.1,-8.081356538758811,-2.941373232600752,0.0045454545454545,-0.9659258262890684,0.2588190451025203,0.4999999999999999,-0.8660254037844387,55.91,229.5,0.1103,0.0236,4.501352287234677
2026-05-13 14:30:00+00:00,30.89,128.36666666666667,32.266666666666666,26.0,84,996.1,0.1,-14.79827205785699,-21.13412274265599,0.002127659574468,-0.8660254037844386,0.5000000000000001,0.4999999999999999,-0.8660254037844387,55.91,229.5,0.1103,0.0236,0.9094332696753826
2026-05-13 15:30:00+00:00,33.945,157.5,30.200000000000003,24.2,92,996.6,0.0,-11.322052667263224,-7.352626972702866,0.0034482758620689,-0.7071067811865477,0.7071067811865474,0.4999999999999999,-0.8660254037844387,55.91,229.5,0.1103,0.0236,0.6828736692844611
2026-05-13 16:30:00+00:00,32.0175,128.7,24.675,24.5,94,997.2,0.0,-12.242714550917457,-5.196724008907344,0.0034482758620689,-0.5000000000000004,0.8660254037844384,0.4999999999999999,-0.8660254037844387,55.91,229.5,0.1103,0.0236,0.20447978408992817
2026-05-13 17:30:00+00:00,28.456666666666667,104.40000000000002,19.0,24.6,94,996.4,0.0,-11.293116345315784,-0.3943643127382622,0.0036363636363636,-0.2588190451025215,0.965925826289068,0.4999999999999999,-0.8660254037844387,55.91,229.5,0.1103,0.0236,2.897750261024506
2026-05-13 18:30:00+00:00,30.12333333333333,95.85,16.25,24.9,89,996.1,0.0,-11.837607860567156,-2.9514471263159483,0.0031746031746031,0.0,1.0,0.4999999999999999,-0.8660254037844387,55.91,229.5,0.1103,0.0236,2.343957329033201
2026-05-13 19:30:00+00:00,31.79,87.3,13.5,24.7,89,996.0,0.0,-10.77983640018269,-4.799492388294443,0.003076923076923,0.2588190451025207,0.9659258262890684,0.4999999999999999,-0.8660254037844387,55.91,229.5,0.1103,0.0236,2.969254659824964
2026-05-13 20:30:00+00:00,30.7725,85.675,12.725,24.5,91,996.0,0.0,-10.49375532935782,-4.4543348647777234,0.0032786885245901,0.4999999999999999,0.8660254037844387,0.4999999999999999,-0.8660254037844387,55.91,229.5,0.1103,0.0236,4.2092638783445535
2026-05-13 21:30:00+00:00,31.3325,84.475,10.05,24.3,92,996.4,0.0,-10.24657502816623,-5.2208907470047885,0.0031746031746031,0.7071067811865475,0.7071067811865476,0.4999999999999999,-0.8660254037844387,55.91,229.5,0.1103,0.0236,1.3577540600526805
2026-05-13 22:30:00+00:00,29.3875,69.14999999999999,7.4,24.0,92,996.9,0.0,-10.96254549171121,-4.880839716909603,0.0027027027027027,0.8660254037844386,0.5000000000000001,0.4999999999999999,-0.8660254037844387,55.91,229.5,0.1103,0.0236,1.100223552807405
2026-05-13 23:30:00+00:00,29.02333333333333,67.13333333333333,7.833333333333333,23.6,92,997.7,0.0,-9.945218953682732,-1.0452846326765346,0.0027397260273972,0.9659258262890684,0.2588190451025207,0.4999999999999999,-0.8660254037844387,55.91,229.5,0.1103,0.0236,0.6334646335636596
2026-05-14 00:30:00+00:00,31.35,79.5,10.275,24.3,88,998.3,0.0,-13.647867363856914,-1.1940336756429164,0.0024691358024691,1.0,6.123233995736766e-17,0.4999999999999999,-0.8660254037844387,55.91,229.5,0.1103,0.0236,2.8359786296340808
2026-05-14 01:30:00+00:00,30.7825,91.375,15.675,25.6,82,998.4,0.0,-12.283143277481258,0.6437322617882065,0.0022471910112359,0.9659258262890684,-0.2588190451025206,0.4999999999999999,-0.8660254037844387,55.91,229.5,0.1103,0.0236,3.310143424124596
2026-05-14 02:30:00+00:00,30.8925,85.0,22.9,27.9,74,998.6,0.0,-10.842044285764752,3.5227937358744,0.001639344262295,0.8660254037844387,-0.4999999999999998,0.4999999999999999,-0.8660254037844387,55.91,229.5,0.1103,0.0236,0.7990991851080115
2026-05-14 03:30:00+00:00,27.835,93.625,26.825,30.2,64,998.5,0.0,-7.79944875252304,2.8387671896030504,0.0009900990099009,0.7071067811865476,-0.7071067811865475,0.4999999999999999,-0.8660254037844387,55.91,229.5,0.1103,0.0236,2.090532061733076
2026-05-14 04:30:00+00:00,30.73,96.55,32.974999999999994,31.3,60,998.2,0.0,-4.996954135095479,-0.1744974835125054,0.0009009009009009,0.4999999999999999,-0.8660254037844387,0.4999999999999999,-0.8660254037844387,55.91,229.5,0.1103,0.0236,2.101123364734692
2026-05-14 05:30:00+00:00,28.2,92.625,36.825,31.4,59,998.3,0.0,-2.652920232176134,-1.78941729110639,0.0008771929824561,0.258819045102521,-0.9659258262890682,0.4999999999999999,-0.8660254037844387,55.91,229.5,0.1103,0.0236,0.4923781501842356
2026-05-14 06:30:00+00:00,28.5725,101.2,41.525,32.4,57,997.1,0.0,-2.892544243589427,-3.447199994035401,0.0008658008658008,1.2246467991473532e-16,-1.0,0.4999999999999999,-0.8660254037844387,55.91,229.5,0.1103,0.0236,3.2379972380358453
2026-05-14 07:30:00+00:00,30.2325,110.25,39.275,32.7,56,995.8,0.0,-3.632402704421384,-4.64926344627966,0.0008695652173913,-0.2588190451025208,-0.9659258262890684,0.4999999999999999,-0.8660254037844387,55.91,229.5,0.1103,0.0236,1.2870823503011908
2026-05-14 08:30:00+00:00,29.485,98.375,34.849999999999994,32.8,56,994.7,0.0,-3.820621037524485,-3.956368901862581,0.0008695652173913,-0.4999999999999998,-0.8660254037844388,0.4999999999999999,-0.8660254037844387,55.91,229.5,0.1103,0.0236,1.1345405085913596
2026-05-14 09:30:00+00:00,30.7325,98.05,35.175,32.8,56,994.1,0.0,-3.243318840130332,-4.808417920819242,0.0008810572687224,-0.7071067811865471,-0.7071067811865479,0.4999999999999999,-0.8660254037844387,55.91,229.5,0.1103,0.0236,1.0769427834467338
2026-05-14 10:30:00+00:00,31.015,98.625,35.7,32.3,56,993.5,0.0,-3.739536465245891,-4.301844607269801,0.0009615384615384,-0.8660254037844384,-0.5000000000000004,0.4999999999999999,-0.8660254037844387,55.91,229.5,0.1103,0.0236,4.714132695097802
2026-05-14 11:30:00+00:00,31.425,109.75,34.425000000000004,31.6,63,993.5,0.0,-6.13945309551007,-4.971631089293717,0.0032786885245901,-0.9659258262890684,-0.2588190451025206,0.4999999999999999,-0.8660254037844387,55.91,229.5,0.1103,0.0236,3.3256775447296922
2026-05-14 12:30:00+00:00,29.24,105.575,29.525,29.8,70,994.1,0.0,-5.36825187331917,-7.9587606965284,0.0052631578947368,-1.0,-1.8369701987210292e-16,0.4999999999999999,-0.8660254037844387,55.91,229.5,0.1103,0.0236,1.022348832901883
2026-05-14 13:30:00+00:00,29.5375,106.85,26.0,29.1,72,994.7,0.0,-6.6351315587408335,-4.645969134443472,0.0064516129032258,-0.9659258262890684,0.2588190451025203,0.4999999999999999,-0.8660254037844387,55.91,229.5,0.1103,0.0236,3.4730158337113766
2026-05-14 14:30:00+00:00,30.4475,106.5,25.85,28.5,75,995.1,0.0,-7.762365810207972,-1.9353751647973432,0.0074074074074074,-0.8660254037844386,0.5000000000000001,0.4999999999999999,-0.8660254037844387,55.91,229.5,0.1103,0.0236,0.3139076411322045
2026-05-14 15:30:00+00:00,29.185,109.775,23.475,28.1,75,995.6,0.0,-8.833660749607766,-1.0846371563058128,0.006060606060606,-0.7071067811865477,0.7071067811865474,0.4999999999999999,-0.8660254037844387,55.91,229.5,0.1103,0.0236,2.639203858969495
2026-05-14 16:30:00+00:00,29.4675,110.5,23.425,27.7,77,995.8,0.0,-9.4,-5.755839955992563e-16,0.0052631578947368,-0.5000000000000004,0.8660254037844384,0.4999999999999999,-0.8660254037844387,55.91,229.5,0.1103,0.0236,1.2726453295519513
2026-05-14 17:30:00+00:00,31.53,112.2,24.0,27.8,79,995.5,0.0,-9.3942737739795,-0.3280552690035102,0.0047619047619047,-0.2588190451025215,0.965925826289068,0.4999999999999999,-0.8660254037844387,55.91,229.5,0.1103,0.0236,3.8622947148185602
2026-05-14 18:30:00+00:00,30.5,96.9,20.0,27.4,81,995.1,0.0,-8.467654933779837,0.740823813355095,0.0045454545454545,0.0,1.0,0.4999999999999999,-0.8660254037844387,55.91,229.5,0.1103,0.0236,1.9975781438445543
2026-05-14 19:30:00+00:00,31.9625,80.6,20.0,27.1,83,994.8,0.0,-8.1,-4.959819536546783e-16,0.0055555555555555,0.2588190451025207,0.9659258262890684,0.4999999999999999,-0.8660254037844387,55.91,229.5,0.1103,0.0236,2.0157480539852033
2026-05-14 20:30:00+00:00,32.5525,91.525,19.425,26.8,84,994.9,0.0,-7.754854749236546,-1.507391063474705,0.0064516129032258,0.4999999999999999,0.8660254037844387,0.4999999999999999,-0.8660254037844387,55.91,229.5,0.1103,0.0236,1.672774817376958
2026-05-14 21:30:00+00:00,29.93,91.65,18.4,26.4,85,995.0,0.0,-7.885939166459432,-4.738350289172499,0.0058823529411764,0.7071067811865475,0.7071067811865476,0.4999999999999999,-0.8660254037844387,55.91,229.5,0.1103,0.0236,0.8158892283408598
2026-05-14 22:30:00+00:00,29.81,103.275,17.725,25.9,87,995.6,0.0,-8.07539250838366,-7.019831610198428,0.0048780487804878,0.8660254037844386,0.5000000000000001,0.4999999999999999,-0.8660254037844387,55.91,229.5,0.1103,0.0236,3.503335579887068
2026-05-14 23:30:00+00:00,30.0725,103.1,16.95,26.3,86,995.5,0.0,-8.628422844472002,-4.208363009175144,0.0045454545454545,0.9659258262890684,0.2588190451025207,0.4999999999999999,-0.8660254037844387,55.91,229.5,0.1103,0.0236,2.8584116280388407
2026-05-15 00:30:00+00:00,29.126666666666665,97.56666666666666,17.366666666666667,26.9,85,996.2,0.0,-7.543072246178588,-4.532335059208478,0.0036363636363636,1.0,6.123233995736766e-17,0.4999999999999999,-0.8660254037844387,55.91,229.5,0.1103,0.0236,3.3518266056103703
2026-05-15 01:30:00+00:00,29.4425,98.85,19.725,28.2,80,996.9,0.0,-7.871577364254562,-4.363286582217034,0.0028169014084507,0.9659258262890684,-0.2588190451025206,0.4999999999999999,-0.8660254037844387,55.91,229.5,0.1103,0.0236,2.3394828568557124
2026-05-15 02:30:00+00:00,28.7575,96.75,22.025,29.9,74,997.4,0.0,-8.269295062915994,-3.009777261265886,0.002061855670103,0.8660254037844387,-0.4999999999999998,0.4999999999999999,-0.8660254037844387,55.91,229.5,0.1103,0.0236,1.9062485282899493
2026-05-15 03:30:00+00:00,30.1975,100.8,22.9,31.5,69,997.6,0.0,-7.228029523843166,-2.3485291572496005,0.0016129032258064,0.7071067811865476,-0.7071067811865475,0.4999999999999999,-0.8660254037844387,55.91,229.5,0.1103,0.0236,1.2224022051048333
2026-05-15 04:30:00+00:00,30.26,105.725,24.975,33.0,64,997.4,0.0,-5.430978635369398,-2.305313658086716,0.0013333333333333,0.4999999999999999,-0.8660254037844387,0.4999999999999999,-0.8660254037844387,55.91,229.5,0.1103,0.0236,2.047992227779083
2026-05-15 05:30:00+00:00,29.94,94.3,50.4,34.1,58,997.2,0.0,-1.7981116483963775,-4.45048250192058,0.0008547008547008,0.258819045102521,-0.9659258262890682,0.4999999999999999,-0.8660254037844387,55.91,229.5,0.1103,0.0236,3.212306126923878
2026-05-15 06:30:00+00:00,32.235,99.875,84.375,34.9,53,996.4,0.0,1.9859657421886607,-5.767663311155831,0.000735294117647,1.2246467991473532e-16,-1.0,0.4999999999999999,-0.8660254037844387,55.91,229.5,0.1103,0.0236,3.60350860606453
2026-05-15 07:30:00+00:00,29.82,103.875,65.85,35.3,48,994.9,0.0,3.3861381142911235,-4.334059144836968,0.000709219858156,-0.2588190451025208,-0.9659258262890684,0.4999999999999999,-0.8660254037844387,55.91,229.5,0.1103,0.0236,2.2877519387600076
2026-05-15 08:30:00+00:00,29.055,101.3,55.0,35.9,44,993.9,0.0,5.031403713297947,-3.791434645857902,0.0006191950464396,-0.4999999999999998,-0.8660254037844388,0.4999999999999999,-0.8660254037844387,55.91,229.5,0.1103,0.0236,0.36468539357503493
2026-05-15 09:30:00+00:00,29.805,101.63333333333333,47.93333333333333,35.8,43,993.2,0.0,5.524186716506237,-5.923964983115282,0.0006134969325153,-0.7071067811865471,-0.7071067811865479,0.4999999999999999,-0.8660254037844387,55.91,229.5,0.1103,0.0236,4.767792518257059
2026-05-15 10:30:00+00:00,28.035,101.96666666666668,40.86666666666667,35.1,46,992.8,0.0,3.068598027523539,-6.29155832409417,0.0006920415224913,-0.8660254037844384,-0.5000000000000004,0.4999999999999999,-0.8660254037844387,55.91,229.5,0.1103,0.0236,2.625733450944651
2026-05-15 11:30:00+00:00,30.265,102.3,33.8,33.9,56,993.0,0.0,-2.365228466998982,-6.161630814881531,0.01,-0.9659258262890684,-0.2588190451025206,0.4999999999999999,-0.8660254037844387,55.91,229.5,0.1103,0.0236,4.6561590170183855
2026-05-15 12:30:00+00:00,28.6425,156.3,64.9375,31.9,67,993.5,0.0,-1.4457051754103127,-3.4058679577740296,0.025,-1.0,-1.8369701987210292e-16,0.4999999999999999,-0.8660254037844387,55.91,229.5,0.1103,0.0236,2.170118512784259
2026-05-15 13:30:00+00:00,28.92,210.3,96.075,31.1,72,994.6,0.0,-1.1109406435904308,-2.894099322141326,0.0333333333333333,-0.9659258262890684,0.2588190451025203,0.4999999999999999,-0.8660254037844387,55.91,229.5,0.1103,0.0236,4.6694401010780435
2026-05-15 14:30:00+00:00,27.23,234.9,67.46666666666665,30.9,72,995.0,0.0,-1.9701167210421064,-2.521634411541511,0.025,-0.8660254037844386,0.5000000000000001,0.4999999999999999,-0.8660254037844387,55.91,229.5,0.1103,0.0236,1.8186426552752795
2026-05-15 15:30:00+00:00,29.2375,203.5,38.15,30.2,75,995.6,0.0,-3.405867957774029,-1.4457051754103136,0.025,-0.7071067811865477,0.7071067811865474,0.4999999999999999,-0.8660254037844387,55.91,229.5,0.1103,0.0236,2.1696747720738525
2026-05-15 16:30:00+00:00,28.8975,208.9,91.05,29.8,75,995.9,0.0,-4.3,-2.632990618166809e-16,0.025,-0.5000000000000004,0.8660254037844384,0.4999999999999999,-0.8660254037844387,55.91,229.5,0.1103,0.0236,2.265316283528773
2026-05-15 17:30:00+00:00,31.933333333333337,216.9,75.03333333333333,29.3,81,995.8,0.0,-0.8959198738632506,2.3339510662430043,0.04,-0.2588190451025215,0.965925826289068,0.4999999999999999,-0.8660254037844387,55.91,229.5,0.1103,0.0236,4.434360091352975
2026-05-15 18:30:00+00:00,31.92666666666667,212.05,49.96666666666667,28.8,81,995.2,0.0,0.7321259575364397,1.644381823756682,0.05,0.0,1.0,0.4999999999999999,-0.8660254037844387,55.91,229.5,0.1103,0.0236,1.0494404731274658
2026-05-15 19:30:00+00:00,31.92,207.2,24.9,28.1,83,994.9,0.0,1.6548225825741163,1.292889098183882,0.05,0.2588190451025207,0.9659258262890684,0.4999999999999999,-0.8660254037844387,55.91,229.5,0.1103,0.0236,0.44097272622741657
2026-05-15 20:30:00+00:00,32.86,182.5,37.025000000000006,27.8,85,995.1,0.0,0.363192399791637,0.7128052193506945,0.0666666666666666,0.4999999999999999,0.8660254037844387,0.4999999999999999,-0.8660254037844387,55.91,229.5,0.1103,0.0236,0.2529419862976823
2026-05-15 21:30:00+00:00,31.455,145.4,18.65,27.4,88,995.3,0.0,-1.6564291101348998,-0.3824167923845704,0.0285714285714285,0.7071067811865475,0.7071067811865476,0.4999999999999999,-0.8660254037844387,55.91,229.5,0.1103,0.0236,0.7742921928703844
2026-05-15 22:30:00+00:00,29.5275,130.7,26.775,27.2,90,995.8,0.0,-4.50744657645043,-3.650058268089057,0.0142857142857142,0.8660254037844386,0.5000000000000001,0.4999999999999999,-0.8660254037844387,55.91,229.5,0.1103,0.0236,3.477988726543193
2026-05-15 23:30:00+00:00,28.6775,124.0,18.3,27.3,84,996.3,0.0,-7.892397524760405,1.822103540185305,0.0076923076923076,0.9659258262890684,0.2588190451025207,0.4999999999999999,-0.8660254037844387,55.91,229.5,0.1103,0.0236,4.7145738171476355
2026-05-16 00:30:00+00:00,29.145,145.8,23.575,28.1,81,996.9,0.0,-6.851590932319508,3.0505248230685003,0.0058823529411764,1.0,6.123233995736766e-17,0.4999999999999999,-0.8660254037844387,55.91,229.5,0.1103,0.0236,1.151836074162671
2026-05-16 01:30:00+00:00,32.43,141.0,25.933333333333337,29.4,77,997.3,0.0,-7.38605814759156,1.3023613325019774,0.004,0.9659258262890684,-0.2588190451025206,0.4999999999999999,-0.8660254037844387,55.91,229.5,0.1103,0.0236,1.1069213041857
2026-05-16 02:30:00+00:00,31.66,133.1,35.7,31.1,71,997.8,0.0,-7.210124886344505,1.1419715947936866,0.0026666666666666,0.8660254037844387,-0.4999999999999998,0.4999999999999999,-0.8660254037844387,55.91,229.5,0.1103,0.0236,4.031554712318686
2026-05-16 03:30:00+00:00,30.852500000000003,124.1,41.825,32.7,64,998.0,0.0,-7.323135175472682,-2.379430856687096,0.0012422360248447,0.7071067811865476,-0.7071067811865475,0.4999999999999999,-0.8660254037844387,55.91,229.5,0.1103,0.0236,1.3537520675270265
2026-05-16 04:30:00+00:00,30.4525,123.4,122.05,33.7,58,998.0,0.0,-6.253523730552885,-2.9160660060108263,0.0009852216748768,0.4999999999999999,-0.8660254037844387,0.4999999999999999,-0.8660254037844387,55.91,229.5,0.1103,0.0236,1.4702365481870472
2026-05-16 05:30:00+00:00,30.6475,122.8,83.325,35.7,48,997.4,0.0,2.341947850564616,-3.6062834421653234,0.0005988023952095,0.258819045102521,-0.9659258262890682,0.4999999999999999,-0.8660254037844387,55.91,229.5,0.1103,0.0236,0.691021969139673
2026-05-16 06:30:00+00:00,32.24666666666666,129.2,69.0,36.5,43,996.5,0.0,5.202013778341762,-4.683914244512005,0.000531914893617,1.2246467991473532e-16,-1.0,0.4999999999999999,-0.8660254037844387,55.91,229.5,0.1103,0.0236,3.032856858512395
2026-05-16 07:30:00+00:00,29.9375,132.9,110.825,36.9,40,995.4,0.0,5.594876350607724,-4.371196474812176,0.0005361930294906,-0.2588190451025208,-0.9659258262890684,0.4999999999999999,-0.8660254037844387,55.91,229.5,0.1103,0.0236,3.5044438094282757
2026-05-16 08:30:00+00:00,29.3275,137.5,119.1625,37.0,39,994.3,0.0,4.830441365603065,-4.349348941332575,0.0005571030640668,-0.4999999999999998,-0.8660254037844388,0.4999999999999999,-0.8660254037844387,55.91,229.5,0.1103,0.0236,3.264597028042113
2026-05-16 09:30:00+00:00,31.2375,142.1,127.5,37.0,38,993.6,0.0,5.57358619108046,-5.018479547691434,0.000506329113924,-0.7071067811865471,-0.7071067811865479,0.4999999999999999,-0.8660254037844387,55.91,229.5,0.1103,0.0236,0.638240314244895
2026-05-16 10:30:00+00:00,29.3975,135.5,76.525,36.5,39,993.3,0.0,4.152523659749133,-5.510585019326321,0.0016528925619834,-0.8660254037844384,-0.5000000000000004,0.4999999999999999,-0.8660254037844387,55.91,229.5,0.1103,0.0236,4.013033579567305
2026-05-16 11:30:00+00:00,30.4375,128.7,44.7,35.3,55,993.0,0.0,-0.6973482684659815,-3.0205472008342293,0.0333333333333333,-0.9659258262890684,-0.2588190451025206,0.4999999999999999,-0.8660254037844387,55.91,229.5,0.1103,0.0236,2.237500272230848
2026-05-16 12:30:00+00:00,33.31,130.85,60.0875,33.0,62,993.5,0.0,-5.586143571373725,-5.586143571373726,0.0083333333333333,-1.0,-1.8369701987210292e-16,0.4999999999999999,-0.8660254037844387,55.91,229.5,0.1103,0.0236,2.2735153002007764
2026-05-16 13:30:00+00:00,31.685,133.0,75.475,32.2,63,994.4,0.0,-5.955276909847932,-0.7312160604308849,0.0133333333333333,-0.9659258262890684,0.2588190451025203,0.4999999999999999,-0.8660254037844387,55.91,229.5,0.1103,0.0236,3.7811134433697986
2026-05-16 14:30:00+00:00,30.7575,138.8,49.925,31.7,64,995.3,0.0,-8.268415994161488,-0.7233926648055626,0.0076923076923076,-0.8660254037844386,0.5000000000000001,0.4999999999999999,-0.8660254037844387,55.91,229.5,0.1103,0.0236,0.9067909987293127
2026-05-16 15:30:00+00:00,30.265,138.5,34.35,31.1,65,995.9,0.0,-7.189096596989119,-1.267631696968592,0.0111111111111111,-0.7071067811865477,0.7071067811865474,0.4999999999999999,-0.8660254037844387,55.91,229.5,0.1103,0.0236,3.535206603424989
2026-05-16 16:30:00+00:00,28.3375,147.6,58.125,30.3,68,996.1,0.0,-6.52541606666388,-3.042851484533036,0.0142857142857142,-0.5000000000000004,0.8660254037844384,0.4999999999999999,-0.8660254037844387,55.91,229.5,0.1103,0.0236,0.8064049901629899
2026-05-16 17:30:00+00:00,30.926666666666662,144.2,49.26666666666667,30.1,77,995.7,0.0,-6.518743047927909,-1.032467469265524,0.0153846153846153,-0.2588190451025215,0.965925826289068,0.4999999999999999,-0.8660254037844387,55.91,229.5,0.1103,0.0236,0.28160986173926206
2026-05-16 18:30:00+00:00,29.2,136.7,28.5,29.4,79,995.5,0.0,-3.9597979746446654,3.9597979746446654,0.0125,0.0,1.0,0.4999999999999999,-0.8660254037844387,55.91,229.5,0.1103,0.0236,3.8382052259462203
2026-05-16 19:30:00+00:00,30.453333333333333,137.3,31.0,28.8,80,994.7,0.0,-3.0405591591021546,3.040559159102154,0.0166666666666666,0.2588190451025207,0.9659258262890684,0.4999999999999999,-0.8660254037844387,55.91,229.5,0.1103,0.0236,2.381154032572982
2026-05-16 20:30:00+00:00,32.7425,133.5,25.425,28.6,81,994.8,0.0,-0.7117525274902332,1.7616493236768958,0.025,0.4999999999999999,0.8660254037844387,0.4999999999999999,-0.8660254037844387,55.91,229.5,0.1103,0.0236,1.3179846845128984
2026-05-16 21:30:00+00:00,30.3475,137.9,28.9,28.1,83,995.0,0.0,-0.2121320343559642,-0.2121320343559642,0.1,0.7071067811865475,0.7071067811865476,0.4999999999999999,-0.8660254037844387,55.91,229.5,0.1103,0.0236,1.3490422074914803
2026-05-16 22:30:00+00:00,31.07,137.3,28.625,27.3,88,995.3,0.0,-1.0549740469210391,-2.485363104321589,0.025,0.8660254037844386,0.5000000000000001,0.4999999999999999,-0.8660254037844387,55.91,229.5,0.1103,0.0236,2.9242905263694
2026-05-16 23:30:00+00:00,30.2325,132.9,25.475,27.5,94,995.6,0.0,-7.185941174554808,2.474317973874389,0.0068965517241379,0.9659258262890684,0.2588190451025207,0.4999999999999999,-0.8660254037844387,55.91,229.5,0.1103,0.0236,1.9555296304715575
2026-05-17 00:30:00+00:00,31.0875,130.7,32.6,28.2,91,996.3,0.0,-5.018479547691438,5.573586191080455,0.0046511627906976,1.0,6.123233995736766e-17,0.4999999999999999,-0.8660254037844387,55.91,229.5,0.1103,0.0236,1.6424945632285792
2026-05-17 01:30:00+00:00,28.445,126.0,31.375,29.6,85,997.2,0.0,-4.289848881466277,3.5996106142446203,0.0037037037037037,0.9659258262890684,-0.2588190451025206,0.4999999999999999,-0.8660254037844387,55.91,229.5,0.1103,0.0236,2.3942998120720893
2026-05-17 02:30:00+00:00,32.45,123.0,30.25,31.3,77,997.8,0.0,-2.652920232176134,1.7894172911063897,0.0025316455696202,0.8660254037844387,-0.4999999999999998,0.4999999999999999,-0.8660254037844387,55.91,229.5,0.1103,0.0236,0.1602102321305704
2026-05-17 03:30:00+00:00,30.6675,123.0,30.3,33.2,67,998.0,0.0,0.3399186938124425,1.0461621679246689,0.0015873015873015,0.7071067811865476,-0.7071067811865475,0.4999999999999999,-0.8660254037844387,55.91,229.5,0.1103,0.0236,0.3627251358719785
2026-05-17 04:30:00+00:00,30.715,124.4,54.25,34.9,56,997.5,0.0,3.2,5.878304635907295e-16,0.0008928571428571,0.4999999999999999,-0.8660254037844387,0.4999999999999999,-0.8660254037844387,55.91,229.5,0.1103,0.0236,0.8980879963608202
2026-05-17 05:30:00+00:00,31.0875,129.05,84.225,37.9,34,996.9,0.0,11.088372925273722,-4.035837691242884,0.0004629629629629,0.258819045102521,-0.9659258262890682,0.4999999999999999,-0.8660254037844387,55.91,229.5,0.1103,0.0236,4.97245338826834
2026-05-17 06:30:00+00:00,28.93,133.7,114.2,38.9,26,995.8,0.0,16.256682339596217,-5.916948479534059,0.0003690036900369,1.2246467991473532e-16,-1.0,0.4999999999999999,-0.8660254037844387,55.91,229.5,0.1103,0.0236,4.706172170519153
2026-05-17 07:30:00+00:00,32.223333333333336,139.9,46.133333333333326,38.9,26,994.6,0.0,15.117058625094026,-2.938458528798781,0.0003669724770642,-0.2588190451025208,-0.9659258262890684,0.4999999999999999,-0.8660254037844387,55.91,229.5,0.1103,0.0236,4.26218294624885
2026-05-17 08:30:00+00:00,31.095,140.25,83.69166666666666,39.4,24,993.4,0.0,15.315637188671412,-1.609738334321856,0.0003338898163606,-0.4999999999999998,-0.8660254037844388,0.4999999999999999,-0.8660254037844387,55.91,229.5,0.1103,0.0236,3.7645007208293753
2026-05-17 09:30:00+00:00,30.5625,140.6,121.25,39.4,23,992.5,0.0,14.574399250933707,-3.0978841931846026,0.0003284072249589,-0.7071067811865471,-0.7071067811865479,0.4999999999999999,-0.8660254037844387,55.91,229.5,0.1103,0.0236,2.3723868057988797
2026-05-17 10:30:00+00:00,29.69666666666667,133.1,101.93333333333334,38.1,28,992.1,0.0,10.603801108328804,-4.9446336623661855,0.0013986013986013,-0.8660254037844384,-0.5000000000000004,0.4999999999999999,-0.8660254037844387,55.91,229.5,0.1103,0.0236,4.639500379381135
2026-05-17 11:30:00+00:00,30.25,127.8,54.36666666666667,34.9,46,992.3,0.0,-10.494808870729996,-8.806190252705589,0.0029850746268656,-0.9659258262890684,-0.2588190451025206,0.4999999999999999,-0.8660254037844387,55.91,229.5,0.1103,0.0236,4.349563376623086
2026-05-17 12:30:00+00:00,29.2825,126.675,140.375,32.5,52,992.4,0.0,-7.042662725283401,1.4969641738878656,0.0125,-1.0,-1.8369701987210292e-16,0.4999999999999999,-0.8660254037844387,55.91,229.5,0.1103,0.0236,2.633005018327373
2026-05-17 13:30:00+00:00,31.31,125.55,67.65,31.2,61,993.1,0.0,-6.502872340548641,-1.98812759211461,0.0142857142857142,-0.9659258262890684,0.2588190451025203,0.4999999999999999,-0.8660254037844387,55.91,229.5,0.1103,0.0236,4.075991838753784
2026-05-17 14:30:00+00:00,29.9475,124.425,41.425,30.6,64,993.9,0.0,-6.276026597977997,0.5490811793102469,0.0142857142857142,-0.8660254037844386,0.5000000000000001,0.4999999999999999,-0.8660254037844387,55.91,229.5,0.1103,0.0236,1.1337136618931232
2026-05-17 15:30:00+00:00,29.25,123.3,35.7,30.2,64,994.5,0.0,-8.386705679454241,5.446390350150272,0.0095238095238095,-0.7071067811865477,0.7071067811865474,0.4999999999999999,-0.8660254037844387,55.91,229.5,0.1103,0.0236,4.293771083475747
2026-05-17 16:30:00+00:00,29.5875,200.1,54.925,29.6,67,995.0,0.0,-7.929958065276475,4.040515447681966,0.0076923076923076,-0.5000000000000004,0.8660254037844384,0.4999999999999999,-0.8660254037844387,55.91,229.5,0.1103,0.0236,2.9296171726261235
2026-05-17 17:30:00+00:00,31.275,173.2,39.4,30.2,70,994.4,0.0,-8.622809847471125,3.483841318767982,0.0066666666666666,-0.2588190451025215,0.965925826289068,0.4999999999999999,-0.8660254037844387,55.91,229.5,0.1103,0.0236,4.915289286803496
2026-05-17 18:30:00+00:00,33.16,144.8,25.9,29.4,74,993.9,0.0,-8.31985137687841,2.5436338310878086,0.0071428571428571,0.0,1.0,0.4999999999999999,-0.8660254037844387,55.91,229.5,0.1103,0.0236,0.01796927455349262
2026-05-17 19:30:00+00:00,31.5425,148.8,25.7,28.9,77,993.6,0.0,-8.588939923774255,3.296985135816762,0.006060606060606,0.2588190451025207,0.9659258262890684,0.4999999999999999,-0.8660254037844387,55.91,229.5,0.1103,0.0236,2.9511725797757506
2026-05-17 20:30:00+00:00,32.3425,138.6,25.775,28.7,80,993.6,0.0,-8.495581881124535,3.261148340862232,0.0055555555555555,0.4999999999999999,0.8660254037844387,0.4999999999999999,-0.8660254037844387,55.91,229.5,0.1103,0.0236,4.170558299338114
2026-05-17 21:30:00+00:00,31.345,126.0,22.575,28.3,84,993.5,0.0,-7.232034065620942,2.9219314286441143,0.0064516129032258,0.7071067811865475,0.7071067811865476,0.4999999999999999,-0.8660254037844387,55.91,229.5,0.1103,0.0236,0.9615370863847744
2026-05-17 22:30:00+00:00,30.4075,122.2,26.375,28.0,86,994.0,0.0,-6.229356978368883,4.694157180585977,0.0066666666666666,0.8660254037844386,0.5000000000000001,0.4999999999999999,-0.8660254037844387,55.91,229.5,0.1103,0.0236,1.0883768435617103
2026-05-17 23:30:00+00:00,30.64,120.7,24.6,27.4,92,994.5,0.0,-6.1520748540052415,1.764079077228794,0.0074074074074074,0.9659258262890684,0.2588190451025207,0.4999999999999999,-0.8660254037844387,55.91,229.5,0.1103,0.0236,0.09708259480212311
2026-05-18 00:30:00+00:00,29.46,139.1,25.25,28.1,87,995.2,0.0,-7.770318645115615,-0.6798147934317335,0.005,1.0,6.123233995736766e-17,0.4999999999999999,-0.8660254037844387,55.91,229.5,0.1103,0.0236,3.264884272887285
2026-05-18 01:30:00+00:00,30.942500000000003,129.6,27.0,29.6,80,996.2,0.0,-8.652340489703978,-0.909397630428585,0.0039215686274509,0.9659258262890684,-0.2588190451025206,0.4999999999999999,-0.8660254037844387,55.91,229.5,0.1103,0.0236,3.028015665647843
2026-05-18 02:30:00+00:00,29.6375,134.9,28.525,31.4,73,996.4,0.0,-8.098766330766768,-0.1413644921419953,0.0027777777777777,0.8660254037844387,-0.4999999999999998,0.4999999999999999,-0.8660254037844387,55.91,229.5,0.1103,0.0236,2.180651305000439
2026-05-18 03:30:00+00:00,30.5625,140.3,30.950000000000003,33.3,64,996.5,0.0,-7.182461161870735,0.5022466109577024,0.0019047619047619,0.7071067811865476,-0.7071067811865475,0.4999999999999999,-0.8660254037844387,55.91,229.5,0.1103,0.0236,0.2812978782166764
2026-05-18 04:30:00+00:00,31.692500000000003,135.7,43.325,34.9,57,996.5,0.0,-5.196832300499298,0.1814773828530038,0.0014388489208633,0.4999999999999999,-0.8660254037844387,0.4999999999999999,-0.8660254037844387,55.91,229.5,0.1103,0.0236,0.40286805119118974
2026-05-18 05:30:00+00:00,29.56,129.4,56.025000000000006,36.0,53,995.9,0.0,-4.791813060283757,-3.6108901389122896,0.0010869565217391,0.258819045102521,-0.9659258262890682,0.4999999999999999,-0.8660254037844387,55.91,229.5,0.1103,0.0236,3.829766989720982
2026-05-18 06:30:00+00:00,28.475,124.4,66.0,36.7,48,995.1,0.0,-4.136639992842482,-3.471053092307313,0.0008733624454148,1.2246467991473532e-16,-1.0,0.4999999999999999,-0.8660254037844387,55.91,229.5,0.1103,0.0236,3.4174996227776466
2026-05-18 07:30:00+00:00,29.2775,136.2,96.35,37.3,46,994.4,0.0,-1.2608835935349805,-2.8319909186920627,0.0005780346820809,-0.2588190451025208,-0.9659258262890684,0.4999999999999999,-0.8660254037844387,55.91,229.5,0.1103,0.0236,4.328446374205674
2026-05-18 08:30:00+00:00,31.84,130.73333333333332,80.45,37.8,41,993.5,0.0,3.2526911934581197,-3.252691193458117,0.0005208333333333,-0.4999999999999998,-0.8660254037844388,0.4999999999999999,-0.8660254037844387,55.91,229.5,0.1103,0.0236,4.158937763870304
2026-05-18 09:30:00+00:00,33.38333333333333,125.26666666666668,64.55,37.6,39,992.8,0.0,1.2246467991473533e-15,-5.0,0.0006451612903225,-0.7071067811865471,-0.7071067811865479,0.4999999999999999,-0.8660254037844387,55.91,229.5,0.1103,0.0236,1.743602967630432
2026-05-18 10:30:00+00:00,30.49,119.8,48.65,36.8,45,992.6,0.0,-5.412155363028601,-6.68345526852995,0.0009900990099009,-0.8660254037844384,-0.5000000000000004,0.4999999999999999,-0.8660254037844387,55.91,229.5,0.1103,0.0236,0.10436634471291006
2026-05-18 11:30:00+00:00,29.9575,116.9,101.075,34.4,59,992.3,0.0,-9.85742395807429,-5.922937861465624,0.0037735849056603,-0.9659258262890684,-0.2588190451025206,0.4999999999999999,-0.8660254037844387,55.91,229.5,0.1103,0.0236,4.2350855126799605
2026-05-18 12:30:00+00:00,32.6975,117.5,89.35,32.9,65,992.8,0.0,-7.61298541110786,-3.5499933986218752,0.006060606060606,-1.0,-1.8369701987210292e-16,0.4999999999999999,-0.8660254037844387,55.91,229.5,0.1103,0.0236,3.125633828994988
2026-05-18 13:30:00+00:00,29.2875,127.7,54.125,32.2,70,993.6,0.0,-11.127361240653295,-3.615498834186885,0.0035714285714285,-0.9659258262890684,0.2588190451025203,0.4999999999999999,-0.8660254037844387,55.91,229.5,0.1103,0.0236,2.747684186175551
2026-05-18 14:30:00+00:00,29.9275,129.3,33.825,31.7,70,994.3,0.0,-11.835585968879046,-2.51573145889489,0.0033333333333333,-0.8660254037844386,0.5000000000000001,0.4999999999999999,-0.8660254037844387,55.91,229.5,0.1103,0.0236,4.195431500336408
2026-05-18 15:30:00+00:00,29.7875,148.2,31.95,31.3,71,994.9,0.0,-14.265165918715487,-0.997517574540994,0.0026666666666666,-0.7071067811865477,0.7071067811865474,0.4999999999999999,-0.8660254037844387,55.91,229.5,0.1103,0.0236,0.6116583626066013
2026-05-18 16:30:00+00:00,30.07,147.1,34.550000000000004,30.7,75,995.6,0.0,-17.097395587174294,-0.2984361500775457,0.0020833333333333,-0.5000000000000004,0.8660254037844384,0.4999999999999999,-0.8660254037844387,55.91,229.5,0.1103,0.0236,1.4890555188848826
2026-05-18 17:30:00+00:00,30.705,136.8,23.633333333333336,30.1,79,995.6,0.0,-15.861268399131204,1.1091279325315928,0.002,-0.2588190451025215,0.965925826289068,0.4999999999999999,-0.8660254037844387,55.91,229.5,0.1103,0.0236,1.2241929520347412
2026-05-18 18:30:00+00:00,31.29,120.5,17.5,29.4,80,995.4,0.0,-16.17850227175355,1.986470297503902,0.0020833333333333,0.0,1.0,0.4999999999999999,-0.8660254037844387,55.91,229.5,0.1103,0.0236,1.9350738150456186
2026-05-18 19:30:00+00:00,29.7375,115.2,19.775,28.8,83,994.8,0.0,-14.2,-8.69499227394621e-16,0.0022988505747126,0.2588190451025207,0.9659258262890684,0.4999999999999999,-0.8660254037844387,55.91,229.5,0.1103,0.0236,3.5956392769069927
2026-05-18 20:30:00+00:00,32.55,112.7,20.275,28.4,84,994.5,0.0,-14.094155353306771,-1.7305446763530945,0.0023255813953488,0.4999999999999999,0.8660254037844387,0.4999999999999999,-0.8660254037844387,55.91,229.5,0.1103,0.0236,3.2748339847636903
2026-05-18 21:30:00+00:00,31.0175,100.3,17.65,28.0,86,994.8,0.0,-15.166039396388005,-2.6741819360707284,0.0022471910112359,0.7071067811865475,0.7071067811865476,0.4999999999999999,-0.8660254037844387,55.91,229.5,0.1103,0.0236,1.6627769978033358
2026-05-18 22:30:00+00:00,30.2575,103.4,16.175,27.5,88,995.4,0.0,-14.965658291227228,-3.18104886951172,0.0021739130434782,0.8660254037844386,0.5000000000000001,0.4999999999999999,-0.8660254037844387,55.91,229.5,0.1103,0.0236,3.8001399154711644
2026-05-18 23:30:00+00:00,31.965,104.4,17.9,27.2,90,996.2,0.0,-14.965658291227228,-3.18104886951172,0.0019607843137254,0.9659258262890684,0.2588190451025207,0.4999999999999999,-0.8660254037844387,55.91,229.5,0.1103,0.0236,3.2960791989388416
2026-05-19 00:30:00+00:00,29.73,106.9,18.175,27.6,87,996.9,0.0,-15.28406096541927,-4.382633957490286,0.0018018018018018,1.0,6.123233995736766e-17,0.4999999999999999,-0.8660254037844387,55.91,229.5,0.1103,0.0236,1.6193250674145665
2026-05-19 01:30:00+00:00,29.8825,102.7,19.15,28.7,80,997.8,0.0,-17.865830729543795,-2.1936481812926547,0.0016129032258064,0.9659258262890684,-0.2588190451025206,0.4999999999999999,-0.8660254037844387,55.91,229.5,0.1103,0.0236,2.076873844918486
2026-05-19 02:30:00+00:00,29.942500000000003,99.3,17.675,30.0,73,997.9,0.0,-18.13074350526977,-1.586234518007378,0.0014084507042253,0.8660254037844387,-0.4999999999999998,0.4999999999999999,-0.8660254037844387,55.91,229.5,0.1103,0.0236,3.3076592799683953
2026-05-19 03:30:00+00:00,30.9475,108.0,21.1,31.5,67,998.1,0.0,-16.55956323431308,-1.1579574641524826,0.0011627906976744,0.7071067811865476,-0.7071067811865475,0.4999999999999999,-0.8660254037844387,55.91,229.5,0.1103,0.0236,2.1340151918831496
2026-05-19 04:30:00+00:00,29.49666666666667,112.40000000000002,24.566666666666663,32.6,62,997.9,0.0,-15.111631611105608,-2.3934473151155333,0.001058201058201,0.4999999999999999,-0.8660254037844387,0.4999999999999999,-0.8660254037844387,55.91,229.5,0.1103,0.0236,2.6507801033557326
2026-05-19 05:30:00+00:00,30.255000000000003,123.8,27.075,33.4,60,997.6,0.0,-13.448628424238564,-1.1766025270933849,0.0009661835748792,0.258819045102521,-0.9659258262890682,0.4999999999999999,-0.8660254037844387,55.91,229.5,0.1103,0.0236,0.26587621784640914
2026-05-19 06:30:00+00:00,31.9225,124.2,32.4,34.1,57,996.9,0.0,-10.993299097210054,-0.3838944637275119,0.0008620689655172,1.2246467991473532e-16,-1.0,0.4999999999999999,-0.8660254037844387,55.91,229.5,0.1103,0.0236,1.6634820692334658
2026-05-19 07:30:00+00:00,32.96,126.2,46.95,34.7,54,995.9,0.0,-9.18739171974208,-0.4814907974350844,0.0008163265306122,-0.2588190451025208,-0.9659258262890684,0.4999999999999999,-0.8660254037844387,55.91,229.5,0.1103,0.0236,3.338966513140678
2026-05-19 08:30:00+00:00,33.87,123.1,85.3,34.8,53,994.9,0.0,-9.862327511108282,-0.8628418532018156,0.0008403361344537,-0.4999999999999998,-0.8660254037844388,0.4999999999999999,-0.8660254037844387,55.91,229.5,0.1103,0.0236,2.3843535835227234
2026-05-19 09:30:00+00:00,30.6875,121.6,54.425,34.5,54,994.3,0.0,-9.70874312897702,-2.7839372937516917,0.0009302325581395,-0.7071067811865471,-0.7071067811865479,0.4999999999999999,-0.8660254037844387,55.91,229.5,0.1103,0.0236,1.7591495301401099
2026-05-19 10:30:00+00:00,31.3825,116.2,45.875,33.8,56,994.0,0.0,-9.895952520870338,-3.798700265180184,0.0011695906432748,-0.8660254037844384,-0.5000000000000004,0.4999999999999999,-0.8660254037844387,55.91,229.5,0.1103,0.0236,0.7430421626528122
2026-05-19 11:30:00+00:00,27.593333333333337,109.7,39.1,33.8,58,993.7,0.0,-8.074598245881878,-2.315353788862793,0.0011695906432748,-0.9659258262890684,-0.2588190451025206,0.4999999999999999,-0.8660254037844387,55.91,229.5,0.1103,0.0236,4.570572913854278
2026-05-19 12:30:00+00:00,29.99,115.8,53.8,32.0,68,994.1,0.0,-6.290029259590679,-4.084792762612703,0.005,-1.0,-1.8369701987210292e-16,0.4999999999999999,-0.8660254037844387,55.91,229.5,0.1103,0.0236,4.899700783372666
2026-05-19 13:30:00+00:00,30.0,119.0,53.45,31.0,72,994.8,0.0,-8.844825601544928,-2.8738580476870115,0.0042553191489361,-0.9659258262890684,0.2588190451025203,0.4999999999999999,-0.8660254037844387,55.91,229.5,0.1103,0.0236,1.9311490200724628
2026-05-19 14:30:00+00:00,29.27,119.8,35.975,30.4,74,995.5,0.0,-9.18052565724514,-2.806768365338273,0.0046511627906976,-0.8660254037844386,0.5000000000000001,0.4999999999999999,-0.8660254037844387,55.91,229.5,0.1103,0.0236,2.237332952211296
2026-05-19 15:30:00+00:00,28.8,120.1,29.975,30.0,75,996.0,0.0,-10.5958683355348,-1.4891521802727028,0.0041666666666666,-0.7071067811865477,0.7071067811865474,0.4999999999999999,-0.8660254037844387,55.91,229.5,0.1103,0.0236,3.8738589060927744
2026-05-19 16:30:00+00:00,30.055,120.1,30.65,29.7,76,996.3,0.0,-11.7,-7.164183775012015e-16,0.0032258064516129,-0.5000000000000004,0.8660254037844384,0.4999999999999999,-0.8660254037844387,55.91,229.5,0.1103,0.0236,2.081981155422736
2026-05-19 17:30:00+00:00,31.19666666666667,113.90000000000002,35.63333333333333,30.1,78,996.5,0.0,-10.26080539034498,-0.8977041503008789,0.0033898305084745,-0.2588190451025215,0.965925826289068,0.4999999999999999,-0.8660254037844387,55.91,229.5,0.1103,0.0236,3.2014692741971267
2026-05-19 18:30:00+00:00,31.49,112.9,30.7,29.5,80,996.0,0.0,-10.460044329963328,-0.9151352988504105,0.0032786885245901,0.0,1.0,0.4999999999999999,-0.8660254037844387,55.91,229.5,0.1103,0.0236,0.7514622544854072
2026-05-19 19:30:00+00:00,30.455,105.5,29.85,29.0,82,995.2,0.0,-10.123970746741485,-1.2430673027325043,0.0035714285714285,0.2588190451025207,0.9659258262890684,0.4999999999999999,-0.8660254037844387,55.91,229.5,0.1103,0.0236,2.344918529495639
2026-05-19 20:30:00+00:00,29.425,100.1,30.65,28.6,84,995.0,0.0,-8.851244868777632,-0.9303033230821158,0.0038461538461538,0.4999999999999999,0.8660254037844387,0.4999999999999999,-0.8660254037844387,55.91,229.5,0.1103,0.0236,1.3870698221858473
2026-05-19 21:30:00+00:00,28.605,99.0,27.85,28.3,85,994.9,0.0,-8.863269777109872,-1.5628335990023738,0.0039215686274509,0.7071067811865475,0.7071067811865476,0.4999999999999999,-0.8660254037844387,55.91,229.5,0.1103,0.0236,0.4232851929794107
2026-05-19 22:30:00+00:00,31.385,102.5,25.9,28.2,85,995.1,0.0,-8.998629256407522,0.1570716579355512,0.0037735849056603,0.8660254037844386,0.5000000000000001,0.4999999999999999,-0.8660254037844387,55.91,229.5,0.1103,0.0236,2.572132939727783
2026-05-19 23:30:00+00:00,30.35333333333333,653.6,29.7,28.4,87,995.4,0.0,-9.35395262193826,-2.159530121701103,0.0042553191489361,0.9659258262890684,0.2588190451025207,0.4999999999999999,-0.8660254037844387,55.91,229.5,0.1103,0.0236,2.3836055293859055
2026-05-20 00:30:00+00:00,30.8775,96.8,27.325,29.2,84,995.3,0.0,-5.213005468535168,2.5425526513766497,0.0040816326530612,1.0,6.123233995736766e-17,0.4999999999999999,-0.8660254037844387,55.91,229.5,0.1103,0.0236,3.0578573587799402
2026-05-20 01:30:00+00:00,31.51,120.7,31.65,30.5,79,996.1,0.0,-7.886847294254762,-4.928249157368806,0.0026666666666666,0.9659258262890684,-0.2588190451025206,0.4999999999999999,-0.8660254037844387,55.91,229.5,0.1103,0.0236,4.143729400367838
2026-05-20 02:30:00+00:00,30.795,107.4,33.224999999999994,31.8,73,996.5,0.0,-8.464402995026866,-2.7502512499370324,0.0016949152542372,0.8660254037844387,-0.4999999999999998,0.4999999999999999,-0.8660254037844387,55.91,229.5,0.1103,0.0236,3.938036756936418
2026-05-20 03:30:00+00:00,27.495,111.0,31.15,32.9,67,996.6,0.2,-8.441572818601168,-2.1047204917171105,0.0012658227848101,0.7071067811865476,-0.7071067811865475,0.4999999999999999,-0.8660254037844387,55.91,229.5,0.1103,0.0236,1.7404116179503692
2026-05-20 04:30:00+00:00,30.66,121.2,35.833333333333336,34.0,61,996.6,0.1,-7.188569284028453,-2.759433211498813,0.0010204081632653,0.4999999999999999,-0.8660254037844387,0.4999999999999999,-0.8660254037844387,55.91,229.5,0.1103,0.0236,3.342890379758628
2026-05-20 05:30:00+00:00,31.89,123.0,41.9,35.0,58,996.2,0.1,-3.774069899155005,-1.601997626806023,0.0007220216606498,0.258819045102521,-0.9659258262890682,0.4999999999999999,-0.8660254037844387,55.91,229.5,0.1103,0.0236,4.47829861275759
2026-05-20 06:30:00+00:00,29.60333333333333,98.3,43.66666666666666,34.6,59,995.3,0.1,-3.384100974471172,-4.832997061305052,0.0008733624454148,1.2246467991473532e-16,-1.0,0.4999999999999999,-0.8660254037844387,55.91,229.5,0.1103,0.0236,2.2549057473481
2026-05-20 07:30:00+00:00,31.13,114.1,56.25,35.5,56,994.6,0.0,-3.0499999999999994,-5.282754963085075,0.000735294117647,-0.2588190451025208,-0.9659258262890684,0.4999999999999999,-0.8660254037844387,55.91,229.5,0.1103,0.0236,0.6809444314936935
2026-05-20 08:30:00+00:00,30.1775,125.6,71.675,35.3,57,993.5,0.0,-5.59212443476854,-4.692349550711738,0.0008620689655172,-0.4999999999999998,-0.8660254037844388,0.4999999999999999,-0.8660254037844387,55.91,229.5,0.1103,0.0236,3.637369053273053
2026-05-20 09:30:00+00:00,31.7325,139.8,78.375,35.2,58,992.9,0.0,-6.857338405616898,-4.120304599280434,0.0010526315789473,-0.7071067811865471,-0.7071067811865479,0.4999999999999999,-0.8660254037844387,55.91,229.5,0.1103,0.0236,4.8278572995718125
2026-05-20 10:30:00+00:00,31.28666666666666,124.16666666666669,66.06666666666666,34.9,58,993.0,0.0,-4.36478950439999,-4.680663690362692,0.0011764705882352,-0.8660254037844384,-0.5000000000000004,0.4999999999999999,-0.8660254037844387,55.91,229.5,0.1103,0.0236,4.379493884183159
2026-05-20 11:30:00+00:00,30.485,93.35,57.55,35.9,53,992.4,0.0,-1.7582900782017317,-4.142271840535981,0.0057142857142857,-0.9659258262890684,-0.2588190451025206,0.4999999999999999,-0.8660254037844387,55.91,229.5,0.1103,0.0236,2.00240477344614
2026-05-20 12:30:00+00:00,31.4175,118.825,94.55,33.7,66,992.7,0.0,-7.906491549468199,-5.957968729205278,0.0054054054054054,-1.0,-1.8369701987210292e-16,0.4999999999999999,-0.8660254037844387,55.91,229.5,0.1103,0.0236,0.6382329934633924
2026-05-20 13:30:00+00:00,28.9375,135.075,49.325,32.6,68,993.7,0.0,-8.027690034032121,-5.621049076240252,0.0045454545454545,-0.9659258262890684,0.2588190451025203,0.4999999999999999,-0.8660254037844387,55.91,229.5,0.1103,0.0236,2.763864636758606
2026-05-20 14:30:00+00:00,31.805,142.675,55.4,31.9,71,994.4,0.0,-8.320563465273988,-2.86499975922298,0.0052631578947368,-0.8660254037844386,0.5000000000000001,0.4999999999999999,-0.8660254037844387,55.91,229.5,0.1103,0.0236,2.2811188357749757
2026-05-20 15:30:00+00:00,30.5125,143.625,35.225,31.6,72,994.9,0.0,-10.223225361905618,-1.2552542370730193,0.0044444444444444,-0.7071067811865477,0.7071067811865474,0.4999999999999999,-0.8660254037844387,55.91,229.5,0.1103,0.0236,1.058302486394399
2026-05-20 16:30:00+00:00,31.2275,143.425,31.45,31.1,72,994.8,0.0,-11.198294185751582,-0.1954669520975738,0.0037735849056603,-0.5000000000000004,0.8660254037844384,0.4999999999999999,-0.8660254037844387,55.91,229.5,0.1103,0.0236,0.27689964927446853
2026-05-20 17:30:00+00:00,31.820000000000004,141.36666666666667,34.56666666666666,31.6,73,994.0,0.0,-11.3,-6.919254415182546e-16,0.0039215686274509,-0.2588190451025215,0.965925826289068,0.4999999999999999,-0.8660254037844387,55.91,229.5,0.1103,0.0236,4.650572733189596
2026-05-20 18:30:00+00:00,28.7,137.3,31.3,30.8,75,993.7,0.0,-10.036011667287925,-2.3169958597418088,0.0042553191489361,0.0,1.0,0.4999999999999999,-0.8660254037844387,55.91,229.5,0.1103,0.0236,4.547673555367926
2026-05-20 19:30:00+00:00,28.3975,133.175,30.175,30.3,76,993.4,0.0,-9.158712103013537,-1.614928052302453,0.0046511627906976,0.2588190451025207,0.9659258262890684,0.4999999999999999,-0.8660254037844387,55.91,229.5,0.1103,0.0236,3.44354662676425
2026-05-20 20:30:00+00:00,28.043333333333333,105.23333333333336,32.6,29.8,79,993.4,0.0,-8.96575228282571,-0.7844016847289232,0.0048780487804878,0.4999999999999999,0.8660254037844387,0.4999999999999999,-0.8660254037844387,55.91,229.5,0.1103,0.0236,3.1285877052544917
2026-05-20 21:30:00+00:00,29.065,99.85,33.8,29.4,81,993.8,0.0,-8.666893873398186,-0.7582549619046257,0.0048780487804878,0.7071067811865475,0.7071067811865476,0.4999999999999999,-0.8660254037844387,55.91,229.5,0.1103,0.0236,3.091600920476922
2026-05-20 22:30:00+00:00,29.5575,101.55,34.475,28.9,84,994.5,0.0,-7.901506724761102,-1.2514757203218474,0.0051282051282051,0.8660254037844386,0.5000000000000001,0.4999999999999999,-0.8660254037844387,55.91,229.5,0.1103,0.0236,2.16144599903342
2026-05-20 23:30:00+00:00,31.42,98.13333333333333,31.96666666666667,29.1,86,994.2,0.0,-5.926130043570826,0.9386067902413862,0.009090909090909,0.9659258262890684,0.2588190451025207,0.4999999999999999,-0.8660254037844387,55.91,229.5,0.1103,0.0236,3.818411416731444
2026-05-21 00:30:00+00:00,30.41,107.7,32.9,30.1,82,995.2,0.0,-5.991777208527443,0.3140157374576617,0.0058823529411764,1.0,6.123233995736766e-17,0.4999999999999999,-0.8660254037844387,55.91,229.5,0.1103,0.0236,3.459413799874895
2026-05-21 01:30:00+00:00,32.4075,110.375,28.45,31.8,75,996.0,0.0,-6.296162210220303,0.2198668292257546,0.0037037037037037,0.9659258262890684,-0.2588190451025206,0.4999999999999999,-0.8660254037844387,55.91,229.5,0.1103,0.0236,2.1036019822059053
2026-05-21 02:30:00+00:00,31.700000000000003,108.725,32.275,33.6,67,996.3,0.0,-3.580278823325784,-0.3763024677635525,0.0023255813953488,0.8660254037844387,-0.4999999999999998,0.4999999999999999,-0.8660254037844387,55.91,229.5,0.1103,0.0236,2.001737330953357
2026-05-21 03:30:00+00:00,31.325,115.075,32.5,35.3,59,996.6,0.0,-3.632020578756357,0.7059932828932158,0.0011173184357541,0.7071067811865476,-0.7071067811865475,0.4999999999999999,-0.8660254037844387,55.91,229.5,0.1103,0.0236,2.9665341421627023
2026-05-21 04:30:00+00:00,31.3375,122.075,34.775,36.6,53,996.5,0.0,-3.774069899155005,-1.601997626806023,0.0008,0.4999999999999999,-0.8660254037844387,0.4999999999999999,-0.8660254037844387,55.91,229.5,0.1103,0.0236,3.623785621951538
2026-05-21 05:30:00+00:00,30.545,113.975,48.55,37.6,49,996.7,0.0,-7.151875502157307,-3.802719658565716,0.000709219858156,0.258819045102521,-0.9659258262890682,0.4999999999999999,-0.8660254037844387,55.91,229.5,0.1103,0.0236,2.569461941050075
2026-05-21 06:30:00+00:00,30.12,110.90416666666664,67.59166666666667,38.0,48,996.2,0.0,-7.188569284028453,-2.759433211498813,0.0006410256410256,1.2246467991473532e-16,-1.0,0.4999999999999999,-0.8660254037844387,55.91,229.5,0.1103,0.0236,4.856405543822097
2026-05-21 07:30:00+00:00,31.50333333333333,107.83333333333331,86.63333333333333,38.3,47,995.3,0.0,-8.833459118601272,-5.1000000000000005,0.0006153846153846,-0.2588190451025208,-0.9659258262890684,0.4999999999999999,-0.8660254037844387,55.91,229.5,0.1103,0.0236,3.2762902773044518
2026-05-21 08:30:00+00:00,29.955,125.55,118.4,37.3,53,994.6,0.0,-11.864548031846809,-6.850000000000001,0.0008583690987124,-0.4999999999999998,-0.8660254037844388,0.4999999999999999,-0.8660254037844387,55.91,229.5,0.1103,0.0236,2.629467200230221
2026-05-21 09:30:00+00:00,29.25666666666667,114.96666666666664,86.89999999999999,36.2,58,994.3,0.0,-9.865547113404997,-6.654395551301887,0.0011299435028248,-0.7071067811865471,-0.7071067811865479,0.4999999999999999,-0.8660254037844387,55.91,229.5,0.1103,0.0236,1.3893403812332195
2026-05-21 10:30:00+00:00,29.22,91.0,66.8,35.1,61,994.3,0.0,-10.258326691232014,-8.307029161857855,0.0016129032258064,-0.8660254037844384,-0.5000000000000004,0.4999999999999999,-0.8660254037844387,55.91,229.5,0.1103,0.0236,3.118753827065421
2026-05-21 11:30:00+00:00,30.2525,126.9,98.7,34.9,59,994.2,0.0,-13.899623287131847,-5.900040040188037,0.001639344262295,-0.9659258262890684,-0.2588190451025206,0.4999999999999999,-0.8660254037844387,55.91,229.5,0.1103,0.0236,2.777073432700925
2026-05-21 12:30:00+00:00,30.105,126.175,86.65,33.0,67,994.2,0.0,-15.55653202334624,-6.603356071468729,0.002,-1.0,-1.8369701987210292e-16,0.4999999999999999,-0.8660254037844387,55.91,229.5,0.1103,0.0236,3.2820866230930568
2026-05-21 13:30:00+00:00,32.1275,124.75,44.7,31.4,73,995.1,0.0,-15.476313304606936,-4.437761428653687,0.0021739130434782,-0.9659258262890684,0.2588190451025203,0.4999999999999999,-0.8660254037844387,55.91,229.5,0.1103,0.0236,3.0505973833678945
2026-05-21 14:30:00+00:00,32.24,117.7,33.7,30.6,75,995.9,0.0,-14.788937659455698,-1.8158532167366976,0.002127659574468,-0.8660254037844386,0.5000000000000001,0.4999999999999999,-0.8660254037844387,55.91,229.5,0.1103,0.0236,3.4656120973746
2026-05-21 15:30:00+00:00,29.84,120.775,28.95,30.1,77,996.8,0.0,-14.397806810252035,-0.2513146526968806,0.0021978021978021,-0.7071067811865477,0.7071067811865474,0.4999999999999999,-0.8660254037844387,55.91,229.5,0.1103,0.0236,1.8783695271198515
2026-05-21 16:30:00+00:00,30.3725,119.35,34.2,29.5,79,997.0,0.0,-12.283143277481258,0.6437322617882065,0.0026315789473684,-0.5000000000000004,0.8660254037844384,0.4999999999999999,-0.8660254037844387,55.91,229.5,0.1103,0.0236,3.930135241096689
2026-05-21 17:30:00+00:00,29.63,113.59999999999998,33.3,29.5,79,997.0,0.0,-11.910553819695863,1.4624321208617683,0.0028571428571428,-0.2588190451025215,0.965925826289068,0.4999999999999999,-0.8660254037844387,55.91,229.5,0.1103,0.0236,1.855060068522718
2026-05-21 18:30:00+00:00,29.92125,110.7875,30.625,29.1,81,996.8,0.0,-11.898187572361056,0.2076836366036734,0.0027027027027027,0.0,1.0,0.4999999999999999,-0.8660254037844387,55.91,229.5,0.1103,0.0236,1.7395787385263701
2026-05-21 19:30:00+00:00,30.2125,107.975,27.95,28.8,83,996.7,0.0,-12.098157111392334,0.21117411789113,0.0027397260273972,0.2588190451025207,0.9659258262890684,0.4999999999999999,-0.8660254037844387,55.91,229.5,0.1103,0.0236,1.5524872011335784
2026-05-21 20:30:00+00:00,32.105,105.7,34.175000000000004,28.6,84,996.8,0.0,-11.89275084152724,0.4153040107597587,0.0026666666666666,0.4999999999999999,0.8660254037844387,0.4999999999999999,-0.8660254037844387,55.91,229.5,0.1103,0.0236,2.844633973917751
2026-05-21 21:30:00+00:00,31.2675,104.0,32.4,28.4,85,997.0,0.0,-11.160878248725057,-1.7677094549546095,0.0028169014084507,0.7071067811865475,0.7071067811865476,0.4999999999999999,-0.8660254037844387,55.91,229.5,0.1103,0.0236,1.478603106534827
2026-05-21 22:30:00+00:00,27.4025,103.3,31.5,28.1,87,997.4,0.0,-10.477752485727676,-3.004447178405291,0.0035087719298245,0.8660254037844386,0.5000000000000001,0.4999999999999999,-0.8660254037844387,55.91,229.5,0.1103,0.0236,0.7040325419994442
2026-05-21 23:30:00+00:00,27.785,104.675,31.0,28.1,89,997.6,0.0,-9.228112281007862,-2.646118615843192,0.0036363636363636,0.9659258262890684,0.2588190451025207,0.4999999999999999,-0.8660254037844387,55.91,229.5,0.1103,0.0236,2.1543055390714514
2026-05-22 00:30:00+00:00,29.31,102.125,30.85,28.9,85,998.2,0.0,-9.314838972249566,-2.322450197756812,0.0029411764705882,1.0,6.123233995736766e-17,0.4999999999999999,-0.8660254037844387,55.91,229.5,0.1103,0.0236,3.7594960568424263
2026-05-22 01:30:00+00:00,30.16,105.075,36.3,30.5,79,998.8,0.0,-10.939740849051006,-1.149813095944188,0.0021052631578947,0.9659258262890684,-0.2588190451025206,0.4999999999999999,-0.8660254037844387,55.91,229.5,0.1103,0.0236,3.012321371649934
2026-05-22 02:30:00+00:00,29.575,103.4,37.4,32.2,73,998.9,0.0,-10.123970746741485,1.243067302732503,0.0014388489208633,0.8660254037844387,-0.4999999999999998,0.4999999999999999,-0.8660254037844387,55.91,229.5,0.1103,0.0236,2.734807214150929
2026-05-22 03:30:00+00:00,29.23,115.75,39.9,33.6,66,999.0,0.0,-7.389858557183847,0.3872860761977828,0.0012345679012345,0.7071067811865476,-0.7071067811865475,0.4999999999999999,-0.8660254037844387,55.91,229.5,0.1103,0.0236,2.2124000595545112
2026-05-22 04:30:00+00:00,29.785,120.925,40.7,35.2,60,998.9,0.0,-6.333405421104029,-1.462181853235122,0.001063829787234,0.4999999999999999,-0.8660254037844387,0.4999999999999999,-0.8660254037844387,55.91,229.5,0.1103,0.0236,2.9882788079371014
2026-05-22 05:30:00+00:00,30.34,126.1,41.5,36.8,53,998.4,0.0,-2.1650635094610964,-1.2500000000000002,0.0007042253521126,0.258819045102521,-0.9659258262890682,0.4999999999999999,-0.8660254037844387,55.91,229.5,0.1103,0.0236,0.20820228379032135
2026-05-22 06:30:00+00:00,29.5275,131.05,53.75,37.5,50,997.6,0.0,-1.806652637168917,-2.006491028788965,0.0006153846153846,1.2246467991473532e-16,-1.0,0.4999999999999999,-0.8660254037844387,55.91,229.5,0.1103,0.0236,4.3523816517499485
2026-05-22 07:30:00+00:00,29.473333333333333,139.2,73.66666666666667,38.0,47,996.4,0.0,-0.547520627640808,-3.456909192082982,0.0005780346820809,-0.2588190451025208,-0.9659258262890684,0.4999999999999999,-0.8660254037844387,55.91,229.5,0.1103,0.0236,4.306472110182823
2026-05-22 08:30:00+00:00,29.705,137.82500000000002,122.5,38.1,47,995.7,0.0,1.9927287552953008,-4.694574752607443,0.0005917159763313,-0.4999999999999998,-0.8660254037844388,0.4999999999999999,-0.8660254037844387,55.91,229.5,0.1103,0.0236,2.700470318502695
2026-05-22 09:30:00+00:00,29.442500000000003,139.64999999999998,85.925,37.8,48,995.1,0.0,1.9927287552953008,-4.694574752607443,0.000625,-0.7071067811865471,-0.7071067811865479,0.4999999999999999,-0.8660254037844387,55.91,229.5,0.1103,0.0236,3.5825819560819614
2026-05-22 10:30:00+00:00,30.7625,135.35000000000002,66.45,37.5,48,994.9,0.0,-0.9211382784680404,-1.6617774435648518,0.0006472491909385,-0.8660254037844384,-0.5000000000000004,0.4999999999999999,-0.8660254037844387,55.91,229.5,0.1103,0.0236,2.8481712597330806
2026-05-22 11:30:00+00:00,29.24,138.2,86.3,34.2,65,994.9,0.0,-10.60576974633017,-5.1727795321111145,0.0020833333333333,-0.9659258262890684,-0.2588190451025206,0.4999999999999999,-0.8660254037844387,55.91,229.5,0.1103,0.0236,0.3963173291462635
2026-05-22 12:30:00+00:00,29.3925,144.5,64.07499999999999,32.8,70,995.5,0.0,-9.738841328672963,-3.3533519909087146,0.0031746031746031,-1.0,-1.8369701987210292e-16,0.4999999999999999,-0.8660254037844387,55.91,229.5,0.1103,0.0236,1.3994050919350376
2026-05-22 13:30:00+00:00,29.14,144.425,52.225,32.2,72,996.0,0.0,-12.033714933956109,-1.264794405538607,0.0027397260273972,-0.9659258262890684,0.2588190451025203,0.4999999999999999,-0.8660254037844387,55.91,229.5,0.1103,0.0236,2.1749879247997757
2026-05-22 14:30:00+00:00,29.9925,145.525,44.625,31.6,74,996.6,0.0,-12.374499822772488,-2.8568783901670844,0.0033333333333333,-0.8660254037844386,0.5000000000000001,0.4999999999999999,-0.8660254037844387,55.91,229.5,0.1103,0.0236,4.53349022479977
2026-05-22 15:30:00+00:00,31.09,147.55,49.4,31.1,75,997.0,0.0,-10.758902739390852,0.941282021674709,0.0041666666666666,-0.7071067811865477,0.7071067811865474,0.4999999999999999,-0.8660254037844387,55.91,229.5,0.1103,0.0236,4.763534287137668
2026-05-22 16:30:00+00:00,31.0225,141.25,48.125,30.7,77,997.3,0.0,-9.020947563833916,3.8291650591948816,0.0043478260869565,-0.5000000000000004,0.8660254037844384,0.4999999999999999,-0.8660254037844387,55.91,229.5,0.1103,0.0236,4.467155123459322
2026-05-22 17:30:00+00:00,32.03666666666667,134.2,40.0,30.7,77,996.8,0.0,-7.534221445054732,-2.0187885517996618,0.0051282051282051,-0.2588190451025215,0.965925826289068,0.4999999999999999,-0.8660254037844387,55.91,229.5,0.1103,0.0236,4.63246893620754
2026-05-22 18:30:00+00:00,34.05833333333334,128.85,38.0,30.1,81,996.7,0.0,-7.703969056642075,-1.220188827313801,0.006060606060606,0.0,1.0,0.4999999999999999,-0.8660254037844387,55.91,229.5,0.1103,0.0236,0.12415871507682863
2026-05-22 19:30:00+00:00,36.08,123.5,36.0,29.9,81,996.2,0.0,-7.381973971922699,0.5161979057065275,0.0071428571428571,0.2588190451025207,0.9659258262890684,0.4999999999999999,-0.8660254037844387,55.91,229.5,0.1103,0.0236,3.011224207615677
2026-05-22 20:30:00+00:00,34.09,117.0,32.625,29.5,82,996.2,0.0,-5.991656052659467,-1.946807064562169,0.008695652173913,0.4999999999999999,0.8660254037844387,0.4999999999999999,-0.8660254037844387,55.91,229.5,0.1103,0.0236,4.043689996379271
2026-05-22 21:30:00+00:00,30.09,115.8,36.2,29.1,84,996.1,0.0,-7.589584464134761,-0.3977532674463741,0.0083333333333333,0.7071067811865475,0.7071067811865476,0.4999999999999999,-0.8660254037844387,55.91,229.5,0.1103,0.0236,1.7715033481837321
2026-05-22 22:30:00+00:00,30.06,117.075,36.075,28.7,86,996.4,0.0,-7.770318645115615,-0.6798147934317335,0.0071428571428571,0.8660254037844386,0.5000000000000001,0.4999999999999999,-0.8660254037844387,55.91,229.5,0.1103,0.0236,2.2179478467494027
2026-05-22 23:30:00+00:00,29.2675,114.875,32.05,29.0,89,996.1,0.0,-6.33771563994605,-0.8907078461444204,0.0068965517241379,0.9659258262890684,0.2588190451025207,0.4999999999999999,-0.8660254037844387,55.91,229.5,0.1103,0.0236,3.359364314073241
2026-05-23 00:30:00+00:00,28.06,121.725,38.0,29.8,86,996.9,0.0,-4.8880638462731385,-0.3418067213462147,0.0054054054054054,1.0,6.123233995736766e-17,0.4999999999999999,-0.8660254037844387,55.91,229.5,0.1103,0.0236,4.751663122671675
2026-05-23 01:30:00+00:00,31.64,123.2,39.475,31.3,79,997.0,0.0,-5.3967104659031175,0.1884572821935039,0.0039215686274509,0.9659258262890684,-0.2588190451025206,0.4999999999999999,-0.8660254037844387,55.91,229.5,0.1103,0.0236,2.452628369583489
2026-05-23 02:30:00+00:00,30.53,123.25,37.35,33.3,69,997.4,0.0,-3.8000432526624177,0.8773091119410728,0.0023529411764705,0.8660254037844387,-0.4999999999999998,0.4999999999999999,-0.8660254037844387,55.91,229.5,0.1103,0.0236,3.156344068231527
2026-05-23 03:30:00+00:00,30.1975,131.25,43.525,35.3,58,997.7,0.0,-2.521634411541511,1.9701167210421069,0.0013333333333333,0.7071067811865476,-0.7071067811865475,0.4999999999999999,-0.8660254037844387,55.91,229.5,0.1103,0.0236,2.49233247957968
2026-05-23 04:30:00+00:00,29.9775,139.1,59.025,37.0,50,997.8,0.0,0.7071067811865475,0.7071067811865477,0.0007692307692307,0.4999999999999999,-0.8660254037844387,0.4999999999999999,-0.8660254037844387,55.91,229.5,0.1103,0.0236,2.691842538320732
2026-05-23 05:30:00+00:00,27.0725,140.32500000000002,75.85,38.6,41,996.9,0.0,2.5079526825623377,-1.8221342821066664,0.0005347593582887,0.258819045102521,-0.9659258262890682,0.4999999999999999,-0.8660254037844387,55.91,229.5,0.1103,0.0236,2.1221407625520112
2026-05-23 06:30:00+00:00,29.8425,142.575,82.0,39.3,36,996.3,0.0,5.200352165796243,-1.7906248495143595,0.0004329004329004,1.2246467991473532e-16,-1.0,0.4999999999999999,-0.8660254037844387,55.91,229.5,0.1103,0.0236,4.533309879465434
2026-05-23 07:30:00+00:00,31.74,150.85,104.18333333333334,39.8,32,995.2,0.0,8.113776940828172,-2.1740799788611778,0.0003960396039603,-0.2588190451025208,-0.9659258262890684,0.4999999999999999,-0.8660254037844387,55.91,229.5,0.1103,0.0236,0.5124886749643098
2026-05-23 08:30:00+00:00,28.815,159.125,126.36666666666667,40.3,25,994.5,0.0,11.497079796628164,-4.645121758357308,0.0003649635036496,-0.4999999999999998,-0.8660254037844388,0.4999999999999999,-0.8660254037844387,55.91,229.5,0.1103,0.0236,3.0114542756530054
2026-05-23 09:30:00+00:00,29.385,167.4,148.55,39.5,26,994.0,0.2,13.997867732189478,0.2443336901219689,0.0003584229390681,-0.7071067811865471,-0.7071067811865479,0.4999999999999999,-0.8660254037844387,55.91,229.5,0.1103,0.0236,0.31686908821695114
2026-05-23 10:30:00+00:00,30.0025,166.925,86.625,39.0,28,993.3,0.1,3.5628272848061435,1.5862729079956204,0.0044444444444444,-0.8660254037844384,-0.5000000000000004,0.4999999999999999,-0.8660254037844387,55.91,229.5,0.1103,0.0236,0.972116390331278
2026-05-23 11:30:00+00:00,29.83,183.45,117.5125,39.3,25,992.6,0.0,-0.8959198738632506,2.3339510662430043,0.0222222222222222,-0.9659258262890684,-0.2588190451025206,0.4999999999999999,-0.8660254037844387,55.91,229.5,0.1103,0.0236,1.2673945526093033
2026-05-23 12:30:00+00:00,31.0775,199.975,148.4,37.5,35,992.8,0.0,-0.726384799583275,-1.4256104387013888,0.05,-1.0,-1.8369701987210292e-16,0.4999999999999999,-0.8660254037844387,55.91,229.5,0.1103,0.0236,0.38613674312984847
2026-05-23 13:30:00+00:00,31.355,199.1,64.9,36.0,48,993.4,0.0,-1.790139411662892,-0.1881512338817762,0.05,-0.9659258262890684,0.2588190451025203,0.4999999999999999,-0.8660254037844387,55.91,229.5,0.1103,0.0236,3.6677992942236406
2026-05-23 14:30:00+00:00,29.625,200.375,54.3,34.6,46,994.3,0.0,0.528857783648249,3.763018661217967,0.025,-0.8660254037844386,0.5000000000000001,0.4999999999999999,-0.8660254037844387,55.91,229.5,0.1103,0.0236,3.16542193802756
2026-05-23 15:30:00+00:00,29.6625,222.65,78.425,33.3,49,995.1,0.0,3.236092916415765,1.7937955949114464,0.025,-0.7071067811865477,0.7071067811865474,0.4999999999999999,-0.8660254037844387,55.91,229.5,0.1103,0.0236,0.5979211062140211
2026-05-23 16:30:00+00:00,28.5425,254.775,58.45,32.4,52,995.5,0.0,2.163159914622228,3.600102662948872,0.025,-0.5000000000000004,0.8660254037844384,0.4999999999999999,-0.8660254037844387,55.91,229.5,0.1103,0.0236,1.947334667953372
2026-05-23 17:30:00+00:00,30.186666666666667,252.80000000000004,61.9,31.6,63,995.6,0.0,-7.724090936184249,1.0855501874885098,0.0142857142857142,-0.2588190451025215,0.965925826289068,0.4999999999999999,-0.8660254037844387,55.91,229.5,0.1103,0.0236,0.5253026733119653
2026-05-23 18:30:00+00:00,31.28333333333333,216.85,49.65,30.2,74,995.0,0.0,-11.13864522812466,1.1707187885977173,0.01,0.0,1.0,0.4999999999999999,-0.8660254037844387,55.91,229.5,0.1103,0.0236,0.4255439636422209
2026-05-23 19:30:00+00:00,32.38,180.9,37.4,29.8,75,994.3,0.0,-9.969385657403151,4.648800879147693,0.0095238095238095,0.2588190451025207,0.9659258262890684,0.4999999999999999,-0.8660254037844387,55.91,229.5,0.1103,0.0236,0.44963960923596946
2026-05-23 20:30:00+00:00,31.3175,146.975,38.1,29.2,78,994.4,0.0,-5.923964983115281,5.524186716506237,0.008695652173913,0.4999999999999999,0.8660254037844387,0.4999999999999999,-0.8660254037844387,55.91,229.5,0.1103,0.0236,1.4036802503649337
2026-05-23 21:30:00+00:00,30.7875,140.425,37.5,28.7,79,994.5,0.0,-5.071006104350679,5.251180542472154,0.008695652173913,0.7071067811865475,0.7071067811865476,0.4999999999999999,-0.8660254037844387,55.91,229.5,0.1103,0.0236,1.0715902177647911
2026-05-23 22:30:00+00:00,31.875,132.875,36.45,28.3,80,994.9,0.0,-4.449593469062211,3.2328188876086017,0.0117647058823529,0.8660254037844386,0.5000000000000001,0.4999999999999999,-0.8660254037844387,55.91,229.5,0.1103,0.0236,4.826431026911668
2026-05-23 23:30:00+00:00,29.4,128.225,40.875,28.3,91,996.0,0.0,-7.012587218225478,-1.1106847017856396,0.008695652173913,0.9659258262890684,0.2588190451025207,0.4999999999999999,-0.8660254037844387,55.91,229.5,0.1103,0.0236,1.6876594344401123
2026-05-24 00:30:00+00:00,28.915,131.025,37.625,29.2,85,996.8,0.0,-6.873743416833045,0.6013746249588419,0.0055555555555555,1.0,6.123233995736766e-17,0.4999999999999999,-0.8660254037844387,55.91,229.5,0.1103,0.0236,0.3695562040207867
2026-05-24 01:30:00+00:00,29.6625,136.32500000000002,39.925,30.9,74,997.6,0.0,-6.302769619278132,1.111348337068354,0.0041666666666666,0.9659258262890684,-0.2588190451025206,0.4999999999999999,-0.8660254037844387,55.91,229.5,0.1103,0.0236,3.1871883711188183
2026-05-24 02:30:00+00:00,31.7525,141.975,88.975,32.9,63,997.9,0.0,-6.0916401620029,0.3192493330819561,0.0029850746268656,0.8660254037844387,-0.4999999999999998,0.4999999999999999,-0.8660254037844387,55.91,229.5,0.1103,0.0236,2.776382502992435
2026-05-24 03:30:00+00:00,30.095,151.15,111.075,34.8,54,998.0,0.0,-5.777929248932124,0.5055033079364177,0.0021978021978021,0.7071067811865476,-0.7071067811865475,0.4999999999999999,-0.8660254037844387,55.91,229.5,0.1103,0.0236,2.7035361049903006
2026-05-24 04:30:00+00:00,29.6775,155.82500000000002,119.85,36.9,44,998.0,0.0,-4.482102298012082,1.034774849981778,0.0011904761904761,0.4999999999999999,-0.8660254037844387,0.4999999999999999,-0.8660254037844387,55.91,229.5,0.1103,0.0236,3.1472443153572636
2026-05-24 05:30:00+00:00,30.28,159.6,90.6,38.5,37,997.4,0.0,-4.297380556182112,-0.1500678358207546,0.0006493506493506,0.258819045102521,-0.9659258262890682,0.4999999999999999,-0.8660254037844387,55.91,229.5,0.1103,0.0236,0.5756139529065668
2026-05-24 06:30:00+00:00,27.85,160.525,82.475,39.1,35,996.9,0.0,-2.3334523779156067,-2.3334523779156067,0.0004950495049504,1.2246467991473532e-16,-1.0,0.4999999999999999,-0.8660254037844387,55.91,229.5,0.1103,0.0236,4.0029150773461435
2026-05-24 07:30:00+00:00,30.6425,167.6,101.0375,39.3,34,995.8,0.1,9.307315673519883e-16,-3.8,0.0004016064257028,-0.2588190451025208,-0.9659258262890684,0.4999999999999999,-0.8660254037844387,55.91,229.5,0.1103,0.0236,2.0358188368244217
2026-05-24 08:30:00+00:00,29.15,174.67499999999998,119.6,39.4,28,995.4,0.2,3.447199994035401,-2.892544243589427,0.0003929273084479,-0.4999999999999998,-0.8660254037844388,0.4999999999999999,-0.8660254037844387,55.91,229.5,0.1103,0.0236,1.6765578023727539
2026-05-24 09:30:00+00:00,29.9875,173.525,71.35000000000001,39.5,27,994.5,0.1,2.500000000000002,-4.330127018922192,0.0003521126760563,-0.7071067811865471,-0.7071067811865479,0.4999999999999999,-0.8660254037844387,55.91,229.5,0.1103,0.0236,3.727749818044002
2026-05-24 10:30:00+00:00,28.916666666666668,166.8,66.9,38.0,35,994.0,0.0,-5.055246194477205,-6.70853828439726,0.0026666666666666,-0.8660254037844384,-0.5000000000000004,0.4999999999999999,-0.8660254037844387,55.91,229.5,0.1103,0.0236,3.9244163075381695
2026-05-24 11:30:00+00:00,28.55,166.7375,90.1125,36.5,44,993.8,0.0,-11.657520894441394,-7.570482586708876,0.0024691358024691,-0.9659258262890684,-0.2588190451025206,0.4999999999999999,-0.8660254037844387,55.91,229.5,0.1103,0.0236,3.3436806965924406
2026-05-24 12:30:00+00:00,29.6175,166.67499999999998,113.325,34.5,55,994.6,0.0,-9.70820393249937,-7.053423027509678,0.0033898305084745,-1.0,-1.8369701987210292e-16,0.4999999999999999,-0.8660254037844387,55.91,229.5,0.1103,0.0236,3.940578192713515
2026-05-24 13:30:00+00:00,31.413333333333338,165.46666666666667,81.8,33.4,61,995.3,0.0,-12.229903587113345,-4.694620139043435,0.0029411764705882,-0.9659258262890684,0.2588190451025203,0.4999999999999999,-0.8660254037844387,55.91,229.5,0.1103,0.0236,0.48587825974826804
2026-05-24 14:30:00+00:00,30.345,169.525,40.45,32.7,63,996.1,0.0,-14.564435133793433,-1.0184445166642315,0.003030303030303,-0.8660254037844386,0.5000000000000001,0.4999999999999999,-0.8660254037844387,55.91,229.5,0.1103,0.0236,4.541948062188342
2026-05-24 15:30:00+00:00,30.185,172.67499999999998,69.975,32.0,68,996.8,0.0,-13.3,-8.143901214329901e-16,0.0036363636363636,-0.7071067811865477,0.7071067811865474,0.4999999999999999,-0.8660254037844387,55.91,229.5,0.1103,0.0236,0.06916972296495794
2026-05-24 16:30:00+00:00,28.6875,169.425,53.475,31.1,72,996.9,0.0,-12.751292135574344,1.1155935071700254,0.0035714285714285,-0.5000000000000004,0.8660254037844384,0.4999999999999999,-0.8660254037844387,55.91,229.5,0.1103,0.0236,3.707562313131808
2026-05-24 17:30:00+00:00,30.916666666666668,158.8,48.9,31.0,72,996.5,0.0,-11.17271736291003,-0.781272505934205,0.0028571428571428,-0.2588190451025215,0.965925826289068,0.4999999999999999,-0.8660254037844387,55.91,229.5,0.1103,0.0236,3.408619682619245
2026-05-24 18:30:00+00:00,30.05,151.2,41.6,30.4,73,996.1,0.0,-11.128327609037951,-1.9622244076363136,0.0034482758620689,0.0,1.0,0.4999999999999999,-0.8660254037844387,55.91,229.5,0.1103,0.0236,2.039253775133572
2026-05-24 19:30:00+00:00,32.705,157.14999999999998,42.075,29.8,76,995.4,0.0,-11.3566195582459,-0.9935754673233028,0.0028985507246376,0.2588190451025207,0.9659258262890684,0.4999999999999999,-0.8660254037844387,55.91,229.5,0.1103,0.0236,1.3667293500974431
2026-05-24 20:30:00+00:00,30.6675,149.55,38.975,29.3,79,995.4,0.0,-10.993299097210054,-0.3838944637275119,0.0029850746268656,0.4999999999999999,0.8660254037844387,0.4999999999999999,-0.8660254037844387,55.91,229.5,0.1103,0.0236,2.7691326223847206
2026-05-24 21:30:00+00:00,30.41,137.72500000000002,36.725,28.9,81,995.3,0.0,-11.184650789251226,0.5861627099209685,0.003030303030303,0.7071067811865475,0.7071067811865476,0.4999999999999999,-0.8660254037844387,55.91,229.5,0.1103,0.0236,0.7966492975882822
2026-05-24 22:30:00+00:00,30.4575,122.6,40.05,28.4,83,995.6,0.0,-10.285134698525562,-2.5643720933564795,0.0034482758620689,0.8660254037844386,0.5000000000000001,0.4999999999999999,-0.8660254037844387,55.91,229.5,0.1103,0.0236,0.7753529339919502
2026-05-24 23:30:00+00:00,30.84,125.775,33.7,28.0,86,995.5,0.0,-10.2426495665664,-3.7280195622497914,0.0037037037037037,0.9659258262890684,0.2588190451025207,0.4999999999999999,-0.8660254037844387,55.91,229.5,0.1103,0.0236,0.10671294358582273
2026-05-25 00:30:00+00:00,31.65,119.2,34.8,28.4,83,995.9,0.0,-9.225248208062988,-2.99746484543699,0.0035087719298245,1.0,6.123233995736766e-17,0.4999999999999999,-0.8660254037844387,55.91,229.5,0.1103,0.0236,3.2214664604259857
2026-05-25 01:30:00+00:00,30.1575,118.9,38.1,29.7,76,996.8,0.0,-8.477019563631545,-1.9570741727916243,0.0029850746268656,0.9659258262890684,-0.2588190451025206,0.4999999999999999,-0.8660254037844387,55.91,229.5,0.1103,0.0236,3.9639536189486413
2026-05-25 02:30:00+00:00,28.8575,119.125,37.825,31.6,69,997.4,0.0,-6.795857623729851,0.2373165775770049,0.0024096385542168,0.8660254037844387,-0.4999999999999998,0.4999999999999999,-0.8660254037844387,55.91,229.5,0.1103,0.0236,3.2081951562629216
2026-05-25 03:30:00+00:00,31.8925,133.775,41.525,33.4,63,997.8,0.0,-7.605200222582561,-1.204545380809778,0.0017543859649122,0.7071067811865476,-0.7071067811865475,0.4999999999999999,-0.8660254037844387,55.91,229.5,0.1103,0.0236,0.015273509662677709
2026-05-25 04:30:00+00:00,31.426666666666662,130.3,43.0,35.0,57,997.6,0.0,-7.922144549932562,-1.1133848076805255,0.0012345679012345,0.4999999999999999,-0.8660254037844387,0.4999999999999999,-0.8660254037844387,55.91,229.5,0.1103,0.0236,2.756943845683839
2026-05-25 05:30:00+00:00,35.12,135.5,50.1,36.5,51,997.2,0.0,-7.395354150763454,-3.7681211478382393,0.0009756097560975,0.258819045102521,-0.9659258262890682,0.4999999999999999,-0.8660254037844387,55.91,229.5,0.1103,0.0236,3.464082604734368
2026-05-25 06:30:00+00:00,31.77,136.7,53.85,37.1,50,996.5,0.0,-8.652745622452938,-3.6728726077991753,0.0008810572687224,1.2246467991473532e-16,-1.0,0.4999999999999999,-0.8660254037844387,55.91,229.5,0.1103,0.0236,3.9095040532728924
2026-05-25 07:30:00+00:00,29.13,142.7,131.9,37.4,48,995.3,0.0,-8.41511532283392,-2.897556574668695,0.00078125,-0.2588190451025208,-0.9659258262890684,0.4999999999999999,-0.8660254037844387,55.91,229.5,0.1103,0.0236,3.9513949684306295
2026-05-25 08:30:00+00:00,31.03333333333333,142.83333333333334,114.33333333333331,37.6,47,994.4,0.0,-8.60769888645749,-1.8296228791962832,0.0008097165991902,-0.4999999999999998,-0.8660254037844388,0.4999999999999999,-0.8660254037844387,55.91,229.5,0.1103,0.0236,2.435601511365551
2026-05-25 09:30:00+00:00,30.3075,143.4,108.9,37.3,48,993.6,0.0,-9.862327511108282,-0.8628418532018156,0.0008810572687224,-0.7071067811865471,-0.7071067811865479,0.4999999999999999,-0.8660254037844387,55.91,229.5,0.1103,0.0236,3.7632021947220657
2026-05-25 10:30:00+00:00,31.705,144.82500000000002,60.6,36.6,51,993.7,0.0,-10.246252127810504,-4.997431073395483,0.0010695187165775,-0.8660254037844384,-0.5000000000000004,0.4999999999999999,-0.8660254037844387,55.91,229.5,0.1103,0.0236,2.9356558021398604
2026-05-25 11:30:00+00:00,29.567500000000003,148.2,108.8,35.8,54,993.2,0.0,-10.112712429686844,-7.347315653655914,0.0014598540145985,-0.9659258262890684,-0.2588190451025206,0.4999999999999999,-0.8660254037844387,55.91,229.5,0.1103,0.0236,1.6113855236458234
2026-05-25 12:30:00+00:00,30.11,148.1,73.575,34.3,61,993.7,0.0,-12.518866006953187,-5.313943347454125,0.0018691588785046,-1.0,-1.8369701987210292e-16,0.4999999999999999,-0.8660254037844387,55.91,229.5,0.1103,0.0236,3.26051096166599
2026-05-25 13:30:00+00:00,30.28,148.725,46.650000000000006,32.7,65,994.7,0.0,-14.9178284305241,-1.5679269490148018,0.0027027027027027,-0.9659258262890684,0.2588190451025203,0.4999999999999999,-0.8660254037844387,55.91,229.5,0.1103,0.0236,3.8711673274640375
2026-05-25 14:30:00+00:00,29.215,152.525,41.425,31.8,67,995.9,0.0,-15.297610017128193,-3.531731553198679,0.0023529411764705,-0.8660254037844386,0.5000000000000001,0.4999999999999999,-0.8660254037844387,55.91,229.5,0.1103,0.0236,0.700323127992295
2026-05-25 15:30:00+00:00,29.025,153.475,32.849999999999994,31.0,70,997.2,0.0,-16.753188332834412,-7.111306538504786,0.0018181818181818,-0.7071067811865477,0.7071067811865474,0.4999999999999999,-0.8660254037844387,55.91,229.5,0.1103,0.0236,2.1392447684723166
2026-05-25 16:30:00+00:00,29.9075,165.2,37.85,30.4,72,996.9,0.0,-18.37100313506956,2.909681049748297,0.0021505376344086,-0.5000000000000004,0.8660254037844384,0.4999999999999999,-0.8660254037844387,55.91,229.5,0.1103,0.0236,1.7305161717505153
2026-05-25 17:30:00+00:00,30.320000000000004,166.8,30.600000000000005,30.3,73,996.0,0.0,-14.79774588831459,-0.2582956152717939,0.0020408163265306,-0.2588190451025215,0.965925826289068,0.4999999999999999,-0.8660254037844387,55.91,229.5,0.1103,0.0236,4.152424521952201
2026-05-25 18:30:00+00:00,32.45,159.0,35.6,29.5,77,996.0,0.0,-11.198294185751582,-0.1954669520975738,0.0023809523809523,0.0,1.0,0.4999999999999999,-0.8660254037844387,55.91,229.5,0.1103,0.0236,1.0809921020466424
2026-05-25 19:30:00+00:00,31.6575,147.6,31.625,28.9,79,995.9,0.0,-12.058613580226966,-5.1185777832094885,0.0021978021978021,0.2588190451025207,0.9659258262890684,0.4999999999999999,-0.8660254037844387,55.91,229.5,0.1103,0.0236,0.9749907913343298
2026-05-25 20:30:00+00:00,28.8175,134.14999999999998,34.85,28.0,82,996.0,0.0,-14.918354193023353,-4.560998593674693,0.0022988505747126,0.4999999999999999,0.8660254037844387,0.4999999999999999,-0.8660254037844387,55.91,229.5,0.1103,0.0236,4.2173642207429305
2026-05-25 21:30:00+00:00,28.7825,129.175,30.125,27.4,84,995.7,0.0,-14.96907784578556,-2.639452300537342,0.0023809523809523,0.7071067811865475,0.7071067811865476,0.4999999999999999,-0.8660254037844387,55.91,229.5,0.1103,0.0236,3.1159090932955404
2026-05-25 22:30:00+00:00,30.5675,310.575,57.6,27.2,86,996.4,0.0,-13.292636107886192,-4.063966695646041,0.0023809523809523,0.8660254037844386,0.5000000000000001,0.4999999999999999,-0.8660254037844387,55.91,229.5,0.1103,0.0236,1.3139009471141145
2026-05-25 23:30:00+00:00,31.9975,190.3,90.825,25.6,85,998.7,0.0,-12.771792780461473,-7.674067316159808,0.0026315789473684,0.9659258262890684,0.2588190451025207,0.4999999999999999,-0.8660254037844387,55.91,229.5,0.1103,0.0236,1.763767112509107
2026-05-26 00:30:00+00:00,28.3275,99.375,35.65,26.0,80,998.5,0.0,-12.950531075192693,1.1330246557195571,0.0028985507246376,1.0,6.123233995736766e-17,0.4999999999999999,-0.8660254037844387,55.91,229.5,0.1103,0.0236,3.971431186021306
2026-05-26 01:30:00+00:00,29.7675,117.0,52.15,27.6,74,998.5,0.0,-11.12513967002248,5.9153416911022205,0.0024390243902439,0.9659258262890684,-0.2588190451025206,0.4999999999999999,-0.8660254037844387,55.91,229.5,0.1103,0.0236,2.859879177336712
2026-05-26 02:30:00+00:00,30.285,190.9,56.725,29.8,63,998.9,0.0,-9.234002367752248,10.25539859158804,0.0018867924528301,0.8660254037844387,-0.4999999999999998,0.4999999999999999,-0.8660254037844387,55.91,229.5,0.1103,0.0236,1.2305370221536815
2026-05-26 03:30:00+00:00,31.27,177.0,119.7,31.7,56,999.0,0.0,-6.424056087131719,9.174502896036708,0.0014925373134328,0.7071067811865476,-0.7071067811865475,0.4999999999999999,-0.8660254037844387,55.91,229.5,0.1103,0.0236,0.15200149342337488
2026-05-26 04:30:00+00:00,30.63,156.95,120.4,33.3,52,998.7,0.0,-5.727564927611035,5.727564927611034,0.0012820512820512,0.4999999999999999,-0.8660254037844387,0.4999999999999999,-0.8660254037844387,55.91,229.5,0.1103,0.0236,4.99584247729153
2026-05-26 05:30:00+00:00,28.1025,136.9,121.1,34.6,50,998.3,0.0,-7.8582335764444515,4.178296908794426,0.0010471204188481,0.258819045102521,-0.9659258262890682,0.4999999999999999,-0.8660254037844387,55.91,229.5,0.1103,0.0236,4.430542791219836
2026-05-26 06:30:00+00:00,31.02,141.075,75.325,35.3,48,997.5,0.0,-7.689447417610219,0.4029868630706659,0.0008928571428571,1.2246467991473532e-16,-1.0,0.4999999999999999,-0.8660254037844387,55.91,229.5,0.1103,0.0236,1.2683631854437472
2026-05-26 07:30:00+00:00,31.1325,136.21666666666667,86.8,36.0,47,996.2,0.0,-7.36220387585748,-1.431067465324087,0.000790513833992,-0.2588190451025208,-0.9659258262890684,0.4999999999999999,-0.8660254037844387,55.91,229.5,0.1103,0.0236,1.2467247422395373
2026-05-26 08:30:00+00:00,29.7375,131.35833333333332,98.275,36.4,46,995.4,0.0,-5.767570175629913,-1.653824134901995,0.000709219858156,-0.4999999999999998,-0.8660254037844388,0.4999999999999999,-0.8660254037844387,55.91,229.5,0.1103,0.0236,3.50414513672275
2026-05-26 09:30:00+00:00,29.155,126.5,109.75,36.5,45,994.9,0.0,-4.8417909255057845,-2.155704208301741,0.0006849315068493,-0.7071067811865471,-0.7071067811865479,0.4999999999999999,-0.8660254037844387,55.91,229.5,0.1103,0.0236,4.868968370649264
2026-05-26 10:30:00+00:00,29.615,121.925,117.85,36.0,47,994.7,0.0,-6.861160523794228,-2.7720887912777488,0.0007168458781362,-0.8660254037844384,-0.5000000000000004,0.4999999999999999,-0.8660254037844387,55.91,229.5,0.1103,0.0236,3.383292493353436
2026-05-26 11:30:00+00:00,30.1175,122.7125,110.375,34.9,48,994.8,0.0,-12.610916492298433,-5.353016460303053,0.0013513513513513,-0.9659258262890684,-0.2588190451025206,0.4999999999999999,-0.8660254037844387,55.91,229.5,0.1103,0.0236,1.8417193829933605
2026-05-26 12:30:00+00:00,30.51333333333333,123.5,102.90000000000002,32.9,58,995.5,0.0,-11.83149774430962,-6.290918941330938,0.0018348623853211,-1.0,-1.8369701987210292e-16,0.4999999999999999,-0.8660254037844387,55.91,229.5,0.1103,0.0236,1.8557857594497684
2026-05-26 13:30:00+00:00,30.575000000000003,117.5,81.4,31.6,64,996.6,0.0,-14.289419162443236,-8.250000000000002,0.0020408163265306,-0.9659258262890684,0.2588190451025203,0.4999999999999999,-0.8660254037844387,55.91,229.5,0.1103,0.0236,4.642717353910819
2026-05-26 14:30:00+00:00,31.023333333333337,133.7,49.4,30.6,69,997.1,0.0,-15.31740092470893,-5.274204102205939,0.0024390243902439,-0.8660254037844386,0.5000000000000001,0.4999999999999999,-0.8660254037844387,55.91,229.5,0.1103,0.0236,4.941877746525372
2026-05-26 15:30:00+00:00,31.06,128.43333333333334,38.86666666666667,30.0,72,997.7,0.0,-15.61399375728189,-1.6410968733021591,0.0021052631578947,-0.7071067811865477,0.7071067811865474,0.4999999999999999,-0.8660254037844387,55.91,229.5,0.1103,0.0236,3.763913320960435
2026-05-26 16:30:00+00:00,28.75,132.75,37.35,29.6,70,997.5,0.0,-16.397502200564816,0.286219465571449,0.0022988505747126,-0.5000000000000004,0.8660254037844384,0.4999999999999999,-0.8660254037844387,55.91,229.5,0.1103,0.0236,1.7519539235412123
2026-05-26 17:30:00+00:00,31.686666666666667,125.40000000000002,32.7,29.9,70,997.4,0.0,-13.467645734885355,-1.8927541730568933,0.002020202020202,-0.2588190451025215,0.965925826289068,0.4999999999999999,-0.8660254037844387,55.91,229.5,0.1103,0.0236,4.050330658563235
2026-05-26 18:30:00+00:00,29.15,113.6,33.7,29.2,70,997.6,0.0,-10.646229045012037,-10.280943882793162,0.0020408163265306,0.0,1.0,0.4999999999999999,-0.8660254037844387,55.91,229.5,0.1103,0.0236,3.369307907781857
2026-05-26 19:30:00+00:00,31.0025,117.425,34.45,28.5,75,996.9,0.0,-11.195132251384264,-6.205563139153115,0.0024691358024691,0.2588190451025207,0.9659258262890684,0.4999999999999999,-0.8660254037844387,55.91,229.5,0.1103,0.0236,4.346435857620682
2026-05-26 20:30:00+00:00,32.4825,103.825,30.0,24.9,81,996.4,0.0,-17.304680979407955,-1.81879526085717,0.003125,0.4999999999999999,0.8660254037844387,0.4999999999999999,-0.8660254037844387,55.91,229.5,0.1103,0.0236,4.780642287465816
2026-05-26 21:30:00+00:00,30.14,107.275,30.225,25.6,83,996.5,0.0,-16.0,-9.797174393178826e-16,0.0035087719298245,0.7071067811865475,0.7071067811865476,0.4999999999999999,-0.8660254037844387,55.91,229.5,0.1103,0.0236,4.792588307917679
2026-05-26 22:30:00+00:00,28.2925,105.25,33.55,25.7,87,996.7,0.0,-13.688827766869691,-2.413709669570333,0.0028169014084507,0.8660254037844386,0.5000000000000001,0.4999999999999999,-0.8660254037844387,55.91,229.5,0.1103,0.0236,2.3173120520023867
2026-05-26 23:30:00+00:00,30.91,97.975,27.4,25.4,85,997.2,0.0,-15.844289099865124,-2.226769615361051,0.0024390243902439,0.9659258262890684,0.2588190451025207,0.4999999999999999,-0.8660254037844387,55.91,229.5,0.1103,0.0236,3.6519766041896413
2026-05-27 00:30:00+00:00,28.625,95.6,27.85,25.8,80,997.7,0.0,-13.098004806548726,0.2286265243284135,0.0024390243902439,1.0,6.123233995736766e-17,0.4999999999999999,-0.8660254037844387,55.91,229.5,0.1103,0.0236,3.753720770419275
2026-05-27 01:30:00+00:00,27.686666666666667,106.23333333333332,34.0,27.3,73,998.5,0.0,-14.193409968470906,1.7427316106936075,0.0020408163265306,0.9659258262890684,-0.2588190451025206,0.4999999999999999,-0.8660254037844387,55.91,229.5,0.1103,0.0236,4.032399144622876
2026-05-27 02:30:00+00:00,30.23,108.2,44.2,29.4,65,999.3,0.0,-13.647867363856914,-1.1940336756429164,0.0015503875968992,0.8660254037844387,-0.4999999999999998,0.4999999999999999,-0.8660254037844387,55.91,229.5,0.1103,0.0236,0.8599543723893971
2026-05-27 03:30:00+00:00,32.29,115.95,92.375,31.1,59,999.8,0.0,-15.162973563949327,-1.0602984009107068,0.0012121212121212,0.7071067811865476,-0.7071067811865475,0.4999999999999999,-0.8660254037844387,55.91,229.5,0.1103,0.0236,1.5155532423526208
2026-05-27 04:30:00+00:00,32.5,120.65,122.775,32.6,54,999.5,0.0,-15.26272996897531,-1.0672740482851195,0.001010101010101,0.4999999999999999,-0.8660254037844387,0.4999999999999999,-0.8660254037844387,55.91,229.5,0.1103,0.0236,1.9175160684752046
2026-05-27 05:30:00+00:00,29.48333333333333,125.56666666666666,71.43333333333332,34.3,47,999.3,0.0,-16.935309867559674,-1.4816476267101883,0.0008230452674897,0.258819045102521,-0.9659258262890682,0.4999999999999999,-0.8660254037844387,55.91,229.5,0.1103,0.0236,4.6962338083393025
2026-05-27 06:30:00+00:00,28.436666666666667,128.5,56.9,34.7,46,998.7,0.0,-16.935309867559674,-1.4816476267101883,0.0007782101167315,1.2246467991473532e-16,-1.0,0.4999999999999999,-0.8660254037844387,55.91,229.5,0.1103,0.0236,3.074268525748862
2026-05-27 07:30:00+00:00,,,,34.7,46,997.6,0.0,-17.257858069494958,-1.2067869957733703,0.0008620689655172,-0.2588190451025208,-0.9659258262890684,0.4999999999999999,-0.8660254037844387,55.91,229.5,0.1103,0.0236,
2026-05-27 08:30:00+00:00,,,,34.9,45,996.7,0.0,-15.682229195932887,-1.9255356258013303,0.0009174311926605,-0.4999999999999998,-0.8660254037844388,0.4999999999999999,-0.8660254037844387,55.91,229.5,0.1103,0.0236,
2026-05-27 09:30:00+00:00,,,,34.7,46,996.5,0.0,-14.025174436450955,-2.221369403571279,0.0008163265306122,-0.7071067811865471,-0.7071067811865479,0.4999999999999999,-0.8660254037844387,55.91,229.5,0.1103,0.0236,
2026-05-27 10:30:00+00:00,,,,34.3,47,996.5,0.0,-14.779717114367694,-0.7745721523955708,0.0007874015748031,-0.8660254037844384,-0.5000000000000004,0.4999999999999999,-0.8660254037844387,55.91,229.5,0.1103,0.0236,
2026-05-27 11:30:00+00:00,27.03,2.25,0.85,32.4,54,996.5,0.0,-16.926594180545727,-5.17497917359244,0.0014084507042253,-0.9659258262890684,-0.2588190451025206,0.4999999999999999,-0.8660254037844387,55.91,229.5,0.1103,0.0236,0.15411630082985295
2026-05-27 12:30:00+00:00,24.942500000000003,39.3,25.65,31.0,59,997.0,0.0,-15.297669735892788,0.2670218184904372,0.0016260162601626,-1.0,-1.8369701987210292e-16,0.4999999999999999,-0.8660254037844387,55.91,229.5,0.1103,0.0236,3.005928332445885
2026-05-27 13:30:00+00:00,25.295,87.65,50.85,30.3,61,998.0,0.0,-14.95304783799771,-2.101513824496992,0.0019047619047619,-0.9659258262890684,0.2588190451025203,0.4999999999999999,-0.8660254037844387,55.91,229.5,0.1103,0.0236,3.6683211397206135
2026-05-27 14:30:00+00:00,27.33,99.6,46.825,29.4,64,997.9,0.0,-18.025846198526853,-4.161594505361501,0.0018867924528301,-0.8660254037844386,0.5000000000000001,0.4999999999999999,-0.8660254037844387,55.91,229.5,0.1103,0.0236,1.0616857002297064
2026-05-27 15:30:00+00:00,25.06,89.55,39.525,28.3,69,998.3,0.0,-17.975927798831506,-2.8471072637322026,0.0018518518518518,-0.7071067811865477,0.7071067811865474,0.4999999999999999,-0.8660254037844387,55.91,229.5,0.1103,0.0236,0.5148023024854603
2026-05-27 16:30:00+00:00,24.7,90.25,32.75,27.8,70,999.4,0.0,-14.890923322584529,-0.5200025008672661,0.0018691588785046,-0.5000000000000004,0.8660254037844384,0.4999999999999999,-0.8660254037844387,55.91,229.5,0.1103,0.0236,3.9187908758212076
2026-05-27 17:30:00+00:00,25.493333333333336,88.56666666666666,28.4,28.0,70,999.1,0.0,-14.963460753897364,1.04634710616188,0.0016528925619834,-0.2588190451025215,0.965925826289068,0.4999999999999999,-0.8660254037844387,55.91,229.5,0.1103,0.0236,2.721618016733818
2026-05-27 18:30:00+00:00,,,,27.5,72,998.9,0.0,-14.564435133793433,1.0184445166642295,0.0017391304347826,0.0,1.0,0.4999999999999999,-0.8660254037844387,55.91,229.5,0.1103,0.0236,
2026-05-27 19:30:00+00:00,,,,27.2,73,998.3,0.0,-15.861268399131204,1.1091279325315928,0.0017699115044247,0.2588190451025207,0.9659258262890684,0.4999999999999999,-0.8660254037844387,55.91,229.5,0.1103,0.0236,
2026-05-27 20:30:00+00:00,,,,26.9,76,998.1,0.0,-15.878209602597725,-0.8321417042628091,0.0018518518518518,0.4999999999999999,0.8660254037844387,0.4999999999999999,-0.8660254037844387,55.91,229.5,0.1103,0.0236,
2026-05-27 21:30:00+00:00,,,,26.6,79,998.1,0.0,-14.77211629518312,-2.604722665003956,0.0019607843137254,0.7071067811865475,0.7071067811865476,0.4999999999999999,-0.8660254037844387,55.91,229.5,0.1103,0.0236,
2026-05-27 22:30:00+00:00,,,,26.4,80,998.5,0.0,-14.95304783799771,-2.101513824496992,0.002061855670103,0.8660254037844386,0.5000000000000001,0.4999999999999999,-0.8660254037844387,55.91,229.5,0.1103,0.0236,
2026-05-27 23:30:00+00:00,,,,25.8,81,999.3,0.0,-16.889704976622717,-0.5898014942722682,0.0018518518518518,0.9659258262890684,0.2588190451025207,0.4999999999999999,-0.8660254037844387,55.91,229.5,0.1103,0.0236,
2026-05-28 00:30:00+00:00,,,,26.4,79,1000.0,0.0,-16.697456509111735,-0.2914551875026324,0.0018018018018018,1.0,6.123233995736766e-17,0.4999999999999999,-0.8660254037844387,55.91,229.5,0.1103,0.0236,
2026-05-28 01:30:00+00:00,,,,27.6,74,1000.3,0.0,-17.497334665236846,0.3054171126524608,0.0016806722689075,0.9659258262890684,-0.2588190451025206,0.4999999999999999,-0.8660254037844387,55.91,229.5,0.1103,0.0236,
2026-05-28 02:30:00+00:00,,,,29.2,68,1000.8,0.0,-17.831885095842242,-1.5600877951830805,0.0014388489208633,0.8660254037844387,-0.4999999999999998,0.4999999999999999,-0.8660254037844387,55.91,229.5,0.1103,0.0236,
2026-05-28 03:30:00+00:00,,,,30.7,63,1001.0,0.0,-18.193545373648785,-3.867157449210326,0.0011627906976744,0.7071067811865476,-0.7071067811865475,0.4999999999999999,-0.8660254037844387,55.91,229.5,0.1103,0.0236,
2026-05-28 04:30:00+00:00,,,,32.1,57,1000.6,0.0,-17.853441363478332,-4.451362879033889,0.000956937799043,0.4999999999999999,-0.8660254037844387,0.4999999999999999,-0.8660254037844387,55.91,229.5,0.1103,0.0236,
2026-05-28 05:30:00+00:00,,,,32.3,57,1000.8,0.0,-16.564291101349,-3.824167923845704,0.0009478672985781,0.258819045102521,-0.9659258262890682,0.4999999999999999,-0.8660254037844387,55.91,229.5,0.1103,0.0236,
2026-05-28 06:30:00+00:00,,,,33.0,54,999.6,0.0,-16.197532661533536,-0.2827289842839907,0.0008620689655172,1.2246467991473532e-16,-1.0,0.4999999999999999,-0.8660254037844387,55.91,229.5,0.1103,0.0236,
2026-05-28 07:30:00+00:00,,,,34.0,50,998.5,0.0,-14.888192274619833,1.8280401510772104,0.0008583690987124,-0.2588190451025208,-0.9659258262890684,0.4999999999999999,-0.8660254037844387,55.91,229.5,0.1103,0.0236,
2026-05-28 08:30:00+00:00,,,,34.5,47,997.4,0.0,-15.682229195932887,1.9255356258013283,0.0007968127490039,-0.4999999999999998,-0.8660254037844388,0.4999999999999999,-0.8660254037844387,55.91,229.5,0.1103,0.0236,
2026-05-28 09:30:00+00:00,,,,34.4,47,996.9,0.0,-14.564435133793433,1.0184445166642295,0.0007299270072992,-0.7071067811865471,-0.7071067811865479,0.4999999999999999,-0.8660254037844387,55.91,229.5,0.1103,0.0236,
2026-05-28 10:30:00+00:00,,,,33.9,50,996.9,0.0,-14.544442592139484,-1.2724738441158088,0.0007117437722419,-0.8660254037844384,-0.5000000000000004,0.4999999999999999,-0.8660254037844387,55.91,229.5,0.1103,0.0236,
2026-05-28 11:30:00+00:00,,,,33.5,50,996.9,0.0,-16.0,-9.797174393178826e-16,0.0008547008547008,-0.9659258262890684,-0.2588190451025206,0.4999999999999999,-0.8660254037844387,55.91,229.5,0.1103,0.0236,
2026-05-28 12:30:00+00:00,,,,32.0,57,997.7,0.0,-15.509709498473091,-3.01478212694941,0.0011764705882352,-1.0,-1.8369701987210292e-16,0.4999999999999999,-0.8660254037844387,55.91,229.5,0.1103,0.0236,
2026-05-28 13:30:00+00:00,,,,31.0,60,998.5,0.0,-16.575520732410077,-2.035218034865963,0.0013888888888888,-0.9659258262890684,0.2588190451025203,0.4999999999999999,-0.8660254037844387,55.91,229.5,0.1103,0.0236,
2026-05-28 14:30:00+00:00,,,,30.5,62,999.3,0.0,-16.011802515429203,-1.6829082586092208,0.0014705882352941,-0.8660254037844386,0.5000000000000001,0.4999999999999999,-0.8660254037844387,55.91,229.5,0.1103,0.0236,
2026-05-28 15:30:00+00:00,,,,30.0,63,999.9,0.0,-17.13454880717802,-1.49907877525972,0.0014492753623188,-0.7071067811865477,0.7071067811865474,0.4999999999999999,-0.8660254037844387,55.91,229.5,0.1103,0.0236,
2026-05-28 16:30:00+00:00,,,,29.4,66,1000.5,0.0,-16.011802515429203,-1.6829082586092208,0.0014925373134328,-0.5000000000000004,0.8660254037844384,0.4999999999999999,-0.8660254037844387,55.91,229.5,0.1103,0.0236,
2026-05-28 17:30:00+00:00,,,,29.4,66,999.7,0.0,-18.318157217962423,4.229079821664659,0.0013513513513513,-0.2588190451025215,0.965925826289068,0.4999999999999999,-0.8660254037844387,55.91,229.5,0.1103,0.0236,
2026-05-28 18:30:00+00:00,24.33,59.2,23.2,28.8,70,999.5,0.0,-17.8658307295438,2.1936481812926525,0.0013071895424836,0.0,1.0,0.4999999999999999,-0.8660254037844387,55.91,229.5,0.1103,0.0236,4.193153116693497
2026-05-28 19:30:00+00:00,27.4125,50.925,26.775,28.4,71,999.4,0.0,-19.126938203361515,1.6733902607550382,0.0013071895424836,0.2588190451025207,0.9659258262890684,0.4999999999999999,-0.8660254037844387,55.91,229.5,0.1103,0.0236,1.6694533041672177
2026-05-28 20:30:00+00:00,25.2525,62.025,18.9,28.0,73,999.2,0.0,-18.36210380536446,2.254582852995226,0.0013986013986013,0.4999999999999999,0.8660254037844387,0.4999999999999999,-0.8660254037844387,55.91,229.5,0.1103,0.0236,1.2374954242351044
2026-05-28 21:30:00+00:00,24.665,44.2,16.9,27.8,74,999.3,0.0,-18.18891305174754,0.6351708399855133,0.0014285714285714,0.7071067811865475,0.7071067811865476,0.4999999999999999,-0.8660254037844387,55.91,229.5,0.1103,0.0236,4.920801488639449
2026-05-28 22:30:00+00:00,26.195,40.35,15.65,27.4,75,999.9,0.0,-16.060781209183173,-1.12307922728042,0.0015503875968992,0.8660254037844386,0.5000000000000001,0.4999999999999999,-0.8660254037844387,55.91,229.5,0.1103,0.0236,2.9575775954834223
2026-05-28 23:30:00+00:00,25.8625,56.35,24.325,27.7,75,998.5,0.0,-19.58806020957428,-0.6840301353690212,0.0014492753623188,0.9659258262890684,0.2588190451025207,0.4999999999999999,-0.8660254037844387,55.91,229.5,0.1103,0.0236,0.8146907262979675
2026-05-29 00:30:00+00:00,23.7925,47.025,17.375,26.7,78,1000.1,0.2,-14.08822677642982,-4.850965501411636,0.0015267175572519,1.0,6.123233995736766e-17,0.4999999999999999,-0.8660254037844387,55.91,229.5,0.1103,0.0236,0.8536072613766071
2026-05-29 01:30:00+00:00,25.9975,52.925,13.9,24.5,93,1002.8,2.8,-8.787798269083442,-5.927444776789915,0.0019607843137254,0.9659258262890684,-0.2588190451025206,0.4999999999999999,-0.8660254037844387,55.91,229.5,0.1103,0.0236,3.7757137920054062
2026-05-29 02:30:00+00:00,24.9025,60.2,14.725,24.4,94,1003.1,3.9,-11.020208309956386,-6.108601215103848,0.0018181818181818,0.8660254037844387,-0.4999999999999998,0.4999999999999999,-0.8660254037844387,55.91,229.5,0.1103,0.0236,0.9453134517911349
2026-05-29 03:30:00+00:00,24.1275,63.25,16.675,23.8,95,1003.0,5.8,-20.72084972030831,-1.8128394491512896,0.0025,0.7071067811865476,-0.7071067811865475,0.4999999999999999,-0.8660254037844387,55.91,229.5,0.1103,0.0236,4.109896456653178
2026-05-29 04:30:00+00:00,24.725,283.775,12.825,23.4,96,1001.5,3.7,-24.44031923136569,-1.7090336067310736,0.0022727272727272,0.4999999999999999,-0.8660254037844387,0.4999999999999999,-0.8660254037844387,55.91,229.5,0.1103,0.0236,0.3457647280833509
2026-05-29 05:30:00+00:00,24.23333333333333,18.3,14.5,22.9,92,1001.7,1.6,-10.074920287558198,-2.1414904154229224,0.0023255813953488,0.258819045102521,-0.9659258262890682,0.4999999999999999,-0.8660254037844387,55.91,229.5,0.1103,0.0236,0.5228233041896996
2026-05-29 06:30:00+00:00,25.8,19.5,12.5,23.7,87,1001.3,0.2,-9.30851984617076,-1.3082271490246176,0.0022988505747126,1.2246467991473532e-16,-1.0,0.4999999999999999,-0.8660254037844387,55.91,229.5,0.1103,0.0236,3.5187295965277294
2026-05-29 07:30:00+00:00,27.7075,29.775,12.875,25.6,79,1000.6,0.2,-6.992135046386677,1.232902061435205,0.0013888888888888,-0.2588190451025208,-0.9659258262890684,0.4999999999999999,-0.8660254037844387,55.91,229.5,0.1103,0.0236,0.5671809796301935
2026-05-29 08:30:00+00:00,26.545,19.4,11.4,26.7,72,999.7,0.1,-3.1956145112146364,-0.1674750599774207,0.0012658227848101,-0.4999999999999998,-0.8660254037844388,0.4999999999999999,-0.8660254037844387,55.91,229.5,0.1103,0.0236,1.5324315535297839
2026-05-29 09:30:00+00:00,29.99,25.5,11.3,27.2,70,998.7,0.0,-5.045537776635181,1.2579938571182725,0.0012987012987012,-0.7071067811865471,-0.7071067811865479,0.4999999999999999,-0.8660254037844387,55.91,229.5,0.1103,0.0236,1.5723003225277044
2026-05-29 10:30:00+00:00,25.30333333333333,17.033333333333335,11.300000000000002,27.6,68,998.2,0.0,-6.295940559265586,-2.291534960281981,0.0010869565217391,-0.8660254037844384,-0.5000000000000004,0.4999999999999999,-0.8660254037844387,55.91,229.5,0.1103,0.0236,1.8831493598160065
2026-05-29 11:30:00+00:00,25.2025,21.925,13.6,26.1,71,998.8,0.0,-3.555678026142496,0.5631640741448317,0.0021739130434782,-0.9659258262890684,-0.2588190451025206,0.4999999999999999,-0.8660254037844387,55.91,229.5,0.1103,0.0236,1.6657734638060517
2026-05-29 12:30:00+00:00,23.5375,28.725,12.9,25.5,77,999.1,0.0,-3.9868905746371857,-1.6108083516884213,0.00625,-1.0,-1.8369701987210292e-16,0.4999999999999999,-0.8660254037844387,55.91,229.5,0.1103,0.0236,2.1778851890272763
2026-05-29 13:30:00+00:00,25.7075,19.25,11.7,25.0,81,999.5,0.0,-4.469965626587221,-1.452379873562253,0.0111111111111111,-0.9659258262890684,0.2588190451025203,0.4999999999999999,-0.8660254037844387,55.91,229.5,0.1103,0.0236,0.3297084162817965
2026-05-29 14:30:00+00:00,23.9525,28.375,12.4,24.9,81,999.9,0.0,-6.893654271085456,-1.2155372436685128,0.0055555555555555,-0.8660254037844386,0.5000000000000001,0.4999999999999999,-0.8660254037844387,55.91,229.5,0.1103,0.0236,2.9121432647354837
2026-05-29 15:30:00+00:00,24.485,44.2,15.5,24.7,83,1000.6,0.0,-7.061105457114741,0.7421520892003386,0.0038461538461538,-0.7071067811865477,0.7071067811865474,0.4999999999999999,-0.8660254037844387,55.91,229.5,0.1103,0.0236,4.716724459392215
2026-05-29 16:30:00+00:00,25.275,44.35,15.9,24.5,85,1001.2,0.0,-5.756767679519667,-0.7068421917498554,0.0045454545454545,-0.5000000000000004,0.8660254037844384,0.4999999999999999,-0.8660254037844387,55.91,229.5,0.1103,0.0236,1.0279843819853336
2026-05-29 17:30:00+00:00,25.15,67.0,17.3,24.3,87,1000.2,0.0,-6.148780366869515,3.5499999999999985,0.0054054054054054,-0.2588190451025215,0.965925826289068,0.4999999999999999,-0.8660254037844387,55.91,229.5,0.1103,0.0236,1.8072191576068763
2026-05-29 18:30:00+00:00,26.1,64.0,16.0,24.0,89,1000.2,0.0,-3.585940799271522,1.9877194430099816,0.006060606060606,0.0,1.0,0.4999999999999999,-0.8660254037844387,55.91,229.5,0.1103,0.0236,1.3835095280717669
2026-05-29 19:30:00+00:00,26.07,58.5,15.7,23.8,89,1000.2,0.0,-0.9058666578588226,-3.380740392011739,0.0111111111111111,0.2588190451025207,0.9659258262890684,0.4999999999999999,-0.8660254037844387,55.91,229.5,0.1103,0.0236,1.3984922098331043
2026-05-29 20:30:00+00:00,25.8925,58.25,15.0,23.6,91,999.6,0.0,-4.289848881466277,-3.5996106142446203,0.0054054054054054,0.4999999999999999,0.8660254037844387,0.4999999999999999,-0.8660254037844387,55.91,229.5,0.1103,0.0236,4.045758328791541
2026-05-29 21:30:00+00:00,25.3425,39.375,14.5,23.4,91,999.5,0.0,-2.8801477362331185,-3.964183272437243,0.008,0.7071067811865475,0.7071067811865476,0.4999999999999999,-0.8660254037844387,55.91,229.5,0.1103,0.0236,3.8630305384544323
2026-05-29 22:30:00+00:00,25.545,36.7,13.2,23.3,91,1000.1,0.0,-4.3160388020319065,-4.167950222753984,0.0076923076923076,0.8660254037844386,0.5000000000000001,0.4999999999999999,-0.8660254037844387,55.91,229.5,0.1103,0.0236,3.6616586543107763
2026-05-29 23:30:00+00:00,23.935,24.0,15.1,23.3,90,1001.3,0.0,-0.3660541195401643,-4.184017731985332,0.00625,0.9659258262890684,0.2588190451025207,0.4999999999999999,-0.8660254037844387,55.91,229.5,0.1103,0.0236,4.518901076885496
2026-05-30 00:30:00+00:00,25.2925,25.825,13.8,24.2,87,1002.1,0.0,-1.8000513314744355,-1.081579957311114,0.0045454545454545,1.0,6.123233995736766e-17,0.4999999999999999,-0.8660254037844387,55.91,229.5,0.1103,0.0236,4.014010001494345
2026-05-30 01:30:00+00:00,25.2125,27.3,13.8,24.6,85,1002.8,0.2,-4.1981745942691,-2.327086177182418,0.0028169014084507,0.9659258262890684,-0.2588190451025206,0.4999999999999999,-0.8660254037844387,55.91,229.5,0.1103,0.0236,0.855009027947608
2026-05-30 02:30:00+00:00,25.825,38.475,13.575,25.6,83,1002.7,0.1,-4.109485782932578,-2.668731271573633,0.0022727272727272,0.8660254037844387,-0.4999999999999998,0.4999999999999999,-0.8660254037844387,55.91,229.5,0.1103,0.0236,0.3698003660442173
2026-05-30 03:30:00+00:00,25.995,34.425,13.375,27.0,81,1002.4,0.0,-8.999165894302516,-4.585304047369423,0.0014285714285714,0.7071067811865476,-0.7071067811865475,0.4999999999999999,-0.8660254037844387,55.91,229.5,0.1103,0.0236,4.434837421062313
2026-05-30 04:30:00+00:00,25.22,37.875,12.5,28.7,71,1001.8,0.2,-12.392446255036788,-0.4327537591110134,0.0010695187165775,0.4999999999999999,-0.8660254037844387,0.4999999999999999,-0.8660254037844387,55.91,229.5,0.1103,0.0236,0.2587039838034799
2026-05-30 05:30:00+00:00,25.6225,34.825,13.6,30.1,62,1001.1,0.0,-13.107177849832995,2.786016656957972,0.0008163265306122,0.258819045102521,-0.9659258262890682,0.4999999999999999,-0.8660254037844387,55.91,229.5,0.1103,0.0236,3.2578057850692193
2026-05-30 06:30:00+00:00,27.605,39.125,13.625,31.4,54,1000.5,0.0,-9.328529057720688,5.829111906565252,0.0007042253521126,1.2246467991473532e-16,-1.0,0.4999999999999999,-0.8660254037844387,55.91,229.5,0.1103,0.0236,3.8428853164280135
2026-05-30 07:30:00+00:00,24.9475,45.8,15.5,31.9,53,999.5,0.1,-6.9589583061321285,7.728706184964898,0.0006666666666666,-0.2588190451025208,-0.9659258262890684,0.4999999999999999,-0.8660254037844387,55.91,229.5,0.1103,0.0236,1.5588984919670827
2026-05-30 08:30:00+00:00,26.6275,46.5,15.1,32.3,53,998.7,0.0,-6.683583928612487,7.167266275867871,0.0006968641114982,-0.4999999999999998,-0.8660254037844388,0.4999999999999999,-0.8660254037844387,55.91,229.5,0.1103,0.0236,4.207907012095981
2026-05-30 09:30:00+00:00,26.35,42.225,14.775,32.1,53,998.1,0.0,-5.9622056837598985,5.18286632902501,0.000735294117647,-0.7071067811865471,-0.7071067811865479,0.4999999999999999,-0.8660254037844387,55.91,229.5,0.1103,0.0236,2.940702274537186
2026-05-30 10:30:00+00:00,23.77,47.225,14.3,32.1,53,997.8,0.0,-4.3109953772862175,2.907803098047883,0.000790513833992,-0.8660254037844384,-0.5000000000000004,0.4999999999999999,-0.8660254037844387,55.91,229.5,0.1103,0.0236,1.7284217062106673
2026-05-30 11:30:00+00:00,24.3,53.8,14.0,31.3,65,997.4,0.0,-2.1631599146222285,3.6001026629488715,0.0064516129032258,-0.9659258262890684,-0.2588190451025206,0.4999999999999999,-0.8660254037844387,55.91,229.5,0.1103,0.0236,1.4310872807168566
2026-05-30 12:30:00+00:00,25.165,51.325,16.3,30.4,70,997.7,0.0,0.9008627491964482,1.4416817634659242,0.04,-1.0,-1.8369701987210292e-16,0.4999999999999999,-0.8660254037844387,55.91,229.5,0.1103,0.0236,1.896494548499525
2026-05-30 13:30:00+00:00,24.817500000000003,59.025,15.1,29.6,72,998.3,0.0,0.5555062389731991,1.8169790363297675,0.04,-0.9659258262890684,0.2588190451025203,0.4999999999999999,-0.8660254037844387,55.91,229.5,0.1103,0.0236,2.3076912028520984
2026-05-30 14:30:00+00:00,26.095,63.525,15.225,28.9,76,999.1,0.0,-0.7257656867990032,2.910887178827989,0.025,-0.8660254037844386,0.5000000000000001,0.4999999999999999,-0.8660254037844387,55.91,229.5,0.1103,0.0236,0.4589780709879032
2026-05-30 15:30:00+00:00,25.2125,67.97500000000001,17.625,28.8,76,1000.1,0.0,-0.497422543533025,0.335515742082448,0.0666666666666666,-0.7071067811865477,0.7071067811865474,0.4999999999999999,-0.8660254037844387,55.91,229.5,0.1103,0.0236,2.6111942910833608
2026-05-30 16:30:00+00:00,24.4525,90.2,18.5,28.0,80,1000.3,0.0,-1.9798989873223327,-1.9798989873223327,0.0285714285714285,-0.5000000000000004,0.8660254037844384,0.4999999999999999,-0.8660254037844387,55.91,229.5,0.1103,0.0236,4.395494879372424
2026-05-30 17:30:00+00:00,27.290000000000003,91.7,16.9,28.4,78,1000.0,0.0,-2.1650635094610964,-1.2500000000000002,0.0333333333333333,-0.2588190451025215,0.965925826289068,0.4999999999999999,-0.8660254037844387,55.91,229.5,0.1103,0.0236,0.06559342170623372
2026-05-30 18:30:00+00:00,22.83,89.0,17.3,27.3,87,999.6,0.0,-4.998560818879258,-1.4333142502483958,0.02,0.0,1.0,0.4999999999999999,-0.8660254037844387,55.91,229.5,0.1103,0.0236,3.4028810322866896
2026-05-30 19:30:00+00:00,26.7925,89.07499999999999,18.1,26.8,89,999.4,0.0,-3.606283442165323,-2.3419478505646163,0.0166666666666666,0.2588190451025207,0.9659258262890684,0.4999999999999999,-0.8660254037844387,55.91,229.5,0.1103,0.0236,0.9478378311660257
2026-05-30 20:30:00+00:00,22.953333333333333,82.8,17.7,26.7,87,999.5,0.0,-6.101348969611717,-7.01879909607178,0.0076923076923076,0.4999999999999999,0.8660254037844387,0.4999999999999999,-0.8660254037844387,55.91,229.5,0.1103,0.0236,0.5353663502446876
2026-05-30 21:30:00+00:00,25.715,82.975,19.375,26.6,84,999.8,0.0,-9.377327967919992,-7.326371556375334,0.0045454545454545,0.7071067811865475,0.7071067811865476,0.4999999999999999,-0.8660254037844387,55.91,229.5,0.1103,0.0236,1.571935705782832
2026-05-30 22:30:00+00:00,25.94333333333333,77.0,17.0,25.4,85,1000.3,0.0,-13.09879364636966,-8.8352478748378,0.0031746031746031,0.8660254037844386,0.5000000000000001,0.4999999999999999,-0.8660254037844387,55.91,229.5,0.1103,0.0236,2.9882432272267407
2026-05-30 23:30:00+00:00,25.78,80.9,17.8,23.6,94,1000.7,0.0,-11.671499388039942,-0.8161507428062678,0.0076923076923076,0.9659258262890684,0.2588190451025207,0.4999999999999999,-0.8660254037844387,55.91,229.5,0.1103,0.0236,1.2622367670308676
2026-05-31 00:30:00+00:00,24.5675,79.825,17.5,24.9,93,1000.9,0.2,-10.036011667287925,-2.3169958597418088,0.0068965517241379,1.0,6.123233995736766e-17,0.4999999999999999,-0.8660254037844387,55.91,229.5,0.1103,0.0236,0.5979238860804131
2026-05-31 01:30:00+00:00,25.785,82.0,17.5,27.3,85,1001.3,0.0,-4.666904755831213,-4.666904755831213,0.0055555555555555,0.9659258262890684,-0.2588190451025206,0.4999999999999999,-0.8660254037844387,55.91,229.5,0.1103,0.0236,3.844307866267237
2026-05-31 02:30:00+00:00,25.715,80.92500000000001,18.1,29.5,74,1001.6,0.0,-4.82555798975982,-0.8508760705679591,0.003125,0.8660254037844387,-0.4999999999999998,0.4999999999999999,-0.8660254037844387,55.91,229.5,0.1103,0.0236,0.2525257418573984
2026-05-31 03:30:00+00:00,27.2325,87.175,19.1,30.9,69,1001.6,0.0,-7.061105457114741,0.7421520892003386,0.0018348623853211,0.7071067811865476,-0.7071067811865475,0.4999999999999999,-0.8660254037844387,55.91,229.5,0.1103,0.0236,3.6003073108156385
2026-05-31 04:30:00+00:00,23.8925,81.0,18.5,32.2,63,1001.6,0.0,-4.998560818879258,1.433314250248395,0.001,0.4999999999999999,-0.8660254037844387,0.4999999999999999,-0.8660254037844387,55.91,229.5,0.1103,0.0236,3.102559059889154
2026-05-31 05:30:00+00:00,26.46,77.475,18.275,33.7,54,1001.3,0.0,-7.190132650232932,0.3768188849491941,0.000754716981132,0.258819045102521,-0.9659258262890682,0.4999999999999999,-0.8660254037844387,55.91,229.5,0.1103,0.0236,0.26787226897517613
2026-05-31 06:30:00+00:00,23.5875,73.4,16.0,34.0,54,1000.5,0.1,-4.886401628086724,1.7785047452934777,0.0007434944237918,1.2246467991473532e-16,-1.0,0.4999999999999999,-0.8660254037844387,55.91,229.5,0.1103,0.0236,2.441250236072903
2026-05-31 07:30:00+00:00,24.0875,73.0,18.275,34.1,54,999.7,0.1,-4.120881772093866,7.434267510684864,0.0006430868167202,-0.2588190451025208,-0.9659258262890684,0.4999999999999999,-0.8660254037844387,55.91,229.5,0.1103,0.0236,1.369832613366827
2026-05-31 08:30:00+00:00,26.8625,71.975,16.0,33.1,57,999.1,0.3,-5.379684037722159,6.18861855782673,0.0011695906432748,-0.4999999999999998,-0.8660254037844388,0.4999999999999999,-0.8660254037844387,55.91,229.5,0.1103,0.0236,1.8957356851855995
2026-05-31 09:30:00+00:00,25.7975,67.475,15.9,33.1,54,998.7,0.1,0.3564026096753472,-0.1815961998958186,0.001063829787234,-0.7071067811865471,-0.7071067811865479,0.4999999999999999,-0.8660254037844387,55.91,229.5,0.1103,0.0236,4.827058383630635
2026-05-31 10:30:00+00:00,24.7,61.23333333333333,15.633333333333333,32.1,59,998.0,0.1,4.669166652447253,-3.2693856872009626,0.0035087719298245,-0.8660254037844384,-0.5000000000000004,0.4999999999999999,-0.8660254037844387,55.91,229.5,0.1103,0.0236,2.0122967335403628
2026-05-31 11:30:00+00:00,24.6325,66.475,17.2,32.1,62,998.3,0.0,-0.7166571251241991,2.4992804094396286,0.0105263157894736,-0.9659258262890684,-0.2588190451025206,0.4999999999999999,-0.8660254037844387,55.91,229.5,0.1103,0.0236,1.2404876472937032
2026-05-31 12:30:00+00:00,26.81,107.825,18.425,30.6,77,999.0,0.0,0.1717280958388902,0.8834644651028976,0.0666666666666666,-1.0,-1.8369701987210292e-16,0.4999999999999999,-0.8660254037844387,55.91,229.5,0.1103,0.0236,4.932150061286057
2026-05-31 13:30:00+00:00,25.585,113.675,19.1,29.8,81,999.4,0.0,-1.0624665165944192,1.575171387854579,0.05,-0.9659258262890684,0.2588190451025203,0.4999999999999999,-0.8660254037844387,55.91,229.5,0.1103,0.0236,4.429416706927015
2026-05-31 14:30:00+00:00,25.215,107.975,19.075000000000003,29.7,80,999.9,0.0,-1.969615506024416,-0.3472963553338608,0.05,-0.8660254037844386,0.5000000000000001,0.4999999999999999,-0.8660254037844387,55.91,229.5,0.1103,0.0236,0.15168221628883538
2026-05-31 15:30:00+00:00,26.5225,103.875,16.9,29.6,77,1000.8,0.0,0.919238815542512,-0.9192388155425116,0.0666666666666666,-0.7071067811865477,0.7071067811865474,0.4999999999999999,-0.8660254037844387,55.91,229.5,0.1103,0.0236,4.047315698692729
2026-05-31 16:30:00+00:00,26.7575,96.925,17.275,29.3,78,1001.1,0.0,0.88167787843871,-1.213525491562421,0.0666666666666666,-0.5000000000000004,0.8660254037844384,0.4999999999999999,-0.8660254037844387,55.91,229.5,0.1103,0.0236,1.439312804109771
2026-05-31 17:30:00+00:00,25.133333333333336,88.0,16.3,30.0,75,1001.1,0.0,-4.134452612976167,-2.016507275229756,0.0166666666666666,-0.2588190451025215,0.965925826289068,0.4999999999999999,-0.8660254037844387,55.91,229.5,0.1103,0.0236,0.35234869484927434
2026-05-31 18:30:00+00:00,26.0,88.7,17.0,29.5,76,1000.5,0.0,-4.374859974957706,1.4214781741247575,0.0153846153846153,0.0,1.0,1.2246467991473532e-16,-1.0,55.91,229.5,0.1103,0.0236,1.6090420583444272
2026-05-31 19:30:00+00:00,27.0525,86.2,16.424999999999997,28.9,77,1000.1,0.0,-1.2579938571182725,5.045537776635181,0.0133333333333333,0.2588190451025207,0.9659258262890684,1.2246467991473532e-16,-1.0,55.91,229.5,0.1103,0.0236,0.36230457056700194
2026-05-31 20:30:00+00:00,26.09,217.15,21.225,28.0,80,1000.0,0.0,2.305313658086714,5.430978635369399,0.0142857142857142,0.4999999999999999,0.8660254037844387,1.2246467991473532e-16,-1.0,55.91,229.5,0.1103,0.0236,4.067053715829446
2026-05-31 21:30:00+00:00,25.6425,262.3,26.225,27.3,84,999.9,0.0,2.5160117038362726,1.633917105045081,0.0333333333333333,0.7071067811865475,0.7071067811865476,1.2246467991473532e-16,-1.0,55.91,229.5,0.1103,0.0236,0.7005520680311977
2026-05-31 22:30:00+00:00,25.4275,211.95,26.7,27.3,84,1000.1,0.0,1.6617774435648522,0.92113827846804,0.05,0.8660254037844386,0.5000000000000001,1.2246467991473532e-16,-1.0,55.91,229.5,0.1103,0.0236,1.6205884524200957
2026-05-31 23:30:00+00:00,24.3775,201.275,26.6,28.3,87,1000.7,0.0,-1.2496402047198143,-0.3583285625620989,0.0153846153846153,0.9659258262890684,0.2588190451025207,1.2246467991473532e-16,-1.0,55.91,229.5,0.1103,0.0236,0.8457103572567842
2026-06-01 00:30:00+00:00,23.97,218.2,26.3,29.1,83,1001.3,0.0,-1.6564291101348998,-0.3824167923845704,0.009090909090909,1.0,6.123233995736766e-17,1.2246467991473532e-16,-1.0,55.91,229.5,0.1103,0.0236,1.9647668521580015
2026-06-01 01:30:00+00:00,26.395,110.55,23.475,30.3,77,1001.8,0.0,-1.2496402047198143,-0.3583285625620989,0.0043478260869565,0.9659258262890684,-0.2588190451025206,1.2246467991473532e-16,-1.0,55.91,229.5,0.1103,0.0236,0.775961774626493
2026-06-01 02:30:00+00:00,23.8425,124.05,19.7,31.8,68,1002.3,0.0,-2.7045923136093912,-0.7246933262870581,0.0018691588785046,0.8660254037844387,-0.4999999999999998,1.2246467991473532e-16,-1.0,55.91,229.5,0.1103,0.0236,3.7692824149391657
2026-06-01 03:30:00+00:00,25.7375,109.825,19.8,33.1,59,1002.3,0.0,-2.878383839759834,0.3534210958749273,0.000956937799043,0.7071067811865476,-0.7071067811865475,1.2246467991473532e-16,-1.0,55.91,229.5,0.1103,0.0236,2.3684184588000705
2026-06-01 04:30:00+00:00,27.3275,113.55,16.8,34.1,51,1002.0,0.0,-3.456909192082982,0.5475206276408087,0.0007782101167315,0.4999999999999999,-0.8660254037844387,1.2246467991473532e-16,-1.0,55.91,229.5,0.1103,0.0236,0.6792851387495802
2026-06-01 05:30:00+00:00,23.0825,78.475,16.4,34.9,46,1001.8,0.0,-2.846718831998225,-0.5533460865919803,0.0006600660066006,0.258819045102521,-0.9659258262890682,1.2246467991473532e-16,-1.0,55.91,229.5,0.1103,0.0236,3.998064727234974
2026-06-01 06:30:00+00:00,24.34,70.86666666666667,16.0,35.5,43,1001.0,0.0,-2.475670171853926,0.3479327524001634,0.000595238095238,1.2246467991473532e-16,-1.0,1.2246467991473532e-16,-1.0,55.91,229.5,0.1103,0.0236,4.552275722180768
2026-06-01 07:30:00+00:00,25.3525,65.7,16.775,35.7,41,999.7,0.0,-0.8959198738632506,2.3339510662430043,0.0005633802816901,-0.2588190451025208,-0.9659258262890684,1.2246467991473532e-16,-1.0,55.91,229.5,0.1103,0.0236,3.999280903065683
2026-06-01 08:30:00+00:00,25.5725,68.5,15.3,35.7,40,999.3,0.0,0.729322346201108,4.136192562651273,0.0005847953216374,-0.4999999999999998,-0.8660254037844388,1.2246467991473532e-16,-1.0,55.91,229.5,0.1103,0.0236,2.6727427602385667
2026-06-01 09:30:00+00:00,24.73333333333333,65.46666666666667,15.4,35.7,40,998.5,0.0,0.5330951626650305,5.072061666378194,0.0005361930294906,-0.7071067811865471,-0.7071067811865479,1.2246467991473532e-16,-1.0,55.91,229.5,0.1103,0.0236,1.132714204095514
2026-06-01 10:30:00+00:00,24.880000000000003,53.45,15.55,35.2,43,997.9,0.0,1.2362017582725096,3.0597067200703982,0.0105263157894736,-0.8660254037844384,-0.5000000000000004,1.2246467991473532e-16,-1.0,55.91,229.5,0.1103,0.0236,0.32128474650095884
2026-06-01 11:30:00+00:00,26.295,104.825,16.6,34.8,44,998.4,0.0,-1.6362330167295782,2.020579499788124,0.0181818181818181,-0.9659258262890684,-0.2588190451025206,1.2246467991473532e-16,-1.0,55.91,229.5,0.1103,0.0236,3.963959220192774
2026-06-01 12:30:00+00:00,25.54,113.175,18.4,32.7,61,998.9,0.0,-1.4339482024232668,-1.2465121550819638,0.025,-1.0,-1.8369701987210292e-16,1.2246467991473532e-16,-1.0,55.91,229.5,0.1103,0.0236,0.26784079326545696
2026-06-01 13:30:00+00:00,23.815,106.625,18.075000000000003,31.5,66,999.4,0.0,-2.523736319944603,-3.604268994871564,0.0133333333333333,-0.9659258262890684,0.2588190451025203,1.2246467991473532e-16,-1.0,55.91,229.5,0.1103,0.0236,4.4493172930637135
2026-06-01 14:30:00+00:00,25.885,114.9,16.0,30.9,66,999.8,0.0,-2.684125936659585,-3.9793803482642,0.0117647058823529,-0.8660254037844386,0.5000000000000001,1.2246467991473532e-16,-1.0,55.91,229.5,0.1103,0.0236,4.270080413232755
2026-06-01 15:30:00+00:00,26.5125,118.525,17.025,30.4,65,1000.7,0.0,-1.992728755295296,-4.694574752607446,0.0117647058823529,-0.7071067811865477,0.7071067811865474,1.2246467991473532e-16,-1.0,55.91,229.5,0.1103,0.0236,0.35467932719635276
2026-06-01 16:30:00+00:00,25.21,251.63333333333333,21.266666666666666,29.7,69,1001.1,0.0,-2.0285676563553574,-4.350277377775919,0.0133333333333333,-0.5000000000000004,0.8660254037844384,1.2246467991473532e-16,-1.0,55.91,229.5,0.1103,0.0236,2.771104424434141
2026-06-01 17:30:00+00:00,25.52333333333333,376.8,26.8,29.8,71,1000.7,0.0,-1.433471798181201,-3.734321705988807,0.0142857142857142,-0.2588190451025215,0.965925826289068,1.2246467991473532e-16,-1.0,55.91,229.5,0.1103,0.0236,1.069282607143593
2026-06-01 18:30:00+00:00,24.66,297.8,28.5,29.2,71,1000.4,0.0,-2.0187277199793305,-3.796674649293386,0.0125,0.0,1.0,1.2246467991473532e-16,-1.0,55.91,229.5,0.1103,0.0236,0.3017418623182294
2026-06-01 19:30:00+00:00,24.793333333333333,229.83333333333337,26.899999999999995,28.7,73,999.7,0.0,-3.564026096753472,-1.8159619989581872,0.0142857142857142,0.2588190451025207,0.9659258262890684,1.2246467991473532e-16,-1.0,55.91,229.5,0.1103,0.0236,2.1152014733405675
2026-06-01 20:30:00+00:00,26.745,203.05,26.575000000000003,28.6,74,999.7,0.0,-3.8,-2.326828918379971e-16,0.0153846153846153,0.4999999999999999,0.8660254037844387,1.2246467991473532e-16,-1.0,55.91,229.5,0.1103,0.0236,2.46416754800598
2026-06-01 21:30:00+00:00,25.31,144.1,22.3,28.7,72,999.8,0.0,-3.2682897661902843,-0.9371670097777972,0.0181818181818181,0.7071067811865475,0.7071067811865476,1.2246467991473532e-16,-1.0,55.91,229.5,0.1103,0.0236,2.217840207434456
2026-06-01 22:30:00+00:00,25.125,80.14999999999999,22.075000000000003,28.5,72,999.8,0.0,-2.8522794363147645,-2.659793604243744,0.02,0.8660254037844386,0.5000000000000001,1.2246467991473532e-16,-1.0,55.91,229.5,0.1103,0.0236,0.115019587556634
2026-06-01 23:30:00+00:00,25.44333333333333,89.53333333333335,19.766666666666666,29.3,80,1000.0,0.0,-2.8862450335600056,-1.5998717468129124,0.0181818181818181,0.9659258262890684,0.2588190451025207,1.2246467991473532e-16,-1.0,55.91,229.5,0.1103,0.0236,0.05772863420427765
2026-06-02 00:30:00+00:00,23.817500000000003,83.875,18.4,30.2,76,1000.4,0.0,-3.804226065180614,-1.2360679774997898,0.0133333333333333,1.0,6.123233995736766e-17,1.2246467991473532e-16,-1.0,55.91,229.5,0.1103,0.0236,2.9265130828438046
2026-06-02 01:30:00+00:00,26.55666666666667,107.59999999999998,17.9,31.7,69,1000.7,0.0,-2.3339510662430043,-0.895919873863251,0.006060606060606,0.9659258262890684,-0.2588190451025206,1.2246467991473532e-16,-1.0,55.91,229.5,0.1103,0.0236,4.874998764655822
2026-06-02 02:30:00+00:00,26.8675,108.175,16.1,33.1,62,1001.1,0.0,-2.1650635094610964,-1.2500000000000002,0.0022727272727272,0.8660254037844387,-0.4999999999999998,1.2246467991473532e-16,-1.0,55.91,229.5,0.1103,0.0236,0.3911740991325302
2026-06-02 03:30:00+00:00,24.82,105.925,18.175,34.3,55,1001.1,0.0,-1.6564291101348998,0.3824167923845701,0.0008403361344537,0.7071067811865476,-0.7071067811865475,1.2246467991473532e-16,-1.0,55.91,229.5,0.1103,0.0236,1.7329050175394727
2026-06-02 04:30:00+00:00,24.11,135.1,16.5,35.2,49,1000.7,0.0,0.1672455412282449,1.5912350325892377,0.0006079027355623,0.4999999999999999,-0.8660254037844387,1.2246467991473532e-16,-1.0,55.91,229.5,0.1103,0.0236,4.04489339721672
2026-06-02 05:30:00+00:00,25.33333333333333,131.26666666666668,48.63333333333333,36.0,46,1000.3,0.0,1.246512155081964,1.4339482024232666,0.0004962779156327,0.258819045102521,-0.9659258262890682,1.2246467991473532e-16,-1.0,55.91,229.5,0.1103,0.0236,2.7809371756761108
2026-06-02 06:30:00+00:00,25.1875,107.075,36.825,36.4,45,999.3,0.0,3.3813744442521294,0.3553967751100214,0.0004807692307692,1.2246467991473532e-16,-1.0,1.2246467991473532e-16,-1.0,55.91,229.5,0.1103,0.0236,4.177340283808332
2026-06-02 07:30:00+00:00,26.135,102.425,39.175,36.5,45,997.9,0.0,6.1,1.120551821219828e-15,0.0004784688995215,-0.2588190451025208,-0.9659258262890684,1.2246467991473532e-16,-1.0,55.91,229.5,0.1103,0.0236,2.6531267590503087
2026-06-02 08:30:00+00:00,26.3375,91.625,35.8,36.5,42,997.0,0.0,7.047077676653386,-0.8652723381765485,0.0005154639175257,-0.4999999999999998,-0.8660254037844388,1.2246467991473532e-16,-1.0,55.91,229.5,0.1103,0.0236,0.2090225266093937
2026-06-02 09:30:00+00:00,25.71333333333333,82.60000000000001,35.06666666666667,36.2,43,996.2,0.0,5.938045474676905,-2.643788179992704,0.0005128205128205,-0.7071067811865471,-0.7071067811865479,1.2246467991473532e-16,-1.0,55.91,229.5,0.1103,0.0236,3.5353890579605842
2026-06-02 10:30:00+00:00,26.03,88.50000000000001,33.5,35.6,47,995.6,0.0,5.4378467222198985,-2.535709570444197,0.0005102040816326,-0.8660254037844384,-0.5000000000000004,1.2246467991473532e-16,-1.0,55.91,229.5,0.1103,0.0236,3.3298204402445086
2026-06-02 11:30:00+00:00,26.346666666666664,94.40000000000002,31.933333333333337,34.6,57,995.5,0.0,0.3747696938149307,-4.283637201794505,0.025,-0.9659258262890684,-0.2588190451025206,1.2246467991473532e-16,-1.0,55.91,229.5,0.1103,0.0236,2.0117503668450407
2026-06-02 12:30:00+00:00,24.695,97.025,34.75,33.4,63,996.1,0.0,0.7107390870623796,-2.1874299874788528,0.05,-1.0,-1.8369701987210292e-16,1.2246467991473532e-16,-1.0,55.91,229.5,0.1103,0.0236,1.7861076418864257
2026-06-02 13:30:00+00:00,24.9125,289.225,45.025,32.7,66,997.0,0.0,1.766928930205795,0.3434561916777818,0.04,-0.9659258262890684,0.2588190451025203,1.2246467991473532e-16,-1.0,55.91,229.5,0.1103,0.0236,3.3292368465255024
2026-06-02 14:30:00+00:00,23.945,343.375,57.825,31.4,61,997.8,0.0,8.849379789591959,8.252180156756237,0.0032786885245901,-0.8660254037844386,0.5000000000000001,1.2246467991473532e-16,-1.0,55.91,229.5,0.1103,0.0236,4.985571011338617
2026-06-02 15:30:00+00:00,27.9775,151.775,42.8,29.9,59,999.1,0.0,14.94111267049594,5.438120278878143,0.0027777777777777,-0.7071067811865477,0.7071067811865474,1.2246467991473532e-16,-1.0,55.91,229.5,0.1103,0.0236,0.7027514608903535
2026-06-02 16:30:00+00:00,23.33,123.0,43.5,29.4,61,999.2,0.0,13.675158010271408,4.180915377535141,0.0035087719298245,-0.5000000000000004,0.8660254037844384,1.2246467991473532e-16,-1.0,55.91,229.5,0.1103,0.0236,0.7686108140131415
2026-06-02 17:30:00+00:00,25.80333333333333,179.30000000000004,45.79999999999999,29.4,65,998.1,0.0,8.861390939133228,3.9453454378352606,0.0068965517241379,-0.2588190451025215,0.965925826289068,1.2246467991473532e-16,-1.0,55.91,229.5,0.1103,0.0236,2.0580389944376005
2026-06-02 18:30:00+00:00,27.02,181.2,45.7,28.9,69,997.1,0.0,4.176456994115625,-3.26300581922599,0.0181818181818181,0.0,1.0,1.2246467991473532e-16,-1.0,55.91,229.5,0.1103,0.0236,4.442287442856306
2026-06-02 19:30:00+00:00,24.58,170.05,45.5,28.5,70,997.1,0.0,5.77769424279145,-5.387787044493734,0.008695652173913,0.2588190451025207,0.9659258262890684,1.2246467991473532e-16,-1.0,55.91,229.5,0.1103,0.0236,2.930155065024112
2026-06-02 20:30:00+00:00,24.09,190.2,48.4,28.4,71,997.2,0.0,6.276026597977997,-0.5490811793102447,0.0074074074074074,0.4999999999999999,0.8660254037844387,1.2246467991473532e-16,-1.0,55.91,229.5,0.1103,0.0236,1.9143331298515631
2026-06-02 21:30:00+00:00,25.035,211.1,47.025,28.0,74,997.3,0.0,5.748539898314082,2.3225608791786563,0.0074074074074074,0.7071067811865475,0.7071067811865476,1.2246467991473532e-16,-1.0,55.91,229.5,0.1103,0.0236,4.5663434183670155
2026-06-02 22:30:00+00:00,26.3,156.7,48.275,27.7,75,997.4,0.0,6.500981366049176,1.6208767005177742,0.0076923076923076,0.8660254037844386,0.5000000000000001,1.2246467991473532e-16,-1.0,55.91,229.5,0.1103,0.0236,4.2788698173150355
2026-06-02 23:30:00+00:00,25.5525,158.275,46.9,28.6,73,997.4,0.0,8.314254606237347,1.767249371950958,0.0071428571428571,0.9659258262890684,0.2588190451025207,1.2246467991473532e-16,-1.0,55.91,229.5,0.1103,0.0236,2.159107754272387
2026-06-03 00:30:00+00:00,26.66333333333333,148.96666666666667,45.0,29.1,74,998.1,0.0,4.067565979741146,4.679199397381186,0.0066666666666666,1.0,6.123233995736766e-17,1.2246467991473532e-16,-1.0,55.91,229.5,0.1103,0.0236,3.018525579148457
2026-06-03 01:30:00+00:00,25.405,119.425,44.975,30.3,70,998.4,0.0,4.067565979741146,4.679199397381186,0.0046511627906976,0.9659258262890684,-0.2588190451025206,1.2246467991473532e-16,-1.0,55.91,229.5,0.1103,0.0236,1.895921381781493
2026-06-03 02:30:00+00:00,25.8625,100.5,43.1,32.2,61,998.7,0.0,6.663296698967432,0.7003407038932775,0.0028169014084507,0.8660254037844387,-0.4999999999999998,1.2246467991473532e-16,-1.0,55.91,229.5,0.1103,0.0236,4.040338546339833
2026-06-03 03:30:00+00:00,26.7675,99.9,43.975,33.6,54,998.3,0.0,6.291366068953815,-0.3297165243305468,0.0015625,0.7071067811865476,-0.7071067811865475,1.2246467991473532e-16,-1.0,55.91,229.5,0.1103,0.0236,4.839633700598386
2026-06-03 04:30:00+00:00,24.4175,103.7,40.4,34.8,49,997.6,0.0,4.8880638462731385,0.3418067213462153,0.0009852216748768,0.4999999999999999,-0.8660254037844387,1.2246467991473532e-16,-1.0,55.91,229.5,0.1103,0.0236,3.9653982070177918
2026-06-03 05:30:00+00:00,27.045,100.725,38.3,35.9,45,997.0,0.0,2.883363526931848,1.801725498392897,0.0007042253521126,0.258819045102521,-0.9659258262890682,1.2246467991473532e-16,-1.0,55.91,229.5,0.1103,0.0236,3.650371790843743
2026-06-03 06:30:00+00:00,24.7675,84.2,38.8,36.5,42,996.0,0.0,3.4732918522949867,3.5966990016932554,0.0005291005291005,1.2246467991473532e-16,-1.0,1.2246467991473532e-16,-1.0,55.91,229.5,0.1103,0.0236,0.3854179686156983
2026-06-03 07:30:00+00:00,25.3575,81.13333333333333,39.275,36.8,40,994.9,0.0,6.713181886755149,2.311533896645812,0.0004640371229698,-0.2588190451025208,-0.9659258262890684,1.2246467991473532e-16,-1.0,55.91,229.5,0.1103,0.0236,1.9877657125786496
2026-06-03 08:30:00+00:00,23.86,88.3,38.66666666666666,36.5,41,994.1,0.0,9.387117626692994,0.4919579886836765,0.0005115089514066,-0.4999999999999998,-0.8660254037844388,1.2246467991473532e-16,-1.0,55.91,229.5,0.1103,0.0236,0.014267271963250838
2026-06-03 09:30:00+00:00,24.19,90.6,34.8,34.1,47,993.7,0.4,12.977032895167303,-3.721104303529492,0.0019607843137254,-0.7071067811865471,-0.7071067811865479,1.2246467991473532e-16,-1.0,55.91,229.5,0.1103,0.0236,1.7805766997254406
2026-06-03 10:30:00+00:00,25.24125,99.975,39.4625,34.4,46,993.1,0.0,8.25453173155667,-0.8675862451215198,0.002127659574468,-0.8660254037844384,-0.5000000000000004,1.2246467991473532e-16,-1.0,55.91,229.5,0.1103,0.0236,1.1533429225964964
2026-06-03 11:30:00+00:00,26.2925,109.35,44.125,35.2,55,992.9,0.0,4.184017731985332,-0.3660541195401631,0.0111111111111111,-0.9659258262890684,-0.2588190451025206,1.2246467991473532e-16,-1.0,55.91,229.5,0.1103,0.0236,1.1165662065080562
2026-06-03 12:30:00+00:00,22.36,122.2,44.63333333333333,33.5,61,993.3,0.0,-0.539882530425276,-2.3384881554845647,0.0285714285714285,-1.0,-1.8369701987210292e-16,1.2246467991473532e-16,-1.0,55.91,229.5,0.1103,0.0236,1.8440547478760727
2026-06-03 13:30:00+00:00,24.96,241.675,55.925,32.0,66,994.2,0.0,-1.6060140217829288,-2.293625724009177,0.0333333333333333,-0.9659258262890684,0.2588190451025203,1.2246467991473532e-16,-1.0,55.91,229.5,0.1103,0.0236,0.5215060504965091
2026-06-03 14:30:00+00:00,26.3875,132.25,46.75,31.4,67,994.8,0.0,-2.3564002462952898,-1.0988074805258186,0.05,-0.8660254037844386,0.5000000000000001,1.2246467991473532e-16,-1.0,55.91,229.5,0.1103,0.0236,2.706470412794903
2026-06-03 15:30:00+00:00,26.71,224.025,51.675,30.6,70,995.5,0.0,-3.44396959073927,1.6059493946146577,0.04,-0.7071067811865477,0.7071067811865474,1.2246467991473532e-16,-1.0,55.91,229.5,0.1103,0.0236,2.579141942297323
2026-06-03 16:30:00+00:00,28.2175,176.0,48.85,30.0,73,995.7,0.0,-3.5670951622914924,3.2118269105225195,0.025,-0.5000000000000004,0.8660254037844384,1.2246467991473532e-16,-1.0,55.91,229.5,0.1103,0.0236,0.6846718970454996
2026-06-03 17:30:00+00:00,24.586666666666662,308.1,54.4,30.5,72,994.9,0.0,-4.830441365603063,4.349348941332579,0.0222222222222222,-0.2588190451025215,0.965925826289068,1.2246467991473532e-16,-1.0,55.91,229.5,0.1103,0.0236,3.4994659800109145
2026-06-03 18:30:00+00:00,26.85,602.3,66.7,30.0,74,994.6,0.0,-3.437362397610102,3.2053922922937423,0.025,0.0,1.0,1.2246467991473532e-16,-1.0,55.91,229.5,0.1103,0.0236,3.9500785564985605
2026-06-03 19:30:00+00:00,25.6425,607.3249999999999,77.35,29.8,73,994.2,0.0,-2.894873798829253,3.574871422702065,0.025,0.2588190451025207,0.9659258262890684,1.2246467991473532e-16,-1.0,55.91,229.5,0.1103,0.0236,4.256196036155801
2026-06-03 20:30:00+00:00,27.235,608.475,87.925,29.4,73,994.0,0.0,-1.6080443759750538,5.259676157796695,0.02,0.4999999999999999,0.8660254037844387,1.2246467991473532e-16,-1.0,55.91,229.5,0.1103,0.0236,0.5201429930835949
2026-06-03 21:30:00+00:00,25.4125,314.42499999999995,73.9,28.9,73,994.0,0.0,-1.6377900701872217,5.040599536364313,0.0166666666666666,0.7071067811865475,0.7071067811865476,1.2246467991473532e-16,-1.0,55.91,229.5,0.1103,0.0236,3.900368550071815
2026-06-03 22:30:00+00:00,25.615,320.625,61.8,28.4,75,994.1,0.0,-0.150067835820753,4.297380556182112,0.0166666666666666,0.8660254037844386,0.5000000000000001,1.2246467991473532e-16,-1.0,55.91,229.5,0.1103,0.0236,3.2922705423358267
2026-06-03 23:30:00+00:00,26.43,375.675,61.625,29.3,79,995.1,0.0,2.921931428644114,7.232034065620942,0.0125,0.9659258262890684,0.2588190451025207,1.2246467991473532e-16,-1.0,55.91,229.5,0.1103,0.0236,0.5207206608555376
2026-06-04 00:30:00+00:00,25.89,369.075,64.775,30.2,73,995.4,0.0,-1.992728755295298,4.694574752607444,0.0142857142857142,1.0,6.123233995736766e-17,1.2246467991473532e-16,-1.0,55.91,229.5,0.1103,0.0236,0.19394201429396185
2026-06-04 01:30:00+00:00,25.2125,125.55,44.775,31.6,67,995.7,0.0,-0.8777213787321068,4.515485043859253,0.0066666666666666,0.9659258262890684,-0.2588190451025206,1.2246467991473532e-16,-1.0,55.91,229.5,0.1103,0.0236,2.255652137472783
2026-06-04 02:30:00+00:00,25.64,113.5,43.55,33.4,59,995.9,0.0,-0.150067835820753,4.297380556182112,0.0034482758620689,0.8660254037844387,-0.4999999999999998,1.2246467991473532e-16,-1.0,55.91,229.5,0.1103,0.0236,1.9438872405002183
2026-06-04 03:30:00+00:00,24.5175,141.35,36.4,34.7,53,995.9,0.0,0.7195985391850613,4.543366366737634,0.0021505376344086,0.7071067811865476,-0.7071067811865475,1.2246467991473532e-16,-1.0,55.91,229.5,0.1103,0.0236,1.9193774674270048
2026-06-04 04:30:00+00:00,26.31,128.45,36.075,36.1,46,995.8,0.0,1.9571446846582057,3.2572357426680267,0.00078125,0.4999999999999999,-0.8660254037844387,1.2246467991473532e-16,-1.0,55.91,229.5,0.1103,0.0236,1.9012782673859023
2026-06-04 05:30:00+00:00,25.68,120.2,34.1,36.9,38,995.8,0.0,5.228050388384328,2.006860517453684,0.0005347593582887,0.258819045102521,-0.9659258262890682,1.2246467991473532e-16,-1.0,55.91,229.5,0.1103,0.0236,0.736051884012725
2026-06-04 06:30:00+00:00,24.25,117.90000000000002,33.1,36.3,40,995.0,0.6,6.771649583831595,3.450327798020557,0.0006993006993006,1.2246467991473532e-16,-1.0,1.2246467991473532e-16,-1.0,55.91,229.5,0.1103,0.0236,2.927641380529025
2026-06-04 07:30:00+00:00,23.06,88.2,33.8,37.1,38,993.9,0.0,5.611233446141406,1.8232002668121907,0.0004975124378109,-0.2588190451025208,-0.9659258262890684,1.2246467991473532e-16,-1.0,55.91,229.5,0.1103,0.0236,1.3606543838181513
2026-06-04 08:30:00+00:00,26.993333333333336,91.59999999999998,33.9,37.4,38,993.0,0.0,4.482102298012081,1.0347748499817802,0.0004434589800443,-0.4999999999999998,-0.8660254037844388,1.2246467991473532e-16,-1.0,55.91,229.5,0.1103,0.0236,4.701720883908161
2026-06-04 09:30:00+00:00,25.41,272.1,39.2,36.9,38,992.4,0.0,6.153786140176197,0.7555899291119125,0.0004683840749414,-0.7071067811865471,-0.7071067811865479,1.2246467991473532e-16,-1.0,55.91,229.5,0.1103,0.0236,1.1376412360410364
2026-06-04 10:30:00+00:00,26.55,95.2,41.35,36.1,43,992.2,0.0,6.086761704288983,1.9777087639996644,0.0025641025641025,-0.8660254037844384,-0.5000000000000004,1.2246467991473532e-16,-1.0,55.91,229.5,0.1103,0.0236,1.2817453330099327
2026-06-04 11:30:00+00:00,24.07,118.4,45.45,35.4,50,992.1,0.0,3.4444752175158317,5.5123126250167696,0.01,-0.9659258262890684,-0.2588190451025206,1.2246467991473532e-16,-1.0,55.91,229.5,0.1103,0.0236,3.785907395905259
2026-06-04 12:30:00+00:00,7.59,45.13333333333333,16.666666666666668,33.5,58,992.3,0.0,0.5362251109826501,4.367203067221817,0.025,-1.0,-1.8369701987210292e-16,1.2246467991473532e-16,-1.0,55.91,229.5,0.1103,0.0236,1.7408146943920881
2026-06-04 13:30:00+00:00,26.3875,273.1,49.55,32.4,65,993.0,0.0,-2.0075175272286625,2.867032155011471,0.04,-0.9659258262890684,0.2588190451025203,1.2246467991473532e-16,-1.0,55.91,229.5,0.1103,0.0236,3.0954537014789443
2026-06-04 14:30:00+00:00,26.956666666666667,402.8333333333333,57.5,31.6,70,993.8,0.0,-1.8017254983928963,-2.883363526931848,0.0285714285714285,-0.8660254037844386,0.5000000000000001,1.2246467991473532e-16,-1.0,55.91,229.5,0.1103,0.0236,3.03322134604175
2026-06-04 15:30:00+00:00,26.48,389.35,59.375,31.3,74,995.0,0.0,-5.173093386554198,-3.2325075118225497,0.0166666666666666,-0.7071067811865477,0.7071067811865474,1.2246467991473532e-16,-1.0,55.91,229.5,0.1103,0.0236,4.831473257510394
2026-06-04 16:30:00+00:00,23.3775,171.8,55.025,31.2,70,995.3,0.0,-6.663296698967432,0.7003407038932773,0.0153846153846153,-0.5000000000000004,0.8660254037844384,1.2246467991473532e-16,-1.0,55.91,229.5,0.1103,0.0236,1.4563041611169325
2026-06-04 17:30:00+00:00,25.53,226.1,47.4,31.0,72,994.9,0.0,-5.734064310022944,4.015035054457321,0.0133333333333333,-0.2588190451025215,0.965925826289068,1.2246467991473532e-16,-1.0,55.91,229.5,0.1103,0.0236,3.3659647368293086
2026-06-04 18:30:00+00:00,24.41,338.3,49.25,30.1,70,994.5,0.0,-5.955276909847933,0.7312160604308842,0.0133333333333333,0.0,1.0,1.2246467991473532e-16,-1.0,55.91,229.5,0.1103,0.0236,4.4612996973421275
2026-06-04 19:30:00+00:00,23.29,450.5,51.1,29.6,73,994.3,0.0,-4.8417909255057845,-2.155704208301741,0.0166666666666666,0.2588190451025207,0.9659258262890684,1.2246467991473532e-16,-1.0,55.91,229.5,0.1103,0.0236,4.095134929898408
2026-06-04 20:30:00+00:00,22.7375,595.95,76.2,29.4,73,994.3,0.0,-5.4378467222199,2.535709570444196,0.0142857142857142,0.4999999999999999,0.8660254037844387,1.2246467991473532e-16,-1.0,55.91,229.5,0.1103,0.0236,2.6709706998174596
2026-06-04 21:30:00+00:00,23.38,215.0,55.9,28.9,74,994.3,0.0,-3.7900386099347103,3.412566092430177,0.0111111111111111,0.7071067811865475,0.7071067811865476,1.2246467991473532e-16,-1.0,55.91,229.5,0.1103,0.0236,1.3895741973889542
2026-06-04 22:30:00+00:00,24.8925,165.375,52.875,26.6,81,995.9,0.5,6.807987937687838,10.4833820993178,0.0032786885245901,0.8660254037844386,0.5000000000000001,1.2246467991473532e-16,-1.0,55.91,229.5,0.1103,0.0236,3.127167959177155
2026-06-04 23:30:00+00:00,24.5375,132.4,48.150000000000006,27.5,82,994.9,2.0,-3.2498011250210603,4.312631754255382,0.0133333333333333,0.9659258262890684,0.2588190451025207,1.2246467991473532e-16,-1.0,55.91,229.5,0.1103,0.0236,0.3056019391437631
2026-06-05 00:30:00+00:00,25.0825,79.875,37.475,28.0,85,995.7,0.2,-8.464402995026868,2.7502512499370315,0.0051282051282051,1.0,6.123233995736766e-17,1.2246467991473532e-16,-1.0,55.91,229.5,0.1103,0.0236,1.99295641730037
2026-06-05 01:30:00+00:00,26.5325,73.375,31.1,29.4,79,996.3,0.0,2.192031021678298,-2.192031021678297,0.0044444444444444,0.9659258262890684,-0.2588190451025206,1.2246467991473532e-16,-1.0,55.91,229.5,0.1103,0.0236,0.21069441985719528
2026-06-05 02:30:00+00:00,24.7425,66.375,35.125,31.2,72,996.4,0.0,-2.867896404846533,2.4930243101639284,0.0029411764705882,0.8660254037844387,-0.4999999999999998,1.2246467991473532e-16,-1.0,55.91,229.5,0.1103,0.0236,4.182122887754455
2026-06-05 03:30:00+00:00,26.55666666666667,89.56666666666666,37.9,33.2,64,996.2,0.0,-3.593859795212817,2.7081676041842178,0.0019047619047619,0.7071067811865476,-0.7071067811865475,1.2246467991473532e-16,-1.0,55.91,229.5,0.1103,0.0236,0.6242548727066671
2026-06-05 04:30:00+00:00,23.71,82.6,38.375,34.7,55,995.9,0.0,-4.160281732636994,1.4324998796114885,0.001360544217687,0.4999999999999999,-0.8660254037844387,1.2246467991473532e-16,-1.0,55.91,229.5,0.1103,0.0236,4.354469511339827
2026-06-05 05:30:00+00:00,23.97,87.5,33.575,35.5,56,996.0,0.0,-6.9904067432820165,-0.3663516937006078,0.0008888888888888,0.258819045102521,-0.9659258262890682,1.2246467991473532e-16,-1.0,55.91,229.5,0.1103,0.0236,3.676024717332596
2026-06-05 06:30:00+00:00,24.5175,89.4,30.775,35.7,55,994.9,0.2,-3.942969583229716,-2.369175144586249,0.000754716981132,1.2246467991473532e-16,-1.0,1.2246467991473532e-16,-1.0,55.91,229.5,0.1103,0.0236,4.491126583137073
2026-06-05 07:30:00+00:00,25.6525,89.175,28.3,34.2,61,994.0,0.5,-6.104407793183422,-7.538315826132617,0.0018018018018018,-0.2588190451025208,-0.9659258262890684,1.2246467991473532e-16,-1.0,55.91,229.5,0.1103,0.0236,4.9770659540340825
2026-06-05 08:30:00+00:00,24.72,82.3,27.875,34.4,60,993.5,0.3,-0.3449439287832564,-3.281922254715301,0.0015267175572519,-0.4999999999999998,-0.8660254037844388,1.2246467991473532e-16,-1.0,55.91,229.5,0.1103,0.0236,3.0090683110390377
2026-06-05 09:30:00+00:00,26.956666666666667,80.23333333333333,27.0,34.3,61,992.8,0.3,3.924489817158416,-3.4115069507506366,0.0014598540145985,-0.7071067811865471,-0.7071067811865479,1.2246467991473532e-16,-1.0,55.91,229.5,0.1103,0.0236,4.850059349980776
2026-06-05 10:30:00+00:00,24.595,86.025,26.825,34.3,60,992.4,0.0,0.701692091334567,-2.2951314143112853,0.001639344262295,-0.8660254037844384,-0.5000000000000004,1.2246467991473532e-16,-1.0,55.91,229.5,0.1103,0.0236,1.6895795719843214
2026-06-05 11:30:00+00:00,25.9,94.425,31.775,34.6,52,992.4,0.0,-6.620712379771355,-7.890257764125474,0.0040816326530612,-0.9659258262890684,-0.2588190451025206,1.2246467991473532e-16,-1.0,55.91,229.5,0.1103,0.0236,4.666331657615437
2026-06-05 12:30:00+00:00,25.15,99.9,30.3,32.5,61,993.1,0.0,-7.154981215727672,-7.409199943488108,0.0045454545454545,-1.0,-1.8369701987210292e-16,1.2246467991473532e-16,-1.0,55.91,229.5,0.1103,0.0236,3.1626454813712574
2026-06-05 13:30:00+00:00,26.0875,110.65,29.8,32.1,66,993.7,0.0,-7.581486781974664,-0.5301492004553534,0.0068965517241379,-0.9659258262890684,0.2588190451025203,1.2246467991473532e-16,-1.0,55.91,229.5,0.1103,0.0236,2.278454332824127
2026-06-05 14:30:00+00:00,25.1775,77.125,28.175,31.6,69,994.1,0.0,-8.055627352483015,0.8466805524679919,0.0074074074074074,-0.8660254037844386,0.5000000000000001,1.2246467991473532e-16,-1.0,55.91,229.5,0.1103,0.0236,4.590444055755002
2026-06-05 15:30:00+00:00,26.926666666666662,80.6,27.0,31.5,65,994.9,0.0,-5.232590180780452,5.232590180780451,0.00625,-0.7071067811865477,0.7071067811865474,1.2246467991473532e-16,-1.0,55.91,229.5,0.1103,0.0236,3.1088034943835554
2026-06-05 16:30:00+00:00,25.0,89.175,31.2,30.8,67,995.5,0.0,-3.078307376628292,3.9400537680336094,0.01,-0.5000000000000004,0.8660254037844384,1.2246467991473532e-16,-1.0,55.91,229.5,0.1103,0.0236,1.9116503933128448
2026-06-05 17:30:00+00:00,26.19,81.0,29.7,31.3,72,994.6,0.0,-6.633939353874569,4.819839068798278,0.01,-0.2588190451025215,0.965925826289068,1.2246467991473532e-16,-1.0,55.91,229.5,0.1103,0.0236,3.0826468468761927
2026-06-05 18:30:00+00:00,27.595,80.6,31.200000000000003,30.8,73,994.4,0.0,-0.3628828433995016,-1.4554435894139948,0.05,0.0,1.0,1.2246467991473532e-16,-1.0,55.91,229.5,0.1103,0.0236,4.122348248056228
2026-06-05 19:30:00+00:00,29.0,80.2,32.7,28.9,78,994.3,0.0,0.9616618620624112,-9.149601437388114,0.009090909090909,0.2588190451025207,0.9659258262890684,1.2246467991473532e-16,-1.0,55.91,229.5,0.1103,0.0236,3.585262147930584
2026-06-05 20:30:00+00:00,24.66,79.9,32.2,27.7,79,994.2,0.0,-5.353044850870866,-5.945158603819154,0.009090909090909,0.4999999999999999,0.8660254037844387,1.2246467991473532e-16,-1.0,55.91,229.5,0.1103,0.0236,4.368787660385933
2026-06-05 21:30:00+00:00,24.2125,81.85,30.475,27.7,78,994.4,0.0,-6.8597561317371305,-2.4967470462773824,0.0083333333333333,0.7071067811865475,0.7071067811865476,1.2246467991473532e-16,-1.0,55.91,229.5,0.1103,0.0236,3.569759611506948
2026-06-05 22:30:00+00:00,26.855,94.9,28.3,27.6,79,994.9,0.0,-8.693332436601615,-2.3293714059226867,0.00625,0.8660254037844386,0.5000000000000001,1.2246467991473532e-16,-1.0,55.91,229.5,0.1103,0.0236,2.5195121193208814
2026-06-05 23:30:00+00:00,27.3375,71.825,29.5,28.0,82,996.2,0.0,-6.8954085236473714,-8.825720440395285,0.0033898305084745,0.9659258262890684,0.2588190451025207,1.2246467991473532e-16,-1.0,55.91,229.5,0.1103,0.0236,1.9203383973392358
2026-06-06 00:30:00+00:00,23.3375,54.75,28.0,28.2,81,996.5,0.0,-9.338333304894508,-6.538771374401925,0.0031746031746031,1.0,6.123233995736766e-17,1.2246467991473532e-16,-1.0,55.91,229.5,0.1103,0.0236,4.044991656970531
2026-06-06 01:30:00+00:00,27.47,45.8,27.1,29.4,78,997.1,0.0,-10.96334058060603,-1.7364225619465632,0.0025974025974025,0.9659258262890684,-0.2588190451025206,1.2246467991473532e-16,-1.0,55.91,229.5,0.1103,0.0236,1.6612970626707475
2026-06-06 02:30:00+00:00,24.9975,42.075,27.125,30.6,74,997.3,0.0,-10.984924882300312,-0.5756955186723837,0.002,0.8660254037844387,-0.4999999999999998,1.2246467991473532e-16,-1.0,55.91,229.5,0.1103,0.0236,0.31660506028006186
2026-06-06 03:30:00+00:00,23.9725,61.7,33.175000000000004,32.0,69,997.5,0.0,-9.694091022085228,-0.3385251180142604,0.0015267175572519,0.7071067811865476,-0.7071067811865475,1.2246467991473532e-16,-1.0,55.91,229.5,0.1103,0.0236,1.5174287259916759
2026-06-06 04:30:00+00:00,24.9675,60.5,30.175,33.3,65,997.6,0.0,-8.1,-4.959819536546783e-16,0.0012269938650306,0.4999999999999999,-0.8660254037844387,1.2246467991473532e-16,-1.0,55.91,229.5,0.1103,0.0236,0.43359547675936805
2026-06-06 05:30:00+00:00,24.02,59.8,28.5,34.3,54,997.4,0.0,-5.558258449191403,-0.6824683230688259,0.0008771929824561,0.258819045102521,-0.9659258262890682,1.2246467991473532e-16,-1.0,55.91,229.5,0.1103,0.0236,4.715903724837461
2026-06-06 06:30:00+00:00,25.005,64.475,30.2,34.7,52,996.6,0.0,-3.774069899155005,-1.601997626806023,0.0007246376811594,1.2246467991473532e-16,-1.0,1.2246467991473532e-16,-1.0,55.91,229.5,0.1103,0.0236,3.9847611904691598
2026-06-06 07:30:00+00:00,26.28,63.275,28.5,35.0,51,995.7,0.1,-3.595066325116466,0.188409442474597,0.0006711409395973,-0.2588190451025208,-0.9659258262890684,1.2246467991473532e-16,-1.0,55.91,229.5,0.1103,0.0236,3.517535417951278
2026-06-06 08:30:00+00:00,26.4,57.8,27.925,34.9,51,994.8,0.0,-3.730669076497688,2.51636806561836,0.0006756756756756,-0.4999999999999998,-0.8660254037844388,1.2246467991473532e-16,-1.0,55.91,229.5,0.1103,0.0236,1.8113831735902135
2026-06-06 09:30:00+00:00,23.095,62.2,30.475,34.6,52,994.1,0.0,-3.730669076497688,2.51636806561836,0.0008230452674897,-0.7071067811865471,-0.7071067811865479,1.2246467991473532e-16,-1.0,55.91,229.5,0.1103,0.0236,0.36431877656723455
2026-06-06 10:30:00+00:00,26.875,63.8,28.2,34.3,52,993.9,0.0,-3.604268994871565,2.523736319944602,0.0010416666666666,-0.8660254037844384,-0.5000000000000004,1.2246467991473532e-16,-1.0,55.91,229.5,0.1103,0.0236,3.6518839764474977
2026-06-06 11:30:00+00:00,26.0075,65.47500000000001,28.2,34.1,54,993.6,0.0,-5.08636752381579,1.0811407922523475,0.0083333333333333,-0.9659258262890684,-0.2588190451025206,1.2246467991473532e-16,-1.0,55.91,229.5,0.1103,0.0236,1.550185189438461
2026-06-06 12:30:00+00:00,24.285,84.4,30.4,33.0,66,994.4,0.0,-3.1956145112146364,0.1674750599774196,0.025,-1.0,-1.8369701987210292e-16,1.2246467991473532e-16,-1.0,55.91,229.5,0.1103,0.0236,0.02373731941074042
2026-06-06 13:30:00+00:00,25.285,84.95,28.8,30.2,78,995.9,0.0,-1.7051356689385164,-10.765802912487002,0.0111111111111111,-0.9659258262890684,0.2588190451025203,1.2246467991473532e-16,-1.0,55.91,229.5,0.1103,0.0236,0.9066299945751666
2026-06-06 14:30:00+00:00,24.91,93.7,28.5,29.4,79,996.4,0.0,-9.857423958074293,5.922937861465624,0.0048780487804878,-0.8660254037844386,0.5000000000000001,1.2246467991473532e-16,-1.0,55.91,229.5,0.1103,0.0236,4.032281723172892
2026-06-06 15:30:00+00:00,26.570000000000004,77.39999999999999,28.166666666666668,29.1,75,997.0,0.0,-6.600188215406265,3.965793176807418,0.008695652173913,-0.7071067811865477,0.7071067811865474,1.2246467991473532e-16,-1.0,55.91,229.5,0.1103,0.0236,3.0463522541055044
2026-06-06 16:30:00+00:00,25.31,57.7,26.625,28.9,78,997.3,0.0,-8.298735869798048,0.1448549734294528,0.0071428571428571,-0.5000000000000004,0.8660254037844384,1.2246467991473532e-16,-1.0,55.91,229.5,0.1103,0.0236,2.0925534615504446
2026-06-06 17:30:00+00:00,27.673333333333336,56.0,28.8,28.9,83,997.4,0.0,-10.46617932785172,-2.224655091750026,0.0032786885245901,-0.2588190451025215,0.965925826289068,1.2246467991473532e-16,-1.0,55.91,229.5,0.1103,0.0236,3.908347949840766
2026-06-06 18:30:00+00:00,26.05666666666667,53.15,28.200000000000003,25.7,95,998.9,5.4,2.277607596902182,-8.500147271343803,0.0046511627906976,0.0,1.0,1.2246467991473532e-16,-1.0,55.91,229.5,0.1103,0.0236,4.306684195576543
2026-06-06 19:30:00+00:00,24.44,50.3,27.6,24.9,96,997.6,2.9,-9.663489671572243,-7.281961780139784,0.0045454545454545,0.2588190451025207,0.9659258262890684,1.2246467991473532e-16,-1.0,55.91,229.5,0.1103,0.0236,0.6780020698824984
2026-06-06 20:30:00+00:00,27.16,43.9,27.2,25.0,96,996.7,0.0,-7.741859982802312,0.9505808785601494,0.00625,0.4999999999999999,0.8660254037844387,1.2246467991473532e-16,-1.0,55.91,229.5,0.1103,0.0236,0.5391300416032918
2026-06-06 21:30:00+00:00,27.56,43.29999999999999,26.3,25.2,96,996.6,0.0,-5.370418234988676,0.564453701645328,0.0064516129032258,0.7071067811865475,0.7071067811865476,1.2246467991473532e-16,-1.0,55.91,229.5,0.1103,0.0236,1.5085581043926939
2026-06-06 22:30:00+00:00,25.62,41.75,25.6,25.3,96,996.7,0.0,-4.134452612976167,2.0165072752297566,0.0074074074074074,0.8660254037844386,0.5000000000000001,1.2246467991473532e-16,-1.0,55.91,229.5,0.1103,0.0236,1.125154517522543
2026-06-06 23:30:00+00:00,24.04,57.875,40.5,27.7,89,996.8,0.0,-5.346039145130208,2.7239429984372805,0.0066666666666666,0.9659258262890684,0.2588190451025207,1.2246467991473532e-16,-1.0,55.91,229.5,0.1103,0.0236,0.558576251191415
2026-06-07 00:30:00+00:00,25.8975,74.875,39.975,28.5,85,997.7,0.0,-3.450755101897363,-5.743020914704153,0.0035087719298245,1.0,6.123233995736766e-17,1.2246467991473532e-16,-1.0,55.91,229.5,0.1103,0.0236,4.742556935161953
2026-06-07 01:30:00+00:00,24.4375,72.07499999999999,35.475,29.4,81,998.1,0.0,-4.469965626587221,-1.452379873562253,0.003125,0.9659258262890684,-0.2588190451025206,1.2246467991473532e-16,-1.0,55.91,229.5,0.1103,0.0236,1.4835624708070578
2026-06-07 02:30:00+00:00,26.93,66.025,31.725,31.0,71,998.5,0.0,-4.167950222753984,-4.316038802031907,0.0015748031496062,0.8660254037844387,-0.4999999999999998,1.2246467991473532e-16,-1.0,55.91,229.5,0.1103,0.0236,1.5693722561613788
2026-06-07 03:30:00+00:00,25.5525,69.7,34.975,31.5,70,997.9,1.4,-4.667902132486009,-1.791839747726502,0.0014705882352941,0.7071067811865476,-0.7071067811865475,1.2246467991473532e-16,-1.0,55.91,229.5,0.1103,0.0236,2.6995597472466653
2026-06-07 04:30:00+00:00,25.915,68.1,32.575,32.8,66,997.2,0.1,-3.1974091017491038,1.4235782507653,0.0013333333333333,0.4999999999999999,-0.8660254037844387,1.2246467991473532e-16,-1.0,55.91,229.5,0.1103,0.0236,2.89737986494269
2026-06-07 05:30:00+00:00,24.2475,69.275,29.975,34.2,54,997.2,0.0,-3.061616997868383e-16,2.5,0.0008,0.258819045102521,-0.9659258262890682,1.2246467991473532e-16,-1.0,55.91,229.5,0.1103,0.0236,1.6521843109050383
2026-06-07 06:30:00+00:00,25.3025,65.55,28.7,35.0,49,996.2,0.0,4.633233925779512,2.3607505986456445,0.0006872852233676,1.2246467991473532e-16,-1.0,1.2246467991473532e-16,-1.0,55.91,229.5,0.1103,0.0236,1.197188640521491
2026-06-07 07:30:00+00:00,25.4225,78.175,31.075000000000003,35.6,44,995.1,0.0,6.790680836331102,0.3558845024520213,0.0005847953216374,-0.2588190451025208,-0.9659258262890684,1.2246467991473532e-16,-1.0,55.91,229.5,0.1103,0.0236,0.675046931142218
2026-06-07 08:30:00+00:00,26.5175,72.875,28.8,35.8,42,994.4,0.0,6.651075942613836,-3.243946486239173,0.0005780346820809,-0.4999999999999998,-0.8660254037844388,1.2246467991473532e-16,-1.0,55.91,229.5,0.1103,0.0236,1.9362614836404295
2026-06-07 09:30:00+00:00,25.92333333333333,70.03333333333335,27.866666666666664,35.6,42,993.8,0.0,7.038951541088107,-3.5865249479424186,0.0005681818181818,-0.7071067811865471,-0.7071067811865479,1.2246467991473532e-16,-1.0,55.91,229.5,0.1103,0.0236,4.966677838216372
2026-06-07 10:30:00+00:00,26.56,93.6,27.2,35.1,44,993.3,0.0,5.256938492711371,-2.678543948463325,0.0005763688760806,-0.8660254037844384,-0.5000000000000004,1.2246467991473532e-16,-1.0,55.91,229.5,0.1103,0.0236,0.26118199990638247
2026-06-07 11:30:00+00:00,25.78,111.25,29.6,34.8,52,992.9,0.0,7.232034065620941,2.921931428644116,0.0051282051282051,-0.9659258262890684,-0.2588190451025206,1.2246467991473532e-16,-1.0,55.91,229.5,0.1103,0.0236,2.0774131545436267
2026-06-07 12:30:00+00:00,26.8925,103.125,29.9,33.4,55,993.3,0.0,7.698827252704213,-0.1343835295670801,0.0076923076923076,-1.0,-1.8369701987210292e-16,1.2246467991473532e-16,-1.0,55.91,229.5,0.1103,0.0236,1.516907132235784
2026-06-07 13:30:00+00:00,25.85,108.275,30.2,32.1,64,994.2,0.0,3.1146784891844432,-2.3470785902929867,0.025,-0.9659258262890684,0.2588190451025203,1.2246467991473532e-16,-1.0,55.91,229.5,0.1103,0.0236,4.96057805046335
2026-06-07 14:30:00+00:00,25.3125,102.26666666666668,30.8,31.2,69,994.8,0.0,-3.114678489184442,-2.347078590292988,0.0285714285714285,-0.8660254037844386,0.5000000000000001,1.2246467991473532e-16,-1.0,55.91,229.5,0.1103,0.0236,0.1602728391642977
2026-06-07 15:30:00+00:00,25.4275,96.75,29.425,30.6,75,995.3,0.0,-4.3748599749577055,-1.4214781741247582,0.0222222222222222,-0.7071067811865477,0.7071067811865474,1.2246467991473532e-16,-1.0,55.91,229.5,0.1103,0.0236,1.5334759959874615
2026-06-07 16:30:00+00:00,25.8375,364.85,32.075,30.4,75,995.9,0.0,-4.852313536833695,0.6819481947043203,0.0222222222222222,-0.5000000000000004,0.8660254037844384,1.2246467991473532e-16,-1.0,55.91,229.5,0.1103,0.0236,2.347204621556802
2026-06-07 17:30:00+00:00,26.936666666666667,140.9,30.0,30.8,76,995.3,0.0,-3.4184661971960133,3.078000789250748,0.0222222222222222,-0.2588190451025215,0.965925826289068,1.2246467991473532e-16,-1.0,55.91,229.5,0.1103,0.0236,4.777602275734761
2026-06-07 18:30:00+00:00,26.406111111111112,125.575,30.3,30.4,80,994.8,0.0,-2.737137537862674,1.4553618446362606,0.0333333333333333,0.0,1.0,1.2246467991473532e-16,-1.0,55.91,229.5,0.1103,0.0236,2.5681554156031083
2026-06-07 19:30:00+00:00,25.87555555555555,110.25,30.6,30.1,82,994.4,0.0,-1.441681763465924,-0.9008627491964484,0.05,0.2588190451025207,0.9659258262890684,1.2246467991473532e-16,-1.0,55.91,229.5,0.1103,0.0236,1.729063133738712
2026-06-07 20:30:00+00:00,25.345,94.925,30.9,29.8,83,994.0,0.0,-0.8571673007021123,0.5150380749100543,0.05,0.4999999999999999,0.8660254037844387,1.2246467991473532e-16,-1.0,55.91,229.5,0.1103,0.0236,3.3848971553733675
2026-06-07 21:30:00+00:00,23.995,89.875,28.9,29.4,84,993.8,0.0,-1.0815799573111142,1.8000513314744355,0.0333333333333333,0.7071067811865475,0.7071067811865476,1.2246467991473532e-16,-1.0,55.91,229.5,0.1103,0.0236,1.760714021333436
2026-06-07 22:30:00+00:00,24.5425,109.225,28.225,29.1,85,994.0,0.0,-2.006491028788965,1.806652637168917,0.0285714285714285,0.8660254037844386,0.5000000000000001,1.2246467991473532e-16,-1.0,55.91,229.5,0.1103,0.0236,2.1965672022151557
2026-06-07 23:30:00+00:00,25.35,118.025,33.075,29.2,81,994.0,0.0,-8.327598234202001e-16,6.8,0.0153846153846153,0.9659258262890684,0.2588190451025207,1.2246467991473532e-16,-1.0,55.91,229.5,0.1103,0.0236,4.523293847027102
2026-06-08 00:30:00+00:00,23.7175,148.1,30.7,30.1,79,994.4,0.0,-0.3355157420824481,-0.497422543533025,0.0125,1.0,6.123233995736766e-17,1.2246467991473532e-16,-1.0,55.91,229.5,0.1103,0.0236,1.4299718623087547
2026-06-08 01:30:00+00:00,25.315,143.22500000000002,28.9,31.4,75,994.9,0.0,-1.2465121550819636,-1.4339482024232668,0.005,0.9659258262890684,-0.2588190451025206,1.2246467991473532e-16,-1.0,55.91,229.5,0.1103,0.0236,0.5108782142199353
2026-06-08 02:30:00+00:00,25.9375,122.9,29.025,33.1,67,995.0,0.0,1.437543918085127,1.083267041673687,0.0033898305084745,0.8660254037844387,-0.4999999999999998,1.2246467991473532e-16,-1.0,55.91,229.5,0.1103,0.0236,2.5475933053746496
2026-06-08 03:30:00+00:00,25.625,125.85,31.775,35.0,58,995.0,0.0,2.720010865099399,2.20262136867443,0.0014925373134328,0.7071067811865476,-0.7071067811865475,1.2246467991473532e-16,-1.0,55.91,229.5,0.1103,0.0236,1.4810563972128488
2026-06-08 04:30:00+00:00,24.37,137.35,29.4,36.6,48,994.7,0.0,4.294469961887127,1.648492567908383,0.0006006006006006,0.4999999999999999,-0.8660254037844387,1.2246467991473532e-16,-1.0,55.91,229.5,0.1103,0.0236,0.9230104672390244
2026-06-08 05:30:00+00:00,25.6175,125.375,29.3,38.1,38,994.1,0.0,8.987665812791164,-0.4710236061864955,0.0004415011037527,0.258819045102521,-0.9659258262890682,1.2246467991473532e-16,-1.0,55.91,229.5,0.1103,0.0236,2.3119986628886577
2026-06-08 06:30:00+00:00,26.08,116.85,31.5,38.3,35,992.9,0.0,12.20831766518826,-1.4989929238833166,0.0004291845493562,1.2246467991473532e-16,-1.0,1.2246467991473532e-16,-1.0,55.91,229.5,0.1103,0.0236,3.7494100658962894
2026-06-08 07:30:00+00:00,26.47,619.5,30.0,38.0,33,992.3,0.1,17.59731943475249,0.3071623532961895,0.0004347826086956,-0.2588190451025208,-0.9659258262890684,1.2246467991473532e-16,-1.0,55.91,229.5,0.1103,0.0236,0.40660492446662033
2026-06-08 08:30:00+00:00,28.67,684.3,28.45,37.9,34,992.0,0.0,8.349884429996862,-7.006384945583278,0.00041928721174,-0.4999999999999998,-0.8660254037844388,1.2246467991473532e-16,-1.0,55.91,229.5,0.1103,0.0236,4.045923946316757
2026-06-08 09:30:00+00:00,27.405,172.14999999999998,32.2,36.6,45,991.3,0.0,-1.45276959916655,-2.8512208774027776,0.003125,-0.7071067811865471,-0.7071067811865479,1.2246467991473532e-16,-1.0,55.91,229.5,0.1103,0.0236,4.285788953659195
2026-06-08 10:30:00+00:00,25.31,154.825,31.275,35.8,54,991.1,0.0,-3.405867957774029,-1.4457051754103136,0.0105263157894736,-0.8660254037844384,-0.5000000000000004,1.2246467991473532e-16,-1.0,55.91,229.5,0.1103,0.0236,1.9367984605903548
2026-06-08 11:30:00+00:00,26.24,189.225,29.4,35.4,56,990.8,0.0,-6.333405421104029,-1.462181853235122,0.0105263157894736,-0.9659258262890684,-0.2588190451025206,1.2246467991473532e-16,-1.0,55.91,229.5,0.1103,0.0236,3.7456659747092114
2026-06-08 12:30:00+00:00,25.715,146.175,30.675,33.3,68,991.3,0.0,-3.994917265619464,0.9222993228098456,0.025,-1.0,-1.8369701987210292e-16,1.2246467991473532e-16,-1.0,55.91,229.5,0.1103,0.0236,2.0023756093916467
2026-06-08 13:30:00+00:00,27.28,165.475,28.45,32.5,73,992.3,0.0,-4.497258721585931,0.1570477351612533,0.0222222222222222,-0.9659258262890684,0.2588190451025203,1.2246467991473532e-16,-1.0,55.91,229.5,0.1103,0.0236,2.830860343442574
2026-06-08 14:30:00+00:00,25.0,157.73333333333335,38.6,32.2,71,993.3,0.0,-4.325677631722435,1.2403681011764958,0.0222222222222222,-0.8660254037844386,0.5000000000000001,1.2246467991473532e-16,-1.0,55.91,229.5,0.1103,0.0236,1.5303280923224998
2026-06-08 15:30:00+00:00,24.105,144.1,37.1,31.8,71,993.8,0.0,-4.852313536833695,0.6819481947043203,0.02,-0.7071067811865477,0.7071067811865474,1.2246467991473532e-16,-1.0,55.91,229.5,0.1103,0.0236,2.3047042927909733
2026-06-08 16:30:00+00:00,25.5225,174.8,35.3,31.0,73,994.1,0.0,-4.71280049259058,2.1976149610516367,0.0181818181818181,-0.5000000000000004,0.8660254037844384,1.2246467991473532e-16,-1.0,55.91,229.5,0.1103,0.0236,2.017365416562879
2026-06-08 17:30:00+00:00,24.486666666666665,96.8,35.0,31.0,74,993.6,0.0,-5.553909369275841,1.2822210097600295,0.0166666666666666,-0.2588190451025215,0.965925826289068,1.2246467991473532e-16,-1.0,55.91,229.5,0.1103,0.0236,4.614990872614703
2026-06-08 18:30:00+00:00,25.94833333333333,90.15,33.7,30.1,76,993.3,0.0,-3.473291852294986,3.5966990016932563,0.0181818181818181,0.0,1.0,1.2246467991473532e-16,-1.0,55.91,229.5,0.1103,0.0236,0.24812443881205293
2026-06-08 19:30:00+00:00,27.41,83.5,32.4,29.7,75,992.8,0.0,-3.5670951622914924,3.2118269105225195,0.0181818181818181,0.2588190451025207,0.9659258262890684,1.2246467991473532e-16,-1.0,55.91,229.5,0.1103,0.0236,0.07707147869934483
2026-06-08 20:30:00+00:00,25.5225,85.825,29.6,29.5,75,992.4,0.0,-4.457269963650984,2.6781979895322823,0.0153846153846153,0.4999999999999999,0.8660254037844387,1.2246467991473532e-16,-1.0,55.91,229.5,0.1103,0.0236,2.788546540115675
2026-06-08 21:30:00+00:00,24.12,62.85,27.6,29.3,75,992.6,0.0,-4.6796222421523135,2.4881992827652195,0.0142857142857142,0.7071067811865475,0.7071067811865476,1.2246467991473532e-16,-1.0,55.91,229.5,0.1103,0.0236,3.9488101404074283
2026-06-08 22:30:00+00:00,25.41,70.85,27.1,28.7,78,993.1,0.0,-9.01067248717891,-6.3093407998615065,0.006060606060606,0.8660254037844386,0.5000000000000001,1.2246467991473532e-16,-1.0,55.91,229.5,0.1103,0.0236,3.950032526545943
2026-06-08 23:30:00+00:00,26.16,85.65,26.2,28.2,83,992.8,0.0,-6.357222668584273,-3.380195252058414,0.0153846153846153,0.9659258262890684,0.2588190451025207,1.2246467991473532e-16,-1.0,55.91,229.5,0.1103,0.0236,0.47607780552626155
2026-06-09 00:30:00+00:00,24.54,74.375,26.525,28.8,83,993.5,0.0,-5.611233446141406,-1.82320026681219,0.0105263157894736,1.0,6.123233995736766e-17,1.2246467991473532e-16,-1.0,55.91,229.5,0.1103,0.0236,1.3004816006573443
2026-06-09 01:30:00+00:00,25.6175,72.375,30.325,30.5,74,994.0,0.0,-6.302769619278132,1.111348337068354,0.0055555555555555,0.9659258262890684,-0.2588190451025206,1.2246467991473532e-16,-1.0,55.91,229.5,0.1103,0.0236,3.567500822438099
2026-06-09 02:30:00+00:00,24.83,118.9,32.8,32.5,64,994.5,0.0,-2.894873798829253,3.574871422702065,0.0032786885245901,0.8660254037844387,-0.4999999999999998,1.2246467991473532e-16,-1.0,55.91,229.5,0.1103,0.0236,4.144017681304965
2026-06-09 03:30:00+00:00,26.08,119.8,31.2,34.2,57,994.8,0.0,-0.9371670097777988,3.268289766190283,0.002127659574468,0.7071067811865476,-0.7071067811865475,1.2246467991473532e-16,-1.0,55.91,229.5,0.1103,0.0236,0.8524080735319634
2026-06-09 04:30:00+00:00,25.73,94.7,29.1,35.8,50,994.4,0.0,-1.034774849981778,4.482102298012082,0.001010101010101,0.4999999999999999,-0.8660254037844387,1.2246467991473532e-16,-1.0,55.91,229.5,0.1103,0.0236,4.91013888237662
2026-06-09 05:30:00+00:00,25.5475,96.95,27.8,37.5,41,993.8,0.0,5.743020914704151,3.4507551018973643,0.0004683840749414,0.258819045102521,-0.9659258262890682,1.2246467991473532e-16,-1.0,55.91,229.5,0.1103,0.0236,4.18636003702921
2026-06-09 06:30:00+00:00,25.335,107.175,27.925,37.7,38,993.0,0.1,6.064515124549595,1.2890524830701109,0.0004545454545454,1.2246467991473532e-16,-1.0,1.2246467991473532e-16,-1.0,55.91,229.5,0.1103,0.0236,4.480507820364847
2026-06-09 07:30:00+00:00,25.21333333333333,124.2,32.9,36.9,38,992.2,0.6,10.091075553270365,-2.515987714236541,0.0006802721088435,-0.2588190451025208,-0.9659258262890684,1.2246467991473532e-16,-1.0,55.91,229.5,0.1103,0.0236,1.6755543574664278
2026-06-09 08:30:00+00:00,26.625,107.5,33.2,37.9,33,991.6,0.1,7.015464466453694,-1.6196475912758277,0.0004484304932735,-0.4999999999999998,-0.8660254037844388,1.2246467991473532e-16,-1.0,55.91,229.5,0.1103,0.0236,3.5359105549430443
2026-06-09 09:30:00+00:00,26.195,108.1,33.375,37.2,36,991.2,0.1,4.8880638462731385,0.3418067213462153,0.0004366812227074,-0.7071067811865471,-0.7071067811865479,1.2246467991473532e-16,-1.0,55.91,229.5,0.1103,0.0236,4.068664637761126
2026-06-09 10:30:00+00:00,25.4875,113.975,30.825,36.5,41,990.8,0.0,2.702588247589344,4.325045290397773,0.0046511627906976,-0.8660254037844384,-0.5000000000000004,1.2246467991473532e-16,-1.0,55.91,229.5,0.1103,0.0236,3.350323961573288
2026-06-09 11:30:00+00:00,24.74,110.075,34.6,35.8,52,989.8,0.0,3.100000000000001,5.36935750346352,0.0111111111111111,-0.9659258262890684,-0.2588190451025206,1.2246467991473532e-16,-1.0,55.91,229.5,0.1103,0.0236,3.6851799420309224
2026-06-09 12:30:00+00:00,25.3825,124.9,34.3,34.0,62,990.5,0.0,0.3434561916777805,1.7669289302057951,0.05,-1.0,-1.8369701987210292e-16,1.2246467991473532e-16,-1.0,55.91,229.5,0.1103,0.0236,2.1410807107776235
2026-06-09 13:30:00+00:00,26.885,121.425,35.575,32.5,64,991.4,0.0,-1.4910956940859574,-4.87715425541148,0.025,-0.9659258262890684,0.2588190451025203,1.2246467991473532e-16,-1.0,55.91,229.5,0.1103,0.0236,1.3515207164461636
2026-06-09 14:30:00+00:00,24.8025,106.95,32.975,31.9,70,992.2,0.0,-7.341093074996865,-3.423207920099665,0.0105263157894736,-0.8660254037844386,0.5000000000000001,1.2246467991473532e-16,-1.0,55.91,229.5,0.1103,0.0236,1.3192120267029268
2026-06-09 15:30:00+00:00,26.8775,95.575,30.4,30.9,73,993.2,0.0,-9.355673653615977,1.649657687835838,0.009090909090909,-0.7071067811865477,0.7071067811865474,1.2246467991473532e-16,-1.0,55.91,229.5,0.1103,0.0236,4.082522854529042
2026-06-09 16:30:00+00:00,25.4,88.53333333333335,30.166666666666668,30.2,74,993.4,0.0,-8.069177054543138,-0.7059615162560309,0.0125,-0.5000000000000004,0.8660254037844384,1.2246467991473532e-16,-1.0,55.91,229.5,0.1103,0.0236,3.0711458509478766
2026-06-09 17:30:00+00:00,25.19666666666667,80.7,29.8,29.9,75,993.2,0.0,-7.185941174554808,2.474317973874389,0.0133333333333333,-0.2588190451025215,0.965925826289068,1.2246467991473532e-16,-1.0,55.91,229.5,0.1103,0.0236,3.177565266811765
2026-06-09 18:30:00+00:00,22.9,78.6,29.1,29.2,80,993.0,0.0,-5.040599536364313,-1.6377900701872214,0.0181818181818181,0.0,1.0,1.2246467991473532e-16,-1.0,55.91,229.5,0.1103,0.0236,4.167155072407053
2026-06-09 19:30:00+00:00,26.0025,76.325,38.275,28.6,81,992.6,0.0,-7.2504622962932,-3.3809460939255955,0.0142857142857142,0.2588190451025207,0.9659258262890684,1.2246467991473532e-16,-1.0,55.91,229.5,0.1103,0.0236,4.943707579243914
2026-06-09 20:30:00+00:00,25.0,79.675,33.8,28.0,81,992.0,0.0,-7.60520022258256,1.204545380809779,0.0111111111111111,0.4999999999999999,0.8660254037844387,1.2246467991473532e-16,-1.0,55.91,229.5,0.1103,0.0236,1.191830848060624
2026-06-09 21:30:00+00:00,25.1525,72.875,31.5,27.7,83,992.2,0.0,-7.95642495546317,-1.9837595439172768,0.008,0.7071067811865475,0.7071067811865476,1.2246467991473532e-16,-1.0,55.91,229.5,0.1103,0.0236,1.7755495441555114
2026-06-09 22:30:00+00:00,25.8225,67.1,30.1,27.3,88,993.0,0.0,-9.514557037793445,-5.716922631501602,0.0051282051282051,0.8660254037844386,0.5000000000000001,1.2246467991473532e-16,-1.0,55.91,229.5,0.1103,0.0236,4.689872355307733
2026-06-09 23:30:00+00:00,26.0025,64.57499999999999,30.7,28.1,87,993.2,0.0,-7.727366045797065,-1.6425023574602995,0.0052631578947368,0.9659258262890684,0.2588190451025207,1.2246467991473532e-16,-1.0,55.91,229.5,0.1103,0.0236,2.192659006470161
2026-06-10 00:30:00+00:00,24.130000000000003,59.225,29.4,28.8,82,994.2,0.0,-9.704627073667387,-1.3638963894086438,0.0037735849056603,1.0,6.123233995736766e-17,1.2246467991473532e-16,-1.0,55.91,229.5,0.1103,0.0236,2.5724299104346278
2026-06-10 01:30:00+00:00,24.665,64.0,29.875,29.9,77,995.0,0.0,-10.793420931806237,-0.3769145643870117,0.0025316455696202,0.9659258262890684,-0.2588190451025206,1.2246467991473532e-16,-1.0,55.91,229.5,0.1103,0.0236,2.156531462278722
2026-06-10 02:30:00+00:00,25.675,64.125,28.35,31.1,73,995.3,0.0,-9.364230162062409,-0.8192639818279865,0.0018018018018018,0.8660254037844387,-0.4999999999999998,1.2246467991473532e-16,-1.0,55.91,229.5,0.1103,0.0236,3.045226838566548
2026-06-10 03:30:00+00:00,24.156666666666663,68.5,33.8,32.3,69,995.4,0.0,-8.635631963856369,-2.153104870837044,0.0014388489208633,0.7071067811865476,-0.7071067811865475,1.2246467991473532e-16,-1.0,55.91,229.5,0.1103,0.0236,2.223875698000544
2026-06-10 04:30:00+00:00,24.1025,72.45,33.787499999999994,33.5,64,995.0,0.0,-9.329933825428428,-1.1455718280083864,0.0012738853503184,0.4999999999999999,-0.8660254037844387,1.2246467991473532e-16,-1.0,55.91,229.5,0.1103,0.0236,2.051798943079495
2026-06-10 05:30:00+00:00,24.04833333333333,76.4,33.775,34.6,57,995.4,0.0,-10.04467114321956,-1.0557374790032998,0.0009708737864077,0.258819045102521,-0.9659258262890682,1.2246467991473532e-16,-1.0,55.91,229.5,0.1103,0.0236,3.8099380704140025
2026-06-10 06:30:00+00:00,23.994166666666665,80.35,33.7625,35.2,54,994.5,0.0,-7.697523511803359,-1.7771133293165329,0.0008130081300813,1.2246467991473532e-16,-1.0,1.2246467991473532e-16,-1.0,55.91,229.5,0.1103,0.0236,1.1137836918570536
2026-06-10 07:30:00+00:00,23.94,84.3,33.75,35.7,51,993.8,0.0,-5.57531783644225,-1.598696663738595,0.0007117437722419,-0.2588190451025208,-0.9659258262890684,1.2246467991473532e-16,-1.0,55.91,229.5,0.1103,0.0236,0.47964247333115495
2026-06-10 08:30:00+00:00,25.56,82.975,30.8,35.7,51,992.7,0.0,-5.611233446141406,-1.82320026681219,0.0007194244604316,-0.4999999999999998,-0.8660254037844388,1.2246467991473532e-16,-1.0,55.91,229.5,0.1103,0.0236,2.5102147199010676
2026-06-10 09:30:00+00:00,25.9525,80.875,29.7,35.6,51,992.5,0.0,-3.7630186612179672,0.5288577836482483,0.0007142857142857,-0.7071067811865471,-0.7071067811865479,1.2246467991473532e-16,-1.0,55.91,229.5,0.1103,0.0236,2.786409969225434
2026-06-10 10:30:00+00:00,24.913333333333338,76.3,28.100000000000005,35.4,52,992.2,0.0,-3.252691193458118,-3.2526911934581184,0.0007194244604316,-0.8660254037844384,-0.5000000000000004,1.2246467991473532e-16,-1.0,55.91,229.5,0.1103,0.0236,4.166222741397964
2026-06-10 11:30:00+00:00,23.59,81.6,27.7,34.5,56,991.8,0.3,-8.268905225952334,-4.033014550459512,0.0021505376344086,-0.9659258262890684,-0.2588190451025206,1.2246467991473532e-16,-1.0,55.91,229.5,0.1103,0.0236,2.086338643144123
2026-06-10 12:30:00+00:00,25.8,79.525,28.8,32.8,65,992.3,0.0,-6.855693556378481,-5.356254835333226,0.0044444444444444,-1.0,-1.8369701987210292e-16,1.2246467991473532e-16,-1.0,55.91,229.5,0.1103,0.0236,0.7902900253751782
2026-06-10 13:30:00+00:00,23.635,87.2,28.575000000000003,31.8,68,993.8,0.0,-7.396153886183166,-6.429378484106972,0.0046511627906976,-0.9659258262890684,0.2588190451025203,1.2246467991473532e-16,-1.0,55.91,229.5,0.1103,0.0236,0.648543162713483
2026-06-10 14:30:00+00:00,24.846666666666668,85.7,27.399999999999995,31.4,68,994.4,0.0,-11.412678195541842,-3.7082039324993694,0.0028571428571428,-0.8660254037844386,0.5000000000000001,1.2246467991473532e-16,-1.0,55.91,229.5,0.1103,0.0236,1.3096440910113034
2026-06-10 15:30:00+00:00,27.9625,89.5,27.9,31.1,70,995.2,0.0,-12.98218395180946,0.680367431158267,0.0026666666666666,-0.7071067811865477,0.7071067811865474,1.2246467991473532e-16,-1.0,55.91,229.5,0.1103,0.0236,2.4439193678398152
2026-06-10 16:30:00+00:00,24.6425,90.575,27.9,30.7,70,995.7,0.0,-13.997867732189478,0.2443336901219686,0.0021505376344086,-0.5000000000000004,0.8660254037844384,1.2246467991473532e-16,-1.0,55.91,229.5,0.1103,0.0236,0.8035092045695436
2026-06-10 17:30:00+00:00,24.33333333333333,85.90000000000002,28.8,30.1,74,995.4,0.0,-13.69791342364256,-0.2390979681907822,0.0021739130434782,-0.2588190451025215,0.965925826289068,1.2246467991473532e-16,-1.0,55.91,229.5,0.1103,0.0236,3.0404752262101225
2026-06-10 18:30:00+00:00,27.93,86.8,28.0,29.6,78,994.9,0.0,-12.6,-7.715274834628325e-16,0.0024390243902439,0.0,1.0,1.2246467991473532e-16,-1.0,55.91,229.5,0.1103,0.0236,1.3547170032189726
2026-06-10 19:30:00+00:00,24.88,82.3,27.5,29.2,80,994.5,0.0,-13.891532495565432,-0.485103004164765,0.0024096385542168,0.2588190451025207,0.9659258262890684,1.2246467991473532e-16,-1.0,55.91,229.5,0.1103,0.0236,2.387566759030644
2026-06-10 20:30:00+00:00,27.0275,78.475,26.6,28.8,82,994.2,0.0,-14.36492232374147,-1.0044932219154066,0.0022988505747126,0.4999999999999999,0.8660254037844387,1.2246467991473532e-16,-1.0,55.91,229.5,0.1103,0.0236,0.6659953455791123
2026-06-10 21:30:00+00:00,28.383333333333336,73.06666666666666,26.33333333333333,28.4,84,994.4,0.0,-14.233594159991128,-2.766730432959901,0.002,0.7071067811865475,0.7071067811865476,1.2246467991473532e-16,-1.0,55.91,229.5,0.1103,0.0236,1.9564111045299097
2026-06-10 22:30:00+00:00,24.0775,69.6,27.4,27.6,86,995.1,0.0,-16.35805164264484,-7.978354871561209,0.0017699115044247,0.8660254037844386,0.5000000000000001,1.2246467991473532e-16,-1.0,55.91,229.5,0.1103,0.0236,1.94552470801538
2026-06-10 23:30:00+00:00,25.045,70.85000000000001,26.6,26.4,84,995.8,0.0,-2.847009496127728,-10.62518408917975,0.0028169014084507,0.9659258262890684,0.2588190451025207,1.2246467991473532e-16,-1.0,55.91,229.5,0.1103,0.0236,3.165289537989918
2026-06-11 00:30:00+00:00,23.73,62.3,25.8,25.2,83,997.4,0.0,-3.3057958840023733,-15.552546851667511,0.0023809523809523,1.0,6.123233995736766e-17,1.2246467991473532e-16,-1.0,55.91,229.5,0.1103,0.0236,1.674387543350806
2026-06-11 01:30:00+00:00,24.73333333333333,103.5,26.0,24.4,89,998.5,0.4,-12.652419038011647,-11.798571629081223,0.0029850746268656,0.9659258262890684,-0.2588190451025206,1.2246467991473532e-16,-1.0,55.91,229.5,0.1103,0.0236,0.8993681789685665
2026-06-11 02:30:00+00:00,25.52166666666667,78.7,25.95,25.7,87,998.3,0.1,-13.098004806548726,-0.2286265243284122,0.0029411764705882,0.8660254037844387,-0.4999999999999998,1.2246467991473532e-16,-1.0,55.91,229.5,0.1103,0.0236,0.3449016896722257
2026-06-11 03:30:00+00:00,26.31,53.9,25.9,28.0,78,998.4,0.0,-12.466665229785333,-2.42327424128212,0.0025641025641025,0.7071067811865476,-0.7071067811865475,1.2246467991473532e-16,-1.0,55.91,229.5,0.1103,0.0236,2.5140792122035505
2026-06-11 04:30:00+00:00,25.26,38.1,25.125,29.5,74,998.3,0.0,-14.590428429127432,-1.791479348055668,0.002,0.4999999999999999,-0.8660254037844387,1.2246467991473532e-16,-1.0,55.91,229.5,0.1103,0.0236,3.2925542988389047
2026-06-11 05:30:00+00:00,24.04,37.075,29.1,28.6,72,998.7,0.0,-10.293725518296688,-0.3594648160357611,0.0018348623853211,0.258819045102521,-0.9659258262890682,1.2246467991473532e-16,-1.0,55.91,229.5,0.1103,0.0236,3.8527914356526933
2026-06-11 06:30:00+00:00,25.256666666666664,33.166666666666664,27.7,28.5,72,998.2,0.0,-9.364230162062409,0.8192639818279874,0.0016528925619834,1.2246467991473532e-16,-1.0,1.2246467991473532e-16,-1.0,55.91,229.5,0.1103,0.0236,3.1072985025170965
2026-06-11 07:30:00+00:00,23.0575,37.35,27.2,29.1,70,997.3,0.0,-6.311611389356035,1.929653251170062,0.0018691588785046,-0.2588190451025208,-0.9659258262890684,1.2246467991473532e-16,-1.0,55.91,229.5,0.1103,0.0236,1.8136539515073868
2026-06-11 08:30:00+00:00,24.885,29.025,26.6,30.5,64,996.9,0.0,-4.633233925779513,2.360750598645643,0.001639344262295,-0.4999999999999998,-0.8660254037844388,1.2246467991473532e-16,-1.0,55.91,229.5,0.1103,0.0236,1.6037781307933452
2026-06-11 09:30:00+00:00,23.055,32.0,26.325,30.6,63,996.3,0.0,-4.097502390778292,0.143087936480253,0.0016666666666666,-0.7071067811865471,-0.7071067811865479,1.2246467991473532e-16,-1.0,55.91,229.5,0.1103,0.0236,4.931282623043803
2026-06-11 10:30:00+00:00,24.855,33.6,30.0,30.8,62,995.9,0.0,-3.4,-2.0818995585505003e-16,0.0018691588785046,-0.8660254037844384,-0.5000000000000004,1.2246467991473532e-16,-1.0,55.91,229.5,0.1103,0.0236,4.180091719179135
2026-06-11 11:30:00+00:00,26.355,43.3,33.275,30.3,66,995.6,0.0,-3.964183272437243,2.880147736233118,0.0015037593984962,-0.9659258262890684,-0.2588190451025206,1.2246467991473532e-16,-1.0,55.91,229.5,0.1103,0.0236,3.7272449103465046
2026-06-11 12:30:00+00:00,26.53,43.7,30.575000000000003,29.9,71,996.3,0.0,1.054974046921039,2.485363104321589,0.0333333333333333,-1.0,-1.8369701987210292e-16,1.2246467991473532e-16,-1.0,55.91,229.5,0.1103,0.0236,4.2885958501621
2026-06-11 13:30:00+00:00,23.9825,40.825,28.9,29.5,73,996.9,0.0,-3.939231012048832,0.6945927106677212,0.0285714285714285,-0.9659258262890684,0.2588190451025203,1.2246467991473532e-16,-1.0,55.91,229.5,0.1103,0.0236,2.8830218178737708
2026-06-11 14:30:00+00:00,24.59,45.05,27.8,29.2,75,997.6,0.0,-4.350277377775919,-2.0285676563553574,0.0153846153846153,-0.8660254037844386,0.5000000000000001,1.2246467991473532e-16,-1.0,55.91,229.5,0.1103,0.0236,4.32239813819203
2026-06-11 15:30:00+00:00,26.955,59.325,27.3,28.6,78,998.1,0.0,-4.6728711030257655,-3.92100441908789,0.0125,-0.7071067811865477,0.7071067811865474,1.2246467991473532e-16,-1.0,55.91,229.5,0.1103,0.0236,2.5505855504096155
2026-06-11 16:30:00+00:00,25.7675,66.57499999999999,27.2,28.2,78,998.5,0.0,-7.604759747124507,-5.525181371549247,0.0058823529411764,-0.5000000000000004,0.8660254037844384,1.2246467991473532e-16,-1.0,55.91,229.5,0.1103,0.0236,0.5108930838016218
2026-06-11 17:30:00+00:00,25.42333333333333,61.0,26.100000000000005,27.8,81,998.6,0.0,-8.428662419440846,-3.930349834188505,0.0048780487804878,-0.2588190451025215,0.965925826289068,1.2246467991473532e-16,-1.0,55.91,229.5,0.1103,0.0236,2.4437423376455576
2026-06-11 18:30:00+00:00,27.77,54.3,26.5,27.3,82,998.3,0.0,-8.869014051723417,-3.4044955206803538,0.0046511627906976,0.0,1.0,1.2246467991473532e-16,-1.0,55.91,229.5,0.1103,0.0236,2.1603904427403187
2026-06-11 19:30:00+00:00,24.942500000000003,51.6,25.5,27.0,83,998.1,0.0,-9.927945043792826,-3.418465621800146,0.0044444444444444,0.2588190451025207,0.9659258262890684,1.2246467991473532e-16,-1.0,55.91,229.5,0.1103,0.0236,2.922386975340639
2026-06-11 20:30:00+00:00,24.8025,49.875,26.2,26.7,84,998.3,0.0,-10.997504693574909,-3.362274604311473,0.0038461538461538,0.4999999999999999,0.8660254037844387,1.2246467991473532e-16,-1.0,55.91,229.5,0.1103,0.0236,2.525368124737763
2026-06-11 21:30:00+00:00,25.4275,45.175,26.1,26.4,85,998.4,0.0,-11.010381732073158,-2.5419469140856736,0.0034482758620689,0.7071067811865475,0.7071067811865476,1.2246467991473532e-16,-1.0,55.91,229.5,0.1103,0.0236,3.019818635136109
2026-06-11 22:30:00+00:00,25.0575,41.2,25.925,26.1,87,998.7,0.0,-11.352459997429158,-2.8304861785161144,0.003076923076923,0.8660254037844386,0.5000000000000001,1.2246467991473532e-16,-1.0,55.91,229.5,0.1103,0.0236,4.1544512952085135
2026-06-11 23:30:00+00:00,22.4425,40.875,31.475,26.5,86,999.2,0.0,-10.785062665736136,-5.029157314714324,0.0026315789473684,0.9659258262890684,0.2588190451025207,1.2246467991473532e-16,-1.0,55.91,229.5,0.1103,0.0236,0.06350583617024341
2026-06-12 00:30:00+00:00,26.31,36.5,29.8,27.1,84,999.2,0.0,-10.82953294736754,-4.157068214725484,0.0021739130434782,1.0,6.123233995736766e-17,1.2246467991473532e-16,-1.0,55.91,229.5,0.1103,0.0236,2.2158227149642755
2026-06-12 01:30:00+00:00,25.395,39.5,29.275,28.4,79,999.6,0.0,-14.556940610501083,2.0458445841129604,0.0016949152542372,0.9659258262890684,-0.2588190451025206,1.2246467991473532e-16,-1.0,55.91,229.5,0.1103,0.0236,0.9683912400188832
2026-06-12 02:30:00+00:00,26.17,36.925,27.525,29.8,70,999.9,0.0,-14.890923322584529,0.520002500867261,0.0013071895424836,0.8660254037844387,-0.4999999999999998,1.2246467991473532e-16,-1.0,55.91,229.5,0.1103,0.0236,1.3424547695090365
2026-06-12 03:30:00+00:00,25.31,42.025,34.775,31.0,64,1000.5,0.0,-13.54374390051477,3.126819655379721,0.0010362694300518,0.7071067811865476,-0.7071067811865475,1.2246467991473532e-16,-1.0,55.91,229.5,0.1103,0.0236,0.8129576526441323
2026-06-12 04:30:00+00:00,23.3525,42.925,30.975,32.2,58,1000.7,0.0,-12.959121861643627,2.991849022773402,0.0009049773755656,0.4999999999999999,-0.8660254037844387,1.2246467991473532e-16,-1.0,55.91,229.5,0.1103,0.0236,3.857146150871938
2026-06-12 05:30:00+00:00,25.84,44.625,34.575,33.0,54,1000.2,0.0,-12.180297245521317,1.711829141808804,0.00084388185654,0.258819045102521,-0.9659258262890682,1.2246467991473532e-16,-1.0,55.91,229.5,0.1103,0.0236,0.08164661427383868
2026-06-12 06:30:00+00:00,25.295,50.6,32.975,33.6,53,999.0,0.0,-11.655477967673422,1.0197221901476012,0.0008064516129032,1.2246467991473532e-16,-1.0,1.2246467991473532e-16,-1.0,55.91,229.5,0.1103,0.0236,1.805427243423428
2026-06-12 07:30:00+00:00,22.8275,54.6,31.0,34.0,52,997.9,0.0,-8.516305391177506,1.196888668256562,0.0007722007722007,-0.2588190451025208,-0.9659258262890684,1.2246467991473532e-16,-1.0,55.91,229.5,0.1103,0.0236,3.7395396912204153
2026-06-12 08:30:00+00:00,24.5325,57.175,30.5,34.4,50,997.5,0.0,-3.8000432526624177,0.8773091119410728,0.0006711409395973,-0.4999999999999998,-0.8660254037844388,1.2246467991473532e-16,-1.0,55.91,229.5,0.1103,0.0236,2.132707201765548
2026-06-12 09:30:00+00:00,24.915,52.225,28.625,34.3,49,996.8,0.0,-1.2727922061357857,-1.2727922061357857,0.0006514657980456,-0.7071067811865471,-0.7071067811865479,1.2246467991473532e-16,-1.0,55.91,229.5,0.1103,0.0236,0.8888148590756223
2026-06-12 10:30:00+00:00,26.065,55.8,29.3,33.8,51,996.2,0.0,-2.3284854468843985,-2.8754400573907923,0.0007518796992481,-0.8660254037844384,-0.5000000000000004,1.2246467991473532e-16,-1.0,55.91,229.5,0.1103,0.0236,3.333710210472473
2026-06-12 11:30:00+00:00,27.14,56.625,27.575000000000003,33.0,61,995.9,0.0,-6.001585568549987,-6.435912574248701,0.0020833333333333,-0.9659258262890684,-0.2588190451025206,1.2246467991473532e-16,-1.0,55.91,229.5,0.1103,0.0236,4.112891863003898
2026-06-12 12:30:00+00:00,27.095,64.9,26.5,31.0,70,996.5,0.0,-7.780173749140768,-8.056605763792893,0.0038461538461538,-1.0,-1.8369701987210292e-16,1.2246467991473532e-16,-1.0,55.91,229.5,0.1103,0.0236,3.598661519391675
2026-06-12 13:30:00+00:00,24.703333333333333,63.9,26.0,29.4,77,997.2,0.0,-7.88010753606722,-6.156614753256583,0.0054054054054054,-0.9659258262890684,0.2588190451025203,1.2246467991473532e-16,-1.0,55.91,229.5,0.1103,0.0236,3.7691442834022624
2026-06-12 14:30:00+00:00,23.28333333333333,62.79999999999999,25.600000000000005,28.8,79,998.4,0.0,-7.378018436560906,-4.610297598828883,0.0058823529411764,-0.8660254037844386,0.5000000000000001,1.2246467991473532e-16,-1.0,55.91,229.5,0.1103,0.0236,0.6480343594261245
2026-06-12 15:30:00+00:00,25.2225,60.0,24.8,28.2,80,999.1,0.0,-7.695625992904336,-3.10923472535207,0.0074074074074074,-0.7071067811865477,0.7071067811865474,1.2246467991473532e-16,-1.0,55.91,229.5,0.1103,0.0236,0.10422714546560019
2026-06-12 16:30:00+00:00,27.0775,62.7,25.2,27.9,80,999.5,0.0,-8.46864465176245,-3.59472638210132,0.00625,-0.5000000000000004,0.8660254037844384,1.2246467991473532e-16,-1.0,55.91,229.5,0.1103,0.0236,1.706880945202394
2026-06-12 17:30:00+00:00,25.71,62.79999999999999,25.2,28.8,77,998.5,0.0,-11.28439612036382,-3.449986115728294,0.0037037037037037,-0.2588190451025215,0.965925826289068,1.2246467991473532e-16,-1.0,55.91,229.5,0.1103,0.0236,1.5068350207374
2026-06-12 18:30:00+00:00,26.32,57.7,25.3,28.4,78,998.1,0.0,-10.46617932785172,-2.224655091750026,0.0035714285714285,0.0,1.0,1.2246467991473532e-16,-1.0,55.91,229.5,0.1103,0.0236,3.941974863674758
2026-06-12 19:30:00+00:00,25.65,56.0,24.7,28.2,79,997.7,0.0,-9.325458242752807,-1.8126854560771768,0.0040816326530612,0.2588190451025207,0.9659258262890684,1.2246467991473532e-16,-1.0,55.91,229.5,0.1103,0.0236,0.5425676761177589
2026-06-12 20:30:00+00:00,26.75,55.9,24.9,27.8,83,997.6,0.0,-9.228112281007862,-2.646118615843192,0.0042553191489361,0.4999999999999999,0.8660254037844387,1.2246467991473532e-16,-1.0,55.91,229.5,0.1103,0.0236,3.6586507169185483
2026-06-12 21:30:00+00:00,25.51,53.5,24.7,27.3,86,997.9,0.1,-3.408920000084799,-8.437373076557765,0.0044444444444444,0.7071067811865475,0.7071067811865476,1.2246467991473532e-16,-1.0,55.91,229.5,0.1103,0.0236,1.2580205513308225
2026-06-12 22:30:00+00:00,20.5325,38.625,18.375,26.2,92,998.5,0.8,-2.860140148359145,-5.613341102386718,0.0071428571428571,0.8660254037844386,0.5000000000000001,1.2246467991473532e-16,-1.0,55.91,229.5,0.1103,0.0236,0.6832739229835755
2026-06-12 23:30:00+00:00,27.1075,52.125,24.9,27.0,88,998.4,0.5,-6.439420747726916,-8.545399957506033,0.0044444444444444,0.9659258262890684,0.2588190451025207,1.2246467991473532e-16,-1.0,55.91,229.5,0.1103,0.0236,2.3170757373610518
2026-06-13 00:30:00+00:00,23.7075,56.8,24.9,27.5,86,998.6,0.1,-5.786826918823426,-3.758009341603687,0.005,1.0,6.123233995736766e-17,1.2246467991473532e-16,-1.0,55.91,229.5,0.1103,0.0236,2.930159397273428
2026-06-13 01:30:00+00:00,25.805,56.025,25.1,28.5,82,998.7,0.0,-6.978569960182205,-3.2541606154033857,0.0045454545454545,0.9659258262890684,-0.2588190451025206,1.2246467991473532e-16,-1.0,55.91,229.5,0.1103,0.0236,3.861743644243571
2026-06-13 02:30:00+00:00,25.7925,59.15,25.6,30.6,74,999.2,0.0,-7.034300023848027,-3.1318721516836616,0.003125,0.8660254037844387,-0.4999999999999998,1.2246467991473532e-16,-1.0,55.91,229.5,0.1103,0.0236,2.4289816460959934
2026-06-13 03:30:00+00:00,25.955,65.05,25.725,32.5,66,999.2,0.0,-6.675064847444115,-1.2975011685605051,0.0017857142857142,0.7071067811865476,-0.7071067811865475,1.2246467991473532e-16,-1.0,55.91,229.5,0.1103,0.0236,4.788171295106462
2026-06-13 04:30:00+00:00,25.0825,70.35,26.2,33.8,60,999.0,0.0,-6.862201078041086,-0.7212463965468089,0.0010752688172043,0.4999999999999999,-0.8660254037844387,1.2246467991473532e-16,-1.0,55.91,229.5,0.1103,0.0236,3.0807540447905337
2026-06-13 05:30:00+00:00,24.995,79.15,25.325,35.0,54,998.2,0.0,-6.695040511304376,-1.6692610796377083,0.0006825938566552,0.258819045102521,-0.9659258262890682,1.2246467991473532e-16,-1.0,55.91,229.5,0.1103,0.0236,2.2133752273492266
2026-06-13 06:30:00+00:00,25.385,73.525,35.425,35.2,54,997.3,0.0,-3.4235166025683195,-0.7276909178621581,0.0006451612903225,1.2246467991473532e-16,-1.0,1.2246467991473532e-16,-1.0,55.91,229.5,0.1103,0.0236,0.02878995497376413
2026-06-13 07:30:00+00:00,26.61,76.05,36.275,35.5,52,996.2,0.0,-1.969615506024416,0.3472963553338606,0.0006269592476489,-0.2588190451025208,-0.9659258262890684,1.2246467991473532e-16,-1.0,55.91,229.5,0.1103,0.0236,2.226205438879622
2026-06-13 08:30:00+00:00,25.16,70.8,33.2,35.7,49,995.5,0.0,-1.2135254915624212,0.8816778784387096,0.0006493506493506,-0.4999999999999998,-0.8660254037844388,1.2246467991473532e-16,-1.0,55.91,229.5,0.1103,0.0236,0.6032864265875004
2026-06-13 09:30:00+00:00,25.5825,72.475,31.7,35.5,51,994.8,0.0,1.4142135623730954,-1.4142135623730947,0.000611620795107,-0.7071067811865471,-0.7071067811865479,1.2246467991473532e-16,-1.0,55.91,229.5,0.1103,0.0236,2.1430335746578626
2026-06-13 10:30:00+00:00,26.295,71.975,30.125,34.5,51,995.0,0.0,13.863752962381986,1.948423413440909,0.0011173184357541,-0.8660254037844384,-0.5000000000000004,1.2246467991473532e-16,-1.0,55.91,229.5,0.1103,0.0236,4.410787387754586
2026-06-13 11:30:00+00:00,24.52,251.45,32.5,32.6,62,994.9,0.2,4.520503990624725,6.9609657139470205,0.0040816326530612,-0.9659258262890684,-0.2588190451025206,1.2246467991473532e-16,-1.0,55.91,229.5,0.1103,0.0236,3.4894109986774606
2026-06-13 12:30:00+00:00,24.835,179.325,36.2,31.2,70,995.1,0.0,4.559059926606402,9.34745808151134,0.0041666666666666,-1.0,-1.8369701987210292e-16,1.2246467991473532e-16,-1.0,55.91,229.5,0.1103,0.0236,0.8407799865976229
2026-06-13 13:30:00+00:00,25.7725,104.675,36.575,30.2,73,995.5,0.1,4.679027212475,5.988881727411089,0.0055555555555555,-0.9659258262890684,0.2588190451025203,1.2246467991473532e-16,-1.0,55.91,229.5,0.1103,0.0236,1.6042246777374576
2026-06-13 14:30:00+00:00,25.5475,91.375,34.175000000000004,29.8,74,996.2,0.0,5.510585019326321,4.152523659749133,0.0055555555555555,-0.8660254037844386,0.5000000000000001,1.2246467991473532e-16,-1.0,55.91,229.5,0.1103,0.0236,3.855039682582883
2026-06-13 15:30:00+00:00,26.935,89.1,30.875,29.4,77,997.0,0.0,5.450217200558267,1.9837168312888824,0.0083333333333333,-0.7071067811865477,0.7071067811865474,1.2246467991473532e-16,-1.0,55.91,229.5,0.1103,0.0236,2.8460319997115264
2026-06-13 16:30:00+00:00,25.8975,102.425,29.4,29.5,73,997.3,0.0,7.017210380349729,2.012152697464092,0.00625,-0.5000000000000004,0.8660254037844384,1.2246467991473532e-16,-1.0,55.91,229.5,0.1103,0.0236,0.9657799203041123
2026-06-13 17:30:00+00:00,24.5,112.2,28.5,29.0,74,996.8,0.0,8.051237452276071,5.228534736144259,0.0035087719298245,-0.2588190451025215,0.965925826289068,1.2246467991473532e-16,-1.0,55.91,229.5,0.1103,0.0236,3.0645171388862584
2026-06-13 18:30:00+00:00,24.67,88.8,27.4,28.2,76,996.7,0.0,7.188569284028452,2.759433211498816,0.0045454545454545,0.0,1.0,1.2246467991473532e-16,-1.0,55.91,229.5,0.1103,0.0236,4.140552591475971
2026-06-13 19:30:00+00:00,25.96,89.05,26.4,27.8,78,996.5,0.0,7.047694655894311,2.5651510749425204,0.0052631578947368,0.2588190451025207,0.9659258262890684,1.2246467991473532e-16,-1.0,55.91,229.5,0.1103,0.0236,0.4060712995357363
2026-06-13 20:30:00+00:00,23.790000000000003,100.15,26.399999999999995,27.4,79,996.2,0.0,6.344327193192905,1.8192065483921929,0.00625,0.4999999999999999,0.8660254037844387,1.2246467991473532e-16,-1.0,55.91,229.5,0.1103,0.0236,2.3626608664299873
2026-06-13 21:30:00+00:00,26.4275,118.55,25.625,27.1,80,996.1,0.0,6.464392319893777,0.6794350112397468,0.006060606060606,0.7071067811865475,0.7071067811865476,1.2246467991473532e-16,-1.0,55.91,229.5,0.1103,0.0236,1.5101815981476252
2026-06-13 22:30:00+00:00,26.9725,112.55,30.575000000000003,26.9,81,996.6,0.0,5.248420764330323,0.7376174350883441,0.0076923076923076,0.8660254037844386,0.5000000000000001,1.2246467991473532e-16,-1.0,55.91,229.5,0.1103,0.0236,0.6495132097407447
2026-06-13 23:30:00+00:00,24.9,131.5,28.2,27.7,78,996.2,0.0,6.436742446820207,-0.9046251562404256,0.008,0.9659258262890684,0.2588190451025207,1.2246467991473532e-16,-1.0,55.91,229.5,0.1103,0.0236,4.495925083717477
2026-06-14 00:30:00+00:00,25.605,145.2,26.6,28.5,77,996.3,0.0,3.616017032810471,1.460965714322058,0.0076923076923076,1.0,6.123233995736766e-17,1.2246467991473532e-16,-1.0,55.91,229.5,0.1103,0.0236,1.75600833287985
2026-06-14 01:30:00+00:00,25.495,107.525,25.475,30.1,71,996.8,0.0,3.994917265619464,0.9222993228098476,0.0041666666666666,0.9659258262890684,-0.2588190451025206,1.2246467991473532e-16,-1.0,55.91,229.5,0.1103,0.0236,2.1114067588985614
2026-06-14 02:30:00+00:00,25.15,99.4,24.7,31.6,65,997.1,0.0,5.771070844329453,1.226678975824783,0.0014084507042253,0.8660254037844387,-0.4999999999999998,1.2246467991473532e-16,-1.0,55.91,229.5,0.1103,0.0236,3.319833840361659
2026-06-14 03:30:00+00:00,25.4,86.55,27.675,32.8,59,997.0,0.1,8.998629256407522,0.1570716579355514,0.0010309278350515,0.7071067811865476,-0.7071067811865475,1.2246467991473532e-16,-1.0,55.91,229.5,0.1103,0.0236,1.9043355687276846
2026-06-14 04:30:00+00:00,24.035,80.65,26.9,33.4,56,996.9,0.3,10.598385568657749,-0.1849955082352011,0.0009090909090909,0.4999999999999999,-0.8660254037844387,1.2246467991473532e-16,-1.0,55.91,229.5,0.1103,0.0236,4.672068327887584
2026-06-14 05:30:00+00:00,26.1825,71.0,26.4,34.8,48,996.6,0.1,9.398568334470076,-0.1640526205104614,0.0006410256410256,0.258819045102521,-0.9659258262890682,1.2246467991473532e-16,-1.0,55.91,229.5,0.1103,0.0236,1.439530413881852
2026-06-14 06:30:00+00:00,24.6775,67.42500000000001,27.375,35.2,45,995.9,0.1,10.765802912487,1.7051356689385184,0.0005681818181818,1.2246467991473532e-16,-1.0,1.2246467991473532e-16,-1.0,55.91,229.5,0.1103,0.0236,3.824824074386613
2026-06-14 07:30:00+00:00,26.4,77.3,26.8,35.6,43,994.6,0.1,11.3566195582459,0.993575467323304,0.0005479452054794,-0.2588190451025208,-0.9659258262890684,1.2246467991473532e-16,-1.0,55.91,229.5,0.1103,0.0236,4.645975381684025
2026-06-14 08:30:00+00:00,27.07,79.0,27.05,35.5,43,993.9,0.0,11.719212260845277,-2.066413314236467,0.0005509641873278,-0.4999999999999998,-0.8660254037844388,1.2246467991473532e-16,-1.0,55.91,229.5,0.1103,0.0236,0.3375272596292106
2026-06-14 09:30:00+00:00,26.05666666666667,82.1,26.7,35.0,45,993.2,0.0,10.818369254437563,-2.8987733051482363,0.0005988023952095,-0.7071067811865471,-0.7071067811865479,1.2246467991473532e-16,-1.0,55.91,229.5,0.1103,0.0236,2.0621727183228207
2026-06-14 10:30:00+00:00,26.525,70.6,27.8,34.6,47,992.8,0.0,8.989264706052534,-2.7482940243937253,0.0006430868167202,-0.8660254037844384,-0.5000000000000004,1.2246467991473532e-16,-1.0,55.91,229.5,0.1103,0.0236,3.0145012935800173
2026-06-14 11:30:00+00:00,27.6,69.4,27.2,34.6,52,992.6,0.0,6.71318188675515,-2.31153389664581,0.0025974025974025,-0.9659258262890684,-0.2588190451025206,1.2246467991473532e-16,-1.0,55.91,229.5,0.1103,0.0236,3.931286405316282
2026-06-14 12:30:00+00:00,26.03,69.92500000000001,27.575000000000003,32.8,62,993.4,0.0,3.2526911934581197,-3.252691193458117,0.0153846153846153,-1.0,-1.8369701987210292e-16,1.2246467991473532e-16,-1.0,55.91,229.5,0.1103,0.0236,4.495225105909921
2026-06-14 13:30:00+00:00,24.87,80.175,26.725,31.8,66,994.3,0.0,2.179154398749825,-4.276831316104166,0.0153846153846153,-0.9659258262890684,0.2588190451025203,1.2246467991473532e-16,-1.0,55.91,229.5,0.1103,0.0236,2.2978283906650994
2026-06-14 14:30:00+00:00,24.885,98.35,31.7,31.1,71,995.2,0.0,1.9777952441812447,-2.1209257346955948,0.0333333333333333,-0.8660254037844386,0.5000000000000001,1.2246467991473532e-16,-1.0,55.91,229.5,0.1103,0.0236,4.410102212711425
2026-06-14 15:30:00+00:00,27.915,111.225,31.6,30.7,73,996.1,0.0,2.117161162940613,-0.898681595525329,0.05,-0.7071067811865477,0.7071067811865474,1.2246467991473532e-16,-1.0,55.91,229.5,0.1103,0.0236,2.75932508345572
2026-06-14 16:30:00+00:00,26.05,139.475,30.85,30.2,76,996.8,0.0,2.294397315597596,-0.160439889611488,0.05,-0.5000000000000004,0.8660254037844384,1.2246467991473532e-16,-1.0,55.91,229.5,0.1103,0.0236,4.2900405758973275
2026-06-14 17:30:00+00:00,25.0,108.3,35.6,30.2,76,996.1,0.0,3.3813744442521294,-0.3553967751100201,0.0333333333333333,-0.2588190451025215,0.965925826289068,1.2246467991473532e-16,-1.0,55.91,229.5,0.1103,0.0236,3.8730762518354354
2026-06-14 18:30:00+00:00,23.355,97.0,34.25,29.6,76,995.3,0.0,2.8689142678891058,0.8771151141682113,0.04,0.0,1.0,1.2246467991473532e-16,-1.0,55.91,229.5,0.1103,0.0236,0.2695711538777351
2026-06-14 19:30:00+00:00,21.71,85.7,32.9,29.0,78,994.8,0.0,3.405867957774029,1.4457051754103132,0.0333333333333333,0.2588190451025207,0.9659258262890684,1.2246467991473532e-16,-1.0,55.91,229.5,0.1103,0.0236,4.233098569360935
2026-06-14 20:30:00+00:00,25.11,82.73333333333333,31.399999999999995,28.8,79,995.0,0.0,3.2675314927402077,-1.2542878234085484,0.0333333333333333,0.4999999999999999,0.8660254037844387,1.2246467991473532e-16,-1.0,55.91,229.5,0.1103,0.0236,1.072278724217997
2026-06-14 21:30:00+00:00,25.725,287.1,32.875,28.3,80,995.5,0.0,-4.195593846258214,-10.384459171148018,0.0058823529411764,0.7071067811865475,0.7071067811865476,1.2246467991473532e-16,-1.0,55.91,229.5,0.1103,0.0236,4.69017644848368
2026-06-14 22:30:00+00:00,26.0775,234.025,42.975,27.3,83,995.9,0.0,-5.209937778442479,-5.395048502539884,0.0066666666666666,0.8660254037844386,0.5000000000000001,1.2246467991473532e-16,-1.0,55.91,229.5,0.1103,0.0236,2.1575451145148272
2026-06-14 23:30:00+00:00,26.875,217.75,40.3,28.2,79,995.5,0.0,-2.521634411541511,1.9701167210421069,0.0166666666666666,0.9659258262890684,0.2588190451025207,1.2246467991473532e-16,-1.0,55.91,229.5,0.1103,0.0236,1.9730754072810481
2026-06-15 00:30:00+00:00,26.97,178.5,40.025,28.9,78,996.2,0.0,-3.4184661971960133,3.078000789250748,0.0117647058823529,1.0,6.123233995736766e-17,1.2246467991473532e-16,-1.0,55.91,229.5,0.1103,0.0236,4.645457005531025
2026-06-15 01:30:00+00:00,26.0725,154.325,42.975,30.6,72,996.8,0.0,-3.9563689018625823,3.820621037524483,0.0055555555555555,0.9659258262890684,-0.2588190451025206,1.2246467991473532e-16,-1.0,55.91,229.5,0.1103,0.0236,4.6049853944413845
2026-06-15 02:30:00+00:00,24.08,128.6,37.8,32.6,62,997.1,0.0,-0.548412045323164,4.466457682385949,0.0019230769230769,0.8660254037844387,-0.4999999999999998,1.2246467991473532e-16,-1.0,55.91,229.5,0.1103,0.0236,4.356239776251504
2026-06-15 03:30:00+00:00,23.15,111.375,35.675000000000004,34.0,56,997.3,0.0,3.2173866610997077,2.6997079606834657,0.0009803921568627,0.7071067811865476,-0.7071067811865475,1.2246467991473532e-16,-1.0,55.91,229.5,0.1103,0.0236,3.086199367564681
2026-06-15 04:30:00+00:00,26.17,93.3,33.4,35.1,49,997.3,0.0,6.475265537596346,-0.5665123278597762,0.0006734006734006,0.4999999999999999,-0.8660254037844387,1.2246467991473532e-16,-1.0,55.91,229.5,0.1103,0.0236,0.0892291673463691
2026-06-15 05:30:00+00:00,27.1475,75.95,33.7,36.5,40,996.7,0.0,8.808181653731838,-4.296037238532959,0.0005208333333333,0.258819045102521,-0.9659258262890682,1.2246467991473532e-16,-1.0,55.91,229.5,0.1103,0.0236,1.722619450049156
2026-06-15 06:30:00+00:00,24.295,83.0,36.0,36.5,39,996.2,0.0,8.31452281681049,-4.995869326627525,0.0005420054200542,1.2246467991473532e-16,-1.0,1.2246467991473532e-16,-1.0,55.91,229.5,0.1103,0.0236,0.23609163285204515
2026-06-15 07:30:00+00:00,23.820000000000004,70.10000000000001,33.6,36.5,39,995.1,0.0,8.247400862033514,-3.845826181840366,0.0005698005698005,-0.2588190451025208,-0.9659258262890684,1.2246467991473532e-16,-1.0,55.91,229.5,0.1103,0.0236,0.015530064755884254
2026-06-15 08:30:00+00:00,25.876666666666665,88.89999999999999,32.0,36.7,39,994.6,0.0,7.364038827619524,-3.125849027914188,0.0005681818181818,-0.4999999999999998,-0.8660254037844388,1.2246467991473532e-16,-1.0,55.91,229.5,0.1103,0.0236,1.5333997973973963
2026-06-15 09:30:00+00:00,22.95,80.23333333333333,30.666666666666668,36.7,39,994.0,0.0,6.311611389356034,-1.929653251170062,0.0005449591280653,-0.7071067811865471,-0.7071067811865479,1.2246467991473532e-16,-1.0,55.91,229.5,0.1103,0.0236,1.8132170981020979
2026-06-15 10:30:00+00:00,25.9175,81.35,29.2,36.3,40,993.7,0.0,5.346039145130208,-2.72394299843728,0.0005208333333333,-0.8660254037844384,-0.5000000000000004,1.2246467991473532e-16,-1.0,55.91,229.5,0.1103,0.0236,4.756897276906567
2026-06-15 11:30:00+00:00,25.6975,88.75,28.625,36.2,41,993.4,0.0,5.905824058937117,-4.290832341735052,0.0034482758620689,-0.9659258262890684,-0.2588190451025206,1.2246467991473532e-16,-1.0,55.91,229.5,0.1103,0.0236,4.279842902922106
2026-06-15 12:30:00+00:00,,,,34.2,51,994.2,0.0,4.136639992842482,-3.4710530923073124,0.0142857142857142,-1.0,-1.8369701987210292e-16,1.2246467991473532e-16,-1.0,55.91,229.5,0.1103,0.0236,
2026-06-15 13:30:00+00:00,,,,33.0,59,995.3,0.0,8.327598234202001e-16,-3.4,0.0222222222222222,-0.9659258262890684,0.2588190451025203,1.2246467991473532e-16,-1.0,55.91,229.5,0.1103,0.0236,
2026-06-15 14:30:00+00:00,,,,32.1,64,996.3,0.0,-5.270994366312133,-3.9719791528035184,0.0142857142857142,-0.8660254037844386,0.5000000000000001,1.2246467991473532e-16,-1.0,55.91,229.5,0.1103,0.0236,
2026-06-15 15:30:00+00:00,,,,31.4,66,997.1,0.0,-6.466493065929326,-4.361704647071825,0.009090909090909,-0.7071067811865477,0.7071067811865474,1.2246467991473532e-16,-1.0,55.91,229.5,0.1103,0.0236,
2026-06-15 16:30:00+00:00,26.72,224.75,45.3,30.9,67,997.7,0.0,-6.657395614066075,-2.163118960624632,0.0125,-0.5000000000000004,0.8660254037844384,1.2246467991473532e-16,-1.0,55.91,229.5,0.1103,0.0236,1.0723017110822068
2026-06-15 17:30:00+00:00,23.43,286.0,44.6,31.0,66,997.1,0.0,-7.228029523843166,-2.3485291572496005,0.0133333333333333,-0.2588190451025215,0.965925826289068,1.2246467991473532e-16,-1.0,55.91,229.5,0.1103,0.0236,2.765675537459505
2026-06-15 18:30:00+00:00,22.79,213.6,40.25,30.4,70,996.6,0.0,-6.475265537596346,0.5665123278597786,0.0153846153846153,0.0,1.0,1.2246467991473532e-16,-1.0,55.91,229.5,0.1103,0.0236,2.5075929961176775
2026-06-15 19:30:00+00:00,22.15,141.2,35.9,29.9,74,996.3,0.0,-5.355306633392998,-1.6372815464473258,0.0166666666666666,0.2588190451025207,0.9659258262890684,1.2246467991473532e-16,-1.0,55.91,229.5,0.1103,0.0236,1.540693037377271
2026-06-15 20:30:00+00:00,26.3725,79.525,35.7,29.5,75,996.4,0.0,-7.228029523843166,-2.3485291572496005,0.0133333333333333,0.4999999999999999,0.8660254037844387,1.2246467991473532e-16,-1.0,55.91,229.5,0.1103,0.0236,4.571744287469094
2026-06-15 21:30:00+00:00,24.33333333333333,86.40000000000002,33.3,29.2,77,996.3,0.0,-8.666893873398186,-0.7582549619046257,0.008695652173913,0.7071067811865475,0.7071067811865476,1.2246467991473532e-16,-1.0,55.91,229.5,0.1103,0.0236,0.9957466651866442
2026-06-15 22:30:00+00:00,26.067500000000003,86.9375,35.825,28.8,77,996.5,0.0,-8.298735869798048,-0.144854973429452,0.0068965517241379,0.8660254037844386,0.5000000000000001,1.2246467991473532e-16,-1.0,55.91,229.5,0.1103,0.0236,4.982797251993544
2026-06-15 23:30:00+00:00,26.04,87.475,38.35,29.1,81,996.8,0.0,-9.726952286084956,-1.1943195653704457,0.0058823529411764,0.9659258262890684,0.2588190451025207,1.2246467991473532e-16,-1.0,55.91,229.5,0.1103,0.0236,0.5833216775411121
2026-06-16 00:30:00+00:00,25.615,77.275,28.75,29.8,80,997.4,0.0,-7.341036279796919,-1.9670247427791576,0.005,1.0,6.123233995736766e-17,1.2246467991473532e-16,-1.0,55.91,229.5,0.1103,0.0236,2.6493273576436516
2026-06-16 01:30:00+00:00,24.6425,73.375,23.25,31.1,75,998.1,0.0,-7.015464466453694,-1.6196475912758277,0.004,0.9659258262890684,-0.2588190451025206,1.2246467991473532e-16,-1.0,55.91,229.5,0.1103,0.0236,0.05284199265887968
2026-06-16 02:30:00+00:00,26.7825,94.8,28.9,32.9,67,998.2,0.0,-7.381973971922699,0.5161979057065275,0.0025641025641025,0.8660254037844387,-0.4999999999999998,1.2246467991473532e-16,-1.0,55.91,229.5,0.1103,0.0236,1.9975254446048614
2026-06-16 03:30:00+00:00,24.695,96.425,28.1,34.7,58,998.3,0.0,-6.675064847444115,1.297501168560505,0.0012658227848101,0.7071067811865476,-0.7071067811865475,1.2246467991473532e-16,-1.0,55.91,229.5,0.1103,0.0236,1.0777208496716961
2026-06-16 04:30:00+00:00,25.545,76.025,29.0,36.2,47,998.3,0.0,-2.846718831998225,0.5533460865919799,0.0007490636704119,0.4999999999999999,-0.8660254037844387,1.2246467991473532e-16,-1.0,55.91,229.5,0.1103,0.0236,2.9476122459903173
2026-06-16 05:30:00+00:00,26.39,84.4,27.775,36.9,45,998.0,0.0,-3.2076234870781244,-1.6343657990623688,0.0006535947712418,0.258819045102521,-0.9659258262890682,1.2246467991473532e-16,-1.0,55.91,229.5,0.1103,0.0236,3.976793963787881
2026-06-16 06:30:00+00:00,25.180000000000003,81.53333333333333,24.7,37.1,43,997.5,0.0,-1.4339482024232668,-1.2465121550819638,0.000593471810089,1.2246467991473532e-16,-1.0,1.2246467991473532e-16,-1.0,55.91,229.5,0.1103,0.0236,4.736853605034392
2026-06-16 07:30:00+00:00,22.8875,88.6,28.0,37.3,42,996.4,0.0,-0.7423384793347545,-3.2154212137912763,0.0005698005698005,-0.2588190451025208,-0.9659258262890684,1.2246467991473532e-16,-1.0,55.91,229.5,0.1103,0.0236,4.28596333496186
2026-06-16 08:30:00+00:00,28.095,87.6,27.7,37.2,43,996.0,0.0,1.0797650608505536,-4.6769763109691285,0.0005882352941176,-0.4999999999999998,-0.8660254037844388,1.2246467991473532e-16,-1.0,55.91,229.5,0.1103,0.0236,3.38045639524781
2026-06-16 09:30:00+00:00,25.11,87.3,29.1,37.0,44,995.1,0.0,3.450755101897365,-5.743020914704151,0.000611620795107,-0.7071067811865471,-0.7071067811865479,1.2246467991473532e-16,-1.0,55.91,229.5,0.1103,0.0236,2.9998609631205833
2026-06-16 10:30:00+00:00,25.3,85.33333333333333,28.95,36.5,45,994.6,0.0,1.9479542857627443,-4.821356043747294,0.0006349206349206,-0.8660254037844384,-0.5000000000000004,1.2246467991473532e-16,-1.0,55.91,229.5,0.1103,0.0236,3.4944574121682255
2026-06-16 11:30:00+00:00,25.49,83.36666666666667,28.8,36.1,44,994.6,0.0,-3.649999999999999,-6.321985447626402,0.0018181818181818,-0.9659258262890684,-0.2588190451025206,1.2246467991473532e-16,-1.0,55.91,229.5,0.1103,0.0236,0.5660178009025285
2026-06-16 12:30:00+00:00,25.68,81.4,28.65,34.7,53,995.4,0.0,-6.502872340548641,-1.98812759211461,0.008695652173913,-1.0,-1.8369701987210292e-16,1.2246467991473532e-16,-1.0,55.91,229.5,0.1103,0.0236,2.0869763876137197
2026-06-16 13:30:00+00:00,22.7525,80.625,24.9,34.1,57,996.2,0.0,-6.4787394107545815,-1.2593393694851964,0.0095238095238095,-0.9659258262890684,0.2588190451025203,1.2246467991473532e-16,-1.0,55.91,229.5,0.1103,0.0236,1.9855897728257994
2026-06-16 14:30:00+00:00,25.3075,81.2,24.7,33.3,62,997.1,0.0,-6.276026597977997,0.5490811793102469,0.009090909090909,-0.8660254037844386,0.5000000000000001,1.2246467991473532e-16,-1.0,55.91,229.5,0.1103,0.0236,3.9191538218082393
2026-06-16 15:30:00+00:00,24.2475,80.625,26.35,32.7,65,998.0,0.0,-6.161630814881531,2.365228466998982,0.0095238095238095,-0.7071067811865477,0.7071067811865474,1.2246467991473532e-16,-1.0,55.91,229.5,0.1103,0.0236,1.1996605296607248
2026-06-16 16:30:00+00:00,25.3575,90.375,43.25,32.3,65,998.4,0.0,-7.38605814759156,1.3023613325019774,0.0117647058823529,-0.5000000000000004,0.8660254037844384,1.2246467991473532e-16,-1.0,55.91,229.5,0.1103,0.0236,1.8097659043473102
2026-06-16 17:30:00+00:00,24.676666666666662,83.0,34.3,32.6,66,997.6,0.0,-6.674504477214695,-0.5839434764093095,0.0153846153846153,-0.2588190451025215,0.965925826289068,1.2246467991473532e-16,-1.0,55.91,229.5,0.1103,0.0236,2.095169552194856
2026-06-16 18:30:00+00:00,22.83,89.7,28.9,31.6,71,997.1,0.0,-2.318794424212495,2.486602585505179,0.0153846153846153,0.0,1.0,1.2246467991473532e-16,-1.0,55.91,229.5,0.1103,0.0236,3.1408225881032803
2026-06-16 19:30:00+00:00,25.545,91.075,34.4,31.2,72,997.0,0.0,0.7257656867990026,2.910887178827989,0.0153846153846153,0.2588190451025207,0.9659258262890684,1.2246467991473532e-16,-1.0,55.91,229.5,0.1103,0.0236,0.8363261784666015
2026-06-16 20:30:00+00:00,23.9475,87.55,31.675,31.0,69,997.1,0.0,3.0500000000000007,5.282754963085075,0.01,0.4999999999999999,0.8660254037844387,1.2246467991473532e-16,-1.0,55.91,229.5,0.1103,0.0236,1.143419482801159
2026-06-16 21:30:00+00:00,26.565,77.8,29.2,30.5,70,997.3,0.0,1.4621818532351225,6.333405421104029,0.0105263157894736,0.7071067811865475,0.7071067811865476,1.2246467991473532e-16,-1.0,55.91,229.5,0.1103,0.0236,0.4043296017853598
2026-06-16 22:30:00+00:00,25.23,101.9,29.375,30.0,69,997.4,0.0,1.4846769586695088,6.430842427582553,0.0083333333333333,0.8660254037844386,0.5000000000000001,1.2246467991473532e-16,-1.0,55.91,229.5,0.1103,0.0236,3.2888052524114904
2026-06-16 23:30:00+00:00,23.32,124.775,42.4,30.3,81,997.6,0.0,-4.6728711030257655,-3.92100441908789,0.0166666666666666,0.9659258262890684,0.2588190451025207,1.2246467991473532e-16,-1.0,55.91,229.5,0.1103,0.0236,2.6531806061050296
2026-06-17 00:30:00+00:00,24.7925,146.375,44.55,30.9,78,997.9,0.0,-1.761649323676896,-0.7117525274902327,0.0111111111111111,1.0,6.123233995736766e-17,1.2246467991473532e-16,-1.0,55.91,229.5,0.1103,0.0236,4.343147723308553
2026-06-17 01:30:00+00:00,24.4825,162.475,37.475,32.4,69,998.2,0.0,-0.8834644651028976,0.1717280958388903,0.0043478260869565,0.9659258262890684,-0.2588190451025206,1.2246467991473532e-16,-1.0,55.91,229.5,0.1103,0.0236,4.703190523232483
2026-06-17 02:30:00+00:00,23.5625,130.025,33.7,34.0,62,998.4,0.0,-0.8571673007021123,0.5150380749100543,0.0026666666666666,0.8660254037844387,-0.4999999999999998,1.2246467991473532e-16,-1.0,55.91,229.5,0.1103,0.0236,1.0724463998821503
2026-06-17 03:30:00+00:00,25.365,109.35,31.675,35.6,54,998.7,0.0,-0.9008627491964484,1.441681763465924,0.0009900990099009,0.7071067811865476,-0.7071067811865475,1.2246467991473532e-16,-1.0,55.91,229.5,0.1103,0.0236,4.745263345109151
2026-06-17 04:30:00+00:00,23.79,98.4,28.6,36.8,48,998.5,0.0,0.565685424949238,0.5656854249492381,0.0005333333333333,0.4999999999999999,-0.8660254037844387,1.2246467991473532e-16,-1.0,55.91,229.5,0.1103,0.0236,1.438997123290059
2026-06-17 05:30:00+00:00,24.69,83.4,28.5,38.0,38,998.1,0.1,6.478739410754582,-1.259339369485192,0.0004761904761904,0.258819045102521,-0.9659258262890682,1.2246467991473532e-16,-1.0,55.91,229.5,0.1103,0.0236,4.20808143098197
2026-06-17 06:30:00+00:00,25.555,89.75,26.6,38.5,35,997.2,0.1,8.32056346527399,-2.864999759222976,0.0004728132387706,1.2246467991473532e-16,-1.0,1.2246467991473532e-16,-1.0,55.91,229.5,0.1103,0.0236,1.4167274417077758
2026-06-17 07:30:00+00:00,26.35,103.63333333333333,26.2,38.4,35,995.9,0.1,5.000000000000004,-8.660254037844384,0.000473933649289,-0.2588190451025208,-0.9659258262890684,1.2246467991473532e-16,-1.0,55.91,229.5,0.1103,0.0236,4.811011603333849
2026-06-17 08:30:00+00:00,25.05666666666667,110.33333333333331,25.53333333333333,35.5,53,995.8,0.1,-6.646803743153546,-6.646803743153548,0.0019047619047619,-0.4999999999999998,-0.8660254037844388,1.2246467991473532e-16,-1.0,55.91,229.5,0.1103,0.0236,4.827175529257155
2026-06-17 09:30:00+00:00,24.285,119.5,29.525,35.7,54,995.1,0.0,-3.376762017093168,-5.199757521261629,0.001418439716312,-0.7071067811865471,-0.7071067811865479,1.2246467991473532e-16,-1.0,55.91,229.5,0.1103,0.0236,0.16464001344214885
2026-06-17 10:30:00+00:00,24.813333333333333,90.90000000000002,33.2,35.7,54,994.5,0.0,-2.1918557339453875,-4.493970231495835,0.0010204081632653,-0.8660254037844384,-0.5000000000000004,1.2246467991473532e-16,-1.0,55.91,229.5,0.1103,0.0236,4.0844210921548525
2026-06-17 11:30:00+00:00,26.235,89.07499999999999,34.675000000000004,36.5,39,993.8,0.0,4.8576983472131525,-9.533769808815537,0.0012048192771084,-0.9659258262890684,-0.2588190451025206,1.2246467991473532e-16,-1.0,55.91,229.5,0.1103,0.0236,1.5351078927260464
2026-06-17 12:30:00+00:00,27.1175,81.7,33.375,35.5,47,994.6,0.0,-0.5566924038402618,-3.9610722749662814,0.0125,-1.0,-1.8369701987210292e-16,1.2246467991473532e-16,-1.0,55.91,229.5,0.1103,0.0236,3.5115249299240676
2026-06-17 13:30:00+00:00,24.7225,83.07499999999999,30.675,35.0,50,995.6,0.0,-0.8999026535611552,1.072462220366569,0.0285714285714285,-0.9659258262890684,0.2588190451025203,1.2246467991473532e-16,-1.0,55.91,229.5,0.1103,0.0236,0.24203512988569043
2026-06-17 14:30:00+00:00,25.32,81.64999999999999,29.6,34.2,56,996.4,0.0,-3.44396959073927,1.6059493946146577,0.0181818181818181,-0.8660254037844386,0.5000000000000001,1.2246467991473532e-16,-1.0,55.91,229.5,0.1103,0.0236,3.1512351654815585
2026-06-17 15:30:00+00:00,26.7775,92.9,28.8,33.3,62,997.2,0.0,-5.920063510951223,2.1547269029517127,0.0133333333333333,-0.7071067811865477,0.7071067811865474,1.2246467991473532e-16,-1.0,55.91,229.5,0.1103,0.0236,2.7269829589923416
2026-06-17 16:30:00+00:00,25.9925,88.375,28.4,32.8,63,997.3,0.0,-5.0463405411722775,4.705788684431239,0.0117647058823529,-0.5000000000000004,0.8660254037844384,1.2246467991473532e-16,-1.0,55.91,229.5,0.1103,0.0236,1.6805415648613387
2026-06-17 17:30:00+00:00,26.96,83.5,30.399999999999995,33.1,63,996.6,0.0,-1.7613968679372007,5.421022142882375,0.0142857142857142,-0.2588190451025215,0.965925826289068,1.2246467991473532e-16,-1.0,55.91,229.5,0.1103,0.0236,3.469432084540594
2026-06-17 18:30:00+00:00,22.96,84.3,29.6,32.0,66,996.5,0.0,1.846770283973893,6.440453362786736,0.0142857142857142,0.0,1.0,1.2246467991473532e-16,-1.0,55.91,229.5,0.1103,0.0236,3.906721274500646
2026-06-17 19:30:00+00:00,27.0075,85.3,29.625,31.2,65,996.1,0.0,5.034233010215446,8.056456913486048,0.008,0.2588190451025207,0.9659258262890684,1.2246467991473532e-16,-1.0,55.91,229.5,0.1103,0.0236,0.5326133114182918
2026-06-17 20:30:00+00:00,25.9725,85.4,31.6,30.7,65,996.4,0.0,3.9657931768074177,6.600188215406265,0.0105263157894736,0.4999999999999999,0.8660254037844387,1.2246467991473532e-16,-1.0,55.91,229.5,0.1103,0.0236,0.7411395067293103
2026-06-17 21:30:00+00:00,26.23,84.825,31.1,30.2,64,996.7,0.0,9.970046034746987,11.072857899613174,0.0035087719298245,0.7071067811865475,0.7071067811865476,1.2246467991473532e-16,-1.0,55.91,229.5,0.1103,0.0236,1.5743261542825493
2026-06-17 22:30:00+00:00,25.8825,93.3,29.8,28.6,68,997.3,0.3,11.837607860567156,2.951447126315947,0.0040816326530612,0.8660254037844386,0.5000000000000001,1.2246467991473532e-16,-1.0,55.91,229.5,0.1103,0.0236,0.4373924233197629
2026-06-17 23:30:00+00:00,25.2125,87.3,28.2,29.3,81,997.2,0.2,-3.7557725022871264,-7.063580742871416,0.0125,0.9659258262890684,0.2588190451025207,1.2246467991473532e-16,-1.0,55.91,229.5,0.1103,0.0236,1.0812159911131602
2026-06-18 00:30:00+00:00,25.6425,83.7,27.9,30.6,75,997.6,0.0,0.5118512423016206,4.168693836893553,0.0142857142857142,1.0,6.123233995736766e-17,1.2246467991473532e-16,-1.0,55.91,229.5,0.1103,0.0236,3.7918397348931663
2026-06-18 01:30:00+00:00,23.64,81.8,26.5,32.4,65,997.8,0.0,-1.6108083516884226,3.986890574637185,0.0051282051282051,0.9659258262890684,-0.2588190451025206,1.2246467991473532e-16,-1.0,55.91,229.5,0.1103,0.0236,4.663701926695778
2026-06-18 02:30:00+00:00,25.8725,83.42500000000001,25.65,34.1,55,998.0,0.0,1.7616493236768958,0.7117525274902333,0.0015625,0.8660254037844387,-0.4999999999999998,1.2246467991473532e-16,-1.0,55.91,229.5,0.1103,0.0236,4.61200190766644
2026-06-18 03:30:00+00:00,28.7525,88.625,33.9,35.3,52,998.0,0.0,1.6564291101348998,-0.3824167923845704,0.0015037593984962,0.7071067811865476,-0.7071067811865475,1.2246467991473532e-16,-1.0,55.91,229.5,0.1103,0.0236,4.509718973267035
2026-06-18 04:30:00+00:00,26.31,91.925,32.775,36.7,46,997.8,0.0,1.802134497435782,-1.2618681599723014,0.0008771929824561,0.4999999999999999,-0.8660254037844387,1.2246467991473532e-16,-1.0,55.91,229.5,0.1103,0.0236,3.0996961563465986
2026-06-18 05:30:00+00:00,23.262500000000003,97.85,31.9,37.7,44,997.5,0.0,-4.548022477124858,-2.521010025280953,0.000611620795107,0.258819045102521,-0.9659258262890682,1.2246467991473532e-16,-1.0,55.91,229.5,0.1103,0.0236,4.248691031152813
2026-06-18 06:30:00+00:00,25.205,111.275,30.1,37.8,43,996.9,0.3,-1.0815799573111138,-1.800051331474436,0.0005449591280653,1.2246467991473532e-16,-1.0,1.2246467991473532e-16,-1.0,55.91,229.5,0.1103,0.0236,3.614223371288781
2026-06-18 07:30:00+00:00,27.573333333333338,107.26666666666668,33.9,37.8,42,995.6,0.1,1.4416817634659245,-0.900862749196448,0.0005263157894736,-0.2588190451025208,-0.9659258262890684,1.2246467991473532e-16,-1.0,55.91,229.5,0.1103,0.0236,2.961368535030959
2026-06-18 08:30:00+00:00,26.14,102.8,31.399999999999995,38.4,39,994.7,0.0,2.5,4.592425496802574e-16,0.0004819277108433,-0.4999999999999998,-0.8660254037844388,1.2246467991473532e-16,-1.0,55.91,229.5,0.1103,0.0236,2.048966989908747
2026-06-18 09:30:00+00:00,23.366666666666664,99.63333333333333,30.7,38.4,38,993.9,0.0,3.117691453623978,1.8000000000000016,0.0004662004662004,-0.7071067811865471,-0.7071067811865479,1.2246467991473532e-16,-1.0,55.91,229.5,0.1103,0.0236,0.02325474931083593
2026-06-18 10:30:00+00:00,23.436666666666667,107.06666666666666,29.899999999999995,37.9,39,993.4,0.0,3.5966990016932545,3.473291852294987,0.0004640371229698,-0.8660254037844384,-0.5000000000000004,1.2246467991473532e-16,-1.0,55.91,229.5,0.1103,0.0236,2.4808603013894333
2026-06-18 11:30:00+00:00,24.034444444444446,102.86111111111111,29.399999999999995,36.6,47,992.9,0.0,-10.091075553270365,-2.5159877142365463,0.0027777777777777,-0.9659258262890684,-0.2588190451025206,1.2246467991473532e-16,-1.0,55.91,229.5,0.1103,0.0236,4.144865892675469
2026-06-18 12:30:00+00:00,24.63222222222222,98.65555555555557,28.9,34.8,55,993.9,0.0,-10.49375532935782,4.454334864777719,0.0054054054054054,-1.0,-1.8369701987210292e-16,1.2246467991473532e-16,-1.0,55.91,229.5,0.1103,0.0236,0.4818295506731979
2026-06-18 13:30:00+00:00,25.23,94.45,28.4,34.4,53,994.7,0.0,-5.270994366312132,3.971979152803519,0.0166666666666666,-0.9659258262890684,0.2588190451025203,1.2246467991473532e-16,-1.0,55.91,229.5,0.1103,0.0236,1.1486565699494888
2026-06-18 14:30:00+00:00,26.23333333333333,98.2,28.7,33.7,56,995.3,0.0,-4.133370261018999,6.614775150020122,0.0166666666666666,-0.8660254037844386,0.5000000000000001,1.2246467991473532e-16,-1.0,55.91,229.5,0.1103,0.0236,3.8105641979465874
2026-06-18 15:30:00+00:00,26.436666666666667,100.5,29.399999999999995,33.0,60,996.6,0.0,-1.037153338697138,11.854716907291772,0.0051282051282051,-0.7071067811865477,0.7071067811865474,1.2246467991473532e-16,-1.0,55.91,229.5,0.1103,0.0236,0.9650250854865217
2026-06-18 16:30:00+00:00,25.3475,93.975,32.5,31.7,62,997.2,0.0,4.412059848901126,12.12203480813822,0.0038461538461538,-0.5000000000000004,0.8660254037844384,1.2246467991473532e-16,-1.0,55.91,229.5,0.1103,0.0236,4.169633612456195
2026-06-18 17:30:00+00:00,23.790000000000003,86.0,30.2,31.6,64,996.0,0.0,6.446665096301556,12.652292643474826,0.0023529411764705,-0.2588190451025215,0.965925826289068,1.2246467991473532e-16,-1.0,55.91,229.5,0.1103,0.0236,1.4836028836134423
2026-06-18 18:30:00+00:00,24.50166666666667,88.38333333333334,31.433333333333337,31.2,63,995.9,0.0,7.561175851855099,8.397536527894555,0.0028985507246376,0.0,1.0,1.2246467991473532e-16,-1.0,55.91,229.5,0.1103,0.0236,3.6227476178980815
2026-06-18 19:30:00+00:00,25.21333333333333,90.76666666666668,32.666666666666664,29.8,70,995.6,0.1,-2.5371700761219524,-0.923454386979306,0.0285714285714285,0.2588190451025207,0.9659258262890684,1.2246467991473532e-16,-1.0,55.91,229.5,0.1103,0.0236,4.837217799980274
2026-06-18 20:30:00+00:00,25.925,93.15,33.9,27.6,85,996.6,0.6,-10.29174078569134,-4.158133186916623,0.008695652173913,0.4999999999999999,0.8660254037844387,1.2246467991473532e-16,-1.0,55.91,229.5,0.1103,0.0236,2.293572859577058
2026-06-18 21:30:00+00:00,25.675,77.225,31.4,26.7,93,996.1,1.3,-9.82077638489998,10.531493303316054,0.0064516129032258,0.7071067811865475,0.7071067811865476,1.2246467991473532e-16,-1.0,55.91,229.5,0.1103,0.0236,0.44735389747916077
2026-06-18 22:30:00+00:00,26.39,67.5,31.0,27.1,87,996.3,0.0,0.5756955186723792,10.984924882300312,0.0046511627906976,0.8660254037844386,0.5000000000000001,1.2246467991473532e-16,-1.0,55.91,229.5,0.1103,0.0236,0.44407015123053395
2026-06-18 23:30:00+00:00,24.5475,62.375,28.75,30.0,74,995.8,0.0,-0.9324597764324404,6.634796060568521,0.01,0.9659258262890684,0.2588190451025207,1.2246467991473532e-16,-1.0,55.91,229.5,0.1103,0.0236,1.8740766440868428
2026-06-19 00:30:00+00:00,25.1825,59.325,38.075,30.7,68,996.2,0.0,-2.154726902951714,5.920063510951223,0.0058823529411764,1.0,6.123233995736766e-17,1.2246467991473532e-16,-1.0,55.91,229.5,0.1103,0.0236,3.690612243489106
2026-06-19 01:30:00+00:00,23.5725,64.42500000000001,33.9,31.9,62,996.6,0.0,-2.322560879178656,5.748539898314082,0.0026315789473684,0.9659258262890684,-0.2588190451025206,1.2246467991473532e-16,-1.0,55.91,229.5,0.1103,0.0236,3.4406586268909276
2026-06-19 02:30:00+00:00,26.7825,71.175,31.025,32.7,59,996.8,0.0,-0.5316500307607177,6.076787658359647,0.0020833333333333,0.8660254037844387,-0.4999999999999998,1.2246467991473532e-16,-1.0,55.91,229.5,0.1103,0.0236,3.227997751414387
2026-06-19 03:30:00+00:00,24.905,70.625,34.375,34.2,54,997.0,0.0,0.5727859140041944,4.664966912714213,0.0014705882352941,0.7071067811865476,-0.7071067811865475,1.2246467991473532e-16,-1.0,55.91,229.5,0.1103,0.0236,2.6213378162130923
2026-06-19 04:30:00+00:00,24.885,72.9,33.275,35.6,51,997.0,0.0,-0.3486229709906345,3.984778792366982,0.0011173184357541,0.4999999999999999,-0.8660254037844387,1.2246467991473532e-16,-1.0,55.91,229.5,0.1103,0.0236,3.483471624852398
2026-06-19 05:30:00+00:00,26.855,73.65,32.3,37.2,47,996.4,0.0,-1.2496402047198143,0.3583285625620988,0.0005988023952095,0.258819045102521,-0.9659258262890682,1.2246467991473532e-16,-1.0,55.91,229.5,0.1103,0.0236,2.6760281968521085
2026-06-19 06:30:00+00:00,24.64,72.525,31.4,37.6,45,995.9,0.0,-1.5751713878545792,-1.062466516594419,0.0005434782608695,1.2246467991473532e-16,-1.0,1.2246467991473532e-16,-1.0,55.91,229.5,0.1103,0.0236,4.71834545815749
2026-06-19 07:30:00+00:00,25.46,81.0,30.3,37.6,45,995.1,0.0,-1.2135254915624212,-0.8816778784387097,0.0005434782608695,-0.2588190451025208,-0.9659258262890684,1.2246467991473532e-16,-1.0,55.91,229.5,0.1103,0.0236,3.5733656007180796
2026-06-19 08:30:00+00:00,25.67,81.275,29.8,37.8,45,994.7,0.0,1.9777952441812447,-2.1209257346955948,0.0004683840749414,-0.4999999999999998,-0.8660254037844388,1.2246467991473532e-16,-1.0,55.91,229.5,0.1103,0.0236,0.7188959036076287
2026-06-19 09:30:00+00:00,25.346666666666664,74.2,30.100000000000005,36.5,50,994.3,0.5,4.672871103025766,-3.921004419087889,0.0010752688172043,-0.7071067811865471,-0.7071067811865479,1.2246467991473532e-16,-1.0,55.91,229.5,0.1103,0.0236,1.766050235215313
2026-06-19 10:30:00+00:00,25.413333333333338,77.67500000000001,30.175000000000004,36.7,48,993.6,0.0,-2.659793604243744,-2.852279436314765,0.00125,-0.8660254037844384,-0.5000000000000004,1.2246467991473532e-16,-1.0,55.91,229.5,0.1103,0.0236,4.860953445998372
2026-06-19 11:30:00+00:00,25.48,81.15,30.25,36.5,45,994.1,0.0,-7.434267510684864,-4.120881772093865,0.0033898305084745,-0.9659258262890684,-0.2588190451025206,1.2246467991473532e-16,-1.0,55.91,229.5,0.1103,0.0236,4.416388474726049
2026-06-19 12:30:00+00:00,25.2,69.675,34.875,34.2,59,994.6,0.0,-12.392446255036788,-0.4327537591110134,0.0043478260869565,-1.0,-1.8369701987210292e-16,1.2246467991473532e-16,-1.0,55.91,229.5,0.1103,0.0236,1.063303049443947
2026-06-19 13:30:00+00:00,25.94333333333333,59.0,33.3,33.3,62,995.6,0.0,-10.793921949283115,1.5169868004647125,0.0043478260869565,-0.9659258262890684,0.2588190451025203,1.2246467991473532e-16,-1.0,55.91,229.5,0.1103,0.0236,2.345800058474137
2026-06-19 14:30:00+00:00,25.77,55.6,31.600000000000005,32.6,66,996.5,0.0,-10.798355107689028,-0.1884859895226604,0.0043478260869565,-0.8660254037844386,0.5000000000000001,1.2246467991473532e-16,-1.0,55.91,229.5,0.1103,0.0236,2.0613790939751575
2026-06-19 15:30:00+00:00,25.2275,56.7,35.45,32.1,69,997.3,0.0,-10.96254549171121,4.8808397169096,0.0025316455696202,-0.7071067811865477,0.7071067811865474,1.2246467991473532e-16,-1.0,55.91,229.5,0.1103,0.0236,0.9079480192267347
2026-06-19 16:30:00+00:00,25.4625,54.675,43.85,31.3,68,997.5,0.0,-5.773319455116464,6.641444305960395,0.0047619047619047,-0.5000000000000004,0.8660254037844384,1.2246467991473532e-16,-1.0,55.91,229.5,0.1103,0.0236,3.2422081790197845
2026-06-19 17:30:00+00:00,24.786666666666665,50.0,39.6,30.7,77,997.2,0.0,-9.387117626692994,0.49195798868367,0.0052631578947368,-0.2588190451025215,0.965925826289068,1.2246467991473532e-16,-1.0,55.91,229.5,0.1103,0.0236,1.968224479568954
2026-06-19 18:30:00+00:00,23.52833333333333,51.45,38.3,30.0,79,997.0,0.0,-6.986129229187175,1.741837648317608,0.0071428571428571,0.0,1.0,1.2246467991473532e-16,-1.0,55.91,229.5,0.1103,0.0236,4.961423182474822
2026-06-19 19:30:00+00:00,22.27,52.9,37.0,29.6,81,996.6,0.0,-6.713181886755149,2.3115338966458103,0.0083333333333333,0.2588190451025207,0.9659258262890684,1.2246467991473532e-16,-1.0,55.91,229.5,0.1103,0.0236,4.695080664516772
2026-06-19 20:30:00+00:00,24.305,58.075,34.7,29.3,80,996.2,0.1,-1.2978713763747796,3.994437368439645,0.0105263157894736,0.4999999999999999,0.8660254037844387,1.2246467991473532e-16,-1.0,55.91,229.5,0.1103,0.0236,4.447015511206663
2026-06-19 21:30:00+00:00,24.2225,51.7,33.4,29.0,78,995.7,0.0,0.1640276345017542,4.697136886989751,0.0083333333333333,0.7071067811865475,0.7071067811865476,1.2246467991473532e-16,-1.0,55.91,229.5,0.1103,0.0236,0.20303836523866303
2026-06-19 22:30:00+00:00,24.455,53.025,31.825,28.8,79,995.8,0.0,-2.816687638038912e-16,2.3,0.0285714285714285,0.8660254037844386,0.5000000000000001,1.2246467991473532e-16,-1.0,55.91,229.5,0.1103,0.0236,2.799096034117695
2026-06-19 23:30:00+00:00,22.5725,58.0,36.475,28.9,81,996.6,0.0,1.9607005260540973,3.0192140446035265,0.0068965517241379,0.9659258262890684,0.2588190451025207,1.2246467991473532e-16,-1.0,55.91,229.5,0.1103,0.0236,2.320879241851015
2026-06-20 00:30:00+00:00,25.045,55.0,34.0,29.3,82,996.8,0.0,-0.8732291014345892,-4.108219923081984,0.0035087719298245,1.0,6.123233995736766e-17,1.2246467991473532e-16,-1.0,55.91,229.5,0.1103,0.0236,4.160095209936471
2026-06-20 01:30:00+00:00,24.836666666666662,57.6,32.9,30.3,79,997.4,0.0,-4.46645768238595,0.5484120453231631,0.0021505376344086,0.9659258262890684,-0.2588190451025206,1.2246467991473532e-16,-1.0,55.91,229.5,0.1103,0.0236,4.288172716689351
2026-06-20 02:30:00+00:00,26.3525,60.625,31.525,31.7,73,997.3,0.0,-1.0863591209061454,2.688833178243683,0.0017699115044247,0.8660254037844387,-0.4999999999999998,1.2246467991473532e-16,-1.0,55.91,229.5,0.1103,0.0236,2.8029861434501395
2026-06-20 03:30:00+00:00,24.79,63.8,34.875,33.3,66,997.3,0.0,-0.7321259575364408,1.6443818237566814,0.0013698630136986,0.7071067811865476,-0.7071067811865475,1.2246467991473532e-16,-1.0,55.91,229.5,0.1103,0.0236,0.19547839767545094
2026-06-20 04:30:00+00:00,25.3625,63.1,32.2,34.7,61,997.1,0.0,-6.123233995736766e-17,0.5,0.0010152284263959,0.4999999999999999,-0.8660254037844387,1.2246467991473532e-16,-1.0,55.91,229.5,0.1103,0.0236,0.6942314943712835
2026-06-20 05:30:00+00:00,25.816666666666663,63.70000000000001,29.399999999999995,35.7,56,997.4,0.0,1.4307820134296558,-2.2897298596223488,0.0008097165991902,0.258819045102521,-0.9659258262890682,1.2246467991473532e-16,-1.0,55.91,229.5,0.1103,0.0236,2.1729196583855743
2026-06-20 06:30:00+00:00,26.53,70.825,33.9,36.3,53,996.9,0.0,0.366054119540165,-4.184017731985332,0.0007380073800738,1.2246467991473532e-16,-1.0,1.2246467991473532e-16,-1.0,55.91,229.5,0.1103,0.0236,2.1351377570721013
2026-06-20 07:30:00+00:00,25.2425,74.875,34.975,36.7,51,995.9,0.0,0.5533460865919795,-2.846718831998225,0.000632911392405,-0.2588190451025208,-0.9659258262890684,1.2246467991473532e-16,-1.0,55.91,229.5,0.1103,0.0236,0.5004056457464195
2026-06-20 08:30:00+00:00,25.343333333333337,71.73333333333333,32.9,36.7,51,995.4,0.0,1.250000000000001,-2.165063509461096,0.0006060606060606,-0.4999999999999998,-0.8660254037844388,1.2246467991473532e-16,-1.0,55.91,229.5,0.1103,0.0236,4.70712538988672
2026-06-20 09:30:00+00:00,24.496666666666663,78.36666666666667,33.2,36.6,51,994.5,0.0,2.1823947521999947,-2.340331845181346,0.0006191950464396,-0.7071067811865471,-0.7071067811865479,1.2246467991473532e-16,-1.0,55.91,229.5,0.1103,0.0236,3.5100798195130176
2026-06-20 10:30:00+00:00,23.84,75.8,30.75,36.2,51,993.8,0.0,5.256938492711371,-2.678543948463325,0.0006802721088435,-0.8660254037844384,-0.5000000000000004,1.2246467991473532e-16,-1.0,55.91,229.5,0.1103,0.0236,1.685907132085434
2026-06-20 11:30:00+00:00,26.3,77.8,42.075,36.1,50,993.7,0.0,-4.996174644486022,-6.876644452187053,0.0017241379310344,-0.9659258262890684,-0.2588190451025206,1.2246467991473532e-16,-1.0,55.91,229.5,0.1103,0.0236,4.077757870805625
2026-06-20 12:30:00+00:00,24.0875,76.8,36.075,33.8,65,994.2,0.0,-9.516231763884823,-4.437491748277344,0.0041666666666666,-1.0,-1.8369701987210292e-16,1.2246467991473532e-16,-1.0,55.91,229.5,0.1103,0.0236,3.6697593678733345
2026-06-20 13:30:00+00:00,26.09,77.55,32.1,33.2,65,995.1,0.0,-9.030970087718508,-1.755442757464213,0.006060606060606,-0.9659258262890684,0.2588190451025203,1.2246467991473532e-16,-1.0,55.91,229.5,0.1103,0.0236,0.3482380847291566
2026-06-20 14:30:00+00:00,24.777500000000003,92.6,31.4,32.7,65,996.3,0.0,-9.506573459919077,1.3360617692166274,0.0057142857142857,-0.8660254037844386,0.5000000000000001,1.2246467991473532e-16,-1.0,55.91,229.5,0.1103,0.0236,1.0188139113014505
2026-06-20 15:30:00+00:00,27.52,96.925,29.7,32.4,66,996.9,0.0,-8.30888721782426,4.605691392340201,0.0068965517241379,-0.7071067811865477,0.7071067811865474,1.2246467991473532e-16,-1.0,55.91,229.5,0.1103,0.0236,3.7367564971506635
2026-06-20 16:30:00+00:00,25.87,105.05,29.4,32.0,67,996.9,0.0,-6.801589425058287,6.342584748581236,0.0058823529411764,-0.5000000000000004,0.8660254037844384,1.2246467991473532e-16,-1.0,55.91,229.5,0.1103,0.0236,4.797624081024937
2026-06-20 17:30:00+00:00,25.12333333333333,91.90000000000002,29.2,31.3,70,995.5,0.0,-4.326319829244457,7.200205325897743,0.0111111111111111,-0.2588190451025215,0.965925826289068,1.2246467991473532e-16,-1.0,55.91,229.5,0.1103,0.0236,3.936032807302846
2026-06-20 18:30:00+00:00,25.4,74.8,29.5,30.9,74,995.0,0.0,-3.938161190359571,5.420413862312147,0.0105263157894736,0.0,1.0,1.2246467991473532e-16,-1.0,55.91,229.5,0.1103,0.0236,1.7038900211142272
2026-06-20 19:30:00+00:00,24.91,72.625,28.7,30.5,77,994.7,0.0,-4.658019105832602,5.358438019581681,0.009090909090909,0.2588190451025207,0.9659258262890684,1.2246467991473532e-16,-1.0,55.91,229.5,0.1103,0.0236,2.939376980689803
2026-06-20 20:30:00+00:00,25.86,80.625,28.725,29.7,82,994.8,0.0,-8.306962106085987,-2.2258437878816784,0.0066666666666666,0.4999999999999999,0.8660254037844387,1.2246467991473532e-16,-1.0,55.91,229.5,0.1103,0.0236,0.5385813967179504
2026-06-20 21:30:00+00:00,25.6775,86.95,31.8,29.4,81,994.9,0.0,-7.0470776766533865,0.8652723381765463,0.0083333333333333,0.7071067811865475,0.7071067811865476,1.2246467991473532e-16,-1.0,55.91,229.5,0.1103,0.0236,0.9095447364958092
2026-06-20 22:30:00+00:00,27.5375,98.025,30.525,29.0,82,994.9,0.0,-7.7,-4.71489017671731e-16,0.0083333333333333,0.8660254037844386,0.5000000000000001,1.2246467991473532e-16,-1.0,55.91,229.5,0.1103,0.0236,0.8613099700423071
2026-06-20 23:30:00+00:00,23.9325,103.175,33.0,30.0,81,995.0,0.0,-1.215537243668512,6.893654271085456,0.0105263157894736,0.9659258262890684,0.2588190451025207,1.2246467991473532e-16,-1.0,55.91,229.5,0.1103,0.0236,4.1123754191313475
2026-06-21 00:30:00+00:00,25.565,93.775,31.6,31.1,73,995.6,0.0,2.873858047687014,8.844825601544928,0.0035087719298245,1.0,6.123233995736766e-17,1.2246467991473532e-16,-1.0,55.91,229.5,0.1103,0.0236,4.139447004267836
2026-06-21 01:30:00+00:00,25.375,84.475,30.6,32.3,64,995.9,0.0,4.550088123240236,5.05338481324628,0.003030303030303,0.9659258262890684,-0.2588190451025206,1.2246467991473532e-16,-1.0,55.91,229.5,0.1103,0.0236,4.143408858335264
2026-06-21 02:30:00+00:00,26.445,79.0,29.700000000000003,33.8,58,996.0,0.0,4.886401628086722,1.7785047452934808,0.0022727272727272,0.8660254037844387,-0.4999999999999998,1.2246467991473532e-16,-1.0,55.91,229.5,0.1103,0.0236,2.3667478233320405
2026-06-21 03:30:00+00:00,23.3275,78.8,48.55,35.5,52,996.0,0.0,7.7994487525230385,2.838767189603056,0.0013793103448275,0.7071067811865476,-0.7071067811865475,1.2246467991473532e-16,-1.0,55.91,229.5,0.1103,0.0236,2.9404555287915595
2026-06-21 04:30:00+00:00,24.83,79.325,39.85,36.7,49,995.4,0.0,8.652886410017485,4.600821315301729,0.0010526315789473,0.4999999999999999,-0.8660254037844387,1.2246467991473532e-16,-1.0,55.91,229.5,0.1103,0.0236,4.398203582460197
2026-06-21 05:30:00+00:00,26.67,83.4,34.9,37.4,45,995.0,0.0,7.727366045797067,-1.6425023574602928,0.0006872852233676,0.258819045102521,-0.9659258262890682,1.2246467991473532e-16,-1.0,55.91,229.5,0.1103,0.0236,1.4014263568225438
2026-06-21 06:30:00+00:00,25.14,85.025,32.349999999999994,37.7,39,994.3,0.0,8.588939923774259,-3.2969851358167555,0.0004914004914004,1.2246467991473532e-16,-1.0,1.2246467991473532e-16,-1.0,55.91,229.5,0.1103,0.0236,1.8346691483573259
2026-06-21 07:30:00+00:00,24.57,91.925,38.825,38.3,36,993.3,0.0,10.242649566566405,-3.728019562249783,0.0004329004329004,-0.2588190451025208,-0.9659258262890684,1.2246467991473532e-16,-1.0,55.91,229.5,0.1103,0.0236,0.7124400387035185
2026-06-21 08:30:00+00:00,26.3375,99.7,43.775,38.3,35,992.9,0.0,11.93948742412413,-6.083472696509925,0.0004319654427645,-0.4999999999999998,-0.8660254037844388,1.2246467991473532e-16,-1.0,55.91,229.5,0.1103,0.0236,4.7189259702725215
2026-06-21 09:30:00+00:00,26.676666666666662,101.5,38.766666666666666,38.0,36,992.7,0.0,10.661808847998484,-2.2662374299135686,0.0004545454545454,-0.7071067811865471,-0.7071067811865479,1.2246467991473532e-16,-1.0,55.91,229.5,0.1103,0.0236,4.592148776796173
2026-06-21 10:30:00+00:00,26.3625,101.925,34.2,37.4,38,992.3,0.0,9.694091022085226,0.338525118014266,0.0005141388174807,-0.8660254037844384,-0.5000000000000004,1.2246467991473532e-16,-1.0,55.91,229.5,0.1103,0.0236,2.3726134450779024
2026-06-21 11:30:00+00:00,22.756666666666664,104.3,32.9,37.0,45,991.9,0.0,5.072061666378194,-0.5330951626650302,0.0028985507246376,-0.9659258262890684,-0.2588190451025206,1.2246467991473532e-16,-1.0,55.91,229.5,0.1103,0.0236,4.22193774297149
2026-06-21 12:30:00+00:00,26.245,101.95,32.8,36.5,46,992.9,0.0,2.8862450335600065,1.5998717468129116,0.009090909090909,-1.0,-1.8369701987210292e-16,1.2246467991473532e-16,-1.0,55.91,229.5,0.1103,0.0236,3.4774609969264065
2026-06-21 13:30:00+00:00,28.27,116.55,30.575000000000003,35.5,49,993.9,0.0,-0.3746065934159122,0.9271838545667872,0.05,-0.9659258262890684,0.2588190451025203,1.2246467991473532e-16,-1.0,55.91,229.5,0.1103,0.0236,1.5470161461293435
2026-06-21 14:30:00+00:00,24.61,150.275,30.125,34.5,53,994.9,0.0,-3.205392292293744,3.437362397610101,0.02,-0.8660254037844386,0.5000000000000001,1.2246467991473532e-16,-1.0,55.91,229.5,0.1103,0.0236,4.9890468224999545
2026-06-21 15:30:00+00:00,25.5775,141.25,38.775,33.3,58,995.8,0.0,-3.5570094905869563,9.772803256173448,0.01,-0.7071067811865477,0.7071067811865474,1.2246467991473532e-16,-1.0,55.91,229.5,0.1103,0.0236,3.596987302288947
2026-06-21 16:30:00+00:00,26.543333333333333,125.16666666666669,36.06666666666667,32.1,58,996.2,0.0,0.4222839101002609,12.09262900693106,0.0052631578947368,-0.5000000000000004,0.8660254037844384,1.2246467991473532e-16,-1.0,55.91,229.5,0.1103,0.0236,4.4927025870753425
2026-06-21 17:30:00+00:00,23.06,115.8,34.3,32.7,55,995.1,0.0,-0.1762693050165627,10.098461721079552,0.0037037037037037,-0.2588190451025215,0.965925826289068,1.2246467991473532e-16,-1.0,55.91,229.5,0.1103,0.0236,1.322975489567535
2026-06-21 18:30:00+00:00,29.15,94.3,33.8,31.3,64,995.1,0.0,-0.606881321573892,8.67880723726047,0.0022988505747126,0.0,1.0,1.2246467991473532e-16,-1.0,55.91,229.5,0.1103,0.0236,1.1156025273358532
2026-06-21 19:30:00+00:00,25.53,80.52499999999999,42.0,30.7,64,995.1,0.0,3.404495520680354,8.869014051723415,0.0021978021978021,0.2588190451025207,0.9659258262890684,1.2246467991473532e-16,-1.0,55.91,229.5,0.1103,0.0236,4.079286313250275
2026-06-21 20:30:00+00:00,26.3625,62.475,38.975,30.0,68,995.1,0.0,-1.0863591209061454,2.688833178243683,0.0027397260273972,0.4999999999999999,0.8660254037844387,1.2246467991473532e-16,-1.0,55.91,229.5,0.1103,0.0236,3.9665978535651423
2026-06-21 21:30:00+00:00,24.743333333333336,57.79999999999999,34.43333333333333,29.7,69,995.5,0.0,-1.2496402047198143,-0.3583285625620989,0.0333333333333333,0.7071067811865475,0.7071067811865476,1.2246467991473532e-16,-1.0,55.91,229.5,0.1103,0.0236,0.36420547903348255
2026-06-21 22:30:00+00:00,24.89333333333333,56.9,36.3,29.2,76,995.7,0.0,-2.67372378560224,0.3757673725921764,0.0333333333333333,0.8660254037844386,0.5000000000000001,1.2246467991473532e-16,-1.0,55.91,229.5,0.1103,0.0236,4.77545866888603
2026-06-21 23:30:00+00:00,25.23,63.675,38.4,29.2,76,996.3,0.0,-4.46125757987694,4.16018999638124,0.0058823529411764,0.9659258262890684,0.2588190451025207,1.2246467991473532e-16,-1.0,55.91,229.5,0.1103,0.0236,3.3965941157790134
2026-06-22 00:30:00+00:00,24.1075,44.475,38.675,29.8,71,996.2,0.0,-3.858919247786148,7.573555455601126,0.003076923076923,1.0,6.123233995736766e-17,1.2246467991473532e-16,-1.0,55.91,229.5,0.1103,0.0236,4.401239539117419
2026-06-22 01:30:00+00:00,24.9425,41.05,34.275,31.1,64,996.3,0.0,1.461317560080688,10.397814721786489,0.0021505376344086,0.9659258262890684,-0.2588190451025206,1.2246467991473532e-16,-1.0,55.91,229.5,0.1103,0.0236,0.4099722275755263
2026-06-22 02:30:00+00:00,26.3025,46.425,31.7,32.8,60,996.5,0.0,4.550000000000001,7.8808311744383905,0.0015151515151515,0.8660254037844387,-0.4999999999999998,1.2246467991473532e-16,-1.0,55.91,229.5,0.1103,0.0236,4.765033002049957
2026-06-22 03:30:00+00:00,25.385,50.475,30.7,34.5,54,996.5,0.0,6.985561359487504,6.289827699773269,0.0011299435028248,0.7071067811865476,-0.7071067811865475,1.2246467991473532e-16,-1.0,55.91,229.5,0.1103,0.0236,1.9349638317149886
2026-06-22 04:30:00+00:00,24.3925,46.225,31.0,35.9,50,996.5,0.0,8.083980388508804,2.6266444521870542,0.0008510638297872,0.4999999999999999,-0.8660254037844387,1.2246467991473532e-16,-1.0,55.91,229.5,0.1103,0.0236,3.9040780999588645
2026-06-22 05:30:00+00:00,23.1125,49.325,30.5,36.7,47,996.4,0.1,5.022519540362262,-0.8856057061013428,0.0006514657980456,0.258819045102521,-0.9659258262890682,1.2246467991473532e-16,-1.0,55.91,229.5,0.1103,0.0236,1.384499548560203
2026-06-22 06:30:00+00:00,23.9675,55.8,28.4,36.8,47,995.7,0.0,3.5802788233257843,0.3763024677635521,0.0005882352941176,1.2246467991473532e-16,-1.0,1.2246467991473532e-16,-1.0,55.91,229.5,0.1103,0.0236,1.8181944593246864
2026-06-22 07:30:00+00:00,24.89333333333333,70.46666666666667,38.96666666666667,36.7,46,994.7,0.0,8.3028386226597,5.391926446648768,0.0005420054200542,-0.2588190451025208,-0.9659258262890684,1.2246467991473532e-16,-1.0,55.91,229.5,0.1103,0.0236,0.45727222608484497
2026-06-22 08:30:00+00:00,24.5425,67.275,48.6,35.9,47,994.5,0.2,7.951649632608116,7.159697488039785,0.00078125,-0.4999999999999998,-0.8660254037844388,1.2246467991473532e-16,-1.0,55.91,229.5,0.1103,0.0236,3.9992516132088114
2026-06-22 09:30:00+00:00,24.24,64.2,47.3,35.3,48,993.7,0.0,3.223124729125852,9.360633898433235,0.0007751937984496,-0.7071067811865471,-0.7071067811865479,1.2246467991473532e-16,-1.0,55.91,229.5,0.1103,0.0236,3.055057702597473
2026-06-22 10:30:00+00:00,24.69833333333333,67.45,44.88333333333333,33.8,57,993.5,0.0,2.827598995121523,13.302807369979757,0.0019230769230769,-0.8660254037844384,-0.5000000000000004,1.2246467991473532e-16,-1.0,55.91,229.5,0.1103,0.0236,0.9842257068291921
2026-06-22 11:30:00+00:00,25.156666666666663,70.7,42.46666666666667,34.7,53,993.6,0.0,1.748967565225939,3.9282454678631846,0.0015625,-0.9659258262890684,-0.2588190451025206,1.2246467991473532e-16,-1.0,55.91,229.5,0.1103,0.0236,1.5993712378364093
2026-06-22 12:30:00+00:00,24.62333333333333,63.06666666666666,36.5,33.4,64,994.0,0.0,3.0689926202812425,3.2910916572862674,0.0117647058823529,-1.0,-1.8369701987210292e-16,1.2246467991473532e-16,-1.0,55.91,229.5,0.1103,0.0236,2.0674032340865507
2026-06-22 13:30:00+00:00,23.65333333333333,72.0,36.1,32.7,70,994.7,0.0,1.9607005260540973,3.0192140446035265,0.0222222222222222,-0.9659258262890684,0.2588190451025203,1.2246467991473532e-16,-1.0,55.91,229.5,0.1103,0.0236,0.8064675535271604
2026-06-22 14:30:00+00:00,24.005,72.5,33.425,32.2,74,995.0,0.0,-3.91886975727153e-16,3.2,0.025,-0.8660254037844386,0.5000000000000001,1.2246467991473532e-16,-1.0,55.91,229.5,0.1103,0.0236,2.4603271922629855
2026-06-22 15:30:00+00:00,26.675,59.85,37.1,31.7,76,995.7,0.0,-2.511473670974872,1.4499999999999995,0.025,-0.7071067811865477,0.7071067811865474,1.2246467991473532e-16,-1.0,55.91,229.5,0.1103,0.0236,4.979694091986261
2026-06-22 16:30:00+00:00,24.8375,53.6,35.349999999999994,31.2,79,995.6,0.0,-3.2910916572862674,3.0689926202812425,0.0181818181818181,-0.5000000000000004,0.8660254037844384,1.2246467991473532e-16,-1.0,55.91,229.5,0.1103,0.0236,4.612226891438965
2026-06-22 17:30:00+00:00,26.73,53.70000000000001,43.70000000000001,30.7,77,995.2,0.0,-6.304850211054155,2.547324835228202,0.008,-0.2588190451025215,0.965925826289068,1.2246467991473532e-16,-1.0,55.91,229.5,0.1103,0.0236,3.366472280127476
2026-06-22 18:30:00+00:00,25.18,58.1,37.4,29.8,83,994.9,0.0,-7.381973971922699,0.5161979057065275,0.0064516129032258,0.0,1.0,1.2246467991473532e-16,-1.0,55.91,229.5,0.1103,0.0236,3.977438966238784
2026-06-22 19:30:00+00:00,25.025,65.675,34.4,29.0,87,994.4,0.0,-6.496040375624123,-0.226846728566257,0.008695652173913,0.2588190451025207,0.9659258262890684,1.2246467991473532e-16,-1.0,55.91,229.5,0.1103,0.0236,4.749575100720346
2026-06-22 20:30:00+00:00,27.0125,63.525,32.0,28.2,90,993.9,0.0,-6.86918957886705,-4.29234604028896,0.0071428571428571,0.4999999999999999,0.8660254037844387,1.2246467991473532e-16,-1.0,55.91,229.5,0.1103,0.0236,2.577400770722111
2026-06-22 21:30:00+00:00,25.8125,54.675,30.9,27.6,92,993.6,0.0,-6.0916401620029,0.3192493330819561,0.008695652173913,0.7071067811865475,0.7071067811865476,1.2246467991473532e-16,-1.0,55.91,229.5,0.1103,0.0236,2.0040623697725146
2026-06-22 22:30:00+00:00,26.045,52.9,31.2,27.1,94,993.8,0.0,-7.534421012924615,-4.3500000000000005,0.00625,0.8660254037844386,0.5000000000000001,1.2246467991473532e-16,-1.0,55.91,229.5,0.1103,0.0236,0.022591256016353256
2026-06-22 23:30:00+00:00,27.2,52.6,31.4,29.5,77,993.5,0.0,1.2188143077363731,-1.9505106211597785,0.0166666666666666,0.9659258262890684,0.2588190451025207,1.2246467991473532e-16,-1.0,55.91,229.5,0.1103,0.0236,4.677568331021099
2026-06-23 00:30:00+00:00,24.0475,53.375,30.6,29.8,78,993.9,0.0,-2.149021206691005,-5.062776693988422,0.0058823529411764,1.0,6.123233995736766e-17,1.2246467991473532e-16,-1.0,55.91,229.5,0.1103,0.0236,4.503977080295672
2026-06-23 01:30:00+00:00,24.2975,48.125,30.8,31.0,74,993.9,0.0,-3.394112549695428,-3.394112549695428,0.0033898305084745,0.9659258262890684,-0.2588190451025206,1.2246467991473532e-16,-1.0,55.91,229.5,0.1103,0.0236,0.5593101144201668
2026-06-23 02:30:00+00:00,25.0525,52.525,28.775,32.5,68,994.2,0.0,-1.802134497435782,-1.2618681599723014,0.0022471910112359,0.8660254037844387,-0.4999999999999998,1.2246467991473532e-16,-1.0,55.91,229.5,0.1103,0.0236,3.7916194140909254
2026-06-23 03:30:00+00:00,25.6,58.5,43.5,34.2,62,994.5,0.0,-0.497422543533025,0.335515742082448,0.0015037593984962,0.7071067811865476,-0.7071067811865475,1.2246467991473532e-16,-1.0,55.91,229.5,0.1103,0.0236,4.083784229611791
2026-06-23 04:30:00+00:00,,,,35.8,54,994.5,0.0,1.7677669529663689,1.767766952966369,0.0008888888888888,0.4999999999999999,-0.8660254037844387,1.2246467991473532e-16,-1.0,55.91,229.5,0.1103,0.0236,
2026-06-23 05:30:00+00:00,,,,37.4,47,994.2,0.0,7.399718206905067,3.294566808913981,0.00062893081761,0.258819045102521,-0.9659258262890682,1.2246467991473532e-16,-1.0,55.91,229.5,0.1103,0.0236,
2026-06-23 06:30:00+00:00,,,,37.5,46,993.7,0.0,8.274191691767834,2.6884478510620435,0.0004504504504504,1.2246467991473532e-16,-1.0,1.2246467991473532e-16,-1.0,55.91,229.5,0.1103,0.0236,
2026-06-23 07:30:00+00:00,,,,38.2,38,992.4,0.0,11.555858497864248,1.0110066158728357,0.0004716981132075,-0.2588190451025208,-0.9659258262890684,1.2246467991473532e-16,-1.0,55.91,229.5,0.1103,0.0236,
2026-06-23 08:30:00+00:00,,,,38.2,36,991.6,0.0,14.917828430524102,-1.567926949014795,0.0004889975550122,-0.4999999999999998,-0.8660254037844388,1.2246467991473532e-16,-1.0,55.91,229.5,0.1103,0.0236,
2026-06-23 09:30:00+00:00,,,,37.9,36,990.9,0.0,15.079305974794064,-0.7902729392684535,0.0005509641873278,-0.7071067811865471,-0.7071067811865479,1.2246467991473532e-16,-1.0,55.91,229.5,0.1103,0.0236,
2026-06-23 10:30:00+00:00,24.01,110.1,32.8,37.5,37,990.8,0.0,12.813733569612852,2.723643149712653,0.0005102040816326,-0.8660254037844384,-0.5000000000000004,1.2246467991473532e-16,-1.0,55.91,229.5,0.1103,0.0236,2.586913401540885
2026-06-23 11:30:00+00:00,,,,36.9,40,990.8,0.0,4.802159507540139,-6.146483878132427,0.0025316455696202,-0.9659258262890684,-0.2588190451025206,1.2246467991473532e-16,-1.0,55.91,229.5,0.1103,0.0236,
2026-06-23 12:30:00+00:00,,,,35.0,51,991.7,0.0,0.8777213787321054,-4.515485043859254,0.0111111111111111,-1.0,-1.8369701987210292e-16,1.2246467991473532e-16,-1.0,55.91,229.5,0.1103,0.0236,
2026-06-23 13:30:00+00:00,,,,34.5,56,992.7,0.0,-1.616796077701761,-0.5253288904374106,0.0333333333333333,-0.9659258262890684,0.2588190451025203,1.2246467991473532e-16,-1.0,55.91,229.5,0.1103,0.0236,
2026-06-23 14:30:00+00:00,,,,33.6,61,993.7,0.0,-1.7669289302057951,0.3434561916777806,0.0222222222222222,-0.8660254037844386,0.5000000000000001,1.2246467991473532e-16,-1.0,55.91,229.5,0.1103,0.0236,
2026-06-23 15:30:00+00:00,,,,33.0,64,994.7,0.0,-1.2830062863787122,1.115300349283863,0.0333333333333333,-0.7071067811865477,0.7071067811865474,1.2246467991473532e-16,-1.0,55.91,229.5,0.1103,0.0236,
2026-06-23 16:30:00+00:00,,,,32.6,67,994.7,0.0,-2.0098000068137223,-0.8948206147667606,0.04,-0.5000000000000004,0.8660254037844384,1.2246467991473532e-16,-1.0,55.91,229.5,0.1103,0.0236,
2026-06-23 17:30:00+00:00,,,,32.0,66,994.1,0.0,-5.386845871403051,0.3766849582182768,0.0181818181818181,-0.2588190451025215,0.965925826289068,1.2246467991473532e-16,-1.0,55.91,229.5,0.1103,0.0236,
2026-06-23 18:30:00+00:00,,,,31.5,68,993.7,0.0,-1.846908773958612,5.074340152243905,0.0181818181818181,0.0,1.0,1.2246467991473532e-16,-1.0,55.91,229.5,0.1103,0.0236,
2026-06-23 19:30:00+00:00,,,,30.7,69,993.3,0.0,1.1968886682565634,8.516305391177504,0.0105263157894736,0.2588190451025207,0.9659258262890684,1.2246467991473532e-16,-1.0,55.91,229.5,0.1103,0.0236,
2026-06-23 20:30:00+00:00,,,,30.2,67,993.6,0.0,5.051654523226907,5.811263767715344,0.00625,0.4999999999999999,0.8660254037844387,1.2246467991473532e-16,-1.0,55.91,229.5,0.1103,0.0236,
2026-06-23 21:30:00+00:00,,,,29.9,62,993.6,0.0,4.095760221444958,2.867882181755232,0.0051282051282051,0.7071067811865475,0.7071067811865476,1.2246467991473532e-16,-1.0,55.91,229.5,0.1103,0.0236,
2026-06-23 22:30:00+00:00,,,,29.1,71,994.4,0.0,-2.7361611466053497,-7.517540966287267,0.0095238095238095,0.8660254037844386,0.5000000000000001,1.2246467991473532e-16,-1.0,55.91,229.5,0.1103,0.0236,
2026-06-23 23:30:00+00:00,,,,29.1,74,994.4,0.0,5.074340152243905,1.8469087739586147,0.0058823529411764,0.9659258262890684,0.2588190451025207,1.2246467991473532e-16,-1.0,55.91,229.5,0.1103,0.0236,
2026-06-24 00:30:00+00:00,,,,30.0,63,995.0,0.0,4.727592877996584,1.6278407722857833,0.003125,1.0,6.123233995736766e-17,1.2246467991473532e-16,-1.0,55.91,229.5,0.1103,0.0236,
2026-06-24 01:30:00+00:00,,,,31.6,56,995.4,0.0,8.987665812791164,0.4710236061864987,0.0021505376344086,0.9659258262890684,-0.2588190451025206,1.2246467991473532e-16,-1.0,55.91,229.5,0.1103,0.0236,
2026-06-24 02:30:00+00:00,,,,33.3,52,995.1,0.0,11.892750841527238,0.4153040107597696,0.0016260162601626,0.8660254037844387,-0.4999999999999998,1.2246467991473532e-16,-1.0,55.91,229.5,0.1103,0.0236,
2026-06-24 03:30:00+00:00,,,,34.9,48,995.3,0.0,12.070525008143871,-0.8440533323039151,0.0012987012987012,0.7071067811865476,-0.7071067811865475,1.2246467991473532e-16,-1.0,55.91,229.5,0.1103,0.0236,
2026-06-24 04:30:00+00:00,,,,36.4,44,995.1,0.0,10.044671143219562,-1.0557374790032952,0.0009756097560975,0.4999999999999999,-0.8660254037844387,1.2246467991473532e-16,-1.0,55.91,229.5,0.1103,0.0236,
2026-06-24 05:30:00+00:00,,,,37.9,37,995.1,0.0,11.198294185751582,-0.195466952097571,0.0005649717514124,0.258819045102521,-0.9659258262890682,1.2246467991473532e-16,-1.0,55.91,229.5,0.1103,0.0236,
2026-06-24 06:30:00+00:00,,,,37.9,37,994.2,0.2,9.227295524408042,-1.793604556539516,0.0005115089514066,1.2246467991473532e-16,-1.0,1.2246467991473532e-16,-1.0,55.91,229.5,0.1103,0.0236,
2026-06-24 07:30:00+00:00,,,,38.2,34,993.5,0.0,8.279781617156543,-0.5789787320762394,0.0004819277108433,-0.2588190451025208,-0.9659258262890684,1.2246467991473532e-16,-1.0,55.91,229.5,0.1103,0.0236,
2026-06-24 08:30:00+00:00,,,,38.3,34,993.0,0.0,7.95642495546317,1.9837595439172755,0.000473933649289,-0.4999999999999998,-0.8660254037844388,1.2246467991473532e-16,-1.0,55.91,229.5,0.1103,0.0236,
2026-06-24 09:30:00+00:00,,,,38.0,35,992.3,0.0,8.790426231296726,1.3922667388580563,0.0005141388174807,-0.7071067811865471,-0.7071067811865479,1.2246467991473532e-16,-1.0,55.91,229.5,0.1103,0.0236,
2026-06-24 10:30:00+00:00,,,,37.5,36,991.9,0.0,9.149601437388114,0.9616618620624108,0.0005899705014749,-0.8660254037844384,-0.5000000000000004,1.2246467991473532e-16,-1.0,55.91,229.5,0.1103,0.0236,
2026-06-24 11:30:00+00:00,,,,37.8,35,991.7,0.0,3.2910916572862656,3.068992620281245,0.0057142857142857,-0.9659258262890684,-0.2588190451025206,1.2246467991473532e-16,-1.0,55.91,229.5,0.1103,0.0236,
2026-06-24 12:30:00+00:00,,,,35.5,48,992.2,0.0,-2.535709570444197,5.437846722219899,0.0142857142857142,-1.0,-1.8369701987210292e-16,1.2246467991473532e-16,-1.0,55.91,229.5,0.1103,0.0236,
2026-06-24 13:30:00+00:00,,,,34.4,51,993.1,0.0,-3.3914832910925123,5.427507815401127,0.0117647058823529,-0.9659258262890684,0.2588190451025203,1.2246467991473532e-16,-1.0,55.91,229.5,0.1103,0.0236,
2026-06-24 14:30:00+00:00,,,,33.8,54,994.2,0.0,-3.0768930700880985,0.3777949645559568,0.025,-0.8660254037844386,0.5000000000000001,1.2246467991473532e-16,-1.0,55.91,229.5,0.1103,0.0236,
2026-06-24 15:30:00+00:00,,,,33.1,62,995.6,0.0,-4.636443966187528,-1.2423314164920995,0.0181818181818181,-0.7071067811865477,0.7071067811865474,1.2246467991473532e-16,-1.0,55.91,229.5,0.1103,0.0236,
2026-06-24 16:30:00+00:00,,,,32.3,68,996.2,0.0,-5.359035356318794,1.2372307988912563,0.0153846153846153,-0.5000000000000004,0.8660254037844384,1.2246467991473532e-16,-1.0,55.91,229.5,0.1103,0.0236,
2026-06-24 17:30:00+00:00,,,,32.1,67,995.6,0.0,-8.09904439288013,-1.2827626133298935,0.0153846153846153,-0.2588190451025215,0.965925826289068,1.2246467991473532e-16,-1.0,55.91,229.5,0.1103,0.0236,
2026-06-24 18:30:00+00:00,,,,31.7,66,995.2,0.0,-8.453436110630324,0.8884919377750533,0.0142857142857142,0.0,1.0,1.2246467991473532e-16,-1.0,55.91,229.5,0.1103,0.0236,
2026-06-24 19:30:00+00:00,,,,31.4,67,994.8,0.0,-2.3599389889471154,6.483879083422767,0.0153846153846153,0.2588190451025207,0.9659258262890684,1.2246467991473532e-16,-1.0,55.91,229.5,0.1103,0.0236,
2026-06-24 20:30:00+00:00,,,,30.7,70,994.8,0.0,0.6013746249588399,6.873743416833045,0.0166666666666666,0.4999999999999999,0.8660254037844387,1.2246467991473532e-16,-1.0,55.91,229.5,0.1103,0.0236,
2026-06-24 21:30:00+00:00,,,,30.6,65,995.2,0.0,8.426488874308756,7.070663706551934,0.0057142857142857,0.7071067811865475,0.7071067811865476,1.2246467991473532e-16,-1.0,55.91,229.5,0.1103,0.0236,
2026-06-24 22:30:00+00:00,,,,30.4,64,995.5,0.0,5.544186462636861,-2.017918845621442,0.0052631578947368,0.8660254037844386,0.5000000000000001,1.2246467991473532e-16,-1.0,55.91,229.5,0.1103,0.0236,
2026-06-24 23:30:00+00:00,,,,30.1,76,995.7,0.0,-5.766727053863697,3.6034509967857926,0.0153846153846153,0.9659258262890684,0.2588190451025207,1.2246467991473532e-16,-1.0,55.91,229.5,0.1103,0.0236,
2026-06-25 00:30:00+00:00,,,,30.8,73,996.1,0.0,-6.62549748676885,4.302648376618715,0.008695652173913,1.0,6.123233995736766e-17,1.2246467991473532e-16,-1.0,55.91,229.5,0.1103,0.0236,
2026-06-25 01:30:00+00:00,,,,32.9,61,996.7,0.0,-4.830441365603063,4.349348941332579,0.0034482758620689,0.9659258262890684,-0.2588190451025206,1.2246467991473532e-16,-1.0,55.91,229.5,0.1103,0.0236,
2026-06-25 02:30:00+00:00,,,,34.0,57,996.8,0.0,-5.248420764330322,-0.7376174350883481,0.0013986013986013,0.8660254037844387,-0.4999999999999998,1.2246467991473532e-16,-1.0,55.91,229.5,0.1103,0.0236,
2026-06-25 03:30:00+00:00,,,,35.2,54,996.9,0.0,-6.28241397406505,1.2211775704098868,0.0011834319526627,0.7071067811865476,-0.7071067811865475,1.2246467991473532e-16,-1.0,55.91,229.5,0.1103,0.0236,
2026-06-25 04:30:00+00:00,,,,36.2,52,996.7,0.0,-6.998933866094739,-0.1221668450609836,0.0009049773755656,0.4999999999999999,-0.8660254037844387,1.2246467991473532e-16,-1.0,55.91,229.5,0.1103,0.0236,
2026-06-25 05:30:00+00:00,,,,37.8,46,996.0,0.0,-3.6,-2.2043642384652358e-16,0.0005479452054794,0.258819045102521,-0.9659258262890682,1.2246467991473532e-16,-1.0,55.91,229.5,0.1103,0.0236,
2026-06-25 06:30:00+00:00,,,,38.5,42,995.3,0.0,-0.5656854249492381,0.565685424949238,0.0005154639175257,1.2246467991473532e-16,-1.0,1.2246467991473532e-16,-1.0,55.91,229.5,0.1103,0.0236,
2026-06-25 07:30:00+00:00,,,,39.0,40,994.4,0.0,1.0606601717798212,1.0606601717798214,0.0004651162790697,-0.2588190451025208,-0.9659258262890684,1.2246467991473532e-16,-1.0,55.91,229.5,0.1103,0.0236,
2026-06-25 08:30:00+00:00,,,,39.0,39,993.8,0.0,2.8678964048465323,2.493024310163929,0.0004651162790697,-0.4999999999999998,-0.8660254037844388,1.2246467991473532e-16,-1.0,55.91,229.5,0.1103,0.0236,
2026-06-25 09:30:00+00:00,,,,38.9,39,993.0,0.0,5.430978635369398,2.305313658086716,0.0004796163069544,-0.7071067811865471,-0.7071067811865479,1.2246467991473532e-16,-1.0,55.91,229.5,0.1103,0.0236,
2026-06-25 10:30:00+00:00,,,,38.4,40,992.8,0.0,4.107753876587687,1.5768189779993234,0.0005,-0.8660254037844384,-0.5000000000000004,1.2246467991473532e-16,-1.0,55.91,229.5,0.1103,0.0236,
2026-06-25 11:30:00+00:00,,,,38.1,38,992.6,0.0,-3.956368901862581,-3.820621037524486,0.00625,-0.9659258262890684,-0.2588190451025206,1.2246467991473532e-16,-1.0,55.91,229.5,0.1103,0.0236,
2026-06-25 12:30:00+00:00,,,,36.1,53,993.5,0.0,-7.547628055792192,-4.716281451675524,0.0046511627906976,-1.0,-1.8369701987210292e-16,1.2246467991473532e-16,-1.0,55.91,229.5,0.1103,0.0236,
2026-06-25 13:30:00+00:00,,,,35.3,55,994.9,0.1,2.3225608791786545,5.748539898314082,0.009090909090909,-0.9659258262890684,0.2588190451025203,1.2246467991473532e-16,-1.0,55.91,229.5,0.1103,0.0236,
2026-06-25 14:30:00+00:00,,,,32.6,63,996.4,0.3,6.4721359549995805,-4.702282018339783,0.0066666666666666,-0.8660254037844386,0.5000000000000001,1.2246467991473532e-16,-1.0,55.91,229.5,0.1103,0.0236,
2026-06-25 15:30:00+00:00,,,,32.2,63,997.0,0.0,-0.1256573263484407,7.198903405126018,0.0111111111111111,-0.7071067811865477,0.7071067811865474,1.2246467991473532e-16,-1.0,55.91,229.5,0.1103,0.0236,
2026-06-25 16:30:00+00:00,25.4025,119.075,31.675,32.2,65,997.4,0.0,-3.9214025553257175,6.275555911557553,0.009090909090909,-0.5000000000000004,0.8660254037844384,1.2246467991473532e-16,-1.0,55.91,229.5,0.1103,0.0236,4.535169213052875
2026-06-25 17:30:00+00:00,25.01,85.825,32.099999999999994,32.6,59,996.2,0.0,-4.34934894133258,4.830441365603061,0.0142857142857142,-0.2588190451025215,0.965925826289068,1.2246467991473532e-16,-1.0,55.91,229.5,0.1103,0.0236,0.0657665137940211
2026-06-25 18:30:00+00:00,24.02,59.4,31.0,32.3,62,996.1,0.0,-1.5912350325892373,-0.1672455412282455,0.0153846153846153,0.0,1.0,1.2246467991473532e-16,-1.0,55.91,229.5,0.1103,0.0236,1.6353781694884866
2026-06-25 19:30:00+00:00,25.45,54.425,31.775,31.4,67,996.0,0.0,1.927170853303101,-9.914434552821406,0.0051282051282051,0.2588190451025207,0.9659258262890684,1.2246467991473532e-16,-1.0,55.91,229.5,0.1103,0.0236,1.275632184724675
2026-06-25 20:30:00+00:00,25.7125,45.875,31.325000000000003,30.4,74,996.4,0.0,-5.72681555855352,-7.072028249258435,0.0052631578947368,0.4999999999999999,0.8660254037844387,1.2246467991473532e-16,-1.0,55.91,229.5,0.1103,0.0236,3.6349282225641137
2026-06-25 21:30:00+00:00,24.7475,42.925,29.75,29.8,73,996.9,0.0,-2.7482940243937257,-8.989264706052534,0.0043478260869565,0.7071067811865475,0.7071067811865476,1.2246467991473532e-16,-1.0,55.91,229.5,0.1103,0.0236,3.0979508725306912
2026-06-25 22:30:00+00:00,25.96,43.825,28.25,29.4,75,996.7,0.0,-7.094130905705953,-6.615384092606234,0.0038461538461538,0.8660254037844386,0.5000000000000001,1.2246467991473532e-16,-1.0,55.91,229.5,0.1103,0.0236,0.6190975970091767
2026-06-25 23:30:00+00:00,24.1025,45.475,27.375,28.8,79,998.5,0.0,-3.380740392011739,0.905866657858823,0.0026666666666666,0.9659258262890684,0.2588190451025207,1.2246467991473532e-16,-1.0,55.91,229.5,0.1103,0.0236,3.2134274654626864
2026-06-26 00:30:00+00:00,26.0875,56.3,26.675,28.9,79,998.4,0.0,-6.275555911557553,-3.921402555325717,0.0035087719298245,1.0,6.123233995736766e-17,1.2246467991473532e-16,-1.0,55.91,229.5,0.1103,0.0236,1.011886810998951
2026-06-26 01:30:00+00:00,25.8525,50.8,25.65,30.2,75,998.6,0.0,-7.344841522145783,-0.9018331411980914,0.003076923076923,0.9659258262890684,-0.2588190451025206,1.2246467991473532e-16,-1.0,55.91,229.5,0.1103,0.0236,1.0448792878852375
2026-06-26 02:30:00+00:00,25.165,45.175,27.05,31.7,70,998.8,0.0,-7.198903405126018,-0.1256573263484403,0.002061855670103,0.8660254037844387,-0.4999999999999998,1.2246467991473532e-16,-1.0,55.91,229.5,0.1103,0.0236,4.259369469343934
2026-06-26 03:30:00+00:00,25.205,47.53333333333333,28.35,33.2,63,999.0,0.0,-5.196832300499298,-0.1814773828530056,0.0016129032258064,0.7071067811865476,-0.7071067811865475,1.2246467991473532e-16,-1.0,55.91,229.5,0.1103,0.0236,0.030888954561653637
2026-06-26 04:30:00+00:00,25.55,47.95,31.55,34.5,58,998.7,0.0,-6.1,-3.735172737399427e-16,0.001098901098901,0.4999999999999999,-0.8660254037844387,1.2246467991473532e-16,-1.0,55.91,229.5,0.1103,0.0236,0.33856273041725893
2026-06-26 05:30:00+00:00,25.1775,47.9,30.6,35.5,53,998.4,0.0,-7.185941174554808,2.474317973874389,0.0010526315789473,0.258819045102521,-0.9659258262890682,1.2246467991473532e-16,-1.0,55.91,229.5,0.1103,0.0236,0.8797367423017022
2026-06-26 06:30:00+00:00,26.9925,46.575,28.725,35.8,53,997.7,0.0,-6.120754566205426,2.72513550860786,0.0009174311926605,1.2246467991473532e-16,-1.0,1.2246467991473532e-16,-1.0,55.91,229.5,0.1103,0.0236,1.4714676793959036
2026-06-26 07:30:00+00:00,26.39,55.3,28.225,36.4,51,996.5,0.0,-2.899137802864845,2.8991378028648445,0.0006622516556291,-0.2588190451025208,-0.9659258262890684,1.2246467991473532e-16,-1.0,55.91,229.5,0.1103,0.0236,2.9969468857784425
2026-06-26 08:30:00+00:00,23.605,52.425,27.9,36.2,51,996.1,0.1,-0.5253288904374107,1.616796077701761,0.0006622516556291,-0.4999999999999998,-0.8660254037844388,1.2246467991473532e-16,-1.0,55.91,229.5,0.1103,0.0236,1.595244435513921
2026-06-26 09:30:00+00:00,25.6325,47.0,30.9,35.8,53,995.0,0.3,0.5706339097770922,-0.1854101966249683,0.0007490636704119,-0.7071067811865471,-0.7071067811865479,1.2246467991473532e-16,-1.0,55.91,229.5,0.1103,0.0236,1.44422657202669
2026-06-26 10:30:00+00:00,25.765,48.25,30.7,35.5,53,994.5,0.0,0.7071067811865477,-0.7071067811865474,0.0008474576271186,-0.8660254037844384,-0.5000000000000004,1.2246467991473532e-16,-1.0,55.91,229.5,0.1103,0.0236,3.824125866356461
2026-06-26 11:30:00+00:00,26.3175,48.775000000000006,37.175,36.2,48,994.4,0.0,-5.18418228388917,-1.101931961334125,0.0007168458781362,-0.9659258262890684,-0.2588190451025206,1.2246467991473532e-16,-1.0,55.91,229.5,0.1103,0.0236,1.8820052337413407
2026-06-26 12:30:00+00:00,25.8125,45.1,37.6,34.7,57,995.0,0.0,-5.918803930283578,-1.475723563157974,0.0068965517241379,-1.0,-1.8369701987210292e-16,1.2246467991473532e-16,-1.0,55.91,229.5,0.1103,0.0236,4.518138483608866
2026-06-26 13:30:00+00:00,24.8475,42.625,36.025000000000006,33.9,64,995.7,0.0,-4.98963653545486,-2.542346798541462,0.01,-0.9659258262890684,0.2588190451025203,1.2246467991473532e-16,-1.0,55.91,229.5,0.1103,0.0236,2.5595002578353427
2026-06-26 14:30:00+00:00,25.365,54.650000000000006,34.4,33.4,65,996.5,0.0,-5.767663311155832,-1.985965742188656,0.0125,-0.8660254037844386,0.5000000000000001,1.2246467991473532e-16,-1.0,55.91,229.5,0.1103,0.0236,2.1151754517959818
2026-06-26 15:30:00+00:00,25.585,72.57499999999999,41.4,33.3,65,997.5,0.0,-3.580278823325784,-0.3763024677635525,0.0181818181818181,-0.7071067811865477,0.7071067811865474,1.2246467991473532e-16,-1.0,55.91,229.5,0.1103,0.0236,3.4886443591945113
2026-06-26 16:30:00+00:00,27.1125,79.675,37.6,32.7,71,997.9,0.0,-4.367203067221817,-0.536225110982649,0.0153846153846153,-0.5000000000000004,0.8660254037844384,1.2246467991473532e-16,-1.0,55.91,229.5,0.1103,0.0236,3.129745151829495
2026-06-26 17:30:00+00:00,25.6875,75.675,44.375,30.6,83,997.6,0.0,1.5477406612453763,12.605336125844788,0.0074074074074074,-0.2588190451025215,0.965925826289068,1.2246467991473532e-16,-1.0,55.91,229.5,0.1103,0.0236,3.3769163921619567
2026-06-26 18:30:00+00:00,26.26,75.0,41.4,30.1,78,997.2,0.0,2.6696588665486853,7.753252319914396,0.008695652173913,0.0,1.0,1.2246467991473532e-16,-1.0,55.91,229.5,0.1103,0.0236,4.2728057387070715
2026-06-26 19:30:00+00:00,26.7775,71.675,39.525,30.4,72,996.9,0.0,1.0777488443215548,-0.7269507745119701,0.0166666666666666,0.2588190451025207,0.9659258262890684,1.2246467991473532e-16,-1.0,55.91,229.5,0.1103,0.0236,0.1825719978858764
2026-06-26 20:30:00+00:00,26.245,67.5,35.5,30.2,74,996.4,0.0,-1.4235782507653003,-3.197409101749103,0.0111111111111111,0.4999999999999999,0.8660254037844387,1.2246467991473532e-16,-1.0,55.91,229.5,0.1103,0.0236,2.3998424495321915
2026-06-26 21:30:00+00:00,26.7,66.57499999999999,33.025,29.8,78,996.5,0.0,-3.078307376628291,-3.94005376803361,0.0083333333333333,0.7071067811865475,0.7071067811865476,1.2246467991473532e-16,-1.0,55.91,229.5,0.1103,0.0236,3.77158123205053
2026-06-26 22:30:00+00:00,25.2175,63.725,32.15,29.8,78,996.5,0.0,-2.66295824562643,0.8652475842498525,0.008695652173913,0.8660254037844386,0.5000000000000001,1.2246467991473532e-16,-1.0,55.91,229.5,0.1103,0.0236,2.533682670055235
2026-06-26 23:30:00+00:00,25.415,64.85,31.15,29.7,86,996.8,0.0,-4.873157287304539,-0.512189470011502,0.0153846153846153,0.9659258262890684,0.2588190451025207,1.2246467991473532e-16,-1.0,55.91,229.5,0.1103,0.0236,4.258153187724195
2026-06-27 00:30:00+00:00,24.6375,65.275,31.35,30.7,80,997.2,0.0,-1.294095225512605,4.829629131445341,0.0071428571428571,1.0,6.123233995736766e-17,1.2246467991473532e-16,-1.0,55.91,229.5,0.1103,0.0236,3.266879734047228
2026-06-27 01:30:00+00:00,26.17,63.7,31.875,32.4,71,997.5,0.0,-1.4326213531414116,4.685893304218874,0.0033898305084745,0.9659258262890684,-0.2588190451025206,1.2246467991473532e-16,-1.0,55.91,229.5,0.1103,0.0236,0.29596790727826505
2026-06-27 02:30:00+00:00,26.84,64.10000000000001,31.325000000000003,34.0,63,997.8,0.0,2.138415658052083,-1.089577199374912,0.0011976047904191,0.8660254037844387,-0.4999999999999998,1.2246467991473532e-16,-1.0,55.91,229.5,0.1103,0.0236,1.3500774243218283
2026-06-27 03:30:00+00:00,24.89,77.525,33.3,31.4,71,998.0,1.1,-8.836846593143425,-3.75101883349703,0.003030303030303,0.7071067811865476,-0.7071067811865475,1.2246467991473532e-16,-1.0,55.91,229.5,0.1103,0.0236,3.311442108000216
2026-06-27 04:30:00+00:00,25.665,79.9,31.575,32.5,68,997.7,0.1,-6.7,-4.102566777143633e-16,0.0025641025641025,0.4999999999999999,-0.8660254037844387,1.2246467991473532e-16,-1.0,55.91,229.5,0.1103,0.0236,3.3412233876280943
2026-06-27 05:30:00+00:00,26.4975,78.625,30.8,34.9,62,996.9,0.0,-3.197409101749103,-1.4235782507653008,0.001360544217687,0.258819045102521,-0.9659258262890682,1.2246467991473532e-16,-1.0,55.91,229.5,0.1103,0.0236,2.2587775441719415
2026-06-27 06:30:00+00:00,25.325,73.95,29.9,36.1,56,996.1,0.0,-2.657218632176548,-1.5966180322211685,0.0008196721311475,1.2246467991473532e-16,-1.0,1.2246467991473532e-16,-1.0,55.91,229.5,0.1103,0.0236,4.49448636594587
2026-06-27 07:30:00+00:00,25.0475,73.775,28.775,36.8,52,994.5,0.0,0.5375519243179512,-1.4003706397458022,0.000625,-0.2588190451025208,-0.9659258262890684,1.2246467991473532e-16,-1.0,55.91,229.5,0.1103,0.0236,4.161605009934702
2026-06-27 08:30:00+00:00,26.0425,72.625,28.8,37.0,50,994.0,0.0,1.941640786499874,-1.4106846055019349,0.00062893081761,-0.4999999999999998,-0.8660254037844388,1.2246467991473532e-16,-1.0,55.91,229.5,0.1103,0.0236,4.170672112182938
2026-06-27 09:30:00+00:00,22.2225,70.42500000000001,30.8,37.0,48,993.1,0.0,2.49481826772743,-1.2711733992707306,0.0006079027355623,-0.7071067811865471,-0.7071067811865479,1.2246467991473532e-16,-1.0,55.91,229.5,0.1103,0.0236,3.4401145802859996
2026-06-27 10:30:00+00:00,23.8975,69.2,30.8,36.8,47,992.7,0.0,3.0903165750062445,1.6431504697506176,0.000632911392405,-0.8660254037844384,-0.5000000000000004,1.2246467991473532e-16,-1.0,55.91,229.5,0.1103,0.0236,1.7006208344866698
2026-06-27 11:30:00+00:00,26.7475,65.425,32.05,37.4,44,992.5,0.0,-3.090316575006244,-1.643150469750618,0.0005847953216374,-0.9659258262890684,-0.2588190451025206,1.2246467991473532e-16,-1.0,55.91,229.5,0.1103,0.0236,4.896584200806526
2026-06-27 12:30:00+00:00,24.6,65.13333333333334,32.833333333333336,34.5,62,993.2,0.0,-10.46617932785172,-2.224655091750026,0.0042553191489361,-1.0,-1.8369701987210292e-16,1.2246467991473532e-16,-1.0,55.91,229.5,0.1103,0.0236,4.013547393162663
2026-06-27 13:30:00+00:00,27.3025,68.55,32.7,33.8,64,993.8,0.0,-7.942356035034262,2.734772497440114,0.00625,-0.9659258262890684,0.2588190451025203,1.2246467991473532e-16,-1.0,55.91,229.5,0.1103,0.0236,3.9437360050367793
2026-06-27 14:30:00+00:00,24.5225,72.525,31.7,33.3,67,994.7,0.0,-4.802159507540136,6.146483878132431,0.0058823529411764,-0.8660254037844386,0.5000000000000001,1.2246467991473532e-16,-1.0,55.91,229.5,0.1103,0.0236,0.0318577881646237
2026-06-27 15:30:00+00:00,27.08,74.575,29.975,32.9,70,995.7,0.0,-0.5665123278597811,6.475265537596346,0.0058823529411764,-0.7071067811865477,0.7071067811865474,1.2246467991473532e-16,-1.0,55.91,229.5,0.1103,0.0236,4.287014117089493
2026-06-27 16:30:00+00:00,24.66,80.775,29.425,32.2,72,995.7,0.0,-2.2258437878816806,8.306962106085987,0.0051282051282051,-0.5000000000000004,0.8660254037844384,1.2246467991473532e-16,-1.0,55.91,229.5,0.1103,0.0236,1.6539617621673046
2026-06-27 17:30:00+00:00,24.5725,83.15,30.375,29.0,89,995.7,0.2,10.765802912487,1.7051356689385184,0.0037735849056603,-0.2588190451025215,0.965925826289068,1.2246467991473532e-16,-1.0,55.91,229.5,0.1103,0.0236,1.2889871874889658
2026-06-27 18:30:00+00:00,26.34,81.1,30.9,29.1,87,994.3,0.5,-2.006860517453681,5.22805038838433,0.00625,0.0,1.0,1.2246467991473532e-16,-1.0,55.91,229.5,0.1103,0.0236,3.9766472858335105
2026-06-27 19:30:00+00:00,25.71,77.625,31.525,28.8,85,994.1,0.0,2.365228466998985,-6.16163081488153,0.0071428571428571,0.2588190451025207,0.9659258262890684,1.2246467991473532e-16,-1.0,55.91,229.5,0.1103,0.0236,4.16868472607545
2026-06-27 20:30:00+00:00,25.1675,70.475,31.1,28.5,91,994.2,0.9,-2.7200108650993977,-2.202621368674431,0.025,0.4999999999999999,0.8660254037844387,1.2246467991473532e-16,-1.0,55.91,229.5,0.1103,0.0236,2.1900557376599776
2026-06-27 21:30:00+00:00,23.9875,63.0,29.15,27.0,96,995.1,1.7,-12.606927315467892,-5.612965674446043,0.005,0.7071067811865475,0.7071067811865476,1.2246467991473532e-16,-1.0,55.91,229.5,0.1103,0.0236,0.08188952959849283
2026-06-27 22:30:00+00:00,25.29,60.9,28.0,26.9,97,995.2,0.3,-6.5254160666638805,3.0428514845330352,0.0083333333333333,0.8660254037844386,0.5000000000000001,1.2246467991473532e-16,-1.0,55.91,229.5,0.1103,0.0236,0.058539474520871715
2026-06-27 23:30:00+00:00,25.4175,57.325,29.675,29.8,92,994.8,0.1,-13.293051449981151,3.3143299697154487,0.0025974025974025,0.9659258262890684,0.2588190451025207,1.2246467991473532e-16,-1.0,55.91,229.5,0.1103,0.0236,0.8114999604025908
2026-06-28 00:30:00+00:00,23.7775,57.025,30.3,29.9,85,995.5,0.1,-4.692349550711738,5.592124434768539,0.0032258064516129,1.0,6.123233995736766e-17,1.2246467991473532e-16,-1.0,55.91,229.5,0.1103,0.0236,3.395761052304236
2026-06-28 01:30:00+00:00,25.175,53.6,30.45,30.5,83,996.0,0.2,4.124931884681907,5.279672049165039,0.0027777777777777,0.9659258262890684,-0.2588190451025206,1.2246467991473532e-16,-1.0,55.91,229.5,0.1103,0.0236,1.0854817462481932
2026-06-28 02:30:00+00:00,25.885,52.1,31.1,32.1,75,996.2,0.1,1.2873484893640414,-0.1809250312480851,0.0020833333333333,0.8660254037844387,-0.4999999999999998,1.2246467991473532e-16,-1.0,55.91,229.5,0.1103,0.0236,1.2469811267634767
2026-06-28 03:30:00+00:00,27.405,55.775,37.475,33.7,66,996.2,0.0,2.5,4.592425496802574e-16,0.0012578616352201,0.7071067811865476,-0.7071067811865475,1.2246467991473532e-16,-1.0,55.91,229.5,0.1103,0.0236,0.6662595165125951
2026-06-28 04:30:00+00:00,25.625,52.175,37.75,35.0,59,996.0,0.0,4.633233925779513,-2.3607505986456427,0.0008888888888888,0.4999999999999999,-0.8660254037844387,1.2246467991473532e-16,-1.0,55.91,229.5,0.1103,0.0236,0.22448698874316275
2026-06-28 05:30:00+00:00,24.815,52.25,35.55,35.6,58,995.3,0.0,1.77499669931094,-3.806492705553929,0.0008403361344537,0.258819045102521,-0.9659258262890682,1.2246467991473532e-16,-1.0,55.91,229.5,0.1103,0.0236,0.5461286637987794
2026-06-28 06:30:00+00:00,24.815,51.35,34.375,36.0,57,994.2,0.4,2.4881992827652213,-4.679622242152313,0.000709219858156,1.2246467991473532e-16,-1.0,1.2246467991473532e-16,-1.0,55.91,229.5,0.1103,0.0236,1.5877742602558576
2026-06-28 07:30:00+00:00,24.8025,55.575,37.6,36.0,55,993.3,0.5,4.552222407269571,-3.430345631966673,0.0007168458781362,-0.2588190451025208,-0.9659258262890684,1.2246467991473532e-16,-1.0,55.91,229.5,0.1103,0.0236,1.5086305006017557
2026-06-28 08:30:00+00:00,25.563333333333333,58.75,38.55,36.0,54,992.2,0.2,3.4115069507506384,-3.924489817158414,0.0007272727272727,-0.4999999999999998,-0.8660254037844388,1.2246467991473532e-16,-1.0,55.91,229.5,0.1103,0.0236,4.883937440270664
2026-06-28 09:30:00+00:00,24.1075,66.075,35.475,36.0,54,991.2,0.1,3.230844089787559,-2.5242120488352,0.0006944444444444,-0.7071067811865471,-0.7071067811865479,1.2246467991473532e-16,-1.0,55.91,229.5,0.1103,0.0236,4.283702412091326
2026-06-28 10:30:00+00:00,24.6575,73.35,33.0,35.7,55,990.7,0.0,5.248420764330323,0.7376174350883441,0.0006896551724137,-0.8660254037844384,-0.5000000000000004,1.2246467991473532e-16,-1.0,55.91,229.5,0.1103,0.0236,3.846651072599902
2026-06-28 11:30:00+00:00,24.165,76.75,32.025,35.3,54,991.2,0.0,6.893654271085456,1.2155372436685123,0.0008196721311475,-0.9659258262890684,-0.2588190451025206,1.2246467991473532e-16,-1.0,55.91,229.5,0.1103,0.0236,4.099826098610885
2026-06-28 12:30:00+00:00,24.64,73.8,30.1,34.5,63,992.2,0.0,3.0957515577391788,-0.1622414643531262,0.0105263157894736,-1.0,-1.8369701987210292e-16,1.2246467991473532e-16,-1.0,55.91,229.5,0.1103,0.0236,0.48098611598037133
2026-06-28 13:30:00+00:00,25.815,70.7,28.725,34.2,64,992.7,0.0,3.267531492740205,1.2542878234085526,0.0222222222222222,-0.9659258262890684,0.2588190451025203,1.2246467991473532e-16,-1.0,55.91,229.5,0.1103,0.0236,4.993524673636505
2026-06-28 14:30:00+00:00,26.125,71.225,28.675,33.3,68,993.5,0.0,1.2711733992707297,2.4948182677274304,0.0181818181818181,-0.8660254037844386,0.5000000000000001,1.2246467991473532e-16,-1.0,55.91,229.5,0.1103,0.0236,0.32261815350680845
2026-06-28 15:30:00+00:00,24.79,76.14999999999999,35.125,31.6,80,994.1,0.4,-0.5322281703192691,2.1346505978071924,0.05,-0.7071067811865477,0.7071067811865474,1.2246467991473532e-16,-1.0,55.91,229.5,0.1103,0.0236,2.169969727085857
2026-06-28 16:30:00+00:00,26.2875,77.075,40.375,30.7,83,994.3,0.6,-1.9570741727916257,-8.477019563631545,0.0068965517241379,-0.5000000000000004,0.8660254037844384,1.2246467991473532e-16,-1.0,55.91,229.5,0.1103,0.0236,2.2222962636111427
2026-06-28 17:30:00+00:00,25.405,94.925,37.7,31.8,77,993.9,1.4,0.8628418532018137,9.862327511108282,0.0042553191489361,-0.2588190451025215,0.965925826289068,1.2246467991473532e-16,-1.0,55.91,229.5,0.1103,0.0236,1.6632921475282574
2026-06-28 18:30:00+00:00,26.04,80.2,32.7,31.4,76,993.4,0.0,0.865272338176549,7.047077676653386,0.0055555555555555,0.0,1.0,1.2246467991473532e-16,-1.0,55.91,229.5,0.1103,0.0236,2.347101036833423
2026-06-28 19:30:00+00:00,26.3575,75.75,35.35,31.1,77,993.0,0.0,2.364032260820166,-1.8469844259769752,0.0125,0.2588190451025207,0.9659258262890684,1.2246467991473532e-16,-1.0,55.91,229.5,0.1103,0.0236,2.490371175080221
2026-06-28 20:30:00+00:00,23.48,69.775,34.225,28.9,92,993.9,1.6,-1.9837168312888795,5.450217200558268,0.0111111111111111,0.4999999999999999,0.8660254037844387,1.2246467991473532e-16,-1.0,55.91,229.5,0.1103,0.0236,0.8557518096507399
2026-06-28 21:30:00+00:00,25.32,62.95,34.800000000000004,28.5,91,993.6,1.1,-0.3564026096753472,0.1815961998958187,0.0068965517241379,0.7071067811865475,0.7071067811865476,1.2246467991473532e-16,-1.0,55.91,229.5,0.1103,0.0236,1.7077675708210487
2026-06-28 22:30:00+00:00,25.095,58.65,33.325,28.0,93,993.5,0.4,-0.9203353416347304,5.219481090964703,0.006060606060606,0.8660254037844386,0.5000000000000001,1.2246467991473532e-16,-1.0,55.91,229.5,0.1103,0.0236,2.1883711606512106
2026-06-28 23:30:00+00:00,26.0175,57.65,31.125,29.5,89,993.3,0.7,-0.8773091119410726,3.8000432526624177,0.0068965517241379,0.9659258262890684,0.2588190451025207,1.2246467991473532e-16,-1.0,55.91,229.5,0.1103,0.0236,1.9260141808152835
2026-06-29 00:30:00+00:00,25.9375,67.425,29.075000000000003,29.2,86,994.1,0.2,-3.068992620281244,3.291091657286267,0.0095238095238095,1.0,6.123233995736766e-17,1.2246467991473532e-16,-1.0,55.91,229.5,0.1103,0.0236,3.975026973808901
2026-06-29 01:30:00+00:00,26.0225,80.44999999999999,27.925,30.3,80,994.7,0.0,-0.938606790241386,5.926130043570826,0.0035714285714285,0.9659258262890684,-0.2588190451025206,1.2246467991473532e-16,-1.0,55.91,229.5,0.1103,0.0236,1.9844713197006159
2026-06-29 02:30:00+00:00,25.03,77.775,27.7,32.0,72,995.1,0.0,1.2675732195219054,2.383958500719103,0.0012345679012345,0.8660254037844387,-0.4999999999999998,1.2246467991473532e-16,-1.0,55.91,229.5,0.1103,0.0236,1.5291973020536336
2026-06-29 03:30:00+00:00,23.0625,79.67500000000001,29.225,32.9,68,995.0,0.1,4.149853686436957,2.2065163450936867,0.0012820512820512,0.7071067811865476,-0.7071067811865475,1.2246467991473532e-16,-1.0,55.91,229.5,0.1103,0.0236,3.891643924987293
2026-06-29 04:30:00+00:00,22.60333333333333,80.4,31.8,33.9,64,994.8,0.1,5.596588631306936,-0.1954371815340071,0.0010471204188481,0.4999999999999999,-0.8660254037844387,1.2246467991473532e-16,-1.0,55.91,229.5,0.1103,0.0236,1.6742640415490544
2026-06-29 05:30:00+00:00,26.21,79.425,31.05,33.0,63,995.0,0.0,12.210958193360584,-7.050000000000002,0.0009478672985781,0.258819045102521,-0.9659258262890682,1.2246467991473532e-16,-1.0,55.91,229.5,0.1103,0.0236,1.6421148748725178
2026-06-29 06:30:00+00:00,23.73333333333333,88.93333333333332,30.666666666666668,32.8,65,994.0,0.3,9.865547113405,-6.654395551301881,0.0011764705882352,1.2246467991473532e-16,-1.0,1.2246467991473532e-16,-1.0,55.91,229.5,0.1103,0.0236,0.8795327127711944
2026-06-29 07:30:00+00:00,24.2825,81.52499999999999,31.375,32.6,67,993.5,0.0,5.615079606059886,-2.383459883784568,0.0014492753623188,-0.2588190451025208,-0.9659258262890684,1.2246467991473532e-16,-1.0,55.91,229.5,0.1103,0.0236,1.3536081077254947
2026-06-29 08:30:00+00:00,25.12,62.675,31.9,33.3,63,992.8,0.0,3.2308440897875603,2.524212048835198,0.0012820512820512,-0.4999999999999998,-0.8660254037844388,1.2246467991473532e-16,-1.0,55.91,229.5,0.1103,0.0236,4.750795670424656
2026-06-29 09:30:00+00:00,25.5475,45.275000000000006,31.175,33.4,62,992.2,0.0,4.350277377775918,2.02856765635536,0.0011235955056179,-0.7071067811865471,-0.7071067811865479,1.2246467991473532e-16,-1.0,55.91,229.5,0.1103,0.0236,3.768433240930741
2026-06-29 10:30:00+00:00,24.2825,39.675,31.05,33.3,62,991.8,0.0,3.748920614159444,1.0749856876862955,0.0011627906976744,-0.8660254037844384,-0.5000000000000004,1.2246467991473532e-16,-1.0,55.91,229.5,0.1103,0.0236,0.0566253713027165
2026-06-29 11:30:00+00:00,25.475,38.525,34.8,31.9,70,991.8,0.0,-2.543183761907895,0.5405703961261737,0.0066666666666666,-0.9659258262890684,-0.2588190451025206,1.2246467991473532e-16,-1.0,55.91,229.5,0.1103,0.0236,3.854675263427412
2026-06-29 12:30:00+00:00,27.2775,39.8,33.425,30.9,78,992.7,0.0,-6.6347960605685214,0.932459776432438,0.0044444444444444,-1.0,-1.8369701987210292e-16,1.2246467991473532e-16,-1.0,55.91,229.5,0.1103,0.0236,1.8966924166944783
2026-06-29 13:30:00+00:00,26.575,42.5,32.975,30.2,83,993.7,0.0,-7.695625992904336,-3.10923472535207,0.0046511627906976,-0.9659258262890684,0.2588190451025203,1.2246467991473532e-16,-1.0,55.91,229.5,0.1103,0.0236,2.073548173912991
2026-06-29 14:30:00+00:00,25.085,42.825,30.975,29.6,86,994.2,0.0,-9.49421285668141,-0.3315452186737602,0.0032786885245901,-0.8660254037844386,0.5000000000000001,1.2246467991473532e-16,-1.0,55.91,229.5,0.1103,0.0236,2.405945210298725
2026-06-29 15:30:00+00:00,24.8225,49.575,33.1,29.1,85,995.4,0.0,-14.844641636909271,5.111420024977356,0.0018348623853211,-0.7071067811865477,0.7071067811865474,1.2246467991473532e-16,-1.0,55.91,229.5,0.1103,0.0236,1.2888270594393458
2026-06-29 16:30:00+00:00,25.16,47.35,31.9,27.5,90,996.2,0.1,-9.945218953682732,1.0452846326765333,0.003076923076923,-0.5000000000000004,0.8660254037844384,1.2246467991473532e-16,-1.0,55.91,229.5,0.1103,0.0236,2.4672880786777247
2026-06-29 17:30:00+00:00,22.8225,42.5,31.125,28.3,87,994.7,0.1,-8.84482560154493,2.8738580476870106,0.0033333333333333,-0.2588190451025215,0.965925826289068,1.2246467991473532e-16,-1.0,55.91,229.5,0.1103,0.0236,4.584489383812887
2026-06-29 18:30:00+00:00,28.48,47.3,31.4,28.0,90,994.5,0.0,-7.727366045797066,1.642502357460297,0.0037037037037037,0.0,1.0,1.2246467991473532e-16,-1.0,55.91,229.5,0.1103,0.0236,3.6955211813453133
2026-06-29 19:30:00+00:00,25.105,52.5,34.175,28.0,91,994.1,0.1,-7.703969056642074,1.220188827313802,0.0037735849056603,0.2588190451025207,0.9659258262890684,1.2246467991473532e-16,-1.0,55.91,229.5,0.1103,0.0236,2.485134161266702
2026-06-29 20:30:00+00:00,25.875,51.85,34.875,27.8,93,993.7,0.1,-7.210124886344506,-1.1419715947936857,0.0044444444444444,0.4999999999999999,0.8660254037844387,1.2246467991473532e-16,-1.0,55.91,229.5,0.1103,0.0236,0.8892642845296428
2026-06-29 21:30:00+00:00,24.54,50.275,32.975,27.8,93,993.7,0.0,-8.1285904256858,-2.4851594901432623,0.0044444444444444,0.7071067811865475,0.7071067811865476,1.2246467991473532e-16,-1.0,55.91,229.5,0.1103,0.0236,1.3121285795108757
2026-06-29 22:30:00+00:00,25.6375,47.65,31.575,26.8,92,994.5,0.5,-11.304298211188089,-7.915354821644436,0.0026315789473684,0.8660254037844386,0.5000000000000001,1.2246467991473532e-16,-1.0,55.91,229.5,0.1103,0.0236,0.6647532654849975
2026-06-29 23:30:00+00:00,26.5375,46.3,31.075,26.5,98,993.8,0.6,-10.758902739390852,-0.941282021674708,0.0037735849056603,0.9659258262890684,0.2588190451025207,1.2246467991473532e-16,-1.0,55.91,229.5,0.1103,0.0236,3.5318660290053066
2026-06-30 00:30:00+00:00,23.545,46.025,30.700000000000003,27.1,94,994.4,0.1,-10.036011667287925,2.316995859741808,0.0037735849056603,1.0,6.123233995736766e-17,1.2246467991473532e-16,-1.0,55.91,229.5,0.1103,0.0236,0.5677576436993875
2026-06-30 01:30:00+00:00,25.4475,45.925,30.75,28.5,88,995.2,0.0,-7.012587218225477,1.1106847017856405,0.0027397260273972,0.9659258262890684,-0.2588190451025206,1.2246467991473532e-16,-1.0,55.91,229.5,0.1103,0.0236,3.3994754865977788
2026-06-30 02:30:00+00:00,26.015,43.85,30.875,29.6,82,995.6,0.1,-8.96575228282571,-0.7844016847289232,0.0018691588785046,0.8660254037844387,-0.4999999999999998,1.2246467991473532e-16,-1.0,55.91,229.5,0.1103,0.0236,4.0212674116383
2026-06-30 03:30:00+00:00,24.6175,44.7,29.25,30.1,80,996.1,0.0,-8.272385125302547,1.4586446924022145,0.0016528925619834,0.7071067811865476,-0.7071067811865475,1.2246467991473532e-16,-1.0,55.91,229.5,0.1103,0.0236,2.13890215980578
2026-06-30 04:30:00+00:00,24.28,46.2,28.775,31.0,77,995.9,0.0,-5.796466796710755,0.2024170808745042,0.0014285714285714,0.4999999999999999,-0.8660254037844387,1.2246467991473532e-16,-1.0,55.91,229.5,0.1103,0.0236,0.8536026325913121
2026-06-30 05:30:00+00:00,24.195,50.725,27.75,29.4,79,996.8,0.0,-7.165878439167947,1.392905666248777,0.0022727272727272,0.258819045102521,-0.9659258262890682,1.2246467991473532e-16,-1.0,55.91,229.5,0.1103,0.0236,1.7920091026704033
2026-06-30 06:30:00+00:00,26.23,52.1,29.15,30.4,76,995.5,0.4,-7.188569284028453,2.7594332114988123,0.0016666666666666,1.2246467991473532e-16,-1.0,1.2246467991473532e-16,-1.0,55.91,229.5,0.1103,0.0236,3.5986588842655083
2026-06-30 07:30:00+00:00,25.6625,54.9,32.5,31.8,70,994.4,0.1,-6.5187430479279085,1.032467469265525,0.0013245033112582,-0.2588190451025208,-0.9659258262890684,1.2246467991473532e-16,-1.0,55.91,229.5,0.1103,0.0236,3.7829930709730144
2026-06-30 08:30:00+00:00,22.6,49.6,29.65,32.2,68,993.9,0.0,-4.283637201794505,0.3747696938149304,0.0011904761904761,-0.4999999999999998,-0.8660254037844388,1.2246467991473532e-16,-1.0,55.91,229.5,0.1103,0.0236,4.3273326708538855
2026-06-30 09:30:00+00:00,25.5275,51.85,32.975,32.5,66,993.2,0.0,-3.0308625638692708,2.1222328144988696,0.0011695906432748,-0.7071067811865471,-0.7071067811865479,1.2246467991473532e-16,-1.0,55.91,229.5,0.1103,0.0236,4.725222837702191
2026-06-30 10:30:00+00:00,27.09,54.9,32.9,32.2,67,992.5,0.0,-2.3640322608201663,1.846984425976975,0.0013157894736842,-0.8660254037844384,-0.5000000000000004,1.2246467991473532e-16,-1.0,55.91,229.5,0.1103,0.0236,4.86044581496439
2026-06-30 11:30:00+00:00,26.0325,50.35,22.675,30.2,78,993.0,0.0,-3.211898789229316,-6.887939181478539,0.0035087719298245,-0.9659258262890684,-0.2588190451025206,1.2246467991473532e-16,-1.0,55.91,229.5,0.1103,0.0236,3.586295421034026
2026-06-30 12:30:00+00:00,25.9225,47.1,24.375,29.8,83,993.1,0.0,-3.593859795212817,-2.7081676041842173,0.0054054054054054,-1.0,-1.8369701987210292e-16,1.2246467991473532e-16,-1.0,55.91,229.5,0.1103,0.0236,1.865190735151071
2026-06-30 13:30:00+00:00,24.245,52.525,19.125,29.4,86,994.0,0.0,-2.5242120488352,3.230844089787559,0.0125,-0.9659258262890684,0.2588190451025203,1.2246467991473532e-16,-1.0,55.91,229.5,0.1103,0.0236,3.000738723486971
2026-06-30 14:30:00+00:00,24.97,52.75,17.8,29.2,87,994.8,0.0,-2.516368065618361,3.730669076497687,0.0111111111111111,-0.8660254037844386,0.5000000000000001,1.2246467991473532e-16,-1.0,55.91,229.5,0.1103,0.0236,1.940727372913893
2026-06-30 15:30:00+00:00,25.2325,51.1,19.525,28.9,88,995.5,0.0,-1.605949394614658,3.4439695907392696,0.0117647058823529,-0.7071067811865477,0.7071067811865474,1.2246467991473532e-16,-1.0,55.91,229.5,0.1103,0.0236,4.665868032889623
2026-06-30 16:30:00+00:00,24.6025,51.3,16.575,28.6,91,996.0,0.0,-2.7045923136093912,0.7246933262870583,0.0166666666666666,-0.5000000000000004,0.8660254037844384,1.2246467991473532e-16,-1.0,55.91,229.5,0.1103,0.0236,2.0038854715230343
2026-06-30 17:30:00+00:00,26.435,51.75,14.25,29.1,90,995.3,0.0,-4.303849443228746,0.9148114395981402,0.0133333333333333,-0.2588190451025215,0.965925826289068,1.2246467991473532e-16,-1.0,55.91,229.5,0.1103,0.0236,3.6419541846149017
2026-06-30 18:30:00+00:00,26.5725,56.175,17.975,28.4,94,995.2,0.4,0.1717280958388902,-0.8834644651028976,0.0666666666666666,0.0,1.0,-0.4999999999999998,-0.8660254037844388,55.91,229.5,0.1103,0.0236,3.1824546967327176
2026-06-30 19:30:00+00:00,26.71,60.6,21.7,26.2,100,994.9,1.0,-3.114678489184442,-2.347078590292988,0.0181818181818181,0.2588190451025207,0.9659258262890684,-0.4999999999999998,-0.8660254037844388,55.91,229.5,0.1103,0.0236,2.528292319271721
2026-06-30 20:30:00+00:00,24.5225,59.575,20.15,26.7,98,994.5,1.0,-0.8652475842498527,-2.6629582456264296,0.0153846153846153,0.4999999999999999,0.8660254037844387,-0.4999999999999998,-0.8660254037844388,55.91,229.5,0.1103,0.0236,2.2373077059068773
2026-06-30 21:30:00+00:00,23.955,58.2,19.225,26.6,97,994.4,0.2,-6.695918541027941,0.2338266279067549,0.0057142857142857,0.7071067811865475,0.7071067811865476,-0.4999999999999998,-0.8660254037844388,55.91,229.5,0.1103,0.0236,1.4404682979477927
2026-06-30 22:30:00+00:00,26.61,57.1,19.4,26.6,96,994.5,0.6,-7.689447417610219,-0.4029868630706685,0.0048780487804878,0.8660254037844386,0.5000000000000001,-0.4999999999999998,-0.8660254037844388,55.91,229.5,0.1103,0.0236,3.7790867107921695
2026-06-30 23:30:00+00:00,25.9125,55.15,16.85,27.3,96,994.7,0.1,-8.099044392880128,1.2827626133298944,0.0035087719298245,0.9659258262890684,0.2588190451025207,-0.4999999999999998,-0.8660254037844388,55.91,229.5,0.1103,0.0236,4.5486847520187315
2026-07-01 00:30:00+00:00,26.78,57.6,16.1,27.8,91,995.1,0.0,-7.061105457114741,0.7421520892003386,0.0039215686274509,1.0,6.123233995736766e-17,-0.4999999999999998,-0.8660254037844388,55.91,229.5,0.1103,0.0236,4.245438430420984
2026-07-01 01:30:00+00:00,25.6375,57.6,17.5,28.8,84,995.2,0.0,-6.333405421104029,-1.462181853235122,0.003030303030303,0.9659258262890684,-0.2588190451025206,-0.4999999999999998,-0.8660254037844388,55.91,229.5,0.1103,0.0236,3.2597742753470973
2026-07-01 02:30:00+00:00,25.2075,64.9,21.0,30.1,79,995.3,0.0,-7.047077676653386,-0.8652723381765471,0.0023809523809523,0.8660254037844387,-0.4999999999999998,-0.4999999999999998,-0.8660254037844388,55.91,229.5,0.1103,0.0236,4.896125393050256
2026-07-01 03:30:00+00:00,25.4325,73.725,26.05,31.3,75,995.5,0.0,-7.703969056642074,1.220188827313802,0.0015151515151515,0.7071067811865476,-0.7071067811865475,-0.4999999999999998,-0.8660254037844388,55.91,229.5,0.1103,0.0236,0.19170821366842616
2026-07-01 04:30:00+00:00,23.87,71.8,55.6,32.5,71,995.6,0.0,-7.210338479410741,1.6646378021445998,0.0010362694300518,0.4999999999999999,-0.8660254037844387,-0.4999999999999998,-0.8660254037844388,55.91,229.5,0.1103,0.0236,1.2553043001040753
2026-07-01 05:30:00+00:00,24.605,73.65,61.675,33.2,68,995.1,0.0,-8.314254606237348,1.7672493719509526,0.000790513833992,0.258819045102521,-0.9659258262890682,-0.4999999999999998,-0.8660254037844388,55.91,229.5,0.1103,0.0236,4.595342289213946
2026-07-01 06:30:00+00:00,24.75,73.625,65.55,33.6,65,993.8,0.2,-8.269295062915996,3.009777261265885,0.0008196721311475,1.2246467991473532e-16,-1.0,-0.4999999999999998,-0.8660254037844388,55.91,229.5,0.1103,0.0236,3.3166757991576867
2026-07-01 07:30:00+00:00,26.555,71.275,60.075,33.8,63,992.8,0.0,-7.880755997052612,0.5510761425785902,0.0008474576271186,-0.2588190451025208,-0.9659258262890684,-0.4999999999999998,-0.8660254037844388,55.91,229.5,0.1103,0.0236,1.3584921403798533
2026-07-01 08:30:00+00:00,25.865,73.45,51.075,33.9,63,992.4,0.0,-8.498705408829325,-0.1483454547169087,0.0008695652173913,-0.4999999999999998,-0.8660254037844388,-0.4999999999999998,-0.8660254037844388,55.91,229.5,0.1103,0.0236,3.6482543099280633
2026-07-01 09:30:00+00:00,26.3625,66.75,39.25,33.7,64,991.9,0.0,-7.38605814759156,-1.302361332501978,0.000956937799043,-0.7071067811865471,-0.7071067811865479,-0.4999999999999998,-0.8660254037844388,55.91,229.5,0.1103,0.0236,1.2968208885857275
2026-07-01 10:30:00+00:00,24.445,59.775,31.5,33.2,65,991.4,0.0,-8.457233587073175,-3.0781812899310195,0.0011363636363636,-0.8660254037844384,-0.5000000000000004,-0.4999999999999998,-0.8660254037844388,55.91,229.5,0.1103,0.0236,1.5724781187376653
2026-07-01 11:30:00+00:00,25.35,59.85,27.55,32.4,70,992.0,0.8,-7.598842483188573,-0.1326382889233536,0.0010752688172043,-0.9659258262890684,-0.2588190451025206,-0.4999999999999998,-0.8660254037844388,55.91,229.5,0.1103,0.0236,4.467861531589195
2026-07-01 12:30:00+00:00,26.73,56.8,17.3,31.2,75,992.9,0.0,-5.450217200558268,-1.983716831288879,0.0045454545454545,-1.0,-1.8369701987210292e-16,-0.4999999999999998,-0.8660254037844388,55.91,229.5,0.1103,0.0236,1.0726371442804767
2026-07-01 13:30:00+00:00,25.845,56.625,19.325000000000003,30.3,80,994.0,0.0,-7.889173324561134,0.4134540543192546,0.0048780487804878,-0.9659258262890684,0.2588190451025203,-0.4999999999999998,-0.8660254037844388,55.91,229.5,0.1103,0.0236,1.5251152805156671
2026-07-01 14:30:00+00:00,27.025,58.775000000000006,19.075000000000003,29.8,82,994.5,0.0,-6.657395614066076,2.1631189606246317,0.0045454545454545,-0.8660254037844386,0.5000000000000001,-0.4999999999999998,-0.8660254037844388,55.91,229.5,0.1103,0.0236,2.275129978073437
2026-07-01 15:30:00+00:00,25.1375,59.425,18.25,29.5,84,995.5,0.0,-6.344327193192904,1.819206548392193,0.0039215686274509,-0.7071067811865477,0.7071067811865474,-0.4999999999999998,-0.8660254037844388,55.91,229.5,0.1103,0.0236,3.183008527328308
2026-07-01 16:30:00+00:00,26.3225,60.375,18.3,29.3,85,995.9,0.0,-6.496040375624123,0.2268467285662547,0.0032786885245901,-0.5000000000000004,0.8660254037844384,-0.4999999999999998,-0.8660254037844388,55.91,229.5,0.1103,0.0236,1.902450138258468
2026-07-01 17:30:00+00:00,25.57,60.325,17.775,29.2,86,995.7,2.7,-10.474422527728152,-0.7324429743133173,0.0022988505747126,-0.2588190451025215,0.965925826289068,-0.4999999999999998,-0.8660254037844388,55.91,229.5,0.1103,0.0236,0.35208953847981395
2026-07-01 18:30:00+00:00,24.26,56.2,16.0,29.1,85,995.4,0.0,-10.773691742806102,0.7533699164365536,0.0022727272727272,0.0,1.0,-0.4999999999999998,-0.8660254037844388,55.91,229.5,0.1103,0.0236,3.439541676301933
2026-07-01 19:30:00+00:00,24.06,54.3,15.075,28.8,85,994.9,0.0,-10.993299097210054,0.3838944637275081,0.0021052631578947,0.2588190451025207,0.9659258262890684,-0.4999999999999998,-0.8660254037844388,55.91,229.5,0.1103,0.0236,4.164209078112655
2026-07-01 20:30:00+00:00,25.575,52.975,12.325,28.5,85,994.6,0.0,-10.293725518296688,0.3594648160357576,0.0021052631578947,0.4999999999999999,0.8660254037844387,-0.4999999999999998,-0.8660254037844388,55.91,229.5,0.1103,0.0236,0.1543313334456603
2026-07-01 21:30:00+00:00,24.96,51.525000000000006,10.975,28.2,86,994.3,0.0,-10.8,-6.613092715395707e-16,0.0021052631578947,0.7071067811865475,0.7071067811865476,-0.4999999999999998,-0.8660254037844388,55.91,229.5,0.1103,0.0236,3.235295287632381
2026-07-01 22:30:00+00:00,24.3875,47.1,11.425,27.9,88,994.4,0.0,-9.506573459919077,-1.3360617692166306,0.0022727272727272,0.8660254037844386,0.5000000000000001,-0.4999999999999998,-0.8660254037844388,55.91,229.5,0.1103,0.0236,4.152163878241603
2026-07-01 23:30:00+00:00,26.2775,44.725,12.2,27.2,94,994.2,0.0,-10.614982791189693,-3.245325922422378,0.0028985507246376,0.9659258262890684,0.2588190451025207,-0.4999999999999998,-0.8660254037844388,55.91,229.5,0.1103,0.0236,0.43746006579102936
2026-07-02 00:30:00+00:00,24.84,42.8,13.5,27.4,92,994.6,0.1,-9.06164160250269,-2.092044805397944,0.0025316455696202,1.0,6.123233995736766e-17,-0.4999999999999998,-0.8660254037844388,55.91,229.5,0.1103,0.0236,4.991022197595218
2026-07-02 01:30:00+00:00,24.975,41.475,14.9,28.5,86,994.6,0.0,-13.49794388461128,0.2356074869033269,0.0019417475728155,0.9659258262890684,-0.2588190451025206,-0.4999999999999998,-0.8660254037844388,55.91,229.5,0.1103,0.0236,3.33424464511046
2026-07-02 02:30:00+00:00,25.1525,42.075,15.8,29.6,79,995.1,0.1,-12.392446255036788,0.4327537591110091,0.0015503875968992,0.8660254037844387,-0.4999999999999998,-0.4999999999999998,-0.8660254037844388,55.91,229.5,0.1103,0.0236,1.6342903233454638
2026-07-02 03:30:00+00:00,23.495,45.175,16.75,30.5,77,995.3,0.0,-10.773691742806102,0.7533699164365536,0.00125,0.7071067811865476,-0.7071067811865475,-0.4999999999999998,-0.8660254037844388,55.91,229.5,0.1103,0.0236,1.2689457239590256
2026-07-02 04:30:00+00:00,26.45,53.8,21.3,31.6,73,995.6,0.1,-10.044671143219562,1.0557374790032985,0.000943396226415,0.4999999999999999,-0.8660254037844387,-0.4999999999999998,-0.8660254037844388,55.91,229.5,0.1103,0.0236,3.5375078732268115
2026-07-02 05:30:00+00:00,26.175,57.3,25.175,32.1,71,995.4,0.1,-9.88643239407028,0.5181259668051419,0.0008658008658008,0.258819045102521,-0.9659258262890682,-0.4999999999999998,-0.8660254037844388,55.91,229.5,0.1103,0.0236,3.9726326187056396
2026-07-02 06:30:00+00:00,23.9225,52.5,25.6,30.2,78,994.3,2.2,-14.979443021318607,-0.7850393436441595,0.0018867924528301,1.2246467991473532e-16,-1.0,-0.4999999999999998,-0.8660254037844388,55.91,229.5,0.1103,0.0236,0.387486842417869
2026-07-02 07:30:00+00:00,24.7375,49.2,2.0,30.9,76,993.8,0.5,-7.581486781974664,0.5301492004553525,0.0015873015873015,-0.2588190451025208,-0.9659258262890684,-0.4999999999999998,-0.8660254037844388,55.91,229.5,0.1103,0.0236,3.620686060443426
2026-07-02 08:30:00+00:00,25.4725,53.15,11.4,32.1,72,992.9,0.1,-8.09904439288013,-1.2827626133298935,0.0010752688172043,-0.4999999999999998,-0.8660254037844388,-0.4999999999999998,-0.8660254037844388,55.91,229.5,0.1103,0.0236,0.37587593321880775
2026-07-02 09:30:00+00:00,25.3925,52.425,15.6,32.6,70,992.3,0.1,-8.479294427208506,0.5929300268250653,0.0009900990099009,-0.7071067811865471,-0.7071067811865479,-0.4999999999999998,-0.8660254037844388,55.91,229.5,0.1103,0.0236,0.06754943338481034
2026-07-02 10:30:00+00:00,23.78,46.625,10.0,32.1,69,991.8,0.0,-7.703969056642075,-1.220188827313801,0.0018691588785046,-0.8660254037844384,-0.5000000000000004,-0.4999999999999998,-0.8660254037844388,55.91,229.5,0.1103,0.0236,0.11526302072821182
2026-07-02 11:30:00+00:00,25.7325,47.325,10.0,32.2,72,991.8,0.1,-11.643548715311958,-2.903062747196014,0.0013245033112582,-0.9659258262890684,-0.2588190451025206,-0.4999999999999998,-0.8660254037844388,55.91,229.5,0.1103,0.0236,0.29788083262907605
2026-07-02 12:30:00+00:00,24.2725,49.375,22.95,31.4,75,992.7,0.0,-9.762708041299106,-0.8541262789270498,0.0018691588785046,-1.0,-1.8369701987210292e-16,-0.4999999999999998,-0.8660254037844388,55.91,229.5,0.1103,0.0236,2.744125271741103
2026-07-02 13:30:00+00:00,25.235,48.85,34.95,30.7,77,994.0,0.0,-11.698218033329775,0.2041931553162166,0.0017699115044247,-0.9659258262890684,0.2588190451025203,-0.4999999999999998,-0.8660254037844388,55.91,229.5,0.1103,0.0236,1.7046576133907076
2026-07-02 14:30:00+00:00,25.0775,45.26666666666667,23.633333333333336,30.4,78,994.8,0.0,-11.871012198091908,0.8301020375550915,0.0017699115044247,-0.8660254037844386,0.5000000000000001,-0.4999999999999998,-0.8660254037844388,55.91,229.5,0.1103,0.0236,1.3007025429150143
2026-07-02 15:30:00+00:00,23.95,46.275,13.2,30.1,79,995.6,0.0,-12.576404473017943,1.7674983821928298,0.0018867924528301,-0.7071067811865477,0.7071067811865474,-0.4999999999999998,-0.8660254037844388,55.91,229.5,0.1103,0.0236,2.369313485333126
2026-07-02 16:30:00+00:00,25.19,48.8,13.95,29.6,81,996.1,0.0,-11.89275084152724,0.4153040107597587,0.0018181818181818,-0.5000000000000004,0.8660254037844384,-0.4999999999999998,-0.8660254037844388,55.91,229.5,0.1103,0.0236,1.6957699471467098
2026-07-02 17:30:00+00:00,25.9425,48.65,20.6,30.1,81,995.8,0.0,-12.05395584691012,1.0545844872466643,0.0015748031496062,-0.2588190451025215,0.965925826289068,-0.4999999999999998,-0.8660254037844388,55.91,229.5,0.1103,0.0236,2.76123716685549
2026-07-02 18:30:00+00:00,22.8,48.8,28.3,29.6,82,995.5,0.0,-10.641384280440525,1.1184545569638906,0.0017543859649122,0.0,1.0,-0.4999999999999998,-0.8660254037844388,55.91,229.5,0.1103,0.0236,4.980163501661055
2026-07-02 19:30:00+00:00,25.7225,49.925,28.025,29.2,84,995.0,0.0,-10.271958742189431,1.6269184364184028,0.0018691588785046,0.2588190451025207,0.9659258262890684,-0.4999999999999998,-0.8660254037844388,55.91,229.5,0.1103,0.0236,4.924536412613662
2026-07-02 20:30:00+00:00,25.0925,49.375,28.55,28.8,86,994.5,0.0,-9.030970087718508,1.755442757464212,0.0021505376344086,0.4999999999999999,0.8660254037844387,-0.4999999999999998,-0.8660254037844388,55.91,229.5,0.1103,0.0236,1.7639643613655536
2026-07-02 21:30:00+00:00,23.99666666666667,47.925,26.6,28.6,88,994.3,0.0,-9.177589262390384,0.641759558445953,0.0022727272727272,0.7071067811865475,0.7071067811865476,-0.4999999999999998,-0.8660254037844388,55.91,229.5,0.1103,0.0236,1.0676296512671501
2026-07-02 22:30:00+00:00,24.743333333333336,47.13333333333333,22.1,28.4,89,994.0,0.0,-8.27978161715654,-0.5789787320762413,0.0024691358024691,0.8660254037844386,0.5000000000000001,-0.4999999999999998,-0.8660254037844388,55.91,229.5,0.1103,0.0236,1.2212982111933997
2026-07-02 23:30:00+00:00,25.0225,44.85,18.95,27.5,93,994.2,0.0,-8.8,-5.388445916248355e-16,0.0026315789473684,0.9659258262890684,0.2588190451025207,-0.4999999999999998,-0.8660254037844388,55.91,229.5,0.1103,0.0236,1.5950256706003456
2026-07-03 00:30:00+00:00,25.06,46.8,20.275,28.2,91,994.6,0.0,-7.689447417610219,-0.4029868630706685,0.0025,1.0,6.123233995736766e-17,-0.4999999999999998,-0.8660254037844388,55.91,229.5,0.1103,0.0236,3.148419491389257
2026-07-03 01:30:00+00:00,25.92,51.55,24.1,29.3,86,994.4,0.0,-8.268415994161488,0.7233926648055634,0.0023255813953488,0.9659258262890684,-0.2588190451025206,-0.4999999999999998,-0.8660254037844388,55.91,229.5,0.1103,0.0236,3.606502524898225
2026-07-03 02:30:00+00:00,25.71,46.1,26.225,30.8,77,994.7,0.0,-9.743700647852352,2.249510543438648,0.001360544217687,0.8660254037844387,-0.4999999999999998,-0.4999999999999998,-0.8660254037844388,55.91,229.5,0.1103,0.0236,3.0822082769093093
2026-07-03 03:30:00+00:00,23.835,41.8,22.575,32.1,69,994.7,0.0,-11.15840085217396,2.7821017993961794,0.001058201058201,0.7071067811865476,-0.7071067811865475,-0.4999999999999998,-0.8660254037844388,55.91,229.5,0.1103,0.0236,0.7121275879431405
2026-07-03 04:30:00+00:00,24.5275,43.2,23.6,33.2,63,994.7,0.0,-12.575397055470916,4.3300564542801805,0.0008888888888888,0.4999999999999999,-0.8660254037844387,-0.4999999999999998,-0.8660254037844388,55.91,229.5,0.1103,0.0236,1.1231730452453992
2026-07-03 05:30:00+00:00,26.6125,,,33.9,59,994.7,0.1,-13.863752962381986,1.9484234134409149,0.0007968127490039,0.258819045102521,-0.9659258262890682,-0.4999999999999998,-0.8660254037844388,55.91,229.5,0.1103,0.0236,
2026-07-03 06:30:00+00:00,25.3,,,34.4,56,994.1,0.1,-14.963460753897364,1.04634710616188,0.0007604562737642,1.2246467991473532e-16,-1.0,-0.4999999999999998,-0.8660254037844388,55.91,229.5,0.1103,0.0236,
2026-07-03 07:30:00+00:00,26.12,,,34.6,55,992.6,0.1,-15.27903188174498,0.8007401305170374,0.0007575757575757,-0.2588190451025208,-0.9659258262890684,-0.4999999999999998,-0.8660254037844388,55.91,229.5,0.1103,0.0236,
2026-07-03 08:30:00+00:00,26.067500000000003,,,34.7,56,991.8,0.1,-13.866140298611557,-0.969614985043344,0.0007662835249042,-0.4999999999999998,-0.8660254037844388,-0.4999999999999998,-0.8660254037844388,55.91,229.5,0.1103,0.0236,
2026-07-03 09:30:00+00:00,25.7775,62.1,34.6,34.5,57,991.2,0.0,-12.782458044858544,-0.6699002399096828,0.0007662835249042,-0.7071067811865471,-0.7071067811865479,-0.4999999999999998,-0.8660254037844388,55.91,229.5,0.1103,0.0236,3.1650088841877073
2026-07-03 10:30:00+00:00,24.615,61.975,31.05,34.1,59,990.7,0.0,-11.681363483027202,-2.2706270449808845,0.0007968127490039,-0.8660254037844384,-0.5000000000000004,-0.4999999999999998,-0.8660254037844388,55.91,229.5,0.1103,0.0236,4.392567970218223
2026-07-03 11:30:00+00:00,25.8025,58.175,26.3,33.7,63,991.2,0.0,-10.100734301164016,-1.41956562979267,0.0009389671361502,-0.9659258262890684,-0.2588190451025206,-0.4999999999999998,-0.8660254037844388,55.91,229.5,0.1103,0.0236,2.192901235779661
2026-07-03 12:30:00+00:00,26.165,55.25,28.9,32.4,69,991.8,0.0,-9.02104915954472,-3.2833933759264204,0.0032258064516129,-1.0,-1.8369701987210292e-16,-0.4999999999999998,-0.8660254037844388,55.91,229.5,0.1103,0.0236,0.2976224787156595
2026-07-03 13:30:00+00:00,24.9225,53.3,35.6,31.6,72,992.5,0.0,-7.956175162946186,-0.8362277061412277,0.0051282051282051,-0.9659258262890684,0.2588190451025203,-0.4999999999999998,-0.8660254037844388,55.91,229.5,0.1103,0.0236,2.875249525168325
2026-07-03 14:30:00+00:00,24.645,52.05,29.1,31.0,75,993.2,0.0,-7.600086505324835,-1.7546182238821464,0.0064516129032258,-0.8660254037844386,0.5000000000000001,-0.4999999999999998,-0.8660254037844388,55.91,229.5,0.1103,0.0236,0.7662746380380525
2026-07-03 15:30:00+00:00,24.915,50.95,17.95,30.7,77,994.1,0.0,-7.765136389962107,-3.4572614661443017,0.0052631578947368,-0.7071067811865477,0.7071067811865474,-0.4999999999999998,-0.8660254037844388,55.91,229.5,0.1103,0.0236,0.601454160316866
2026-07-03 16:30:00+00:00,25.64,49.475,20.55,30.5,77,994.3,0.0,-9.949036010777403,-2.665836164555964,0.0035087719298245,-0.5000000000000004,0.8660254037844384,-0.4999999999999998,-0.8660254037844388,55.91,229.5,0.1103,0.0236,0.9584063754592148
2026-07-03 17:30:00+00:00,25.290000000000003,48.425,22.266666666666666,30.8,75,993.8,0.0,-11.719212260845277,-2.066413314236472,0.003076923076923,-0.2588190451025215,0.965925826289068,-0.4999999999999998,-0.8660254037844388,55.91,229.5,0.1103,0.0236,2.677996323863165
2026-07-03 18:30:00+00:00,22.08,54.2,11.2,30.5,75,993.4,0.0,-11.388082790528058,-1.6004906610407554,0.0027397260273972,0.0,1.0,-0.4999999999999998,-0.8660254037844388,55.91,229.5,0.1103,0.0236,1.2448667106878792
2026-07-03 19:30:00+00:00,24.8875,54.525,10.775,30.2,77,993.0,0.0,-10.06156645072663,-0.8802730017513472,0.0029850746268656,0.2588190451025207,0.9659258262890684,-0.4999999999999998,-0.8660254037844388,55.91,229.5,0.1103,0.0236,1.718010636381212
2026-07-03 20:30:00+00:00,25.44,54.2,24.575,29.9,79,993.0,0.0,-10.3,-6.30693101560887e-16,0.0026315789473684,0.4999999999999999,0.8660254037844387,-0.4999999999999998,-0.8660254037844388,55.91,229.5,0.1103,0.0236,1.2161705150700537
2026-07-03 21:30:00+00:00,24.795,51.75,31.725,29.7,80,992.9,0.0,-10.26080539034498,-0.8977041503008789,0.0024096385542168,0.7071067811865475,0.7071067811865476,-0.4999999999999998,-0.8660254037844388,55.91,229.5,0.1103,0.0236,3.7456773273203643
2026-07-03 22:30:00+00:00,25.4775,49.25,25.6,29.3,82,992.9,0.0,-9.552635204218417,-1.6843873233692248,0.0027027027027027,0.8660254037844386,0.5000000000000001,-0.4999999999999998,-0.8660254037844388,55.91,229.5,0.1103,0.0236,3.4249427511612707
2026-07-03 23:30:00+00:00,25.095,46.05,21.9,29.7,81,992.6,0.0,-8.080268807104575,0.5650274373274151,0.0038461538461538,0.9659258262890684,0.2588190451025207,-0.4999999999999998,-0.8660254037844388,55.91,229.5,0.1103,0.0236,3.421202519125999
2026-07-04 00:30:00+00:00,26.1425,45.9,19.475,30.3,80,992.7,0.0,-5.247718242836374,-2.9088577214780225,0.0028169014084507,1.0,6.123233995736766e-17,-0.4999999999999998,-0.8660254037844388,55.91,229.5,0.1103,0.0236,0.6609306584237806
2026-07-04 01:30:00+00:00,24.825000000000003,47.35,20.9,31.5,74,992.7,0.0,-6.998933866094739,0.1221668450609843,0.0013333333333333,0.9659258262890684,-0.2588190451025206,-0.4999999999999998,-0.8660254037844388,55.91,229.5,0.1103,0.0236,1.8548377091902184
2026-07-04 02:30:00+00:00,25.9625,,,32.7,66,992.6,0.0,-9.131424595100162,1.1211979593273558,0.0010416666666666,0.8660254037844387,-0.4999999999999998,-0.4999999999999998,-0.8660254037844388,55.91,229.5,0.1103,0.0236,
2026-07-04 03:30:00+00:00,25.1375,,,33.6,61,992.7,0.1,-12.60533612584479,1.5477406612453717,0.0009345794392523,0.7071067811865476,-0.7071067811865475,-0.4999999999999998,-0.8660254037844388,55.91,229.5,0.1103,0.0236,
2026-07-04 04:30:00+00:00,24.79,,,34.5,57,992.5,0.1,-14.245584182711962,1.2463271212915128,0.0008130081300813,0.4999999999999999,-0.8660254037844387,-0.4999999999999998,-0.8660254037844388,55.91,229.5,0.1103,0.0236,
2026-07-04 05:30:00+00:00,24.79,,,34.9,54,992.7,0.4,-14.597776349283311,0.2548051339843387,0.0008196721311475,0.258819045102521,-0.9659258262890682,-0.4999999999999998,-0.8660254037844388,55.91,229.5,0.1103,0.0236,
2026-07-04 06:30:00+00:00,25.77,,,35.0,55,991.8,0.0,-13.491776164757791,0.4711432054837599,0.0008064516129032,1.2246467991473532e-16,-1.0,-0.4999999999999998,-0.8660254037844388,55.91,229.5,0.1103,0.0236,
2026-07-04 07:30:00+00:00,24.0375,57.2,48.8,35.4,54,990.5,0.0,-12.283143277481258,-0.6437322617882109,0.0007874015748031,-0.2588190451025208,-0.9659258262890684,-0.4999999999999998,-0.8660254037844388,55.91,229.5,0.1103,0.0236,2.780020465406851
2026-07-04 08:30:00+00:00,26.89,57.2,50.5,35.5,54,989.5,0.0,-11.497566764465777,-2.6544224412576063,0.0007936507936507,-0.4999999999999998,-0.8660254037844388,-0.4999999999999998,-0.8660254037844388,55.91,229.5,0.1103,0.0236,1.5429733284406182
2026-07-04 09:30:00+00:00,25.8675,,,35.3,57,988.8,0.0,-10.022496901352756,-3.4510224372458613,0.0008032128514056,-0.7071067811865471,-0.7071067811865479,-0.4999999999999998,-0.8660254037844388,55.91,229.5,0.1103,0.0236,
2026-07-04 10:30:00+00:00,25.29,,,35.1,58,988.5,0.0,-9.895952520870338,-3.798700265180184,0.0008230452674897,-0.8660254037844384,-0.5000000000000004,-0.4999999999999998,-0.8660254037844388,55.91,229.5,0.1103,0.0236,
2026-07-04 11:30:00+00:00,25.33,,,34.7,59,988.8,0.0,-8.939931253174443,-2.904759747124506,0.0008474576271186,-0.9659258262890684,-0.2588190451025206,-0.4999999999999998,-0.8660254037844388,55.91,229.5,0.1103,0.0236,
2026-07-04 12:30:00+00:00,25.155,,,33.8,62,989.2,0.0,-8.319851376878407,-2.543633831087809,0.0035087719298245,-1.0,-1.8369701987210292e-16,-0.4999999999999998,-0.8660254037844388,55.91,229.5,0.1103,0.0236,
2026-07-04 13:30:00+00:00,25.515,,,33.0,66,990.0,0.0,-8.833110635387538,-3.214989347261287,0.0047619047619047,-0.9659258262890684,0.2588190451025203,-0.4999999999999998,-0.8660254037844388,55.91,229.5,0.1103,0.0236,
2026-07-04 14:30:00+00:00,25.21,49.79999999999999,42.23333333333333,32.5,68,990.9,0.0,-8.982426468193509,-3.092897467342989,0.0047619047619047,-0.8660254037844386,0.5000000000000001,-0.4999999999999998,-0.8660254037844388,55.91,229.5,0.1103,0.0236,0.648307134841048
2026-07-04 15:30:00+00:00,23.625,50.125,36.425,32.1,70,991.8,0.0,-8.65135526344487,-2.4807362023529924,0.0046511627906976,-0.7071067811865477,0.7071067811865474,-0.4999999999999998,-0.8660254037844388,55.91,229.5,0.1103,0.0236,1.434348689913395
2026-07-04 16:30:00+00:00,26.9475,49.375,30.0,31.8,71,992.0,0.0,-8.41511532283392,-2.897556574668695,0.0047619047619047,-0.5000000000000004,0.8660254037844384,-0.4999999999999998,-0.8660254037844388,55.91,229.5,0.1103,0.0236,1.7334077158762233
2026-07-04 17:30:00+00:00,26.065,47.375,25.625,32.0,70,991.7,0.0,-11.687702498097726,-3.131710445740501,0.0022727272727272,-0.2588190451025215,0.965925826289068,-0.4999999999999998,-0.8660254037844388,55.91,229.5,0.1103,0.0236,4.580793751213301
2026-07-04 18:30:00+00:00,24.11,46.3,24.0,31.4,73,991.5,0.0,-9.548826634895306,-2.204520332569877,0.0028571428571428,0.0,1.0,-0.4999999999999998,-0.8660254037844388,55.91,229.5,0.1103,0.0236,4.710249763859409
2026-07-04 19:30:00+00:00,25.2075,45.375,22.775,31.0,74,991.1,0.0,-8.61533219805166,-1.2108059783525713,0.0031746031746031,0.2588190451025207,0.9659258262890684,-0.4999999999999998,-0.8660254037844388,55.91,229.5,0.1103,0.0236,3.5934460210047865
2026-07-04 20:30:00+00:00,26.67,40.0,21.2,30.6,76,991.3,0.0,-8.829691109111568,-2.201489249956978,0.0032786885245901,0.4999999999999999,0.8660254037844387,-0.4999999999999998,-0.8660254037844388,55.91,229.5,0.1103,0.0236,2.7074509259163984
2026-07-04 21:30:00+00:00,27.1875,38.525,20.1,30.4,76,991.2,0.0,-7.573555455601127,-3.858919247786148,0.0037037037037037,0.7071067811865475,0.7071067811865476,-0.4999999999999998,-0.8660254037844388,55.91,229.5,0.1103,0.0236,2.980653491376555
2026-07-04 22:30:00+00:00,25.5025,37.4,19.425,30.0,79,991.4,0.0,-9.358430866391531,-5.187462936635807,0.0026666666666666,0.8660254037844386,0.5000000000000001,-0.4999999999999998,-0.8660254037844388,55.91,229.5,0.1103,0.0236,3.645240189458468
2026-07-04 23:30:00+00:00,25.1,38.2,18.2,29.2,84,991.4,0.0,-10.49375532935782,-4.4543348647777234,0.0027777777777777,0.9659258262890684,0.2588190451025207,-0.4999999999999998,-0.8660254037844388,55.91,229.5,0.1103,0.0236,1.6702221868416194
2026-07-05 00:30:00+00:00,24.9825,39.0,15.825,30.1,82,991.6,0.0,-8.820964589464843,-4.494505947421514,0.0023529411764705,1.0,6.123233995736766e-17,-0.4999999999999998,-0.8660254037844388,55.91,229.5,0.1103,0.0236,0.5476177514839786
2026-07-05 01:30:00+00:00,27.9225,38.55,17.35,31.0,77,991.2,0.0,-11.89482801709578,-6.593410835350185,0.0017543859649122,0.9659258262890684,-0.2588190451025206,-0.4999999999999998,-0.8660254037844388,55.91,229.5,0.1103,0.0236,1.5129768892708624
2026-07-05 02:30:00+00:00,24.7275,39.675,19.625,32.3,71,991.4,0.0,-13.83605491995034,-3.194304971682881,0.0010869565217391,0.8660254037844387,-0.4999999999999998,-0.4999999999999998,-0.8660254037844388,55.91,229.5,0.1103,0.0236,1.259943036263354
2026-07-05 03:30:00+00:00,26.89,42.725,20.125,33.4,65,991.8,0.0,-16.077106068956383,-3.7116923966737714,0.0007633587786259,0.7071067811865476,-0.7071067811865475,-0.4999999999999998,-0.8660254037844388,55.91,229.5,0.1103,0.0236,3.388978505417149
2026-07-05 04:30:00+00:00,24.495,48.0,22.225,33.5,65,992.0,0.2,-20.300495409202192,-2.853048569681347,0.0007067137809187,0.4999999999999999,-0.8660254037844387,-0.4999999999999998,-0.8660254037844388,55.91,229.5,0.1103,0.0236,2.0859921116925784
2026-07-05 05:30:00+00:00,25.175,50.875,22.75,35.2,50,991.7,0.2,-21.29076347794376,-2.9922216706414124,0.0006968641114982,0.258819045102521,-0.9659258262890682,-0.4999999999999998,-0.8660254037844388,55.91,229.5,0.1103,0.0236,4.128526904923112
2026-07-05 06:30:00+00:00,25.1775,53.1,22.225,34.3,54,990.8,0.7,-21.910506256437245,-4.657221874317812,0.0007633587786259,1.2246467991473532e-16,-1.0,-0.4999999999999998,-0.8660254037844388,55.91,229.5,0.1103,0.0236,1.7988400574126233
2026-07-05 07:30:00+00:00,25.115,54.05,22.2,33.7,58,989.9,0.7,-20.18215110654073,-5.031975428473093,0.0008230452674897,-0.2588190451025208,-0.9659258262890684,-0.4999999999999998,-0.8660254037844388,55.91,229.5,0.1103,0.0236,0.05060088190417589
2026-07-05 08:30:00+00:00,25.05,55.75,24.475,34.6,54,989.7,0.0,-20.090078161449043,-3.54242282440538,0.0007042253521126,-0.4999999999999998,-0.8660254037844388,-0.4999999999999998,-0.8660254037844388,55.91,229.5,0.1103,0.0236,3.1522764505275864
2026-07-05 09:30:00+00:00,27.045,56.7,27.125,34.4,54,989.3,0.1,-20.12313290145326,-1.7605460035026943,0.000735294117647,-0.7071067811865471,-0.7071067811865479,-0.4999999999999998,-0.8660254037844388,55.91,229.5,0.1103,0.0236,4.085699746985799
2026-07-05 10:30:00+00:00,25.9025,53.0,29.85,33.2,59,989.5,0.3,-19.45746030972421,-3.081758961292549,0.0008547008547008,-0.8660254037844384,-0.5000000000000004,-0.4999999999999998,-0.8660254037844388,55.91,229.5,0.1103,0.0236,0.27186524305351956
2026-07-05 11:30:00+00:00,26.3175,51.0,31.25,32.5,64,989.1,0.1,-14.574399250933704,-3.097884193184616,0.0010362694300518,-0.9659258262890684,-0.2588190451025206,-0.4999999999999998,-0.8660254037844388,55.91,229.5,0.1103,0.0236,3.2937480091198834
2026-07-05 12:30:00+00:00,25.325,45.225,27.675,31.5,71,989.7,0.0,-10.125553387976844,-4.298042413382014,0.0012903225806451,-1.0,-1.8369701987210292e-16,-0.4999999999999998,-0.8660254037844388,55.91,229.5,0.1103,0.0236,2.6983007154760656
2026-07-05 13:30:00+00:00,24.92,38.775,24.0,31.1,73,991.1,0.0,-8.645172111230355,-3.146585318596153,0.0015384615384615,-0.9659258262890684,0.2588190451025203,-0.4999999999999998,-0.8660254037844388,55.91,229.5,0.1103,0.0236,1.3194163258216647
2026-07-05 14:30:00+00:00,26.5925,36.525000000000006,21.45,28.4,87,992.4,1.5,-13.49843689012652,2.869181333285076,0.0023529411764705,-0.8660254037844386,0.5000000000000001,-0.4999999999999998,-0.8660254037844388,55.91,229.5,0.1103,0.0236,0.8017056023696784
2026-07-05 15:30:00+00:00,27.505,35.05,18.625,28.1,91,992.4,0.3,-7.2504622962932,-3.3809460939255955,0.005,-0.7071067811865477,0.7071067811865474,-0.4999999999999998,-0.8660254037844388,55.91,229.5,0.1103,0.0236,1.654556875063042
2026-07-05 16:30:00+00:00,26.235,33.8,16.225,28.1,92,992.5,0.1,-7.020995535544036,-6.547184256599985,0.0016949152542372,-0.5000000000000004,0.8660254037844384,-0.4999999999999998,-0.8660254037844388,55.91,229.5,0.1103,0.0236,1.4198304747540114
2026-07-05 17:30:00+00:00,25.1725,33.7,14.35,28.9,84,991.7,0.0,-13.029474273243602,-4.23353282293678,0.0012820512820512,-0.2588190451025215,0.965925826289068,-0.4999999999999998,-0.8660254037844388,55.91,229.5,0.1103,0.0236,3.953980710362916
2026-07-05 18:30:00+00:00,24.36,31.0,12.6,28.7,83,991.5,0.0,-12.363734711836996,-4.017220926874317,0.0013986013986013,0.0,1.0,-0.4999999999999998,-0.8660254037844388,55.91,229.5,0.1103,0.0236,2.747160487731888
2026-07-05 19:30:00+00:00,23.35,30.775,12.325,28.5,83,991.0,0.0,-11.877688919716734,-2.308788844056193,0.0013888888888888,0.2588190451025207,0.9659258262890684,-0.4999999999999998,-0.8660254037844388,55.91,229.5,0.1103,0.0236,4.105603116937916
2026-07-05 20:30:00+00:00,25.215,29.8,12.525,28.5,83,991.0,0.0,-11.643548715311958,-2.903062747196014,0.00125,0.4999999999999999,0.8660254037844387,-0.4999999999999998,-0.8660254037844388,55.91,229.5,0.1103,0.0236,1.6898543823152439
2026-07-05 21:30:00+00:00,25.2275,28.825000000000003,12.475,28.4,82,991.1,0.0,-13.600108183020696,-4.418943019561749,0.0012658227848101,0.7071067811865475,0.7071067811865476,-0.4999999999999998,-0.8660254037844388,55.91,229.5,0.1103,0.0236,4.504154603985292
2026-07-05 22:30:00+00:00,26.3925,27.4,12.1,28.0,85,991.1,0.0,-13.87522888574675,-3.459483107075251,0.0012269938650306,0.8660254037844386,0.5000000000000001,-0.4999999999999998,-0.8660254037844388,55.91,229.5,0.1103,0.0236,1.410177655600685
2026-07-05 23:30:00+00:00,26.0725,27.475,11.875,28.3,83,990.3,0.1,-18.511944629482397,-6.737796823515676,0.0009090909090909,0.9659258262890684,0.2588190451025207,-0.4999999999999998,-0.8660254037844388,55.91,229.5,0.1103,0.0236,3.202240204816934
2026-07-06 00:30:00+00:00,26.2425,29.0,11.55,28.0,84,991.1,0.2,-20.54109961540992,-4.3661455071729485,0.0010050251256281,1.0,6.123233995736766e-17,-0.4999999999999998,-0.8660254037844388,55.91,229.5,0.1103,0.0236,1.2161067829149625
2026-07-06 01:30:00+00:00,25.615,27.375,11.35,28.6,80,991.5,0.1,-23.44275518110587,-1.6392771329869482,0.0010928961748633,0.9659258262890684,-0.2588190451025206,-0.4999999999999998,-0.8660254037844388,55.91,229.5,0.1103,0.0236,2.629255455392461
2026-07-06 02:30:00+00:00,25.755,24.45,11.4,29.8,76,992.1,0.4,-22.7,-1.389974117032246e-15,0.000956937799043,0.8660254037844387,-0.4999999999999998,-0.4999999999999998,-0.8660254037844388,55.91,229.5,0.1103,0.0236,4.1198451932803435
2026-07-06 03:30:00+00:00,25.925,25.450000000000003,11.45,31.1,70,992.2,0.3,-25.93666530675543,1.8136683173472583,0.0008849557522123,0.7071067811865476,-0.7071067811865475,-0.4999999999999998,-0.8660254037844388,55.91,229.5,0.1103,0.0236,1.4202188056783482
2026-07-06 04:30:00+00:00,25.09,30.25,12.25,32.3,66,991.6,0.3,-24.496268531331587,0.4275839577134452,0.0007518796992481,0.4999999999999999,-0.8660254037844387,-0.4999999999999998,-0.8660254037844388,55.91,229.5,0.1103,0.0236,2.2239591498018614
2026-07-06 05:30:00+00:00,25.4475,31.075,12.95,32.9,62,991.8,0.1,-24.46642360148705,-1.2822309279521271,0.0006825938566552,0.258819045102521,-0.9659258262890682,-0.4999999999999998,-0.8660254037844388,55.91,229.5,0.1103,0.0236,0.6767488555685192
2026-07-06 06:30:00+00:00,24.16,33.150000000000006,14.4,33.0,61,991.0,0.2,-23.967108834109773,1.2560629498306468,0.0006756756756756,1.2246467991473532e-16,-1.0,-0.4999999999999998,-0.8660254037844388,55.91,229.5,0.1103,0.0236,4.264070980345644
2026-07-06 07:30:00+00:00,23.785,36.65,23.25,33.5,59,990.4,0.2,-21.07108318332151,1.1042886767261104,0.0006309148264984,-0.2588190451025208,-0.9659258262890684,-0.4999999999999998,-0.8660254037844388,55.91,229.5,0.1103,0.0236,2.864886603394094
2026-07-06 08:30:00+00:00,24.995,40.025,21.1,30.9,71,990.2,0.7,-18.51303123091947,-4.274070032533434,0.0014492753623188,-0.4999999999999998,-0.8660254037844388,-0.4999999999999998,-0.8660254037844388,55.91,229.5,0.1103,0.0236,2.910121863251871
2026-07-06 09:30:00+00:00,25.7925,43.3,17.0,31.9,70,989.6,0.2,-6.467184310807044,-2.1013155617496424,0.0008888888888888,-0.7071067811865471,-0.7071067811865479,-0.4999999999999998,-0.8660254037844388,55.91,229.5,0.1103,0.0236,1.271658770627862
2026-07-06 10:30:00+00:00,25.25,40.925,18.025,30.1,80,989.7,1.1,-11.24139418682882,-12.484833068020224,0.0019607843137254,-0.8660254037844384,-0.5000000000000004,-0.4999999999999998,-0.8660254037844388,55.91,229.5,0.1103,0.0236,4.3524679378320235
2026-07-06 11:30:00+00:00,24.475,41.4,20.975,32.0,64,989.3,0.1,-19.47327592771419,-1.020551146737407,0.0008547008547008,-0.9659258262890684,-0.2588190451025206,-0.4999999999999998,-0.8660254037844388,55.91,229.5,0.1103,0.0236,0.8726159264477218
2026-07-06 12:30:00+00:00,25.47,43.4,24.675,30.8,70,990.2,0.2,-14.222712104569982,2.252656296579327,0.001063829787234,-1.0,-1.8369701987210292e-16,-0.4999999999999998,-0.8660254037844388,55.91,229.5,0.1103,0.0236,4.1823629000482505
2026-07-06 13:30:00+00:00,25.575,39.975,19.775,30.3,74,990.9,0.1,-12.761153384819632,2.4805169398950824,0.001063829787234,-0.9659258262890684,0.2588190451025203,-0.4999999999999998,-0.8660254037844388,55.91,229.5,0.1103,0.0236,3.296254200856938
2026-07-06 14:30:00+00:00,24.59,37.0,12.475,29.9,75,991.6,0.0,-14.564435133793433,1.0184445166642295,0.0011428571428571,-0.8660254037844386,0.5000000000000001,-0.4999999999999998,-0.8660254037844388,55.91,229.5,0.1103,0.0236,2.480084233223166
2026-07-06 15:30:00+00:00,26.325,35.1,16.0,29.6,76,992.6,0.0,-15.64623548611681,-2.198934995169038,0.0011235955056179,-0.7071067811865477,0.7071067811865474,-0.4999999999999998,-0.8660254037844388,55.91,229.5,0.1103,0.0236,0.02634442283188876
2026-07-06 16:30:00+00:00,25.4225,35.8,18.65,28.8,80,992.9,0.0,-15.803013449522204,-2.502951440643695,0.0013071895424836,-0.5000000000000004,0.8660254037844384,-0.4999999999999998,-0.8660254037844388,55.91,229.5,0.1103,0.0236,4.143417727391585
2026-07-06 17:30:00+00:00,26.065,36.25,17.375,27.2,95,992.2,0.1,-18.927699263743165,-1.6559591122055046,0.0018867924528301,-0.2588190451025215,0.965925826289068,-0.4999999999999998,-0.8660254037844388,55.91,229.5,0.1103,0.0236,1.2330809169084889
2026-07-06 18:30:00+00:00,24.1975,33.975,18.0875,27.1,95,991.8,0.6,-18.85837688118512,-2.3155175246978024,0.0018018018018018,0.0,1.0,-0.4999999999999998,-0.8660254037844388,55.91,229.5,0.1103,0.0236,3.3828473935863315
2026-07-06 19:30:00+00:00,22.33,31.7,18.8,26.7,95,991.6,0.3,-17.675742765155956,-0.9263464255001082,0.0019230769230769,0.2588190451025207,0.9659258262890684,-0.4999999999999998,-0.8660254037844388,55.91,229.5,0.1103,0.0236,2.817086242245332
2026-07-06 20:30:00+00:00,25.545,33.675,23.225,26.5,96,991.5,0.2,-16.889704976622717,-0.5898014942722682,0.002,0.4999999999999999,0.8660254037844387,-0.4999999999999998,-0.8660254037844388,55.91,229.5,0.1103,0.0236,4.299554493031133
2026-07-06 21:30:00+00:00,24.805,34.3,25.05,26.5,95,991.4,0.1,-16.37752436997501,-0.858309682384281,0.0018518518518518,0.7071067811865475,0.7071067811865476,-0.4999999999999998,-0.8660254037844388,55.91,229.5,0.1103,0.0236,2.234800198274657
2026-07-06 22:30:00+00:00,22.9375,32.0,18.775,26.5,95,991.6,0.1,-15.478757788695894,-0.8112073217656315,0.0018181818181818,0.8660254037844386,0.5000000000000001,-0.4999999999999998,-0.8660254037844388,55.91,229.5,0.1103,0.0236,0.15990500434677923
2026-07-06 23:30:00+00:00,24.415,33.6,16.15,26.9,93,991.8,0.0,-15.090801487988346,-0.5269824002077663,0.0016129032258064,0.9659258262890684,0.2588190451025207,-0.4999999999999998,-0.8660254037844388,55.91,229.5,0.1103,0.0236,3.3462320056270585
2026-07-07 00:30:00+00:00,24.155,36.425,17.875,27.3,90,992.0,0.1,-15.297669735892788,-0.2670218184904356,0.0016528925619834,1.0,6.123233995736766e-17,-0.4999999999999998,-0.8660254037844388,55.91,229.5,0.1103,0.0236,2.255913558751641
2026-07-07 01:30:00+00:00,25.82,36.85,18.45,27.7,89,992.5,0.2,-16.237250172181177,3.451334067574802,0.0016528925619834,0.9659258262890684,-0.2588190451025206,-0.4999999999999998,-0.8660254037844388,55.91,229.5,0.1103,0.0236,0.008289744050424264
2026-07-07 02:30:00+00:00,23.9025,34.85,19.3,29.2,80,992.9,0.1,-16.31843584037546,6.593076044120053,0.0013333333333333,0.8660254037844387,-0.4999999999999998,-0.4999999999999998,-0.8660254037844388,55.91,229.5,0.1103,0.0236,3.8623587135161324
2026-07-07 03:30:00+00:00,24.1925,32.4,17.175,29.7,76,993.1,0.0,-12.789636406996411,5.6943130030612,0.0013333333333333,0.7071067811865476,-0.7071067811865475,-0.4999999999999998,-0.8660254037844388,55.91,229.5,0.1103,0.0236,2.5976095881199117
2026-07-07 04:30:00+00:00,26.0725,31.475,18.05,30.7,72,993.0,0.0,-10.106304014777985,4.083211868233442,0.0013245033112582,0.4999999999999999,-0.8660254037844387,-0.4999999999999998,-0.8660254037844388,55.91,229.5,0.1103,0.0236,4.266314252671401
2026-07-07 05:30:00+00:00,23.505,33.375,20.0,29.7,77,993.3,0.0,-7.9587606965284,5.368251873319168,0.0014925373134328,0.258819045102521,-0.9659258262890682,-0.4999999999999998,-0.8660254037844388,55.91,229.5,0.1103,0.0236,1.148978962012746
2026-07-07 06:30:00+00:00,24.6825,37.425,18.775,29.4,79,992.5,0.6,-4.766900247265242,9.355568503977862,0.0019607843137254,1.2246467991473532e-16,-1.0,-0.4999999999999998,-0.8660254037844388,55.91,229.5,0.1103,0.0236,1.575093159061081
2026-07-07 07:30:00+00:00,25.7025,38.1,22.925,29.3,81,992.1,0.5,-3.259077362718436,8.066499534731049,0.0021739130434782,-0.2588190451025208,-0.9659258262890684,-0.4999999999999998,-0.8660254037844388,55.91,229.5,0.1103,0.0236,0.4087199745791309
2026-07-07 08:30:00+00:00,25.692500000000003,37.575,24.875,30.3,78,991.7,0.2,-1.282762613329894,8.099044392880128,0.0019047619047619,-0.4999999999999998,-0.8660254037844388,-0.4999999999999998,-0.8660254037844388,55.91,229.5,0.1103,0.0236,4.8195057784431
2026-07-07 09:30:00+00:00,26.9975,37.95,24.85,31.5,72,990.8,0.1,0.932459776432439,6.634796060568521,0.0012987012987012,-0.7071067811865471,-0.7071067811865479,-0.4999999999999998,-0.8660254037844388,55.91,229.5,0.1103,0.0236,0.9534137131449261
2026-07-07 10:30:00+00:00,25.5675,36.925,26.825,31.8,69,990.5,0.0,1.5073910634747034,7.754854749236546,0.0011560693641618,-0.8660254037844384,-0.5000000000000004,-0.4999999999999998,-0.8660254037844388,55.91,229.5,0.1103,0.0236,0.47774019112739263
2026-07-07 11:30:00+00:00,24.5175,36.475,24.625,30.7,77,991.2,0.1,2.370481260026191,8.266850585069543,0.0016949152542372,-0.9659258262890684,-0.2588190451025206,-0.4999999999999998,-0.8660254037844388,55.91,229.5,0.1103,0.0236,1.7479720936589556
2026-07-07 12:30:00+00:00,26.25,37.675,24.7,30.1,81,991.8,0.0,-0.5118512423016197,4.168693836893553,0.0038461538461538,-1.0,-1.8369701987210292e-16,-0.4999999999999998,-0.8660254037844388,55.91,229.5,0.1103,0.0236,2.2262352125314293
2026-07-07 13:30:00+00:00,25.040000000000003,38.43333333333333,24.96666666666667,29.7,84,992.8,0.0,-5.213005468535168,2.5425526513766497,0.0071428571428571,-0.9659258262890684,0.2588190451025203,-0.4999999999999998,-0.8660254037844388,55.91,229.5,0.1103,0.0236,4.0918327370244105
2026-07-07 14:30:00+00:00,,,,29.6,84,993.8,0.0,-7.582427298433589,3.375914137529141,0.0042553191489361,-0.8660254037844386,0.5000000000000001,-0.4999999999999998,-0.8660254037844388,55.91,229.5,0.1103,0.0236,
2026-07-07 15:30:00+00:00,,,,29.3,85,994.9,0.0,-8.395676151948619,5.246200715908728,0.0037735849056603,-0.7071067811865477,0.7071067811865474,-0.4999999999999998,-0.8660254037844388,55.91,229.5,0.1103,0.0236,
2026-07-07 16:30:00+00:00,,,,28.9,88,995.0,0.0,-7.548035111508817,4.901751315135245,0.0042553191489361,-0.5000000000000004,0.8660254037844384,-0.4999999999999998,-0.8660254037844388,55.91,229.5,0.1103,0.0236,
2026-07-07 17:30:00+00:00,,,,29.0,92,994.4,0.0,-7.229182616662484,7.752349237163207,0.0029850746268656,-0.2588190451025215,0.965925826289068,-0.4999999999999998,-0.8660254037844388,55.91,229.5,0.1103,0.0236,
2026-07-07 18:30:00+00:00,,,,28.7,91,993.9,0.0,-6.457763373179765,4.193720569615709,0.0042553191489361,0.0,1.0,-0.4999999999999998,-0.8660254037844388,55.91,229.5,0.1103,0.0236,
2026-07-07 19:30:00+00:00,,,,28.5,90,993.3,0.0,-5.9058240589371165,4.290832341735053,0.0048780487804878,0.2588190451025207,0.9659258262890684,-0.4999999999999998,-0.8660254037844388,55.91,229.5,0.1103,0.0236,
2026-07-07 20:30:00+00:00,,,,28.4,91,993.1,0.0,-8.055627352483015,0.8466805524679919,0.005,0.4999999999999999,0.8660254037844387,-0.4999999999999998,-0.8660254037844388,55.91,229.5,0.1103,0.0236,
2026-07-07 21:30:00+00:00,,,,28.2,91,993.6,0.0,-8.794639277768043,0.3071155709820065,0.0043478260869565,0.7071067811865475,0.7071067811865476,-0.4999999999999998,-0.8660254037844388,55.91,229.5,0.1103,0.0236,
2026-07-07 22:30:00+00:00,,,,28.0,92,993.6,0.0,-7.770318645115615,0.6798147934317342,0.0046511627906976,0.8660254037844386,0.5000000000000001,-0.4999999999999998,-0.8660254037844388,55.91,229.5,0.1103,0.0236,
2026-07-07 23:30:00+00:00,,,,28.5,92,993.4,0.0,-6.861160523794228,2.7720887912777497,0.0044444444444444,0.9659258262890684,0.2588190451025207,-0.4999999999999998,-0.8660254037844388,55.91,229.5,0.1103,0.0236,
2026-07-08 00:30:00+00:00,,,,29.0,89,993.6,0.0,-5.772490067120012,3.199743493625824,0.0025641025641025,1.0,6.123233995736766e-17,-0.4999999999999998,-0.8660254037844388,55.91,229.5,0.1103,0.0236,
2026-07-08 01:30:00+00:00,,,,30.2,78,994.2,0.0,-3.050524823068504,6.851590932319506,0.0017857142857142,0.9659258262890684,-0.2588190451025206,-0.4999999999999998,-0.8660254037844388,55.91,229.5,0.1103,0.0236,
2026-07-08 02:30:00+00:00,,,,30.7,75,994.2,0.0,-1.6646378021445996,7.210338479410741,0.001639344262295,0.8660254037844387,-0.4999999999999998,-0.4999999999999998,-0.8660254037844388,55.91,229.5,0.1103,0.0236,
2026-07-08 03:30:00+00:00,,,,31.8,69,994.1,0.0,0.1483454547169071,8.498705408829325,0.001360544217687,0.7071067811865476,-0.7071067811865475,-0.4999999999999998,-0.8660254037844388,55.91,229.5,0.1103,0.0236,
2026-07-08 04:30:00+00:00,,,,32.4,66,993.6,0.2,-0.3071155709820061,8.794639277768043,0.001081081081081,0.4999999999999999,-0.8660254037844387,-0.4999999999999998,-0.8660254037844388,55.91,229.5,0.1103,0.0236,
2026-07-08 05:30:00+00:00,21.74,53.3,10.0,32.8,65,994.4,0.1,2.0920448053979444,9.06164160250269,0.0008510638297872,0.258819045102521,-0.9659258262890682,-0.4999999999999998,-0.8660254037844388,55.91,229.5,0.1103,0.0236,4.420671204845231
2026-07-08 06:30:00+00:00,26.67,54.65,10.0,32.5,67,993.4,0.1,1.4548405248741458,9.185501567534782,0.0010152284263959,1.2246467991473532e-16,-1.0,-0.4999999999999998,-0.8660254037844388,55.91,229.5,0.1103,0.0236,2.5694291658980575
2026-07-08 07:30:00+00:00,25.9125,51.425,4.9,31.3,72,992.9,1.3,-4.473543227765975,6.632300580440333,0.0022471910112359,-0.2588190451025208,-0.9659258262890684,-0.4999999999999998,-0.8660254037844388,55.91,229.5,0.1103,0.0236,4.0260721162837605
2026-07-08 08:30:00+00:00,25.435,48.775000000000006,11.575,31.7,70,992.3,0.0,-3.2095339943541723,3.9634444034305503,0.0014925373134328,-0.4999999999999998,-0.8660254037844388,-0.4999999999999998,-0.8660254037844388,55.91,229.5,0.1103,0.0236,2.297931831895292
2026-07-08 09:30:00+00:00,24.665,51.55,17.349999999999998,32.0,70,991.5,0.1,-2.684125936659585,3.9793803482642,0.0013245033112582,-0.7071067811865471,-0.7071067811865479,-0.4999999999999998,-0.8660254037844388,55.91,229.5,0.1103,0.0236,4.226644085018738
2026-07-08 10:30:00+00:00,25.28,57.95,17.725,32.0,69,991.3,0.0,-2.341947850564616,3.606283442165324,0.0013333333333333,-0.8660254037844384,-0.5000000000000004,-0.4999999999999998,-0.8660254037844388,55.91,229.5,0.1103,0.0236,0.4910805632292148
2026-07-08 11:30:00+00:00,24.315,58.525,20.825,31.1,75,991.7,0.3,-4.499999999999999,7.794228634059948,0.0022222222222222,-0.9659258262890684,-0.2588190451025206,-0.4999999999999998,-0.8660254037844388,55.91,229.5,0.1103,0.0236,2.689849119744653
2026-07-08 12:30:00+00:00,23.41,49.125,19.25,30.4,80,992.3,0.0,-5.395048502539885,5.209937778442478,0.0029411764705882,-1.0,-1.8369701987210292e-16,-0.4999999999999998,-0.8660254037844388,55.91,229.5,0.1103,0.0236,1.9427642130381488
2026-07-08 13:30:00+00:00,26.66,46.725,16.6,29.8,83,992.9,0.0,-6.84703320513664,1.4553818357243138,0.0051282051282051,-0.9659258262890684,0.2588190451025203,-0.4999999999999998,-0.8660254037844388,55.91,229.5,0.1103,0.0236,0.8926038792709023
2026-07-08 14:30:00+00:00,26.035,51.2,14.825,29.8,82,994.0,0.0,-8.069177054543138,0.7059615162560317,0.0042553191489361,-0.8660254037844386,0.5000000000000001,-0.4999999999999998,-0.8660254037844388,55.91,229.5,0.1103,0.0236,2.5448305906897204
2026-07-08 15:30:00+00:00,26.335,53.4,13.475,29.8,82,994.7,0.0,-8.479294427208506,0.5929300268250653,0.0040816326530612,-0.7071067811865477,0.7071067811865474,-0.4999999999999998,-0.8660254037844388,55.91,229.5,0.1103,0.0236,3.5197515854753365
2026-07-08 16:30:00+00:00,25.8675,58.150000000000006,16.9,29.4,83,994.7,0.0,-9.158712103013537,1.6149280523024518,0.0034482758620689,-0.5000000000000004,0.8660254037844384,-0.4999999999999998,-0.8660254037844388,55.91,229.5,0.1103,0.0236,1.327936085627418
2026-07-08 17:30:00+00:00,25.41333333333333,59.23333333333333,17.733333333333334,29.9,85,993.8,0.0,-9.516490789789357,2.728809822588291,0.0034482758620689,-0.2588190451025215,0.965925826289068,-0.4999999999999998,-0.8660254037844388,55.91,229.5,0.1103,0.0236,0.8720903915415545
2026-07-08 18:30:00+00:00,25.28,54.7,15.9,27.8,94,993.7,4.1,-6.867857180027224,5.970137163813618,0.0043478260869565,0.0,1.0,-0.4999999999999998,-0.8660254037844388,55.91,229.5,0.1103,0.0236,3.30986441785559
2026-07-08 19:30:00+00:00,25.4875,50.150000000000006,14.6,27.5,95,993.3,3.2,-11.188765644767516,3.420748945256019,0.0040816326530612,0.2588190451025207,0.9659258262890684,-0.4999999999999998,-0.8660254037844388,55.91,229.5,0.1103,0.0236,3.675748300324572
2026-07-08 20:30:00+00:00,26.19666666666667,46.95,17.53333333333333,27.5,95,993.1,0.9,-9.131424595100162,-1.1211979593273569,0.0064516129032258,0.4999999999999999,0.8660254037844387,-0.4999999999999998,-0.8660254037844388,55.91,229.5,0.1103,0.0236,4.073873639319525
2026-07-08 21:30:00+00:00,26.665,44.025,15.675,27.3,97,993.5,0.9,-7.880755997052612,-0.5510761425785912,0.0076923076923076,0.7071067811865475,0.7071067811865476,-0.4999999999999998,-0.8660254037844388,55.91,229.5,0.1103,0.0236,3.042290897011204
2026-07-08 22:30:00+00:00,24.86,41.65,14.025,27.4,97,993.8,0.6,-5.728592375451799,-0.9073198972333392,0.008695652173913,0.8660254037844386,0.5000000000000001,-0.4999999999999998,-0.8660254037844388,55.91,229.5,0.1103,0.0236,3.966652244382512
2026-07-08 23:30:00+00:00,23.1675,41.75,12.85,28.4,94,993.6,0.2,-6.496040375624123,0.2268467285662547,0.0095238095238095,0.9659258262890684,0.2588190451025207,-0.4999999999999998,-0.8660254037844388,55.91,229.5,0.1103,0.0236,2.328174738156848
2026-07-09 00:30:00+00:00,25.005,39.25,12.0,28.8,94,994.2,0.0,-6.992135046386677,-1.232902061435206,0.0066666666666666,1.0,6.123233995736766e-17,-0.4999999999999998,-0.8660254037844388,55.91,229.5,0.1103,0.0236,0.7586313538506784
2026-07-09 01:30:00+00:00,25.265,40.15,15.775,29.7,90,994.5,0.0,-7.190132650232932,0.3768188849491941,0.0042553191489361,0.9659258262890684,-0.2588190451025206,-0.4999999999999998,-0.8660254037844388,55.91,229.5,0.1103,0.0236,2.637255179314009
2026-07-09 02:30:00+00:00,23.6925,42.3,15.95,31.5,79,994.5,0.1,-4.51052457977236,1.6416966879632098,0.0017857142857142,0.8660254037844387,-0.4999999999999998,-0.4999999999999998,-0.8660254037844388,55.91,229.5,0.1103,0.0236,0.39181059990843814
2026-07-09 03:30:00+00:00,24.49,42.85,18.8,32.4,73,994.8,0.2,-1.6431504697506187,3.090316575006244,0.0011049723756906,0.7071067811865476,-0.7071067811865475,-0.4999999999999998,-0.8660254037844388,55.91,229.5,0.1103,0.0236,3.4382281355138145
2026-07-09 04:30:00+00:00,25.12,45.9,18.75,33.0,68,994.7,0.3,-0.1570477351612531,4.497258721585931,0.000754716981132,0.4999999999999999,-0.8660254037844387,-0.4999999999999998,-0.8660254037844388,55.91,229.5,0.1103,0.0236,4.7695160678136705
2026-07-09 05:30:00+00:00,24.14,51.35,20.125,33.0,65,995.3,2.4,1.8309390948649744,3.443495612149815,0.0007968127490039,0.258819045102521,-0.9659258262890682,-0.4999999999999998,-0.8660254037844388,55.91,229.5,0.1103,0.0236,3.8897821947134013
2026-07-09 06:30:00+00:00,23.6025,56.05,22.225,33.5,65,994.0,0.0,-0.919238815542512,0.9192388155425116,0.0007462686567164,1.2246467991473532e-16,-1.0,-0.4999999999999998,-0.8660254037844388,55.91,229.5,0.1103,0.0236,1.2452651951431981
2026-07-09 07:30:00+00:00,22.5275,57.225,25.3,33.6,65,993.3,0.0,-3.2593715239639542,0.5162337346327623,0.0007194244604316,-0.2588190451025208,-0.9659258262890684,-0.4999999999999998,-0.8660254037844388,55.91,229.5,0.1103,0.0236,4.892630491725149
2026-07-09 08:30:00+00:00,26.3775,53.025,25.7,33.1,67,992.8,0.1,-8.075423574700105,1.4239150568688284,0.0009259259259259,-0.4999999999999998,-0.8660254037844388,-0.4999999999999998,-0.8660254037844388,55.91,229.5,0.1103,0.0236,2.2825317228680477
2026-07-09 09:30:00+00:00,23.6325,51.05,25.625,31.6,74,992.4,0.3,-7.571079705497266,0.6623836448822026,0.0023529411764705,-0.7071067811865471,-0.7071067811865479,-0.4999999999999998,-0.8660254037844388,55.91,229.5,0.1103,0.0236,3.94044835556125
2026-07-09 10:30:00+00:00,25.115,48.25,24.275,30.1,84,992.4,0.4,-9.171530183313372,3.158011098234417,0.0028571428571428,-0.8660254037844384,-0.5000000000000004,-0.4999999999999998,-0.8660254037844388,55.91,229.5,0.1103,0.0236,4.999621907552322
2026-07-09 11:30:00+00:00,25.2825,47.975,23.125,29.7,85,992.8,1.1,-6.122337949975771,3.393667341724359,0.0029411764705882,-0.9659258262890684,-0.2588190451025206,-0.4999999999999998,-0.8660254037844388,55.91,229.5,0.1103,0.0236,1.4534722933071005
2026-07-09 12:30:00+00:00,24.8025,50.1,23.075000000000003,29.3,88,993.7,0.2,-5.043268823083022,3.9402334420842138,0.0036363636363636,-1.0,-1.8369701987210292e-16,-0.4999999999999998,-0.8660254037844388,55.91,229.5,0.1103,0.0236,4.708721170028688
2026-07-09 13:30:00+00:00,25.6525,52.56666666666666,24.53333333333333,29.1,91,994.5,0.1,-1.7489675652259418,3.9282454678631833,0.0047619047619047,-0.9659258262890684,0.2588190451025203,-0.4999999999999998,-0.8660254037844388,55.91,229.5,0.1103,0.0236,4.521386542217531
2026-07-09 14:30:00+00:00,23.475,55.425,28.15,29.1,91,995.1,0.0,-2.867882181755232,4.095760221444959,0.0043478260869565,-0.8660254037844386,0.5000000000000001,-0.4999999999999998,-0.8660254037844388,55.91,229.5,0.1103,0.0236,4.314179114810805
2026-07-09 15:30:00+00:00,25.63,56.225,26.225,29.1,92,995.7,0.0,-2.1791543987498248,4.276831316104166,0.0034482758620689,-0.7071067811865477,0.7071067811865474,-0.4999999999999998,-0.8660254037844388,55.91,229.5,0.1103,0.0236,3.723913446472111
2026-07-09 16:30:00+00:00,24.6525,60.525000000000006,28.1,29.0,92,995.4,0.0,-2.490620541896064,3.985826051935202,0.0041666666666666,-0.5000000000000004,0.8660254037844384,-0.4999999999999998,-0.8660254037844388,55.91,229.5,0.1103,0.0236,2.535422685523267
2026-07-09 17:30:00+00:00,27.405,66.375,29.625,29.5,86,994.8,0.0,-2.291534960281981,6.295940559265586,0.0055555555555555,-0.2588190451025215,0.965925826289068,-0.4999999999999998,-0.8660254037844388,55.91,229.5,0.1103,0.0236,2.1705198058150432
2026-07-09 18:30:00+00:00,23.15,67.4,28.2,29.1,89,994.4,0.0,0.7677768634524308,6.253040755340328,0.0045454545454545,0.0,1.0,-0.4999999999999998,-0.8660254037844388,55.91,229.5,0.1103,0.0236,0.4858785156676132
2026-07-09 19:30:00+00:00,26.6525,66.55,27.325,28.8,89,993.5,0.0,5.750880114781586,4.656970893768794,0.0029411764705882,0.2588190451025207,0.9659258262890684,-0.4999999999999998,-0.8660254037844388,55.91,229.5,0.1103,0.0236,3.3908160994239718
2026-07-09 20:30:00+00:00,23.9275,74.575,30.725,28.3,89,993.2,0.0,8.087271537717452,1.8670937510540817,0.0026666666666666,0.4999999999999999,0.8660254037844387,-0.4999999999999998,-0.8660254037844388,55.91,229.5,0.1103,0.0236,0.3910339980652844
2026-07-09 21:30:00+00:00,24.4975,79.625,26.45,27.9,89,993.4,0.0,6.663296698967432,0.7003407038932775,0.0027777777777777,0.7071067811865475,0.7071067811865476,-0.4999999999999998,-0.8660254037844388,55.91,229.5,0.1103,0.0236,4.656645068765823
2026-07-09 22:30:00+00:00,25.4475,69.575,23.675,27.7,90,993.4,0.0,8.798659717376244,0.1535811766480947,0.0024096385542168,0.8660254037844386,0.5000000000000001,-0.4999999999999998,-0.8660254037844388,55.91,229.5,0.1103,0.0236,0.28807441196141204
2026-07-09 23:30:00+00:00,23.3925,59.95,23.225,27.7,93,993.5,0.1,1.261868159972301,1.8021344974357827,0.009090909090909,0.9659258262890684,0.2588190451025207,-0.4999999999999998,-0.8660254037844388,55.91,229.5,0.1103,0.0236,2.7044690602987447
2026-07-10 00:30:00+00:00,25.905,60.575,25.75,27.5,93,994.1,0.5,0.5405703961261736,2.543183761907895,0.00625,1.0,6.123233995736766e-17,-0.4999999999999998,-0.8660254037844388,55.91,229.5,0.1103,0.0236,4.601208534229306
2026-07-10 01:30:00+00:00,26.9175,66.925,26.0,28.0,91,994.9,0.7,1.7918397477265022,4.667902132486008,0.0024390243902439,0.9659258262890684,-0.2588190451025206,-0.4999999999999998,-0.8660254037844388,55.91,229.5,0.1103,0.0236,3.1403240522332694
2026-07-10 02:30:00+00:00,25.8125,59.1,23.7,28.9,86,995.0,0.3,3.567095162291491,3.2118269105225203,0.0021052631578947,0.8660254037844387,-0.4999999999999998,-0.4999999999999998,-0.8660254037844388,55.91,229.5,0.1103,0.0236,3.4672382732222324
2026-07-10 03:30:00+00:00,25.825,46.375,23.475,30.4,79,995.1,0.1,4.662875768741827,3.7759223462990223,0.0012738853503184,0.7071067811865476,-0.7071067811865475,-0.4999999999999998,-0.8660254037844388,55.91,229.5,0.1103,0.0236,0.3045420034056079
2026-07-10 04:30:00+00:00,26.0125,43.7,22.275,30.8,76,994.8,0.2,5.051448749470312,4.090582541823941,0.0012820512820512,0.4999999999999999,-0.8660254037844387,-0.4999999999999998,-0.8660254037844388,55.91,229.5,0.1103,0.0236,2.147645959481495
2026-07-10 05:30:00+00:00,25.365,39.95,21.05,31.1,76,995.1,7.2,8.999165894302514,4.585304047369425,0.0011695906432748,0.258819045102521,-0.9659258262890682,-0.4999999999999998,-0.8660254037844388,55.91,229.5,0.1103,0.0236,0.2400020699457095
2026-07-10 06:30:00+00:00,27.7175,35.525,19.225,30.7,79,993.9,1.6,10.293725518296688,-0.3594648160357632,0.0014705882352941,1.2246467991473532e-16,-1.0,-0.4999999999999998,-0.8660254037844388,55.91,229.5,0.1103,0.0236,3.9128993154279263
2026-07-10 07:30:00+00:00,24.6525,35.575,21.55,28.6,91,993.4,10.7,11.72443033743153,4.037045115268742,0.0024096385542168,-0.2588190451025208,-0.9659258262890684,-0.4999999999999998,-0.8660254037844388,55.91,229.5,0.1103,0.0236,1.8057284740639417
2026-07-10 08:30:00+00:00,26.1675,42.35,20.575,29.3,88,992.9,1.4,9.925461516413222,1.2186934340514717,0.0018691588785046,-0.4999999999999998,-0.8660254037844388,-0.4999999999999998,-0.8660254037844388,55.91,229.5,0.1103,0.0236,1.026425471708254
2026-07-10 09:30:00+00:00,24.51,50.8,24.275,29.8,86,992.5,0.7,6.719685430202814,2.8523372379716987,0.0016260162601626,-0.7071067811865471,-0.7071067811865479,-0.4999999999999998,-0.8660254037844388,55.91,229.5,0.1103,0.0236,2.6637306409439248
2026-07-10 10:30:00+00:00,24.04,56.025,27.1,28.6,91,992.2,2.9,9.1589194384894,5.723128053718614,0.0029850746268656,-0.8660254037844384,-0.5000000000000004,-0.4999999999999998,-0.8660254037844388,55.91,229.5,0.1103,0.0236,3.556713083050385
2026-07-10 11:30:00+00:00,25.3275,61.7,25.725,30.7,76,992.1,0.2,7.001853198729012,2.6877596215897555,0.0016129032258064,-0.9659258262890684,-0.2588190451025206,-0.4999999999999998,-0.8660254037844388,55.91,229.5,0.1103,0.0236,0.6517627465312625
2026-07-10 12:30:00+00:00,26.515,75.025,24.525,30.0,81,992.8,0.0,4.341505834731655,3.0399551126605457,0.0036363636363636,-1.0,-1.8369701987210292e-16,-0.4999999999999998,-0.8660254037844388,55.91,229.5,0.1103,0.0236,1.6834250201001484
2026-07-10 13:30:00+00:00,24.692500000000003,91.45,22.275,29.5,85,993.7,0.0,1.4369020899183775,3.08144647592461,0.0125,-0.9659258262890684,0.2588190451025203,-0.4999999999999998,-0.8660254037844388,55.91,229.5,0.1103,0.0236,3.338633001635219
2026-07-10 14:30:00+00:00,24.3625,103.725,22.975,29.3,85,994.2,0.0,2.7000000000000006,4.676537180435969,0.008695652173913,-0.8660254037844386,0.5000000000000001,-0.4999999999999998,-0.8660254037844388,55.91,229.5,0.1103,0.0236,1.2624611450790202
2026-07-10 15:30:00+00:00,24.8525,120.1,24.425,29.3,82,994.7,0.0,6.963915609462348,4.697220389154277,0.0031746031746031,-0.7071067811865477,0.7071067811865474,-0.4999999999999998,-0.8660254037844388,55.91,229.5,0.1103,0.0236,1.2875076753543162
2026-07-10 16:30:00+00:00,24.8075,126.2,22.925,29.2,79,994.7,0.0,8.80332840660425,1.871205217359838,0.0025974025974025,-0.5000000000000004,0.8660254037844384,-0.4999999999999998,-0.8660254037844388,55.91,229.5,0.1103,0.0236,1.9010715204520723
2026-07-10 17:30:00+00:00,26.4175,130.625,23.15,28.6,82,994.0,0.0,12.270037818195838,0.8580046270527447,0.0015873015873015,-0.2588190451025215,0.965925826289068,-0.4999999999999998,-0.8660254037844388,55.91,229.5,0.1103,0.0236,4.705735213255279
2026-07-10 18:30:00+00:00,24.64,141.1,25.8,28.1,86,993.4,0.4,9.508898117504764,2.3708345768767445,0.0019417475728155,0.0,1.0,-0.4999999999999998,-0.8660254037844388,55.91,229.5,0.1103,0.0236,1.8181067172165433
2026-07-10 19:30:00+00:00,25.6925,119.55,24.025,28.1,88,992.8,0.1,10.423721839997086,3.186851581477834,0.0018348623853211,0.2588190451025207,0.9659258262890684,-0.4999999999999998,-0.8660254037844388,55.91,229.5,0.1103,0.0236,3.7006228313871885
2026-07-10 20:30:00+00:00,25.1075,84.7,20.275,28.1,85,992.6,0.0,9.866772518252036,3.5912115049195283,0.0020833333333333,0.4999999999999999,0.8660254037844387,-0.4999999999999998,-0.8660254037844388,55.91,229.5,0.1103,0.0236,1.497647127299293
2026-07-10 21:30:00+00:00,26.1425,58.45,17.5,27.8,86,992.4,0.0,9.889013040019982,5.258081503201976,0.0020408163265306,0.7071067811865475,0.7071067811865476,-0.4999999999999998,-0.8660254037844388,55.91,229.5,0.1103,0.0236,3.055286169724913
2026-07-10 22:30:00+00:00,24.7875,42.625,15.45,27.2,90,992.7,0.7,12.04979775526068,1.9085004734908184,0.0017094017094017,0.8660254037844386,0.5000000000000001,-0.4999999999999998,-0.8660254037844388,55.91,229.5,0.1103,0.0236,2.933629867145316
2026-07-10 23:30:00+00:00,27.0675,34.75,16.425,27.2,93,992.8,0.6,11.88820645368942,3.862712429686845,0.0019801980198019,0.9659258262890684,0.2588190451025207,-0.4999999999999998,-0.8660254037844388,55.91,229.5,0.1103,0.0236,1.3006160050085098
2026-07-11 00:30:00+00:00,25.0075,30.05,15.1,27.3,93,993.2,0.5,11.535140351259829,3.307648269803986,0.0019230769230769,1.0,6.123233995736766e-17,-0.4999999999999998,-0.8660254037844388,55.91,229.5,0.1103,0.0236,2.0518677477532115
2026-07-11 01:30:00+00:00,25.185,25.2,16.325,27.5,91,993.8,0.2,11.15711919207194,3.8417042225944487,0.0017094017094017,0.9659258262890684,-0.2588190451025206,-0.4999999999999998,-0.8660254037844388,55.91,229.5,0.1103,0.0236,0.8423449120442744
2026-07-11 02:30:00+00:00,24.9,22.675,15.8,27.1,94,994.2,2.3,10.96632422314346,5.113680967062469,0.002020202020202,0.8660254037844387,-0.4999999999999998,-0.4999999999999998,-0.8660254037844388,55.91,229.5,0.1103,0.0236,0.8311589745693798
2026-07-11 03:30:00+00:00,26.1875,21.4,16.85,27.2,93,994.2,2.2,11.324804983369502,5.523476449542379,0.0019047619047619,0.7071067811865476,-0.7071067811865475,-0.4999999999999998,-0.8660254037844388,55.91,229.5,0.1103,0.0236,2.623179484949811
2026-07-11 04:30:00+00:00,25.1375,21.825000000000003,18.325,28.4,89,993.9,0.9,12.197189625231188,4.199829192497321,0.0016129032258064,0.4999999999999999,-0.8660254037844387,-0.4999999999999998,-0.8660254037844388,55.91,229.5,0.1103,0.0236,1.0311714060669552
2026-07-11 05:30:00+00:00,25.51,23.25,22.0,27.8,90,994.1,0.5,10.963340580606028,1.7364225619465643,0.0015873015873015,0.258819045102521,-0.9659258262890682,-0.4999999999999998,-0.8660254037844388,55.91,229.5,0.1103,0.0236,0.42650812265642823
2026-07-11 06:30:00+00:00,24.36,26.575,23.4,28.0,90,993.0,1.2,12.180297245521317,1.7118291418087987,0.0018691588785046,1.2246467991473532e-16,-1.0,-0.4999999999999998,-0.8660254037844388,55.91,229.5,0.1103,0.0236,0.7587477197133241
2026-07-11 07:30:00+00:00,25.61,29.9,24.8,28.3,90,992.3,0.9,10.243575522293217,1.0766431716568297,0.0019047619047619,-0.2588190451025208,-0.9659258262890684,-0.4999999999999998,-0.8660254037844388,55.91,229.5,0.1103,0.0236,0.2900257898866848
2026-07-11 08:30:00+00:00,24.5125,31.45,26.325000000000003,28.8,88,991.9,0.4,7.710049424761886,5.200494002277949,0.0018518518518518,-0.4999999999999998,-0.8660254037844388,-0.4999999999999998,-0.8660254037844388,55.91,229.5,0.1103,0.0236,1.645909632468956
2026-07-11 09:30:00+00:00,23.9775,33.0,27.85,29.4,86,990.9,0.1,6.490566881680924,7.208504807130724,0.0019801980198019,-0.7071067811865471,-0.7071067811865479,-0.4999999999999998,-0.8660254037844388,55.91,229.5,0.1103,0.0236,3.4937675667906385
2026-07-11 10:30:00+00:00,23.945,35.875,22.425,29.8,83,990.3,0.0,8.621990754572431,5.815606196095772,0.0015625,-0.8660254037844384,-0.5000000000000004,-0.4999999999999998,-0.8660254037844388,55.91,229.5,0.1103,0.0236,4.371622064018592
2026-07-11 11:30:00+00:00,26.3125,39.1,19.775,30.1,83,990.5,0.0,11.164434522374274,8.111436481636131,0.0017094017094017,-0.9659258262890684,-0.2588190451025206,-0.4999999999999998,-0.8660254037844388,55.91,229.5,0.1103,0.0236,0.06607727898488125
2026-07-11 12:30:00+00:00,24.7,41.65,23.55,29.5,85,991.1,0.0,11.188765644767512,3.420748945256024,0.0017699115044247,-1.0,-1.8369701987210292e-16,-0.4999999999999998,-0.8660254037844388,55.91,229.5,0.1103,0.0236,2.1636826590632925
2026-07-11 13:30:00+00:00,26.2775,44.475,23.675,29.0,88,991.9,0.1,8.053454528090771,2.0079517334772428,0.0025641025641025,-0.9659258262890684,0.2588190451025203,-0.4999999999999998,-0.8660254037844388,55.91,229.5,0.1103,0.0236,0.7684858155325425
2026-07-11 14:30:00+00:00,24.2425,45.725,28.525,28.7,90,992.6,0.0,10.773691742806104,-0.7533699164365524,0.0018691588785046,-0.8660254037844386,0.5000000000000001,-0.4999999999999998,-0.8660254037844388,55.91,229.5,0.1103,0.0236,4.725604682863272
2026-07-11 15:30:00+00:00,25.935,49.1,29.375,28.2,89,993.2,0.1,13.092019833950152,0.4571834068027716,0.0025,-0.7071067811865477,0.7071067811865474,-0.4999999999999998,-0.8660254037844388,55.91,229.5,0.1103,0.0236,3.8701008554393046
2026-07-11 16:30:00+00:00,25.3625,51.875,27.025,27.5,91,993.2,0.3,11.735358365345627,1.2334358665583096,0.0029411764705882,-0.5000000000000004,0.8660254037844384,-0.4999999999999998,-0.8660254037844388,55.91,229.5,0.1103,0.0236,1.9846880191991993
2026-07-11 17:30:00+00:00,23.7725,49.175,26.7,28.1,89,992.1,0.3,10.431998923921938,2.795245687107223,0.0021739130434782,-0.2588190451025215,0.965925826289068,-0.4999999999999998,-0.8660254037844388,55.91,229.5,0.1103,0.0236,0.18622569076422124
2026-07-11 18:30:00+00:00,23.86,43.6,23.9,27.8,90,991.5,0.2,11.190029176779746,1.572656040848734,0.0019047619047619,0.0,1.0,-0.4999999999999998,-0.8660254037844388,55.91,229.5,0.1103,0.0236,1.5044719517711096
2026-07-11 19:30:00+00:00,26.445,39.525,21.35,27.6,90,990.7,0.1,9.516490789789358,2.728809822588289,0.0022727272727272,0.2588190451025207,0.9659258262890684,-0.4999999999999998,-0.8660254037844388,55.91,229.5,0.1103,0.0236,2.943092139764109
2026-07-11 20:30:00+00:00,26.375,35.4,20.825,27.4,91,990.4,0.3,10.456100776768656,4.013721034907368,0.0022988505747126,0.4999999999999999,0.8660254037844387,-0.4999999999999998,-0.8660254037844388,55.91,229.5,0.1103,0.0236,2.9328412803286374
2026-07-11 21:30:00+00:00,23.2325,33.375,19.925,27.4,92,990.2,0.1,11.510672766296771,5.124881702755081,0.0020833333333333,0.7071067811865475,0.7071067811865476,-0.4999999999999998,-0.8660254037844388,55.91,229.5,0.1103,0.0236,4.280093242772035
2026-07-11 22:30:00+00:00,25.495,30.15,18.925,27.4,92,990.0,0.2,11.518137870333032,6.650000000000007,0.0017699115044247,0.8660254037844386,0.5000000000000001,-0.4999999999999998,-0.8660254037844388,55.91,229.5,0.1103,0.0236,2.508638452677005
2026-07-11 23:30:00+00:00,26.9175,30.375,16.6,27.7,89,990.5,0.0,12.59188111853117,4.58306992056397,0.0016666666666666,0.9659258262890684,0.2588190451025207,-0.4999999999999998,-0.8660254037844388,55.91,229.5,0.1103,0.0236,1.546721872187392
2026-07-12 00:30:00+00:00,28.7675,34.5,23.6,28.4,85,990.5,0.0,10.331908772217806,4.81784818384398,0.0016,1.0,6.123233995736766e-17,-0.4999999999999998,-0.8660254037844388,55.91,229.5,0.1103,0.0236,3.252190658742498
2026-07-12 01:30:00+00:00,27.035,37.875,21.35,29.7,79,991.1,0.0,10.246252127810502,4.997431073395487,0.0012195121951219,0.9659258262890684,-0.2588190451025206,-0.4999999999999998,-0.8660254037844388,55.91,229.5,0.1103,0.0236,0.8538583767899055
2026-07-12 02:30:00+00:00,25.415,38.2,18.775,30.9,72,991.1,0.0,13.87522888574675,3.4594831070752496,0.0010204081632653,0.8660254037844387,-0.4999999999999998,-0.4999999999999998,-0.8660254037844388,55.91,229.5,0.1103,0.0236,1.0043477065474509
2026-07-12 03:30:00+00:00,25.4625,41.425,20.175,31.9,68,991.1,0.0,16.141369520487597,2.2685215456490586,0.0009009009009009,0.7071067811865476,-0.7071067811865475,-0.4999999999999998,-0.8660254037844388,55.91,229.5,0.1103,0.0236,2.245918670070355
2026-07-12 04:30:00+00:00,26.42,49.5,24.525,33.1,63,990.8,0.0,17.29736512620557,0.3019266313650045,0.00078125,0.4999999999999999,-0.8660254037844387,-0.4999999999999998,-0.8660254037844388,55.91,229.5,0.1103,0.0236,3.4544369934627177
2026-07-12 05:30:00+00:00,24.6075,62.175,24.65,33.4,61,991.3,0.0,16.00055111764123,-2.5342383336517367,0.0008,0.258819045102521,-0.9659258262890682,-0.4999999999999998,-0.8660254037844388,55.91,229.5,0.1103,0.0236,4.477069537154445
2026-07-12 06:30:00+00:00,27.0025,74.05,24.675,34.0,58,990.8,0.0,14.79774588831459,-0.2582956152717903,0.0007407407407407,1.2246467991473532e-16,-1.0,-0.4999999999999998,-0.8660254037844388,55.91,229.5,0.1103,0.0236,0.4187704411739507
2026-07-12 07:30:00+00:00,26.45,81.25,24.075,33.6,59,990.2,0.0,12.957478821509165,2.5186787389704,0.0007299270072992,-0.2588190451025208,-0.9659258262890684,-0.4999999999999998,-0.8660254037844388,55.91,229.5,0.1103,0.0236,1.4311921720532261
2026-07-12 08:30:00+00:00,24.4875,93.725,31.925,34.3,56,989.3,0.0,14.0853254505668,2.993928347775741,0.0006622516556291,-0.4999999999999998,-0.8660254037844388,-0.4999999999999998,-0.8660254037844388,55.91,229.5,0.1103,0.0236,2.645105226871408
2026-07-12 09:30:00+00:00,25.0425,102.9,32.4,34.5,54,988.6,0.0,14.907861991214098,3.4417511314611384,0.0006578947368421,-0.7071067811865471,-0.7071067811865479,-0.4999999999999998,-0.8660254037844388,55.91,229.5,0.1103,0.0236,1.8227893171466274
2026-07-12 10:30:00+00:00,24.4125,110.425,33.550000000000004,34.0,59,988.4,0.0,13.098992304725952,3.265945590595515,0.0006666666666666,-0.8660254037844384,-0.5000000000000004,-0.4999999999999998,-0.8660254037844388,55.91,229.5,0.1103,0.0236,1.8973085074976537
2026-07-12 11:30:00+00:00,25.21,114.0,30.35,33.2,64,988.9,0.0,12.803845356173056,1.5721145299263986,0.000836820083682,-0.9659258262890684,-0.2588190451025206,-0.4999999999999998,-0.8660254037844388,55.91,229.5,0.1103,0.0236,3.023887367389965
2026-07-12 12:30:00+00:00,24.5925,99.75,30.875,32.0,69,989.6,0.0,8.833660749607766,-1.0846371563058144,0.0027397260273972,-1.0,-1.8369701987210292e-16,-0.4999999999999998,-0.8660254037844388,55.91,229.5,0.1103,0.0236,3.555530419990937
2026-07-12 13:30:00+00:00,25.0425,77.775,29.95,31.3,71,990.3,0.0,9.488031727117916,-2.016743400932258,0.0025316455696202,-0.9659258262890684,0.2588190451025203,-0.4999999999999998,-0.8660254037844388,55.91,229.5,0.1103,0.0236,4.980507939006786
2026-07-12 14:30:00+00:00,28.235,63.95,26.4,30.9,72,991.1,0.0,9.177589262390384,0.6417595584459553,0.0026315789473684,-0.8660254037844386,0.5000000000000001,-0.4999999999999998,-0.8660254037844388,55.91,229.5,0.1103,0.0236,4.374396316582706
2026-07-12 15:30:00+00:00,25.1325,55.925,21.25,30.5,74,992.1,0.0,8.652340489703978,0.909397630428584,0.0034482758620689,-0.7071067811865477,0.7071067811865474,-0.4999999999999998,-0.8660254037844388,55.91,229.5,0.1103,0.0236,3.384908870500532
2026-07-12 16:30:00+00:00,24.3325,52.975,23.35,30.1,76,992.4,0.0,5.400153994423306,3.2447398719333425,0.0074074074074074,-0.5000000000000004,0.8660254037844384,-0.4999999999999998,-0.8660254037844388,55.91,229.5,0.1103,0.0236,1.8207874723694655
2026-07-12 17:30:00+00:00,25.0875,46.75,21.6,27.2,92,992.1,0.0,-3.8417042225944487,-11.15711919207194,0.0074074074074074,-0.2588190451025215,0.965925826289068,-0.4999999999999998,-0.8660254037844388,55.91,229.5,0.1103,0.0236,4.971603182738939
2026-07-12 18:30:00+00:00,25.15,35.6,21.0,27.2,95,991.5,1.1,2.8865868855796437,4.444954010110747,0.0142857142857142,0.0,1.0,-0.4999999999999998,-0.8660254037844388,55.91,229.5,0.1103,0.0236,3.827370996487281
2026-07-12 19:30:00+00:00,26.1575,33.925,18.375,26.9,95,991.3,2.3,4.092342157433927,5.430721468321592,0.0045454545454545,0.2588190451025207,0.9659258262890684,-0.4999999999999998,-0.8660254037844388,55.91,229.5,0.1103,0.0236,1.239254999778003
2026-07-12 20:30:00+00:00,25.665,28.875,18.275,26.8,94,991.1,0.3,3.9641832724372414,2.880147736233119,0.0083333333333333,0.4999999999999999,0.8660254037844387,-0.4999999999999998,-0.8660254037844388,55.91,229.5,0.1103,0.0236,1.8665804430551276
2026-07-12 21:30:00+00:00,25.8475,24.075000000000003,16.8,26.7,95,990.7,0.0,0.7376174350883472,5.248420764330322,0.0105263157894736,0.7071067811865475,0.7071067811865476,-0.4999999999999998,-0.8660254037844388,55.91,229.5,0.1103,0.0236,2.3240216230959176
2026-07-12 22:30:00+00:00,26.2075,23.1,17.825,26.7,95,990.9,0.0,-0.3557580160950401,5.087576656325103,0.0095238095238095,0.8660254037844386,0.5000000000000001,-0.4999999999999998,-0.8660254037844388,55.91,229.5,0.1103,0.0236,3.964471330282804
2026-07-12 23:30:00+00:00,24.955,24.375,16.325000000000003,29.4,76,991.3,0.0,10.67325298903596,2.661140851596345,0.0013793103448275,0.9659258262890684,0.2588190451025207,-0.4999999999999998,-0.8660254037844388,55.91,229.5,0.1103,0.0236,2.2081196131719523
2026-07-13 00:30:00+00:00,26.6725,28.025,18.75,29.5,76,991.7,0.0,8.412069366310728,1.788040541032734,0.0014925373134328,1.0,6.123233995736766e-17,-0.4999999999999998,-0.8660254037844388,55.91,229.5,0.1103,0.0236,1.6681839720353853
2026-07-13 01:30:00+00:00,24.0325,29.525,18.125,29.9,74,992.0,0.0,9.176295349746148,2.458780928473946,0.0013245033112582,0.9659258262890684,-0.2588190451025206,-0.4999999999999998,-0.8660254037844388,55.91,229.5,0.1103,0.0236,1.0896380736756317
2026-07-13 02:30:00+00:00,26.505,29.725,18.175,30.2,73,992.5,0.0,7.929958065276474,4.040515447681968,0.0013986013986013,0.8660254037844387,-0.4999999999999998,-0.4999999999999998,-0.8660254037844388,55.91,229.5,0.1103,0.0236,3.9425105573709955
2026-07-13 03:30:00+00:00,25.16,31.625,18.3,31.0,69,993.2,0.0,9.228112281007862,2.6461186158431893,0.0013422818791946,0.7071067811865476,-0.7071067811865475,-0.4999999999999998,-0.8660254037844388,55.91,229.5,0.1103,0.0236,0.5617931908391699
2026-07-13 04:30:00+00:00,24.515,40.3,26.15,31.9,66,993.4,0.0,8.939733772226367,2.56342740909809,0.0012987012987012,0.4999999999999999,-0.8660254037844387,-0.4999999999999998,-0.8660254037844388,55.91,229.5,0.1103,0.0236,0.904559595744901
2026-07-13 05:30:00+00:00,25.8375,51.875,23.75,32.4,65,993.6,0.0,8.087271537717452,1.8670937510540817,0.0011049723756906,0.258819045102521,-0.9659258262890682,-0.4999999999999998,-0.8660254037844388,55.91,229.5,0.1103,0.0236,3.632070892570922
2026-07-13 06:30:00+00:00,24.965,64.5,22.675,33.0,64,992.8,0.0,7.171881598543046,3.975438886019962,0.001058201058201,1.2246467991473532e-16,-1.0,-0.4999999999999998,-0.8660254037844388,55.91,229.5,0.1103,0.0236,0.7948870267053698
2026-07-13 07:30:00+00:00,24.8975,79.475,24.8,33.5,63,992.2,0.0,7.046597294707583,2.8470101099609333,0.001010101010101,-0.2588190451025208,-0.9659258262890684,-0.4999999999999998,-0.8660254037844388,55.91,229.5,0.1103,0.0236,0.6075958672479531
2026-07-13 08:30:00+00:00,26.56,95.925,25.625,33.8,63,991.8,0.0,6.16163081488153,2.3652284669989845,0.001081081081081,-0.4999999999999998,-0.8660254037844388,-0.4999999999999998,-0.8660254037844388,55.91,229.5,0.1103,0.0236,2.516726559109037
2026-07-13 09:30:00+00:00,27.81,97.275,29.475,33.4,63,991.5,0.1,5.9380454746769065,2.6437881799927005,0.0019047619047619,-0.7071067811865471,-0.7071067811865479,-0.4999999999999998,-0.8660254037844388,55.91,229.5,0.1103,0.0236,4.039871591421431
2026-07-13 10:30:00+00:00,22.426666666666662,101.96666666666664,28.5,33.7,63,991.1,0.1,4.312631754255381,3.2498011250210608,0.0009708737864077,-0.8660254037844384,-0.5000000000000004,-0.4999999999999998,-0.8660254037844388,55.91,229.5,0.1103,0.0236,3.5832045964315458
2026-07-13 11:30:00+00:00,23.87,105.725,32.025,32.7,71,991.5,0.0,3.986890574637185,1.6108083516884228,0.0037037037037037,-0.9659258262890684,-0.2588190451025206,-0.4999999999999998,-0.8660254037844388,55.91,229.5,0.1103,0.0236,1.1888471999665944
2026-07-13 12:30:00+00:00,26.81,107.325,32.225,31.8,80,992.3,0.0,0.9079809994790924,1.7820130483767362,0.02,-1.0,-1.8369701987210292e-16,-0.4999999999999998,-0.8660254037844388,55.91,229.5,0.1103,0.0236,1.0426116989636813
2026-07-13 13:30:00+00:00,25.135,104.5,31.85,31.4,81,993.1,0.0,0.8948206147667597,2.0098000068137227,0.0285714285714285,-0.9659258262890684,0.2588190451025203,-0.4999999999999998,-0.8660254037844388,55.91,229.5,0.1103,0.0236,0.3459284314443539
2026-07-13 14:30:00+00:00,25.5825,102.475,31.275,30.7,81,993.8,0.0,-3.761825614671828,-5.177708763999664,0.0066666666666666,-0.8660254037844386,0.5000000000000001,-0.4999999999999998,-0.8660254037844388,55.91,229.5,0.1103,0.0236,3.8207410275616778
2026-07-13 15:30:00+00:00,25.915,109.975,31.2,28.5,89,994.1,0.1,-9.613731194002009,-7.5110699989730305,0.0048780487804878,-0.7071067811865477,0.7071067811865474,-0.4999999999999998,-0.8660254037844388,55.91,229.5,0.1103,0.0236,1.9994976699468803
2026-07-13 16:30:00+00:00,27.5225,122.3,19.1,28.1,90,994.6,0.0,-2.397482197861837,-5.93397666922744,0.0054054054054054,-0.5000000000000004,0.8660254037844384,-0.4999999999999998,-0.8660254037844388,55.91,229.5,0.1103,0.0236,2.5402488362847335
2026-07-13 17:30:00+00:00,25.905,132.2,12.35,27.5,93,994.2,0.8,-4.334059144836971,-3.3861381142911204,0.0095238095238095,-0.2588190451025215,0.965925826289068,-0.4999999999999998,-0.8660254037844388,55.91,229.5,0.1103,0.0236,4.39169284929923
