datetime,no2,pm10,pm25
2021-06-04 23:00:00+05:30,0.0,0.0,0.0
2021-06-05 10:00:00+05:30,42.07,60.5,23.9
2021-06-05 15:00:00+05:30,41.2,43.5,17.3
2021-06-06 13:00:00+05:30,33.52,64.5,28.1
2021-06-07 07:00:00+05:30,33.04,49.4,21.4
2021-06-07 11:00:00+05:30,33.6,62.1,24.6
2021-06-07 18:00:00+05:30,32.55,60.5,26.6
2021-06-07 21:00:00+05:30,39.76,56.4,20.7
2021-06-07 22:00:00+05:30,32.34,42.3,17.6
2021-06-08 02:00:00+05:30,36.35,41.2,17.4
2021-06-08 15:00:00+05:30,32.77,85.4,37.9
2021-06-08 18:00:00+05:30,39.13,67.8,27.5
2021-06-10 21:00:00+05:30,35.39,57.25,22.75
2021-06-10 22:00:00+05:30,34.62,44.0,18.1
2021-06-11 00:00:00+05:30,38.09,34.2,14.3
2021-06-12 20:00:00+05:30,39.09,70.8,28.0
2021-06-13 18:00:00+05:30,42.16,89.2,37.3
2021-06-14 07:00:00+05:30,37.47,132.9,58.6
2021-06-15 04:00:00+05:30,,62.7,29.2
2021-06-15 05:00:00+05:30,35.84,63.0,28.2
2021-06-15 08:00:00+05:30,34.38,89.1,38.2
2021-06-16 00:00:00+05:30,37.51,123.9,50.8
2021-06-19 03:00:00+05:30,11.62,73.0,36.6
2021-06-21 15:00:00+05:30,12.29,142.9,68.8
2021-06-21 16:00:00+05:30,12.94,116.4,56.0
2021-06-22 12:00:00+05:30,13.43,159.0,71.6
2021-06-22 19:00:00+05:30,13.545,141.45,67.1
2021-06-24 11:00:00+05:30,13.0,119.3,54.1
2021-06-30 02:00:00+05:30,13.65,44.1,19.0
2021-07-01 03:00:00+05:30,13.04,71.0,32.4
2021-07-01 05:00:00+05:30,11.97,50.1,22.3
2021-07-03 09:00:00+05:30,9.81,103.5,43.0
2021-07-03 16:00:00+05:30,11.07,85.7,36.4
2021-07-04 02:00:00+05:30,9.19,46.1,20.8
2021-07-05 23:00:00+05:30,6.1,92.1,41.5
2021-07-08 09:00:00+05:30,6.04,82.4,37.3
2021-07-09 15:00:00+05:30,10.44,93.9,42.5
2021-07-09 19:00:00+05:30,10.73,128.7,54.6
2021-07-09 21:00:00+05:30,6.88,116.3,50.9
2021-07-09 22:00:00+05:30,7.86,127.9,51.4
2021-07-10 01:00:00+05:30,7.81,74.4,33.2
2021-07-10 04:00:00+05:30,7.54,77.3,35.6
2021-07-13 03:00:00+05:30,9.46,52.8,20.5
2021-07-13 09:00:00+05:30,9.11,101.4,40.4
2021-07-13 16:00:00+05:30,9.68,49.1,21.3
2021-07-13 18:00:00+05:30,9.49,56.8,23.7
2021-07-14 05:00:00+05:30,8.22,48.849999999999994,23.4
2021-07-14 07:00:00+05:30,8.66,47.1,22.9
2021-07-14 09:00:00+05:30,9.36,51.5,23.5
2021-07-14 10:00:00+05:30,9.41,65.1,30.65
2021-07-14 12:00:00+05:30,7.61,77.3,38.0
2021-07-14 13:00:00+05:30,7.66,77.4,37.4
2021-07-14 14:00:00+05:30,8.47,75.0,35.1
2021-07-14 22:00:00+05:30,9.44,63.5,26.2
2021-07-15 04:00:00+05:30,9.73,44.8,21.3
2021-07-17 03:00:00+05:30,7.9,25.8,11.5
2021-07-18 03:00:00+05:30,7.285,19.5,8.2
2021-07-18 10:00:00+05:30,7.24,55.0,25.5
2021-07-19 16:00:00+05:30,5.56,71.2,31.2
2021-07-19 22:00:00+05:30,9.93,70.9,32.0
2021-07-20 00:00:00+05:30,14.04,52.9,24.5
2021-07-20 06:00:00+05:30,8.78,66.9,28.8
2021-07-20 17:00:00+05:30,8.94,72.8,32.5
2021-07-20 18:00:00+05:30,10.36,66.0,30.4
2021-07-20 22:00:00+05:30,7.38,41.1,18.2
2021-07-21 00:00:00+05:30,15.69,48.5,22.1
2021-07-21 02:00:00+05:30,11.28,34.2,15.0
2021-07-21 03:00:00+05:30,11.93,37.0,15.9
2021-07-22 01:00:00+05:30,4.26,73.5,33.5
2021-07-22 02:00:00+05:30,3.4766666666666666,67.96666666666667,31.166666666666668
2021-07-22 06:00:00+05:30,3.94,60.1,27.6
2021-07-22 09:00:00+05:30,2.9,85.9,38.1
2021-07-22 10:00:00+05:30,4.0,95.1,43.1
2021-07-22 11:00:00+05:30,2.59,91.0,40.2
2021-07-22 14:00:00+05:30,3.07,99.7,43.8
2021-07-23 17:00:00+05:30,4.91,156.3,72.3
2021-07-24 19:00:00+05:30,4.66,54.6,27.7
2021-07-25 10:00:00+05:30,4.49,72.7,32.8
2021-08-25 21:00:00+05:30,17.22,64.0,34.7
2021-08-25 22:00:00+05:30,17.2,61.4,33.2
2021-09-01 20:00:00+05:30,1.5350000000000001,35.6,19.25
2021-09-01 21:00:00+05:30,0.9249999999999999,21.05,10.15
2021-09-01 22:00:00+05:30,0.785,22.45,10.75
2021-09-02 00:00:00+05:30,1.095,20.549999999999997,13.25
2021-09-02 01:00:00+05:30,3.955,27.55,15.7
2021-09-02 02:00:00+05:30,1.6099999999999999,27.700000000000003,14.3
2021-09-02 04:00:00+05:30,1.81,21.200000000000003,10.55
2021-09-02 05:00:00+05:30,2.185,17.9,10.350000000000001
2021-09-02 06:00:00+05:30,2.02,27.35,15.299999999999999
2021-09-02 07:00:00+05:30,1.305,28.6,15.35
2021-09-02 08:00:00+05:30,10.605,31.950000000000003,16.15
2021-09-02 09:00:00+05:30,7.765,41.65,21.75
2021-09-02 11:00:00+05:30,1.79,77.3,39.5
2021-09-02 12:00:00+05:30,1.245,64.15,32.75
2021-09-02 13:00:00+05:30,1.29,37.65,19.45
2021-09-02 14:00:00+05:30,5.12,47.75,25.25
2021-09-02 15:00:00+05:30,4.05,49.65,28.7
2021-09-02 16:00:00+05:30,6.58,46.45,26.05
2021-09-02 17:00:00+05:30,1.2149999999999999,46.7,29.55
2021-09-02 18:00:00+05:30,1.47,41.4,24.8
2021-09-02 19:00:00+05:30,5.32,25.4,13.75
2021-09-02 20:00:00+05:30,1.065,26.05,13.2
2021-09-02 21:00:00+05:30,7.07,25.9,14.0
2021-09-02 22:00:00+05:30,18.72,29.2,17.0
2021-09-02 23:00:00+05:30,3.41,29.8,16.9
2021-09-03 02:00:00+05:30,10.91,23.2,11.4
2021-09-03 03:00:00+05:30,14.7,26.5,13.6
2021-09-03 04:00:00+05:30,17.015,33.5,16.9
2021-09-03 05:00:00+05:30,3.0949999999999998,22.95,13.0
2021-09-03 06:00:00+05:30,11.33,32.1,19.7
2021-09-03 07:00:00+05:30,12.065,53.900000000000006,31.25
2021-09-03 08:00:00+05:30,8.1,46.05,26.75
2021-09-03 09:00:00+05:30,5.505,31.2,17.5
2021-09-03 10:00:00+05:30,3.22,53.5,31.5
2021-09-03 11:00:00+05:30,2.485,49.599999999999994,27.4
2021-09-03 12:00:00+05:30,1.27,40.85,21.45
2021-09-03 13:00:00+05:30,2.135,35.849999999999994,19.6
2021-09-03 14:00:00+05:30,1.5,39.8,21.7
2021-09-03 15:00:00+05:30,2.5549999999999997,37.45,22.25
2021-09-03 16:00:00+05:30,1.05,43.7,24.85
2021-09-03 17:00:00+05:30,1.2,38.9,21.7
2021-09-03 18:00:00+05:30,0.24,54.3,30.9
2021-09-03 19:00:00+05:30,0.6000000000000001,48.1,27.5
2021-09-03 20:00:00+05:30,1.125,36.7,20.85
2021-09-03 21:00:00+05:30,0.9,47.7,23.7
2021-09-03 22:00:00+05:30,1.895,40.35,20.6
2021-09-03 23:00:00+05:30,1.29,46.7,26.1
2021-09-04 03:00:00+05:30,0.66,21.75,12.7
2021-09-04 04:00:00+05:30,0.7150000000000001,22.65,12.55
2021-09-04 05:00:00+05:30,0.48,28.6,16.2
2021-09-04 06:00:00+05:30,1.595,31.6,17.75
2021-09-04 07:00:00+05:30,1.94,32.5,19.0
2021-09-04 08:00:00+05:30,3.45,35.0,20.4
2021-09-04 09:00:00+05:30,4.975,65.1,37.35
2021-09-04 10:00:00+05:30,2.54,37.6,20.7
2021-09-04 11:00:00+05:30,2.67,44.3,22.5
2021-09-04 12:00:00+05:30,3.4699999999999998,48.849999999999994,24.35
2021-09-04 13:00:00+05:30,3.015,40.0,21.6
2021-09-04 14:00:00+05:30,2.465,44.2,23.85
2021-09-04 15:00:00+05:30,1.1,102.5,55.65
2021-09-04 16:00:00+05:30,0.9,21.25,11.399999999999999
2021-09-04 17:00:00+05:30,1.0499999999999998,41.5,21.9
2021-09-04 18:00:00+05:30,0.81,52.55,26.4
2021-09-04 19:00:00+05:30,1.145,50.65,26.1
2021-09-04 20:00:00+05:30,0.7250000000000001,38.7,20.200000000000003
2021-09-04 21:00:00+05:30,0.74,53.3,27.0
2021-09-04 22:00:00+05:30,0.97,39.25,23.1
2021-09-04 23:00:00+05:30,1.01,53.0,29.3
2021-09-05 01:00:00+05:30,0.91,25.3,11.2
2021-09-05 02:00:00+05:30,1.06,17.7,9.0
2021-09-05 03:00:00+05:30,0.7050000000000001,15.9,8.1
2021-09-05 04:00:00+05:30,0.485,13.5,7.2
2021-09-05 05:00:00+05:30,0.355,18.75,11.2
2021-09-05 06:00:00+05:30,0.79,23.4,13.2
2021-09-05 07:00:00+05:30,1.18,20.2,10.5
2021-09-05 08:00:00+05:30,1.13,36.05,20.25
2021-09-05 09:00:00+05:30,1.0,43.25,24.1
2021-09-05 10:00:00+05:30,0.485,33.35,17.35
2021-09-05 11:00:00+05:30,0.465,35.55,16.85
2021-09-05 12:00:00+05:30,0.665,36.7,17.1
2021-09-05 13:00:00+05:30,0.34,43.7,24.6
2021-09-05 14:00:00+05:30,0.15,40.8,22.0
2021-09-05 15:00:00+05:30,0.7250000000000001,31.65,18.950000000000003
2021-09-05 16:00:00+05:30,0.29000000000000004,32.0,18.95
2021-09-05 17:00:00+05:30,0.16,30.299999999999997,15.950000000000001
2021-09-05 18:00:00+05:30,0.35,33.45,18.15
2021-09-05 19:00:00+05:30,0.8899999999999999,42.8,23.1
2021-09-05 20:00:00+05:30,0.8,40.05,22.4
2021-09-05 21:00:00+05:30,0.725,41.7,24.8
2021-09-05 22:00:00+05:30,0.11,36.95,21.6
2021-09-05 23:00:00+05:30,0.62,41.0,21.0
2021-09-06 01:00:00+05:30,0.54,47.3,27.9
2021-09-06 02:00:00+05:30,0.38,34.8,18.1
2021-09-06 03:00:00+05:30,0.97,25.9,14.2
2021-09-06 04:00:00+05:30,0.49,37.650000000000006,20.5
2021-09-06 05:00:00+05:30,0.475,40.05,22.1
2021-09-06 06:00:00+05:30,0.395,46.599999999999994,26.75
2021-09-06 07:00:00+05:30,1.0,44.95,25.65
2021-09-06 08:00:00+05:30,1.475,59.75,34.75
2021-09-06 09:00:00+05:30,1.085,57.5,34.650000000000006
2021-09-06 10:00:00+05:30,1.095,65.69999999999999,37.45
2021-09-06 12:00:00+05:30,0.11,76.1,41.3
2021-09-06 13:00:00+05:30,0.52,71.75,39.5
2021-09-06 14:00:00+05:30,0.46,62.7,35.8
2021-09-06 15:00:00+05:30,0.625,55.0,30.05
2021-09-06 16:00:00+05:30,0.715,66.85,33.1
2021-09-06 17:00:00+05:30,0.535,57.0,31.700000000000003
2021-09-06 18:00:00+05:30,0.71,67.4,37.0
2021-09-06 19:00:00+05:30,0.59,92.2,46.8
2021-09-06 20:00:00+05:30,0.95,67.35,34.1
2021-09-06 21:00:00+05:30,0.72,48.3,20.6
2021-09-06 22:00:00+05:30,1.025,42.05,20.55
2021-09-06 23:00:00+05:30,0.52,36.9,19.0
2021-09-07 02:00:00+05:30,0.42,25.8,13.9
2021-09-07 03:00:00+05:30,0.395,29.55,16.65
2021-09-07 04:00:00+05:30,0.72,39.65,20.450000000000003
2021-09-07 05:00:00+05:30,0.725,37.95,18.45
2021-09-07 06:00:00+05:30,0.92,40.7,20.1
2021-09-07 07:00:00+05:30,2.695,56.25,30.450000000000003
2021-09-07 08:00:00+05:30,2.76,55.1,30.7
2021-09-07 09:00:00+05:30,4.45,63.449999999999996,30.65
2021-09-07 10:00:00+05:30,9.36,62.7,29.6
2021-09-07 11:00:00+05:30,6.34,52.3,26.4
2021-09-07 13:00:00+05:30,0.64,49.15,19.25
2021-09-07 14:00:00+05:30,1.37,51.1,16.6
2021-09-07 15:00:00+05:30,18.47,46.4,17.75
2021-09-07 16:00:00+05:30,13.754999999999999,40.45,15.65
2021-09-07 17:00:00+05:30,18.665,35.7,12.7
2021-09-07 18:00:00+05:30,14.989999999999998,52.4,18.950000000000003
2021-09-07 19:00:00+05:30,12.71,32.2,12.0
2021-09-07 20:00:00+05:30,12.47,28.0,13.5
2021-09-07 21:00:00+05:30,10.39,41.8,19.35
2021-09-07 22:00:00+05:30,11.035,34.45,13.6
2021-09-08 00:00:00+05:30,8.71,29.2,11.7
2021-09-08 01:00:00+05:30,9.39,29.5,14.4
2021-09-08 04:00:00+05:30,9.25,37.3,18.1
2021-09-09 00:00:00+05:30,9.3,23.0,11.0
2021-09-09 05:00:00+05:30,7.22,46.9,19.0
2021-09-09 08:00:00+05:30,7.15,25.7,12.9
2021-09-09 11:00:00+05:30,6.59,34.5,17.2
2021-09-09 14:00:00+05:30,5.18,26.2,12.9
2021-09-09 23:00:00+05:30,6.6,25.3,12.5
2021-09-10 00:00:00+05:30,6.220000000000001,24.700000000000003,13.5
2021-09-10 03:00:00+05:30,5.66,14.6,6.0
2021-09-10 05:00:00+05:30,6.04,8.0,3.6
2021-09-10 09:00:00+05:30,5.45,20.3,8.9
2021-09-10 11:00:00+05:30,5.48,20.1,10.8
2021-09-10 15:00:00+05:30,4.47,13.7,6.0
2021-09-10 16:00:00+05:30,4.29,10.4,5.3
2021-09-10 21:00:00+05:30,5.45,56.9,31.3
2021-09-11 11:00:00+05:30,5.27,22.6,12.9
2021-09-11 14:00:00+05:30,4.94,24.7,14.6
2021-09-12 07:00:00+05:30,4.02,23.7,9.3
2021-09-12 13:00:00+05:30,5.47,17.4,8.6
2021-09-13 00:00:00+05:30,5.17,42.1,24.3
2021-09-13 03:00:00+05:30,5.3,22.4,11.5
2021-09-13 04:00:00+05:30,5.07,16.5,8.3
2021-09-13 10:00:00+05:30,5.49,37.0,17.8
2021-09-13 11:00:00+05:30,5.36,33.6,16.0
2021-09-13 14:00:00+05:30,4.62,33.6,15.8
2021-09-13 21:00:00+05:30,9.7,45.6,22.2
2021-09-13 22:00:00+05:30,6.77,49.7,24.7
2021-09-14 01:00:00+05:30,5.12,31.4,15.6
2021-09-14 05:00:00+05:30,4.35,21.1,10.9
2021-09-14 06:00:00+05:30,4.5,16.3,8.2
2021-09-14 10:00:00+05:30,4.35,25.0,12.9
2021-09-14 11:00:00+05:30,4.8,34.6,18.7
2021-09-14 14:00:00+05:30,5.02,27.1,12.3
2021-09-14 15:00:00+05:30,4.92,30.5,15.8
2021-09-15 16:00:00+05:30,4.04,28.3,15.4
2021-09-15 17:00:00+05:30,4.325,30.15,16.65
2021-09-15 18:00:00+05:30,4.3,36.0,20.1
2021-09-15 19:00:00+05:30,5.77,37.25,20.6
2021-09-15 20:00:00+05:30,4.375,35.55,19.05
2021-09-15 21:00:00+05:30,3.86,31.3,16.1
2021-09-15 22:00:00+05:30,3.96,30.3,16.1
2021-09-15 23:00:00+05:30,4.85,34.349999999999994,19.1
2021-09-16 00:00:00+05:30,4.055,35.0,20.0
2021-09-16 01:00:00+05:30,4.0,34.8,20.9
2021-09-16 02:00:00+05:30,4.0,29.0,18.1
2021-09-16 03:00:00+05:30,3.88,35.8,22.1
2021-09-16 04:00:00+05:30,4.305,29.9,18.450000000000003
2021-09-16 05:00:00+05:30,4.3,32.15,20.05
2021-09-16 06:00:00+05:30,4.095000000000001,28.0,16.75
2021-09-16 07:00:00+05:30,4.225,26.75,15.75
2021-09-16 08:00:00+05:30,4.285,44.15,25.65
2021-09-16 09:00:00+05:30,4.795,35.9,20.05
2021-09-16 10:00:00+05:30,4.26,30.45,16.35
2021-09-16 11:00:00+05:30,4.24,28.6,15.7
2021-09-16 12:00:00+05:30,3.85,22.6,11.8
2021-09-16 16:00:00+05:30,4.18,53.6,30.9
2021-09-16 17:00:00+05:30,4.43,51.599999999999994,26.5
2021-09-16 18:00:00+05:30,4.35,40.4,20.9
2021-09-16 19:00:00+05:30,3.94,32.65,18.3
2021-09-16 20:00:00+05:30,3.975,35.55,20.05
2021-09-16 21:00:00+05:30,3.75,27.6,16.1
2021-09-16 22:00:00+05:30,3.335,25.0,13.7
2021-09-16 23:00:00+05:30,3.29,25.2,14.45
2021-09-17 00:00:00+05:30,3.355,21.0,11.05
2021-09-17 01:00:00+05:30,3.29,14.65,7.85
2021-09-17 02:00:00+05:30,3.25,15.3,7.6
2021-09-17 03:00:00+05:30,3.435,16.35,8.899999999999999
2021-09-17 04:00:00+05:30,3.21,15.2,8.7
2021-09-17 05:00:00+05:30,3.3600000000000003,13.899999999999999,7.85
2021-09-17 06:00:00+05:30,3.685,14.200000000000001,8.4
2021-09-17 07:00:00+05:30,3.4050000000000002,24.35,14.05
2021-09-17 08:00:00+05:30,3.5949999999999998,22.65,11.9
2021-09-17 09:00:00+05:30,3.62,21.4,11.3
2021-09-17 10:00:00+05:30,4.0,30.6,16.3
2021-09-17 11:00:00+05:30,3.485,59.800000000000004,31.85
2021-09-17 12:00:00+05:30,3.44,64.8,36.7
2021-09-17 13:00:00+05:30,2.84,65.6,37.4
2021-09-17 14:00:00+05:30,3.615,66.94999999999999,35.400000000000006
2021-09-17 15:00:00+05:30,3.36,63.7,36.5
2021-09-17 16:00:00+05:30,3.92,72.4,40.9
2021-09-17 17:00:00+05:30,4.075,57.5,33.1
2021-09-17 18:00:00+05:30,3.98,63.2,34.5
2021-09-17 19:00:00+05:30,4.04,56.699999999999996,30.25
2021-09-17 20:00:00+05:30,3.685,34.25,19.65
2021-09-17 21:00:00+05:30,3.29,46.55,19.549999999999997
2021-09-17 22:00:00+05:30,3.25,23.3,13.4
2021-09-17 23:00:00+05:30,3.48,22.8,12.5
2021-09-18 03:00:00+05:30,3.1,13.8,7.0
2021-09-18 04:00:00+05:30,2.96,21.2,9.2
2021-09-18 05:00:00+05:30,3.135,19.3,10.899999999999999
2021-09-18 06:00:00+05:30,3.49,25.0,14.6
2021-09-18 08:00:00+05:30,3.24,27.5,14.15
2021-09-18 09:00:00+05:30,3.775,32.45,18.2
2021-09-18 10:00:00+05:30,3.53,30.1,17.4
2021-09-18 11:00:00+05:30,3.54,35.4,19.7
2021-09-18 12:00:00+05:30,3.49,42.05,23.15
2021-09-18 13:00:00+05:30,3.08,39.1,21.1
2021-09-18 14:00:00+05:30,3.33,47.4,25.4
2021-09-18 15:00:00+05:30,2.9699999999999998,46.849999999999994,24.55
2021-09-18 16:00:00+05:30,3.285,43.3,23.25
2021-09-18 18:00:00+05:30,2.665,31.95,17.7
2021-09-18 19:00:00+05:30,2.72,21.7,12.5
2021-09-18 20:00:00+05:30,11.02,34.7,18.5
2021-09-18 21:00:00+05:30,8.94,43.05,20.85
2021-09-18 22:00:00+05:30,4.55,51.2,23.8
2021-09-18 23:00:00+05:30,5.55,37.5,19.6
2021-09-19 00:00:00+05:30,3.8150000000000004,27.4,13.75
2021-09-19 01:00:00+05:30,3.56,25.8,12.7
2021-09-19 02:00:00+05:30,3.3150000000000004,23.2,11.5
2021-09-19 03:00:00+05:30,3.28,25.5,12.8
2021-09-19 05:00:00+05:30,2.965,18.35,9.3
2021-09-19 06:00:00+05:30,3.23,21.6,11.8
2021-09-19 07:00:00+05:30,3.745,28.75,15.200000000000001
2021-09-19 08:00:00+05:30,3.7199999999999998,25.95,12.6
2021-09-19 09:00:00+05:30,3.67,34.4,16.7
2021-09-19 10:00:00+05:30,3.87,25.5,14.05
2021-09-19 11:00:00+05:30,4.0,43.7,23.8
2021-09-19 12:00:00+05:30,3.48,43.75,21.65
2021-09-19 13:00:00+05:30,3.535,35.1,15.75
2021-09-19 14:00:00+05:30,3.2249999999999996,36.900000000000006,18.3
2021-09-19 16:00:00+05:30,3.565,32.3,15.75
2021-09-19 17:00:00+05:30,3.43,33.2,17.4
2021-09-19 18:00:00+05:30,4.43,33.7,16.1
2021-09-19 19:00:00+05:30,3.855,32.7,16.7
2021-09-19 20:00:00+05:30,3.71,41.7,19.25
2021-09-19 21:00:00+05:30,4.04,38.4,20.0
2021-09-19 22:00:00+05:30,3.89,47.0,25.0
2021-09-19 23:00:00+05:30,3.23,40.8,20.7
2021-09-20 00:00:00+05:30,3.21,28.1,13.9
2021-09-20 01:00:00+05:30,3.3600000000000003,33.0,17.9
2021-09-20 02:00:00+05:30,3.03,18.5,9.1
2021-09-20 03:00:00+05:30,3.175,18.3,10.0
2021-09-20 04:00:00+05:30,3.26,14.9,8.35
2021-09-20 05:00:00+05:30,3.32,22.8,13.2
2021-09-20 06:00:00+05:30,3.325,20.9,12.2
2021-09-20 07:00:00+05:30,3.775,25.9,14.45
2021-09-20 08:00:00+05:30,3.865,23.95,13.05
2021-09-20 09:00:00+05:30,4.86,28.8,13.9
2021-09-20 10:00:00+05:30,4.31,36.9,20.7
2021-09-20 13:00:00+05:30,3.43,38.8,19.8
2021-09-20 15:00:00+05:30,3.4,45.9,13.7
2021-09-20 16:00:00+05:30,5.25,29.45,9.649999999999999
2021-09-20 18:00:00+05:30,3.88,31.45,14.850000000000001
2021-09-20 19:00:00+05:30,21.32,29.0,14.0
2021-09-20 20:00:00+05:30,20.21,34.8,15.7
2021-09-20 21:00:00+05:30,32.19,40.3,21.1
2021-09-20 22:00:00+05:30,5.050000000000001,36.7,19.3
2021-09-20 23:00:00+05:30,4.19,29.6,13.9
2021-09-21 01:00:00+05:30,3.62,12.9,5.7
2021-09-21 02:00:00+05:30,3.765,15.65,7.7
2021-09-21 04:00:00+05:30,3.85,46.4,18.9
2021-09-21 05:00:00+05:30,3.87,43.6,17.3
2021-09-21 06:00:00+05:30,3.6849999999999996,20.35,9.100000000000001
2021-09-21 07:00:00+05:30,3.8266666666666667,22.933333333333334,10.4
2021-09-21 10:00:00+05:30,3.7,46.6,24.5
2021-09-21 18:00:00+05:30,3.14,32.7,17.049999999999997
2021-09-21 19:00:00+05:30,3.94,33.95,18.35
2021-09-21 20:00:00+05:30,3.5700000000000003,33.85,16.0
2021-09-21 21:00:00+05:30,4.5649999999999995,38.85,19.85
2021-09-21 23:00:00+05:30,6.41,47.7,25.7
2021-09-22 01:00:00+05:30,3.825,49.8,20.2
2021-09-22 02:00:00+05:30,3.14,44.4,16.3
2021-09-22 03:00:00+05:30,3.4050000000000002,32.55,7.0
2021-09-22 04:00:00+05:30,3.85,11.2,5.4
2021-09-22 05:00:00+05:30,3.33,21.05,13.100000000000001
2021-09-22 06:00:00+05:30,3.675,30.95,17.25
2021-09-22 07:00:00+05:30,4.715,27.8,14.8
2021-09-22 08:00:00+05:30,4.88,28.55,15.8
2021-09-22 09:00:00+05:30,5.154999999999999,34.85,20.45
2021-09-22 10:00:00+05:30,4.475,38.099999999999994,20.4
2021-09-22 12:00:00+05:30,3.51,33.8,18.9
2021-09-22 14:00:00+05:30,3.895,46.9,23.35
2021-09-22 15:00:00+05:30,4.03,37.0,21.8
2021-09-22 18:00:00+05:30,10.745000000000001,34.8,18.200000000000003
2021-09-22 19:00:00+05:30,19.37,33.0,18.0
2021-09-22 20:00:00+05:30,11.91,55.1,30.1
2021-09-22 21:00:00+05:30,6.75,48.85,25.25
2021-09-22 23:00:00+05:30,5.13,38.8,13.7
2021-09-23 00:00:00+05:30,8.940000000000001,36.35,19.4
2021-09-23 01:00:00+05:30,7.165,57.75,32.05
2021-09-23 02:00:00+05:30,5.75,40.5,22.6
2021-09-23 03:00:00+05:30,5.755,39.05,22.0
2021-09-23 04:00:00+05:30,5.455,36.349999999999994,20.45
2021-09-23 05:00:00+05:30,5.51,37.2,20.7
2021-09-23 06:00:00+05:30,5.34,29.15,15.8
2021-09-23 07:00:00+05:30,6.18,35.6,20.5
2021-09-23 08:00:00+05:30,5.85,30.0,13.6
2021-09-23 09:00:00+05:30,5.88,45.05,19.15
2021-09-23 10:00:00+05:30,5.73,27.049999999999997,12.05
2021-09-23 11:00:00+05:30,3.94,25.7,12.5
2021-09-23 12:00:00+05:30,3.895,36.650000000000006,16.4
2021-09-23 13:00:00+05:30,3.915,42.05,19.6
2021-09-23 14:00:00+05:30,3.92,34.3,18.7
2021-09-23 15:00:00+05:30,3.9733333333333327,40.699999999999996,22.5
2021-09-23 16:00:00+05:30,4.04,40.5,21.5
2021-09-23 17:00:00+05:30,4.0600000000000005,34.9,19.200000000000003
2021-09-23 18:00:00+05:30,4.045,41.65,22.55
2021-09-23 19:00:00+05:30,4.705,46.8,24.25
2021-09-23 20:00:00+05:30,5.69,54.5,29.3
2021-09-23 21:00:00+05:30,5.31,49.0,28.6
2021-09-23 22:00:00+05:30,5.345000000000001,47.5,28.0
2021-09-23 23:00:00+05:30,4.92,53.7,29.6
2021-09-24 00:00:00+05:30,4.805,42.85,21.25
2021-09-24 01:00:00+05:30,4.97,43.6,20.9
2021-09-24 02:00:00+05:30,4.640000000000001,29.299999999999997,13.4
2021-09-24 03:00:00+05:30,4.945,31.85,16.15
2021-09-24 04:00:00+05:30,4.57,28.1,15.6
2021-09-24 05:00:00+05:30,4.17,29.3,16.2
2021-09-24 06:00:00+05:30,5.16,41.0,24.2
2021-09-24 07:00:00+05:30,6.135,52.05,29.700000000000003
2021-09-24 08:00:00+05:30,8.45,63.900000000000006,36.0
2021-09-24 09:00:00+05:30,7.96,59.7,32.7
2021-09-24 10:00:00+05:30,5.54,68.44999999999999,38.349999999999994
2021-09-24 11:00:00+05:30,10.61,60.3,30.3
2021-09-24 12:00:00+05:30,4.705,60.9,30.85
2021-09-24 13:00:00+05:30,4.195,28.0,15.35
2021-09-24 14:00:00+05:30,4.15,42.650000000000006,24.55
2021-09-24 16:00:00+05:30,4.3,44.35,24.65
2021-09-24 17:00:00+05:30,4.199999999999999,44.599999999999994,24.55
2021-09-24 18:00:00+05:30,3.7199999999999998,55.95,29.450000000000003
2021-09-24 19:00:00+05:30,4.57,65.3,36.099999999999994
2021-09-24 20:00:00+05:30,4.04,54.3,30.3
2021-09-24 21:00:00+05:30,4.29,56.7,29.5
2021-09-24 22:00:00+05:30,4.35,61.45,25.85
2021-09-24 23:00:00+05:30,4.63,67.25,24.1
2021-09-25 00:00:00+05:30,5.8,69.1,27.4
2021-09-25 01:00:00+05:30,4.625,56.400000000000006,29.6
2021-09-25 02:00:00+05:30,4.71,39.85,20.85
2021-09-25 03:00:00+05:30,4.495,39.95,18.05
2021-09-25 04:00:00+05:30,5.13,34.0,16.0
2021-09-25 05:00:00+05:30,4.550000000000001,30.1,14.899999999999999
2021-09-25 06:00:00+05:30,4.555,30.15,14.3
2021-09-25 07:00:00+05:30,5.135,37.45,16.950000000000003
2021-09-25 08:00:00+05:30,4.9350000000000005,36.85,19.8
2021-09-25 09:00:00+05:30,4.8100000000000005,36.85,19.799999999999997
2021-09-25 11:00:00+05:30,4.415,53.75,30.549999999999997
2021-09-25 12:00:00+05:30,4.78,41.2,20.9
2021-09-25 13:00:00+05:30,4.32,23.6,12.0
2021-09-25 14:00:00+05:30,4.484999999999999,23.05,12.600000000000001
2021-09-25 15:00:00+05:30,4.12,33.3,16.9
2021-09-25 16:00:00+05:30,4.15,29.4,15.0
2021-09-25 17:00:00+05:30,4.075,31.75,16.4
2021-09-25 18:00:00+05:30,4.06,45.8,23.2
2021-09-25 19:00:00+05:30,4.21,53.4,28.2
2021-09-25 20:00:00+05:30,4.895,58.45,31.299999999999997
2021-09-25 21:00:00+05:30,4.58,46.75,24.6
2021-09-25 22:00:00+05:30,5.154999999999999,47.5,19.4
2021-09-25 23:00:00+05:30,5.21,53.9,15.95
2021-09-26 00:00:00+05:30,5.6,21.9,9.4
2021-09-26 01:00:00+05:30,4.470000000000001,27.950000000000003,11.8
2021-09-26 02:00:00+05:30,4.43,17.8,6.6
2021-09-26 03:00:00+05:30,4.529999999999999,17.35,7.2
2021-09-26 04:00:00+05:30,4.74,18.15,7.2
2021-09-26 05:00:00+05:30,4.92,18.85,9.15
2021-09-26 06:00:00+05:30,4.78,27.8,14.75
2021-09-26 07:00:00+05:30,5.3100000000000005,31.950000000000003,16.15
2021-09-26 08:00:00+05:30,5.18,31.75,16.950000000000003
2021-09-26 09:00:00+05:30,5.415,52.95,29.65
2021-09-26 10:00:00+05:30,5.51,48.2,22.7
2021-09-26 11:00:00+05:30,5.09,47.1,21.8
2021-09-26 12:00:00+05:30,4.66,52.7,26.3
2021-09-26 14:00:00+05:30,4.05,30.5,15.0
2021-09-26 15:00:00+05:30,4.96,31.5,15.7
2021-09-26 16:00:00+05:30,4.14,23.25,11.25
2021-09-26 18:00:00+05:30,4.37,57.6,31.1
2021-09-26 19:00:00+05:30,4.78,43.8,18.5
2021-09-26 20:00:00+05:30,4.78,33.9,11.55
2021-09-26 21:00:00+05:30,5.425,27.25,9.65
2021-09-26 22:00:00+05:30,9.01,29.5,14.2
2021-09-27 00:00:00+05:30,9.16,62.85,33.5
2021-09-27 01:00:00+05:30,4.89,50.4,24.0
2021-09-27 02:00:00+05:30,5.21,42.2,20.15
2021-09-27 03:00:00+05:30,5.25,32.2,15.3
2021-09-27 04:00:00+05:30,5.16,33.25,15.75
2021-09-27 05:00:00+05:30,5.3,34.599999999999994,16.25
2021-09-27 06:00:00+05:30,4.95,34.1,17.799999999999997
2021-09-27 07:00:00+05:30,5.43,38.75,21.85
2021-09-27 08:00:00+05:30,7.175000000000001,53.150000000000006,28.7
2021-09-27 09:00:00+05:30,6.04,56.2,31.0
2021-09-27 10:00:00+05:30,5.88,57.55,27.75
2021-09-27 11:00:00+05:30,5.74,49.6,18.0
2021-09-27 12:00:00+05:30,6.715,16.8,6.85
2021-09-27 14:00:00+05:30,13.035,30.599999999999998,16.4
2021-09-27 15:00:00+05:30,11.31,36.2,16.4
2021-09-27 17:00:00+05:30,9.84,35.05,18.65
2021-09-27 18:00:00+05:30,8.805,72.4,43.2
2021-09-27 19:00:00+05:30,8.15,73.75,44.15
2021-09-27 20:00:00+05:30,7.5,57.55,30.6
2021-09-27 21:00:00+05:30,7.154999999999999,34.150000000000006,18.1
2021-09-27 22:00:00+05:30,7.465,34.55,16.549999999999997
2021-09-27 23:00:00+05:30,7.58,33.3,15.6
2021-09-28 01:00:00+05:30,7.305,24.5,11.8
2021-09-28 02:00:00+05:30,6.635,51.75,23.3
2021-09-28 03:00:00+05:30,6.555,31.650000000000002,10.0
2021-09-28 04:00:00+05:30,6.945,18.0,6.35
2021-09-28 05:00:00+05:30,6.695,19.9,8.8
2021-09-28 06:00:00+05:30,6.79,22.7,10.6
2021-09-28 07:00:00+05:30,7.09,13.35,4.95
2021-09-28 08:00:00+05:30,7.15,19.0,7.1
2021-09-28 09:00:00+05:30,8.844999999999999,29.95,12.600000000000001
2021-09-28 10:00:00+05:30,8.275,22.049999999999997,10.4
2021-09-28 11:00:00+05:30,7.33,23.75,12.350000000000001
2021-09-28 12:00:00+05:30,9.785,31.7,14.5
2021-09-28 13:00:00+05:30,7.045,30.25,12.05
2021-09-28 14:00:00+05:30,6.245,43.099999999999994,15.75
2021-09-28 16:00:00+05:30,6.21,43.0,20.200000000000003
2021-09-28 17:00:00+05:30,6.945,50.6,26.3
2021-09-28 18:00:00+05:30,6.54,64.15,34.55
2021-09-28 19:00:00+05:30,6.52,59.1,33.7
2021-09-28 20:00:00+05:30,6.85,65.6,37.0
2021-09-28 21:00:00+05:30,6.105,48.45,24.549999999999997
2021-09-28 22:00:00+05:30,6.445,48.95,21.7
2021-09-28 23:00:00+05:30,7.42,52.650000000000006,21.9
2021-09-29 00:00:00+05:30,5.57,42.2,14.95
2021-09-29 01:00:00+05:30,5.05,29.8,10.6
2021-09-29 02:00:00+05:30,5.404999999999999,29.45,12.3
2021-09-29 03:00:00+05:30,4.615,29.299999999999997,11.05
2021-09-29 04:00:00+05:30,5.42,25.799999999999997,10.7
2021-09-29 05:00:00+05:30,5.515000000000001,29.15,13.25
2021-09-29 06:00:00+05:30,5.505,39.35,17.200000000000003
2021-09-29 07:00:00+05:30,5.34,28.299999999999997,12.7
2021-09-29 08:00:00+05:30,4.99,30.9,13.1
2021-09-29 09:00:00+05:30,5.58,30.4,12.8
2021-09-29 10:00:00+05:30,7.98,25.8,8.8
2021-09-29 11:00:00+05:30,6.665,25.2,8.75
2021-09-29 12:00:00+05:30,5.73,13.4,5.7
2021-09-29 13:00:00+05:30,7.105,26.9,10.7
2021-09-29 14:00:00+05:30,6.654999999999999,18.45,7.3500000000000005
2021-09-29 15:00:00+05:30,8.77,13.4,6.25
2021-09-29 16:00:00+05:30,7.3100000000000005,16.1,8.149999999999999
2021-09-29 17:00:00+05:30,9.115,21.7,10.4
2021-09-29 18:00:00+05:30,13.78,15.75,6.75
2021-09-29 19:00:00+05:30,10.88,12.2,3.8
2021-09-29 20:00:00+05:30,11.18,12.55,3.6
2021-09-29 21:00:00+05:30,17.78,10.1,5.15
2021-09-29 22:00:00+05:30,18.35,13.6,6.75
2021-09-29 23:00:00+05:30,19.59,9.350000000000001,4.65
2021-09-30 00:00:00+05:30,21.17,8.2,3.9
2021-09-30 01:00:00+05:30,11.97,10.0,4.9
2021-09-30 02:00:00+05:30,7.516666666666667,7.466666666666666,4.3
2021-09-30 03:00:00+05:30,5.33,11.7,6.6
2021-09-30 04:00:00+05:30,0.0,0.0,0.0
2021-09-30 05:00:00+05:30,7.645,15.850000000000001,7.05
2021-09-30 06:00:00+05:30,7.255,21.450000000000003,10.45
2021-09-30 07:00:00+05:30,9.075,26.25,11.649999999999999
2021-09-30 08:00:00+05:30,10.64,24.4,11.45
2021-09-30 09:00:00+05:30,10.32,21.4,10.6
2021-09-30 10:00:00+05:30,13.8,31.3,14.100000000000001
2021-09-30 12:00:00+05:30,13.26,29.8,14.8
2021-09-30 13:00:00+05:30,10.265,45.599999999999994,22.95
2021-11-03 10:00:00+05:30,2.73,93.7,48.8
2021-11-03 11:00:00+05:30,2.06,100.0,50.8
2021-11-03 13:00:00+05:30,0.68,75.1,39.1
2021-11-03 14:00:00+05:30,1.75,72.0,33.9
2021-11-03 17:00:00+05:30,2.52,77.1,39.2
2021-11-03 18:00:00+05:30,2.115,124.2,70.55
2021-11-03 19:00:00+05:30,8.955,151.3,88.45
2021-11-03 20:00:00+05:30,5.68,189.85,108.8
2021-11-03 21:00:00+05:30,9.25,224.55,130.5
2021-11-03 22:00:00+05:30,4.76,223.0,122.2
2021-11-03 23:00:00+05:30,6.69,253.6,145.0
2021-11-04 00:00:00+05:30,7.3149999999999995,212.1,121.35
2021-11-04 01:00:00+05:30,3.1100000000000003,172.3,97.05000000000001
2021-11-04 02:00:00+05:30,2.4699999999999998,180.0,92.55000000000001
2021-11-04 03:00:00+05:30,2.5149999999999997,119.39999999999999,63.099999999999994
2021-11-04 04:00:00+05:30,2.42,89.65,50.65
2021-11-04 05:00:00+05:30,2.25,83.65,43.900000000000006
2021-11-04 06:00:00+05:30,2.0999999999999996,81.30000000000001,42.3
2021-11-04 07:00:00+05:30,2.2,83.7,46.35
2021-11-04 08:00:00+05:30,2.495,91.4,50.55
2021-11-04 09:00:00+05:30,2.42,107.6,56.0
2021-11-04 10:00:00+05:30,2.23,123.25,60.65
2021-11-04 11:00:00+05:30,1.9,115.25,55.400000000000006
2021-11-04 12:00:00+05:30,1.9,101.85,46.25
2021-11-04 13:00:00+05:30,1.65,83.1,38.7
2021-11-04 14:00:00+05:30,1.9749999999999999,74.25,34.05
2021-11-04 15:00:00+05:30,1.545,66.75,33.75
2021-11-04 16:00:00+05:30,2.075,66.94999999999999,33.35
2021-11-04 17:00:00+05:30,2.115,79.95,44.8
2021-11-04 18:00:00+05:30,2.18,117.1,64.6
2021-11-04 19:00:00+05:30,3.33,152.95,87.55000000000001
2021-11-04 20:00:00+05:30,3.79,193.5,108.3
2021-11-04 21:00:00+05:30,8.125,330.6,191.95
2021-11-04 22:00:00+05:30,5.74,641.2,371.1
2021-11-04 23:00:00+05:30,4.86,571.2,333.3
2021-11-05 00:00:00+05:30,2.855,392.35,218.95
2021-11-05 01:00:00+05:30,2.42,176.1,102.7
2021-11-05 02:00:00+05:30,2.5,155.3,87.35
2021-11-05 03:00:00+05:30,2.415,126.89999999999999,70.5
2021-11-05 04:00:00+05:30,2.4050000000000002,99.15,54.650000000000006
2021-11-05 05:00:00+05:30,2.385,103.65,54.65
2021-11-05 06:00:00+05:30,2.31,120.65,62.6
2021-11-05 07:00:00+05:30,2.655,119.2,64.3
2021-11-05 08:00:00+05:30,2.175,116.69999999999999,62.400000000000006
2021-11-05 09:00:00+05:30,2.295,112.5,58.15
2021-11-05 10:00:00+05:30,2.64,100.8,51.0
2021-11-05 15:00:00+05:30,2.08,80.0,41.7
2021-11-05 16:00:00+05:30,1.925,77.6,41.150000000000006
2021-11-05 17:00:00+05:30,2.125,84.75,45.849999999999994
2021-11-05 18:00:00+05:30,2.02,95.0,52.8
2021-11-05 19:00:00+05:30,2.44,126.5,70.5
2021-11-05 20:00:00+05:30,2.35,204.0,113.5
2021-11-05 21:00:00+05:30,2.67,208.9,115.2
2021-11-05 22:00:00+05:30,2.625,209.4,113.0
2021-11-05 23:00:00+05:30,2.84,202.4,110.0
2021-11-06 00:00:00+05:30,2.8049999999999997,137.45,78.45
2021-11-06 01:00:00+05:30,3.02,106.3,60.6
2021-11-06 02:00:00+05:30,2.88,75.05000000000001,37.45
2021-11-06 03:00:00+05:30,2.7800000000000002,66.85,34.7
2021-11-06 04:00:00+05:30,2.425,71.1,39.5
2021-11-06 05:00:00+05:30,2.505,79.25,42.25
2021-11-06 06:00:00+05:30,2.21,76.75,40.65
2021-11-06 07:00:00+05:30,2.16,84.9,44.0
2021-11-06 08:00:00+05:30,2.545,95.55000000000001,48.85
2021-11-06 09:00:00+05:30,2.225,108.95,57.599999999999994
2021-11-06 10:00:00+05:30,2.75,110.25,58.25
2021-11-06 11:00:00+05:30,2.57,102.4,51.2
2021-11-06 12:00:00+05:30,2.22,113.2,57.0
2021-11-06 13:00:00+05:30,2.19,101.35,51.15
2021-11-06 14:00:00+05:30,2.07,103.1,53.5
2021-11-06 15:00:00+05:30,2.37,108.6,58.8
2021-11-06 16:00:00+05:30,1.69,113.1,58.9
2021-11-06 17:00:00+05:30,1.69,119.5,62.6
2021-11-06 18:00:00+05:30,2.33,133.3,72.85
2021-11-06 19:00:00+05:30,3.42,148.39999999999998,80.6
2021-11-06 20:00:00+05:30,2.7,144.7,78.2
2021-11-06 21:00:00+05:30,2.565,140.4,75.75
2021-11-06 22:00:00+05:30,2.6849999999999996,139.64999999999998,76.6
2021-11-06 23:00:00+05:30,2.73,140.0,76.9
2021-11-07 00:00:00+05:30,2.4450000000000003,104.55,56.05
2021-11-07 01:00:00+05:30,2.08,103.2,55.7
2021-11-07 02:00:00+05:30,1.87,85.65,45.4
2021-11-07 03:00:00+05:30,2.09,86.4,45.75
2021-11-07 04:00:00+05:30,1.85,84.75,43.1
2021-11-07 05:00:00+05:30,1.57,81.7,45.8
2021-11-07 06:00:00+05:30,1.82,89.9,48.8
2021-11-07 07:00:00+05:30,1.72,101.2,54.6
2021-11-07 08:00:00+05:30,2.135,108.94999999999999,59.6
2021-11-07 09:00:00+05:30,1.9449999999999998,116.9,63.2
2021-11-07 10:00:00+05:30,2.36,116.2,59.4
2021-11-07 11:00:00+05:30,1.6400000000000001,116.6,60.1
2021-11-07 12:00:00+05:30,1.78,107.5,54.25
2021-11-07 13:00:00+05:30,1.53,101.5,50.6
2021-11-07 14:00:00+05:30,1.92,92.69999999999999,43.15
2021-11-07 16:00:00+05:30,1.47,74.6,35.4
2021-11-07 17:00:00+05:30,1.46,76.4,39.3
2021-11-07 18:00:00+05:30,1.5,97.5,52.15
2021-11-07 19:00:00+05:30,2.085,118.69999999999999,66.55
2021-11-07 20:00:00+05:30,1.4649999999999999,124.4,70.25
2021-11-07 21:00:00+05:30,2.92,138.5,79.9
2021-11-07 22:00:00+05:30,3.8,161.7,90.44999999999999
2021-11-07 23:00:00+05:30,4.36,160.0,85.1
2021-11-08 00:00:00+05:30,2.335,143.7,80.9
2021-11-08 01:00:00+05:30,2.05,107.69999999999999,58.55
2021-11-08 02:00:00+05:30,2.135,96.35,51.45
2021-11-08 03:00:00+05:30,2.725,86.55,44.85
2021-11-08 04:00:00+05:30,2.9050000000000002,85.35,44.5
2021-11-08 05:00:00+05:30,1.745,83.95,45.0
2021-11-08 06:00:00+05:30,2.565,87.65,43.8
2021-11-08 07:00:00+05:30,2.81,83.1,47.0
2021-11-08 08:00:00+05:30,2.91,99.1,56.3
2021-11-08 09:00:00+05:30,2.93,111.0,61.1
2021-11-08 10:00:00+05:30,1.66,117.9,61.2
2021-11-08 11:00:00+05:30,2.05,112.3,57.7
2021-11-08 12:00:00+05:30,2.065,100.9,52.85
2021-11-08 13:00:00+05:30,1.96,104.7,53.7
2021-11-08 14:00:00+05:30,2.05,107.9,52.9
2021-11-08 15:00:00+05:30,1.43,88.9,43.8
2021-11-08 17:00:00+05:30,1.21,81.9,43.4
2021-11-08 18:00:00+05:30,2.17,125.9,70.2
2021-11-08 19:00:00+05:30,1.99,113.5,61.3
2021-11-08 20:00:00+05:30,2.58,114.55,63.65
2021-11-08 22:00:00+05:30,7.94,127.0,71.5
2021-11-08 23:00:00+05:30,4.04,126.9,70.9
2021-11-09 00:00:00+05:30,3.5250000000000004,121.1,68.6
2021-11-09 01:00:00+05:30,1.9699999999999998,112.0,62.3
2021-11-09 02:00:00+05:30,2.045,94.9,52.95
2021-11-09 03:00:00+05:30,1.7850000000000001,85.55,49.45
2021-11-09 04:00:00+05:30,2.27,73.30000000000001,42.400000000000006
2021-11-09 05:00:00+05:30,1.86,72.9,40.7
2021-11-09 06:00:00+05:30,1.835,69.35,39.2
2021-11-09 07:00:00+05:30,1.94,80.95,45.75
2021-11-09 08:00:00+05:30,2.19,89.6,50.45
2021-11-09 10:00:00+05:30,2.07,99.4,54.3
2021-11-09 13:00:00+05:30,1.49,93.15,46.2
2021-11-09 14:00:00+05:30,1.57,95.1,46.0
2021-11-09 15:00:00+05:30,1.435,85.25,44.0
2021-11-09 17:00:00+05:30,1.67,74.6,41.4
2021-11-09 18:00:00+05:30,1.78,110.25,63.6
2021-11-09 19:00:00+05:30,2.17,115.0,65.25
2021-11-09 20:00:00+05:30,4.84,132.5,76.45
2021-11-09 21:00:00+05:30,4.449999999999999,136.25,81.4
2021-11-09 22:00:00+05:30,3.335,139.9,81.15
2021-11-10 02:00:00+05:30,1.96,95.15,53.900000000000006
2021-11-10 03:00:00+05:30,2.415,76.4,41.55
2021-11-10 04:00:00+05:30,1.745,67.95,38.55
2021-11-10 05:00:00+05:30,1.795,71.35,40.45
2021-11-10 06:00:00+05:30,2.545,74.15,41.5
2021-11-10 07:00:00+05:30,2.66,78.35,46.5
2021-11-10 08:00:00+05:30,2.605,90.95,52.15
2021-11-10 18:00:00+05:30,2.955,125.25,73.9
2021-11-10 19:00:00+05:30,5.18,140.2,82.2
2021-11-10 21:00:00+05:30,13.48,173.2,99.7
2021-11-10 22:00:00+05:30,8.094999999999999,157.75,90.9
2021-11-10 23:00:00+05:30,7.89,147.4,84.2
2021-11-11 00:00:00+05:30,2.785,126.35,71.85
2021-11-11 01:00:00+05:30,1.955,110.95,64.7
2021-11-11 02:00:00+05:30,3.1399999999999997,106.65,59.400000000000006
2021-11-11 03:00:00+05:30,1.08,93.2,53.4
2021-11-11 04:00:00+05:30,1.025,79.3,45.6
2021-11-11 05:00:00+05:30,1.335,71.9,40.3
2021-11-11 06:00:00+05:30,1.5150000000000001,85.6,49.1
2021-11-11 07:00:00+05:30,1.625,78.5,45.45
2021-11-11 08:00:00+05:30,2.81,100.5,56.9
2021-11-11 09:00:00+05:30,2.775,120.15,65.0
2021-11-11 10:00:00+05:30,1.56,117.85,63.6
2021-11-11 11:00:00+05:30,0.1,102.9,54.2
2021-11-11 12:00:00+05:30,1.305,90.2,47.05
2021-11-11 13:00:00+05:30,0.0,85.69999999999999,45.45
2021-11-11 14:00:00+05:30,0.465,104.69999999999999,54.85
2021-11-11 15:00:00+05:30,0.065,82.35,43.35
2021-11-11 16:00:00+05:30,0.12,80.5,43.5
2021-11-11 17:00:00+05:30,0.8650000000000001,92.05,50.9
2021-11-11 18:00:00+05:30,0.05,108.9,59.7
2021-11-11 19:00:00+05:30,0.12,123.3,70.1
2021-11-11 20:00:00+05:30,0.15,159.35000000000002,91.55000000000001
2021-11-11 21:00:00+05:30,0.44,160.8,94.3
2021-11-11 22:00:00+05:30,0.045,154.05,87.9
2021-11-11 23:00:00+05:30,0.15,139.6,80.1
2021-11-12 00:00:00+05:30,0.175,140.5,81.7
2021-11-12 01:00:00+05:30,0.14,132.45,75.55000000000001
2021-11-12 02:00:00+05:30,0.075,103.25,59.3
2021-11-12 03:00:00+05:30,0.13,92.5,53.5
2021-11-12 04:00:00+05:30,0.2,84.9,49.8
2021-11-12 05:00:00+05:30,0.185,81.65,48.650000000000006
2021-11-12 06:00:00+05:30,0.075,109.35,65.94999999999999
2021-11-12 07:00:00+05:30,0.2,99.1,57.400000000000006
2021-11-12 08:00:00+05:30,0.08,110.75,62.0
2021-11-12 09:00:00+05:30,0.185,110.05,59.25
2021-11-12 13:00:00+05:30,0.0,94.2,48.7
2021-11-12 14:00:00+05:30,0.01,97.4,52.6
2021-11-12 15:00:00+05:30,0.135,93.69999999999999,49.1
2021-11-12 16:00:00+05:30,0.0,85.65,44.099999999999994
2021-11-12 17:00:00+05:30,0.0,93.7,50.15
2021-11-12 18:00:00+05:30,0.065,119.25,66.0
2021-11-12 19:00:00+05:30,0.095,140.95,80.65
2021-11-12 20:00:00+05:30,0.035,149.45,83.85
2021-11-12 22:00:00+05:30,0.08,136.25,78.15
2021-11-12 23:00:00+05:30,0.08,134.7,73.6
2021-11-13 00:00:00+05:30,0.21,109.2,61.3
2021-11-13 01:00:00+05:30,0.5,105.9,57.4
2021-11-13 02:00:00+05:30,0.14,87.7,46.65
2021-11-13 03:00:00+05:30,0.05,90.15,49.7
2021-11-13 04:00:00+05:30,0.6950000000000001,86.05,47.25
2021-11-13 05:00:00+05:30,0.5700000000000001,86.4,47.25
2021-11-13 06:00:00+05:30,0.415,86.5,49.25
2021-11-13 07:00:00+05:30,0.5,95.05000000000001,54.8
2021-11-13 08:00:00+05:30,0.0,116.6,66.2
2021-11-13 09:00:00+05:30,0.495,117.15,64.3
2021-11-13 10:00:00+05:30,0.055,121.55000000000001,62.95
2021-11-13 11:00:00+05:30,0.41,118.5,61.849999999999994
2021-11-13 12:00:00+05:30,0.385,120.4,59.349999999999994
2021-11-13 13:00:00+05:30,0.075,130.6,65.15
2021-11-13 14:00:00+05:30,0.14500000000000002,130.85,64.1
2021-11-13 15:00:00+05:30,0.515,134.75,65.9
2021-11-13 16:00:00+05:30,0.16999999999999998,139.60000000000002,71.85
2021-11-13 17:00:00+05:30,0.12,161.6,86.2
2021-11-13 18:00:00+05:30,0.23500000000000001,171.35000000000002,93.25
2021-11-13 19:00:00+05:30,0.44999999999999996,161.39999999999998,89.75
2021-11-13 20:00:00+05:30,0.51,194.10000000000002,103.2
2021-11-13 21:00:00+05:30,0.43999999999999995,168.55,92.69999999999999
2021-11-13 22:00:00+05:30,0.15000000000000002,151.15,85.55000000000001
2021-11-13 23:00:00+05:30,0.62,144.1,81.5
2021-11-14 00:00:00+05:30,0.19,134.95,74.75
2021-11-14 01:00:00+05:30,0.3,126.15,71.19999999999999
2021-11-14 02:00:00+05:30,0.16,124.9,67.9
2021-11-14 03:00:00+05:30,0.77,120.9,66.05
2021-11-14 04:00:00+05:30,0.4,124.75,68.1
2021-11-14 05:00:00+05:30,0.395,129.1,73.1
2021-11-14 06:00:00+05:30,0.41000000000000003,130.7,73.1
2021-11-14 07:00:00+05:30,0.74,140.7,78.4
2021-11-14 08:00:00+05:30,0.61,154.3,83.7
2021-11-14 09:00:00+05:30,0.62,177.5,94.3
2021-11-14 10:00:00+05:30,0.51,172.6,93.35
2021-11-14 11:00:00+05:30,0.39,167.6,88.1
2021-11-14 12:00:00+05:30,0.645,149.9,79.4
2021-11-14 13:00:00+05:30,0.5,140.2,72.85
2021-11-14 14:00:00+05:30,0.53,132.9,67.6
2021-11-14 15:00:00+05:30,0.565,111.25,57.25
2021-11-14 16:00:00+05:30,0.32,97.1,52.5
2021-11-14 18:00:00+05:30,0.63,132.5,76.2
2021-11-14 19:00:00+05:30,0.36,128.8,74.5
2021-11-14 20:00:00+05:30,0.43,139.45,79.05000000000001
2021-11-14 21:00:00+05:30,0.88,166.0,94.6
2021-11-14 23:00:00+05:30,0.28,164.8,96.0
2021-11-15 00:00:00+05:30,0.735,154.1,88.9
2021-11-15 01:00:00+05:30,0.51,147.05,83.9
2021-11-15 02:00:00+05:30,0.41,119.45,70.19999999999999
2021-11-15 03:00:00+05:30,0.215,117.75,66.2
2021-11-15 04:00:00+05:30,0.675,124.65,70.05000000000001
2021-11-15 05:00:00+05:30,0.365,124.7,70.05
2021-11-15 06:00:00+05:30,0.46,118.1,68.4
2021-11-15 07:00:00+05:30,0.535,138.89999999999998,75.05
2021-11-15 08:00:00+05:30,0.5449999999999999,146.45,80.35
2021-11-15 09:00:00+05:30,0.475,160.75,88.1
2021-11-15 10:00:00+05:30,0.355,159.95,87.05000000000001
2021-11-15 11:00:00+05:30,0.75,150.75,81.15
2021-11-15 12:00:00+05:30,0.53,146.9,74.7
2021-11-15 13:00:00+05:30,0.405,135.35000000000002,70.15
2021-11-15 14:00:00+05:30,0.7,129.9,66.05
2021-11-15 15:00:00+05:30,0.315,116.85,61.65
2021-11-15 16:00:00+05:30,0.08,112.2,62.0
2021-11-15 17:00:00+05:30,0.38,131.15,73.35
2021-11-15 18:00:00+05:30,0.38,142.4,80.1
2021-11-15 19:00:00+05:30,0.54,141.4,78.25
2021-11-15 20:00:00+05:30,1.15,177.5,99.6
2021-11-15 21:00:00+05:30,0.96,165.8,93.2
2021-11-15 22:00:00+05:30,0.655,144.2,75.65
2021-11-15 23:00:00+05:30,0.93,141.8,70.8
2021-11-16 00:00:00+05:30,0.735,114.3,58.5
2021-11-16 01:00:00+05:30,0.645,104.3,54.95
2021-11-16 02:00:00+05:30,0.565,109.4,59.0
2021-11-16 03:00:00+05:30,0.5700000000000001,112.7,60.85
2021-11-16 04:00:00+05:30,0.56,102.5,56.6
2021-11-16 05:00:00+05:30,0.08,104.1,56.0
2021-11-16 06:00:00+05:30,0.81,113.0,59.75
2021-11-16 07:00:00+05:30,0.485,118.35,61.7
2021-11-16 08:00:00+05:30,0.58,142.8,71.4
2021-11-16 09:00:00+05:30,0.51,154.55,78.95
2021-11-16 10:00:00+05:30,0.72,161.35,82.6
2021-11-16 12:00:00+05:30,0.8400000000000001,139.7,70.0
2021-11-16 13:00:00+05:30,0.63,134.8,70.0
2021-11-16 14:00:00+05:30,0.68,141.1,69.0
2021-11-16 15:00:00+05:30,0.64,131.1,64.5
2021-11-16 16:00:00+05:30,0.72,114.4,59.3
2021-11-16 17:00:00+05:30,0.5700000000000001,126.7,67.35
2021-11-16 18:00:00+05:30,0.28,143.0,77.8
2021-11-16 19:00:00+05:30,0.39,134.8,74.1
2021-11-16 20:00:00+05:30,0.75,149.8,80.85
2021-11-16 21:00:00+05:30,0.575,143.35000000000002,74.25
2021-11-16 22:00:00+05:30,0.7350000000000001,126.1,65.15
2021-11-16 23:00:00+05:30,0.49,117.0,61.8
2021-11-17 00:00:00+05:30,0.615,92.9,45.9
2021-11-17 01:00:00+05:30,0.825,80.8,42.3
2021-11-17 02:00:00+05:30,0.705,79.9,44.0
2021-11-17 03:00:00+05:30,0.6699999999999999,75.05,39.900000000000006
2021-11-17 04:00:00+05:30,0.6,74.75,40.15
2021-11-17 05:00:00+05:30,0.905,66.5,36.599999999999994
2021-11-17 06:00:00+05:30,0.62,80.95,44.5
2021-11-17 07:00:00+05:30,0.8200000000000001,98.35,50.400000000000006
2021-11-17 08:00:00+05:30,0.66,113.0,61.5
2021-11-17 09:00:00+05:30,0.675,122.35,66.0
2021-11-17 10:00:00+05:30,0.5,124.1,64.0
2021-11-17 11:00:00+05:30,0.16,133.4,64.6
2021-11-17 12:00:00+05:30,0.6299999999999999,129.4,65.3
2021-11-17 13:00:00+05:30,0.9299999999999999,123.80000000000001,64.05000000000001
2021-11-17 14:00:00+05:30,0.845,129.7,64.4
2021-11-18 10:00:00+05:30,10.56,117.7,61.9
2021-11-18 11:00:00+05:30,10.73,119.6,59.900000000000006
2021-11-18 12:00:00+05:30,10.475,105.1,54.099999999999994
2021-11-18 13:00:00+05:30,10.64,107.6,55.849999999999994
2021-11-18 14:00:00+05:30,10.49,96.55000000000001,47.900000000000006
2021-11-18 15:00:00+05:30,10.64,97.1,52.900000000000006
2021-11-18 16:00:00+05:30,10.35,91.9,50.4
2021-11-18 17:00:00+05:30,10.635000000000002,79.19999999999999,42.05
2021-11-18 18:00:00+05:30,10.635000000000002,70.4,39.4
2021-11-18 19:00:00+05:30,10.65,63.5,35.25
2021-11-18 20:00:00+05:30,10.475000000000001,56.3,31.349999999999998
2021-11-18 21:00:00+05:30,10.645,44.0,23.6
2021-11-18 22:00:00+05:30,10.76,34.9,18.1
2021-11-18 23:00:00+05:30,10.36,37.3,19.0
2021-11-19 00:00:00+05:30,10.695,110.60000000000001,58.4
2021-11-19 01:00:00+05:30,10.58,99.65,53.25
2021-11-19 02:00:00+05:30,10.515,85.9,49.5
2021-11-19 03:00:00+05:30,10.780000000000001,80.45,46.55
2021-11-19 04:00:00+05:30,10.67,96.35,51.75
2021-11-19 05:00:00+05:30,10.86,66.9,35.4
2021-11-19 06:00:00+05:30,10.37,62.9,37.0
2021-11-19 07:00:00+05:30,10.755,73.7,44.0
2021-11-19 08:00:00+05:30,10.55,80.5,47.25
2021-11-19 09:00:00+05:30,10.58,101.7,56.099999999999994
2021-11-19 10:00:00+05:30,10.915,82.6,44.849999999999994
2021-11-19 11:00:00+05:30,11.115,83.5,45.3
2021-11-19 12:00:00+05:30,10.95,72.19999999999999,37.650000000000006
2021-11-19 13:00:00+05:30,10.68,75.19999999999999,37.05
2021-11-19 14:00:00+05:30,10.78,87.5,47.8
2021-11-19 15:00:00+05:30,10.615,89.0,47.15
2021-11-19 16:00:00+05:30,11.01,80.6,41.65
2021-11-19 17:00:00+05:30,11.05,89.1,47.9
2021-11-19 18:00:00+05:30,10.79,103.94999999999999,56.1
2021-11-19 19:00:00+05:30,10.68,66.1,34.05
2021-11-19 20:00:00+05:30,10.864999999999998,84.1,43.8
2021-11-19 21:00:00+05:30,10.503333333333334,72.66666666666667,40.833333333333336
2021-11-19 22:00:00+05:30,11.42,90.0,51.7
2021-11-19 23:00:00+05:30,10.57,70.9,40.7
2021-11-20 00:00:00+05:30,10.68,58.15,32.75
2021-11-20 01:00:00+05:30,10.735,48.0,26.25
2021-11-20 02:00:00+05:30,10.585,29.049999999999997,14.7
2021-11-20 03:00:00+05:30,10.715,29.049999999999997,11.899999999999999
2021-11-20 04:00:00+05:30,10.86,25.25,11.95
2021-11-20 05:00:00+05:30,10.615,30.15,13.8
2021-11-20 06:00:00+05:30,10.395,28.85,14.5
2021-11-20 07:00:00+05:30,10.6,27.3,15.4
2021-11-20 08:00:00+05:30,10.690000000000001,35.95,17.799999999999997
2021-11-20 09:00:00+05:30,10.24,50.75,27.6
2021-11-20 10:00:00+05:30,10.625,65.85,36.35
2021-11-20 11:00:00+05:30,11.024999999999999,69.55,37.05
2021-11-20 12:00:00+05:30,10.575,71.6,38.4
2021-11-20 13:00:00+05:30,10.64,69.5,35.2
2021-11-20 14:00:00+05:30,10.850000000000001,70.9,34.3
2021-11-20 15:00:00+05:30,10.344999999999999,74.9,34.95
2021-11-20 16:00:00+05:30,10.665,74.1,37.3
2021-11-20 17:00:00+05:30,10.76,88.3,43.8
2021-11-20 18:00:00+05:30,10.55,89.65,45.6
2021-11-20 19:00:00+05:30,10.64,81.6,42.4
2021-11-20 21:00:00+05:30,10.61,96.9,44.9
2021-11-20 22:00:00+05:30,10.57,67.0,33.75
2021-11-20 23:00:00+05:30,10.45,66.0,31.2
2021-11-21 00:00:00+05:30,10.98,58.3,29.4
2021-11-21 01:00:00+05:30,10.51,58.8,27.75
2021-11-21 02:00:00+05:30,10.58,45.3,25.35
2021-11-21 03:00:00+05:30,10.855,41.9,23.65
2021-11-21 04:00:00+05:30,10.715,44.3,24.45
2021-11-21 05:00:00+05:30,10.355,50.099999999999994,26.45
2021-11-21 06:00:00+05:30,10.524999999999999,63.9,30.95
2021-11-21 07:00:00+05:30,10.06,63.9,31.1
2021-11-21 08:00:00+05:30,10.33,82.25,43.599999999999994
2021-11-21 09:00:00+05:30,10.555,86.44999999999999,45.05
2021-11-21 10:00:00+05:30,10.495000000000001,81.7,43.55
2021-11-21 11:00:00+05:30,10.58,86.9,45.6
2021-11-21 12:00:00+05:30,10.43,93.15,50.099999999999994
2021-11-21 13:00:00+05:30,10.75,86.80000000000001,45.85
2021-11-21 14:00:00+05:30,10.275,79.44999999999999,40.55
2021-11-21 15:00:00+05:30,10.76,79.85,42.150000000000006
2021-11-21 16:00:00+05:30,10.51,84.55,47.25
2021-11-21 17:00:00+05:30,10.605,97.85,52.05
2021-11-21 18:00:00+05:30,10.33,103.75,55.849999999999994
2021-11-21 19:00:00+05:30,10.695,107.0,55.6
2021-11-21 20:00:00+05:30,10.535,113.25,58.65
2021-11-21 21:00:00+05:30,10.870000000000001,130.25,69.55
2021-11-21 22:00:00+05:30,10.325,100.19999999999999,52.0
2021-11-21 23:00:00+05:30,11.05,96.4,51.7
2021-11-22 00:00:00+05:30,10.565000000000001,86.30000000000001,39.2
2021-11-22 01:00:00+05:30,10.585,82.45,31.9
2021-11-22 02:00:00+05:30,10.239999999999998,93.85,43.45
2021-11-22 03:00:00+05:30,10.71,63.199999999999996,27.4
2021-11-22 04:00:00+05:30,10.375,69.1,33.4
2021-11-22 05:00:00+05:30,10.485,62.0,27.9
2021-11-22 06:00:00+05:30,10.510000000000002,60.099999999999994,28.25
2021-11-22 07:00:00+05:30,10.61,65.9,37.6
2021-11-22 08:00:00+05:30,10.585,75.9,39.8
2021-11-22 09:00:00+05:30,10.545,85.75,46.3
2021-11-22 10:00:00+05:30,10.37,83.9,42.9
2021-11-22 12:00:00+05:30,11.06,63.8,31.1
2021-11-22 14:00:00+05:30,10.645,62.05,29.1
2021-11-22 15:00:00+05:30,10.15,,
2021-11-22 16:00:00+05:30,10.31,68.5,34.9
2021-11-22 17:00:00+05:30,10.77,73.1,37.9
2021-11-22 18:00:00+05:30,10.64,83.35,37.4
2021-11-22 19:00:00+05:30,10.690000000000001,69.94999999999999,28.450000000000003
2021-11-22 20:00:00+05:30,10.625,77.2,30.4
2021-11-22 21:00:00+05:30,10.59,69.4,29.25
2021-11-22 22:00:00+05:30,10.8,74.7,32.75
2021-11-22 23:00:00+05:30,10.63,75.4,33.0
2021-11-23 00:00:00+05:30,10.68,74.4,33.05
2021-11-23 01:00:00+05:30,10.760000000000002,71.35,34.5
2021-11-23 02:00:00+05:30,10.805,70.05000000000001,35.35
2021-11-23 03:00:00+05:30,10.91,71.5,27.950000000000003
2021-11-23 04:00:00+05:30,10.49,65.1,24.1
2021-11-23 05:00:00+05:30,11.025,79.35,36.15
2021-11-23 06:00:00+05:30,10.8,78.9,36.2
2021-11-23 07:00:00+05:30,10.92,82.15,40.25
2021-11-23 08:00:00+05:30,10.33,93.4,45.4
2021-11-23 09:00:00+05:30,10.945,99.85,52.099999999999994
2021-11-23 10:00:00+05:30,10.530000000000001,99.25,51.55
2021-11-23 11:00:00+05:30,10.9,84.7,41.7
2021-11-23 16:00:00+05:30,10.57,51.8,20.1
2021-11-23 17:00:00+05:30,11.01,44.6,21.4
2021-11-23 18:00:00+05:30,10.715,59.900000000000006,27.45
2021-11-23 19:00:00+05:30,10.62,53.1,21.5
2021-11-23 20:00:00+05:30,10.65,58.5,26.3
2021-11-23 21:00:00+05:30,10.74,66.8,28.1
2021-11-23 22:00:00+05:30,10.47,68.05000000000001,30.900000000000002
2021-11-23 23:00:00+05:30,10.94,81.4,33.7
2021-11-24 00:00:00+05:30,10.29,65.5,29.3
2021-11-24 01:00:00+05:30,10.715,63.3,27.25
2021-11-24 02:00:00+05:30,10.864999999999998,72.9,36.5
2021-11-24 03:00:00+05:30,10.79,99.4,52.85
2021-11-24 04:00:00+05:30,10.844999999999999,111.19999999999999,65.6
2021-11-24 05:00:00+05:30,10.78,81.8,39.5
2021-11-24 06:00:00+05:30,10.504999999999999,97.0,48.0
2021-11-24 07:00:00+05:30,10.95,106.3,58.15
2021-11-24 08:00:00+05:30,10.87,117.9,58.2
2021-11-24 09:00:00+05:30,10.67,95.05000000000001,46.849999999999994
2021-11-24 10:00:00+05:30,10.65,87.69999999999999,43.55
2021-11-24 11:00:00+05:30,10.725000000000001,88.3,44.25
2021-11-24 12:00:00+05:30,10.29,71.2,37.9
2021-11-24 13:00:00+05:30,10.51,58.6,32.0
2021-11-24 14:00:00+05:30,10.46,53.4,26.2
2021-11-24 15:00:00+05:30,10.48,46.1,23.1
2021-11-24 16:00:00+05:30,10.78,47.5,25.0
2021-11-24 17:00:00+05:30,10.605,72.35,41.95
2021-11-24 18:00:00+05:30,10.74,66.75,38.1
2021-11-24 19:00:00+05:30,10.7,93.15,48.5
2021-11-24 20:00:00+05:30,10.67,114.65,56.5
2021-11-24 21:00:00+05:30,10.53,111.6,53.2
2021-11-24 22:00:00+05:30,10.785,100.65,41.35
2021-11-24 23:00:00+05:30,10.98,120.5,50.8
2021-11-25 00:00:00+05:30,10.575,75.44999999999999,30.849999999999998
2021-11-25 01:00:00+05:30,10.575,79.85,29.700000000000003
2021-11-25 02:00:00+05:30,10.635,85.25,34.599999999999994
2021-11-25 03:00:00+05:30,10.73,89.3,36.400000000000006
2021-11-25 04:00:00+05:30,10.655000000000001,67.6,29.9
2021-11-25 05:00:00+05:30,10.44,73.8,34.2
2021-11-25 06:00:00+05:30,10.23,85.6,39.25
2021-11-25 07:00:00+05:30,10.64,84.2,38.3
2021-11-25 08:00:00+05:30,10.559999999999999,99.5,43.5
2021-11-25 10:00:00+05:30,10.87,97.1,40.3
2021-11-25 11:00:00+05:30,10.75,79.6,32.8
2021-11-25 14:00:00+05:30,10.39,65.2,32.9
2021-11-25 18:00:00+05:30,10.66,122.7,68.9
2021-11-25 19:00:00+05:30,10.79,125.80000000000001,71.6
2021-11-25 20:00:00+05:30,10.6,109.9,58.35
2021-11-25 22:00:00+05:30,10.9,126.5,56.2
2021-11-25 23:00:00+05:30,10.5,115.7,52.6
2021-11-26 00:00:00+05:30,10.425,114.80000000000001,52.5
2021-11-26 01:00:00+05:30,10.81,74.5,31.8
2021-11-26 02:00:00+05:30,10.455,78.85,35.05
2021-11-26 03:00:00+05:30,10.93,82.4,37.3
2021-11-26 04:00:00+05:30,10.73,67.35,28.950000000000003
2021-11-26 05:00:00+05:30,10.65,64.4,27.7
2021-11-26 06:00:00+05:30,10.84,79.80000000000001,40.75
2021-11-26 07:00:00+05:30,10.85,68.3,30.5
2021-11-26 08:00:00+05:30,10.8,96.6,52.9
2021-11-26 09:00:00+05:30,10.84,108.1,58.4
2021-11-26 10:00:00+05:30,10.645,88.95,45.8
2021-11-26 12:00:00+05:30,10.015,80.85,39.55
2021-11-26 14:00:00+05:30,10.69,62.5,30.0
2021-11-26 16:00:00+05:30,10.28,54.1,23.7
2021-11-26 17:00:00+05:30,10.48,75.8,43.6
2021-11-26 18:00:00+05:30,10.565000000000001,93.55000000000001,53.3
2021-11-26 19:00:00+05:30,10.75,97.7,57.1
2021-11-26 20:00:00+05:30,10.54,118.4,68.65
2021-11-26 21:00:00+05:30,10.54,113.3,62.6
2021-11-26 22:00:00+05:30,10.25,144.5,80.6
2021-11-26 23:00:00+05:30,10.52,131.7,69.9
2021-11-27 00:00:00+05:30,10.4,135.5,73.3
2021-11-27 01:00:00+05:30,10.515,131.25,71.35
2021-11-27 02:00:00+05:30,10.57,104.35,54.650000000000006
2021-11-27 03:00:00+05:30,10.72,96.8,47.9
2021-11-27 04:00:00+05:30,10.45,80.9,43.1
2021-11-27 05:00:00+05:30,10.31,70.2,39.6
2021-11-27 06:00:00+05:30,10.62,86.9,48.7
2021-11-27 07:00:00+05:30,10.21,76.0,40.8
2021-11-27 08:00:00+05:30,10.59,95.9,52.95
2021-11-27 09:00:00+05:30,10.56,101.6,57.1
2021-11-27 10:00:00+05:30,10.52,111.9,54.6
2021-11-27 11:00:00+05:30,10.46,96.15,51.05
2021-11-27 12:00:00+05:30,10.92,91.1,46.1
2021-11-27 13:00:00+05:30,10.559999999999999,85.6,41.9
2021-11-27 14:00:00+05:30,11.77,79.6,40.3
2021-11-27 15:00:00+05:30,11.79,75.6,37.8
2021-11-27 16:00:00+05:30,12.265,71.1,38.1
2021-11-27 17:00:00+05:30,12.14,116.6,58.8
2021-11-27 18:00:00+05:30,12.09,125.5,73.5
2021-11-27 19:00:00+05:30,11.61,151.1,89.65
2021-11-27 20:00:00+05:30,11.81,,
2021-11-27 21:00:00+05:30,11.43,202.85,120.15
2021-11-27 22:00:00+05:30,11.795,188.05,108.6
2021-11-27 23:00:00+05:30,11.47,207.9,115.5
2021-11-28 00:00:00+05:30,11.370000000000001,165.7,95.15
2021-11-28 01:00:00+05:30,11.21,159.25,89.80000000000001
2021-11-28 02:00:00+05:30,10.83,108.05,56.05
2021-11-28 03:00:00+05:30,11.129999999999999,93.30000000000001,49.6
2021-11-28 04:00:00+05:30,11.53,77.0,41.9
2021-11-28 05:00:00+05:30,10.98,70.3,39.099999999999994
2021-11-28 06:00:00+05:30,10.82,68.2,37.0
2021-11-28 07:00:00+05:30,10.94,62.1,35.8
2021-11-28 08:00:00+05:30,10.850000000000001,76.55,42.25
2021-11-28 09:00:00+05:30,10.53,94.0,50.7
2021-11-28 10:00:00+05:30,10.67,88.7,45.5
2021-11-28 11:00:00+05:30,10.99,89.4,44.7
2021-11-28 12:00:00+05:30,10.37,97.0,46.1
2021-11-28 13:00:00+05:30,10.64,100.4,41.8
2021-11-28 15:00:00+05:30,10.385,75.85,36.349999999999994
2021-11-28 16:00:00+05:30,10.71,68.6,34.8
2021-11-28 17:00:00+05:30,10.61,88.0,43.650000000000006
2021-11-28 19:00:00+05:30,10.535,139.25,82.35
2021-11-28 20:00:00+05:30,10.33,141.1,83.0
2021-11-28 21:00:00+05:30,10.565000000000001,135.2,78.05
2021-11-28 22:00:00+05:30,10.2,103.7,60.8
2021-11-28 23:00:00+05:30,10.5,104.2,59.8
2021-11-29 00:00:00+05:30,10.33,80.5,43.8
2021-11-29 01:00:00+05:30,10.49,74.1,39.35
2021-11-29 02:00:00+05:30,10.65,80.35,40.9
2021-11-29 03:00:00+05:30,10.645,61.849999999999994,34.5
2021-11-29 04:00:00+05:30,10.435,63.2,31.75
2021-11-29 05:00:00+05:30,10.45,52.45,24.200000000000003
2021-11-29 06:00:00+05:30,10.425,59.0,31.9
2021-11-29 07:00:00+05:30,10.405000000000001,65.3,36.05
2021-11-29 08:00:00+05:30,10.4,72.4,37.9
2021-11-29 09:00:00+05:30,10.2,90.5,49.45
2021-11-29 11:00:00+05:30,10.44,85.9,45.4
2021-11-29 14:00:00+05:30,10.54,87.1,41.7
2021-11-29 15:00:00+05:30,10.59,79.1,39.3
2021-11-29 16:00:00+05:30,10.68,79.3,41.5
2021-11-29 17:00:00+05:30,10.285,74.85,40.650000000000006
2021-11-29 18:00:00+05:30,10.32,89.1,49.2
2021-11-29 19:00:00+05:30,10.33,99.69999999999999,55.9
2021-11-29 20:00:00+05:30,10.46,106.0,58.4
2021-11-29 21:00:00+05:30,10.48,109.80000000000001,59.45
2021-11-29 22:00:00+05:30,10.335,104.30000000000001,57.7
2021-11-29 23:00:00+05:30,10.6,82.4,43.6
2021-11-30 00:00:00+05:30,10.145,75.4,39.900000000000006
2021-11-30 01:00:00+05:30,10.155000000000001,62.699999999999996,32.95
2021-11-30 02:00:00+05:30,10.25,54.75,27.5
2021-11-30 03:00:00+05:30,10.495000000000001,48.400000000000006,25.1
2021-11-30 04:00:00+05:30,10.2,51.25,28.5
2021-11-30 05:00:00+05:30,10.225000000000001,48.849999999999994,27.6
2021-11-30 06:00:00+05:30,10.14,48.55,26.0
2021-11-30 07:00:00+05:30,10.34,66.5,35.9
2021-11-30 08:00:00+05:30,10.19,83.4,44.7
2021-11-30 09:00:00+05:30,10.0,82.9,42.1
2021-11-30 10:00:00+05:30,11.46,82.7,44.6
2021-11-30 11:00:00+05:30,11.77,84.44999999999999,44.7
2021-11-30 12:00:00+05:30,11.2,80.3,39.2
2021-11-30 13:00:00+05:30,10.82,86.5,43.9
2021-11-30 14:00:00+05:30,11.675,113.35,56.8
2021-11-30 15:00:00+05:30,11.585,89.2,44.349999999999994
2021-11-30 16:00:00+05:30,11.485,91.9,49.0
2021-11-30 17:00:00+05:30,11.265,97.5,51.3
2021-11-30 18:00:00+05:30,11.280000000000001,90.19999999999999,48.7
2021-11-30 19:00:00+05:30,10.47,97.5,52.4
2021-11-30 20:00:00+05:30,10.92,103.4,54.95
2021-11-30 21:00:00+05:30,11.06,98.05000000000001,52.9
2021-11-30 22:00:00+05:30,11.045,83.6,44.150000000000006
2021-11-30 23:00:00+05:30,10.96,77.6,40.8
2021-12-01 00:00:00+05:30,11.175,78.75,42.45
2021-12-01 01:00:00+05:30,10.84,73.6,38.3
2021-12-01 02:00:00+05:30,10.83,66.2,32.6
2021-12-01 03:00:00+05:30,10.8,63.75,32.85
2021-12-01 04:00:00+05:30,10.825,60.75,32.0
2021-12-01 05:00:00+05:30,10.54,57.8,28.8
2021-12-01 06:00:00+05:30,10.07,62.7,31.0
2021-12-01 07:00:00+05:30,10.42,48.2,25.95
2021-12-01 08:00:00+05:30,10.46,47.3,24.9
2021-12-01 10:00:00+05:30,10.65,66.0,35.6
2021-12-01 13:00:00+05:30,10.19,64.7,35.0
2021-12-01 15:00:00+05:30,10.58,74.6,39.7
2021-12-01 17:00:00+05:30,10.455,66.80000000000001,38.150000000000006
2021-12-01 19:00:00+05:30,10.17,60.5,32.3
2021-12-01 20:00:00+05:30,10.105,53.599999999999994,29.700000000000003
2021-12-01 22:00:00+05:30,10.19,64.1,36.1
2021-12-01 23:00:00+05:30,10.44,60.3,33.8
2021-12-02 01:00:00+05:30,10.120000000000001,47.3,29.4
2021-12-02 02:00:00+05:30,10.2,72.0,32.6
2021-12-02 03:00:00+05:30,10.379999999999999,59.349999999999994,26.85
2021-12-02 04:00:00+05:30,9.98,26.6,12.6
2021-12-02 06:00:00+05:30,10.4,21.3,11.8
2021-12-02 07:00:00+05:30,10.440000000000001,23.65,13.75
2021-12-02 08:00:00+05:30,9.805,26.65,14.8
2021-12-02 09:00:00+05:30,10.57,33.9,17.8
2021-12-02 11:00:00+05:30,9.92,32.4,15.9
2021-12-02 13:00:00+05:30,10.54,31.7,17.0
2021-12-02 15:00:00+05:30,13.22,26.7,13.5
2021-12-02 16:00:00+05:30,12.34,31.2,15.3
2021-12-02 19:00:00+05:30,11.52,34.0,17.5
2021-12-02 20:00:00+05:30,11.27,46.650000000000006,24.25
2021-12-02 21:00:00+05:30,11.04,43.1,24.5
2021-12-02 22:00:00+05:30,10.85,32.4,18.1
2021-12-02 23:00:00+05:30,10.89,33.5,18.9
2021-12-03 00:00:00+05:30,10.79,33.7,18.1
2021-12-03 01:00:00+05:30,10.645,29.3,16.45
2021-12-03 02:00:00+05:30,10.58,25.25,13.399999999999999
2021-12-03 03:00:00+05:30,10.530000000000001,21.5,12.05
2021-12-03 04:00:00+05:30,10.47,21.2,12.0
2021-12-03 05:00:00+05:30,10.34,25.1,13.2
2021-12-03 06:00:00+05:30,10.38,27.1,16.4
2021-12-03 07:00:00+05:30,10.06,42.6,24.7
2021-12-03 10:00:00+05:30,10.465,55.55,24.2
2021-12-03 12:00:00+05:30,10.7,73.75,23.299999999999997
2021-12-03 13:00:00+05:30,10.48,57.2,20.6
2021-12-03 14:00:00+05:30,10.65,56.0,23.4
2021-12-03 15:00:00+05:30,10.845,74.05000000000001,30.75
2021-12-03 16:00:00+05:30,10.59,74.2,27.2
2021-12-03 17:00:00+05:30,10.63,79.1,37.4
2021-12-03 18:00:00+05:30,10.675,84.80000000000001,41.55
2021-12-03 19:00:00+05:30,11.025,85.80000000000001,42.05
2021-12-03 20:00:00+05:30,10.940000000000001,78.9,41.65
2021-12-03 21:00:00+05:30,10.56,84.85,39.099999999999994
2021-12-03 22:00:00+05:30,10.68,69.25,32.9
2021-12-03 23:00:00+05:30,10.72,68.2,33.6
2021-12-04 00:00:00+05:30,10.405,53.65,27.35
2021-12-04 01:00:00+05:30,10.65,56.2,28.8
2021-12-04 02:00:00+05:30,10.52,53.95,30.0
2021-12-04 03:00:00+05:30,10.42,52.55,27.5
2021-12-04 04:00:00+05:30,10.105,41.7,21.15
2021-12-04 05:00:00+05:30,10.41,40.7,21.1
2021-12-04 06:00:00+05:30,10.469999999999999,48.05,23.200000000000003
2021-12-04 07:00:00+05:30,10.73,43.6,22.6
2021-12-04 08:00:00+05:30,10.445,48.05,26.5
2021-12-04 09:00:00+05:30,10.225,65.45,35.55
2021-12-04 10:00:00+05:30,10.28,70.5,37.6
2021-12-04 14:00:00+05:30,10.72,101.2,49.0
2021-12-04 16:00:00+05:30,10.79,106.0,57.0
2021-12-04 17:00:00+05:30,10.89,104.2,55.9
2021-12-04 18:00:00+05:30,10.41,132.45,70.3
2021-12-04 19:00:00+05:30,10.48,127.75,72.3
2021-12-04 20:00:00+05:30,10.67,218.3,128.5
2021-12-04 21:00:00+05:30,10.31,237.0,137.1
2021-12-04 22:00:00+05:30,10.025,207.75,119.44999999999999
2021-12-04 23:00:00+05:30,10.09,260.2,149.8
2021-12-05 00:00:00+05:30,10.25,200.8,116.0
2021-12-06 08:00:00+05:30,10.365,130.89999999999998,77.1
2021-12-06 09:00:00+05:30,10.29,117.2,67.05
2021-12-06 10:00:00+05:30,10.350000000000001,126.95,68.94999999999999
2021-12-06 11:00:00+05:30,10.36,109.0,54.1
2021-12-06 12:00:00+05:30,10.03,87.4,43.1
2021-12-06 13:00:00+05:30,10.125,80.25,41.05
2021-12-06 14:00:00+05:30,10.175,79.0,38.15
2021-12-06 15:00:00+05:30,10.27,63.9,30.2
2021-12-06 16:00:00+05:30,10.065000000000001,58.349999999999994,32.400000000000006
2021-12-06 17:00:00+05:30,10.125,108.19999999999999,63.95
2021-12-06 18:00:00+05:30,10.065000000000001,124.8,71.5
2021-12-06 19:00:00+05:30,10.13,118.1,60.2
2021-12-06 20:00:00+05:30,10.1,132.9,67.1
2021-12-06 23:00:00+05:30,10.3,112.2,59.5
2021-12-07 00:00:00+05:30,10.129999999999999,102.44999999999999,57.75
2021-12-07 01:00:00+05:30,10.54,86.2,44.9
2021-12-07 02:00:00+05:30,10.655000000000001,80.3,39.85
2021-12-07 03:00:00+05:30,10.32,69.95,38.8
2021-12-07 04:00:00+05:30,9.985,71.7,39.849999999999994
2021-12-07 05:00:00+05:30,12.524999999999999,81.25,43.150000000000006
2021-12-07 06:00:00+05:30,10.85,70.6,38.0
2021-12-07 07:00:00+05:30,8.71,77.35,42.35
2021-12-07 08:00:00+05:30,9.43,106.05,60.550000000000004
2021-12-07 09:00:00+05:30,9.925,107.5,60.3
2021-12-07 10:00:00+05:30,10.42,110.35,56.900000000000006
2021-12-07 11:00:00+05:30,11.94,103.7,49.1
2021-12-07 12:00:00+05:30,8.785,85.65,43.3
2021-12-07 13:00:00+05:30,10.36,95.0,42.8
2021-12-07 14:00:00+05:30,9.870000000000001,84.1,34.65
2021-12-07 17:00:00+05:30,10.08,96.4,51.9
2021-12-07 18:00:00+05:30,10.24,126.25,71.85
2021-12-07 19:00:00+05:30,10.695,115.0,66.55
2021-12-07 20:00:00+05:30,10.66,146.4,82.3
2021-12-08 07:00:00+05:30,10.77,72.1,40.7
2021-12-08 08:00:00+05:30,11.23,79.0,44.1
2021-12-08 09:00:00+05:30,14.85,110.7,59.8
2021-12-08 10:00:00+05:30,12.625,96.9,52.0
2021-12-08 12:00:00+05:30,11.195,80.8,39.4
2021-12-08 13:00:00+05:30,9.71,88.65,42.7
2021-12-08 14:00:00+05:30,11.33,76.8,36.2
2021-12-08 15:00:00+05:30,9.18,74.6,37.6
2021-12-08 16:00:00+05:30,12.01,86.6,40.4
2021-12-08 17:00:00+05:30,9.57,79.9,42.5
2021-12-08 18:00:00+05:30,11.22,106.1,60.3
2021-12-08 19:00:00+05:30,9.355,103.9,59.900000000000006
2021-12-08 20:00:00+05:30,10.09,116.5,66.4
2021-12-08 21:00:00+05:30,10.1,134.64999999999998,77.80000000000001
2021-12-08 22:00:00+05:30,10.06,120.5,69.3
2021-12-09 00:00:00+05:30,10.03,74.8,43.4
2021-12-09 01:00:00+05:30,10.135000000000002,87.65,46.05
2021-12-09 02:00:00+05:30,10.525,79.8,40.849999999999994
2021-12-09 03:00:00+05:30,10.379999999999999,65.69999999999999,35.25
2021-12-09 04:00:00+05:30,10.27,55.0,29.799999999999997
2021-12-09 05:00:00+05:30,10.149999999999999,56.4,28.35
2021-12-09 07:00:00+05:30,10.025,61.65,34.150000000000006
2021-12-09 08:00:00+05:30,9.43,74.55,40.8
2021-12-09 09:00:00+05:30,9.995000000000001,88.25,47.05
2021-12-09 10:00:00+05:30,10.27,87.5,46.7
2021-12-09 12:00:00+05:30,10.12,107.1,58.1
2021-12-09 13:00:00+05:30,10.275,92.3,48.25
2021-12-09 15:00:00+05:30,9.95,94.7,50.3
2021-12-09 16:00:00+05:30,9.955,91.05000000000001,48.15
2021-12-09 17:00:00+05:30,9.99,96.80000000000001,50.0
2021-12-09 18:00:00+05:30,10.170000000000002,118.35,66.55000000000001
2021-12-09 19:00:00+05:30,9.94,115.1,65.30000000000001
2021-12-09 20:00:00+05:30,10.105,116.65,66.69999999999999
2021-12-09 21:00:00+05:30,10.025,122.95,72.1
2021-12-09 22:00:00+05:30,10.415,112.30000000000001,63.25
2021-12-09 23:00:00+05:30,10.15,107.3,57.8
2021-12-10 00:00:00+05:30,10.120000000000001,71.80000000000001,39.45
2021-12-10 01:00:00+05:30,10.18,80.15,42.35
2021-12-10 02:00:00+05:30,10.09,76.0,40.75
2021-12-10 03:00:00+05:30,10.08,70.69999999999999,36.05
2021-12-10 04:00:00+05:30,9.9,59.3,31.950000000000003
2021-12-10 05:00:00+05:30,10.405,63.949999999999996,32.0
2021-12-10 06:00:00+05:30,9.85,60.400000000000006,32.3
2021-12-10 07:00:00+05:30,10.14,69.5,38.2
2021-12-10 08:00:00+05:30,10.23,98.6,54.6
2021-12-10 09:00:00+05:30,9.91,100.9,54.35
2021-12-10 10:00:00+05:30,10.135,111.44999999999999,56.95
2021-12-10 11:00:00+05:30,10.309999999999999,99.25,50.35
2021-12-10 12:00:00+05:30,10.055,86.75,45.8
2021-12-10 13:00:00+05:30,9.934999999999999,79.65,40.85
2021-12-10 14:00:00+05:30,10.344999999999999,82.55,41.15
2021-12-10 15:00:00+05:30,9.93,74.4,40.65
2021-12-10 16:00:00+05:30,10.37,90.9,48.5
2021-12-10 17:00:00+05:30,10.395,91.45,49.8
2021-12-10 18:00:00+05:30,10.25,116.3,66.15
2021-12-10 19:00:00+05:30,9.850000000000001,120.6,68.05
2021-12-10 20:00:00+05:30,9.85,134.8,77.35
2021-12-10 21:00:00+05:30,10.16,126.1,71.0
2021-12-10 22:00:00+05:30,9.96,137.64999999999998,78.1
2021-12-10 23:00:00+05:30,10.26,139.4,78.9
2021-12-11 00:00:00+05:30,9.620000000000001,102.6,57.35
2021-12-11 01:00:00+05:30,10.085,76.9,38.599999999999994
2021-12-11 02:00:00+05:30,10.285,73.75,41.55
2021-12-11 03:00:00+05:30,9.745000000000001,69.65,38.75
2021-12-11 04:00:00+05:30,10.02,62.5,37.65
2021-12-11 05:00:00+05:30,10.309999999999999,50.75,28.8
2021-12-11 06:00:00+05:30,10.36,57.8,33.0
2021-12-11 07:00:00+05:30,10.05,70.85,39.9
2021-12-11 08:00:00+05:30,9.969999999999999,76.9,43.4
2021-12-11 09:00:00+05:30,10.04,89.5,49.95
2021-12-11 10:00:00+05:30,10.21,99.3,54.7
2021-12-11 11:00:00+05:30,9.96,129.05,63.8
2021-12-11 12:00:00+05:30,10.004999999999999,120.5,54.55
2021-12-11 13:00:00+05:30,10.33,93.8,49.3
2021-12-11 14:00:00+05:30,9.95,96.5,49.15
2021-12-11 15:00:00+05:30,10.205,88.69999999999999,46.95
2021-12-11 16:00:00+05:30,9.989999999999998,81.75,45.1
2021-12-11 17:00:00+05:30,10.27,86.1,47.6
2021-12-11 18:00:00+05:30,10.260000000000002,130.5,76.6
2021-12-11 19:00:00+05:30,11.004999999999999,142.1,83.5
2021-12-11 20:00:00+05:30,10.105,163.3,96.9
2021-12-11 21:00:00+05:30,10.195,183.25,107.35
2021-12-11 22:00:00+05:30,10.1,147.7,84.65
2021-12-11 23:00:00+05:30,10.03,144.8,81.6
2021-12-12 00:00:00+05:30,10.02,118.5,66.95
2021-12-12 01:00:00+05:30,10.44,113.19999999999999,61.3
2021-12-12 02:00:00+05:30,11.754999999999999,91.6,51.4
2021-12-12 03:00:00+05:30,12.38,82.7,44.9
2021-12-12 04:00:00+05:30,10.655000000000001,67.2,34.95
2021-12-12 05:00:00+05:30,10.23,54.4,29.25
2021-12-12 06:00:00+05:30,11.32,63.9,37.5
2021-12-12 07:00:00+05:30,11.120000000000001,65.80000000000001,38.5
2021-12-12 08:00:00+05:30,10.5,72.9,40.65
2021-12-12 09:00:00+05:30,9.16,89.1,49.5
2021-12-12 10:00:00+05:30,9.934999999999999,87.19999999999999,48.0
2021-12-12 11:00:00+05:30,10.190000000000001,96.55,51.95
2021-12-12 12:00:00+05:30,9.445,80.3,42.2
2021-12-12 13:00:00+05:30,9.855,87.15,44.099999999999994
2021-12-12 14:00:00+05:30,10.69,95.75,45.4
2021-12-12 15:00:00+05:30,10.43,92.80000000000001,50.45
2021-12-12 16:00:00+05:30,9.585,95.55000000000001,55.6
2021-12-12 17:00:00+05:30,10.094999999999999,107.95,61.65
2021-12-12 18:00:00+05:30,11.34,146.5,86.1
2021-12-12 19:00:00+05:30,11.555,136.5,81.55
2021-12-12 20:00:00+05:30,10.68,153.75,89.4
2021-12-12 21:00:00+05:30,11.425,160.15,90.1
2021-12-12 22:00:00+05:30,9.49,153.7,89.9
2021-12-12 23:00:00+05:30,9.46,143.6,84.7
2021-12-13 00:00:00+05:30,10.34,111.35,63.5
2021-12-13 01:00:00+05:30,9.49,121.2,74.1
2021-12-13 02:00:00+05:30,8.62,85.5,50.8
2021-12-13 03:00:00+05:30,11.49,93.4,55.3
2021-12-13 04:00:00+05:30,8.585,87.3,52.5
2021-12-13 05:00:00+05:30,8.54,81.1,48.5
2021-12-13 06:00:00+05:30,10.84,101.6,61.85
2021-12-13 07:00:00+05:30,9.754999999999999,109.75,66.3
2021-12-13 08:00:00+05:30,11.6,98.85,57.4
2021-12-13 09:00:00+05:30,9.425,114.05,66.05
2021-12-13 10:00:00+05:30,10.735,102.75,59.05
2021-12-13 11:00:00+05:30,12.69,101.8,55.7
2021-12-13 12:00:00+05:30,10.295,103.6,56.65
2021-12-13 13:00:00+05:30,9.58,109.1,52.400000000000006
2021-12-13 14:00:00+05:30,10.17,105.7,50.2
2021-12-13 15:00:00+05:30,10.725,90.0,49.349999999999994
2021-12-13 16:00:00+05:30,10.1,95.05,52.1
2021-12-13 17:00:00+05:30,10.309999999999999,97.69999999999999,54.3
2021-12-13 18:00:00+05:30,10.225,98.5,56.3
2021-12-13 19:00:00+05:30,10.085,118.1,67.0
2021-12-13 20:00:00+05:30,9.715,125.0,69.45
2021-12-13 21:00:00+05:30,9.85,114.4,66.0
2021-12-13 22:00:00+05:30,9.96,114.35,66.15
2021-12-13 23:00:00+05:30,8.97,116.5,67.6
2021-12-14 00:00:00+05:30,11.0,150.4,80.9
2021-12-14 01:00:00+05:30,10.375,111.15,62.6
2021-12-14 02:00:00+05:30,9.13,100.85,57.599999999999994
2021-12-14 03:00:00+05:30,10.365,78.2,44.0
2021-12-14 04:00:00+05:30,9.76,65.15,36.55
2021-12-14 05:00:00+05:30,10.045,63.900000000000006,36.3
2021-12-14 06:00:00+05:30,10.024999999999999,70.0,40.55
2021-12-14 07:00:00+05:30,10.219999999999999,86.4,50.6
2021-12-14 08:00:00+05:30,10.274999999999999,113.1,63.95
2021-12-14 09:00:00+05:30,10.1,101.94999999999999,58.0
2021-12-14 10:00:00+05:30,11.57,94.3,53.4
2021-12-14 11:00:00+05:30,11.33,89.3,49.7
2021-12-14 12:00:00+05:30,9.79,75.3,40.5
2021-12-14 13:00:00+05:30,9.64,63.2,33.7
2021-12-14 14:00:00+05:30,8.504999999999999,63.5,34.85
2021-12-14 15:00:00+05:30,8.905000000000001,59.8,33.35
2021-12-14 16:00:00+05:30,10.42,51.9,27.8
2021-12-14 17:00:00+05:30,11.02,59.6,32.6
2021-12-14 18:00:00+05:30,10.79,82.5,47.4
2021-12-14 19:00:00+05:30,10.125,109.30000000000001,65.75
2021-12-14 20:00:00+05:30,10.05,148.2,80.3
2021-12-14 21:00:00+05:30,10.53,129.3,68.5
2021-12-14 22:00:00+05:30,10.05,116.15,63.8
2021-12-15 02:00:00+05:30,9.95,84.5,46.6
2021-12-15 03:00:00+05:30,8.865,84.80000000000001,48.400000000000006
2021-12-15 04:00:00+05:30,10.17,78.3,46.2
2021-12-15 05:00:00+05:30,10.04,92.5,48.4
2021-12-15 06:00:00+05:30,10.37,110.7,64.2
2021-12-15 08:00:00+05:30,10.03,111.3,66.6
2021-12-15 09:00:00+05:30,9.985,157.35,90.25
2021-12-15 10:00:00+05:30,10.05,129.3,69.6
2021-12-15 12:00:00+05:30,9.94,100.8,55.3
2021-12-15 13:00:00+05:30,10.28,96.0,51.7
2021-12-15 14:00:00+05:30,9.9,88.2,47.0
2021-12-15 17:00:00+05:30,9.72,99.8,54.6
2021-12-15 18:00:00+05:30,9.82,112.0,63.0
2021-12-15 19:00:00+05:30,10.11,111.3,64.7
2021-12-15 20:00:00+05:30,10.14,134.7,76.8
2021-12-15 21:00:00+05:30,10.26,127.6,69.9
2021-12-15 22:00:00+05:30,10.27,96.1,54.7
2021-12-15 23:00:00+05:30,10.47,86.3,51.1
2021-12-16 00:00:00+05:30,10.015,69.4,40.599999999999994
2021-12-16 01:00:00+05:30,10.05,64.5,37.6
2021-12-16 02:00:00+05:30,10.17,67.4,37.8
2021-12-16 03:00:00+05:30,9.995000000000001,59.7,32.25
2021-12-16 05:00:00+05:30,10.2,59.2,33.7
2021-12-16 11:00:00+05:30,9.39,122.2,72.2
2021-12-16 12:00:00+05:30,9.865,106.2,58.3
2021-12-16 13:00:00+05:30,10.27,97.0,54.1
2021-12-16 14:00:00+05:30,10.07,84.5,42.7
2021-12-16 15:00:00+05:30,10.3,63.9,34.6
2021-12-16 18:00:00+05:30,9.49,79.9,44.1
2021-12-16 19:00:00+05:30,9.89,85.7,48.7
2021-12-16 21:00:00+05:30,10.54,86.8,45.2
2021-12-16 22:00:00+05:30,10.12,84.7,47.1
2021-12-16 23:00:00+05:30,10.04,85.2,47.9
2021-12-17 00:00:00+05:30,9.15,73.6,42.9
2021-12-17 01:00:00+05:30,10.09,68.9,39.6
2021-12-17 02:00:00+05:30,9.87,71.0,40.6
2021-12-17 03:00:00+05:30,10.91,68.5,39.400000000000006
2021-12-17 04:00:00+05:30,10.235,65.75,39.099999999999994
2021-12-17 05:00:00+05:30,10.4,66.7,37.6
2021-12-17 07:00:00+05:30,10.35,88.1,51.75
2021-12-17 09:00:00+05:30,9.925,131.0,76.05000000000001
2021-12-17 12:00:00+05:30,9.865,158.05,83.80000000000001
2021-12-17 13:00:00+05:30,9.78,137.0,74.3
2021-12-17 14:00:00+05:30,9.71,133.0,71.0
2021-12-17 15:00:00+05:30,10.12,137.6,74.9
2021-12-17 17:00:00+05:30,10.14,139.6,78.7
2021-12-17 20:00:00+05:30,10.18,159.2,94.8
2021-12-17 21:00:00+05:30,9.83,132.3,75.8
2021-12-18 01:00:00+05:30,9.32,88.3,45.7
2021-12-18 02:00:00+05:30,9.87,77.4,40.3
2021-12-18 03:00:00+05:30,9.94,68.8,37.4
2021-12-18 08:00:00+05:30,10.26,93.2,51.8
2021-12-18 12:00:00+05:30,10.06,135.2,67.6
2021-12-18 13:00:00+05:30,10.100000000000001,117.4,61.349999999999994
2021-12-18 14:00:00+05:30,10.08,108.8,56.8
2021-12-18 16:00:00+05:30,9.9,101.9,51.1
2021-12-18 17:00:00+05:30,9.94,102.0,56.8
2021-12-18 18:00:00+05:30,9.655000000000001,107.4,59.9
2021-12-18 19:00:00+05:30,9.96,97.65,54.05
2021-12-18 20:00:00+05:30,9.97,113.2,65.7
2021-12-18 21:00:00+05:30,10.32,119.8,69.0
2021-12-18 23:00:00+05:30,10.05,97.7,53.1
2021-12-19 00:00:00+05:30,10.094999999999999,67.4,35.599999999999994
2021-12-19 01:00:00+05:30,10.16,57.4,30.2
2021-12-19 02:00:00+05:30,10.355,44.95,24.35
2021-12-19 04:00:00+05:30,9.93,48.3,27.1
2021-12-19 06:00:00+05:30,9.76,44.1,25.7
2021-12-19 07:00:00+05:30,9.69,49.2,25.9
2021-12-19 08:00:00+05:30,10.28,56.3,29.5
2021-12-19 09:00:00+05:30,9.45,86.6,42.4
2021-12-19 10:00:00+05:30,10.16,66.0,34.2
2021-12-19 11:00:00+05:30,10.63,62.5,32.6
2021-12-19 12:00:00+05:30,10.5,77.3,39.2
2021-12-19 13:00:00+05:30,10.14,68.8,36.5
2021-12-19 15:00:00+05:30,10.12,67.1,34.1
2021-12-19 16:00:00+05:30,9.89,62.4,32.3
2021-12-19 17:00:00+05:30,10.375,70.8,38.95
2021-12-19 22:00:00+05:30,9.69,108.75,63.449999999999996
2021-12-19 23:00:00+05:30,9.77,93.5,52.8
2021-12-20 00:00:00+05:30,9.844999999999999,69.75,37.849999999999994
2021-12-20 01:00:00+05:30,10.335,49.45,26.25
2021-12-20 02:00:00+05:30,10.47,51.5,28.1
2021-12-20 03:00:00+05:30,10.49,34.0,17.1
2021-12-20 04:00:00+05:30,9.85,29.4,15.5
2021-12-20 05:00:00+05:30,10.59,30.7,18.1
2021-12-20 06:00:00+05:30,9.96,37.7,21.0
2021-12-20 07:00:00+05:30,9.77,46.35,25.6
2021-12-20 09:00:00+05:30,10.77,81.2,43.5
2021-12-20 10:00:00+05:30,9.01,81.9,44.4
2021-12-20 12:00:00+05:30,8.91,78.0,40.9
2021-12-23 05:00:00+05:30,13.31,87.7,50.5
2021-12-23 08:00:00+05:30,9.78,161.7,95.7
2021-12-23 10:00:00+05:30,9.7,212.7,122.2
2021-12-23 13:00:00+05:30,0.0,0.0,0.0
2021-12-23 14:00:00+05:30,0.0,0.0,0.0
2021-12-23 20:00:00+05:30,0.0,0.0,0.0
2021-12-24 02:00:00+05:30,10.27,125.0,76.4
2021-12-24 03:00:00+05:30,8.13,133.7,80.8
2021-12-24 06:00:00+05:30,13.69,139.7,82.8
2021-12-24 12:00:00+05:30,12.92,112.9,67.6
2021-12-24 14:00:00+05:30,10.59,71.0,40.1
2021-12-24 15:00:00+05:30,8.42,68.1,38.6
2021-12-24 21:00:00+05:30,10.96,145.1,82.3
2021-12-25 00:00:00+05:30,11.27,124.3,75.4
2021-12-25 03:00:00+05:30,10.1,110.0,64.2
2021-12-25 04:00:00+05:30,14.79,105.5,61.0
2021-12-25 08:00:00+05:30,9.9,116.2,70.9
2021-12-25 13:00:00+05:30,15.33,82.6,49.2
2021-12-25 18:00:00+05:30,10.78,118.7,71.6
2021-12-25 19:00:00+05:30,9.67,147.6,87.2
2021-12-26 00:00:00+05:30,10.17,150.0,89.7
2021-12-26 01:00:00+05:30,10.63,134.7,78.1
2021-12-26 02:00:00+05:30,10.32,100.4,56.0
2021-12-26 04:00:00+05:30,9.78,109.5,66.0
2021-12-26 05:00:00+05:30,10.3,102.1,60.2
2021-12-26 06:00:00+05:30,9.48,89.5,51.5
2021-12-26 08:00:00+05:30,10.24,154.0,92.2
2021-12-26 15:00:00+05:30,10.47,87.2,49.1
2021-12-27 00:00:00+05:30,10.0,203.2,123.1
2021-12-27 02:00:00+05:30,9.91,140.5,82.2
2021-12-27 03:00:00+05:30,9.97,150.8,84.8
2021-12-27 09:00:00+05:30,10.1,269.3,154.5
2021-12-27 10:00:00+05:30,9.59,209.0,119.9
2021-12-28 01:00:00+05:30,9.66,58.6,34.8
2021-12-28 03:00:00+05:30,10.18,47.9,28.1
2021-12-28 04:00:00+05:30,9.7,45.7,28.3
2021-12-28 10:00:00+05:30,9.88,63.6,36.7
2021-12-29 02:00:00+05:30,10.25,43.6,24.9
2021-12-29 03:00:00+05:30,9.49,37.2,22.2
2021-12-29 07:00:00+05:30,11.53,44.1,25.6
2021-12-30 00:00:00+05:30,9.79,57.3,33.0
2021-12-30 01:00:00+05:30,9.81,44.9,26.1
2021-12-30 02:00:00+05:30,9.86,47.6,25.7
2021-12-30 03:00:00+05:30,10.77,54.3,29.0
2021-12-30 04:00:00+05:30,10.25,38.7,22.8
2021-12-30 13:00:00+05:30,9.64,86.1,45.5
2021-12-30 15:00:00+05:30,10.12,80.8,41.3
2021-12-30 18:00:00+05:30,9.87,77.3,41.0
2021-12-30 20:00:00+05:30,9.86,81.1,45.1
2021-12-31 02:00:00+05:30,9.73,50.4,29.4
2021-12-31 03:00:00+05:30,9.59,52.5,25.2
2021-12-31 04:00:00+05:30,10.14,49.4,27.5
2022-01-01 00:00:00+05:30,10.49,51.6,26.5
2022-01-01 04:00:00+05:30,10.07,25.2,13.1
2022-01-01 06:00:00+05:30,10.49,34.1,18.2
2022-01-01 13:00:00+05:30,10.14,79.9,42.7
2022-01-01 14:00:00+05:30,9.85,77.3,39.2
2022-01-01 15:00:00+05:30,10.43,82.6,44.8
2022-01-01 17:00:00+05:30,10.21,83.2,42.7
2022-01-01 18:00:00+05:30,10.06,118.8,64.1
2022-01-01 21:00:00+05:30,10.15,183.7,112.0
2022-01-01 22:00:00+05:30,10.04,174.5,104.3
2022-01-01 23:00:00+05:30,10.17,151.5,89.7
2022-01-02 05:00:00+05:30,9.72,60.0,29.0
2022-01-02 06:00:00+05:30,10.11,55.1,29.4
2022-01-02 07:00:00+05:30,10.38,51.3,29.6
2022-01-02 08:00:00+05:30,10.51,59.1,32.8
2022-01-02 13:00:00+05:30,9.67,70.6,35.5
2022-01-02 15:00:00+05:30,10.09,68.0,34.9
2022-01-02 18:00:00+05:30,9.95,100.9,56.0
2022-01-02 19:00:00+05:30,10.34,139.4,80.8
2022-01-02 20:00:00+05:30,10.03,134.4,79.0
2022-01-02 22:00:00+05:30,9.98,138.9,79.2
2022-01-05 16:00:00+05:30,9.95,167.1,88.5
2022-01-20 23:00:00+05:30,9.99,113.2,64.2
2022-01-22 02:00:00+05:30,10.11,68.5,40.7
2022-01-22 08:00:00+05:30,10.29,70.8,43.2
2022-01-24 01:00:00+05:30,9.81,176.6,112.3
2022-01-24 14:00:00+05:30,10.24,136.1,77.8
2022-01-26 07:00:00+05:30,9.23,122.6,69.2
2022-01-26 16:00:00+05:30,10.03,66.2,35.4
2022-01-27 10:00:00+05:30,10.79,72.1,38.4
2022-01-28 21:00:00+05:30,10.26,123.9,74.3
2022-01-30 01:00:00+05:30,10.25,232.3,131.0
2022-01-30 02:00:00+05:30,10.25,147.9,91.1
2022-01-30 03:00:00+05:30,10.18,137.7,83.6
2022-01-30 04:00:00+05:30,10.49,123.1,72.1
2022-01-30 05:00:00+05:30,10.22,97.8,58.3
2022-01-30 06:00:00+05:30,9.98,101.5,60.2
2022-01-30 07:00:00+05:30,9.46,102.1,59.9
2022-01-30 08:00:00+05:30,10.09,113.9,64.6
2022-01-30 09:00:00+05:30,10.1,143.5,84.8
2022-01-30 10:00:00+05:30,10.4,153.1,85.1
2022-01-30 11:00:00+05:30,9.92,152.2,86.4
2022-01-30 12:00:00+05:30,9.95,98.3,56.6
2022-01-30 14:00:00+05:30,9.44,85.0,49.4
2022-01-30 15:00:00+05:30,10.28,88.0,50.7
2022-01-30 16:00:00+05:30,10.32,74.0,40.6
2022-01-30 17:00:00+05:30,10.06,91.8,52.9
2022-01-30 18:00:00+05:30,10.02,162.2,96.5
2022-01-30 19:00:00+05:30,9.66,227.1,138.1
2022-01-30 20:00:00+05:30,10.02,213.4,133.6
2022-01-30 21:00:00+05:30,9.71,328.0,204.4
2022-01-30 22:00:00+05:30,10.69,342.4,216.8
2022-01-30 23:00:00+05:30,10.38,340.4,210.4
2022-01-31 00:00:00+05:30,10.05,312.1,190.6
2022-01-31 01:00:00+05:30,9.34,228.0,138.8
2022-01-31 04:00:00+05:30,10.83,133.3,79.7
2022-01-31 05:00:00+05:30,9.96,115.9,67.9
2022-01-31 07:00:00+05:30,9.43,120.9,74.1
2022-01-31 08:00:00+05:30,10.24,112.0,67.4
2022-01-31 10:00:00+05:30,9.75,129.2,77.4
2022-01-31 11:00:00+05:30,10.49,101.6,60.6
2022-01-31 12:00:00+05:30,10.27,96.6,57.0
2022-01-31 14:00:00+05:30,10.17,83.0,49.3
2022-02-01 14:00:00+05:30,10.26,112.4,66.6
2022-02-01 15:00:00+05:30,10.24,81.6,46.9
2022-02-01 17:00:00+05:30,9.79,65.9,38.0
2022-02-01 18:00:00+05:30,10.17,87.5,48.2
2022-02-01 19:00:00+05:30,10.57,103.2,62.7
2022-02-01 22:00:00+05:30,9.55,147.5,89.8
2022-02-02 00:00:00+05:30,9.76,125.4,74.2
2022-02-02 01:00:00+05:30,10.07,128.6,73.4
2022-02-02 02:00:00+05:30,9.75,119.1,73.3
2022-02-02 03:00:00+05:30,9.72,107.2,64.2
2022-02-02 04:00:00+05:30,10.11,99.4,60.0
2022-02-02 05:00:00+05:30,10.41,105.3,62.3
2022-02-02 06:00:00+05:30,9.96,98.2,59.5
2022-02-02 07:00:00+05:30,10.03,111.4,66.6
2022-02-02 08:00:00+05:30,9.83,133.1,82.2
2022-02-02 09:00:00+05:30,10.17,147.4,89.5
2022-02-02 10:00:00+05:30,10.15,171.2,101.3
2022-02-02 12:00:00+05:30,9.84,134.4,81.4
2022-02-02 15:00:00+05:30,9.91,81.1,47.9
2022-02-02 17:00:00+05:30,9.76,81.6,48.3
2022-02-02 20:00:00+05:30,10.37,147.6,89.4
2022-02-02 21:00:00+05:30,9.69,180.1,109.6
2022-02-02 23:00:00+05:30,9.94,120.5,72.8
2022-03-25 18:00:00+05:30,10.07,885.7,189.3
2022-03-25 19:00:00+05:30,9.88,202.5,49.0
2022-03-25 20:00:00+05:30,9.76,225.4,54.1
2022-03-25 21:00:00+05:30,10.04,205.3,55.0
2022-03-25 22:00:00+05:30,9.82,257.2,73.6
2022-03-25 23:00:00+05:30,9.79,246.1,59.8
2022-03-26 00:00:00+05:30,9.45,170.3,36.4
2022-03-26 01:00:00+05:30,10.11,159.4,31.1
2022-03-26 02:00:00+05:30,10.23,103.2,17.0
2022-03-26 03:00:00+05:30,10.15,62.9,10.7
2022-03-26 04:00:00+05:30,9.86,67.8,11.9
2022-03-26 05:00:00+05:30,10.07,82.6,14.6
2022-03-26 06:00:00+05:30,9.81,79.8,14.0
2022-03-26 07:00:00+05:30,9.63,88.2,15.9
2022-03-26 08:00:00+05:30,10.18,130.0,23.2
2022-03-26 09:00:00+05:30,9.9,136.0,30.0
2022-03-26 10:00:00+05:30,9.83,72.5,23.6
2022-03-26 11:00:00+05:30,10.09,153.3,93.9
2022-03-26 12:00:00+05:30,10.08,145.1,88.8
2022-03-26 13:00:00+05:30,10.37,128.3,78.6
2022-03-26 14:00:00+05:30,9.91,124.6,71.8
2022-03-26 15:00:00+05:30,10.05,107.7,62.5
2022-03-26 16:00:00+05:30,10.36,118.2,70.2
2022-03-26 17:00:00+05:30,9.72,159.8,63.0
2022-03-26 18:00:00+05:30,10.2,761.0,159.3
2022-03-26 19:00:00+05:30,10.02,109.1,24.5
2022-03-26 20:00:00+05:30,10.22,133.9,36.9
2022-03-26 21:00:00+05:30,9.67,178.9,55.1
2022-03-26 22:00:00+05:30,9.72,217.8,66.8
2022-03-26 23:00:00+05:30,9.85,244.5,61.3
2022-03-27 00:00:00+05:30,9.73,220.8,50.7
2022-03-27 01:00:00+05:30,9.54,187.7,41.4
2022-03-27 02:00:00+05:30,9.88,129.8,25.6
2022-03-27 03:00:00+05:30,10.25,110.8,21.4
2022-03-27 04:00:00+05:30,9.89,124.2,23.8
2022-03-27 05:00:00+05:30,10.12,105.6,19.4
2022-03-27 06:00:00+05:30,10.54,110.2,24.2
2022-03-27 07:00:00+05:30,9.8,104.7,25.3
2022-03-27 08:00:00+05:30,9.6,131.5,30.8
2022-03-27 09:00:00+05:30,10.08,162.7,35.6
2022-03-27 10:00:00+05:30,10.3,65.4,20.7
2022-03-27 11:00:00+05:30,9.68,145.3,85.6
2022-03-27 12:00:00+05:30,9.03,138.9,84.7
2022-03-27 13:00:00+05:30,10.0,120.7,72.8
2022-03-27 14:00:00+05:30,9.95,106.5,62.9
2022-03-27 15:00:00+05:30,9.98,88.3,51.5
2022-03-27 16:00:00+05:30,10.2,94.7,54.0
2022-03-27 17:00:00+05:30,9.62,599.5,62.5
2022-03-27 18:00:00+05:30,10.32,88.3,16.9
2022-03-27 19:00:00+05:30,9.88,112.6,24.8
2022-03-27 20:00:00+05:30,10.07,166.2,46.2
2022-03-27 21:00:00+05:30,9.56,252.6,82.6
2022-03-27 22:00:00+05:30,9.17,366.1,123.5
2022-03-27 23:00:00+05:30,9.52,312.1,90.2
2022-03-28 00:00:00+05:30,9.78,256.8,60.6
2022-03-28 01:00:00+05:30,9.4,165.6,35.9
2022-03-28 02:00:00+05:30,9.69,132.8,23.8
2022-03-28 03:00:00+05:30,9.6,103.9,20.0
2022-03-28 04:00:00+05:30,9.72,113.5,23.0
2022-03-28 05:00:00+05:30,10.03,106.3,21.9
2022-03-28 06:00:00+05:30,9.82,115.2,32.4
2022-03-28 07:00:00+05:30,9.72,124.6,28.4
2022-03-28 08:00:00+05:30,9.95,148.0,28.9
2022-03-28 09:00:00+05:30,9.58,142.0,30.5
2022-03-28 10:00:00+05:30,9.97,85.9,17.1
2022-03-28 11:00:00+05:30,9.64,83.5,48.7
2022-03-28 12:00:00+05:30,10.15,96.7,58.4
2022-03-28 13:00:00+05:30,9.82,79.5,47.8
2022-03-28 14:00:00+05:30,9.98,75.5,45.7
2022-03-28 15:00:00+05:30,9.61,103.3,60.1
2022-03-28 16:00:00+05:30,9.96,81.6,49.9
2022-03-28 17:00:00+05:30,10.31,553.1,90.9
2022-03-28 18:00:00+05:30,10.82,78.5,14.3
2022-03-28 19:00:00+05:30,10.33,104.2,20.8
2022-03-28 20:00:00+05:30,10.09,111.6,34.3
2022-03-28 21:00:00+05:30,9.46,137.3,44.8
2022-03-28 22:00:00+05:30,9.78,132.2,41.0
2022-03-28 23:00:00+05:30,9.87,137.2,28.2
2022-03-29 00:00:00+05:30,9.94,134.7,23.7
2022-03-29 01:00:00+05:30,10.4,123.9,22.7
2022-03-29 02:00:00+05:30,10.21,103.3,20.1
2022-03-29 03:00:00+05:30,10.16,85.4,17.4
2022-03-29 04:00:00+05:30,9.76,64.8,12.7
2022-03-29 05:00:00+05:30,9.8,75.6,15.3
2022-03-29 06:00:00+05:30,10.13,101.1,24.7
2022-03-29 07:00:00+05:30,9.75,108.9,24.5
2022-03-29 08:00:00+05:30,9.91,123.2,25.7
2022-03-29 09:00:00+05:30,9.48,139.6,28.3
2022-03-29 10:00:00+05:30,10.04,102.7,18.3
2022-03-29 11:00:00+05:30,9.83,64.8,41.2
2022-03-29 12:00:00+05:30,9.78,119.8,74.7
2022-03-29 13:00:00+05:30,9.9,139.1,81.5
2022-03-29 14:00:00+05:30,9.97,113.4,67.9
2022-03-29 15:00:00+05:30,9.81,112.5,66.4
2022-03-29 16:00:00+05:30,10.01,146.3,69.2
2022-03-29 17:00:00+05:30,10.11,683.3,146.4
2022-03-29 18:00:00+05:30,10.61,115.3,25.1
2022-03-29 19:00:00+05:30,10.1,130.8,35.2
2022-03-29 20:00:00+05:30,10.35,278.3,98.3
2022-03-29 21:00:00+05:30,10.05,262.0,88.5
2022-03-29 22:00:00+05:30,9.88,195.8,58.4
2022-03-29 23:00:00+05:30,9.89,148.4,37.3
2022-03-30 00:00:00+05:30,10.26,133.8,28.7
2022-03-30 01:00:00+05:30,9.95,101.9,21.8
2022-03-30 02:00:00+05:30,10.19,96.1,20.7
2022-03-30 03:00:00+05:30,10.34,65.3,13.2
2022-03-30 04:00:00+05:30,9.82,68.4,13.9
2022-03-30 05:00:00+05:30,9.92,77.5,14.9
2022-03-30 06:00:00+05:30,9.76,101.0,23.5
2022-03-30 07:00:00+05:30,10.17,91.1,18.8
2022-03-30 08:00:00+05:30,9.98,106.4,21.2
2022-03-30 09:00:00+05:30,10.19,108.4,21.4
2022-03-30 10:00:00+05:30,9.6,108.6,22.3
2022-03-30 11:00:00+05:30,10.2,56.2,33.0
2022-03-30 13:00:00+05:30,9.94,129.3,77.6
2022-03-30 14:00:00+05:30,10.37,110.1,63.5
2022-03-30 15:00:00+05:30,10.29,99.4,59.2
2022-03-30 16:00:00+05:30,10.11,102.7,58.0
2022-03-30 17:00:00+05:30,9.55,742.7,150.2
2022-03-30 18:00:00+05:30,9.87,94.0,18.0
2022-03-30 19:00:00+05:30,9.45,91.7,18.5
2022-03-30 20:00:00+05:30,10.07,129.5,43.3
2022-03-30 21:00:00+05:30,9.57,219.8,81.1
2022-03-30 22:00:00+05:30,10.14,281.2,96.9
2022-03-30 23:00:00+05:30,10.13,135.4,25.0
2022-03-31 00:00:00+05:30,9.75,75.0,11.1
2022-03-31 01:00:00+05:30,10.3,70.0,11.5
2022-03-31 02:00:00+05:30,10.12,77.1,14.0
2022-03-31 03:00:00+05:30,9.84,95.6,15.9
2022-03-31 04:00:00+05:30,9.8,96.6,18.9
2022-03-31 05:00:00+05:30,9.7,113.3,23.2
2022-03-31 06:00:00+05:30,9.85,140.5,43.2
2022-03-31 07:00:00+05:30,10.03,160.8,40.2
2022-03-31 08:00:00+05:30,8.94,199.7,50.9
2022-03-31 09:00:00+05:30,9.71,225.6,61.4
2022-03-31 10:00:00+05:30,9.87,117.7,44.1
2022-03-31 11:00:00+05:30,10.63,206.6,134.1
2022-03-31 12:00:00+05:30,9.8,232.7,147.6
2022-03-31 13:00:00+05:30,10.29,184.6,116.2
2022-03-31 14:00:00+05:30,9.94,146.5,92.0
2022-03-31 15:00:00+05:30,9.87,235.7,86.1
2022-03-31 16:00:00+05:30,9.85,197.4,61.5
2022-03-31 17:00:00+05:30,10.25,391.9,84.9
2022-03-31 18:00:00+05:30,9.77,124.6,37.7
2022-03-31 19:00:00+05:30,10.06,185.6,54.2
2022-03-31 20:00:00+05:30,8.46,327.2,94.9
2022-03-31 21:00:00+05:30,10.07,251.5,64.0
2022-03-31 22:00:00+05:30,9.97,264.0,65.0
2022-03-31 23:00:00+05:30,9.87,192.9,41.8
2022-04-01 00:00:00+05:30,9.98,152.0,32.8
2022-04-01 01:00:00+05:30,10.3,140.1,29.6
2022-04-01 02:00:00+05:30,10.27,133.9,32.4
2022-04-01 03:00:00+05:30,9.78,136.5,34.4
2022-04-01 04:00:00+05:30,9.76,156.6,40.6
2022-04-01 05:00:00+05:30,9.97,159.9,41.3
2022-04-01 07:00:00+05:30,10.53,185.3,49.7
2022-04-01 08:00:00+05:30,10.32,216.8,57.6
2022-04-01 09:00:00+05:30,10.12,211.7,56.2
2022-04-01 10:00:00+05:30,10.25,174.3,39.3
2022-04-01 11:00:00+05:30,10.09,138.4,87.1
2022-04-01 12:00:00+05:30,9.74,239.7,151.3
2022-04-01 13:00:00+05:30,10.3,236.3,143.8
2022-04-01 14:00:00+05:30,9.9,222.4,140.1
2022-04-01 15:00:00+05:30,9.79,204.5,127.0
2022-04-01 16:00:00+05:30,10.11,234.2,124.4
2022-04-01 17:00:00+05:30,9.61,830.2,208.6
2022-04-01 18:00:00+05:30,10.11,151.9,36.5
2022-04-01 19:00:00+05:30,9.92,,32.9
2022-04-01 20:00:00+05:30,9.38,174.4,45.5
2022-04-01 22:00:00+05:30,9.76,227.4,62.2
2022-04-01 23:00:00+05:30,10.47,238.7,58.6
2022-04-02 00:00:00+05:30,10.2,191.2,49.6
2022-04-02 01:00:00+05:30,9.59,198.6,46.3
2022-04-02 02:00:00+05:30,9.58,178.4,43.5
2022-04-02 03:00:00+05:30,9.66,171.0,39.7
2022-04-02 04:00:00+05:30,10.1,152.2,37.6
2022-04-02 05:00:00+05:30,9.92,157.4,38.8
2022-04-02 06:00:00+05:30,9.98,175.4,44.4
2022-04-02 07:00:00+05:30,10.11,178.0,41.0
2022-04-02 08:00:00+05:30,9.95,205.4,48.8
2022-04-02 09:00:00+05:30,9.73,208.9,51.3
2022-04-02 10:00:00+05:30,9.79,204.0,52.4
2022-04-02 11:00:00+05:30,10.2,131.5,37.3
2022-04-02 12:00:00+05:30,9.78,203.6,125.8
2022-04-02 13:00:00+05:30,9.28,207.8,128.4
2022-04-02 14:00:00+05:30,10.49,198.0,124.0
2022-04-02 15:00:00+05:30,9.72,468.9,143.6
2022-04-02 16:00:00+05:30,10.13,273.6,85.6
2022-04-02 17:00:00+05:30,10.08,480.5,104.7
2022-04-02 18:00:00+05:30,9.59,156.2,36.6
2022-04-02 19:00:00+05:30,10.54,203.3,51.4
2022-04-02 20:00:00+05:30,10.07,277.2,72.2
2022-04-02 21:00:00+05:30,9.85,242.7,64.1
2022-04-02 22:00:00+05:30,9.73,277.6,79.5
2022-04-02 23:00:00+05:30,9.89,235.4,52.7
2022-04-04 00:00:00+05:30,9.85,171.8,35.8
2022-04-04 01:00:00+05:30,9.56,148.9,31.9
2022-04-04 02:00:00+05:30,10.04,147.7,28.3
2022-04-04 03:00:00+05:30,10.04,133.4,23.4
2022-04-04 04:00:00+05:30,9.72,125.9,26.0
2022-04-04 05:00:00+05:30,10.13,131.2,27.3
2022-04-04 06:00:00+05:30,10.43,115.7,22.2
2022-04-04 07:00:00+05:30,9.72,130.9,25.6
2022-04-04 08:00:00+05:30,9.53,169.3,36.6
2022-04-04 09:00:00+05:30,8.93,180.8,37.1
2022-04-04 10:00:00+05:30,10.13,164.6,30.5
2022-04-04 11:00:00+05:30,10.13,92.5,18.6
2022-04-04 12:00:00+05:30,10.92,112.3,62.0
2022-04-04 13:00:00+05:30,9.42,105.3,60.9
2022-04-04 14:00:00+05:30,10.02,101.8,55.9
2022-04-04 15:00:00+05:30,10.26,95.4,40.6
2022-04-04 16:00:00+05:30,9.86,128.0,28.5
2022-04-04 17:00:00+05:30,10.25,201.5,31.7
2022-04-04 18:00:00+05:30,9.79,70.7,12.3
2022-04-04 19:00:00+05:30,10.08,85.3,16.5
2022-04-04 20:00:00+05:30,9.72,96.7,22.9
2022-04-04 21:00:00+05:30,9.96,121.1,26.8
2022-04-04 22:00:00+05:30,10.44,126.0,27.4
2022-04-04 23:00:00+05:30,9.94,135.5,27.8
2022-04-05 00:00:00+05:30,10.22,142.4,27.9
2022-04-05 01:00:00+05:30,9.16,138.3,27.6
2022-04-05 02:00:00+05:30,10.12,128.8,26.2
2022-04-05 03:00:00+05:30,9.85,134.2,25.5
2022-04-05 04:00:00+05:30,9.58,134.7,27.1
2022-04-05 05:00:00+05:30,9.52,124.0,22.3
2022-04-05 06:00:00+05:30,9.6,113.6,22.5
2022-04-05 07:00:00+05:30,10.17,115.2,21.0
2022-04-05 08:00:00+05:30,11.31,125.0,25.9
2022-04-05 09:00:00+05:30,10.23,164.2,31.2
2022-04-05 10:00:00+05:30,10.03,99.6,16.7
2022-04-05 11:00:00+05:30,9.83,60.5,35.7
2022-04-05 12:00:00+05:30,10.19,102.8,60.6
2022-04-05 13:00:00+05:30,10.02,89.5,52.0
2022-04-05 14:00:00+05:30,9.6,82.5,47.8
2022-04-05 15:00:00+05:30,9.82,74.2,43.6
2022-04-05 16:00:00+05:30,9.87,140.9,52.9
2022-04-05 17:00:00+05:30,10.35,739.6,135.1
2022-04-05 18:00:00+05:30,10.1,89.1,17.3
2022-04-05 19:00:00+05:30,10.24,100.1,21.6
2022-04-05 20:00:00+05:30,10.0,168.4,41.1
2022-04-05 21:00:00+05:30,10.28,167.1,44.3
2022-04-05 22:00:00+05:30,9.72,174.1,40.7
2022-04-05 23:00:00+05:30,8.92,159.6,26.8
2022-04-06 00:00:00+05:30,9.7,142.3,22.7
2022-04-06 01:00:00+05:30,9.48,117.1,20.7
2022-04-06 02:00:00+05:30,10.12,110.9,19.6
2022-04-06 03:00:00+05:30,9.95,101.2,17.8
2022-04-06 04:00:00+05:30,10.51,116.0,21.5
2022-04-06 05:00:00+05:30,10.88,105.1,18.1
2022-04-06 06:00:00+05:30,9.44,80.2,13.0
2022-04-06 07:00:00+05:30,9.98,82.7,11.8
2022-04-06 08:00:00+05:30,9.01,78.1,13.5
2022-04-06 09:00:00+05:30,10.09,85.8,16.9
2022-04-06 10:00:00+05:30,9.12,77.9,14.4
2022-04-06 11:00:00+05:30,9.82,59.7,34.3
2022-04-06 12:00:00+05:30,9.92,87.7,51.2
2022-04-06 13:00:00+05:30,9.74,68.7,36.7
2022-04-06 14:00:00+05:30,10.07,60.4,32.7
2022-04-06 15:00:00+05:30,9.54,62.3,29.0
2022-04-06 16:00:00+05:30,9.6,404.7,86.5
2022-04-06 17:00:00+05:30,9.83,70.9,12.8
2022-04-06 18:00:00+05:30,10.13,64.3,9.8
2022-04-06 19:00:00+05:30,9.93,63.5,12.2
2022-04-06 20:00:00+05:30,9.47,81.1,17.1
2022-04-06 21:00:00+05:30,10.3,92.6,20.7
2022-04-06 22:00:00+05:30,9.67,97.6,21.7
2022-04-06 23:00:00+05:30,10.09,129.1,27.4
2022-04-07 00:00:00+05:30,10.07,148.5,28.4
2022-04-07 01:00:00+05:30,10.38,163.3,32.9
2022-04-07 02:00:00+05:30,10.57,143.2,26.5
2022-04-07 03:00:00+05:30,9.78,103.4,16.8
2022-04-07 04:00:00+05:30,9.92,68.9,12.0
2022-04-07 05:00:00+05:30,9.8,80.1,15.4
2022-04-07 06:00:00+05:30,9.99,81.9,13.3
2022-04-07 07:00:00+05:30,8.47,77.4,13.5
2022-04-07 08:00:00+05:30,10.21,82.7,13.3
2022-04-07 09:00:00+05:30,10.83,77.8,15.0
2022-04-07 10:00:00+05:30,9.71,94.7,17.1
2022-04-07 11:00:00+05:30,9.98,49.4,28.1
2022-04-07 12:00:00+05:30,10.41,109.2,56.0
2022-04-07 13:00:00+05:30,10.23,94.9,52.8
2022-04-07 14:00:00+05:30,9.5,88.6,48.5
2022-04-07 15:00:00+05:30,10.2,84.1,45.3
2022-04-07 16:00:00+05:30,10.0,196.2,58.7
2022-04-07 17:00:00+05:30,9.65,996.6,174.0
2022-04-07 18:00:00+05:30,10.23,56.3,10.3
2022-04-07 19:00:00+05:30,9.95,87.2,19.1
2022-04-07 20:00:00+05:30,10.06,122.9,27.8
2022-04-07 21:00:00+05:30,10.31,148.7,39.6
2022-04-07 22:00:00+05:30,9.91,159.3,40.1
2022-04-07 23:00:00+05:30,10.05,144.1,32.3
2022-04-08 00:00:00+05:30,10.71,124.9,23.3
2022-04-08 01:00:00+05:30,9.76,106.4,21.6
2022-04-08 02:00:00+05:30,10.3,109.4,19.6
2022-04-08 03:00:00+05:30,10.06,103.3,20.9
2022-04-08 04:00:00+05:30,9.83,98.6,18.3
2022-04-08 05:00:00+05:30,9.78,96.9,16.0
2022-04-08 06:00:00+05:30,10.15,86.2,16.7
2022-04-08 07:00:00+05:30,9.82,86.2,16.2
2022-04-08 08:00:00+05:30,10.03,91.1,17.3
2022-04-08 09:00:00+05:30,10.46,109.5,23.0
2022-04-08 10:00:00+05:30,9.51,55.1,13.0
2022-04-08 11:00:00+05:30,9.35,108.9,61.6
2022-04-08 12:00:00+05:30,9.64,271.6,149.6
2022-04-08 13:00:00+05:30,10.04,158.0,84.6
2022-04-08 14:00:00+05:30,9.71,158.7,83.4
2022-04-08 15:00:00+05:30,9.88,158.8,80.8
2022-04-08 16:00:00+05:30,9.32,108.5,60.6
2022-04-08 17:00:00+05:30,9.85,364.6,75.0
2022-04-08 18:00:00+05:30,9.99,173.9,27.8
2022-04-08 19:00:00+05:30,9.17,93.2,22.7
2022-04-08 20:00:00+05:30,9.61,215.5,57.4
2022-04-08 21:00:00+05:30,9.31,291.7,88.7
2022-04-08 22:00:00+05:30,9.79,291.2,79.2
2022-04-08 23:00:00+05:30,9.64,162.2,36.1
2022-04-09 00:00:00+05:30,10.06,95.6,17.0
2022-04-09 01:00:00+05:30,10.37,85.0,19.7
2022-04-09 02:00:00+05:30,10.34,98.0,19.5
2022-04-09 03:00:00+05:30,9.56,100.5,19.2
2022-04-09 04:00:00+05:30,10.17,86.2,15.9
2022-04-09 05:00:00+05:30,9.68,84.9,19.0
2022-04-09 06:00:00+05:30,9.42,78.2,16.8
2022-04-09 07:00:00+05:30,10.3,83.7,14.7
2022-04-09 08:00:00+05:30,9.92,85.5,15.3
2022-04-09 09:00:00+05:30,10.0,97.6,18.2
2022-04-09 10:00:00+05:30,9.81,53.9,11.2
2022-04-09 11:00:00+05:30,9.66,81.9,51.1
2022-04-09 12:00:00+05:30,9.92,100.5,59.0
2022-04-09 13:00:00+05:30,9.54,82.2,47.1
2022-04-09 14:00:00+05:30,10.42,65.9,38.4
2022-04-09 15:00:00+05:30,9.75,98.8,49.7
2022-04-09 16:00:00+05:30,10.09,635.7,189.8
2022-04-09 17:00:00+05:30,10.33,237.8,57.6
2022-04-09 18:00:00+05:30,9.83,96.4,20.3
2022-04-09 19:00:00+05:30,10.06,133.7,30.6
2022-04-09 20:00:00+05:30,9.25,141.9,37.3
2022-04-09 21:00:00+05:30,9.75,184.1,48.7
2022-04-09 22:00:00+05:30,10.04,172.5,41.1
2022-04-09 23:00:00+05:30,10.18,179.8,45.0
2022-04-11 00:00:00+05:30,10.23,132.6,25.6
2022-04-11 01:00:00+05:30,10.14,106.8,17.6
2022-04-11 02:00:00+05:30,9.32,89.9,14.7
2022-04-11 03:00:00+05:30,10.22,83.1,15.6
2022-04-11 04:00:00+05:30,9.64,64.0,12.3
2022-04-11 05:00:00+05:30,10.59,59.7,12.4
2022-04-11 06:00:00+05:30,9.6,70.6,14.1
2022-04-11 07:00:00+05:30,9.9,92.0,15.6
2022-04-11 08:00:00+05:30,10.16,82.3,14.5
2022-04-11 09:00:00+05:30,9.59,100.5,21.3
2022-04-11 10:00:00+05:30,9.95,118.8,21.3
2022-04-11 11:00:00+05:30,10.03,60.8,11.2
2022-04-11 12:00:00+05:30,9.68,97.6,57.1
2022-04-11 13:00:00+05:30,9.73,110.3,59.1
2022-04-11 14:00:00+05:30,10.29,154.3,43.6
2022-04-11 15:00:00+05:30,10.03,154.0,47.2
2022-04-11 16:00:00+05:30,9.53,355.4,77.4
2022-04-11 17:00:00+05:30,9.72,84.1,15.4
2022-04-11 18:00:00+05:30,10.24,81.0,17.0
2022-04-11 19:00:00+05:30,10.19,110.1,27.8
2022-04-11 20:00:00+05:30,10.41,164.2,45.3
2022-04-11 21:00:00+05:30,9.86,176.3,51.8
2022-04-11 22:00:00+05:30,10.09,174.7,44.1
2022-04-11 23:00:00+05:30,9.65,174.3,38.6
2022-04-12 00:00:00+05:30,9.71,130.2,25.9
2022-04-12 01:00:00+05:30,9.57,101.0,21.4
2022-04-12 02:00:00+05:30,10.09,94.9,16.7
2022-04-12 03:00:00+05:30,9.86,72.6,14.7
2022-04-12 04:00:00+05:30,10.19,64.9,13.5
2022-04-12 05:00:00+05:30,9.71,75.5,14.5
2022-04-12 06:00:00+05:30,9.89,85.9,17.1
2022-04-12 07:00:00+05:30,9.89,77.3,14.9
2022-04-12 08:00:00+05:30,9.84,105.3,23.7
2022-04-12 09:00:00+05:30,10.0,124.6,28.1
2022-04-12 10:00:00+05:30,9.9,92.8,18.3
2022-04-12 11:00:00+05:30,10.5,88.4,52.4
2022-04-12 12:00:00+05:30,9.79,110.2,61.9
2022-04-12 13:00:00+05:30,10.25,114.8,67.8
2022-04-12 14:00:00+05:30,9.84,113.1,66.2
2022-04-12 15:00:00+05:30,9.75,324.2,95.0
2022-04-12 16:00:00+05:30,9.55,376.54999999999995,93.7
2022-04-12 18:00:00+05:30,10.19,101.4,23.5
2022-04-12 20:00:00+05:30,9.77,107.7,25.6
2022-04-13 01:00:00+05:30,10.08,122.6,25.2
2022-04-13 06:00:00+05:30,10.02,101.4,21.5
2022-04-13 11:00:00+05:30,10.1,61.2,27.8
2022-04-13 12:00:00+05:30,10.08,114.8,73.3
2022-04-13 13:00:00+05:30,10.19,106.4,67.1
2022-04-13 14:00:00+05:30,9.715,89.35,54.400000000000006
2022-04-13 16:00:00+05:30,9.25,102.2,63.1
2022-04-13 17:00:00+05:30,10.39,555.8,121.3
2022-04-13 18:00:00+05:30,9.97,90.6,21.3
2022-04-13 19:00:00+05:30,9.54,142.4,37.5
2022-04-13 20:00:00+05:30,9.35,194.2,54.0
2022-04-13 21:00:00+05:30,9.82,181.1,52.4
2022-04-13 22:00:00+05:30,9.99,191.6,54.0
2022-04-13 23:00:00+05:30,10.03,169.8,40.5
2022-04-14 00:00:00+05:30,9.91,124.8,29.5
2022-04-14 01:00:00+05:30,10.33,129.6,29.6
2022-04-14 02:00:00+05:30,9.75,120.0,27.4
2022-04-14 03:00:00+05:30,9.63,109.0,23.8
2022-04-14 04:00:00+05:30,10.06,118.2,27.2
2022-04-14 05:00:00+05:30,9.38,106.2,22.0
2022-04-14 06:00:00+05:30,10.09,90.7,20.3
2022-04-14 07:00:00+05:30,9.99,89.9,18.3
2022-04-14 08:00:00+05:30,10.32,99.9,20.4
2022-04-14 09:00:00+05:30,10.34,126.6,26.4
2022-04-14 10:00:00+05:30,9.75,92.6,21.0
2022-04-14 11:00:00+05:30,10.03,32.4,17.4
2022-04-14 12:00:00+05:30,9.66,86.8,49.2
2022-04-14 13:00:00+05:30,10.36,71.4,42.4
2022-04-14 14:00:00+05:30,10.4,69.8,40.4
2022-04-14 15:00:00+05:30,9.86,67.0,38.2
2022-04-14 16:00:00+05:30,10.09,219.7,85.3
2022-04-14 17:00:00+05:30,9.91,1119.0,260.9
2022-04-14 18:00:00+05:30,10.0,58.0,10.9
2022-04-14 19:00:00+05:30,10.12,62.2,13.1
2022-04-14 20:00:00+05:30,10.85,103.4,30.5
2022-04-14 21:00:00+05:30,9.92,159.2,41.9
2022-04-14 22:00:00+05:30,9.8,161.2,36.0
2022-04-14 23:00:00+05:30,9.47,136.2,25.9
2022-04-15 00:00:00+05:30,10.05,113.3,23.5
2022-04-15 01:00:00+05:30,9.78,95.6,18.5
2022-04-15 02:00:00+05:30,9.55,105.5,21.8
2022-04-15 03:00:00+05:30,11.49,96.0,20.1
2022-04-15 04:00:00+05:30,10.22,103.5,24.2
2022-04-15 05:00:00+05:30,9.98,102.7,23.8
2022-04-15 06:00:00+05:30,10.13,102.7,24.9
2022-04-15 07:00:00+05:30,10.44,106.0,24.5
2022-04-15 08:00:00+05:30,9.99,110.0,24.1
2022-04-15 09:00:00+05:30,9.75,110.1,22.7
2022-04-15 10:00:00+05:30,9.68,132.1,25.8
2022-04-15 11:00:00+05:30,10.08,74.3,13.6
2022-04-15 12:00:00+05:30,9.92,167.8,90.9
2022-04-15 13:00:00+05:30,10.14,105.7,61.8
2022-04-15 14:00:00+05:30,10.07,137.3,81.4
2022-04-15 15:00:00+05:30,10.29,232.0,61.6
2022-04-15 16:00:00+05:30,9.65,188.5,46.2
2022-04-15 17:00:00+05:30,10.07,137.5,30.1
2022-04-15 18:00:00+05:30,10.33,114.1,22.9
2022-04-15 19:00:00+05:30,10.49,131.1,31.0
2022-04-15 20:00:00+05:30,9.49,183.9,49.3
2022-04-15 21:00:00+05:30,10.19,196.5,45.7
2022-04-15 22:00:00+05:30,9.9,145.6,29.0
2022-04-15 23:00:00+05:30,10.12,140.7,28.8
2022-04-16 00:00:00+05:30,10.15,130.5,23.4
2022-04-16 01:00:00+05:30,9.54,90.4,17.4
2022-04-16 02:00:00+05:30,10.12,82.4,18.3
2022-04-16 03:00:00+05:30,10.01,71.7,15.0
2022-04-16 04:00:00+05:30,9.73,94.1,22.6
2022-04-16 05:00:00+05:30,10.1,100.8,22.1
2022-04-16 06:00:00+05:30,9.67,86.4,19.8
2022-04-16 07:00:00+05:30,9.65,106.9,19.9
2022-04-16 08:00:00+05:30,9.36,134.3,28.9
2022-04-16 09:00:00+05:30,9.9,143.1,33.0
2022-04-16 10:00:00+05:30,10.14,142.4,33.0
2022-04-16 11:00:00+05:30,9.91,56.8,34.5
2022-04-16 12:00:00+05:30,10.16,105.7,66.9
2022-04-16 13:00:00+05:30,9.93,118.5,72.4
2022-04-16 14:00:00+05:30,9.97,104.9,62.2
2022-04-16 15:00:00+05:30,10.13,91.3,54.4
2022-04-16 16:00:00+05:30,9.8,192.8,68.7
2022-04-16 17:00:00+05:30,9.78,301.2,66.1
2022-04-16 18:00:00+05:30,9.71,95.0,21.0
2022-04-16 19:00:00+05:30,10.0,153.3,38.4
2022-04-16 20:00:00+05:30,9.73,207.3,55.2
2022-04-16 21:00:00+05:30,10.48,176.6,43.9
2022-04-16 22:00:00+05:30,9.73,162.2,39.5
2022-04-16 23:00:00+05:30,10.04,155.8,30.0
2022-04-19 00:00:00+05:30,9.87,118.3,25.9
2022-04-19 01:00:00+05:30,10.13,94.9,20.6
2022-04-19 02:00:00+05:30,9.84,78.3,14.9
2022-04-19 03:00:00+05:30,9.75,71.8,14.2
2022-04-19 04:00:00+05:30,9.3,85.6,17.1
2022-04-19 05:00:00+05:30,9.33,74.0,15.3
2022-04-19 06:00:00+05:30,10.15,93.0,19.2
2022-04-19 07:00:00+05:30,9.81,88.5,13.9
2022-04-19 08:00:00+05:30,10.24,84.7,16.0
2022-04-19 09:00:00+05:30,9.83,89.6,16.2
2022-04-19 10:00:00+05:30,9.76,68.4,9.3
2022-04-19 11:00:00+05:30,9.85,36.6,22.2
2022-04-19 12:00:00+05:30,10.12,87.8,56.8
2022-04-19 13:00:00+05:30,9.8,75.4,47.0
2022-04-19 14:00:00+05:30,9.8,60.9,38.0
2022-04-19 15:00:00+05:30,9.47,65.2,40.3
2022-04-19 16:00:00+05:30,10.18,194.3,71.7
2022-04-19 17:00:00+05:30,10.17,1166.1,230.7
2022-04-19 18:00:00+05:30,9.92,73.7,15.1
2022-04-19 19:00:00+05:30,10.38,89.8,22.4
2022-04-19 20:00:00+05:30,10.1,141.1,36.5
2022-04-19 21:00:00+05:30,9.91,138.5,40.3
2022-04-19 22:00:00+05:30,9.98,173.8,44.8
2022-04-19 23:00:00+05:30,10.16,187.4,54.0
2022-04-20 00:00:00+05:30,10.03,201.2,59.5
2022-04-20 01:00:00+05:30,10.08,181.4,47.4
2022-04-20 02:00:00+05:30,9.83,204.9,48.9
2022-04-20 03:00:00+05:30,9.76,151.4,34.9
2022-04-20 04:00:00+05:30,10.42,136.5,28.0
2022-04-20 05:00:00+05:30,10.4,116.6,22.0
2022-04-20 06:00:00+05:30,9.4,76.8,14.6
2022-04-20 07:00:00+05:30,9.93,86.1,15.1
2022-04-20 08:00:00+05:30,10.41,91.5,15.8
2022-04-20 09:00:00+05:30,9.87,88.0,16.9
2022-04-20 10:00:00+05:30,10.11,58.0,14.7
2022-04-20 11:00:00+05:30,10.08,93.2,57.2
2022-04-20 12:00:00+05:30,9.8,95.1,54.9
2022-04-20 13:00:00+05:30,9.36,88.2,50.9
2022-04-20 14:00:00+05:30,9.91,92.9,51.4
2022-04-20 15:00:00+05:30,10.11,469.2,100.0
2022-04-20 16:00:00+05:30,9.96,98.0,21.7
2022-04-20 17:00:00+05:30,10.01,125.1,26.3
2022-04-20 18:00:00+05:30,9.47,148.6,31.5
2022-04-20 19:00:00+05:30,10.2,183.7,46.5
2022-04-20 20:00:00+05:30,10.05,191.5,51.6
2022-04-20 21:00:00+05:30,10.14,146.4,48.7
2022-04-20 22:00:00+05:30,9.86,159.8,37.4
2022-04-20 23:00:00+05:30,9.25,132.9,28.5
2022-04-23 11:00:00+05:30,9.93,99.6,61.2
2022-04-23 12:00:00+05:30,9.73,89.0,53.9
2022-04-23 13:00:00+05:30,10.27,75.7,47.2
2022-04-23 14:00:00+05:30,9.98,61.0,36.6
2022-04-23 15:00:00+05:30,10.15,55.8,34.2
2022-04-23 16:00:00+05:30,9.55,74.6,42.9
2022-04-23 17:00:00+05:30,9.68,60.4,37.1
2022-04-29 11:00:00+05:30,9.81,82.6,45.9
2022-04-29 12:00:00+05:30,9.81,63.8,36.6
2022-05-03 00:00:00+05:30,10.01,363.8,92.4
2022-05-03 01:00:00+05:30,9.86,117.8,36.2
2022-05-03 02:00:00+05:30,9.61,80.5,22.7
2022-05-03 03:00:00+05:30,10.02,97.4,34.4
2022-05-05 00:00:00+05:30,9.86,128.1,73.6
2022-05-05 01:00:00+05:30,10.22,113.5,69.7
2022-05-05 02:00:00+05:30,9.69,95.4,60.1
2022-05-05 03:00:00+05:30,9.36,102.3,65.9
2022-05-05 04:00:00+05:30,9.73,93.9,60.2
2022-05-05 05:00:00+05:30,9.88,99.8,62.5
2022-05-05 06:00:00+05:30,9.91,80.2,50.5
2022-05-05 07:00:00+05:30,9.83,105.5,66.8
2022-05-05 08:00:00+05:30,9.85,103.2,64.0
2022-05-05 09:00:00+05:30,9.87,102.5,61.9
2022-05-05 10:00:00+05:30,9.82,113.2,69.4
2022-05-05 11:00:00+05:30,10.11,99.5,60.8
2022-05-05 12:00:00+05:30,10.18,94.2,55.9
2022-05-05 13:00:00+05:30,10.19,100.8,60.4
2022-05-05 14:00:00+05:30,9.46,89.0,54.5
2022-05-05 15:00:00+05:30,9.63,105.5,65.6
2022-05-05 16:00:00+05:30,9.79,100.3,60.3
2022-05-05 17:00:00+05:30,9.72,99.9,60.9
2022-05-05 18:00:00+05:30,9.61,114.0,70.4
2022-05-05 19:00:00+05:30,10.02,189.8,118.0
2022-05-05 20:00:00+05:30,9.67,225.3,139.0
2022-05-05 21:00:00+05:30,9.94,191.7,117.7
2022-05-05 22:00:00+05:30,9.15,256.3,154.6
2022-05-05 23:00:00+05:30,9.84,159.9,96.2
2022-05-19 11:00:00+05:30,39.89,0.0,0.0
2022-05-19 12:00:00+05:30,248.86,0.0,0.0
2022-05-19 13:00:00+05:30,181.25,0.0,0.0
2022-05-19 14:00:00+05:30,156.69,0.0,0.0
2022-05-19 15:00:00+05:30,346.74,0.0,0.0
2022-05-19 16:00:00+05:30,37.81,0.0,0.0
2022-05-19 17:00:00+05:30,49.85,0.0,0.0
2022-05-21 00:00:00+05:30,130.4,0.0,0.0
2022-05-21 01:00:00+05:30,6.07,0.0,0.0
2022-05-21 02:00:00+05:30,9.54,0.0,0.0
2022-05-21 03:00:00+05:30,20.52,0.0,0.0
2022-05-21 04:00:00+05:30,12.62,0.0,0.0
2022-05-21 05:00:00+05:30,10.93,0.0,0.0
2022-05-21 08:00:00+05:30,118.93,0.0,0.0
2022-05-21 09:00:00+05:30,9.34,0.0,0.0
2022-05-21 12:00:00+05:30,18.8,0.0,0.0
2022-05-21 13:00:00+05:30,8.65,0.0,0.0
2022-05-21 14:00:00+05:30,8.57,0.0,0.0
2022-05-21 15:00:00+05:30,6.93,0.0,0.0
2022-05-21 16:00:00+05:30,16.75,0.0,0.0
2022-05-21 17:00:00+05:30,13.73,201.2,114.4
2022-05-21 18:00:00+05:30,20.45,234.5,135.2
2022-05-21 19:00:00+05:30,10.97,271.9,155.9
2022-05-21 20:00:00+05:30,7.76,251.9,145.3
2022-05-21 21:00:00+05:30,15.37,209.4,121.9
2022-05-21 22:00:00+05:30,8.01,192.0,113.0
2022-05-21 23:00:00+05:30,11.02,143.1,85.2
2022-05-24 01:00:00+05:30,9.88,88.9,55.2
2022-05-24 02:00:00+05:30,9.68,470.6,224.8
2022-05-24 03:00:00+05:30,9.82,358.4,214.2
2022-05-24 04:00:00+05:30,9.77,140.1,89.5
2022-05-24 06:00:00+05:30,9.97,130.0,79.1
2022-05-24 07:00:00+05:30,9.88,146.1,89.0
2022-05-24 08:00:00+05:30,9.88,139.4,84.5
2022-05-24 09:00:00+05:30,9.37,129.9,77.1
2022-05-24 10:00:00+05:30,9.87,142.4,84.3
2022-05-24 11:00:00+05:30,10.22,131.3,79.4
2022-05-24 12:00:00+05:30,10.0,138.7,80.8
2022-05-24 13:00:00+05:30,9.8,149.2,85.7
2022-05-24 14:00:00+05:30,10.08,144.1,87.1
2022-05-24 15:00:00+05:30,10.1,152.3,91.4
2022-05-24 16:00:00+05:30,9.81,147.0,89.0
2022-05-24 19:00:00+05:30,9.89,206.2,118.9
2022-05-24 20:00:00+05:30,9.85,163.0,95.3
2022-05-24 21:00:00+05:30,9.93,155.2,89.5
2022-05-24 23:00:00+05:30,10.02,116.8,69.5
2022-05-25 01:00:00+05:30,9.45,117.5,70.1
2022-05-25 02:00:00+05:30,9.5,97.1,58.6
2022-05-25 03:00:00+05:30,10.13,89.4,53.2
2022-05-25 04:00:00+05:30,9.48,77.3,48.1
2022-05-25 05:00:00+05:30,9.59,80.8,49.9
2022-05-25 07:00:00+05:30,10.07,119.2,72.0
2022-05-25 08:00:00+05:30,9.79,95.8,58.9
2022-05-25 09:00:00+05:30,9.56,97.0,59.2
2022-05-25 10:00:00+05:30,9.89,112.2,67.3
2022-05-25 11:00:00+05:30,9.66,104.3,61.2
2022-05-25 12:00:00+05:30,10.03,114.8,69.0
2022-05-25 13:00:00+05:30,9.99,107.6,60.9
2022-05-25 14:00:00+05:30,10.2,117.1,70.0
2022-05-25 15:00:00+05:30,9.87,113.1,68.2
2022-05-25 17:00:00+05:30,9.78,104.3,64.2
2022-05-25 19:00:00+05:30,9.1,173.6,106.9
2022-05-25 20:00:00+05:30,9.83,208.6,129.5
2022-05-25 21:00:00+05:30,10.0,141.1,83.7
2022-05-25 22:00:00+05:30,10.23,142.4,83.9
2022-05-25 23:00:00+05:30,9.89,149.4,89.8
2022-05-26 01:00:00+05:30,9.66,102.1,61.5
2022-05-26 02:00:00+05:30,9.84,100.6,60.5
2022-05-26 03:00:00+05:30,9.87,84.0,49.0
2022-05-26 04:00:00+05:30,9.84,73.1,43.6
2022-05-26 05:00:00+05:30,9.72,74.7,46.7
2022-05-26 06:00:00+05:30,10.22,116.7,70.8
2022-05-26 07:00:00+05:30,10.0,94.9,59.3
2022-05-26 09:00:00+05:30,9.87,191.3,105.4
2022-05-26 10:00:00+05:30,9.96,135.8,77.4
2022-05-26 11:00:00+05:30,10.0,135.9,76.8
2022-05-26 12:00:00+05:30,10.05,160.9,90.6
2022-05-26 13:00:00+05:30,10.07,148.3,84.2
2022-05-26 14:00:00+05:30,10.25,139.8,79.9
2022-05-26 16:00:00+05:30,10.06,153.9,90.6
2022-05-26 17:00:00+05:30,9.86,142.4,85.1
2022-05-26 18:00:00+05:30,9.77,155.5,91.5
2022-05-26 19:00:00+05:30,9.58,156.4,91.1
2022-05-26 20:00:00+05:30,9.56,152.0,85.1
2022-05-26 21:00:00+05:30,9.95,112.8,65.2
2022-05-26 22:00:00+05:30,9.76,128.8,75.8
2022-05-26 23:00:00+05:30,9.61,98.1,58.0
2022-05-27 01:00:00+05:30,9.67,73.9,46.3
2022-05-27 02:00:00+05:30,10.16,66.4,42.7
2022-05-27 03:00:00+05:30,9.77,65.2,41.3
2022-05-27 04:00:00+05:30,9.5,56.3,35.3
2022-05-27 05:00:00+05:30,9.92,60.9,37.1
2022-05-27 06:00:00+05:30,9.59,56.5,32.5
2022-05-27 07:00:00+05:30,10.17,75.6,44.8
2022-05-27 08:00:00+05:30,10.16,51.4,31.3
2022-05-27 09:00:00+05:30,9.94,89.8,53.6
2022-05-27 10:00:00+05:30,10.19,135.6,74.0
2022-05-27 11:00:00+05:30,10.31,112.3,62.5
2022-05-27 12:00:00+05:30,9.41,138.0,77.6
2022-05-27 13:00:00+05:30,10.09,84.6,49.5
2022-05-27 14:00:00+05:30,10.08,108.8,62.9
2022-05-27 15:00:00+05:30,10.01,91.4,55.0
2022-05-27 16:00:00+05:30,9.85,124.5,70.8
2022-05-27 17:00:00+05:30,9.86,95.3,56.5
2022-05-27 18:00:00+05:30,10.04,158.6,94.2
2022-05-27 19:00:00+05:30,9.58,157.9,92.0
2022-05-27 20:00:00+05:30,9.84,130.5,74.8
2022-05-27 21:00:00+05:30,9.8,133.8,76.9
2022-05-27 22:00:00+05:30,9.92,155.7,93.1
2022-05-27 23:00:00+05:30,9.86,108.6,65.5
2022-05-28 01:00:00+05:30,10.19,64.7,38.9
2022-05-28 02:00:00+05:30,10.37,66.2,38.6
2022-05-28 03:00:00+05:30,9.81,72.3,42.5
2022-05-28 04:00:00+05:30,9.73,63.5,38.2
2022-05-28 05:00:00+05:30,10.0,63.1,37.5
2022-05-28 06:00:00+05:30,10.13,55.0,33.0
2022-05-28 07:00:00+05:30,9.65,65.6,39.0
2022-05-28 08:00:00+05:30,9.89,60.7,35.6
2022-05-28 09:00:00+05:30,9.99,77.8,43.7
2022-05-28 10:00:00+05:30,10.21,92.3,54.2
2022-05-28 11:00:00+05:30,9.81,174.8,94.5
2022-05-28 12:00:00+05:30,9.44,284.5,155.2
2022-05-28 13:00:00+05:30,9.73,202.9,115.5
2022-05-28 14:00:00+05:30,9.82,124.7,72.9
2022-05-28 15:00:00+05:30,10.03,128.6,76.1
2022-05-28 16:00:00+05:30,9.99,138.7,82.3
2022-05-28 17:00:00+05:30,9.85,147.8,88.8
2022-05-28 18:00:00+05:30,9.754999999999999,162.39999999999998,97.44999999999999
2022-06-06 01:00:00+05:30,9.88,81.9,47.5
2022-06-06 02:00:00+05:30,9.72,62.0,37.3
2022-06-06 03:00:00+05:30,9.82,61.2,36.8
2022-06-06 04:00:00+05:30,9.97,63.0,39.1
2022-06-06 05:00:00+05:30,9.78,62.7,37.4
2022-06-06 06:00:00+05:30,10.07,92.0,54.8
2022-06-06 07:00:00+05:30,10.58,98.9,57.2
2022-06-06 08:00:00+05:30,9.83,104.1,63.9
2022-06-06 09:00:00+05:30,10.39,108.6,66.0
2022-06-06 10:00:00+05:30,10.05,96.9,58.3
2022-06-06 11:00:00+05:30,9.59,83.6,51.7
2022-06-06 12:00:00+05:30,9.94,85.7,51.0
2022-06-06 13:00:00+05:30,10.03,88.5,52.5
2022-06-06 14:00:00+05:30,10.19,87.1,51.3
2022-06-06 15:00:00+05:30,9.39,84.9,51.0
2022-06-06 16:00:00+05:30,9.74,76.4,45.7
2022-06-06 17:00:00+05:30,9.75,77.4,45.8
2022-06-06 18:00:00+05:30,9.81,101.6,61.0
2022-06-06 19:00:00+05:30,10.13,77.2,45.7
2022-06-06 20:00:00+05:30,10.25,136.3,76.8
2022-06-06 21:00:00+05:30,10.01,108.6,59.2
2022-06-06 22:00:00+05:30,9.88,118.6,63.2
2022-06-06 23:00:00+05:30,9.84,101.6,56.0
2022-09-23 00:00:00+05:30,9.3,52.4,29.9
2022-09-23 02:00:00+05:30,9.36,47.3,27.5
2022-09-23 03:00:00+05:30,10.5,42.9,26.0
2022-09-23 04:00:00+05:30,9.13,40.0,24.0
2022-09-23 05:00:00+05:30,10.64,47.3,28.7
2022-09-23 06:00:00+05:30,9.27,51.3,31.8
2022-09-23 07:00:00+05:30,10.39,45.7,26.9
2022-09-23 08:00:00+05:30,11.02,43.1,24.4
2022-09-23 09:00:00+05:30,10.43,38.7,22.0
2022-09-23 10:00:00+05:30,9.08,43.1,24.9
2022-09-23 11:00:00+05:30,8.85,47.0,29.0
2022-09-23 12:00:00+05:30,5.51,53.9,33.2
2022-09-23 13:00:00+05:30,20.44,45.7,27.9
2022-09-23 14:00:00+05:30,21.61,50.0,29.2
2022-09-23 16:00:00+05:30,21.67,46.8,27.7
2022-09-23 17:00:00+05:30,22.83,58.8,34.6
2022-09-23 18:00:00+05:30,21.87,67.4,38.1
2022-09-23 19:00:00+05:30,22.33,62.8,35.8
2022-09-23 20:00:00+05:30,22.13,71.6,39.9
2022-09-23 21:00:00+05:30,22.29,75.7,42.4
2022-09-23 22:00:00+05:30,21.72,63.9,36.4
2022-09-23 23:00:00+05:30,23.02,74.4,40.7
2022-09-24 00:00:00+05:30,22.34,50.3,29.7
2022-09-24 01:00:00+05:30,21.92,43.8,25.4
2022-09-24 02:00:00+05:30,23.08,35.1,21.0
2022-09-24 03:00:00+05:30,22.52,40.7,23.6
2022-09-24 04:00:00+05:30,22.25,41.0,23.7
2022-09-24 05:00:00+05:30,22.95,46.7,27.4
2022-09-24 06:00:00+05:30,22.52,29.4,17.0
2022-09-24 07:00:00+05:30,23.48,28.2,15.5
2022-09-24 08:00:00+05:30,22.77,31.5,18.7
2022-09-24 09:00:00+05:30,23.0,35.5,19.8
2022-09-24 10:00:00+05:30,22.85,30.8,17.9
2022-09-24 11:00:00+05:30,22.15,46.6,25.3
2022-09-24 12:00:00+05:30,22.01,41.7,22.4
2022-09-24 13:00:00+05:30,22.04,38.7,21.8
2022-09-24 14:00:00+05:30,22.18,28.9,16.1
2022-09-24 15:00:00+05:30,21.56,38.5,22.8
2022-09-24 16:00:00+05:30,21.9,44.1,26.8
2022-09-24 17:00:00+05:30,21.79,41.6,22.6
2022-09-24 18:00:00+05:30,21.32,64.1,33.8
2022-09-24 19:00:00+05:30,20.96,63.6,34.5
2022-09-24 20:00:00+05:30,20.2,61.9,34.5
2022-09-24 21:00:00+05:30,21.3,69.8,40.3
2022-09-24 22:00:00+05:30,20.79,77.6,45.0
2022-09-24 23:00:00+05:30,20.86,67.7,37.9
2022-09-25 00:00:00+05:30,20.35,55.1,30.1
2022-09-25 01:00:00+05:30,20.86,62.6,33.4
2022-09-25 02:00:00+05:30,20.92,55.7,30.7
2022-09-25 03:00:00+05:30,21.22,50.2,30.2
2022-09-25 04:00:00+05:30,20.38,45.4,27.5
2022-09-25 05:00:00+05:30,21.14,36.9,21.8
2022-09-25 06:00:00+05:30,20.58,36.4,23.7
2022-09-25 07:00:00+05:30,21.12,37.5,22.6
2022-09-25 08:00:00+05:30,21.3,34.8,18.2
2022-09-25 09:00:00+05:30,20.88,34.9,18.3
2022-09-25 10:00:00+05:30,20.4,36.7,20.8
2022-09-25 11:00:00+05:30,20.36,27.3,13.8
2022-09-25 12:00:00+05:30,21.06,31.2,17.4
2022-09-25 13:00:00+05:30,20.59,39.6,20.8
2022-09-25 14:00:00+05:30,19.28,34.0,18.5
2022-09-25 15:00:00+05:30,20.75,27.5,15.1
2022-09-25 16:00:00+05:30,20.63,28.6,14.5
2022-09-25 17:00:00+05:30,20.38,42.1,20.5
2022-09-25 18:00:00+05:30,19.76,53.3,27.8
2022-09-25 19:00:00+05:30,19.96,45.3,25.6
2022-09-25 21:00:00+05:30,20.72,73.4,44.0
2022-09-25 22:00:00+05:30,19.07,69.7,40.0
2022-09-25 23:00:00+05:30,20.2,91.0,51.0
2022-09-26 00:00:00+05:30,19.32,62.5,30.4
2022-09-26 01:00:00+05:30,20.66,57.0,32.3
2022-09-26 02:00:00+05:30,20.15,46.3,25.5
2022-09-26 03:00:00+05:30,20.55,37.8,18.4
2022-09-26 04:00:00+05:30,19.55,32.7,16.5
2022-09-26 05:00:00+05:30,20.5,48.2,27.8
2022-09-26 06:00:00+05:30,21.06,44.8,27.5
2022-09-26 07:00:00+05:30,20.15,39.9,22.5
2022-09-26 08:00:00+05:30,21.51,59.2,32.7
2022-09-26 09:00:00+05:30,19.94,55.6,30.6
2022-09-26 10:00:00+05:30,20.43,51.5,26.3
2022-09-26 11:00:00+05:30,20.2,63.5,34.6
2022-09-26 12:00:00+05:30,19.89,62.5,28.9
2022-09-26 13:00:00+05:30,19.99,39.9,18.1
2022-09-26 14:00:00+05:30,20.22,47.4,23.6
2022-09-26 15:00:00+05:30,19.97,52.8,27.0
2022-09-26 16:00:00+05:30,20.29,40.4,22.0
2022-09-26 17:00:00+05:30,19.97,56.2,31.8
2022-09-26 18:00:00+05:30,19.81,52.5,29.7
2022-09-26 19:00:00+05:30,20.09,57.8,33.3
2022-09-26 20:00:00+05:30,20.24,63.0,36.0
2022-09-26 21:00:00+05:30,19.31,60.3,33.8
2022-09-26 22:00:00+05:30,20.58,48.8,28.3
2022-09-26 23:00:00+05:30,18.94,71.0,37.1
2022-09-27 00:00:00+05:30,20.1,55.3,31.2
2022-09-27 01:00:00+05:30,20.01,49.2,28.2
2022-09-27 02:00:00+05:30,21.16,44.1,24.9
2022-09-27 03:00:00+05:30,21.01,36.4,19.7
2022-09-27 04:00:00+05:30,20.25,39.6,23.3
2022-09-27 05:00:00+05:30,20.1,46.0,25.4
2022-09-27 06:00:00+05:30,20.37,48.7,26.7
2022-09-27 07:00:00+05:30,20.19,46.4,25.2
2022-09-27 08:00:00+05:30,19.94,78.3,43.8
2022-09-27 09:00:00+05:30,20.31,66.7,38.2
2022-09-27 11:00:00+05:30,20.8,64.8,38.2
2022-09-27 12:00:00+05:30,20.01,65.6,31.8
2022-09-27 16:00:00+05:30,19.95,48.2,27.3
2022-09-27 17:00:00+05:30,20.15,44.4,24.6
2022-09-27 18:00:00+05:30,20.27,41.1,22.2
2022-09-27 19:00:00+05:30,20.21,58.8,34.0
2022-09-27 21:00:00+05:30,21.45,58.0,32.7
2022-09-27 22:00:00+05:30,20.16,60.1,36.7
2022-09-27 23:00:00+05:30,18.93,78.8,47.3
2022-09-28 00:00:00+05:30,19.84,60.5,35.2
2022-09-28 01:00:00+05:30,19.32,53.6,29.2
2022-09-28 03:00:00+05:30,19.92,51.1,29.3
2022-09-28 04:00:00+05:30,19.51,59.6,35.0
2022-09-28 05:00:00+05:30,19.06,54.7,30.9
2022-09-28 06:00:00+05:30,19.9,58.9,36.3
2022-09-28 07:00:00+05:30,20.39,80.0,49.5
2022-09-28 08:00:00+05:30,20.42,71.7,43.4
2022-09-28 09:00:00+05:30,19.96,94.8,50.5
2022-09-28 10:00:00+05:30,20.38,68.3,37.5
2022-09-28 11:00:00+05:30,19.95,64.7,32.2
2022-09-28 12:00:00+05:30,19.99,63.7,31.0
2022-09-28 13:00:00+05:30,20.14,50.1,24.1
2022-09-28 14:00:00+05:30,21.05,49.8,25.3
2022-09-28 15:00:00+05:30,20.29,42.0,22.7
2022-09-28 16:00:00+05:30,19.3,41.0,21.0
2022-09-28 17:00:00+05:30,20.98,46.3,25.9
2022-09-28 18:00:00+05:30,20.69,64.8,37.0
2022-09-28 19:00:00+05:30,20.87,65.7,38.0
2022-09-28 20:00:00+05:30,20.57,73.4,41.8
2022-09-28 21:00:00+05:30,19.88,55.7,33.1
2022-09-28 22:00:00+05:30,20.08,64.2,36.7
2022-09-28 23:00:00+05:30,19.22,85.1,50.4
2022-09-29 00:00:00+05:30,20.22,71.4,41.6
2022-09-29 01:00:00+05:30,20.13,62.2,34.3
2022-09-29 02:00:00+05:30,20.64,46.2,25.8
2022-09-29 03:00:00+05:30,20.6,69.2,37.8
2022-09-29 06:00:00+05:30,20.75,48.9,25.0
2022-09-29 07:00:00+05:30,20.32,53.0,29.5
2022-09-29 08:00:00+05:30,20.77,57.8,33.5
2022-09-29 09:00:00+05:30,19.92,61.0,34.2
2022-09-29 10:00:00+05:30,19.54,80.5,42.6
2022-09-29 12:00:00+05:30,20.62,63.7,31.3
2022-09-29 14:00:00+05:30,20.77,47.0,24.6
2022-09-29 15:00:00+05:30,20.96,41.3,20.8
2022-09-29 16:00:00+05:30,20.52,40.0,21.1
2022-09-29 17:00:00+05:30,20.11,41.0,23.1
2022-09-29 18:00:00+05:30,19.69,54.8,28.4
2022-09-29 19:00:00+05:30,20.09,56.1,30.3
2022-09-29 20:00:00+05:30,19.97,75.4,42.7
2022-09-29 21:00:00+05:30,19.59,76.8,45.8
2022-09-29 23:00:00+05:30,19.54,98.2,55.0
2022-09-30 00:00:00+05:30,20.86,82.8,48.1
2022-09-30 01:00:00+05:30,20.69,72.0,41.9
2022-09-30 02:00:00+05:30,20.2,50.8,28.9
2022-09-30 03:00:00+05:30,20.36,57.1,31.0
2022-09-30 04:00:00+05:30,19.49,44.5,24.9
2022-09-30 05:00:00+05:30,19.12,42.0,23.4
2022-09-30 06:00:00+05:30,18.59,43.7,24.7
2022-09-30 07:00:00+05:30,18.82,61.4,32.3
2022-09-30 08:00:00+05:30,20.43,56.7,31.6
2022-09-30 09:00:00+05:30,20.55,50.4,28.5
2022-09-30 10:00:00+05:30,19.98,61.1,30.1
2022-09-30 12:00:00+05:30,19.54,67.5,29.5
2022-09-30 13:00:00+05:30,20.85,47.2,22.0
2022-09-30 14:00:00+05:30,20.58,39.6,17.6
2022-09-30 15:00:00+05:30,20.32,38.0,17.8
2022-09-30 16:00:00+05:30,20.07,28.3,14.6
2022-09-30 17:00:00+05:30,19.16,37.1,19.1
2022-09-30 18:00:00+05:30,18.48,43.0,23.2
2022-09-30 19:00:00+05:30,19.32,45.2,26.4
2022-09-30 20:00:00+05:30,19.11,69.2,40.4
2022-09-30 21:00:00+05:30,19.57,67.6,38.7
2022-09-30 22:00:00+05:30,19.85,64.5,37.6
2022-09-30 23:00:00+05:30,19.76,86.6,48.6
2022-10-01 04:00:00+05:30,19.53,74.7,43.8
2022-10-01 05:00:00+05:30,21.19,77.0,46.5
2022-10-01 06:00:00+05:30,20.46,74.3,46.3
2022-10-01 07:00:00+05:30,20.35,72.1,45.1
2022-10-01 08:00:00+05:30,19.48,65.7,40.0
2022-10-01 09:00:00+05:30,19.89,61.8,36.1
2022-10-01 11:00:00+05:30,19.73,64.7,29.4
2022-10-01 12:00:00+05:30,19.73,48.4,24.1
2022-10-01 13:00:00+05:30,20.32,46.6,24.9
2022-10-01 14:00:00+05:30,21.55,49.3,27.5
2022-10-01 15:00:00+05:30,20.85,37.0,18.3
2022-10-01 16:00:00+05:30,21.67,39.9,23.1
2022-10-01 17:00:00+05:30,20.25,49.9,26.4
2022-10-01 18:00:00+05:30,20.91,62.9,35.0
2022-10-01 19:00:00+05:30,20.22,68.4,40.2
2022-10-01 20:00:00+05:30,20.05,55.8,32.9
2022-10-01 21:00:00+05:30,20.0,64.9,38.9
2022-10-01 22:00:00+05:30,19.87,59.5,35.2
2022-10-01 23:00:00+05:30,20.8,71.4,42.7
2022-10-02 01:00:00+05:30,19.35,74.8,45.4
2022-10-02 06:00:00+05:30,19.96,63.4,39.2
2022-10-02 07:00:00+05:30,20.26,44.6,27.7
2022-10-02 08:00:00+05:30,20.98,48.9,28.8
2022-10-02 09:00:00+05:30,20.38,52.7,29.0
2022-10-02 10:00:00+05:30,21.03,38.4,19.5
2022-10-02 11:00:00+05:30,20.71,30.1,14.2
2022-10-02 12:00:00+05:30,20.41,40.3,20.7
2022-10-02 13:00:00+05:30,20.07,31.6,19.1
2022-10-02 14:00:00+05:30,20.59,25.4,13.0
2022-10-02 15:00:00+05:30,20.34,24.4,13.1
2022-10-02 16:00:00+05:30,20.76,48.0,28.4
2022-10-02 17:00:00+05:30,20.59,23.0,12.1
2022-10-02 18:00:00+05:30,20.28,30.0,14.4
2022-10-02 19:00:00+05:30,20.38,42.3,24.9
2022-10-02 20:00:00+05:30,19.82,54.6,32.9
2022-10-02 21:00:00+05:30,20.86,60.4,36.0
2022-10-02 22:00:00+05:30,20.57,73.8,44.0
2022-10-02 23:00:00+05:30,20.2,88.9,54.0
2022-10-03 03:00:00+05:30,20.05,60.2,29.3
2022-10-03 05:00:00+05:30,19.97,54.3,30.7
2022-10-03 06:00:00+05:30,20.26,47.3,29.1
2022-10-03 08:00:00+05:30,20.74,48.4,29.4
2022-10-03 09:00:00+05:30,20.84,60.5,32.2
2022-10-03 10:00:00+05:30,20.0,46.8,21.6
2022-10-03 11:00:00+05:30,20.6,88.0,43.2
2022-10-03 13:00:00+05:30,20.2,52.9,29.0
2022-10-03 14:00:00+05:30,19.57,38.3,20.8
2022-10-03 15:00:00+05:30,20.44,37.9,21.1
2022-10-03 16:00:00+05:30,20.8,35.4,20.2
2022-10-03 17:00:00+05:30,20.59,38.1,20.5
2022-10-03 18:00:00+05:30,20.11,35.1,19.6
2022-10-03 19:00:00+05:30,20.31,45.9,24.5
2022-10-03 20:00:00+05:30,21.14,43.2,22.9
2022-10-03 21:00:00+05:30,20.75,69.9,39.0
2022-10-03 22:00:00+05:30,20.35,87.8,50.7
2022-10-03 23:00:00+05:30,20.46,78.6,46.2
2022-10-04 00:00:00+05:30,20.0,70.1,42.3
2022-10-04 03:00:00+05:30,20.48,46.5,27.4
2022-10-04 04:00:00+05:30,20.03,48.5,29.7
2022-10-04 05:00:00+05:30,20.53,50.8,30.3
2022-10-04 06:00:00+05:30,20.23,57.0,33.4
2022-10-04 07:00:00+05:30,20.32,49.1,29.0
2022-10-04 08:00:00+05:30,20.5,84.9,49.0
2022-10-04 09:00:00+05:30,20.31,87.1,52.5
2022-10-04 10:00:00+05:30,20.47,77.2,40.3
2022-10-04 11:00:00+05:30,20.48,66.4,30.2
2022-10-04 13:00:00+05:30,20.37,47.3,19.6
2022-10-04 14:00:00+05:30,20.7,45.9,18.8
2022-10-04 17:00:00+05:30,21.86,37.0,16.9
2022-10-04 18:00:00+05:30,20.41,58.4,33.6
2022-10-04 19:00:00+05:30,20.84,59.2,34.1
2022-10-04 21:00:00+05:30,20.57,105.7,61.2
2022-10-04 22:00:00+05:30,19.63,93.8,53.3
2022-10-04 23:00:00+05:30,20.64,81.0,40.5
2022-10-05 00:00:00+05:30,21.38,61.6,32.3
2022-10-05 03:00:00+05:30,20.82,62.3,35.5
2022-10-05 05:00:00+05:30,20.92,28.7,16.1
2022-10-05 06:00:00+05:30,20.01,37.5,18.4
2022-10-05 07:00:00+05:30,20.27,43.8,23.6
2022-10-05 08:00:00+05:30,20.37,50.7,28.9
2022-10-05 09:00:00+05:30,20.78,39.6,20.0
2022-10-05 10:00:00+05:30,20.59,51.6,26.5
2022-10-05 11:00:00+05:30,20.08,57.1,29.9
2022-10-05 12:00:00+05:30,20.67,54.7,27.0
2022-10-05 13:00:00+05:30,21.0,53.0,22.8
2022-10-05 14:00:00+05:30,21.01,42.2,20.3
2022-10-05 15:00:00+05:30,21.05,39.8,18.2
2022-10-05 16:00:00+05:30,21.02,39.5,18.2
2022-10-05 17:00:00+05:30,20.6,61.7,29.2
2022-10-05 18:00:00+05:30,20.06,77.4,42.8
2022-10-05 19:00:00+05:30,19.61,75.1,41.3
2022-10-05 20:00:00+05:30,20.72,80.5,44.4
2022-10-05 21:00:00+05:30,20.25,77.1,43.3
2022-10-05 22:00:00+05:30,20.87,,45.3
2022-10-05 23:00:00+05:30,19.67,62.4,35.1
2022-10-06 02:00:00+05:30,20.35,39.0,18.0
2022-10-06 03:00:00+05:30,20.19,38.1,20.2
2022-10-06 05:00:00+05:30,20.28,51.0,24.4
2022-10-06 06:00:00+05:30,20.62,35.9,17.7
2022-10-06 07:00:00+05:30,19.64,47.2,22.0
2022-10-06 08:00:00+05:30,20.81,33.7,17.0
2022-10-06 09:00:00+05:30,19.83,66.4,30.9
2022-10-06 10:00:00+05:30,20.12,71.0,32.0
2022-10-06 11:00:00+05:30,20.99,64.2,33.0
2022-10-06 12:00:00+05:30,20.43,71.0,38.5
2022-10-06 13:00:00+05:30,20.2,62.5,33.0
2022-10-06 14:00:00+05:30,20.14,66.4,35.3
2022-10-06 15:00:00+05:30,20.28,74.6,38.8
2022-10-06 16:00:00+05:30,20.53,64.7,32.4
2022-10-06 17:00:00+05:30,20.83,68.0,36.6
2022-10-06 18:00:00+05:30,20.27,78.1,42.0
2022-10-06 19:00:00+05:30,20.14,97.0,47.4
2022-10-06 20:00:00+05:30,20.29,51.5,22.7
2022-10-06 23:00:00+05:30,20.56,40.1,19.7
2022-10-07 00:00:00+05:30,19.69,41.3,18.4
2022-10-07 01:00:00+05:30,19.88,34.0,16.5
2022-10-07 02:00:00+05:30,20.71,39.7,22.2
2022-10-07 03:00:00+05:30,20.52,35.8,17.9
2022-10-07 04:00:00+05:30,20.43,37.1,20.4
2022-10-07 05:00:00+05:30,20.73,39.6,19.2
2022-10-07 06:00:00+05:30,20.21,32.8,18.9
2022-10-07 07:00:00+05:30,20.52,30.2,17.2
2022-10-07 09:00:00+05:30,20.66,32.4,17.3
2022-10-07 10:00:00+05:30,20.57,44.7,25.4
2022-10-07 11:00:00+05:30,20.43,50.8,26.8
2022-10-07 12:00:00+05:30,20.37,53.9,23.4
2022-10-07 13:00:00+05:30,20.53,34.2,13.1
2022-10-07 14:00:00+05:30,20.16,27.6,10.6
2022-10-07 15:00:00+05:30,20.68,29.8,10.4
2022-10-07 16:00:00+05:30,20.22,76.7,14.4
2022-10-07 17:00:00+05:30,20.58,18.9,7.0
2022-10-07 18:00:00+05:30,20.29,21.6,8.9
2022-10-07 19:00:00+05:30,20.34,22.4,10.6
2022-10-07 20:00:00+05:30,20.48,18.0,8.2
2022-10-07 21:00:00+05:30,20.41,15.7,7.6
2022-10-07 22:00:00+05:30,20.58,13.6,6.3
2022-10-07 23:00:00+05:30,20.73,11.5,4.9
2022-10-08 00:00:00+05:30,20.73,12.4,6.0
2022-10-08 01:00:00+05:30,20.21,16.5,9.0
2022-10-08 03:00:00+05:30,20.38,10.8,4.2
2022-10-08 05:00:00+05:30,20.5,14.3,7.6
2022-10-08 07:00:00+05:30,20.21,16.1,5.7
2022-10-08 08:00:00+05:30,20.48,22.8,13.3
2022-10-08 09:00:00+05:30,20.3,43.1,25.0
2022-10-08 10:00:00+05:30,20.48,37.3,20.0
2022-10-08 11:00:00+05:30,20.41,41.5,11.7
2022-10-08 12:00:00+05:30,20.77,35.0,15.2
2022-10-08 13:00:00+05:30,20.58,56.8,16.4
2022-10-08 14:00:00+05:30,20.5,37.9,11.7
2022-10-08 15:00:00+05:30,20.0,35.3,16.5
2022-10-08 16:00:00+05:30,20.33,40.5,17.1
2022-10-08 17:00:00+05:30,20.56,35.4,10.9
2022-10-08 18:00:00+05:30,20.28,32.9,17.6
2022-10-08 19:00:00+05:30,20.62,70.7,40.9
2022-10-08 20:00:00+05:30,20.59,108.1,58.5
2022-10-08 21:00:00+05:30,20.44,114.9,61.9
2022-10-08 22:00:00+05:30,20.82,86.2,43.0
2022-10-08 23:00:00+05:30,20.73,72.3,24.9
2022-10-09 00:00:00+05:30,19.99,26.2,12.2
2022-10-09 01:00:00+05:30,20.45,31.2,14.9
2022-10-09 02:00:00+05:30,21.32,44.6,21.4
2022-10-09 03:00:00+05:30,20.08,24.8,13.1
2022-10-09 05:00:00+05:30,20.29,46.4,26.5
2022-10-09 06:00:00+05:30,19.57,34.7,19.1
2022-10-09 07:00:00+05:30,20.93,29.9,16.1
2022-10-09 08:00:00+05:30,20.09,29.1,15.2
2022-10-09 09:00:00+05:30,19.8,52.0,28.0
2022-10-09 11:00:00+05:30,20.19,53.9,27.9
2022-10-09 12:00:00+05:30,20.18,60.9,30.7
2022-10-09 13:00:00+05:30,20.04,60.8,29.3
2022-10-09 14:00:00+05:30,20.85,57.7,27.7
2022-10-09 15:00:00+05:30,20.79,49.6,25.9
2022-10-09 16:00:00+05:30,20.73,54.6,26.5
2022-10-09 17:00:00+05:30,20.22,57.8,26.4
2022-10-09 18:00:00+05:30,20.47,52.8,25.6
2022-10-09 19:00:00+05:30,20.83,48.1,24.0
2022-10-09 20:00:00+05:30,20.35,46.2,24.8
2022-10-09 21:00:00+05:30,20.26,50.4,27.0
2022-10-09 22:00:00+05:30,20.3,55.3,31.2
2022-10-09 23:00:00+05:30,20.21,63.8,32.8
2022-10-13 13:00:00+05:30,5.72,85.1,23.8
2022-10-13 14:00:00+05:30,4.72,49.5,16.1
2022-10-13 15:00:00+05:30,5.02,55.5,16.9
2022-10-13 16:00:00+05:30,5.13,49.3,12.2
2022-10-13 17:00:00+05:30,5.57,37.4,10.7
2022-10-13 18:00:00+05:30,4.9,46.7,16.9
2022-10-13 19:00:00+05:30,5.0,67.5,26.8
2022-10-13 20:00:00+05:30,4.71,83.6,39.7
2022-10-13 21:00:00+05:30,4.94,123.6,64.4
2022-10-13 22:00:00+05:30,5.01,137.3,70.1
2022-10-13 23:00:00+05:30,5.01,169.0,89.7
2022-10-14 00:00:00+05:30,5.05,138.4,67.4
2022-10-14 01:00:00+05:30,4.6,102.5,46.5
2022-10-14 03:00:00+05:30,4.6,82.1,38.8
2022-10-14 04:00:00+05:30,5.21,71.7,29.3
2022-10-14 05:00:00+05:30,5.02,67.0,29.2
2022-10-14 06:00:00+05:30,4.91,49.5,22.9
2022-10-14 07:00:00+05:30,5.12,59.5,30.1
2022-10-14 08:00:00+05:30,5.12,75.3,37.9
2022-10-14 09:00:00+05:30,4.58,87.4,46.5
2022-10-14 10:00:00+05:30,5.16,97.9,39.0
2022-10-14 11:00:00+05:30,5.14,69.9,29.2
2022-10-14 13:00:00+05:30,4.99,68.8,26.1
2022-10-14 15:00:00+05:30,4.92,57.3,21.0
2022-10-14 16:00:00+05:30,5.02,48.4,19.4
2022-10-14 17:00:00+05:30,4.51,63.5,23.3
2022-10-14 19:00:00+05:30,4.81,93.8,46.1
2022-10-14 20:00:00+05:30,5.06,111.0,56.1
2022-10-14 21:00:00+05:30,5.46,140.7,74.8
2022-10-14 22:00:00+05:30,4.3,167.0,91.0
2022-10-14 23:00:00+05:30,4.87,181.1,101.2
2022-10-15 00:00:00+05:30,5.45,197.5,113.5
2022-10-15 01:00:00+05:30,4.37,234.6,136.7
2022-10-15 02:00:00+05:30,4.95,220.4,124.9
2022-10-15 03:00:00+05:30,4.41,187.9,102.1
2022-10-15 04:00:00+05:30,5.32,148.4,76.8
2022-10-15 05:00:00+05:30,4.47,108.5,56.4
2022-10-15 06:00:00+05:30,5.04,97.7,45.5
2022-10-15 07:00:00+05:30,4.97,143.2,69.3
2022-10-15 08:00:00+05:30,5.08,128.3,62.4
2022-10-15 09:00:00+05:30,5.14,119.5,61.6
2022-10-15 10:00:00+05:30,5.65,94.1,46.1
2022-10-15 11:00:00+05:30,5.15,86.4,39.2
2022-10-15 12:00:00+05:30,4.9,72.2,28.2
2022-10-15 13:00:00+05:30,5.05,56.3,24.9
2022-10-15 15:00:00+05:30,4.91,60.7,24.0
2022-10-15 16:00:00+05:30,5.02,48.6,21.7
2022-10-15 18:00:00+05:30,5.38,58.9,26.0
2022-10-15 19:00:00+05:30,4.64,62.8,30.9
2022-10-15 20:00:00+05:30,4.7,106.8,58.4
2022-10-15 21:00:00+05:30,5.35,216.3,122.8
2022-10-15 22:00:00+05:30,4.94,230.4,130.3
2022-10-16 02:00:00+05:30,5.11,148.7,78.4
2022-10-16 03:00:00+05:30,4.48,131.0,75.9
2022-10-16 04:00:00+05:30,5.3,126.1,59.6
2022-10-16 05:00:00+05:30,4.39,82.6,38.6
2022-10-16 06:00:00+05:30,4.46,78.3,41.0
2022-10-16 08:00:00+05:30,7.58,91.2,45.3
2022-10-16 09:00:00+05:30,4.21,83.6,40.9
2022-10-16 10:00:00+05:30,4.06,86.7,40.3
2022-10-16 11:00:00+05:30,5.33,95.9,40.1
2022-10-16 12:00:00+05:30,4.74,66.0,26.7
2022-10-16 13:00:00+05:30,4.83,75.5,35.3
2022-10-16 15:00:00+05:30,5.09,61.8,24.8
2022-10-16 16:00:00+05:30,5.4,62.4,26.3
2022-10-16 17:00:00+05:30,4.45,61.7,26.2
2022-10-16 18:00:00+05:30,5.12,71.0,32.4
2022-10-16 19:00:00+05:30,5.28,81.2,40.5
2022-10-16 20:00:00+05:30,4.86,122.0,62.7
2022-10-16 21:00:00+05:30,4.84,150.7,76.0
2025-02-19 02:00:00+05:30,17.56,61.9,32.300000000000004
2025-02-19 03:00:00+05:30,27.77,38.266666666666666,20.433333333333334
2025-02-19 04:00:00+05:30,22.16,55.75,29.325000000000003
2025-02-19 05:00:00+05:30,22.58,65.95,35.55
2025-02-19 06:00:00+05:30,56.667500000000004,61.325,33.0
2025-02-19 07:00:00+05:30,43.68333333333334,79.46666666666667,42.1
2025-02-19 08:00:00+05:30,42.6725,94.175,49.075
2025-02-19 09:00:00+05:30,45.21,75.60000000000001,39.266666666666666
2025-02-19 10:00:00+05:30,32.1,84.8,43.75
2025-02-19 11:00:00+05:30,18.605,75.8,39.349999999999994
2025-02-19 12:00:00+05:30,17.49,69.1,36.0
2025-02-19 13:00:00+05:30,10.5,58.1,30.15
2025-02-19 14:00:00+05:30,15.485,62.525000000000006,29.625
2025-02-19 15:00:00+05:30,10.126666666666667,54.53333333333333,26.599999999999998
2025-02-19 16:00:00+05:30,20.71,46.7,23.325
2025-02-19 17:00:00+05:30,16.72,55.0,27.35
2025-02-19 18:00:00+05:30,23.63,88.60000000000001,45.93333333333334
2025-02-19 19:00:00+05:30,39.97,103.1,54.95
2025-02-19 20:00:00+05:30,46.51,70.1,37.224999999999994
2025-02-19 21:00:00+05:30,36.38999999999999,66.3,35.13333333333333
2025-02-19 22:00:00+05:30,28.42,60.225,31.775
2025-02-19 23:00:00+05:30,27.25,61.3,32.95
2025-02-20 00:00:00+05:30,16.46,45.0,24.0
2025-02-20 01:00:00+05:30,21.08,52.8,27.85
2025-02-20 02:00:00+05:30,28.153333333333332,49.666666666666664,26.2
2025-02-20 03:00:00+05:30,37.305,54.2,29.85
2025-02-20 04:00:00+05:30,28.8375,58.975,32.175
2025-02-20 10:00:00+05:30,21.12,53.3,27.0
2025-02-20 11:00:00+05:30,17.66,53.76666666666667,26.96666666666667
2025-02-20 12:00:00+05:30,13.790000000000001,48.43333333333334,24.433333333333334
2025-02-20 13:00:00+05:30,8.34,54.150000000000006,28.2
2025-02-20 14:00:00+05:30,11.55,53.6,27.7
2025-02-20 15:00:00+05:30,6.2,44.3,21.7
2025-02-20 16:00:00+05:30,9.94,39.2,20.3
2025-02-20 17:00:00+05:30,0.0,0.0,0.0
2025-02-20 18:00:00+05:30,0.0,0.0,0.0
2025-02-20 19:00:00+05:30,42.12,113.0,59.7
2025-02-20 20:00:00+05:30,60.4,73.3,39.9
2025-02-20 21:00:00+05:30,48.49,81.2,43.9
2025-02-20 22:00:00+05:30,0.0,0.0,0.0
2025-02-20 23:00:00+05:30,67.32,88.1,48.1
2025-02-21 01:00:00+05:30,39.615,81.9,44.15
2025-02-21 02:00:00+05:30,44.92,68.2,36.425000000000004
2025-02-21 03:00:00+05:30,42.705,74.95,39.65
2025-02-21 04:00:00+05:30,31.653333333333336,75.96666666666665,39.699999999999996
2025-02-21 05:00:00+05:30,34.5,64.85,34.0
2025-02-21 06:00:00+05:30,57.97,96.475,51.675
2025-02-21 07:00:00+05:30,66.405,116.45,64.5
2025-02-21 08:00:00+05:30,58.207499999999996,143.6,78.15
2025-02-21 09:00:00+05:30,27.393333333333334,117.53333333333335,61.166666666666664
2025-02-21 10:00:00+05:30,26.79,141.95,74.95
2025-02-21 11:00:00+05:30,17.796666666666667,139.76666666666665,74.26666666666667
2025-02-21 12:00:00+05:30,15.11,109.9,57.375
2025-02-21 13:00:00+05:30,15.43,107.9,55.1
2025-02-21 14:00:00+05:30,15.1625,93.425,47.599999999999994
2025-02-21 15:00:00+05:30,10.25,85.43333333333334,44.0
2025-02-21 16:00:00+05:30,10.5975,90.4,47.675
2025-02-21 17:00:00+05:30,12.633333333333333,81.03333333333335,42.43333333333333
2025-02-21 18:00:00+05:30,39.595,92.05,49.400000000000006
2025-02-21 19:00:00+05:30,61.943333333333335,124.13333333333333,66.63333333333333
2025-02-21 20:00:00+05:30,66.5575,101.925,56.225
2025-02-21 21:00:00+05:30,74.46333333333332,133.23333333333332,73.83333333333333
2025-02-21 22:00:00+05:30,47.93,126.925,70.375
2025-02-22 08:00:00+05:30,27.763333333333332,103.10000000000001,55.03333333333333
2025-02-22 09:00:00+05:30,27.77,96.0,50.85
2025-02-22 10:00:00+05:30,22.17,103.725,54.1
2025-02-22 11:00:00+05:30,17.313333333333333,94.43333333333334,47.63333333333333
2025-02-22 12:00:00+05:30,15.556666666666667,84.4,43.46666666666666
2025-02-22 13:00:00+05:30,15.196666666666667,79.36666666666666,42.03333333333333
2025-02-22 14:00:00+05:30,16.862499999999997,74.10000000000001,40.8
2025-02-22 15:00:00+05:30,16.924999999999997,67.94999999999999,36.25
2025-02-22 16:00:00+05:30,12.665,72.25,37.650000000000006
2025-02-22 17:00:00+05:30,23.285,102.45,52.8
2025-02-22 18:00:00+05:30,38.64,118.53333333333335,62.300000000000004
2025-02-22 19:00:00+05:30,64.42333333333333,101.60000000000001,55.43333333333334
2025-02-22 20:00:00+05:30,96.70666666666666,125.06666666666666,70.06666666666666
2025-02-22 21:00:00+05:30,86.10000000000001,136.79999999999998,77.2
2025-02-22 22:00:00+05:30,70.98666666666666,138.26666666666668,76.86666666666666
2025-02-22 23:00:00+05:30,41.475,109.5,60.0
2025-02-23 00:00:00+05:30,20.35,114.7,61.6
2025-02-23 01:00:00+05:30,51.45333333333334,108.66666666666667,59.333333333333336
2025-02-23 02:00:00+05:30,55.27,104.3,57.7
2025-02-23 11:00:00+05:30,13.305,95.7,50.45
2025-02-23 12:00:00+05:30,17.323333333333334,71.13333333333334,37.76666666666667
2025-02-23 13:00:00+05:30,15.753333333333332,69.39999999999999,36.36666666666667
2025-02-23 14:00:00+05:30,13.1875,66.425,34.625
2025-02-23 15:00:00+05:30,14.520000000000001,59.0,31.633333333333336
2025-02-23 16:00:00+05:30,13.280000000000001,59.325,31.525
2025-02-23 17:00:00+05:30,12.8,68.2,47.25
2025-02-23 18:00:00+05:30,29.17,213.0666666666667,106.63333333333333
2025-02-23 19:00:00+05:30,46.303333333333335,166.9,86.3
2025-02-23 20:00:00+05:30,79.645,123.6,69.7
2025-02-23 21:00:00+05:30,91.73,157.9,88.56666666666666
2025-02-23 22:00:00+05:30,89.3575,197.5,110.325
2025-02-23 23:00:00+05:30,77.55,228.0,124.95
2025-02-24 00:00:00+05:30,33.14,114.9,63.9
2025-02-24 01:00:00+05:30,72.13,122.4,67.25
2025-02-24 02:00:00+05:30,62.075,112.475,62.375
2025-02-24 03:00:00+05:30,53.04666666666666,95.89999999999999,55.26666666666667
2025-02-24 04:00:00+05:30,52.1475,128.85,73.05
2025-02-24 05:00:00+05:30,30.849999999999998,109.66666666666667,59.400000000000006
2025-02-24 06:00:00+05:30,27.153333333333332,111.3,56.699999999999996
2025-02-24 07:00:00+05:30,18.706666666666667,110.56666666666666,54.06666666666666
2025-02-24 08:00:00+05:30,23.555,94.3,46.925
2025-02-24 09:00:00+05:30,20.44333333333333,130.46666666666667,62.43333333333334
2025-02-24 10:00:00+05:30,20.026666666666667,152.29999999999998,70.16666666666667
2025-02-24 11:00:00+05:30,18.265,136.4,63.3
2025-02-24 12:00:00+05:30,15.699999999999998,151.86666666666667,69.63333333333333
2025-02-24 13:00:00+05:30,11.51,166.33333333333334,75.60000000000001
2025-02-24 14:00:00+05:30,14.105,143.05,65.35
2025-02-24 15:00:00+05:30,10.866666666666667,95.60000000000001,45.26666666666667
2025-02-24 16:00:00+05:30,10.1325,109.375,52.8
2025-02-24 17:00:00+05:30,12.32,111.96666666666665,53.03333333333333
2025-02-24 18:00:00+05:30,35.19,117.0,59.95
2025-02-24 19:00:00+05:30,67.47999999999999,141.7,75.0
2025-02-24 20:00:00+05:30,85.4175,137.325,74.475
2025-02-24 21:00:00+05:30,83.38,185.5,100.93333333333334
2025-02-24 22:00:00+05:30,58.67666666666667,175.86666666666667,98.13333333333333
2025-02-24 23:00:00+05:30,44.87,133.65,72.2
2025-02-25 00:00:00+05:30,26.71,139.6,75.3
2025-02-25 01:00:00+05:30,23.310000000000002,116.26666666666667,61.73333333333333
2025-02-25 02:00:00+05:30,26.8375,119.1,61.8
2025-02-25 03:00:00+05:30,14.435,96.30000000000001,51.7
2025-02-25 04:00:00+05:30,14.143333333333333,88.73333333333333,44.300000000000004
2025-02-25 05:00:00+05:30,16.413333333333334,77.0,38.199999999999996
2025-02-25 06:00:00+05:30,20.4475,76.475,39.275000000000006
2025-02-25 07:00:00+05:30,28.464999999999996,84.9,44.0
2025-02-25 08:00:00+05:30,28.3075,89.375,45.825
2025-02-25 09:00:00+05:30,23.39,95.06666666666666,49.53333333333333
2025-02-25 10:00:00+05:30,20.843333333333334,101.5,50.36666666666667
2025-02-25 11:00:00+05:30,20.283333333333335,94.93333333333334,46.800000000000004
2025-02-25 12:00:00+05:30,15.226666666666667,93.3,46.0
2025-02-25 13:00:00+05:30,10.89,102.7,47.800000000000004
2025-02-25 14:00:00+05:30,9.49,89.10000000000001,42.300000000000004
2025-02-25 15:00:00+05:30,10.245000000000001,85.6,40.65
2025-02-25 16:00:00+05:30,14.31,75.25,37.225
2025-02-25 17:00:00+05:30,12.38,105.53333333333335,51.73333333333333
2025-02-25 18:00:00+05:30,38.336666666666666,120.73333333333333,61.63333333333333
2025-02-25 19:00:00+05:30,74.04333333333334,119.10000000000001,63.63333333333333
2025-02-25 20:00:00+05:30,94.45666666666666,168.1,92.03333333333335
2025-02-25 21:00:00+05:30,63.1,182.55,101.95
2025-02-25 22:00:00+05:30,60.75,160.0,89.06666666666666
2025-02-25 23:00:00+05:30,64.505,153.5,82.6
2025-02-26 00:00:00+05:30,47.24,185.4,101.3
2025-02-26 01:00:00+05:30,37.53,130.76666666666668,69.0
2025-02-26 02:00:00+05:30,29.3275,91.675,47.35
2025-02-26 03:00:00+05:30,29.036666666666665,89.3,45.46666666666667
2025-02-26 04:00:00+05:30,18.49,76.56666666666668,38.53333333333333
2025-02-26 05:00:00+05:30,18.73,65.9,32.2
2025-02-26 06:00:00+05:30,22.560000000000002,71.475,35.775
2025-02-26 07:00:00+05:30,22.903333333333336,79.76666666666667,40.36666666666667
2025-02-26 08:00:00+05:30,22.765,93.55,46.3
2025-02-26 09:00:00+05:30,24.36,97.95,46.5
2025-02-26 10:00:00+05:30,18.086666666666666,84.23333333333333,41.96666666666667
2025-02-26 11:00:00+05:30,23.459999999999997,86.89999999999999,42.5
2025-02-26 12:00:00+05:30,20.66,99.875,46.975
2025-02-26 13:00:00+05:30,17.566666666666666,99.56666666666666,49.666666666666664
2025-02-26 14:00:00+05:30,15.6525,98.95,46.125
2025-02-26 15:00:00+05:30,13.774999999999999,81.95,39.95
2025-02-26 16:00:00+05:30,18.28,83.66666666666667,43.93333333333334
2025-02-26 17:00:00+05:30,20.08,119.15,61.4
2025-02-26 18:00:00+05:30,62.255,204.9,107.525
2025-02-26 19:00:00+05:30,108.93,273.04999999999995,147.6
2025-02-26 20:00:00+05:30,105.7625,347.275,192.925
2025-02-26 21:00:00+05:30,104.82,302.09999999999997,171.26666666666665
2025-02-26 22:00:00+05:30,90.57499999999999,291.1,160.55
2025-02-26 23:00:00+05:30,94.73,305.1,170.2
2025-02-27 00:00:00+05:30,50.27,183.5,100.5
2025-02-27 01:00:00+05:30,40.95,172.8,92.7
2025-02-27 02:00:00+05:30,31.395,122.75,64.75
2025-02-27 03:00:00+05:30,30.845000000000002,101.44999999999999,52.35
2025-02-27 04:00:00+05:30,25.843333333333334,96.89999999999999,48.73333333333333
2025-02-27 05:00:00+05:30,21.47,89.2,41.766666666666666
2025-02-27 06:00:00+05:30,31.060000000000002,87.675,41.825
2025-02-27 07:00:00+05:30,31.61,91.7,44.833333333333336
2025-02-27 08:00:00+05:30,38.18666666666667,141.66666666666666,72.5
2025-02-27 09:00:00+05:30,39.945,188.14999999999998,98.75
2025-02-27 10:00:00+05:30,46.787499999999994,144.825,74.35
2025-02-27 11:00:00+05:30,44.269999999999996,176.15,90.0
2025-02-27 12:00:00+05:30,34.8,160.35,80.975
2025-02-27 13:00:00+05:30,16.246666666666666,147.33333333333334,72.06666666666666
2025-02-27 14:00:00+05:30,22.065,129.025,63.474999999999994
2025-02-27 15:00:00+05:30,16.176666666666666,130.29999999999998,61.5
2025-02-27 16:00:00+05:30,17.816666666666666,130.9,62.800000000000004
2025-02-27 17:00:00+05:30,23.236666666666665,165.9,84.53333333333333
2025-02-27 18:00:00+05:30,59.775000000000006,171.925,90.775
2025-02-27 19:00:00+05:30,114.27,261.3666666666667,144.6
2025-02-27 20:00:00+05:30,126.475,454.725,253.25
2025-02-27 21:00:00+05:30,121.57,419.15,231.7
2025-02-27 22:00:00+05:30,79.16,388.4,215.3
2025-02-27 23:00:00+05:30,71.745,324.6,178.4
2025-02-28 00:00:00+05:30,28.52,127.3,70.0
2025-02-28 01:00:00+05:30,16.14,87.65,46.349999999999994
2025-02-28 02:00:00+05:30,20.645,79.9,42.3
2025-02-28 03:00:00+05:30,28.086666666666662,106.10000000000001,57.300000000000004
2025-02-28 04:00:00+05:30,25.4725,115.225,60.825
2025-02-28 05:00:00+05:30,20.98,79.2,42.266666666666666
2025-02-28 06:00:00+05:30,27.3525,96.1,52.2
2025-02-28 07:00:00+05:30,24.293333333333333,139.0666666666667,74.5
2025-02-28 08:00:00+05:30,29.543333333333333,139.29999999999998,73.60000000000001
2025-02-28 09:00:00+05:30,32.835,120.65,63.2
2025-02-28 10:00:00+05:30,23.1275,85.975,46.25
2025-02-28 11:00:00+05:30,20.84,103.5,55.3
2025-02-28 12:00:00+05:30,17.3325,98.875,50.875
2025-02-28 13:00:00+05:30,9.425,101.0,50.849999999999994
2025-02-28 14:00:00+05:30,13.2075,86.14999999999999,42.175
2025-02-28 15:00:00+05:30,14.919999999999998,64.85,32.15
2025-02-28 16:00:00+05:30,15.423333333333332,82.39999999999999,42.166666666666664
2025-02-28 17:00:00+05:30,17.126666666666665,97.23333333333333,50.06666666666666
2025-02-28 18:00:00+05:30,30.91,131.075,69.725
2025-02-28 19:00:00+05:30,50.61,159.45,86.0
2025-02-28 20:00:00+05:30,79.77,198.675,109.2
2025-02-28 21:00:00+05:30,80.725,229.14999999999998,128.39999999999998
2025-02-28 22:00:00+05:30,76.88,257.0,143.75
2025-02-28 23:00:00+05:30,69.23,208.6,117.9
2025-03-01 00:00:00+05:30,33.96,142.4,77.4
2025-03-01 01:00:00+05:30,34.72666666666667,150.83333333333334,82.53333333333335
2025-03-01 02:00:00+05:30,24.3475,132.875,71.65
2025-03-01 03:00:00+05:30,28.87,127.8,69.5
2025-03-01 04:00:00+05:30,32.83,116.83333333333333,63.36666666666667
2025-03-01 05:00:00+05:30,33.84666666666667,110.10000000000001,59.4
2025-03-01 06:00:00+05:30,32.455,100.6,55.55
2025-03-01 07:00:00+05:30,33.385000000000005,146.0,80.80000000000001
2025-03-01 09:00:00+05:30,24.5,136.0,71.46666666666665
2025-03-01 10:00:00+05:30,23.02,126.375,64.3
2025-03-01 11:00:00+05:30,21.386666666666667,116.66666666666667,58.699999999999996
2025-03-01 12:00:00+05:30,18.346666666666668,118.76666666666667,63.46666666666667
2025-03-01 13:00:00+05:30,15.54,162.8,82.05
2025-03-01 14:00:00+05:30,13.385,118.4,59.45
2025-03-01 15:00:00+05:30,13.59,99.1,52.05
2025-03-01 16:00:00+05:30,13.895,194.525,100.85
2025-03-01 17:00:00+05:30,15.16,220.1,112.2
2025-03-01 18:00:00+05:30,30.174999999999997,200.8,107.25
2025-03-01 19:00:00+05:30,55.666666666666664,182.23333333333335,98.33333333333333
2025-03-01 20:00:00+05:30,42.89,158.525,87.0
2025-03-01 21:00:00+05:30,36.14666666666667,169.03333333333333,93.3
2025-03-01 22:00:00+05:30,46.9375,175.375,97.875
2025-03-01 23:00:00+05:30,49.2,174.8,97.7
2025-03-02 00:00:00+05:30,32.05,175.8,97.7
2025-03-02 01:00:00+05:30,20.81,166.8,93.8
2025-03-02 02:00:00+05:30,16.99,138.8,77.075
2025-03-02 03:00:00+05:30,16.72,135.76666666666665,74.56666666666666
2025-03-02 04:00:00+05:30,16.62,138.29999999999998,77.76666666666667
2025-03-02 05:00:00+05:30,20.73,127.60000000000001,72.0
2025-03-02 06:00:00+05:30,22.006666666666664,131.16666666666666,74.39999999999999
2025-03-02 07:00:00+05:30,34.07,145.1,81.8
2025-03-02 08:00:00+05:30,23.765,138.05,75.69999999999999
2025-03-02 09:00:00+05:30,29.49,138.45,74.2
2025-03-02 10:00:00+05:30,15.603333333333333,158.9,83.8
2025-03-02 11:00:00+05:30,15.403333333333334,126.39999999999999,66.16666666666667
2025-03-02 12:00:00+05:30,13.3925,125.225,64.075
2025-03-02 13:00:00+05:30,11.25,124.93333333333332,67.33333333333333
2025-03-02 14:00:00+05:30,12.6125,102.5,56.725
2025-03-02 15:00:00+05:30,9.926666666666668,102.73333333333333,55.9
2025-03-02 16:00:00+05:30,10.89,105.7,56.03333333333333
2025-03-02 17:00:00+05:30,16.175,143.2,75.05000000000001
2025-03-02 18:00:00+05:30,20.615000000000002,269.4,141.55
2025-03-02 19:00:00+05:30,47.495000000000005,215.5,116.30000000000001
2025-03-02 20:00:00+05:30,56.35999999999999,180.70000000000002,99.10000000000001
2025-03-02 21:00:00+05:30,84.58999999999999,218.63333333333333,122.63333333333333
2025-03-02 22:00:00+05:30,83.5475,205.925,115.475
2025-03-02 23:00:00+05:30,79.995,190.25,107.25
2025-03-03 00:00:00+05:30,20.6,139.7,74.3
2025-03-03 01:00:00+05:30,18.883333333333333,113.3,61.5
2025-03-03 02:00:00+05:30,14.4525,106.2,59.2
2025-03-03 03:00:00+05:30,13.584999999999999,94.94999999999999,52.900000000000006
2025-03-03 04:00:00+05:30,26.71,86.5,49.1
2025-03-03 05:00:00+05:30,27.146666666666665,90.2,48.76666666666667
2025-03-03 06:00:00+05:30,36.68,110.7,59.300000000000004
2025-03-03 07:00:00+05:30,28.10666666666667,129.20000000000002,69.2
2025-03-03 08:00:00+05:30,22.703333333333333,111.46666666666665,59.03333333333333
2025-03-03 09:00:00+05:30,20.916666666666668,114.26666666666667,61.53333333333333
2025-03-03 10:00:00+05:30,17.06,121.96666666666665,65.06666666666668
2025-03-03 11:00:00+05:30,16.29,121.0,64.0
2025-03-03 12:00:00+05:30,13.783333333333333,143.13333333333333,75.2
2025-03-03 13:00:00+05:30,7.71,156.4,77.2
2025-03-03 16:00:00+05:30,15.6,104.5,51.4
2025-03-03 17:00:00+05:30,17.84,105.13333333333333,52.9
2025-03-03 18:00:00+05:30,23.83666666666667,143.23333333333332,72.36666666666666
2025-03-03 19:00:00+05:30,43.515,172.7,88.85
2025-03-03 20:00:00+05:30,57.61333333333334,187.0666666666667,97.43333333333334
2025-03-03 21:00:00+05:30,59.625,232.95,122.0
2025-03-03 22:00:00+05:30,57.89,280.15,147.875
2025-03-03 23:00:00+05:30,50.019999999999996,232.60000000000002,122.25
2025-03-04 00:00:00+05:30,8.23,134.7,63.5
2025-03-04 01:00:00+05:30,14.106666666666667,139.66666666666666,66.76666666666667
2025-03-04 02:00:00+05:30,14.86,96.775,47.575
2025-03-04 03:00:00+05:30,19.174999999999997,86.15,42.3
2025-03-04 04:00:00+05:30,15.079999999999998,85.16666666666667,42.46666666666667
2025-03-04 05:00:00+05:30,17.45,94.8,45.7
2025-03-04 06:00:00+05:30,17.933333333333334,96.60000000000001,48.73333333333333
2025-03-04 07:00:00+05:30,15.725,135.0,66.0
2025-03-04 08:00:00+05:30,22.64,141.0,68.7
2025-03-04 09:00:00+05:30,18.736666666666668,151.96666666666667,73.13333333333334
2025-03-04 10:00:00+05:30,13.42,231.5,104.73333333333333
2025-03-04 11:00:00+05:30,11.253333333333332,185.46666666666667,86.2
2025-03-04 12:00:00+05:30,11.9,186.29999999999998,85.53333333333335
2025-03-04 13:00:00+05:30,11.590000000000002,224.73333333333335,107.0
2025-03-04 14:00:00+05:30,9.93,220.9,101.975
2025-03-04 15:00:00+05:30,11.296666666666667,232.76666666666665,105.2
2025-03-04 16:00:00+05:30,9.02,199.5,84.225
2025-03-04 17:00:00+05:30,11.143333333333333,181.20000000000002,79.13333333333333
2025-03-04 18:00:00+05:30,18.013333333333332,197.20000000000002,91.26666666666667
2025-03-04 19:00:00+05:30,35.303333333333335,201.46666666666667,93.60000000000001
2025-03-04 20:00:00+05:30,28.932499999999997,227.325,103.1
2025-03-04 21:00:00+05:30,23.27,155.03333333333333,72.8
2025-03-04 22:00:00+05:30,27.816666666666663,176.70000000000002,84.56666666666666
2025-03-04 23:00:00+05:30,18.665,183.15,88.55000000000001
2025-03-05 00:00:00+05:30,8.82,133.8,
2025-03-05 01:00:00+05:30,17.01,134.2,65.2
2025-03-05 02:00:00+05:30,18.7875,125.125,61.7
2025-03-05 03:00:00+05:30,21.296666666666667,134.70000000000002,65.3
2025-03-05 04:00:00+05:30,20.126666666666665,131.29999999999998,65.0
2025-03-05 05:00:00+05:30,16.943333333333335,158.0666666666667,78.76666666666667
2025-03-05 06:00:00+05:30,15.936666666666666,197.73333333333335,93.9
2025-03-05 07:00:00+05:30,15.906666666666666,201.79999999999998,90.3
2025-03-05 08:00:00+05:30,14.766666666666666,303.93333333333334,130.83333333333334
2025-03-05 09:00:00+05:30,10.075,295.1,128.8
2025-03-05 10:00:00+05:30,9.15,215.76666666666665,96.10000000000001
2025-03-05 11:00:00+05:30,9.37,154.6,68.4
2025-03-05 12:00:00+05:30,10.432500000000001,149.125,66.65
2025-03-05 13:00:00+05:30,9.67,124.0,55.400000000000006
2025-03-05 14:00:00+05:30,9.87,106.3,45.93333333333334
2025-03-05 15:00:00+05:30,5.953333333333333,98.10000000000001,44.56666666666666
2025-03-05 16:00:00+05:30,8.31,115.53333333333335,53.333333333333336
2025-03-05 17:00:00+05:30,10.77,146.55,63.4
2025-03-05 18:00:00+05:30,29.8275,180.775,87.3
2025-03-05 19:00:00+05:30,50.85,139.4,68.85
2025-03-05 20:00:00+05:30,36.54,224.3,114.9
2025-03-05 21:00:00+05:30,51.343333333333334,188.9,95.63333333333333
2025-03-05 22:00:00+05:30,42.803333333333335,148.86666666666667,73.33333333333333
2025-03-05 23:00:00+05:30,40.95,115.0,57.8
2025-03-06 00:00:00+05:30,30.28,117.4,58.0
2025-03-06 01:00:00+05:30,35.945,123.64999999999999,61.2
2025-03-06 02:00:00+05:30,35.7625,133.45,65.875
2025-03-06 03:00:00+05:30,37.556666666666665,133.9333333333333,65.23333333333333
2025-03-06 04:00:00+05:30,37.02,148.13333333333333,74.89999999999999
2025-03-06 05:00:00+05:30,40.644999999999996,126.15,63.949999999999996
2025-03-06 06:00:00+05:30,42.26333333333333,159.96666666666667,78.36666666666666
2025-03-06 07:00:00+05:30,43.82333333333333,234.5666666666667,115.26666666666667
2025-03-06 08:00:00+05:30,46.873333333333335,208.76666666666665,102.13333333333333
2025-03-06 09:00:00+05:30,51.163333333333334,198.20000000000002,97.8
2025-03-06 10:00:00+05:30,24.396666666666665,120.26666666666667,58.5
2025-03-06 11:00:00+05:30,22.735,138.45,64.85
2025-03-06 12:00:00+05:30,16.84,116.5,53.1
2025-03-06 13:00:00+05:30,11.305,94.4,43.3
2025-03-06 14:00:00+05:30,10.8925,72.57499999999999,33.75
2025-03-06 15:00:00+05:30,14.65,77.2,35.666666666666664
2025-03-06 16:00:00+05:30,13.355,68.7,33.7
2025-03-06 17:00:00+05:30,16.763333333333332,138.23333333333332,87.5
2025-03-06 18:00:00+05:30,43.2325,133.325,88.3
2025-03-06 19:00:00+05:30,94.11666666666667,195.23333333333335,146.53333333333333
2025-03-06 20:00:00+05:30,88.1525,274.775,209.75
2025-03-06 21:00:00+05:30,75.275,237.14999999999998,180.75
2025-03-06 22:00:00+05:30,74.2025,241.825,180.95
2025-03-06 23:00:00+05:30,72.28,199.4,146.89999999999998
2025-03-07 00:00:00+05:30,70.74,206.3,155.9
2025-03-07 01:00:00+05:30,69.595,203.45,156.64999999999998
2025-03-07 02:00:00+05:30,64.045,177.325,133.5
2025-03-07 03:00:00+05:30,49.199999999999996,176.6,127.59999999999998
2025-03-07 04:00:00+05:30,42.5775,134.15,97.375
2025-03-07 05:00:00+05:30,33.545,137.65,98.1
2025-03-07 06:00:00+05:30,47.67666666666667,140.4,103.16666666666667
2025-03-07 07:00:00+05:30,38.43,226.2,165.35
2025-03-07 08:00:00+05:30,38.214999999999996,212.5,153.85
2025-03-07 09:00:00+05:30,32.620000000000005,168.3,123.35
2025-03-07 10:00:00+05:30,31.32,223.05,160.2
2025-03-07 11:00:00+05:30,26.189999999999998,171.53333333333333,123.96666666666668
2025-03-07 12:00:00+05:30,14.540000000000001,123.95,87.8
2025-03-07 13:00:00+05:30,14.87,120.56666666666666,85.56666666666666
2025-03-07 14:00:00+05:30,13.895,101.875,74.175
2025-03-07 15:00:00+05:30,11.93,77.6,54.35
2025-03-07 16:00:00+05:30,15.04,76.35,55.45
2025-03-07 17:00:00+05:30,20.090000000000003,114.1,81.25
2025-03-07 18:00:00+05:30,22.94666666666667,126.2,89.2
2025-03-07 19:00:00+05:30,17.439999999999998,101.4,74.4
2025-03-07 20:00:00+05:30,23.38,164.75,127.675
2025-03-07 21:00:00+05:30,62.75333333333333,256.56666666666666,198.73333333333335
2025-03-07 22:00:00+05:30,80.2175,268.525,203.95
2025-03-07 23:00:00+05:30,76.28,218.3,163.4
2025-03-08 00:00:00+05:30,66.03,153.9,116.5
2025-03-08 01:00:00+05:30,41.6,147.6,98.75
2025-03-08 02:00:00+05:30,35.435,86.05,62.9
2025-03-08 03:00:00+05:30,34.96333333333333,81.5,60.36666666666667
2025-03-08 04:00:00+05:30,36.3375,79.85,58.55
2025-03-08 05:00:00+05:30,23.823333333333334,86.9,57.13333333333333
2025-03-08 06:00:00+05:30,28.2075,128.125,97.85
2025-03-08 07:00:00+05:30,21.2,127.6,103.2
2025-03-08 08:00:00+05:30,24.1175,130.625,94.475
2025-03-08 09:00:00+05:30,21.865000000000002,90.80000000000001,65.1
2025-03-08 10:00:00+05:30,18.6475,133.22500000000002,97.75
2025-03-08 11:00:00+05:30,17.153333333333332,148.43333333333334,107.63333333333333
2025-03-08 12:00:00+05:30,9.813333333333333,97.36666666666667,68.63333333333334
2025-03-08 13:00:00+05:30,2.585,48.85,33.3
2025-03-08 14:00:00+05:30,8.3125,84.25,57.8
2025-03-08 15:00:00+05:30,5.4350000000000005,62.95,43.45
2025-03-08 16:00:00+05:30,7.5675,77.125,50.6
2025-03-08 17:00:00+05:30,7.035,104.85,72.6
2025-03-08 18:00:00+05:30,29.645,124.0,89.225
2025-03-08 19:00:00+05:30,39.760000000000005,238.75,179.85
2025-03-08 20:00:00+05:30,68.8125,337.85,255.0
2025-03-08 21:00:00+05:30,35.36,349.2,276.5
2025-03-08 22:00:00+05:30,66.705,387.75,297.775
2025-03-08 23:00:00+05:30,74.28,327.5,252.3
2025-03-09 00:00:00+05:30,48.35,172.9,130.2
2025-03-09 01:00:00+05:30,33.080000000000005,130.23333333333332,96.93333333333334
2025-03-09 02:00:00+05:30,29.100000000000005,116.60000000000001,84.36666666666666
2025-03-09 03:00:00+05:30,34.405,95.5,69.4
2025-03-09 04:00:00+05:30,51.832499999999996,99.92500000000001,73.8
2025-03-09 05:00:00+05:30,49.696666666666665,115.53333333333335,86.66666666666667
2025-03-09 06:00:00+05:30,46.6025,176.0,130.3
2025-03-09 07:00:00+05:30,36.839999999999996,158.4,114.06666666666666
2025-03-09 08:00:00+05:30,48.864999999999995,236.7,168.85000000000002
2025-03-09 09:00:00+05:30,35.45333333333333,218.29999999999998,156.96666666666667
2025-03-09 10:00:00+05:30,28.596666666666664,167.33333333333334,116.76666666666667
2025-03-09 11:00:00+05:30,22.555,164.55,115.5
2025-03-09 12:00:00+05:30,16.91,124.56666666666666,88.56666666666666
2025-03-09 13:00:00+05:30,17.965,103.5,73.6
2025-03-09 14:00:00+05:30,16.2175,94.55,68.7
2025-03-09 15:00:00+05:30,10.74,136.05,96.9
2025-03-09 16:00:00+05:30,11.39,193.9333333333333,139.53333333333333
2025-03-09 17:00:00+05:30,17.996666666666666,105.26666666666665,76.16666666666667
2025-03-09 18:00:00+05:30,45.9525,242.77499999999998,176.9
2025-03-09 19:00:00+05:30,69.035,210.65,155.3
2025-03-09 20:00:00+05:30,77.985,201.175,152.725
2025-03-09 21:00:00+05:30,70.4,202.55,154.55
2025-03-09 22:00:00+05:30,73.4375,264.65,201.1
2025-03-09 23:00:00+05:30,69.02,391.0,300.6
2025-03-10 00:00:00+05:30,62.31,244.3,182.7
2025-03-10 01:00:00+05:30,49.93000000000001,160.73333333333335,120.39999999999999
2025-03-10 02:00:00+05:30,31.427500000000002,132.475,98.175
2025-03-10 03:00:00+05:30,37.016666666666666,128.03333333333333,93.53333333333335
2025-03-10 04:00:00+05:30,42.9375,162.89999999999998,119.575
2025-03-10 05:00:00+05:30,104.67,147.3,107.1
2025-03-10 06:00:00+05:30,78.775,141.625,103.175
2025-03-10 07:00:00+05:30,40.305,214.85,155.05
2025-03-10 08:00:00+05:30,40.455,174.825,120.1
2025-03-10 09:00:00+05:30,34.32333333333333,145.4333333333333,96.0
2025-03-10 10:00:00+05:30,33.08,43.95,24.725
2025-03-10 11:00:00+05:30,68.22333333333334,118.26666666666667,69.33333333333333
2025-03-10 12:00:00+05:30,12.193333333333333,83.7,50.666666666666664
2025-03-10 13:00:00+05:30,0.0,75.0,44.05
2025-03-10 14:00:00+05:30,-99.99,82.75,45.85
2025-03-10 15:00:00+05:30,-90.34999999999998,70.5,41.26666666666667
2025-03-10 16:00:00+05:30,30.740000000000002,78.475,48.35
2025-03-10 17:00:00+05:30,120.54333333333334,75.36666666666666,45.9
2025-03-10 18:00:00+05:30,463.44000000000005,121.3,84.8
2025-03-10 19:00:00+05:30,829.1033333333334,182.13333333333333,134.63333333333333
2025-03-10 20:00:00+05:30,999.9900000000001,274.1666666666667,207.4333333333333
2025-03-10 21:00:00+05:30,999.99,305.7,233.0
2025-03-10 23:00:00+05:30,526.52,174.8,132.75
2025-03-11 00:00:00+05:30,874.55,158.1,110.1
2025-03-11 01:00:00+05:30,796.9033333333333,133.33333333333334,93.7
2025-03-11 02:00:00+05:30,845.1133333333333,107.3,74.2
2025-03-11 03:00:00+05:30,864.3866666666667,96.60000000000001,65.5
2025-03-11 04:00:00+05:30,999.99,97.85,65.55000000000001
2025-03-11 05:00:00+05:30,827.715,82.55000000000001,55.65
2025-03-11 06:00:00+05:30,889.9900000000001,101.43333333333334,69.03333333333335
2025-03-11 07:00:00+05:30,999.99,170.85000000000002,119.75
2025-03-11 08:00:00+05:30,999.9900000000001,133.43333333333334,88.93333333333334
2025-03-11 09:00:00+05:30,841.5699999999999,120.6,78.05
2025-03-11 10:00:00+05:30,999.99,121.45,80.8
2025-03-11 11:00:00+05:30,999.99,116.69999999999999,77.6
2025-03-11 12:00:00+05:30,999.99,135.6,86.1
2025-03-11 13:00:00+05:30,999.99,109.1,73.6
2025-03-11 14:00:00+05:30,55.77333333333333,120.0,74.83333333333333
2025-03-11 15:00:00+05:30,45.785,95.6,58.75
2025-03-11 16:00:00+05:30,54.949999999999996,107.0,68.75
2025-03-11 17:00:00+05:30,57.03666666666667,124.76666666666667,83.06666666666666
2025-03-11 18:00:00+05:30,58.03,250.375,174.5
2025-03-11 19:00:00+05:30,55.33,354.0,253.8
2025-03-11 20:00:00+05:30,46.23666666666666,284.9666666666667,211.4333333333333
2025-03-11 21:00:00+05:30,53.89,259.3,194.1
2025-03-11 22:00:00+05:30,53.21,224.05,161.025
2025-03-11 23:00:00+05:30,54.575,228.25,167.1
2025-03-12 00:00:00+05:30,54.0,164.7,120.2
2025-03-12 01:00:00+05:30,54.97666666666667,151.43333333333334,107.7
2025-03-12 02:00:00+05:30,56.1775,130.97500000000002,92.1
2025-03-12 03:00:00+05:30,50.11666666666667,156.53333333333333,114.7
2025-03-12 04:00:00+05:30,49.25666666666667,199.79999999999998,140.9
2025-03-12 05:00:00+05:30,54.675,152.7,106.7
2025-03-12 06:00:00+05:30,50.435,163.4,117.275
2025-03-12 07:00:00+05:30,47.72,239.3,174.6
2025-03-12 08:00:00+05:30,46.93,329.525,238.575
2025-03-12 09:00:00+05:30,49.75,168.8,121.19999999999999
2025-03-12 10:00:00+05:30,26.28,149.9,106.05000000000001
2025-03-12 11:00:00+05:30,49.67,103.3,67.15
2025-03-12 12:00:00+05:30,48.3025,99.325,65.725
2025-03-12 13:00:00+05:30,44.18666666666667,84.3,55.93333333333334
2025-03-12 14:00:00+05:30,43.7075,74.5,46.7
2025-03-12 15:00:00+05:30,40.36666666666667,84.76666666666667,54.63333333333333
2025-03-12 16:00:00+05:30,32.28,73.83333333333333,48.699999999999996
2025-03-12 17:00:00+05:30,37.28333333333333,102.60000000000001,68.7
2025-03-12 18:00:00+05:30,31.515,259.15,183.4
2025-03-12 19:00:00+05:30,36.33,195.8,140.6
2025-03-12 20:00:00+05:30,37.582499999999996,210.75,151.925
2025-03-12 21:00:00+05:30,33.1,198.15,142.55
2025-03-12 22:00:00+05:30,26.34,186.2,136.3
2025-03-12 23:00:00+05:30,33.205,179.05,133.4
2025-03-13 00:00:00+05:30,33.96,133.8,98.2
2025-03-13 01:00:00+05:30,35.150000000000006,76.15,54.7
2025-03-13 02:00:00+05:30,34.45333333333333,91.53333333333335,63.633333333333326
2025-03-13 03:00:00+05:30,32.04,108.7,73.9
2025-03-13 04:00:00+05:30,30.150000000000002,87.86666666666667,62.4
2025-03-13 05:00:00+05:30,32.54,88.59999999999998,63.46666666666667
2025-03-13 06:00:00+05:30,31.403333333333336,76.73333333333333,54.26666666666667
2025-03-13 07:00:00+05:30,31.453333333333333,167.43333333333334,121.33333333333333
2025-03-13 08:00:00+05:30,31.176666666666666,118.5,84.0
2025-03-13 09:00:00+05:30,31.715,65.95,46.2
2025-03-13 10:00:00+05:30,10.4775,136.5,88.975
2025-03-13 11:00:00+05:30,13.346666666666666,115.66666666666667,77.06666666666666
2025-03-13 12:00:00+05:30,0.0,66.7,44.1
2025-03-13 13:00:00+05:30,3.6299999999999994,72.23333333333333,50.199999999999996
2025-03-13 14:00:00+05:30,-2.9725,76.125,53.275
2025-03-13 15:00:00+05:30,-21.903333333333332,58.9,42.1
2025-03-13 16:00:00+05:30,-79.05,102.7,72.96666666666665
2025-03-13 17:00:00+05:30,21.546666666666667,95.36666666666667,68.96666666666667
2025-03-13 18:00:00+05:30,38.81,91.13333333333333,67.33333333333333
2025-03-13 19:00:00+05:30,24.99333333333333,76.2,57.333333333333336
2025-03-13 20:00:00+05:30,10.96,71.6,54.650000000000006
2025-03-13 21:00:00+05:30,36.57,89.80000000000001,68.45
2025-03-13 22:00:00+05:30,31.146666666666665,92.8,66.76666666666667
2025-03-13 23:00:00+05:30,26.3,99.75,71.55
2025-03-14 00:00:00+05:30,7.1,97.0,67.5
2025-03-14 01:00:00+05:30,0.9733333333333333,73.60000000000001,51.43333333333334
2025-03-14 02:00:00+05:30,-4.183333333333334,66.43333333333334,48.833333333333336
2025-03-14 03:00:00+05:30,-10.51,69.1,52.4
2025-03-14 04:00:00+05:30,-16.005,69.25,53.150000000000006
2025-03-14 05:00:00+05:30,-19.83,66.26666666666667,50.26666666666667
2025-03-14 06:00:00+05:30,-22.310000000000002,77.96666666666667,60.800000000000004
2025-03-14 07:00:00+05:30,-24.413333333333338,100.2,78.36666666666666
2025-03-14 08:00:00+05:30,-25.663333333333338,90.73333333333333,69.83333333333333
2025-03-14 09:00:00+05:30,-34.373333333333335,80.9,61.9
2025-03-14 10:00:00+05:30,-24.099999999999998,65.93333333333332,49.5
2025-03-14 11:00:00+05:30,-22.91,60.5,43.9
2025-03-14 12:00:00+05:30,-28.490000000000002,132.3,95.2
2025-03-14 13:00:00+05:30,-20.835,100.5,73.1
2025-03-14 14:00:00+05:30,-14.976666666666667,51.900000000000006,43.96666666666667
2025-03-14 15:00:00+05:30,-8.19,77.44999999999999,51.349999999999994
2025-03-14 16:00:00+05:30,-4.383333333333334,74.0,50.6
2025-03-14 17:00:00+05:30,-2.62,62.9,44.300000000000004
2025-03-14 18:00:00+05:30,-0.37000000000000005,105.0,77.36666666666667
2025-03-14 19:00:00+05:30,-1.695,91.9,69.65
2025-03-14 20:00:00+05:30,-2.2125,75.075,55.125
2025-03-14 21:00:00+05:30,-3.0549999999999997,82.0,55.85
2025-03-14 22:00:00+05:30,-3.223333333333333,77.8,53.06666666666666
2025-03-14 23:00:00+05:30,-1.795,63.25,43.35
2025-03-15 00:00:00+05:30,0.93,63.2,44.8
2025-03-15 01:00:00+05:30,1.8466666666666665,57.1,40.06666666666667
2025-03-15 02:00:00+05:30,3.1166666666666667,53.46666666666667,38.666666666666664
2025-03-15 03:00:00+05:30,3.9050000000000002,47.85,35.55
2025-03-15 04:00:00+05:30,6.079999999999999,48.63333333333333,35.56666666666666
2025-03-15 05:00:00+05:30,9.325,57.0,41.0
2025-03-15 06:00:00+05:30,7.829999999999999,72.2,55.6
2025-03-15 07:00:00+05:30,13.795,107.3,82.55000000000001
2025-03-15 08:00:00+05:30,14.35,102.56666666666666,77.3
2025-03-15 09:00:00+05:30,20.116666666666667,86.2,65.39999999999999
2025-03-15 10:00:00+05:30,26.34,79.25,59.099999999999994
2025-03-15 11:00:00+05:30,32.445,96.13333333333333,69.4
2025-03-15 12:00:00+05:30,32.163333333333334,43.0,31.03333333333333
2025-03-15 13:00:00+05:30,44.56333333333333,125.0,80.7
2025-03-15 14:00:00+05:30,57.7,70.65,51.8
2025-03-15 15:00:00+05:30,53.586666666666666,75.33333333333333,55.03333333333333
2025-03-15 16:00:00+05:30,69.98,62.75,45.4
2025-03-15 17:00:00+05:30,73.37333333333333,88.89999999999999,64.89999999999999
2025-03-15 18:00:00+05:30,52.98333333333333,85.60000000000001,62.13333333333333
2025-03-15 19:00:00+05:30,72.48333333333333,107.10000000000001,79.89999999999999
2025-03-15 20:00:00+05:30,58.11666666666667,78.23333333333333,59.166666666666664
2025-03-15 21:00:00+05:30,68.79333333333334,127.39999999999999,96.8
2025-03-15 22:00:00+05:30,65.755,111.725,82.39999999999999
2025-03-15 23:00:00+05:30,63.87,109.3,81.0
2025-03-16 00:00:00+05:30,36.89,96.8,71.3
2025-03-16 01:00:00+05:30,53.84666666666667,101.39999999999999,74.96666666666665
2025-03-16 02:00:00+05:30,55.00666666666666,62.9,47.5
2025-03-16 03:00:00+05:30,54.903333333333336,77.06666666666666,56.199999999999996
2025-03-16 04:00:00+05:30,64.13666666666667,95.10000000000001,70.36666666666667
2025-03-16 05:00:00+05:30,34.225,86.3,65.0
2025-03-16 06:00:00+05:30,59.699999999999996,79.83333333333333,59.3
2025-03-16 07:00:00+05:30,68.53,90.8,69.1
2025-03-16 08:00:00+05:30,68.87,115.26666666666667,82.85
2025-03-16 09:00:00+05:30,66.67750000000001,93.975,68.725
2025-03-16 10:00:00+05:30,68.39,130.03333333333333,93.36666666666667
2025-03-16 11:00:00+05:30,74.48666666666666,138.13333333333333,100.95
2025-03-16 12:00:00+05:30,66.8,78.1,60.63333333333333
2025-03-16 13:00:00+05:30,78.61,100.56666666666666,65.8
2025-03-16 14:00:00+05:30,96.57,60.4,41.300000000000004
2025-03-16 15:00:00+05:30,82.16000000000001,113.06666666666666,82.0
2025-03-16 16:00:00+05:30,86.04333333333334,101.425,71.89999999999999
2025-03-16 17:00:00+05:30,103.69,104.5,87.53333333333335
2025-03-16 18:00:00+05:30,103.19333333333333,194.13333333333333,139.33333333333334
2025-03-16 19:00:00+05:30,87.8675,135.7,96.75
2025-03-16 20:00:00+05:30,101.96000000000001,104.96666666666665,71.15
2025-03-16 21:00:00+05:30,82.05333333333333,103.63333333333333,72.33333333333333
2025-03-16 22:00:00+05:30,77.73333333333333,92.5,64.2
2025-03-16 23:00:00+05:30,92.05,124.7,89.6
2025-03-17 00:00:00+05:30,92.23,75.8,54.0
2025-03-17 01:00:00+05:30,77.60000000000001,58.699999999999996,42.56666666666666
2025-03-17 02:00:00+05:30,75.35333333333334,47.03333333333334,33.766666666666666
2025-03-17 03:00:00+05:30,87.2625,46.1,34.15
2025-03-17 04:00:00+05:30,66.945,45.400000000000006,34.0
2025-03-17 05:00:00+05:30,88.5,47.4,34.9
2025-03-17 06:00:00+05:30,89.64,101.4,76.1
2025-03-17 07:00:00+05:30,42.63,146.1,110.4
2025-03-17 08:00:00+05:30,45.96,76.4,54.7
2025-03-17 09:00:00+05:30,78.74333333333333,102.7,73.86666666666666
2025-03-17 10:00:00+05:30,93.55,112.925,74.05
2025-03-17 11:00:00+05:30,100.11,74.2,46.325
2025-03-17 12:00:00+05:30,100.89666666666666,74.5,49.26666666666667
2025-03-17 13:00:00+05:30,192.26,63.45,43.15
2025-03-17 14:00:00+05:30,53.215,59.9,40.65
2025-03-17 15:00:00+05:30,0.0,77.06666666666666,51.800000000000004
2025-03-17 16:00:00+05:30,0.0,40.199999999999996,26.933333333333334
2025-03-17 17:00:00+05:30,0.0,60.1,41.733333333333334
2025-03-17 18:00:00+05:30,0.0,67.10000000000001,47.06666666666666
2025-03-17 19:00:00+05:30,0.0,96.45,69.95
2025-03-17 20:00:00+05:30,0.0,120.3,87.36666666666667
2025-03-17 21:00:00+05:30,0.0,119.7,87.95
2025-03-17 22:00:00+05:30,0.0,114.63333333333333,83.66666666666667
2025-03-17 23:00:00+05:30,0.0,99.9,73.6
2025-03-18 00:00:00+05:30,0.0,110.8,79.4
2025-03-18 01:00:00+05:30,0.0,117.94999999999999,85.1
2025-03-18 02:00:00+05:30,0.0,110.56666666666668,81.56666666666666
2025-03-18 03:00:00+05:30,0.0,93.05,65.25
2025-03-18 04:00:00+05:30,0.0,87.85,60.5
2025-03-18 05:00:00+05:30,0.0,92.75,61.025
2025-03-18 06:00:00+05:30,0.0,91.9,59.5
2025-03-18 07:00:00+05:30,0.0,101.95,68.75
2025-03-18 08:00:00+05:30,0.0,72.85,48.7
2025-03-18 09:00:00+05:30,0.0,74.8,48.56666666666666
2025-03-18 10:00:00+05:30,0.0,90.85,55.925
2025-03-18 11:00:00+05:30,0.0,89.89999999999999,50.6
2025-03-18 12:00:00+05:30,0.0,91.75,46.3
2025-03-18 13:00:00+05:30,0.0,69.5,40.06666666666667
2025-03-18 14:00:00+05:30,0.0,91.73333333333333,50.23333333333333
2025-03-18 15:00:00+05:30,0.0,51.150000000000006,29.1
2025-03-18 16:00:00+05:30,0.0,58.15,35.25
2025-03-18 17:00:00+05:30,0.0,69.6,44.05
2025-03-18 18:00:00+05:30,0.0,153.53333333333333,103.76666666666667
2025-03-18 19:00:00+05:30,0.0,110.5,79.5
2025-03-18 20:00:00+05:30,0.0,102.6,77.0
2025-03-18 21:00:00+05:30,0.0,116.76666666666667,83.0
2025-03-18 22:00:00+05:30,0.0,119.075,82.4
2025-03-18 23:00:00+05:30,0.0,121.25,85.8
2025-03-19 00:00:00+05:30,0.0,102.9,73.1
2025-03-19 01:00:00+05:30,0.0,93.35,63.900000000000006
2025-03-19 02:00:00+05:30,0.0,89.525,63.150000000000006
2025-03-19 03:00:00+05:30,0.0,97.26666666666667,69.39999999999999
2025-03-19 04:00:00+05:30,0.0,98.53333333333335,66.46666666666667
2025-03-19 05:00:00+05:30,0.0,95.60000000000001,65.39999999999999
2025-03-19 06:00:00+05:30,0.0,121.775,86.025
2025-03-19 07:00:00+05:30,0.0,194.6,142.23333333333332
2025-03-19 08:00:00+05:30,0.0,180.70000000000002,124.90000000000002
2025-03-19 09:00:00+05:30,0.0,146.6,99.75
2025-03-19 10:00:00+05:30,57.835,120.65,79.75
2025-03-19 11:00:00+05:30,,98.5,
2025-03-19 12:00:00+05:30,67.37666666666667,72.5,48.56666666666666
2025-03-19 13:00:00+05:30,43.473333333333336,70.33333333333333,44.300000000000004
2025-03-19 14:00:00+05:30,76.0425,65.825,39.725
2025-03-19 15:00:00+05:30,58.245000000000005,59.099999999999994,37.3
2025-03-19 16:00:00+05:30,53.49333333333334,57.199999999999996,36.9
2025-03-19 17:00:00+05:30,59.415000000000006,66.55,44.6
2025-03-19 18:00:00+05:30,49.81333333333333,160.43333333333334,115.03333333333335
2025-03-19 19:00:00+05:30,43.84,143.1,106.53333333333335
2025-03-19 20:00:00+05:30,73.2725,135.875,101.14999999999999
2025-03-19 21:00:00+05:30,54.105000000000004,150.5,110.4
2025-03-19 22:00:00+05:30,63.19499999999999,149.0,108.65
2025-03-19 23:00:00+05:30,60.73,108.9,78.6
2025-03-20 00:00:00+05:30,60.62,78.0,56.0
2025-03-20 01:00:00+05:30,61.05,70.5,51.8
2025-03-20 02:00:00+05:30,52.917500000000004,71.225,51.3
2025-03-20 03:00:00+05:30,59.72666666666667,54.96666666666667,40.766666666666666
2025-03-20 04:00:00+05:30,38.699999999999996,37.4,26.899999999999995
2025-03-20 05:00:00+05:30,61.949999999999996,62.35,45.55
2025-03-20 06:00:00+05:30,71.95750000000001,107.825,78.05
2025-03-20 07:00:00+05:30,70.13,154.3,112.9
2025-03-20 08:00:00+05:30,42.39333333333334,87.16666666666667,63.43333333333334
2025-03-20 09:00:00+05:30,63.67,81.6,56.5
2025-03-20 10:00:00+05:30,50.155,196.85,120.9
2025-03-20 11:00:00+05:30,29.72,107.4,72.4
2025-03-20 12:00:00+05:30,54.68,88.4,59.6
2025-03-20 13:00:00+05:30,54.0,96.1,63.2
2025-03-20 14:00:00+05:30,47.9225,55.325,38.075
2025-03-20 15:00:00+05:30,55.33,53.8,37.5
2025-03-20 16:00:00+05:30,51.730000000000004,64.2,45.075
2025-03-20 17:00:00+05:30,59.21,74.6,52.3
2025-03-20 18:00:00+05:30,60.519999999999996,210.325,153.175
2025-03-20 19:00:00+05:30,73.79499999999999,174.0,128.35000000000002
2025-03-20 20:00:00+05:30,71.92,108.9,81.3
2025-03-20 21:00:00+05:30,40.42,107.0,78.9
2025-03-20 22:00:00+05:30,50.22,80.9,55.13333333333333
2025-03-20 23:00:00+05:30,69.67,66.6,49.7
2025-03-21 00:00:00+05:30,68.39,67.6,49.6
2025-03-21 01:00:00+05:30,68.99,63.4,46.3
2025-03-21 02:00:00+05:30,63.065,50.15,35.6
2025-03-21 09:00:00+05:30,30.06,30.95,23.3
2025-03-21 10:00:00+05:30,0.0,0.0,0.0
2025-03-21 11:00:00+05:30,0.0,0.0,0.0
2025-03-21 12:00:00+05:30,0.0,0.0,0.0
2025-03-21 13:00:00+05:30,0.0,0.0,0.0
2025-03-21 14:00:00+05:30,32.800000000000004,34.63333333333333,20.53333333333333
2025-03-21 15:00:00+05:30,55.175,57.45,32.55
2025-03-21 16:00:00+05:30,61.94,51.76666666666667,30.866666666666664
2025-03-21 17:00:00+05:30,68.795,83.05,54.900000000000006
2025-03-21 18:00:00+05:30,78.20666666666666,156.0,111.46666666666665
2025-03-21 19:00:00+05:30,92.39,90.60000000000001,67.53333333333333
2025-03-21 20:00:00+05:30,87.9925,162.425,116.94999999999999
2025-03-21 21:00:00+05:30,93.095,166.65,119.0
2025-03-21 22:00:00+05:30,93.855,131.9,96.25
2025-03-21 23:00:00+05:30,94.05,97.8,74.4
2025-03-22 00:00:00+05:30,96.16,76.4,52.0
2025-03-22 01:00:00+05:30,97.36500000000001,81.0,57.900000000000006
2025-03-22 02:00:00+05:30,96.2375,83.3,60.425
2025-03-22 03:00:00+05:30,78.47,78.16666666666667,53.96666666666667
2025-03-22 04:00:00+05:30,0.0,0.0,0.0
2025-03-22 05:00:00+05:30,94.38333333333333,76.39999999999999,53.73333333333333
2025-03-22 06:00:00+05:30,95.66666666666667,117.0,84.03333333333333
2025-03-22 07:00:00+05:30,98.745,203.35,148.5
2025-03-22 08:00:00+05:30,96.77666666666666,157.5,114.76666666666667
2025-03-22 09:00:00+05:30,47.565,154.5,106.6
2025-03-22 10:00:00+05:30,72.04333333333334,133.76666666666665,88.0
2025-03-22 11:00:00+05:30,67.26,99.0,62.45
2025-03-22 12:00:00+05:30,81.82,87.75,53.849999999999994
2025-03-22 13:00:00+05:30,68.42333333333333,74.16666666666667,45.666666666666664
2025-03-22 14:00:00+05:30,69.74,67.3,40.93333333333333
2025-03-22 15:00:00+05:30,64.18,60.5,36.4
2025-03-22 16:00:00+05:30,73.19,61.23333333333334,38.333333333333336
2025-03-22 17:00:00+05:30,70.59,79.6,52.9
2025-03-22 18:00:00+05:30,102.79666666666667,122.5,85.10000000000001
2025-03-22 19:00:00+05:30,71.54,142.10000000000002,119.3
2025-03-22 20:00:00+05:30,117.52,231.83333333333334,180.4
2025-03-22 21:00:00+05:30,145.97,264.2,206.6
2025-03-22 22:00:00+05:30,127.81,269.5,216.95
2025-03-22 23:00:00+05:30,138.555,249.45,192.6
2025-03-23 00:00:00+05:30,127.33,187.2,143.1
2025-03-23 01:00:00+05:30,109.62333333333333,146.86666666666667,111.3
2025-03-23 02:00:00+05:30,129.185,140.0,105.7
2025-03-23 03:00:00+05:30,108.84,125.3,90.7
2025-03-23 04:00:00+05:30,89.47333333333334,88.8,61.46666666666667
2025-03-23 05:00:00+05:30,86.85499999999999,100.85,73.9
2025-03-23 06:00:00+05:30,89.75333333333333,145.03333333333333,104.26666666666667
2025-03-23 07:00:00+05:30,84.38499999999999,159.8,117.05000000000001
2025-03-23 08:00:00+05:30,106.405,133.75,94.15
2025-03-23 09:00:00+05:30,82.0,154.0,107.63333333333333
2025-03-23 10:00:00+05:30,91.5575,150.025,102.575
2025-03-23 11:00:00+05:30,74.49,107.26666666666667,71.39999999999999
2025-03-23 12:00:00+05:30,72.97,92.13333333333333,58.1
2025-03-23 13:00:00+05:30,64.75,87.44999999999999,54.45
2025-03-23 14:00:00+05:30,86.34,70.2,41.275
2025-03-23 15:00:00+05:30,88.31,58.8,36.4
2025-03-23 16:00:00+05:30,61.35,67.63333333333333,41.46666666666667
2025-03-23 17:00:00+05:30,96.2,84.6,55.45
2025-03-23 18:00:00+05:30,114.77333333333333,173.96666666666667,123.73333333333333
2025-03-23 19:00:00+05:30,130.95,189.85000000000002,140.14999999999998
2025-03-23 20:00:00+05:30,130.20749999999998,169.925,129.975
2025-03-23 21:00:00+05:30,169.10500000000002,257.9,202.0
2025-03-23 22:00:00+05:30,140.94333333333333,271.3666666666667,211.29999999999998
2025-03-23 23:00:00+05:30,147.66,159.5,117.1
2025-03-24 00:00:00+05:30,130.76,,92.1
2025-03-24 01:00:00+05:30,127.23,115.3,84.3
2025-03-24 02:00:00+05:30,122.37,103.575,72.375
2025-03-24 03:00:00+05:30,124.01,120.7,90.65
2025-03-24 04:00:00+05:30,118.38666666666666,110.10000000000001,82.66666666666667
2025-03-24 05:00:00+05:30,116.57666666666667,87.5,64.16666666666667
2025-03-24 06:00:00+05:30,122.3,121.57499999999999,82.375
2025-03-24 07:00:00+05:30,121.965,189.95,135.0
2025-03-24 08:00:00+05:30,116.435,129.43333333333334,99.95
2025-03-24 09:00:00+05:30,114.19,128.0,92.0
2025-03-24 10:00:00+05:30,101.08,132.9,91.4
2025-03-24 11:00:00+05:30,97.47999999999999,122.7,80.75
2025-03-24 12:00:00+05:30,96.99000000000001,102.7,66.76666666666667
2025-03-24 13:00:00+05:30,93.815,89.05,58.25
2025-03-25 11:00:00+05:30,45.32,91.6,59.1
2025-03-25 12:00:00+05:30,25.156666666666666,71.96666666666667,47.63333333333333
2025-03-25 13:00:00+05:30,22.285,70.6,45.5
2025-03-25 14:00:00+05:30,27.4475,83.375,53.625
2025-03-25 15:00:00+05:30,21.415,61.550000000000004,39.6
2025-03-25 16:00:00+05:30,28.985,67.875,46.675
2025-03-25 17:00:00+05:30,30.733333333333334,71.05,49.4
2025-03-25 18:00:00+05:30,31.10666666666667,99.36666666666667,71.10000000000001
2025-03-25 19:00:00+05:30,57.54,137.0,102.26666666666667
2025-03-25 20:00:00+05:30,84.00666666666666,221.13333333333335,174.26666666666665
2025-03-25 21:00:00+05:30,66.415,292.1,227.7
2025-03-25 22:00:00+05:30,69.5775,252.35,194.475
2025-03-25 23:00:00+05:30,32.88,194.4,149.4
2025-03-26 00:00:00+05:30,26.24,124.4,93.3
2025-03-26 01:00:00+05:30,30.985,106.1,74.94999999999999
2025-03-26 02:00:00+05:30,40.19,110.85,74.375
2025-03-26 03:00:00+05:30,35.01,91.2,65.2
2025-03-26 04:00:00+05:30,35.93666666666667,73.16666666666667,53.73333333333333
2025-03-26 05:00:00+05:30,32.3,73.55,54.0
2025-03-26 06:00:00+05:30,44.715,92.8,66.475
2025-03-26 07:00:00+05:30,47.61,124.3,88.3
2025-03-26 08:00:00+05:30,40.0725,93.2,68.35
2025-03-26 09:00:00+05:30,38.68,73.46666666666665,54.666666666666664
2025-03-26 10:00:00+05:30,29.6875,77.675,54.65
2025-03-26 11:00:00+05:30,9.01,75.4,50.7
2025-03-26 12:00:00+05:30,8.02,65.15,44.075
2025-03-26 13:00:00+05:30,7.07,58.166666666666664,40.03333333333333
2025-03-26 14:00:00+05:30,4.09,64.05000000000001,42.099999999999994
2025-03-26 15:00:00+05:30,9.28,76.6,49.7
2025-03-26 16:00:00+05:30,8.663333333333334,59.800000000000004,39.699999999999996
2025-03-26 17:00:00+05:30,14.066666666666668,73.89999999999999,51.333333333333336
2025-03-26 18:00:00+05:30,20.877499999999998,90.05,63.925
2025-03-26 19:00:00+05:30,47.650000000000006,134.7,104.69999999999999
2025-03-26 20:00:00+05:30,55.9125,182.85,137.55
2025-03-26 21:00:00+05:30,37.419999999999995,163.43333333333334,120.03333333333335
2025-03-26 22:00:00+05:30,27.386666666666667,143.23333333333332,100.8
2025-03-26 23:00:00+05:30,31.335,115.1,80.75
2025-03-27 00:00:00+05:30,30.59,76.4,52.7
2025-03-27 01:00:00+05:30,30.295,57.95,41.55
2025-03-27 02:00:00+05:30,32.263333333333335,57.9,42.36666666666667
2025-03-27 03:00:00+05:30,33.965,73.75,56.75
2025-03-27 04:00:00+05:30,36.515,73.44999999999999,56.349999999999994
2025-03-27 05:00:00+05:30,38.69,89.8,68.7
2025-03-27 06:00:00+05:30,40.16,136.7,109.4
2025-03-27 07:00:00+05:30,38.480000000000004,160.85000000000002,123.60000000000001
2025-03-27 08:00:00+05:30,37.245000000000005,158.14999999999998,115.0
2025-03-27 09:00:00+05:30,37.46,167.76666666666668,112.16666666666667
2025-03-27 10:00:00+05:30,37.47666666666667,97.73333333333333,64.83333333333333
2025-03-27 11:00:00+05:30,37.5,131.3,90.3
2025-03-27 12:00:00+05:30,36.38,105.25,68.775
2025-03-27 13:00:00+05:30,36.15,94.39999999999999,60.833333333333336
2025-03-27 14:00:00+05:30,35.150000000000006,74.0,47.55
2025-03-27 15:00:00+05:30,30.314999999999998,69.25,43.95
2025-03-27 16:00:00+05:30,17.526666666666667,84.83333333333333,46.46666666666667
2025-03-27 17:00:00+05:30,19.200000000000003,84.75,48.5
2025-03-27 18:00:00+05:30,26.573333333333334,123.03333333333335,72.56666666666666
2025-03-27 19:00:00+05:30,34.39666666666667,94.23333333333333,58.333333333333336
2025-03-27 20:00:00+05:30,37.93,95.53333333333335,59.26666666666667
2025-03-27 21:00:00+05:30,44.09,111.60000000000001,68.96666666666665
2025-03-27 22:00:00+05:30,40.48,141.43333333333334,88.39999999999999
2025-03-27 23:00:00+05:30,31.265,127.89999999999999,77.65
2025-03-28 01:00:00+05:30,27.76,105.56666666666666,65.93333333333334
2025-03-28 02:00:00+05:30,26.7175,89.625,56.025
2025-03-28 03:00:00+05:30,26.615000000000002,102.9,64.5
2025-03-28 04:00:00+05:30,18.333333333333332,64.7,40.26666666666667
2025-03-28 05:00:00+05:30,31.560000000000002,117.7,66.80000000000001
2025-03-28 06:00:00+05:30,33.586666666666666,92.13333333333333,54.0
2025-03-28 07:00:00+05:30,33.800000000000004,102.7,60.0
2025-03-28 08:00:00+05:30,31.64,137.0,76.2
2025-03-28 09:00:00+05:30,38.61,139.60000000000002,77.4
2025-03-28 10:00:00+05:30,39.62,167.9,94.03333333333335
2025-03-28 11:00:00+05:30,28.68,142.05,80.35
2025-03-28 12:00:00+05:30,26.13,127.96666666666665,68.46666666666665
2025-03-28 13:00:00+05:30,25.826666666666664,119.26666666666667,65.36666666666666
2025-03-28 14:00:00+05:30,25.583333333333332,87.93333333333334,46.6
2025-03-28 15:00:00+05:30,23.939999999999998,80.55000000000001,39.95
2025-03-28 16:00:00+05:30,24.27,69.325,34.175
2025-03-28 17:00:00+05:30,24.895,70.9,34.35
2025-03-28 18:00:00+05:30,32.004999999999995,99.47500000000001,52.325
2025-03-28 19:00:00+05:30,39.254999999999995,97.05,53.7
2025-03-28 20:00:00+05:30,34.95,84.4,45.95
2025-03-28 21:00:00+05:30,36.665000000000006,103.3,56.95
2025-03-28 22:00:00+05:30,40.32333333333333,129.1,65.89999999999999
2025-03-28 23:00:00+05:30,35.625,119.94999999999999,58.95
2025-03-29 00:00:00+05:30,30.13,89.6,46.7
2025-03-29 01:00:00+05:30,29.85,84.44999999999999,43.95
2025-03-29 02:00:00+05:30,28.6625,84.05000000000001,43.375
2025-03-29 03:00:00+05:30,28.31,89.7,47.1
2025-03-29 04:00:00+05:30,27.745,86.75,48.2
2025-03-29 05:00:00+05:30,32.17,79.45,44.5
2025-03-29 06:00:00+05:30,36.373333333333335,111.23333333333335,64.3
2025-03-29 07:00:00+05:30,31.679999999999996,123.03333333333335,69.26666666666667
2025-03-29 08:00:00+05:30,30.46,110.9,61.225
2025-03-29 09:00:00+05:30,28.175,173.35000000000002,82.85
2025-03-29 10:00:00+05:30,25.48,156.86666666666667,75.23333333333333
2025-03-29 11:00:00+05:30,24.005,140.35000000000002,69.55
2025-03-29 12:00:00+05:30,22.286666666666665,138.53333333333333,64.8
2025-03-29 13:00:00+05:30,21.775,118.9,55.25
2025-03-29 14:00:00+05:30,20.506666666666664,102.13333333333333,47.46666666666667
2025-03-29 15:00:00+05:30,21.116666666666664,107.63333333333333,50.9
2025-03-29 16:00:00+05:30,21.349999999999998,93.43333333333334,44.699999999999996
2025-03-29 17:00:00+05:30,22.100000000000005,88.60000000000001,42.53333333333333
2025-03-29 18:00:00+05:30,34.12333333333333,98.86666666666667,51.699999999999996
2025-03-29 19:00:00+05:30,53.099999999999994,111.2,64.1
2025-03-29 20:00:00+05:30,45.36333333333334,101.56666666666666,57.86666666666667
2025-03-29 21:00:00+05:30,49.985,129.7,75.7
2025-03-29 22:00:00+05:30,51.153333333333336,129.43333333333334,76.56666666666666
2025-03-29 23:00:00+05:30,41.86,117.15,70.19999999999999
2025-03-30 00:00:00+05:30,36.72,131.5,73.8
2025-03-30 01:00:00+05:30,25.545,102.1,58.05
2025-03-30 02:00:00+05:30,24.71666666666667,123.03333333333335,69.63333333333333
2025-03-30 03:00:00+05:30,22.945,120.05,65.85
2025-03-30 04:00:00+05:30,29.14,105.15,55.05
2025-03-30 05:00:00+05:30,29.745,90.65,45.95
2025-03-30 06:00:00+05:30,31.31,91.4,48.725
2025-03-30 07:00:00+05:30,29.84,108.23333333333333,56.9
2025-03-30 08:00:00+05:30,28.9875,112.6,58.925
2025-03-30 09:00:00+05:30,26.560000000000002,104.0,53.85
2025-03-30 10:00:00+05:30,24.605,108.75,57.474999999999994
2025-03-30 11:00:00+05:30,22.935000000000002,90.85,45.65
2025-03-30 12:00:00+05:30,18.236666666666668,84.56666666666666,42.199999999999996
2025-03-30 13:00:00+05:30,20.705,85.25,43.0
2025-03-30 14:00:00+05:30,19.8175,79.825,38.625
2025-03-30 15:00:00+05:30,19.886666666666667,69.5,35.13333333333333
2025-03-30 16:00:00+05:30,20.0225,71.875,35.025
2025-03-30 17:00:00+05:30,22.31,87.9,45.8
2025-03-30 18:00:00+05:30,33.1625,127.925,74.225
2025-03-30 19:00:00+05:30,29.244999999999997,143.0,82.5
2025-03-30 20:00:00+05:30,30.04,190.65,111.85
2025-03-30 21:00:00+05:30,34.31,180.75,104.55000000000001
2025-03-30 22:00:00+05:30,39.495,154.425,86.375
2025-03-30 23:00:00+05:30,29.595,156.3,85.0
2025-03-31 00:00:00+05:30,39.53,180.3,86.0
2025-03-31 01:00:00+05:30,28.19333333333333,107.0,50.93333333333334
2025-03-31 02:00:00+05:30,25.9,59.05,31.55
2025-03-31 03:00:00+05:30,19.395,77.85,40.8
2025-03-31 04:00:00+05:30,26.995,78.3,43.45
2025-03-31 05:00:00+05:30,27.65,79.5,44.55
2025-03-31 06:00:00+05:30,31.174999999999997,93.125,54.3
2025-03-31 07:00:00+05:30,32.43,159.2,93.15
2025-03-31 08:00:00+05:30,29.247500000000002,124.475,66.225
2025-03-31 09:00:00+05:30,26.44666666666667,120.96666666666665,61.63333333333333
2025-03-31 10:00:00+05:30,23.3875,123.75,60.325
2025-03-31 11:00:00+05:30,21.65,112.8,53.8
2025-03-31 12:00:00+05:30,20.6175,86.5,39.925
2025-03-31 13:00:00+05:30,20.253333333333334,82.13333333333333,38.03333333333333
2025-03-31 14:00:00+05:30,19.0775,65.0,30.575
2025-03-31 15:00:00+05:30,19.18,59.150000000000006,28.0
2025-03-31 16:00:00+05:30,14.229999999999999,73.13333333333333,35.5
2025-03-31 17:00:00+05:30,22.485,126.25,65.9
2025-03-31 18:00:00+05:30,34.43,135.05,74.05
2025-03-31 19:00:00+05:30,39.81,134.1,75.55
2025-03-31 20:00:00+05:30,43.065,110.425,62.95
2025-03-31 21:00:00+05:30,40.28333333333333,139.16666666666666,83.23333333333333
2025-03-31 22:00:00+05:30,44.945,139.925,85.1
2025-03-31 23:00:00+05:30,41.59,141.4,85.4
2025-04-01 00:00:00+05:30,25.29,125.0,70.9
2025-04-01 01:00:00+05:30,24.615000000000002,114.1,66.05
2025-04-01 02:00:00+05:30,25.65,96.0,50.5
2025-04-01 03:00:00+05:30,24.47,83.56666666666666,44.23333333333333
2025-04-01 04:00:00+05:30,24.959999999999997,78.86666666666666,44.13333333333333
2025-04-01 05:00:00+05:30,27.314999999999998,83.55,49.75
2025-04-01 06:00:00+05:30,30.08,85.83333333333333,49.26666666666667
2025-04-01 07:00:00+05:30,35.45,136.35,65.65
2025-04-01 08:00:00+05:30,31.483333333333334,133.5,64.2
2025-04-01 09:00:00+05:30,24.733333333333334,111.96666666666665,49.76666666666667
2025-04-01 10:00:00+05:30,22.31,119.725,47.275
2025-04-01 11:00:00+05:30,24.5,105.35,39.85
2025-04-01 12:00:00+05:30,20.045,101.0,38.1
2025-04-01 13:00:00+05:30,19.465,86.0,31.3
2025-04-01 14:00:00+05:30,19.055,70.05,26.45
2025-04-01 15:00:00+05:30,18.52,64.3,24.4
2025-04-01 19:00:00+05:30,44.23,101.4,51.2
2025-04-01 20:00:00+05:30,42.5225,109.8,56.575
2025-04-01 21:00:00+05:30,41.035,146.15,74.5
2025-04-01 22:00:00+05:30,34.693333333333335,166.70000000000002,84.3
2025-04-01 23:00:00+05:30,30.92,131.6,62.0
2025-04-02 00:00:00+05:30,25.53,92.2,41.3
2025-04-02 01:00:00+05:30,24.34,85.86666666666667,38.666666666666664
2025-04-02 02:00:00+05:30,22.0525,58.45,27.0
2025-04-02 03:00:00+05:30,17.325,59.35,28.6
2025-04-02 04:00:00+05:30,19.896666666666665,56.06666666666666,27.3
2025-04-02 05:00:00+05:30,26.133333333333336,66.5,31.900000000000002
2025-04-02 06:00:00+05:30,23.066666666666666,94.8,46.73333333333333
2025-04-02 07:00:00+05:30,27.23,122.95,59.6
2025-04-02 08:00:00+05:30,28.515,99.94999999999999,48.05
2025-04-02 09:00:00+05:30,26.855,110.15,51.05
2025-04-02 10:00:00+05:30,23.775,119.7,50.025
2025-04-02 11:00:00+05:30,23.53333333333333,121.23333333333333,49.53333333333333
2025-04-02 12:00:00+05:30,24.53,98.3,39.5
2025-04-02 13:00:00+05:30,27.849999999999998,102.8,42.13333333333333
2025-04-02 14:00:00+05:30,18.33666666666667,71.13333333333334,32.1
2025-04-02 15:00:00+05:30,20.66,77.15,33.7
2025-04-02 16:00:00+05:30,17.38,89.26666666666667,39.93333333333333
2025-04-02 17:00:00+05:30,16.82,94.5,43.85
2025-04-02 18:00:00+05:30,37.955,131.475,66.92500000000001
2025-04-02 19:00:00+05:30,69.38,159.7,84.75
2025-04-02 20:00:00+05:30,85.10499999999999,219.725,118.225
2025-04-02 21:00:00+05:30,91.01333333333332,269.90000000000003,145.63333333333333
2025-04-02 22:00:00+05:30,95.3275,262.25,140.65
2025-04-02 23:00:00+05:30,92.81,253.0,136.3
2025-04-03 00:00:00+05:30,95.28,206.3,111.7
2025-04-03 01:00:00+05:30,83.555,192.05,106.5
2025-04-03 02:00:00+05:30,82.8375,162.925,89.325
2025-04-03 03:00:00+05:30,88.80666666666667,172.1,90.39999999999999
2025-04-03 04:00:00+05:30,92.945,169.65,89.25
2025-04-03 05:00:00+05:30,50.305,145.0666666666667,79.1
2025-04-03 06:00:00+05:30,54.2175,156.425,79.625
2025-04-03 07:00:00+05:30,56.403333333333336,191.16666666666666,97.63333333333333
2025-04-03 08:00:00+05:30,44.2225,215.925,108.72500000000001
2025-04-03 09:00:00+05:30,36.47,152.85000000000002,76.15
2025-04-03 10:00:00+05:30,31.69666666666667,142.66666666666666,70.03333333333333
2025-04-03 11:00:00+05:30,33.63,114.4,55.3
2025-04-03 12:00:00+05:30,27.675,81.8,39.15
2025-04-03 13:00:00+05:30,25.070000000000004,98.5,46.86666666666667
2025-04-03 14:00:00+05:30,15.23,107.45,44.15
2025-04-03 15:00:00+05:30,11.06,120.4,55.8
2025-04-03 16:00:00+05:30,13.96,79.0,37.0
2025-04-03 17:00:00+05:30,14.03,77.5,36.7
2025-04-03 18:00:00+05:30,20.3375,177.77499999999998,89.875
2025-04-03 19:00:00+05:30,27.604999999999997,154.25,76.75
2025-04-03 20:00:00+05:30,27.093333333333334,132.0,64.93333333333334
2025-04-03 21:00:00+05:30,29.35666666666667,130.6,64.63333333333333
2025-04-03 22:00:00+05:30,33.025,140.675,68.425
2025-04-03 23:00:00+05:30,23.65,116.8,53.2
2025-04-04 00:00:00+05:30,24.82,107.7,50.1
2025-04-04 01:00:00+05:30,26.615,95.55,44.3
2025-04-04 02:00:00+05:30,24.009999999999998,88.075,42.975
2025-04-04 03:00:00+05:30,26.30666666666667,79.3,36.13333333333333
2025-04-04 04:00:00+05:30,36.28333333333333,99.86666666666667,48.6
2025-04-04 05:00:00+05:30,46.275,129.0,66.65
2025-04-04 06:00:00+05:30,45.22666666666667,136.3,68.23333333333333
2025-04-04 07:00:00+05:30,45.51,147.79999999999998,74.16666666666667
2025-04-04 08:00:00+05:30,33.449999999999996,151.79999999999998,73.93333333333334
2025-04-04 09:00:00+05:30,30.92,110.7,53.06666666666666
2025-04-04 10:00:00+05:30,30.39,73.125,35.925
2025-04-04 11:00:00+05:30,17.68,56.26666666666667,28.566666666666663
2025-04-04 12:00:00+05:30,23.83666666666667,60.73333333333333,31.1
2025-04-04 13:00:00+05:30,21.005,50.45,24.65
2025-04-04 14:00:00+05:30,16.633333333333333,47.199999999999996,22.400000000000002
2025-04-04 15:00:00+05:30,18.375,58.3,27.65
2025-04-04 16:00:00+05:30,19.846666666666668,62.599999999999994,29.833333333333332
2025-04-04 17:00:00+05:30,25.80333333333333,59.03333333333334,29.266666666666666
2025-04-04 18:00:00+05:30,47.4825,98.85,50.625
2025-04-04 19:00:00+05:30,69.96,119.3,63.79999999999999
2025-04-04 20:00:00+05:30,83.47333333333333,114.66666666666667,61.56666666666666
2025-04-04 21:00:00+05:30,84.10499999999999,137.3,73.8
2025-04-04 22:00:00+05:30,83.1075,144.275,77.0
2025-04-04 23:00:00+05:30,84.94,130.9,69.6
2025-04-05 00:00:00+05:30,37.21,104.7,52.5
2025-04-05 01:00:00+05:30,35.39666666666667,103.96666666666665,53.0
2025-04-05 02:00:00+05:30,42.24666666666667,120.56666666666666,61.6
2025-04-05 03:00:00+05:30,53.02,129.0,66.56666666666666
2025-04-05 04:00:00+05:30,66.01333333333334,99.23333333333333,53.96666666666667
2025-04-05 05:00:00+05:30,58.260000000000005,95.65,50.75
2025-04-05 06:00:00+05:30,50.400000000000006,140.925,74.825
2025-04-05 07:00:00+05:30,50.605000000000004,180.55,94.5
2025-04-05 08:00:00+05:30,43.23,128.83333333333334,67.06666666666666
2025-04-05 09:00:00+05:30,40.905,110.55000000000001,56.05
2025-04-05 10:00:00+05:30,36.60666666666666,123.7,61.06666666666666
2025-04-05 11:00:00+05:30,35.16,130.7,62.05
2025-04-05 12:00:00+05:30,32.61,131.0666666666667,59.666666666666664
2025-04-05 13:00:00+05:30,31.275,106.6,48.35
2025-04-05 14:00:00+05:30,31.81,95.7,43.699999999999996
2025-04-05 15:00:00+05:30,31.366666666666664,109.16666666666667,51.300000000000004
2025-04-05 16:00:00+05:30,31.75,99.10000000000001,46.96666666666667
2025-04-05 17:00:00+05:30,32.62,127.1,59.4
2025-04-05 18:00:00+05:30,45.89,114.2,55.4
2025-04-05 19:00:00+05:30,87.55000000000001,161.75,83.85
2025-04-05 20:00:00+05:30,96.08,143.9,75.625
2025-04-05 21:00:00+05:30,89.745,181.9,97.69999999999999
2025-04-05 22:00:00+05:30,80.83500000000001,172.625,92.4
2025-04-05 23:00:00+05:30,74.18,151.85000000000002,79.15
2025-04-06 00:00:00+05:30,44.69,84.4,42.2
2025-04-06 01:00:00+05:30,40.050000000000004,82.73333333333333,39.300000000000004
2025-04-06 02:00:00+05:30,34.300000000000004,65.13333333333334,34.266666666666666
2025-04-06 03:00:00+05:30,30.15,51.2,26.2
2025-04-06 04:00:00+05:30,30.51,36.333333333333336,18.766666666666666
2025-04-06 05:00:00+05:30,30.8,38.199999999999996,19.633333333333333
2025-04-06 06:00:00+05:30,35.526666666666664,79.10000000000001,40.666666666666664
2025-04-06 07:00:00+05:30,37.465,79.85,40.65
2025-04-06 08:00:00+05:30,39.3575,72.0,35.725
2025-04-06 09:00:00+05:30,41.67,80.2,38.4
2025-04-06 10:00:00+05:30,37.983333333333334,105.23333333333333,50.43333333333334
2025-04-06 11:00:00+05:30,35.300000000000004,105.2,48.666666666666664
2025-04-06 12:00:00+05:30,32.18666666666667,113.13333333333333,52.166666666666664
2025-04-06 13:00:00+05:30,31.160000000000004,80.8,37.2
2025-04-06 14:00:00+05:30,29.5625,108.075,48.75
2025-04-06 15:00:00+05:30,28.880000000000003,77.25,36.95
2025-04-06 16:00:00+05:30,27.766666666666666,68.8,32.86666666666667
2025-04-06 17:00:00+05:30,31.6,76.95,36.85
2025-04-06 18:00:00+05:30,57.78,102.325,53.05
2025-04-06 19:00:00+05:30,80.08999999999999,185.5666666666667,98.43333333333334
2025-04-06 20:00:00+05:30,78.1325,286.125,155.55
2025-04-06 21:00:00+05:30,76.52,233.9,127.95
2025-04-06 22:00:00+05:30,60.74,127.39999999999999,68.875
2025-04-06 23:00:00+05:30,41.025,84.1,44.5
2025-04-07 00:00:00+05:30,36.46,118.1,60.5
2025-04-07 01:00:00+05:30,33.56,89.44999999999999,45.849999999999994
2025-04-07 02:00:00+05:30,31.7075,80.175,39.6
2025-04-07 03:00:00+05:30,23.92,81.10000000000001,39.53333333333333
2025-04-07 04:00:00+05:30,31.582499999999996,53.125,26.75
2025-04-07 05:00:00+05:30,33.165000000000006,51.349999999999994,26.5
2025-04-07 06:00:00+05:30,38.72,77.6,38.3
2025-04-07 07:00:00+05:30,36.620000000000005,60.0,29.65
2025-04-07 08:00:00+05:30,31.88,51.199999999999996,26.133333333333336
2025-04-07 09:00:00+05:30,42.86666666666667,63.03333333333333,31.666666666666668
2025-04-07 10:00:00+05:30,49.167500000000004,68.85,32.85
2025-04-07 11:00:00+05:30,46.13333333333333,78.86666666666667,38.63333333333333
2025-04-07 12:00:00+05:30,44.9225,61.050000000000004,29.6
2025-04-07 13:00:00+05:30,33.125,55.599999999999994,26.25
2025-04-07 14:00:00+05:30,39.3075,63.3,31.15
2025-04-07 15:00:00+05:30,38.15,66.55000000000001,34.65
2025-04-07 16:00:00+05:30,39.36,57.825,28.875
2025-04-07 17:00:00+05:30,44.325,69.85,35.1
2025-04-07 18:00:00+05:30,62.254999999999995,97.05,51.125
2025-04-07 19:00:00+05:30,102.34,106.55000000000001,57.7
2025-04-07 20:00:00+05:30,155.99666666666667,147.79999999999998,80.66666666666667
2025-04-07 21:00:00+05:30,106.08,182.25,97.7
2025-04-07 22:00:00+05:30,71.86333333333333,154.20000000000002,81.16666666666667
2025-04-07 23:00:00+05:30,59.69,117.3,60.4
2025-04-08 00:00:00+05:30,58.65,76.0,40.1
2025-04-08 01:00:00+05:30,76.81,100.1,52.35
2025-04-08 02:00:00+05:30,61.9725,90.39999999999999,46.875
2025-04-08 03:00:00+05:30,67.955,83.75,43.15
2025-04-08 04:00:00+05:30,64.64333333333333,81.93333333333334,42.46666666666667
2025-04-08 05:00:00+05:30,67.795,78.35,41.4
2025-04-08 06:00:00+05:30,80.3075,115.975,60.225
2025-04-08 07:00:00+05:30,86.985,145.10000000000002,74.15
2025-04-08 08:00:00+05:30,79.075,102.025,51.85
2025-04-08 09:00:00+05:30,73.83,106.65,51.7
2025-04-08 10:00:00+05:30,69.48,113.1,54.3
2025-04-08 11:00:00+05:30,68.2,97.5,47.4
2025-04-08 15:00:00+05:30,58.705,97.1,45.1
2025-04-08 16:00:00+05:30,69.93,71.225,33.975
2025-04-08 17:00:00+05:30,71.07,133.05,60.4
2025-04-08 18:00:00+05:30,82.3975,110.975,54.275
2025-04-08 19:00:00+05:30,98.35499999999999,136.75,69.75
2025-04-08 20:00:00+05:30,161.6725,162.65,86.8
2025-04-08 21:00:00+05:30,170.33666666666667,182.53333333333333,99.03333333333335
2025-04-08 22:00:00+05:30,116.5475,179.175,94.5
2025-04-08 23:00:00+05:30,83.7,157.3,81.2
2025-04-11 20:00:00+05:30,52.495,164.625,80.8
2025-04-11 21:00:00+05:30,46.07,111.45,55.4
2025-04-11 22:00:00+05:30,49.4025,49.099999999999994,24.475
2025-04-11 23:00:00+05:30,52.475,36.849999999999994,18.4
2025-04-12 00:00:00+05:30,66.6,78.3,39.4
2025-04-12 01:00:00+05:30,69.48,91.73333333333333,48.63333333333333
2025-04-12 02:00:00+05:30,72.02000000000001,185.975,106.27499999999999
2025-04-12 03:00:00+05:30,75.99,231.75,134.7
2025-04-12 04:00:00+05:30,65.88000000000001,185.33333333333334,107.26666666666667
2025-04-12 05:00:00+05:30,65.35,151.4,86.5
2025-04-12 06:00:00+05:30,68.745,147.025,87.725
2025-04-12 07:00:00+05:30,85.30333333333334,115.23333333333333,66.39999999999999
2025-04-12 08:00:00+05:30,72.52,44.625,24.400000000000002
2025-04-12 09:00:00+05:30,66.155,19.15,10.2
2025-04-12 10:00:00+05:30,64.66,50.275,26.299999999999997
2025-04-12 11:00:00+05:30,61.18,61.6,30.7
2025-04-12 12:00:00+05:30,48.326666666666675,51.666666666666664,24.733333333333334
2025-04-12 13:00:00+05:30,54.11666666666667,45.6,22.333333333333332
2025-04-12 14:00:00+05:30,51.055,48.775,24.3
2025-04-12 15:00:00+05:30,48.846666666666664,57.56666666666666,29.133333333333336
2025-04-12 16:00:00+05:30,47.96,73.675,37.55
2025-04-12 17:00:00+05:30,52.730000000000004,94.05,49.150000000000006
2025-04-12 18:00:00+05:30,57.4625,136.725,71.975
2025-04-12 19:00:00+05:30,56.705,122.05,63.0
2025-04-12 20:00:00+05:30,55.765,110.6,56.325
2025-04-12 21:00:00+05:30,56.265,154.60000000000002,79.45
2025-04-12 22:00:00+05:30,59.125,119.025,62.45
2025-04-12 23:00:00+05:30,66.565,105.65,57.400000000000006
2025-04-13 00:00:00+05:30,56.35,145.2,80.9
2025-04-13 01:00:00+05:30,53.39,116.85,65.30000000000001
2025-04-13 02:00:00+05:30,52.96,31.233333333333334,17.3
2025-04-13 03:00:00+05:30,54.92,9.7,5.199999999999999
2025-04-13 04:00:00+05:30,54.7025,30.85,16.9
2025-04-13 05:00:00+05:30,56.995000000000005,55.75,29.9
2025-04-13 06:00:00+05:30,59.0325,85.475,46.2
2025-04-13 07:00:00+05:30,59.193333333333335,119.76666666666667,64.96666666666667
2025-04-13 08:00:00+05:30,58.089999999999996,67.23333333333333,35.26666666666667
2025-04-13 09:00:00+05:30,56.21,68.05,32.75
2025-04-13 10:00:00+05:30,55.0925,71.75,36.825
2025-04-13 11:00:00+05:30,53.85,88.5,44.6
2025-04-13 12:00:00+05:30,45.2875,51.76666666666667,26.3
2025-04-13 13:00:00+05:30,48.97,82.55,38.55
2025-04-13 14:00:00+05:30,46.5625,104.025,46.8
2025-04-13 15:00:00+05:30,49.45666666666667,91.53333333333335,44.800000000000004
2025-04-13 16:00:00+05:30,46.765,53.5,26.2
2025-04-13 17:00:00+05:30,47.455,65.95,33.75
2025-04-13 18:00:00+05:30,49.4,167.15,85.075
2025-04-13 19:00:00+05:30,84.14666666666666,121.76666666666667,63.199999999999996
2025-04-13 20:00:00+05:30,89.1425,128.2,68.2
2025-04-13 21:00:00+05:30,67.235,136.45,71.19999999999999
2025-04-13 22:00:00+05:30,51.35,120.26666666666667,61.0
2025-04-13 23:00:00+05:30,50.45,99.8,51.8
2025-04-14 00:00:00+05:30,45.01,118.2,60.9
2025-04-14 01:00:00+05:30,45.906666666666666,85.53333333333335,43.76666666666667
2025-04-14 02:00:00+05:30,45.50666666666667,64.43333333333334,32.833333333333336
2025-04-14 03:00:00+05:30,48.295,73.30000000000001,38.45
2025-04-14 04:00:00+05:30,48.06666666666666,72.93333333333332,38.96666666666667
2025-04-14 05:00:00+05:30,47.965,77.94999999999999,41.7
2025-04-14 06:00:00+05:30,49.3225,84.0,44.825
2025-04-14 07:00:00+05:30,51.09,85.4,44.3
2025-04-14 08:00:00+05:30,48.9675,82.225,41.55
2025-04-14 09:00:00+05:30,49.644999999999996,78.0,39.25
2025-04-14 10:00:00+05:30,48.99333333333334,80.8,39.26666666666667
2025-04-14 11:00:00+05:30,46.33,183.2,80.65
2025-04-14 12:00:00+05:30,45.17,64.7,31.4
2025-04-15 03:00:00+05:30,44.625,42.35,22.35
2025-04-15 04:00:00+05:30,28.383333333333336,36.46666666666667,19.633333333333333
2025-04-15 05:00:00+05:30,42.735,63.949999999999996,33.9
2025-04-15 06:00:00+05:30,45.46333333333333,105.23333333333333,56.26666666666667
2025-04-15 07:00:00+05:30,49.995000000000005,107.25,54.4
2025-04-15 08:00:00+05:30,49.92,70.0,35.8
2025-04-15 09:00:00+05:30,39.07333333333333,73.0,35.96666666666667
2025-04-15 10:00:00+05:30,44.3375,48.575,24.924999999999997
2025-04-15 11:00:00+05:30,46.695,52.45,24.799999999999997
2025-04-15 12:00:00+05:30,32.09,57.06666666666666,26.666666666666668
2025-04-15 13:00:00+05:30,27.179999999999996,58.86666666666667,28.03333333333333
2025-04-15 14:00:00+05:30,26.959999999999997,51.1,24.366666666666664
2025-04-15 15:00:00+05:30,26.87,59.26666666666667,29.066666666666666
2025-04-15 16:00:00+05:30,29.630000000000003,61.9,31.425
2025-04-15 17:00:00+05:30,32.29,84.66666666666667,42.96666666666667
2025-04-16 08:00:00+05:30,44.855000000000004,70.5,36.05
2025-04-16 09:00:00+05:30,45.175,51.650000000000006,26.5
2025-04-16 10:00:00+05:30,45.09,50.35,26.2
2025-04-16 11:00:00+05:30,34.45,57.3,29.9
2025-04-16 12:00:00+05:30,37.196666666666665,61.333333333333336,31.833333333333332
2025-04-16 13:00:00+05:30,45.665,55.15,29.1
2025-04-16 14:00:00+05:30,42.175,63.35,31.9
2025-04-16 15:00:00+05:30,42.2,67.0,33.1
2025-04-16 16:00:00+05:30,31.25,69.1,35.15
2025-04-16 17:00:00+05:30,33.74,85.15,42.900000000000006
2025-04-16 18:00:00+05:30,41.803333333333335,130.9,71.63333333333334
2025-04-16 19:00:00+05:30,78.75,141.4,74.5
2025-04-16 22:00:00+05:30,25.86,123.1,62.7
2025-04-16 23:00:00+05:30,48.03,118.2,59.4
2025-04-17 00:00:00+05:30,46.66,104.1,51.7
2025-04-17 01:00:00+05:30,48.730000000000004,94.4,49.650000000000006
2025-04-17 02:00:00+05:30,47.336666666666666,104.63333333333333,57.53333333333333
2025-04-17 03:00:00+05:30,48.21,97.53333333333335,55.73333333333333
2025-04-17 04:00:00+05:30,31.26,55.46666666666667,32.333333333333336
2025-04-17 05:00:00+05:30,49.91,104.33333333333333,60.400000000000006
2025-04-17 06:00:00+05:30,48.01,119.25,69.075
2025-04-17 07:00:00+05:30,51.06,111.5,64.7
2025-04-17 08:00:00+05:30,51.57,72.26666666666667,40.13333333333333
2025-04-17 09:00:00+05:30,49.345,46.55,24.35
2025-04-17 10:00:00+05:30,49.96333333333333,40.1,20.433333333333334
2025-04-17 11:00:00+05:30,50.75,43.55,21.9
2025-04-17 12:00:00+05:30,46.13,57.7,29.2
2025-04-17 13:00:00+05:30,44.245000000000005,66.0,33.400000000000006
2025-04-17 14:00:00+05:30,43.67,53.2,26.25
2025-04-17 15:00:00+05:30,43.45,59.35,30.4
2025-04-17 16:00:00+05:30,42.88666666666666,65.39999999999999,33.86666666666667
2025-04-17 17:00:00+05:30,44.70333333333334,93.16666666666667,48.6
2025-04-17 18:00:00+05:30,62.057500000000005,201.175,105.5
2025-04-17 19:00:00+05:30,71.02666666666666,263.9,138.33333333333334
2025-04-17 20:00:00+05:30,57.303333333333335,169.9,87.63333333333333
2025-04-17 21:00:00+05:30,56.065,177.95,90.85
2025-04-17 22:00:00+05:30,55.093333333333334,164.66666666666666,85.63333333333333
2025-04-17 23:00:00+05:30,53.625,108.35,54.95
2025-04-18 00:00:00+05:30,53.18,76.4,38.1
2025-04-18 01:00:00+05:30,51.89000000000001,72.0,37.03333333333333
2025-04-18 02:00:00+05:30,77.28,76.10000000000001,41.266666666666666
2025-04-18 03:00:00+05:30,59.93000000000001,90.89999999999999,48.73333333333333
2025-04-18 04:00:00+05:30,52.53,77.0,42.03333333333333
2025-04-18 05:00:00+05:30,53.595,110.05,60.05
2025-04-18 06:00:00+05:30,54.27,141.5,77.8
2025-04-18 07:00:00+05:30,54.193333333333335,123.66666666666667,67.76666666666667
2025-04-18 08:00:00+05:30,54.69333333333333,82.56666666666666,44.46666666666667
2025-04-18 09:00:00+05:30,53.526666666666664,68.80000000000001,36.05
2025-04-18 10:00:00+05:30,49.01666666666667,120.0,59.833333333333336
2025-04-18 11:00:00+05:30,47.06333333333333,92.36666666666667,44.23333333333333
2025-04-18 12:00:00+05:30,46.169999999999995,56.55,29.85
2025-04-18 13:00:00+05:30,46.59,86.43333333333334,41.300000000000004
2025-04-18 14:00:00+05:30,36.443333333333335,75.76666666666667,36.03333333333333
2025-04-18 15:00:00+05:30,41.949999999999996,58.86666666666667,29.066666666666666
2025-04-18 16:00:00+05:30,42.74333333333334,60.300000000000004,30.5
2025-04-18 17:00:00+05:30,45.365,77.05,39.8
2025-04-18 18:00:00+05:30,50.18,87.13333333333333,44.76666666666667
2025-04-18 19:00:00+05:30,54.32666666666666,108.8,55.43333333333334
2025-04-18 20:00:00+05:30,51.6425,61.05,31.65
2025-04-18 21:00:00+05:30,47.92,96.25,48.65
2025-04-18 22:00:00+05:30,51.29333333333333,102.03333333333335,51.366666666666674
2025-04-18 23:00:00+05:30,52.84,74.0,37.1
2025-04-19 00:00:00+05:30,26.38,75.7,39.6
2025-04-19 01:00:00+05:30,39.075,71.6,37.05
2025-04-19 02:00:00+05:30,57.165,74.925,38.199999999999996
2025-04-19 03:00:00+05:30,50.71666666666667,64.5,34.166666666666664
2025-04-19 04:00:00+05:30,36.15,47.53333333333333,26.166666666666668
2025-04-19 05:00:00+05:30,27.665,77.8,40.75
2025-04-19 06:00:00+05:30,45.18333333333334,77.89999999999999,40.5
2025-04-19 07:00:00+05:30,53.065,70.85,36.2
2025-04-19 08:00:00+05:30,43.803333333333335,76.23333333333333,39.03333333333333
2025-04-19 09:00:00+05:30,26.990000000000002,96.55,48.400000000000006
2025-04-19 10:00:00+05:30,43.97,95.13333333333333,49.36666666666667
2025-04-19 11:00:00+05:30,42.13,125.96666666666665,67.2
2025-04-19 12:00:00+05:30,40.026666666666664,124.60000000000001,67.23333333333333
2025-04-19 13:00:00+05:30,44.085,116.9,62.95
2025-04-19 14:00:00+05:30,44.18333333333334,123.83333333333333,65.66666666666667
2025-04-19 15:00:00+05:30,44.65,163.8,81.3
2025-04-19 16:00:00+05:30,21.77,142.3,70.6
2025-04-19 17:00:00+05:30,36.49666666666667,147.13333333333333,73.7
2025-04-19 18:00:00+05:30,38.800000000000004,191.66666666666666,96.43333333333334
2025-04-19 19:00:00+05:30,42.93333333333334,190.70000000000002,98.33333333333333
2025-04-19 20:00:00+05:30,43.48,147.9,75.06666666666666
2025-04-19 21:00:00+05:30,42.21666666666667,161.6,84.3
2025-04-19 22:00:00+05:30,42.26666666666667,177.0,94.36666666666667
2025-04-19 23:00:00+05:30,51.795,134.85,72.1
2025-04-20 00:00:00+05:30,47.27,73.9,38.3
2025-04-20 01:00:00+05:30,35.01,79.85,41.45
2025-04-20 02:00:00+05:30,37.39666666666667,82.89999999999999,43.4
2025-04-20 03:00:00+05:30,35.84,80.6,42.7
2025-04-20 04:00:00+05:30,40.14333333333334,103.43333333333334,55.76666666666667
2025-04-20 05:00:00+05:30,41.77333333333333,111.60000000000001,59.73333333333333
2025-04-20 06:00:00+05:30,42.56,116.83333333333333,62.86666666666667
2025-04-20 07:00:00+05:30,44.196666666666665,126.8,68.2
2025-04-20 08:00:00+05:30,45.25666666666667,122.93333333333334,66.16666666666667
2025-04-20 09:00:00+05:30,52.31,140.9,75.9
2025-04-20 10:00:00+05:30,49.21333333333333,158.03333333333333,84.5
2025-04-20 11:00:00+05:30,48.87,121.8,66.5
2025-04-20 12:00:00+05:30,41.82,112.66666666666667,61.53333333333333
2025-04-20 13:00:00+05:30,47.92,114.94999999999999,62.3
2025-04-20 14:00:00+05:30,38.42,99.13333333333333,54.26666666666667
2025-04-21 06:00:00+05:30,66.39,129.3,72.1
2025-04-21 07:00:00+05:30,63.84,155.65,85.44999999999999
2025-04-21 08:00:00+05:30,59.919999999999995,141.70000000000002,76.53333333333333
2025-04-21 09:00:00+05:30,52.92,127.80000000000001,69.35
2025-04-21 10:00:00+05:30,48.7475,138.4,73.725
2025-04-21 12:00:00+05:30,30.73,119.45,63.599999999999994
2025-04-21 13:00:00+05:30,22.21666666666667,111.89999999999999,59.63333333333333
2025-04-21 14:00:00+05:30,24.263333333333335,89.76666666666667,47.76666666666667
2025-04-21 15:00:00+05:30,21.5775,88.725,221.32250000000002
2025-04-21 16:00:00+05:30,18.94333333333333,80.03333333333335,51.19333333333333
2025-04-21 17:00:00+05:30,20.482499999999998,94.15,55.6775
2025-04-21 18:00:00+05:30,28.5475,111.575,80.375
2025-04-21 19:00:00+05:30,50.24333333333333,116.53333333333335,91.38
2025-04-21 20:00:00+05:30,64.8125,114.025,96.99000000000001
2025-04-21 21:00:00+05:30,58.4825,115.575,85.1125
2025-04-21 22:00:00+05:30,49.1475,121.4,75.935
2025-04-21 23:00:00+05:30,51.07,117.15,64.25
2025-04-22 00:00:00+05:30,70.49,292.0,211.23
2025-04-22 01:00:00+05:30,67.34,204.60000000000002,113.805
2025-04-22 02:00:00+05:30,77.73,107.4,92.12
2025-04-22 03:00:00+05:30,49.98,111.93333333333334,77.28
2025-04-22 04:00:00+05:30,46.07,80.53333333333333,72.41
2025-04-22 05:00:00+05:30,48.120000000000005,103.63333333333333,90.25666666666666
2025-04-22 06:00:00+05:30,49.30666666666667,124.46666666666668,104.00333333333333
2025-04-22 07:00:00+05:30,51.615,220.2,83.555
2025-04-22 08:00:00+05:30,51.825,244.32500000000002,89.98
2025-04-22 09:00:00+05:30,48.51666666666667,201.5,75.64666666666666
2025-04-22 10:00:00+05:30,44.919999999999995,179.79999999999998,66.04333333333334
2025-04-22 11:00:00+05:30,42.3225,156.1,65.4
2025-04-22 12:00:00+05:30,42.56333333333333,167.79999999999998,58.91
2025-04-22 13:00:00+05:30,42.9625,128.1,50.7625
2025-04-22 14:00:00+05:30,40.2075,126.975,52.9625
2025-04-22 15:00:00+05:30,39.0675,143.5,45.1
2025-04-22 16:00:00+05:30,41.54666666666666,102.8,59.026666666666664
2025-04-22 17:00:00+05:30,40.63666666666666,137.96666666666667,60.36666666666667
2025-04-22 18:00:00+05:30,43.54666666666666,224.36666666666667,76.2
2025-04-22 19:00:00+05:30,59.1875,192.575,68.35249999999999
2025-04-22 20:00:00+05:30,69.815,165.8,98.455
2025-04-22 21:00:00+05:30,66.1075,208.325,85.2575
2025-04-22 22:00:00+05:30,73.955,193.875,96.905
2025-04-22 23:00:00+05:30,195.59,309.25,128.98499999999999
2025-04-23 00:00:00+05:30,,,78.74
2025-04-23 01:00:00+05:30,82.5475,208.275,81.33
2025-04-23 02:00:00+05:30,57.78,179.9,81.54
2025-04-23 03:00:00+05:30,47.333333333333336,157.9,83.01333333333334
2025-04-23 04:00:00+05:30,46.01,203.1,80.64
2025-04-23 05:00:00+05:30,47.59,147.16666666666666,52.0
2025-04-23 06:00:00+05:30,63.53666666666666,159.03333333333333,81.68333333333334
2025-04-23 07:00:00+05:30,58.33,181.575,76.025
2025-04-23 08:00:00+05:30,56.83,200.925,74.815
2025-04-23 09:00:00+05:30,54.153333333333336,175.0666666666667,64.28333333333335
2025-04-23 16:00:00+05:30,35.25,106.1,47.55
2025-04-23 17:00:00+05:30,39.56333333333333,102.53333333333335,35.13666666666666
2025-04-23 18:00:00+05:30,43.376666666666665,122.10000000000001,39.11666666666667
2025-04-23 19:00:00+05:30,113.075,170.475,68.2525
2025-04-23 20:00:00+05:30,166.4675,316.35,117.305
2025-04-23 21:00:00+05:30,201.6175,494.775,182.05
2025-04-23 22:00:00+05:30,171.31000000000003,386.1333333333334,180.85333333333332
2025-04-23 23:00:00+05:30,163.68,362.3,165.945
2025-04-24 00:00:00+05:30,78.21,309.3,140.59
2025-04-24 01:00:00+05:30,58.802499999999995,168.725,95.0475
2025-04-24 02:00:00+05:30,46.832499999999996,86.875,65.7875
2025-04-24 03:00:00+05:30,47.614999999999995,115.35,44.855000000000004
2025-04-24 04:00:00+05:30,32.76666666666667,82.60000000000001,49.626666666666665
2025-04-24 05:00:00+05:30,47.876666666666665,147.66666666666666,91.72000000000001
2025-04-24 06:00:00+05:30,55.697500000000005,194.325,83.2975
2025-04-24 07:00:00+05:30,55.5725,210.5,89.60249999999999
2025-04-24 08:00:00+05:30,53.01,199.5,78.94333333333334
2025-04-24 09:00:00+05:30,49.903333333333336,187.29999999999998,76.28333333333333
2025-04-24 10:00:00+05:30,44.71666666666667,149.9,67.72333333333334
2025-04-24 11:00:00+05:30,44.70666666666667,147.76666666666668,59.29
2025-04-24 12:00:00+05:30,43.453333333333326,143.13333333333333,69.24666666666667
2025-04-24 13:00:00+05:30,39.105,125.3,43.9
2025-04-24 14:00:00+05:30,38.57333333333333,102.66666666666667,32.50666666666667
2025-04-24 15:00:00+05:30,40.04333333333333,112.73333333333333,44.26333333333333
2025-04-24 16:00:00+05:30,38.53,104.2,24.56
2025-04-24 17:00:00+05:30,36.453333333333326,114.60000000000001,40.85333333333333
2025-04-24 18:00:00+05:30,44.026666666666664,186.63333333333333,65.7
2025-04-24 19:00:00+05:30,89.94333333333333,231.86666666666667,98.59333333333332
2025-04-24 20:00:00+05:30,118.07333333333334,354.23333333333335,117.10666666666667
2025-04-24 21:00:00+05:30,64.98,325.6,118.05
2025-04-24 22:00:00+05:30,48.919999999999995,243.4,97.48
2025-04-24 23:00:00+05:30,47.775000000000006,192.7,77.72999999999999
2025-04-25 00:00:00+05:30,44.14,129.9,46.8
2025-04-25 01:00:00+05:30,48.66,129.05,46.575
2025-04-25 02:00:00+05:30,44.1,125.725,70.2775
2025-04-25 03:00:00+05:30,47.17666666666667,122.83333333333333,57.30666666666667
2025-04-25 04:00:00+05:30,31.349999999999998,92.2,37.833333333333336
2025-04-25 05:00:00+05:30,52.4725,112.25,66.4025
2025-04-25 06:00:00+05:30,49.317499999999995,143.55,76.07
2025-04-25 07:00:00+05:30,51.21333333333333,139.06666666666666,60.800000000000004
2025-04-25 08:00:00+05:30,49.169999999999995,129.76666666666668,51.949999999999996
2025-04-25 09:00:00+05:30,49.660000000000004,132.0,46.57
2025-04-25 10:00:00+05:30,48.525,136.02499999999998,47.6
2025-04-25 11:00:00+05:30,43.330000000000005,140.5,58.14333333333334
2025-04-25 12:00:00+05:30,42.870000000000005,116.13333333333333,34.52333333333333
2025-04-25 13:00:00+05:30,42.26,117.46666666666665,44.06
2025-04-25 14:00:00+05:30,40.974999999999994,111.05000000000001,50.33
2025-04-25 15:00:00+05:30,37.61,108.06666666666666,36.98
2025-04-25 16:00:00+05:30,39.11666666666667,104.39999999999999,35.60333333333333
2025-04-25 17:00:00+05:30,40.2525,97.875,34.2
2025-04-25 18:00:00+05:30,39.28,127.26666666666665,43.43333333333334
2025-04-25 19:00:00+05:30,51.13666666666666,174.86666666666667,47.31333333333333
2025-04-25 20:00:00+05:30,58.23,179.5666666666667,61.906666666666666
2025-04-25 21:00:00+05:30,51.63999999999999,172.73333333333335,65.82333333333334
2025-04-25 22:00:00+05:30,44.833333333333336,202.33333333333334,67.48
2025-04-25 23:00:00+05:30,53.21,141.7,53.1
2025-04-26 00:00:00+05:30,41.17,123.4,44.47
2025-04-26 01:00:00+05:30,40.943333333333335,143.36666666666667,50.0
2025-04-26 02:00:00+05:30,41.42666666666667,156.46666666666667,47.43666666666667
2025-04-26 03:00:00+05:30,46.21,160.93333333333334,52.166666666666664
2025-04-26 04:00:00+05:30,32.11666666666667,89.60000000000001,33.50666666666667
2025-04-26 05:00:00+05:30,52.53,182.8,60.754999999999995
2025-04-26 06:00:00+05:30,51.74666666666667,213.76666666666665,69.21333333333332
2025-04-26 07:00:00+05:30,50.68,196.25,59.09
2025-04-26 08:00:00+05:30,50.946666666666665,222.1,75.94
2025-04-26 09:00:00+05:30,49.64333333333334,175.1,61.833333333333336
2025-04-26 10:00:00+05:30,50.0325,87.0,32.575
2025-04-26 11:00:00+05:30,54.17,73.15,36.6
2025-04-26 12:00:00+05:30,51.326666666666675,110.30000000000001,39.52666666666667
2025-04-26 13:00:00+05:30,46.665,144.39999999999998,48.81
2025-04-26 14:00:00+05:30,45.9075,99.675,50.885
2025-04-26 15:00:00+05:30,45.199999999999996,98.46666666666665,58.35
2025-04-26 16:00:00+05:30,43.599999999999994,99.0,64.14500000000001
2025-04-26 17:00:00+05:30,46.075,139.14999999999998,42.09
2025-04-26 18:00:00+05:30,51.9,204.45,69.65
2025-04-26 19:00:00+05:30,59.49,220.1,53.445
2025-04-26 20:00:00+05:30,55.843333333333334,220.6,74.86666666666667
2025-04-26 21:00:00+05:30,49.0025,212.925,72.4
2025-04-26 22:00:00+05:30,47.906666666666666,241.63333333333333,75.14666666666666
2025-04-26 23:00:00+05:30,48.16,153.5,50.65
2025-04-27 00:00:00+05:30,53.95,219.8,43.1
2025-04-27 01:00:00+05:30,51.699999999999996,237.46666666666667,69.44666666666667
2025-04-27 02:00:00+05:30,53.15,207.23333333333335,69.26666666666667
2025-04-27 03:00:00+05:30,49.665,122.4,49.49
2025-04-27 04:00:00+05:30,47.95666666666667,231.0666666666667,73.30333333333333
2025-04-27 05:00:00+05:30,50.975,232.14999999999998,46.315
2025-04-27 06:00:00+05:30,51.623333333333335,315.8333333333333,114.53333333333335
2025-04-27 07:00:00+05:30,24.49,133.35,24.99
2025-04-27 08:00:00+05:30,52.5,152.4,56.96666666666666
2025-04-27 09:00:00+05:30,49.73333333333333,114.60000000000001,53.9
2025-04-27 10:00:00+05:30,48.879999999999995,181.6,63.906666666666666
2025-04-27 11:00:00+05:30,46.94,135.63333333333335,50.826666666666675
2025-04-27 12:00:00+05:30,49.195,52.0,54.14333333333334
2025-04-27 13:00:00+05:30,47.343333333333334,75.13333333333334,55.67666666666667
2025-04-27 14:00:00+05:30,44.050000000000004,90.26666666666667,52.48333333333333
2025-04-27 15:00:00+05:30,41.88666666666666,102.16666666666667,42.71666666666667
2025-04-27 16:00:00+05:30,44.946666666666665,74.89999999999999,44.22
2025-04-27 17:00:00+05:30,45.04666666666666,138.46666666666667,48.31333333333333
2025-04-27 18:00:00+05:30,46.97,222.83333333333334,64.20666666666666
2025-04-27 19:00:00+05:30,68.33,263.06666666666666,77.23333333333333
2025-04-27 20:00:00+05:30,129.46,218.39999999999998,78.35000000000001
2025-04-27 21:00:00+05:30,60.485,327.05,99.42
2025-04-27 22:00:00+05:30,55.0625,336.6,116.55
2025-04-27 23:00:00+05:30,54.629999999999995,170.8,65.99
2025-04-28 00:00:00+05:30,53.92,170.6,58.73
2025-04-28 01:00:00+05:30,51.21,126.83333333333333,57.26
2025-04-28 02:00:00+05:30,50.89000000000001,49.4,49.20666666666667
2025-04-28 03:00:00+05:30,52.89666666666667,21.5,48.39333333333334
2025-04-28 04:00:00+05:30,53.2825,23.7,51.135
2025-04-28 05:00:00+05:30,52.82,101.06666666666666,52.49333333333334
2025-04-28 06:00:00+05:30,56.9075,193.55,71.225
2025-04-28 07:00:00+05:30,56.535,310.75,90.56
2025-04-28 08:00:00+05:30,52.4,259.5,84.85499999999999
2025-04-28 09:00:00+05:30,44.18333333333334,111.46666666666665,49.21
2025-04-28 10:00:00+05:30,52.795,68.575,44.5175
2025-04-28 11:00:00+05:30,52.53333333333333,77.66666666666667,52.303333333333335
2025-04-28 12:00:00+05:30,49.07333333333333,117.2,58.160000000000004
2025-04-28 13:00:00+05:30,44.825,176.775,62.22
2025-04-28 14:00:00+05:30,35.09,139.60000000000002,57.68
2025-04-28 15:00:00+05:30,42.43333333333333,136.2,55.1
2025-04-28 16:00:00+05:30,41.696666666666665,119.83333333333333,44.56333333333333
2025-04-28 17:00:00+05:30,43.66,160.66666666666666,38.00666666666667
2025-04-28 18:00:00+05:30,48.413333333333334,237.79999999999998,67.31666666666666
2025-04-28 19:00:00+05:30,51.946666666666665,391.6333333333334,98.86333333333333
2025-04-28 20:00:00+05:30,47.419999999999995,434.29999999999995,147.8
2025-04-28 21:00:00+05:30,47.446666666666665,359.2,100.45333333333333
2025-04-28 22:00:00+05:30,39.70666666666667,502.0,140.76333333333335
2025-04-28 23:00:00+05:30,45.485,419.25,149.55
2025-04-29 00:00:00+05:30,48.98,59.9,40.93
2025-04-29 01:00:00+05:30,53.275,46.6,44.28
2025-04-29 02:00:00+05:30,50.394999999999996,83.275,59.585
2025-04-29 03:00:00+05:30,49.51666666666667,112.93333333333334,52.78
2025-04-29 04:00:00+05:30,52.33,96.69999999999999,43.4
2025-04-29 05:00:00+05:30,54.343333333333334,157.20000000000002,50.26666666666667
2025-04-29 06:00:00+05:30,56.19,244.4,78.79333333333334
2025-04-29 07:00:00+05:30,56.98,214.76666666666665,74.17333333333333
2025-04-29 08:00:00+05:30,58.78333333333333,106.3,51.026666666666664
2025-04-29 09:00:00+05:30,55.48666666666667,48.76666666666667,53.72333333333333
2025-04-29 10:00:00+05:30,52.56333333333333,28.2,45.126666666666665
2025-04-29 11:00:00+05:30,51.86333333333334,26.3,39.330000000000005
2025-04-29 12:00:00+05:30,52.97666666666667,21.46666666666667,51.580000000000005
2025-04-29 13:00:00+05:30,50.355000000000004,19.6,59.765
2025-04-29 14:00:00+05:30,46.9925,20.475,44.9175
2025-04-29 15:00:00+05:30,47.065,36.8,30.96
2025-04-29 16:00:00+05:30,47.629999999999995,107.23333333333333,39.71
2025-04-29 17:00:00+05:30,45.69499999999999,128.9,35.86
2025-04-29 18:00:00+05:30,46.724999999999994,150.10000000000002,51.849999999999994
2025-04-30 10:00:00+05:30,50.906666666666666,205.5,75.94
2025-04-30 11:00:00+05:30,64.3175,221.525,82.1275
2025-04-30 12:00:00+05:30,71.32666666666667,126.66666666666667,67.56333333333333
2025-04-30 13:00:00+05:30,71.985,142.39999999999998,48.815
2025-04-30 14:00:00+05:30,78.54666666666667,196.1,54.666666666666664
2025-04-30 15:00:00+05:30,76.51333333333334,153.9,50.57
2025-04-30 16:00:00+05:30,70.49666666666667,157.26666666666668,55.36666666666667
2025-04-30 17:00:00+05:30,70.77000000000001,148.95,52.025
2025-04-30 18:00:00+05:30,79.06,165.76666666666668,56.6
2025-04-30 19:00:00+05:30,81.89666666666666,251.85000000000002,69.67666666666666
2025-04-30 20:00:00+05:30,80.77999999999999,194.96666666666667,55.546666666666674
2025-04-30 21:00:00+05:30,77.0075,176.025,59.79
2025-04-30 22:00:00+05:30,83.57000000000001,241.4,80.96666666666667
2025-04-30 23:00:00+05:30,81.405,213.5,73.8
2025-05-01 00:00:00+05:30,75.39,131.6,47.25
2025-05-01 01:00:00+05:30,59.656666666666666,129.4333333333333,48.276666666666664
2025-05-01 02:00:00+05:30,35.81,123.4,43.2
2025-05-01 03:00:00+05:30,65.8625,135.6,50.95
2025-05-01 04:00:00+05:30,43.04333333333333,94.66666666666667,34.86666666666667
2025-05-01 05:00:00+05:30,54.49,130.6,49.23
2025-05-01 06:00:00+05:30,34.035,178.65,65.85
2025-05-01 07:00:00+05:30,53.74666666666667,184.16666666666666,68.56
2025-05-01 08:00:00+05:30,66.205,154.55,55.425
2025-05-01 09:00:00+05:30,63.02666666666667,117.43333333333334,44.42666666666667
2025-05-01 10:00:00+05:30,52.42,109.55,47.9375
2025-05-01 11:00:00+05:30,47.919999999999995,118.10000000000001,50.846666666666664
2025-05-01 12:00:00+05:30,43.4,107.80000000000001,48.205
2025-05-01 13:00:00+05:30,36.24666666666667,97.86666666666667,39.940000000000005
2025-05-01 14:00:00+05:30,42.556666666666665,108.0,42.68
2025-05-01 15:00:00+05:30,37.405,142.75,47.25
2025-05-01 16:00:00+05:30,43.5,114.3,39.080000000000005
2025-05-01 17:00:00+05:30,41.093333333333334,121.23333333333333,40.64666666666667
2025-05-01 18:00:00+05:30,41.73666666666667,164.46666666666667,57.13333333333333
2025-05-01 19:00:00+05:30,52.94,216.35,74.25
2025-05-01 20:00:00+05:30,50.419999999999995,148.36666666666665,51.050000000000004
2025-05-01 21:00:00+05:30,60.72333333333333,212.83333333333334,73.39999999999999
2025-05-01 22:00:00+05:30,50.55666666666667,257.26666666666665,87.0
2025-05-01 23:00:00+05:30,55.504999999999995,149.35,51.474999999999994
2025-05-02 00:00:00+05:30,53.8,145.3,52.6
2025-05-02 01:00:00+05:30,53.46,156.175,55.8
2025-05-02 02:00:00+05:30,63.94333333333333,124.46666666666665,49.550000000000004
2025-05-02 03:00:00+05:30,47.135,100.05000000000001,54.765
2025-05-02 04:00:00+05:30,33.92333333333333,81.96666666666665,34.723333333333336
2025-05-02 05:00:00+05:30,53.75,167.4,60.75
2025-05-02 06:00:00+05:30,55.28,163.96666666666667,58.9
2025-05-02 07:00:00+05:30,54.81333333333333,156.26666666666665,57.73333333333333
2025-05-02 08:00:00+05:30,54.79,155.75,56.75
2025-05-02 09:00:00+05:30,54.58,131.65,47.5
2025-05-02 10:00:00+05:30,53.379999999999995,139.63333333333333,49.166666666666664
2025-05-02 11:00:00+05:30,51.425,143.8,50.125
2025-05-02 12:00:00+05:30,48.51,113.76666666666667,42.35666666666666
2025-05-02 13:00:00+05:30,47.86666666666667,104.66666666666667,40.27333333333333
2025-05-02 14:00:00+05:30,47.53666666666667,98.2,34.160000000000004
2025-05-02 15:00:00+05:30,46.17666666666667,85.3,35.98666666666667
2025-05-02 16:00:00+05:30,44.35666666666666,85.13333333333333,30.099999999999998
2025-05-02 17:00:00+05:30,46.73333333333333,104.36666666666667,36.06666666666667
2025-05-02 18:00:00+05:30,55.68,150.4,50.4
2025-05-02 19:00:00+05:30,55.29,179.7,58.900000000000006
2025-05-02 20:00:00+05:30,61.086666666666666,138.46666666666667,46.0
2025-05-02 21:00:00+05:30,66.41,153.86666666666667,51.73333333333333
2025-05-02 22:00:00+05:30,65.43666666666667,175.16666666666666,59.01333333333333
2025-05-02 23:00:00+05:30,63.230000000000004,175.8,60.185
2025-05-03 00:00:00+05:30,28.69,126.5,45.7
2025-05-03 01:00:00+05:30,45.336666666666666,131.29999999999998,49.21666666666667
2025-05-03 02:00:00+05:30,43.653333333333336,141.4333333333333,51.76666666666667
2025-05-03 03:00:00+05:30,44.449999999999996,139.16666666666666,51.300000000000004
2025-05-03 04:00:00+05:30,45.54333333333333,124.7,48.19
2025-05-03 05:00:00+05:30,47.61666666666667,151.9,57.300000000000004
2025-05-03 06:00:00+05:30,47.89666666666667,190.0,70.83333333333333
2025-05-03 07:00:00+05:30,48.46666666666667,191.26666666666665,69.26666666666667
2025-05-03 08:00:00+05:30,48.846666666666664,157.96666666666667,58.29
2025-05-03 09:00:00+05:30,48.626666666666665,123.2,59.60666666666666
2025-05-03 10:00:00+05:30,48.76333333333333,110.93333333333334,45.43666666666667
2025-05-03 11:00:00+05:30,47.19,94.96666666666665,32.63333333333333
2025-05-03 12:00:00+05:30,45.663333333333334,74.5,30.073333333333334
2025-05-03 13:00:00+05:30,44.166666666666664,65.83333333333333,34.18333333333334
2025-05-03 14:00:00+05:30,41.653333333333336,72.8,30.703333333333333
2025-05-03 15:00:00+05:30,48.9975,74.175,30.735
2025-05-03 16:00:00+05:30,41.42,75.16666666666667,30.34
2025-05-03 17:00:00+05:30,39.57333333333333,99.8,40.449999999999996
2025-05-03 18:00:00+05:30,42.796666666666674,168.53333333333333,56.73333333333333
2025-05-03 19:00:00+05:30,47.74666666666667,248.4333333333333,78.16666666666667
2025-05-03 20:00:00+05:30,44.51333333333333,153.33333333333334,48.833333333333336
2025-05-03 21:00:00+05:30,42.52333333333333,148.63333333333333,53.199999999999996
2025-05-03 22:00:00+05:30,27.28,262.3,91.3
2025-05-03 23:00:00+05:30,52.64,264.1,93.65
2025-05-04 00:00:00+05:30,27.07,26.2,8.8
2025-05-04 01:00:00+05:30,43.379999999999995,3.6666666666666665,20.853333333333335
2025-05-04 02:00:00+05:30,53.48333333333333,27.400000000000002,29.456666666666667
2025-05-04 03:00:00+05:30,39.78,88.96666666666665,40.91
2025-05-04 04:00:00+05:30,54.575,114.05,42.75
2025-05-04 05:00:00+05:30,54.629999999999995,129.45,41.8
2025-05-04 06:00:00+05:30,60.89333333333334,110.66666666666667,37.449999999999996
2025-05-04 07:00:00+05:30,61.59,68.875,34.35
2025-05-04 08:00:00+05:30,65.845,59.875,30.917499999999997
2025-05-04 09:00:00+05:30,67.13333333333334,92.86666666666667,34.653333333333336
2025-05-04 10:00:00+05:30,98.25666666666666,112.76666666666667,45.81666666666666
2025-05-04 11:00:00+05:30,47.68666666666667,168.9,55.96666666666667
2025-05-04 12:00:00+05:30,63.69,199.2,65.6
2025-05-04 13:00:00+05:30,54.9375,163.175,57.165
2025-05-04 14:00:00+05:30,50.74,147.3,50.59
2025-05-04 15:00:00+05:30,42.13666666666666,167.53333333333333,55.06666666666666
2025-05-04 16:00:00+05:30,39.51333333333333,150.26666666666665,48.63333333333333
2025-05-04 17:00:00+05:30,42.63333333333333,141.96666666666667,46.76666666666667
2025-05-04 18:00:00+05:30,52.415,230.5,75.4
2025-05-04 19:00:00+05:30,53.3975,280.25,92.675
2025-05-04 20:00:00+05:30,53.36,270.5,92.35
2025-05-04 21:00:00+05:30,48.24666666666667,255.66666666666666,89.56666666666666
2025-05-04 22:00:00+05:30,54.44,259.43333333333334,96.33333333333333
2025-05-04 23:00:00+05:30,37.56,206.5,77.7
2025-05-05 00:00:00+05:30,77.48,148.5,73.33
2025-05-05 01:00:00+05:30,71.99,239.35000000000002,93.7825
2025-05-05 02:00:00+05:30,56.0475,128.2,74.9675
2025-05-05 03:00:00+05:30,57.416666666666664,1.3333333333333333,52.50333333333333
2025-05-05 04:00:00+05:30,58.663333333333334,8.866666666666667,45.163333333333334
2025-05-05 05:00:00+05:30,60.095,73.4,41.3
2025-05-05 06:00:00+05:30,63.38,138.7,50.3
2025-05-05 07:00:00+05:30,63.95666666666667,124.93333333333332,49.82333333333333
2025-05-05 08:00:00+05:30,60.080000000000005,127.23333333333335,49.68333333333334
2025-05-05 09:00:00+05:30,59.196666666666665,119.59999999999998,52.88333333333333
2025-05-05 10:00:00+05:30,53.995000000000005,146.75,43.97
2025-05-05 11:00:00+05:30,53.91,169.05,38.04
2025-05-05 12:00:00+05:30,52.807500000000005,111.2,54.9275
2025-05-05 13:00:00+05:30,47.965,101.25,48.0
2025-05-05 14:00:00+05:30,46.85333333333333,79.03333333333333,34.75666666666667
2025-05-05 15:00:00+05:30,47.755,91.95,38.8
2025-05-05 16:00:00+05:30,40.93,112.4,53.825
2025-05-05 17:00:00+05:30,39.16,131.2,53.765
2025-05-05 18:00:00+05:30,49.7925,1372.675,415.4425
2025-05-05 19:00:00+05:30,60.42,685.05,84.295
2025-05-05 20:00:00+05:30,54.555,155.825,70.245
2025-05-05 21:00:00+05:30,49.85666666666666,134.83333333333334,56.326666666666675
2025-05-05 22:00:00+05:30,51.06,101.625,47.7625
2025-05-05 23:00:00+05:30,50.325,135.65,528.045
2025-05-06 00:00:00+05:30,51.17,84.0,43.6
2025-05-06 01:00:00+05:30,55.77666666666667,50.53333333333333,20.966666666666665
2025-05-06 02:00:00+05:30,65.96,39.26666666666667,13.933333333333332
2025-05-06 03:00:00+05:30,60.957499999999996,39.275,20.2
2025-05-06 04:00:00+05:30,59.98,29.400000000000002,10.833333333333334
2025-05-06 05:00:00+05:30,64.45666666666666,49.199999999999996,15.133333333333333
2025-05-06 06:00:00+05:30,69.20666666666666,64.46666666666665,19.866666666666667
2025-05-06 07:00:00+05:30,72.81,55.76666666666667,18.733333333333334
2025-05-06 08:00:00+05:30,77.495,49.55,24.35
2025-05-06 09:00:00+05:30,84.77999999999999,65.16666666666667,19.0
2025-05-06 10:00:00+05:30,72.5775,86.175,40.7
2025-05-06 11:00:00+05:30,62.343333333333334,77.76666666666667,24.46666666666667
2025-05-06 12:00:00+05:30,58.2775,66.125,31.325000000000003
2025-05-06 13:00:00+05:30,54.126666666666665,70.73333333333333,32.36666666666667
2025-05-06 14:00:00+05:30,54.94,69.0,32.4
2025-05-06 15:00:00+05:30,53.56,56.93333333333334,19.400000000000002
2025-05-06 16:00:00+05:30,54.79666666666666,64.23333333333333,21.566666666666663
2025-05-06 17:00:00+05:30,56.807500000000005,65.45,33.25
2025-05-06 18:00:00+05:30,62.37,98.825,46.325
2025-05-06 19:00:00+05:30,62.2075,110.15,49.35
2025-05-06 20:00:00+05:30,59.4,48.45,22.35
2025-05-06 21:00:00+05:30,60.2875,63.5,26.825
2025-05-06 22:00:00+05:30,60.504999999999995,57.1,24.275
2025-05-06 23:00:00+05:30,50.135,52.9,10.0
2025-05-07 00:00:00+05:30,66.55,58.1,25.2
2025-05-07 01:00:00+05:30,66.2325,62.925000000000004,31.45
2025-05-07 02:00:00+05:30,79.60000000000001,63.73333333333333,34.6
2025-05-07 12:00:00+05:30,44.545,39.875,16.3
2025-05-07 13:00:00+05:30,53.800000000000004,86.46666666666665,34.333333333333336
2025-05-07 14:00:00+05:30,29.81,84.5,40.55
2025-05-07 15:00:00+05:30,43.9,82.1,39.925
2025-05-07 16:00:00+05:30,56.349999999999994,40.5,18.55
2025-05-07 18:00:00+05:30,61.15,65.19999999999999,34.849999999999994
2025-05-07 19:00:00+05:30,89.62,76.9,40.8
2025-05-07 20:00:00+05:30,78.89999999999999,103.89999999999999,54.800000000000004
2025-05-07 21:00:00+05:30,95.63,103.675,52.45
2025-05-07 22:00:00+05:30,99.35,126.2,67.575
2025-05-07 23:00:00+05:30,77.845,128.1,73.15
2025-05-08 00:00:00+05:30,84.84,211.5,122.2
2025-05-08 01:00:00+05:30,94.9525,184.825,107.625
2025-05-08 02:00:00+05:30,82.29666666666667,95.53333333333335,55.96666666666667
2025-05-08 03:00:00+05:30,69.11500000000001,126.19999999999999,75.80000000000001
2025-05-08 04:00:00+05:30,45.03333333333334,80.73333333333333,23.3
2025-05-08 05:00:00+05:30,72.095,174.45,105.9
2025-05-08 06:00:00+05:30,72.195,166.2,54.2
2025-05-08 07:00:00+05:30,90.87666666666667,155.56666666666666,93.03333333333335
2025-05-08 08:00:00+05:30,77.16666666666667,103.16666666666667,41.266666666666666
2025-05-08 09:00:00+05:30,86.43,138.375,57.3
2025-05-08 10:00:00+05:30,70.46333333333332,110.53333333333335,36.96666666666667
2025-05-08 11:00:00+05:30,67.41,89.16666666666667,20.633333333333336
2025-05-08 12:00:00+05:30,75.6375,84.0,23.75
2025-05-08 13:00:00+05:30,75.735,112.95,38.45
2025-05-08 14:00:00+05:30,63.953333333333326,66.5,18.099999999999998
2025-05-08 15:00:00+05:30,61.92333333333334,55.6,24.3
2025-05-08 16:00:00+05:30,60.916666666666664,79.60000000000001,35.56666666666667
2025-05-08 17:00:00+05:30,75.45333333333333,97.33333333333333,33.175
2025-05-08 18:00:00+05:30,69.05333333333333,146.63333333333333,62.1
2025-05-08 19:00:00+05:30,84.68666666666667,122.73333333333333,53.86666666666667
2025-05-08 20:00:00+05:30,107.83,165.4,72.9
2025-05-08 21:00:00+05:30,80.57333333333334,192.73333333333335,84.3
2025-05-08 22:00:00+05:30,62.553333333333335,174.9,52.666666666666664
2025-05-08 23:00:00+05:30,71.92,192.95,92.69999999999999
2025-05-09 00:00:00+05:30,37.68,197.8,0.0
2025-05-09 01:00:00+05:30,58.620000000000005,188.1,73.2
2025-05-09 02:00:00+05:30,56.93333333333334,107.26666666666667,46.63333333333333
2025-05-09 03:00:00+05:30,56.473333333333336,33.13333333333333,15.300000000000002
2025-05-09 04:00:00+05:30,18.065,5.65,0.0
2025-05-09 05:00:00+05:30,56.05500000000001,11.8,3.0
2025-05-09 06:00:00+05:30,52.17333333333334,42.333333333333336,5.133333333333334
2025-05-09 07:00:00+05:30,71.79666666666667,60.699999999999996,18.8
2025-05-09 08:00:00+05:30,64.4525,17.925,3.175
2025-05-09 09:00:00+05:30,64.545,15.125,3.7249999999999996
2025-05-09 10:00:00+05:30,29.97666666666667,13.299999999999999,2.233333333333333
2025-05-09 11:00:00+05:30,32.42,4.5,14.7125
2025-05-09 12:00:00+05:30,38.699999999999996,14.466666666666667,53.50666666666667
2025-05-09 13:00:00+05:30,35.0475,33.825,29.0825
2025-05-09 14:00:00+05:30,39.8575,44.075,20.75
2025-05-09 15:00:00+05:30,41.1575,53.3,23.05
2025-05-09 16:00:00+05:30,41.336666666666666,55.9,25.03333333333333
2025-05-09 17:00:00+05:30,44.37,56.63333333333333,21.596666666666668
2025-05-09 18:00:00+05:30,46.3025,68.025,33.4525
2025-05-09 19:00:00+05:30,49.735,81.425,42.3425
2025-05-09 20:00:00+05:30,55.2325,95.1,41.730000000000004
2025-05-09 21:00:00+05:30,58.682500000000005,80.15,33.332499999999996
2025-05-09 22:00:00+05:30,64.515,81.03333333333335,39.333333333333336
2025-05-09 23:00:00+05:30,62.834999999999994,97.94999999999999,48.150000000000006
2025-05-10 01:00:00+05:30,59.065,84.125,41.275
2025-05-10 02:00:00+05:30,59.2175,81.15,38.25
2025-05-10 03:00:00+05:30,60.626666666666665,71.33333333333333,26.86666666666667
2025-05-10 04:00:00+05:30,66.93333333333334,82.39999999999999,33.47
2025-05-10 05:00:00+05:30,91.8075,426.0,251.9
2025-05-10 06:00:00+05:30,91.53,417.2,240.65
2025-05-10 07:00:00+05:30,87.3575,211.95,119.5
2025-05-10 08:00:00+05:30,88.23666666666668,141.16666666666666,80.04666666666667
2025-05-10 09:00:00+05:30,83.2175,54.675,58.915
2025-05-10 10:00:00+05:30,77.11500000000001,52.0,57.4875
2025-05-10 11:00:00+05:30,78.2375,73.925,54.1425
2025-05-10 12:00:00+05:30,68.28333333333335,86.56666666666666,51.60333333333333
2025-05-10 13:00:00+05:30,68.175,77.35,49.652499999999996
2025-05-10 14:00:00+05:30,67.92999999999999,69.1,40.92
2025-05-10 15:00:00+05:30,67.4075,77.375,40.665
2025-05-10 16:00:00+05:30,62.199999999999996,87.16666666666667,38.27666666666667
2025-05-10 17:00:00+05:30,59.31,84.8,42.24
2025-05-10 18:00:00+05:30,64.2775,97.675,44.275
2025-05-10 19:00:00+05:30,66.49,124.625,57.625
2025-05-10 20:00:00+05:30,63.825,126.05,59.35
2025-05-10 21:00:00+05:30,65.28333333333333,196.96666666666667,69.94666666666667
2025-05-10 22:00:00+05:30,63.885000000000005,195.45,87.275
2025-05-10 23:00:00+05:30,64.845,153.45,68.6
2025-05-11 00:00:00+05:30,62.03,101.2,41.2
2025-05-11 01:00:00+05:30,62.84666666666667,80.8,34.06666666666667
2025-05-11 02:00:00+05:30,32.93,105.9,51.1
2025-05-11 03:00:00+05:30,51.09,82.93333333333334,40.53333333333333
2025-05-11 04:00:00+05:30,65.52000000000001,79.575,38.6
2025-05-11 05:00:00+05:30,68.9075,107.375,53.425
2025-05-11 06:00:00+05:30,66.44,108.9,57.475
2025-05-11 07:00:00+05:30,66.68333333333334,148.1,60.74
2025-05-11 08:00:00+05:30,54.315,154.60000000000002,80.8
2025-05-11 09:00:00+05:30,55.714999999999996,151.4,77.05
2025-05-11 10:00:00+05:30,71.02666666666667,140.63333333333333,72.46666666666667
2025-05-11 11:00:00+05:30,66.61250000000001,127.42500000000001,64.925
2025-05-11 12:00:00+05:30,54.69,111.23333333333333,55.56666666666666
2025-05-11 13:00:00+05:30,53.50333333333333,71.10000000000001,36.13333333333333
2025-05-11 14:00:00+05:30,62.3725,60.05,33.442499999999995
2025-05-11 15:00:00+05:30,64.4575,88.925,46.835
2025-05-11 16:00:00+05:30,65.21000000000001,116.975,56.4
2025-05-11 17:00:00+05:30,52.75666666666667,125.8,61.4
2025-05-11 18:00:00+05:30,52.120000000000005,143.93333333333334,64.56666666666668
2025-05-11 19:00:00+05:30,57.410000000000004,138.9333333333333,63.96666666666667
2025-05-11 20:00:00+05:30,86.87,120.425,57.725
2025-05-11 21:00:00+05:30,75.25750000000001,158.4,69.475
2025-05-11 22:00:00+05:30,69.34,104.025,52.445
2025-05-11 23:00:00+05:30,72.07,78.3,48.62
2025-05-12 00:00:00+05:30,77.4,105.8,24.77
2025-05-12 01:00:00+05:30,77.56333333333333,117.46666666666665,45.343333333333334
2025-05-12 02:00:00+05:30,71.84,111.625,53.9975
2025-05-12 03:00:00+05:30,73.6425,127.32499999999999,59.894999999999996
2025-05-12 04:00:00+05:30,68.0125,100.5,44.525
2025-05-12 05:00:00+05:30,69.63499999999999,85.1,29.325
2025-05-12 06:00:00+05:30,72.07666666666667,100.10000000000001,39.11666666666667
2025-05-12 07:00:00+05:30,73.8225,151.325,74.375
2025-05-12 08:00:00+05:30,71.55250000000001,156.475,77.675
2025-05-12 09:00:00+05:30,69.34666666666668,110.13333333333333,55.333333333333336
2025-05-12 10:00:00+05:30,69.01,128.6,53.583333333333336
2025-05-12 11:00:00+05:30,70.95666666666666,137.0,61.586666666666666
2025-05-12 12:00:00+05:30,69.08333333333333,68.56666666666666,35.800000000000004
2025-05-12 13:00:00+05:30,69.72333333333334,83.10000000000001,38.86666666666667
2025-05-12 14:00:00+05:30,67.52,93.875,49.72
2025-05-12 15:00:00+05:30,62.67333333333334,66.46666666666667,36.193333333333335
2025-05-12 16:00:00+05:30,63.39,72.05,28.8
2025-05-12 17:00:00+05:30,64.1,94.35,46.0
2025-05-12 18:00:00+05:30,62.96666666666667,150.03333333333333,56.19
2025-05-12 19:00:00+05:30,66.845,154.45,62.255
2025-05-12 20:00:00+05:30,70.06666666666666,148.23333333333332,72.16666666666667
2025-05-12 21:00:00+05:30,52.595,172.3,78.0
2025-05-12 22:00:00+05:30,70.625,174.0,62.06
2025-05-12 23:00:00+05:30,64.32,130.8,41.8
2025-05-13 01:00:00+05:30,64.62,115.5,34.56
2025-05-13 02:00:00+05:30,65.75999999999999,91.7,38.125
2025-05-13 03:00:00+05:30,68.005,64.05,29.195
2025-05-13 04:00:00+05:30,66.65666666666665,173.76666666666665,54.52333333333333
2025-05-13 05:00:00+05:30,66.29,260.8666666666667,106.39666666666666
2025-05-13 06:00:00+05:30,67.43333333333334,197.9,107.56666666666666
2025-05-13 07:00:00+05:30,72.62,224.85,81.435
2025-05-13 08:00:00+05:30,72.31,207.23333333333335,90.78000000000002
2025-05-13 09:00:00+05:30,63.54,112.44999999999999,58.20333333333334
2025-05-13 11:00:00+05:30,69.82000000000001,105.60000000000001,52.79333333333333
2025-05-13 12:00:00+05:30,68.20666666666666,113.5,54.47
2025-05-13 13:00:00+05:30,64.24000000000001,127.15,38.25
2025-05-13 14:00:00+05:30,35.10333333333333,102.06666666666666,43.52333333333333
2025-05-13 15:00:00+05:30,24.796666666666667,75.26666666666667,33.52666666666667
2025-05-13 16:00:00+05:30,31.27333333333333,72.93333333333334,32.52333333333333
2025-05-13 17:00:00+05:30,33.92666666666667,80.89999999999999,34.70333333333333
2025-05-13 18:00:00+05:30,40.465,132.8,32.480000000000004
2025-05-13 19:00:00+05:30,49.593333333333334,133.76666666666668,56.096666666666664
2025-05-13 20:00:00+05:30,58.78,131.05,65.15
2025-05-13 21:00:00+05:30,65.50333333333333,131.16666666666666,67.72666666666667
2025-05-13 22:00:00+05:30,54.44,152.76666666666668,77.82666666666667
2025-05-13 23:00:00+05:30,57.195,199.55,80.67500000000001
2025-05-14 00:00:00+05:30,57.57,216.6,106.7
2025-05-14 01:00:00+05:30,59.0475,231.925,120.45
2025-05-14 02:00:00+05:30,59.3525,239.775,129.525
2025-05-14 03:00:00+05:30,63.32,170.65,92.85
2025-05-14 04:00:00+05:30,65.96,167.2,90.6
2025-05-14 05:00:00+05:30,69.5,181.9,98.06666666666666
2025-05-14 06:00:00+05:30,70.9725,175.325,94.6
2025-05-14 07:00:00+05:30,71.58666666666666,173.36666666666667,94.5
2025-05-14 08:00:00+05:30,71.95666666666666,177.4,92.60000000000001
2025-05-14 09:00:00+05:30,72.03,93.7,48.76666666666667
2025-05-14 10:00:00+05:30,73.445,59.9,32.785
2025-05-14 11:00:00+05:30,73.44,57.3,35.8
2025-05-14 12:00:00+05:30,72.7075,72.7,38.05
2025-05-14 13:00:00+05:30,69.72,123.4,56.95
2025-05-14 14:00:00+05:30,68.54666666666667,129.20000000000002,51.76666666666667
2025-05-14 15:00:00+05:30,68.27666666666667,123.96666666666665,51.9
2025-05-14 16:00:00+05:30,66.38,113.775,48.125
2025-05-14 17:00:00+05:30,68.85666666666667,102.76666666666667,44.333333333333336
2025-05-14 18:00:00+05:30,67.87666666666667,137.23333333333332,56.833333333333336
2025-05-14 19:00:00+05:30,71.06,186.1,76.5
2025-05-14 20:00:00+05:30,75.54666666666667,140.76666666666665,59.9
2025-05-14 21:00:00+05:30,90.02333333333333,157.79999999999998,65.33333333333333
2025-05-14 22:00:00+05:30,82.92,224.5666666666667,95.26666666666667
2025-05-14 23:00:00+05:30,91.0,153.14999999999998,62.75
2025-05-15 00:00:00+05:30,75.44,157.4,36.89
2025-05-15 01:00:00+05:30,79.01,149.0,55.57333333333333
2025-05-15 02:00:00+05:30,81.4725,144.025,62.5
2025-05-15 03:00:00+05:30,82.16333333333334,144.66666666666666,52.580000000000005
2025-05-15 04:00:00+05:30,74.0,134.55,58.849999999999994
2025-05-15 05:00:00+05:30,62.07666666666666,187.66666666666666,59.67666666666667
2025-05-15 06:00:00+05:30,78.21333333333332,283.6666666666667,100.44
2025-05-15 07:00:00+05:30,82.3425,290.05,136.975
2025-05-15 08:00:00+05:30,78.63000000000001,161.56666666666666,74.86666666666666
2025-05-15 09:00:00+05:30,76.52000000000001,121.5,56.1
2025-05-15 10:00:00+05:30,75.49666666666667,108.5,40.53
2025-05-15 11:00:00+05:30,62.75333333333333,78.5,35.026666666666664
2025-05-15 12:00:00+05:30,76.15,57.85,31.105
2025-05-15 13:00:00+05:30,75.67500000000001,69.825,33.57
2025-05-15 14:00:00+05:30,74.595,91.5,42.6775
2025-05-15 15:00:00+05:30,71.36500000000001,116.625,47.7725
2025-05-15 16:00:00+05:30,69.36,125.36666666666667,43.20333333333334
2025-05-15 17:00:00+05:30,59.169999999999995,123.0,42.04666666666667
2025-05-15 18:00:00+05:30,72.885,161.95,66.95
2025-05-15 19:00:00+05:30,81.5675,177.0,72.9
2025-05-15 20:00:00+05:30,81.72749999999999,136.2,57.65
2025-05-15 21:00:00+05:30,77.2975,193.75,80.65
2025-05-15 22:00:00+05:30,74.07000000000001,196.25,83.65
2025-05-15 23:00:00+05:30,76.565,161.85000000000002,71.05
2025-05-16 00:00:00+05:30,74.72,108.9,48.3
2025-05-16 01:00:00+05:30,71.80250000000001,148.9,64.35
2025-05-16 02:00:00+05:30,70.9675,164.65,71.65
2025-05-16 03:00:00+05:30,71.885,101.4,33.69
2025-05-16 04:00:00+05:30,76.26333333333334,87.33333333333333,35.63
2025-05-16 05:00:00+05:30,76.38250000000001,67.025,29.905
2025-05-16 06:00:00+05:30,76.065,70.15,29.795
2025-05-16 07:00:00+05:30,76.9975,119.075,50.275
2025-05-16 08:00:00+05:30,77.505,171.4,21.04
2025-05-16 09:00:00+05:30,80.13000000000001,103.76666666666667,45.79333333333333
2025-05-16 10:00:00+05:30,78.05333333333334,73.63333333333333,36.95666666666667
2025-05-16 11:00:00+05:30,76.53,86.0,35.5
2025-05-16 12:00:00+05:30,73.32,110.825,44.05
2025-05-16 13:00:00+05:30,70.8225,97.05,40.1375
2025-05-16 14:00:00+05:30,69.92999999999999,83.23333333333333,30.896666666666665
2025-05-16 15:00:00+05:30,69.78666666666668,67.7,24.903333333333336
2025-05-16 16:00:00+05:30,69.91333333333334,60.1,25.46666666666667
2025-05-16 17:00:00+05:30,68.6525,76.67500000000001,31.95
2025-05-16 18:00:00+05:30,70.1775,135.425,55.375
2025-05-16 19:00:00+05:30,74.11,147.775,60.425
2025-05-16 20:00:00+05:30,78.715,165.625,68.05
2025-05-16 21:00:00+05:30,77.0,195.36666666666667,77.60000000000001
2025-05-16 22:00:00+05:30,75.51666666666667,151.26666666666668,60.800000000000004
2025-05-16 23:00:00+05:30,74.255,153.0,63.849999999999994
2025-05-17 00:00:00+05:30,76.59,262.9,118.3
2025-05-17 01:00:00+05:30,76.3425,255.375,116.975
2025-05-17 02:00:00+05:30,60.800000000000004,171.23333333333335,68.89999999999999
2025-05-17 03:00:00+05:30,60.99333333333334,107.93333333333334,40.13
2025-05-17 04:00:00+05:30,62.89333333333334,89.96666666666665,33.07
2025-05-17 05:00:00+05:30,74.0325,61.375,26.16
2025-05-17 06:00:00+05:30,77.215,50.5,22.57
2025-05-17 07:00:00+05:30,78.2675,68.975,29.8
2025-05-17 08:00:00+05:30,66.16333333333334,75.46666666666667,32.01666666666667
2025-05-17 09:00:00+05:30,77.225,71.3,32.21
2025-05-17 10:00:00+05:30,76.36,78.825,32.67
2025-05-17 11:00:00+05:30,76.57000000000001,76.36666666666667,35.236666666666665
2025-05-17 12:00:00+05:30,62.17000000000001,64.06666666666666,25.273333333333337
2025-05-17 13:00:00+05:30,72.955,63.25,26.15
2025-05-17 14:00:00+05:30,37.07,60.85,26.185000000000002
2025-05-17 15:00:00+05:30,68.6425,80.95,34.7
2025-05-17 16:00:00+05:30,67.445,100.3,41.975
2025-05-17 17:00:00+05:30,69.50750000000001,87.35,37.075
2025-05-17 18:00:00+05:30,71.76,119.65,50.65
2025-05-17 19:00:00+05:30,75.53666666666666,150.0,64.33333333333333
2025-05-17 20:00:00+05:30,76.16,138.5,58.45
2025-05-17 21:00:00+05:30,79.3125,134.1,55.4
2025-05-17 22:00:00+05:30,81.685,122.9,50.175
2025-05-17 23:00:00+05:30,82.88,105.69999999999999,44.4
2025-05-18 00:00:00+05:30,72.19,173.3,74.4
2025-05-18 01:00:00+05:30,71.5,165.1,70.93333333333334
2025-05-18 02:00:00+05:30,71.7325,137.92499999999998,58.800000000000004
2025-05-18 03:00:00+05:30,76.01,109.825,46.7
2025-05-18 04:00:00+05:30,77.46,91.1,40.975
2025-05-18 05:00:00+05:30,77.98750000000001,106.22500000000001,48.075
2025-05-18 06:00:00+05:30,80.97,147.0,61.25
2025-05-18 07:00:00+05:30,79.64750000000001,136.35000000000002,58.075
2025-05-18 08:00:00+05:30,82.5275,113.075,47.6
2025-05-18 09:00:00+05:30,89.7175,88.475,36.225
2025-05-18 10:00:00+05:30,89.58500000000001,86.875,36.974999999999994
2025-05-18 11:00:00+05:30,87.97,106.5,45.125
2025-05-18 12:00:00+05:30,85.32,101.36666666666667,38.49
2025-05-18 13:00:00+05:30,85.33500000000001,73.625,28.375
2025-05-18 14:00:00+05:30,84.73,53.86666666666667,23.86666666666667
2025-05-18 15:00:00+05:30,83.685,59.1,23.34
2025-05-18 16:00:00+05:30,81.63,81.0,24.305
2025-05-18 17:00:00+05:30,79.73333333333333,92.56666666666668,31.593333333333334
2025-05-18 18:00:00+05:30,81.06666666666666,127.26666666666667,36.54
2025-05-18 19:00:00+05:30,87.945,188.05,78.65
2025-05-18 20:00:00+05:30,91.825,178.1,73.9
2025-05-18 21:00:00+05:30,90.89,211.825,87.6
2025-05-18 22:00:00+05:30,91.16,198.2,84.675
2025-05-18 23:00:00+05:30,92.515,145.3,64.55
2025-05-19 00:00:00+05:30,87.99,104.8,44.6
2025-05-19 01:00:00+05:30,86.86500000000001,150.175,65.9
2025-05-19 02:00:00+05:30,83.6375,192.8,86.8
2025-05-19 03:00:00+05:30,82.36,226.0666666666667,100.89999999999999
2025-05-19 04:00:00+05:30,84.635,225.85,103.9
2025-05-19 05:00:00+05:30,90.85666666666667,140.53333333333333,64.5
2025-05-19 06:00:00+05:30,91.33,67.175,30.395
2025-05-19 07:00:00+05:30,88.875,108.8,48.9
2025-05-19 08:00:00+05:30,89.96000000000001,144.7,62.375
2025-05-19 09:00:00+05:30,91.13666666666666,110.76666666666667,49.46666666666667
2025-05-19 10:00:00+05:30,77.92,91.46666666666665,37.843333333333334
2025-05-19 11:00:00+05:30,91.35000000000001,91.8,40.54666666666667
2025-05-19 12:00:00+05:30,89.32,181.4,68.1
2025-05-19 13:00:00+05:30,75.765,222.325,76.1
2025-05-19 14:00:00+05:30,65.27666666666666,109.76666666666667,52.626666666666665
2025-05-19 15:00:00+05:30,47.42666666666667,134.66666666666666,41.75666666666667
2025-05-19 16:00:00+05:30,39.38,64.7,34.16
2025-05-19 17:00:00+05:30,75.05,81.025,37.73
2025-05-19 18:00:00+05:30,74.195,137.175,58.45
2025-05-19 19:00:00+05:30,76.32,173.525,75.375
2025-05-19 20:00:00+05:30,64.195,199.8,54.835
2025-05-19 21:00:00+05:30,74.19666666666666,191.26666666666665,65.84333333333332
2025-05-19 22:00:00+05:30,70.92,142.46666666666667,57.98
2025-05-19 23:00:00+05:30,68.44,130.60000000000002,56.0
2025-05-20 00:00:00+05:30,89.32,144.4,65.0
2025-05-20 01:00:00+05:30,88.735,148.5,65.45
2025-05-20 02:00:00+05:30,90.50999999999999,112.5,48.975
2025-05-20 03:00:00+05:30,90.83,90.63333333333333,34.64
2025-05-20 04:00:00+05:30,61.24333333333333,65.13333333333333,28.566666666666663
2025-05-20 05:00:00+05:30,97.4625,131.75,58.625
2025-05-20 06:00:00+05:30,99.065,147.85,67.325
2025-05-20 07:00:00+05:30,102.1125,159.05,70.6
2025-05-20 08:00:00+05:30,99.11,100.775,44.125
2025-05-20 09:00:00+05:30,96.39999999999999,68.56666666666666,33.166666666666664
2025-05-20 10:00:00+05:30,93.3075,44.025,37.485
2025-05-20 11:00:00+05:30,90.945,43.6,33.075
2025-05-20 12:00:00+05:30,91.24,55.3,26.3925
2025-05-20 13:00:00+05:30,90.57333333333334,57.833333333333336,31.24
2025-05-20 14:00:00+05:30,87.98,62.8,37.42
2025-05-20 15:00:00+05:30,88.44,69.75,37.42
2025-05-20 16:00:00+05:30,84.23,84.1,37.4
2025-05-20 17:00:00+05:30,85.7075,83.825,36.325
2025-05-20 18:00:00+05:30,88.2425,84.3,37.61
2025-05-20 19:00:00+05:30,95.51333333333334,115.66666666666667,43.38333333333333
2025-05-20 21:00:00+05:30,95.43,323.1,131.7
2025-05-20 22:00:00+05:30,90.80333333333334,275.43333333333334,113.2
2025-05-20 23:00:00+05:30,91.495,107.75,57.87
2025-05-21 00:00:00+05:30,47.75,18.8,47.14
2025-05-21 01:00:00+05:30,88.77,28.9,45.3275
2025-05-21 02:00:00+05:30,89.37,41.625,36.79
2025-05-21 03:00:00+05:30,75.75333333333333,30.933333333333334,24.903333333333332
2025-05-21 04:00:00+05:30,62.17666666666667,15.066666666666668,13.54
2025-05-21 05:00:00+05:30,95.7,13.075,19.95
2025-05-21 06:00:00+05:30,94.155,24.85,31.8425
2025-05-21 07:00:00+05:30,93.48,63.4,38.74
2025-05-21 08:00:00+05:30,95.2975,72.64999999999999,33.655
2025-05-21 09:00:00+05:30,93.47666666666667,55.9,33.82666666666667
2025-05-21 11:00:00+05:30,16.74,92.9,39.8
2025-05-21 12:00:00+05:30,55.32,68.36666666666667,22.433333333333334
2025-05-21 13:00:00+05:30,9.843333333333334,39.766666666666666,12.4
2025-05-21 14:00:00+05:30,-5.155,34.225,15.25
2025-05-21 15:00:00+05:30,33.474999999999994,48.15,20.5
2025-05-21 16:00:00+05:30,33.6,124.2,54.1
2025-05-21 17:00:00+05:30,32.449999999999996,116.7,38.02666666666667
2025-05-21 18:00:00+05:30,44.067499999999995,111.975,50.825
2025-05-21 19:00:00+05:30,43.75333333333333,117.16666666666667,48.923333333333325
2025-05-21 21:00:00+05:30,65.07,170.7,74.6
2025-05-21 22:00:00+05:30,58.57666666666666,179.5666666666667,85.22
2025-05-21 23:00:00+05:30,69.84,142.0,74.405
2025-05-22 00:00:00+05:30,70.55,31.0,53.74
2025-05-22 01:00:00+05:30,71.505,40.95,50.225
2025-05-22 02:00:00+05:30,70.3475,58.625,32.6875
2025-05-22 03:00:00+05:30,60.88999999999999,87.56666666666666,43.47333333333333
2025-05-22 04:00:00+05:30,64.64,109.16666666666667,46.9
2025-05-22 05:00:00+05:30,72.17666666666666,217.86666666666667,63.696666666666665
2025-05-22 06:00:00+05:30,73.48,251.19999999999996,113.9
2025-05-22 07:00:00+05:30,64.99333333333333,156.03333333333333,69.57333333333334
2025-05-22 08:00:00+05:30,57.207499999999996,91.275,59.095
2025-05-22 09:00:00+05:30,43.419999999999995,35.199999999999996,27.793333333333333
2025-05-22 10:00:00+05:30,14.020000000000001,12.5,19.96
2025-05-22 11:00:00+05:30,23.833333333333332,14.0,43.446666666666665
2025-05-22 12:00:00+05:30,28.9625,18.95,35.6425
2025-05-22 13:00:00+05:30,26.78,41.699999999999996,23.67
2025-05-22 14:00:00+05:30,35.605000000000004,53.375,21.45
2025-05-22 15:00:00+05:30,32.95333333333333,57.199999999999996,36.339999999999996
2025-05-22 16:00:00+05:30,21.81,64.7,26.5
2025-05-22 17:00:00+05:30,34.88666666666666,85.7,44.086666666666666
2025-05-22 18:00:00+05:30,43.080000000000005,135.4,58.73333333333333
2025-05-22 19:00:00+05:30,46.4,127.69999999999999,48.47
2025-05-22 20:00:00+05:30,52.1,115.3,51.95
2025-05-22 21:00:00+05:30,44.39666666666667,150.53333333333333,64.63333333333334
2025-05-22 22:00:00+05:30,51.03,171.26666666666665,74.10000000000001
2025-05-22 23:00:00+05:30,51.53,142.95,87.67
2025-05-23 00:00:00+05:30,53.85,13.0,56.02
2025-05-23 01:00:00+05:30,45.54333333333333,60.96666666666667,38.81
2025-05-23 02:00:00+05:30,45.24333333333333,79.3,31.576666666666668
2025-05-23 03:00:00+05:30,55.675,71.89999999999999,43.545
2025-05-23 04:00:00+05:30,55.97,78.23333333333333,55.400000000000006
2025-05-23 05:00:00+05:30,48.26333333333333,82.93333333333334,32.92666666666667
2025-05-23 06:00:00+05:30,48.18,93.46666666666665,49.473333333333336
2025-05-23 07:00:00+05:30,54.989999999999995,115.7,70.535
2025-05-23 08:00:00+05:30,48.870000000000005,139.10000000000002,75.01666666666667
2025-05-23 09:00:00+05:30,48.39666666666667,119.8,61.49333333333333
2025-05-23 10:00:00+05:30,10.623333333333333,134.5,52.94333333333333
2025-05-23 11:00:00+05:30,14.02,169.7,63.2
2025-05-23 12:00:00+05:30,22.56,131.2,136.89
2025-05-23 13:00:00+05:30,28.205,83.775,78.7075
2025-05-23 14:00:00+05:30,20.630000000000003,63.0,28.1
2025-05-23 15:00:00+05:30,42.61,83.33333333333333,36.54333333333333
2025-05-23 17:00:00+05:30,36.153333333333336,92.5,48.169999999999995
2025-05-23 18:00:00+05:30,44.3775,144.85,62.7
2025-05-23 19:00:00+05:30,48.4,167.6,71.2
2025-05-23 20:00:00+05:30,54.56,109.6,49.2
2025-05-23 21:00:00+05:30,47.22,147.36666666666667,66.26666666666667
2025-05-23 22:00:00+05:30,55.985,267.2,102.2775
2025-05-23 23:00:00+05:30,54.095,231.65,94.85
2025-05-24 00:00:00+05:30,53.7,59.4,60.09
2025-05-24 01:00:00+05:30,53.50666666666667,58.93333333333334,38.53666666666667
2025-05-24 02:00:00+05:30,47.78,55.725,35.905
2025-05-24 03:00:00+05:30,51.55,65.725,49.207499999999996
2025-05-24 04:00:00+05:30,44.56333333333333,88.39999999999999,41.196666666666665
2025-05-24 05:00:00+05:30,55.2525,101.375,46.275
2025-05-24 06:00:00+05:30,43.903333333333336,115.93333333333334,52.1
2025-05-24 07:00:00+05:30,51.16,132.36666666666667,58.86666666666667
2025-05-24 08:00:00+05:30,45.035,129.475,57.0
2025-05-24 09:00:00+05:30,53.0,118.76666666666667,50.36666666666667
2025-05-24 10:00:00+05:30,12.416666666666666,68.0,28.400000000000002
2025-05-24 11:00:00+05:30,24.3425,50.8,22.775
2025-05-24 12:00:00+05:30,27.435000000000002,43.0,25.415
2025-05-24 13:00:00+05:30,31.0125,60.05,26.3
2025-05-24 14:00:00+05:30,35.04,61.9,27.8
2025-05-24 15:00:00+05:30,39.1,69.7,30.766666666666666
2025-05-24 16:00:00+05:30,33.50333333333333,62.56666666666666,28.96666666666667
2025-05-24 17:00:00+05:30,40.205,70.175,30.7725
2025-05-24 18:00:00+05:30,40.8075,97.05,41.55
2025-05-24 19:00:00+05:30,42.995000000000005,146.8,63.725
2025-05-24 20:00:00+05:30,45.185,230.55,92.8
2025-05-24 21:00:00+05:30,45.85,298.46666666666664,115.46666666666665
2025-05-24 22:00:00+05:30,44.78,234.375,90.5575
2025-05-24 23:00:00+05:30,44.405,115.85,65.63499999999999
2025-05-25 00:00:00+05:30,45.73,118.9,61.82
2025-05-25 01:00:00+05:30,39.82,146.66666666666666,67.53333333333333
2025-05-25 02:00:00+05:30,39.35333333333333,150.23333333333335,70.89999999999999
2025-05-25 03:00:00+05:30,46.620000000000005,98.90000000000002,45.63333333333333
2025-05-25 04:00:00+05:30,51.620000000000005,79.85,42.97
2025-05-25 05:00:00+05:30,49.27333333333333,100.43333333333334,46.96666666666667
2025-05-25 06:00:00+05:30,50.1025,134.775,64.925
2025-05-25 07:00:00+05:30,42.803333333333335,153.03333333333333,72.66666666666667
2025-05-25 08:00:00+05:30,26.58,112.5,51.55
2025-05-25 09:00:00+05:30,51.8925,84.55,38.45
2025-05-25 10:00:00+05:30,54.78,75.4,34.65
2025-05-25 11:00:00+05:30,54.43333333333334,60.166666666666664,43.59
2025-05-25 12:00:00+05:30,45.21,92.53333333333335,49.82
2025-05-25 13:00:00+05:30,44.1,107.36666666666667,47.76666666666667
2025-05-25 14:00:00+05:30,29.89,110.3,48.8
2025-05-25 15:00:00+05:30,55.913333333333334,95.89999999999999,52.51333333333333
2025-05-25 16:00:00+05:30,45.54666666666666,76.76666666666667,38.43333333333333
2025-05-26 17:00:00+05:30,34.49,154.1,67.4
2025-05-26 18:00:00+05:30,34.9,196.9,87.1
2025-05-26 19:00:00+05:30,30.229999999999997,214.15,95.05000000000001
2025-05-26 20:00:00+05:30,24.12,191.05,84.1
2025-05-26 21:00:00+05:30,38.13333333333333,195.16666666666666,87.39999999999999
2025-05-26 22:00:00+05:30,35.42,191.5,85.5
2025-05-26 23:00:00+05:30,46.54666666666666,145.29999999999998,62.1
2025-05-27 00:00:00+05:30,24.34,147.6,68.1
2025-05-27 01:00:00+05:30,40.14,172.86666666666667,81.46666666666667
2025-05-27 02:00:00+05:30,40.75,208.79999999999998,98.60000000000001
2025-05-27 03:00:00+05:30,48.1775,234.825,109.475
2025-05-27 04:00:00+05:30,25.295,221.95,105.9
2025-05-27 05:00:00+05:30,50.47,225.76666666666665,107.76666666666667
2025-05-27 06:00:00+05:30,50.83,228.925,108.65
2025-05-27 07:00:00+05:30,52.13333333333333,204.66666666666666,95.23333333333333
2025-05-27 08:00:00+05:30,35.446666666666665,181.20000000000002,81.53333333333333
2025-05-27 09:00:00+05:30,43.443333333333335,179.23333333333335,80.0
2025-05-27 10:00:00+05:30,33.92,191.1,82.66666666666667
2025-05-27 11:00:00+05:30,47.99,150.76666666666668,63.93333333333333
2025-05-27 14:00:00+05:30,35.745000000000005,194.3,84.55000000000001
2025-05-27 15:00:00+05:30,40.583333333333336,165.96666666666667,72.06666666666666
2025-05-27 16:00:00+05:30,45.379999999999995,168.26666666666668,71.89999999999999
2025-05-27 17:00:00+05:30,51.105000000000004,218.15,94.375
2025-05-27 18:00:00+05:30,42.64,224.29999999999998,95.46666666666665
2025-05-27 19:00:00+05:30,51.089999999999996,278.73333333333335,120.60000000000001
2025-05-27 20:00:00+05:30,43.60666666666666,236.76666666666665,105.36666666666667
2025-05-27 21:00:00+05:30,48.026666666666664,155.20000000000002,66.66666666666667
2025-05-27 22:00:00+05:30,45.93333333333334,132.4,57.13333333333333
2025-05-27 23:00:00+05:30,54.465,143.4,62.95
2025-05-28 01:00:00+05:30,42.300000000000004,108.16666666666667,51.73333333333333
2025-05-28 02:00:00+05:30,30.51,101.3,13.35
2025-05-28 03:00:00+05:30,48.303333333333335,101.39999999999999,50.46666666666667
2025-05-28 04:00:00+05:30,37.11000000000001,75.83333333333333,37.9
2025-05-28 05:00:00+05:30,46.10999999999999,136.6,56.15
2025-05-28 15:00:00+05:30,51.94,112.0,48.1
2025-05-28 16:00:00+05:30,44.96666666666667,103.2,38.27
2025-05-28 17:00:00+05:30,44.666666666666664,110.33333333333333,38.97
2025-05-28 18:00:00+05:30,52.48333333333333,147.36666666666667,66.66666666666667
2025-05-28 19:00:00+05:30,45.6875,241.95,104.7
2025-05-28 20:00:00+05:30,43.1,248.9,112.10000000000001
2025-05-28 21:00:00+05:30,43.876666666666665,222.53333333333333,106.86666666666667
2025-05-28 22:00:00+05:30,43.596666666666664,204.6,99.23333333333333
2025-05-28 23:00:00+05:30,51.68000000000001,163.7,78.30000000000001
2025-05-29 00:00:00+05:30,51.57,194.0,97.3
2025-05-29 01:00:00+05:30,54.7975,162.225,76.15
2025-05-29 02:00:00+05:30,47.403333333333336,442.8666666666666,149.66666666666666
2025-05-29 03:00:00+05:30,48.17333333333334,214.5666666666667,73.53333333333333
2025-05-29 04:00:00+05:30,36.800000000000004,16.233333333333334,14.746666666666668
2025-05-29 05:00:00+05:30,52.955,68.45,34.325
2025-05-29 06:00:00+05:30,44.31,29.133333333333336,13.933333333333332
2025-05-29 07:00:00+05:30,46.82,20.266666666666666,11.446666666666667
2025-05-29 08:00:00+05:30,46.94,26.46666666666667,13.046666666666667
2025-05-29 09:00:00+05:30,46.43666666666667,30.833333333333332,14.1
2025-05-29 10:00:00+05:30,44.96666666666667,31.233333333333334,14.62
2025-05-29 11:00:00+05:30,54.722500000000004,35.775,15.725
2025-05-29 12:00:00+05:30,55.31666666666666,30.96666666666667,13.366666666666667
2025-05-29 13:00:00+05:30,46.56666666666666,29.866666666666664,12.366666666666667
2025-05-29 14:00:00+05:30,45.843333333333334,36.800000000000004,15.466666666666667
2025-05-29 15:00:00+05:30,46.410000000000004,55.03333333333333,24.46666666666667
2025-05-29 16:00:00+05:30,56.33,94.95,41.525
2025-05-29 17:00:00+05:30,57.87,82.0,33.6
2025-05-29 18:00:00+05:30,56.7225,81.9,33.825
2025-05-29 19:00:00+05:30,29.6,125.5,54.0
2025-05-29 20:00:00+05:30,46.053333333333335,150.03333333333333,67.89999999999999
2025-05-29 21:00:00+05:30,47.949999999999996,146.46666666666667,68.73333333333333
2025-05-29 22:00:00+05:30,55.173333333333325,135.73333333333335,63.333333333333336
2025-05-29 23:00:00+05:30,29.61,130.7,65.3
2025-05-30 00:00:00+05:30,54.47,100.2,51.3
2025-05-30 01:00:00+05:30,55.67,77.525,39.6175
2025-05-30 02:00:00+05:30,47.96333333333333,89.16666666666667,45.23333333333333
2025-05-30 03:00:00+05:30,48.79333333333333,96.13333333333333,47.03333333333333
2025-05-30 04:00:00+05:30,48.443333333333335,97.56666666666668,46.166666666666664
2025-05-30 05:00:00+05:30,56.76,110.825,53.125
2025-05-30 06:00:00+05:30,48.81666666666666,107.5,52.699999999999996
2025-05-30 07:00:00+05:30,49.696666666666665,121.86666666666667,59.666666666666664
2025-05-30 08:00:00+05:30,59.32,105.625,52.2
2025-05-30 09:00:00+05:30,49.43333333333334,105.0,49.06666666666666
2025-05-30 10:00:00+05:30,47.07333333333333,103.3,46.63333333333333
2025-05-30 11:00:00+05:30,47.26333333333333,101.73333333333333,46.1
2025-05-30 12:00:00+05:30,47.92666666666667,101.96666666666665,44.73333333333333
2025-05-30 13:00:00+05:30,48.43333333333334,78.53333333333335,33.5
2025-05-30 14:00:00+05:30,55.71,61.875,36.754999999999995
2025-05-30 15:00:00+05:30,45.25666666666667,64.0,29.006666666666664
2025-05-30 16:00:00+05:30,44.84,64.26666666666667,27.866666666666664
2025-05-30 17:00:00+05:30,44.60666666666666,97.46666666666665,41.56666666666666
2025-05-30 18:00:00+05:30,51.95333333333334,145.33333333333334,61.300000000000004
2025-05-30 19:00:00+05:30,42.873333333333335,166.29999999999998,74.16666666666667
2025-05-30 20:00:00+05:30,49.707499999999996,190.375,85.45
2025-05-30 21:00:00+05:30,43.1,231.29999999999998,112.63333333333333
2025-05-30 22:00:00+05:30,45.18,237.4,118.60000000000001
2025-05-30 23:00:00+05:30,69.23333333333333,235.5666666666667,115.03333333333335
2025-05-31 01:00:00+05:30,73.08666666666666,19.833333333333332,27.51
2025-05-31 02:00:00+05:30,63.072500000000005,62.55,40.09
2025-05-31 03:00:00+05:30,61.03333333333333,68.73333333333333,31.436666666666667
2025-05-31 04:00:00+05:30,37.82,81.65,39.265
2025-05-31 05:00:00+05:30,71.4975,97.4,48.2
2025-05-31 06:00:00+05:30,60.29333333333333,100.46666666666665,45.77333333333333
2025-05-31 07:00:00+05:30,61.27333333333333,99.63333333333333,49.43333333333334
2025-05-31 08:00:00+05:30,63.133333333333326,95.93333333333334,41.70333333333333
2025-05-31 09:00:00+05:30,62.376666666666665,93.03333333333335,39.82666666666666
2025-05-31 10:00:00+05:30,62.63666666666666,86.93333333333334,40.25333333333333
2025-05-31 11:00:00+05:30,61.026666666666664,77.76666666666667,43.080000000000005
2025-05-31 12:00:00+05:30,60.423333333333325,77.26666666666667,31.853333333333335
2025-05-31 13:00:00+05:30,60.11333333333332,73.73333333333333,28.633333333333336
2025-05-31 14:00:00+05:30,60.596666666666664,64.16666666666667,33.28333333333333
2025-05-31 15:00:00+05:30,58.77333333333333,71.10000000000001,37.52666666666667
2025-05-31 16:00:00+05:30,57.096666666666664,84.89999999999999,36.830000000000005
2025-05-31 17:00:00+05:30,56.25,106.46666666666665,37.06666666666667
2025-05-31 18:00:00+05:30,55.90333333333333,128.03333333333333,46.026666666666664
2025-05-31 19:00:00+05:30,34.985,108.9,50.8
2025-05-31 20:00:00+05:30,53.52333333333333,199.1,62.49
2025-05-31 21:00:00+05:30,55.34,265.8666666666667,105.46
2025-05-31 22:00:00+05:30,64.7425,156.775,73.4
2025-05-31 23:00:00+05:30,68.445,103.3,43.35
2025-06-01 00:00:00+05:30,67.29,14.2,24.72
2025-06-01 01:00:00+05:30,57.06333333333333,39.300000000000004,29.94333333333333
2025-06-01 02:00:00+05:30,56.51333333333334,60.666666666666664,27.146666666666665
2025-06-01 03:00:00+05:30,69.0575,95.55,46.825
2025-06-01 04:00:00+05:30,69.7975,124.375,62.575
2025-06-01 05:00:00+05:30,59.46,116.13333333333333,48.35666666666666
2025-06-01 07:00:00+05:30,38.31,101.2,24.9
2025-06-01 08:00:00+05:30,60.98,83.63333333333334,34.86666666666667
2025-06-01 09:00:00+05:30,71.16,67.44999999999999,33.05
2025-06-01 10:00:00+05:30,69.6875,66.525,30.85
2025-06-01 11:00:00+05:30,68.48666666666666,71.53333333333333,31.733333333333334
2025-06-01 12:00:00+05:30,46.77333333333333,41.166666666666664,17.599999999999998
2025-06-01 13:00:00+05:30,60.62,52.199999999999996,21.48
2025-06-01 14:00:00+05:30,60.60333333333333,50.699999999999996,27.28333333333333
2025-06-01 15:00:00+05:30,59.77333333333333,55.333333333333336,29.94666666666667
2025-06-01 16:00:00+05:30,68.28333333333333,67.46666666666665,30.233333333333334
2025-06-01 17:00:00+05:30,59.7675,89.0,34.4525
2025-06-01 18:00:00+05:30,66.72333333333334,117.56666666666666,46.96666666666667
2025-06-01 19:00:00+05:30,55.593333333333334,107.2,42.223333333333336
2025-06-01 20:00:00+05:30,54.35,223.33333333333334,64.08333333333333
2025-06-01 21:00:00+05:30,65.785,591.85,306.79999999999995
2025-06-01 22:00:00+05:30,57.21666666666667,632.8,236.32333333333335
2025-06-01 23:00:00+05:30,70.08,190.35000000000002,102.0
2025-06-02 00:00:00+05:30,70.89,11.3,33.26
2025-06-02 01:00:00+05:30,70.37666666666667,6.2,31.02
2025-06-02 02:00:00+05:30,79.47,3.2,24.79
2025-06-02 03:00:00+05:30,74.77,2.433333333333333,33.35333333333333
2025-06-02 04:00:00+05:30,73.85249999999999,16.875,24.295
2025-06-02 05:00:00+05:30,74.22,49.5,26.043333333333333
2025-06-02 06:00:00+05:30,73.875,83.8,43.07
2025-06-02 07:00:00+05:30,73.75,103.3,50.5
2025-06-02 08:00:00+05:30,75.95,101.2,47.3
2025-06-02 09:00:00+05:30,75.25333333333333,87.3,39.43333333333334
2025-06-02 10:00:00+05:30,75.64,85.7,36.6
2025-06-02 11:00:00+05:30,75.98,82.3,35.93333333333333
2025-06-02 12:00:00+05:30,74.60666666666667,69.43333333333334,22.293333333333333
2025-06-02 13:00:00+05:30,73.94,63.6,20.28
2025-06-02 14:00:00+05:30,75.6425,59.574999999999996,23.925
2025-06-02 15:00:00+05:30,74.8625,59.65,26.575
2025-06-02 16:00:00+05:30,73.80000000000001,76.55,14.025
2025-06-02 17:00:00+05:30,72.26333333333334,100.39999999999999,36.03333333333333
2025-06-02 18:00:00+05:30,71.21,139.1,45.13999999999999
2025-06-02 19:00:00+05:30,70.51,117.89999999999999,46.81
2025-06-02 20:00:00+05:30,69.60333333333334,194.4333333333333,75.25
2025-06-02 21:00:00+05:30,69.89999999999999,188.33333333333334,84.66666666666667
2025-06-02 22:00:00+05:30,69.09666666666668,65.6,37.24666666666666
2025-06-02 23:00:00+05:30,71.205,1.6,29.14
2025-06-03 00:00:00+05:30,37.05,44.4,12.2
2025-06-03 01:00:00+05:30,71.64,43.93333333333334,29.08
2025-06-03 02:00:00+05:30,71.27,33.0,21.5
2025-06-03 03:00:00+05:30,59.836666666666666,23.8,16.5
2025-06-03 13:00:00+05:30,19.104999999999997,64.7,26.55
2025-06-03 14:00:00+05:30,17.49,86.5,44.8
2025-06-03 15:00:00+05:30,18.87666666666667,96.2,49.43333333333334
2025-06-03 20:00:00+05:30,134.27,73.9,39.515
2025-06-03 21:00:00+05:30,161.28666666666666,56.800000000000004,32.43333333333333
2025-06-03 22:00:00+05:30,154.44333333333333,75.96666666666667,31.643333333333334
2025-06-03 23:00:00+05:30,197.16500000000002,78.6,30.63
2025-06-04 00:00:00+05:30,238.81,46.4,20.29
2025-06-04 01:00:00+05:30,247.25,50.6,21.8
2025-06-04 02:00:00+05:30,271.0933333333333,55.666666666666664,21.216666666666665
2025-06-04 03:00:00+05:30,300.1433333333334,48.03333333333333,17.983333333333334
2025-06-04 04:00:00+05:30,309.9533333333333,34.75,15.200000000000001
2025-06-04 05:00:00+05:30,320.90000000000003,26.666666666666668,14.946666666666667
2025-06-04 06:00:00+05:30,335.16,40.93333333333333,37.516666666666666
2025-06-04 07:00:00+05:30,342.9525,55.45,48.165
2025-06-04 08:00:00+05:30,349.6133333333334,77.89999999999999,37.68
2025-06-04 09:00:00+05:30,324.26,91.275,42.2825
2025-06-04 10:00:00+05:30,310.91,91.53333333333335,48.27333333333333
2025-06-04 11:00:00+05:30,285.12,96.5,61.23
2025-06-04 12:00:00+05:30,35.18,81.06666666666666,52.43666666666667
2025-06-04 13:00:00+05:30,12.455,63.650000000000006,38.5
2025-06-04 14:00:00+05:30,0.0,78.23333333333333,38.53666666666667
2025-06-04 15:00:00+05:30,0.0,92.8,50.82
2025-06-04 16:00:00+05:30,-0.006666666666666667,89.16666666666667,34.016666666666666
2025-06-04 17:00:00+05:30,-0.0033333333333333335,90.93333333333334,38.72666666666667
2025-06-04 18:00:00+05:30,0.02666666666666667,110.3,39.49666666666667
2025-06-04 19:00:00+05:30,0.0,134.36666666666667,49.78666666666666
2025-06-04 20:00:00+05:30,0.0,158.1,50.71666666666667
2025-06-04 21:00:00+05:30,0.0025,213.425,87.15
2025-06-04 22:00:00+05:30,0.0033333333333333335,197.79999999999998,71.67333333333333
2025-06-04 23:00:00+05:30,0.0,211.2,90.0
2025-06-05 00:00:00+05:30,0.0,301.4,40.39
2025-06-05 01:00:00+05:30,0.0,276.975,122.525
2025-06-05 02:00:00+05:30,0.0033333333333333335,248.5,89.31
2025-06-05 03:00:00+05:30,0.007500000000000001,192.175,86.05
2025-06-05 04:00:00+05:30,0.0,147.5,51.72
2025-06-05 05:00:00+05:30,-0.006666666666666667,154.36666666666667,52.31333333333333
2025-06-05 06:00:00+05:30,0.006666666666666667,149.53333333333333,48.51666666666667
2025-06-05 07:00:00+05:30,0.0,143.23333333333335,62.666666666666664
2025-06-05 08:00:00+05:30,0.005,70.125,30.2975
2025-06-05 09:00:00+05:30,0.0,12.666666666666666,33.803333333333335
2025-06-05 10:00:00+05:30,0.0033333333333333335,39.800000000000004,40.11666666666667
2025-06-05 11:00:00+05:30,0.0033333333333333335,84.33333333333333,40.60999999999999
2025-06-05 12:00:00+05:30,0.0,125.7,53.9
2025-06-05 13:00:00+05:30,-0.0025,89.425,48.355
2025-06-05 14:00:00+05:30,0.0,102.6,52.477500000000006
2025-06-05 15:00:00+05:30,0.0,91.46666666666665,45.13666666666666
2025-06-05 16:00:00+05:30,0.0,105.05,40.16
2025-06-05 17:00:00+05:30,0.0033333333333333335,108.8,45.4
2025-06-05 18:00:00+05:30,0.01,144.3,54.65
2025-06-05 19:00:00+05:30,0.0033333333333333335,149.76666666666665,57.63333333333333
2025-06-05 20:00:00+05:30,-0.0025,113.55,44.1
2025-06-05 21:00:00+05:30,0.005,134.95,55.305
2025-06-05 22:00:00+05:30,0.0,149.56666666666666,66.85666666666667
2025-06-05 23:00:00+05:30,0.0,130.9,58.62
2025-06-06 01:00:00+05:30,0.0,174.25,65.8425
2025-06-06 02:00:00+05:30,0.0,150.1,56.343333333333334
2025-06-06 03:00:00+05:30,0.0,144.16666666666666,54.699999999999996
2025-06-06 04:00:00+05:30,0.0,128.45,56.2
2025-06-06 05:00:00+05:30,0.0,109.0,46.699999999999996
2025-06-06 06:00:00+05:30,0.006666666666666667,103.83333333333333,43.03333333333333
2025-06-06 07:00:00+05:30,-0.0033333333333333335,114.56666666666666,54.35999999999999
2025-06-06 08:00:00+05:30,0.006666666666666667,110.46666666666665,55.10999999999999
2025-06-06 09:00:00+05:30,0.013333333333333334,104.53333333333335,43.97
2025-06-06 10:00:00+05:30,0.0033333333333333335,77.96666666666667,34.15
2025-06-06 11:00:00+05:30,0.005,86.8,35.862500000000004
2025-06-06 12:00:00+05:30,0.0033333333333333335,77.26666666666667,31.913333333333338
2025-06-06 13:00:00+05:30,0.0033333333333333335,68.6,34.946666666666665
2025-06-06 14:00:00+05:30,0.0033333333333333335,68.76666666666667,35.25333333333334
2025-06-06 15:00:00+05:30,0.005,65.65,37.379999999999995
2025-06-06 16:00:00+05:30,0.0,65.2,26.395
2025-06-06 17:00:00+05:30,0.0,84.80000000000001,34.465
2025-06-06 18:00:00+05:30,0.006666666666666667,95.16666666666667,33.11333333333334
2025-06-06 19:00:00+05:30,0.01,107.125,42.425
2025-06-06 20:00:00+05:30,0.0,96.775,38.3
2025-06-06 21:00:00+05:30,0.0,180.7,45.8
2025-06-06 22:00:00+05:30,0.0033333333333333335,185.20000000000002,68.35000000000001
2025-06-06 23:00:00+05:30,0.0,87.2,35.0
2025-06-07 00:00:00+05:30,0.0,94.1,38.3
2025-06-07 01:00:00+05:30,0.0,86.4,35.45
2025-06-07 02:00:00+05:30,0.01,85.56666666666666,35.13333333333333
2025-06-07 03:00:00+05:30,0.0,95.7,39.1
2025-06-07 04:00:00+05:30,0.005,96.95,40.65
2025-06-07 05:00:00+05:30,0.0,96.975,40.8
2025-06-07 06:00:00+05:30,0.0,97.16666666666667,40.4
2025-06-07 07:00:00+05:30,0.0,108.7,43.75
2025-06-07 08:00:00+05:30,0.0033333333333333335,97.13333333333333,38.6
2025-06-07 09:00:00+05:30,0.0,85.63333333333333,31.03333333333333
2025-06-07 10:00:00+05:30,0.005,77.65,28.8
2025-06-07 11:00:00+05:30,0.0,74.475,33.3425
2025-06-07 12:00:00+05:30,0.0,57.5,21.97
2025-06-07 13:00:00+05:30,61.785,69.8,26.85
2025-06-07 14:00:00+05:30,11.493333333333334,54.43333333333334,21.233333333333334
2025-06-07 15:00:00+05:30,22.22,80.85,30.4
2025-06-07 16:00:00+05:30,27.263333333333335,74.56666666666666,28.566666666666666
2025-06-07 17:00:00+05:30,35.406666666666666,78.3,32.82333333333333
2025-06-07 18:00:00+05:30,41.31666666666667,100.7,59.193333333333335
2025-06-07 19:00:00+05:30,49.22666666666667,120.5,51.330000000000005
2025-06-07 20:00:00+05:30,61.00333333333333,122.93333333333334,67.43
2025-06-07 21:00:00+05:30,42.07666666666666,105.23333333333333,42.76666666666667
2025-06-07 22:00:00+05:30,48.265,112.075,42.76
2025-06-07 23:00:00+05:30,38.379999999999995,103.45,41.3
2025-06-08 01:00:00+05:30,37.843333333333334,75.7,29.2
2025-06-08 02:00:00+05:30,55.597500000000004,76.225,39.08
2025-06-08 03:00:00+05:30,47.879999999999995,99.63333333333333,43.99
2025-06-08 04:00:00+05:30,58.36,122.94999999999999,51.8
2025-06-08 05:00:00+05:30,49.94333333333333,126.06666666666666,53.26666666666667
2025-06-08 06:00:00+05:30,60.60666666666666,115.36666666666667,48.699999999999996
2025-06-08 07:00:00+05:30,61.175,122.2,51.075
2025-06-08 08:00:00+05:30,58.31333333333333,107.89999999999999,41.73333333333333
2025-06-08 09:00:00+05:30,69.4275,80.0,30.525
2025-06-08 10:00:00+05:30,69.3,75.3,35.91
2025-06-08 11:00:00+05:30,54.23333333333333,66.53333333333333,29.700000000000003
2025-06-08 12:00:00+05:30,51.169999999999995,61.1,23.366666666666664
2025-06-08 13:00:00+05:30,46.455,65.35,25.3
2025-06-08 14:00:00+05:30,53.510000000000005,63.375,24.725
2025-06-08 15:00:00+05:30,50.51666666666667,72.76666666666667,28.666666666666668
2025-06-08 16:00:00+05:30,31.79,69.0,27.7
2025-06-08 17:00:00+05:30,59.9525,79.275,41.4575
2025-06-08 18:00:00+05:30,60.12,114.025,45.405
2025-06-08 19:00:00+05:30,49.15,149.89999999999998,56.75
2025-06-08 20:00:00+05:30,59.51,107.06666666666666,40.96666666666667
2025-06-08 21:00:00+05:30,56.68666666666667,111.93333333333334,44.13333333333333
2025-06-08 22:00:00+05:30,64.86666666666667,168.86666666666667,68.13333333333334
2025-06-08 23:00:00+05:30,49.435,165.7,68.95
2025-06-09 01:00:00+05:30,63.10666666666666,85.16666666666667,38.51
2025-06-09 02:00:00+05:30,63.03666666666667,54.03333333333333,29.209999999999997
2025-06-09 03:00:00+05:30,61.9,70.73333333333333,37.67666666666667
2025-06-09 04:00:00+05:30,61.47,83.89999999999999,32.68666666666667
2025-06-09 05:00:00+05:30,61.17,89.3,34.3
2025-06-09 06:00:00+05:30,51.82666666666666,83.33333333333333,30.153333333333336
2025-06-09 07:00:00+05:30,61.51,89.43333333333334,33.03333333333333
2025-06-09 08:00:00+05:30,60.64333333333334,91.89999999999999,35.84666666666667
2025-06-09 09:00:00+05:30,60.830000000000005,69.7,33.47666666666667
2025-06-09 10:00:00+05:30,60.093333333333334,74.96666666666667,27.593333333333334
2025-06-09 11:00:00+05:30,59.42333333333334,82.43333333333334,29.283333333333335
2025-06-09 12:00:00+05:30,59.2525,96.6,34.667500000000004
2025-06-09 13:00:00+05:30,59.946666666666665,188.70000000000002,50.96
2025-06-09 14:00:00+05:30,60.150000000000006,103.9,31.055
2025-06-09 15:00:00+05:30,58.385000000000005,69.19999999999999,28.36
2025-06-09 16:00:00+05:30,57.4825,85.95,33.6
2025-06-09 17:00:00+05:30,57.196666666666665,110.56666666666666,35.166666666666664
2025-06-09 18:00:00+05:30,57.6325,139.85,52.425
2025-06-09 19:00:00+05:30,58.29,107.36666666666667,36.39333333333334
2025-06-09 20:00:00+05:30,58.06333333333333,109.10000000000001,41.06333333333333
2025-06-09 21:00:00+05:30,57.32333333333333,124.5,48.663333333333334
2025-06-09 22:00:00+05:30,56.0525,145.55,56.875
2025-06-09 23:00:00+05:30,54.82,106.1,40.24
2025-06-10 00:00:00+05:30,54.37,51.9,31.48
2025-06-10 01:00:00+05:30,54.23333333333333,50.333333333333336,26.77
2025-06-10 02:00:00+05:30,45.59666666666667,71.39999999999999,28.22666666666667
2025-06-10 03:00:00+05:30,53.1375,91.325,37.502500000000005
2025-06-10 04:00:00+05:30,45.19,72.39999999999999,28.123333333333335
2025-06-10 05:00:00+05:30,40.27,61.1,24.545
2025-06-10 06:00:00+05:30,23.38,99.2,17.89
2025-06-10 07:00:00+05:30,34.89,101.83333333333333,36.07333333333333
2025-06-10 08:00:00+05:30,34.333333333333336,111.2,30.53333333333333
2025-06-10 09:00:00+05:30,40.64666666666667,135.13333333333333,50.1
2025-06-10 10:00:00+05:30,27.52,62.666666666666664,20.853333333333335
2025-06-10 11:00:00+05:30,33.660000000000004,76.83333333333333,25.48
2025-06-10 12:00:00+05:30,34.06,73.56666666666666,27.666666666666668
2025-06-10 13:00:00+05:30,10.283333333333333,66.3,19.400000000000002
2025-06-10 14:00:00+05:30,18.88,39.6,15.3725
2025-06-10 15:00:00+05:30,25.33,53.03333333333333,20.266666666666666
2025-06-10 16:00:00+05:30,15.046666666666667,55.23333333333333,17.25
2025-06-10 17:00:00+05:30,15.67,60.0,20.17
2025-06-10 19:00:00+05:30,36.99333333333333,83.2,30.386666666666667
2025-06-10 20:00:00+05:30,51.86000000000001,95.25,36.7
2025-06-10 21:00:00+05:30,52.89,88.95,36.5875
2025-06-10 22:00:00+05:30,29.665,102.95,36.625
2025-06-10 23:00:00+05:30,58.45,91.45,34.625
2025-06-11 00:00:00+05:30,60.86,72.3,30.81
2025-06-11 01:00:00+05:30,61.4075,54.9,30.9225
2025-06-11 02:00:00+05:30,34.56,55.8,23.42
2025-06-11 03:00:00+05:30,55.09,66.8,40.699999999999996
2025-06-11 04:00:00+05:30,56.5,89.05,36.64
2025-06-11 05:00:00+05:30,55.76333333333333,83.83333333333333,29.09
2025-06-11 06:00:00+05:30,56.70333333333334,91.89999999999999,30.01
2025-06-11 07:00:00+05:30,55.78666666666667,99.26666666666667,32.86
2025-06-11 08:00:00+05:30,71.97000000000001,75.16666666666667,28.393333333333334
2025-06-11 09:00:00+05:30,63.27333333333333,39.300000000000004,16.033333333333335
2025-06-11 10:00:00+05:30,75.775,65.475,28.6725
2025-06-11 11:00:00+05:30,38.33,109.6,36.2475
2025-06-11 12:00:00+05:30,17.32,47.93333333333334,22.416666666666668
2025-06-11 13:00:00+05:30,51.395,38.225,24.8675
2025-06-11 14:00:00+05:30,1.43,51.1,18.2
2025-06-11 15:00:00+05:30,30.05,44.325,15.950000000000001
2025-06-11 16:00:00+05:30,6.99,43.0,14.1
2025-06-11 17:00:00+05:30,12.313333333333333,44.36666666666667,14.053333333333333
2025-06-11 18:00:00+05:30,15.486666666666666,91.06666666666666,20.416666666666668
2025-06-11 19:00:00+05:30,23.72,129.06666666666666,47.68
2025-06-11 20:00:00+05:30,30.376666666666665,61.76666666666667,23.540000000000003
2025-06-11 21:00:00+05:30,24.73,76.4,30.625
2025-06-11 22:00:00+05:30,17.033333333333335,104.26666666666667,37.32
2025-06-11 23:00:00+05:30,18.295,99.0,37.15
2025-06-12 00:00:00+05:30,8.84,186.3,58.0
2025-06-12 01:00:00+05:30,16.535,95.175,33.7
2025-06-12 02:00:00+05:30,13.723333333333334,53.93333333333334,28.333333333333332
2025-06-12 03:00:00+05:30,11.276666666666666,71.89999999999999,29.266666666666666
2025-06-12 04:00:00+05:30,11.526666666666666,88.83333333333333,36.4
2025-06-12 05:00:00+05:30,13.79,103.8,43.125
2025-06-12 06:00:00+05:30,10.856666666666667,106.43333333333334,43.833333333333336
2025-06-12 07:00:00+05:30,10.799999999999999,111.56666666666666,44.46666666666667
2025-06-12 08:00:00+05:30,7.8566666666666665,105.2,39.6
2025-06-12 09:00:00+05:30,8.596666666666666,64.73333333333333,24.666666666666668
2025-06-12 10:00:00+05:30,10.286666666666667,73.96666666666665,28.0
2025-06-12 11:00:00+05:30,8.236666666666666,67.0,25.233333333333334
2025-06-12 12:00:00+05:30,8.9,57.9,22.433333333333334
2025-06-12 13:00:00+05:30,9.625,62.3,29.343333333333334
2025-06-12 14:00:00+05:30,8.18,76.56666666666666,29.2
2025-06-12 15:00:00+05:30,9.99,93.65,35.0
2025-06-12 16:00:00+05:30,10.44,74.16666666666667,27.8
2025-06-12 17:00:00+05:30,20.206666666666667,80.83333333333333,28.5
2025-06-12 18:00:00+05:30,15.85,82.7,28.433333333333337
2025-06-12 19:00:00+05:30,29.02333333333333,108.16666666666667,43.46666666666667
2025-06-12 20:00:00+05:30,42.18666666666667,123.36666666666667,49.86666666666667
2025-06-12 21:00:00+05:30,25.575,109.425,44.325
2025-06-12 22:00:00+05:30,14.16,94.0,41.817499999999995
2025-06-12 23:00:00+05:30,12.49,105.25,41.269999999999996
2025-06-13 01:00:00+05:30,10.2575,97.75,39.2
2025-06-13 02:00:00+05:30,8.7775,112.575,45.875
2025-06-13 03:00:00+05:30,8.53,108.03333333333335,39.983333333333334
2025-06-13 05:00:00+05:30,7.4399999999999995,91.1,26.604999999999997
2025-06-13 06:00:00+05:30,7.846666666666667,93.7,32.196666666666665
2025-06-13 07:00:00+05:30,8.243333333333334,95.3,30.566666666666666
2025-06-13 08:00:00+05:30,4.73,95.95,13.879999999999999
2025-06-13 09:00:00+05:30,4.92,83.55,14.51
2025-06-13 10:00:00+05:30,7.140000000000001,86.06666666666666,29.676666666666666
2025-06-13 11:00:00+05:30,9.2575,85.45,34.775000000000006
2025-06-13 12:00:00+05:30,7.736666666666667,88.5,30.49
2025-06-13 13:00:00+05:30,6.7325,70.65,27.875
2025-06-13 14:00:00+05:30,5.203333333333333,67.8,23.13
2025-06-13 15:00:00+05:30,5.1000000000000005,68.5,23.44666666666667
2025-06-13 16:00:00+05:30,6.165,66.4,26.75
2025-06-13 17:00:00+05:30,6.823333333333333,78.43333333333334,27.096666666666668
2025-06-13 18:00:00+05:30,6.265000000000001,88.65,27.045
2025-06-13 19:00:00+05:30,14.663333333333334,110.1,47.26666666666667
2025-06-13 20:00:00+05:30,16.96666666666667,112.86666666666667,44.60333333333333
2025-06-13 21:00:00+05:30,11.780000000000001,148.70000000000002,51.413333333333334
2025-06-13 22:00:00+05:30,17.099999999999998,79.36666666666666,36.02
2025-06-13 23:00:00+05:30,14.485,76.55,39.61
2025-06-14 00:00:00+05:30,12.76,120.7,48.1
2025-06-14 01:00:00+05:30,10.206666666666665,111.26666666666667,44.73333333333333
2025-06-14 02:00:00+05:30,10.06,86.83333333333333,34.9
2025-06-14 03:00:00+05:30,9.993333333333334,75.2,31.133333333333336
2025-06-14 04:00:00+05:30,5.726666666666667,51.333333333333336,21.266666666666666
2025-06-14 05:00:00+05:30,8.8875,78.03333333333335,32.63333333333333
2025-06-14 06:00:00+05:30,11.446666666666667,91.0,37.93333333333334
2025-06-14 07:00:00+05:30,10.163333333333334,121.13333333333333,50.43333333333334
2025-06-14 08:00:00+05:30,10.066666666666666,111.16666666666667,45.76666666666667
2025-06-14 09:00:00+05:30,9.89,94.8,38.46666666666667
2025-06-14 10:00:00+05:30,8.976666666666667,101.7,40.1
2025-06-14 11:00:00+05:30,7.505,77.325,30.05
2025-06-14 12:00:00+05:30,7.215,54.900000000000006,22.1
2025-06-14 13:00:00+05:30,5.446666666666666,76.53333333333335,35.72666666666667
2025-06-14 14:00:00+05:30,6.023333333333333,89.10000000000001,34.06666666666667
2025-06-14 15:00:00+05:30,3.236666666666667,87.96666666666665,33.63333333333333
2025-06-14 16:00:00+05:30,3.31,67.53333333333333,26.766666666666666
2025-06-14 17:00:00+05:30,6.026666666666667,78.86666666666666,31.766666666666666
2025-06-14 18:00:00+05:30,11.089999999999998,101.4,40.2
2025-06-14 19:00:00+05:30,14.933333333333332,111.9,20.895000000000003
2025-06-14 20:00:00+05:30,9.285,566.275,177.175
2025-06-14 21:00:00+05:30,11.403333333333334,258.275,73.0525
2025-06-14 22:00:00+05:30,10.623333333333333,44.13333333333333,23.96666666666667
2025-06-14 23:00:00+05:30,9.370000000000001,42.1,19.97
2025-06-15 01:00:00+05:30,5.423333333333333,54.06666666666666,19.933333333333334
2025-06-15 02:00:00+05:30,6.046666666666667,42.4,15.433333333333332
2025-06-15 03:00:00+05:30,5.615,58.8,23.65
2025-06-15 04:00:00+05:30,5.59,21.033333333333335,15.953333333333333
2025-06-15 05:00:00+05:30,5.9366666666666665,22.666666666666668,14.193333333333333
2025-06-15 06:00:00+05:30,7.48,25.65,13.945
2025-06-15 07:00:00+05:30,8.756666666666668,24.666666666666668,14.223333333333334
2025-06-15 08:00:00+05:30,10.916666666666666,17.3,11.520000000000001
2025-06-15 09:00:00+05:30,8.52,17.9,9.545
2025-06-15 10:00:00+05:30,8.200000000000001,20.733333333333334,10.413333333333334
2025-06-15 11:00:00+05:30,7.196666666666666,27.766666666666666,11.443333333333333
2025-06-15 12:00:00+05:30,7.22,31.95,12.855
2025-06-15 13:00:00+05:30,7.696666666666666,41.36666666666667,16.133333333333336
2025-06-15 14:00:00+05:30,6.973333333333334,33.0,12.693333333333333
2025-06-15 15:00:00+05:30,4.66,36.43333333333334,12.926666666666668
2025-06-15 16:00:00+05:30,5.359999999999999,48.9,15.6
2025-06-15 17:00:00+05:30,5.0,41.43333333333334,14.146666666666667
2025-06-15 18:00:00+05:30,4.3,55.06666666666666,22.573333333333334
2025-06-15 19:00:00+05:30,2.98,69.5,22.450000000000003
2025-06-15 20:00:00+05:30,7.045,54.099999999999994,31.38
2025-06-15 21:00:00+05:30,6.515000000000001,56.1,23.03
2025-06-15 22:00:00+05:30,5.016666666666667,67.53333333333335,23.8
2025-06-15 23:00:00+05:30,2.96,91.7,22.2
2025-06-16 00:00:00+05:30,3.46,20.5,15.3
2025-06-16 01:00:00+05:30,3.3,17.7,13.1
2025-06-16 02:00:00+05:30,8.659999999999998,22.46666666666667,12.020000000000001
2025-06-16 03:00:00+05:30,6.32,25.233333333333334,13.103333333333333
2025-06-16 04:00:00+05:30,6.113333333333333,30.46666666666667,38.22
2025-06-16 05:00:00+05:30,6.1375,45.4,26.2725
2025-06-16 06:00:00+05:30,7.523333333333333,54.6,19.573333333333334
2025-06-16 07:00:00+05:30,13.235,67.0,23.15
2025-06-16 08:00:00+05:30,11.6875,60.8,20.7
2025-06-16 09:00:00+05:30,8.31,49.6,17.253333333333334
2025-06-16 10:00:00+05:30,6.236666666666667,45.36666666666667,19.05
2025-06-16 11:00:00+05:30,6.890000000000001,33.4,16.106666666666666
2025-06-16 12:00:00+05:30,8.51,28.3,15.79
2025-06-16 13:00:00+05:30,0.0,27.7,13.84
2025-06-16 14:00:00+05:30,10.4,53.666666666666664,14.523333333333333
2025-06-16 15:00:00+05:30,5.416666666666667,77.36666666666666,14.74
2025-06-16 16:00:00+05:30,0.0,16.85,13.92
2025-06-16 17:00:00+05:30,0.0,92.0,28.043333333333333
2025-06-16 18:00:00+05:30,0.0,68.96666666666665,26.933333333333334
2025-06-16 19:00:00+05:30,0.0,39.833333333333336,14.79
2025-06-16 20:00:00+05:30,0.0,23.65,21.862499999999997
2025-06-16 21:00:00+05:30,0.0,45.666666666666664,21.426666666666666
2025-06-16 22:00:00+05:30,0.0,138.26666666666668,50.800000000000004
2025-06-16 23:00:00+05:30,0.0,99.3,38.45
2025-06-17 00:00:00+05:30,0.0,41.4,17.5
2025-06-17 01:00:00+05:30,0.0,23.46666666666667,14.323333333333332
2025-06-17 02:00:00+05:30,0.0,29.900000000000002,12.616666666666667
2025-06-17 03:00:00+05:30,0.0,20.200000000000003,11.7
2025-06-17 04:00:00+05:30,0.0,10.333333333333334,8.52
2025-06-17 05:00:00+05:30,0.0,36.4,13.270000000000001
2025-06-17 06:00:00+05:30,0.0,46.1,17.703333333333333
2025-06-17 07:00:00+05:30,0.0,31.1,14.1
2025-06-17 08:00:00+05:30,0.0,22.03333333333333,17.723333333333333
2025-06-17 09:00:00+05:30,0.0,53.333333333333336,18.906666666666666
2025-06-17 10:00:00+05:30,0.0,46.199999999999996,18.88
2025-06-17 11:00:00+05:30,0.0,156.26666666666668,21.679999999999996
2025-06-17 12:00:00+05:30,0.0,10.733333333333334,5.2
2025-06-17 13:00:00+05:30,0.0,0.0,0.0
2025-06-17 14:00:00+05:30,0.0,0.0,0.0
2025-06-17 15:00:00+05:30,0.0,10.799999999999999,37.0
2025-06-17 16:00:00+05:30,0.0,16.7,117.5
2025-06-17 17:00:00+05:30,4.025,16.7,88.125
2025-06-17 18:00:00+05:30,5.7,16.5,58.75
2025-06-17 19:00:00+05:30,26.625,16.7,117.5
2025-06-17 20:00:00+05:30,37.3775,16.7,117.5
2025-06-17 21:00:00+05:30,66.635,16.7,117.5
2025-06-17 22:00:00+05:30,85.03,16.7,88.125
2025-06-17 23:00:00+05:30,94.53,16.7,117.5
2025-06-18 00:00:00+05:30,122.47,16.7,117.5
2025-06-18 01:00:00+05:30,133.46666666666667,16.7,78.33333333333333
2025-06-18 02:00:00+05:30,146.0375,16.7,117.5
2025-06-18 03:00:00+05:30,162.84333333333333,16.7,78.33333333333333
2025-06-18 04:00:00+05:30,112.03666666666668,11.133333333333333,78.33333333333333
2025-06-18 05:00:00+05:30,186.37666666666667,16.7,78.33333333333333
2025-06-18 06:00:00+05:30,202.475,15.5,101.175
2025-06-18 07:00:00+05:30,211.9175,0.0,0.0
2025-06-18 08:00:00+05:30,222.4025,0.0,0.0
2025-06-18 09:00:00+05:30,231.4766666666667,0.0,0.0
2025-06-18 10:00:00+05:30,243.9275,0.0,0.0
2025-06-18 11:00:00+05:30,253.8175,0.0,0.0
2025-06-18 12:00:00+05:30,263.885,0.0,0.0
2025-06-18 13:00:00+05:30,131.07,0.0,0.0
2025-06-18 14:00:00+05:30,22.790000000000003,0.0,0.0
2025-06-18 15:00:00+05:30,9.799999999999999,0.0,0.0
2025-06-18 16:00:00+05:30,26.12,0.0,66.03999999999999
2025-06-18 17:00:00+05:30,30.8,4.966666666666667,103.14999999999999
2025-06-18 19:00:00+05:30,62.46,71.2,55.61
2025-06-18 20:00:00+05:30,72.4275,78.1,57.5175
2025-06-18 21:00:00+05:30,78.8725,79.375,50.5375
2025-06-18 22:00:00+05:30,85.06,72.36666666666666,45.24333333333333
2025-06-18 23:00:00+05:30,92.545,63.900000000000006,46.375
2025-06-19 00:00:00+05:30,104.18,44.7,45.35
2025-06-19 01:00:00+05:30,101.77000000000001,44.400000000000006,44.125
2025-06-19 08:00:00+05:30,63.31,40.4,33.504999999999995
2025-06-19 09:00:00+05:30,178.1925,31.025,756.755
2025-06-19 10:00:00+05:30,188.0375,22.424999999999997,999.99
2025-06-19 11:00:00+05:30,150.62666666666667,23.933333333333334,666.66
2025-06-19 12:00:00+05:30,1.64,24.53333333333333,0.0
2025-06-19 13:00:00+05:30,21.563333333333333,16.866666666666667,0.31
2025-06-19 14:00:00+05:30,8.115,75.1,1.42
2025-06-19 15:00:00+05:30,24.44666666666667,78.3,14.086666666666666
2025-06-19 16:00:00+05:30,30.975,85.44999999999999,38.705
2025-06-19 17:00:00+05:30,73.045,88.0,40.277499999999996
2025-06-19 18:00:00+05:30,85.10249999999999,89.7,41.6225
2025-06-19 19:00:00+05:30,97.17750000000001,90.25,38.9075
2025-06-19 20:00:00+05:30,116.5325,88.75,30.6275
2025-06-19 21:00:00+05:30,112.89999999999999,95.56666666666666,35.913333333333334
2025-06-19 22:00:00+05:30,116.9875,98.725,38.0125
2025-06-19 23:00:00+05:30,117.775,97.3,42.23
2025-06-20 00:00:00+05:30,116.68,81.5,31.95
2025-06-20 01:00:00+05:30,117.11500000000001,78.1,29.76
2025-06-20 02:00:00+05:30,119.8775,75.7,21.175
2025-06-20 03:00:00+05:30,116.295,64.3,15.59
2025-06-20 04:00:00+05:30,99.90666666666668,60.53333333333333,10.28
2025-06-20 05:00:00+05:30,100.08,57.93333333333334,9.526666666666666
2025-06-20 06:00:00+05:30,118.87666666666667,49.6,16.05
2025-06-20 07:00:00+05:30,107.4425,69.825,14.252500000000001
2025-06-20 08:00:00+05:30,119.625,68.55,15.05
2025-06-20 09:00:00+05:30,61.39,65.7,16.45
2025-06-20 10:00:00+05:30,96.12,69.8,20.863333333333333
2025-06-20 11:00:00+05:30,92.7,70.96666666666667,22.600000000000005
2025-06-20 12:00:00+05:30,109.8125,72.925,19.23
2025-06-20 13:00:00+05:30,106.48333333333333,69.66666666666667,21.313333333333333
2025-06-20 14:00:00+05:30,55.46,70.95,24.82
2025-06-20 15:00:00+05:30,54.89,70.0,23.915
2025-06-20 16:00:00+05:30,80.11,68.95,25.685000000000002
2025-06-20 17:00:00+05:30,90.96999999999998,64.33333333333333,25.16333333333333
2025-06-20 18:00:00+05:30,70.84666666666668,64.5,26.273333333333337
2025-06-20 19:00:00+05:30,48.555,70.65,31.545
2025-06-20 20:00:00+05:30,73.02666666666666,80.89999999999999,34.24666666666667
2025-06-20 21:00:00+05:30,48.335,83.30000000000001,28.78
2025-06-20 22:00:00+05:30,76.18333333333334,83.56666666666666,31.45
2025-06-20 23:00:00+05:30,83.67,87.2,32.52
2025-06-21 00:00:00+05:30,83.93,60.3,25.73
2025-06-21 01:00:00+05:30,64.685,61.1,25.200000000000003
2025-06-21 02:00:00+05:30,70.68333333333334,61.53333333333333,22.67
2025-06-21 03:00:00+05:30,45.14,57.3,22.064999999999998
2025-06-21 04:00:00+05:30,70.46,51.53333333333334,22.47
2025-06-21 05:00:00+05:30,44.43,50.7,20.435000000000002
2025-06-21 06:00:00+05:30,72.09666666666666,46.53333333333333,20.256666666666668
2025-06-21 07:00:00+05:30,46.195,50.25,19.975
2025-06-21 13:00:00+05:30,62.739999999999995,65.85,24.325000000000003
2025-06-21 14:00:00+05:30,68.99000000000001,61.333333333333336,27.74
2025-06-21 15:00:00+05:30,71.25666666666667,63.86666666666667,26.203333333333333
2025-06-21 16:00:00+05:30,87.63,67.5,23.73
2025-06-21 17:00:00+05:30,78.39999999999999,70.8,32.09
2025-06-21 18:00:00+05:30,76.62333333333333,78.96666666666665,43.97666666666667
2025-06-21 19:00:00+05:30,90.06666666666666,71.7,34.65
2025-06-21 20:00:00+05:30,50.92,65.0,33.35
2025-06-21 21:00:00+05:30,78.25666666666666,66.5,34.193333333333335
2025-06-21 22:00:00+05:30,89.6575,73.025,33.1325
2025-06-21 23:00:00+05:30,90.535,65.6,29.2
2025-06-22 00:00:00+05:30,85.67,56.3,26.38
2025-06-22 01:00:00+05:30,71.65666666666667,54.73333333333333,22.99
2025-06-22 02:00:00+05:30,82.9525,56.175,22.995
2025-06-22 03:00:00+05:30,69.30333333333334,54.333333333333336,22.67
2025-06-22 04:00:00+05:30,69.46333333333332,52.5,22.22666666666667
2025-06-22 05:00:00+05:30,69.12,60.1,23.073333333333334
2025-06-22 07:00:00+05:30,43.05,62.0,23.98
2025-06-22 08:00:00+05:30,75.25666666666666,62.4,24.906666666666666
2025-06-22 09:00:00+05:30,56.48333333333333,69.4,28.99
2025-06-22 10:00:00+05:30,56.74,78.06666666666666,31.653333333333336
2025-06-22 11:00:00+05:30,55.54666666666666,76.8,28.093333333333334
2025-06-22 12:00:00+05:30,55.36666666666667,74.46666666666667,23.680000000000003
2025-06-22 13:00:00+05:30,51.120000000000005,76.1,24.72
2025-06-22 14:00:00+05:30,32.75,85.95,28.225
2025-06-22 15:00:00+05:30,51.42666666666667,79.83333333333333,25.59
2025-06-22 16:00:00+05:30,48.830000000000005,76.89999999999999,28.30666666666667
2025-06-22 17:00:00+05:30,44.75333333333333,77.5,26.676666666666666
2025-06-22 18:00:00+05:30,46.11000000000001,67.63333333333333,23.876666666666665
2025-06-22 19:00:00+05:30,61.415,60.1,22.57
2025-06-22 20:00:00+05:30,60.675,53.6,22.655
2025-06-22 21:00:00+05:30,62.66,49.2,23.33
2025-06-22 22:00:00+05:30,40.81666666666667,46.13333333333333,15.726666666666665
2025-06-22 23:00:00+05:30,59.22,35.4,11.78
2025-06-23 00:00:00+05:30,31.51,31.2,14.11
2025-06-23 01:00:00+05:30,49.10999999999999,31.833333333333332,15.506666666666666
2025-06-23 02:00:00+05:30,30.87,30.3,14.17
2025-06-23 03:00:00+05:30,48.46,30.566666666666663,13.193333333333333
2025-06-23 04:00:00+05:30,48.92333333333334,22.96666666666667,16.376666666666665
2025-06-23 05:00:00+05:30,49.11333333333334,22.633333333333336,17.84
2025-06-23 06:00:00+05:30,52.18333333333334,34.96666666666667,19.653333333333332
2025-06-23 07:00:00+05:30,53.00333333333333,30.0,16.7
2025-06-23 08:00:00+05:30,52.916666666666664,36.23333333333333,20.64
2025-06-23 09:00:00+05:30,54.20000000000001,49.03333333333333,19.099999999999998
2025-06-23 10:00:00+05:30,53.95666666666667,63.666666666666664,18.303333333333335
2025-06-23 11:00:00+05:30,66.3025,57.95,22.494999999999997
2025-06-23 12:00:00+05:30,66.38666666666667,59.5,22.266666666666666
2025-06-23 13:00:00+05:30,55.60999999999999,66.36666666666666,22.66
2025-06-23 14:00:00+05:30,34.08,75.0,20.29
2025-06-23 15:00:00+05:30,54.56666666666666,75.66666666666667,22.656666666666666
2025-06-23 16:00:00+05:30,54.52666666666667,75.5,26.646666666666665
2025-06-23 17:00:00+05:30,54.98333333333333,78.0,27.88
2025-06-23 18:00:00+05:30,49.89666666666667,84.56666666666668,27.05666666666667
2025-06-23 19:00:00+05:30,44.29,84.6,34.593333333333334
2025-06-23 20:00:00+05:30,51.3775,66.25,25.3425
2025-06-23 21:00:00+05:30,50.03,43.675,21.822499999999998
2025-06-23 22:00:00+05:30,50.275000000000006,41.53333333333333,18.89
2025-06-23 23:00:00+05:30,,41.3,19.1
2025-06-24 00:00:00+05:30,50.1,28.9,14.62
2025-06-24 01:00:00+05:30,49.535,24.825,13.46
2025-06-24 02:00:00+05:30,51.1075,23.7,11.5925
2025-06-24 03:00:00+05:30,51.0,38.733333333333334,17.566666666666666
2025-06-24 04:00:00+05:30,51.13333333333333,37.666666666666664,16.56
2025-06-24 05:00:00+05:30,51.00666666666667,47.666666666666664,16.5
2025-06-24 06:00:00+05:30,51.96333333333334,53.86666666666667,13.37
2025-06-24 07:00:00+05:30,55.85,55.20000000000001,15.366666666666667
2025-06-24 08:00:00+05:30,56.88666666666666,56.633333333333326,19.293333333333333
2025-06-24 09:00:00+05:30,58.59,67.45,21.33
2025-06-24 10:00:00+05:30,61.60333333333333,78.73333333333333,23.603333333333335
2025-06-24 11:00:00+05:30,44.317499999999995,76.85,22.7675
2025-06-24 12:00:00+05:30,44.1075,86.825,28.799999999999997
2025-06-24 13:00:00+05:30,43.663333333333334,80.86666666666667,29.27333333333333
2025-06-24 14:00:00+05:30,43.75,82.7,26.5
2025-06-24 15:00:00+05:30,44.03,89.6,26.1
2025-06-24 17:00:00+05:30,49.88,99.5,36.43
2025-06-24 18:00:00+05:30,54.17333333333334,95.33333333333333,35.306666666666665
2025-06-24 19:00:00+05:30,50.475,72.3,28.46
2025-06-24 20:00:00+05:30,46.69,55.7,24.54
2025-06-24 21:00:00+05:30,48.96333333333333,49.1,23.883333333333336
2025-06-24 22:00:00+05:30,46.41,48.46666666666666,25.169999999999998
2025-06-24 23:00:00+05:30,46.135000000000005,52.5,26.57
2025-06-25 11:00:00+05:30,65.845,72.2,36.92
2025-06-25 13:00:00+05:30,43.91333333333333,76.23333333333333,33.830000000000005
2025-06-25 14:00:00+05:30,5.375,77.8,28.645
2025-06-25 15:00:00+05:30,13.88,77.76666666666667,28.3
2025-06-25 16:00:00+05:30,24.003333333333334,89.89999999999999,28.126666666666665
2025-06-25 17:00:00+05:30,29.61666666666667,89.86666666666667,25.97666666666667
2025-06-25 18:00:00+05:30,36.95,81.3,27.92
2025-06-25 20:00:00+05:30,52.22,74.1,22.14
2025-06-25 21:00:00+05:30,47.74,63.900000000000006,22.936666666666667
2025-06-25 22:00:00+05:30,48.6125,56.3,30.575
2025-06-25 23:00:00+05:30,53.24,53.3,24.35
2025-06-26 00:00:00+05:30,54.93,52.8,20.58
2025-06-26 01:00:00+05:30,55.02,52.93333333333334,20.676666666666666
2025-06-26 02:00:00+05:30,44.663333333333334,53.5,19.41
2025-06-26 03:00:00+05:30,44.02333333333333,48.26666666666667,17.606666666666666
2025-06-26 04:00:00+05:30,45.81666666666666,41.666666666666664,15.64
2025-06-26 05:00:00+05:30,44.735,40.9,18.615
2025-06-26 06:00:00+05:30,44.56,42.3,19.119999999999997
2025-06-26 07:00:00+05:30,50.60999999999999,47.56666666666666,19.846666666666664
2025-06-26 08:00:00+05:30,52.92666666666667,57.76666666666667,23.45
2025-06-26 09:00:00+05:30,63.39,60.5,28.6
2025-06-26 10:00:00+05:30,48.64,78.7,38.96666666666667
2025-06-26 11:00:00+05:30,31.3875,88.525,33.224999999999994
2025-06-26 12:00:00+05:30,31.335,84.2,32.7425
2025-06-26 16:00:00+05:30,5.41,0.0,0.0
2025-06-26 17:00:00+05:30,7.989999999999999,0.0,90.04333333333334
2025-06-26 18:00:00+05:30,23.08,2.1,27.805
2025-06-26 19:00:00+05:30,34.25666666666667,14.299999999999999,9.866666666666667
2025-06-26 20:00:00+05:30,45.21,43.125,24.415
2025-06-26 21:00:00+05:30,51.195,42.3,20.785
2025-06-26 22:00:00+05:30,49.76,47.76666666666667,25.206666666666667
2025-06-26 23:00:00+05:30,65.275,40.3,23.82
2025-06-27 00:00:00+05:30,68.59,41.8,23.64
2025-06-27 01:00:00+05:30,70.28,40.8,23.355
2025-06-27 02:00:00+05:30,74.3875,37.85,20.317500000000003
2025-06-27 03:00:00+05:30,76.66333333333334,35.43333333333334,14.466666666666669
2025-06-27 04:00:00+05:30,84.84666666666668,38.0,12.086666666666668
2025-06-27 05:00:00+05:30,84.74000000000001,41.925,18.45
2025-06-27 06:00:00+05:30,91.975,45.825,26.3075
2025-06-27 07:00:00+05:30,92.31,54.625,25.03
2025-06-27 08:00:00+05:30,71.09333333333332,64.46666666666667,26.69333333333333
2025-06-27 09:00:00+05:30,69.78000000000002,67.43333333333334,25.813333333333333
2025-06-27 10:00:00+05:30,71.40666666666667,65.86666666666667,26.856666666666666
2025-06-27 11:00:00+05:30,68.19,65.13333333333333,26.686666666666667
2025-06-27 12:00:00+05:30,65.47333333333334,64.26666666666667,23.473333333333333
2025-06-27 13:00:00+05:30,32.42,60.833333333333336,20.793333333333333
2025-06-27 14:00:00+05:30,13.913333333333334,53.833333333333336,16.563333333333333
2025-06-27 15:00:00+05:30,15.004999999999999,50.5,15.55
2025-06-27 16:00:00+05:30,17.47,39.7,7.76
2025-06-27 17:00:00+05:30,23.22666666666667,34.46666666666667,7.6066666666666665
2025-06-27 18:00:00+05:30,25.5975,32.15,10.3875
2025-06-27 19:00:00+05:30,25.677500000000002,38.974999999999994,13.6975
2025-06-27 20:00:00+05:30,32.635,41.8,10.93
2025-06-28 05:00:00+05:30,46.89,60.3,17.82
2025-06-28 06:00:00+05:30,59.78,61.224999999999994,19.5625
2025-06-28 07:00:00+05:30,66.75333333333333,65.0,23.97666666666667
2025-06-28 08:00:00+05:30,66.15666666666667,67.60000000000001,27.856666666666666
2025-06-28 09:00:00+05:30,80.125,64.7,26.7975
2025-06-28 10:00:00+05:30,59.142500000000005,61.400000000000006,22.3525
2025-06-28 11:00:00+05:30,56.1925,48.849999999999994,20.6325
2025-06-28 12:00:00+05:30,51.99333333333334,39.800000000000004,14.776666666666669
2025-06-28 13:00:00+05:30,49.292500000000004,37.325,10.7125
2025-06-28 14:00:00+05:30,44.56666666666666,34.46666666666667,8.46
2025-06-28 15:00:00+05:30,16.256666666666668,35.300000000000004,6.976666666666667
2025-06-28 16:00:00+05:30,16.330000000000002,36.7,7.1925
2025-06-28 17:00:00+05:30,22.005000000000003,26.825,6.8625
2025-06-28 18:00:00+05:30,25.677500000000002,20.625,7.6
2025-06-28 19:00:00+05:30,2.3075,18.9,6.545
2025-06-28 20:00:00+05:30,3.2225,24.725,6.2925
2025-06-28 21:00:00+05:30,3.065,27.75,8.037500000000001
2025-06-28 22:00:00+05:30,2.2399999999999998,24.833333333333332,9.3
2025-06-28 23:00:00+05:30,1.87,25.0,8.42
2025-06-29 00:00:00+05:30,1.62,25.0,7.04
2025-06-29 01:00:00+05:30,2.6999999999999997,24.366666666666664,7.273333333333333
2025-06-29 02:00:00+05:30,2.7225,20.8,7.93
2025-06-29 03:00:00+05:30,3.075,19.525,7.68
2025-06-29 04:00:00+05:30,2.42,22.025,7.025
2025-06-29 05:00:00+05:30,2.9025,24.175,9.2825
2025-06-29 06:00:00+05:30,1.3233333333333333,35.36666666666667,12.193333333333333
2025-06-29 07:00:00+05:30,2.5050000000000003,41.75,14.51
2025-06-29 08:00:00+05:30,1.7225,47.75,16.965
2025-06-29 09:00:00+05:30,1.1775,51.275,17.7325
2025-06-29 10:00:00+05:30,1.45,43.125,16.685000000000002
2025-06-29 11:00:00+05:30,3.25,31.875,11.775
2025-06-29 12:00:00+05:30,2.03,25.866666666666664,11.47
2025-06-29 13:00:00+05:30,2.625,28.3,15.17
2025-06-29 14:00:00+05:30,2.6325,28.925,14.125
2025-06-29 15:00:00+05:30,1.695,22.2,12.795
2025-06-29 16:00:00+05:30,3.9925,21.4,11.9925
2025-06-29 17:00:00+05:30,2.235,23.525,13.3475
2025-06-29 18:00:00+05:30,0.6275000000000001,28.6,16.785
2025-06-29 19:00:00+05:30,1.1225,35.925,15.925
2025-06-29 20:00:00+05:30,1.6,49.7,18.805
2025-06-29 21:00:00+05:30,1.6000000000000003,54.9,25.849999999999998
2025-06-30 10:00:00+05:30,44.803333333333335,40.93333333333333,17.06
2025-06-30 11:00:00+05:30,26.796666666666667,55.36666666666667,18.866666666666664
2025-06-30 12:00:00+05:30,13.5475,64.85,21.485
2025-06-30 13:00:00+05:30,3.783333333333333,66.26666666666667,19.296666666666667
2025-06-30 14:00:00+05:30,2.7775,64.25,21.285
2025-06-30 15:00:00+05:30,0.1675,55.5,18.44
2025-06-30 16:00:00+05:30,5.739999999999999,52.1,15.736666666666666
2025-06-30 17:00:00+05:30,7.227499999999999,53.175,15.329999999999998
2025-06-30 18:00:00+05:30,7.984999999999999,49.599999999999994,15.205
2025-06-30 19:00:00+05:30,8.506666666666666,38.766666666666666,17.363333333333333
2025-06-30 20:00:00+05:30,8.557500000000001,31.05,12.1425
2025-06-30 21:00:00+05:30,7.53,29.7,8.613333333333333
2025-06-30 22:00:00+05:30,3.1925,26.424999999999997,6.2075
2025-06-30 23:00:00+05:30,7.115,23.9,5.38
2025-07-01 00:00:00+05:30,18.6,13.9,4.89
2025-07-01 01:00:00+05:30,19.905,15.15,5.55
2025-07-01 02:00:00+05:30,15.4475,18.425,7.6675
2025-07-01 03:00:00+05:30,12.6175,24.224999999999998,8.735
2025-07-01 04:00:00+05:30,11.63,31.133333333333336,8.093333333333334
2025-07-01 05:00:00+05:30,18.9375,32.225,9.067499999999999
2025-07-01 06:00:00+05:30,21.925,35.2,8.47
2025-07-01 07:00:00+05:30,19.6375,44.325,6.970000000000001
2025-07-01 08:00:00+05:30,24.2875,51.025,6.465
2025-07-01 09:00:00+05:30,17.47,52.225,8.787500000000001
2025-07-01 10:00:00+05:30,3.1399999999999997,59.825,12.0775
2025-07-01 11:00:00+05:30,0.0,65.675,12.122499999999999
2025-07-01 12:00:00+05:30,0.0,70.13333333333334,14.363333333333335
2025-07-01 13:00:00+05:30,61.489999999999995,63.150000000000006,17.65
2025-07-01 14:00:00+05:30,74.8825,53.675,14.08
2025-07-01 15:00:00+05:30,75.94,54.0,15.4675
2025-07-01 16:00:00+05:30,62.045,63.95,17.3575
2025-07-01 17:00:00+05:30,43.33,58.175,18.4825
2025-07-01 18:00:00+05:30,43.4675,57.05,18.72
2025-07-01 19:00:00+05:30,45.5975,58.075,14.782499999999999
2025-07-01 20:00:00+05:30,47.125,56.1,14.3775
2025-07-01 21:00:00+05:30,47.1625,53.2,18.5325
2025-07-01 22:00:00+05:30,42.1175,54.7,18.1475
2025-07-01 23:00:00+05:30,42.455,47.3,14.3
2025-07-02 00:00:00+05:30,44.62,37.7,9.93
2025-07-02 01:00:00+05:30,46.3575,39.45,9.747499999999999
2025-07-02 02:00:00+05:30,47.1575,41.425,8.985
2025-07-02 03:00:00+05:30,44.6375,39.275,7.655
2025-07-02 04:00:00+05:30,45.10333333333333,36.1,6.506666666666667
2025-07-02 05:00:00+05:30,47.81,33.8,6.12
2025-07-02 06:00:00+05:30,51.47,38.1,8.96
2025-07-02 07:00:00+05:30,49.336666666666666,39.93333333333334,8.736666666666666
2025-07-02 08:00:00+05:30,47.2875,43.6,8.58
2025-07-02 09:00:00+05:30,47.82666666666666,43.300000000000004,10.376666666666667
2025-07-02 10:00:00+05:30,49.3425,47.075,13.4525
2025-07-02 11:00:00+05:30,49.6575,54.775,13.8275
2025-07-02 12:00:00+05:30,47.75666666666666,61.4,14.623333333333335
2025-07-02 13:00:00+05:30,47.6775,66.325,18.515
2025-07-02 14:00:00+05:30,48.973333333333336,63.4,20.98
2025-07-02 15:00:00+05:30,51.07,63.73333333333333,17.76
2025-07-02 18:00:00+05:30,47.94333333333333,74.76666666666667,19.276666666666667
2025-07-02 19:00:00+05:30,50.9075,75.525,22.674999999999997
2025-07-02 20:00:00+05:30,50.19,82.25,23.4325
2025-07-02 21:00:00+05:30,51.1075,84.7,24.060000000000002
2025-07-02 22:00:00+05:30,48.00666666666666,90.5,26.433333333333334
2025-07-02 23:00:00+05:30,47.595,89.2,26.53
2025-07-03 00:00:00+05:30,48.36,76.2,25.94
2025-07-03 01:00:00+05:30,45.866666666666674,68.76666666666667,24.036666666666665
2025-07-03 02:00:00+05:30,43.825,49.725,20.4675
2025-07-03 03:00:00+05:30,41.3725,41.550000000000004,18.6425
2025-07-03 04:00:00+05:30,32.416666666666664,39.03333333333333,13.356666666666667
2025-07-03 05:00:00+05:30,36.2475,35.3,11.715
2025-07-03 06:00:00+05:30,41.96,31.0,12.856666666666667
2025-07-03 07:00:00+05:30,46.0725,31.675,10.5775
2025-07-03 08:00:00+05:30,43.082499999999996,37.625,9.52
2025-07-03 09:00:00+05:30,45.946666666666665,46.133333333333326,9.336666666666666
2025-07-03 10:00:00+05:30,46.385,45.925,14.7975
2025-07-03 11:00:00+05:30,46.9275,47.825,18.685
2025-07-03 12:00:00+05:30,44.2175,55.5,16.4725
2025-07-03 13:00:00+05:30,42.11,63.925,15.89
2025-07-03 14:00:00+05:30,44.13999999999999,64.06666666666666,18.26
2025-07-03 15:00:00+05:30,46.6425,61.275000000000006,20.2225
2025-07-03 16:00:00+05:30,42.13,58.4,20.71
2025-07-03 17:00:00+05:30,45.50666666666666,60.36666666666667,23.00666666666667
2025-07-03 18:00:00+05:30,43.3725,60.025,24.54
2025-07-03 19:00:00+05:30,42.292500000000004,47.2,18.7
2025-07-03 20:00:00+05:30,42.2825,33.65,13.2725
2025-07-03 21:00:00+05:30,40.89,28.85,9.2925
2025-07-03 22:00:00+05:30,41.24333333333333,26.233333333333334,7.7
2025-07-03 23:00:00+05:30,38.83,27.3,8.46
2025-07-04 00:00:00+05:30,36.16,20.7,5.53
2025-07-04 01:00:00+05:30,37.51,18.933333333333334,6.346666666666667
2025-07-04 02:00:00+05:30,37.17,16.1,7.385
2025-07-04 03:00:00+05:30,37.3975,16.775000000000002,6.03
2025-07-04 04:00:00+05:30,30.516666666666666,14.4,5.080000000000001
2025-07-04 05:00:00+05:30,38.277499999999996,12.475000000000001,4.9975000000000005
2025-07-04 06:00:00+05:30,36.835,17.8,6.67
2025-07-04 07:00:00+05:30,38.82,24.45,7.279999999999999
2025-07-04 08:00:00+05:30,38.035,30.85,7.4725
2025-07-04 09:00:00+05:30,36.2775,35.45,8.885
2025-07-04 10:00:00+05:30,34.39,28.775,7.695
2025-07-04 11:00:00+05:30,44.6875,26.925,0.7725
2025-07-04 12:00:00+05:30,47.9825,90.05,3.7275
2025-07-04 13:00:00+05:30,11.540000000000001,83.13333333333333,8.44
2025-07-04 14:00:00+05:30,9.203333333333333,78.63333333333334,12.193333333333333
2025-07-04 15:00:00+05:30,29.7375,76.375,11.905000000000001
2025-07-04 16:00:00+05:30,36.665,70.39999999999999,12.1425
2025-07-04 17:00:00+05:30,44.455,53.825,10.475
2025-07-04 18:00:00+05:30,41.5375,48.275000000000006,9.99
2025-07-04 19:00:00+05:30,43.7375,38.825,7.275
2025-07-04 20:00:00+05:30,47.41,33.0,6.34
2025-07-05 02:00:00+05:30,55.692499999999995,25.625,3.9925
2025-07-05 03:00:00+05:30,56.1125,26.8,6.195
2025-07-05 04:00:00+05:30,56.82,27.46666666666667,8.663333333333334
2025-07-05 05:00:00+05:30,58.776666666666664,33.13333333333333,8.68
2025-07-05 06:00:00+05:30,62.1325,35.35,9.885
2025-07-05 07:00:00+05:30,58.4975,41.075,13.0625
2025-07-05 08:00:00+05:30,59.3925,48.7,10.615
2025-07-05 09:00:00+05:30,58.11,56.225,12.7825
2025-07-05 10:00:00+05:30,57.1025,57.05,16.6675
2025-07-05 11:00:00+05:30,61.095,54.375,19.4775
2025-07-05 12:00:00+05:30,63.169999999999995,56.1,22.3
2025-07-05 13:00:00+05:30,61.669999999999995,59.833333333333336,22.35666666666667
2025-07-05 14:00:00+05:30,59.565,56.15,19.950000000000003
2025-07-05 15:00:00+05:30,61.46666666666666,56.26666666666667,16.94333333333333
2025-07-05 16:00:00+05:30,63.8775,53.775,13.1025
2025-07-05 17:00:00+05:30,63.707499999999996,44.825,10.0425
2025-07-05 18:00:00+05:30,53.0325,34.574999999999996,9.9525
2025-07-05 19:00:00+05:30,48.43,27.366666666666664,11.576666666666666
2025-07-05 20:00:00+05:30,48.48,24.166666666666668,13.38
2025-07-05 21:00:00+05:30,49.01,18.75,9.6725
2025-07-05 22:00:00+05:30,52.9375,15.9,7.592499999999999
2025-07-05 23:00:00+05:30,55.894999999999996,17.4,8.01
2025-07-06 00:00:00+05:30,44.09,32.2,16.95
2025-07-06 01:00:00+05:30,46.73666666666667,33.76666666666667,15.256666666666666
2025-07-06 02:00:00+05:30,49.7625,36.724999999999994,12.805
2025-07-06 03:00:00+05:30,50.0075,39.175,15.93
2025-07-06 04:00:00+05:30,48.745000000000005,44.975,17.9675
2025-07-06 05:00:00+05:30,47.645,42.675,17.085
2025-07-06 06:00:00+05:30,48.78,45.65,15.1475
2025-07-06 07:00:00+05:30,50.9075,47.849999999999994,15.5675
2025-07-06 08:00:00+05:30,52.2775,48.099999999999994,13.6075
2025-07-06 09:00:00+05:30,50.4275,58.775,13.9525
2025-07-06 10:00:00+05:30,48.9825,65.175,21.87
2025-07-06 11:00:00+05:30,48.6425,61.7,22.330000000000002
2025-07-06 12:00:00+05:30,40.72666666666667,71.76666666666667,22.236666666666668
2025-07-06 13:00:00+05:30,47.31,73.625,24.58
2025-07-06 14:00:00+05:30,45.5325,73.575,28.895
2025-07-06 15:00:00+05:30,43.565,63.8,28.2025
2025-07-06 16:00:00+05:30,45.4825,46.675,20.1775
2025-07-06 17:00:00+05:30,48.42,34.475,15.307500000000001
2025-07-06 18:00:00+05:30,48.2625,29.35,13.57
2025-07-06 19:00:00+05:30,46.093333333333334,32.43333333333334,9.56
2025-07-06 20:00:00+05:30,49.269999999999996,39.825,7.57
2025-07-06 21:00:00+05:30,47.557500000000005,38.05,9.745000000000001
2025-07-06 22:00:00+05:30,47.9625,37.25,15.78
2025-07-06 23:00:00+05:30,50.06,33.2,13.42
2025-07-07 00:00:00+05:30,51.57,37.9,16.86
2025-07-07 01:00:00+05:30,44.01,33.666666666666664,14.893333333333333
2025-07-07 02:00:00+05:30,45.7675,25.85,12.057500000000001
2025-07-07 03:00:00+05:30,48.35,21.5,12.2975
2025-07-07 04:00:00+05:30,47.085,20.650000000000002,12.725
2025-07-07 05:00:00+05:30,47.7625,30.625,14.607500000000002
2025-07-07 06:00:00+05:30,50.5975,37.5,11.774999999999999
2025-07-07 07:00:00+05:30,66.7175,45.175000000000004,15.89
2025-07-07 08:00:00+05:30,64.55333333333333,59.70000000000001,22.126666666666665
2025-07-07 09:00:00+05:30,63.545,58.825,17.2175
2025-07-07 10:00:00+05:30,62.0625,59.55,20.82
2025-07-07 11:00:00+05:30,58.17,71.9,19.885
2025-07-07 12:00:00+05:30,10.754999999999999,77.825,17.020000000000003
2025-07-07 13:00:00+05:30,10.955,76.575,19.495
2025-07-07 14:00:00+05:30,4.55,75.19999999999999,27.2125
2025-07-07 15:00:00+05:30,4.8975,76.1,27.53
2025-07-07 16:00:00+05:30,10.123333333333333,65.10000000000001,26.315
2025-07-07 17:00:00+05:30,23.689999999999998,51.65,21.2125
2025-07-07 18:00:00+05:30,30.33,56.325,21.11
2025-07-07 19:00:00+05:30,32.7725,55.425,26.65
2025-07-07 20:00:00+05:30,34.75,51.324999999999996,27.2175
2025-07-07 21:00:00+05:30,35.945,47.949999999999996,27.23
2025-07-07 22:00:00+05:30,44.5775,54.275,21.95
2025-07-07 23:00:00+05:30,59.76,54.0,20.61
2025-07-08 00:00:00+05:30,74.47,82.0,25.92
2025-07-08 01:00:00+05:30,71.91499999999999,80.0,27.545
2025-07-08 02:00:00+05:30,67.7975,77.375,31.18
2025-07-08 03:00:00+05:30,11.736666666666666,83.53333333333335,33.446666666666665
2025-07-08 04:00:00+05:30,0.0,82.76666666666667,37.419999999999995
2025-07-08 05:00:00+05:30,0.0,75.425,30.384999999999998
2025-07-08 06:00:00+05:30,0.0,66.8,23.695
2025-07-08 07:00:00+05:30,0.0,65.1,22.54
2025-07-08 08:00:00+05:30,0.0,64.14999999999999,19.2825
2025-07-08 09:00:00+05:30,0.0,64.0,22.52
2025-07-08 10:00:00+05:30,13.2525,69.65,19.4075
2025-07-08 11:00:00+05:30,19.986666666666668,72.2,17.69333333333333
2025-07-08 12:00:00+05:30,24.545,77.075,15.4125
2025-07-08 13:00:00+05:30,31.63,80.7,16.203333333333333
2025-07-08 14:00:00+05:30,34.72,78.6,18.8
2025-07-08 15:00:00+05:30,40.156666666666666,73.3,22.156666666666666
2025-07-08 16:00:00+05:30,37.11,71.1,23.28
2025-07-08 17:00:00+05:30,39.4875,69.8,21.82
2025-07-08 18:00:00+05:30,40.957499999999996,67.2,20.36
2025-07-08 19:00:00+05:30,43.5475,69.05000000000001,25.2025
2025-07-08 20:00:00+05:30,49.095,69.875,24.5
2025-07-08 21:00:00+05:30,46.39333333333334,69.13333333333333,25.92
2025-07-08 22:00:00+05:30,50.11666666666667,65.33333333333333,26.28333333333333
2025-07-08 23:00:00+05:30,57.58,61.5,20.85
2025-07-09 00:00:00+05:30,58.12,65.5,27.87
2025-07-09 01:00:00+05:30,55.06,63.95,27.0225
2025-07-09 02:00:00+05:30,53.6975,57.975,23.605
2025-07-09 03:00:00+05:30,52.755,51.575,20.3375
2025-07-09 04:00:00+05:30,56.68333333333334,51.96666666666667,19.046666666666667
2025-07-09 05:00:00+05:30,57.81666666666666,57.7,16.34
2025-07-09 06:00:00+05:30,63.120000000000005,58.9,15.787500000000001
2025-07-09 07:00:00+05:30,72.71,71.95,16.6725
2025-07-09 08:00:00+05:30,62.9425,78.92500000000001,16.442500000000003
2025-07-09 09:00:00+05:30,65.2875,82.65,21.46
2025-07-09 10:00:00+05:30,66.05,85.03333333333335,20.94666666666667
2025-07-09 11:00:00+05:30,63.7375,85.92500000000001,19.4525
2025-07-09 12:00:00+05:30,59.545,87.875,20.6825
2025-07-09 13:00:00+05:30,57.895,91.6,19.947499999999998
2025-07-09 14:00:00+05:30,59.8525,91.3,25.8375
2025-07-09 15:00:00+05:30,62.64666666666667,94.93333333333334,26.840000000000003
2025-07-09 16:00:00+05:30,59.2825,95.325,28.3725
2025-07-09 17:00:00+05:30,57.7775,98.7,29.205
2025-07-09 18:00:00+05:30,57.49,97.875,29.6375
2025-07-09 19:00:00+05:30,58.3775,96.025,28.475
2025-07-09 20:00:00+05:30,58.2825,97.075,28.9125
2025-07-09 21:00:00+05:30,58.28333333333333,89.36666666666667,28.173333333333336
2025-07-09 22:00:00+05:30,55.629999999999995,85.225,24.295
2025-07-09 23:00:00+05:30,57.004999999999995,84.8,23.19
2025-07-10 00:00:00+05:30,62.33,68.2,17.5
2025-07-10 01:00:00+05:30,64.33500000000001,68.325,18.3175
2025-07-10 02:00:00+05:30,65.55333333333333,68.56666666666666,19.433333333333334
2025-07-10 03:00:00+05:30,62.667500000000004,66.05,19.247500000000002
2025-07-10 04:00:00+05:30,54.91333333333333,57.13333333333333,19.94333333333333
2025-07-10 05:00:00+05:30,65.78,53.46666666666667,14.986666666666666
2025-07-10 06:00:00+05:30,70.9575,58.725,14.405
2025-07-10 07:00:00+05:30,70.12,64.96666666666667,15.606666666666667
2025-07-10 08:00:00+05:30,67.875,73.1,15.2975
2025-07-10 09:00:00+05:30,68.4625,71.675,15.6525
2025-07-10 10:00:00+05:30,61.875,72.175,18.445
2025-07-10 11:00:00+05:30,59.8875,71.425,15.5025
2025-07-10 12:00:00+05:30,59.735,75.425,15.16
2025-07-10 13:00:00+05:30,55.10666666666666,79.66666666666667,20.263333333333332
2025-07-10 14:00:00+05:30,57.32,87.075,21.355
2025-07-10 15:00:00+05:30,61.14000000000001,92.46666666666665,24.84
2025-07-10 16:00:00+05:30,62.45,95.525,23.8675
2025-07-10 17:00:00+05:30,56.9075,80.5,21.7925
2025-07-10 18:00:00+05:30,58.0975,74.675,21.0175
2025-07-10 19:00:00+05:30,61.7225,70.525,21.71
2025-07-10 20:00:00+05:30,61.16,70.025,24.7575
2025-07-10 21:00:00+05:30,62.73666666666667,63.366666666666674,20.216666666666665
2025-07-10 22:00:00+05:30,64.58749999999999,57.95,21.645
2025-07-10 23:00:00+05:30,63.16,56.1,19.15
2025-07-11 00:00:00+05:30,67.96,49.5,20.46
2025-07-11 01:00:00+05:30,68.46,48.85,20.3525
2025-07-11 02:00:00+05:30,69.3325,47.8,19.0725
2025-07-11 03:00:00+05:30,57.98,48.96666666666667,16.073333333333334
2025-07-11 04:00:00+05:30,57.076666666666675,45.93333333333334,15.183333333333332
2025-07-11 05:00:00+05:30,70.34666666666668,41.199999999999996,14.573333333333332
2025-07-11 06:00:00+05:30,73.94749999999999,44.8,13.625
2025-07-11 07:00:00+05:30,75.1825,50.35,18.424999999999997
2025-07-11 08:00:00+05:30,73.9525,58.699999999999996,23.3525
2025-07-11 09:00:00+05:30,76.16333333333334,63.666666666666664,20.33
2025-07-11 10:00:00+05:30,3.9274999999999998,72.675,20.53
2025-07-11 11:00:00+05:30,2.1975,81.625,17.625
2025-07-11 12:00:00+05:30,18.8425,87.275,17.855
2025-07-11 13:00:00+05:30,45.56999999999999,88.10000000000001,19.44666666666667
2025-07-11 14:00:00+05:30,44.03,82.8,18.8525
2025-07-11 15:00:00+05:30,23.939999999999998,75.63333333333333,18.326666666666668
2025-07-11 16:00:00+05:30,38.582499999999996,77.725,17.1675
2025-07-11 17:00:00+05:30,45.34,77.775,16.310000000000002
2025-07-11 18:00:00+05:30,46.76333333333333,72.06666666666666,21.06
2025-07-11 19:00:00+05:30,48.1175,73.05,20.935
2025-07-11 20:00:00+05:30,66.82000000000001,61.375,19.020000000000003
2025-07-11 21:00:00+05:30,61.52666666666667,53.1,16.65666666666667
2025-07-11 22:00:00+05:30,67.05250000000001,42.65,12.4375
2025-07-11 23:00:00+05:30,68.175,38.2,9.54
2025-07-12 00:00:00+05:30,68.32,36.6,10.39
2025-07-12 01:00:00+05:30,74.6825,35.525,10.14
2025-07-12 02:00:00+05:30,75.13,30.8,10.709999999999999
2025-07-12 03:00:00+05:30,75.2125,30.725,14.1475
2025-07-12 04:00:00+05:30,58.27333333333333,39.1,16.22
2025-07-12 05:00:00+05:30,71.11333333333333,38.833333333333336,14.229999999999999
2025-07-12 06:00:00+05:30,74.7025,38.75,15.955
2025-07-12 07:00:00+05:30,80.36,47.96666666666667,11.166666666666666
2025-07-12 08:00:00+05:30,85.31,54.725,11.1175
2025-07-12 09:00:00+05:30,81.475,56.775,16.174999999999997
2025-07-12 10:00:00+05:30,80.9525,59.925,13.7075
2025-07-12 11:00:00+05:30,84.175,61.675000000000004,11.15
2025-07-12 12:00:00+05:30,56.60333333333333,45.93333333333334,8.453333333333333
2025-07-12 13:00:00+05:30,80.66333333333334,73.8,15.246666666666664
2025-07-12 14:00:00+05:30,64.4225,79.15,19.34
2025-07-12 15:00:00+05:30,76.70666666666666,72.16666666666667,26.330000000000002
2025-07-12 16:00:00+05:30,79.1425,70.175,24.0
2025-07-12 17:00:00+05:30,68.77666666666667,56.43333333333334,20.28
2025-07-12 18:00:00+05:30,82.075,49.925,19.4825
2025-07-12 19:00:00+05:30,82.7675,49.875,18.495
2025-07-12 20:00:00+05:30,89.32666666666667,49.666666666666664,14.393333333333333
2025-07-12 21:00:00+05:30,87.7325,53.25,14.149999999999999
2025-07-12 22:00:00+05:30,83.3925,59.6,14.8875
2025-07-12 23:00:00+05:30,84.25,59.3,14.54
2025-07-13 00:00:00+05:30,75.59,54.8,11.55
2025-07-13 01:00:00+05:30,75.3225,54.074999999999996,11.967500000000001
2025-07-13 02:00:00+05:30,74.155,48.099999999999994,12.7875
2025-07-13 03:00:00+05:30,74.6025,39.425,11.335
2025-07-13 04:00:00+05:30,73.5125,42.275000000000006,8.3275
2025-07-13 05:00:00+05:30,72.54333333333334,42.96666666666667,8.03
2025-07-13 06:00:00+05:30,75.035,49.349999999999994,10.205
2025-07-13 07:00:00+05:30,67.62666666666667,56.199999999999996,10.26
2025-07-13 08:00:00+05:30,84.5875,61.825,11.465
2025-07-13 09:00:00+05:30,82.39666666666666,67.36666666666666,16.863333333333333
2025-07-13 10:00:00+05:30,80.3675,70.55,15.775
2025-07-13 11:00:00+05:30,87.05666666666667,71.23333333333333,15.716666666666667
2025-07-13 12:00:00+05:30,70.69,64.2,11.133333333333333
2025-07-13 13:00:00+05:30,81.03666666666668,57.46666666666667,9.126666666666667
2025-07-13 14:00:00+05:30,76.3225,57.725,11.790000000000001
2025-07-13 15:00:00+05:30,71.10000000000001,59.06666666666666,16.003333333333334
2025-07-13 16:00:00+05:30,78.65,62.3,11.36
2025-07-13 17:00:00+05:30,77.02,61.225,11.844999999999999
2025-07-13 18:00:00+05:30,81.2525,60.525000000000006,12.612499999999999
2025-07-13 19:00:00+05:30,81.40666666666668,67.53333333333335,11.283333333333333
2025-07-13 20:00:00+05:30,75.7725,68.225,10.4275
2025-07-13 21:00:00+05:30,76.03333333333333,59.56666666666666,10.466666666666667
2025-07-13 22:00:00+05:30,54.66,55.45,13.475000000000001
2025-07-13 23:00:00+05:30,54.925,52.4,16.67
2025-07-14 00:00:00+05:30,42.96,34.0,12.59
2025-07-14 01:00:00+05:30,40.6475,32.425,11.4975
2025-07-14 02:00:00+05:30,41.005,28.025000000000002,10.405000000000001
2025-07-14 03:00:00+05:30,44.2775,28.125,13.7775
2025-07-14 04:00:00+05:30,47.230000000000004,31.525,13.005
2025-07-14 05:00:00+05:30,46.870000000000005,31.133333333333336,12.68
2025-07-14 06:00:00+05:30,46.5125,31.85,9.8775
2025-07-14 07:00:00+05:30,52.076666666666675,41.6,9.066666666666666
2025-07-14 08:00:00+05:30,56.775,60.275,6.9325
2025-07-14 09:00:00+05:30,58.105000000000004,59.85,6.015
2025-07-14 10:00:00+05:30,54.5925,62.5,7.4625
2025-07-14 11:00:00+05:30,54.620000000000005,63.26666666666667,10.88
2025-07-14 12:00:00+05:30,55.19,63.225,11.6775
2025-07-14 13:00:00+05:30,45.196666666666665,69.26666666666667,12.343333333333334
2025-07-14 14:00:00+05:30,1.2333333333333334,75.8,14.846666666666666
2025-07-14 15:00:00+05:30,5.885,75.69999999999999,17.075000000000003
2025-07-14 16:00:00+05:30,5.5,77.1,16.03
2025-07-14 17:00:00+05:30,3.75,69.7,23.41
2025-07-14 18:00:00+05:30,5.12,58.8,16.39
2025-07-14 19:00:00+05:30,11.79,85.4,23.45
2025-07-14 20:00:00+05:30,8.51,88.2,19.05
2025-07-14 21:00:00+05:30,6.09,93.7,15.08
2025-07-14 22:00:00+05:30,0.0,0.0,0.0
2025-07-14 23:00:00+05:30,2.45,66.7,14.98
2025-07-15 00:00:00+05:30,2.9,51.5,12.13
2025-07-15 01:00:00+05:30,4.88,53.45,12.505
2025-07-15 02:00:00+05:30,3.6775,57.775,14.629999999999999
2025-07-15 03:00:00+05:30,3.3200000000000003,58.43333333333334,15.946666666666667
2025-07-15 04:00:00+05:30,2.81,60.73333333333333,13.013333333333334
2025-07-15 05:00:00+05:30,2.393333333333333,59.666666666666664,12.973333333333334
2025-07-15 06:00:00+05:30,3.1325000000000003,63.3,13.7125
2025-07-15 07:00:00+05:30,9.013333333333334,67.7,21.13
2025-07-15 08:00:00+05:30,11.555,71.225,24.4675
2025-07-15 09:00:00+05:30,12.085,79.325,20.72
2025-07-15 10:00:00+05:30,24.689999999999998,76.43333333333334,20.516666666666666
2025-07-15 11:00:00+05:30,-5.603333333333333,87.8,25.846666666666664
2025-07-15 12:00:00+05:30,-14.1225,84.7,22.595
2025-07-15 13:00:00+05:30,-6.466666666666666,82.5,20.976666666666663
2025-07-15 14:00:00+05:30,17.0575,81.3,24.2
2025-07-15 15:00:00+05:30,20.5925,77.05,19.8675
2025-07-15 16:00:00+05:30,21.575,82.325,17.6075
2025-07-15 17:00:00+05:30,15.155000000000001,88.475,20.1325
2025-07-15 18:00:00+05:30,16.6625,89.4,20.7675
2025-07-15 19:00:00+05:30,17.3325,95.625,20.11
2025-07-15 20:00:00+05:30,17.125,105.92500000000001,21.5075
2025-07-15 21:00:00+05:30,17.505,103.075,23.195
2025-07-15 22:00:00+05:30,22.0875,87.125,20.4975
2025-07-15 23:00:00+05:30,24.59,79.9,19.57
2025-07-16 00:00:00+05:30,11.86,74.2,28.1
2025-07-16 01:00:00+05:30,11.092500000000001,72.125,27.0575
2025-07-16 02:00:00+05:30,11.5225,70.375,22.535
2025-07-16 03:00:00+05:30,11.9375,80.125,18.5375
2025-07-16 04:00:00+05:30,9.953333333333333,85.36666666666667,18.959999999999997
2025-07-16 05:00:00+05:30,11.7575,85.7,16.2675
2025-07-16 06:00:00+05:30,12.61,84.5,17.295
2025-07-16 07:00:00+05:30,14.165,92.14999999999999,16.060000000000002
2025-07-16 08:00:00+05:30,12.9125,98.9,15.872499999999999
2025-07-16 09:00:00+05:30,10.8575,95.475,17.5025
2025-07-16 10:00:00+05:30,9.14,96.25,18.525000000000002
2025-07-16 11:00:00+05:30,7.6725,92.925,22.86
2025-07-16 12:00:00+05:30,8.3025,94.4,22.555
2025-07-16 13:00:00+05:30,9.31,87.36666666666667,19.033333333333335
2025-07-16 14:00:00+05:30,9.247499999999999,86.175,16.66
2025-07-16 15:00:00+05:30,9.84,90.7,15.356666666666667
2025-07-16 16:00:00+05:30,8.845,96.5,12.17
2025-07-16 17:00:00+05:30,11.003333333333332,102.93333333333334,24.213333333333335
2025-07-16 18:00:00+05:30,11.45,103.125,24.57
2025-07-16 19:00:00+05:30,14.663333333333332,101.89999999999999,18.243333333333336
2025-07-16 20:00:00+05:30,18.8475,103.675,17.950000000000003
2025-07-16 21:00:00+05:30,11.2225,107.425,24.775
2025-07-16 22:00:00+05:30,9.977500000000001,102.075,23.945
2025-07-16 23:00:00+05:30,10.739999999999998,95.4,18.37
2025-07-17 00:00:00+05:30,13.62,86.7,20.17
2025-07-17 01:00:00+05:30,10.28,86.2,20.473333333333333
2025-07-17 02:00:00+05:30,7.0625,82.6,22.655
2025-07-17 03:00:00+05:30,6.936666666666667,72.93333333333334,23.926666666666666
2025-07-17 04:00:00+05:30,5.946666666666666,68.60000000000001,18.823333333333334
2025-07-17 05:00:00+05:30,9.4375,73.6,20.8375
2025-07-17 06:00:00+05:30,9.2925,79.39999999999999,23.822499999999998
2025-07-17 07:00:00+05:30,9.1025,94.625,19.005
2025-07-17 08:00:00+05:30,9.145,100.225,18.66
2025-07-17 09:00:00+05:30,6.63,100.46666666666665,20.186666666666667
2025-07-17 10:00:00+05:30,4.739999999999999,102.60000000000001,21.983333333333334
2025-07-17 11:00:00+05:30,4.583333333333333,105.26666666666667,21.893333333333334
2025-07-17 12:00:00+05:30,4.6049999999999995,112.27499999999999,19.3875
2025-07-17 13:00:00+05:30,2.8333333333333335,104.46666666666665,22.083333333333332
2025-07-17 14:00:00+05:30,1.8275,96.8,19.745
2025-07-17 15:00:00+05:30,1.7033333333333334,105.10000000000001,16.91333333333333
2025-07-17 16:00:00+05:30,3.3025,113.65,19.625
2025-07-17 17:00:00+05:30,6.21,115.15,26.1975
2025-07-17 18:00:00+05:30,6.963333333333334,118.96666666666665,26.203333333333333
2025-07-17 19:00:00+05:30,8.0225,120.125,24.9125
2025-07-17 20:00:00+05:30,8.07,127.3,19.195
2025-07-17 21:00:00+05:30,14.4175,128.39999999999998,21.2225
2025-07-17 22:00:00+05:30,4.327500000000001,139.825,26.333333333333332
2025-07-17 23:00:00+05:30,7.205,145.2,27.14
2025-07-18 00:00:00+05:30,12.5,106.0,20.13
2025-07-18 01:00:00+05:30,10.786666666666667,102.26666666666667,19.963333333333335
2025-07-18 02:00:00+05:30,4.24,93.45,21.335
2025-07-18 03:00:00+05:30,4.943333333333333,90.46666666666665,23.95
2025-07-18 04:00:00+05:30,2.6133333333333333,86.39999999999999,18.8
2025-07-18 05:00:00+05:30,3.6033333333333335,76.26666666666667,14.136666666666665
2025-07-18 06:00:00+05:30,4.8975,75.275,16.32
2025-07-18 07:00:00+05:30,5.276666666666666,77.66666666666667,23.62
2025-07-18 08:00:00+05:30,4.27,78.16666666666667,16.146666666666665
2025-07-18 09:00:00+05:30,3.5075,76.625,15.157499999999999
2025-07-18 10:00:00+05:30,3.495,89.85,18.0675
2025-07-18 11:00:00+05:30,3.1333333333333333,92.66666666666667,22.426666666666666
2025-07-18 12:00:00+05:30,3.205,96.73333333333333,24.73
2025-07-18 13:00:00+05:30,2.925,94.7,25.37
2025-07-18 14:00:00+05:30,0.16,97.8,24.9175
2025-07-18 15:00:00+05:30,0.595,87.875,19.052500000000002
2025-07-18 16:00:00+05:30,2.2433333333333336,94.06666666666666,19.05333333333333
2025-07-18 17:00:00+05:30,4.15,102.075,24.805
2025-07-18 18:00:00+05:30,5.505,106.075,31.665
2025-07-18 19:00:00+05:30,7.5,107.26666666666667,29.49666666666667
2025-07-18 20:00:00+05:30,11.895,104.0,24.2075
2025-07-18 21:00:00+05:30,7.91,102.16666666666667,25.069999999999997
2025-07-18 22:00:00+05:30,4.975,94.775,26.0075
2025-07-18 23:00:00+05:30,4.1,69.2,24.06
2025-07-19 00:00:00+05:30,13.98,60.3,15.52
2025-07-19 01:00:00+05:30,7.672499999999999,55.775,15.5075
2025-07-19 02:00:00+05:30,3.0175,43.025,16.0825
2025-07-19 03:00:00+05:30,3.376666666666667,37.56666666666667,16.31
2025-07-19 04:00:00+05:30,2.4566666666666666,34.5,13.666666666666666
2025-07-19 05:00:00+05:30,1.57,33.03333333333333,12.006666666666666
2025-07-19 06:00:00+05:30,2.1266666666666665,31.833333333333332,10.15
2025-07-19 07:00:00+05:30,6.715,31.15,10.81
2025-07-19 08:00:00+05:30,7.2524999999999995,33.975,10.285
2025-07-19 09:00:00+05:30,5.3774999999999995,32.6,14.719999999999999
2025-07-19 10:00:00+05:30,3.106666666666667,44.03333333333333,15.416666666666666
2025-07-19 11:00:00+05:30,3.6225,45.375,16.4875
2025-07-19 12:00:00+05:30,3.3633333333333333,48.13333333333333,17.856666666666666
2025-07-19 13:00:00+05:30,2.5075,40.325,18.575
2025-07-19 14:00:00+05:30,1.2633333333333332,35.8,15.553333333333333
2025-07-19 15:00:00+05:30,0.145,29.0,16.373333333333335
2025-07-19 16:00:00+05:30,7.3325,32.325,14.719999999999999
2025-07-19 17:00:00+05:30,11.26,31.866666666666664,14.655000000000001
2025-07-19 18:00:00+05:30,14.455,34.0,21.4925
2025-07-19 19:00:00+05:30,14.405000000000001,30.275,20.46
2025-07-19 20:00:00+05:30,14.8975,27.325,14.690000000000001
2025-07-19 21:00:00+05:30,13.49,30.2,10.83
2025-07-19 22:00:00+05:30,13.7925,26.075,8.905
2025-07-19 23:00:00+05:30,16.2,26.5,6.83
2025-07-20 00:00:00+05:30,19.07,32.7,8.67
2025-07-20 01:00:00+05:30,21.855,34.7,11.65
2025-07-20 02:00:00+05:30,13.629999999999999,35.825,18.060000000000002
2025-07-20 03:00:00+05:30,11.82,25.75,15.6875
2025-07-20 04:00:00+05:30,12.245,21.975,14.6575
2025-07-20 05:00:00+05:30,11.0825,18.65,13.0075
2025-07-20 06:00:00+05:30,10.9475,18.725,9.0975
2025-07-20 07:00:00+05:30,11.543333333333331,19.233333333333334,8.590000000000002
2025-07-20 08:00:00+05:30,12.8225,22.225,11.975
2025-07-20 09:00:00+05:30,13.88,29.03333333333333,12.0
2025-07-20 10:00:00+05:30,13.3975,34.7,10.675
2025-07-20 11:00:00+05:30,13.435,23.325,8.8575
2025-07-20 12:00:00+05:30,8.386666666666667,14.466666666666667,5.273333333333333
2025-07-20 13:00:00+05:30,13.66,34.900000000000006,14.325
2025-07-20 14:00:00+05:30,14.14,32.45,16.84
2025-07-20 15:00:00+05:30,13.756666666666666,40.1,16.926666666666666
2025-07-20 16:00:00+05:30,13.0425,34.349999999999994,12.135000000000002
2025-07-20 17:00:00+05:30,13.206666666666669,34.233333333333334,8.926666666666668
2025-07-20 18:00:00+05:30,18.1175,32.4,10.405
2025-07-20 19:00:00+05:30,18.8825,37.5,15.1525
2025-07-20 20:00:00+05:30,15.549999999999999,56.333333333333336,13.206666666666665
2025-07-20 21:00:00+05:30,18.79,34.43333333333333,11.176666666666668
2025-07-20 22:00:00+05:30,21.4625,33.675,14.0675
2025-07-20 23:00:00+05:30,21.6,34.1,14.31
2025-07-22 14:00:00+05:30,11.1,55.7,16.939999999999998
2025-07-22 15:00:00+05:30,11.3025,52.975,20.84
2025-07-22 16:00:00+05:30,10.97,53.4,26.622500000000002
2025-07-22 17:00:00+05:30,10.59,53.975,24.9
2025-07-22 18:00:00+05:30,11.863333333333335,60.73333333333333,25.776666666666667
2025-07-22 19:00:00+05:30,16.265,66.05,30.13
2025-07-22 20:00:00+05:30,29.07,68.225,33.474999999999994
2025-07-22 21:00:00+05:30,15.466666666666667,65.66666666666667,34.47
2025-07-22 22:00:00+05:30,11.3425,49.1,24.4625
2025-07-22 23:00:00+05:30,11.575,33.3,18.76
2025-07-23 01:00:00+05:30,10.8575,31.875,21.22
2025-07-23 02:00:00+05:30,10.85,29.724999999999998,18.830000000000002
2025-07-23 03:00:00+05:30,10.3625,32.55,15.32
2025-07-23 04:00:00+05:30,7.706666666666667,34.63333333333333,9.99
2025-07-23 05:00:00+05:30,11.780000000000001,35.699999999999996,10.63
2025-07-23 06:00:00+05:30,12.45,37.025,14.7675
2025-07-23 07:00:00+05:30,12.8875,40.875,14.3525
2025-07-23 08:00:00+05:30,11.5375,50.1,11.28
2025-07-23 09:00:00+05:30,10.89,46.35,11.379999999999999
2025-07-23 10:00:00+05:30,10.805,47.275,11.655
2025-07-23 11:00:00+05:30,11.273333333333333,44.800000000000004,13.4
2025-07-23 12:00:00+05:30,16.119999999999997,50.075,16.0675
2025-07-23 13:00:00+05:30,16.790000000000003,49.63333333333333,11.51
2025-07-23 14:00:00+05:30,16.3875,47.724999999999994,11.3175
2025-07-23 15:00:00+05:30,16.4525,48.575,13.6825
2025-07-23 16:00:00+05:30,17.115000000000002,53.35,13.7375
2025-07-23 17:00:00+05:30,16.6475,53.425,18.56
2025-07-23 18:00:00+05:30,16.7,42.525,12.99
2025-07-23 19:00:00+05:30,18.1625,42.025,9.440000000000001
2025-07-23 20:00:00+05:30,18.7275,47.125,9.067499999999999
2025-07-23 21:00:00+05:30,18.51,45.96666666666667,10.703333333333333
2025-07-23 22:00:00+05:30,16.997500000000002,46.15,9.835
2025-07-23 23:00:00+05:30,17.1,37.1,10.38
2025-07-24 00:00:00+05:30,12.92,41.8,10.89
2025-07-24 01:00:00+05:30,12.809999999999999,41.55,11.71
2025-07-24 02:00:00+05:30,12.68,42.875,14.604999999999999
2025-07-24 03:00:00+05:30,10.89,42.824999999999996,15.397499999999999
2025-07-24 04:00:00+05:30,10.976666666666667,31.099999999999998,10.726666666666667
2025-07-24 05:00:00+05:30,11.496666666666664,31.066666666666663,8.676666666666668
2025-07-24 06:00:00+05:30,12.9575,33.875,9.0225
2025-07-24 07:00:00+05:30,14.54,35.46666666666667,8.18
2025-07-24 08:00:00+05:30,13.5075,43.425,6.8325
2025-07-24 09:00:00+05:30,14.135,45.425,6.33
2025-07-24 10:00:00+05:30,6.053333333333334,50.26666666666667,9.373333333333333
2025-07-24 11:00:00+05:30,0.03666666666666667,53.86666666666667,11.733333333333334
2025-07-24 12:00:00+05:30,0.0,54.725,12.5375
2025-07-24 13:00:00+05:30,0.0,51.06666666666666,15.053333333333335
2025-07-24 14:00:00+05:30,0.03,56.275,12.56
2025-07-24 15:00:00+05:30,1.1800000000000002,61.65,13.025
2025-07-24 17:00:00+05:30,36.28,46.8,9.98
2025-07-24 18:00:00+05:30,41.98666666666667,47.666666666666664,10.233333333333334
2025-07-24 19:00:00+05:30,56.4625,48.775,9.865
2025-07-24 20:00:00+05:30,49.3075,47.1,7.8100000000000005
2025-07-24 21:00:00+05:30,26.04,45.375,8.695
2025-07-24 22:00:00+05:30,16.5,40.275,10.525
2025-07-24 23:00:00+05:30,16.43,35.1,10.76
2025-07-25 00:00:00+05:30,16.09,32.6,8.69
2025-07-25 01:00:00+05:30,17.817500000000003,31.425,8.7675
2025-07-25 02:00:00+05:30,20.682499999999997,29.775,9.815
2025-07-25 03:00:00+05:30,13.876666666666665,33.46666666666666,11.203333333333333
2025-07-25 04:00:00+05:30,9.183333333333334,33.6,9.12
2025-07-25 05:00:00+05:30,12.503333333333332,30.266666666666666,7.913333333333334
2025-07-25 06:00:00+05:30,14.877500000000001,29.7,7.6274999999999995
2025-07-25 07:00:00+05:30,19.384999999999998,33.675,8.342500000000001
2025-07-25 08:00:00+05:30,18.1325,37.75,12.12
2025-07-25 09:00:00+05:30,15.504999999999999,44.25,10.235
2025-07-25 10:00:00+05:30,14.85,46.475,11.3225
2025-07-25 11:00:00+05:30,11.3875,47.675,14.27
2025-07-25 12:00:00+05:30,9.9475,50.55,12.942499999999999
2025-07-25 13:00:00+05:30,12.446666666666667,46.76666666666667,10.736666666666666
2025-07-25 14:00:00+05:30,14.4125,49.425000000000004,14.6425
2025-07-25 15:00:00+05:30,13.15,51.050000000000004,20.197499999999998
2025-07-25 16:00:00+05:30,12.4175,48.875,16.2525
2025-07-25 17:00:00+05:30,11.149999999999999,43.875,11.38
2025-07-25 18:00:00+05:30,19.71,42.675,9.96
2025-07-25 19:00:00+05:30,28.72,44.175,11.885
2025-07-25 20:00:00+05:30,23.0075,46.225,10.375
2025-07-25 21:00:00+05:30,18.076666666666668,43.46666666666667,11.479999999999999
2025-07-25 22:00:00+05:30,20.6,40.974999999999994,9.735
2025-07-25 23:00:00+05:30,27.175,35.3,11.28
2025-07-26 00:00:00+05:30,17.72,32.4,6.5
2025-07-26 01:00:00+05:30,16.54,32.55,6.66
2025-07-26 02:00:00+05:30,15.81,35.56666666666666,7.603333333333334
2025-07-26 03:00:00+05:30,13.573333333333332,40.36666666666667,8.299999999999999
2025-07-26 04:00:00+05:30,13.783333333333333,39.06666666666667,9.303333333333333
2025-07-26 05:00:00+05:30,17.1975,41.725,13.115
2025-07-26 06:00:00+05:30,23.645,51.224999999999994,14.5525
2025-07-26 07:00:00+05:30,24.23,53.4,13.915
2025-07-26 08:00:00+05:30,22.2975,58.725,14.1
2025-07-26 09:00:00+05:30,19.7,67.5,19.52
2025-07-26 10:00:00+05:30,16.23,71.075,19.8775
2025-07-26 11:00:00+05:30,30.6575,66.3,25.08
2025-07-26 12:00:00+05:30,24.366666666666664,66.36666666666667,20.463333333333335
2025-07-26 13:00:00+05:30,13.56,66.06666666666666,21.959999999999997
2025-07-26 14:00:00+05:30,14.790000000000001,64.93333333333334,22.893333333333334
2025-07-26 15:00:00+05:30,13.093333333333334,57.03333333333334,18.94666666666667
2025-07-26 16:00:00+05:30,17.4825,58.35,14.055
2025-07-26 17:00:00+05:30,24.925,57.075,13.27
2025-07-26 18:00:00+05:30,24.3625,62.875,16.744999999999997
2025-07-26 19:00:00+05:30,26.5825,67.0,14.36
2025-07-26 20:00:00+05:30,16.2975,68.82499999999999,11.99
2025-07-26 21:00:00+05:30,16.763333333333332,59.73333333333333,10.32
2025-07-26 22:00:00+05:30,13.782499999999999,53.375,13.6275
2025-07-26 23:00:00+05:30,13.105,55.2,16.22
2025-07-27 00:00:00+05:30,10.22,56.9,20.84
2025-07-27 01:00:00+05:30,10.125,51.275,21.735
2025-07-27 02:00:00+05:30,10.21,36.725,21.82
2025-07-27 03:00:00+05:30,9.25,32.1,15.17
2025-07-27 04:00:00+05:30,22.58,27.375,12.7525
2025-07-27 05:00:00+05:30,12.843333333333334,27.066666666666666,14.803333333333333
2025-07-27 06:00:00+05:30,10.6875,25.9,14.0075
2025-07-27 07:00:00+05:30,10.82,27.833333333333332,11.376666666666667
2025-07-27 08:00:00+05:30,10.376666666666667,29.03333333333333,12.253333333333336
2025-07-27 09:00:00+05:30,10.503333333333332,32.266666666666666,13.043333333333331
2025-07-27 10:00:00+05:30,10.057500000000001,33.95,15.022499999999999
2025-07-27 11:00:00+05:30,5.3,30.266666666666666,11.123333333333333
2025-07-27 12:00:00+05:30,3.643333333333333,31.733333333333334,9.103333333333333
2025-07-27 13:00:00+05:30,5.2075000000000005,31.35,11.7425
2025-07-27 14:00:00+05:30,9.8775,28.075,16.9425
2025-07-27 15:00:00+05:30,10.3675,22.924999999999997,18.447499999999998
2025-07-27 16:00:00+05:30,10.5175,24.575,18.467499999999998
2025-07-27 17:00:00+05:30,13.116666666666667,21.233333333333334,13.713333333333333
2025-07-27 18:00:00+05:30,25.79,21.400000000000002,12.620000000000001
2025-07-27 19:00:00+05:30,46.5075,22.25,12.1975
2025-07-27 20:00:00+05:30,31.9175,21.45,12.6425
2025-07-27 21:00:00+05:30,24.595,17.775,13.0525
2025-07-27 22:00:00+05:30,25.35,15.475,11.16
2025-07-27 23:00:00+05:30,19.66,15.4,9.92
2025-07-28 01:00:00+05:30,13.765,17.375,9.1625
2025-07-28 02:00:00+05:30,12.1525,18.2,8.9625
2025-07-28 03:00:00+05:30,10.11,15.566666666666668,8.576666666666666
2025-07-28 04:00:00+05:30,11.5125,18.475,8.254999999999999
2025-07-28 05:00:00+05:30,13.356666666666667,23.666666666666668,8.176666666666668
2025-07-28 06:00:00+05:30,14.9325,25.25,9.8975
2025-07-28 07:00:00+05:30,19.025,19.125,8.5225
2025-07-28 08:00:00+05:30,22.1625,17.525,8.467500000000001
2025-07-28 09:00:00+05:30,21.7775,17.75,7.5600000000000005
2025-07-28 10:00:00+05:30,16.9525,15.3,7.8025
2025-07-28 11:00:00+05:30,21.069999999999997,16.833333333333332,8.683333333333334
2025-07-28 12:00:00+05:30,29.04,21.15,8.9375
2025-07-28 13:00:00+05:30,18.4375,26.45,10.8075
2025-07-28 14:00:00+05:30,19.54,30.175,11.795
2025-07-28 15:00:00+05:30,18.473333333333333,32.06666666666667,15.026666666666666
2025-07-28 16:00:00+05:30,13.8575,37.8,16.765
2025-07-28 17:00:00+05:30,20.9125,40.475,21.1525
2025-07-28 18:00:00+05:30,24.4825,41.625,16.2125
2025-07-28 19:00:00+05:30,35.4275,44.474999999999994,15.2025
2025-07-28 20:00:00+05:30,46.817499999999995,50.375,12.6675
2025-07-28 21:00:00+05:30,44.08,54.825,16.9775
2025-07-28 22:00:00+05:30,38.2975,54.6,25.7675
2025-07-28 23:00:00+05:30,23.52,57.5,20.81
2025-07-29 00:00:00+05:30,78.48,47.1,15.04
2025-07-29 01:00:00+05:30,27.82,45.375,14.655
2025-07-29 02:00:00+05:30,19.7575,41.425,13.34
2025-07-29 03:00:00+05:30,15.665,40.35,11.4325
2025-07-29 04:00:00+05:30,11.936666666666667,35.1,10.046666666666667
2025-07-29 05:00:00+05:30,14.817499999999999,32.45,11.6925
2025-07-29 06:00:00+05:30,16.0,31.674999999999997,10.6075
2025-07-29 07:00:00+05:30,21.4525,30.65,9.3225
2025-07-29 08:00:00+05:30,27.435000000000002,32.425,8.11
2025-07-29 09:00:00+05:30,20.94666666666667,33.76666666666667,11.01
2025-07-29 10:00:00+05:30,22.0175,33.625,12.365
2025-07-29 11:00:00+05:30,20.83,36.5,10.4175
2025-07-29 12:00:00+05:30,19.7025,40.150000000000006,11.9975
2025-07-29 13:00:00+05:30,21.1825,42.7,18.58
2025-07-29 14:00:00+05:30,20.357499999999998,44.75,21.1625
2025-07-29 15:00:00+05:30,18.96,47.45,18.205000000000002
2025-07-29 16:00:00+05:30,24.1975,45.55,15.2675
2025-07-29 17:00:00+05:30,32.707499999999996,49.45,16.2725
2025-07-29 18:00:00+05:30,39.03,54.5,20.0875
2025-07-29 19:00:00+05:30,45.11,54.4,19.009999999999998
2025-07-29 20:00:00+05:30,45.6725,55.325,15.46
2025-07-29 21:00:00+05:30,43.86,54.675000000000004,13.5525
2025-07-29 22:00:00+05:30,33.3225,55.725,17.5925
2025-07-29 23:00:00+05:30,34.94,52.4,17.43
2025-07-30 00:00:00+05:30,26.4,49.6,15.03
2025-07-30 01:00:00+05:30,22.0325,48.7,15.567499999999999
2025-07-30 02:00:00+05:30,15.455,45.475,16.1975
2025-07-30 03:00:00+05:30,12.233333333333334,41.233333333333334,13.636666666666665
2025-07-30 04:00:00+05:30,12.643333333333333,38.7,11.463333333333333
2025-07-30 05:00:00+05:30,15.733333333333334,39.56666666666667,10.040000000000001
2025-07-30 06:00:00+05:30,15.875,38.275,10.407499999999999
2025-07-30 07:00:00+05:30,23.88,47.03333333333333,14.073333333333332
2025-07-30 08:00:00+05:30,29.6475,56.8,13.24
2025-07-30 09:00:00+05:30,26.52,56.825,15.9825
2025-07-30 10:00:00+05:30,27.025,59.6,18.240000000000002
2025-07-30 11:00:00+05:30,20.975,66.4,16.555
2025-07-30 12:00:00+05:30,19.122500000000002,69.925,14.7375
2025-07-30 13:00:00+05:30,17.66,70.65,17.9625
2025-07-30 14:00:00+05:30,17.012500000000003,75.1,24.0425
2025-07-30 15:00:00+05:30,16.255,70.3,24.46
2025-07-30 16:00:00+05:30,13.510000000000002,70.5,24.405
2025-07-30 17:00:00+05:30,29.145,70.325,21.9625
2025-07-30 18:00:00+05:30,27.4675,71.75,23.9
2025-07-30 19:00:00+05:30,8.5,69.125,23.6575
2025-07-30 20:00:00+05:30,60.42,70.15,24.895
2025-07-30 21:00:00+05:30,64.6225,75.7,26.6925
2025-07-30 22:00:00+05:30,41.575,72.475,27.0975
2025-07-30 23:00:00+05:30,36.885,67.1,24.1
2025-07-31 00:00:00+05:30,23.64,62.6,16.39
2025-07-31 01:00:00+05:30,18.625,61.975,16.490000000000002
2025-07-31 02:00:00+05:30,19.325,60.45,17.7475
2025-07-31 03:00:00+05:30,13.1825,60.3,18.88
2025-07-31 04:00:00+05:30,10.736666666666666,57.96666666666666,14.770000000000001
2025-07-31 05:00:00+05:30,13.483333333333334,54.199999999999996,11.763333333333334
2025-07-31 06:00:00+05:30,17.023333333333333,51.36666666666667,11.950000000000001
2025-07-31 07:00:00+05:30,25.89,48.4,17.21
2025-07-31 08:00:00+05:30,25.6625,54.2,15.8625
2025-07-31 09:00:00+05:30,29.21666666666667,58.5,14.666666666666666
2025-07-31 10:00:00+05:30,30.36,61.3,17.955
2025-07-31 11:00:00+05:30,26.429999999999996,61.29999999999999,23.64
2025-07-31 12:00:00+05:30,23.06,62.625,20.175
2025-07-31 13:00:00+05:30,20.5225,65.125,22.7
2025-07-31 14:00:00+05:30,19.905,62.925,25.49
2025-07-31 15:00:00+05:30,20.37333333333333,64.03333333333335,25.099999999999998
2025-07-31 16:00:00+05:30,23.5175,64.32499999999999,25.75
2025-07-31 17:00:00+05:30,25.513333333333332,68.0,24.209999999999997
2025-07-31 18:00:00+05:30,30.7425,70.675,29.065
2025-07-31 19:00:00+05:30,37.555,72.6,30.32
2025-07-31 20:00:00+05:30,61.49,74.1,31.97
2025-07-31 21:00:00+05:30,56.7825,75.75,33.44
2025-07-31 22:00:00+05:30,52.333333333333336,79.86666666666666,36.70333333333333
2025-08-01 00:00:00+05:30,20.59,62.8,21.23
2025-08-01 01:00:00+05:30,18.496666666666666,59.76666666666667,19.8
2025-08-01 02:00:00+05:30,14.9825,53.1,17.067500000000003
2025-08-01 03:00:00+05:30,11.626666666666667,51.73333333333333,16.026666666666667
2025-08-01 04:00:00+05:30,12.616666666666667,51.93333333333334,14.160000000000002
2025-08-01 05:00:00+05:30,21.445,51.3,16.677500000000002
2025-08-01 06:00:00+05:30,20.495,49.8,17.4475
2025-08-01 07:00:00+05:30,24.15,51.55,15.127500000000001
2025-08-01 08:00:00+05:30,24.1175,57.625,17.18
2025-08-01 09:00:00+05:30,20.636666666666667,58.73333333333333,17.35666666666667
2025-08-01 10:00:00+05:30,20.43,59.9,18.475
2025-08-01 11:00:00+05:30,24.74,59.03333333333334,21.916666666666668
2025-08-01 12:00:00+05:30,28.189999999999998,59.7,19.45
2025-08-01 13:00:00+05:30,15.81,59.8,18.7
2025-08-01 21:00:00+05:30,19.9525,53.975,14.47
2025-08-01 22:00:00+05:30,13.8375,50.075,20.252499999999998
2025-08-01 23:00:00+05:30,13.105,49.0,20.55
2025-08-02 00:00:00+05:30,11.63,52.7,18.86
2025-08-02 01:00:00+05:30,13.780000000000001,51.2,19.64
2025-08-02 02:00:00+05:30,13.535,46.675,22.0525
2025-08-02 03:00:00+05:30,7.085,46.225,21.259999999999998
2025-08-02 04:00:00+05:30,7.273333333333333,48.5,16.083333333333332
2025-08-02 05:00:00+05:30,7.253333333333334,42.46666666666666,14.770000000000001
2025-08-02 06:00:00+05:30,8.842500000000001,39.425,12.7825
2025-08-02 07:00:00+05:30,10.510000000000002,41.8,15.93
2025-08-02 08:00:00+05:30,12.030000000000001,44.300000000000004,18.9075
2025-08-02 09:00:00+05:30,10.85,49.775000000000006,17.98
2025-08-02 10:00:00+05:30,8.875,53.425,19.89
2025-08-02 11:00:00+05:30,7.62,52.8,18.635
2025-08-02 12:00:00+05:30,7.13,54.824999999999996,19.42
2025-08-02 13:00:00+05:30,7.836666666666666,59.666666666666664,19.406666666666666
2025-08-02 14:00:00+05:30,7.41,57.45,19.7075
2025-08-02 15:00:00+05:30,12.215,56.25,18.6875
2025-08-02 16:00:00+05:30,12.876666666666667,57.4,18.776666666666667
2025-08-02 17:00:00+05:30,23.7725,63.525,18.7875
2025-08-02 18:00:00+05:30,22.39,64.925,23.48
2025-08-02 19:00:00+05:30,38.7375,64.05,22.325
2025-08-02 20:00:00+05:30,28.919999999999998,70.16666666666667,25.429999999999996
2025-08-02 21:00:00+05:30,33.974999999999994,70.975,24.6075
2025-08-02 22:00:00+05:30,25.8525,64.2,28.785
2025-08-02 23:00:00+05:30,16.439999999999998,60.3,27.56
2025-08-03 00:00:00+05:30,9.91,53.5,19.6
2025-08-03 01:00:00+05:30,9.2225,50.975,20.245
2025-08-03 02:00:00+05:30,7.4350000000000005,41.2,20.46
2025-08-03 03:00:00+05:30,5.9399999999999995,27.5,14.754999999999999
2025-08-03 04:00:00+05:30,5.4175,22.7,11.26
2025-08-03 05:00:00+05:30,7.76,22.65,8.085
2025-08-03 06:00:00+05:30,9.692499999999999,22.275,8.6875
2025-08-03 07:00:00+05:30,8.85,21.0,12.523333333333333
2025-08-03 08:00:00+05:30,9.59,22.175,10.2
2025-08-03 09:00:00+05:30,10.876666666666667,26.03333333333333,10.503333333333332
2025-08-03 10:00:00+05:30,9.935,32.724999999999994,13.9175
2025-08-03 11:00:00+05:30,7.8675,34.825,12.377500000000001
2025-08-03 12:00:00+05:30,7.615,37.75,9.81
2025-08-03 13:00:00+05:30,9.04,36.625,10.545
2025-08-03 14:00:00+05:30,8.6525,40.75,14.2225
2025-08-03 15:00:00+05:30,7.66,40.333333333333336,15.270000000000001
2025-08-03 16:00:00+05:30,7.53,44.1,13.4375
2025-08-03 17:00:00+05:30,7.066666666666666,42.56666666666666,16.15
2025-08-03 18:00:00+05:30,9.0375,39.775,15.16
2025-08-03 19:00:00+05:30,15.526666666666666,29.23333333333333,15.706666666666669
2025-08-03 20:00:00+05:30,12.9225,47.15,11.935
2025-08-03 21:00:00+05:30,14.405000000000001,33.95,13.9825
2025-08-03 22:00:00+05:30,9.717500000000001,31.3,14.475
2025-08-03 23:00:00+05:30,9.079999999999998,34.7,11.11
2025-08-04 00:00:00+05:30,7.98,27.1,7.33
2025-08-04 01:00:00+05:30,8.506666666666666,27.566666666666666,6.84
2025-08-04 02:00:00+05:30,9.3525,29.525,6.5025
2025-08-04 03:00:00+05:30,9.04,32.525,9.120000000000001
2025-08-04 04:00:00+05:30,6.99,33.8,11.0075
2025-08-04 05:00:00+05:30,7.235,32.35,9.6025
2025-08-04 06:00:00+05:30,7.68,28.8,10.05
2025-08-04 07:00:00+05:30,9.465,29.925,8.219999999999999
2025-08-04 08:00:00+05:30,8.2825,34.05,8.8125
2025-08-04 09:00:00+05:30,7.0375,36.8,10.315
2025-08-04 10:00:00+05:30,7.08,39.725,10.41
2025-08-04 11:00:00+05:30,6.966666666666666,40.86666666666667,8.51
2025-08-04 12:00:00+05:30,8.1525,43.4,8.6225
2025-08-04 13:00:00+05:30,7.0275,44.75,10.9125
2025-08-04 14:00:00+05:30,7.035,46.525,13.4575
2025-08-04 15:00:00+05:30,6.7925,47.4,17.5
2025-08-04 16:00:00+05:30,8.0525,43.5,18.7
2025-08-04 17:00:00+05:30,9.0725,39.55,19.7625
2025-08-04 18:00:00+05:30,10.765,34.1,13.8325
2025-08-04 19:00:00+05:30,16.493333333333332,37.1,9.626666666666667
2025-08-04 20:00:00+05:30,18.735,37.675,7.38
2025-08-04 21:00:00+05:30,18.55,36.800000000000004,7.330000000000001
2025-08-04 22:00:00+05:30,17.2225,33.775000000000006,8.682500000000001
2025-08-04 23:00:00+05:30,17.055,35.2,8.9
2025-08-05 00:00:00+05:30,17.06,31.6,13.23
2025-08-05 01:00:00+05:30,16.69,33.9,12.8375
2025-08-05 02:00:00+05:30,12.2275,38.375,12.47
2025-08-05 03:00:00+05:30,10.9725,35.175,14.2
2025-08-05 04:00:00+05:30,9.113333333333333,33.86666666666667,14.1
2025-08-05 05:00:00+05:30,10.863333333333335,32.833333333333336,12.329999999999998
2025-08-05 06:00:00+05:30,12.235,31.5,13.567499999999999
2025-08-05 07:00:00+05:30,13.965,32.125,16.085
2025-08-05 08:00:00+05:30,12.8425,33.525,12.1625
2025-08-05 09:00:00+05:30,13.030000000000001,37.13333333333333,10.853333333333333
2025-08-05 10:00:00+05:30,11.6175,40.225,12.2425
2025-08-05 11:00:00+05:30,10.6525,45.225,12.195
2025-08-05 12:00:00+05:30,10.594999999999999,48.35,11.4675
2025-08-05 13:00:00+05:30,10.58,47.0,13.19
2025-08-05 15:00:00+05:30,8.94,42.1,18.82
2025-08-05 16:00:00+05:30,11.405000000000001,42.1,18.82
2025-08-05 17:00:00+05:30,12.623333333333335,39.76666666666667,17.203333333333333
2025-08-05 18:00:00+05:30,14.03,40.4,16.3475
2025-08-05 19:00:00+05:30,16.23,43.2,15.620000000000001
2025-08-05 20:00:00+05:30,16.205,40.474999999999994,12.6675
2025-08-05 21:00:00+05:30,13.815,44.5,15.75
2025-08-05 22:00:00+05:30,18.14,32.5,19.05
2025-08-05 23:00:00+05:30,17.490000000000002,32.5,19.05
2025-08-06 00:00:00+05:30,12.93,33.2,11.83
2025-08-06 01:00:00+05:30,12.253333333333332,32.733333333333334,11.413333333333334
2025-08-06 02:00:00+05:30,11.3625,31.425,11.415
2025-08-06 03:00:00+05:30,11.3575,30.475,12.8575
2025-08-06 04:00:00+05:30,8.959999999999999,30.266666666666666,10.396666666666667
2025-08-06 05:00:00+05:30,10.65,30.775,8.737499999999999
2025-08-06 06:00:00+05:30,11.67,33.3,9.9275
2025-08-06 07:00:00+05:30,13.0325,35.85,10.49
2025-08-06 08:00:00+05:30,12.96,38.23333333333333,9.073333333333332
2025-08-06 09:00:00+05:30,11.95,39.4,10.64
2025-08-06 10:00:00+05:30,11.165,40.85,12.135
2025-08-06 11:00:00+05:30,10.073333333333332,42.63333333333333,13.153333333333334
2025-08-06 12:00:00+05:30,5.756666666666667,14.299999999999999,5.07
2025-08-06 13:00:00+05:30,2.31,30.45,10.85
2025-08-06 14:00:00+05:30,3.61,58.175,19.5425
2025-08-06 15:00:00+05:30,4.484999999999999,54.9,17.369999999999997
2025-08-06 16:00:00+05:30,4.5,52.475,18.085
2025-08-06 17:00:00+05:30,4.756666666666667,51.199999999999996,20.343333333333334
2025-08-06 18:00:00+05:30,5.045,50.475,19.935
2025-08-06 19:00:00+05:30,7.896666666666666,48.23333333333333,17.39333333333333
2025-08-06 20:00:00+05:30,7.1175,49.400000000000006,15.795
2025-08-06 21:00:00+05:30,6.4725,51.75,15.3025
2025-08-06 22:00:00+05:30,6.4625,50.65,16.955
2025-08-06 23:00:00+05:30,6.1899999999999995,48.4,16.96
2025-08-07 00:00:00+05:30,5.76,52.8,18.36
2025-08-07 01:00:00+05:30,5.103333333333333,52.53333333333333,17.84
2025-08-07 02:00:00+05:30,4.4925,49.95,14.48
2025-08-07 03:00:00+05:30,2.2199999999999998,46.349999999999994,17.185000000000002
2025-08-07 04:00:00+05:30,3.4800000000000004,42.96666666666666,20.10666666666667
2025-08-07 05:00:00+05:30,4.435,42.675,13.575000000000001
2025-08-07 06:00:00+05:30,4.19,42.13333333333333,13.550000000000002
2025-08-07 07:00:00+05:30,4.4425,38.75,13.4375
2025-08-07 08:00:00+05:30,4.045,42.675,15.325
2025-08-07 09:00:00+05:30,3.9966666666666666,46.4,17.083333333333332
2025-08-07 10:00:00+05:30,3.7675,46.175000000000004,14.1775
2025-08-07 11:00:00+05:30,3.92,49.85,16.04
2025-08-07 12:00:00+05:30,3.5525,50.1,16.4725
2025-08-07 13:00:00+05:30,3.55,48.150000000000006,12.935
2025-08-07 14:00:00+05:30,3.5566666666666666,48.0,9.743333333333332
2025-08-07 15:00:00+05:30,3.56,50.86666666666667,9.676666666666668
2025-08-07 16:00:00+05:30,3.6,52.3,16.835
2025-08-07 17:00:00+05:30,3.965,58.775,28.805
2025-08-07 18:00:00+05:30,4.625,65.375,38.9925
2025-08-07 19:00:00+05:30,5.9775,64.075,34.1775
2025-08-07 20:00:00+05:30,7.0566666666666675,62.23333333333333,26.673333333333336
2025-08-07 21:00:00+05:30,5.683333333333334,66.96666666666667,24.683333333333334
2025-08-07 22:00:00+05:30,4.76,64.75,22.6225
2025-08-07 23:00:00+05:30,5.085,57.5,18.61
2025-08-08 00:00:00+05:30,4.15,54.7,24.02
2025-08-08 01:00:00+05:30,4.8275,56.400000000000006,20.585
2025-08-08 02:00:00+05:30,4.7975,53.35,15.285
2025-08-08 03:00:00+05:30,4.49,46.85,13.43
2025-08-08 04:00:00+05:30,3.76,43.93333333333334,15.073333333333332
2025-08-08 05:00:00+05:30,4.8774999999999995,45.15,21.5275
2025-08-08 06:00:00+05:30,5.41,46.925,21.7625
2025-08-08 07:00:00+05:30,5.782500000000001,45.95,21.8275
2025-08-08 08:00:00+05:30,4.95,50.4,20.733333333333334
2025-08-08 09:00:00+05:30,4.415,55.775,15.8975
2025-08-08 10:00:00+05:30,4.573333333333333,59.5,18.713333333333335
2025-08-08 11:00:00+05:30,4.02,58.9,21.24
2025-08-08 12:00:00+05:30,4.0275,57.0,22.1325
2025-08-08 13:00:00+05:30,3.9375,57.05,24.315
2025-08-08 14:00:00+05:30,4.077500000000001,56.599999999999994,22.85
2025-08-08 15:00:00+05:30,4.077500000000001,55.55,21.79
2025-08-08 16:00:00+05:30,4.737500000000001,53.975,24.9025
2025-08-08 17:00:00+05:30,5.246666666666667,53.800000000000004,30.080000000000002
2025-08-08 18:00:00+05:30,5.640000000000001,59.25,32.845
2025-08-08 19:00:00+05:30,6.7299999999999995,60.7,27.0125
2025-08-08 20:00:00+05:30,9.52,62.3,24.427500000000002
2025-08-08 21:00:00+05:30,5.785,66.225,23.622500000000002
2025-08-08 22:00:00+05:30,5.1625,63.925,20.2025
2025-08-08 23:00:00+05:30,5.574999999999999,60.0,17.25
2025-08-09 00:00:00+05:30,4.76,51.2,19.41
2025-08-09 01:00:00+05:30,4.6433333333333335,50.4,18.406666666666666
2025-08-09 02:00:00+05:30,4.445,48.5,14.2525
2025-08-09 03:00:00+05:30,3.86,47.76666666666667,16.07
2025-08-09 05:00:00+05:30,4.13,50.8,22.37
2025-08-09 06:00:00+05:30,4.1425,48.574999999999996,19.947499999999998
2025-08-09 07:00:00+05:30,4.165,46.3,17.47
2025-08-09 08:00:00+05:30,3.82,45.5,12.93
2025-08-09 09:00:00+05:30,4.0575,45.95,15.635
2025-08-09 10:00:00+05:30,4.3149999999999995,47.875,15.63
2025-08-09 11:00:00+05:30,3.7875,48.4,14.65
2025-08-09 12:00:00+05:30,3.1333333333333333,48.4,15.873333333333335
2025-08-09 13:00:00+05:30,3.47,50.800000000000004,15.476666666666667
2025-08-09 14:00:00+05:30,3.49,52.26666666666667,17.05
2025-08-09 15:00:00+05:30,3.5400000000000005,52.199999999999996,15.969999999999999
2025-08-09 16:00:00+05:30,2.8800000000000003,50.199999999999996,17.243333333333336
2025-08-09 17:00:00+05:30,3.505,47.7,22.939999999999998
2025-08-09 18:00:00+05:30,4.013333333333333,48.26666666666667,21.866666666666664
2025-08-09 19:00:00+05:30,5.27,49.333333333333336,22.183333333333334
2025-08-09 20:00:00+05:30,5.4375,51.65,23.6575
2025-08-09 21:00:00+05:30,4.973333333333334,50.76666666666667,21.873333333333335
2025-08-09 22:00:00+05:30,5.3325,43.8,21.155
2025-08-09 23:00:00+05:30,5.609999999999999,39.9,19.31
2025-08-10 00:00:00+05:30,5.45,43.1,15.61
2025-08-10 01:00:00+05:30,4.37,43.6,16.7475
2025-08-10 02:00:00+05:30,3.5675,42.95,15.4125
2025-08-10 03:00:00+05:30,3.763333333333333,40.23333333333333,11.926666666666668
2025-08-10 04:00:00+05:30,3.8725,39.675,12.885
2025-08-10 05:00:00+05:30,4.013333333333334,41.9,14.296666666666667
2025-08-10 06:00:00+05:30,4.215,41.400000000000006,10.8625
2025-08-10 07:00:00+05:30,3.9450000000000003,40.25,12.7375
2025-08-10 08:00:00+05:30,3.8525,41.725,14.8725
2025-08-10 09:00:00+05:30,4.0925,46.05,12.567499999999999
2025-08-10 10:00:00+05:30,5.2075,45.975,11.875
2025-08-10 11:00:00+05:30,3.81,52.53333333333333,18.14
2025-08-10 12:00:00+05:30,3.47,67.83333333333333,28.09
2025-08-10 13:00:00+05:30,3.2433333333333336,67.86666666666666,27.426666666666666
2025-08-10 14:00:00+05:30,3.3066666666666666,59.53333333333333,21.98
2025-08-10 15:00:00+05:30,3.4133333333333336,52.800000000000004,21.150000000000002
2025-08-10 16:00:00+05:30,4.005,57.275,29.605
2025-08-10 17:00:00+05:30,3.455,61.400000000000006,34.614999999999995
2025-08-10 18:00:00+05:30,4.032500000000001,57.2,28.912499999999998
2025-08-10 19:00:00+05:30,5.4975000000000005,55.0,25.4175
2025-08-10 20:00:00+05:30,7.0875,61.025,28.5675
2025-08-10 21:00:00+05:30,3.8775,68.0,26.965
2025-08-10 22:00:00+05:30,3.8225,61.449999999999996,19.9725
2025-08-10 23:00:00+05:30,4.47,54.2,17.64
2025-08-11 00:00:00+05:30,3.98,36.7,15.27
2025-08-11 01:00:00+05:30,4.1675,38.5,13.925
2025-08-11 02:00:00+05:30,3.6925,36.625,10.69
2025-08-11 03:00:00+05:30,3.5225,31.6,7.477499999999999
2025-08-11 04:00:00+05:30,3.706666666666667,27.0,7.3500000000000005
2025-08-11 05:00:00+05:30,3.7325,26.875,7.2675
2025-08-11 06:00:00+05:30,4.18,29.0,7.9025
2025-08-11 07:00:00+05:30,4.36,29.96666666666667,8.643333333333333
2025-08-11 08:00:00+05:30,4.1975,35.075,8.5
2025-08-11 09:00:00+05:30,3.7675,43.2,9.942499999999999
2025-08-11 10:00:00+05:30,3.62,45.5,11.495
2025-08-11 11:00:00+05:30,3.6125,40.125,12.945
2025-08-11 12:00:00+05:30,3.7475,43.8,13.8125
2025-08-11 13:00:00+05:30,3.555,52.75,12.3925
2025-08-11 14:00:00+05:30,3.5775,52.85,11.035
2025-08-11 15:00:00+05:30,3.4166666666666665,49.26666666666667,12.530000000000001
2025-08-11 16:00:00+05:30,3.6799999999999997,45.93333333333334,12.623333333333335
2025-08-11 17:00:00+05:30,4.115,48.56666666666666,12.936666666666667
2025-08-11 18:00:00+05:30,4.9075,50.400000000000006,14.3425
2025-08-11 19:00:00+05:30,5.7575,50.175,17.21
2025-08-11 20:00:00+05:30,5.1575,49.75,17.79
2025-08-11 21:00:00+05:30,4.85,42.8,13.1725
2025-08-11 22:00:00+05:30,4.88,33.06666666666667,8.836666666666666
2025-08-11 23:00:00+05:30,5.140000000000001,32.5,7.72
2025-08-12 00:00:00+05:30,4.63,30.6,12.86
2025-08-12 01:00:00+05:30,4.180000000000001,28.53333333333333,10.770000000000001
2025-08-12 02:00:00+05:30,4.1675,27.2,10.155
2025-08-12 03:00:00+05:30,3.89,25.275,9.4
2025-08-12 04:00:00+05:30,3.28,26.100000000000005,8.833333333333334
2025-08-12 05:00:00+05:30,4.047499999999999,31.15,11.8325
2025-08-12 06:00:00+05:30,4.335,30.549999999999997,11.4775
2025-08-12 07:00:00+05:30,4.63,29.23333333333333,10.463333333333333
2025-08-12 08:00:00+05:30,4.1575,28.875,10.695
2025-08-12 09:00:00+05:30,3.01,36.3,7.945
2025-08-12 10:00:00+05:30,3.99,41.175000000000004,7.8
2025-08-12 11:00:00+05:30,3.89,38.95,10.8875
2025-08-12 12:00:00+05:30,3.9425,38.3,12.002500000000001
2025-08-12 13:00:00+05:30,3.71,37.849999999999994,13.79
2025-08-12 14:00:00+05:30,3.5875,38.099999999999994,14.44
2025-08-12 15:00:00+05:30,3.7,38.45,17.4675
2025-08-12 16:00:00+05:30,3.8125,39.875,19.7225
2025-08-12 17:00:00+05:30,3.9433333333333334,41.13333333333333,14.666666666666666
2025-08-12 18:00:00+05:30,4.6325,42.65,9.99
2025-08-12 19:00:00+05:30,6.1375,43.65,11.567499999999999
2025-08-12 20:00:00+05:30,6.32,43.05,14.3775
2025-08-12 21:00:00+05:30,5.005,43.5,12.34
2025-08-12 22:00:00+05:30,4.4525,42.05,9.07
2025-08-12 23:00:00+05:30,4.265000000000001,41.2,7.46
2025-08-13 00:00:00+05:30,3.84,31.6,10.93
2025-08-13 01:00:00+05:30,3.3466666666666662,29.933333333333337,11.39
2025-08-13 02:00:00+05:30,3.145,29.05,9.905000000000001
2025-08-13 03:00:00+05:30,3.2775,25.2,7.970000000000001
2025-08-13 04:00:00+05:30,2.91,20.599999999999998,8.06
2025-08-13 05:00:00+05:30,3.6766666666666663,19.599999999999998,8.066666666666666
2025-08-13 06:00:00+05:30,4.38,16.9,5.6
2025-08-13 07:00:00+05:30,4.3025,18.325,5.0975
2025-08-13 08:00:00+05:30,3.986666666666667,20.833333333333332,5.656666666666666
2025-08-13 09:00:00+05:30,4.083333333333333,25.7,7.363333333333333
2025-08-13 10:00:00+05:30,3.335,34.175,7.4375
2025-08-13 11:00:00+05:30,3.38,38.2,7.617500000000001
2025-08-13 12:00:00+05:30,3.6225,35.975,6.922499999999999
2025-08-13 13:00:00+05:30,3.8225,35.775,7.577500000000001
2025-08-13 14:00:00+05:30,3.58,39.1,7.285
2025-08-13 15:00:00+05:30,3.7675,39.45,7.97
2025-08-13 16:00:00+05:30,3.7824999999999998,36.275,10.25
2025-08-13 17:00:00+05:30,4.43,33.06666666666666,9.99
2025-08-13 18:00:00+05:30,5.2725,38.4,10.41
2025-08-13 19:00:00+05:30,7.843333333333334,44.9,14.420000000000002
2025-08-13 20:00:00+05:30,8.955,48.2,16.1325
2025-08-13 21:00:00+05:30,5.8725,47.775,14.745
2025-08-13 22:00:00+05:30,6.3625,45.45,16.244999999999997
2025-08-13 23:00:00+05:30,7.12,43.7,16.25
2025-08-14 00:00:00+05:30,3.74,37.6,17.92
2025-08-14 01:00:00+05:30,4.05,34.733333333333334,16.180000000000003
2025-08-14 02:00:00+05:30,4.9125,29.975,10.815
2025-08-14 03:00:00+05:30,2.72,31.0,8.89
2025-08-14 04:00:00+05:30,3.1300000000000003,26.400000000000002,13.636666666666665
2025-08-14 05:00:00+05:30,8.09,31.2,10.813333333333333
2025-08-14 06:00:00+05:30,9.8675,35.375,14.455000000000002
2025-08-14 07:00:00+05:30,8.096666666666666,39.2,18.523333333333337
2025-08-14 08:00:00+05:30,9.285,43.3,23.58
2025-08-14 09:00:00+05:30,8.915,51.05,25.7725
2025-08-14 10:00:00+05:30,7.830000000000001,59.56666666666666,26.09
2025-08-14 11:00:00+05:30,6.055,58.5,28.215
2025-08-14 12:00:00+05:30,4.9925,55.725,25.965
2025-08-14 13:00:00+05:30,5.226666666666667,52.23333333333333,22.930000000000003
2025-08-14 14:00:00+05:30,6.9,50.275,21.575000000000003
2025-08-14 15:00:00+05:30,7.6025,50.5,23.645
2025-08-14 16:00:00+05:30,9.7425,51.975,27.555
2025-08-14 17:00:00+05:30,8.7275,60.025,25.8675
2025-08-14 18:00:00+05:30,9.6425,62.65,24.1225
2025-08-14 19:00:00+05:30,11.129999999999999,62.525000000000006,28.82
2025-08-14 20:00:00+05:30,14.4625,68.875,30.935
2025-08-14 21:00:00+05:30,12.925,73.4,27.47
2025-08-14 22:00:00+05:30,9.8,73.1,36.28
2025-08-14 23:00:00+05:30,5.07,73.1,36.28
2025-08-15 00:00:00+05:30,3.75,46.3,22.62
2025-08-15 01:00:00+05:30,3.9924999999999997,38.324999999999996,19.3825
2025-08-15 02:00:00+05:30,3.99,29.9,17.302500000000002
2025-08-15 03:00:00+05:30,4.1,28.05,15.795
2025-08-15 04:00:00+05:30,3.7099999999999995,27.900000000000002,13.07
2025-08-15 05:00:00+05:30,4.003333333333333,30.266666666666666,11.966666666666669
2025-08-15 06:00:00+05:30,5.105,30.0,9.05
2025-08-15 07:00:00+05:30,4.523333333333333,30.26666666666667,9.88
2025-08-15 08:00:00+05:30,4.5275,30.375,12.0
2025-08-15 09:00:00+05:30,4.6866666666666665,31.566666666666663,13.096666666666666
2025-08-15 10:00:00+05:30,5.035,35.05,14.03
2025-08-15 11:00:00+05:30,4.835,39.9,15.717500000000001
2025-08-15 12:00:00+05:30,6.1525,43.45,18.93
2025-08-15 13:00:00+05:30,4.21,49.225,18.3975
2025-08-15 14:00:00+05:30,4.096666666666667,51.13333333333333,19.313333333333333
2025-08-15 15:00:00+05:30,4.24,47.2,23.357499999999998
2025-08-15 16:00:00+05:30,4.325,47.95,28.259999999999998
2025-08-15 17:00:00+05:30,4.615,51.125,28.642500000000002
2025-08-15 18:00:00+05:30,5.086666666666667,52.13333333333333,27.040000000000003
2025-08-15 19:00:00+05:30,5.859999999999999,45.93333333333334,28.266666666666666
2025-08-15 20:00:00+05:30,8.16,40.425,27.0475
2025-08-15 21:00:00+05:30,11.217500000000001,36.05,21.555
2025-08-15 22:00:00+05:30,15.2,44.0,22.2425
2025-08-15 23:00:00+05:30,8.265,52.8,26.64
2025-08-16 00:00:00+05:30,4.15,39.1,24.42
2025-08-16 01:00:00+05:30,5.6,41.150000000000006,22.282500000000002
2025-08-16 02:00:00+05:30,4.74,38.475,21.0725
2025-08-16 03:00:00+05:30,4.22,33.03333333333334,20.779999999999998
2025-08-16 04:00:00+05:30,5.510000000000001,28.866666666666664,17.923333333333332
2025-08-16 05:00:00+05:30,3.9725,23.4,20.18
2025-08-16 06:00:00+05:30,3.7525,21.700000000000003,19.7975
2025-08-16 07:00:00+05:30,3.4125,17.15,14.0075
2025-08-16 08:00:00+05:30,3.39,15.6,9.817499999999999
2025-08-16 09:00:00+05:30,3.645,18.625,6.9575000000000005
2025-08-16 10:00:00+05:30,3.6224999999999996,22.975,6.18
2025-08-16 11:00:00+05:30,4.31,25.066666666666663,7.07
2025-08-16 12:00:00+05:30,3.67,25.2,9.28
2025-08-16 13:00:00+05:30,3.3125,27.3,10.4275
2025-08-16 14:00:00+05:30,5.65,25.9,11.255
2025-08-16 15:00:00+05:30,7.3575,25.55,18.427500000000002
2025-08-16 16:00:00+05:30,6.505,30.325000000000003,23.365000000000002
2025-08-16 17:00:00+05:30,4.9325,31.450000000000003,22.427500000000002
2025-08-16 18:00:00+05:30,4.013333333333333,28.900000000000002,22.30666666666667
2025-08-16 19:00:00+05:30,6.956666666666667,28.600000000000005,20.986666666666668
2025-08-16 20:00:00+05:30,7.6000000000000005,28.3,14.69
2025-08-16 21:00:00+05:30,7.2325,25.075,12.0425
2025-08-16 22:00:00+05:30,6.0375,26.299999999999997,11.307500000000001
2025-08-16 23:00:00+05:30,4.890000000000001,28.2,9.94
2025-08-17 00:00:00+05:30,5.51,19.5,8.97
2025-08-17 01:00:00+05:30,4.8875,23.725,11.565000000000001
2025-08-17 02:00:00+05:30,4.765000000000001,24.175,12.11
2025-08-17 03:00:00+05:30,3.9633333333333334,19.066666666666666,9.923333333333332
2025-08-17 04:00:00+05:30,5.26,17.05,11.2975
2025-08-17 05:00:00+05:30,5.905,19.225,10.94
2025-08-17 06:00:00+05:30,6.025,22.875,11.5875
2025-08-17 07:00:00+05:30,6.425,26.775,15.99
2025-08-17 08:00:00+05:30,6.613333333333333,28.900000000000002,20.463333333333335
2025-08-17 09:00:00+05:30,4.505,30.1,22.665
2025-08-17 10:00:00+05:30,5.3625,32.875,23.4625
2025-08-17 11:00:00+05:30,4.52,33.5,28.134999999999998
2025-08-17 12:00:00+05:30,3.43,32.3,25.909999999999997
2025-08-17 13:00:00+05:30,4.140000000000001,32.099999999999994,17.515
2025-08-17 14:00:00+05:30,3.875,31.549999999999997,18.285
2025-08-17 15:00:00+05:30,4.359999999999999,33.25,18.512500000000003
2025-08-17 16:00:00+05:30,5.21,31.424999999999997,17.005000000000003
2025-08-17 17:00:00+05:30,5.193333333333333,26.666666666666668,19.72
2025-08-17 18:00:00+05:30,4.672499999999999,24.4,19.0625
2025-08-17 19:00:00+05:30,5.7375,25.9,17.8525
2025-08-17 20:00:00+05:30,9.22,28.15,18.7425
2025-08-17 21:00:00+05:30,7.113333333333333,29.5,18.680000000000003
2025-08-17 22:00:00+05:30,5.445,32.775,20.2325
2025-08-17 23:00:00+05:30,6.84,33.7,21.03
2025-08-18 00:00:00+05:30,9.24,22.4,14.06
2025-08-18 01:00:00+05:30,8.5275,23.0,12.7625
2025-08-18 02:00:00+05:30,6.532500000000001,24.15,11.6525
2025-08-18 03:00:00+05:30,7.105,24.7,11.86
2025-08-18 04:00:00+05:30,5.8133333333333335,18.2,10.376666666666667
2025-08-18 05:00:00+05:30,7.074999999999999,17.2,8.07
2025-08-18 07:00:00+05:30,5.98,17.8,9.11
2025-08-18 08:00:00+05:30,5.8225,20.775,8.209999999999999
2025-08-18 09:00:00+05:30,5.845,26.200000000000003,6.625
2025-08-18 10:00:00+05:30,6.35,31.975,8.14
2025-08-18 11:00:00+05:30,5.8625,36.925,10.8425
2025-08-18 12:00:00+05:30,4.865,38.7,12.7575
2025-08-18 13:00:00+05:30,4.636666666666667,40.0,12.856666666666667
2025-08-18 14:00:00+05:30,4.4,39.3,8.14
2025-08-18 15:00:00+05:30,4.215,40.375,14.135
2025-08-18 16:00:00+05:30,25.633333333333336,39.06666666666667,19.016666666666666
2025-08-18 17:00:00+05:30,62.99,33.1,15.18
2025-08-18 18:00:00+05:30,29.345,32.599999999999994,16.665
2025-08-18 19:00:00+05:30,17.0,37.275,20.5825
2025-08-18 20:00:00+05:30,11.76,42.925,19.975
2025-08-18 21:00:00+05:30,8.6125,45.5,18.2725
2025-08-18 22:00:00+05:30,7.293333333333333,43.5,15.389999999999999
2025-08-18 23:00:00+05:30,6.58,39.7,12.82
2025-08-19 01:00:00+05:30,5.84,35.166666666666664,24.14
2025-08-19 02:00:00+05:30,5.2225,38.675,25.2575
2025-08-19 03:00:00+05:30,4.36,35.95,23.61
2025-08-19 04:00:00+05:30,6.476666666666667,28.633333333333336,20.823333333333334
2025-08-19 05:00:00+05:30,7.575,25.625,18.267500000000002
2025-08-19 06:00:00+05:30,5.9375,27.45,16.142500000000002
2025-08-19 07:00:00+05:30,4.7575,27.4,13.14
2025-08-19 08:00:00+05:30,4.359999999999999,26.45,12.02
2025-08-19 09:00:00+05:30,4.246666666666667,27.400000000000002,13.133333333333333
2025-08-19 10:00:00+05:30,3.8925,32.375,17.7125
2025-08-19 11:00:00+05:30,2.9325,32.9,21.4075
2025-08-19 12:00:00+05:30,2.88,34.8,17.317500000000003
2025-08-19 13:00:00+05:30,2.973333333333333,31.5,13.496666666666668
2025-08-19 14:00:00+05:30,3.1466666666666665,28.399999999999995,12.979999999999999
2025-08-19 15:00:00+05:30,3.276666666666667,32.56666666666667,16.706666666666667
2025-08-19 16:00:00+05:30,0.0,0.0,0.0
2025-08-19 17:00:00+05:30,3.17,26.8,23.45
2025-08-19 18:00:00+05:30,3.11,24.2,17.25
2025-08-19 19:00:00+05:30,4.66,27.1,19.9
2025-08-19 20:00:00+05:30,5.47,34.0,21.48
2025-08-19 21:00:00+05:30,5.9,40.5,26.24
2025-08-19 22:00:00+05:30,6.06,48.1,31.45
2025-08-19 23:00:00+05:30,0.0,0.0,0.0
2025-08-20 00:00:00+05:30,4.41,24.3,18.56
2025-08-20 01:00:00+05:30,3.626666666666667,24.266666666666666,16.896666666666665
2025-08-20 02:00:00+05:30,1.75,20.9,9.42
2025-08-20 03:00:00+05:30,1.52,18.825,8.0225
2025-08-20 04:00:00+05:30,1.22,17.099999999999998,6.476666666666667
2025-08-20 05:00:00+05:30,0.83,17.666666666666668,5.873333333333334
2025-08-20 06:00:00+05:30,0.795,17.299999999999997,4.7975
2025-08-20 07:00:00+05:30,0.68,21.5,6.656666666666666
2025-08-20 08:00:00+05:30,0.4075,20.625,8.407499999999999
2025-08-20 09:00:00+05:30,1.0574999999999999,18.875,8.885
2025-08-20 10:00:00+05:30,1.74,24.925,8.9875
2025-08-20 11:00:00+05:30,2.3525,27.65,8.69
2025-08-20 12:00:00+05:30,1.9875,25.700000000000003,9.9725
2025-08-20 13:00:00+05:30,2.6624999999999996,25.55,10.809999999999999
2025-08-20 14:00:00+05:30,3.643333333333333,24.733333333333334,9.11
2025-08-20 15:00:00+05:30,3.94,24.5,7.286666666666666
2025-08-20 16:00:00+05:30,3.9924999999999997,25.85,7.15
2025-08-20 17:00:00+05:30,4.463333333333334,24.03333333333333,8.086666666666666
2025-08-20 18:00:00+05:30,4.515000000000001,22.4,7.6899999999999995
2025-08-20 19:00:00+05:30,6.7475000000000005,22.075,7.985
2025-08-20 20:00:00+05:30,5.0975,21.4,9.01
2025-08-20 21:00:00+05:30,3.8775000000000004,19.299999999999997,8.45
2025-08-20 22:00:00+05:30,3.0325,15.1,6.8375
2025-08-20 23:00:00+05:30,2.58,13.8,6.08
2025-08-21 00:00:00+05:30,4.51,9.8,3.98
2025-08-21 01:00:00+05:30,4.163333333333333,11.066666666666668,3.8766666666666665
2025-08-21 02:00:00+05:30,4.28,13.05,3.3075
2025-08-21 03:00:00+05:30,4.656666666666667,11.799999999999999,2.7433333333333336
2025-08-21 04:00:00+05:30,4.205,10.95,3.87
2025-08-21 05:00:00+05:30,3.2225,12.15,4.945
2025-08-21 06:00:00+05:30,3.9299999999999997,10.95,4.0525
2025-08-21 07:00:00+05:30,4.626666666666667,10.200000000000001,3.3699999999999997
2025-08-21 08:00:00+05:30,4.3933333333333335,13.933333333333332,2.5066666666666664
2025-08-21 09:00:00+05:30,4.3525,15.4,3.5475
2025-08-21 10:00:00+05:30,4.386666666666667,17.0,5.103333333333333
2025-08-21 11:00:00+05:30,4.5633333333333335,19.866666666666667,5.503333333333334
2025-08-21 12:00:00+05:30,2.15,24.1,4.1
2025-08-21 13:00:00+05:30,1.76,25.200000000000003,3.8249999999999997
2025-08-21 14:00:00+05:30,1.3975,25.700000000000003,3.1975
2025-08-21 15:00:00+05:30,1.3466666666666667,23.0,2.9166666666666665
2025-08-21 16:00:00+05:30,2.21,16.025,2.7625
2025-08-21 17:00:00+05:30,2.5675,11.375,2.2775
2025-08-21 18:00:00+05:30,3.99,12.025,1.9300000000000002
2025-08-21 19:00:00+05:30,6.383333333333333,12.066666666666668,1.5266666666666666
2025-08-21 20:00:00+05:30,6.66,11.75,3.205
2025-08-21 21:00:00+05:30,4.755,11.85,4.7725
2025-08-21 22:00:00+05:30,3.6225,11.65,4.0725
2025-08-21 23:00:00+05:30,3.0949999999999998,12.3,3.62
2025-08-22 00:00:00+05:30,3.05,15.4,5.52
2025-08-22 01:00:00+05:30,1.6933333333333334,15.266666666666666,5.29
2025-08-22 02:00:00+05:30,1.2775,14.9,4.3525
2025-08-22 03:00:00+05:30,1.3766666666666667,13.433333333333332,3.603333333333333
2025-08-22 04:00:00+05:30,1.5433333333333332,11.0,2.8833333333333333
2025-08-22 05:00:00+05:30,1.45,11.149999999999999,2.34
2025-08-22 06:00:00+05:30,2.3233333333333337,11.233333333333334,2.066666666666667
2025-08-22 07:00:00+05:30,3.09,13.233333333333334,1.6600000000000001
2025-08-22 08:00:00+05:30,2.98,14.149999999999999,2.46
2025-08-22 09:00:00+05:30,2.6566666666666667,14.966666666666667,3.3066666666666666
2025-08-22 10:00:00+05:30,2.255,16.15,4.1225000000000005
2025-08-22 11:00:00+05:30,1.7066666666666668,18.833333333333332,5.29
2025-08-22 12:00:00+05:30,3.26,24.7,4.640000000000001
2025-08-22 13:00:00+05:30,4.906666666666667,21.766666666666666,4.13
2025-08-22 14:00:00+05:30,5.453333333333333,19.225,4.285
2025-08-22 15:00:00+05:30,6.453333333333333,15.1,4.6066666666666665
2025-08-22 17:00:00+05:30,7.87,20.6,4.63
2025-08-22 18:00:00+05:30,7.49,18.0,4.1875
2025-08-22 19:00:00+05:30,9.07,14.433333333333332,3.4966666666666666
2025-08-22 22:00:00+05:30,5.7025,19.5,5.3325
2025-08-22 23:00:00+05:30,5.28,18.7,4.74
2025-08-23 00:00:00+05:30,5.06,10.4,5.8
2025-08-23 01:00:00+05:30,4.756666666666667,11.666666666666666,5.483333333333333
2025-08-23 02:00:00+05:30,4.475,12.375,4.41
2025-08-23 03:00:00+05:30,4.6075,10.5,3.5675
2025-08-23 04:00:00+05:30,4.723333333333334,11.266666666666666,2.9599999999999995
2025-08-23 05:00:00+05:30,4.73,12.333333333333334,2.25
2025-08-23 06:00:00+05:30,5.2225,12.5,1.9175
2025-08-23 07:00:00+05:30,5.995,16.675,3.215
2025-08-23 08:00:00+05:30,5.655,18.7,4.2524999999999995
2025-08-23 09:00:00+05:30,5.800000000000001,18.95,5.64
2025-08-23 10:00:00+05:30,5.6775,22.15,6.765
2025-08-23 11:00:00+05:30,5.37,25.0,6.203333333333333
2025-08-23 12:00:00+05:30,5.176666666666667,29.03333333333333,7.276666666666666
2025-08-23 13:00:00+05:30,4.976666666666667,28.266666666666666,8.133333333333333
2025-08-23 14:00:00+05:30,5.1225000000000005,23.4,7.965
2025-08-23 15:00:00+05:30,7.03,19.96666666666667,8.405000000000001
2025-08-23 16:00:00+05:30,6.3025,17.8,7.565
2025-08-23 17:00:00+05:30,5.973333333333334,15.766666666666666,6.303333333333334
2025-08-23 18:00:00+05:30,6.327500000000001,11.575000000000001,4.925
2025-08-23 19:00:00+05:30,7.433333333333334,9.700000000000001,4.086666666666667
2025-08-23 20:00:00+05:30,6.5725,10.55,3.48
2025-08-23 21:00:00+05:30,6.12,12.1,3.53
2025-08-23 22:00:00+05:30,5.4175,11.3,3.3425000000000002
2025-08-23 23:00:00+05:30,4.965,9.5,2.97
2025-08-24 00:00:00+05:30,4.56,7.6,1.9
2025-08-24 01:00:00+05:30,4.41,8.633333333333333,2.4633333333333334
2025-08-24 02:00:00+05:30,4.3625,9.3,3.235
2025-08-24 03:00:00+05:30,4.21,7.15,2.5875
2025-08-24 04:00:00+05:30,4.2625,7.15,2.07
2025-08-24 05:00:00+05:30,4.6466666666666665,8.6,2.5733333333333337
2025-08-24 06:00:00+05:30,5.1225000000000005,9.05,4.2925
2025-08-24 07:00:00+05:30,5.455,10.399999999999999,5.38
2025-08-24 08:00:00+05:30,5.7749999999999995,11.075,7.362500000000001
2025-08-24 09:00:00+05:30,5.71,9.4,8.51
2025-08-24 10:00:00+05:30,5.53,20.766666666666666,6.973333333333334
2025-08-24 11:00:00+05:30,5.81,24.8,6.47
2025-08-24 12:00:00+05:30,5.31,18.3,7.54
2025-08-24 13:00:00+05:30,4.46,13.4,6.03
2025-08-24 14:00:00+05:30,0.0,0.0,0.0
2025-08-24 15:00:00+05:30,0.0,0.0,0.0
2025-08-24 16:00:00+05:30,4.53,14.3,3.44
2025-08-24 17:00:00+05:30,4.91,12.6,2.75
2025-08-24 18:00:00+05:30,5.17,22.8,3.47
2025-08-24 19:00:00+05:30,6.47,32.4,3.66
2025-08-24 20:00:00+05:30,6.55,22.7,4.76
2025-08-24 21:00:00+05:30,5.91,24.6,4.34
2025-08-24 22:00:00+05:30,5.38,50.1,3.71
2025-08-24 23:00:00+05:30,0.0,0.0,0.0
2025-08-25 00:00:00+05:30,4.63,14.7,2.2
2025-08-25 01:00:00+05:30,4.55,12.775,3.2475
2025-08-25 02:00:00+05:30,4.48,11.766666666666666,4.036666666666667
2025-08-25 03:00:00+05:30,4.5200000000000005,12.700000000000001,3.5866666666666664
2025-08-25 04:00:00+05:30,4.455,9.5,4.095
2025-08-25 05:00:00+05:30,4.3925,7.55,4.305
2025-08-25 06:00:00+05:30,4.665,26.175,3.84
2025-08-25 07:00:00+05:30,5.2925,50.075,4.0
2025-08-25 08:00:00+05:30,5.495,56.675000000000004,4.1425
2025-08-25 09:00:00+05:30,5.6525,61.625,5.1175
2025-08-25 10:00:00+05:30,5.4399999999999995,64.1,6.59
2025-08-25 11:00:00+05:30,4.975,37.95,5.244999999999999
2025-08-25 12:00:00+05:30,4.845,24.825,7.195
2025-08-25 13:00:00+05:30,4.5600000000000005,17.925,8.8925
2025-08-25 14:00:00+05:30,4.5566666666666675,13.233333333333334,11.790000000000001
2025-08-25 15:00:00+05:30,4.765000000000001,0.0,0.0
2025-08-25 16:00:00+05:30,4.763333333333333,30.566666666666663,0.3333333333333333
2025-08-25 17:00:00+05:30,5.4350000000000005,31.6,7.695
2025-08-25 18:00:00+05:30,6.795,33.45,11.805
2025-08-25 19:00:00+05:30,8.337499999999999,38.9,12.747499999999999
2025-08-25 20:00:00+05:30,9.5275,37.175,20.97
2025-08-25 21:00:00+05:30,7.8625,46.825,20.6175
2025-08-25 22:00:00+05:30,6.635,47.875,17.205
2025-08-25 23:00:00+05:30,6.09,39.1,16.52
2025-08-26 00:00:00+05:30,5.35,32.1,12.38
2025-08-26 01:00:00+05:30,5.235,28.325,10.24
2025-08-26 02:00:00+05:30,5.0375,27.525,7.2275
2025-08-26 03:00:00+05:30,4.8125,19.875,5.745
2025-08-26 04:00:00+05:30,5.096666666666667,15.133333333333333,4.826666666666667
2025-08-26 05:00:00+05:30,5.38,14.333333333333334,3.8800000000000003
2025-08-26 06:00:00+05:30,5.8975,21.599999999999998,3.09
2025-08-26 07:00:00+05:30,6.2700000000000005,24.0,7.243333333333333
2025-08-26 08:00:00+05:30,5.88,26.566666666666666,11.346666666666666
2025-08-26 09:00:00+05:30,6.3500000000000005,28.599999999999998,9.37
2025-08-26 11:00:00+05:30,4.8999999999999995,38.46666666666667,13.56
2025-08-26 12:00:00+05:30,4.7675,35.5,10.8625
2025-08-26 13:00:00+05:30,4.67,28.53333333333333,11.326666666666666
2025-08-26 14:00:00+05:30,4.763333333333333,29.100000000000005,15.26
2025-08-26 15:00:00+05:30,4.5525,43.8,17.275000000000002
2025-08-26 16:00:00+05:30,4.5875,45.075,17.7075
2025-08-26 17:00:00+05:30,4.9175,40.474999999999994,18.165
2025-08-26 18:00:00+05:30,6.01,38.075,21.9675
2025-08-26 19:00:00+05:30,8.163333333333334,44.833333333333336,24.020000000000003
2025-08-26 20:00:00+05:30,9.8825,61.199999999999996,28.71
2025-08-26 21:00:00+05:30,9.53,63.5,31.563333333333333
2025-08-26 22:00:00+05:30,6.8975,67.175,37.3575
2025-08-26 23:00:00+05:30,6.76,61.5,28.009999999999998
2025-08-27 00:00:00+05:30,5.65,59.4,25.88
2025-08-27 01:00:00+05:30,5.906666666666666,53.26666666666667,24.813333333333333
2025-08-27 03:00:00+05:30,5.26,47.5,19.84
2025-08-27 04:00:00+05:30,5.416666666666667,49.6,15.28
2025-08-27 05:00:00+05:30,5.973333333333333,45.93333333333334,13.486666666666666
2025-08-27 06:00:00+05:30,6.96,48.2,12.920000000000002
2025-08-27 07:00:00+05:30,6.25,41.6,18.14
2025-08-27 08:00:00+05:30,6.003333333333333,51.79999999999999,18.16
2025-08-27 09:00:00+05:30,5.75,50.300000000000004,19.57
2025-08-27 10:00:00+05:30,5.6025,47.300000000000004,19.9775
2025-08-27 11:00:00+05:30,5.1000000000000005,55.76666666666667,24.816666666666663
2025-08-27 12:00:00+05:30,5.0675,53.4,22.5925
2025-08-27 13:00:00+05:30,5.03,53.29999999999999,20.776666666666667
2025-08-27 14:00:00+05:30,4.835,49.825,18.560000000000002
2025-08-27 15:00:00+05:30,4.8025,47.5,23.425
2025-08-27 16:00:00+05:30,4.796666666666667,43.23333333333333,18.983333333333334
2025-08-27 17:00:00+05:30,5.1625,42.125,16.59
2025-08-27 18:00:00+05:30,5.855,43.55,17.83
2025-08-27 19:00:00+05:30,7.41,42.93333333333334,23.116666666666664
2025-08-27 20:00:00+05:30,10.23,40.475,16.807499999999997
2025-08-27 21:00:00+05:30,9.64,58.825,23.335
2025-08-27 22:00:00+05:30,12.817499999999999,58.824999999999996,33.19
2025-08-27 23:00:00+05:30,12.145,61.55,29.555
2025-08-28 00:00:00+05:30,7.69,62.9,25.47
2025-08-28 01:00:00+05:30,5.9625,54.599999999999994,29.490000000000002
2025-08-28 02:00:00+05:30,5.9625,42.0,26.082500000000003
2025-08-28 03:00:00+05:30,6.333333333333333,42.166666666666664,19.236666666666668
2025-08-28 04:00:00+05:30,6.453333333333333,45.96666666666667,22.14
2025-08-28 05:00:00+05:30,6.673333333333333,50.96666666666667,21.703333333333333
2025-08-28 06:00:00+05:30,6.07,51.2,30.925
2025-08-28 07:00:00+05:30,5.9,50.349999999999994,22.275
2025-08-28 08:00:00+05:30,5.815,55.775,17.0275
2025-08-28 09:00:00+05:30,5.61,48.975,21.2025
2025-08-28 10:00:00+05:30,5.2125,55.35,16.2575
2025-08-28 11:00:00+05:30,4.71,54.46666666666667,18.666666666666668
2025-08-28 12:00:00+05:30,4.6825,54.2,13.61
2025-08-28 13:00:00+05:30,4.66,52.4,12.450000000000001
2025-08-28 14:00:00+05:30,4.705,52.675000000000004,16.425
2025-08-28 15:00:00+05:30,4.55,59.46666666666666,19.606666666666666
2025-08-28 16:00:00+05:30,4.9433333333333325,58.76666666666667,19.209999999999997
2025-08-28 17:00:00+05:30,5.74,62.05,16.705
2025-08-28 18:00:00+05:30,7.525,65.375,22.2875
2025-08-28 19:00:00+05:30,7.455,71.95,17.595
2025-08-28 20:00:00+05:30,6.7425,52.35,16.33
2025-08-28 21:00:00+05:30,7.449999999999999,43.025000000000006,15.030000000000001
2025-08-28 22:00:00+05:30,10.870000000000001,36.725,10.6425
2025-08-28 23:00:00+05:30,12.775,28.65,10.969999999999999
2025-08-29 00:00:00+05:30,12.85,30.4,7.92
2025-08-29 01:00:00+05:30,12.513333333333334,22.066666666666666,9.273333333333333
2025-08-29 02:00:00+05:30,9.584999999999999,24.6,11.9925
2025-08-29 03:00:00+05:30,7.0775,18.525,10.205
2025-08-29 04:00:00+05:30,6.246666666666667,20.0,15.876666666666667
2025-08-29 05:00:00+05:30,5.553333333333334,23.8,12.13
2025-08-29 06:00:00+05:30,6.44,25.3,8.33
2025-08-29 07:00:00+05:30,6.4275,23.175,14.0875
2025-08-29 08:00:00+05:30,6.1,29.25,14.3025
2025-08-29 09:00:00+05:30,5.753333333333334,43.06666666666666,23.939999999999998
2025-08-29 10:00:00+05:30,5.4825,48.725,22.55
2025-08-29 11:00:00+05:30,5.455,58.3,28.509999999999998
2025-08-29 12:00:00+05:30,6.266666666666667,61.56666666666666,26.926666666666666
2025-08-29 13:00:00+05:30,5.0125,64.875,30.1175
2025-08-29 14:00:00+05:30,4.18,65.75,27.4525
2025-08-29 15:00:00+05:30,4.3149999999999995,62.525,30.8
2025-08-29 16:00:00+05:30,5.6375,58.25,22.15
2025-08-29 17:00:00+05:30,9.5275,51.85,29.9325
2025-08-29 18:00:00+05:30,10.49,52.475,21.5075
2025-08-29 19:00:00+05:30,10.193333333333333,46.96666666666667,21.093333333333334
2025-08-29 20:00:00+05:30,8.2,44.675,18.585
2025-08-29 21:00:00+05:30,4.6775,52.65,28.8425
2025-08-29 22:00:00+05:30,3.3925,56.475,41.86750000000001
2025-08-29 23:00:00+05:30,8.125,76.0,56.09
2025-08-30 00:00:00+05:30,5.76,67.2,43.13
2025-08-30 01:00:00+05:30,5.5975,61.7,39.64
2025-08-30 02:00:00+05:30,5.3549999999999995,46.775000000000006,32.465
2025-08-30 03:00:00+05:30,5.455,44.0,22.895
2025-08-30 04:00:00+05:30,4.973333333333334,42.93333333333334,16.32
2025-08-30 05:00:00+05:30,5.1825,39.800000000000004,19.21
2025-08-30 06:00:00+05:30,5.4475,37.2,16.2275
2025-08-30 07:00:00+05:30,6.0024999999999995,38.75,13.1975
2025-08-30 08:00:00+05:30,5.8075,49.1,9.485
2025-08-30 09:00:00+05:30,5.555,53.15,11.557500000000001
2025-08-30 10:00:00+05:30,5.3025,52.15,20.5875
2025-08-30 11:00:00+05:30,5.095000000000001,56.825,15.557500000000001
2025-08-30 12:00:00+05:30,4.883333333333333,64.89999999999999,17.709999999999997
2025-08-30 13:00:00+05:30,4.803333333333334,58.56666666666666,18.076666666666668
2025-08-30 14:00:00+05:30,4.745,59.45,23.7375
2025-08-30 15:00:00+05:30,3.505,54.0,25.69
2025-08-30 16:00:00+05:30,3.6925,58.725,18.5175
2025-08-30 17:00:00+05:30,6.6675,60.925,23.3625
2025-08-30 18:00:00+05:30,9.88,62.06666666666666,26.073333333333334
2025-08-30 19:00:00+05:30,13.215,61.425,22.1625
2025-08-30 20:00:00+05:30,11.0375,65.25,20.4575
2025-08-30 21:00:00+05:30,8.0075,71.275,23.59
2025-08-30 22:00:00+05:30,5.6975,70.525,24.9825
2025-08-30 23:00:00+05:30,5.5649999999999995,70.95,29.225
2025-08-31 00:00:00+05:30,3.8,68.6,29.13
2025-08-31 01:00:00+05:30,3.5925000000000002,53.65,25.785
2025-08-31 02:00:00+05:30,2.74,52.625,30.427500000000002
2025-08-31 03:00:00+05:30,3.0175,36.6,22.0075
2025-08-31 04:00:00+05:30,2.92,37.724999999999994,20.6125
2025-08-31 05:00:00+05:30,2.16,32.93333333333334,21.433333333333334
2025-08-31 06:00:00+05:30,2.16,36.4,15.03
2025-08-31 07:00:00+05:30,2.94,35.925,14.1075
2025-08-31 08:00:00+05:30,3.885,32.425,10.57
2025-08-31 09:00:00+05:30,2.605,28.65,16.052500000000002
2025-08-31 10:00:00+05:30,2.605,35.625,11.58
2025-08-31 11:00:00+05:30,1.8775,25.975,13.5525
2025-08-31 12:00:00+05:30,1.6033333333333333,25.233333333333334,9.82
2025-08-31 13:00:00+05:30,2.7575,38.425,7.2075000000000005
2025-08-31 14:00:00+05:30,2.24,36.4,18.987499999999997
2025-08-31 15:00:00+05:30,1.8225,36.975,21.2625
2025-08-31 16:00:00+05:30,1.975,39.025,17.2625
2025-08-31 17:00:00+05:30,1.975,42.475,20.445
2025-08-31 18:00:00+05:30,2.8000000000000003,46.1,19.883333333333336
2025-08-31 19:00:00+05:30,4.5175,47.475,23.4725
2025-08-31 20:00:00+05:30,6.7625,45.475,17.4
2025-08-31 21:00:00+05:30,6.8125,45.875,27.3475
2025-08-31 22:00:00+05:30,4.085,47.05,23.075
2025-08-31 23:00:00+05:30,3.04,37.45,16.53
2025-09-01 00:00:00+05:30,2.7,34.1,12.1
2025-09-01 01:00:00+05:30,2.1950000000000003,29.475,8.602500000000001
2025-09-01 02:00:00+05:30,1.7875,30.075000000000003,12.335
2025-09-01 03:00:00+05:30,1.75,33.85,13.9725
2025-09-01 04:00:00+05:30,1.9475,31.6,10.225
2025-09-01 05:00:00+05:30,2.15,30.200000000000003,7.285
2025-09-01 06:00:00+05:30,2.85,32.9,6.82
2025-09-01 07:00:00+05:30,3.1925,37.15,6.82
2025-09-01 08:00:00+05:30,3.2100000000000004,39.0,6.466666666666666
2025-09-01 09:00:00+05:30,2.52,39.4,11.5
2025-09-01 10:00:00+05:30,1.6749999999999998,42.9,9.52
2025-09-01 11:00:00+05:30,1.5133333333333334,45.1,16.213333333333335
2025-09-01 12:00:00+05:30,1.4533333333333334,45.96666666666667,14.846666666666666
2025-09-01 13:00:00+05:30,1.25,61.9,16.5
2025-09-01 14:00:00+05:30,1.4275,71.25,18.1975
2025-09-01 15:00:00+05:30,1.3666666666666665,86.73333333333333,21.106666666666666
2025-09-01 16:00:00+05:30,1.83,69.4,19.76
2025-09-01 17:00:00+05:30,2.8000000000000003,63.03333333333334,21.22
2025-09-01 18:00:00+05:30,4.4675,42.85,15.2275
2025-09-01 19:00:00+05:30,6.3375,32.95,17.805
2025-09-01 20:00:00+05:30,5.7925,39.825,15.0
2025-09-01 21:00:00+05:30,3.5425,43.199999999999996,20.3075
2025-09-01 22:00:00+05:30,3.6,49.85,19.884999999999998
2025-09-01 23:00:00+05:30,2.63,48.15,15.815
2025-09-02 00:00:00+05:30,2.31,49.7,13.47
2025-09-02 01:00:00+05:30,2.245,45.25,13.785
2025-09-02 02:00:00+05:30,1.77,42.1,9.67
2025-09-02 03:00:00+05:30,1.593333333333333,42.2,16.666666666666668
2025-09-02 04:00:00+05:30,1.8233333333333333,37.63333333333333,16.80333333333333
2025-09-02 05:00:00+05:30,2.0775,31.9,14.3775
2025-09-02 06:00:00+05:30,2.23,40.93333333333333,10.22
2025-09-02 07:00:00+05:30,2.3925,42.275,11.75
2025-09-02 08:00:00+05:30,2.35,45.199999999999996,12.8775
2025-09-02 09:00:00+05:30,2.033333333333333,43.1,9.243333333333332
2025-09-02 10:00:00+05:30,1.6900000000000002,43.79999999999999,12.54
2025-09-02 11:00:00+05:30,1.52,48.25,14.0675
2025-09-02 12:00:00+05:30,1.6675,52.75,13.755
2025-09-02 13:00:00+05:30,1.305,58.599999999999994,17.3525
2025-09-02 14:00:00+05:30,1.2149999999999999,61.1,17.54
2025-09-02 15:00:00+05:30,1.3,64.575,19.6425
2025-09-02 16:00:00+05:30,1.1675,67.125,17.8975
2025-09-02 17:00:00+05:30,1.58,73.0,22.426666666666666
2025-09-02 18:00:00+05:30,2.5875,77.44999999999999,28.375
2025-09-02 19:00:00+05:30,5.61,77.7,31.725
2025-09-02 20:00:00+05:30,9.2325,92.825,31.5125
2025-09-02 21:00:00+05:30,10.6325,100.45,34.932500000000005
2025-09-02 22:00:00+05:30,7.01,102.05,36.254999999999995
2025-09-02 23:00:00+05:30,2.835,97.0,31.755
2025-09-03 00:00:00+05:30,4.06,77.8,27.91
2025-09-03 01:00:00+05:30,3.6833333333333336,69.5,23.44666666666667
2025-09-03 02:00:00+05:30,3.39,67.76666666666667,23.796666666666667
2025-09-03 03:00:00+05:30,2.6300000000000003,61.03333333333334,21.11
2025-09-03 04:00:00+05:30,2.5733333333333337,61.26666666666667,16.333333333333332
2025-09-03 05:00:00+05:30,3.06,57.725,16.299999999999997
2025-09-03 06:00:00+05:30,3.355,59.825,19.0675
2025-09-03 07:00:00+05:30,3.21,58.475,25.377499999999998
2025-09-03 08:00:00+05:30,2.8233333333333337,66.7,21.203333333333333
2025-09-03 09:00:00+05:30,1.9024999999999999,80.4,23.565
2025-09-03 10:00:00+05:30,1.605,87.375,20.939999999999998
2025-09-03 11:00:00+05:30,1.0233333333333332,79.8,21.22
2025-09-03 12:00:00+05:30,1.2425,71.975,16.175
2025-09-03 13:00:00+05:30,0.6466666666666666,77.13333333333334,18.493333333333336
2025-09-03 14:00:00+05:30,1.4375,58.425000000000004,26.697499999999998
2025-09-03 15:00:00+05:30,1.4,57.125,22.53
2025-09-03 16:00:00+05:30,1.4275,65.975,16.055
2025-09-03 17:00:00+05:30,1.5199999999999998,61.06666666666666,14.476666666666667
2025-09-03 18:00:00+05:30,2.5725,61.1,20.85
2025-09-03 19:00:00+05:30,4.723333333333333,69.10000000000001,21.376666666666665
2025-09-03 20:00:00+05:30,5.74,76.425,22.990000000000002
2025-09-03 21:00:00+05:30,4.07,86.725,29.122500000000002
2025-09-03 22:00:00+05:30,2.0533333333333332,92.89999999999999,27.386666666666667
2025-09-03 23:00:00+05:30,3.545,62.95,20.09
2025-09-04 00:00:00+05:30,3.07,40.8,14.01
2025-09-04 01:00:00+05:30,4.363333333333333,35.666666666666664,10.01
2025-09-04 02:00:00+05:30,3.4525,30.2,6.9825
2025-09-04 03:00:00+05:30,2.35,21.833333333333332,10.596666666666666
2025-09-04 04:00:00+05:30,2.233333333333333,18.066666666666666,8.846666666666666
2025-09-04 05:00:00+05:30,2.033333333333333,23.133333333333336,10.253333333333332
2025-09-04 06:00:00+05:30,2.07,17.766666666666666,8.366666666666667
2025-09-04 07:00:00+05:30,3.6,22.53333333333333,9.343333333333334
2025-09-04 08:00:00+05:30,2.295,27.425,9.7275
2025-09-04 09:00:00+05:30,2.0,30.675,7.925
2025-09-04 10:00:00+05:30,1.7066666666666668,33.06666666666667,17.936666666666664
2025-09-04 11:00:00+05:30,3.6199999999999997,39.0,14.08
2025-09-04 12:00:00+05:30,2.4875,45.65,11.4175
2025-09-04 13:00:00+05:30,1.6866666666666668,43.06666666666666,16.486666666666668
2025-09-04 14:00:00+05:30,2.796666666666667,52.79999999999999,16.78
2025-09-04 15:00:00+05:30,2.9450000000000003,53.075,20.740000000000002
2025-09-04 16:00:00+05:30,2.4475,52.525,19.8675
2025-09-04 17:00:00+05:30,3.456666666666667,75.06666666666666,18.926666666666666
2025-09-04 18:00:00+05:30,4.0775,100.6,23.265
2025-09-04 19:00:00+05:30,6.04,57.449999999999996,22.755
2025-09-04 20:00:00+05:30,7.4575,55.6,21.245
2025-09-04 21:00:00+05:30,6.4975,75.45,26.795
2025-09-04 22:00:00+05:30,5.3,81.26666666666667,35.94
2025-09-04 23:00:00+05:30,4.445,61.55,26.259999999999998
2025-09-05 00:00:00+05:30,1.39,44.7,18.08
2025-09-05 01:00:00+05:30,1.3275,36.5,13.4725
2025-09-05 02:00:00+05:30,1.1575,36.875,14.415000000000001
2025-09-05 03:00:00+05:30,1.2166666666666666,65.0,12.923333333333332
2025-09-05 04:00:00+05:30,1.315,69.25,11.34
2025-09-05 05:00:00+05:30,1.1975,65.45,7.99
2025-09-05 06:00:00+05:30,1.4325,59.625,15.165000000000001
2025-09-05 07:00:00+05:30,1.8175,56.800000000000004,14.9875
2025-09-05 08:00:00+05:30,1.95,60.65,10.8275
2025-09-05 09:00:00+05:30,2.185,40.53333333333333,13.774999999999999
2025-09-05 10:00:00+05:30,1.785,24.275,12.557500000000001
2025-09-05 11:00:00+05:30,1.4866666666666666,16.933333333333334,19.886666666666667
2025-09-05 12:00:00+05:30,1.4675,12.450000000000001,14.575
2025-09-05 13:00:00+05:30,1.365,24.45,23.7875
2025-09-05 14:00:00+05:30,1.4366666666666668,32.7,18.87
2025-09-05 15:00:00+05:30,1.2325,33.1,22.9075
2025-09-05 16:00:00+05:30,1.5875,33.575,23.07
2025-09-05 17:00:00+05:30,2.5866666666666664,35.199999999999996,18.10333333333333
2025-09-05 18:00:00+05:30,4.91,33.275000000000006,22.177500000000002
2025-09-05 19:00:00+05:30,5.173333333333333,34.43333333333333,16.783333333333335
2025-09-05 20:00:00+05:30,3.4924999999999997,37.1,11.9525
2025-09-05 21:00:00+05:30,3.8466666666666662,41.199999999999996,8.793333333333335
2025-09-05 22:00:00+05:30,4.1,28.575000000000003,10.77
2025-09-05 23:00:00+05:30,3.105,20.4,9.445
2025-09-06 00:00:00+05:30,2.57,16.6,7.65
2025-09-06 01:00:00+05:30,2.0966666666666667,17.533333333333335,8.049999999999999
2025-09-06 02:00:00+05:30,1.655,14.025,6.5225
2025-09-06 03:00:00+05:30,1.3533333333333335,10.166666666666666,9.38
2025-09-06 04:00:00+05:30,1.1966666666666665,10.766666666666666,8.846666666666666
2025-09-06 05:00:00+05:30,1.0366666666666668,13.300000000000002,8.93
2025-09-06 06:00:00+05:30,1.2725,10.2,7.2175
2025-09-06 07:00:00+05:30,2.0425,11.649999999999999,5.775
2025-09-06 08:00:00+05:30,2.4933333333333336,12.733333333333334,4.78
2025-09-06 09:00:00+05:30,2.7375,15.975000000000001,4.69
2025-09-06 10:00:00+05:30,3.3025,12.05,8.2925
2025-09-06 11:00:00+05:30,3.9025,27.5,7.285
2025-09-06 12:00:00+05:30,4.366666666666666,42.266666666666666,5.9433333333333325
2025-09-06 13:00:00+05:30,4.1466666666666665,38.9,12.556666666666667
2025-09-06 14:00:00+05:30,4.215,42.175,15.7925
2025-09-06 15:00:00+05:30,3.323333333333333,32.4,11.36
2025-09-06 16:00:00+05:30,2.8533333333333335,25.633333333333336,11.826666666666666
2025-09-06 17:00:00+05:30,4.1525,18.75,8.43
2025-09-06 18:00:00+05:30,3.875,22.55,11.0
2025-09-06 19:00:00+05:30,4.405,21.45,9.08
2025-09-06 20:00:00+05:30,4.3875,24.299999999999997,8.682500000000001
2025-09-06 21:00:00+05:30,3.5999999999999996,22.25,9.29
2025-09-06 22:00:00+05:30,2.2825,21.05,10.120000000000001
2025-09-06 23:00:00+05:30,2.165,22.299999999999997,10.585
2025-09-07 00:00:00+05:30,1.62,19.0,8.61
2025-09-07 01:00:00+05:30,1.5025,14.65,6.99
2025-09-07 02:00:00+05:30,1.5350000000000001,10.75,8.1775
2025-09-07 03:00:00+05:30,1.115,9.925,7.26
2025-09-07 04:00:00+05:30,1.1325,16.95,6.0275
2025-09-07 05:00:00+05:30,1.1266666666666667,12.333333333333334,4.836666666666667
2025-09-07 06:00:00+05:30,1.3075,8.55,3.8575
2025-09-07 07:00:00+05:30,1.42,6.766666666666667,3.1
2025-09-07 08:00:00+05:30,1.8875,6.025,2.6475
2025-09-07 09:00:00+05:30,1.5725,5.05,2.84
2025-09-07 10:00:00+05:30,1.7175,9.725,5.455
2025-09-07 11:00:00+05:30,1.7825,10.674999999999999,6.3025
2025-09-07 12:00:00+05:30,1.7866666666666668,30.333333333333332,5.336666666666667
2025-09-07 13:00:00+05:30,1.1566666666666667,55.86666666666667,4.3133333333333335
2025-09-07 14:00:00+05:30,1.3900000000000001,37.55,6.65
2025-09-07 15:00:00+05:30,1.22,47.833333333333336,7.216666666666666
2025-09-07 16:00:00+05:30,1.44,46.5,5.92
2025-09-07 17:00:00+05:30,1.8666666666666665,41.833333333333336,8.606666666666667
2025-09-07 18:00:00+05:30,2.15,33.13333333333333,7.739999999999999
2025-09-07 19:00:00+05:30,2.53,23.366666666666664,8.713333333333333
2025-09-07 20:00:00+05:30,2.4899999999999998,17.933333333333334,7.243333333333333
2025-09-07 21:00:00+05:30,3.29,14.625,8.0275
2025-09-07 22:00:00+05:30,2.215,21.725,9.352500000000001
2025-09-07 23:00:00+05:30,3.0,23.4,8.54
2025-09-08 01:00:00+05:30,3.14,23.5,10.3375
2025-09-08 02:00:00+05:30,4.1674999999999995,23.1,8.2575
2025-09-08 03:00:00+05:30,4.78,172.16666666666666,14.486666666666666
2025-09-08 04:00:00+05:30,3.94,6.5,17.175
2025-09-08 05:00:00+05:30,5.2275,0.0,17.905
2025-09-08 06:00:00+05:30,5.74,33.45,15.625
2025-09-08 07:00:00+05:30,4.9925,20.05,16.490000000000002
2025-09-08 08:00:00+05:30,3.2475,34.724999999999994,18.77
2025-09-08 09:00:00+05:30,2.046666666666667,40.733333333333334,17.583333333333332
2025-09-08 10:00:00+05:30,1.8475,42.35,12.465
2025-09-08 11:00:00+05:30,1.52,35.8,11.11
2025-09-08 12:00:00+05:30,1.51,40.325,10.58
2025-09-08 13:00:00+05:30,1.3866666666666667,41.93333333333333,14.21
2025-09-08 20:00:00+05:30,7.0,52.4,21.22
2025-09-08 21:00:00+05:30,6.883333333333333,56.03333333333334,15.156666666666666
2025-09-08 22:00:00+05:30,7.2675,59.0,20.872500000000002
2025-09-08 23:00:00+05:30,7.324999999999999,54.900000000000006,22.475
2025-09-09 00:00:00+05:30,2.36,48.8,18.92
2025-09-09 01:00:00+05:30,2.3425000000000002,46.475,13.445
2025-09-09 02:00:00+05:30,2.5366666666666666,40.13333333333333,13.533333333333333
2025-09-09 03:00:00+05:30,3.2433333333333336,42.73333333333333,12.799999999999999
2025-09-09 04:00:00+05:30,3.1633333333333336,41.300000000000004,9.6
2025-09-09 05:00:00+05:30,5.793333333333333,38.53333333333333,6.746666666666667
2025-09-09 06:00:00+05:30,5.3725000000000005,42.725,5.3375
2025-09-09 07:00:00+05:30,5.113333333333333,49.93333333333334,8.353333333333333
2025-09-09 08:00:00+05:30,4.98,49.625,9.385
2025-09-09 09:00:00+05:30,4.57,50.833333333333336,10.18
2025-09-09 10:00:00+05:30,3.486666666666667,33.93333333333333,6.8133333333333335
2025-09-09 11:00:00+05:30,2.4266666666666667,17.033333333333335,1.5966666666666667
2025-09-09 12:00:00+05:30,1.8775,52.1,4.54
2025-09-09 13:00:00+05:30,1.36,54.0,3.5766666666666667
2025-09-09 14:00:00+05:30,354.695,47.35,2.9475
2025-09-09 15:00:00+05:30,-12.532499999999999,35.55,3.5875
2025-09-09 16:00:00+05:30,13.68,39.6,8.79
2025-09-09 17:00:00+05:30,11.34,39.975,12.86
2025-09-09 18:00:00+05:30,13.8575,48.15,13.1625
2025-09-09 19:00:00+05:30,13.916666666666666,54.0,17.68
2025-09-09 20:00:00+05:30,13.084999999999999,62.45,19.5675
2025-09-09 21:00:00+05:30,7.633333333333333,65.46666666666667,22.176666666666666
2025-09-09 22:00:00+05:30,2.52,63.85,25.7275
2025-09-09 23:00:00+05:30,-0.125,70.4,27.53
2025-09-10 02:00:00+05:30,-13.129999999999999,122.475,32.085
2025-09-10 03:00:00+05:30,-14.573333333333332,113.93333333333334,26.95
2025-09-10 04:00:00+05:30,-4.94,96.63333333333333,24.44666666666667
2025-09-10 05:00:00+05:30,-0.505,63.849999999999994,23.4725
2025-09-10 06:00:00+05:30,7.995,37.825,25.235
2025-09-10 07:00:00+05:30,6.933333333333334,27.133333333333336,24.353333333333335
2025-09-10 08:00:00+05:30,7.4625,34.925,22.435
2025-09-10 09:00:00+05:30,9.3925,36.8,20.955
2025-09-10 10:00:00+05:30,8.4725,39.150000000000006,18.337500000000002
2025-09-10 11:00:00+05:30,8.895,44.55,18.657500000000002
2025-09-10 12:00:00+05:30,4.515,48.875,15.41
2025-09-10 13:00:00+05:30,-4.89,53.9,18.803333333333335
2025-09-10 14:00:00+05:30,-16.425,793.975,12.2675
2025-09-10 15:00:00+05:30,18.28,0.0,0.0
2025-09-10 16:00:00+05:30,23.0825,41.65,22.4875
2025-09-10 17:00:00+05:30,27.42,42.9,20.8825
2025-09-10 18:00:00+05:30,22.363333333333333,34.333333333333336,19.216666666666665
2025-09-10 19:00:00+05:30,10.36,41.275,17.015
2025-09-10 20:00:00+05:30,5.2775,57.15,16.302500000000002
2025-09-10 21:00:00+05:30,6.546666666666667,61.36666666666667,18.543333333333333
2025-09-10 22:00:00+05:30,5.635,60.15,19.675
2025-09-10 23:00:00+05:30,5.0649999999999995,64.3,19.69
2025-09-11 00:00:00+05:30,1.56,66.9,26.25
2025-09-11 01:00:00+05:30,0.4575,64.95,23.81
2025-09-11 02:00:00+05:30,-0.9775,59.25,19.4625
2025-09-11 03:00:00+05:30,-1.525,56.275,20.55
2025-09-11 04:00:00+05:30,-1.68,53.699999999999996,22.08
2025-09-11 05:00:00+05:30,-2.7,44.725,22.42
2025-09-11 06:00:00+05:30,7.34,41.975,20.8525
2025-09-11 07:00:00+05:30,24.776666666666667,38.56666666666667,15.573333333333332
2025-09-11 08:00:00+05:30,23.802500000000002,44.025000000000006,13.9125
2025-09-11 09:00:00+05:30,8.459999999999999,49.699999999999996,14.733333333333334
2025-09-11 10:00:00+05:30,-2.72,47.866666666666674,16.963333333333335
2025-09-11 11:00:00+05:30,2.765,47.525000000000006,16.4475
2025-09-11 12:00:00+05:30,4.1625,42.35,18.720000000000002
2025-09-11 13:00:00+05:30,4.1725,41.325,18.4125
2025-09-11 14:00:00+05:30,0.0,45.9,16.8275
2025-09-11 15:00:00+05:30,0.0,43.699999999999996,14.469999999999999
2025-09-11 16:00:00+05:30,4.115,42.6,16.48
2025-09-11 17:00:00+05:30,4.906666666666666,40.300000000000004,18.279999999999998
2025-09-11 18:00:00+05:30,7.18,35.766666666666666,18.57
2025-09-11 19:00:00+05:30,15.376666666666667,35.63333333333333,14.833333333333334
2025-09-11 20:00:00+05:30,30.607499999999998,45.475,14.705
2025-09-11 21:00:00+05:30,33.894999999999996,57.3,19.17
2025-09-11 22:00:00+05:30,29.98,64.0,21.436666666666667
2025-09-11 23:00:00+05:30,27.215,67.9,24.62
2025-09-12 00:00:00+05:30,12.38,59.0,18.64
2025-09-12 01:00:00+05:30,14.403333333333334,57.4,20.546666666666667
2025-09-12 02:00:00+05:30,11.195,51.8,22.89
2025-09-12 03:00:00+05:30,9.04,46.375,19.0375
2025-09-12 04:00:00+05:30,8.93,41.4,15.700000000000001
2025-09-12 05:00:00+05:30,12.13,37.766666666666666,12.450000000000001
2025-09-12 06:00:00+05:30,16.51,38.63333333333333,12.466666666666669
2025-09-12 07:00:00+05:30,15.966666666666667,45.833333333333336,19.136666666666667
2025-09-12 08:00:00+05:30,12.085,56.275,22.39
2025-09-12 09:00:00+05:30,10.173333333333334,58.800000000000004,20.633333333333336
2025-09-12 10:00:00+05:30,9.684999999999999,57.65,21.9175
2025-09-12 11:00:00+05:30,7.516666666666667,58.36666666666667,23.24666666666667
2025-09-12 12:00:00+05:30,7.1625,57.95,18.145
2025-09-12 13:00:00+05:30,6.115,54.6,20.3125
2025-09-12 14:00:00+05:30,-0.1875,51.925,22.825
2025-09-12 15:00:00+05:30,39.59,51.93333333333334,16.65
2025-09-12 16:00:00+05:30,8.93,50.45,12.995000000000001
2025-09-12 17:00:00+05:30,9.23,49.366666666666674,14.203333333333333
2025-09-12 18:00:00+05:30,10.6525,51.150000000000006,18.1525
2025-09-12 19:00:00+05:30,16.793333333333333,52.86666666666667,16.439999999999998
2025-09-12 20:00:00+05:30,20.656666666666666,56.699999999999996,19.503333333333334
2025-09-12 21:00:00+05:30,24.982499999999998,64.075,24.8575
2025-09-12 22:00:00+05:30,23.872500000000002,68.05000000000001,21.7425
2025-09-12 23:00:00+05:30,27.57,64.7,19.97
2025-09-13 00:00:00+05:30,26.1,72.8,17.52
2025-09-13 01:00:00+05:30,25.2375,70.925,20.82
2025-09-13 02:00:00+05:30,26.59,68.975,27.765
2025-09-13 03:00:00+05:30,23.1875,76.925,26.915
2025-09-13 04:00:00+05:30,14.343333333333334,74.96666666666667,21.386666666666667
2025-09-13 05:00:00+05:30,14.32,44.13333333333333,19.62
2025-09-13 06:00:00+05:30,17.375,33.6,20.535
2025-09-13 07:00:00+05:30,13.8675,56.25,22.4825
2025-09-13 08:00:00+05:30,11.9,62.349999999999994,24.505000000000003
2025-09-13 09:00:00+05:30,10.45,59.95,21.47
2025-09-13 10:00:00+05:30,8.4025,55.425,21.565
2025-09-13 11:00:00+05:30,8.295,55.45,21.0225
2025-09-13 12:00:00+05:30,7.576666666666667,55.96666666666667,23.5
2025-09-13 13:00:00+05:30,8.7125,55.6,22.2625
2025-09-13 14:00:00+05:30,9.45,52.2,25.3375
2025-09-13 15:00:00+05:30,7.305,47.400000000000006,24.39
2025-09-13 16:00:00+05:30,6.816666666666666,48.333333333333336,21.939999999999998
2025-09-13 17:00:00+05:30,7.6049999999999995,50.125,24.935
2025-09-13 18:00:00+05:30,10.1525,49.325,22.2075
2025-09-13 19:00:00+05:30,15.149999999999999,46.4,22.61
2025-09-13 20:00:00+05:30,17.3375,51.275,17.302500000000002
2025-09-13 21:00:00+05:30,17.296666666666667,55.6,18.513333333333332
2025-09-13 22:00:00+05:30,17.27,56.275,20.784999999999997
2025-09-13 23:00:00+05:30,19.48,53.1,22.08
2025-09-14 00:00:00+05:30,25.27,50.3,21.11
2025-09-14 01:00:00+05:30,27.34,53.1,21.2625
2025-09-14 02:00:00+05:30,28.6525,59.725,26.1325
2025-09-14 03:00:00+05:30,29.22,61.9,32.04333333333333
2025-09-14 04:00:00+05:30,30.55,60.525000000000006,26.575
2025-09-14 05:00:00+05:30,23.78333333333333,59.366666666666674,27.84
2025-09-14 06:00:00+05:30,13.1025,56.75,29.119999999999997
2025-09-14 07:00:00+05:30,15.366666666666667,58.56666666666666,25.3
2025-09-14 08:00:00+05:30,14.1125,65.85,25.465
2025-09-14 09:00:00+05:30,11.666666666666666,65.56666666666666,27.096666666666668
2025-09-14 10:00:00+05:30,12.256666666666668,65.73333333333333,28.503333333333334
2025-09-14 11:00:00+05:30,11.125,67.1,27.095
2025-09-14 12:00:00+05:30,9.556666666666667,66.43333333333332,26.223333333333333
2025-09-14 13:00:00+05:30,7.69,62.06666666666666,21.673333333333336
2025-09-14 14:00:00+05:30,7.21,55.36666666666667,20.583333333333332
2025-09-14 15:00:00+05:30,5.326666666666667,52.53333333333333,20.756666666666664
2025-09-14 16:00:00+05:30,6.220000000000001,48.55,21.165
2025-09-14 17:00:00+05:30,7.07,45.3,20.53
2025-09-14 18:00:00+05:30,11.8525,43.75,20.4525
2025-09-14 19:00:00+05:30,20.2675,45.75,24.8825
2025-09-14 20:00:00+05:30,20.186666666666667,52.56666666666666,30.05666666666667
2025-09-14 21:00:00+05:30,18.0775,52.625,28.2175
2025-09-14 22:00:00+05:30,13.595,50.625,26.4925
2025-09-14 23:00:00+05:30,14.35,52.7,26.02
2025-09-15 00:00:00+05:30,21.11,47.1,19.0
2025-09-15 01:00:00+05:30,21.2,46.76666666666667,19.356666666666666
2025-09-15 02:00:00+05:30,16.6825,46.45,20.240000000000002
2025-09-15 03:00:00+05:30,10.344999999999999,46.4,19.5625
2025-09-15 04:00:00+05:30,11.9625,43.475,18.6175
2025-09-15 05:00:00+05:30,13.0975,45.2,20.8475
2025-09-15 06:00:00+05:30,13.61,52.75,21.18
2025-09-15 07:00:00+05:30,12.215,50.55,18.84
2025-09-15 08:00:00+05:30,7.753333333333334,49.86666666666667,17.026666666666667
2025-09-15 09:00:00+05:30,7.613333333333333,46.699999999999996,13.853333333333333
2025-09-15 10:00:00+05:30,6.655,45.2,12.585
2025-09-15 11:00:00+05:30,6.092499999999999,47.35,13.045
2025-09-15 12:00:00+05:30,5.975,44.65,12.485
2025-09-15 13:00:00+05:30,5.6525,43.375,11.045
2025-09-15 14:00:00+05:30,4.9475,41.625,10.71
2025-09-15 15:00:00+05:30,3.985,38.625,14.065000000000001
2025-09-15 16:00:00+05:30,4.32,34.06666666666667,12.920000000000002
2025-09-15 17:00:00+05:30,6.145,32.6,9.085
2025-09-15 18:00:00+05:30,10.200000000000001,31.133333333333336,10.22
2025-09-15 19:00:00+05:30,17.3325,36.5,14.615
2025-09-15 20:00:00+05:30,24.713333333333335,46.43333333333334,17.416666666666668
2025-09-15 21:00:00+05:30,22.355,56.35,21.2325
2025-09-15 22:00:00+05:30,19.81,60.9,26.21
2025-09-15 23:00:00+05:30,11.35,59.6,30.41
2025-09-16 00:00:00+05:30,12.42,42.8,25.52
2025-09-16 01:00:00+05:30,13.4575,45.525,25.9975
2025-09-16 02:00:00+05:30,12.145,50.575,24.7825
2025-09-16 03:00:00+05:30,11.190000000000001,51.225,18.84
2025-09-16 04:00:00+05:30,11.846666666666666,51.56666666666666,15.186666666666667
2025-09-16 05:00:00+05:30,11.9925,44.45,14.93
2025-09-16 06:00:00+05:30,13.383333333333333,34.53333333333334,13.479999999999999
2025-09-16 07:00:00+05:30,11.795,38.6,13.32
2025-09-16 08:00:00+05:30,9.532499999999999,44.375,13.665
2025-09-16 09:00:00+05:30,8.735,46.225,12.1075
2025-09-16 10:00:00+05:30,6.405,44.3,12.4825
2025-09-16 11:00:00+05:30,6.355,43.45,11.215
2025-09-16 12:00:00+05:30,5.6975,43.875,13.7875
2025-09-16 13:00:00+05:30,5.18,40.333333333333336,13.246666666666668
2025-09-16 14:00:00+05:30,4.7475000000000005,35.925,13.4975
2025-09-16 15:00:00+05:30,4.265,36.825,13.7
2025-09-16 16:00:00+05:30,4.273333333333333,35.1,10.806666666666667
2025-09-16 17:00:00+05:30,5.1925,36.5,11.7525
2025-09-16 18:00:00+05:30,7.55,35.6,15.209999999999999
2025-09-16 19:00:00+05:30,15.685,39.175,16.0775
2025-09-16 20:00:00+05:30,21.755,44.1,16.39
2025-09-16 21:00:00+05:30,34.3375,51.349999999999994,19.1025
2025-09-16 22:00:00+05:30,32.73666666666667,56.56666666666666,22.186666666666667
2025-09-16 23:00:00+05:30,12.995000000000001,61.4,22.73
2025-09-17 00:00:00+05:30,10.01,48.4,15.8
2025-09-17 01:00:00+05:30,10.4,47.375,16.435000000000002
2025-09-17 02:00:00+05:30,9.344999999999999,42.525,15.805000000000001
2025-09-17 03:00:00+05:30,11.16,34.85,10.865
2025-09-17 04:00:00+05:30,15.01,32.43333333333334,8.443333333333333
2025-09-17 05:00:00+05:30,15.566666666666668,34.233333333333334,6.890000000000001
2025-09-17 06:00:00+05:30,14.317499999999999,38.3,8.4925
2025-09-17 07:00:00+05:30,13.045,42.675,11.1925
2025-09-17 08:00:00+05:30,10.535,45.275,11.13
2025-09-17 09:00:00+05:30,8.865,48.55,10.315000000000001
2025-09-17 10:00:00+05:30,8.3,51.3,9.24
2025-09-17 11:00:00+05:30,7.989999999999999,54.5,10.016666666666667
2025-09-17 12:00:00+05:30,6.73,57.65,10.795
2025-09-17 13:00:00+05:30,4.905,57.0,13.0125
2025-09-17 14:00:00+05:30,4.6425,50.175,11.932500000000001
2025-09-17 15:00:00+05:30,4.63,47.6,14.926666666666668
2025-09-17 16:00:00+05:30,4.4675,42.425,12.965
2025-09-17 17:00:00+05:30,6.063333333333333,40.0,12.386666666666665
2025-09-17 18:00:00+05:30,9.285,40.775,15.29
2025-09-17 19:00:00+05:30,16.19,39.4,17.433333333333334
2025-09-17 20:00:00+05:30,22.045,45.575,18.494999999999997
2025-09-17 21:00:00+05:30,23.689999999999998,52.175,21.5175
2025-09-17 22:00:00+05:30,22.685,53.599999999999994,20.1175
2025-09-17 23:00:00+05:30,19.39,52.3,21.73
2025-09-18 01:00:00+05:30,12.7925,54.8,22.6475
2025-09-18 02:00:00+05:30,9.69,50.55,23.025
2025-09-18 03:00:00+05:30,7.313333333333333,51.53333333333333,23.37
2025-09-18 04:00:00+05:30,8.053333333333333,43.5,18.64
2025-09-18 05:00:00+05:30,10.146666666666667,37.26666666666667,14.493333333333334
2025-09-18 06:00:00+05:30,14.7125,35.55,14.475000000000001
2025-09-18 07:00:00+05:30,17.4025,46.8,18.0725
2025-09-18 08:00:00+05:30,14.7525,58.8,24.6825
2025-09-18 09:00:00+05:30,14.43,62.3,24.54
2025-09-18 13:00:00+05:30,6.64,69.7,24.7
2025-09-18 14:00:00+05:30,6.1433333333333335,67.36666666666666,28.209999999999997
2025-09-18 15:00:00+05:30,27.532500000000002,63.6,30.7475
2025-09-18 16:00:00+05:30,13.096666666666666,60.666666666666664,28.936666666666667
2025-09-18 17:00:00+05:30,6.484999999999999,52.15,23.04
2025-09-18 18:00:00+05:30,9.8125,49.0,20.355
2025-09-18 19:00:00+05:30,23.345,55.675,25.770000000000003
2025-09-18 20:00:00+05:30,31.959999999999997,63.23333333333333,29.736666666666668
2025-09-18 21:00:00+05:30,25.635,69.25,31.2125
2025-09-18 22:00:00+05:30,25.679999999999996,69.7,30.22666666666667
2025-09-18 23:00:00+05:30,26.455,76.7,30.09
2025-09-19 00:00:00+05:30,42.67,72.5,27.16
2025-09-19 01:00:00+05:30,32.410000000000004,76.0,30.75666666666667
2025-09-19 02:00:00+05:30,16.0975,77.825,37.395
2025-09-19 03:00:00+05:30,12.67,65.8,32.81666666666667
2025-09-19 04:00:00+05:30,7.8066666666666675,58.5,23.776666666666667
2025-09-19 05:00:00+05:30,7.366666666666667,47.666666666666664,18.456666666666667
2025-09-19 06:00:00+05:30,10.32,35.550000000000004,15.6325
2025-09-19 07:00:00+05:30,14.4875,38.025,16.7875
2025-09-19 08:00:00+05:30,13.682500000000001,49.3,19.0725
2025-09-19 09:00:00+05:30,10.965,65.275,20.8425
2025-09-19 10:00:00+05:30,9.807500000000001,69.25,23.25
2025-09-19 11:00:00+05:30,8.57,75.23333333333333,24.153333333333336
2025-09-19 12:00:00+05:30,8.103333333333333,76.0,25.116666666666664
2025-09-19 13:00:00+05:30,8.985,73.5,25.915
2025-09-19 14:00:00+05:30,6.96,70.75,27.380000000000003
2025-09-19 15:00:00+05:30,6.0566666666666675,66.10000000000001,26.78
2025-09-19 16:00:00+05:30,7.4325,62.975,21.7725
2025-09-19 17:00:00+05:30,11.045,61.35,19.785
2025-09-19 18:00:00+05:30,14.495000000000001,56.025,21.225
2025-09-19 19:00:00+05:30,28.315,58.475,26.5575
2025-09-19 20:00:00+05:30,26.55,66.275,27.06
2025-09-19 21:00:00+05:30,38.35,71.46666666666667,29.096666666666664
2025-09-19 22:00:00+05:30,45.125,71.375,31.48
2025-09-19 23:00:00+05:30,34.675,72.8,35.79
2025-09-20 00:00:00+05:30,42.33,65.1,33.46
2025-09-20 01:00:00+05:30,30.310000000000002,63.824999999999996,33.1875
2025-09-20 02:00:00+05:30,25.5225,59.025,32.22
2025-09-20 03:00:00+05:30,17.106666666666666,54.26666666666667,29.19333333333333
2025-09-20 04:00:00+05:30,10.209999999999999,51.333333333333336,23.593333333333334
2025-09-20 05:00:00+05:30,9.770000000000001,46.56666666666666,23.0
2025-09-20 06:00:00+05:30,11.780000000000001,46.55,24.3325
2025-09-20 07:00:00+05:30,12.61,45.9,19.75
2025-09-20 08:00:00+05:30,13.1475,45.175,18.6675
2025-09-20 09:00:00+05:30,12.6125,52.625,23.4875
2025-09-20 10:00:00+05:30,11.45,62.85,24.495
2025-09-20 11:00:00+05:30,9.68,66.05,20.900000000000002
2025-09-20 12:00:00+05:30,9.11,70.06666666666666,23.926666666666666
2025-09-20 13:00:00+05:30,8.9525,66.225,25.675
2025-09-20 14:00:00+05:30,7.0200000000000005,60.06666666666666,28.656666666666666
2025-09-20 15:00:00+05:30,10.923333333333332,39.56666666666667,24.833333333333332
2025-09-20 16:00:00+05:30,8.87,34.15,18.512500000000003
2025-09-20 17:00:00+05:30,16.09,29.45,16.165
2025-09-20 18:00:00+05:30,34.655,25.925,15.8
2025-09-20 19:00:00+05:30,39.28,27.725,16.94
2025-09-20 20:00:00+05:30,42.2575,29.525,21.384999999999998
2025-09-20 21:00:00+05:30,37.9025,36.05,25.9375
2025-09-20 22:00:00+05:30,38.129999999999995,41.475,28.3
2025-09-20 23:00:00+05:30,39.71,43.8,26.31
2025-09-21 00:00:00+05:30,29.81,50.0,29.61
2025-09-21 01:00:00+05:30,31.925,49.775,28.49
2025-09-21 02:00:00+05:30,28.950000000000003,49.275,27.5275
2025-09-21 03:00:00+05:30,20.935,47.6,26.5625
2025-09-21 04:00:00+05:30,18.4,43.7,20.28
2025-09-21 05:00:00+05:30,18.599999999999998,42.266666666666666,19.213333333333335
2025-09-21 06:00:00+05:30,18.69,54.8,28.42
2025-09-21 07:00:00+05:30,18.24,55.699999999999996,28.283333333333335
2025-09-21 08:00:00+05:30,16.9375,57.475,28.4475
2025-09-21 09:00:00+05:30,11.163333333333334,54.800000000000004,28.83666666666667
2025-09-21 10:00:00+05:30,9.815,52.675,27.3
2025-09-21 11:00:00+05:30,8.120000000000001,54.35,24.965
2025-09-21 12:00:00+05:30,7.973333333333333,55.833333333333336,21.853333333333335
2025-09-21 13:00:00+05:30,8.175,55.95,19.5175
2025-09-21 14:00:00+05:30,6.1775,51.775,22.9125
2025-09-21 15:00:00+05:30,5.493333333333333,49.699999999999996,18.636666666666667
2025-09-21 16:00:00+05:30,5.6274999999999995,48.65,15.5925
2025-09-21 17:00:00+05:30,8.040000000000001,48.0,15.584999999999999
2025-09-21 18:00:00+05:30,12.4725,43.7,12.32
2025-09-21 19:00:00+05:30,17.14,43.875,13.26
2025-09-21 20:00:00+05:30,21.689999999999998,46.2,14.58
2025-09-21 21:00:00+05:30,24.74,49.36666666666667,20.02
2025-09-21 22:00:00+05:30,25.540000000000003,55.1,20.58666666666667
2025-09-21 23:00:00+05:30,24.700000000000003,61.1,24.84
2025-09-22 00:00:00+05:30,26.85,63.3,21.22
2025-09-22 01:00:00+05:30,27.62,63.03333333333333,23.766666666666666
2025-09-22 02:00:00+05:30,23.1825,61.8,28.6475
2025-09-22 03:00:00+05:30,15.63,58.46666666666667,26.326666666666668
2025-09-22 04:00:00+05:30,17.1875,53.3,23.247500000000002
2025-09-22 05:00:00+05:30,19.8275,52.25,26.135
2025-09-22 06:00:00+05:30,16.28,52.73333333333333,27.206666666666667
2025-09-22 07:00:00+05:30,17.32,53.65,25.2425
2025-09-22 08:00:00+05:30,15.2425,59.65,25.259999999999998
2025-09-22 09:00:00+05:30,11.74,62.56666666666666,23.796666666666667
2025-09-22 10:00:00+05:30,8.835,62.724999999999994,20.6025
2025-09-22 11:00:00+05:30,6.31,61.775,20.055
2025-09-22 12:00:00+05:30,6.87,57.65,14.969999999999999
2025-09-22 13:00:00+05:30,5.746666666666667,55.166666666666664,13.06
2025-09-22 14:00:00+05:30,5.42,48.05,15.27
2025-09-22 15:00:00+05:30,5.676666666666667,43.06666666666666,17.69
2025-09-22 16:00:00+05:30,6.66,31.7,11.59
2025-09-22 17:00:00+05:30,8.166666666666666,33.53333333333333,10.933333333333332
2025-09-22 18:00:00+05:30,12.8075,37.6,9.955
2025-09-22 19:00:00+05:30,18.186666666666667,40.5,12.406666666666666
2025-09-22 20:00:00+05:30,21.572499999999998,47.425,18.0
2025-09-22 21:00:00+05:30,27.525,57.25,19.42
2025-09-22 22:00:00+05:30,30.36,66.3,19.349999999999998
2025-09-22 23:00:00+05:30,29.924999999999997,65.8,23.61
2025-09-23 00:00:00+05:30,13.42,75.8,23.94
2025-09-23 01:00:00+05:30,12.486666666666666,70.8,23.8
2025-09-23 02:00:00+05:30,13.4575,57.9,21.05
2025-09-23 03:00:00+05:30,15.195,50.2,14.225000000000001
2025-09-23 04:00:00+05:30,17.286666666666665,47.43333333333334,11.33
2025-09-23 05:00:00+05:30,14.855,47.725,12.52
2025-09-23 06:00:00+05:30,10.856666666666667,46.36666666666667,17.69333333333333
2025-09-23 07:00:00+05:30,10.92,44.325,19.240000000000002
2025-09-23 08:00:00+05:30,8.5825,48.15,18.795
2025-09-23 09:00:00+05:30,7.836666666666666,50.43333333333334,14.216666666666669
2025-09-23 10:00:00+05:30,7.4775,48.225,13.8575
2025-09-23 11:00:00+05:30,6.213333333333334,41.766666666666666,13.726666666666667
2025-09-23 12:00:00+05:30,6.463333333333334,42.06666666666666,11.266666666666666
2025-09-23 13:00:00+05:30,5.486666666666667,39.13333333333333,10.270000000000001
2025-09-23 14:00:00+05:30,4.583333333333333,38.93333333333333,10.576666666666666
2025-09-23 15:00:00+05:30,4.6425,42.45,12.645
2025-09-23 16:00:00+05:30,5.525,42.425,11.3025
2025-09-23 17:00:00+05:30,8.46,36.166666666666664,10.793333333333331
2025-09-23 18:00:00+05:30,13.09,37.85,11.5725
2025-09-23 19:00:00+05:30,23.19666666666667,41.53333333333333,13.86
2025-09-23 20:00:00+05:30,21.4625,52.400000000000006,19.43
2025-09-23 21:00:00+05:30,17.67,62.525000000000006,20.0475
2025-09-23 22:00:00+05:30,18.262500000000003,64.325,24.7
2025-09-23 23:00:00+05:30,15.700000000000001,63.1,26.65
2025-09-24 01:00:00+05:30,13.64,55.333333333333336,17.72666666666667
2025-09-24 02:00:00+05:30,14.285,53.325,18.89
2025-09-24 03:00:00+05:30,12.893333333333333,53.13333333333333,16.166666666666668
2025-09-24 04:00:00+05:30,11.576666666666668,50.333333333333336,11.74
2025-09-24 05:00:00+05:30,12.395,44.25,10.755
2025-09-24 06:00:00+05:30,13.993333333333334,42.9,11.83
2025-09-24 07:00:00+05:30,14.0725,48.325,10.9175
2025-09-24 08:00:00+05:30,10.196666666666667,52.1,12.983333333333334
2025-09-24 09:00:00+05:30,7.115,53.325,12.865
2025-09-24 10:00:00+05:30,6.633333333333333,52.46666666666667,11.733333333333334
2025-09-24 11:00:00+05:30,6.91,52.3,10.67
2025-09-24 12:00:00+05:30,5.609999999999999,49.05,12.09
2025-09-24 13:00:00+05:30,5.1125,46.125,14.405
2025-09-24 14:00:00+05:30,5.1575,45.95,11.775
2025-09-24 15:00:00+05:30,5.5600000000000005,43.475,10.105
2025-09-24 16:00:00+05:30,6.1075,46.95,7.942500000000001
2025-09-24 17:00:00+05:30,7.4175,41.275,9.967500000000001
2025-09-24 18:00:00+05:30,12.9125,38.9,14.1925
2025-09-24 19:00:00+05:30,20.085,38.0,12.93
2025-09-24 20:00:00+05:30,28.72,39.4,16.925
2025-09-24 21:00:00+05:30,24.177500000000002,52.199999999999996,21.625
2025-09-24 22:00:00+05:30,10.594999999999999,51.55,20.37
2025-09-24 23:00:00+05:30,10.600000000000001,45.6,19.03
2025-09-25 00:00:00+05:30,10.62,45.4,15.5
2025-09-25 01:00:00+05:30,12.556666666666667,40.4,13.950000000000001
2025-09-25 02:00:00+05:30,12.7,30.224999999999998,12.835
2025-09-25 03:00:00+05:30,11.206666666666665,28.099999999999998,16.256666666666668
2025-09-25 04:00:00+05:30,11.86,26.866666666666664,14.229999999999999
2025-09-25 05:00:00+05:30,12.910000000000002,32.4,10.613333333333333
2025-09-25 06:00:00+05:30,15.75,34.15,8.36
2025-09-25 07:00:00+05:30,17.3775,35.45,10.585
2025-09-25 08:00:00+05:30,14.15,54.95,12.68
2025-09-25 09:00:00+05:30,12.016666666666666,63.9,15.006666666666666
2025-09-25 10:00:00+05:30,9.65,59.35,17.3475
2025-09-25 11:00:00+05:30,7.396666666666666,54.833333333333336,13.996666666666668
2025-09-25 12:00:00+05:30,7.5375,49.625,17.155
2025-09-25 13:00:00+05:30,7.09,51.9,17.53
2025-09-25 14:00:00+05:30,6.295,47.75,18.43
2025-09-25 15:00:00+05:30,6.283333333333334,45.333333333333336,18.973333333333333
2025-09-25 16:00:00+05:30,6.633333333333333,45.13333333333333,19.863333333333333
2025-09-25 17:00:00+05:30,8.182500000000001,46.325,18.994999999999997
2025-09-25 18:00:00+05:30,11.3725,44.325,17.3625
2025-09-25 19:00:00+05:30,20.743333333333336,44.26666666666667,20.296666666666667
2025-09-25 20:00:00+05:30,30.16,51.775,22.317500000000003
2025-09-25 21:00:00+05:30,37.0475,53.0,22.805
2025-09-25 22:00:00+05:30,41.39,56.0,23.35
2025-09-25 23:00:00+05:30,47.085,62.2,25.35
2025-09-26 00:00:00+05:30,20.44,71.9,29.92
2025-09-26 01:00:00+05:30,13.9,68.83333333333333,25.69666666666667
2025-09-26 02:00:00+05:30,11.4,62.150000000000006,21.35
2025-09-26 03:00:00+05:30,12.516666666666666,55.70000000000001,20.403333333333336
2025-09-26 04:00:00+05:30,11.396666666666667,53.96666666666667,15.310000000000002
2025-09-26 05:00:00+05:30,14.196666666666667,47.96666666666667,11.726666666666667
2025-09-26 06:00:00+05:30,17.7675,38.625,14.084999999999999
2025-09-26 07:00:00+05:30,22.02333333333333,39.233333333333334,19.473333333333333
2025-09-26 08:00:00+05:30,22.67,46.4,21.56
2025-09-26 09:00:00+05:30,24.21,60.3,20.39
2025-09-26 10:00:00+05:30,24.947499999999998,71.25,28.255
2025-09-26 11:00:00+05:30,17.726666666666667,75.36666666666667,31.083333333333332
2025-09-26 12:00:00+05:30,12.4,70.6,26.4725
2025-09-26 13:00:00+05:30,8.006666666666666,62.0,21.256666666666664
2025-09-26 14:00:00+05:30,7.466666666666666,51.79999999999999,18.746666666666666
2025-09-26 15:00:00+05:30,7.994999999999999,57.8,16.42
2025-09-26 18:00:00+05:30,28.19,54.8,15.83
2025-09-26 19:00:00+05:30,34.7,59.25,16.935
2025-09-26 20:00:00+05:30,30.1875,65.7,21.25
2025-09-26 21:00:00+05:30,22.3825,68.5,27.0025
2025-09-26 22:00:00+05:30,18.19,68.675,27.945
2025-09-26 23:00:00+05:30,20.395,72.1,30.14
2025-09-27 01:00:00+05:30,20.74,67.7,28.92
2025-09-27 02:00:00+05:30,23.395,64.775,28.1825
2025-09-27 03:00:00+05:30,28.2875,57.575,24.175
2025-09-27 04:00:00+05:30,18.456666666666667,53.1,17.866666666666667
2025-09-27 05:00:00+05:30,20.77,50.56666666666666,17.106666666666666
2025-09-27 06:00:00+05:30,24.30666666666667,48.63333333333333,20.003333333333334
2025-09-27 07:00:00+05:30,20.073333333333334,49.4,17.956666666666667
2025-09-27 08:00:00+05:30,14.985,58.45,17.58
2025-09-27 09:00:00+05:30,14.1175,65.775,17.025
2025-09-27 10:00:00+05:30,10.8,69.05000000000001,17.18
2025-09-27 11:00:00+05:30,12.1175,65.475,19.38
2025-09-27 12:00:00+05:30,13.745000000000001,62.0,18.25
2025-09-27 13:00:00+05:30,9.5275,65.35,20.615
2025-09-27 14:00:00+05:30,6.81,57.26666666666667,21.146666666666665
2025-09-27 15:00:00+05:30,7.963333333333334,55.86666666666667,21.296666666666667
2025-09-27 16:00:00+05:30,7.966666666666666,60.96666666666666,21.25
2025-09-27 17:00:00+05:30,15.346666666666666,56.79999999999999,17.033333333333335
2025-09-27 18:00:00+05:30,33.3875,61.775,19.002499999999998
2025-09-27 19:00:00+05:30,32.766666666666666,70.03333333333335,19.796666666666667
2025-09-27 20:00:00+05:30,33.3525,81.275,18.5625
2025-09-27 21:00:00+05:30,48.6025,87.525,23.5775
2025-09-27 22:00:00+05:30,37.3325,94.3,31.4525
2025-09-27 23:00:00+05:30,25.68,98.0,33.42
2025-09-28 00:00:00+05:30,20.0,94.0,35.32
2025-09-28 01:00:00+05:30,16.55,89.39999999999999,34.75333333333333
2025-09-28 02:00:00+05:30,14.533333333333333,79.60000000000001,32.803333333333335
2025-09-28 03:00:00+05:30,16.893333333333334,77.3,30.853333333333335
2025-09-28 04:00:00+05:30,12.9925,69.875,28.58
2025-09-28 05:00:00+05:30,15.106666666666667,58.5,24.576666666666668
2025-09-28 06:00:00+05:30,20.0875,52.224999999999994,24.0175
2025-09-28 07:00:00+05:30,16.6925,46.2,25.3375
2025-09-28 08:00:00+05:30,16.4225,49.075,22.6875
2025-09-28 09:00:00+05:30,19.616666666666667,58.166666666666664,21.603333333333335
2025-09-28 10:00:00+05:30,18.1975,61.95,19.73
2025-09-28 11:00:00+05:30,13.455,68.975,22.4925
2025-09-28 12:00:00+05:30,10.5925,75.1,22.384999999999998
2025-09-28 13:00:00+05:30,10.703333333333333,75.13333333333334,22.63
2025-09-28 14:00:00+05:30,11.6225,64.1,18.9175
2025-09-28 15:00:00+05:30,12.9175,64.05,21.6125
2025-09-28 16:00:00+05:30,14.1925,60.349999999999994,23.52
2025-09-28 17:00:00+05:30,13.14,47.70000000000001,24.566666666666666
2025-09-28 18:00:00+05:30,14.274999999999999,36.875,22.89
2025-09-28 19:00:00+05:30,24.083333333333332,28.46666666666667,17.220000000000002
2025-09-28 21:00:00+05:30,22.35,29.9,18.51
2025-09-28 22:00:00+05:30,14.415,27.15,18.205
2025-09-28 23:00:00+05:30,16.915,22.1,17.65
2025-09-29 00:00:00+05:30,9.43,18.7,13.6
2025-09-29 01:00:00+05:30,10.5975,17.825,14.3
2025-09-29 02:00:00+05:30,12.446666666666667,15.6,13.416666666666666
2025-09-29 03:00:00+05:30,6.873333333333332,13.700000000000001,11.063333333333333
2025-09-29 04:00:00+05:30,5.96,10.800000000000002,10.29
2025-09-29 05:00:00+05:30,7.846666666666667,11.200000000000001,8.376666666666667
2025-09-29 06:00:00+05:30,9.366666666666667,13.700000000000001,10.313333333333333
2025-09-29 07:00:00+05:30,9.885,13.1,13.36
2025-09-29 08:00:00+05:30,8.36,15.4,9.9075
2025-09-29 09:00:00+05:30,8.85,19.966666666666665,9.433333333333334
2025-09-29 10:00:00+05:30,8.870000000000001,18.7,9.66
2025-09-29 11:00:00+05:30,7.793333333333333,15.1,8.423333333333334
2025-09-29 12:00:00+05:30,6.9125,11.875,7.54
2025-09-29 13:00:00+05:30,6.9675,12.625,7.3325
2025-09-29 14:00:00+05:30,6.8975,15.15,5.8675
2025-09-29 15:00:00+05:30,6.646666666666667,14.933333333333332,4.836666666666667
2025-09-29 16:00:00+05:30,6.713333333333334,14.166666666666666,4.116666666666666
2025-09-29 17:00:00+05:30,8.333333333333334,12.433333333333332,3.4766666666666666
2025-09-29 18:00:00+05:30,11.08,14.375,3.895
2025-09-29 19:00:00+05:30,12.589999999999998,15.233333333333334,5.123333333333334
2025-09-29 20:00:00+05:30,19.3075,15.1,7.125
2025-09-29 21:00:00+05:30,11.3875,14.6,9.135
2025-09-29 22:00:00+05:30,10.8725,15.1,7.3075
2025-09-29 23:00:00+05:30,11.25,16.4,6.29
2025-09-30 00:00:00+05:30,34.75,9.5,5.69
2025-09-30 01:00:00+05:30,39.723333333333336,10.966666666666667,5.31
2025-09-30 02:00:00+05:30,34.38,12.475000000000001,4.7375
2025-09-30 03:00:00+05:30,30.53333333333333,15.300000000000002,5.936666666666667
2025-09-30 04:00:00+05:30,15.6,23.200000000000003,6.885
2025-09-30 05:00:00+05:30,35.8925,21.5,7.9675
2025-09-30 06:00:00+05:30,30.64,22.950000000000003,10.595
2025-09-30 07:00:00+05:30,26.052500000000002,22.95,8.57
2025-09-30 08:00:00+05:30,17.2275,25.299999999999997,8.004999999999999
2025-09-30 09:00:00+05:30,19.540000000000003,23.166666666666668,9.783333333333333
2025-09-30 10:00:00+05:30,27.615,26.8,13.032499999999999
2025-09-30 11:00:00+05:30,35.68666666666667,33.03333333333333,18.406666666666666
2025-09-30 12:00:00+05:30,33.5925,36.925,23.2775
2025-09-30 13:00:00+05:30,17.455,35.25,22.98
2025-09-30 14:00:00+05:30,8.7475,35.175,23.59
2025-09-30 15:00:00+05:30,7.95,32.56666666666666,20.756666666666664
2025-09-30 16:00:00+05:30,11.89,26.025,21.2575
2025-09-30 17:00:00+05:30,23.590000000000003,26.366666666666664,18.68
2025-09-30 18:00:00+05:30,28.195,27.025,13.9
2025-09-30 19:00:00+05:30,21.099999999999998,30.266666666666666,10.42
2025-09-30 20:00:00+05:30,24.46,32.8,11.095
2025-09-30 21:00:00+05:30,38.22,28.200000000000003,14.245000000000001
2025-09-30 22:00:00+05:30,40.114999999999995,27.4,10.505
2025-09-30 23:00:00+05:30,40.620000000000005,29.0,9.32
2025-10-01 00:00:00+05:30,42.31,29.9,10.09
2025-10-01 01:00:00+05:30,31.354999999999997,30.775,10.0375
2025-10-01 02:00:00+05:30,31.149999999999995,32.56666666666666,10.523333333333333
2025-10-01 03:00:00+05:30,19.94,32.199999999999996,13.57
2025-10-01 04:00:00+05:30,16.285,29.4,12.31
2025-10-01 05:00:00+05:30,16.525000000000002,30.675,14.3475
2025-10-01 06:00:00+05:30,25.1325,31.125,10.7025
2025-10-01 07:00:00+05:30,22.240000000000002,31.475,8.7925
2025-10-01 08:00:00+05:30,21.64,24.925,7.3375
2025-10-01 09:00:00+05:30,22.3975,25.4,8.36
2025-10-01 10:00:00+05:30,27.0425,27.175,10.184999999999999
2025-10-01 11:00:00+05:30,19.033333333333335,29.03333333333333,12.696666666666667
2025-10-01 12:00:00+05:30,17.03,32.525,15.135
2025-10-01 13:00:00+05:30,15.523333333333333,34.233333333333334,15.316666666666668
2025-10-01 14:00:00+05:30,7.6975,29.775,12.7675
2025-10-01 15:00:00+05:30,11.013333333333334,29.8,13.306666666666667
2025-10-01 16:00:00+05:30,12.6975,31.799999999999997,11.5525
2025-10-01 17:00:00+05:30,17.759999999999998,35.025,14.29
2025-10-01 18:00:00+05:30,20.0925,32.175,18.35
2025-10-01 19:00:00+05:30,30.14,33.56666666666667,17.513333333333332
2025-10-01 20:00:00+05:30,48.8275,34.75,15.907499999999999
2025-10-01 21:00:00+05:30,46.95333333333334,40.46666666666666,17.76
2025-10-01 22:00:00+05:30,26.84,40.766666666666666,21.656666666666666
2025-10-01 23:00:00+05:30,34.51,40.7,24.73
2025-10-02 00:00:00+05:30,23.87,38.9,15.28
2025-10-02 01:00:00+05:30,33.3275,37.725,14.927499999999998
2025-10-02 02:00:00+05:30,29.615,35.45,14.665
2025-10-02 03:00:00+05:30,18.48,37.4,14.616666666666665
2025-10-02 04:00:00+05:30,17.593333333333334,40.266666666666666,11.799999999999999
2025-10-02 05:00:00+05:30,17.613333333333333,108.26666666666667,10.906666666666666
2025-10-02 06:00:00+05:30,18.73,162.075,13.725
2025-10-02 07:00:00+05:30,14.943333333333333,0.5333333333333333,12.086666666666668
2025-10-02 08:00:00+05:30,14.815,3.2,12.4175
2025-10-02 09:00:00+05:30,18.3325,2.075,16.5325
2025-10-02 10:00:00+05:30,15.89,8.850000000000001,12.64
2025-10-02 11:00:00+05:30,17.88,24.53333333333333,12.996666666666668
2025-10-02 12:00:00+05:30,26.2375,29.200000000000003,13.245000000000001
2025-10-02 13:00:00+05:30,13.023333333333333,24.866666666666664,11.506666666666666
2025-10-02 14:00:00+05:30,8.935,26.625,14.4325
2025-10-02 15:00:00+05:30,13.62,29.8,14.143333333333333
2025-10-02 16:00:00+05:30,12.4725,35.5,12.7
2025-10-02 17:00:00+05:30,15.043333333333331,37.53333333333333,15.243333333333332
2025-10-02 18:00:00+05:30,17.1875,36.875,17.52
2025-10-02 19:00:00+05:30,29.762500000000003,35.7,17.247500000000002
2025-10-02 20:00:00+05:30,34.7325,36.1,16.425
2025-10-02 21:00:00+05:30,22.866666666666664,34.300000000000004,15.073333333333332
2025-10-02 22:00:00+05:30,27.675,33.125,13.795
2025-10-02 23:00:00+05:30,31.025,34.3,11.73
2025-10-03 00:00:00+05:30,15.41,25.4,11.05
2025-10-03 01:00:00+05:30,16.3325,26.0,11.76
2025-10-03 02:00:00+05:30,15.4925,25.400000000000002,13.1925
2025-10-03 03:00:00+05:30,16.326666666666668,26.900000000000002,13.4
2025-10-03 04:00:00+05:30,21.426666666666666,32.86666666666667,12.06
2025-10-03 05:00:00+05:30,19.836666666666666,23.866666666666664,9.6
2025-10-03 06:00:00+05:30,21.295,20.675,9.985
2025-10-03 07:00:00+05:30,19.173333333333332,26.933333333333337,9.25
2025-10-03 08:00:00+05:30,19.2275,33.6,8.190000000000001
2025-10-03 09:00:00+05:30,28.613333333333333,37.0,11.030000000000001
2025-10-03 10:00:00+05:30,28.855,38.900000000000006,16.0375
2025-10-03 11:00:00+05:30,29.9125,38.55,17.53
2025-10-03 12:00:00+05:30,25.107499999999998,39.225,19.6025
2025-10-03 13:00:00+05:30,11.87,37.275,20.895
2025-10-03 14:00:00+05:30,11.497499999999999,43.375,23.865000000000002
2025-10-03 15:00:00+05:30,11.81,45.800000000000004,23.793333333333333
2025-10-03 16:00:00+05:30,11.233333333333334,44.666666666666664,25.116666666666664
2025-10-03 17:00:00+05:30,13.085,36.25,20.045
2025-10-03 18:00:00+05:30,14.605,38.85,17.86
2025-10-03 19:00:00+05:30,14.636666666666665,42.43333333333333,18.213333333333335
2025-10-03 20:00:00+05:30,18.21,42.95,17.7775
2025-10-03 21:00:00+05:30,18.572499999999998,43.275,14.725
2025-10-03 22:00:00+05:30,24.0,43.775,15.1775
2025-10-03 23:00:00+05:30,19.12,44.5,14.84
2025-10-04 00:00:00+05:30,13.65,38.7,18.74
2025-10-04 01:00:00+05:30,11.346666666666666,36.7,18.573333333333334
2025-10-04 02:00:00+05:30,11.9875,35.35,18.075
2025-10-04 03:00:00+05:30,15.46,40.76666666666667,17.936666666666667
2025-10-04 04:00:00+05:30,11.959999999999999,43.06666666666666,19.296666666666667
2025-10-04 05:00:00+05:30,10.16,38.6,17.936666666666667
2025-10-04 06:00:00+05:30,10.223333333333333,42.46666666666667,14.89
2025-10-04 07:00:00+05:30,9.606666666666667,45.36666666666667,15.083333333333334
2025-10-04 08:00:00+05:30,8.3875,30.025,11.934999999999999
2025-10-04 09:00:00+05:30,10.49,21.53333333333333,9.34
2025-10-04 10:00:00+05:30,8.51,20.275,8.94
2025-10-04 11:00:00+05:30,6.9125,29.299999999999997,8.7775
2025-10-04 12:00:00+05:30,6.663333333333334,38.46666666666667,9.213333333333333
2025-10-04 13:00:00+05:30,8.19,44.300000000000004,9.033333333333333
2025-10-04 14:00:00+05:30,7.6899999999999995,43.8,15.54
2025-10-04 15:00:00+05:30,5.6625,47.06666666666666,20.705
2025-10-04 16:00:00+05:30,5.3675,44.675,15.2775
2025-10-04 17:00:00+05:30,5.753333333333333,36.6,13.843333333333334
2025-10-04 18:00:00+05:30,9.6775,35.599999999999994,16.885
2025-10-04 19:00:00+05:30,18.426666666666666,34.199999999999996,16.683333333333334
2025-10-04 20:00:00+05:30,32.682500000000005,43.3,12.825
2025-10-04 21:00:00+05:30,14.004999999999999,49.75,12.942499999999999
2025-10-04 22:00:00+05:30,12.5375,45.775,14.9725
2025-10-04 23:00:00+05:30,10.86,49.4,15.93
2025-10-05 00:00:00+05:30,10.8,34.4,11.72
2025-10-05 01:00:00+05:30,10.325,34.4,11.72
2025-10-05 02:00:00+05:30,11.543333333333331,39.0,11.780000000000001
2025-10-05 03:00:00+05:30,7.260000000000001,38.43333333333333,13.153333333333334
2025-10-05 04:00:00+05:30,6.5125,35.525,9.68
2025-10-05 05:00:00+05:30,8.076666666666666,32.300000000000004,8.716666666666667
2025-10-05 06:00:00+05:30,9.7675,30.775,10.17
2025-10-05 07:00:00+05:30,8.155,30.450000000000003,8.6175
2025-10-05 08:00:00+05:30,8.26,31.5,7.336666666666666
2025-10-05 09:00:00+05:30,7.0175,40.525,7.095
2025-10-05 10:00:00+05:30,6.27,43.025,7.4925
2025-10-05 11:00:00+05:30,5.523333333333333,40.800000000000004,6.853333333333333
2025-10-05 12:00:00+05:30,5.98,40.333333333333336,6.943333333333334
2025-10-05 13:00:00+05:30,5.796666666666667,36.0,7.44
2025-10-05 14:00:00+05:30,5.3675,37.275,9.6875
2025-10-05 15:00:00+05:30,5.88,30.96666666666667,8.863333333333333
2025-10-05 16:00:00+05:30,7.1675,28.975,11.012500000000001
2025-10-05 17:00:00+05:30,9.4925,32.075,10.3025
2025-10-05 18:00:00+05:30,11.205,36.075,11.9075
2025-10-05 19:00:00+05:30,19.080000000000002,48.199999999999996,12.56
2025-10-05 20:00:00+05:30,11.780000000000001,58.075,16.76
2025-10-05 21:00:00+05:30,16.293333333333333,51.166666666666664,15.093333333333334
2025-10-05 22:00:00+05:30,12.173333333333332,48.666666666666664,16.68
2025-10-05 23:00:00+05:30,10.46,45.4,14.61
2025-10-06 01:00:00+05:30,4.8025,29.75,10.665
2025-10-06 02:00:00+05:30,4.6125,21.950000000000003,10.184999999999999
2025-10-06 03:00:00+05:30,6.4433333333333325,19.166666666666668,8.046666666666667
2025-10-06 04:00:00+05:30,6.2175,18.975,6.7325
2025-10-06 05:00:00+05:30,6.41,17.266666666666666,5.476666666666667
2025-10-06 06:00:00+05:30,7.43,20.049999999999997,5.055
2025-10-06 07:00:00+05:30,11.253333333333336,25.933333333333334,5.2299999999999995
2025-10-06 08:00:00+05:30,10.6125,33.425,4.415
2025-10-06 09:00:00+05:30,8.272499999999999,29.975,3.9175
2025-10-06 10:00:00+05:30,6.5024999999999995,30.3,4.13
2025-10-06 11:00:00+05:30,5.279999999999999,0.85,0.115
2025-10-06 12:00:00+05:30,7.25,58.775,26.2825
2025-10-06 13:00:00+05:30,6.625,47.95,22.82
2025-10-06 14:00:00+05:30,6.0925,67.475,13.780000000000001
2025-10-06 15:00:00+05:30,6.9433333333333325,38.6,13.57
2025-10-06 16:00:00+05:30,7.105,39.25,10.02
2025-10-06 17:00:00+05:30,10.813333333333333,33.46666666666666,7.116666666666667
2025-10-06 18:00:00+05:30,22.95,32.425,5.66
2025-10-06 19:00:00+05:30,24.3175,32.8,7.625
2025-10-06 20:00:00+05:30,14.125,34.375,10.24
2025-10-06 21:00:00+05:30,19.2975,30.4,8.285
2025-10-06 22:00:00+05:30,24.3075,27.375,7.75
2025-10-06 23:00:00+05:30,20.67,20.65,10.655
2025-10-07 00:00:00+05:30,14.8,21.7,15.29
2025-10-07 01:00:00+05:30,11.696666666666667,24.233333333333334,11.163333333333332
2025-10-07 02:00:00+05:30,9.155000000000001,18.525,7.8025
2025-10-07 03:00:00+05:30,8.7125,21.325,10.4375
2025-10-07 04:00:00+05:30,8.593333333333334,24.900000000000002,8.693333333333333
2025-10-07 05:00:00+05:30,8.975,24.625,6.952500000000001
2025-10-07 06:00:00+05:30,10.5375,25.775,8.870000000000001
2025-10-07 07:00:00+05:30,11.513333333333334,26.96666666666667,8.63
2025-10-07 08:00:00+05:30,9.385,30.325,7.2250000000000005
2025-10-07 09:00:00+05:30,7.853333333333333,31.100000000000005,9.47
2025-10-07 10:00:00+05:30,4.1433333333333335,35.56666666666667,7.696666666666666
2025-10-07 11:00:00+05:30,0.0,35.96666666666667,10.096666666666666
2025-10-07 12:00:00+05:30,0.0,50.474999999999994,8.3075
2025-10-07 13:00:00+05:30,0.0,60.3,10.405
2025-10-07 14:00:00+05:30,0.0,74.77499999999999,13.9125
2025-10-07 15:00:00+05:30,0.0,80.1,17.1875
2025-10-07 16:00:00+05:30,8.1125,82.65,18.375
2025-10-07 17:00:00+05:30,17.825,86.225,26.585
2025-10-07 18:00:00+05:30,13.51,89.9,25.05
2025-10-07 19:00:00+05:30,34.18333333333333,93.2,28.493333333333336
2025-10-07 20:00:00+05:30,48.699999999999996,109.625,31.2875
2025-10-07 21:00:00+05:30,42.85999999999999,138.13333333333333,32.303333333333335
2025-10-07 22:00:00+05:30,32.696666666666665,134.3,41.41
2025-10-07 23:00:00+05:30,29.03,118.05,33.495000000000005
2025-10-08 00:00:00+05:30,23.26,119.4,29.38
2025-10-08 01:00:00+05:30,29.12,99.65,30.7375
2025-10-08 02:00:00+05:30,24.17,97.45,33.0025
2025-10-08 03:00:00+05:30,15.855,83.375,35.055
2025-10-08 04:00:00+05:30,13.950000000000001,76.8,31.75
2025-10-08 05:00:00+05:30,13.36,71.325,26.975
2025-10-08 06:00:00+05:30,19.94333333333333,69.83333333333333,24.53
2025-10-08 07:00:00+05:30,23.41,74.575,35.46
2025-10-08 08:00:00+05:30,24.4225,82.05,30.957500000000003
2025-10-08 09:00:00+05:30,18.349999999999998,91.3,27.290000000000003
2025-10-08 10:00:00+05:30,14.2325,104.8,34.552499999999995
2025-10-08 11:00:00+05:30,9.0975,101.3,29.9425
2025-10-08 12:00:00+05:30,10.935,97.3,31.4525
2025-10-08 13:00:00+05:30,8.01,250.0333333333333,25.92
2025-10-08 14:00:00+05:30,6.69,117.86666666666667,24.723333333333333
2025-10-08 15:00:00+05:30,6.7675,76.25,32.4325
2025-10-08 16:00:00+05:30,10.35,119.26666666666665,29.74
2025-10-08 17:00:00+05:30,10.873333333333335,105.36666666666667,39.343333333333334
2025-10-08 18:00:00+05:30,23.015,116.625,40.0025
2025-10-08 19:00:00+05:30,36.88333333333333,141.26666666666668,47.67666666666667
2025-10-08 20:00:00+05:30,44.29333333333333,153.43333333333334,48.39333333333334
2025-10-08 21:00:00+05:30,38.12,145.53333333333333,51.050000000000004
2025-10-08 22:00:00+05:30,38.885,148.525,52.597500000000004
2025-10-08 23:00:00+05:30,23.37,127.85000000000001,47.91
2025-10-09 00:00:00+05:30,25.02,121.1,42.45
2025-10-09 01:00:00+05:30,24.233333333333334,106.53333333333335,40.19
2025-10-09 02:00:00+05:30,35.25,103.19999999999999,35.17
2025-10-09 03:00:00+05:30,48.215,103.95,47.620000000000005
2025-10-09 04:00:00+05:30,45.56,108.76666666666667,43.23333333333333
2025-10-09 05:00:00+05:30,29.97,100.27499999999999,38.010000000000005
2025-10-09 06:00:00+05:30,30.925,99.725,42.162499999999994
2025-10-09 07:00:00+05:30,31.212500000000002,104.1,40.765
2025-10-09 08:00:00+05:30,23.04,128.35,37.355000000000004
2025-10-09 09:00:00+05:30,18.613333333333333,160.63333333333333,51.04333333333333
2025-10-09 10:00:00+05:30,13.28,207.35,56.525
2025-10-09 11:00:00+05:30,12.956666666666669,220.0666666666667,61.413333333333334
2025-10-09 12:00:00+05:30,11.86,224.26666666666665,64.92666666666666
2025-10-09 13:00:00+05:30,8.85,211.10000000000002,61.3925
2025-10-09 14:00:00+05:30,8.18,193.975,57.4775
2025-10-09 15:00:00+05:30,8.799999999999999,188.69999999999996,62.21
2025-10-09 16:00:00+05:30,10.026666666666666,184.23333333333335,60.68666666666667
2025-10-09 17:00:00+05:30,14.173333333333332,180.4333333333333,56.826666666666675
2025-10-09 18:00:00+05:30,29.9175,164.95,58.644999999999996
2025-10-09 19:00:00+05:30,47.9825,171.15,64.68249999999999
2025-10-09 20:00:00+05:30,53.432500000000005,189.27499999999998,65.4075
2025-10-09 21:00:00+05:30,67.995,188.225,72.185
2025-10-09 22:00:00+05:30,70.2025,190.25,73.435
2025-10-09 23:00:00+05:30,65.83,198.15,77.905
2025-10-10 00:00:00+05:30,71.58,223.3,75.29
2025-10-10 01:00:00+05:30,68.295,12.0,70.93
2025-10-10 02:00:00+05:30,61.735,0.875,77.42
2025-10-10 03:00:00+05:30,49.49666666666667,0.13333333333333333,69.52666666666666
2025-10-10 04:00:00+05:30,40.71333333333334,95.8,61.10999999999999
2025-10-10 05:00:00+05:30,32.115,146.9,65.06
2025-10-10 06:00:00+05:30,24.2025,126.275,60.2675
2025-10-10 07:00:00+05:30,25.46666666666667,135.29999999999998,66.18333333333334
2025-10-10 08:00:00+05:30,18.42,134.625,58.019999999999996
2025-10-10 09:00:00+05:30,20.905,135.875,55.425
2025-10-10 10:00:00+05:30,19.895,120.5,55.6225
2025-10-10 11:00:00+05:30,15.6725,138.175,52.07
2025-10-10 12:00:00+05:30,12.3025,139.475,45.0375
2025-10-10 13:00:00+05:30,9.25,109.475,46.5025
2025-10-10 14:00:00+05:30,6.155,103.9,45.160000000000004
2025-10-10 15:00:00+05:30,6.140000000000001,102.65,50.010000000000005
2025-10-10 18:00:00+05:30,18.84,93.4,54.91
2025-10-10 19:00:00+05:30,54.465,101.125,57.2475
2025-10-10 20:00:00+05:30,88.445,104.325,55.099999999999994
2025-10-10 21:00:00+05:30,84.84,122.14999999999999,75.27000000000001
2025-10-10 22:00:00+05:30,84.10666666666667,132.0666666666667,80.43666666666667
2025-10-10 23:00:00+05:30,81.72,136.60000000000002,80.97999999999999
2025-10-11 01:00:00+05:30,58.09,160.5,85.93
2025-10-11 02:00:00+05:30,49.5,134.95000000000002,87.4125
2025-10-11 03:00:00+05:30,30.96666666666667,110.03333333333335,80.47333333333334
2025-10-11 04:00:00+05:30,33.413333333333334,104.83333333333333,69.20666666666666
2025-10-11 05:00:00+05:30,39.7,106.35000000000001,67.755
2025-10-11 06:00:00+05:30,28.2075,88.7,63.84
2025-10-11 07:00:00+05:30,29.875,108.2,62.12
2025-10-11 08:00:00+05:30,27.73,112.5,59.8125
2025-10-11 09:00:00+05:30,24.8825,117.0,58.01
2025-10-11 10:00:00+05:30,17.473333333333333,40.333333333333336,35.25666666666667
2025-10-11 11:00:00+05:30,12.6925,39.550000000000004,13.2525
2025-10-11 12:00:00+05:30,7.766666666666667,99.93333333333334,33.48
2025-10-11 13:00:00+05:30,7.154999999999999,139.35,48.64
2025-10-11 14:00:00+05:30,6.88,132.2,46.78
2025-10-11 15:00:00+05:30,7.676666666666667,125.2,36.86333333333334
2025-10-11 16:00:00+05:30,9.5,122.33333333333333,34.14333333333334
2025-10-11 17:00:00+05:30,14.506666666666666,119.86666666666667,37.63333333333333
2025-10-11 18:00:00+05:30,30.130000000000003,120.1,39.345
2025-10-11 19:00:00+05:30,76.05250000000001,124.475,42.9075
2025-10-11 20:00:00+05:30,94.8325,152.25,51.2375
2025-10-11 21:00:00+05:30,95.12333333333333,168.26666666666668,57.10999999999999
2025-10-11 22:00:00+05:30,81.7575,204.5,72.495
2025-10-11 23:00:00+05:30,76.78,211.7,73.74
2025-10-12 00:00:00+05:30,72.93,203.9,72.85
2025-10-12 01:00:00+05:30,69.48333333333333,194.9333333333333,70.46666666666665
2025-10-12 02:00:00+05:30,66.7875,171.05,66.14
2025-10-12 03:00:00+05:30,57.36666666666667,152.29999999999998,68.85666666666667
2025-10-12 04:00:00+05:30,29.002499999999998,142.325,70.44
2025-10-12 05:00:00+05:30,25.863333333333333,123.73333333333333,63.910000000000004
2025-10-12 06:00:00+05:30,26.33,118.15,58.125
2025-10-12 07:00:00+05:30,30.6375,120.025,55.035
2025-10-12 08:00:00+05:30,33.5425,121.875,50.292500000000004
2025-10-12 09:00:00+05:30,24.48,124.2,52.870000000000005
2025-10-12 10:00:00+05:30,23.10666666666667,122.63333333333333,49.45666666666667
2025-10-12 11:00:00+05:30,13.35,122.85,50.8
2025-10-12 12:00:00+05:30,9.06,121.46666666666665,48.04
2025-10-12 13:00:00+05:30,7.566666666666666,113.13333333333333,46.86333333333334
2025-10-12 14:00:00+05:30,7.365,108.525,40.555
2025-10-12 15:00:00+05:30,11.532499999999999,107.9,35.6925
2025-10-12 16:00:00+05:30,10.496666666666668,109.46666666666665,31.24
2025-10-12 17:00:00+05:30,19.643333333333334,110.23333333333333,34.36333333333334
2025-10-12 18:00:00+05:30,48.052499999999995,119.925,36.955
2025-10-12 19:00:00+05:30,62.52,139.0,45.5
2025-10-12 20:00:00+05:30,80.79,162.55,56.285
2025-10-12 21:00:00+05:30,97.675,170.6,62.754999999999995
2025-10-12 22:00:00+05:30,93.2575,175.95,70.6125
2025-10-12 23:00:00+05:30,87.09,177.5,77.0
2025-10-13 00:00:00+05:30,80.52,208.0,87.84
2025-10-13 01:00:00+05:30,58.156666666666666,204.9,84.8
2025-10-13 02:00:00+05:30,42.525,193.975,77.38499999999999
2025-10-13 03:00:00+05:30,60.235,184.95,72.365
2025-10-13 04:00:00+05:30,52.9875,187.125,70.52499999999999
2025-10-13 05:00:00+05:30,39.81,174.76666666666665,67.74666666666667
2025-10-13 06:00:00+05:30,31.53,152.425,59.2125
2025-10-13 07:00:00+05:30,50.86,139.85,44.99
2025-10-13 08:00:00+05:30,45.02,170.425,54.1525
2025-10-13 09:00:00+05:30,37.379999999999995,169.1,59.57
2025-10-13 10:00:00+05:30,25.656666666666666,171.9333333333333,50.41
2025-10-13 11:00:00+05:30,16.105,154.64999999999998,50.745
2025-10-13 12:00:00+05:30,10.505,142.275,45.7875
2025-10-13 13:00:00+05:30,9.2975,124.30000000000001,36.69
2025-10-13 14:00:00+05:30,8.3875,103.69999999999999,32.057500000000005
2025-10-13 15:00:00+05:30,12.74,101.59999999999998,31.613333333333333
2025-10-13 16:00:00+05:30,10.58,101.03333333333335,25.536666666666665
2025-10-13 17:00:00+05:30,18.853333333333335,96.46666666666665,22.866666666666664
2025-10-13 18:00:00+05:30,45.27,115.0,29.136666666666667
2025-10-13 19:00:00+05:30,65.115,136.0,33.83
2025-10-13 20:00:00+05:30,68.37,143.33333333333334,39.803333333333335
2025-10-13 21:00:00+05:30,79.05,141.1,44.303333333333335
2025-10-13 22:00:00+05:30,74.26,143.20000000000002,46.64666666666667
2025-10-13 23:00:00+05:30,85.235,133.4,57.54
2025-10-14 00:00:00+05:30,86.81,128.0,68.35
2025-10-14 01:00:00+05:30,80.65,132.2,67.565
2025-10-14 02:00:00+05:30,72.3425,143.9,66.7925
2025-10-14 03:00:00+05:30,57.88666666666666,141.63333333333333,70.66333333333334
2025-10-14 04:00:00+05:30,42.0,130.1,66.48
2025-10-14 05:00:00+05:30,33.903333333333336,112.7,58.88666666666666
2025-10-14 06:00:00+05:30,39.3225,104.375,58.36
2025-10-14 07:00:00+05:30,38.75,100.1,54.0
2025-10-14 08:00:00+05:30,33.6225,105.26666666666667,50.086666666666666
2025-10-14 09:00:00+05:30,29.03333333333333,106.60000000000001,41.050000000000004
2025-10-14 10:00:00+05:30,25.03,109.7,38.825
2025-10-14 11:00:00+05:30,19.536666666666665,89.2,42.24
2025-10-14 12:00:00+05:30,17.976666666666667,83.06666666666666,35.379999999999995
2025-10-14 13:00:00+05:30,7.45,74.225,30.41
2025-10-14 14:00:00+05:30,7.826666666666667,69.46666666666665,24.463333333333335
2025-10-14 15:00:00+05:30,8.22,69.8,23.13
2025-10-14 16:00:00+05:30,19.88,65.73333333333333,23.22
2025-10-14 17:00:00+05:30,16.456666666666667,60.333333333333336,17.893333333333334
2025-10-14 18:00:00+05:30,37.417500000000004,63.3,22.2425
2025-10-14 19:00:00+05:30,74.5025,88.5,28.630000000000003
2025-10-14 20:00:00+05:30,60.620000000000005,124.65,36.660000000000004
2025-10-14 21:00:00+05:30,79.41499999999999,125.175,42.7375
2025-10-14 22:00:00+05:30,63.3375,128.225,45.932500000000005
2025-10-14 23:00:00+05:30,61.815,118.5,48.56
2025-10-15 00:00:00+05:30,74.18,114.5,47.31
2025-10-15 01:00:00+05:30,68.14999999999999,111.66666666666667,48.343333333333334
2025-10-15 02:00:00+05:30,74.075,105.075,51.0125
2025-10-15 03:00:00+05:30,74.8875,101.525,51.92
2025-10-15 04:00:00+05:30,72.37333333333333,99.83333333333333,48.39666666666667
2025-10-15 05:00:00+05:30,36.225,97.42500000000001,45.79
2025-10-15 06:00:00+05:30,32.8125,83.97500000000001,45.7425
2025-10-15 07:00:00+05:30,33.3175,84.025,42.4075
2025-10-15 08:00:00+05:30,26.49,91.53333333333335,35.79
2025-10-15 09:00:00+05:30,21.036666666666665,91.96666666666665,36.36666666666667
2025-10-15 10:00:00+05:30,17.495,91.175,36.71
2025-10-15 11:00:00+05:30,13.6825,87.1,36.385
2025-10-15 12:00:00+05:30,10.365,83.275,37.1075
2025-10-15 13:00:00+05:30,8.049999999999999,76.05,35.305
2025-10-15 14:00:00+05:30,8.52,66.6,34.695
2025-10-15 15:00:00+05:30,9.226666666666667,66.53333333333333,36.406666666666666
2025-10-15 16:00:00+05:30,9.2175,65.6,34.722500000000004
2025-10-15 17:00:00+05:30,12.89,64.86666666666666,31.046666666666667
2025-10-15 20:00:00+05:30,115.87666666666667,136.26666666666668,62.02
2025-10-15 21:00:00+05:30,105.88666666666667,176.79999999999998,77.22000000000001
2025-10-15 22:00:00+05:30,95.8,219.175,92.9525
2025-10-15 23:00:00+05:30,93.88499999999999,237.8,99.68
2025-10-16 00:00:00+05:30,88.13,194.5,98.59
2025-10-16 01:00:00+05:30,82.5,186.9,96.875
2025-10-16 02:00:00+05:30,73.4075,159.825,91.53999999999999
2025-10-16 03:00:00+05:30,62.416666666666664,133.86666666666667,85.60000000000001
2025-10-16 04:00:00+05:30,37.22666666666667,109.06666666666666,76.0
2025-10-16 05:00:00+05:30,30.863333333333333,97.26666666666665,74.88000000000001
2025-10-16 06:00:00+05:30,49.59,82.5,59.34
2025-10-16 07:00:00+05:30,36.333333333333336,90.43333333333334,60.77666666666667
2025-10-16 08:00:00+05:30,28.817500000000003,106.15,62.67
2025-10-16 09:00:00+05:30,23.956666666666667,107.63333333333333,56.48
2025-10-16 10:00:00+05:30,17.09,108.36666666666667,50.15
2025-10-16 11:00:00+05:30,14.736666666666666,8.366666666666667,4.173333333333333
2025-10-16 12:00:00+05:30,10.623333333333333,92.60000000000001,9.85
2025-10-16 13:00:00+05:30,9.323333333333332,85.43333333333334,8.716666666666667
2025-10-16 14:00:00+05:30,11.129999999999999,79.39999999999999,42.1625
2025-10-16 15:00:00+05:30,11.8375,77.97500000000001,25.4375
2025-10-16 16:00:00+05:30,15.04,73.65,28.02
2025-10-16 17:00:00+05:30,27.413333333333338,79.7,29.916666666666668
2025-10-16 18:00:00+05:30,52.335,84.35,29.89
2025-10-16 19:00:00+05:30,97.31,114.55,42.735
2025-10-16 20:00:00+05:30,115.35,266.54999999999995,66.4325
2025-10-16 21:00:00+05:30,107.7325,288.8,74.24000000000001
2025-10-16 22:00:00+05:30,65.96666666666667,276.9,93.32
2025-10-16 23:00:00+05:30,87.275,200.9,83.29
2025-10-17 01:00:00+05:30,50.89333333333334,133.9,77.81666666666666
2025-10-17 02:00:00+05:30,48.01,100.075,72.41499999999999
2025-10-17 03:00:00+05:30,42.48,107.35000000000001,64.8025
2025-10-17 04:00:00+05:30,38.589999999999996,95.03333333333335,53.78
2025-10-17 05:00:00+05:30,36.483333333333334,83.7,53.71
2025-10-17 06:00:00+05:30,40.47,105.8,57.195
2025-10-17 07:00:00+05:30,30.84,116.925,65.5225
2025-10-17 08:00:00+05:30,25.545,116.4,56.39
2025-10-17 09:00:00+05:30,23.28,112.7,56.72
2025-10-17 10:00:00+05:30,17.81,111.0,50.447500000000005
2025-10-17 11:00:00+05:30,13.1025,100.925,48.567499999999995
2025-10-17 12:00:00+05:30,11.295,86.39999999999999,50.2225
2025-10-17 13:00:00+05:30,7.8,89.0,51.0925
2025-10-17 14:00:00+05:30,5.885,68.85,40.97
2025-10-17 15:00:00+05:30,8.3875,65.45,28.432499999999997
2025-10-17 16:00:00+05:30,10.465,72.92500000000001,25.235
2025-10-17 17:00:00+05:30,19.44,64.23333333333333,25.25333333333333
2025-10-17 18:00:00+05:30,44.285,79.125,31.4375
2025-10-17 19:00:00+05:30,63.605000000000004,114.675,45.04
2025-10-17 20:00:00+05:30,53.965,135.725,52.575
2025-10-17 21:00:00+05:30,80.125,136.7,54.245000000000005
2025-10-17 22:00:00+05:30,80.7625,177.975,74.51
2025-10-17 23:00:00+05:30,77.9,199.64999999999998,87.765
2025-10-18 00:00:00+05:30,71.87,248.3,94.17
2025-10-18 01:00:00+05:30,69.80666666666667,235.73333333333335,99.00333333333333
2025-10-18 02:00:00+05:30,67.535,226.67499999999998,97.205
2025-10-18 03:00:00+05:30,71.69,206.1,89.11
2025-10-18 04:00:00+05:30,66.36,172.76666666666665,79.3
2025-10-18 05:00:00+05:30,51.64000000000001,117.7,76.42
2025-10-18 06:00:00+05:30,51.85,93.66666666666667,67.65666666666667
2025-10-18 07:00:00+05:30,50.4675,90.3,66.545
2025-10-18 08:00:00+05:30,35.64,83.10000000000001,63.343333333333334
2025-10-18 09:00:00+05:30,25.026666666666667,83.7,58.96
2025-10-18 10:00:00+05:30,18.41,79.55,54.8975
2025-10-18 11:00:00+05:30,14.8875,72.425,58.955
2025-10-18 12:00:00+05:30,11.786666666666667,79.5,46.48666666666667
2025-10-18 13:00:00+05:30,9.6175,725.1,45.932500000000005
2025-10-18 14:00:00+05:30,11.850000000000001,88.225,46.4025
2025-10-18 15:00:00+05:30,18.316666666666666,20.566666666666666,40.81
2025-10-18 16:00:00+05:30,31.155,49.099999999999994,33.46
2025-10-18 17:00:00+05:30,66.0325,10.2,6.955
2025-10-18 18:00:00+05:30,59.2,75.15,29.4075
2025-10-18 19:00:00+05:30,83.46000000000001,123.82499999999999,46.54
2025-10-18 20:00:00+05:30,67.62666666666667,173.0,66.9
2025-10-18 21:00:00+05:30,63.086666666666666,170.53333333333333,72.30333333333333
2025-10-18 22:00:00+05:30,65.43333333333334,168.36666666666667,89.20333333333333
2025-10-18 23:00:00+05:30,61.005,173.65,95.24000000000001
2025-10-19 00:00:00+05:30,43.47,169.0,91.11
2025-10-19 01:00:00+05:30,43.6475,151.0,84.4375
2025-10-19 02:00:00+05:30,60.627500000000005,140.45,79.17
2025-10-19 03:00:00+05:30,41.4,126.89999999999999,74.28666666666668
2025-10-19 04:00:00+05:30,29.465,103.39999999999999,68.2775
2025-10-19 05:00:00+05:30,38.394999999999996,93.25,60.0725
2025-10-19 06:00:00+05:30,30.82,81.675,47.834999999999994
2025-10-19 07:00:00+05:30,27.83,76.23333333333333,46.26
2025-10-19 08:00:00+05:30,23.375,80.725,42.69
2025-10-19 09:00:00+05:30,16.156666666666666,82.39999999999999,41.120000000000005
2025-10-19 10:00:00+05:30,14.343333333333334,86.63333333333333,38.89000000000001
2025-10-19 11:00:00+05:30,12.803333333333333,88.93333333333334,39.88333333333333
2025-10-19 12:00:00+05:30,10.245,88.6,39.209999999999994
2025-10-19 13:00:00+05:30,8.055,82.72500000000001,42.87
2025-10-19 14:00:00+05:30,6.18,77.55000000000001,39.5275
2025-10-19 15:00:00+05:30,6.3625,68.6,30.665
2025-10-19 16:00:00+05:30,7.9375,62.775000000000006,35.87
2025-10-19 17:00:00+05:30,16.46,63.9,38.303333333333335
2025-10-19 18:00:00+05:30,44.635,81.94999999999999,41.97
2025-10-19 19:00:00+05:30,61.987500000000004,124.79999999999998,88.2975
2025-10-19 20:00:00+05:30,98.22749999999999,157.3,107.2775
2025-10-19 21:00:00+05:30,97.3425,298.5,138.4425
2025-10-19 22:00:00+05:30,82.98,373.15000000000003,188.46
2025-10-19 23:00:00+05:30,72.205,346.15,205.28
2025-10-20 00:00:00+05:30,26.0,265.7,197.66
2025-10-20 01:00:00+05:30,27.33666666666667,160.16666666666666,169.51
2025-10-20 02:00:00+05:30,21.1825,101.475,125.01249999999999
2025-10-20 03:00:00+05:30,45.82333333333333,197.9,95.67333333333333
2025-10-20 04:00:00+05:30,34.1575,338.375,97.3
2025-10-20 05:00:00+05:30,27.1325,160.2,95.4225
2025-10-20 06:00:00+05:30,25.482499999999998,118.425,85.04
2025-10-20 07:00:00+05:30,23.86,115.60000000000001,83.17333333333333
2025-10-20 08:00:00+05:30,22.763333333333332,339.40000000000003,75.87666666666667
2025-10-20 09:00:00+05:30,15.62,186.65,71.675
2025-10-20 14:00:00+05:30,5.44,49.9,44.21
2025-10-20 15:00:00+05:30,6.243333333333333,52.633333333333326,38.443333333333335
2025-10-20 16:00:00+05:30,7.2825,61.7,35.1775
2025-10-20 17:00:00+05:30,12.4525,67.575,32.07
2025-10-20 18:00:00+05:30,38.322500000000005,71.65,32.3125
2025-10-20 19:00:00+05:30,79.12,102.76666666666667,40.11333333333334
2025-10-20 22:00:00+05:30,94.67,2149.0,999.99
2025-10-20 23:00:00+05:30,87.825,2458.9,999.99
2025-10-21 00:00:00+05:30,73.34,1647.8,999.99
2025-10-21 01:00:00+05:30,72.3925,1587.6999999999998,996.1875
2025-10-21 02:00:00+05:30,68.955,1156.4,763.53
2025-10-21 03:00:00+05:30,46.11333333333334,757.3333333333334,503.2133333333333
2025-10-21 04:00:00+05:30,27.646666666666665,322.46666666666664,211.6
2025-10-21 05:00:00+05:30,21.953333333333333,208.1,122.58
2025-10-21 06:00:00+05:30,23.8675,150.85,96.8775
2025-10-21 07:00:00+05:30,14.803333333333333,128.56666666666666,79.96
2025-10-21 08:00:00+05:30,17.3,137.13333333333333,80.68333333333334
2025-10-21 09:00:00+05:30,14.413333333333334,143.79999999999998,61.776666666666664
2025-10-21 10:00:00+05:30,13.6,140.3,66.96
2025-10-21 11:00:00+05:30,11.945,140.72500000000002,64.3675
2025-10-21 12:00:00+05:30,10.43,132.0666666666667,55.94333333333333
2025-10-21 13:00:00+05:30,8.556666666666667,123.06666666666666,53.123333333333335
2025-10-21 14:00:00+05:30,7.6,111.825,47.449999999999996
2025-10-21 15:00:00+05:30,8.0875,105.3,50.6175
2025-10-21 16:00:00+05:30,9.916666666666666,105.39999999999999,49.093333333333334
2025-10-21 17:00:00+05:30,17.013333333333332,105.26666666666667,47.82666666666666
2025-10-21 18:00:00+05:30,32.675,108.725,50.92
2025-10-21 19:00:00+05:30,46.485,151.1,60.74
2025-10-21 20:00:00+05:30,44.28333333333333,183.29999999999998,74.38666666666666
2025-10-21 21:00:00+05:30,45.4775,226.275,88.3175
2025-10-21 22:00:00+05:30,55.666666666666664,264.0333333333333,105.19666666666667
2025-10-21 23:00:00+05:30,60.345,331.35,149.85000000000002
2025-10-22 00:00:00+05:30,22.58,344.2,160.26
2025-10-22 01:00:00+05:30,41.05666666666667,281.3333333333333,145.49
2025-10-22 02:00:00+05:30,17.725,221.125,130.2575
2025-10-22 03:00:00+05:30,12.700000000000001,159.73333333333332,102.56666666666666
2025-10-22 04:00:00+05:30,12.99,131.70000000000002,84.69666666666667
2025-10-22 05:00:00+05:30,19.416666666666668,126.8,79.96
2025-10-22 06:00:00+05:30,23.7825,161.35,84.57249999999999
2025-10-22 07:00:00+05:30,18.645,173.1,89.36749999999999
2025-10-22 08:00:00+05:30,18.2775,164.05,77.0325
2025-10-22 09:00:00+05:30,15.447500000000002,144.64999999999998,67.45
2025-10-22 10:00:00+05:30,12.13,138.79999999999998,62.51666666666667
2025-10-22 11:00:00+05:30,10.6975,134.25,55.9775
2025-10-22 12:00:00+05:30,9.2825,128.1,57.17
2025-10-22 13:00:00+05:30,8.0325,147.1,56.7825
2025-10-22 14:00:00+05:30,7.3100000000000005,147.5,49.33
2025-10-22 15:00:00+05:30,7.4399999999999995,160.7,45.62
2025-10-22 16:00:00+05:30,10.532499999999999,147.55,41.6975
2025-10-22 17:00:00+05:30,20.006666666666664,127.3,36.050000000000004
2025-10-22 18:00:00+05:30,33.765,124.725,35.2475
2025-10-22 19:00:00+05:30,43.343333333333334,164.33333333333334,45.303333333333335
2025-10-22 20:00:00+05:30,54.045,185.67499999999998,56.47
2025-10-22 21:00:00+05:30,66.89999999999999,195.63333333333333,76.31666666666666
2025-10-22 22:00:00+05:30,71.0725,438.425,134.27999999999997
2025-10-22 23:00:00+05:30,59.765,400.5,152.47
2025-10-23 00:00:00+05:30,24.59,249.8,134.55
2025-10-23 01:00:00+05:30,17.83,179.0,113.13
2025-10-23 02:00:00+05:30,12.4775,127.82499999999999,97.05
2025-10-23 03:00:00+05:30,10.38,86.96666666666665,76.36333333333333
2025-10-23 04:00:00+05:30,9.133333333333333,67.53333333333335,52.54999999999999
2025-10-23 05:00:00+05:30,9.923333333333334,64.33333333333333,44.84666666666667
2025-10-23 06:00:00+05:30,14.7375,75.8,42.6225
2025-10-23 07:00:00+05:30,15.8175,77.7,38.645
2025-10-23 08:00:00+05:30,19.884999999999998,88.25,35.599999999999994
2025-10-23 09:00:00+05:30,18.065,98.15,36.8025
2025-10-23 10:00:00+05:30,15.8875,105.675,34.237500000000004
2025-10-23 11:00:00+05:30,11.823333333333332,115.8,37.013333333333335
2025-10-23 12:00:00+05:30,10.3325,128.45,39.082499999999996
2025-10-23 13:00:00+05:30,9.303333333333335,137.4,43.629999999999995
2025-10-23 14:00:00+05:30,8.0125,135.25,45.5075
2025-10-23 15:00:00+05:30,8.0375,124.89999999999999,46.655
2025-10-23 16:00:00+05:30,9.557500000000001,117.55,42.59
2025-10-23 17:00:00+05:30,14.87,107.26666666666665,44.39666666666667
2025-10-23 18:00:00+05:30,28.4675,126.625,49.11
2025-10-23 19:00:00+05:30,36.78,153.725,51.849999999999994
2025-10-23 20:00:00+05:30,36.01,176.33333333333334,55.192499999999995
2025-10-23 21:00:00+05:30,41.155,178.54999999999998,60.78
2025-10-23 22:00:00+05:30,34.11,187.4,72.675
2025-10-23 23:00:00+05:30,27.185000000000002,186.35000000000002,75.035
2025-10-24 00:00:00+05:30,12.5,158.5,63.21
2025-10-24 01:00:00+05:30,13.523333333333333,137.9,62.26
2025-10-24 02:00:00+05:30,13.2625,120.825,56.847500000000004
2025-10-24 03:00:00+05:30,13.8625,113.475,51.105
2025-10-24 04:00:00+05:30,15.053333333333333,108.93333333333332,51.06333333333333
2025-10-24 05:00:00+05:30,17.043333333333333,100.86666666666667,50.333333333333336
2025-10-24 06:00:00+05:30,22.86,101.175,47.3475
2025-10-24 07:00:00+05:30,18.3425,93.35,47.31
2025-10-24 08:00:00+05:30,18.733333333333334,103.03333333333335,47.10333333333333
2025-10-24 09:00:00+05:30,15.716666666666669,115.66666666666667,47.78666666666667
2025-10-24 10:00:00+05:30,12.549999999999999,119.96666666666665,48.51
2025-10-24 11:00:00+05:30,39.47,130.7,53.155
2025-10-24 12:00:00+05:30,9.04,163.825,60.605000000000004
2025-10-24 13:00:00+05:30,8.4,150.73333333333332,62.38333333333333
2025-10-24 14:00:00+05:30,8.35,134.475,56.635
2025-10-24 15:00:00+05:30,7.6425,129.05,57.385000000000005
2025-10-24 16:00:00+05:30,8.485,125.325,50.1175
2025-10-24 17:00:00+05:30,15.145,119.475,50.75
2025-10-24 18:00:00+05:30,27.0475,118.775,51.395
2025-10-24 19:00:00+05:30,36.03,136.82500000000002,53.92333333333334
2025-10-24 20:00:00+05:30,31.73,136.7,59.47
2025-10-24 21:00:00+05:30,26.7275,147.275,61.027499999999996
2025-10-24 22:00:00+05:30,28.505,141.8,62.78
2025-10-24 23:00:00+05:30,30.915,145.3,65.945
2025-10-25 00:00:00+05:30,13.36,138.1,58.89
2025-10-25 01:00:00+05:30,12.24,129.66666666666666,56.46666666666667
2025-10-25 02:00:00+05:30,11.1275,122.475,62.2175
2025-10-25 03:00:00+05:30,10.8625,115.42500000000001,56.75749999999999
2025-10-25 04:00:00+05:30,11.573333333333332,111.66666666666667,54.98
2025-10-25 05:00:00+05:30,13.96,108.775,47.825
2025-10-25 06:00:00+05:30,17.8475,103.67500000000001,51.872499999999995
2025-10-25 07:00:00+05:30,19.8575,107.1,50.6775
2025-10-25 08:00:00+05:30,21.6225,118.35,49.18
2025-10-25 09:00:00+05:30,19.7075,128.5,49.1025
2025-10-25 10:00:00+05:30,14.05,135.82500000000002,52.14
2025-10-25 11:00:00+05:30,10.445,134.0,58.44
2025-10-25 12:00:00+05:30,9.526666666666667,130.66666666666666,56.88333333333333
2025-10-25 13:00:00+05:30,8.27,129.05,56.375
2025-10-25 14:00:00+05:30,6.43,119.89999999999999,59.076666666666675
2025-10-25 15:00:00+05:30,6.0075,107.15,50.5525
2025-10-25 16:00:00+05:30,8.546666666666667,103.06666666666666,43.38666666666666
2025-10-25 17:00:00+05:30,13.6175,99.25,41.83
2025-10-25 18:00:00+05:30,24.6125,110.9,48.485
2025-10-25 19:00:00+05:30,17.3275,129.55,58.335
2025-10-25 20:00:00+05:30,18.035,124.82499999999999,59.7725
2025-10-25 21:00:00+05:30,21.613333333333333,116.46666666666665,56.39000000000001
2025-10-25 22:00:00+05:30,17.8225,114.45,57.885
2025-10-25 23:00:00+05:30,17.03,108.0,54.715
2025-10-26 00:00:00+05:30,10.02,85.0,46.45
2025-10-26 01:00:00+05:30,10.16,85.25,47.215
2025-10-26 02:00:00+05:30,10.2175,85.65,43.985
2025-10-26 03:00:00+05:30,12.370000000000001,74.375,44.9575
2025-10-26 04:00:00+05:30,12.5,74.475,45.09
2025-10-26 05:00:00+05:30,10.966666666666667,72.83333333333333,42.370000000000005
2025-10-26 06:00:00+05:30,11.67,66.05,41.4125
2025-10-26 07:00:00+05:30,11.806666666666667,69.2,39.446666666666665
2025-10-26 08:00:00+05:30,10.6975,61.625,31.2925
2025-10-26 09:00:00+05:30,9.953333333333333,65.13333333333333,27.666666666666668
2025-10-27 04:00:00+05:30,9.276666666666666,72.96666666666665,26.05666666666667
2025-10-27 05:00:00+05:30,9.4725,65.8,19.7725
2025-10-27 06:00:00+05:30,9.42,51.025,25.215
2025-10-27 07:00:00+05:30,9.7675,45.475,20.705
2025-10-27 08:00:00+05:30,9.78,41.0,15.280000000000001
2025-10-27 09:00:00+05:30,6.886666666666667,37.733333333333334,19.85
2025-10-27 10:00:00+05:30,0.0,0.0,0.0
2025-10-27 11:00:00+05:30,0.0,0.0,0.0
2025-10-27 12:00:00+05:30,0.0,0.0,0.0
2025-10-27 13:00:00+05:30,0.0,0.0,0.0
2025-10-27 14:00:00+05:30,0.0,0.0,0.0
2025-10-27 15:00:00+05:30,0.0,0.0,0.0
2025-10-27 16:00:00+05:30,0.0,0.0,0.0
2025-10-27 17:00:00+05:30,0.0,0.0,0.0
2025-10-27 18:00:00+05:30,0.0,0.0,0.0
2025-10-27 19:00:00+05:30,0.0,0.0,0.0
2025-10-27 20:00:00+05:30,0.0,0.0,0.0
2025-10-27 21:00:00+05:30,0.0,0.0,0.0
2025-10-27 22:00:00+05:30,0.0,0.0,0.0
2025-10-27 23:00:00+05:30,0.0,0.0,0.0
2025-10-28 00:00:00+05:30,0.0,0.0,0.0
2025-10-28 01:00:00+05:30,0.0,0.0,0.0
2025-10-28 02:00:00+05:30,0.0,0.0,0.0
2025-10-28 03:00:00+05:30,0.0,0.0,0.0
2025-10-28 04:00:00+05:30,0.0,0.0,0.0
2025-10-28 05:00:00+05:30,0.0,0.0,0.0
2025-10-28 06:00:00+05:30,0.0,0.0,0.0
2025-10-28 07:00:00+05:30,0.0,0.0,0.0
2025-10-28 08:00:00+05:30,0.0,0.0,0.0
2025-10-28 09:00:00+05:30,0.0,0.0,0.0
2025-10-28 12:00:00+05:30,0.0,0.0,0.0
2025-10-28 13:00:00+05:30,0.0,0.0,0.0
2025-10-28 14:00:00+05:30,0.0,0.0,0.0
2025-10-28 15:00:00+05:30,0.0,0.0,0.0
2025-10-28 16:00:00+05:30,0.0,0.0,0.0
2025-10-28 17:00:00+05:30,0.0,0.0,0.0
2025-10-28 18:00:00+05:30,0.0,0.0,0.0
2025-10-28 19:00:00+05:30,0.0,0.0,0.0
2025-10-28 22:00:00+05:30,0.0,0.0,0.0
2025-10-28 23:00:00+05:30,0.0,0.0,0.0
2025-10-29 00:00:00+05:30,0.0,0.0,0.0
2025-10-29 01:00:00+05:30,0.0,0.0,0.0
2025-10-29 02:00:00+05:30,0.0,0.0,0.0
2025-10-29 03:00:00+05:30,0.0,0.0,0.0
2025-10-29 04:00:00+05:30,0.0,0.0,0.0
2025-10-29 05:00:00+05:30,0.0,0.0,0.0
2025-10-29 06:00:00+05:30,0.0,0.0,0.0
2025-10-29 07:00:00+05:30,0.0,0.0,0.0
2025-10-29 08:00:00+05:30,0.0,0.0,0.0
2025-10-29 09:00:00+05:30,0.0,0.0,0.0
2025-10-29 10:00:00+05:30,0.0,0.0,0.0
2025-10-29 11:00:00+05:30,0.0,0.0,0.0
2025-10-29 12:00:00+05:30,0.0,0.0,0.0
2025-10-29 13:00:00+05:30,0.0,0.0,0.0
2025-10-29 14:00:00+05:30,0.0,0.0,0.0
2025-10-29 15:00:00+05:30,0.0,0.0,0.0
2025-10-29 16:00:00+05:30,0.0,0.0,0.0
2025-10-29 18:00:00+05:30,0.0,0.0,0.0
2025-10-29 19:00:00+05:30,7.025,18.0,24.61
2025-10-29 20:00:00+05:30,4.403333333333333,77.1,103.02
2025-10-29 21:00:00+05:30,13.729999999999999,84.46666666666665,57.96
2025-10-29 22:00:00+05:30,12.21,84.65,47.4325
2025-10-29 23:00:00+05:30,11.045,84.2,49.67
2025-10-30 00:00:00+05:30,8.92,70.6,38.94
2025-10-30 01:00:00+05:30,8.31,70.25,38.695
2025-10-30 02:00:00+05:30,7.3525,67.57499999999999,38.5575
2025-10-30 03:00:00+05:30,6.640000000000001,59.425,35.495
2025-10-30 04:00:00+05:30,6.586666666666666,58.03333333333333,32.443333333333335
2025-10-30 05:00:00+05:30,7.09,54.36666666666667,30.223333333333333
2025-10-30 06:00:00+05:30,8.8725,53.15,28.715
2025-10-30 07:00:00+05:30,9.299999999999999,44.6,29.076666666666668
2025-10-30 08:00:00+05:30,11.06,43.725,28.73
2025-10-30 09:00:00+05:30,12.225,51.150000000000006,22.1525
2025-10-30 10:00:00+05:30,14.283333333333333,55.46666666666667,26.393333333333334
2025-10-30 11:00:00+05:30,12.343333333333334,52.36666666666667,26.599999999999998
2025-10-30 12:00:00+05:30,11.8475,48.275,24.39
2025-10-30 13:00:00+05:30,11.336666666666666,50.96666666666667,29.103333333333335
2025-10-30 14:00:00+05:30,14.235,49.525,30.1475
2025-10-30 15:00:00+05:30,14.290000000000001,41.4,26.77
2025-10-30 16:00:00+05:30,13.796666666666667,38.53333333333334,23.49333333333333
2025-10-30 17:00:00+05:30,14.823333333333332,35.0,19.825
2025-10-30 18:00:00+05:30,17.45,31.775,18.6125
2025-10-30 19:00:00+05:30,19.39,34.13333333333333,20.993333333333336
2025-10-30 20:00:00+05:30,19.333333333333332,31.333333333333332,17.836666666666666
2025-10-30 21:00:00+05:30,19.557499999999997,33.775,14.162500000000001
2025-10-30 22:00:00+05:30,13.409999999999998,28.133333333333336,15.236666666666666
2025-10-30 23:00:00+05:30,13.025,26.6,15.14
2025-10-31 01:00:00+05:30,7.226666666666667,21.633333333333336,17.33666666666667
2025-10-31 02:00:00+05:30,4.5425,21.875,13.465
2025-10-31 03:00:00+05:30,5.1975,22.375,12.879999999999999
2025-10-31 04:00:00+05:30,5.433333333333334,17.900000000000002,9.543333333333335
2025-10-31 05:00:00+05:30,6.3100000000000005,17.55,7.845000000000001
2025-10-31 06:00:00+05:30,6.0925,16.4,7.7425
2025-10-31 07:00:00+05:30,8.875,12.200000000000001,5.605
2025-10-31 08:00:00+05:30,7.5125,10.35,4.6375
2025-10-31 09:00:00+05:30,8.613333333333332,12.733333333333334,3.68
2025-10-31 10:00:00+05:30,8.7375,16.375,3.265
2025-10-31 12:00:00+05:30,5.49,15.100000000000001,3.0375
2025-10-31 13:00:00+05:30,7.3675,22.375,3.3674999999999997
2025-10-31 14:00:00+05:30,8.567499999999999,26.0,6.0425
2025-10-31 15:00:00+05:30,7.705,23.1,6.24
2025-10-31 16:00:00+05:30,9.99,20.099999999999998,4.829999999999999
2025-10-31 17:00:00+05:30,17.44,23.0,4.3875
2025-10-31 18:00:00+05:30,26.0425,32.35,5.1475
2025-10-31 19:00:00+05:30,23.814999999999998,37.525,5.98
2025-10-31 20:00:00+05:30,18.4725,35.1,7.57
2025-10-31 21:00:00+05:30,17.30333333333333,36.166666666666664,7.2
2025-10-31 22:00:00+05:30,17.41,43.175,9.16
2025-10-31 23:00:00+05:30,16.634999999999998,46.0,9.7
2025-11-01 00:00:00+05:30,8.05,40.4,8.1
2025-11-01 01:00:00+05:30,8.053333333333333,40.6,8.15
2025-11-01 02:00:00+05:30,9.35,35.9,9.26
2025-11-01 03:00:00+05:30,9.43,35.7,9.39
2025-11-01 05:00:00+05:30,7.93,19.1,7.11
2025-11-01 06:00:00+05:30,10.63,21.96666666666667,7.733333333333334
2025-11-01 07:00:00+05:30,9.916666666666666,30.333333333333332,8.39
2025-11-01 08:00:00+05:30,9.56,37.975,9.975
2025-11-01 09:00:00+05:30,10.103333333333333,53.633333333333326,18.84
2025-11-01 10:00:00+05:30,11.246666666666668,48.333333333333336,18.316666666666666
2025-11-01 11:00:00+05:30,11.0425,49.724999999999994,16.3525
2025-11-01 12:00:00+05:30,9.34,43.55,13.09
2025-11-01 13:00:00+05:30,8.0725,36.875,12.645
2025-11-01 14:00:00+05:30,7.6625,36.575,9.145
2025-11-01 15:00:00+05:30,10.26,31.2,7.07
2025-11-01 16:00:00+05:30,9.1625,25.9,5.875
2025-11-01 17:00:00+05:30,11.75,27.866666666666664,7.0200000000000005
2025-11-01 18:00:00+05:30,21.572499999999998,28.35,9.27
2025-11-01 19:00:00+05:30,27.25,30.2,12.01
2025-11-01 20:00:00+05:30,28.7275,43.95,9.524999999999999
2025-11-01 21:00:00+05:30,30.813333333333333,42.46666666666667,13.29
2025-11-01 22:00:00+05:30,30.1125,44.25,15.5825
2025-11-01 23:00:00+05:30,29.15,69.4,17.18
2025-11-02 00:00:00+05:30,31.11,72.7,25.56
2025-11-02 01:00:00+05:30,30.866666666666664,72.06666666666666,25.159999999999997
2025-11-02 02:00:00+05:30,29.115,70.22500000000001,25.482499999999998
2025-11-02 03:00:00+05:30,25.355,69.1,28.7675
2025-11-02 04:00:00+05:30,21.073333333333334,64.89999999999999,25.11
2025-11-02 05:00:00+05:30,18.353333333333335,60.0,22.916666666666668
2025-11-02 06:00:00+05:30,18.13,60.3,19.865
2025-11-02 07:00:00+05:30,17.7275,54.05,20.2225
2025-11-02 08:00:00+05:30,17.33,53.05,21.625
2025-11-02 09:00:00+05:30,25.853333333333335,70.26666666666667,25.959999999999997
2025-11-02 10:00:00+05:30,31.8,90.55,28.66
2025-11-02 11:00:00+05:30,34.92,90.125,24.965
2025-11-02 12:00:00+05:30,23.4125,89.45,24.03
2025-11-02 13:00:00+05:30,21.703333333333333,86.93333333333334,26.25333333333333
2025-11-02 14:00:00+05:30,14.036666666666667,77.63333333333334,26.423333333333332
2025-11-02 15:00:00+05:30,20.723333333333333,73.26666666666667,23.3
2025-11-02 16:00:00+05:30,22.89,72.5,21.125
2025-11-02 17:00:00+05:30,19.736666666666668,71.93333333333334,17.763333333333332
2025-11-02 18:00:00+05:30,26.765,70.32499999999999,20.8625
2025-11-02 19:00:00+05:30,34.24333333333333,65.76666666666667,19.459999999999997
2025-11-02 20:00:00+05:30,37.3375,69.675,16.0525
2025-11-02 21:00:00+05:30,41.809999999999995,73.06666666666666,20.14
2025-11-02 22:00:00+05:30,34.11,73.36666666666666,21.923333333333332
2025-11-02 23:00:00+05:30,21.465,74.6,19.47
2025-11-03 01:00:00+05:30,7.61,53.0,13.27
2025-11-03 02:00:00+05:30,6.945,52.8,12.525
2025-11-03 03:00:00+05:30,5.09,50.5,9.146666666666667
2025-11-03 04:00:00+05:30,5.33,42.15,8.205
2025-11-03 05:00:00+05:30,6.136666666666667,35.7,10.67
2025-11-03 06:00:00+05:30,10.62,34.6,7.15
2025-11-03 07:00:00+05:30,12.2425,35.1,7.182499999999999
2025-11-03 08:00:00+05:30,9.6825,37.05,7.73
2025-11-03 09:00:00+05:30,8.475,38.3,9.239999999999998
2025-11-03 10:00:00+05:30,9.4475,46.800000000000004,10.485
2025-11-03 11:00:00+05:30,6.74,48.8,12.44
2025-11-03 14:00:00+05:30,5.975,43.45,10.6975
2025-11-03 15:00:00+05:30,6.006666666666667,46.53333333333333,10.586666666666668
2025-11-03 16:00:00+05:30,7.33,39.3,10.83
2025-11-03 17:00:00+05:30,6.476666666666667,46.13333333333333,10.18
2025-11-03 18:00:00+05:30,10.7625,43.25,10.399999999999999
2025-11-03 19:00:00+05:30,13.8975,44.7,12.2975
2025-11-03 20:00:00+05:30,25.48,38.2,13.66
2025-11-04 09:00:00+05:30,7.98,68.5,19.91
2025-11-04 10:00:00+05:30,6.316666666666666,69.3,19.703333333333333
2025-11-04 11:00:00+05:30,5.836666666666667,71.3,18.82
2025-11-04 13:00:00+05:30,4.61,74.9,21.36
2025-11-04 14:00:00+05:30,4.595000000000001,73.925,20.66
2025-11-04 15:00:00+05:30,5.146666666666667,72.76666666666667,17.136666666666667
2025-11-04 16:00:00+05:30,5.546666666666667,76.0,15.803333333333333
2025-11-04 17:00:00+05:30,9.0375,79.125,17.557499999999997
2025-11-04 18:00:00+05:30,17.42,91.93333333333332,20.153333333333336
2025-11-04 19:00:00+05:30,46.605000000000004,111.9,24.752499999999998
2025-11-04 20:00:00+05:30,51.595,159.3,32.1875
2025-11-04 21:00:00+05:30,61.5675,196.175,36.325
2025-11-04 22:00:00+05:30,50.3975,204.275,38.6575
2025-11-04 23:00:00+05:30,25.259999999999998,195.6,42.47
2025-11-05 00:00:00+05:30,46.0,131.2,32.4
2025-11-05 01:00:00+05:30,48.5975,129.9,32.462500000000006
2025-11-05 02:00:00+05:30,43.015,134.875,33.6125
2025-11-05 03:00:00+05:30,43.255,143.27499999999998,36.522499999999994
2025-11-05 04:00:00+05:30,39.5175,145.42499999999998,37.432500000000005
2025-11-05 05:00:00+05:30,36.016666666666666,146.26666666666665,37.6
2025-11-05 06:00:00+05:30,29.73,143.5,41.0625
2025-11-05 07:00:00+05:30,21.517500000000002,131.5,38.192499999999995
2025-11-05 08:00:00+05:30,27.0175,126.82499999999999,38.565
2025-11-05 09:00:00+05:30,26.4975,133.925,35.445
2025-11-05 10:00:00+05:30,13.4375,125.375,31.029999999999998
2025-11-05 11:00:00+05:30,15.2225,144.2,35.69
2025-11-05 12:00:00+05:30,11.61,54.074999999999996,13.482499999999998
2025-11-05 13:00:00+05:30,5.5625,96.75,53.722500000000004
2025-11-05 14:00:00+05:30,10.2075,152.475,65.8075
2025-11-05 15:00:00+05:30,9.879999999999999,137.2,41.8225
2025-11-05 16:00:00+05:30,10.925,130.8,34.15
2025-11-05 17:00:00+05:30,15.296666666666667,125.83333333333333,32.196666666666665
2025-11-05 18:00:00+05:30,23.322499999999998,136.55,31.5675
2025-11-05 19:00:00+05:30,38.385,137.35,35.93
2025-11-05 20:00:00+05:30,51.03333333333334,158.23333333333332,44.403333333333336
2025-11-05 21:00:00+05:30,64.81333333333333,216.86666666666667,68.51333333333334
2025-11-05 22:00:00+05:30,66.64,368.275,114.5125
2025-11-05 23:00:00+05:30,71.195,483.2,150.95
2025-11-06 00:00:00+05:30,36.09,324.6,174.29
2025-11-06 01:00:00+05:30,32.78666666666667,270.1333333333334,152.04
2025-11-06 02:00:00+05:30,38.95,212.52499999999998,119.5675
2025-11-06 03:00:00+05:30,19.6075,206.825,105.755
2025-11-06 04:00:00+05:30,13.0625,151.525,84.2075
2025-11-06 05:00:00+05:30,19.796666666666667,115.66666666666667,61.776666666666664
2025-11-06 06:00:00+05:30,26.7825,112.15,50.7375
2025-11-06 07:00:00+05:30,33.1525,119.15,51.7
2025-11-06 08:00:00+05:30,29.1075,140.65,52.12
2025-11-06 09:00:00+05:30,22.3725,151.825,52.5525
2025-11-06 10:00:00+05:30,17.927500000000002,157.77499999999998,50.5225
2025-11-06 11:00:00+05:30,11.545,155.85,45.81
2025-11-06 12:00:00+05:30,9.9125,145.95,40.8425
2025-11-06 13:00:00+05:30,7.7675,129.5,32.1475
2025-11-06 14:00:00+05:30,6.6825,121.2,25.18
2025-11-06 15:00:00+05:30,13.31,118.39999999999999,23.413333333333338
2025-11-06 18:00:00+05:30,56.95,119.175,19.285
2025-11-06 19:00:00+05:30,82.8775,257.35,30.125
2025-11-06 20:00:00+05:30,80.9,364.75,43.3925
2025-11-06 21:00:00+05:30,80.06,316.825,47.325
2025-11-06 22:00:00+05:30,63.455,400.875,77.0775
2025-11-06 23:00:00+05:30,57.97,471.0,96.01
2025-11-07 00:00:00+05:30,54.09,238.8,79.08
2025-11-07 01:00:00+05:30,52.876666666666665,208.0666666666667,65.02666666666666
2025-11-07 02:00:00+05:30,50.5275,195.3,54.6075
2025-11-07 03:00:00+05:30,35.935,170.425,47.6475
2025-11-07 04:00:00+05:30,26.9425,132.425,44.0975
2025-11-07 05:00:00+05:30,27.666666666666668,118.16666666666667,36.376666666666665
2025-11-07 06:00:00+05:30,32.3425,122.175,31.9175
2025-11-07 07:00:00+05:30,31.4075,131.425,35.6475
2025-11-07 08:00:00+05:30,24.947499999999998,150.95,38.6725
2025-11-07 09:00:00+05:30,19.8375,164.575,37.41
2025-11-07 10:00:00+05:30,16.1375,160.7,34.49
2025-11-07 11:00:00+05:30,13.719999999999999,156.23333333333335,35.22
2025-11-07 12:00:00+05:30,13.7975,152.1,36.1475
2025-11-07 13:00:00+05:30,9.77,142.75,32.8425
2025-11-07 14:00:00+05:30,8.3625,130.35000000000002,30.4725
2025-11-07 15:00:00+05:30,8.89,124.3,30.8875
2025-11-07 16:00:00+05:30,11.8475,123.3,27.752499999999998
2025-11-07 17:00:00+05:30,18.435,130.625,23.575
2025-11-07 18:00:00+05:30,62.3125,142.275,31.8025
2025-11-07 19:00:00+05:30,96.49666666666667,168.76666666666668,41.18333333333333
2025-11-07 20:00:00+05:30,89.18333333333334,325.03333333333336,55.06333333333333
2025-11-07 21:00:00+05:30,91.245,419.05,64.095
2025-11-07 22:00:00+05:30,84.2325,400.675,70.8825
2025-11-07 23:00:00+05:30,77.11500000000001,378.6,74.3
2025-11-08 00:00:00+05:30,73.99,356.6,79.33
2025-11-08 01:00:00+05:30,70.97749999999999,317.8,77.55250000000001
2025-11-08 02:00:00+05:30,63.2725,239.7,72.62
2025-11-08 03:00:00+05:30,47.825,185.45,64.63
2025-11-08 04:00:00+05:30,48.675,162.825,59.2675
2025-11-08 05:00:00+05:30,46.946666666666665,147.36666666666667,55.14666666666667
2025-11-08 06:00:00+05:30,39.1375,135.7,49.685
2025-11-08 07:00:00+05:30,30.8,132.2,43.445
2025-11-08 08:00:00+05:30,24.935000000000002,124.89999999999999,38.93
2025-11-08 09:00:00+05:30,23.3525,125.05,31.1025
2025-11-08 10:00:00+05:30,23.37,124.675,28.869999999999997
2025-11-08 11:00:00+05:30,17.4925,126.95,30.895
2025-11-08 12:00:00+05:30,12.266666666666666,114.66666666666667,26.353333333333335
2025-11-08 13:00:00+05:30,9.426666666666668,106.26666666666667,22.58666666666667
2025-11-08 14:00:00+05:30,10.0825,94.45,19.945
2025-11-08 15:00:00+05:30,22.2725,83.35,19.23
2025-11-08 16:00:00+05:30,14.465,80.45,16.37
2025-11-08 17:00:00+05:30,21.2375,85.175,14.6625
2025-11-08 18:00:00+05:30,40.72,93.33333333333333,14.036666666666667
2025-11-08 19:00:00+05:30,84.92,124.19999999999999,19.6325
2025-11-08 20:00:00+05:30,95.1875,174.75,33.38
2025-11-08 21:00:00+05:30,81.24333333333334,212.83333333333334,44.14666666666667
2025-11-08 22:00:00+05:30,76.3275,230.8,49.712500000000006
2025-11-08 23:00:00+05:30,80.305,232.0,51.925
2025-11-09 00:00:00+05:30,67.17,235.8,61.03
2025-11-09 01:00:00+05:30,66.0825,233.475,59.4325
2025-11-09 02:00:00+05:30,61.8975,226.75,60.345
2025-11-09 03:00:00+05:30,59.9075,211.3,57.1725
2025-11-09 04:00:00+05:30,53.555,191.8,51.894999999999996
2025-11-09 05:00:00+05:30,47.1625,176.25,47.3275
2025-11-09 06:00:00+05:30,45.585,164.125,43.685
2025-11-09 07:00:00+05:30,37.56,151.575,42.5075
2025-11-09 08:00:00+05:30,28.294999999999998,151.025,42.595
2025-11-09 09:00:00+05:30,28.0125,154.95,36.6975
2025-11-09 10:00:00+05:30,27.1725,150.3,37.29
2025-11-09 11:00:00+05:30,24.625,149.2,41.095
2025-11-09 12:00:00+05:30,12.775,150.375,39.56
2025-11-09 13:00:00+05:30,8.623333333333333,137.29999999999998,34.38666666666666
2025-11-09 14:00:00+05:30,7.3225,110.4,27.605
2025-11-09 15:00:00+05:30,7.3875,102.475,24.465
2025-11-09 16:00:00+05:30,8.285,102.9,25.835
2025-11-09 17:00:00+05:30,21.246666666666666,101.2,27.45
2025-11-09 18:00:00+05:30,57.45,120.27499999999999,30.34
2025-11-09 19:00:00+05:30,75.47,171.1,40.875
2025-11-09 20:00:00+05:30,79.9975,218.75,50.0175
2025-11-09 21:00:00+05:30,77.6275,233.325,53.98
2025-11-09 22:00:00+05:30,83.6925,234.55,59.5025
2025-11-09 23:00:00+05:30,79.715,239.7,61.48
2025-11-10 00:00:00+05:30,68.2,245.6,57.6
2025-11-10 01:00:00+05:30,61.51666666666667,244.66666666666666,59.71333333333334
2025-11-10 02:00:00+05:30,60.285,223.475,61.1375
2025-11-10 03:00:00+05:30,46.51666666666667,191.86666666666665,59.66
2025-11-10 04:00:00+05:30,37.28,183.2,56.97
2025-11-10 05:00:00+05:30,33.480000000000004,173.425,56.1325
2025-11-10 06:00:00+05:30,44.489999999999995,164.425,52.6525
2025-11-10 07:00:00+05:30,44.519999999999996,162.25,48.1075
2025-11-10 08:00:00+05:30,35.0575,162.75,49.56
2025-11-10 09:00:00+05:30,35.31,165.7,50.67
2025-11-10 10:00:00+05:30,30.79,173.375,45.6475
2025-11-10 18:00:00+05:30,80.22,125.3,30.92
2025-11-10 19:00:00+05:30,99.07,333.5,46.46
2025-11-10 20:00:00+05:30,94.46,437.4,57.2
2025-11-10 21:00:00+05:30,89.33,466.0333333333333,67.11333333333333
2025-11-10 22:00:00+05:30,80.155,491.625,80.6625
2025-11-10 23:00:00+05:30,76.145,434.25,81.75999999999999
2025-11-11 00:00:00+05:30,72.23,244.8,74.37
2025-11-11 01:00:00+05:30,68.345,230.97500000000002,70.7675
2025-11-11 02:00:00+05:30,64.77,200.075,67.52
2025-11-11 03:00:00+05:30,54.475,161.425,65.055
2025-11-11 04:00:00+05:30,57.6075,144.97500000000002,59.4
2025-11-11 05:00:00+05:30,46.17666666666667,146.83333333333334,57.123333333333335
2025-11-11 06:00:00+05:30,46.06666666666666,154.33333333333334,58.71333333333333
2025-11-11 07:00:00+05:30,47.3825,157.525,57.1675
2025-11-11 08:00:00+05:30,43.945,161.525,56.4825
2025-11-11 09:00:00+05:30,32.16,164.8,57.07
2025-11-11 10:00:00+05:30,29.086666666666662,163.6,48.69
2025-11-11 11:00:00+05:30,18.823333333333334,165.03333333333333,45.703333333333326
2025-11-11 12:00:00+05:30,13.785,154.575,38.7875
2025-11-11 13:00:00+05:30,13.737499999999999,131.075,30.71
2025-11-11 14:00:00+05:30,12.505,119.4,28.439999999999998
2025-11-11 15:00:00+05:30,15.373333333333333,111.5,28.513333333333332
2025-11-11 16:00:00+05:30,10.83,98.85,30.075000000000003
2025-11-11 17:00:00+05:30,23.419999999999998,100.175,27.2825
2025-11-11 18:00:00+05:30,74.995,127.75,30.075000000000003
2025-11-11 19:00:00+05:30,99.2925,182.85,39.3075
2025-11-11 20:00:00+05:30,104.545,329.29999999999995,54.0375
2025-11-11 21:00:00+05:30,96.8,397.8666666666666,65.52999999999999
2025-11-11 22:00:00+05:30,86.66499999999999,411.6,76.9375
2025-11-11 23:00:00+05:30,80.105,415.5,83.18
2025-11-12 00:00:00+05:30,72.42,304.8,85.16
2025-11-12 01:00:00+05:30,70.2425,262.125,81.7
2025-11-12 02:00:00+05:30,67.63,210.25,74.9875
2025-11-12 03:00:00+05:30,57.93666666666667,180.5666666666667,71.20666666666666
2025-11-12 04:00:00+05:30,50.4825,157.85000000000002,65.3725
2025-11-12 05:00:00+05:30,47.25666666666666,146.70000000000002,62.67666666666667
2025-11-12 06:00:00+05:30,49.4975,144.55,62.185
2025-11-12 07:00:00+05:30,46.82,149.9,62.855000000000004
2025-11-12 08:00:00+05:30,39.815,152.5,59.8775
2025-11-12 09:00:00+05:30,28.52,155.4,50.9225
2025-11-12 10:00:00+05:30,24.663333333333338,154.1,44.56666666666666
2025-11-12 11:00:00+05:30,17.855,150.8,41.66
2025-11-12 12:00:00+05:30,9.165,145.625,39.7425
2025-11-12 13:00:00+05:30,0.0,118.0,33.4
2025-11-12 14:00:00+05:30,6.475,116.4,32.457499999999996
2025-11-12 15:00:00+05:30,8.135,107.875,29.065
2025-11-12 16:00:00+05:30,10.223333333333334,100.33333333333333,26.703333333333333
2025-11-12 17:00:00+05:30,13.725,103.85,25.55
2025-11-12 18:00:00+05:30,72.63,124.39999999999999,23.613333333333333
2025-11-12 19:00:00+05:30,107.06,157.96666666666667,32.68
2025-11-12 20:00:00+05:30,94.12,383.3,61.2
2025-11-12 21:00:00+05:30,91.27000000000001,366.475,64.1425
2025-11-12 22:00:00+05:30,83.03,325.0,68.77000000000001
2025-11-12 23:00:00+05:30,81.47999999999999,293.6,70.89500000000001
2025-11-13 00:00:00+05:30,72.96,298.5,79.65
2025-11-13 01:00:00+05:30,52.8,234.175,75.205
2025-11-13 02:00:00+05:30,40.47,164.725,67.39
2025-11-13 03:00:00+05:30,42.9825,130.0,59.585
2025-11-13 04:00:00+05:30,35.7025,133.0,57.4225
2025-11-13 05:00:00+05:30,25.76,135.9333333333333,58.20666666666667
2025-11-13 06:00:00+05:30,40.95,129.15,52.075
2025-11-13 07:00:00+05:30,49.025,135.05,51.3275
2025-11-13 08:00:00+05:30,35.887499999999996,145.875,53.6475
2025-11-13 09:00:00+05:30,31.0825,153.725,48.2125
2025-11-13 10:00:00+05:30,25.32,158.6,43.6275
2025-11-13 11:00:00+05:30,16.439999999999998,157.675,42.7775
2025-11-13 12:00:00+05:30,14.905,149.075,39.7475
2025-11-13 13:00:00+05:30,9.035,138.77499999999998,32.1325
2025-11-13 14:00:00+05:30,8.4375,129.0,26.3275
2025-11-13 15:00:00+05:30,8.3825,119.47500000000001,28.259999999999998
2025-11-13 16:00:00+05:30,11.209999999999999,112.03333333333335,26.486666666666668
2025-11-13 17:00:00+05:30,25.2125,110.65,26.685000000000002
2025-11-13 18:00:00+05:30,53.3975,131.075,27.765
2025-11-13 19:00:00+05:30,93.85666666666667,155.76666666666665,30.983333333333334
2025-11-13 20:00:00+05:30,99.1875,303.525,49.44
2025-11-13 21:00:00+05:30,92.09,375.5,64.1075
2025-11-13 22:00:00+05:30,81.49249999999999,347.925,70.6475
2025-11-13 23:00:00+05:30,80.78,326.2,74.435
2025-11-14 01:00:00+05:30,40.74,210.6,66.8
2025-11-14 02:00:00+05:30,48.7525,185.375,66.9725
2025-11-14 03:00:00+05:30,36.05,155.2,61.4
2025-11-14 04:00:00+05:30,29.135,139.725,55.9925
2025-11-14 05:00:00+05:30,31.78,131.64999999999998,53.519999999999996
2025-11-14 06:00:00+05:30,31.266666666666666,123.16666666666667,51.74
2025-11-14 07:00:00+05:30,30.174999999999997,126.775,50.265
2025-11-14 08:00:00+05:30,20.665,129.875,44.89
2025-11-14 09:00:00+05:30,21.57,129.125,37.7075
2025-11-14 10:00:00+05:30,17.67,131.175,31.380000000000003
2025-11-14 11:00:00+05:30,15.055,132.175,31.0425
2025-11-14 12:00:00+05:30,12.3825,126.8,28.4825
2025-11-14 13:00:00+05:30,9.825,119.8,27.935000000000002
2025-11-14 14:00:00+05:30,9.115,111.375,26.38
2025-11-14 15:00:00+05:30,8.5225,103.875,25.8075
2025-11-14 16:00:00+05:30,12.086666666666668,97.60000000000001,27.689999999999998
2025-11-14 17:00:00+05:30,20.78,99.35,31.494999999999997
2025-11-14 18:00:00+05:30,55.8525,105.225,30.4725
2025-11-14 19:00:00+05:30,97.5225,228.70000000000002,38.14
2025-11-14 20:00:00+05:30,88.775,299.875,50.2975
2025-11-14 21:00:00+05:30,79.7575,117.825,54.855000000000004
2025-11-14 22:00:00+05:30,71.77,6.75,55.375
2025-11-14 23:00:00+05:30,57.2,6.6,55.47
2025-11-15 00:00:00+05:30,47.07,1.1,46.9
2025-11-15 01:00:00+05:30,48.125,1.1,43.5425
2025-11-15 02:00:00+05:30,38.332499999999996,1.1,39.302499999999995
2025-11-15 03:00:00+05:30,29.97666666666667,1.1,38.336666666666666
2025-11-15 04:00:00+05:30,28.215,1.1,36.6175
2025-11-15 05:00:00+05:30,28.243333333333336,1.1,31.669999999999998
2025-11-15 06:00:00+05:30,33.27666666666667,1.1,28.796666666666667
2025-11-15 07:00:00+05:30,33.906666666666666,1.1,28.953333333333333
2025-11-15 08:00:00+05:30,30.1575,1.1,30.3325
2025-11-15 09:00:00+05:30,24.86,1.0750000000000002,26.3575
2025-11-15 10:00:00+05:30,19.653333333333332,0.0,6.97
2025-11-15 11:00:00+05:30,23.25,127.6,16.78
2025-11-15 12:00:00+05:30,24.3875,147.92499999999998,25.802500000000002
2025-11-15 13:00:00+05:30,15.6,153.8,31.12
2025-11-15 14:00:00+05:30,13.215,124.025,31.740000000000002
2025-11-15 15:00:00+05:30,16.5075,122.42500000000001,29.427500000000002
2025-11-15 16:00:00+05:30,11.53,117.5,34.46
2025-11-15 17:00:00+05:30,24.4225,116.225,37.730000000000004
2025-11-15 18:00:00+05:30,54.163333333333334,123.36666666666667,41.26333333333333
2025-11-15 19:00:00+05:30,72.5375,178.925,49.5175
2025-11-15 20:00:00+05:30,54.2075,191.325,59.2475
2025-11-15 21:00:00+05:30,53.582499999999996,190.75,61.17
2025-11-15 22:00:00+05:30,58.68333333333334,181.0,55.25
2025-11-15 23:00:00+05:30,63.62,211.45,52.15
2025-11-16 00:00:00+05:30,34.34,200.9,51.06
2025-11-16 01:00:00+05:30,31.7825,165.225,50.839999999999996
2025-11-16 02:00:00+05:30,23.436666666666667,151.6,42.38666666666666
2025-11-16 03:00:00+05:30,22.836666666666662,134.4333333333333,34.089999999999996
2025-11-16 04:00:00+05:30,23.4275,108.925,33.4875
2025-11-16 05:00:00+05:30,23.677500000000002,98.075,30.685
2025-11-16 06:00:00+05:30,24.255,93.27499999999999,30.9375
2025-11-16 07:00:00+05:30,24.605,94.07499999999999,27.5
2025-11-16 08:00:00+05:30,27.085,101.125,31.552500000000002
2025-11-16 09:00:00+05:30,25.2425,107.95,32.222500000000004
2025-11-16 10:00:00+05:30,19.7,115.89999999999999,34.86666666666667
2025-11-16 11:00:00+05:30,15.04,135.9,28.91
2025-11-16 12:00:00+05:30,12.56,141.10000000000002,33.2275
2025-11-16 13:00:00+05:30,9.613333333333333,141.2,28.35666666666667
2025-11-16 14:00:00+05:30,9.543333333333335,133.4,27.633333333333336
2025-11-16 15:00:00+05:30,8.556666666666667,114.93333333333334,19.73
2025-11-16 16:00:00+05:30,14.03,102.7,23.62
2025-11-16 17:00:00+05:30,23.1925,95.95,25.365000000000002
2025-11-16 18:00:00+05:30,48.72,101.975,25.045
2025-11-16 19:00:00+05:30,74.02333333333333,147.03333333333333,31.540000000000003
2025-11-16 20:00:00+05:30,83.2,185.925,40.5925
2025-11-16 21:00:00+05:30,80.55333333333333,196.53333333333333,56.47333333333333
2025-11-16 22:00:00+05:30,70.57249999999999,217.15,66.36
2025-11-16 23:00:00+05:30,70.485,219.6,67.235
2025-11-17 00:00:00+05:30,34.43,202.2,60.7
2025-11-17 01:00:00+05:30,30.884999999999998,167.9,58.559999999999995
2025-11-17 02:00:00+05:30,25.41,131.7,54.2
2025-11-17 03:00:00+05:30,23.15,119.80000000000001,52.72
2025-11-17 04:00:00+05:30,24.119999999999997,101.27499999999999,49.335
2025-11-17 05:00:00+05:30,19.9025,96.75,44.14
2025-11-17 06:00:00+05:30,33.339999999999996,93.9,45.9675
2025-11-17 07:00:00+05:30,46.6425,120.8,51.475
2025-11-17 08:00:00+05:30,40.1875,142.525,55.2075
2025-11-17 09:00:00+05:30,22.72,146.85,53.730000000000004
2025-11-17 10:00:00+05:30,20.023333333333333,150.9,50.53
2025-11-17 11:00:00+05:30,15.32,148.3,51.13
2025-11-17 12:00:00+05:30,13.113333333333335,148.2,47.913333333333334
2025-11-17 13:00:00+05:30,16.6625,136.05,44.4425
2025-11-17 14:00:00+05:30,11.103333333333333,130.63333333333333,42.556666666666665
2025-11-17 15:00:00+05:30,12.0225,119.02499999999999,47.0775
2025-11-17 16:00:00+05:30,12.315,106.55,41.42
2025-11-17 17:00:00+05:30,25.0675,107.65,37.375
2025-11-17 18:00:00+05:30,58.6025,123.4,41.1725
2025-11-17 19:00:00+05:30,80.815,170.85,52.412499999999994
2025-11-17 20:00:00+05:30,90.49333333333334,209.80000000000004,68.34
2025-11-17 21:00:00+05:30,66.49,205.1,70.22
2025-11-17 22:00:00+05:30,59.9075,194.6,61.8225
2025-11-17 23:00:00+05:30,78.755,188.1,58.095
2025-11-18 00:00:00+05:30,64.99,170.7,60.76
2025-11-18 01:00:00+05:30,52.0025,172.825,60.1725
2025-11-18 02:00:00+05:30,39.417500000000004,155.375,59.3825
2025-11-18 03:00:00+05:30,33.806666666666665,147.76666666666668,57.73666666666666
2025-11-18 04:00:00+05:30,29.2175,129.65,58.5075
2025-11-18 05:00:00+05:30,28.846666666666668,118.53333333333335,54.82333333333333
2025-11-18 06:00:00+05:30,33.836666666666666,116.90000000000002,55.5
2025-11-18 07:00:00+05:30,44.73,125.46666666666665,62.553333333333335
2025-11-18 08:00:00+05:30,40.7,135.25,61.214999999999996
2025-11-18 09:00:00+05:30,29.616666666666664,143.79999999999998,58.876666666666665
2025-11-18 10:00:00+05:30,22.965,139.1,56.05
2025-11-18 17:00:00+05:30,28.973333333333333,124.89999999999999,46.48666666666667
2025-11-18 18:00:00+05:30,78.06666666666666,143.26666666666665,54.52
2025-11-18 19:00:00+05:30,106.16666666666667,195.4333333333333,65.44
2025-11-18 20:00:00+05:30,94.925,233.55,72.28
2025-11-18 21:00:00+05:30,87.55,239.0666666666667,76.95666666666666
2025-11-18 22:00:00+05:30,93.78999999999999,226.775,74.01750000000001
2025-11-18 23:00:00+05:30,88.425,219.14999999999998,78.02000000000001
2025-11-19 00:00:00+05:30,66.17,214.3,71.6
2025-11-19 01:00:00+05:30,54.9925,197.425,69.25
2025-11-19 02:00:00+05:30,41.56,168.95,66.0375
2025-11-19 03:00:00+05:30,39.68,158.85,61.86
2025-11-19 04:00:00+05:30,45.035,142.0,62.75
2025-11-19 05:00:00+05:30,30.893333333333334,135.5,56.14333333333334
2025-11-19 06:00:00+05:30,20.52,113.72500000000001,53.3325
2025-11-19 07:00:00+05:30,28.990000000000002,110.4,53.26
2025-11-19 08:00:00+05:30,24.165,117.625,54.262499999999996
2025-11-19 09:00:00+05:30,26.28,121.33333333333333,55.27
2025-11-19 10:00:00+05:30,0.0,128.65,50.972500000000004
2025-11-19 11:00:00+05:30,0.0,130.05,52.18
2025-11-19 12:00:00+05:30,0.0,128.75,48.8475
2025-11-19 13:00:00+05:30,0.0,124.27499999999999,44.855000000000004
2025-11-19 14:00:00+05:30,0.0,128.1,44.28333333333333
2025-11-19 15:00:00+05:30,0.0,119.23333333333333,39.596666666666664
2025-11-19 16:00:00+05:30,11.885,115.1,42.92
2025-11-19 17:00:00+05:30,87.71000000000001,126.15,46.355000000000004
2025-11-19 18:00:00+05:30,197.19666666666663,152.8,62.54999999999999
2025-11-19 19:00:00+05:30,259.825,206.1,81.0675
2025-11-19 20:00:00+05:30,221.47,246.375,86.705
2025-11-19 21:00:00+05:30,189.00333333333333,254.0,91.34333333333332
2025-11-19 22:00:00+05:30,140.05666666666667,258.09999999999997,88.35333333333334
2025-11-19 23:00:00+05:30,130.165,234.15,85.87
2025-11-20 00:00:00+05:30,133.17,207.1,80.12
2025-11-20 01:00:00+05:30,129.60750000000002,174.89999999999998,74.125
2025-11-20 02:00:00+05:30,108.07249999999999,168.5,72.175
2025-11-20 03:00:00+05:30,85.45666666666666,158.5,65.12333333333333
2025-11-20 04:00:00+05:30,85.96333333333332,142.0,63.39000000000001
2025-11-20 05:00:00+05:30,91.215,122.8,62.37
2025-11-20 06:00:00+05:30,119.2825,130.8,61.269999999999996
2025-11-20 07:00:00+05:30,135.1325,149.7,61.162499999999994
2025-11-20 08:00:00+05:30,82.71,161.93333333333334,68.25
2025-11-20 09:00:00+05:30,93.65666666666668,157.5,61.54999999999999
2025-11-20 10:00:00+05:30,80.13666666666667,162.5666666666667,61.43666666666667
2025-11-20 11:00:00+05:30,63.550000000000004,161.075,57.7675
2025-11-20 12:00:00+05:30,67.31666666666666,163.0,61.57
2025-11-20 13:00:00+05:30,61.1525,154.625,59.215
2025-11-20 14:00:00+05:30,56.845000000000006,146.3,56.585
2025-11-20 15:00:00+05:30,54.315,144.65,49.705
2025-11-20 16:00:00+05:30,61.15,139.7,54.92
2025-11-20 17:00:00+05:30,147.345,138.27499999999998,57.49250000000001
2025-11-20 18:00:00+05:30,286.92,183.325,62.71
2025-11-20 19:00:00+05:30,346.93,256.1,84.21
2025-11-20 20:00:00+05:30,359.8475,268.625,95.4775
2025-11-20 21:00:00+05:30,355.39750000000004,273.525,103.58250000000001
2025-11-20 22:00:00+05:30,303.82,293.55,106.53
2025-11-20 23:00:00+05:30,291.99,291.75,107.825
2025-11-21 00:00:00+05:30,186.6,262.1,102.38
2025-11-21 01:00:00+05:30,159.02,230.6,91.98
2025-11-21 02:00:00+05:30,109.36,200.29999999999998,94.365
2025-11-21 03:00:00+05:30,88.45,179.69999999999996,86.72333333333334
2025-11-21 04:00:00+05:30,68.7675,147.875,78.3375
2025-11-21 05:00:00+05:30,56.55666666666667,135.16666666666666,73.52999999999999
2025-11-21 06:00:00+05:30,94.535,124.175,59.5075
2025-11-21 07:00:00+05:30,119.74333333333334,128.46666666666667,63.48333333333333
2025-11-21 08:00:00+05:30,98.745,135.275,63.150000000000006
2025-11-21 09:00:00+05:30,84.07499999999999,147.95,64.51
2025-11-21 11:00:00+05:30,60.81333333333333,164.5,67.78
2025-11-21 12:00:00+05:30,53.3875,157.07500000000002,64.725
2025-11-21 13:00:00+05:30,42.96,155.925,61.18
2025-11-21 14:00:00+05:30,41.465,134.975,60.4825
2025-11-21 15:00:00+05:30,39.4325,134.775,60.555
2025-11-21 16:00:00+05:30,62.535,133.55,58.69
2025-11-21 17:00:00+05:30,127.495,131.975,58.582499999999996
2025-11-21 18:00:00+05:30,325.0525,164.975,65.935
2025-11-21 19:00:00+05:30,302.895,229.525,74.9625
2025-11-21 20:00:00+05:30,314.815,254.15,86.075
2025-11-21 21:00:00+05:30,299.8225,260.575,95.0775
2025-11-21 22:00:00+05:30,297.73,253.375,98.0325
2025-11-21 23:00:00+05:30,279.385,260.6,100.56
2025-11-22 00:00:00+05:30,245.6,266.4,99.21
2025-11-22 01:00:00+05:30,194.75,250.575,99.28750000000001
2025-11-22 02:00:00+05:30,140.62,215.10000000000002,93.4975
2025-11-22 03:00:00+05:30,123.66333333333334,185.53333333333333,87.22666666666667
2025-11-22 04:00:00+05:30,93.6075,161.15,81.9375
2025-11-22 05:00:00+05:30,98.86333333333334,134.03333333333333,79.71333333333332
2025-11-22 06:00:00+05:30,116.4275,130.1,69.95
2025-11-22 07:00:00+05:30,111.3225,134.725,64.5375
2025-11-22 08:00:00+05:30,122.77499999999999,143.175,71.47
2025-11-22 09:00:00+05:30,77.845,162.57500000000002,67.5275
2025-11-22 10:00:00+05:30,80.4,164.35,63.39
2025-11-22 11:00:00+05:30,67.47,171.05,63.895
2025-11-22 12:00:00+05:30,49.33,168.1,61.92
2025-11-22 13:00:00+05:30,42.50333333333333,162.70000000000002,62.903333333333336
2025-11-22 14:00:00+05:30,38.335,150.45,62.082499999999996
2025-11-22 15:00:00+05:30,42.48666666666667,143.79999999999998,55.25333333333333
2025-11-22 16:00:00+05:30,80.8,120.4,54.08
2025-11-22 17:00:00+05:30,142.1425,132.075,54.620000000000005
2025-11-22 18:00:00+05:30,326.6,151.10000000000002,61.6175
2025-11-22 19:00:00+05:30,396.40999999999997,206.14999999999998,62.825
2025-11-22 20:00:00+05:30,410.59,268.46666666666664,84.37333333333333
2025-11-22 21:00:00+05:30,378.33,327.02500000000003,103.93
2025-11-22 22:00:00+05:30,350.525,343.29999999999995,109.56
2025-11-22 23:00:00+05:30,308.98,365.95000000000005,112.13
2025-11-23 00:00:00+05:30,227.73,316.8,112.65
2025-11-23 01:00:00+05:30,226.8,255.875,104.39
2025-11-23 02:00:00+05:30,247.0975,201.55,97.44
2025-11-23 03:00:00+05:30,239.475,190.45,93.22749999999999
2025-11-23 04:00:00+05:30,192.7225,174.025,85.475
2025-11-23 05:00:00+05:30,214.9525,161.25,80.7275
2025-11-23 06:00:00+05:30,166.5325,151.54999999999998,78.005
2025-11-23 07:00:00+05:30,162.39749999999998,164.125,80.7525
2025-11-23 08:00:00+05:30,148.9775,172.025,81.025
2025-11-23 09:00:00+05:30,103.8475,175.3,76.50750000000001
2025-11-23 10:00:00+05:30,68.6975,170.175,68.4075
2025-11-23 11:00:00+05:30,54.7375,166.25,63.6375
2025-11-23 12:00:00+05:30,46.71,148.0,54.580000000000005
2025-11-23 13:00:00+05:30,32.946666666666665,140.23333333333335,55.86333333333334
2025-11-23 14:00:00+05:30,31.060000000000002,122.45,49.05
2025-11-23 15:00:00+05:30,34.21333333333333,113.03333333333335,40.76333333333333
2025-11-23 18:00:00+05:30,265.88,133.0,50.44
2025-11-23 19:00:00+05:30,298.3,172.32500000000002,61.09
2025-11-23 20:00:00+05:30,250.39333333333335,217.1,67.43
2025-11-23 21:00:00+05:30,229.435,217.875,67.98
2025-11-23 22:00:00+05:30,231.95333333333335,220.0,72.59666666666666
2025-11-23 23:00:00+05:30,246.58999999999997,221.4,78.11
2025-11-24 00:00:00+05:30,124.16,208.4,72.82
2025-11-24 01:00:00+05:30,107.0325,196.45,69.1375
2025-11-24 02:00:00+05:30,156.76749999999998,164.1,63.12
2025-11-24 03:00:00+05:30,122.025,150.95,61.51
2025-11-24 04:00:00+05:30,131.9625,139.22500000000002,61.4975
2025-11-24 05:00:00+05:30,115.08500000000001,135.05,59.5325
2025-11-24 06:00:00+05:30,117.93,132.875,56.655
2025-11-24 07:00:00+05:30,120.1675,133.275,57.042500000000004
2025-11-24 09:00:00+05:30,80.975,141.175,53.839999999999996
2025-11-24 10:00:00+05:30,66.815,145.45,54.42
2025-11-24 11:00:00+05:30,60.2525,155.925,56.31
2025-11-24 12:00:00+05:30,59.425,156.3,57.855
2025-11-24 13:00:00+05:30,53.46,149.1,59.25
2025-11-24 14:00:00+05:30,44.71666666666667,149.2,65.14333333333333
2025-11-24 15:00:00+05:30,42.019999999999996,145.625,60.185
2025-11-24 16:00:00+05:30,47.24,139.13333333333335,66.99666666666667
2025-11-24 17:00:00+05:30,144.745,139.475,63.57
2025-11-24 18:00:00+05:30,355.97249999999997,158.4,73.27
2025-11-24 19:00:00+05:30,406.855,218.675,83.28
2025-11-24 20:00:00+05:30,384.8925,417.25,98.195
2025-11-24 21:00:00+05:30,287.2425,374.275,100.465
2025-11-24 22:00:00+05:30,192.3225,283.925,101.89
2025-11-24 23:00:00+05:30,150.99,207.55,98.71
2025-11-25 00:00:00+05:30,99.45,176.1,92.87
2025-11-25 01:00:00+05:30,102.225,162.0,81.78
2025-11-25 02:00:00+05:30,85.39750000000001,130.45000000000002,80.825
2025-11-25 03:00:00+05:30,65.0075,115.325,66.87
2025-11-25 04:00:00+05:30,57.74,117.675,67.04249999999999
2025-11-25 05:00:00+05:30,61.916666666666664,111.5,59.16
2025-11-25 06:00:00+05:30,97.28,113.325,63.475
2025-11-25 07:00:00+05:30,115.49249999999999,115.7,62.185
2025-11-25 08:00:00+05:30,112.9225,131.3,63.1025
2025-11-25 09:00:00+05:30,92.89,154.86666666666667,64.48333333333333
2025-11-25 10:00:00+05:30,74.97999999999999,156.2,67.54
2025-11-25 11:00:00+05:30,60.56,154.0,68.8475
2025-11-25 12:00:00+05:30,56.5725,153.8,68.96
2025-11-25 13:00:00+05:30,51.1725,138.0,61.872499999999995
2025-11-25 14:00:00+05:30,53.22,17.325,11.51
2025-11-25 15:00:00+05:30,48.330000000000005,158.03333333333333,107.26666666666667
2025-11-25 16:00:00+05:30,56.985,147.25,95.9725
2025-11-25 17:00:00+05:30,140.44,157.2,89.445
2025-11-25 18:00:00+05:30,250.405,193.7,87.94
2025-11-25 19:00:00+05:30,289.1175,239.65,102.0075
2025-11-25 20:00:00+05:30,212.84666666666666,257.5,104.57333333333334
2025-11-25 21:00:00+05:30,185.0325,246.425,100.295
2025-11-25 22:00:00+05:30,134.9425,234.95000000000002,99.325
2025-11-25 23:00:00+05:30,108.895,219.4,89.58
2025-11-26 00:00:00+05:30,64.76,178.0,77.46
2025-11-26 01:00:00+05:30,63.30500000000001,160.675,74.72749999999999
2025-11-26 02:00:00+05:30,56.665,128.525,69.53
2025-11-26 03:00:00+05:30,59.902499999999996,115.82499999999999,66.25
2025-11-26 04:00:00+05:30,57.19,113.2,62.0375
2025-11-26 05:00:00+05:30,57.31,110.6,54.89
2025-11-26 06:00:00+05:30,103.75,112.5,51.4
2025-11-26 07:00:00+05:30,105.74,120.65,51.3275
2025-11-26 08:00:00+05:30,97.1675,127.575,52.88
2025-11-26 09:00:00+05:30,80.035,133.8,53.572500000000005
2025-11-26 10:00:00+05:30,82.35333333333334,139.66666666666666,55.49666666666667
2025-11-26 11:00:00+05:30,70.09,153.65,57.504999999999995
2025-11-26 12:00:00+05:30,62.06333333333333,152.5,57.72
2025-11-26 13:00:00+05:30,54.235,153.65,62.035
2025-11-26 14:00:00+05:30,53.65,149.5,60.72
2025-11-26 15:00:00+05:30,52.10666666666666,146.03333333333333,58.61333333333334
2025-11-26 16:00:00+05:30,54.54666666666666,144.5,60.89000000000001
2025-11-26 17:00:00+05:30,96.29333333333334,144.96666666666667,65.94
2025-11-26 18:00:00+05:30,166.26666666666668,147.83333333333334,69.64999999999999
2025-11-26 19:00:00+05:30,280.2325,180.8,74.91
2025-11-26 20:00:00+05:30,267.75,221.6,84.4325
2025-11-26 21:00:00+05:30,141.7025,224.625,86.5925
2025-11-26 22:00:00+05:30,89.02,218.33333333333334,83.55
2025-11-26 23:00:00+05:30,74.69,199.7,81.54
2025-11-27 00:00:00+05:30,69.0,177.9,72.4
2025-11-27 01:00:00+05:30,59.980000000000004,161.52499999999998,70.60749999999999
2025-11-27 02:00:00+05:30,48.86000000000001,145.83333333333334,67.08999999999999
2025-11-27 03:00:00+05:30,50.575,135.075,64.735
2025-11-27 04:00:00+05:30,63.849999999999994,124.525,58.3425
2025-11-27 05:00:00+05:30,62.33,116.5,57.61
2025-11-27 06:00:00+05:30,80.5175,114.15,56.622499999999995
2025-11-27 07:00:00+05:30,79.9875,122.1,58.275
2025-11-27 08:00:00+05:30,85.37,123.275,61.94
2025-11-27 09:00:00+05:30,79.005,134.67499999999998,60.9225
2025-11-27 10:00:00+05:30,78.5425,145.05,59.625
2025-11-27 11:00:00+05:30,76.6175,162.825,60.6625
2025-11-27 12:00:00+05:30,77.79,165.825,63.7375
2025-11-27 13:00:00+05:30,73.295,161.4,72.16499999999999
2025-11-27 14:00:00+05:30,73.79666666666667,165.4,70.56
2025-11-27 15:00:00+05:30,89.03666666666668,164.3,68.2
2025-11-27 16:00:00+05:30,88.34,166.4,71.69
2025-11-27 17:00:00+05:30,135.195,166.97500000000002,70.955
2025-11-27 18:00:00+05:30,237.13,181.475,76.6425
2025-11-27 19:00:00+05:30,252.6275,222.0,81.9375
2025-11-27 20:00:00+05:30,259.53499999999997,253.1,88.9325
2025-11-27 21:00:00+05:30,265.71666666666664,252.1,91.42
2025-11-27 22:00:00+05:30,198.46,259.43333333333334,96.83333333333333
2025-11-27 23:00:00+05:30,194.85000000000002,250.0,94.94
2025-11-28 00:00:00+05:30,145.88,206.8,89.48
2025-11-28 01:00:00+05:30,122.89,183.5,86.03000000000002
2025-11-28 02:00:00+05:30,98.045,161.45,81.6925
2025-11-28 03:00:00+05:30,63.957499999999996,150.625,73.4825
2025-11-28 04:00:00+05:30,65.9325,149.225,72.1725
2025-11-28 05:00:00+05:30,70.85333333333334,143.56666666666666,68.00333333333333
2025-11-28 06:00:00+05:30,93.57,145.4,65.95
2025-11-28 07:00:00+05:30,81.96000000000001,152.825,59.18
2025-11-28 08:00:00+05:30,86.91000000000001,148.0,65.29666666666667
2025-11-28 09:00:00+05:30,88.82,155.875,65.25750000000001
2025-11-28 10:00:00+05:30,42.4175,147.65,63.3575
2025-11-28 11:00:00+05:30,24.89,154.075,58.435
2025-11-28 12:00:00+05:30,67.715,161.2,64.805
2025-11-28 13:00:00+05:30,69.21000000000001,159.5,68.92
2025-11-28 14:00:00+05:30,91.94500000000001,159.85,70.31
2025-11-28 15:00:00+05:30,63.123333333333335,156.5,70.40333333333334
2025-11-28 16:00:00+05:30,79.015,154.425,73.5375
2025-11-28 17:00:00+05:30,116.8275,164.675,75.0475
2025-11-28 18:00:00+05:30,181.0675,187.4,81.94749999999999
2025-11-28 19:00:00+05:30,251.1875,247.325,91.3075
2025-11-28 20:00:00+05:30,280.51,249.25,95.3775
2025-11-28 21:00:00+05:30,274.235,269.625,100.8825
2025-11-28 22:00:00+05:30,211.1175,259.275,105.1125
2025-11-28 23:00:00+05:30,165.025,253.4,105.87
2025-11-29 00:00:00+05:30,99.1,217.6,96.26
2025-11-29 01:00:00+05:30,86.09333333333332,194.86666666666667,91.04333333333334
2025-11-29 02:00:00+05:30,112.62,161.95,85.32499999999999
2025-11-29 03:00:00+05:30,92.5225,153.14999999999998,76.54
2025-11-29 04:00:00+05:30,96.0525,143.1,75.305
2025-11-29 05:00:00+05:30,82.88333333333333,132.73333333333335,71.55666666666667
2025-11-29 06:00:00+05:30,80.59,127.15,64.67999999999999
2025-11-29 07:00:00+05:30,75.22666666666667,134.46666666666667,60.89333333333334
2025-11-29 08:00:00+05:30,79.225,125.575,60.769999999999996
2025-11-29 09:00:00+05:30,86.13,125.5,58.58
2025-11-29 10:00:00+05:30,66.8,132.53333333333333,57.97
2025-11-29 11:00:00+05:30,64.46,133.4,53.21
2025-11-29 12:00:00+05:30,61.843333333333334,139.0,51.15
2025-11-29 13:00:00+05:30,46.669999999999995,131.70000000000002,54.416666666666664
2025-11-29 14:00:00+05:30,36.196666666666665,125.2,52.60999999999999
2025-11-29 15:00:00+05:30,40.126666666666665,114.93333333333334,47.31666666666666
2025-11-29 16:00:00+05:30,56.11666666666667,114.86666666666667,47.5
2025-11-29 17:00:00+05:30,100.7225,116.32499999999999,44.28
2025-11-29 18:00:00+05:30,203.8225,114.025,45.9925
2025-11-29 19:00:00+05:30,210.0425,148.2,49.99
2025-11-29 20:00:00+05:30,217.155,150.675,57.0325
2025-11-29 21:00:00+05:30,260.41999999999996,157.67499999999998,57.19
2025-11-29 22:00:00+05:30,241.5025,160.375,54.4875
2025-11-29 23:00:00+05:30,247.065,150.0,50.49
2025-11-30 00:00:00+05:30,228.5,166.6,58.24
2025-11-30 01:00:00+05:30,217.715,171.975,60.2275
2025-11-30 02:00:00+05:30,184.8825,160.85,54.317499999999995
2025-11-30 03:00:00+05:30,154.04,145.20000000000002,48.72333333333333
2025-11-30 04:00:00+05:30,135.17000000000002,133.5,48.155
2025-11-30 05:00:00+05:30,131.45,118.1,47.605000000000004
2025-11-30 06:00:00+05:30,140.9425,114.22500000000001,49.7725
2025-11-30 07:00:00+05:30,110.0025,117.5,49.16
2025-11-30 08:00:00+05:30,83.2875,121.25,48.69
2025-11-30 09:00:00+05:30,85.0825,115.975,43.0275
2025-11-30 10:00:00+05:30,77.03999999999999,111.325,39.8175
2025-11-30 11:00:00+05:30,85.25999999999999,116.175,35.9875
2025-11-30 12:00:00+05:30,67.14,118.7,42.07
2025-11-30 13:00:00+05:30,46.16,110.33333333333333,35.99333333333333
2025-11-30 14:00:00+05:30,74.65,94.35,34.31
2025-11-30 15:00:00+05:30,34.365,88.7,32.2175
2025-11-30 16:00:00+05:30,44.565,86.0,30.895
2025-11-30 17:00:00+05:30,111.71000000000001,87.25,32.807500000000005
2025-11-30 18:00:00+05:30,245.865,109.94999999999999,31.5475
2025-11-30 19:00:00+05:30,368.0375,155.65,41.345
2025-11-30 20:00:00+05:30,345.7875,208.35000000000002,56.8575
2025-11-30 21:00:00+05:30,332.7475,234.35,61.0175
2025-11-30 22:00:00+05:30,342.27,235.77499999999998,62.644999999999996
2025-11-30 23:00:00+05:30,314.765,236.4,70.75
2025-12-01 00:00:00+05:30,289.78,220.4,68.9
2025-12-01 01:00:00+05:30,253.38,204.95,65.7975
2025-12-01 02:00:00+05:30,238.5975,182.0,62.497499999999995
2025-12-01 03:00:00+05:30,243.74,169.025,58.65
2025-12-01 04:00:00+05:30,179.74,148.06666666666666,59.21333333333333
2025-12-01 05:00:00+05:30,131.1925,137.025,56.2325
2025-12-01 06:00:00+05:30,161.185,123.225,49.56
2025-12-01 07:00:00+05:30,201.9,122.325,49.56
2025-12-01 08:00:00+05:30,184.9475,147.77499999999998,49.56
2025-12-01 09:00:00+05:30,137.82,152.6,49.56
2025-12-01 11:00:00+05:30,70.78,147.1,49.56
2025-12-01 12:00:00+05:30,61.68333333333334,135.56666666666666,49.56
2025-12-01 13:00:00+05:30,46.7325,124.2,49.56
2025-12-01 14:00:00+05:30,31.463333333333335,103.96666666666665,49.56
2025-12-01 15:00:00+05:30,50.5525,84.525,49.56
2025-12-01 16:00:00+05:30,86.7225,77.97500000000001,49.56
2025-12-01 17:00:00+05:30,200.78,83.55,49.56
2025-12-01 18:00:00+05:30,311.63,95.4,49.56
2025-12-01 19:00:00+05:30,348.52750000000003,139.3,49.56
2025-12-01 20:00:00+05:30,338.09749999999997,183.1,49.56
2025-12-01 21:00:00+05:30,297.025,201.625,49.56
2025-12-01 22:00:00+05:30,273.32666666666665,189.79999999999998,49.56
2025-12-01 23:00:00+05:30,289.775,181.5,49.56
2025-12-02 00:00:00+05:30,251.04,172.9,49.56
2025-12-02 01:00:00+05:30,209.85750000000002,169.625,49.56
2025-12-02 02:00:00+05:30,139.01666666666665,157.36666666666667,49.56
2025-12-02 03:00:00+05:30,192.20499999999998,130.325,49.56
2025-12-02 04:00:00+05:30,189.9275,120.275,49.56
2025-12-02 05:00:00+05:30,209.1,119.96666666666665,49.56
2025-12-02 06:00:00+05:30,222.5925,125.075,49.56
2025-12-02 07:00:00+05:30,206.66750000000002,131.54999999999998,49.56
2025-12-02 08:00:00+05:30,170.6475,158.95,49.56
2025-12-02 09:00:00+05:30,133.38,157.8,49.56
2025-12-02 10:00:00+05:30,33.265,157.8,49.56
2025-12-02 11:00:00+05:30,18.0,39.45,16.245
2025-12-02 12:00:00+05:30,13.915,0.0,0.0
2025-12-02 13:00:00+05:30,146.1575,36.4,27.2025
2025-12-02 14:00:00+05:30,12.89,87.83333333333333,34.586666666666666
2025-12-02 15:00:00+05:30,11.68,93.86666666666667,33.473333333333336
2025-12-02 16:00:00+05:30,21.316666666666666,92.86666666666667,33.71
2025-12-02 17:00:00+05:30,32.9975,95.05,32.22
2025-12-02 18:00:00+05:30,84.0,117.7,36.5675
2025-12-02 19:00:00+05:30,101.78999999999999,250.425,54.682500000000005
2025-12-02 20:00:00+05:30,98.5825,327.15,68.5175
2025-12-02 21:00:00+05:30,83.5675,306.59999999999997,74.12
2025-12-02 22:00:00+05:30,83.255,298.625,79.01249999999999
2025-12-02 23:00:00+05:30,81.63,284.5,80.505
2025-12-03 00:00:00+05:30,74.7,225.2,78.55
2025-12-03 01:00:00+05:30,55.015,220.425,76.995
2025-12-03 02:00:00+05:30,33.47,203.26666666666665,72.44666666666667
2025-12-03 03:00:00+05:30,42.225,163.15,63.665
2025-12-03 04:00:00+05:30,38.02666666666667,137.26666666666668,61.39333333333334
2025-12-03 05:00:00+05:30,38.4,129.43333333333334,59.93
2025-12-03 06:00:00+05:30,48.32333333333333,131.96666666666667,60.800000000000004
2025-12-03 07:00:00+05:30,46.9275,146.525,65.0825
2025-12-03 08:00:00+05:30,44.415,160.975,65.335
2025-12-03 09:00:00+05:30,38.0975,175.825,64.84
2025-12-03 10:00:00+05:30,25.2575,178.625,62.332499999999996
2025-12-03 11:00:00+05:30,33.0575,183.875,63.435
2025-12-03 12:00:00+05:30,20.115000000000002,173.9,58.902499999999996
2025-12-03 13:00:00+05:30,10.803333333333333,149.5666666666667,49.126666666666665
2025-12-03 14:00:00+05:30,10.655000000000001,123.95,38.535
2025-12-03 15:00:00+05:30,13.936666666666667,111.36666666666667,38.75666666666667
2025-12-03 16:00:00+05:30,15.895,102.375,37.52
2025-12-03 17:00:00+05:30,30.28,99.25,36.0475
2025-12-03 18:00:00+05:30,47.082499999999996,122.475,36.795
2025-12-03 19:00:00+05:30,58.302499999999995,154.55,41.5625
2025-12-03 20:00:00+05:30,60.61,172.125,48.205
2025-12-03 21:00:00+05:30,48.505,178.0,45.2325
2025-12-03 22:00:00+05:30,45.446666666666665,174.9,41.51333333333333
2025-12-03 23:00:00+05:30,77.58500000000001,169.4,43.705
2025-12-04 00:00:00+05:30,37.8,159.4,48.6
2025-12-04 01:00:00+05:30,31.697499999999998,152.975,52.05
2025-12-04 02:00:00+05:30,24.9225,141.225,53.557500000000005
2025-12-04 03:00:00+05:30,21.816666666666666,129.03333333333333,50.53333333333333
2025-12-04 04:00:00+05:30,22.4725,112.65,50.480000000000004
2025-12-04 05:00:00+05:30,23.89,106.86666666666667,48.67666666666667
2025-12-04 06:00:00+05:30,33.410000000000004,102.7,41.64666666666667
2025-12-04 07:00:00+05:30,38.13,102.9,42.6
2025-12-04 08:00:00+05:30,29.150000000000002,113.43333333333334,51.27333333333333
2025-12-04 09:00:00+05:30,24.876666666666665,127.69999999999999,52.06
2025-12-04 10:00:00+05:30,19.37,131.6,52.34
2025-12-04 14:00:00+05:30,11.81,114.7,36.18
2025-12-04 15:00:00+05:30,11.1625,109.65,35.9075
2025-12-04 16:00:00+05:30,13.496666666666664,103.53333333333335,39.333333333333336
2025-12-04 17:00:00+05:30,28.8275,106.65,38.5625
2025-12-04 18:00:00+05:30,54.295,127.025,38.145
2025-12-04 19:00:00+05:30,60.795,159.05,45.3525
2025-12-04 20:00:00+05:30,58.4175,173.625,52.7975
2025-12-04 21:00:00+05:30,63.589999999999996,174.325,54.9275
2025-12-04 22:00:00+05:30,56.06,176.9333333333333,54.576666666666675
2025-12-04 23:00:00+05:30,40.81,178.95,54.24
2025-12-05 00:00:00+05:30,25.78,145.0,54.04
2025-12-05 01:00:00+05:30,18.705,131.55,52.435
2025-12-05 02:00:00+05:30,15.09,119.4,47.0025
2025-12-05 03:00:00+05:30,19.4,114.55,43.865
2025-12-05 04:00:00+05:30,19.61,108.075,48.1375
2025-12-05 05:00:00+05:30,16.843333333333334,102.13333333333333,50.36333333333334
2025-12-05 06:00:00+05:30,19.026666666666667,100.43333333333332,50.97333333333333
2025-12-05 07:00:00+05:30,22.985,106.375,51.325
2025-12-05 08:00:00+05:30,21.255,115.325,54.36
2025-12-05 09:00:00+05:30,21.3025,124.425,52.1625
2025-12-05 10:00:00+05:30,31.169999999999998,132.525,50.635
2025-12-05 11:00:00+05:30,18.5225,135.45,52.435
2025-12-05 12:00:00+05:30,14.443333333333333,132.83333333333334,44.89000000000001
2025-12-05 13:00:00+05:30,13.405000000000001,130.325,40.9375
2025-12-05 14:00:00+05:30,12.26,127.57499999999999,38.4725
2025-12-05 15:00:00+05:30,12.563333333333333,126.33333333333333,38.166666666666664
2025-12-05 16:00:00+05:30,15.94,119.5,42.5
2025-12-05 17:00:00+05:30,24.55,119.5,41.7175
2025-12-05 18:00:00+05:30,46.275,133.425,42.885
2025-12-05 19:00:00+05:30,71.155,161.05,48.735
2025-12-05 20:00:00+05:30,47.99,180.45,51.5225
2025-12-05 21:00:00+05:30,30.7525,178.975,48.3525
2025-12-05 22:00:00+05:30,46.5275,167.25,44.3575
2025-12-05 23:00:00+05:30,78.75,162.0,42.75
2025-12-06 00:00:00+05:30,17.92,141.5,40.47
2025-12-06 01:00:00+05:30,23.42,136.925,40.68
2025-12-06 02:00:00+05:30,25.1575,127.5,42.2
2025-12-06 03:00:00+05:30,21.41,119.375,42.8275
2025-12-06 04:00:00+05:30,15.256666666666666,114.06666666666666,41.30666666666667
2025-12-06 05:00:00+05:30,18.953333333333333,106.33333333333333,38.343333333333334
2025-12-06 06:00:00+05:30,21.395,98.1,39.41
2025-12-06 07:00:00+05:30,19.8825,99.7,40.56
2025-12-06 08:00:00+05:30,24.013333333333332,110.40000000000002,44.47666666666667
2025-12-06 09:00:00+05:30,22.747500000000002,121.75,44.3
2025-12-06 10:00:00+05:30,18.723333333333333,131.16666666666666,39.29333333333333
2025-12-06 11:00:00+05:30,17.245,134.225,39.8425
2025-12-06 12:00:00+05:30,15.205,131.075,45.925
2025-12-06 13:00:00+05:30,14.133333333333333,114.06666666666666,44.300000000000004
2025-12-06 14:00:00+05:30,13.7725,90.9,39.3875
2025-12-06 15:00:00+05:30,13.9825,96.875,40.6625
2025-12-06 16:00:00+05:30,17.1625,96.9,44.155
2025-12-06 17:00:00+05:30,25.636666666666667,97.36666666666667,42.199999999999996
2025-12-06 18:00:00+05:30,68.43,127.05,38.989999999999995
2025-12-06 19:00:00+05:30,61.4325,170.75,52.275000000000006
2025-12-06 20:00:00+05:30,37.7,186.05,62.4425
2025-12-06 21:00:00+05:30,73.715,184.5,58.82
2025-12-06 22:00:00+05:30,45.345,187.0,57.9625
2025-12-06 23:00:00+05:30,61.97,186.8,60.685
2025-12-07 00:00:00+05:30,39.57,169.0,57.86
2025-12-07 01:00:00+05:30,36.2975,157.47500000000002,54.7275
2025-12-07 02:00:00+05:30,29.1375,140.3,50.9925
2025-12-07 03:00:00+05:30,29.2825,130.4,49.144999999999996
2025-12-07 04:00:00+05:30,27.925,120.05,48.055
2025-12-07 05:00:00+05:30,27.447499999999998,109.85,43.4925
2025-12-07 06:00:00+05:30,23.1675,104.275,43.33
2025-12-07 07:00:00+05:30,23.5925,106.44999999999999,46.504999999999995
2025-12-07 08:00:00+05:30,23.6175,108.375,46.980000000000004
2025-12-07 09:00:00+05:30,24.67,114.65,45.8925
2025-12-07 10:00:00+05:30,20.08,124.6,43.6125
2025-12-07 11:00:00+05:30,19.55,131.675,44.93
2025-12-07 12:00:00+05:30,16.6025,134.175,44.815
2025-12-07 13:00:00+05:30,15.683333333333332,129.76666666666668,39.51333333333333
2025-12-07 14:00:00+05:30,15.7175,121.725,34.182500000000005
2025-12-07 15:00:00+05:30,15.8925,116.5,35.6
2025-12-07 16:00:00+05:30,17.175,102.725,33.98
2025-12-07 17:00:00+05:30,33.82333333333333,95.5,29.040000000000003
2025-12-07 18:00:00+05:30,97.6425,135.35,32.9125
2025-12-07 19:00:00+05:30,93.66000000000001,207.0,61.15
2025-12-07 20:00:00+05:30,82.55,229.575,75.01
2025-12-07 21:00:00+05:30,74.04249999999999,230.425,77.16
2025-12-07 22:00:00+05:30,79.1725,226.0,71.66499999999999
2025-12-07 23:00:00+05:30,109.98500000000001,224.10000000000002,68.96000000000001
2025-12-08 00:00:00+05:30,33.85,177.0,65.01
2025-12-08 01:00:00+05:30,22.126666666666665,165.43333333333334,58.416666666666664
2025-12-08 02:00:00+05:30,22.88,136.175,45.5325
2025-12-08 03:00:00+05:30,21.512500000000003,122.5,43.8725
2025-12-08 04:00:00+05:30,26.9225,112.425,42.6625
2025-12-08 05:00:00+05:30,25.677500000000002,98.44999999999999,36.01
2025-12-08 06:00:00+05:30,34.34,90.7,34.66
2025-12-08 07:00:00+05:30,29.040000000000003,92.86666666666667,36.60666666666666
2025-12-08 08:00:00+05:30,27.08,101.6,32.82
2025-12-08 09:00:00+05:30,25.136666666666667,106.8,33.803333333333335
2025-12-08 10:00:00+05:30,23.552500000000002,107.55,33.215
2025-12-08 11:00:00+05:30,19.426666666666666,106.06666666666666,32.27333333333333
2025-12-08 12:00:00+05:30,16.896666666666665,104.66666666666667,31.22666666666667
2025-12-08 13:00:00+05:30,12.276666666666666,100.86666666666667,23.733333333333334
2025-12-08 14:00:00+05:30,12.683333333333332,96.2,19.366666666666667
2025-12-08 15:00:00+05:30,13.043333333333331,85.06666666666666,15.793333333333331
2025-12-08 16:00:00+05:30,12.29,80.4,14.7
2025-12-08 17:00:00+05:30,28.393333333333334,76.16666666666667,14.469999999999999
2025-12-08 18:00:00+05:30,67.97,96.15,20.7575
2025-12-08 19:00:00+05:30,92.64750000000001,130.925,33.515
2025-12-08 20:00:00+05:30,87.85000000000001,173.46666666666667,44.663333333333334
2025-12-08 21:00:00+05:30,83.625,186.1,42.605000000000004
2025-12-08 22:00:00+05:30,85.99333333333334,208.4,53.199999999999996
2025-12-08 23:00:00+05:30,86.34,219.6,61.49
2025-12-09 00:00:00+05:30,74.33,208.3,67.71
2025-12-09 01:00:00+05:30,57.6775,204.075,61.4975
2025-12-09 02:00:00+05:30,39.31,177.46666666666667,53.526666666666664
2025-12-09 03:00:00+05:30,39.915,144.025,50.5775
2025-12-09 04:00:00+05:30,39.365,115.80000000000001,46.6775
2025-12-09 05:00:00+05:30,40.065,105.0,41.68
2025-12-09 06:00:00+05:30,56.2875,101.4,42.4175
2025-12-09 07:00:00+05:30,53.265,109.775,45.915
2025-12-09 08:00:00+05:30,39.64,114.93333333333334,45.89666666666667
2025-12-09 09:00:00+05:30,39.93,115.93333333333334,43.95333333333334
2025-12-09 10:00:00+05:30,24.0825,124.525,38.7275
2025-12-09 11:00:00+05:30,20.0375,115.35,35.315
2025-12-09 12:00:00+05:30,17.7075,111.875,32.31
2025-12-09 13:00:00+05:30,16.36,112.5,30.906666666666666
2025-12-09 14:00:00+05:30,13.9,100.63333333333333,29.813333333333333
2025-12-09 15:00:00+05:30,13.835,95.55000000000001,28.145
2025-12-09 16:00:00+05:30,19.58,85.9,28.55
2025-12-09 17:00:00+05:30,41.91,86.36666666666667,23.093333333333334
2025-12-09 18:00:00+05:30,99.20333333333333,109.93333333333334,27.05666666666667
2025-12-09 19:00:00+05:30,107.4075,150.425,45.037499999999994
2025-12-09 20:00:00+05:30,102.89333333333333,188.96666666666667,61.96333333333333
2025-12-09 21:00:00+05:30,102.04333333333334,225.73333333333335,72.30333333333333
2025-12-09 22:00:00+05:30,90.62666666666667,226.0666666666667,69.84333333333332
2025-12-09 23:00:00+05:30,90.93,221.8,67.245
2025-12-10 00:00:00+05:30,68.38,189.3,60.98
2025-12-10 01:00:00+05:30,68.87333333333333,185.76666666666665,59.21666666666667
2025-12-10 02:00:00+05:30,57.2525,164.975,53.03
2025-12-10 03:00:00+05:30,43.985,138.275,49.0775
2025-12-10 04:00:00+05:30,42.035,111.3,48.2675
2025-12-10 05:00:00+05:30,46.49,96.0,43.803333333333335
2025-12-10 06:00:00+05:30,51.35999999999999,91.96666666666665,37.48
2025-12-10 07:00:00+05:30,51.56,90.9,41.325
2025-12-10 08:00:00+05:30,46.675,113.32499999999999,48.3
2025-12-10 09:00:00+05:30,42.93333333333334,120.36666666666667,51.836666666666666
2025-12-10 10:00:00+05:30,26.676666666666666,126.56666666666666,51.98666666666667
2025-12-10 11:00:00+05:30,31.54,126.4,45.81999999999999
2025-12-10 12:00:00+05:30,25.126666666666665,123.7,40.57
2025-12-10 13:00:00+05:30,17.4775,115.05,30.47
2025-12-10 14:00:00+05:30,15.805,101.125,25.25
2025-12-10 15:00:00+05:30,11.915,84.75,24.515
2025-12-10 16:00:00+05:30,12.934999999999999,74.05000000000001,28.69
2025-12-10 17:00:00+05:30,13.24,76.275,29.490000000000002
2025-12-10 18:00:00+05:30,13.24,110.17500000000001,32.7525
2025-12-10 19:00:00+05:30,13.24,153.75,43.3275
2025-12-10 20:00:00+05:30,13.24,184.6,51.775
2025-12-10 21:00:00+05:30,13.24,203.25,54.1075
2025-12-10 22:00:00+05:30,13.24,208.575,55.015
2025-12-10 23:00:00+05:30,13.24,209.6,56.615
2025-12-11 00:00:00+05:30,13.24,238.4,66.57
2025-12-11 01:00:00+05:30,13.24,224.95,65.155
2025-12-11 02:00:00+05:30,13.24,199.35,60.3125
2025-12-11 03:00:00+05:30,13.24,179.39999999999998,61.459999999999994
2025-12-11 04:00:00+05:30,13.24,165.2,60.7225
2025-12-11 05:00:00+05:30,13.24,150.5,51.76666666666667
2025-12-11 06:00:00+05:30,13.24,139.0,45.21333333333333
2025-12-11 07:00:00+05:30,13.24,149.56666666666666,51.01333333333333
2025-12-11 09:00:00+05:30,13.24,147.6,36.67
2025-12-11 10:00:00+05:30,13.24,144.9333333333333,37.17333333333334
2025-12-11 11:00:00+05:30,13.24,142.4,37.75
2025-12-11 12:00:00+05:30,13.24,137.66666666666666,37.0
2025-12-11 13:00:00+05:30,13.24,115.94999999999999,31.15
2025-12-11 14:00:00+05:30,13.24,105.33333333333333,23.536666666666665
2025-12-11 15:00:00+05:30,13.24,92.23333333333333,16.496666666666666
2025-12-11 16:00:00+05:30,13.24,80.03333333333333,17.73333333333333
2025-12-11 17:00:00+05:30,13.24,77.86666666666667,18.37
2025-12-11 18:00:00+05:30,13.24,92.5,17.426666666666666
2025-12-11 19:00:00+05:30,13.24,278.2333333333333,47.46
2025-12-11 20:00:00+05:30,13.24,353.23333333333335,61.23
2025-12-11 21:00:00+05:30,13.24,332.1,62.375
2025-12-11 22:00:00+05:30,13.24,314.375,66.5675
2025-12-11 23:00:00+05:30,13.24,332.2,73.79
2025-12-12 00:00:00+05:30,13.24,359.1,92.07
2025-12-12 01:00:00+05:30,13.24,272.25,86.755
2025-12-12 02:00:00+05:30,13.24,52.475,80.6825
2025-12-12 03:00:00+05:30,13.24,446.775,77.08
2025-12-12 04:00:00+05:30,13.24,1336.9,70.2
2025-12-12 05:00:00+05:30,13.24,81.53333333333333,63.1
2025-12-12 06:00:00+05:30,13.24,362.4,59.177499999999995
2025-12-12 07:00:00+05:30,13.24,3226.0249999999996,58.765
2025-12-12 08:00:00+05:30,13.24,7545.7,63.97
2025-12-12 09:00:00+05:30,13.24,348.95000000000005,67.765
2025-12-12 10:00:00+05:30,13.24,2328.5,65.75666666666666
2025-12-12 11:00:00+05:30,7.54,0.0,7.4375
2025-12-12 12:00:00+05:30,16.655,142.375,42.6725
2025-12-12 13:00:00+05:30,17.68,128.65,38.43
2025-12-12 14:00:00+05:30,24.740000000000002,101.69999999999999,39.68000000000001
2025-12-12 15:00:00+05:30,44.01,88.2,38.02
2025-12-12 16:00:00+05:30,45.815,79.7,27.59
2025-12-12 17:00:00+05:30,45.7,95.1,22.32
2025-12-12 18:00:00+05:30,88.9325,138.15,24.5675
2025-12-12 19:00:00+05:30,127.4,193.875,44.0125
2025-12-12 20:00:00+05:30,116.895,281.65,67.57249999999999
2025-12-12 21:00:00+05:30,109.41000000000001,292.9,71.86
2025-12-12 22:00:00+05:30,105.29666666666667,281.43333333333334,79.63
2025-12-12 23:00:00+05:30,105.89,281.4,88.985
2025-12-13 00:00:00+05:30,88.18,296.3,94.32
2025-12-13 01:00:00+05:30,89.62666666666667,296.93333333333334,101.89333333333333
2025-12-13 02:00:00+05:30,79.99666666666667,266.2,94.39999999999999
2025-12-13 03:00:00+05:30,72.62666666666667,206.80000000000004,80.7
2025-12-13 04:00:00+05:30,58.292500000000004,180.375,69.7075
2025-12-13 05:00:00+05:30,54.69,141.79999999999998,68.43
2025-12-13 06:00:00+05:30,66.62,130.2,64.5575
2025-12-13 07:00:00+05:30,62.555,134.85000000000002,62.542500000000004
2025-12-13 08:00:00+05:30,48.193333333333335,151.96666666666667,63.46666666666667
2025-12-13 09:00:00+05:30,33.275,153.075,58.5025
2025-12-13 10:00:00+05:30,25.6875,151.5,57.6875
2025-12-13 11:00:00+05:30,21.163333333333334,140.76666666666668,53.02
2025-12-13 12:00:00+05:30,19.4225,136.225,39.1725
2025-12-13 13:00:00+05:30,15.373333333333333,125.93333333333332,35.193333333333335
2025-12-13 14:00:00+05:30,16.3075,114.6,33.402499999999996
2025-12-13 15:00:00+05:30,14.836666666666668,109.83333333333333,34.846666666666664
2025-12-13 16:00:00+05:30,18.143333333333334,101.13333333333333,30.400000000000002
2025-12-13 17:00:00+05:30,48.81666666666666,100.5,29.429999999999996
2025-12-13 18:00:00+05:30,106.5,155.2,60.23
2025-12-13 19:00:00+05:30,119.6,199.10000000000002,61.66
2025-12-13 20:00:00+05:30,109.035,255.05,66.89
2025-12-13 21:00:00+05:30,101.57249999999999,314.05,78.0775
2025-12-13 22:00:00+05:30,103.43333333333334,274.23333333333335,80.57333333333334
2025-12-13 23:00:00+05:30,101.18,258.9,82.22
2025-12-14 00:00:00+05:30,91.56,266.3,89.4
2025-12-14 01:00:00+05:30,89.8475,254.05,88.02000000000001
2025-12-14 02:00:00+05:30,62.182500000000005,218.6,81.11
2025-12-14 03:00:00+05:30,40.005,171.125,61.335
2025-12-14 04:00:00+05:30,23.755,137.75,43.0125
2025-12-14 05:00:00+05:30,26.810000000000002,119.225,45.445
2025-12-14 06:00:00+05:30,37.105,109.95,44.214999999999996
2025-12-14 07:00:00+05:30,28.636666666666667,115.26666666666667,51.47333333333333
2025-12-14 08:00:00+05:30,26.0125,120.30000000000001,43.4325
2025-12-14 09:00:00+05:30,24.86,117.03333333333335,42.89000000000001
2025-12-14 10:00:00+05:30,22.19666666666667,120.2,40.67
2025-12-14 11:00:00+05:30,22.5275,120.875,43.3875
2025-12-14 12:00:00+05:30,23.1375,123.525,38.8075
2025-12-14 13:00:00+05:30,17.103333333333335,127.80000000000001,32.72
2025-12-14 14:00:00+05:30,14.235,121.65,33.44499999999999
2025-12-14 15:00:00+05:30,16.275,105.825,34.5775
2025-12-14 16:00:00+05:30,14.3325,103.075,35.074999999999996
2025-12-14 17:00:00+05:30,31.099999999999998,100.5,28.41
2025-12-14 19:00:00+05:30,119.08333333333333,176.13333333333335,58.55666666666667
2025-12-14 20:00:00+05:30,111.315,254.85000000000002,70.7375
2025-12-14 21:00:00+05:30,100.0925,271.275,79.54249999999999
2025-12-14 22:00:00+05:30,87.13333333333333,262.9666666666667,79.78333333333335
2025-12-14 23:00:00+05:30,79.41,239.05,80.94
2025-12-15 00:00:00+05:30,61.2,196.1,66.57
2025-12-15 01:00:00+05:30,69.13250000000001,165.275,61.11750000000001
2025-12-15 02:00:00+05:30,52.405,145.82500000000002,53.2975
2025-12-15 03:00:00+05:30,28.49,124.36666666666667,49.53666666666666
2025-12-15 04:00:00+05:30,25.0375,93.725,36.8
2025-12-15 05:00:00+05:30,20.209999999999997,85.89999999999999,29.97
2025-12-15 06:00:00+05:30,23.436666666666667,82.0,31.439999999999998
2025-12-15 07:00:00+05:30,39.572500000000005,85.0,30.345000000000002
2025-12-15 08:00:00+05:30,26.326666666666664,104.39999999999999,26.673333333333336
2025-12-15 09:00:00+05:30,28.650000000000002,111.76666666666667,35.43666666666667
2025-12-15 10:00:00+05:30,26.593333333333334,117.39999999999999,39.32
2025-12-15 11:00:00+05:30,28.2425,123.45,31.64
2025-12-15 12:00:00+05:30,26.1675,124.9,22.79
2025-12-15 13:00:00+05:30,16.75,117.90000000000002,23.89
2025-12-15 14:00:00+05:30,12.395,109.5,27.11
2025-12-15 15:00:00+05:30,12.135,105.275,29.307499999999997
2025-12-15 16:00:00+05:30,15.826666666666668,87.0,25.78
2025-12-15 17:00:00+05:30,28.3475,89.25,24.405
2025-12-15 18:00:00+05:30,64.9375,114.575,31.3525
2025-12-15 19:00:00+05:30,82.01666666666667,181.9,47.68
2025-12-15 20:00:00+05:30,71.3925,203.775,59.68
2025-12-15 21:00:00+05:30,80.9525,204.6,61.8375
2025-12-15 22:00:00+05:30,55.7375,200.125,68.28
2025-12-15 23:00:00+05:30,47.82,196.2,68.1
2025-12-16 00:00:00+05:30,38.22,166.6,58.13
2025-12-16 01:00:00+05:30,24.41,159.85,58.83
2025-12-16 02:00:00+05:30,19.66,134.9,60.51
2025-12-16 03:00:00+05:30,16.427500000000002,123.575,56.3775
2025-12-16 04:00:00+05:30,14.6775,110.35,55.4825
2025-12-16 05:00:00+05:30,13.940000000000001,104.80000000000001,54.040000000000006
2025-12-16 06:00:00+05:30,26.58,99.8,54.56
2025-12-16 07:00:00+05:30,40.17333333333334,105.7,49.77
2025-12-16 08:00:00+05:30,28.4525,115.14999999999999,45.317499999999995
2025-12-16 09:00:00+05:30,26.34,123.2,48.197500000000005
2025-12-16 10:00:00+05:30,19.805,123.725,52.0325
2025-12-16 11:00:00+05:30,16.947499999999998,135.92499999999998,51.8975
2025-12-16 12:00:00+05:30,16.273333333333333,138.2,53.68
2025-12-16 13:00:00+05:30,14.795,140.9,50.515
2025-12-16 14:00:00+05:30,13.8375,132.875,49.1125
2025-12-16 15:00:00+05:30,12.555,122.425,47.932500000000005
2025-12-16 16:00:00+05:30,14.7625,112.45,45.62
2025-12-16 17:00:00+05:30,27.1475,116.05,46.004999999999995
2025-12-16 18:00:00+05:30,43.8825,123.25,45.012499999999996
2025-12-16 19:00:00+05:30,47.18000000000001,139.23333333333332,50.78333333333333
2025-12-16 20:00:00+05:30,30.05333333333333,152.53333333333333,54.95000000000001
2025-12-16 21:00:00+05:30,57.295,151.2,51.754999999999995
2025-12-16 22:00:00+05:30,44.485,160.2,56.365
2025-12-16 23:00:00+05:30,58.33,150.0,69.58
2025-12-17 00:00:00+05:30,17.88,136.7,54.61
2025-12-17 01:00:00+05:30,17.8275,127.65,53.7175
2025-12-17 02:00:00+05:30,17.7225,115.775,54.4675
2025-12-17 03:00:00+05:30,19.493333333333336,108.43333333333334,51.98333333333333
2025-12-17 04:00:00+05:30,20.9375,96.725,47.5175
2025-12-17 05:00:00+05:30,34.58,95.55000000000001,46.754999999999995
2025-12-17 06:00:00+05:30,36.385000000000005,98.775,49.07
2025-12-17 07:00:00+05:30,29.8375,103.0,62.184999999999995
2025-12-17 08:00:00+05:30,22.849999999999998,106.23333333333335,60.69333333333333
2025-12-17 09:00:00+05:30,28.94666666666667,107.09999999999998,52.54999999999999
2025-12-17 10:00:00+05:30,23.173333333333332,119.13333333333333,57.38666666666666
2025-12-17 11:00:00+05:30,23.0275,120.1,54.835
2025-12-17 12:00:00+05:30,20.83,127.80000000000001,54.97
2025-12-17 13:00:00+05:30,20.080000000000002,129.23333333333332,52.85333333333333
2025-12-17 14:00:00+05:30,16.076666666666668,129.26666666666668,48.623333333333335
2025-12-17 15:00:00+05:30,14.6625,124.65,48.9625
2025-12-17 16:00:00+05:30,16.7725,122.275,47.61
2025-12-17 17:00:00+05:30,38.855000000000004,124.15,47.739999999999995
2025-12-17 18:00:00+05:30,55.5225,147.3,51.115
2025-12-17 19:00:00+05:30,65.43333333333334,188.16666666666666,62.19333333333333
2025-12-17 20:00:00+05:30,52.6475,207.925,67.7025
2025-12-17 21:00:00+05:30,40.1475,201.175,71.41
2025-12-17 22:00:00+05:30,40.205,188.875,66.8575
2025-12-17 23:00:00+05:30,39.21,168.05,69.235
2025-12-18 01:00:00+05:30,25.33,133.3,62.31
2025-12-18 02:00:00+05:30,23.6825,122.75,59.667500000000004
2025-12-18 03:00:00+05:30,31.794999999999998,106.7,60.44
2025-12-18 04:00:00+05:30,30.675,99.7,57.7625
2025-12-18 05:00:00+05:30,30.82,95.4,51.265
2025-12-18 06:00:00+05:30,42.8775,98.8,54.44
2025-12-18 07:00:00+05:30,29.105,105.3,55.57
2025-12-18 08:00:00+05:30,34.37,107.8,42.37
2025-12-18 09:00:00+05:30,31.175,116.05,48.22
2025-12-18 10:00:00+05:30,24.103333333333335,123.46666666666665,49.03666666666667
2025-12-18 11:00:00+05:30,22.59,123.22500000000001,54.985
2025-12-18 12:00:00+05:30,19.383333333333333,131.13333333333335,54.29
2025-12-18 13:00:00+05:30,16.8575,121.65,50.66
2025-12-18 14:00:00+05:30,17.925,109.375,47.410000000000004
2025-12-18 15:00:00+05:30,19.95,99.65,48.65
2025-12-18 16:00:00+05:30,22.53,98.8,44.32
2025-12-18 17:00:00+05:30,33.473333333333336,87.90000000000002,31.7
2025-12-18 18:00:00+05:30,65.0275,109.35,25.06
2025-12-18 19:00:00+05:30,92.1175,146.4,19.5125
2025-12-18 20:00:00+05:30,96.0975,176.725,17.1325
2025-12-18 21:00:00+05:30,91.975,181.375,27.335
2025-12-18 22:00:00+05:30,71.3425,184.775,48.53
2025-12-18 23:00:00+05:30,52.435,177.75,48.78
2025-12-19 01:00:00+05:30,54.57,140.7,39.96
2025-12-19 02:00:00+05:30,39.080000000000005,122.63333333333333,41.99666666666666
2025-12-19 03:00:00+05:30,27.0,98.375,41.75
2025-12-19 04:00:00+05:30,30.885,89.125,44.135
2025-12-19 05:00:00+05:30,32.013333333333335,82.86666666666666,39.13666666666666
2025-12-19 06:00:00+05:30,44.6725,87.575,39.3875
2025-12-19 07:00:00+05:30,51.97,92.2,43.656666666666666
2025-12-19 08:00:00+05:30,41.57666666666666,117.73333333333333,45.82333333333333
2025-12-19 09:00:00+05:30,28.189999999999998,124.45,48.67
2025-12-19 10:00:00+05:30,23.53333333333333,123.8,43.51
2025-12-19 11:00:00+05:30,23.13,123.76666666666667,42.236666666666665
2025-12-19 12:00:00+05:30,17.765,117.375,38.462500000000006
2025-12-19 13:00:00+05:30,15.21,108.7,36.02
2025-12-19 14:00:00+05:30,13.407499999999999,108.1,26.9225
2025-12-19 15:00:00+05:30,12.68,89.76666666666667,25.89
2025-12-19 16:00:00+05:30,16.12,78.5,19.8675
2025-12-19 17:00:00+05:30,40.3725,78.9,22.369999999999997
2025-12-19 18:00:00+05:30,105.1875,111.625,28.572499999999998
2025-12-19 19:00:00+05:30,110.33,326.35,50.255
2025-12-19 20:00:00+05:30,103.04,446.2,79.75999999999999
2025-12-19 21:00:00+05:30,93.78,534.925,111.395
2025-12-19 22:00:00+05:30,93.5225,482.05,127.05499999999999
2025-12-19 23:00:00+05:30,86.53,406.55,129.62
2025-12-20 00:00:00+05:30,79.01,377.0,124.67
2025-12-20 01:00:00+05:30,84.3175,306.75,127.5825
2025-12-20 02:00:00+05:30,86.2,233.0,112.76
2025-12-20 03:00:00+05:30,77.47,205.67499999999998,105.42500000000001
2025-12-20 04:00:00+05:30,66.89,179.57500000000002,93.3775
2025-12-20 06:00:00+05:30,64.20666666666666,154.2,87.64
2025-12-20 07:00:00+05:30,50.2175,155.04999999999998,83.0625
2025-12-20 08:00:00+05:30,48.9025,154.1,66.91
2025-12-20 09:00:00+05:30,46.81333333333333,156.66666666666666,63.34
2025-12-20 10:00:00+05:30,44.1575,175.05,63.855000000000004
2025-12-20 11:00:00+05:30,39.28,169.9,59.89333333333334
2025-12-20 12:00:00+05:30,28.8475,160.625,51.5125
2025-12-20 13:00:00+05:30,24.156666666666666,158.5,42.38333333333333
2025-12-20 14:00:00+05:30,15.35,140.2,35.885000000000005
2025-12-20 15:00:00+05:30,14.935,116.65,35.394999999999996
2025-12-20 16:00:00+05:30,32.64666666666667,107.10000000000001,35.903333333333336
2025-12-20 17:00:00+05:30,34.03,105.3,30.3625
2025-12-20 18:00:00+05:30,118.64333333333333,117.5,40.1
2025-12-20 19:00:00+05:30,125.6,274.3,55.870000000000005
2025-12-20 20:00:00+05:30,122.075,341.4666666666667,71.58
2025-12-20 21:00:00+05:30,108.8425,323.70000000000005,83.81
2025-12-20 22:00:00+05:30,101.94,308.1,90.02
2025-12-20 23:00:00+05:30,119.08500000000001,264.7,86.425
2025-12-21 00:00:00+05:30,83.11,218.1,76.13
2025-12-21 01:00:00+05:30,65.4825,175.875,75.2375
2025-12-21 02:00:00+05:30,52.67333333333334,146.29999999999998,75.12333333333333
2025-12-21 03:00:00+05:30,44.0925,126.825,66.395
2025-12-21 04:00:00+05:30,34.21,110.375,55.18
2025-12-21 05:00:00+05:30,30.043333333333333,99.96666666666665,53.35666666666666
2025-12-21 06:00:00+05:30,31.86,95.35,47.56
2025-12-21 07:00:00+05:30,31.766666666666666,92.3,49.723333333333336
2025-12-21 08:00:00+05:30,39.629999999999995,98.05,45.1625
2025-12-21 09:00:00+05:30,33.1975,111.60000000000001,49.54
2025-12-21 10:00:00+05:30,30.615000000000002,126.32499999999999,51.462500000000006
2025-12-21 11:00:00+05:30,33.995,126.5,47.052499999999995
2025-12-21 12:00:00+05:30,17.125,118.325,38.075
2025-12-21 13:00:00+05:30,15.969999999999999,115.8,34.906666666666666
2025-12-21 14:00:00+05:30,15.7525,107.9,27.9875
2025-12-21 15:00:00+05:30,13.8325,96.02499999999999,25.485
2025-12-21 16:00:00+05:30,20.013333333333332,86.8,18.48
2025-12-21 17:00:00+05:30,37.425,92.80000000000001,25.455
2025-12-21 18:00:00+05:30,70.9,119.9,30.5075
2025-12-21 19:00:00+05:30,76.1825,178.4,47.302499999999995
2025-12-21 20:00:00+05:30,86.87,209.075,58.225
2025-12-21 21:00:00+05:30,80.8275,212.225,66.46499999999999
2025-12-21 22:00:00+05:30,66.9475,213.7,74.5175
2025-12-21 23:00:00+05:30,49.06,190.65,66.18
2025-12-22 00:00:00+05:30,35.16,150.2,53.35
2025-12-22 01:00:00+05:30,26.4675,122.25,50.9
2025-12-22 02:00:00+05:30,25.302500000000002,113.97500000000001,47.115
2025-12-22 03:00:00+05:30,22.939999999999998,106.89999999999999,46.46666666666667
2025-12-22 04:00:00+05:30,22.0975,99.7,40.5
2025-12-22 05:00:00+05:30,18.656666666666666,92.60000000000001,39.0
2025-12-22 06:00:00+05:30,26.31,90.5,38.57
2025-12-22 07:00:00+05:30,27.932499999999997,81.375,35.97
2025-12-22 08:00:00+05:30,31.17,86.725,35.295
2025-12-22 09:00:00+05:30,25.1725,93.075,37.7775
2025-12-22 10:00:00+05:30,27.2325,103.8,42.72
2025-12-22 11:00:00+05:30,27.995,111.4,44.73
2025-12-22 12:00:00+05:30,22.69,116.875,42.17
2025-12-22 13:00:00+05:30,16.3525,120.275,39.5725
2025-12-22 14:00:00+05:30,15.1475,109.47500000000001,30.009999999999998
2025-12-22 15:00:00+05:30,14.8475,103.77499999999999,34.1825
2025-12-22 16:00:00+05:30,16.0925,96.60000000000001,27.82
2025-12-22 17:00:00+05:30,27.582499999999996,94.725,31.9125
2025-12-22 18:00:00+05:30,87.85249999999999,114.7,34.27
2025-12-22 19:00:00+05:30,92.835,164.85,54.9825
2025-12-22 20:00:00+05:30,101.725,196.875,69.605
2025-12-22 21:00:00+05:30,89.6675,206.425,74.4525
2025-12-22 22:00:00+05:30,78.88,210.8,76.06
2025-12-23 00:00:00+05:30,36.38,172.2,62.21
2025-12-23 01:00:00+05:30,42.567499999999995,150.925,60.6875
2025-12-23 02:00:00+05:30,42.403333333333336,139.63333333333333,60.51
2025-12-23 03:00:00+05:30,37.7625,125.625,56.3675
2025-12-23 04:00:00+05:30,33.665,114.35,52.207499999999996
2025-12-23 05:00:00+05:30,33.22,107.63333333333333,50.843333333333334
2025-12-23 06:00:00+05:30,43.115,106.55,47.055
2025-12-23 07:00:00+05:30,55.655,113.525,57.515
2025-12-23 08:00:00+05:30,45.0875,138.875,63.0425
2025-12-23 09:00:00+05:30,30.5425,139.0,61.93
2025-12-23 10:00:00+05:30,22.979999999999997,143.5,57.86
2025-12-23 11:00:00+05:30,33.8775,138.925,51.8325
2025-12-23 12:00:00+05:30,22.1925,132.85,40.515
2025-12-23 13:00:00+05:30,16.189999999999998,125.825,33.447500000000005
2025-12-23 14:00:00+05:30,13.946666666666667,115.5,29.930000000000003
2025-12-23 15:00:00+05:30,11.696666666666667,105.8,30.916666666666668
2025-12-23 16:00:00+05:30,12.103333333333333,90.7,22.72
2025-12-23 17:00:00+05:30,19.375,86.6,18.5
2025-12-23 18:00:00+05:30,91.5125,95.42500000000001,25.9125
2025-12-23 19:00:00+05:30,96.595,146.72500000000002,49.21
2025-12-23 20:00:00+05:30,87.7225,219.725,77.1575
2025-12-23 21:00:00+05:30,79.94749999999999,451.57500000000005,103.57499999999999
2025-12-23 22:00:00+05:30,78.67999999999999,428.0,120.83333333333333
2025-12-24 01:00:00+05:30,34.31333333333333,90.0,76.84333333333333
2025-12-24 02:00:00+05:30,40.45,109.175,62.64
2025-12-24 03:00:00+05:30,42.1975,109.175,56.155
2025-12-24 04:00:00+05:30,36.43666666666667,105.56666666666666,51.473333333333336
2025-12-24 05:00:00+05:30,39.11000000000001,95.36666666666667,52.42333333333334
2025-12-24 06:00:00+05:30,47.269999999999996,123.475,59.120000000000005
2025-12-24 07:00:00+05:30,54.51,133.29999999999998,61.24333333333333
2025-12-24 08:00:00+05:30,48.3075,145.975,67.47
2025-12-24 09:00:00+05:30,40.045,151.9,51.62
2025-12-24 10:00:00+05:30,22.673333333333332,148.5,50.09
2025-12-24 12:00:00+05:30,21.189999999999998,131.46666666666667,48.97
2025-12-24 14:00:00+05:30,11.809999999999999,98.7,29.53
2025-12-24 15:00:00+05:30,10.1725,90.925,24.900000000000002
2025-12-24 16:00:00+05:30,18.83,71.525,21.1425
2025-12-24 17:00:00+05:30,25.366666666666664,74.7,20.086666666666666
2025-12-24 18:00:00+05:30,67.41499999999999,86.525,19.747500000000002
2025-12-24 19:00:00+05:30,103.465,122.5,30.459999999999997
2025-12-24 20:00:00+05:30,75.37,193.475,39.4675
2025-12-24 21:00:00+05:30,52.97,203.7,50.790000000000006
2025-12-24 22:00:00+05:30,44.505,191.5,58.5925
2025-12-24 23:00:00+05:30,79.85,180.35000000000002,56.41
2025-12-25 00:00:00+05:30,52.13,177.3,53.75
2025-12-25 01:00:00+05:30,51.07666666666666,163.03333333333333,56.48
2025-12-25 02:00:00+05:30,45.285,139.025,52.010000000000005
2025-12-25 03:00:00+05:30,48.8325,133.625,49.152499999999996
2025-12-25 04:00:00+05:30,41.4475,124.85,46.4525
2025-12-25 05:00:00+05:30,40.74333333333333,123.06666666666666,43.57333333333333
2025-12-25 06:00:00+05:30,25.426666666666666,114.2,43.31
2025-12-25 07:00:00+05:30,32.0275,106.175,45.7425
2025-12-25 08:00:00+05:30,32.5475,108.075,42.597500000000004
2025-12-25 09:00:00+05:30,26.5225,115.275,45.96
2025-12-25 10:00:00+05:30,24.317500000000003,114.05,50.635
2025-12-25 11:00:00+05:30,22.060000000000002,118.36666666666667,47.74666666666667
2025-12-25 12:00:00+05:30,20.105,123.075,45.815
2025-12-25 13:00:00+05:30,13.88,116.1,38.9075
2025-12-25 14:00:00+05:30,11.4475,104.72500000000001,29.8925
2025-12-25 15:00:00+05:30,11.1225,99.35,27.205
2025-12-25 16:00:00+05:30,14.2325,87.125,27.052500000000002
2025-12-25 17:00:00+05:30,23.835,87.7,28.1775
2025-12-25 18:00:00+05:30,55.075,92.675,32.445
2025-12-25 19:00:00+05:30,67.8625,140.54999999999998,40.3125
2025-12-25 20:00:00+05:30,85.18,160.75,58.8975
2025-12-25 21:00:00+05:30,86.545,187.225,66.725
2025-12-25 22:00:00+05:30,89.3025,206.725,69.30499999999999
2025-12-25 23:00:00+05:30,106.16,227.95,74.42500000000001
2025-12-26 00:00:00+05:30,44.16,234.5,81.73
2025-12-26 01:00:00+05:30,43.51666666666667,203.76666666666665,74.95333333333333
2025-12-26 02:00:00+05:30,33.4475,163.2,65.085
2025-12-26 03:00:00+05:30,20.8,127.0,58.64000000000001
2025-12-26 04:00:00+05:30,19.263333333333332,117.96666666666665,53.28333333333333
2025-12-26 05:00:00+05:30,24.94333333333333,96.10000000000001,47.35333333333333
2025-12-26 06:00:00+05:30,35.447500000000005,94.55,47.557500000000005
2025-12-26 07:00:00+05:30,30.68,101.44999999999999,52.8375
2025-12-26 08:00:00+05:30,25.45,102.925,51.785000000000004
2025-12-26 09:00:00+05:30,22.3675,100.975,49.015
2025-12-26 10:00:00+05:30,30.2225,109.55,43.335
2025-12-26 11:00:00+05:30,19.8275,106.65,49.227500000000006
2025-12-26 12:00:00+05:30,18.502499999999998,108.0,47.0325
2025-12-26 13:00:00+05:30,15.8775,108.14999999999999,39.5175
2025-12-26 14:00:00+05:30,12.74,101.17500000000001,37.535
2025-12-26 15:00:00+05:30,12.82,98.625,35.7525
2025-12-26 16:00:00+05:30,14.94,93.35000000000001,29.842499999999998
2025-12-26 17:00:00+05:30,23.41,89.8,29.959999999999997
2025-12-26 18:00:00+05:30,52.662499999999994,101.525,32.3125
2025-12-26 19:00:00+05:30,69.03,134.875,37.5125
2025-12-26 20:00:00+05:30,62.6475,165.25,41.2275
2025-12-26 21:00:00+05:30,49.495000000000005,169.9,47.92
2025-12-26 22:00:00+05:30,48.99,161.26666666666668,45.89666666666667
2025-12-26 23:00:00+05:30,49.620000000000005,153.65,45.645
2025-12-27 00:00:00+05:30,34.82,133.2,43.05
2025-12-27 01:00:00+05:30,24.923333333333336,124.03333333333335,41.97
2025-12-27 03:00:00+05:30,22.810000000000002,101.1,38.36
2025-12-27 04:00:00+05:30,17.615,84.47500000000001,34.0175
2025-12-27 05:00:00+05:30,16.866666666666664,75.43333333333334,25.956666666666667
2025-12-27 06:00:00+05:30,31.833333333333332,75.16666666666667,25.66
2025-12-27 07:00:00+05:30,34.5925,78.94999999999999,32.4875
2025-12-27 08:00:00+05:30,30.6,88.375,36.5425
2025-12-27 09:00:00+05:30,23.48,97.425,36.8275
2025-12-27 10:00:00+05:30,29.08,103.4,36.87
2025-12-27 11:00:00+05:30,20.345,106.275,36.845
2025-12-27 12:00:00+05:30,21.29,99.825,34.849999999999994
2025-12-27 13:00:00+05:30,17.44333333333333,102.03333333333335,34.18666666666667
2025-12-27 14:00:00+05:30,18.09,105.95,33.2325
2025-12-27 15:00:00+05:30,14.764999999999999,100.175,35.2
2025-12-27 16:00:00+05:30,15.76,95.875,39.1725
2025-12-27 17:00:00+05:30,25.3925,96.39999999999999,37.87
2025-12-27 18:00:00+05:30,61.86,112.05000000000001,37.7875
2025-12-27 19:00:00+05:30,82.6225,157.3,55.6175
2025-12-27 20:00:00+05:30,76.5175,208.925,68.30250000000001
2025-12-27 21:00:00+05:30,72.76333333333334,191.5,71.16000000000001
2025-12-27 22:00:00+05:30,63.34,195.0,78.33
2025-12-27 23:00:00+05:30,66.895,176.4,70.31
2025-12-28 00:00:00+05:30,41.7,156.1,58.89
2025-12-28 01:00:00+05:30,37.4925,145.025,56.945
2025-12-28 02:00:00+05:30,31.8525,134.55,52.667500000000004
2025-12-28 03:00:00+05:30,32.38,114.53333333333335,51.21
2025-12-28 04:00:00+05:30,31.795,103.375,42.655
2025-12-28 05:00:00+05:30,30.099999999999998,102.26666666666667,46.666666666666664
2025-12-28 06:00:00+05:30,31.067500000000003,97.225,46.1075
2025-12-28 07:00:00+05:30,23.345000000000002,94.1,47.995000000000005
2025-12-28 08:00:00+05:30,22.322499999999998,90.825,39.599999999999994
2025-12-28 09:00:00+05:30,20.73,88.44999999999999,34.63
2025-12-28 10:00:00+05:30,21.6925,97.22500000000001,36.872499999999995
2025-12-28 11:00:00+05:30,25.62,102.06666666666668,39.01333333333333
2025-12-28 12:00:00+05:30,22.4025,115.575,34.3975
2025-12-28 13:00:00+05:30,18.666666666666668,112.33333333333333,30.03333333333333
2025-12-28 14:00:00+05:30,15.719999999999999,108.52499999999999,33.5225
2025-12-28 15:00:00+05:30,13.71,105.5,36.0
2025-12-28 18:00:00+05:30,65.345,120.375,38.015
2025-12-28 19:00:00+05:30,70.53999999999999,164.225,45.695
2025-12-28 20:00:00+05:30,69.2625,210.35,56.51
2025-12-28 21:00:00+05:30,71.06,210.225,60.2825
2025-12-28 22:00:00+05:30,64.0625,200.95,68.0125
2025-12-28 23:00:00+05:30,75.85,192.75,68.86500000000001
2025-12-29 00:00:00+05:30,40.25,179.6,60.77
2025-12-29 01:00:00+05:30,37.6875,164.4,61.089999999999996
2025-12-29 02:00:00+05:30,32.1925,152.9,62.3025
2025-12-29 04:00:00+05:30,26.503333333333334,124.8,53.69
2025-12-29 05:00:00+05:30,28.47,120.3,52.28
2025-12-29 06:00:00+05:30,21.619999999999997,108.7,56.56
2025-12-29 07:00:00+05:30,37.125,104.15,51.41
2025-12-29 08:00:00+05:30,35.9325,127.125,50.6375
2025-12-29 09:00:00+05:30,26.825,126.85,53.152499999999996
2025-12-29 10:00:00+05:30,28.645,138.65,52.28
2025-12-29 11:00:00+05:30,27.355,134.07500000000002,55.3825
2025-12-29 12:00:00+05:30,25.0,138.275,60.47
2025-12-29 13:00:00+05:30,30.405,134.725,54.825
2025-12-29 14:00:00+05:30,26.845,128.925,51.6675
2025-12-29 15:00:00+05:30,23.4725,133.15,51.7875
2025-12-29 16:00:00+05:30,25.88,132.26666666666668,56.160000000000004
2025-12-29 17:00:00+05:30,45.2375,139.82500000000002,58.8175
2025-12-29 18:00:00+05:30,90.1625,167.9,64.1325
2025-12-29 19:00:00+05:30,120.0375,343.975,81.82249999999999
2025-12-29 20:00:00+05:30,127.445,387.425,108.695
2025-12-29 21:00:00+05:30,108.55,356.85,119.91
2025-12-29 22:00:00+05:30,71.9875,291.34999999999997,112.335
2025-12-29 23:00:00+05:30,58.535,229.4,102.235
2025-12-30 01:00:00+05:30,58.59,131.7,84.85
2025-12-30 02:00:00+05:30,63.51,144.625,82.485
2025-12-30 03:00:00+05:30,36.57,134.92499999999998,80.6525
2025-12-30 04:00:00+05:30,34.2475,108.725,68.675
2025-12-30 05:00:00+05:30,30.66333333333333,115.33333333333333,68.55333333333333
2025-12-30 06:00:00+05:30,41.5225,97.5,65.045
2025-12-30 07:00:00+05:30,52.71,127.225,68.57249999999999
2025-12-30 08:00:00+05:30,31.95,171.3,67.91
2025-12-30 09:00:00+05:30,37.43,159.05,66.78999999999999
2025-12-30 10:00:00+05:30,41.096666666666664,158.23333333333332,63.473333333333336
2025-12-30 11:00:00+05:30,54.275,165.02499999999998,68.1275
2025-12-30 12:00:00+05:30,47.505,176.5,63.3025
2025-12-30 14:00:00+05:30,23.875,161.1,61.66
2025-12-30 15:00:00+05:30,19.16,150.9,57.96
2025-12-30 16:00:00+05:30,21.15,,
2025-12-30 17:00:00+05:30,28.263333333333332,144.23333333333332,63.800000000000004
2025-12-30 18:00:00+05:30,77.34333333333333,150.5,65.30666666666667
2025-12-30 19:00:00+05:30,106.275,184.55,72.42
2025-12-30 20:00:00+05:30,137.19666666666666,368.06666666666666,96.45
2025-12-30 21:00:00+05:30,119.725,429.2,127.63
2025-12-30 22:00:00+05:30,106.08500000000001,399.7,128.54
2025-12-30 23:00:00+05:30,73.51,275.3666666666667,123.78333333333335
2025-12-31 00:00:00+05:30,76.22,243.5,115.65
2025-12-31 01:00:00+05:30,72.88,225.5666666666667,111.37333333333333
2025-12-31 02:00:00+05:30,61.63666666666666,215.25,107.15333333333332
2025-12-31 03:00:00+05:30,69.56,205.5,106.24
2025-12-31 04:00:00+05:30,69.08500000000001,198.0,95.89
2025-12-31 05:00:00+05:30,81.56333333333333,188.33333333333334,95.19666666666667
2025-12-31 06:00:00+05:30,84.55000000000001,197.275,103.0975
2025-12-31 07:00:00+05:30,84.925,205.75,110.295
2025-12-31 08:00:00+05:30,87.6375,411.3999999999999,147.22750000000002
2025-12-31 09:00:00+05:30,109.2275,338.775,150.5825
2025-12-31 10:00:00+05:30,144.3825,344.0,154.705
2025-12-31 11:00:00+05:30,113.985,383.375,165.5375
2025-12-31 12:00:00+05:30,53.3775,368.7,163.175
2025-12-31 13:00:00+05:30,24.1475,289.125,142.13
2025-12-31 14:00:00+05:30,16.355,188.225,104.8875
2025-12-31 15:00:00+05:30,15.4675,138.825,87.8775
2025-12-31 16:00:00+05:30,15.739999999999998,117.5,75.61250000000001
2025-12-31 17:00:00+05:30,20.745,124.825,70.81
2025-12-31 18:00:00+05:30,65.6825,160.55,69.4275
2025-12-31 19:00:00+05:30,122.10999999999999,220.425,81.185
2025-12-31 20:00:00+05:30,125.525,462.3,110.24
2025-12-31 21:00:00+05:30,127.57,448.275,127.6775
2025-12-31 22:00:00+05:30,134.6375,373.75,126.5175
2025-12-31 23:00:00+05:30,66.995,330.85,133.17000000000002
2026-01-01 00:00:00+05:30,36.65,208.9,116.22
2026-01-01 01:00:00+05:30,36.3925,184.075,108.1825
2026-01-01 02:00:00+05:30,29.15,159.975,99.0775
2026-01-01 03:00:00+05:30,24.752499999999998,137.45,91.6775
2026-01-01 04:00:00+05:30,25.765,120.55,70.3425
2026-01-01 05:00:00+05:30,34.846666666666664,117.3,64.07
2026-01-01 06:00:00+05:30,33.845,117.275,58.52
2026-01-01 07:00:00+05:30,28.38,115.86666666666667,62.79999999999999
2026-01-01 08:00:00+05:30,35.7975,114.725,58.572500000000005
2026-01-01 09:00:00+05:30,36.730000000000004,121.35,58.0575
2026-01-01 10:00:00+05:30,25.3425,127.25,58.33
2026-01-01 11:00:00+05:30,17.4525,122.275,56.739999999999995
2026-01-01 12:00:00+05:30,12.973333333333334,103.3,47.843333333333334
2026-01-01 13:00:00+05:30,9.916666666666666,96.06666666666666,37.49666666666666
2026-01-01 14:00:00+05:30,11.4525,87.25,33.83
2026-01-01 15:00:00+05:30,10.455,76.1,32.3
2026-01-01 16:00:00+05:30,12.7275,69.025,28.9825
2026-01-01 17:00:00+05:30,21.766666666666666,67.9,25.88
2026-01-01 18:00:00+05:30,39.042500000000004,78.525,23.9525
2026-01-01 19:00:00+05:30,47.43,100.7,32.06333333333333
2026-01-01 20:00:00+05:30,39.205,108.19999999999999,29.767500000000002
2026-01-01 21:00:00+05:30,25.040000000000003,107.39999999999999,34.43333333333333
2026-01-01 22:00:00+05:30,34.9125,100.17500000000001,34.614999999999995
2026-01-01 23:00:00+05:30,43.400000000000006,104.15,35.825
2026-01-02 00:00:00+05:30,26.53,104.8,26.24
2026-01-02 01:00:00+05:30,27.0775,95.0,31.29
2026-01-02 02:00:00+05:30,26.325,91.175,37.1225
2026-01-02 03:00:00+05:30,22.83,83.23333333333333,37.803333333333335
2026-01-02 04:00:00+05:30,23.7075,85.575,36.2675
2026-01-02 05:00:00+05:30,26.236666666666665,83.53333333333333,41.07
2026-01-02 06:00:00+05:30,37.7375,92.95,47.605
2026-01-02 07:00:00+05:30,42.82,104.73333333333333,51.49
2026-01-02 08:00:00+05:30,33.8575,113.30000000000001,57.5025
2026-01-02 09:00:00+05:30,22.2725,117.175,53.4725
2026-01-02 10:00:00+05:30,21.03333333333333,115.26666666666665,44.53333333333333
2026-01-02 11:00:00+05:30,17.56,114.9,35.75
2026-01-02 12:00:00+05:30,14.66,116.925,29.924999999999997
2026-01-02 13:00:00+05:30,11.34,109.30000000000001,31.115
2026-01-02 15:00:00+05:30,14.59,92.9,29.13
2026-01-02 16:00:00+05:30,15.3575,85.825,24.005
2026-01-02 17:00:00+05:30,23.573333333333334,85.76666666666665,28.939999999999998
2026-01-02 18:00:00+05:30,43.01666666666667,95.93333333333334,30.473333333333333
2026-01-02 19:00:00+05:30,47.5325,123.15,34.442499999999995
2026-01-02 20:00:00+05:30,38.144999999999996,127.025,36.160000000000004
2026-01-02 21:00:00+05:30,29.28333333333333,120.46666666666665,32.96333333333333
2026-01-02 22:00:00+05:30,33.807500000000005,124.275,32.8625
2026-01-02 23:00:00+05:30,34.665,110.9,37.364999999999995
2026-01-03 01:00:00+05:30,40.63,102.7,39.34
2026-01-03 02:00:00+05:30,33.0775,106.5,44.7675
2026-01-03 03:00:00+05:30,24.692500000000003,110.0,45.6725
2026-01-03 04:00:00+05:30,20.11,102.675,37.3175
2026-01-03 06:00:00+05:30,26.653333333333332,84.9,41.46
2026-01-03 07:00:00+05:30,25.99,87.5,43.949999999999996
2026-01-03 08:00:00+05:30,22.415,89.625,45.105000000000004
2026-01-03 09:00:00+05:30,19.55666666666667,95.03333333333335,42.77
2026-01-03 10:00:00+05:30,19.33,103.725,48.42
2026-01-03 11:00:00+05:30,17.506666666666668,107.56666666666666,47.79666666666666
2026-01-03 12:00:00+05:30,15.61,111.15,44.905
2026-01-03 13:00:00+05:30,13.416666666666666,114.06666666666666,49.333333333333336
2026-01-03 14:00:00+05:30,10.9275,108.025,45.005
2026-01-03 15:00:00+05:30,13.556666666666667,95.7,42.72
2026-01-03 16:00:00+05:30,14.8625,95.175,42.1375
2026-01-03 17:00:00+05:30,22.3525,95.95,37.935
2026-01-03 18:00:00+05:30,51.06,104.875,33.8125
2026-01-03 19:00:00+05:30,75.09,126.39999999999999,50.79999999999999
2026-01-03 20:00:00+05:30,89.135,166.725,62.3
2026-01-03 21:00:00+05:30,61.14000000000001,202.9333333333333,70.33999999999999
2026-01-03 22:00:00+05:30,33.957499999999996,198.97500000000002,71.41
2026-01-03 23:00:00+05:30,30.54,167.9,63.57
2026-01-04 00:00:00+05:30,31.91,153.0,63.76
2026-01-04 01:00:00+05:30,26.64,150.9,59.77
2026-01-04 02:00:00+05:30,35.3525,133.77499999999998,56.055
2026-01-04 03:00:00+05:30,38.193333333333335,133.4,57.82333333333333
2026-01-04 04:00:00+05:30,30.2675,125.25,54.6
2026-01-04 05:00:00+05:30,28.96666666666667,111.63333333333333,52.620000000000005
2026-01-04 06:00:00+05:30,30.07,110.2,49.0175
2026-01-04 07:00:00+05:30,28.290000000000003,106.3,49.67666666666667
2026-01-04 08:00:00+05:30,21.54,107.725,51.8625
2026-01-04 09:00:00+05:30,21.169999999999998,104.40000000000002,50.836666666666666
2026-01-04 10:00:00+05:30,19.8425,111.42500000000001,47.76
2026-01-04 11:00:00+05:30,19.2725,109.525,52.7975
2026-01-04 12:00:00+05:30,16.3475,121.65,42.9075
2026-01-04 13:00:00+05:30,14.826666666666668,127.80000000000001,43.23
2026-01-04 14:00:00+05:30,13.0525,116.3,42.44
2026-01-04 15:00:00+05:30,12.26,106.53333333333335,43.03
2026-01-04 16:00:00+05:30,14.776666666666666,99.7,40.49666666666666
2026-01-04 17:00:00+05:30,24.903333333333336,96.66666666666667,38.60333333333333
2026-01-04 18:00:00+05:30,62.696666666666665,106.43333333333332,42.25333333333333
2026-01-04 19:00:00+05:30,76.37,162.55,59.9325
2026-01-04 20:00:00+05:30,73.655,196.475,61.125
2026-01-04 21:00:00+05:30,70.11,208.45,66.445
2026-01-04 22:00:00+05:30,72.75,209.3,72.44
2026-01-04 23:00:00+05:30,51.065,204.75,72.885
2026-01-05 00:00:00+05:30,17.63,165.3,51.91
2026-01-05 01:00:00+05:30,17.036666666666665,143.96666666666667,53.330000000000005
2026-01-05 02:00:00+05:30,15.717500000000001,110.10000000000001,52.28
2026-01-05 03:00:00+05:30,14.326666666666668,94.10000000000001,47.629999999999995
2026-01-05 04:00:00+05:30,13.979999999999999,80.0,39.76
2026-01-05 05:00:00+05:30,16.216666666666665,77.0,38.07333333333333
2026-01-05 06:00:00+05:30,17.619999999999997,69.875,40.905
2026-01-05 07:00:00+05:30,18.713333333333335,72.03333333333335,42.45333333333334
2026-01-05 08:00:00+05:30,19.05333333333333,73.13333333333334,40.190000000000005
2026-01-05 09:00:00+05:30,18.89,84.13333333333334,43.086666666666666
2026-01-05 10:00:00+05:30,17.566666666666666,87.0,44.02
2026-01-05 11:00:00+05:30,17.3,65.25,33.015
2026-01-05 12:00:00+05:30,7.67,9.1,6.505
2026-01-05 13:00:00+05:30,7.82,136.6,97.56
2026-01-05 14:00:00+05:30,148.54000000000002,133.05,72.735
2026-01-05 15:00:00+05:30,68.94000000000001,127.69999999999999,67.07666666666667
2026-01-05 16:00:00+05:30,12.065,122.6,62.28
2026-01-05 17:00:00+05:30,15.0,123.03333333333335,48.57333333333333
2026-01-05 18:00:00+05:30,28.03,127.3,48.64
2026-01-05 19:00:00+05:30,32.7,127.4,49.09
2026-01-05 20:00:00+05:30,27.3675,126.775,46.9275
2026-01-05 21:00:00+05:30,28.926666666666666,137.13333333333333,45.20333333333334
2026-01-05 22:00:00+05:30,19.676666666666666,146.5,49.64000000000001
2026-01-05 23:00:00+05:30,14.79,134.6,49.48
2026-01-06 00:00:00+05:30,10.55,112.1,45.19
2026-01-06 01:00:00+05:30,13.313333333333333,107.43333333333334,38.373333333333335
2026-01-06 02:00:00+05:30,12.49,96.225,35.349999999999994
2026-01-06 03:00:00+05:30,10.950000000000001,76.23333333333333,32.49
2026-01-06 04:00:00+05:30,13.4225,68.55,31.7625
2026-01-06 05:00:00+05:30,15.39,73.2,30.515
2026-01-06 06:00:00+05:30,23.8175,73.52499999999999,33.4125
2026-01-06 07:00:00+05:30,24.896666666666665,80.43333333333334,36.39
2026-01-06 08:00:00+05:30,22.1275,92.94999999999999,35.9475
2026-01-06 09:00:00+05:30,15.5,106.3,29.83
2026-01-06 10:00:00+05:30,11.103333333333333,79.06666666666666,22.146666666666665
2026-01-06 11:00:00+05:30,13.229999999999999,120.06666666666666,36.513333333333335
2026-01-06 12:00:00+05:30,12.5125,120.22500000000001,52.135
2026-01-06 13:00:00+05:30,11.573333333333332,125.13333333333333,42.24333333333333
2026-01-06 14:00:00+05:30,11.925,126.7,40.3125
2026-01-06 15:00:00+05:30,12.043333333333335,112.83333333333333,37.43666666666667
2026-01-06 16:00:00+05:30,11.823333333333332,113.2,41.15333333333333
2026-01-06 17:00:00+05:30,21.97,115.2,30.5725
2026-01-06 18:00:00+05:30,52.72333333333333,130.93333333333334,37.699999999999996
2026-01-06 19:00:00+05:30,70.79666666666667,181.13333333333335,51.083333333333336
2026-01-06 20:00:00+05:30,68.325,233.92499999999998,79.445
2026-01-06 21:00:00+05:30,62.32,284.06666666666666,88.65333333333335
2026-01-06 22:00:00+05:30,58.5475,333.65,118.71
2026-01-06 23:00:00+05:30,56.13,316.1,113.07
2026-01-07 00:00:00+05:30,35.78,248.4,110.16
2026-01-07 01:00:00+05:30,28.8275,194.225,93.385
2026-01-07 02:00:00+05:30,21.106666666666666,144.5,67.24
2026-01-07 03:00:00+05:30,17.74,101.93333333333332,63.196666666666665
2026-01-07 04:00:00+05:30,19.2675,74.575,53.115
2026-01-07 05:00:00+05:30,19.25,75.6,35.95
2026-01-07 06:00:00+05:30,25.89,88.26666666666667,40.46
2026-01-07 07:00:00+05:30,28.060000000000002,88.76666666666667,39.54666666666667
2026-01-07 08:00:00+05:30,23.615,99.47500000000001,47.2425
2026-01-07 09:00:00+05:30,18.805,128.175,35.6625
2026-01-07 10:00:00+05:30,17.8475,127.3,43.245
2026-01-07 11:00:00+05:30,16.28,138.5,41.07
2026-01-07 12:00:00+05:30,13.934999999999999,136.125,49.5875
2026-01-07 13:00:00+05:30,13.253333333333332,129.20000000000002,43.419999999999995
2026-01-07 14:00:00+05:30,12.219999999999999,127.5,43.9925
2026-01-07 15:00:00+05:30,11.996666666666668,134.73333333333332,50.97
2026-01-07 16:00:00+05:30,13.442499999999999,125.175,53.6225
2026-01-07 17:00:00+05:30,21.3475,131.92499999999998,56.4475
2026-01-07 18:00:00+05:30,47.2025,160.075,57.1875
2026-01-07 19:00:00+05:30,73.51,219.9,71.91666666666667
2026-01-07 20:00:00+05:30,71.5425,267.5,93.4925
2026-01-07 21:00:00+05:30,50.74666666666667,324.73333333333335,105.13333333333333
2026-01-07 22:00:00+05:30,30.607499999999998,274.45,107.8125
2026-01-07 23:00:00+05:30,32.295,211.0,89.49
2026-01-08 00:00:00+05:30,22.16,191.6,74.47
2026-01-08 01:00:00+05:30,16.975,166.9,60.2525
2026-01-08 02:00:00+05:30,15.4275,121.07499999999999,63.769999999999996
2026-01-08 03:00:00+05:30,14.413333333333332,106.66666666666667,57.78333333333334
2026-01-08 04:00:00+05:30,13.46,103.02499999999999,58.519999999999996
2026-01-08 05:00:00+05:30,13.316666666666668,101.53333333333335,47.410000000000004
2026-01-08 06:00:00+05:30,17.125,95.85,53.9275
2026-01-08 07:00:00+05:30,19.076666666666668,98.73333333333333,54.343333333333334
2026-01-08 08:00:00+05:30,18.685,106.5,51.06
2026-01-08 09:00:00+05:30,16.34,111.35,42.045
2026-01-08 10:00:00+05:30,16.1725,119.4,58.69499999999999
2026-01-08 11:00:00+05:30,15.040000000000001,126.60000000000001,55.379999999999995
2026-01-08 12:00:00+05:30,16.1,129.375,51.6675
2026-01-08 13:00:00+05:30,15.715,143.2,48.400000000000006
2026-01-08 14:00:00+05:30,16.16,153.075,58.0575
2026-01-08 15:00:00+05:30,14.723333333333334,152.20000000000002,56.093333333333334
2026-01-08 16:00:00+05:30,16.3925,148.625,69.72
2026-01-08 17:00:00+05:30,22.47,159.26666666666668,73.43
2026-01-08 18:00:00+05:30,38.1625,179.75,76.22
2026-01-08 19:00:00+05:30,36.10333333333333,199.70000000000002,80.34333333333335
2026-01-08 20:00:00+05:30,27.4125,206.45,93.0775
2026-01-08 21:00:00+05:30,23.52,185.0,84.58999999999999
2026-01-08 22:00:00+05:30,17.607499999999998,171.47500000000002,84.575
2026-01-08 23:00:00+05:30,17.27,152.9,74.59
2026-01-09 00:00:00+05:30,19.26,130.3,64.09
2026-01-09 01:00:00+05:30,19.5,125.25,59.7
2026-01-09 02:00:00+05:30,19.555,125.9,63.68
2026-01-09 03:00:00+05:30,16.12666666666667,125.10000000000001,60.326666666666675
2026-01-09 04:00:00+05:30,15.81,116.82499999999999,58.665000000000006
2026-01-09 05:00:00+05:30,16.49,112.8,54.68
2026-01-09 06:00:00+05:30,29.516666666666666,123.60000000000001,61.879999999999995
2026-01-09 07:00:00+05:30,42.083333333333336,123.3,69.52666666666666
2026-01-09 08:00:00+05:30,32.6975,152.375,73.31
2026-01-09 09:00:00+05:30,26.59,158.45,69.7025
2026-01-09 10:00:00+05:30,15.885,168.7,69.58
2026-01-09 11:00:00+05:30,12.08,161.95,61.745
2026-01-09 12:00:00+05:30,10.595,144.375,63.1675
2026-01-09 13:00:00+05:30,13.593333333333334,131.16666666666666,45.086666666666666
2026-01-09 14:00:00+05:30,12.620000000000001,127.3,42.464999999999996
2026-01-09 15:00:00+05:30,12.979999999999999,121.7,43.586666666666666
2026-01-09 16:00:00+05:30,13.8975,123.325,40.56
2026-01-09 17:00:00+05:30,20.535,119.275,30.307499999999997
2026-01-09 18:00:00+05:30,37.47,134.96666666666667,34.1
2026-01-09 19:00:00+05:30,39.26,158.46666666666667,58.72333333333333
2026-01-09 20:00:00+05:30,46.1875,183.39999999999998,63.3325
2026-01-09 21:00:00+05:30,63.22,221.1,66.74
2026-01-09 22:00:00+05:30,25.3275,221.325,68.7825
2026-01-09 23:00:00+05:30,22.509999999999998,181.1,67.13
2026-01-10 00:00:00+05:30,24.89,164.5,58.47
2026-01-10 01:00:00+05:30,27.113333333333333,157.83333333333334,56.24
2026-01-10 02:00:00+05:30,30.8375,144.825,60.015
2026-01-10 03:00:00+05:30,28.263333333333332,140.1,61.43666666666667
2026-01-10 04:00:00+05:30,25.642500000000002,131.25,63.335
2026-01-10 05:00:00+05:30,27.25333333333333,139.6,56.94
2026-01-10 06:00:00+05:30,42.00333333333333,148.20000000000002,67.45333333333333
2026-01-10 07:00:00+05:30,41.696666666666665,173.80000000000004,78.31666666666666
2026-01-10 08:00:00+05:30,33.440000000000005,197.29999999999998,99.22666666666667
2026-01-10 11:00:00+05:30,19.926666666666666,246.9,95.94333333333333
2026-01-10 12:00:00+05:30,12.7925,220.95,85.69999999999999
2026-01-10 13:00:00+05:30,13.74,157.5,60.66
2026-01-10 14:00:00+05:30,9.91,140.85000000000002,62.515
2026-01-10 15:00:00+05:30,9.815000000000001,118.4,45.97
2026-01-10 16:00:00+05:30,12.01,113.325,42.167500000000004
2026-01-10 17:00:00+05:30,16.61,106.6,33.05
2026-01-20 20:00:00+05:30,63.31,191.0,52.65
2026-01-20 21:00:00+05:30,61.805,221.975,51.8425
2026-01-20 22:00:00+05:30,61.21,236.775,59.08
2026-01-20 23:00:00+05:30,56.650000000000006,248.9,69.57
2026-01-21 00:00:00+05:30,44.72,,
2026-01-21 01:00:00+05:30,37.335,229.675,73.2175
2026-01-21 02:00:00+05:30,29.6425,183.95,66.21000000000001
2026-01-21 03:00:00+05:30,23.575,153.60000000000002,56.75
2026-01-21 04:00:00+05:30,17.765,108.875,52.83
2026-01-21 05:00:00+05:30,18.479999999999997,107.75,44.975
2026-01-21 06:00:00+05:30,22.985,101.52499999999999,45.8425
2026-01-21 07:00:00+05:30,18.14,103.35,47.010000000000005
2026-01-21 08:00:00+05:30,16.8775,124.325,42.63
2026-01-21 09:00:00+05:30,17.4525,132.60000000000002,33.022499999999994
2026-01-21 10:00:00+05:30,15.48,144.2,39.754999999999995
2026-01-21 11:00:00+05:30,13.7475,145.17499999999998,41.0625
2026-01-21 12:00:00+05:30,14.06,137.6,38.02
2026-01-21 13:00:00+05:30,13.129999999999999,133.425,31.119999999999997
2026-01-21 14:00:00+05:30,12.7775,131.95000000000002,33.644999999999996
2026-01-21 15:00:00+05:30,12.365,126.225,36.195
2026-01-21 16:00:00+05:30,12.3375,116.125,43.295
2026-01-21 17:00:00+05:30,18.84,126.725,36.3275
2026-01-21 18:00:00+05:30,37.0025,130.86666666666667,42.14333333333334
2026-01-21 19:00:00+05:30,52.0475,158.125,48.16
2026-01-21 20:00:00+05:30,51.2,191.25,52.8125
2026-01-21 21:00:00+05:30,42.03,219.0,52.037499999999994
2026-01-21 22:00:00+05:30,41.6375,222.325,60.1875
2026-01-21 23:00:00+05:30,33.175,211.3,62.17
2026-01-22 00:00:00+05:30,26.76,183.9,59.42
2026-01-22 01:00:00+05:30,26.5275,160.7,52.7025
2026-01-22 03:00:00+05:30,31.55,131.0,55.06999999999999
2026-01-22 04:00:00+05:30,30.463333333333335,127.2,56.81
2026-01-22 05:00:00+05:30,24.246666666666666,133.33333333333334,44.42333333333334
2026-01-22 06:00:00+05:30,23.28333333333333,123.76666666666667,45.68666666666667
2026-01-22 07:00:00+05:30,29.905,117.8,51.5175
2026-01-22 08:00:00+05:30,31.145,126.19999999999999,60.0025
2026-01-22 09:00:00+05:30,27.14,149.8,54.423333333333325
2026-01-22 10:00:00+05:30,28.42,160.22500000000002,57.325
2026-01-22 11:00:00+05:30,45.36,167.225,60.292500000000004
2026-01-22 12:00:00+05:30,52.52666666666667,181.0,65.14
2026-01-22 13:00:00+05:30,31.9625,202.0,66.685
2026-01-22 14:00:00+05:30,19.676666666666666,196.9666666666667,67.22333333333334
2026-01-22 15:00:00+05:30,17.333333333333332,189.0,69.11
2026-01-22 16:00:00+05:30,21.26,196.1,77.84
2026-01-22 17:00:00+05:30,20.48,201.775,75.0525
2026-01-22 18:00:00+05:30,31.405,204.1,72.42
2026-01-22 19:00:00+05:30,58.727500000000006,217.4,73.29249999999999
2026-01-22 20:00:00+05:30,92.35666666666667,254.2,79.88
2026-01-22 21:00:00+05:30,72.28,293.2333333333333,93.67333333333333
2026-01-22 22:00:00+05:30,37.9575,295.325,97.2125
2026-01-22 23:00:00+05:30,26.810000000000002,271.9,102.89
2026-01-23 00:00:00+05:30,15.2,222.4,86.94
2026-01-23 01:00:00+05:30,14.74,196.625,86.2025
2026-01-23 02:00:00+05:30,15.36,147.425,75.0325
2026-01-23 03:00:00+05:30,15.252500000000001,137.25,62.8925
2026-01-23 04:00:00+05:30,12.5075,124.8,57.9625
2026-01-23 05:00:00+05:30,15.32,113.86666666666667,39.083333333333336
2026-01-23 06:00:00+05:30,20.175,102.325,36.65
2026-01-23 07:00:00+05:30,25.203333333333333,104.8,43.35333333333333
2026-01-23 08:00:00+05:30,24.375,112.675,38.480000000000004
2026-01-23 09:00:00+05:30,16.3275,147.35000000000002,34.5
2026-01-23 10:00:00+05:30,13.843333333333334,127.3,37.46
2026-01-23 11:00:00+05:30,13.543333333333331,50.43333333333334,18.746666666666666
2026-01-23 12:00:00+05:30,10.483333333333333,28.0,5.586666666666667
2026-01-23 13:00:00+05:30,10.0275,83.425,16.830000000000002
2026-01-23 14:00:00+05:30,7.5225,81.1,17.325000000000003
2026-01-23 15:00:00+05:30,6.97,80.65,20.375
2026-01-23 16:00:00+05:30,7.485,81.675,20.6425
2026-01-23 17:00:00+05:30,8.785,82.9,17.105
2026-01-23 18:00:00+05:30,13.307500000000001,86.9,17.02
2026-01-23 19:00:00+05:30,20.9775,89.625,15.4575
2026-01-23 20:00:00+05:30,37.1125,101.65,12.975
2026-01-23 21:00:00+05:30,17.133333333333336,115.76666666666667,15.219999999999999
2026-01-23 22:00:00+05:30,19.77,113.225,16.18
2026-01-23 23:00:00+05:30,14.695,107.8,13.01
2026-01-24 00:00:00+05:30,13.92,97.7,12.89
2026-01-24 01:00:00+05:30,13.182500000000001,94.9,11.625
2026-01-24 02:00:00+05:30,14.4425,89.95,14.1125
2026-01-24 03:00:00+05:30,11.8825,86.575,18.4925
2026-01-24 04:00:00+05:30,14.015,84.3,16.5125
2026-01-24 05:00:00+05:30,14.8,84.3,15.87
2026-01-24 06:00:00+05:30,20.709999999999997,90.13333333333333,20.08666666666667
2026-01-24 07:00:00+05:30,22.325,90.25,21.642500000000002
2026-01-24 08:00:00+05:30,21.65,97.775,20.66
2026-01-24 09:00:00+05:30,17.896666666666665,106.7,18.8
2026-01-24 10:00:00+05:30,13.1675,132.1,21.5875
2026-01-24 11:00:00+05:30,11.44,169.125,20.415
2026-01-24 12:00:00+05:30,10.387500000000001,186.325,16.2075
2026-01-24 13:00:00+05:30,10.17,178.83333333333334,12.716666666666667
2026-01-24 14:00:00+05:30,10.5375,155.775,14.6375
2026-01-24 15:00:00+05:30,10.656666666666666,147.0,19.763333333333332
2026-01-24 16:00:00+05:30,12.4,128.4,16.64
2026-01-24 17:00:00+05:30,14.2975,125.45,15.965
2026-01-24 18:00:00+05:30,24.7225,123.15,18.490000000000002
2026-01-24 19:00:00+05:30,43.81,135.3,23.66
2026-01-24 20:00:00+05:30,58.7075,172.225,28.015
2026-01-24 21:00:00+05:30,57.03,221.3,38.405
2026-01-24 22:00:00+05:30,45.555,247.35,57.405
2026-01-24 23:00:00+05:30,36.79,255.3,72.45
2026-01-25 00:00:00+05:30,29.65,242.5,60.73
2026-01-25 01:00:00+05:30,28.7125,225.2,58.302499999999995
2026-01-25 02:00:00+05:30,26.775,192.625,52.1025
2026-01-25 03:00:00+05:30,22.51,167.43333333333334,46.22333333333333
2026-01-25 04:00:00+05:30,16.92,139.725,37.2675
2026-01-25 05:00:00+05:30,15.6625,121.875,26.5775
2026-01-25 06:00:00+05:30,18.1825,100.325,21.0675
2026-01-25 07:00:00+05:30,19.145,99.55,19.4225
2026-01-25 08:00:00+05:30,21.490000000000002,105.0,19.7125
2026-01-25 09:00:00+05:30,18.32,116.05000000000001,22.384999999999998
2026-01-25 10:00:00+05:30,17.0575,144.65,19.635
2026-01-25 11:00:00+05:30,14.780000000000001,161.325,20.8725
2026-01-25 12:00:00+05:30,13.37,168.5666666666667,27.176666666666666
2026-01-25 13:00:00+05:30,13.326666666666668,169.79999999999998,28.853333333333335
2026-01-25 14:00:00+05:30,11.87,160.1,33.322500000000005
2026-01-25 15:00:00+05:30,11.576666666666668,152.20000000000002,36.57333333333333
2026-01-25 16:00:00+05:30,12.33,149.475,42.045
2026-01-25 17:00:00+05:30,15.129999999999999,149.875,42.935
2026-01-25 18:00:00+05:30,24.1125,152.025,45.0275
2026-01-25 19:00:00+05:30,37.25,167.575,49.807500000000005
2026-01-25 20:00:00+05:30,33.25,187.80000000000004,52.593333333333334
2026-01-25 21:00:00+05:30,45.725,200.45,51.4025
2026-01-25 22:00:00+05:30,44.269999999999996,217.55,55.89
2026-01-25 23:00:00+05:30,54.58,215.5,57.41
2026-01-26 00:00:00+05:30,19.22,198.5,60.94
2026-01-26 01:00:00+05:30,14.756666666666668,186.16666666666666,59.01
2026-01-26 02:00:00+05:30,12.9125,166.025,53.785
2026-01-26 03:00:00+05:30,12.245,138.675,47.89
2026-01-26 04:00:00+05:30,12.26,113.225,45.052499999999995
2026-01-26 05:00:00+05:30,12.5275,105.35,41.94
2026-01-26 06:00:00+05:30,14.2875,106.975,41.23
2026-01-26 07:00:00+05:30,15.3575,107.15,44.322500000000005
2026-01-26 08:00:00+05:30,16.697499999999998,120.675,46.1375
2026-01-26 09:00:00+05:30,15.950000000000001,132.46666666666667,44.54666666666666
2026-01-26 10:00:00+05:30,14.836666666666668,135.4,45.343333333333334
2026-01-26 11:00:00+05:30,17.115,141.775,46.95
2026-01-26 12:00:00+05:30,16.565,154.525,52.2475
2026-01-26 13:00:00+05:30,15.3725,160.325,52.730000000000004
2026-01-26 14:00:00+05:30,17.3375,160.9,54.885000000000005
2026-01-26 15:00:00+05:30,16.7975,163.75,59.4925
2026-01-26 16:00:00+05:30,20.6375,168.375,57.6825
2026-01-26 17:00:00+05:30,24.425,176.8,59.1325
2026-01-26 18:00:00+05:30,37.565,198.5,61.625
2026-01-26 19:00:00+05:30,35.192499999999995,227.225,68.7975
2026-01-26 20:00:00+05:30,32.3825,231.3,72.81
2026-01-26 21:00:00+05:30,44.125,233.6,72.125
2026-01-26 22:00:00+05:30,55.035,245.575,64.485
2026-01-26 23:00:00+05:30,52.69,259.0,56.08
2026-01-27 00:00:00+05:30,41.6,277.3,53.65
2026-01-27 01:00:00+05:30,41.269999999999996,265.9,52.8675
2026-01-27 02:00:00+05:30,43.92,246.15,52.1675
2026-01-27 03:00:00+05:30,49.5425,233.1,54.375
2026-01-27 04:00:00+05:30,48.165,220.9,52.07
2026-01-27 05:00:00+05:30,44.65,216.4,47.32
2026-01-27 06:00:00+05:30,22.8175,208.39999999999998,47.46
2026-01-27 07:00:00+05:30,20.415,196.275,42.4925
2026-01-27 08:00:00+05:30,26.7575,187.175,36.3375
2026-01-27 09:00:00+05:30,35.806666666666665,191.63333333333333,29.87
2026-01-27 11:00:00+05:30,17.43,179.1,27.45
2026-01-27 12:00:00+05:30,12.1625,177.3,25.0525
2026-01-27 13:00:00+05:30,9.870000000000001,164.9,22.064999999999998
2026-01-27 14:00:00+05:30,10.275,148.25,24.21
2026-01-27 15:00:00+05:30,8.625,137.825,32.935
2026-01-27 16:00:00+05:30,8.3625,128.7,41.660000000000004
2026-01-27 17:00:00+05:30,9.66,122.475,33.3525
2026-01-27 18:00:00+05:30,16.0375,114.125,29.535
2026-01-27 19:00:00+05:30,20.7625,115.775,28.5175
2026-01-27 20:00:00+05:30,22.259999999999998,124.85,28.9325
2026-01-27 21:00:00+05:30,22.055,129.6,36.1625
2026-01-27 22:00:00+05:30,25.16333333333333,132.9,39.666666666666664
2026-01-27 23:00:00+05:30,23.58,133.5,40.34
2026-01-28 00:00:00+05:30,19.9,121.8,39.23
2026-01-28 01:00:00+05:30,18.26,121.39999999999999,42.46666666666667
2026-01-28 02:00:00+05:30,18.72,115.975,46.28
2026-01-28 03:00:00+05:30,15.4475,107.775,44.8275
2026-01-28 04:00:00+05:30,15.615,104.0,46.4675
2026-01-28 05:00:00+05:30,19.14,99.60000000000001,49.81333333333333
2026-01-28 06:00:00+05:30,24.7,105.125,55.065
2026-01-28 07:00:00+05:30,29.3125,122.925,58.792500000000004
2026-01-28 08:00:00+05:30,30.89,145.775,59.3025
2026-01-28 09:00:00+05:30,21.756666666666664,168.83333333333334,64.57
2026-01-28 10:00:00+05:30,15.184999999999999,165.9,62.0525
2026-01-28 11:00:00+05:30,12.4,153.25,52.725
2026-01-28 12:00:00+05:30,12.91,145.575,49.35
2026-01-28 13:00:00+05:30,8.9575,132.075,45.82
2026-01-28 14:00:00+05:30,9.12,115.43333333333334,30.326666666666668
2026-01-28 15:00:00+05:30,12.830000000000002,98.375,26.5925
2026-01-28 16:00:00+05:30,9.14,81.7,19.7375
2026-01-28 17:00:00+05:30,12.6175,81.2,21.765
2026-01-28 18:00:00+05:30,26.0775,96.975,30.9275
2026-01-28 19:00:00+05:30,64.9025,129.725,28.695
2026-01-28 20:00:00+05:30,72.77666666666666,152.5,34.54666666666667
2026-01-28 21:00:00+05:30,69.77,231.0,51.02
2026-01-28 22:00:00+05:30,66.29499999999999,293.5,86.59
2026-01-28 23:00:00+05:30,65.285,298.0,96.72
2026-01-29 00:00:00+05:30,30.2,245.0,96.83
2026-01-29 01:00:00+05:30,23.7775,212.325,84.66499999999999
2026-01-29 02:00:00+05:30,18.29,145.6,68.605
2026-01-29 03:00:00+05:30,15.9125,107.975,56.2725
2026-01-29 04:00:00+05:30,18.226666666666667,98.9,47.075
2026-01-29 05:00:00+05:30,17.45,91.9,45.790000000000006
2026-01-29 06:00:00+05:30,22.29,86.825,43.4225
2026-01-29 07:00:00+05:30,24.189999999999998,92.8,38.4175
2026-01-29 08:00:00+05:30,21.305,102.3,38.065
2026-01-29 09:00:00+05:30,22.535,120.95,42.79
2026-01-29 10:00:00+05:30,14.7725,140.175,43.5175
2026-01-29 11:00:00+05:30,15.565,142.32500000000002,42.1125
2026-01-29 12:00:00+05:30,14.660000000000002,147.5666666666667,40.63333333333333
2026-01-29 13:00:00+05:30,10.41,157.725,40.3775
2026-01-29 14:00:00+05:30,12.0525,150.525,39.265
2026-01-29 15:00:00+05:30,11.115,146.22500000000002,42.6125
2026-01-29 16:00:00+05:30,12.2275,144.175,38.4
2026-01-29 17:00:00+05:30,12.3025,136.325,38.120000000000005
2026-01-29 18:00:00+05:30,17.69,133.975,41.1625
2026-01-29 19:00:00+05:30,22.886666666666667,145.1,45.52333333333333
2026-01-29 21:00:00+05:30,14.85,134.2,45.35
2026-01-29 22:00:00+05:30,15.41,132.7,45.0075
2026-01-29 23:00:00+05:30,22.22,130.7,44.25
2026-01-30 00:00:00+05:30,14.48,119.7,43.68
2026-01-30 01:00:00+05:30,12.27,114.55,46.0075
2026-01-30 02:00:00+05:30,10.143333333333333,107.7,48.04666666666666
2026-01-30 03:00:00+05:30,9.323333333333332,103.60000000000001,39.843333333333334
2026-01-30 04:00:00+05:30,10.41,90.425,34.7275
2026-01-30 05:00:00+05:30,9.483333333333334,85.83333333333333,32.70666666666667
2026-01-30 06:00:00+05:30,12.136666666666665,77.5,34.9
2026-01-30 07:00:00+05:30,14.9275,81.7,33.5525
2026-01-30 08:00:00+05:30,14.403333333333334,102.63333333333333,31.386666666666667
2026-01-30 09:00:00+05:30,15.4925,110.525,32.535
2026-01-30 10:00:00+05:30,13.896666666666667,113.90000000000002,34.99
2026-01-30 11:00:00+05:30,13.303333333333333,119.33333333333333,37.64666666666667
2026-01-30 13:00:00+05:30,12.83,124.2,38.84
2026-01-30 14:00:00+05:30,12.6175,125.80000000000001,40.785000000000004
2026-01-30 15:00:00+05:30,11.3775,122.9,42.760000000000005
2026-01-30 16:00:00+05:30,13.285,119.475,38.230000000000004
2026-01-30 17:00:00+05:30,18.436666666666667,124.3,40.96333333333333
2026-01-30 18:00:00+05:30,26.3275,135.075,43.879999999999995
2026-01-30 19:00:00+05:30,41.8075,152.3,46.925000000000004
2026-01-30 20:00:00+05:30,42.1,168.35000000000002,48.6575
2026-01-30 21:00:00+05:30,37.675,183.75,50.4775
2026-01-30 22:00:00+05:30,49.49,189.725,54.1
2026-01-30 23:00:00+05:30,49.06,195.9,54.59
2026-01-31 00:00:00+05:30,21.38,189.9,43.34
2026-01-31 01:00:00+05:30,20.322499999999998,167.0,42.153333333333336
2026-01-31 02:00:00+05:30,19.0125,144.275,39.4225
2026-01-31 03:00:00+05:30,13.0425,132.85,34.662499999999994
2026-01-31 04:00:00+05:30,14.8925,119.75,30.802500000000002
2026-01-31 05:00:00+05:30,15.873333333333333,108.40000000000002,32.01666666666667
2026-01-31 06:00:00+05:30,17.003333333333334,104.93333333333334,27.41
2026-01-31 07:00:00+05:30,23.89,102.05,25.64
2026-01-31 08:00:00+05:30,22.9675,103.1,22.5475
2026-01-31 09:00:00+05:30,22.026666666666667,119.96666666666665,26.78333333333333
2026-01-31 10:00:00+05:30,22.5225,132.8,27.895
2026-01-31 11:00:00+05:30,25.16,145.3,24.5225
2026-01-31 12:00:00+05:30,41.0125,164.675,24.02
2026-01-31 13:00:00+05:30,45.77,180.4666666666667,26.96666666666667
2026-01-31 14:00:00+05:30,32.375,204.10000000000002,28.8575
2026-01-31 15:00:00+05:30,37.54,214.15,27.942500000000003
2026-01-31 16:00:00+05:30,28.936666666666667,216.9666666666667,27.570000000000004
2026-01-31 17:00:00+05:30,26.51,234.8,31.08
2026-01-31 18:00:00+05:30,38.4925,246.45,35.45
2026-01-31 19:00:00+05:30,72.21666666666667,294.6666666666667,48.54333333333333
2026-01-31 20:00:00+05:30,84.055,328.025,55.1775
2026-01-31 21:00:00+05:30,82.075,402.475,61.25
2026-01-31 22:00:00+05:30,76.84333333333333,451.0333333333333,60.300000000000004
2026-01-31 23:00:00+05:30,65.61,444.2,52.55
2026-02-01 00:00:00+05:30,48.17,330.0,48.28
2026-02-01 01:00:00+05:30,44.4875,316.575,49.222500000000004
2026-02-01 02:00:00+05:30,46.1,280.425,49.505
2026-02-01 03:00:00+05:30,39.3825,242.5,42.9875
2026-02-01 04:00:00+05:30,43.3525,236.625,37.385
2026-02-01 05:00:00+05:30,41.666666666666664,240.5,36.056666666666665
2026-02-01 06:00:00+05:30,45.505,206.325,28.07
2026-02-01 07:00:00+05:30,44.825,193.65,31.1425
2026-02-01 08:00:00+05:30,44.815,214.97500000000002,29.2275
2026-02-01 09:00:00+05:30,37.855,232.72500000000002,28.25
2026-02-01 10:00:00+05:30,29.957500000000003,230.0,29.302500000000002
2026-02-01 11:00:00+05:30,21.5875,222.1,21.055
2026-02-01 12:00:00+05:30,16.6075,216.5,17.6
2026-02-01 13:00:00+05:30,13.74,216.9333333333333,18.23
2026-02-01 14:00:00+05:30,10.99,209.175,19.015
2026-02-01 15:00:00+05:30,10.0725,188.375,17.4925
2026-02-01 16:00:00+05:30,10.32,172.73333333333335,14.82
2026-02-01 17:00:00+05:30,14.6725,165.225,12.985
2026-02-01 18:00:00+05:30,30.2075,168.925,13.0425
2026-02-01 19:00:00+05:30,38.7875,195.775,20.6025
2026-02-01 20:00:00+05:30,24.4725,216.67499999999998,20.2925
2026-02-01 21:00:00+05:30,26.05,202.25,14.635
2026-02-01 22:00:00+05:30,25.3525,187.975,13.6
2026-02-01 23:00:00+05:30,21.58,182.1,13.6
2026-02-02 00:00:00+05:30,17.41,159.0,7.48
2026-02-02 01:00:00+05:30,18.002499999999998,156.1,7.0175
2026-02-02 02:00:00+05:30,20.71,142.82500000000002,5.6725
2026-02-02 03:00:00+05:30,20.927500000000002,132.70000000000002,4.9350000000000005
2026-02-02 04:00:00+05:30,17.325,135.25,4.5325
2026-02-02 05:00:00+05:30,19.14,124.25,3.6275
2026-02-02 06:00:00+05:30,25.225,110.275,2.9
2026-02-02 07:00:00+05:30,26.45,111.875,2.425
2026-02-02 08:00:00+05:30,25.0125,130.025,2.1774999999999998
2026-02-02 09:00:00+05:30,22.7975,149.6,1.745
2026-02-02 10:00:00+05:30,18.766666666666666,149.1,1.49
2026-02-02 11:00:00+05:30,16.0575,149.1,1.49
2026-02-02 12:00:00+05:30,8.39,4.975,0.05
2026-02-02 13:00:00+05:30,11.146666666666667,133.03333333333333,59.370000000000005
2026-02-02 14:00:00+05:30,15.8475,142.1,51.7975
2026-02-02 15:00:00+05:30,12.0875,133.975,43.2775
2026-02-02 16:00:00+05:30,13.005,134.17499999999998,50.3
2026-02-02 17:00:00+05:30,15.7425,138.95,45.2275
2026-02-02 18:00:00+05:30,41.075,134.825,42.462500000000006
2026-02-02 19:00:00+05:30,57.5,164.9,50.91
2026-02-02 20:00:00+05:30,41.230000000000004,198.4,57.03
2026-02-02 21:00:00+05:30,50.9225,191.025,54.8275
2026-02-02 22:00:00+05:30,46.60333333333333,185.33333333333334,50.866666666666674
2026-02-02 23:00:00+05:30,41.335,166.85,50.07
2026-02-03 00:00:00+05:30,42.37,171.2,54.16
2026-02-03 01:00:00+05:30,38.4,166.45000000000002,49.905
2026-02-03 02:00:00+05:30,32.9425,153.3,44.72
2026-02-03 03:00:00+05:30,26.796666666666667,145.13333333333335,51.92666666666667
2026-02-03 04:00:00+05:30,27.137500000000003,130.05,56.05
2026-02-03 05:00:00+05:30,22.400000000000002,128.43333333333334,56.15333333333333
2026-02-03 06:00:00+05:30,23.563333333333333,105.76666666666667,52.11333333333334
2026-02-03 07:00:00+05:30,24.49666666666667,104.5,55.913333333333334
2026-02-03 08:00:00+05:30,27.8,114.4,46.5325
2026-02-03 09:00:00+05:30,24.4625,124.675,49.7
2026-02-03 10:00:00+05:30,20.395,136.3,53.53
2026-02-03 11:00:00+05:30,17.1075,139.22500000000002,55.5925
2026-02-03 12:00:00+05:30,16.93,138.625,54.515
2026-02-03 13:00:00+05:30,15.2625,134.825,52.2975
2026-02-03 14:00:00+05:30,14.08,129.35,48.615
2026-02-04 07:00:00+05:30,22.80333333333333,72.10000000000001,34.17666666666667
2026-02-04 08:00:00+05:30,23.24,81.5,34.77
2026-02-04 09:00:00+05:30,21.247500000000002,100.125,36.184999999999995
2026-02-04 10:00:00+05:30,18.02,112.35,35.41
2026-02-04 11:00:00+05:30,15.74,127.0,36.55
2026-02-04 12:00:00+05:30,16.375,132.5,38.82
2026-02-04 13:00:00+05:30,14.839999999999998,137.46666666666667,35.193333333333335
2026-02-04 15:00:00+05:30,12.502500000000001,135.65,38.345
2026-02-04 16:00:00+05:30,12.912500000000001,137.825,45.9225
2026-02-04 17:00:00+05:30,16.0075,134.225,41.575
2026-02-04 18:00:00+05:30,30.013333333333335,130.93333333333334,47.11666666666667
2026-02-04 19:00:00+05:30,46.29666666666666,154.2,49.13333333333333
2026-02-04 21:00:00+05:30,19.75,155.4,43.71
2026-02-05 00:00:00+05:30,16.75,131.4,44.42
2026-02-05 01:00:00+05:30,16.6,126.65,40.0075
2026-02-05 02:00:00+05:30,16.97,119.45,39.21
2026-02-05 03:00:00+05:30,12.28,104.3,40.4
2026-02-05 04:00:00+05:30,12.24,86.95,37.9675
2026-02-05 05:00:00+05:30,12.933333333333332,82.56666666666668,27.646666666666665
2026-02-05 06:00:00+05:30,17.423333333333336,80.2,28.7
2026-02-05 07:00:00+05:30,20.622500000000002,74.10000000000001,29.195
2026-02-05 08:00:00+05:30,20.979999999999997,91.0,28.845
2026-02-05 09:00:00+05:30,21.05,101.9,27.63
2026-02-05 10:00:00+05:30,17.900000000000002,104.66666666666667,31.726666666666663
2026-02-05 11:00:00+05:30,16.16333333333333,112.76666666666665,37.126666666666665
2026-02-05 12:00:00+05:30,10.433333333333334,117.89999999999999,36.14000000000001
2026-02-05 13:00:00+05:30,14.2625,111.9,34.51
2026-02-05 14:00:00+05:30,13.535,116.175,32.1425
2026-02-05 15:00:00+05:30,13.315,120.94999999999999,42.4525
2026-02-05 16:00:00+05:30,14.8475,106.375,39.63
2026-02-05 17:00:00+05:30,15.655,107.15,41.0325
2026-02-05 18:00:00+05:30,33.785,109.325,41.777499999999996
2026-02-05 19:00:00+05:30,68.91,144.2,46.576666666666675
2026-02-05 20:00:00+05:30,70.9275,188.65,60.5075
2026-02-05 21:00:00+05:30,48.557500000000005,215.97500000000002,61.9775
2026-02-05 22:00:00+05:30,69.7675,208.45,69.61
2026-02-05 23:00:00+05:30,75.66,200.2,71.485
2026-02-06 00:00:00+05:30,53.57,210.4,72.51
2026-02-06 01:00:00+05:30,43.0275,210.7,66.5075
2026-02-06 02:00:00+05:30,38.07,183.75,70.44749999999999
2026-02-06 03:00:00+05:30,30.643333333333334,169.56666666666666,65.27333333333333
2026-02-06 04:00:00+05:30,17.945,141.275,61.83
2026-02-06 05:00:00+05:30,15.215,114.8,52.52
2026-02-06 06:00:00+05:30,22.076666666666668,106.66666666666667,48.64333333333334
2026-02-06 07:00:00+05:30,21.345,99.425,46.849999999999994
2026-02-06 08:00:00+05:30,22.02,102.675,48.6225
2026-02-06 09:00:00+05:30,22.66,111.32499999999999,34.9825
2026-02-06 10:00:00+05:30,20.2425,115.1,43.934999999999995
2026-02-06 11:00:00+05:30,20.4825,123.625,38.957499999999996
2026-02-06 12:00:00+05:30,23.09,126.7,43.98
2026-02-06 13:00:00+05:30,18.53333333333333,136.1,43.20000000000001
2026-02-06 14:00:00+05:30,12.47,138.22500000000002,46.36
2026-02-06 15:00:00+05:30,9.66,130.825,44.86
2026-02-06 16:00:00+05:30,10.443333333333333,121.26666666666667,46.93000000000001
2026-02-06 17:00:00+05:30,21.713333333333335,117.59999999999998,51.51
2026-02-06 18:00:00+05:30,44.215,129.05,57.375
2026-02-06 19:00:00+05:30,109.89500000000001,179.72500000000002,62.0775
2026-02-06 20:00:00+05:30,110.8725,333.175,71.43
2026-02-06 21:00:00+05:30,103.61500000000001,469.3,86.8925
2026-02-06 22:00:00+05:30,99.975,584.925,124.0675
2026-02-06 23:00:00+05:30,87.92,586.35,135.19
2026-02-07 00:00:00+05:30,36.97,492.5,146.04
2026-02-07 01:00:00+05:30,31.2425,180.9,117.3925
2026-02-07 02:00:00+05:30,29.52,141.825,89.12
2026-02-07 03:00:00+05:30,35.7,141.875,87.83000000000001
2026-02-07 04:00:00+05:30,32.77,133.75,69.1275
2026-02-07 05:00:00+05:30,31.42,148.56666666666666,66.56333333333333
2026-02-07 06:00:00+05:30,36.9125,151.05,67.75999999999999
2026-02-07 07:00:00+05:30,48.56,143.825,69.75999999999999
2026-02-07 08:00:00+05:30,40.205,169.1,74.3675
2026-02-07 09:00:00+05:30,30.05,178.25,75.47
2026-02-07 10:00:00+05:30,21.785,176.85000000000002,72.515
2026-02-07 11:00:00+05:30,5.6025,176.7,71.2675
2026-02-07 12:00:00+05:30,13.946666666666667,154.9,68.88
2026-02-07 13:00:00+05:30,10.743333333333334,133.36666666666667,46.79333333333333
2026-02-07 14:00:00+05:30,9.613333333333332,128.5666666666667,47.43333333333334
2026-02-07 15:00:00+05:30,10.315,114.4,47.26
2026-02-07 16:00:00+05:30,11.553333333333333,114.2,47.27
2026-02-07 17:00:00+05:30,17.295,100.425,40.8725
2026-02-07 18:00:00+05:30,38.17666666666667,109.76666666666667,43.163333333333334
2026-02-07 19:00:00+05:30,49.2475,145.875,45.800000000000004
2026-02-07 20:00:00+05:30,53.825,168.725,48.585
2026-02-07 21:00:00+05:30,57.985,172.9,54.254999999999995
2026-02-07 22:00:00+05:30,59.175,186.95,55.845
2026-02-07 23:00:00+05:30,59.385,191.75,69.41
2026-02-09 14:00:00+05:30,23.45,0.0,0.0
2026-02-09 15:00:00+05:30,19.13,115.44999999999999,156.67
2026-02-09 16:00:00+05:30,16.3925,125.475,139.01250000000002
2026-02-09 17:00:00+05:30,17.403333333333332,126.46666666666665,99.58
2026-02-09 18:00:00+05:30,60.52,120.7,55.8
2026-02-09 19:00:00+05:30,104.2825,137.8,63.9375
2026-02-09 20:00:00+05:30,81.5475,322.225,83.75999999999999
2026-02-09 21:00:00+05:30,42.6725,283.35,87.69
2026-02-09 22:00:00+05:30,41.04,177.1,81.5475
2026-02-09 23:00:00+05:30,44.86,171.95,76.37
2026-02-10 00:00:00+05:30,23.17,161.0,69.1
2026-02-10 01:00:00+05:30,20.283333333333335,125.2,58.870000000000005
2026-02-10 02:00:00+05:30,18.663333333333334,100.3,54.276666666666664
2026-02-10 03:00:00+05:30,16.926666666666666,91.53333333333335,43.596666666666664
2026-02-10 04:00:00+05:30,21.0275,79.85000000000001,41.68
2026-02-10 05:00:00+05:30,38.52333333333333,89.7,40.87
2026-02-10 06:00:00+05:30,66.9675,91.1,46.902499999999996
2026-02-10 07:00:00+05:30,70.62,135.6,65.3125
2026-02-10 08:00:00+05:30,63.99,150.73333333333332,68.97000000000001
2026-02-10 09:00:00+05:30,32.62,158.26666666666668,65.35000000000001
2026-02-10 10:00:00+05:30,20.805,149.975,54.4975
2026-02-10 11:00:00+05:30,20.072499999999998,140.55,42.275
2026-02-10 12:00:00+05:30,17.9225,135.20000000000002,37.885000000000005
2026-02-10 13:00:00+05:30,13.557500000000001,129.925,36.5125
2026-02-10 14:00:00+05:30,11.969999999999999,119.86666666666667,36.76
2026-02-10 15:00:00+05:30,7.773333333333333,111.15,27.58666666666667
2026-02-10 16:00:00+05:30,10.6325,109.8,21.555
2026-02-10 17:00:00+05:30,13.42,93.83333333333333,22.593333333333334
2026-02-10 18:00:00+05:30,26.4375,88.6,25.9225
2026-02-10 19:00:00+05:30,61.18333333333334,98.83333333333333,28.03
2026-02-10 20:00:00+05:30,54.585,135.95,30.6475
2026-02-10 21:00:00+05:30,37.7475,151.325,36.605000000000004
2026-02-10 22:00:00+05:30,36.2625,140.725,34.0375
2026-02-10 23:00:00+05:30,38.76,140.35,31.57
2026-02-11 00:00:00+05:30,63.57,149.1,37.55
2026-02-11 01:00:00+05:30,56.3625,146.525,41.995
2026-02-11 02:00:00+05:30,57.019999999999996,138.85,39.52
2026-02-11 03:00:00+05:30,48.92,135.07500000000002,40.17
2026-02-11 04:00:00+05:30,45.4125,137.475,44.7725
2026-02-11 05:00:00+05:30,45.086666666666666,126.63333333333333,41.64333333333334
2026-02-11 06:00:00+05:30,47.989999999999995,131.75,43.8325
2026-02-11 07:00:00+05:30,51.9075,157.4,67.70750000000001
2026-02-11 08:00:00+05:30,44.964999999999996,203.825,77.4925
2026-02-11 09:00:00+05:30,42.4825,220.95,87.35
2026-02-11 10:00:00+05:30,26.37,223.85,71.87
2026-02-11 11:00:00+05:30,15.88,197.69999999999996,59.6
2026-02-11 12:00:00+05:30,13.99,169.64999999999998,46.7175
2026-02-11 13:00:00+05:30,12.49,156.525,50.3975
2026-02-11 14:00:00+05:30,11.3125,142.375,38.6825
2026-02-11 15:00:00+05:30,9.045,127.32499999999999,34.697500000000005
2026-02-11 16:00:00+05:30,11.3775,115.625,28.945
2026-02-11 17:00:00+05:30,14.496666666666668,98.09999999999998,33.98333333333333
2026-02-11 18:00:00+05:30,33.045,94.8,26.974999999999998
2026-02-11 19:00:00+05:30,94.6825,115.025,30.055
2026-02-11 20:00:00+05:30,112.7,168.1,40.667500000000004
2026-02-11 21:00:00+05:30,114.9325,439.6,64.155
2026-02-11 22:00:00+05:30,99.6925,537.525,87.0075
2026-02-11 23:00:00+05:30,86.715,417.54999999999995,101.85
2026-02-12 01:00:00+05:30,57.435,209.9,88.15
2026-02-12 02:00:00+05:30,46.6125,186.725,83.7075
2026-02-12 03:00:00+05:30,38.07,144.70000000000002,76.05
2026-02-12 04:00:00+05:30,30.605,117.55,67.9925
2026-02-12 05:00:00+05:30,28.41333333333333,98.63333333333333,58.79
2026-02-12 06:00:00+05:30,31.869999999999997,93.55,52.114999999999995
2026-02-12 07:00:00+05:30,39.57666666666666,95.8,48.49
2026-02-12 08:00:00+05:30,34.635,109.8,47.6975
2026-02-12 09:00:00+05:30,27.3925,122.5,43.405
2026-02-12 10:00:00+05:30,20.349999999999998,157.8,41.41
2026-02-12 11:00:00+05:30,17.77,156.4,36.06
2026-02-12 12:00:00+05:30,16.62,150.425,43.7525
2026-02-12 13:00:00+05:30,14.13,154.975,38.4975
2026-02-12 14:00:00+05:30,13.1125,143.1,39.68
2026-02-12 15:00:00+05:30,12.0775,131.14999999999998,42.2925
2026-02-12 16:00:00+05:30,11.934999999999999,122.10000000000001,41.19
2026-02-12 17:00:00+05:30,19.015,125.8,44.557500000000005
2026-02-12 18:00:00+05:30,37.7325,132.925,46.5925
2026-02-12 19:00:00+05:30,61.02,163.4,45.512499999999996
2026-02-12 20:00:00+05:30,82.3275,200.575,55.3975
2026-02-12 21:00:00+05:30,98.8925,215.825,63.775
2026-02-12 22:00:00+05:30,100.97749999999999,239.225,76.905
2026-02-12 23:00:00+05:30,103.16499999999999,256.25,86.46000000000001
2026-02-13 00:00:00+05:30,69.68,299.3,95.4
2026-02-13 01:00:00+05:30,57.55,293.1,99.59
2026-02-13 02:00:00+05:30,37.525000000000006,231.9,89.47
2026-02-13 03:00:00+05:30,35.5275,192.17499999999998,83.345
2026-02-13 04:00:00+05:30,31.880000000000003,175.925,72.0075
2026-02-13 05:00:00+05:30,29.22666666666667,155.96666666666667,71.26333333333334
2026-02-13 06:00:00+05:30,40.2125,146.79999999999998,65.7175
2026-02-13 07:00:00+05:30,43.07,150.86666666666667,71.58333333333333
2026-02-13 08:00:00+05:30,36.6775,160.875,66.57249999999999
2026-02-13 09:00:00+05:30,29.5075,163.825,68.4125
2026-02-13 10:00:00+05:30,23.63,163.82500000000002,63.76
2026-02-13 11:00:00+05:30,20.69,163.9,56.093333333333334
2026-02-13 12:00:00+05:30,18.0375,157.27499999999998,52.7925
2026-02-13 13:00:00+05:30,14.365,150.5,46.43
2026-02-13 14:00:00+05:30,11.36,148.47500000000002,51.1025
2026-02-13 15:00:00+05:30,12.3675,125.57499999999999,46.0425
2026-02-13 16:00:00+05:30,13.515,120.475,47.72
2026-02-13 17:00:00+05:30,15.26,122.95,52.059999999999995
2026-02-13 18:00:00+05:30,39.785,121.9,61.2075
2026-02-13 19:00:00+05:30,78.8475,147.45,65.0475
2026-02-13 20:00:00+05:30,110.3,200.55,77.345
2026-02-13 21:00:00+05:30,99.59,386.65,95.715
2026-02-13 22:00:00+05:30,60.947500000000005,369.22499999999997,109.3575
2026-02-13 23:00:00+05:30,40.64,306.0,94.13
2026-02-14 09:00:00+05:30,10.96,103.95,42.42
2026-02-14 10:00:00+05:30,27.1825,19.55,4.4425
2026-02-14 11:00:00+05:30,22.0625,162.0,87.37
2026-02-14 12:00:00+05:30,17.596666666666668,118.23333333333333,75.66333333333333
2026-02-14 13:00:00+05:30,15.19,133.63333333333333,62.25
2026-02-14 14:00:00+05:30,12.32,126.15,53.655
2026-02-14 15:00:00+05:30,10.315,107.25,46.71
2026-02-14 16:00:00+05:30,10.467500000000001,106.925,40.587500000000006
2026-02-14 17:00:00+05:30,13.11,97.8,33.93
2026-02-14 18:00:00+05:30,33.86333333333334,95.35,32.02
2026-02-14 19:00:00+05:30,78.27,110.53333333333335,34.13333333333333
2026-02-14 20:00:00+05:30,98.7125,152.1,39.02
2026-02-14 21:00:00+05:30,108.1175,198.79999999999998,55.19
2026-02-14 22:00:00+05:30,99.77000000000001,236.79999999999998,65.33
2026-02-14 23:00:00+05:30,108.7,266.3,70.5
2026-02-15 00:00:00+05:30,36.85,221.4,61.94
2026-02-15 01:00:00+05:30,41.269999999999996,172.0,54.425
2026-02-15 02:00:00+05:30,37.16,123.25,45.535
2026-02-15 03:00:00+05:30,36.845,71.6,41.18
2026-02-15 04:00:00+05:30,31.777499999999996,68.825,31.6175
2026-02-15 05:00:00+05:30,42.343333333333334,74.4,37.15
2026-02-15 06:00:00+05:30,45.5125,85.8,41.9875
2026-02-15 07:00:00+05:30,53.3575,121.65,58.6625
2026-02-15 08:00:00+05:30,47.2975,292.45000000000005,83.605
2026-02-15 09:00:00+05:30,46.2475,294.975,90.7625
2026-02-15 10:00:00+05:30,29.386666666666667,234.0,82.14
2026-02-15 11:00:00+05:30,25.893333333333334,194.13333333333335,69.97
2026-02-15 12:00:00+05:30,30.8125,232.025,64.55000000000001
2026-02-15 13:00:00+05:30,16.27,232.86666666666667,58.193333333333335
2026-02-15 14:00:00+05:30,11.52,161.5,51.5575
2026-02-15 15:00:00+05:30,9.305,106.175,38.8675
2026-02-15 16:00:00+05:30,12.9275,93.07499999999999,30.305
2026-02-15 17:00:00+05:30,15.625,101.675,32.61
2026-02-15 18:00:00+05:30,39.885,136.45,36.285
2026-02-15 19:00:00+05:30,88.185,166.1,30.47
2026-02-15 20:00:00+05:30,113.1275,218.875,46.47
2026-02-15 21:00:00+05:30,113.6525,278.125,71.045
2026-02-15 22:00:00+05:30,102.17750000000001,363.77500000000003,86.225
2026-02-15 23:00:00+05:30,103.82,369.75,89.72
2026-02-16 00:00:00+05:30,99.13,340.4,95.89
2026-02-16 01:00:00+05:30,91.4425,287.7,97.28
2026-02-16 02:00:00+05:30,90.5475,270.325,106.41749999999999
2026-02-16 03:00:00+05:30,83.62333333333333,223.5,101.61666666666667
2026-02-16 04:00:00+05:30,79.5175,199.725,93.07
2026-02-16 05:00:00+05:30,76.35249999999999,210.325,98.42750000000001
2026-02-16 06:00:00+05:30,75.61,217.7,96.625
2026-02-16 07:00:00+05:30,75.6525,222.05,92.99249999999999
2026-02-16 08:00:00+05:30,80.86,226.75,92.17999999999999
2026-02-16 09:00:00+05:30,79.42333333333333,259.1333333333333,98.91666666666667
2026-02-17 12:00:00+05:30,21.86,145.2,45.02
2026-02-17 13:00:00+05:30,18.813333333333333,143.96666666666667,41.01
2026-02-17 14:00:00+05:30,15.18,136.025,43.817499999999995
2026-02-17 15:00:00+05:30,15.5275,129.325,38.2575
2026-02-17 16:00:00+05:30,18.13,120.025,41.5575
2026-02-17 17:00:00+05:30,20.5075,123.025,43.5775
2026-02-17 18:00:00+05:30,31.42,127.85,45.3375
2026-02-17 19:00:00+05:30,51.32,150.775,44.8025
2026-02-17 20:00:00+05:30,45.475,164.775,55.5725
2026-02-17 21:00:00+05:30,52.28,166.79999999999998,53.653333333333336
2026-02-18 07:00:00+05:30,44.20666666666667,118.40000000000002,45.84
2026-02-18 08:00:00+05:30,47.332499999999996,151.325,51.205
2026-02-18 09:00:00+05:30,53.765,176.275,61.6575
2026-02-18 10:00:00+05:30,47.33,223.45,64.80250000000001
2026-02-18 11:00:00+05:30,41.57333333333333,261.2,69.35666666666667
2026-02-18 12:00:00+05:30,23.5825,286.45,73.6875
2026-02-18 13:00:00+05:30,12.6475,233.1,72.3625
2026-02-18 14:00:00+05:30,14.425,176.875,60.5025
2026-02-18 15:00:00+05:30,12.6675,142.7,45.870000000000005
2026-02-18 16:00:00+05:30,11.94,131.85000000000002,42.21
2026-02-18 17:00:00+05:30,13.4225,105.3,37.2325
2026-02-18 18:00:00+05:30,31.590000000000003,100.175,36.7325
2026-02-18 19:00:00+05:30,77.15666666666668,110.46666666666665,34.486666666666665
2026-02-18 20:00:00+05:30,93.5925,145.975,43.0175
2026-02-18 21:00:00+05:30,91.82333333333334,210.23333333333335,51.79
2026-02-19 13:00:00+05:30,14.815000000000001,114.35,10.565000000000001
2026-02-19 15:00:00+05:30,9.75,85.7,13.95
2026-02-19 16:00:00+05:30,11.184999999999999,99.3,19.54
2026-02-19 17:00:00+05:30,15.6875,97.75,24.74
2026-02-19 18:00:00+05:30,30.759999999999998,101.02499999999999,22.2425
2026-02-19 19:00:00+05:30,62.33,128.89999999999998,18.6275
2026-02-19 20:00:00+05:30,104.45,162.67499999999998,34.45
2026-02-19 21:00:00+05:30,76.775,224.125,47.957499999999996
2026-02-19 22:00:00+05:30,64.8875,227.9,59.96
2026-02-19 23:00:00+05:30,52.125,231.5,71.475
2026-02-20 00:00:00+05:30,29.93,204.2,65.39
2026-02-20 01:00:00+05:30,24.637500000000003,174.225,57.7625
2026-02-20 02:00:00+05:30,21.86,145.475,47.0825
2026-02-20 03:00:00+05:30,20.6475,126.75,44.2425
2026-02-20 04:00:00+05:30,20.525,113.0,42.1975
2026-02-20 05:00:00+05:30,19.55,106.3,45.31
2026-02-20 06:00:00+05:30,25.386666666666667,103.76666666666667,45.63666666666666
2026-02-20 07:00:00+05:30,23.4425,103.975,43.635000000000005
2026-02-20 08:00:00+05:30,26.0225,108.075,45.945
2026-02-20 09:00:00+05:30,22.53,115.89999999999999,38.83
2026-02-20 10:00:00+05:30,17.67,126.0,42.43333333333334
2026-02-20 11:00:00+05:30,17.856666666666666,132.5,39.52
2026-02-20 12:00:00+05:30,15.86,130.85,39.08
2026-02-20 13:00:00+05:30,13.31,133.3,38.84
2026-02-20 15:00:00+05:30,12.545,135.3,37.62
2026-02-20 16:00:00+05:30,13.7625,131.5,41.0075
2026-02-20 17:00:00+05:30,17.35,122.95,42.04
2026-02-20 18:00:00+05:30,20.845,123.525,47.8125
2026-02-20 19:00:00+05:30,29.3,131.92499999999998,48.045
2026-02-20 20:00:00+05:30,25.8475,125.775,49.92
2026-02-20 21:00:00+05:30,24.755,134.275,52.0625
2026-02-20 22:00:00+05:30,25.82,128.275,57.0325
2026-02-20 23:00:00+05:30,24.310000000000002,127.89999999999999,47.724999999999994
2026-02-21 00:00:00+05:30,17.43,126.0,53.55
2026-02-21 01:00:00+05:30,16.4,122.19999999999999,55.19
2026-02-21 02:00:00+05:30,20.2,113.55,53.5925
2026-02-21 03:00:00+05:30,19.2075,103.4,48.6525
2026-02-21 04:00:00+05:30,16.2775,97.5,53.4475
2026-02-21 05:00:00+05:30,17.353333333333335,91.46666666666665,52.06
2026-02-21 06:00:00+05:30,20.4575,90.125,45.0475
2026-02-21 07:00:00+05:30,24.5875,95.875,35.910000000000004
2026-02-21 08:00:00+05:30,25.4325,96.35,40.54
2026-02-21 09:00:00+05:30,20.68,105.36666666666667,41.07
2026-02-21 10:00:00+05:30,19.0125,113.275,41.9825
2026-02-21 11:00:00+05:30,15.84,118.175,34.65
2026-02-21 12:00:00+05:30,13.065000000000001,120.55000000000001,38.92
2026-02-21 13:00:00+05:30,13.16,124.5,38.94
2026-02-21 14:00:00+05:30,13.0225,116.45,44.372499999999995
2026-02-21 15:00:00+05:30,13.1275,122.275,40.4875
2026-02-21 16:00:00+05:30,12.67,120.8,43.38
2026-02-21 17:00:00+05:30,17.565,115.8,45.62
2026-02-21 18:00:00+05:30,37.105,126.775,55.8375
2026-02-21 19:00:00+05:30,59.2075,153.9,56.4875
2026-02-21 20:00:00+05:30,64.2825,186.72500000000002,61.5125
2026-02-21 21:00:00+05:30,32.696666666666665,203.4,65.61
2026-02-21 22:00:00+05:30,31.763333333333332,186.63333333333333,65.80666666666666
2026-02-21 23:00:00+05:30,28.105,180.85,61.47
2026-02-22 01:00:00+05:30,26.23,153.4,60.26
2026-02-22 02:00:00+05:30,25.810000000000002,150.63333333333333,57.67333333333334
2026-02-22 03:00:00+05:30,36.7675,144.375,52.8925
2026-02-22 04:00:00+05:30,42.4225,145.39999999999998,51.78
2026-02-22 05:00:00+05:30,41.666666666666664,135.1,54.19
2026-02-22 06:00:00+05:30,46.69333333333333,129.13333333333333,59.56
2026-02-22 07:00:00+05:30,65.8775,131.17499999999998,56.3
2026-02-22 08:00:00+05:30,73.89,171.8,77.265
2026-02-22 09:00:00+05:30,69.08666666666666,212.9,85.32
2026-02-22 10:00:00+05:30,52.21,222.0666666666667,87.68666666666667
2026-02-22 11:00:00+05:30,29.283333333333335,233.76666666666665,86.08999999999999
2026-02-22 12:00:00+05:30,15.945,224.85,81.18
2026-02-22 13:00:00+05:30,14.540000000000001,193.0666666666667,72.18
2026-02-22 14:00:00+05:30,10.8,171.20000000000002,65.71000000000001
2026-02-22 15:00:00+05:30,8.5075,148.75,54.5775
2026-02-22 16:00:00+05:30,9.476666666666667,112.36666666666667,42.99333333333333
2026-02-22 17:00:00+05:30,11.395,94.8,31.9875
2026-02-22 18:00:00+05:30,31.535,86.19999999999999,35.0575
2026-02-22 19:00:00+05:30,69.07333333333334,128.63333333333335,34.86666666666667
2026-02-22 20:00:00+05:30,91.25,168.2,38.67
2026-02-22 21:00:00+05:30,77.72,235.675,57.235
2026-02-22 22:00:00+05:30,67.775,241.375,60.962500000000006
2026-02-22 23:00:00+05:30,55.305,234.35,58.535
2026-02-23 00:00:00+05:30,49.54,223.5,60.79
2026-02-23 01:00:00+05:30,41.99333333333333,213.20000000000002,70.89999999999999
2026-02-23 02:00:00+05:30,34.73,190.3,75.56
2026-02-23 03:00:00+05:30,33.2975,181.475,67.95750000000001
2026-02-23 04:00:00+05:30,39.269999999999996,155.22500000000002,62.26
2026-02-23 05:00:00+05:30,46.28,148.5,58.68
2026-02-23 06:00:00+05:30,45.129999999999995,138.2,58.66
2026-02-23 07:00:00+05:30,54.9525,138.8,52.042500000000004
2026-02-23 08:00:00+05:30,39.35,145.7,57.24333333333334
2026-02-23 09:00:00+05:30,32.9775,149.275,61.205
2026-02-23 10:00:00+05:30,25.98,155.7,53.37
2026-02-23 11:00:00+05:30,22.6075,163.125,45.6375
2026-02-23 12:00:00+05:30,18.2425,156.8,40.7825
2026-02-23 13:00:00+05:30,11.965,157.07500000000002,38.6125
2026-02-23 14:00:00+05:30,10.879999999999999,136.65,33.535000000000004
2026-02-23 15:00:00+05:30,14.1075,117.85,30.6325
2026-02-23 16:00:00+05:30,23.603333333333335,114.39999999999999,31.099999999999998
2026-02-23 17:00:00+05:30,29.5,115.09999999999998,27.679999999999996
2026-02-23 18:00:00+05:30,44.5525,111.725,34.125
2026-02-23 19:00:00+05:30,108.58666666666666,143.70000000000002,38.63333333333333
2026-02-23 20:00:00+05:30,118.13,226.9,59.81
2026-02-23 21:00:00+05:30,108.51666666666667,448.8,68.29
2026-02-23 22:00:00+05:30,100.64,456.82500000000005,80.3425
2026-02-23 23:00:00+05:30,94.05,388.85,84.245
2026-02-24 00:00:00+05:30,78.77,334.4,90.92
2026-02-24 01:00:00+05:30,82.30666666666667,300.43333333333334,92.29666666666667
2026-02-24 02:00:00+05:30,79.815,271.55,92.9625
2026-02-24 03:00:00+05:30,66.36500000000001,233.0,87.88
2026-02-24 04:00:00+05:30,56.39,197.75,76.03
2026-02-24 05:00:00+05:30,52.75333333333333,180.73333333333335,71.56
2026-02-24 06:00:00+05:30,69.645,166.1,70.8
2026-02-24 07:00:00+05:30,65.72,196.25,75.105
2026-02-24 08:00:00+05:30,47.555,228.7,74.995
2026-02-24 09:00:00+05:30,36.42666666666667,218.6,73.02
2026-02-24 10:00:00+05:30,26.8625,200.1,64.015
2026-02-24 11:00:00+05:30,18.1675,198.54999999999998,53.260000000000005
2026-02-24 12:00:00+05:30,14.68,166.9,46.1375
2026-02-24 13:00:00+05:30,10.39,141.26666666666665,41.25333333333333
2026-02-24 14:00:00+05:30,9.8025,111.05,32.8025
2026-02-24 15:00:00+05:30,9.21,98.2,30.34
2026-02-24 18:00:00+05:30,34.8575,79.875,21.46
2026-02-24 19:00:00+05:30,86.4225,104.5,25.044999999999998
2026-02-24 20:00:00+05:30,90.1175,154.6,25.7825
2026-02-24 21:00:00+05:30,85.8175,192.225,44.277499999999996
2026-02-24 22:00:00+05:30,85.6,244.70000000000002,49.66
2026-02-24 23:00:00+05:30,81.6,288.2,56.485
2026-02-25 00:00:00+05:30,71.68,261.4,59.07
2026-02-25 01:00:00+05:30,71.575,199.8,57.065
2026-02-25 02:00:00+05:30,64.77666666666666,159.9,54.169999999999995
2026-02-25 03:00:00+05:30,42.56666666666667,149.7,53.13
2026-02-25 04:00:00+05:30,57.9675,131.3,47.7225
2026-02-25 05:00:00+05:30,50.36000000000001,121.03333333333335,40.96
2026-02-25 06:00:00+05:30,60.6325,121.3,49.585
2026-02-25 07:00:00+05:30,67.325,140.5,52.065
2026-02-25 08:00:00+05:30,70.16333333333334,186.96666666666667,58.85666666666666
2026-02-25 09:00:00+05:30,41.0625,202.725,61.28
2026-02-25 10:00:00+05:30,32.73666666666667,206.5666666666667,59.63666666666666
2026-02-25 12:00:00+05:30,15.375,161.0,46.315
2026-02-25 13:00:00+05:30,10.305,127.5,37.3425
2026-02-25 14:00:00+05:30,9.377500000000001,97.9,30.384999999999998
2026-02-25 15:00:00+05:30,10.485,72.075,26.39
2026-02-25 16:00:00+05:30,10.983333333333334,71.56666666666666,25.679999999999996
2026-02-25 17:00:00+05:30,16.865000000000002,66.07499999999999,25.017500000000002
2026-02-25 18:00:00+05:30,36.1175,81.775,25.2225
2026-02-25 19:00:00+05:30,62.2975,127.0,26.35
2026-02-25 20:00:00+05:30,108.0925,173.175,32.099999999999994
2026-02-25 21:00:00+05:30,113.03999999999999,232.45000000000002,52.0975
2026-02-25 22:00:00+05:30,110.5375,287.6,73.64
2026-02-25 23:00:00+05:30,84.6,297.8,78.5
2026-02-26 00:00:00+05:30,24.63,229.0,72.06
2026-02-26 01:00:00+05:30,21.635,171.55,56.07
2026-02-26 02:00:00+05:30,18.6925,121.80000000000001,45.93
2026-02-26 03:00:00+05:30,20.705,96.75,33.275
2026-02-26 04:00:00+05:30,21.79,90.075,28.585
2026-02-26 05:00:00+05:30,22.93,86.7,32.15
2026-02-26 06:00:00+05:30,27.94333333333333,85.39999999999999,30.62
2026-02-26 07:00:00+05:30,26.656666666666666,89.10000000000001,32.08
2026-02-26 08:00:00+05:30,24.54,95.625,28.990000000000002
2026-02-26 09:00:00+05:30,23.863333333333333,112.53333333333335,26.959999999999997
2026-02-26 10:00:00+05:30,27.4175,120.775,35.675
2026-02-26 11:00:00+05:30,22.802500000000002,133.425,30.82
2026-02-26 12:00:00+05:30,18.15,134.6,38.01
2026-02-26 13:00:00+05:30,12.649999999999999,132.775,34.3825
2026-02-26 14:00:00+05:30,10.8075,116.875,26.395000000000003
2026-02-26 15:00:00+05:30,10.5475,104.64999999999999,19.0225
2026-02-26 16:00:00+05:30,9.735,112.6,17.2375
2026-02-26 17:00:00+05:30,12.715,94.5,19.52
2026-02-26 18:00:00+05:30,27.5925,85.2,16.0375
2026-02-26 19:00:00+05:30,45.915,104.75,15.455
2026-02-26 20:00:00+05:30,62.2425,109.625,16.505000000000003
2026-02-26 21:00:00+05:30,60.660000000000004,119.23333333333333,22.383333333333336
2026-02-26 22:00:00+05:30,50.94,146.0,33.44
2026-02-26 23:00:00+05:30,67.74000000000001,146.05,35.54
2026-02-27 00:00:00+05:30,18.31,143.9,43.81
2026-02-27 01:00:00+05:30,16.2175,117.55000000000001,32.615
2026-02-27 02:00:00+05:30,37.99,103.64999999999999,30.755
2026-02-27 03:00:00+05:30,26.55,101.05000000000001,23.5275
2026-02-27 04:00:00+05:30,16.4775,90.27499999999999,23.22
2026-02-27 05:00:00+05:30,20.293333333333333,82.86666666666666,17.816666666666666
2026-02-27 06:00:00+05:30,20.73,79.44999999999999,24.9175
2026-02-27 07:00:00+05:30,24.465,89.89999999999999,21.5375
2026-02-27 08:00:00+05:30,23.765,97.19999999999999,22.57
2026-02-27 09:00:00+05:30,24.4325,104.225,19.2475
2026-02-27 10:00:00+05:30,31.255,126.275,26.939999999999998
2026-02-27 11:00:00+05:30,26.0075,141.7,27.7925
2026-02-27 12:00:00+05:30,19.8675,144.025,31.6775
2026-02-27 13:00:00+05:30,11.773333333333333,140.1,35.91
2026-02-27 14:00:00+05:30,10.415,120.05000000000001,28.705
2026-02-27 15:00:00+05:30,10.3625,110.85000000000001,25.877499999999998
2026-02-27 16:00:00+05:30,9.76,98.75,27.2075
2026-02-27 17:00:00+05:30,11.1775,91.89999999999999,25.06
2026-02-27 18:00:00+05:30,14.030000000000001,92.39999999999999,29.165
2026-02-27 19:00:00+05:30,58.305,102.375,24.3075
2026-02-27 20:00:00+05:30,58.9875,139.14999999999998,25.53
2026-02-27 21:00:00+05:30,57.5,140.03333333333333,27.176666666666666
2026-02-27 22:00:00+05:30,27.2725,146.54999999999998,31.519999999999996
2026-02-27 23:00:00+05:30,18.384999999999998,130.8,26.38
2026-02-28 00:00:00+05:30,19.05,124.5,18.87
2026-02-28 01:00:00+05:30,22.905,100.82499999999999,18.497500000000002
2026-02-28 02:00:00+05:30,22.316666666666666,90.46666666666665,24.34
2026-02-28 03:00:00+05:30,16.37333333333333,86.73333333333333,26.133333333333336
2026-02-28 04:00:00+05:30,14.5275,77.4,19.44
2026-02-28 05:00:00+05:30,18.0,64.4,12.86
2026-02-28 06:00:00+05:30,23.436666666666667,60.9,10.28
2026-02-28 07:00:00+05:30,26.4175,68.0,7.9725
2026-02-28 08:00:00+05:30,24.677500000000002,87.6,23.48
2026-02-28 09:00:00+05:30,31.900000000000002,108.03333333333335,25.50333333333333
2026-02-28 10:00:00+05:30,28.130000000000003,136.95,28.465
2026-02-28 11:00:00+05:30,18.32,141.85,23.247500000000002
2026-02-28 12:00:00+05:30,13.717500000000001,121.625,23.1625
2026-02-28 13:00:00+05:30,11.605,110.19999999999999,22.740000000000002
2026-02-28 14:00:00+05:30,8.823333333333332,101.8,20.81
2026-02-28 15:00:00+05:30,8.495000000000001,102.85,16.0
2026-02-28 16:00:00+05:30,9.745,93.325,14.16
2026-02-28 17:00:00+05:30,10.6375,87.725,18.259999999999998
2026-02-28 18:00:00+05:30,14.2075,88.39999999999999,16.8875
2026-02-28 19:00:00+05:30,28.0675,96.375,13.98
2026-02-28 20:00:00+05:30,48.35333333333333,108.36666666666667,21.2
2026-02-28 21:00:00+05:30,59.94,137.3,26.0425
2026-02-28 22:00:00+05:30,70.24000000000001,150.25,30.3025
2026-02-28 23:00:00+05:30,72.48,161.65,26.215
2026-03-01 01:00:00+05:30,15.2,167.5,41.77
2026-03-01 02:00:00+05:30,16.1475,129.475,40.1275
2026-03-01 03:00:00+05:30,15.9475,117.275,29.91
2026-03-01 04:00:00+05:30,20.32,106.975,28.5225
2026-03-01 05:00:00+05:30,25.326666666666664,111.8,30.95
2026-03-01 06:00:00+05:30,33.19,118.875,35.105
2026-03-01 07:00:00+05:30,28.7175,131.39999999999998,39.25
2026-03-01 08:00:00+05:30,27.0775,151.6,40.335
2026-03-01 09:00:00+05:30,21.686666666666667,164.13333333333335,47.830000000000005
2026-03-01 10:00:00+05:30,21.419999999999998,158.7,41.9
2026-03-01 11:00:00+05:30,17.993333333333332,163.8,35.89
2026-03-01 12:00:00+05:30,12.6025,161.475,38.81
2026-03-01 13:00:00+05:30,11.136666666666665,143.33333333333334,35.03666666666667
2026-03-01 14:00:00+05:30,10.0375,138.975,33.839999999999996
2026-03-01 15:00:00+05:30,9.74,127.975,31.009999999999998
2026-03-01 16:00:00+05:30,9.26,113.93333333333334,30.41333333333333
2026-03-01 17:00:00+05:30,11.6875,110.5,28.4975
2026-03-01 18:00:00+05:30,21.61,114.90000000000002,28.453333333333333
2026-03-01 19:00:00+05:30,30.316666666666666,125.8,26.323333333333334
2026-03-01 20:00:00+05:30,37.037499999999994,147.925,35.870000000000005
2026-03-01 21:00:00+05:30,53.4625,159.5,38.6175
2026-03-01 22:00:00+05:30,63.375,165.2,36.182500000000005
2026-03-01 23:00:00+05:30,68.845,176.3,40.93
2026-03-02 01:00:00+05:30,44.84,185.0,51.42
2026-03-02 02:00:00+05:30,44.8525,181.27499999999998,52.0
2026-03-02 03:00:00+05:30,56.79,178.5666666666667,50.10333333333333
2026-03-02 04:00:00+05:30,54.2475,176.2,49.652499999999996
2026-03-02 05:00:00+05:30,58.155,166.575,53.849999999999994
2026-03-02 06:00:00+05:30,60.96666666666667,170.83333333333334,59.97
2026-03-02 07:00:00+05:30,49.70666666666667,187.0666666666667,72.96666666666665
2026-03-02 08:00:00+05:30,47.010000000000005,199.725,69.52499999999999
2026-03-02 09:00:00+05:30,34.0775,203.875,68.23500000000001
2026-03-02 10:00:00+05:30,18.013333333333332,196.0,56.080000000000005
2026-03-02 11:00:00+05:30,12.2025,172.325,49.2375
2026-03-02 12:00:00+05:30,8.395,147.6,38.78
2026-03-02 13:00:00+05:30,9.143333333333333,120.5,33.76333333333333
2026-03-02 14:00:00+05:30,10.12,107.8,38.53
2026-03-02 15:00:00+05:30,10.955,99.0,33.24
2026-03-02 17:00:00+05:30,11.24,90.4,32.22
2026-03-02 18:00:00+05:30,20.79,101.45,36.03
2026-03-02 19:00:00+05:30,35.155,142.2,33.370000000000005
2026-03-02 22:00:00+05:30,119.725,334.9,107.14500000000001
2026-03-02 23:00:00+05:30,107.365,440.79999999999995,161.305
2026-03-03 00:00:00+05:30,93.335,448.725,195.3125
2026-03-03 01:00:00+05:30,82.3175,374.9,182.58999999999997
2026-03-03 02:00:00+05:30,55.53666666666667,273.9,159.53333333333333
2026-03-03 03:00:00+05:30,42.379999999999995,276.75,143.255
2026-03-03 04:00:00+05:30,50.072500000000005,213.77499999999998,120.3625
2026-03-03 05:00:00+05:30,54.730000000000004,195.0,108.98
2026-03-03 06:00:00+05:30,36.865,164.775,99.4675
2026-03-03 07:00:00+05:30,34.43,156.0,83.51
2026-03-03 08:00:00+05:30,32.2625,182.875,75.7875
2026-03-03 09:00:00+05:30,23.003333333333334,176.46666666666667,64.64
2026-03-03 10:00:00+05:30,16.59,173.20000000000002,60.656666666666666
2026-03-03 11:00:00+05:30,13.933333333333332,153.4333333333333,43.24333333333333
2026-03-03 12:00:00+05:30,11.08,143.75,37.785000000000004
2026-03-03 13:00:00+05:30,8.979999999999999,134.53333333333333,34.15333333333333
2026-03-03 14:00:00+05:30,9.36,115.93333333333334,33.175
2026-03-03 15:00:00+05:30,10.5125,106.4,33.082499999999996
2026-03-03 16:00:00+05:30,12.303333333333333,87.73333333333333,41.12
2026-03-03 17:00:00+05:30,14.3975,91.39999999999999,49.9825
2026-03-03 18:00:00+05:30,27.4075,100.625,50.0525
2026-03-03 19:00:00+05:30,94.44,108.8,35.54
2026-03-03 20:00:00+05:30,91.565,151.65,32.16
2026-03-03 21:00:00+05:30,94.7025,195.1,40.0375
2026-03-03 22:00:00+05:30,97.21000000000001,224.85,48.4475
2026-03-03 23:00:00+05:30,94.0,175.85000000000002,50.05
2026-03-04 00:00:00+05:30,73.075,100.025,54.5675
2026-03-04 01:00:00+05:30,62.876666666666665,57.20000000000001,54.44
2026-03-04 02:00:00+05:30,60.82,40.35,61.665
2026-03-04 03:00:00+05:30,37.265,38.9,55.097500000000004
2026-03-04 04:00:00+05:30,34.465,38.9,51.3675
2026-03-04 05:00:00+05:30,29.09,38.9,56.39000000000001
2026-03-04 06:00:00+05:30,25.25,38.9,51.346666666666664
2026-03-04 07:00:00+05:30,31.1975,36.625,47.730000000000004
2026-03-04 08:00:00+05:30,29.7825,38.15,49.4875
2026-03-04 09:00:00+05:30,27.8525,38.8,53.855000000000004
2026-03-04 10:00:00+05:30,20.146666666666665,28.233333333333334,44.916666666666664
2026-03-04 11:00:00+05:30,19.13,36.675,10.67
2026-03-04 12:00:00+05:30,11.08,110.02499999999999,42.68
2026-03-04 13:00:00+05:30,0.0,0.0,0.0
2026-03-04 14:00:00+05:30,0.0,0.0,0.0
2026-03-04 15:00:00+05:30,0.0,0.0,0.0
2026-03-04 16:00:00+05:30,0.0,0.0,0.0
2026-03-04 17:00:00+05:30,0.0,0.0,0.0
2026-03-04 18:00:00+05:30,0.0,0.0,0.0
2026-03-04 19:00:00+05:30,0.0,0.0,0.0
2026-03-04 20:00:00+05:30,0.0,0.0,0.0
2026-03-04 21:00:00+05:30,0.0,0.0,0.0
2026-03-04 22:00:00+05:30,0.0,0.0,0.0
2026-03-04 23:00:00+05:30,0.0,0.0,0.0
2026-03-05 00:00:00+05:30,0.0,0.0,0.0
2026-03-05 01:00:00+05:30,0.0,0.0,0.0
2026-03-05 02:00:00+05:30,0.0,0.0,0.0
2026-03-05 03:00:00+05:30,0.0,0.0,0.0
2026-03-05 04:00:00+05:30,0.0,0.0,0.0
2026-03-05 05:00:00+05:30,0.0,0.0,0.0
2026-03-05 06:00:00+05:30,0.0,0.0,0.0
2026-03-05 07:00:00+05:30,0.0,0.0,0.0
2026-03-05 08:00:00+05:30,0.0,0.0,0.0
2026-03-05 09:00:00+05:30,0.0,0.0,0.0
2026-03-05 10:00:00+05:30,0.0,0.0,0.0
2026-03-05 12:00:00+05:30,0.0,0.0,0.0
2026-03-05 13:00:00+05:30,0.0,0.0,0.0
2026-03-05 14:00:00+05:30,7.896666666666667,142.96666666666667,29.573333333333334
2026-03-05 15:00:00+05:30,8.2975,109.42500000000001,54.525
2026-03-05 16:00:00+05:30,0.0,82.25,54.535
2026-03-05 17:00:00+05:30,0.0,49.025,29.5625
2026-03-05 18:00:00+05:30,0.0,71.5,19.03
2026-03-05 19:00:00+05:30,0.0,80.05,16.83
2026-03-05 20:00:00+05:30,0.0,104.575,13.735
2026-03-05 21:00:00+05:30,0.0,105.1,18.11
2026-03-05 22:00:00+05:30,0.0,103.025,19.44
2026-03-05 23:00:00+05:30,0.0,101.6,23.01
2026-03-06 00:00:00+05:30,0.0,102.23333333333333,25.03333333333333
2026-03-06 01:00:00+05:30,0.0,104.06666666666666,28.156666666666666
2026-03-06 02:00:00+05:30,0.0,99.19999999999999,34.32
2026-03-06 03:00:00+05:30,0.0,99.66666666666667,37.51
2026-03-06 04:00:00+05:30,0.0,93.5,38.07
2026-03-06 05:00:00+05:30,0.0,85.93333333333334,36.1
2026-03-06 06:00:00+05:30,0.0,84.075,33.9775
2026-03-06 07:00:00+05:30,0.0,95.25,32.2075
2026-03-06 08:00:00+05:30,0.0,110.15,27.924999999999997
2026-03-06 09:00:00+05:30,0.0,108.625,21.8275
2026-03-06 10:00:00+05:30,11.8675,106.4,19.62
2026-03-06 11:00:00+05:30,15.905,83.05000000000001,14.715
2026-03-06 12:00:00+05:30,14.432500000000001,18.85,3.985
2026-03-06 13:00:00+05:30,12.22,84.35000000000001,19.377499999999998
2026-03-06 14:00:00+05:30,12.1525,80.275,22.267500000000002
2026-03-06 15:00:00+05:30,11.34,73.475,13.74
2026-03-06 16:00:00+05:30,11.106666666666667,75.3,9.723333333333334
2026-03-06 17:00:00+05:30,11.36,74.1,7.919999999999999
2026-03-06 18:00:00+05:30,16.526666666666667,72.16666666666667,13.776666666666666
2026-03-06 19:00:00+05:30,36.15,106.775,17.6175
2026-03-06 20:00:00+05:30,64.58,138.55,24.005000000000003
2026-03-06 21:00:00+05:30,95.52499999999999,184.3,29.11
2026-03-06 22:00:00+05:30,100.1875,237.475,39.747499999999995
2026-03-06 23:00:00+05:30,98.1,271.7,48.56
2026-03-07 00:00:00+05:30,84.96,261.725,56.8425
2026-03-07 01:00:00+05:30,83.71000000000001,262.2,57.86
2026-03-07 02:00:00+05:30,42.1375,245.55,58.1225
2026-03-07 03:00:00+05:30,28.4775,209.55,56.2
2026-03-07 04:00:00+05:30,18.995,170.125,50.3
2026-03-07 05:00:00+05:30,20.493333333333336,125.03333333333335,38.64333333333333
2026-03-07 06:00:00+05:30,23.3725,106.475,34.695
2026-03-07 07:00:00+05:30,27.6325,109.775,28.9075
2026-03-07 08:00:00+05:30,31.89,109.10000000000001,30.005000000000003
2026-03-07 09:00:00+05:30,33.754999999999995,125.8,27.355
2026-03-07 10:00:00+05:30,25.369999999999997,142.425,25.7925
2026-03-07 11:00:00+05:30,19.7575,131.45,25.677500000000002
2026-03-07 12:00:00+05:30,18.7575,121.25,27.2775
2026-03-07 13:00:00+05:30,18.816666666666666,108.43333333333334,31.71666666666667
2026-03-07 18:00:00+05:30,34.27,99.5,28.63
2026-03-07 19:00:00+05:30,57.79,102.09999999999998,28.92
2026-03-07 20:00:00+05:30,118.1925,163.1,41.3525
2026-03-07 21:00:00+05:30,121.455,407.775,53.8425
2026-03-07 22:00:00+05:30,107.2525,381.8,71.67
2026-03-07 23:00:00+05:30,96.22,359.7,93.95
2026-03-08 00:00:00+05:30,89.6375,360.4,92.28999999999999
2026-03-08 01:00:00+05:30,75.1825,254.75,87.6575
2026-03-08 02:00:00+05:30,72.3475,204.4,74.8975
2026-03-08 03:00:00+05:30,59.82,212.6,78.86333333333333
2026-03-08 04:00:00+05:30,51.16,156.35,78.565
2026-03-08 05:00:00+05:30,64.84666666666666,157.20000000000002,78.38666666666666
2026-03-08 06:00:00+05:30,67.8225,189.025,88.75
2026-03-08 07:00:00+05:30,84.4875,185.125,89.38
2026-03-08 08:00:00+05:30,68.7625,237.775,110.3275
2026-03-08 09:00:00+05:30,62.67,232.6,99.605
2026-03-08 10:00:00+05:30,62.67,210.85,94.81
2026-03-08 11:00:00+05:30,62.67,167.64999999999998,75.7825
2026-03-08 12:00:00+05:30,62.67,153.85000000000002,53.4425
2026-03-08 13:00:00+05:30,62.67,143.15,30.502499999999998
2026-03-08 14:00:00+05:30,62.67,120.875,21.9775
2026-03-08 15:00:00+05:30,62.669999999999995,107.83333333333333,19.133333333333336
2026-03-08 16:00:00+05:30,62.669999999999995,97.8,20.47
2026-03-08 17:00:00+05:30,62.67,73.97500000000001,14.9875
2026-03-08 18:00:00+05:30,62.67,75.825,16.997500000000002
2026-03-08 19:00:00+05:30,62.67,91.6,22.02
2026-03-08 20:00:00+05:30,62.67,133.425,25.6675
2026-03-08 21:00:00+05:30,47.1325,157.55,27.2775
2026-03-08 22:00:00+05:30,29.2475,157.075,25.7175
2026-03-08 23:00:00+05:30,35.765,134.9,21.86
2026-03-09 00:00:00+05:30,35.3825,133.575,27.924999999999997
2026-03-09 01:00:00+05:30,35.2975,115.0,22.4725
2026-03-09 02:00:00+05:30,32.1125,105.675,25.1725
2026-03-09 03:00:00+05:30,26.485,100.025,29.677500000000002
2026-03-09 04:00:00+05:30,18.4875,88.55,25.965
2026-03-09 05:00:00+05:30,20.095,78.05,24.0775
2026-03-09 06:00:00+05:30,26.377499999999998,80.075,31.095
2026-03-09 07:00:00+05:30,26.58,88.625,35.165
2026-03-09 08:00:00+05:30,26.58,124.0,39.665
2026-03-09 09:00:00+05:30,26.58,146.15,39.4225
2026-03-09 10:00:00+05:30,18.015,145.89999999999998,34.7325
2026-03-09 11:00:00+05:30,0.0,144.4,37.6225
2026-03-09 12:00:00+05:30,0.0,74.5,20.915
2026-03-09 13:00:00+05:30,0.0,0.0,0.0
2026-03-09 14:00:00+05:30,0.0,0.0,0.0
2026-03-09 15:00:00+05:30,0.0,76.225,18.509999999999998
2026-03-09 16:00:00+05:30,4.64,158.1,29.28
2026-03-09 17:00:00+05:30,15.715,117.55,20.6175
2026-03-09 18:00:00+05:30,42.5925,111.1,19.425
2026-03-09 19:00:00+05:30,98.62,121.6,21.615000000000002
2026-03-09 20:00:00+05:30,76.6975,159.025,28.2525
2026-03-09 21:00:00+05:30,45.1,179.95,31.814999999999998
2026-03-09 22:00:00+05:30,34.415,179.07500000000002,34.9925
2026-03-09 23:00:00+05:30,28.975,160.8,34.44
2026-03-10 13:00:00+05:30,56.97,125.56666666666666,21.679999999999996
2026-03-10 14:00:00+05:30,10.8675,106.2,20.095
2026-03-10 15:00:00+05:30,9.84,85.6,15.885000000000002
2026-03-10 16:00:00+05:30,9.505,80.57499999999999,15.962499999999999
2026-03-10 17:00:00+05:30,10.725,73.3,15.4425
2026-03-10 18:00:00+05:30,24.965,80.82499999999999,18.055
2026-03-10 19:00:00+05:30,65.5425,127.225,23.990000000000002
2026-03-10 20:00:00+05:30,103.36250000000001,188.9,37.75
2026-03-10 21:00:00+05:30,95.4925,440.925,59.195
2026-03-10 22:00:00+05:30,76.63,428.15000000000003,66.69
2026-03-10 23:00:00+05:30,45.065,335.6,73.37
2026-03-11 00:00:00+05:30,33.87,207.4,77.82
2026-03-11 01:00:00+05:30,28.877499999999998,184.225,76.085
2026-03-11 02:00:00+05:30,26.515,136.8,72.59
2026-03-11 03:00:00+05:30,18.3875,122.70000000000002,62.3075
2026-03-11 04:00:00+05:30,23.436666666666667,91.3,48.623333333333335
2026-03-11 05:00:00+05:30,25.97,97.06666666666666,42.943333333333335
2026-03-11 06:00:00+05:30,32.7025,111.65,42.0725
2026-03-11 07:00:00+05:30,47.665,171.0,52.09
2026-03-11 08:00:00+05:30,41.7025,216.5,60.54
2026-03-11 09:00:00+05:30,31.78,287.25,62.317499999999995
2026-03-11 10:00:00+05:30,19.56,230.925,59.1375
2026-03-11 11:00:00+05:30,15.025,162.45,45.5375
2026-03-11 12:00:00+05:30,14.4925,131.725,37.660000000000004
2026-03-11 13:00:00+05:30,10.626666666666667,119.46666666666665,37.296666666666674
2026-03-11 14:00:00+05:30,7.496666666666667,95.86666666666667,38.38666666666666
2026-03-11 15:00:00+05:30,8.445,83.5,31.885
2026-03-11 16:00:00+05:30,6.9725,81.225,29.195
2026-03-11 17:00:00+05:30,12.46,87.55000000000001,26.6475
2026-03-11 18:00:00+05:30,20.225,91.275,22.88
2026-03-11 19:00:00+05:30,33.43666666666667,116.96666666666665,26.126666666666665
2026-03-11 20:00:00+05:30,28.733333333333334,138.83333333333334,34.31666666666666
2026-03-11 21:00:00+05:30,22.3875,145.1,34.964999999999996
2026-03-11 22:00:00+05:30,20.814999999999998,147.175,30.7425
2026-03-11 23:00:00+05:30,23.835,143.3,34.39
2026-03-12 01:00:00+05:30,29.3,129.5,37.91
2026-03-12 02:00:00+05:30,26.1575,127.44999999999999,37.9075
2026-03-12 03:00:00+05:30,23.209999999999997,123.2,39.07
2026-03-12 04:00:00+05:30,18.47,114.10000000000001,40.0
2026-03-12 05:00:00+05:30,20.8725,103.0,32.0525
2026-03-12 06:00:00+05:30,22.9875,97.95,35.8425
2026-03-12 07:00:00+05:30,22.52,94.09999999999998,37.56666666666667
2026-03-12 08:00:00+05:30,23.7925,114.8,32.3525
2026-03-12 09:00:00+05:30,23.5025,134.125,30.3275
2026-03-12 10:00:00+05:30,24.7425,136.3,31.99
2026-03-12 11:00:00+05:30,19.49,133.325,28.36
2026-03-12 12:00:00+05:30,15.725,129.875,29.3425
2026-03-12 13:00:00+05:30,13.54,122.26666666666667,29.206666666666667
2026-03-12 14:00:00+05:30,11.403333333333334,115.5,29.7
2026-03-12 15:00:00+05:30,9.726666666666667,111.5,29.95
2026-03-12 16:00:00+05:30,8.67,94.15,28.625
2026-03-12 18:00:00+05:30,12.386666666666665,90.5,21.92
2026-03-12 19:00:00+05:30,53.81,132.2,23.47
2026-03-12 20:00:00+05:30,67.2175,187.925,27.9375
2026-03-12 21:00:00+05:30,66.9525,207.325,28.8275
2026-03-12 22:00:00+05:30,70.85333333333334,205.66666666666666,40.03333333333333
2026-03-12 23:00:00+05:30,66.86,215.6,45.72
2026-03-13 00:00:00+05:30,60.01,234.1,51.39
2026-03-13 01:00:00+05:30,58.1275,233.875,52.402499999999996
2026-03-13 02:00:00+05:30,51.1325,226.275,55.25
2026-03-13 03:00:00+05:30,53.6325,213.175,57.567499999999995
2026-03-13 04:00:00+05:30,36.333333333333336,204.20000000000002,60.53
2026-03-13 05:00:00+05:30,37.06666666666666,191.4,61.49333333333334
2026-03-13 06:00:00+05:30,50.0875,177.525,58.265
2026-03-13 07:00:00+05:30,55.49,190.85,57.802499999999995
2026-03-13 08:00:00+05:30,57.2325,222.64999999999998,64.5375
2026-03-13 09:00:00+05:30,96.6725,267.85,73.3175
2026-03-13 10:00:00+05:30,99.16,304.1,95.35
2026-03-13 13:00:00+05:30,21.959999999999997,385.2,129.86999999999998
2026-03-13 14:00:00+05:30,11.200000000000001,296.90000000000003,99.17999999999999
2026-03-13 15:00:00+05:30,8.826666666666666,209.46666666666667,82.80666666666666
2026-03-13 16:00:00+05:30,9.780000000000001,150.4,69.9525
2026-03-13 17:00:00+05:30,11.782499999999999,141.925,59.2175
2026-03-13 18:00:00+05:30,15.485,148.45,51.885000000000005
2026-03-13 19:00:00+05:30,50.84666666666667,170.0666666666667,60.82666666666666
2026-03-13 20:00:00+05:30,79.4875,211.775,74.19999999999999
2026-03-13 21:00:00+05:30,86.4625,280.4,72.98249999999999
2026-03-13 22:00:00+05:30,39.08,332.375,75.4
2026-03-13 23:00:00+05:30,14.825,272.8,69.63
2026-03-14 00:00:00+05:30,12.58,163.7,47.4
2026-03-14 01:00:00+05:30,11.7775,146.92499999999998,44.8025
2026-03-14 02:00:00+05:30,21.34,105.2,44.47
2026-03-14 03:00:00+05:30,16.150000000000002,100.73333333333333,53.57333333333333
2026-03-14 04:00:00+05:30,15.106666666666667,113.73333333333335,47.80666666666667
2026-03-14 05:00:00+05:30,22.65,126.275,48.245
2026-03-14 06:00:00+05:30,25.0875,139.575,55.765
2026-03-14 07:00:00+05:30,17.5775,168.775,53.345
2026-03-14 08:00:00+05:30,16.345,217.35,52.425
2026-03-14 09:00:00+05:30,15.0025,276.725,55.825
2026-03-14 10:00:00+05:30,12.8425,336.525,58.5225
2026-03-14 11:00:00+05:30,11.885,349.07500000000005,66.0675
2026-03-14 12:00:00+05:30,10.276666666666666,349.8666666666666,72.19
2026-03-14 13:00:00+05:30,8.896666666666667,327.7,69.38
2026-03-14 14:00:00+05:30,8.205,279.79999999999995,64.345
2026-03-14 15:00:00+05:30,7.52,245.075,63.5825
2026-03-14 16:00:00+05:30,7.4425,245.95,58.7875
2026-03-14 17:00:00+05:30,8.945,239.825,57.1325
2026-03-14 18:00:00+05:30,13.33,239.475,57.5025
2026-03-14 19:00:00+05:30,27.45,253.625,55.417500000000004
2026-03-14 20:00:00+05:30,25.7825,264.175,55.400000000000006
2026-03-14 21:00:00+05:30,13.934999999999999,269.5,47.714999999999996
2026-03-14 22:00:00+05:30,13.0875,254.20000000000002,41.1025
2026-03-14 23:00:00+05:30,19.880000000000003,224.1,42.65
2026-03-15 00:00:00+05:30,18.04,185.9,34.24
2026-03-15 01:00:00+05:30,16.2475,181.775,34.745
2026-03-15 02:00:00+05:30,13.26,168.53333333333333,35.343333333333334
2026-03-15 03:00:00+05:30,12.0175,159.175,33.6825
2026-03-15 04:00:00+05:30,12.303333333333333,153.06666666666666,37.096666666666664
2026-03-15 05:00:00+05:30,13.863333333333335,149.1,33.54666666666666
2026-03-15 06:00:00+05:30,15.737499999999999,147.15,32.985
2026-03-15 07:00:00+05:30,21.895,151.625,39.0225
2026-03-15 08:00:00+05:30,14.42,154.2,35.47
2026-03-15 09:00:00+05:30,11.6325,158.275,32.6575
2026-03-15 10:00:00+05:30,12.175,159.4,27.5525
2026-03-15 11:00:00+05:30,11.996666666666668,161.29999999999998,31.33
2026-03-15 12:00:00+05:30,10.003333333333332,159.0666666666667,37.03666666666667
2026-03-15 13:00:00+05:30,8.844999999999999,150.575,33.7675
2026-03-15 14:00:00+05:30,8.083333333333334,144.93333333333334,37.43666666666667
2026-03-15 15:00:00+05:30,7.455,150.67499999999998,35.745000000000005
2026-03-15 16:00:00+05:30,7.592499999999999,162.275,29.43
2026-03-15 17:00:00+05:30,8.5375,163.625,28.6675
2026-03-15 18:00:00+05:30,14.66,163.85,27.715
2026-03-15 19:00:00+05:30,27.126666666666665,221.96666666666667,31.493333333333336
2026-03-15 20:00:00+05:30,43.33,265.40000000000003,32.6525
2026-03-15 21:00:00+05:30,45.2275,266.075,31.36
2026-03-15 22:00:00+05:30,34.78333333333334,265.5333333333333,36.89333333333334
2026-03-15 23:00:00+05:30,24.435000000000002,252.8,37.57
2026-03-16 00:00:00+05:30,18.24,213.0,36.44
2026-03-16 01:00:00+05:30,18.505000000000003,211.6,35.44
2026-03-16 02:00:00+05:30,17.073333333333334,189.63333333333333,35.07666666666667
2026-03-16 03:00:00+05:30,15.76,163.525,34.97
2026-03-16 04:00:00+05:30,14.673333333333332,157.0,37.089999999999996
2026-03-16 05:00:00+05:30,13.14,155.97500000000002,35.515
2026-03-16 06:00:00+05:30,14.3975,157.25,38.76
2026-03-16 07:00:00+05:30,15.083333333333334,173.9333333333333,39.46666666666667
2026-03-16 08:00:00+05:30,14.0125,195.575,33.69
2026-03-16 09:00:00+05:30,13.5775,198.65,30.8175
2026-03-16 10:00:00+05:30,13.5775,180.625,31.840000000000003
2026-03-16 11:00:00+05:30,8.9875,177.5,29.6
2026-03-16 12:00:00+05:30,8.01,159.5,29.666666666666668
2026-03-16 13:00:00+05:30,6.215,145.425,24.752499999999998
2026-03-16 14:00:00+05:30,7.1625,117.925,22.0625
2026-03-16 15:00:00+05:30,7.43,110.55,22.5325
2026-03-16 16:00:00+05:30,8.59,114.22500000000001,27.41
2026-03-16 17:00:00+05:30,10.8325,114.45,25.6825
2026-03-16 18:00:00+05:30,18.43,111.5,27.72
2026-03-16 19:00:00+05:30,37.263333333333335,149.79999999999998,34.47333333333333
2026-03-16 20:00:00+05:30,41.92,194.075,36.247499999999995
2026-03-16 21:00:00+05:30,41.92,216.575,33.83
2026-03-16 22:00:00+05:30,41.92,206.85,31.622500000000002
2026-03-16 23:00:00+05:30,41.92,196.2,35.8
2026-03-17 00:00:00+05:30,41.92,194.8,23.64
2026-03-17 01:00:00+05:30,41.92,193.4666666666667,22.513333333333335
2026-03-17 02:00:00+05:30,41.92,182.0,21.0375
2026-03-17 03:00:00+05:30,41.92,158.36666666666667,18.786666666666665
2026-03-17 04:00:00+05:30,41.92,147.66666666666666,20.973333333333333
2026-03-17 05:00:00+05:30,41.92,137.775,21.2925
2026-03-17 06:00:00+05:30,41.92,133.9,20.81
2026-03-17 07:00:00+05:30,19.736666666666668,138.06666666666666,18.12333333333333
2026-03-17 08:00:00+05:30,20.3625,144.7,21.57
2026-03-17 09:00:00+05:30,21.176666666666666,170.06666666666666,22.820000000000004
2026-03-17 10:00:00+05:30,21.8625,182.125,24.3825
2026-03-17 11:00:00+05:30,20.78,172.47500000000002,27.555
2026-03-17 12:00:00+05:30,6.346666666666667,167.03333333333333,25.55333333333333
2026-03-17 13:00:00+05:30,0.0,165.65,24.869999999999997
2026-03-17 14:00:00+05:30,0.0,165.45,30.427500000000002
2026-03-17 15:00:00+05:30,0.0,154.23333333333335,34.78333333333333
2026-03-17 16:00:00+05:30,0.0,137.725,27.3675
2026-03-17 17:00:00+05:30,0.0,130.05,21.627499999999998
2026-03-17 18:00:00+05:30,0.0,136.525,24.475
2026-03-17 19:00:00+05:30,0.0,210.02499999999998,25.9825
2026-03-17 20:00:00+05:30,0.0,376.825,26.939999999999998
2026-03-17 21:00:00+05:30,0.0,330.45,37.84
2026-03-17 22:00:00+05:30,0.0,267.59999999999997,38.99666666666666
2026-03-17 23:00:00+05:30,0.0,231.1,43.98
2026-03-18 00:00:00+05:30,0.0,161.0,30.05
2026-03-18 01:00:00+05:30,0.0,152.0,29.0425
2026-03-18 02:00:00+05:30,0.0,133.5,27.2425
2026-03-18 03:00:00+05:30,0.0,114.525,26.4125
2026-03-18 04:00:00+05:30,0.0,102.16666666666667,26.91
2026-03-18 05:00:00+05:30,0.0,99.725,26.0225
2026-03-18 06:00:00+05:30,0.0,101.375,25.95
2026-03-18 07:00:00+05:30,0.0,105.225,25.855
2026-03-18 08:00:00+05:30,0.0,121.1,26.3625
2026-03-18 09:00:00+05:30,0.0,135.325,21.875
2026-03-18 10:00:00+05:30,0.0,130.17499999999998,23.9075
2026-03-18 11:00:00+05:30,12.649999999999999,128.16666666666666,23.47
2026-03-18 12:00:00+05:30,23.295,111.2,27.5
2026-03-18 13:00:00+05:30,18.3625,114.85000000000001,31.2275
2026-03-18 14:00:00+05:30,14.655000000000001,115.10000000000001,35.269999999999996
2026-03-18 15:00:00+05:30,14.275,122.825,41.905
2026-03-18 16:00:00+05:30,12.602500000000001,122.5,44.0325
2026-03-18 17:00:00+05:30,12.635000000000002,120.975,38.962500000000006
2026-03-18 18:00:00+05:30,22.16333333333333,139.9,34.32333333333333
2026-03-18 19:00:00+05:30,35.207499999999996,202.525,32.644999999999996
2026-03-18 20:00:00+05:30,43.58,263.325,32.38
2026-03-18 21:00:00+05:30,66.60333333333334,275.03333333333336,34.446666666666665
2026-03-18 22:00:00+05:30,72.46,276.59999999999997,49.684999999999995
2026-03-18 23:00:00+05:30,45.010000000000005,252.8,56.53
2026-03-19 00:00:00+05:30,12.67,181.5,36.8
2026-03-19 01:00:00+05:30,13.165,149.7,34.709999999999994
2026-03-19 02:00:00+05:30,13.6975,114.425,33.0325
2026-03-19 03:00:00+05:30,15.11,104.76666666666667,30.36
2026-03-19 04:00:00+05:30,13.966666666666667,97.2,26.223333333333333
2026-03-19 05:00:00+05:30,9.44,92.90000000000002,23.673333333333336
2026-03-19 06:00:00+05:30,7.095,1261.725,30.5325
2026-03-19 07:00:00+05:30,8.995000000000001,402.35,28.525
2026-03-19 08:00:00+05:30,11.965,199.7,26.64
2026-03-19 09:00:00+05:30,14.620000000000001,172.475,26.349999999999998
2026-03-19 10:00:00+05:30,13.236666666666666,168.9,22.040000000000003
2026-03-19 11:00:00+05:30,10.01,167.2,24.4375
2026-03-19 12:00:00+05:30,8.48,175.65,20.9725
2026-03-19 13:00:00+05:30,7.78,159.23333333333335,21.849999999999998
2026-03-19 14:00:00+05:30,9.2725,125.94999999999999,26.697499999999998
2026-03-19 15:00:00+05:30,11.46,117.875,33.22
2026-03-19 16:00:00+05:30,14.4475,116.175,32.465
2026-03-19 17:00:00+05:30,12.625,116.8,33.31
2026-03-19 18:00:00+05:30,9.465,686.675,29.9175
2026-03-19 19:00:00+05:30,8.04,683.45,23.2025
2026-03-19 20:00:00+05:30,9.2275,277.625,17.06
2026-03-19 21:00:00+05:30,10.253333333333332,38.1,11.66
2026-03-19 22:00:00+05:30,15.99,21.2,9.5
2026-03-19 23:00:00+05:30,12.575,4.2,6.65
2026-03-20 00:00:00+05:30,8.49,20.1,5.08
2026-03-20 01:00:00+05:30,9.5025,20.275,4.895
2026-03-20 02:00:00+05:30,7.2725,29.575,4.1575
2026-03-20 03:00:00+05:30,9.6975,33.025,3.325
2026-03-20 04:00:00+05:30,8.376666666666667,40.36666666666667,3.0199999999999996
2026-03-20 05:00:00+05:30,9.553333333333333,36.63333333333333,3.3766666666666665
2026-03-20 06:00:00+05:30,13.7625,36.35,3.0975
2026-03-20 07:00:00+05:30,15.800000000000002,50.03333333333333,6.07
2026-03-20 08:00:00+05:30,17.506666666666664,90.63333333333333,13.673333333333332
2026-03-20 18:00:00+05:30,11.795,75.25,24.255
2026-03-20 19:00:00+05:30,18.58,75.57499999999999,20.785
2026-03-20 20:00:00+05:30,35.25,68.0,17.215
2026-03-20 21:00:00+05:30,36.22,74.225,22.8475
2026-03-20 22:00:00+05:30,35.67333333333334,81.93333333333334,29.866666666666664
2026-03-20 23:00:00+05:30,66.715,90.5,30.939999999999998
2026-03-21 00:00:00+05:30,57.14,128.3,47.97
2026-03-21 01:00:00+05:30,60.583333333333336,130.63333333333333,50.38333333333333
2026-03-21 02:00:00+05:30,27.0375,131.15,52.54
2026-03-21 03:00:00+05:30,28.634999999999998,114.775,46.88
2026-03-21 04:00:00+05:30,22.206666666666667,101.0,42.093333333333334
2026-03-21 05:00:00+05:30,18.182499999999997,88.05,39.805
2026-03-21 06:00:00+05:30,23.656666666666666,80.89999999999999,32.75
2026-03-21 09:00:00+05:30,20.09,100.9,35.09
2026-03-21 10:00:00+05:30,13.2725,101.0,29.86
2026-03-21 11:00:00+05:30,11.46,25.275,6.2425
2026-03-21 12:00:00+05:30,9.053333333333333,56.26666666666667,21.689999999999998
2026-03-21 13:00:00+05:30,16.416666666666668,99.5,39.00666666666667
2026-03-21 14:00:00+05:30,17.259999999999998,229.475,30.6175
2026-03-21 15:00:00+05:30,14.935,222.55,25.445
2026-03-21 16:00:00+05:30,7.48,212.35,22.9575
2026-03-21 17:00:00+05:30,7.33,148.2,19.947499999999998
2026-03-21 18:00:00+05:30,13.105,127.375,16.695
2026-03-21 19:00:00+05:30,40.12,213.375,20.715
2026-03-21 20:00:00+05:30,57.78,247.9,30.8875
2026-03-21 21:00:00+05:30,56.01,256.075,40.192499999999995
2026-03-21 22:00:00+05:30,56.95666666666667,254.96666666666667,46.88333333333333
2026-03-21 23:00:00+05:30,56.82,245.75,52.075
2026-03-22 00:00:00+05:30,39.11,209.3,44.81
2026-03-22 01:00:00+05:30,39.1625,199.35,49.677499999999995
2026-03-22 02:00:00+05:30,43.5075,177.35,52.205
2026-03-22 03:00:00+05:30,31.906666666666666,166.36666666666667,47.95666666666667
2026-03-22 04:00:00+05:30,29.01,164.63333333333333,44.39333333333334
2026-03-22 05:00:00+05:30,23.2775,156.15,40.417500000000004
2026-03-22 06:00:00+05:30,24.75,142.825,41.082499999999996
2026-03-22 07:00:00+05:30,29.003333333333334,141.9333333333333,35.18
2026-03-22 08:00:00+05:30,26.9825,187.64999999999998,29.71
2026-03-22 09:00:00+05:30,22.3225,207.67499999999998,33.917500000000004
2026-03-22 10:00:00+05:30,15.395,201.65,29.450000000000003
2026-03-22 11:00:00+05:30,9.8725,178.725,28.0875
2026-03-22 12:00:00+05:30,7.4433333333333325,151.1,24.87
2026-03-22 13:00:00+05:30,10.5525,120.3,18.55
2026-03-22 14:00:00+05:30,7.58,112.77499999999999,14.2025
2026-03-22 15:00:00+05:30,7.46,97.9,12.045
2026-03-22 16:00:00+05:30,6.330000000000001,85.8,10.063333333333334
2026-03-22 17:00:00+05:30,7.813333333333333,76.63333333333334,7.96
2026-03-22 18:00:00+05:30,13.3925,89.5,6.3100000000000005
2026-03-22 19:00:00+05:30,31.682499999999997,121.35000000000001,15.235
2026-03-22 20:00:00+05:30,36.68666666666667,182.73333333333335,17.67
2026-03-22 21:00:00+05:30,31.6675,187.75,30.630000000000003
2026-03-22 22:00:00+05:30,26.973333333333333,179.20000000000002,32.9
2026-03-22 23:00:00+05:30,28.86,168.85000000000002,29.42
2026-03-23 00:00:00+05:30,47.4,165.8,24.55
2026-03-23 01:00:00+05:30,50.879999999999995,165.5666666666667,24.906666666666666
2026-03-23 02:00:00+05:30,50.4725,174.275,41.65
2026-03-23 03:00:00+05:30,35.13666666666666,183.4,64.18333333333334
2026-03-23 04:00:00+05:30,16.384999999999998,175.05,67.23
2026-03-23 05:00:00+05:30,10.886666666666665,145.1,55.43333333333334
2026-03-23 06:00:00+05:30,17.59,126.1,43.26
2026-03-23 07:00:00+05:30,21.94,118.625,41.025
2026-03-23 08:00:00+05:30,18.476666666666663,131.83333333333334,40.26333333333333
2026-03-23 09:00:00+05:30,13.353333333333333,145.23333333333332,38.23
2026-03-23 10:00:00+05:30,10.116666666666667,150.20000000000002,34.38
2026-03-23 11:00:00+05:30,8.4725,134.0,25.310000000000002
2026-03-23 12:00:00+05:30,8.465,119.625,20.1525
2026-03-23 13:00:00+05:30,6.919999999999999,28.2,0.0
2026-03-23 14:00:00+05:30,5.73,39.1,41.20333333333333
2026-03-23 15:00:00+05:30,5.583333333333333,74.76666666666667,59.06666666666666
2026-03-23 17:00:00+05:30,6.41,65.1,23.49
2026-03-23 18:00:00+05:30,9.155000000000001,72.2,19.0
2026-03-23 19:00:00+05:30,22.455,79.4,16.785
2026-03-23 20:00:00+05:30,38.325,87.35,24.2075
2026-03-23 21:00:00+05:30,42.9725,111.6,30.709999999999997
2026-03-23 22:00:00+05:30,36.3975,137.425,36.1125
2026-03-23 23:00:00+05:30,32.89,146.85,39.495000000000005
2026-03-24 00:00:00+05:30,27.33,136.2,39.53
2026-03-24 01:00:00+05:30,27.7075,120.69999999999999,39.894999999999996
2026-03-24 02:00:00+05:30,24.490000000000002,110.625,32.9925
2026-03-24 03:00:00+05:30,18.113333333333333,104.56666666666666,31.313333333333333
2026-03-24 04:00:00+05:30,19.48,95.65,32.78
2026-03-24 05:00:00+05:30,27.4525,85.975,27.595
2026-03-24 06:00:00+05:30,23.0425,88.275,23.585
2026-03-24 07:00:00+05:30,20.517500000000002,93.45,26.1875
2026-03-24 08:00:00+05:30,14.715,99.825,23.29
2026-03-24 09:00:00+05:30,12.8675,99.3,20.384999999999998
2026-03-24 10:00:00+05:30,11.34,97.05,18.927500000000002
2026-03-24 11:00:00+05:30,9.24,93.825,16.8875
2026-03-24 12:00:00+05:30,7.345000000000001,86.075,14.5675
2026-03-24 13:00:00+05:30,7.04,79.33333333333333,18.183333333333334
2026-03-24 14:00:00+05:30,7.085,75.7,19.705
2026-03-24 15:00:00+05:30,7.54,75.65,18.8075
2026-03-24 16:00:00+05:30,7.34,70.39999999999999,20.566666666666666
2026-03-24 17:00:00+05:30,11.18,69.825,20.905
2026-03-24 18:00:00+05:30,13.62,88.16666666666667,22.516666666666666
2026-03-24 19:00:00+05:30,18.545,125.1,22.799999999999997
2026-03-24 21:00:00+05:30,41.85,178.57500000000002,28.0475
2026-03-24 22:00:00+05:30,35.6925,178.075,30.005000000000003
2026-03-24 23:00:00+05:30,25.89,169.55,31.21
2026-03-25 00:00:00+05:30,34.17,151.1,33.71
2026-03-25 01:00:00+05:30,24.47,146.4,40.00666666666667
2026-03-25 02:00:00+05:30,13.86,133.1,37.52333333333333
2026-03-25 03:00:00+05:30,13.3525,111.725,29.412499999999998
2026-03-25 04:00:00+05:30,9.72,106.3,26.77
2026-03-25 05:00:00+05:30,17.596666666666668,90.60000000000001,23.55333333333333
2026-03-25 06:00:00+05:30,12.317499999999999,84.65,22.6075
2026-03-25 07:00:00+05:30,14.1125,88.425,21.2625
2026-03-25 08:00:00+05:30,13.523333333333333,103.8,20.396666666666665
2026-03-25 09:00:00+05:30,10.99,116.175,18.1425
2026-03-25 10:00:00+05:30,10.41,111.33333333333333,15.056666666666667
2026-03-25 11:00:00+05:30,11.510000000000002,100.55,14.14
2026-03-25 13:00:00+05:30,7.879999999999999,80.2,19.22
2026-03-25 14:00:00+05:30,8.39,76.2,18.823333333333334
2026-03-25 15:00:00+05:30,8.610000000000001,73.5,16.283333333333335
2026-03-25 16:00:00+05:30,6.9075,74.325,17.67
2026-03-25 17:00:00+05:30,9.9875,73.375,21.995
2026-03-25 18:00:00+05:30,13.0325,70.425,22.09
2026-03-25 19:00:00+05:30,25.705,80.725,22.7725
2026-03-25 20:00:00+05:30,59.14000000000001,102.3,25.823333333333334
2026-03-25 21:00:00+05:30,58.645,161.9,34.8125
2026-03-25 22:00:00+05:30,41.7125,216.75,46.6
2026-03-25 23:00:00+05:30,17.645,215.15,47.69
2026-03-26 01:00:00+05:30,44.24,131.0,41.55
2026-03-26 02:00:00+05:30,22.2625,128.55,36.25
2026-03-26 03:00:00+05:30,22.6025,111.9,33.3325
2026-03-26 04:00:00+05:30,31.236666666666665,98.93333333333334,33.38
2026-03-26 05:00:00+05:30,18.885,92.175,31.762500000000003
2026-03-26 06:00:00+05:30,19.669999999999998,86.125,28.61
2026-03-26 07:00:00+05:30,17.68,101.525,29.4
2026-03-26 08:00:00+05:30,18.0875,117.925,33.14
2026-03-26 09:00:00+05:30,17.802500000000002,129.65,35.64
2026-03-26 10:00:00+05:30,9.5725,132.45,37.4875
2026-03-26 11:00:00+05:30,10.35,115.44999999999999,32.1375
2026-03-26 12:00:00+05:30,6.744999999999999,116.0,26.39
2026-03-26 13:00:00+05:30,6.2825,110.65,28.372500000000002
2026-03-26 14:00:00+05:30,5.4575,95.625,25.6125
2026-03-26 15:00:00+05:30,5.3925,86.6,20.77
2026-03-26 16:00:00+05:30,6.713333333333334,79.60000000000001,16.68
2026-03-26 17:00:00+05:30,6.243333333333333,75.5,19.74
2026-03-26 18:00:00+05:30,17.966666666666665,78.2,19.386666666666667
2026-03-26 19:00:00+05:30,32.36000000000001,92.7,23.336666666666662
2026-03-26 20:00:00+05:30,44.995,144.85000000000002,31.442500000000003
2026-03-26 21:00:00+05:30,39.85,171.8,39.1775
2026-03-26 22:00:00+05:30,45.83,187.45,38.9075
2026-03-26 23:00:00+05:30,31.255000000000003,197.25,43.155
2026-03-27 00:00:00+05:30,25.05,174.5,53.81
2026-03-27 01:00:00+05:30,24.795,151.15,47.375
2026-03-27 02:00:00+05:30,23.98,129.1,36.526666666666664
2026-03-27 03:00:00+05:30,21.91,118.0,34.91
2026-03-27 04:00:00+05:30,15.75,100.7,34.04
2026-03-27 05:00:00+05:30,14.153333333333334,85.46666666666665,32.22
2026-03-27 06:00:00+05:30,20.4275,83.525,30.990000000000002
2026-03-27 07:00:00+05:30,21.23,85.66666666666667,28.840000000000003
2026-03-27 08:00:00+05:30,19.259999999999998,100.4,24.86
2026-03-27 09:00:00+05:30,12.38,114.73333333333333,22.77
2026-03-27 10:00:00+05:30,9.979999999999999,125.03333333333335,19.0
2026-03-27 11:00:00+05:30,8.057500000000001,125.125,16.869999999999997
2026-03-27 12:00:00+05:30,6.875,115.4,17.244999999999997
2026-03-27 13:00:00+05:30,5.8925,95.375,15.6725
2026-03-27 14:00:00+05:30,4.793333333333333,76.2,12.073333333333332
2026-03-27 15:00:00+05:30,4.8425,75.025,9.415
2026-03-27 16:00:00+05:30,5.045,79.7,8.4475
2026-03-27 17:00:00+05:30,6.5200000000000005,81.23333333333333,13.016666666666666
2026-03-27 18:00:00+05:30,10.9875,77.225,14.8
2026-03-27 19:00:00+05:30,22.2075,92.1,13.32
2026-03-27 20:00:00+05:30,31.2575,123.22500000000001,15.752500000000001
2026-03-27 21:00:00+05:30,19.42,162.975,26.285
2026-03-27 22:00:00+05:30,12.4825,174.075,26.4125
2026-03-27 23:00:00+05:30,10.844999999999999,160.89999999999998,22.09
2026-03-28 00:00:00+05:30,14.99,120.3,17.93
2026-03-28 01:00:00+05:30,13.956666666666665,115.3,23.38
2026-03-28 02:00:00+05:30,8.966666666666667,106.03333333333335,28.013333333333332
2026-03-28 03:00:00+05:30,10.66,105.73333333333333,27.55333333333333
2026-03-28 04:00:00+05:30,10.203333333333333,98.46666666666665,27.150000000000002
2026-03-28 05:00:00+05:30,13.5325,83.575,26.0975
2026-03-28 06:00:00+05:30,17.1575,93.35,21.14
2026-03-28 07:00:00+05:30,12.76,110.96666666666665,19.599999999999998
2026-03-28 08:00:00+05:30,11.4,139.46666666666667,20.876666666666665
2026-03-28 09:00:00+05:30,7.7,152.0,19.313333333333333
2026-03-28 10:00:00+05:30,6.6875,123.275,14.405
2026-03-28 11:00:00+05:30,6.2875,106.075,10.3775
2026-03-28 12:00:00+05:30,5.475,99.35,9.42
2026-03-28 13:00:00+05:30,4.8575,93.6,13.48
2026-03-28 14:00:00+05:30,5.5024999999999995,96.825,13.352500000000001
2026-03-28 15:00:00+05:30,5.995,123.925,11.065000000000001
2026-03-28 16:00:00+05:30,5.2725,164.95,11.4475
2026-03-28 17:00:00+05:30,8.153333333333334,158.13333333333333,13.716666666666667
2026-03-28 18:00:00+05:30,9.09,166.025,12.987499999999999
2026-03-28 19:00:00+05:30,11.375,209.175,12.4975
2026-03-28 20:00:00+05:30,14.5975,199.175,15.7875
2026-03-28 21:00:00+05:30,17.175,197.15,18.825
2026-03-28 22:00:00+05:30,13.270000000000001,199.96666666666667,17.146666666666665
2026-03-28 23:00:00+05:30,12.420000000000002,180.8,14.39
2026-03-29 00:00:00+05:30,11.1,127.7,25.02
2026-03-29 01:00:00+05:30,10.92,102.15,20.8775
2026-03-29 02:00:00+05:30,12.629999999999999,83.17500000000001,15.5825
2026-03-29 03:00:00+05:30,12.875,76.9,13.7425
2026-03-29 04:00:00+05:30,11.1125,66.15,11.602500000000001
2026-03-29 05:00:00+05:30,11.2975,58.8,8.795
2026-03-29 06:00:00+05:30,11.06,54.45,8.02
2026-03-29 07:00:00+05:30,9.86,62.76666666666667,7.303333333333334
2026-03-29 08:00:00+05:30,9.040000000000001,77.23333333333333,7.966666666666666
2026-03-29 09:00:00+05:30,7.0825,87.35,8.23
2026-03-29 10:00:00+05:30,6.85,86.175,6.7275
2026-03-29 11:00:00+05:30,6.07,86.0,7.77
2026-03-29 12:00:00+05:30,6.176666666666667,83.16666666666667,8.246666666666668
2026-03-29 13:00:00+05:30,5.510000000000001,80.3,10.229999999999999
2026-03-29 14:00:00+05:30,5.2,81.5,10.4075
2026-03-29 15:00:00+05:30,4.755,80.175,8.57
2026-03-29 16:00:00+05:30,5.986666666666667,74.60000000000001,14.4
2026-03-29 17:00:00+05:30,6.3100000000000005,79.45,19.08
2026-03-29 18:00:00+05:30,7.6975,98.65,20.8525
2026-03-29 19:00:00+05:30,11.683333333333335,146.20000000000002,20.613333333333333
2026-03-29 20:00:00+05:30,21.4825,199.625,21.97
2026-03-29 21:00:00+05:30,19.8475,214.225,26.09
2026-03-29 22:00:00+05:30,16.9175,216.625,26.869999999999997
2026-03-29 23:00:00+05:30,18.03,206.14999999999998,25.985
2026-03-30 00:00:00+05:30,11.38,148.6,20.99
2026-03-30 01:00:00+05:30,9.8875,125.625,22.7475
2026-03-30 02:00:00+05:30,8.92,92.225,24.995
2026-03-30 03:00:00+05:30,12.86,71.4,24.3675
2026-03-30 04:00:00+05:30,12.533333333333333,69.2,19.656666666666666
2026-03-30 05:00:00+05:30,11.155000000000001,71.1,16.38
2026-03-30 06:00:00+05:30,13.01,72.825,13.665
2026-03-30 07:00:00+05:30,14.786666666666667,88.06666666666666,11.633333333333333
2026-03-30 10:00:00+05:30,6.836666666666666,108.7,11.356666666666667
2026-03-30 11:00:00+05:30,6.9799999999999995,108.73333333333335,13.106666666666667
2026-03-30 12:00:00+05:30,11.365,94.075,18.35
2026-03-30 13:00:00+05:30,5.2875,98.675,20.3675
2026-03-30 14:00:00+05:30,4.65,102.075,16.7625
2026-03-30 15:00:00+05:30,4.605,91.25,14.335
2026-03-30 16:00:00+05:30,4.5725,83.30000000000001,16.1625
2026-03-30 17:00:00+05:30,5.073333333333333,77.86666666666667,16.383333333333333
2026-03-30 18:00:00+05:30,7.380000000000001,74.85,17.6175
2026-03-30 19:00:00+05:30,21.575000000000003,78.25,19.15
2026-03-30 20:00:00+05:30,21.31,89.45,20.9725
2026-03-30 21:00:00+05:30,20.295,96.94999999999999,22.6575
2026-03-30 22:00:00+05:30,22.450000000000003,96.85,22.445
2026-03-30 23:00:00+05:30,15.165,95.05,22.775
2026-03-31 00:00:00+05:30,17.81,86.9,28.73
2026-03-31 01:00:00+05:30,20.475,87.15,25.32
2026-03-31 02:00:00+05:30,11.493333333333332,82.46666666666667,20.62
2026-03-31 03:00:00+05:30,12.692499999999999,74.5,18.4
2026-03-31 04:00:00+05:30,8.613333333333333,72.39999999999999,19.069999999999997
2026-03-31 05:00:00+05:30,8.776666666666666,75.56666666666666,20.163333333333334
2026-03-31 06:00:00+05:30,11.525,79.775,20.28
2026-03-31 07:00:00+05:30,15.057500000000001,84.5,17.745
2026-03-31 08:00:00+05:30,12.136666666666665,96.7,23.403333333333336
2026-03-31 09:00:00+05:30,8.84,109.89999999999999,26.14
2026-03-31 10:00:00+05:30,6.8825,114.15,21.9825
2026-03-31 11:00:00+05:30,11.295,113.85,17.935000000000002
2026-03-31 12:00:00+05:30,6.22,101.53333333333335,18.883333333333336
2026-03-31 13:00:00+05:30,5.574999999999999,95.85,20.26
2026-03-31 14:00:00+05:30,5.355,93.925,19.715
2026-03-31 15:00:00+05:30,4.8,92.875,16.44
2026-03-31 16:00:00+05:30,4.5925,83.725,16.895
2026-03-31 17:00:00+05:30,6.77,77.60000000000001,19.786666666666665
2026-03-31 18:00:00+05:30,9.0125,83.25,20.2175
2026-03-31 19:00:00+05:30,14.247499999999999,106.15,24.43
2026-03-31 20:00:00+05:30,20.27,131.825,25.8875
2026-03-31 21:00:00+05:30,18.185,142.275,29.979999999999997
2026-03-31 22:00:00+05:30,18.965,137.675,32.8425
2026-03-31 23:00:00+05:30,16.0,130.5,33.11
2026-04-01 00:00:00+05:30,8.99,115.1,27.22
2026-04-01 01:00:00+05:30,11.535,112.725,26.4725
2026-04-01 02:00:00+05:30,13.7375,102.95,21.817500000000003
2026-04-01 03:00:00+05:30,13.450000000000001,94.06666666666666,20.386666666666667
2026-04-01 04:00:00+05:30,12.844999999999999,87.9,18.415
2026-04-01 05:00:00+05:30,10.683333333333332,85.5,21.043333333333333
2026-04-01 06:00:00+05:30,11.815,93.4,26.515
2026-04-01 07:00:00+05:30,10.370000000000001,102.525,23.89
2026-04-01 08:00:00+05:30,10.5025,109.75,20.225
2026-04-01 09:00:00+05:30,11.1075,119.625,17.14
2026-04-01 10:00:00+05:30,10.483333333333333,125.56666666666666,12.953333333333333
2026-04-01 11:00:00+05:30,6.970000000000001,126.44999999999999,12.09
2026-04-01 12:00:00+05:30,6.984999999999999,124.19999999999999,16.130000000000003
2026-04-01 14:00:00+05:30,5.706666666666667,100.63333333333333,22.46666666666667
2026-04-01 15:00:00+05:30,5.25,105.675,22.93
2026-04-01 16:00:00+05:30,5.3275,107.80000000000001,25.605
2026-04-01 17:00:00+05:30,6.173333333333333,107.46666666666665,25.790000000000003
2026-04-01 18:00:00+05:30,11.0575,126.025,30.8525
2026-04-01 19:00:00+05:30,15.665,153.05,30.355
2026-04-01 20:00:00+05:30,17.616666666666667,170.56666666666666,30.206666666666667
2026-04-01 21:00:00+05:30,15.325000000000001,180.725,33.065
2026-04-01 22:00:00+05:30,17.0425,160.4,28.465
2026-04-01 23:00:00+05:30,14.325,144.4,25.705
2026-04-02 00:00:00+05:30,14.41,112.0,23.29
2026-04-02 01:00:00+05:30,13.18,114.0,24.2575
2026-04-02 02:00:00+05:30,15.173333333333334,108.2,24.376666666666665
2026-04-02 03:00:00+05:30,12.736666666666666,105.3,25.963333333333335
2026-04-02 04:00:00+05:30,14.219999999999999,103.05,26.325000000000003
2026-04-02 05:00:00+05:30,11.5,100.76666666666667,27.866666666666664
2026-04-02 06:00:00+05:30,9.91,104.35000000000001,26.4825
2026-04-02 07:00:00+05:30,12.0175,120.725,23.2575
2026-04-02 08:00:00+05:30,10.03,143.25,19.3875
2026-04-02 09:00:00+05:30,8.6075,147.575,17.665
2026-04-02 10:00:00+05:30,7.0975,140.925,14.442499999999999
2026-04-02 11:00:00+05:30,17.815,131.625,11.4825
2026-04-02 12:00:00+05:30,16.677500000000002,132.225,13.385
2026-04-02 13:00:00+05:30,8.84,134.5,22.169999999999998
2026-04-02 14:00:00+05:30,6.203333333333333,137.4333333333333,25.176666666666666
2026-04-02 15:00:00+05:30,6.71,121.2,23.8125
2026-04-02 16:00:00+05:30,5.13,104.5,19.25
2026-04-02 17:00:00+05:30,11.293333333333331,102.8,21.236666666666668
2026-04-02 18:00:00+05:30,8.0175,113.575,24.6575
2026-04-02 19:00:00+05:30,9.9125,158.075,30.395000000000003
2026-04-02 20:00:00+05:30,10.425,174.125,32.4525
2026-04-02 21:00:00+05:30,10.213333333333333,160.03333333333333,30.426666666666666
2026-04-02 22:00:00+05:30,10.175,140.625,26.1275
2026-04-02 23:00:00+05:30,11.36,130.0,21.78
2026-04-03 00:00:00+05:30,7.61,100.1,17.65
2026-04-03 01:00:00+05:30,10.2125,102.225,20.035
2026-04-03 02:00:00+05:30,8.8625,97.925,18.11
2026-04-03 03:00:00+05:30,8.66,96.65,15.32
2026-04-03 04:00:00+05:30,13.05,92.85,14.309999999999999
2026-04-03 05:00:00+05:30,40.449999999999996,83.53333333333333,16.963333333333335
2026-04-03 06:00:00+05:30,41.29,88.25,16.3125
2026-04-03 07:00:00+05:30,41.0575,126.80000000000001,21.265
2026-04-03 08:00:00+05:30,15.6625,168.375,30.7625
2026-04-03 09:00:00+05:30,8.055,176.9,30.8675
2026-04-03 10:00:00+05:30,8.135,157.35,25.395
2026-04-03 11:00:00+05:30,6.783333333333334,120.40000000000002,17.47
2026-04-03 12:00:00+05:30,5.8975,106.22500000000001,15.7025
2026-04-03 13:00:00+05:30,5.58,97.875,17.29
2026-04-03 14:00:00+05:30,4.545,101.125,15.975
2026-04-03 15:00:00+05:30,4.9275,118.6,17.534999999999997
2026-04-03 16:00:00+05:30,5.1499999999999995,121.43333333333334,16.66
2026-04-03 17:00:00+05:30,5.805,107.82499999999999,14.7525
2026-04-03 18:00:00+05:30,8.4825,125.77499999999999,17.29
2026-04-03 19:00:00+05:30,34.917500000000004,164.05,17.95
2026-04-03 20:00:00+05:30,38.61333333333334,178.33333333333334,18.956666666666667
2026-04-03 21:00:00+05:30,26.6025,173.25,21.814999999999998
2026-04-03 22:00:00+05:30,32.32666666666666,161.13333333333333,20.64
2026-04-03 23:00:00+05:30,29.150000000000002,149.9,20.07
2026-04-04 00:00:00+05:30,11.0,129.6,22.92
2026-04-04 01:00:00+05:30,12.416666666666666,122.16666666666667,22.71666666666667
2026-04-04 02:00:00+05:30,11.450000000000001,99.23333333333333,19.706666666666667
2026-04-04 03:00:00+05:30,11.6375,83.075,18.080000000000002
2026-04-04 04:00:00+05:30,10.893333333333333,72.53333333333333,18.733333333333334
2026-04-04 05:00:00+05:30,13.6925,64.475,19.9975
2026-04-04 06:00:00+05:30,12.1425,70.4,20.1275
2026-04-04 07:00:00+05:30,12.625,78.625,18.12
2026-04-04 08:00:00+05:30,12.3075,87.07499999999999,17.155
2026-04-04 09:00:00+05:30,9.2475,99.57499999999999,14.57
2026-04-04 10:00:00+05:30,6.85,103.275,10.7625
2026-04-04 11:00:00+05:30,6.625,96.17500000000001,9.8825
2026-04-04 12:00:00+05:30,4.886666666666667,92.0,11.986666666666666
2026-04-04 13:00:00+05:30,4.6925,89.225,15.145
2026-04-04 14:00:00+05:30,5.609999999999999,88.675,14.5625
2026-04-04 15:00:00+05:30,5.533333333333334,88.8,14.086666666666666
2026-04-04 16:00:00+05:30,4.786666666666666,76.0,13.159999999999998
2026-04-04 17:00:00+05:30,4.4575,86.825,14.370000000000001
2026-04-04 18:00:00+05:30,6.327500000000001,121.0,17.1675
2026-04-04 19:00:00+05:30,40.4425,180.0,19.97
2026-04-04 20:00:00+05:30,41.565,200.475,21.7025
2026-04-04 21:00:00+05:30,33.735,195.05,24.485
2026-04-04 22:00:00+05:30,33.93,191.35,33.2675
2026-04-04 23:00:00+05:30,43.495000000000005,190.25,34.379999999999995
2026-04-05 00:00:00+05:30,54.33,186.8,38.67
2026-04-05 01:00:00+05:30,60.92666666666667,185.63333333333333,43.81666666666666
2026-04-05 02:00:00+05:30,65.37666666666667,182.26666666666665,47.53
2026-04-05 03:00:00+05:30,52.1375,179.775,48.92
2026-04-05 04:00:00+05:30,30.04,175.325,49.792500000000004
2026-04-05 05:00:00+05:30,19.206666666666667,161.36666666666667,48.06
2026-04-05 06:00:00+05:30,15.4,148.85,39.18
2026-04-05 07:00:00+05:30,14.1325,146.27499999999998,28.9825
2026-04-05 08:00:00+05:30,10.6925,131.25,30.482499999999998
2026-04-05 09:00:00+05:30,14.285,118.975,27.085
2026-04-05 10:00:00+05:30,11.2275,114.35,19.259999999999998
2026-04-05 11:00:00+05:30,9.704999999999998,110.75,15.54
2026-04-05 12:00:00+05:30,7.593333333333334,102.7,15.603333333333333
2026-04-05 13:00:00+05:30,5.476666666666667,92.33333333333333,17.136666666666667
2026-04-05 14:00:00+05:30,4.786666666666666,88.83333333333333,13.376666666666667
2026-04-05 15:00:00+05:30,4.71,83.3,12.195
2026-04-05 16:00:00+05:30,4.5425,79.65,14.594999999999999
2026-04-05 17:00:00+05:30,7.1274999999999995,78.875,15.815000000000001
2026-04-05 18:00:00+05:30,10.105,85.3,16.767500000000002
2026-04-05 19:00:00+05:30,33.565,127.17500000000001,18.5
2026-04-05 20:00:00+05:30,24.627499999999998,158.025,24.247500000000002
2026-04-05 21:00:00+05:30,36.303333333333335,160.9,30.233333333333334
2026-04-05 22:00:00+05:30,42.425,172.2,31.314999999999998
2026-04-05 23:00:00+05:30,48.655,177.8,33.129999999999995
2026-04-06 01:00:00+05:30,35.63,203.8,47.09
2026-04-06 02:00:00+05:30,15.590000000000002,181.66666666666666,40.32333333333333
2026-04-06 03:00:00+05:30,9.513333333333334,149.06666666666666,33.873333333333335
2026-04-06 04:00:00+05:30,10.1,120.9,29.155
2026-04-06 05:00:00+05:30,9.72,104.36666666666667,26.376666666666665
2026-04-06 06:00:00+05:30,14.8575,114.15,21.0575
2026-04-06 07:00:00+05:30,14.1775,175.725,21.5275
2026-04-06 08:00:00+05:30,8.063333333333334,198.23333333333335,22.873333333333335
2026-04-06 09:00:00+05:30,8.7325,179.55,21.32
2026-04-06 10:00:00+05:30,9.0775,139.95,16.7225
2026-04-06 11:00:00+05:30,7.256666666666667,107.43333333333334,15.376666666666667
2026-04-06 12:00:00+05:30,6.223333333333333,90.16666666666667,12.366666666666665
2026-04-06 13:00:00+05:30,4.6,83.19999999999999,11.92
2026-04-06 14:00:00+05:30,4.305,74.125,12.145
2026-04-06 15:00:00+05:30,3.95,84.75,9.9225
2026-04-06 16:00:00+05:30,3.8625,87.425,8.615
2026-04-06 17:00:00+05:30,4.4575000000000005,78.975,13.352500000000001
2026-04-06 18:00:00+05:30,6.615,75.44999999999999,16.85
2026-04-06 19:00:00+05:30,21.905,107.1,23.75
2026-04-06 20:00:00+05:30,17.89,127.375,22.84
2026-04-06 21:00:00+05:30,11.6125,154.825,26.9525
2026-04-06 22:00:00+05:30,11.1875,158.35,26.245
2026-04-06 23:00:00+05:30,12.95,147.0,23.33
2026-04-07 01:00:00+05:30,7.45,104.2,20.51
2026-04-07 02:00:00+05:30,7.425,92.775,17.0825
2026-04-07 03:00:00+05:30,6.734999999999999,81.925,15.0125
2026-04-07 04:00:00+05:30,6.489999999999999,76.43333333333334,14.606666666666667
2026-04-07 05:00:00+05:30,6.706666666666667,69.96666666666667,16.386666666666667
2026-04-07 06:00:00+05:30,9.5225,71.5,16.9725
2026-04-07 07:00:00+05:30,12.265,79.975,13.035
2026-04-07 08:00:00+05:30,10.75,87.3,13.4175
2026-04-07 09:00:00+05:30,9.0525,97.97500000000001,17.7925
2026-04-07 10:00:00+05:30,8.1175,109.875,19.0675
2026-04-07 11:00:00+05:30,6.75,132.64999999999998,21.08
2026-04-07 12:00:00+05:30,5.98,142.29999999999998,22.72
2026-04-07 13:00:00+05:30,5.756666666666667,140.6,23.2
2026-04-07 16:00:00+05:30,12.06,189.69999999999996,29.429999999999996
2026-04-07 17:00:00+05:30,8.08,197.53333333333333,32.556666666666665
2026-04-07 18:00:00+05:30,8.445,195.05,34.095
2026-04-07 19:00:00+05:30,11.8225,189.22500000000002,30.325
2026-04-07 20:00:00+05:30,15.629999999999999,170.7,30.7575
2026-04-07 21:00:00+05:30,14.719999999999999,151.425,32.1875
2026-04-07 22:00:00+05:30,7.7625,143.0,27.565
2026-04-07 23:00:00+05:30,6.025,137.65,23.235
2026-04-08 00:00:00+05:30,5.36,113.6,21.64
2026-04-08 01:00:00+05:30,5.355,106.875,21.91
2026-04-08 02:00:00+05:30,6.0675,99.075,18.560000000000002
2026-04-08 03:00:00+05:30,6.43,89.89999999999999,17.30333333333333
2026-04-08 04:00:00+05:30,8.193333333333333,79.76666666666667,18.366666666666667
2026-04-08 05:00:00+05:30,12.345,70.675,16.29
2026-04-08 06:00:00+05:30,11.115,72.15,13.51
2026-04-08 07:00:00+05:30,13.016666666666666,78.16666666666667,14.776666666666666
2026-04-08 08:00:00+05:30,6.7825,98.9,18.9675
2026-04-08 09:00:00+05:30,6.423333333333333,119.83333333333333,19.663333333333334
2026-04-08 10:00:00+05:30,5.4525,146.79999999999998,15.95
2026-04-08 11:00:00+05:30,5.05,142.52499999999998,19.625
2026-04-08 12:00:00+05:30,4.945,126.57499999999999,21.7725
2026-04-08 13:00:00+05:30,4.2225,143.075,24.8525
2026-04-08 14:00:00+05:30,3.7399999999999998,155.45,22.2275
2026-04-08 15:00:00+05:30,3.8200000000000003,146.33333333333334,19.900000000000002
2026-04-08 16:00:00+05:30,3.5925000000000002,131.375,18.9725
2026-04-08 17:00:00+05:30,4.1625,112.05,21.0125
2026-04-08 18:00:00+05:30,6.5975,122.14999999999999,21.7275
2026-04-08 19:00:00+05:30,18.9725,163.25,24.72
2026-04-08 20:00:00+05:30,24.255,207.725,29.3675
2026-04-08 21:00:00+05:30,20.74,208.4,35.78666666666667
2026-04-08 22:00:00+05:30,29.295,179.875,37.5
2026-04-08 23:00:00+05:30,24.445,163.10000000000002,35.015
2026-04-09 01:00:00+05:30,11.82,131.6,33.17
2026-04-09 02:00:00+05:30,9.725,120.1,27.28
2026-04-09 03:00:00+05:30,10.115,98.225,20.197499999999998
2026-04-09 04:00:00+05:30,8.593333333333334,88.39999999999999,20.323333333333334
2026-04-09 05:00:00+05:30,9.99,92.65,20.2425
2026-04-09 06:00:00+05:30,11.1575,116.725,16.752499999999998
2026-04-09 07:00:00+05:30,12.479999999999999,141.20000000000002,19.21666666666667
2026-04-09 08:00:00+05:30,11.575,171.525,23.4475
2026-04-09 09:00:00+05:30,10.466666666666667,177.5,22.98
2026-04-09 10:00:00+05:30,11.125,171.8,21.744999999999997
2026-04-09 11:00:00+05:30,10.835,168.45,23.055
2026-04-09 14:00:00+05:30,6.640000000000001,158.73333333333335,23.866666666666664
2026-04-09 15:00:00+05:30,8.615,152.89999999999998,29.165
2026-04-09 16:00:00+05:30,6.323333333333333,146.29999999999998,29.713333333333335
2026-04-09 17:00:00+05:30,11.815,139.675,31.035
2026-04-09 18:00:00+05:30,21.427500000000002,153.3,32.39
2026-04-09 19:00:00+05:30,27.415,194.425,35.1975
2026-04-09 20:00:00+05:30,35.7475,222.05,41.595
2026-04-09 21:00:00+05:30,44.913333333333334,241.0666666666667,48.61666666666667
2026-04-09 22:00:00+05:30,73.98666666666666,262.8,57.879999999999995
2026-04-09 23:00:00+05:30,57.535,264.4,60.489999999999995
2026-04-10 00:00:00+05:30,17.44,233.0,59.88
2026-04-10 01:00:00+05:30,16.2175,213.225,56.615
2026-04-10 02:00:00+05:30,18.2625,195.35,43.16
2026-04-10 03:00:00+05:30,20.986666666666668,184.1,41.846666666666664
2026-04-10 04:00:00+05:30,25.39,173.86666666666667,47.43666666666667
2026-04-10 05:00:00+05:30,26.956666666666667,168.4333333333333,45.22666666666667
2026-04-10 06:00:00+05:30,24.3675,158.225,43.4075
2026-04-10 07:00:00+05:30,20.106666666666666,151.46666666666667,37.303333333333335
2026-04-10 08:00:00+05:30,17.78,142.35,29.71
2026-04-10 09:00:00+05:30,16.32,143.36666666666667,25.083333333333332
2026-04-10 10:00:00+05:30,10.785,149.425,19.125
2026-04-10 11:00:00+05:30,8.783333333333333,152.56666666666666,17.099999999999998
2026-04-10 12:00:00+05:30,7.625,137.4,16.3375
2026-04-10 13:00:00+05:30,6.066666666666666,124.7,16.46
2026-04-10 14:00:00+05:30,5.0825,119.05,13.9925
2026-04-10 15:00:00+05:30,5.1775,104.825,10.0075
2026-04-10 16:00:00+05:30,6.1525,97.425,13.5525
2026-04-10 17:00:00+05:30,7.4375,88.975,18.905
2026-04-10 18:00:00+05:30,14.92,86.175,17.015
2026-04-10 19:00:00+05:30,60.205,119.475,17.69
2026-04-10 20:00:00+05:30,92.33,177.75,26.97
2026-04-10 21:00:00+05:30,78.575,357.0,55.019999999999996
2026-04-10 22:00:00+05:30,74.315,438.95,71.5775
2026-04-10 23:00:00+05:30,69.0,406.95,75.07
2026-04-11 01:00:00+05:30,49.64,276.3,89.23
2026-04-11 02:00:00+05:30,37.2875,242.47500000000002,89.325
2026-04-11 03:00:00+05:30,48.4525,195.85,87.4025
2026-04-11 04:00:00+05:30,42.74,156.26666666666668,75.60666666666667
2026-04-11 05:00:00+05:30,42.7175,132.55,65.88666666666667
2026-04-11 06:00:00+05:30,43.92,127.19999999999999,59.63
2026-04-11 07:00:00+05:30,39.016666666666666,156.43333333333334,54.47666666666667
2026-04-11 08:00:00+05:30,29.6675,198.275,51.77
2026-04-11 09:00:00+05:30,40.96333333333333,203.36666666666667,49.99666666666667
2026-04-11 10:00:00+05:30,48.7225,205.45,48.3875
2026-04-11 11:00:00+05:30,17.78,205.125,53.4625
2026-04-11 12:00:00+05:30,11.61,197.83333333333334,54.77
2026-04-11 13:00:00+05:30,10.136666666666668,179.46666666666667,53.49
2026-04-11 14:00:00+05:30,8.110000000000001,150.6,46.623333333333335
2026-04-11 15:00:00+05:30,7.33,139.6,40.735
2026-04-11 16:00:00+05:30,6.5,124.875,38.959999999999994
2026-04-11 17:00:00+05:30,6.3125,121.925,39.5
2026-04-11 18:00:00+05:30,8.813333333333333,134.63333333333335,37.766666666666666
2026-04-11 19:00:00+05:30,61.67999999999999,319.975,38.8275
2026-04-11 20:00:00+05:30,93.3325,398.675,50.235
2026-04-11 21:00:00+05:30,95.13666666666667,396.9666666666667,65.71333333333332
2026-04-11 22:00:00+05:30,37.22333333333333,364.23333333333335,73.22000000000001
2026-04-11 23:00:00+05:30,36.39,330.95000000000005,72.265
2026-04-12 00:00:00+05:30,26.1,191.1,67.47
2026-04-12 01:00:00+05:30,37.24,161.03333333333333,65.36999999999999
2026-04-12 02:00:00+05:30,39.96,152.8,55.8825
2026-04-12 03:00:00+05:30,30.936666666666667,160.73333333333335,57.99
2026-04-12 04:00:00+05:30,19.145,150.975,60.23
2026-04-12 05:00:00+05:30,18.605,122.2,50.66
2026-04-12 06:00:00+05:30,17.8625,120.7,42.2575
2026-04-12 07:00:00+05:30,15.635,145.45000000000002,42.2
2026-04-12 08:00:00+05:30,16.34,180.4,41.572500000000005
2026-04-12 09:00:00+05:30,14.4825,186.6,36.730000000000004
2026-04-12 10:00:00+05:30,9.45,179.05,37.835
2026-04-12 11:00:00+05:30,7.85,174.675,37.9525
2026-04-12 12:00:00+05:30,5.62,162.53333333333333,36.74333333333333
2026-04-12 13:00:00+05:30,5.385,149.025,36.7025
2026-04-12 14:00:00+05:30,4.6466666666666665,140.79999999999998,33.03666666666667
2026-04-12 15:00:00+05:30,5.373333333333334,131.26666666666665,28.646666666666665
2026-04-12 16:00:00+05:30,5.805,128.325,30.115
2026-04-12 17:00:00+05:30,7.475,130.475,33.7225
2026-04-12 18:00:00+05:30,14.41,140.5,33.14
2026-04-12 19:00:00+05:30,25.567500000000003,162.89999999999998,33.4325
2026-04-12 20:00:00+05:30,26.21,177.05,36.345
2026-04-12 21:00:00+05:30,26.9725,175.625,35.125
2026-04-12 22:00:00+05:30,28.34,169.7,30.9425
2026-04-12 23:00:00+05:30,30.78,169.4,30.695
2026-04-13 01:00:00+05:30,27.64,148.9,32.34
2026-04-13 02:00:00+05:30,26.932499999999997,135.95000000000002,28.855
2026-04-13 03:00:00+05:30,18.506666666666664,126.90000000000002,32.193333333333335
2026-04-13 04:00:00+05:30,27.15,125.8,33.7775
2026-04-13 05:00:00+05:30,20.075,126.625,33.5625
2026-04-13 06:00:00+05:30,24.0025,131.9,33.0875
2026-04-13 07:00:00+05:30,41.8825,167.075,38.855000000000004
2026-04-13 08:00:00+05:30,26.865,215.075,42.96
2026-04-13 09:00:00+05:30,21.8925,223.975,40.4775
2026-04-13 10:00:00+05:30,12.307500000000001,207.225,31.737499999999997
2026-04-13 11:00:00+05:30,8.706666666666667,176.0,26.183333333333334
2026-04-13 12:00:00+05:30,6.6575,156.375,28.445
2026-04-13 13:00:00+05:30,6.47,144.8,26.595
2026-04-13 14:00:00+05:30,6.595000000000001,130.8,17.82
2026-04-13 15:00:00+05:30,7.32,132.8,19.14
2026-04-13 16:00:00+05:30,5.675000000000001,145.9,26.77
2026-04-13 17:00:00+05:30,5.696666666666666,139.20000000000002,28.246666666666666
2026-04-13 18:00:00+05:30,14.425,134.8,30.182499999999997
2026-04-13 19:00:00+05:30,27.947499999999998,149.225,30.7575
2026-04-13 20:00:00+05:30,27.7875,171.0,36.3925
2026-04-13 21:00:00+05:30,36.475,175.60000000000002,40.3325
2026-04-13 22:00:00+05:30,17.015,169.525,39.6375
2026-04-13 23:00:00+05:30,9.754999999999999,164.85,38.584999999999994
2026-04-14 00:00:00+05:30,13.01,134.0,33.62
2026-04-14 01:00:00+05:30,10.473333333333334,131.79999999999998,33.99666666666666
2026-04-14 02:00:00+05:30,13.1525,122.325,32.72
2026-04-14 03:00:00+05:30,12.875,115.925,34.357499999999995
2026-04-14 04:00:00+05:30,13.875,112.4,33.515
2026-04-14 05:00:00+05:30,12.25,106.73333333333333,30.923333333333336
2026-04-14 06:00:00+05:30,16.365000000000002,104.025,27.747500000000002
2026-04-14 07:00:00+05:30,15.225,111.75,26.212500000000002
2026-04-14 08:00:00+05:30,10.866666666666667,118.63333333333333,23.45
2026-04-14 09:00:00+05:30,11.153333333333334,121.36666666666667,22.939999999999998
2026-04-14 10:00:00+05:30,9.925,120.19999999999999,22.85
2026-04-14 11:00:00+05:30,7.35,116.925,21.997500000000002
2026-04-14 12:00:00+05:30,6.01,116.5,22.1
2026-04-14 13:00:00+05:30,4.6325,10.35,1.965
2026-04-14 14:00:00+05:30,2.945,104.65,4.005
2026-04-14 15:00:00+05:30,4.3149999999999995,61.2,0.74
2026-04-14 16:00:00+05:30,5.125,133.3,5.74
2026-04-14 20:00:00+05:30,41.01,159.1,10.65
2026-04-14 21:00:00+05:30,24.956666666666667,224.4,24.763333333333332
2026-04-14 22:00:00+05:30,25.320000000000004,237.4,28.76
2026-04-14 23:00:00+05:30,23.29,192.14999999999998,33.58
2026-04-15 00:00:00+05:30,21.48,163.1,33.42
2026-04-15 01:00:00+05:30,16.735,146.95,34.47
2026-04-15 02:00:00+05:30,12.9875,164.925,31.085
2026-04-15 03:00:00+05:30,14.0175,163.725,33.595
2026-04-15 04:00:00+05:30,14.690000000000001,167.6,33.8
2026-04-15 05:00:00+05:30,16.473333333333333,166.76666666666665,34.766666666666666
2026-04-15 06:00:00+05:30,21.822499999999998,184.95000000000002,33.574999999999996
2026-04-15 07:00:00+05:30,21.4225,206.825,36.9975
2026-04-15 08:00:00+05:30,17.1325,227.05,34.1825
2026-04-15 09:00:00+05:30,14.2375,236.15,27.785
2026-04-15 10:00:00+05:30,11.5525,203.52499999999998,30.5425
2026-04-15 11:00:00+05:30,11.219999999999999,190.33333333333334,27.209999999999997
2026-04-15 12:00:00+05:30,10.7875,170.775,20.162499999999998
2026-04-15 13:00:00+05:30,4.723333333333334,157.26666666666668,18.28
2026-04-15 14:00:00+05:30,1.5675,156.5,43.545
2026-04-15 15:00:00+05:30,2.1025,131.5,43.115
2026-04-15 16:00:00+05:30,3.845,123.5,34.245
2026-04-15 17:00:00+05:30,6.466666666666666,119.66666666666667,33.163333333333334
2026-04-15 18:00:00+05:30,10.44,124.975,33.182500000000005
2026-04-15 19:00:00+05:30,34.475,303.825,34.2825
2026-04-15 20:00:00+05:30,20.4875,362.40000000000003,32.365
2026-04-15 21:00:00+05:30,13.66,281.575,37.0125
2026-04-15 22:00:00+05:30,15.2325,215.7,33.8675
2026-04-15 23:00:00+05:30,21.895,145.5,31.475
2026-04-16 00:00:00+05:30,21.35,99.1,22.97
2026-04-16 01:00:00+05:30,20.95,98.55000000000001,25.65
2026-04-16 04:00:00+05:30,13.58,85.6,19.88
2026-04-16 05:00:00+05:30,16.513333333333332,84.7,23.123333333333335
2026-04-16 06:00:00+05:30,25.215,108.8,29.4825
2026-04-16 07:00:00+05:30,14.3025,146.2,26.4425
2026-04-16 08:00:00+05:30,13.91,155.025,22.6675
2026-04-16 09:00:00+05:30,14.72,155.45,22.57
2026-04-16 10:00:00+05:30,13.675,154.625,28.985
2026-04-16 11:00:00+05:30,10.9775,145.07500000000002,39.13
2026-04-16 12:00:00+05:30,9.8875,148.1,45.7875
2026-04-16 13:00:00+05:30,8.333333333333334,141.73333333333332,49.79666666666666
2026-04-16 22:00:00+05:30,22.91,361.3,64.35
2026-04-16 23:00:00+05:30,22.42,140.4,56.02
2026-04-17 00:00:00+05:30,13.37,128.6,43.56
2026-04-17 01:00:00+05:30,13.685,96.325,50.505
2026-04-17 02:00:00+05:30,17.795,89.77499999999999,88.1425
2026-04-17 03:00:00+05:30,19.385,81.27499999999999,65.83
2026-04-17 04:00:00+05:30,23.41333333333333,87.66666666666667,48.04
2026-04-17 05:00:00+05:30,22.975,91.5,38.5775
2026-04-17 06:00:00+05:30,24.2175,127.275,37.7025
2026-04-17 07:00:00+05:30,20.4025,198.375,35.215
2026-04-17 08:00:00+05:30,17.4,243.65,27.465
2026-04-17 09:00:00+05:30,17.185000000000002,215.8,29.659999999999997
2026-04-17 10:00:00+05:30,11.9175,162.475,30.3425
2026-04-17 11:00:00+05:30,11.0475,137.5,28.732499999999998
2026-04-17 12:00:00+05:30,9.95,128.85,29.366666666666664
2026-04-17 13:00:00+05:30,7.67,128.775,25.677500000000002
2026-04-17 14:00:00+05:30,6.273333333333333,108.33333333333333,21.816666666666666
2026-04-17 15:00:00+05:30,4.640000000000001,96.93333333333334,23.263333333333332
2026-04-17 18:00:00+05:30,25.046666666666667,108.7,16.13
2026-04-17 19:00:00+05:30,51.166666666666664,129.63333333333333,21.05666666666667
2026-04-17 20:00:00+05:30,75.1375,195.125,37.2475
2026-04-17 21:00:00+05:30,68.70666666666666,256.06666666666666,58.24666666666666
2026-04-17 22:00:00+05:30,80.645,250.05,68.5575
2026-04-17 23:00:00+05:30,97.555,279.4,74.275
2026-04-18 01:00:00+05:30,19.05,230.2,73.65
2026-04-18 02:00:00+05:30,15.092500000000001,168.0,63.43
2026-04-18 03:00:00+05:30,13.206666666666665,126.3,57.47
2026-04-18 04:00:00+05:30,12.036666666666667,106.2,47.85999999999999
2026-04-18 05:00:00+05:30,11.870000000000001,94.125,41.2025
2026-04-18 06:00:00+05:30,13.725,86.325,41.3525
2026-04-18 07:00:00+05:30,16.7275,90.27499999999999,33.68
2026-04-18 08:00:00+05:30,14.77,106.30000000000001,24.3275
2026-04-18 09:00:00+05:30,13.6825,111.75,18.5925
2026-04-18 10:00:00+05:30,14.775,114.85,16.0825
2026-04-18 11:00:00+05:30,13.925,114.44999999999999,17.45
2026-04-18 12:00:00+05:30,9.465,108.6,17.48
2026-04-18 13:00:00+05:30,7.175,107.475,16.5825
2026-04-18 14:00:00+05:30,6.2725,102.95,16.755000000000003
2026-04-18 15:00:00+05:30,5.766666666666667,93.2,16.973333333333333
2026-04-18 17:00:00+05:30,7.733333333333333,74.9,9.03
2026-04-18 18:00:00+05:30,15.469999999999999,74.6,11.54
2026-04-18 19:00:00+05:30,65.91,87.9,13.45
2026-04-18 21:00:00+05:30,52.68,226.6,32.05
2026-04-18 22:00:00+05:30,58.66,226.66666666666666,31.169999999999998
2026-04-18 23:00:00+05:30,52.655,213.64999999999998,34.215
2026-04-19 01:00:00+05:30,15.47,146.8,25.8
2026-04-19 02:00:00+05:30,21.103333333333335,111.90000000000002,29.75
2026-04-19 03:00:00+05:30,16.656666666666666,114.03333333333335,28.46666666666667
2026-04-19 04:00:00+05:30,12.99,103.59999999999998,20.41
2026-04-19 05:00:00+05:30,11.770000000000001,106.96666666666665,23.493333333333336
2026-04-19 06:00:00+05:30,14.935,106.75,25.0075
2026-04-19 07:00:00+05:30,15.094999999999999,109.125,28.61
2026-04-19 08:00:00+05:30,13.285,130.675,26.1475
2026-04-19 09:00:00+05:30,11.955,127.95,22.0375
2026-04-19 10:00:00+05:30,10.246666666666666,124.0,21.223333333333333
2026-04-19 11:00:00+05:30,9.643333333333333,117.76666666666667,19.583333333333332
2026-04-19 12:00:00+05:30,7.3,112.03333333333335,35.583333333333336
2026-04-19 13:00:00+05:30,6.6625,104.6,38.97
2026-04-19 14:00:00+05:30,4.925,91.625,33.55
2026-04-19 15:00:00+05:30,4.58,90.0,27.744999999999997
2026-04-19 16:00:00+05:30,5.16,87.0,34.07
2026-04-19 17:00:00+05:30,5.62,85.575,38.3975
2026-04-19 18:00:00+05:30,11.3475,105.6,33.912499999999994
2026-04-19 19:00:00+05:30,25.7025,368.375,41.6675
2026-04-19 20:00:00+05:30,42.925,383.45000000000005,38.7375
2026-04-19 21:00:00+05:30,37.82333333333333,205.83333333333334,46.57333333333333
2026-04-19 22:00:00+05:30,28.122500000000002,137.475,43.015
2026-04-19 23:00:00+05:30,32.425,118.2,37.785
2026-04-20 00:00:00+05:30,51.39,139.6,36.84
2026-04-20 01:00:00+05:30,25.275,145.85,38.365
2026-04-20 02:00:00+05:30,16.8275,129.35,37.582499999999996
2026-04-20 03:00:00+05:30,27.013333333333335,121.06666666666666,38.943333333333335
2026-04-20 04:00:00+05:30,20.3975,110.8,35.395
2026-04-20 05:00:00+05:30,22.823333333333334,101.89999999999999,37.68333333333333
2026-04-20 06:00:00+05:30,27.0075,116.925,34.364999999999995
2026-04-20 07:00:00+05:30,19.426666666666666,151.33333333333334,36.56333333333333
2026-04-20 08:00:00+05:30,16.44666666666667,173.16666666666666,35.63333333333333
2026-04-20 09:00:00+05:30,15.02,174.7,34.96
2026-04-20 10:00:00+05:30,15.13,164.9333333333333,30.376666666666665
2026-04-20 13:00:00+05:30,8.5775,131.075,30.2625
2026-04-20 14:00:00+05:30,7.3775,121.3,25.2875
2026-04-20 15:00:00+05:30,6.795,116.8,23.69
2026-04-20 16:00:00+05:30,6.245,109.9,22.035
2026-04-20 17:00:00+05:30,7.19,97.4,18.83
2026-04-20 18:00:00+05:30,10.946666666666667,107.86666666666667,23.926666666666666
2026-04-20 19:00:00+05:30,38.4025,118.425,24.795
2026-04-20 20:00:00+05:30,89.595,144.425,29.515
2026-04-20 21:00:00+05:30,67.345,189.3,37.325
2026-04-20 22:00:00+05:30,18.0975,190.35,38.66
2026-04-20 23:00:00+05:30,16.91,154.65,34.655
2026-04-21 00:00:00+05:30,15.01,101.6,28.97
2026-04-21 01:00:00+05:30,16.68,88.8,25.23
2026-04-21 02:00:00+05:30,16.28,83.1,28.16
2026-04-21 03:00:00+05:30,18.9325,65.25,22.1125
2026-04-21 04:00:00+05:30,17.643333333333334,67.0,23.28
2026-04-21 05:00:00+05:30,17.9475,69.8,25.4225
2026-04-21 06:00:00+05:30,18.775,79.55000000000001,29.12
2026-04-21 07:00:00+05:30,21.822499999999998,83.175,27.825
2026-04-21 08:00:00+05:30,21.175,90.475,25.165
2026-04-21 09:00:00+05:30,17.28,107.60000000000001,18.86
2026-04-21 10:00:00+05:30,13.763333333333334,117.83333333333333,22.936666666666667
2026-04-21 11:00:00+05:30,9.75,115.92500000000001,21.9025
2026-04-21 12:00:00+05:30,7.4825,105.1,18.9075
2026-04-21 13:00:00+05:30,6.416666666666667,100.93333333333334,17.790000000000003
2026-04-21 14:00:00+05:30,5.343333333333334,103.7,19.44666666666667
2026-04-21 15:00:00+05:30,4.5675,95.75,18.1375
2026-04-21 16:00:00+05:30,4.5275,82.5,14.0025
2026-04-21 17:00:00+05:30,5.896666666666667,82.89999999999999,13.49
2026-04-21 18:00:00+05:30,12.1675,100.775,17.1175
2026-04-21 19:00:00+05:30,17.405,163.5,23.1075
2026-04-21 20:00:00+05:30,23.27,158.475,23.355
2026-04-21 21:00:00+05:30,24.65,146.7,22.57
2026-04-21 22:00:00+05:30,24.3325,152.875,27.7075
2026-04-21 23:00:00+05:30,35.825,147.95,23.715
2026-04-22 00:00:00+05:30,16.24,132.0,20.45
2026-04-22 01:00:00+05:30,12.8425,116.275,22.56
2026-04-22 02:00:00+05:30,10.0175,107.5,21.2325
2026-04-22 03:00:00+05:30,12.11,96.0,21.30333333333333
2026-04-22 04:00:00+05:30,13.15,84.4,22.27
2026-04-22 05:00:00+05:30,16.064999999999998,83.9,21.95
2026-04-22 06:00:00+05:30,24.1,97.8,25.13
2026-04-22 07:00:00+05:30,28.427500000000002,97.3,26.165
2026-04-22 08:00:00+05:30,25.814999999999998,107.475,20.560000000000002
2026-04-22 09:00:00+05:30,25.703333333333333,108.23333333333333,22.406666666666666
2026-04-22 10:00:00+05:30,15.307500000000001,149.9,25.1375
2026-04-22 11:00:00+05:30,9.4725,150.6,33.8925
2026-04-22 12:00:00+05:30,7.5175,123.375,27.65
2026-04-22 13:00:00+05:30,6.739999999999999,108.60000000000001,24.439999999999998
2026-04-22 14:00:00+05:30,6.6025,100.60000000000001,27.427500000000002
2026-04-22 15:00:00+05:30,6.136666666666667,108.60000000000001,27.75
2026-04-22 16:00:00+05:30,6.115,105.0,27.4575
2026-04-22 17:00:00+05:30,6.953333333333333,104.83333333333333,29.49
2026-04-22 18:00:00+05:30,9.6425,97.625,31.23
2026-04-22 19:00:00+05:30,42.4225,130.125,38.43
2026-04-22 20:00:00+05:30,63.18000000000001,174.1,46.93
2026-04-22 21:00:00+05:30,61.05,185.975,50.997499999999995
2026-04-22 22:00:00+05:30,33.199999999999996,197.65,58.6575
2026-04-22 23:00:00+05:30,20.88,179.1,55.49
2026-04-23 00:00:00+05:30,11.98,151.7,40.42
2026-04-23 01:00:00+05:30,10.766666666666666,126.56666666666666,38.63666666666666
2026-04-23 02:00:00+05:30,14.2975,107.4,29.0325
2026-04-23 03:00:00+05:30,26.395,95.35,24.085
2026-04-23 04:00:00+05:30,15.35,99.2,20.55666666666667
2026-04-23 05:00:00+05:30,10.925,95.375,24.1075
2026-04-23 06:00:00+05:30,12.6625,96.225,26.275000000000002
2026-04-23 07:00:00+05:30,15.025,97.05,21.6725
2026-04-23 08:00:00+05:30,12.8475,108.17500000000001,20.625
2026-04-23 09:00:00+05:30,13.920000000000002,103.9,16.807499999999997
2026-04-23 11:00:00+05:30,8.0875,105.625,19.505
2026-04-23 12:00:00+05:30,7.343333333333334,99.40000000000002,25.66
2026-04-23 13:00:00+05:30,7.1066666666666665,98.89999999999999,27.106666666666666
2026-04-23 14:00:00+05:30,5.54,97.1,28.97
2026-04-23 15:00:00+05:30,5.575,139.775,24.415
2026-04-23 16:00:00+05:30,5.98,144.575,17.8775
2026-04-23 17:00:00+05:30,6.859999999999999,130.825,19.46
2026-04-23 18:00:00+05:30,13.2825,128.52499999999998,22.8575
2026-04-23 19:00:00+05:30,45.02,132.23333333333332,22.676666666666666
2026-04-23 20:00:00+05:30,54.18,158.5,19.76
2026-04-23 21:00:00+05:30,51.7,164.775,22.885
2026-04-23 22:00:00+05:30,24.855,169.5,31.735
2026-04-23 23:00:00+05:30,21.975,163.10000000000002,29.700000000000003
2026-04-24 01:00:00+05:30,20.84,129.9,23.42
2026-04-24 02:00:00+05:30,19.636666666666667,119.86666666666667,23.626666666666665
2026-04-24 03:00:00+05:30,20.123333333333335,115.63333333333333,29.206666666666667
2026-04-24 04:00:00+05:30,19.69666666666667,113.90000000000002,29.38
2026-04-24 05:00:00+05:30,16.067500000000003,107.94999999999999,24.39
2026-04-24 06:00:00+05:30,21.2,111.325,31.195
2026-04-24 07:00:00+05:30,16.4225,116.825,32.160000000000004
2026-04-24 08:00:00+05:30,13.557500000000001,127.375,28.515
2026-04-24 09:00:00+05:30,11.233333333333334,126.96666666666665,21.55333333333333
2026-04-24 10:00:00+05:30,10.825000000000001,130.9,22.06
2026-04-24 11:00:00+05:30,8.596666666666666,127.90000000000002,25.676666666666666
2026-04-24 12:00:00+05:30,7.48,119.97500000000001,21.03
2026-04-24 13:00:00+05:30,6.67,117.675,20.015
2026-04-24 14:00:00+05:30,6.256666666666667,116.63333333333333,20.843333333333334
2026-04-24 15:00:00+05:30,5.04,118.625,22.697499999999998
2026-04-24 16:00:00+05:30,5.0675,112.625,20.9475
2026-04-24 17:00:00+05:30,7.4775,103.375,21.447499999999998
2026-04-24 18:00:00+05:30,14.04,110.1,22.9975
2026-04-24 19:00:00+05:30,27.043333333333333,180.80000000000004,28.38
2026-04-24 20:00:00+05:30,24.925,179.85,25.545
2026-04-24 21:00:00+05:30,26.5275,201.275,30.0625
2026-04-24 22:00:00+05:30,23.405,184.275,27.8925
2026-04-24 23:00:00+05:30,20.255,160.45,26.875
2026-04-25 01:00:00+05:30,12.12,126.4,19.68
2026-04-25 02:00:00+05:30,13.61,124.075,26.4225
2026-04-25 03:00:00+05:30,14.3775,108.97500000000001,25.27
2026-04-25 04:00:00+05:30,22.036666666666665,109.10000000000001,19.643333333333334
2026-04-25 05:00:00+05:30,20.405,108.55,20.185
2026-04-25 06:00:00+05:30,20.935,104.4,22.732499999999998
2026-04-25 07:00:00+05:30,16.4375,125.975,28.365
2026-04-25 08:00:00+05:30,12.565,189.225,30.715
2026-04-25 09:00:00+05:30,16.3775,184.7,27.6875
2026-04-25 10:00:00+05:30,16.94,175.76666666666665,27.11
2026-04-25 11:00:00+05:30,12.1,178.375,31.2975
2026-04-25 12:00:00+05:30,9.91,172.4,27.19666666666667
2026-04-25 13:00:00+05:30,7.36,160.57500000000002,30.215
2026-04-25 14:00:00+05:30,6.324999999999999,152.925,32.015
2026-04-25 15:00:00+05:30,6.0600000000000005,133.45,31.895
2026-04-25 16:00:00+05:30,5.89,121.475,26.634999999999998
2026-04-25 17:00:00+05:30,6.5975,110.77499999999999,29.8875
2026-04-25 18:00:00+05:30,12.59,112.3,31.58
2026-04-25 19:00:00+05:30,68.91,115.925,29.215
2026-04-25 20:00:00+05:30,110.9825,167.425,31.232499999999998
2026-04-25 21:00:00+05:30,105.3775,234.975,37.487500000000004
2026-04-25 22:00:00+05:30,53.49250000000001,242.25,55.765
2026-04-25 23:00:00+05:30,30.869999999999997,231.85,54.46
2026-04-26 01:00:00+05:30,23.41,153.3,39.75
2026-04-26 02:00:00+05:30,20.86,143.63333333333333,40.48
2026-04-26 03:00:00+05:30,16.113333333333333,136.79999999999998,37.13666666666666
2026-04-26 04:00:00+05:30,21.1375,137.45,29.3475
2026-04-26 05:00:00+05:30,18.153333333333332,134.4333333333333,30.08666666666667
2026-04-26 06:00:00+05:30,15.030000000000001,128.85,31.972499999999997
2026-04-26 07:00:00+05:30,14.6,128.92499999999998,33.2175
2026-04-26 08:00:00+05:30,14.2775,135.05,32.0475
2026-04-26 09:00:00+05:30,12.426666666666668,139.1,26.106666666666666
2026-04-26 10:00:00+05:30,10.235,138.875,27.482499999999998
2026-04-26 11:00:00+05:30,8.78,119.36666666666667,25.64
2026-04-26 12:00:00+05:30,7.109999999999999,107.36666666666667,26.036666666666665
2026-04-26 13:00:00+05:30,6.0375,105.35,20.107499999999998
2026-04-26 14:00:00+05:30,4.695,103.85,18.0075
2026-04-26 15:00:00+05:30,4.46,95.875,19.6175
2026-04-26 16:00:00+05:30,4.1225000000000005,91.575,15.73
2026-04-26 17:00:00+05:30,5.835,106.8,18.8075
2026-04-26 18:00:00+05:30,11.4725,99.22500000000001,19.8575
2026-04-26 19:00:00+05:30,23.566666666666666,127.56666666666666,21.97
2026-04-26 20:00:00+05:30,38.235,137.1,22.7525
2026-04-26 21:00:00+05:30,29.675,130.27499999999998,24.6875
2026-04-26 22:00:00+05:30,22.6775,128.7,26.5875
2026-04-26 23:00:00+05:30,22.51,121.9,24.51
2026-04-27 00:00:00+05:30,24.47,123.7,17.61
2026-04-27 01:00:00+05:30,23.613333333333333,120.76666666666667,21.51
2026-04-27 02:00:00+05:30,17.0775,117.675,30.1025
2026-04-27 03:00:00+05:30,24.4375,116.4,28.682499999999997
2026-04-27 04:00:00+05:30,27.5825,119.8,26.5025
2026-04-27 05:00:00+05:30,24.2275,120.375,29.05
2026-04-27 06:00:00+05:30,15.2625,124.475,28.835
2026-04-27 07:00:00+05:30,14.7625,127.825,29.9025
2026-04-27 08:00:00+05:30,12.8625,125.275,25.7975
2026-04-27 09:00:00+05:30,12.315,134.925,24.189999999999998
2026-04-27 10:00:00+05:30,10.756666666666666,134.76666666666668,26.0
2026-04-27 11:00:00+05:30,8.682500000000001,140.7,30.62
2026-04-27 12:00:00+05:30,7.265,140.95,32.4875
2026-04-27 13:00:00+05:30,5.276666666666666,123.13333333333333,28.2
2026-04-27 14:00:00+05:30,4.7925,111.275,27.7375
2026-04-27 15:00:00+05:30,4.533333333333333,120.13333333333333,24.886666666666667
2026-04-27 16:00:00+05:30,5.12,134.0,22.06
2026-04-27 17:00:00+05:30,5.723333333333334,122.09999999999998,21.02
2026-04-27 18:00:00+05:30,8.3125,115.025,25.2975
2026-04-27 19:00:00+05:30,12.75,132.4,21.2475
2026-04-27 20:00:00+05:30,22.7475,141.35,17.33
2026-04-27 21:00:00+05:30,17.5225,164.55,27.16
2026-04-27 22:00:00+05:30,19.746666666666666,165.73333333333332,29.22
2026-04-27 23:00:00+05:30,15.5,163.4,31.48
2026-04-28 00:00:00+05:30,18.79,165.7,29.7
2026-04-28 01:00:00+05:30,13.163333333333334,147.20000000000002,27.540000000000003
2026-04-28 02:00:00+05:30,11.959999999999999,133.73333333333335,31.363333333333333
2026-04-28 03:00:00+05:30,13.0775,119.25,31.0325
2026-04-28 04:00:00+05:30,15.506666666666666,103.10000000000001,25.36
2026-04-28 05:00:00+05:30,19.7725,93.1,23.5025
2026-04-28 06:00:00+05:30,18.145,94.625,24.72
2026-04-28 07:00:00+05:30,17.625,97.55,28.3125
2026-04-28 08:00:00+05:30,16.335,98.575,22.802500000000002
2026-04-28 09:00:00+05:30,16.400000000000002,104.36666666666667,16.55666666666667
2026-04-28 10:00:00+05:30,17.572499999999998,107.125,18.002499999999998
2026-04-28 11:00:00+05:30,14.317499999999999,101.125,24.1325
2026-04-28 12:00:00+05:30,10.969999999999999,108.6,19.5525
2026-04-28 13:00:00+05:30,9.1875,115.225,21.285
2026-04-28 14:00:00+05:30,6.746666666666666,107.60000000000001,19.673333333333332
2026-04-28 15:00:00+05:30,4.985,120.15,20.37
2026-04-28 16:00:00+05:30,4.970000000000001,135.65,22.9425
2026-04-28 17:00:00+05:30,5.363333333333333,138.86666666666667,25.513333333333332
2026-04-28 18:00:00+05:30,10.09,143.075,19.9225
2026-04-28 19:00:00+05:30,18.195,174.27499999999998,26.1275
2026-04-28 20:00:00+05:30,22.77,182.275,30.4875
2026-04-28 21:00:00+05:30,23.1725,182.8,32.8
2026-04-28 22:00:00+05:30,21.175,178.075,32.5275
2026-04-28 23:00:00+05:30,16.84,159.14999999999998,29.475
2026-04-29 01:00:00+05:30,11.65,102.9,21.23
2026-04-29 02:00:00+05:30,13.247499999999999,92.85000000000001,20.107499999999998
2026-04-29 03:00:00+05:30,14.663333333333334,84.73333333333333,20.116666666666664
2026-04-29 04:00:00+05:30,13.333333333333334,79.53333333333335,19.453333333333333
2026-04-29 05:00:00+05:30,11.74,72.94999999999999,20.810000000000002
2026-04-29 06:00:00+05:30,16.29,72.075,18.512500000000003
2026-04-29 07:00:00+05:30,19.343333333333334,98.0,16.81
2026-04-29 08:00:00+05:30,16.3625,101.775,17.1075
2026-04-29 09:00:00+05:30,14.783333333333333,106.16666666666667,18.689999999999998
2026-04-29 10:00:00+05:30,11.34,112.7,17.82
2026-04-29 11:00:00+05:30,8.775,111.92500000000001,16.9825
2026-04-29 12:00:00+05:30,7.154999999999999,109.55,13.2075
2026-04-29 13:00:00+05:30,6.29,128.125,10.095
2026-04-29 14:00:00+05:30,5.8925,121.25,27.355
2026-04-29 15:00:00+05:30,4.836666666666667,111.33333333333333,42.38666666666666
2026-04-29 16:00:00+05:30,4.87,112.175,35.7475
2026-04-29 17:00:00+05:30,6.2775,117.825,30.509999999999998
2026-04-29 18:00:00+05:30,9.6025,141.32500000000002,37.1725
2026-04-29 19:00:00+05:30,14.184999999999999,198.825,55.925000000000004
2026-04-29 20:00:00+05:30,14.08,211.05,65.8175
2026-04-29 21:00:00+05:30,14.157499999999999,189.15,74.05499999999999
2026-04-29 22:00:00+05:30,12.9825,160.125,68.655
2026-04-29 23:00:00+05:30,13.91,137.75,63.89
2026-04-30 00:00:00+05:30,11.51,93.6,45.12
2026-04-30 01:00:00+05:30,12.475,90.15,35.535
2026-04-30 02:00:00+05:30,10.715,84.65,37.955
2026-04-30 03:00:00+05:30,10.26,88.725,29.705
2026-04-30 04:00:00+05:30,13.886666666666665,91.2,22.23
2026-04-30 05:00:00+05:30,14.773333333333333,93.8,26.27
2026-04-30 06:00:00+05:30,15.337499999999999,89.7,43.1875
2026-04-30 07:00:00+05:30,15.066666666666668,95.5,44.49333333333333
2026-04-30 08:00:00+05:30,11.0875,108.5,37.39
2026-04-30 09:00:00+05:30,13.76,102.35,34.39
2026-04-30 10:00:00+05:30,13.833333333333334,104.10000000000001,37.52
2026-04-30 11:00:00+05:30,11.715,107.7,48.91
2026-04-30 12:00:00+05:30,8.83,109.05000000000001,46.2825
2026-04-30 13:00:00+05:30,7.87,111.57499999999999,45.875
2026-04-30 14:00:00+05:30,6.756666666666667,117.93333333333334,40.153333333333336
2026-04-30 15:00:00+05:30,6.686666666666667,126.26666666666667,36.20333333333333
2026-04-30 16:00:00+05:30,7.362500000000001,134.85,35.7375
2026-04-30 17:00:00+05:30,9.453333333333333,149.66666666666666,47.02333333333333
2026-04-30 18:00:00+05:30,16.322499999999998,160.1,59.315
2026-04-30 19:00:00+05:30,17.42,179.4,67.515
2026-04-30 20:00:00+05:30,13.0775,186.85,65.0275
2026-04-30 21:00:00+05:30,10.98,170.02499999999998,54.9725
2026-04-30 22:00:00+05:30,22.12,144.33333333333334,62.666666666666664
2026-04-30 23:00:00+05:30,33.01,132.35,56.905
2026-05-01 00:00:00+05:30,34.0,120.1,41.02
2026-05-01 01:00:00+05:30,32.42666666666667,124.06666666666666,49.699999999999996
2026-05-01 02:00:00+05:30,27.4325,108.32499999999999,52.7525
2026-05-01 03:00:00+05:30,21.506666666666664,107.33333333333333,49.91
2026-05-01 04:00:00+05:30,13.273333333333333,98.86666666666667,38.656666666666666
2026-05-01 05:00:00+05:30,12.1,89.775,42.4825
2026-05-01 06:00:00+05:30,14.125,82.14999999999999,43.5575
2026-05-01 07:00:00+05:30,11.1425,76.42500000000001,46.379999999999995
2026-05-01 08:00:00+05:30,11.66,76.425,36.1775
2026-05-01 09:00:00+05:30,10.223333333333334,81.43333333333332,33.26333333333333
2026-05-01 10:00:00+05:30,9.322500000000002,78.69999999999999,35.3875
2026-05-01 11:00:00+05:30,8.532499999999999,82.02499999999999,33.0625
2026-05-01 12:00:00+05:30,8.2375,83.175,25.2225
2026-05-01 13:00:00+05:30,7.205,81.275,18.075
2026-05-01 14:00:00+05:30,6.1499999999999995,83.66666666666667,20.790000000000003
2026-05-01 15:00:00+05:30,5.8066666666666675,84.39999999999999,26.810000000000002
2026-05-01 16:00:00+05:30,5.9174999999999995,91.925,26.7725
2026-05-01 17:00:00+05:30,9.2675,103.92500000000001,25.767500000000002
2026-05-01 18:00:00+05:30,10.6725,310.475,46.4675
2026-05-01 19:00:00+05:30,13.975,325.35,71.1825
2026-05-01 20:00:00+05:30,15.995,237.075,71.8425
2026-05-01 21:00:00+05:30,15.682500000000001,164.6,73.905
2026-05-01 22:00:00+05:30,13.9175,107.275,72.28
2026-05-01 23:00:00+05:30,15.82,92.65,61.065
2026-05-02 01:00:00+05:30,26.7125,93.9,48.957499999999996
2026-05-02 02:00:00+05:30,25.63,101.575,49.595
2026-05-02 03:00:00+05:30,16.125,99.9,55.49
2026-05-02 04:00:00+05:30,8.736666666666666,88.36666666666667,47.17666666666667
2026-05-02 05:00:00+05:30,9.42,79.025,35.754999999999995
2026-05-02 06:00:00+05:30,9.445,77.825,35.057500000000005
2026-05-02 07:00:00+05:30,8.583333333333334,75.76666666666667,34.949999999999996
2026-05-02 08:00:00+05:30,10.82,81.89999999999999,22.2175
2026-05-02 09:00:00+05:30,20.633333333333333,76.7,19.763333333333332
2026-05-02 10:00:00+05:30,27.925,83.1,21.86
2026-05-02 11:00:00+05:30,32.8,88.9,23.08
2026-05-02 12:00:00+05:30,9.283333333333333,104.83333333333333,16.683333333333334
2026-05-02 13:00:00+05:30,7.716666666666666,112.73333333333333,19.66
2026-05-02 14:00:00+05:30,6.12,119.83333333333333,24.66
2026-05-02 15:00:00+05:30,6.1825,124.8,23.9225
2026-05-02 16:00:00+05:30,11.795,138.3,25.25
2026-05-02 23:00:00+05:30,14.44,127.1,45.13
2026-05-03 01:00:00+05:30,30.985,110.2,31.28
2026-05-03 02:00:00+05:30,11.355,98.0,25.0
2026-05-03 03:00:00+05:30,11.962499999999999,91.7,22.3725
2026-05-03 04:00:00+05:30,15.4575,93.02499999999999,18.082500000000003
2026-05-03 05:00:00+05:30,14.504999999999999,92.075,20.7625
2026-05-03 06:00:00+05:30,11.7,88.65,33.205
2026-05-03 07:00:00+05:30,9.8375,93.85,32.7425
2026-05-03 08:00:00+05:30,10.006666666666666,94.40000000000002,23.12
2026-05-03 09:00:00+05:30,9.495000000000001,90.94999999999999,20.502499999999998
2026-05-03 10:00:00+05:30,9.1175,105.45,19.61
2026-05-03 11:00:00+05:30,9.37,104.63333333333333,21.77333333333333
2026-05-03 12:00:00+05:30,9.200000000000001,109.93333333333334,20.526666666666667
2026-05-03 13:00:00+05:30,7.79,114.0,20.6
2026-05-03 14:00:00+05:30,6.675,115.0,26.0975
2026-05-03 15:00:00+05:30,5.52,118.525,26.8375
2026-05-03 16:00:00+05:30,8.3275,124.2,27.33
2026-05-03 17:00:00+05:30,10.5125,162.9,33.69
2026-05-03 18:00:00+05:30,11.56,177.725,62.002500000000005
2026-05-03 19:00:00+05:30,12.094999999999999,203.5,64.03
2026-05-03 20:00:00+05:30,13.3225,189.125,54.9025
2026-05-03 21:00:00+05:30,12.745000000000001,148.7,47.847500000000004
2026-05-03 22:00:00+05:30,13.68,127.46666666666665,45.74
2026-05-03 23:00:00+05:30,17.2,115.3,45.18000000000001
2026-05-04 00:00:00+05:30,10.81,98.5,38.23
2026-05-04 01:00:00+05:30,10.254999999999999,99.5,32.13
2026-05-04 02:00:00+05:30,20.12333333333333,91.40000000000002,33.35
2026-05-04 03:00:00+05:30,16.685,95.0,31.6
2026-05-04 04:00:00+05:30,24.322499999999998,102.475,28.095
2026-05-04 05:00:00+05:30,12.7875,104.575,29.555
2026-05-04 06:00:00+05:30,9.31,98.75,36.2575
2026-05-04 07:00:00+05:30,8.86,95.90000000000002,32.88
2026-05-04 08:00:00+05:30,7.96,104.5,27.96
2026-05-04 09:00:00+05:30,8.46,112.15,20.3025
2026-05-04 10:00:00+05:30,9.785,117.19999999999999,31.1725
2026-05-04 11:00:00+05:30,10.020000000000001,123.39999999999999,33.086666666666666
2026-05-04 12:00:00+05:30,9.42,135.975,43.4675
2026-05-04 13:00:00+05:30,7.8675,144.225,47.54
2026-05-04 14:00:00+05:30,6.153333333333333,152.1,46.416666666666664
2026-05-04 15:00:00+05:30,6.109999999999999,150.775,45.4075
2026-05-04 16:00:00+05:30,7.68,146.025,45.4025
2026-05-04 17:00:00+05:30,8.095,142.375,54.225
2026-05-04 18:00:00+05:30,12.065000000000001,144.675,49.5275
2026-05-04 19:00:00+05:30,12.026666666666666,181.69999999999996,53.71
2026-05-04 20:00:00+05:30,13.1275,180.35,49.1175
2026-05-04 21:00:00+05:30,15.12,162.0,42.026666666666664
2026-05-04 22:00:00+05:30,11.085,140.60000000000002,46.44
2026-05-04 23:00:00+05:30,12.155,116.15,41.525000000000006
2026-05-05 00:00:00+05:30,12.16,89.8,26.62
2026-05-05 01:00:00+05:30,11.836666666666668,86.7,30.60666666666667
2026-05-05 02:00:00+05:30,13.567499999999999,83.025,32.1275
2026-05-05 03:00:00+05:30,18.99,76.7,30.42
2026-05-05 04:00:00+05:30,12.443333333333333,71.06666666666666,24.366666666666664
2026-05-05 05:00:00+05:30,8.805,70.44999999999999,19.049999999999997
2026-05-05 06:00:00+05:30,14.9875,70.5,18.4675
2026-05-05 07:00:00+05:30,17.349999999999998,72.33333333333333,25.52333333333333
2026-05-05 08:00:00+05:30,15.716666666666667,86.5,22.183333333333337
2026-05-05 09:00:00+05:30,11.11,88.42500000000001,18.6825
2026-05-05 10:00:00+05:30,16.3875,95.30000000000001,23.5925
2026-05-05 11:00:00+05:30,13.706666666666665,99.53333333333335,28.75666666666667
2026-05-05 12:00:00+05:30,11.865,116.625,35.057500000000005
2026-05-05 13:00:00+05:30,10.655000000000001,118.16666666666667,33.395
2026-05-05 14:00:00+05:30,7.706666666666666,123.93333333333334,38.49
2026-05-05 15:00:00+05:30,6.72,121.53333333333335,36.11333333333334
2026-05-05 16:00:00+05:30,6.616666666666667,120.83333333333333,28.350000000000005
2026-05-05 17:00:00+05:30,6.495,124.05000000000001,35.195
2026-05-06 11:00:00+05:30,21.26,139.8,58.29
2026-05-06 12:00:00+05:30,14.375,130.65,44.73
2026-05-06 13:00:00+05:30,10.4725,139.97500000000002,44.567499999999995
2026-05-06 14:00:00+05:30,9.03,141.76666666666668,42.68
2026-05-06 15:00:00+05:30,6.7475000000000005,135.475,49.8475
2026-05-06 16:00:00+05:30,6.4799999999999995,131.86666666666667,54.836666666666666
2026-05-06 17:00:00+05:30,7.3825,135.825,57.295
2026-05-06 18:00:00+05:30,11.9375,144.77499999999998,54.11
2026-05-06 19:00:00+05:30,22.78,180.0,60.05
2026-05-07 01:00:00+05:30,20.79,217.1,82.16
2026-05-07 02:00:00+05:30,19.1675,185.875,72.495
2026-05-07 03:00:00+05:30,23.743333333333336,167.23333333333335,67.88
2026-05-07 04:00:00+05:30,24.490000000000002,157.45,61.25
2026-05-07 05:00:00+05:30,26.775,150.9,59.8
2026-05-07 06:00:00+05:30,27.9,145.60000000000002,56.06
2026-05-07 07:00:00+05:30,26.2175,154.25,59.3625
2026-05-07 08:00:00+05:30,17.497500000000002,165.275,59.855
2026-05-07 09:00:00+05:30,13.8875,165.05,61.84
2026-05-07 10:00:00+05:30,11.18,153.6,53.620000000000005
2026-05-07 11:00:00+05:30,9.7225,150.275,48.26
2026-05-07 12:00:00+05:30,8.77,147.6,53.58
2026-05-07 13:00:00+05:30,6.4799999999999995,144.73333333333332,45.620000000000005
2026-05-07 14:00:00+05:30,5.1975,133.025,38.7975
2026-05-07 15:00:00+05:30,4.57,125.89999999999999,40.79
2026-05-07 16:00:00+05:30,5.98,123.5,42.51
2026-05-07 17:00:00+05:30,5.88,123.40000000000002,31.006666666666664
2026-05-08 00:00:00+05:30,16.17,189.9,43.83
2026-05-08 01:00:00+05:30,18.936666666666667,166.70000000000002,34.20333333333333
2026-05-08 02:00:00+05:30,19.165,149.575,38.315
2026-05-08 03:00:00+05:30,21.12333333333333,127.86666666666667,35.38666666666666
2026-05-08 04:00:00+05:30,23.14,118.56666666666666,26.643333333333334
2026-05-08 05:00:00+05:30,19.123333333333335,109.7,26.179999999999996
2026-05-08 06:00:00+05:30,18.755,110.1,27.095
2026-05-08 07:00:00+05:30,18.32,111.83333333333333,27.91
2026-05-08 08:00:00+05:30,15.2075,133.425,21.8425
2026-05-08 09:00:00+05:30,11.105,136.4,17.52
2026-05-08 10:00:00+05:30,8.9125,124.55,19.6125
2026-05-08 11:00:00+05:30,7.5525,108.775,18.34
2026-05-08 12:00:00+05:30,7.4,8.725,1.21
2026-05-08 13:00:00+05:30,6.085,76.425,10.8575
2026-05-08 14:00:00+05:30,6.78,76.375,10.9275
2026-05-08 15:00:00+05:30,4.797499999999999,86.975,14.377500000000001
2026-05-08 16:00:00+05:30,5.467499999999999,86.5,19.7275
2026-05-08 17:00:00+05:30,5.615,89.625,16.185
2026-05-08 18:00:00+05:30,12.280000000000001,91.56666666666666,14.523333333333333
2026-05-08 19:00:00+05:30,59.457499999999996,143.6,19.865000000000002
2026-05-08 20:00:00+05:30,102.9025,207.5,26.79
2026-05-08 21:00:00+05:30,97.54333333333334,252.53333333333333,35.666666666666664
2026-05-08 22:00:00+05:30,65.66499999999999,263.525,52.487500000000004
2026-05-08 23:00:00+05:30,56.065,251.9,48.02
2026-05-09 00:00:00+05:30,15.79,194.5,45.32
2026-05-09 01:00:00+05:30,17.432499999999997,163.02499999999998,37.7175
2026-05-09 02:00:00+05:30,19.119999999999997,148.5,34.542500000000004
2026-05-09 03:00:00+05:30,22.7225,134.425,35.495
2026-05-09 04:00:00+05:30,25.430000000000003,113.2,29.013333333333332
2026-05-09 05:00:00+05:30,22.325,102.35000000000001,21.59
2026-05-09 06:00:00+05:30,23.11,101.90000000000002,22.7
2026-05-09 07:00:00+05:30,15.106666666666667,107.06666666666666,29.393333333333334
2026-05-09 08:00:00+05:30,12.956666666666669,114.73333333333335,28.84
2026-05-09 09:00:00+05:30,16.6425,110.6,26.2375
2026-05-09 10:00:00+05:30,13.1675,128.64999999999998,23.655
2026-05-09 11:00:00+05:30,28.7,124.4,21.79
2026-05-09 12:00:00+05:30,56.75666666666667,133.5,31.040000000000003
2026-05-09 13:00:00+05:30,142.36666666666667,128.4333333333333,25.86
2026-05-09 14:00:00+05:30,200.81,101.125,27.887500000000003
2026-05-09 15:00:00+05:30,245.0775,114.175,20.262500000000003
2026-05-09 16:00:00+05:30,343.19000000000005,117.03333333333335,20.103333333333335
2026-05-09 17:00:00+05:30,282.41499999999996,111.45,16.06
2026-05-09 18:00:00+05:30,231.14499999999998,98.45,16.892500000000002
2026-05-09 19:00:00+05:30,35.56,123.0,18.52
2026-05-09 20:00:00+05:30,35.416666666666664,163.9,37.233333333333334
2026-05-09 21:00:00+05:30,35.8475,192.75,37.3375
2026-05-09 22:00:00+05:30,47.935,160.45,38.0925
2026-05-09 23:00:00+05:30,62.83,160.1,48.39
2026-05-10 00:00:00+05:30,20.28,168.5,58.58
2026-05-10 01:00:00+05:30,16.982499999999998,154.775,56.2525
2026-05-10 02:00:00+05:30,16.825,121.975,45.82
2026-05-10 03:00:00+05:30,17.4625,114.55,45.82
2026-05-10 04:00:00+05:30,9.856666666666667,104.23333333333333,47.71
2026-05-10 05:00:00+05:30,8.9825,88.725,36.175
2026-05-10 06:00:00+05:30,9.685,93.25,36.5175
2026-05-10 07:00:00+05:30,9.49,100.56666666666666,31.51
2026-05-10 08:00:00+05:30,8.7925,122.35,36.345
2026-05-10 09:00:00+05:30,10.6325,123.92500000000001,30.985
2026-05-10 10:00:00+05:30,9.93,120.65,27.759999999999998
2026-05-10 11:00:00+05:30,7.9425,122.55,25.775
2026-05-10 12:00:00+05:30,6.946666666666666,114.33333333333333,34.27
2026-05-10 13:00:00+05:30,6.359999999999999,108.2,35.08
2026-05-10 14:00:00+05:30,5.760000000000001,103.5,35.04
2026-05-10 15:00:00+05:30,5.073333333333333,99.0,30.25
2026-05-10 16:00:00+05:30,5.295,94.8,32.85
2026-05-10 17:00:00+05:30,6.2524999999999995,87.75,29.2625
2026-05-10 18:00:00+05:30,10.97,83.5,27.0
2026-05-10 19:00:00+05:30,46.61000000000001,100.5,32.0
2026-05-10 20:00:00+05:30,76.55499999999999,128.64999999999998,46.0725
2026-05-10 21:00:00+05:30,36.76666666666667,174.73333333333335,52.843333333333334
2026-05-10 22:00:00+05:30,19.9525,176.47500000000002,49.7325
2026-05-10 23:00:00+05:30,17.435000000000002,166.2,56.2
2026-05-11 00:00:00+05:30,11.79,135.6,44.78
2026-05-11 01:00:00+05:30,13.805,128.325,41.9
2026-05-11 02:00:00+05:30,12.344999999999999,129.175,41.4725
2026-05-11 03:00:00+05:30,12.776666666666666,122.60000000000001,41.88666666666666
2026-05-11 04:00:00+05:30,14.17,119.375,40.415
2026-05-11 05:00:00+05:30,17.485,99.125,32.2425
2026-05-11 06:00:00+05:30,18.4725,106.025,35.15
2026-05-11 07:00:00+05:30,16.655,103.25,45.965
2026-05-11 08:00:00+05:30,13.13,104.93333333333332,44.06333333333333
2026-05-11 09:00:00+05:30,7.1000000000000005,74.93333333333334,26.286666666666665
2026-05-11 10:00:00+05:30,9.065,118.05,33.51
2026-05-11 11:00:00+05:30,7.8825,115.525,30.205000000000002
2026-05-11 12:00:00+05:30,6.833333333333333,108.43333333333334,35.39333333333333
2026-05-11 13:00:00+05:30,6.585,100.5,34.025000000000006
2026-05-11 14:00:00+05:30,4.8100000000000005,106.2,33.31
2026-05-11 15:00:00+05:30,4.2700000000000005,94.90000000000002,30.48333333333333
2026-05-11 16:00:00+05:30,5.066666666666666,83.8,34.24
2026-05-11 17:00:00+05:30,7.205,80.775,37.695
2026-05-11 18:00:00+05:30,18.88,83.75,28.1575
2026-05-11 19:00:00+05:30,74.7025,133.425,36.95
2026-05-11 20:00:00+05:30,106.785,333.825,58.445
2026-05-11 21:00:00+05:30,94.985,366.35,89.1825
2026-05-11 22:00:00+05:30,35.3675,307.59999999999997,93.87
2026-05-11 23:00:00+05:30,13.635,204.2,80.57
2026-05-12 00:00:00+05:30,17.21,93.4,59.27
2026-05-12 01:00:00+05:30,9.5125,83.9,48.15
2026-05-12 02:00:00+05:30,9.975,100.15,48.035000000000004
2026-05-12 03:00:00+05:30,11.942499999999999,98.125,46.3175
2026-05-12 04:00:00+05:30,17.816666666666666,91.86666666666667,45.696666666666665
2026-05-12 05:00:00+05:30,21.763333333333332,90.86666666666667,45.68333333333334
2026-05-12 06:00:00+05:30,13.16,93.0,46.2875
2026-05-12 07:00:00+05:30,15.19,101.26666666666667,40.84666666666667
2026-05-12 08:00:00+05:30,13.705,122.375,39.96
2026-05-12 09:00:00+05:30,14.339999999999998,131.9,39.42
2026-05-12 10:00:00+05:30,8.7675,122.17500000000001,27.56
2026-05-12 11:00:00+05:30,7.823333333333333,116.10000000000001,28.33
2026-05-12 12:00:00+05:30,7.386666666666667,113.23333333333333,32.85333333333333
2026-05-12 13:00:00+05:30,6.890000000000001,108.53333333333335,26.459999999999997
2026-05-12 14:00:00+05:30,5.615,98.9,28.5725
2026-05-12 15:00:00+05:30,4.256666666666667,92.09999999999998,22.51
2026-05-12 19:00:00+05:30,48.8275,121.15,38.68
2026-05-12 20:00:00+05:30,107.1425,209.55,53.435
2026-05-12 21:00:00+05:30,48.99,412.17499999999995,79.59
2026-05-12 22:00:00+05:30,25.826666666666668,270.8333333333333,84.27666666666667
2026-05-12 23:00:00+05:30,24.435000000000002,164.3,71.36
2026-05-13 01:00:00+05:30,14.15,134.8,62.74
2026-05-13 02:00:00+05:30,22.373333333333335,111.5,71.51666666666667
2026-05-13 03:00:00+05:30,12.83,107.4,81.995
2026-05-13 04:00:00+05:30,13.266666666666666,106.43333333333334,72.34666666666666
2026-05-13 05:00:00+05:30,16.77,133.325,51.6875
2026-05-13 06:00:00+05:30,16.6725,125.575,36.335
2026-05-13 07:00:00+05:30,13.246666666666668,137.03333333333333,29.043333333333333
2026-05-13 08:00:00+05:30,14.04,141.67499999999998,38.417500000000004
2026-05-13 09:00:00+05:30,13.546666666666667,135.96666666666667,46.72
2026-05-13 10:00:00+05:30,3.17,124.8,47.776666666666664
2026-05-13 11:00:00+05:30,0.0,117.05000000000001,34.37
2026-05-13 12:00:00+05:30,7.0825,128.775,28.3325
2026-05-13 13:00:00+05:30,10.76,148.35,19.174999999999997
2026-05-13 14:00:00+05:30,9.48,143.325,15.4225
2026-05-13 15:00:00+05:30,7.745,133.2,23.744999999999997
2026-05-13 16:00:00+05:30,7.93,123.13333333333333,26.016666666666666
2026-05-13 17:00:00+05:30,10.55,111.94999999999999,32.955
2026-05-13 18:00:00+05:30,17.365000000000002,121.725,35.28
2026-05-13 19:00:00+05:30,29.66,153.4,48.88333333333333
2026-05-13 20:00:00+05:30,19.919999999999998,194.13333333333333,58.723333333333336
2026-05-13 21:00:00+05:30,16.650000000000002,191.0,53.5
2026-05-13 22:00:00+05:30,15.596666666666666,175.0,55.18
2026-05-13 23:00:00+05:30,18.335,165.4,57.19
2026-05-14 01:00:00+05:30,12.0,126.1,31.62
2026-05-14 02:00:00+05:30,12.2975,118.15,32.595
2026-05-14 03:00:00+05:30,11.75,105.93333333333334,30.156666666666666
2026-05-14 04:00:00+05:30,13.113333333333335,108.46666666666665,31.006666666666664
2026-05-14 05:00:00+05:30,15.345,101.925,27.66
2026-05-14 06:00:00+05:30,13.725,96.2,27.6025
2026-05-14 07:00:00+05:30,15.865,102.73333333333333,30.42
2026-05-14 08:00:00+05:30,14.6225,125.5,36.2775
2026-05-14 09:00:00+05:30,11.003333333333332,118.86666666666667,28.093333333333334
2026-05-14 10:00:00+05:30,9.5725,115.7,36.255
2026-05-14 11:00:00+05:30,8.165,105.7,31.5
2026-05-14 12:00:00+05:30,6.404999999999999,112.675,32.0575
2026-05-14 13:00:00+05:30,5.3774999999999995,143.97500000000002,34.962500000000006
2026-05-14 14:00:00+05:30,4.353333333333333,176.4,25.34
2026-05-14 15:00:00+05:30,3.66,321.76666666666665,43.94333333333333
2026-05-14 16:00:00+05:30,3.995,980.5999999999999,94.785
2026-05-14 17:00:00+05:30,6.365,857.1,112.92999999999999
2026-05-14 18:00:00+05:30,11.8025,614.9000000000001,118.89750000000001
2026-05-14 19:00:00+05:30,18.64,677.575,144.9225
2026-05-14 20:00:00+05:30,23.1525,585.075,148.265
2026-05-14 21:00:00+05:30,10.756666666666666,394.8,130.12
2026-05-14 22:00:00+05:30,9.76,312.97499999999997,110.9025
2026-05-14 23:00:00+05:30,9.96,189.1,86.1
2026-05-15 00:00:00+05:30,10.17,127.9,67.73
2026-05-15 01:00:00+05:30,11.799999999999999,114.13333333333333,58.083333333333336
2026-05-15 02:00:00+05:30,13.0525,101.05,53.165
2026-05-15 03:00:00+05:30,14.126666666666667,83.6,49.21
2026-05-15 04:00:00+05:30,15.513333333333334,74.36666666666666,51.303333333333335
2026-05-15 05:00:00+05:30,18.61,74.0,42.69
2026-05-15 06:00:00+05:30,16.66,70.25,49.675
2026-05-15 07:00:00+05:30,11.723333333333334,72.6,41.41
2026-05-15 08:00:00+05:30,7.745,83.45,33.0575
2026-05-15 09:00:00+05:30,6.760000000000001,79.5,24.163333333333338
2026-05-15 10:00:00+05:30,20.107499999999998,73.25,22.385
2026-05-15 11:00:00+05:30,6.3133333333333335,77.4,25.94
2026-05-15 12:00:00+05:30,5.05,62.400000000000006,18.2575
2026-05-15 13:00:00+05:30,4.6,56.1,19.02
2026-05-15 14:00:00+05:30,3.8175,61.775,13.0075
2026-05-15 15:00:00+05:30,3.4166666666666665,65.76666666666667,10.326666666666666
2026-05-15 16:00:00+05:30,3.58,68.56666666666668,9.24
2026-05-15 17:00:00+05:30,5.3425,74.425,13.52
2026-05-15 18:00:00+05:30,7.7575,71.5,16.240000000000002
2026-05-15 19:00:00+05:30,13.557500000000001,93.875,21.2225
2026-05-15 20:00:00+05:30,17.775,114.975,22.2075
2026-05-15 21:00:00+05:30,23.32,110.525,29.5175
2026-05-15 22:00:00+05:30,13.5275,142.9,36.894999999999996
2026-05-15 23:00:00+05:30,11.14,133.6,36.93
2026-05-16 01:00:00+05:30,11.21,85.5,26.78
2026-05-16 02:00:00+05:30,10.5125,85.95,22.3675
2026-05-16 03:00:00+05:30,10.729999999999999,79.73333333333333,27.59
2026-05-16 04:00:00+05:30,12.87,75.86666666666667,22.75666666666667
2026-05-16 05:00:00+05:30,8.959999999999999,67.15,16.935
2026-05-16 06:00:00+05:30,7.6375,58.525,12.965
2026-05-16 07:00:00+05:30,6.935,61.7,17.49
2026-05-16 08:00:00+05:30,6.08,83.1,15.61
2026-05-16 09:00:00+05:30,6.52,79.8,13.953333333333333
2026-05-16 10:00:00+05:30,9.442499999999999,79.575,12.745000000000001
2026-05-16 11:00:00+05:30,5.890000000000001,82.2,13.842500000000001
2026-05-16 12:00:00+05:30,5.0,81.03333333333335,16.273333333333333
2026-05-16 13:00:00+05:30,4.51,81.275,14.3775
2026-05-16 14:00:00+05:30,3.7375,69.55,16.5725
2026-05-16 15:00:00+05:30,3.723333333333333,77.56666666666666,12.303333333333333
2026-05-16 16:00:00+05:30,3.9375,77.15,10.4275
2026-05-16 17:00:00+05:30,6.44,80.5,9.41
2026-05-16 18:00:00+05:30,10.942499999999999,76.525,10.907499999999999
2026-05-16 19:00:00+05:30,29.563333333333333,89.06666666666666,16.08
2026-05-16 20:00:00+05:30,51.79,132.2,28.0725
2026-05-16 21:00:00+05:30,56.535,169.45,36.775
2026-05-16 22:00:00+05:30,43.3375,199.0,51.5025
2026-05-16 23:00:00+05:30,33.785,190.5,55.01
2026-05-17 00:00:00+05:30,22.21,181.2,60.2
2026-05-17 01:00:00+05:30,26.34,171.85,58.75
2026-05-17 02:00:00+05:30,21.2925,152.54999999999998,59.730000000000004
2026-05-17 03:00:00+05:30,20.016666666666666,116.5,48.21
2026-05-17 04:00:00+05:30,18.560000000000002,109.475,48.427499999999995
2026-05-17 05:00:00+05:30,14.6075,110.675,41.765
2026-05-17 06:00:00+05:30,13.4825,97.94999999999999,43.9225
2026-05-17 07:00:00+05:30,8.773333333333333,99.10000000000001,39.60333333333333
2026-05-17 08:00:00+05:30,10.6675,112.85000000000001,29.8525
2026-05-17 09:00:00+05:30,15.795,120.3,22.736666666666668
2026-05-17 10:00:00+05:30,7.9925,125.6,23.8625
2026-05-17 11:00:00+05:30,7.663333333333334,121.0,23.26
2026-05-17 12:00:00+05:30,7.546666666666667,112.93333333333332,25.55
2026-05-17 13:00:00+05:30,5.9725,115.425,27.7325
2026-05-17 14:00:00+05:30,4.862500000000001,119.9,25.6925
2026-05-17 15:00:00+05:30,4.5649999999999995,117.8,25.932499999999997
2026-05-17 16:00:00+05:30,4.79,117.60000000000001,21.06
2026-05-17 17:00:00+05:30,5.8,107.2,21.88
2026-05-17 18:00:00+05:30,11.557500000000001,108.125,27.595
2026-05-17 19:00:00+05:30,25.175,140.025,25.4275
2026-05-17 20:00:00+05:30,35.57,187.4,35.7125
2026-05-17 21:00:00+05:30,22.3125,190.525,33.215
2026-05-17 22:00:00+05:30,12.083333333333334,191.4,44.62
2026-05-17 23:00:00+05:30,10.83,185.5,41.86
2026-05-18 01:00:00+05:30,11.916666666666666,141.9333333333333,34.18
2026-05-18 02:00:00+05:30,8.375,122.65,32.3925
2026-05-18 03:00:00+05:30,6.136666666666667,127.33333333333333,25.46666666666667
2026-05-18 04:00:00+05:30,5.359999999999999,98.7,35.52
2026-05-18 05:00:00+05:30,6.2275,95.0,26.405
2026-05-18 06:00:00+05:30,8.115,84.925,22.9525
2026-05-18 07:00:00+05:30,9.78,93.7,25.23
2026-05-18 08:00:00+05:30,11.275,136.075,27.3
2026-05-18 09:00:00+05:30,11.54,132.26666666666668,27.956666666666667
2026-05-18 10:00:00+05:30,9.29,134.10000000000002,26.7225
2026-05-18 11:00:00+05:30,8.0775,138.7,30.475
2026-05-18 12:00:00+05:30,6.406666666666666,156.0,34.94
2026-05-18 13:00:00+05:30,5.763333333333333,155.36666666666667,33.18
2026-05-18 14:00:00+05:30,4.96,145.025,35.370000000000005
2026-05-18 15:00:00+05:30,3.5725,141.075,33.585
2026-05-18 16:00:00+05:30,4.5475,142.65,33.585
2026-05-18 17:00:00+05:30,4.533333333333333,121.3,35.593333333333334
2026-05-18 18:00:00+05:30,13.3025,125.95,40.3175
2026-05-18 19:00:00+05:30,25.790000000000003,137.0,36.82
2026-05-18 20:00:00+05:30,40.0525,167.525,43.427499999999995
2026-05-18 21:00:00+05:30,47.923333333333325,178.76666666666665,45.85333333333333
2026-05-18 22:00:00+05:30,24.1025,200.10000000000002,60.8425
2026-05-18 23:00:00+05:30,18.369999999999997,198.5,74.32
2026-05-19 00:00:00+05:30,21.91,184.9,57.93
2026-05-19 01:00:00+05:30,22.69,175.45,54.59
2026-05-19 02:00:00+05:30,22.03,144.35,55.8675
2026-05-19 03:00:00+05:30,22.103333333333335,140.33333333333334,54.18333333333334
2026-05-19 04:00:00+05:30,19.866666666666667,125.7,61.196666666666665
2026-05-19 05:00:00+05:30,11.286666666666667,113.23333333333333,59.17666666666667
2026-05-19 06:00:00+05:30,10.0225,112.75,46.082499999999996
2026-05-19 07:00:00+05:30,8.816666666666666,113.26666666666667,40.913333333333334
2026-05-19 08:00:00+05:30,8.83,122.16666666666667,38.46666666666666
2026-05-19 09:00:00+05:30,9.934999999999999,123.6,29.02
2026-05-19 10:00:00+05:30,11.8325,126.6,20.75
2026-05-19 11:00:00+05:30,9.78,127.59999999999998,25.103333333333335
2026-05-19 12:00:00+05:30,7.157500000000001,146.55,30.572499999999998
2026-05-19 13:00:00+05:30,4.996666666666666,119.7,32.61
2026-05-19 14:00:00+05:30,4.19,113.3,27.53
2026-05-19 15:00:00+05:30,4.0475,117.225,27.0225
2026-05-19 16:00:00+05:30,4.5175,110.15,35.6275
2026-05-19 17:00:00+05:30,5.8475,109.2,44.2175
2026-05-19 18:00:00+05:30,10.775,114.14999999999999,46.7125
2026-05-19 19:00:00+05:30,17.2925,160.975,45.84
2026-05-19 20:00:00+05:30,11.705,359.22499999999997,59.705
2026-05-19 21:00:00+05:30,11.96,268.5,47.21
2026-05-19 22:00:00+05:30,12.8675,189.27499999999998,50.21
2026-05-19 23:00:00+05:30,15.125,182.0,53.24
2026-05-20 00:00:00+05:30,10.67,107.9,39.63
2026-05-20 01:00:00+05:30,13.6425,75.0,39.462500000000006
2026-05-20 02:00:00+05:30,13.719999999999999,96.5,34.95
2026-05-20 03:00:00+05:30,10.546666666666667,88.66666666666667,37.50666666666667
2026-05-20 04:00:00+05:30,11.916666666666666,93.03333333333335,39.723333333333336
2026-05-20 05:00:00+05:30,15.03,93.875,40.2375
2026-05-20 06:00:00+05:30,17.32,98.6,42.1425
2026-05-20 07:00:00+05:30,13.5275,126.80000000000001,42.95
2026-05-20 08:00:00+05:30,13.2275,133.775,33.67
2026-05-20 09:00:00+05:30,11.715,132.8,31.59
2026-05-20 10:00:00+05:30,8.023333333333333,124.7,32.83
2026-05-20 12:00:00+05:30,6.22,116.23333333333333,39.72666666666667
2026-05-20 13:00:00+05:30,8.092500000000001,115.2,46.415
2026-05-20 14:00:00+05:30,4.166666666666667,161.1,41.330000000000005
2026-05-20 15:00:00+05:30,3.5,195.0666666666667,35.413333333333334
2026-05-20 16:00:00+05:30,3.9749999999999996,161.82500000000002,37.915
2026-05-20 17:00:00+05:30,4.886666666666667,126.83333333333333,32.75666666666667
2026-05-20 18:00:00+05:30,7.595000000000001,131.8,34.495000000000005
2026-05-20 19:00:00+05:30,9.71,200.125,40.525
2026-05-20 20:00:00+05:30,12.2075,378.47499999999997,64.415
2026-05-20 21:00:00+05:30,17.626666666666665,167.0,52.07
2026-05-20 22:00:00+05:30,16.84,132.775,52.5125
2026-05-20 23:00:00+05:30,8.015,118.6,53.7
2026-05-21 00:00:00+05:30,7.08,85.3,39.43
2026-05-21 01:00:00+05:30,8.29,76.06666666666666,32.14333333333333
2026-05-21 02:00:00+05:30,10.456666666666667,69.46666666666665,26.94666666666667
2026-05-21 03:00:00+05:30,12.53,62.725,20.244999999999997
2026-05-21 04:00:00+05:30,21.916666666666668,71.2,25.3
2026-05-21 05:00:00+05:30,24.873333333333335,87.40000000000002,31.05
2026-05-21 06:00:00+05:30,12.83,110.3,34.34
2026-05-21 07:00:00+05:30,9.325,126.7,37.942499999999995
2026-05-21 08:00:00+05:30,8.195,144.275,40.3225
2026-05-21 09:00:00+05:30,8.986666666666666,133.46666666666667,29.69666666666667
2026-05-21 10:00:00+05:30,9.49,121.27499999999999,28.622500000000002
2026-05-21 11:00:00+05:30,8.225,114.375,32.400000000000006
2026-05-21 12:00:00+05:30,6.09,110.15,36.8725
2026-05-21 13:00:00+05:30,5.140000000000001,108.3,27.46
2026-05-21 14:00:00+05:30,4.74,103.85,30.665
2026-05-21 15:00:00+05:30,4.7675,102.775,37.07
2026-05-21 16:00:00+05:30,4.716666666666667,89.16666666666667,38.910000000000004
2026-05-21 17:00:00+05:30,5.1866666666666665,81.33333333333333,40.07666666666666
2026-05-21 18:00:00+05:30,10.63,113.14999999999999,25.7725
2026-05-21 19:00:00+05:30,21.74,307.8333333333333,31.076666666666664
2026-05-21 20:00:00+05:30,31.645,330.225,32.0925
2026-05-21 21:00:00+05:30,18.12333333333333,272.93333333333334,35.95333333333334
2026-05-21 22:00:00+05:30,11.4925,244.95000000000002,34.2125
2026-05-21 23:00:00+05:30,14.775,195.6,33.07
2026-05-23 01:00:00+05:30,12.24,89.7,14.65
2026-05-23 02:00:00+05:30,12.3825,85.625,11.9375
2026-05-23 03:00:00+05:30,12.004999999999999,85.45,13.1725
2026-05-23 04:00:00+05:30,16.08666666666667,82.16666666666667,16.41333333333333
2026-05-23 05:00:00+05:30,16.11,84.3,17.92
2026-05-23 06:00:00+05:30,15.58,86.525,19.01
2026-05-23 07:00:00+05:30,9.673333333333334,82.06666666666668,14.613333333333335
2026-05-23 08:00:00+05:30,7.2425,91.75,13.03
2026-05-23 09:00:00+05:30,6.7775,93.275,10.7125
2026-05-23 10:00:00+05:30,7.175000000000001,89.125,13.705
2026-05-23 11:00:00+05:30,8.282499999999999,88.825,24.4375
2026-05-23 12:00:00+05:30,10.139999999999999,92.2,38.666666666666664
2026-05-23 13:00:00+05:30,5.9366666666666665,96.8,32.29
2026-05-23 14:00:00+05:30,4.9325,94.95,34.265
2026-05-23 15:00:00+05:30,4.1575,96.45,35.75
2026-05-23 16:00:00+05:30,4.0575,93.05,29.384999999999998
2026-05-23 17:00:00+05:30,5.423333333333333,97.33333333333333,32.73
2026-05-23 18:00:00+05:30,7.803333333333334,93.36666666666667,30.456666666666667
2026-05-23 19:00:00+05:30,21.333333333333332,121.76666666666667,35.94
2026-05-23 20:00:00+05:30,19.0675,136.95,45.335
2026-05-23 21:00:00+05:30,11.625,155.625,41.625
2026-05-23 22:00:00+05:30,10.27,143.925,43.230000000000004
2026-05-23 23:00:00+05:30,9.815,130.8,40.35
2026-05-24 01:00:00+05:30,8.11,70.5,24.69
2026-05-24 02:00:00+05:30,7.883333333333333,61.833333333333336,19.22
2026-05-24 03:00:00+05:30,8.37,52.833333333333336,13.463333333333333
2026-05-24 04:00:00+05:30,9.4525,47.875,9.7175
2026-05-24 05:00:00+05:30,8.4225,48.975,8.877500000000001
2026-05-24 06:00:00+05:30,9.379999999999999,65.025,11.78
2026-05-24 07:00:00+05:30,8.78,70.05,14.912500000000001
2026-05-24 08:00:00+05:30,8.86,111.625,12.2175
2026-05-24 09:00:00+05:30,7.1975,146.57500000000002,11.025
2026-05-24 10:00:00+05:30,6.66,175.025,17.822499999999998
2026-05-24 11:00:00+05:30,5.41,163.175,30.3175
2026-05-24 12:00:00+05:30,5.31,121.3,29.663333333333338
2026-05-24 13:00:00+05:30,5.0475,114.42500000000001,22.125
2026-05-24 14:00:00+05:30,4.4475,116.30000000000001,20.795
2026-05-24 15:00:00+05:30,3.945,99.85,28.9525
2026-05-24 16:00:00+05:30,3.74,96.65,29.21
2026-05-24 17:00:00+05:30,4.333333333333333,88.93333333333334,26.22666666666667
2026-05-24 18:00:00+05:30,6.6175,87.05,21.854999999999997
2026-05-24 19:00:00+05:30,9.4625,114.375,25.0525
2026-05-24 20:00:00+05:30,11.1525,153.04999999999998,31.0775
2026-05-24 21:00:00+05:30,11.466666666666667,148.5,25.73
2026-05-24 22:00:00+05:30,13.43,150.0,37.895
2026-05-24 23:00:00+05:30,10.445,139.9,29.6
2026-05-25 00:00:00+05:30,11.0,94.9,22.63
2026-05-25 01:00:00+05:30,11.3675,93.425,21.1025
2026-05-25 02:00:00+05:30,10.7075,81.82499999999999,15.372499999999999
2026-05-25 03:00:00+05:30,10.366666666666667,60.0,18.063333333333333
2026-05-25 04:00:00+05:30,9.785,81.3,28.43
2026-05-25 05:00:00+05:30,10.32,91.5,23.92
2026-05-25 06:00:00+05:30,12.07,101.0,25.03
2026-05-25 07:00:00+05:30,9.585,104.675,32.56
2026-05-25 08:00:00+05:30,7.8500000000000005,133.39999999999998,30.1675
2026-05-25 09:00:00+05:30,7.99,133.325,21.98
2026-05-25 10:00:00+05:30,6.585,120.2,16.53
2026-05-25 11:00:00+05:30,6.21,112.9,23.41
2026-05-25 12:00:00+05:30,5.575,110.35,27.22
2026-05-25 13:00:00+05:30,4.516666666666667,107.39999999999999,36.20333333333333
2026-05-25 14:00:00+05:30,4.133333333333334,93.10000000000001,30.09
2026-05-25 15:00:00+05:30,4.366666666666666,102.46666666666665,25.633333333333336
2026-05-25 16:00:00+05:30,4.455,95.275,33.695
2026-05-25 17:00:00+05:30,5.3575,87.875,24.8475
2026-05-25 18:00:00+05:30,11.120000000000001,87.95,23.03
2026-05-25 19:00:00+05:30,16.69333333333333,141.83333333333334,32.11666666666667
2026-05-25 20:00:00+05:30,13.1275,311.0,42.727500000000006
2026-05-25 21:00:00+05:30,11.6375,179.85,40.685
2026-05-25 22:00:00+05:30,12.295,187.35,35.0325
2026-05-25 23:00:00+05:30,11.094999999999999,175.4,43.14
2026-05-26 00:00:00+05:30,8.36,139.9,43.8
2026-05-26 01:00:00+05:30,8.9375,139.3,38.845
2026-05-26 02:00:00+05:30,10.3,129.075,45.77
2026-05-26 03:00:00+05:30,10.436666666666667,126.66666666666667,38.32
2026-05-26 04:00:00+05:30,12.133333333333333,119.7,40.48333333333333
2026-05-26 05:00:00+05:30,12.156666666666666,123.23333333333335,42.303333333333335
2026-05-26 06:00:00+05:30,10.9475,106.35,37.78
2026-05-26 07:00:00+05:30,10.166666666666666,111.13333333333333,33.41
2026-05-26 08:00:00+05:30,8.0275,109.57499999999999,33.825
2026-05-26 10:00:00+05:30,7.82,114.69999999999999,28.17
2026-05-26 11:00:00+05:30,7.313333333333333,100.3,28.44
2026-05-26 12:00:00+05:30,6.7525,105.35000000000001,22.112499999999997
2026-05-26 13:00:00+05:30,5.419999999999999,94.5,18.06
2026-05-26 14:00:00+05:30,4.8675,103.175,25.9625
2026-05-26 15:00:00+05:30,4.38,123.1,25.67
2026-05-26 16:00:00+05:30,4.76,123.44999999999999,31.872500000000002
2026-05-26 17:00:00+05:30,6.76,123.375,38.2475
2026-05-26 18:00:00+05:30,7.7524999999999995,136.125,32.0475
2026-05-26 19:00:00+05:30,10.023333333333333,173.33333333333334,43.29666666666666
2026-05-26 20:00:00+05:30,11.615,219.8,47.17
2026-05-26 21:00:00+05:30,7.47,212.76666666666665,33.08
2026-05-26 22:00:00+05:30,7.3149999999999995,165.325,30.225
2026-05-26 23:00:00+05:30,10.23,160.2,27.99
2026-05-27 00:00:00+05:30,10.56,141.0,22.68
2026-05-27 01:00:00+05:30,9.7875,138.42499999999998,19.0875
2026-05-27 02:00:00+05:30,7.7250000000000005,115.75,17.5175
2026-05-27 03:00:00+05:30,7.786666666666666,111.46666666666665,23.583333333333332
2026-05-27 04:00:00+05:30,8.166666666666666,104.60000000000001,23.286666666666665
2026-05-27 05:00:00+05:30,7.793333333333334,115.0,23.44
2026-05-27 06:00:00+05:30,9.866666666666667,281.09999999999997,19.25
2026-05-27 07:00:00+05:30,7.4350000000000005,116.575,28.4525
2026-05-27 08:00:00+05:30,5.72,151.6,20.16
2026-05-27 09:00:00+05:30,5.826666666666667,134.36666666666667,14.856666666666667
2026-05-27 10:00:00+05:30,5.925,32.5,14.09
2026-05-27 11:00:00+05:30,6.23,79.8,18.176666666666666
2026-05-27 12:00:00+05:30,5.8933333333333335,129.20000000000002,30.24
2026-05-27 17:00:00+05:30,6.125,106.0,22.225
2026-05-27 18:00:00+05:30,10.817499999999999,107.69999999999999,23.497500000000002
2026-05-27 19:00:00+05:30,13.5425,261.775,31.982499999999998
2026-05-27 20:00:00+05:30,12.36,288.625,44.3225
2026-05-27 21:00:00+05:30,7.6,196.8,40.5325
2026-05-27 22:00:00+05:30,7.452500000000001,134.6,50.800000000000004
2026-05-27 23:00:00+05:30,6.24,110.69999999999999,40.44
2026-05-28 00:00:00+05:30,6.95,85.6,33.75
2026-05-28 01:00:00+05:30,8.155,77.6,32.160000000000004
2026-05-28 02:00:00+05:30,7.3999999999999995,79.63333333333333,31.986666666666665
2026-05-28 03:00:00+05:30,7.09,78.25,27.134999999999998
2026-05-28 04:00:00+05:30,8.69,79.2,22.47666666666667
2026-05-28 05:00:00+05:30,12.79,79.23333333333333,22.69666666666667
2026-05-28 06:00:00+05:30,10.5125,79.125,27.1425
2026-05-28 07:00:00+05:30,6.025,84.15,19.34
2026-05-28 08:00:00+05:30,5.44,88.625,16.3525
2026-05-28 09:00:00+05:30,5.895,95.55,13.95
2026-05-28 10:00:00+05:30,6.3325,102.075,24.535
2026-05-28 11:00:00+05:30,6.953333333333333,106.36666666666667,18.716666666666665
2026-05-28 12:00:00+05:30,7.4399999999999995,104.775,24.215000000000003
2026-05-28 13:00:00+05:30,6.795,110.6,24.0225
2026-05-28 14:00:00+05:30,5.006666666666667,120.76666666666667,19.593333333333334
2026-05-28 15:00:00+05:30,5.3933333333333335,135.79999999999998,19.03
2026-05-28 16:00:00+05:30,6.29,152.5,23.759999999999998
2026-05-28 17:00:00+05:30,6.826666666666667,157.70000000000002,25.62
2026-05-28 18:00:00+05:30,8.646666666666667,169.20000000000002,36.126666666666665
2026-05-28 19:00:00+05:30,12.125,173.85,38.4
2026-05-28 22:00:00+05:30,8.78,159.1,36.235
2026-05-28 23:00:00+05:30,9.03,153.14999999999998,29.53
2026-05-29 00:00:00+05:30,9.25,121.5,34.05
2026-05-29 01:00:00+05:30,16.235,106.4,28.9
2026-05-29 02:00:00+05:30,11.219999999999999,99.39999999999999,26.42
2026-05-29 03:00:00+05:30,6.406666666666666,90.46666666666665,21.91333333333333
2026-05-29 04:00:00+05:30,5.16,80.43333333333334,25.30333333333333
2026-05-29 05:00:00+05:30,5.066666666666666,80.86666666666666,22.5
2026-05-29 06:00:00+05:30,5.7925,76.425,15.2125
2026-05-29 07:00:00+05:30,5.73,80.44999999999999,11.397499999999999
2026-05-29 08:00:00+05:30,5.2725,88.925,15.299999999999999
2026-05-29 09:00:00+05:30,5.833333333333333,94.26666666666667,21.856666666666666
2026-05-29 10:00:00+05:30,6.35,98.25,16.2325
2026-05-29 11:00:00+05:30,5.8149999999999995,100.45,17.85
2026-05-29 12:00:00+05:30,5.41,106.3,20.985
2026-05-29 13:00:00+05:30,4.9275,113.925,25.0825
2026-05-29 14:00:00+05:30,4.36,118.6,22.55
2026-05-29 15:00:00+05:30,4.695,192.3,24.299999999999997
2026-05-29 16:00:00+05:30,6.327500000000001,199.925,21.482499999999998
2026-05-29 17:00:00+05:30,7.653333333333333,207.20000000000002,22.69666666666667
2026-05-29 18:00:00+05:30,13.65,226.675,34.1325
2026-05-29 19:00:00+05:30,14.953333333333333,242.9,41.81666666666667
2026-05-29 20:00:00+05:30,18.48,231.77499999999998,44.714999999999996
2026-05-29 21:00:00+05:30,23.29,198.15,42.3975
2026-05-29 22:00:00+05:30,12.3375,174.95,35.9
2026-05-29 23:00:00+05:30,13.745000000000001,162.8,38.39
2026-05-30 00:00:00+05:30,7.35,132.5,28.61
2026-05-30 01:00:00+05:30,7.260000000000001,123.0,23.89333333333333
2026-05-30 02:00:00+05:30,5.485,104.97500000000001,24.5375
2026-05-30 03:00:00+05:30,4.416666666666667,91.03333333333335,27.299999999999997
2026-05-30 04:00:00+05:30,4.25,78.7,28.78
2026-05-30 05:00:00+05:30,5.293333333333333,72.7,21.323333333333334
2026-05-30 06:00:00+05:30,8.8825,74.0,18.182499999999997
2026-05-30 07:00:00+05:30,10.5825,79.425,16.3175
2026-05-30 08:00:00+05:30,12.1525,84.675,14.99
2026-05-30 09:00:00+05:30,10.43,99.625,11.2425
2026-05-30 10:00:00+05:30,6.420000000000001,105.63333333333333,10.476666666666667
2026-05-30 11:00:00+05:30,5.57,111.3,17.313333333333333
2026-05-30 12:00:00+05:30,5.176666666666667,148.6,16.153333333333332
2026-05-30 13:00:00+05:30,5.01,193.96666666666667,19.233333333333334
2026-05-30 14:00:00+05:30,4.8825,192.85000000000002,20.21
2026-05-30 15:00:00+05:30,5.529999999999999,186.85,29.6625
2026-05-30 16:00:00+05:30,5.734999999999999,182.97500000000002,35.0
2026-05-30 17:00:00+05:30,9.219999999999999,165.0,36.91
2026-05-30 18:00:00+05:30,11.2325,159.5,44.2725
2026-05-30 19:00:00+05:30,11.806666666666667,175.1,43.163333333333334
2026-05-30 20:00:00+05:30,12.9025,188.175,44.0275
2026-05-30 21:00:00+05:30,15.2425,179.05,36.099999999999994
2026-05-30 22:00:00+05:30,20.8625,155.22500000000002,35.3925
2026-05-30 23:00:00+05:30,26.95,137.05,37.67
2026-05-31 00:00:00+05:30,9.46,124.3,23.19
2026-05-31 01:00:00+05:30,7.6499999999999995,118.5,20.406666666666666
2026-05-31 02:00:00+05:30,7.295,152.825,26.279999999999998
2026-05-31 03:00:00+05:30,8.793333333333335,153.79999999999998,26.570000000000004
2026-05-31 04:00:00+05:30,39.474999999999994,95.975,18.915
2026-05-31 05:00:00+05:30,47.589999999999996,61.06666666666666,14.44
2026-05-31 06:00:00+05:30,41.095,54.625,14.44
2026-05-31 07:00:00+05:30,24.497500000000002,65.675,14.36
2026-05-31 08:00:00+05:30,24.8825,74.0,15.2575
2026-05-31 09:00:00+05:30,12.833333333333334,78.10000000000001,30.496666666666666
2026-05-31 10:00:00+05:30,8.955,79.175,29.2325
2026-05-31 11:00:00+05:30,7.826666666666667,82.26666666666667,28.23
2026-05-31 12:00:00+05:30,6.8999999999999995,85.8,24.560000000000002
2026-05-31 13:00:00+05:30,5.739999999999999,88.3,32.553333333333335
2026-05-31 14:00:00+05:30,4.635,92.14999999999999,39.089999999999996
2026-05-31 15:00:00+05:30,4.7325,94.2,31.135
2026-05-31 16:00:00+05:30,5.095,96.825,27.822499999999998
2026-05-31 17:00:00+05:30,6.826666666666667,97.5,29.99
2026-05-31 18:00:00+05:30,10.06,96.8,23.67
2026-05-31 19:00:00+05:30,15.175,98.95,36.67
2026-05-31 20:00:00+05:30,14.3275,111.6,35.615
2026-05-31 21:00:00+05:30,14.0625,110.325,36.445
2026-05-31 22:00:00+05:30,11.17,103.75,32.5325
2026-05-31 23:00:00+05:30,16.19,100.65,29.06
2026-06-01 00:00:00+05:30,15.25,87.8,31.84
2026-06-01 01:00:00+05:30,12.170000000000002,85.03333333333333,26.453333333333333
2026-06-01 02:00:00+05:30,7.27,79.05,24.6875
2026-06-01 03:00:00+05:30,7.953333333333333,75.93333333333334,20.24
2026-06-01 04:00:00+05:30,9.4375,70.85,28.6575
2026-06-01 05:00:00+05:30,7.8566666666666665,70.23333333333333,25.103333333333335
2026-06-01 06:00:00+05:30,7.573333333333333,68.83333333333333,28.073333333333334
2026-06-01 07:00:00+05:30,7.297499999999999,79.175,23.8225
2026-06-01 08:00:00+05:30,5.42,84.225,21.98
2026-06-01 09:00:00+05:30,5.1433333333333335,86.10000000000001,16.093333333333334
2026-06-01 10:00:00+05:30,6.055,92.15,15.2375
2026-06-01 11:00:00+05:30,7.16,98.26666666666667,19.136666666666667
2026-06-01 12:00:00+05:30,6.426666666666667,98.7,26.17
2026-06-01 13:00:00+05:30,6.055,92.6,18.994999999999997
2026-06-01 14:00:00+05:30,5.34,90.7,19.0
2026-06-01 15:00:00+05:30,4.94,92.75,28.47
2026-06-01 16:00:00+05:30,4.816666666666666,96.73333333333333,21.816666666666666
2026-06-01 17:00:00+05:30,5.965,96.925,16.0825
2026-06-01 18:00:00+05:30,8.08,98.125,16.33
2026-06-01 19:00:00+05:30,12.475000000000001,105.8,31.875
2026-06-01 20:00:00+05:30,18.7575,117.675,38.7225
2026-06-01 21:00:00+05:30,16.535,120.325,34.925
2026-06-01 22:00:00+05:30,8.586666666666666,159.9,30.13
2026-06-01 23:00:00+05:30,7.385,163.0,29.69
2026-06-02 00:00:00+05:30,17.24,83.6,35.58
2026-06-02 01:00:00+05:30,18.715000000000003,66.2,29.145
2026-06-02 02:00:00+05:30,14.7625,49.375,20.405
2026-06-02 03:00:00+05:30,5.45,41.650000000000006,15.6
2026-06-02 04:00:00+05:30,10.86,33.53333333333334,22.126666666666665
2026-06-02 05:00:00+05:30,12.766666666666666,33.63333333333333,20.91
2026-06-02 06:00:00+05:30,9.12,28.53333333333333,14.64
2026-06-02 07:00:00+05:30,10.18,23.233333333333334,10.403333333333334
2026-06-02 08:00:00+05:30,12.833333333333334,20.3,8.366666666666667
2026-06-02 09:00:00+05:30,14.805,25.85,6.8149999999999995
2026-06-02 10:00:00+05:30,13.725000000000001,38.975,5.6975
2026-06-02 11:00:00+05:30,9.456666666666665,51.800000000000004,6.323333333333333
2026-06-02 12:00:00+05:30,7.9775,53.5,11.125
2026-06-02 13:00:00+05:30,8.32,58.625,16.4725
2026-06-02 14:00:00+05:30,7.773333333333333,62.96666666666667,19.63
2026-06-02 15:00:00+05:30,7.623333333333334,67.16666666666667,26.7
2026-06-02 17:00:00+05:30,8.68,68.0,22.823333333333334
2026-06-02 18:00:00+05:30,11.12,72.56666666666666,25.863333333333333
2026-06-02 19:00:00+05:30,14.8875,77.9,32.875
2026-06-02 20:00:00+05:30,23.6875,82.60000000000001,29.7425
2026-06-02 21:00:00+05:30,26.44,93.73333333333335,24.916666666666668
2026-06-02 22:00:00+05:30,41.75,111.9,41.447500000000005
2026-06-02 23:00:00+05:30,31.365000000000002,119.7,42.84
2026-06-03 00:00:00+05:30,18.95,112.7,40.18
2026-06-03 01:00:00+05:30,15.7725,104.47500000000001,36.4225
2026-06-03 02:00:00+05:30,11.1125,86.525,28.105
2026-06-03 03:00:00+05:30,10.934999999999999,72.1,28.395
2026-06-03 04:00:00+05:30,14.0,70.73333333333333,25.49666666666667
2026-06-03 05:00:00+05:30,16.28333333333333,71.03333333333333,19.593333333333334
2026-06-03 06:00:00+05:30,16.65,72.25,20.575000000000003
2026-06-03 07:00:00+05:30,15.455000000000002,82.25,31.387500000000003
2026-06-03 08:00:00+05:30,13.475,96.3,32.019999999999996
2026-06-03 09:00:00+05:30,13.155,91.275,25.634999999999998
2026-06-03 10:00:00+05:30,15.794999999999998,86.575,35.215
2026-06-03 11:00:00+05:30,9.065,91.85000000000001,46.44
2026-06-03 12:00:00+05:30,8.0075,94.4,38.379999999999995
2026-06-03 13:00:00+05:30,6.423333333333333,94.5,39.89
2026-06-03 14:00:00+05:30,6.47,90.33333333333333,40.31666666666667
2026-06-03 15:00:00+05:30,6.365,91.0,38.28
2026-06-03 17:00:00+05:30,10.8025,97.7,54.9075
2026-06-03 18:00:00+05:30,17.9125,100.775,43.932500000000005
2026-06-03 19:00:00+05:30,29.627499999999998,113.125,45.480000000000004
2026-06-03 20:00:00+05:30,30.55,124.0,47.165
2026-06-03 21:00:00+05:30,36.1475,120.125,43.5975
2026-06-03 22:00:00+05:30,37.985,107.45,50.0525
2026-06-03 23:00:00+05:30,26.475,97.55,47.19
2026-06-04 00:00:00+05:30,25.26,82.1,34.15
2026-06-04 01:00:00+05:30,37.715,75.975,30.98
2026-06-04 02:00:00+05:30,17.09,69.475,30.3925
2026-06-04 03:00:00+05:30,15.463333333333333,65.83333333333333,23.5
2026-06-04 04:00:00+05:30,13.396666666666667,61.23333333333333,28.55333333333333
2026-06-04 05:00:00+05:30,13.8,56.5,24.75
2026-06-04 06:00:00+05:30,18.966666666666665,56.866666666666674,27.276666666666667
2026-06-04 07:00:00+05:30,18.9325,69.35,34.39
2026-06-04 08:00:00+05:30,14.7825,72.65,29.755000000000003
2026-06-04 09:00:00+05:30,14.2125,76.325,22.95
2026-06-04 10:00:00+05:30,10.51,79.26666666666667,23.96666666666667
2026-06-04 11:00:00+05:30,9.7825,77.75,18.0275
2026-06-04 12:00:00+05:30,9.57,53.25,14.8925
2026-06-04 13:00:00+05:30,9.135,27.275,1.1375
2026-06-04 14:00:00+05:30,8.443333333333333,85.0,4.053333333333334
2026-06-04 15:00:00+05:30,7.796666666666667,83.8,5.083333333333333
2026-06-04 16:00:00+05:30,7.7725,86.2,9.23
2026-06-04 17:00:00+05:30,9.343333333333334,88.10000000000001,15.293333333333331
2026-06-04 18:00:00+05:30,11.155,89.425,22.985
2026-06-04 19:00:00+05:30,20.9075,95.175,30.1525
2026-06-04 20:00:00+05:30,19.814999999999998,102.625,29.02
2026-06-04 21:00:00+05:30,14.93,104.4,34.207499999999996
2026-06-04 22:00:00+05:30,8.9825,99.05,33.4725
2026-06-04 23:00:00+05:30,12.120000000000001,86.6,30.63
2026-06-05 01:00:00+05:30,5.39,67.9,24.8
2026-06-05 02:00:00+05:30,6.1475,66.7,22.465
2026-06-05 03:00:00+05:30,10.5375,63.3,19.685
2026-06-05 04:00:00+05:30,9.450000000000001,58.63333333333333,22.433333333333334
2026-06-05 05:00:00+05:30,9.2875,51.3,16.9475
2026-06-05 06:00:00+05:30,7.9625,47.3,13.7575
2026-06-05 07:00:00+05:30,7.6625,48.45,11.355
2026-06-05 08:00:00+05:30,9.74,54.300000000000004,13.906666666666666
2026-06-05 09:00:00+05:30,12.459999999999999,56.150000000000006,14.745000000000001
2026-06-05 10:00:00+05:30,21.5275,59.425,16.435000000000002
2026-06-05 11:00:00+05:30,15.95,69.025,25.252499999999998
2026-06-05 12:00:00+05:30,9.49,79.10000000000001,31.0125
2026-06-05 13:00:00+05:30,7.425,77.75,29.6625
2026-06-05 14:00:00+05:30,6.9,81.125,26.345
2026-06-05 15:00:00+05:30,6.095,89.1,24.4175
2026-06-05 16:00:00+05:30,6.5600000000000005,83.075,29.637500000000003
2026-06-05 17:00:00+05:30,7.725,84.2,32.0025
2026-06-05 18:00:00+05:30,11.02,88.975,30.2825
2026-06-05 19:00:00+05:30,16.2225,91.39999999999999,38.9075
2026-06-05 20:00:00+05:30,17.752499999999998,96.575,44.067499999999995
2026-06-05 21:00:00+05:30,15.637500000000001,97.7,34.0925
2026-06-05 22:00:00+05:30,17.03333333333333,94.5,27.47
2026-06-05 23:00:00+05:30,23.445,95.5,28.85
2026-06-06 01:00:00+05:30,9.48,78.2,25.66
2026-06-06 02:00:00+05:30,13.076666666666666,76.06666666666666,23.606666666666666
2026-06-06 03:00:00+05:30,12.780000000000001,73.5,23.666666666666668
2026-06-06 04:00:00+05:30,12.6,72.76666666666667,28.423333333333332
2026-06-06 05:00:00+05:30,11.6225,66.725,24.145
2026-06-06 06:00:00+05:30,11.81,61.175,18.325
2026-06-06 07:00:00+05:30,13.595,65.9,14.275
2026-06-06 08:00:00+05:30,7.8675,72.19999999999999,12.915
2026-06-06 09:00:00+05:30,8.5075,74.975,15.9925
2026-06-06 10:00:00+05:30,9.235,75.975,17.27
2026-06-06 11:00:00+05:30,8.54,74.19999999999999,23.0825
2026-06-06 12:00:00+05:30,7.483333333333333,80.93333333333334,22.793333333333333
2026-06-06 13:00:00+05:30,6.58,82.425,29.424999999999997
2026-06-06 14:00:00+05:30,6.62,84.225,28.5925
2026-06-06 15:00:00+05:30,6.6825,81.6,29.2625
2026-06-06 16:00:00+05:30,6.8375,82.725,33.335
2026-06-06 17:00:00+05:30,7.432499999999999,82.67500000000001,32.8825
2026-06-06 18:00:00+05:30,10.8975,89.9,30.9325
2026-06-06 19:00:00+05:30,13.3475,100.45,33.155
2026-06-06 20:00:00+05:30,21.98,114.35,36.405
2026-06-06 21:00:00+05:30,21.9075,114.575,34.6875
2026-06-06 22:00:00+05:30,14.6575,106.575,32.8375
2026-06-06 23:00:00+05:30,11.605,101.9,34.08
2026-06-07 01:00:00+05:30,9.52,87.1,32.31
2026-06-07 02:00:00+05:30,10.1475,85.82499999999999,33.1275
2026-06-07 03:00:00+05:30,8.6725,82.025,36.21
2026-06-07 04:00:00+05:30,10.006666666666666,79.60000000000001,38.20333333333333
2026-06-07 05:00:00+05:30,11.9325,80.675,39.8575
2026-06-07 06:00:00+05:30,11.415,85.85,45.612500000000004
2026-06-07 07:00:00+05:30,11.456666666666665,89.83333333333333,41.82666666666667
2026-06-07 08:00:00+05:30,11.65,89.6,40.45
2026-06-07 09:00:00+05:30,10.355,87.375,37.4
2026-06-07 10:00:00+05:30,7.325,88.15,33.6625
2026-06-07 11:00:00+05:30,6.6325,87.5,34.95
2026-06-07 12:00:00+05:30,6.43,86.425,38.629999999999995
2026-06-07 13:00:00+05:30,6.765,91.975,39.3925
2026-06-07 14:00:00+05:30,6.0,93.625,37.3275
2026-06-07 15:00:00+05:30,5.293333333333333,95.23333333333335,39.05
2026-06-07 16:00:00+05:30,5.43,87.6,41.09
2026-06-07 17:00:00+05:30,6.5649999999999995,87.65,39.7
2026-06-07 18:00:00+05:30,7.743333333333333,86.7,35.410000000000004
2026-06-07 19:00:00+05:30,10.07,94.05,36.57
2026-06-07 20:00:00+05:30,13.4575,116.175,47.04
2026-06-07 21:00:00+05:30,9.64,117.275,49.1
2026-06-07 22:00:00+05:30,8.875,110.6,41.56
2026-06-07 23:00:00+05:30,8.85,108.0,39.81
2026-06-09 01:00:00+05:30,6.25,87.7,33.01
2026-06-09 02:00:00+05:30,7.12,88.1,32.01
2026-06-09 03:00:00+05:30,8.26,87.46666666666665,32.300000000000004
2026-06-09 04:00:00+05:30,9.440000000000001,84.6,37.26
2026-06-09 05:00:00+05:30,9.5925,77.65,36.08
2026-06-09 06:00:00+05:30,7.925000000000001,75.425,33.4475
2026-06-09 07:00:00+05:30,7.27,76.475,27.677500000000002
2026-06-09 08:00:00+05:30,5.9375,82.175,32.635
2026-06-09 09:00:00+05:30,5.510000000000001,84.39999999999999,34.01333333333333
2026-06-09 10:00:00+05:30,5.95,89.1,17.65
2026-06-09 11:00:00+05:30,6.1575,89.675,22.745
2026-06-09 12:00:00+05:30,5.74,90.25,34.175
2026-06-09 13:00:00+05:30,4.9175,90.32499999999999,34.9625
2026-06-09 14:00:00+05:30,4.2299999999999995,92.43333333333332,36.20333333333333
2026-06-09 15:00:00+05:30,4.3875,90.1,40.085
2026-06-09 16:00:00+05:30,4.7225,90.05,39.397499999999994
2026-06-09 17:00:00+05:30,6.43,93.5,34.637499999999996
2026-06-09 18:00:00+05:30,8.433333333333335,106.03333333333335,40.92666666666667
2026-06-09 19:00:00+05:30,11.233333333333334,122.63333333333333,50.54333333333333
2026-06-09 20:00:00+05:30,10.7925,137.75,52.6375
2026-06-09 21:00:00+05:30,14.009999999999998,138.65,47.7875
2026-06-09 22:00:00+05:30,16.095,133.225,41.4375
2026-06-09 23:00:00+05:30,11.219999999999999,132.2,44.93
2026-06-10 00:00:00+05:30,6.08,89.6,40.65
2026-06-10 01:00:00+05:30,7.58,88.55,37.8175
2026-06-10 02:00:00+05:30,6.2625,83.85,33.754999999999995
2026-06-10 03:00:00+05:30,4.54,77.36666666666667,34.559999999999995
2026-06-10 04:00:00+05:30,4.753333333333333,71.60000000000001,27.986666666666665
2026-06-10 05:00:00+05:30,4.6899999999999995,66.875,27.6675
2026-06-10 06:00:00+05:30,5.4325,71.25,22.189999999999998
2026-06-10 07:00:00+05:30,5.883333333333333,73.5,24.48
2026-06-10 08:00:00+05:30,5.64,73.0,28.47
2026-06-10 09:00:00+05:30,7.6433333333333335,74.60000000000001,27.3
2026-06-10 13:00:00+05:30,3.935,94.65,39.36
2026-06-10 14:00:00+05:30,6.0600000000000005,94.725,40.47
2026-06-10 15:00:00+05:30,5.69,94.175,37.3975
2026-06-10 16:00:00+05:30,5.859999999999999,91.7,43.3
2026-06-10 17:00:00+05:30,7.215,91.75,38.525
2026-06-10 18:00:00+05:30,9.0,106.2,38.76
2026-06-10 19:00:00+05:30,10.5475,143.47500000000002,49.769999999999996
2026-06-10 20:00:00+05:30,12.106666666666667,168.23333333333332,49.77333333333333
2026-06-10 21:00:00+05:30,11.5275,153.275,48.475
2026-06-10 22:00:00+05:30,13.1975,131.45,45.2
2026-06-10 23:00:00+05:30,17.23,123.6,41.22
2026-06-11 00:00:00+05:30,8.61,97.0,38.12
2026-06-11 01:00:00+05:30,7.2325,97.35,38.6325
2026-06-11 02:00:00+05:30,4.702500000000001,95.69999999999999,39.105000000000004
2026-06-11 03:00:00+05:30,3.8066666666666666,87.23333333333333,35.586666666666666
2026-06-11 04:00:00+05:30,4.260000000000001,76.96666666666667,28.646666666666665
2026-06-11 05:00:00+05:30,5.0,70.76666666666667,23.040000000000003
2026-06-11 06:00:00+05:30,6.3075,69.2,23.6125
2026-06-11 07:00:00+05:30,7.506666666666667,63.36666666666667,25.189999999999998
2026-06-11 09:00:00+05:30,8.49,83.7,22.02
2026-06-11 10:00:00+05:30,6.523333333333333,84.03333333333335,24.083333333333332
2026-06-11 11:00:00+05:30,6.305,85.5,24.3875
2026-06-11 12:00:00+05:30,7.9025,89.95,23.810000000000002
2026-06-11 13:00:00+05:30,6.7975,95.55000000000001,31.907500000000002
2026-06-11 14:00:00+05:30,8.1775,97.075,28.7225
2026-06-11 15:00:00+05:30,4.905,98.875,34.754999999999995
2026-06-11 16:00:00+05:30,5.239999999999999,101.8,33.04333333333333
2026-06-11 17:00:00+05:30,7.0375,101.35000000000001,30.0525
2026-06-11 18:00:00+05:30,10.620000000000001,108.625,34.542500000000004
2026-06-11 19:00:00+05:30,10.502500000000001,130.45,38.5725
2026-06-11 20:00:00+05:30,9.835,144.425,43.235
2026-06-11 21:00:00+05:30,9.1125,138.225,46.36
2026-06-11 22:00:00+05:30,10.4,116.175,43.1625
2026-06-11 23:00:00+05:30,13.28,114.8,38.36
2026-06-12 00:00:00+05:30,8.0,86.0,38.05
2026-06-12 01:00:00+05:30,7.665,86.0,36.91
2026-06-12 02:00:00+05:30,4.585,85.6,32.08
2026-06-12 03:00:00+05:30,3.7025,83.6,26.2125
2026-06-12 04:00:00+05:30,3.8266666666666667,76.60000000000001,26.473333333333333
2026-06-12 05:00:00+05:30,4.98,70.725,29.5875
2026-06-12 06:00:00+05:30,5.4625,72.30000000000001,29.07
2026-06-12 07:00:00+05:30,5.8999999999999995,73.26666666666667,25.666666666666668
2026-06-12 08:00:00+05:30,5.3075,73.325,25.7425
2026-06-12 09:00:00+05:30,5.173333333333333,73.26666666666667,23.42
2026-06-12 10:00:00+05:30,4.8975,75.675,19.22
2026-06-12 11:00:00+05:30,4.859999999999999,82.225,20.4875
2026-06-12 12:00:00+05:30,4.8725,88.375,18.4175
2026-06-12 13:00:00+05:30,5.0675,90.975,17.2975
2026-06-12 14:00:00+05:30,7.0425,89.57499999999999,23.205
2026-06-12 15:00:00+05:30,7.5675,92.125,30.540000000000003
2026-06-12 16:00:00+05:30,8.5475,90.7,27.767500000000002
2026-06-12 17:00:00+05:30,9.855,99.725,32.5275
2026-06-12 18:00:00+05:30,9.495000000000001,123.03333333333335,41.156666666666666
2026-06-12 19:00:00+05:30,6.3975,129.125,45.9675
2026-06-12 20:00:00+05:30,4.906666666666667,128.33333333333334,46.17666666666667
2026-06-12 21:00:00+05:30,6.176666666666667,123.26666666666667,42.800000000000004
2026-06-12 22:00:00+05:30,7.6075,115.55,36.0125
2026-06-12 23:00:00+05:30,6.375,108.1,38.15
2026-06-13 00:00:00+05:30,2.22,94.3,30.79
2026-06-13 01:00:00+05:30,3.8475,92.325,28.2325
2026-06-13 02:00:00+05:30,4.922499999999999,83.2,21.4175
2026-06-13 03:00:00+05:30,4.9825,71.175,17.6225
2026-06-13 04:00:00+05:30,2.6566666666666667,65.56666666666666,14.49
2026-06-13 05:00:00+05:30,3.5625,58.75,12.72
2026-06-13 06:00:00+05:30,3.95,55.525000000000006,11.04
2026-06-13 07:00:00+05:30,3.76,60.75,12.79
2026-06-13 08:00:00+05:30,1.8725,65.8,18.8025
2026-06-13 09:00:00+05:30,3.54,71.15,15.195
2026-06-13 10:00:00+05:30,4.475,71.42500000000001,15.1975
2026-06-13 11:00:00+05:30,3.9675000000000002,72.025,21.9375
2026-06-13 12:00:00+05:30,4.126666666666666,74.73333333333333,29.293333333333333
2026-06-13 13:00:00+05:30,5.6325,72.675,29.6875
2026-06-13 14:00:00+05:30,5.1225,77.65,24.7525
2026-06-13 15:00:00+05:30,4.375,88.275,28.545
2026-06-13 16:00:00+05:30,4.885,89.425,34.805
2026-06-13 17:00:00+05:30,7.0475,101.2,39.59
2026-06-13 18:00:00+05:30,9.545,110.95,41.42
2026-06-13 19:00:00+05:30,5.4275,131.85,46.76
2026-06-13 20:00:00+05:30,4.239999999999999,143.26666666666668,42.343333333333334
2026-06-13 21:00:00+05:30,5.2675,121.675,42.66
2026-06-13 22:00:00+05:30,5.43,104.25,40.6175
2026-06-13 23:00:00+05:30,2.725,102.2,37.33
2026-06-14 00:00:00+05:30,3.53,84.4,30.17
2026-06-14 01:00:00+05:30,4.1875,82.475,30.195
2026-06-14 02:00:00+05:30,3.9,77.8,31.666666666666668
2026-06-14 03:00:00+05:30,2.3875,74.5,32.75
2026-06-14 04:00:00+05:30,3.6725,67.675,27.43
2026-06-14 05:00:00+05:30,4.1325,63.650000000000006,23.932499999999997
2026-06-14 06:00:00+05:30,2.7325,64.225,22.345
2026-06-14 07:00:00+05:30,1.8666666666666665,67.43333333333332,20.753333333333334
2026-06-14 08:00:00+05:30,2.8075,73.52499999999999,23.307499999999997
2026-06-14 09:00:00+05:30,3.8575,81.025,24.99
2026-06-14 10:00:00+05:30,2.785,85.475,24.43
2026-06-14 11:00:00+05:30,2.505,84.425,24.5525
2026-06-14 12:00:00+05:30,4.426666666666667,83.73333333333333,25.75
2026-06-14 13:00:00+05:30,5.2225,83.19999999999999,30.1625
2026-06-14 14:00:00+05:30,3.5325,86.825,32.69
2026-06-14 15:00:00+05:30,3.3075,94.575,35.87
2026-06-14 16:00:00+05:30,5.8325,106.92500000000001,42.0975
2026-06-14 17:00:00+05:30,10.2675,120.25,35.665
2026-06-14 18:00:00+05:30,4.925,121.875,33.745
2026-06-14 19:00:00+05:30,5.145,144.55,36.864999999999995
2026-06-14 20:00:00+05:30,5.49,169.775,38.1875
2026-06-14 21:00:00+05:30,5.083333333333333,144.0666666666667,43.32
2026-06-14 22:00:00+05:30,3.1725,126.6,39.004999999999995
2026-06-14 23:00:00+05:30,3.6,121.3,34.94
2026-06-16 01:00:00+05:30,3.05,53.9,25.96
2026-06-16 02:00:00+05:30,3.6175,52.2,29.32
2026-06-16 03:00:00+05:30,4.1575,50.175,35.4875
2026-06-16 04:00:00+05:30,3.366666666666667,53.800000000000004,31.61
2026-06-16 05:00:00+05:30,2.6625,53.35,26.767500000000002
2026-06-16 06:00:00+05:30,2.8466666666666662,53.23333333333333,21.263333333333332
2026-06-16 07:00:00+05:30,3.8925,60.150000000000006,14.8325
2026-06-16 08:00:00+05:30,2.2075,66.075,14.6725
2026-06-16 09:00:00+05:30,2.9325,71.675,15.5275
2026-06-16 10:00:00+05:30,4.35,76.825,13.3575
2026-06-16 11:00:00+05:30,5.65,74.525,13.76
2026-06-16 12:00:00+05:30,9.2925,77.125,16.925
2026-06-16 13:00:00+05:30,12.1525,78.67500000000001,18.995
2026-06-16 14:00:00+05:30,10.175,80.25,16.65
2026-06-16 15:00:00+05:30,7.095000000000001,71.9,19.95
2026-06-16 18:00:00+05:30,6.593333333333334,70.76666666666667,24.823333333333334
2026-06-16 19:00:00+05:30,5.6525,81.05000000000001,29.3675
2026-06-16 20:00:00+05:30,4.7,110.675,39.855
2026-06-16 21:00:00+05:30,6.78,113.625,38.58
2026-06-16 22:00:00+05:30,5.62,109.7,31.373333333333335
2026-06-16 23:00:00+05:30,4.865,100.3,39.69
2026-06-17 00:00:00+05:30,3.08,75.8,24.04
2026-06-17 01:00:00+05:30,3.7350000000000003,73.15,27.182499999999997
2026-06-17 02:00:00+05:30,4.0125,66.425,33.095
2026-06-17 03:00:00+05:30,2.415,65.775,30.325
2026-06-17 04:00:00+05:30,1.5566666666666666,64.16666666666667,30.679999999999996
2026-06-17 05:00:00+05:30,2.645,53.05,35.885000000000005
2026-06-17 06:00:00+05:30,3.6,52.525,35.58
2026-06-17 07:00:00+05:30,1.6725,61.9,28.1125
2026-06-17 08:00:00+05:30,2.245,72.375,28.237499999999997
2026-06-17 09:00:00+05:30,3.7975000000000003,76.275,24.075
2026-06-17 10:00:00+05:30,5.27,72.5,18.65
2026-06-17 11:00:00+05:30,3.4850000000000003,73.45,22.695
2026-06-17 12:00:00+05:30,7.505,72.35,26.675
2026-06-17 13:00:00+05:30,4.5675,70.125,27.0875
2026-06-17 14:00:00+05:30,14.5025,64.325,28.4425
2026-06-17 15:00:00+05:30,12.636666666666665,64.2,26.016666666666666
2026-06-17 16:00:00+05:30,11.583333333333334,68.10000000000001,32.13333333333333
2026-06-17 17:00:00+05:30,11.959999999999999,75.35,22.932499999999997
2026-06-17 18:00:00+05:30,7.5475,76.95,22.3525
2026-06-17 19:00:00+05:30,7.8825,99.725,26.6475
2026-06-17 20:00:00+05:30,11.235,123.9,30.997500000000002
2026-06-17 21:00:00+05:30,9.6125,118.925,33.3175
2026-06-17 22:00:00+05:30,6.745,112.67500000000001,28.14
2026-06-17 23:00:00+05:30,5.365,94.7,24.05
2026-06-18 00:00:00+05:30,8.43,71.6,24.03
2026-06-18 01:00:00+05:30,7.0675,66.775,23.855
2026-06-18 02:00:00+05:30,4.734999999999999,56.425,24.732499999999998
2026-06-18 03:00:00+05:30,5.647500000000001,54.275,26.5
2026-06-18 04:00:00+05:30,8.215,48.5,24.34
2026-06-18 05:00:00+05:30,6.8925,39.15,22.575000000000003
2026-06-18 06:00:00+05:30,4.85,39.85,19.887500000000003
2026-06-18 07:00:00+05:30,6.12,46.0,16.740000000000002
2026-06-18 08:00:00+05:30,6.5475,61.05,22.4925
2026-06-18 09:00:00+05:30,5.81,71.82499999999999,24.005
2026-06-18 10:00:00+05:30,3.855,86.6,19.73
2026-06-18 11:00:00+05:30,10.696666666666667,86.56666666666666,19.596666666666668
2026-06-18 12:00:00+05:30,7.995,79.35,19.035
2026-06-18 13:00:00+05:30,7.53,68.45,24.5425
2026-06-18 14:00:00+05:30,6.766666666666667,66.43333333333334,25.28333333333333
2026-06-18 15:00:00+05:30,6.545,62.9,25.97
2026-06-18 16:00:00+05:30,7.376666666666668,62.4,20.203333333333333
2026-06-18 19:00:00+05:30,14.173333333333332,80.5,36.17333333333333
2026-06-18 20:00:00+05:30,12.6,114.725,29.5925
2026-06-18 21:00:00+05:30,10.0025,143.3,26.3425
2026-06-18 22:00:00+05:30,10.77,128.35,22.0125
2026-06-18 23:00:00+05:30,14.440000000000001,99.7,20.9
2026-06-20 01:00:00+05:30,18.13,54.0,31.05
2026-06-20 02:00:00+05:30,19.1175,53.55,36.61
2026-06-20 03:00:00+05:30,22.2825,52.65,48.0375
2026-06-20 04:00:00+05:30,19.14333333333333,53.96666666666666,46.69
2026-06-20 05:00:00+05:30,16.76,56.775,43.207499999999996
2026-06-20 06:00:00+05:30,17.11,57.8,34.59
2026-06-20 12:00:00+05:30,14.695,93.9,25.200000000000003
2026-06-20 13:00:00+05:30,0.0,15.45,0.6325
2026-06-20 14:00:00+05:30,17.799999999999997,72.075,3.075
2026-06-20 15:00:00+05:30,21.0075,49.025,2.46
2026-06-20 16:00:00+05:30,16.216666666666665,56.0,1.9433333333333334
2026-06-20 17:00:00+05:30,13.8525,45.8,1.6099999999999999
2026-06-20 18:00:00+05:30,16.740000000000002,52.35,1.43
2026-06-20 19:00:00+05:30,17.8275,65.525,2.9075
2026-06-20 20:00:00+05:30,16.4075,93.2,10.39
2026-06-20 21:00:00+05:30,18.43,97.9,11.535
2026-06-20 22:00:00+05:30,17.165,91.975,10.8975
2026-06-20 23:00:00+05:30,14.79,84.5,14.18
2026-06-21 00:00:00+05:30,16.4,66.0,23.12
2026-06-21 01:00:00+05:30,14.145,61.6,25.465
2026-06-21 02:00:00+05:30,14.03,54.775,23.7025
2026-06-21 03:00:00+05:30,16.385,50.2,23.447499999999998
2026-06-21 04:00:00+05:30,17.8225,54.95,24.8775
2026-06-21 05:00:00+05:30,18.045,49.225,25.345
2026-06-21 06:00:00+05:30,18.03,54.925,30.979999999999997
2026-06-21 07:00:00+05:30,13.21,60.05,24.98
2026-06-21 08:00:00+05:30,11.96,77.2,24.5175
2026-06-21 09:00:00+05:30,9.88,82.0,24.12
2026-06-21 10:00:00+05:30,8.92,77.25,21.77
2026-06-21 11:00:00+05:30,9.0125,71.89999999999999,27.905
2026-06-21 12:00:00+05:30,7.496666666666667,69.8,21.24
2026-06-21 13:00:00+05:30,6.725,70.125,23.1225
2026-06-21 14:00:00+05:30,6.9625,62.1,24.247500000000002
2026-06-21 15:00:00+05:30,6.746666666666667,54.03333333333333,20.76
2026-06-21 16:00:00+05:30,6.885,50.35,22.4575
2026-06-21 17:00:00+05:30,7.717499999999999,53.35,23.32
2026-06-21 18:00:00+05:30,8.783333333333333,54.79999999999999,18.76
2026-06-21 19:00:00+05:30,14.07,79.9,16.44
2026-06-21 20:00:00+05:30,11.285,116.80000000000001,31.2175
2026-06-21 21:00:00+05:30,13.735,113.4,34.5975
2026-06-21 22:00:00+05:30,10.842500000000001,99.4,25.805
2026-06-21 23:00:00+05:30,11.565000000000001,92.1,21.51
2026-06-22 00:00:00+05:30,18.74,65.7,25.72
2026-06-22 01:00:00+05:30,19.025,64.3,27.5
2026-06-22 02:00:00+05:30,10.799999999999999,63.86666666666667,20.316666666666666
2026-06-22 03:00:00+05:30,13.3725,64.52499999999999,21.4625
2026-06-22 04:00:00+05:30,12.920000000000002,66.3,25.95
2026-06-22 05:00:00+05:30,13.3525,65.25,31.9075
2026-06-22 06:00:00+05:30,11.1525,66.475,29.3975
2026-06-22 07:00:00+05:30,14.0275,72.25,23.315
2026-06-22 08:00:00+05:30,10.133333333333333,92.40000000000002,22.576666666666668
2026-06-22 09:00:00+05:30,8.9225,90.1,20.8925
2026-06-22 10:00:00+05:30,8.44,85.2,18.7025
2026-06-22 11:00:00+05:30,7.605,78.72500000000001,15.05
2026-06-22 12:00:00+05:30,7.7825,73.4,19.794999999999998
2026-06-22 13:00:00+05:30,7.173333333333333,71.0,20.38
2026-06-22 14:00:00+05:30,7.342499999999999,67.52499999999999,22.5325
2026-06-22 15:00:00+05:30,7.140000000000001,63.1,20.14
2026-06-22 17:00:00+05:30,8.6775,47.925,13.9075
2026-06-22 18:00:00+05:30,11.77,51.025,12.175
2026-06-22 19:00:00+05:30,16.01,82.1,17.463333333333335
2026-06-22 20:00:00+05:30,14.41,99.575,24.8075
2026-06-22 21:00:00+05:30,13.18,89.60000000000001,24.805
2026-06-22 22:00:00+05:30,17.265,83.725,20.54
2026-06-22 23:00:00+05:30,14.21,81.4,25.31
2026-06-23 00:00:00+05:30,12.95,47.8,18.52
2026-06-23 01:00:00+05:30,14.2275,43.575,17.4975
2026-06-23 02:00:00+05:30,15.7225,43.2,12.945
2026-06-23 03:00:00+05:30,13.7075,45.15,13.05
2026-06-23 04:00:00+05:30,14.796666666666667,52.1,18.996666666666666
2026-06-23 05:00:00+05:30,11.4375,54.975,19.725
2026-06-23 06:00:00+05:30,13.844999999999999,63.050000000000004,18.625
2026-06-23 07:00:00+05:30,12.195,81.25,25.839999999999996
2026-06-23 08:00:00+05:30,9.56,111.77499999999999,33.9275
2026-06-23 09:00:00+05:30,9.046666666666667,134.0,25.24
2026-06-23 16:00:00+05:30,6.57,88.8,34.9
2026-06-25 22:00:00+05:30,11.719999999999999,144.775,55.885
2026-06-25 23:00:00+05:30,17.366666666666667,121.0,46.23
2026-06-26 00:00:00+05:30,10.85,83.3,34.03
2026-06-26 01:00:00+05:30,10.254999999999999,72.775,43.56
2026-06-26 02:00:00+05:30,9.285,75.8,32.4375
2026-06-26 03:00:00+05:30,10.77,69.55,25.325
2026-06-26 04:00:00+05:30,10.285,60.475,29.6175
2026-06-26 05:00:00+05:30,14.7,57.449999999999996,26.0075
2026-06-26 06:00:00+05:30,13.6325,59.575,24.275000000000002
2026-06-26 07:00:00+05:30,13.54,75.25,28.622500000000002
2026-06-26 08:00:00+05:30,10.93,97.39999999999999,27.505
2026-06-26 09:00:00+05:30,8.625,125.975,28.055
2026-06-26 10:00:00+05:30,8.07,106.77499999999999,20.165
2026-06-26 11:00:00+05:30,7.592499999999999,97.55,17.255000000000003
2026-06-26 12:00:00+05:30,6.63,105.05,31.300000000000004
2026-06-26 13:00:00+05:30,6.4375,87.9,33.36
2026-06-26 14:00:00+05:30,6.1375,90.3,29.2425
2026-06-26 15:00:00+05:30,5.6625,80.64999999999999,29.57
2026-06-26 16:00:00+05:30,5.79,76.60000000000001,30.615000000000002
2026-06-26 17:00:00+05:30,6.0649999999999995,79.05,35.86
2026-06-26 18:00:00+05:30,7.675,74.275,35.647499999999994
2026-06-26 19:00:00+05:30,10.8775,74.375,28.1575
2026-06-26 20:00:00+05:30,14.6125,84.35000000000001,31.5475
2026-06-26 21:00:00+05:30,10.885,101.64999999999999,34.2425
2026-06-26 22:00:00+05:30,11.6975,94.175,27.294999999999998
2026-06-26 23:00:00+05:30,10.866666666666667,92.86666666666667,36.20666666666666
2026-06-27 00:00:00+05:30,10.52,77.9,34.58
2026-06-27 01:00:00+05:30,10.685,60.175000000000004,28.7725
2026-06-27 02:00:00+05:30,10.5275,53.525000000000006,31.839999999999996
2026-06-27 03:00:00+05:30,11.719999999999999,51.2,23.4775
2026-06-27 04:00:00+05:30,18.2,48.925,24.695
2026-06-27 05:00:00+05:30,19.095,58.75,29.65
2026-06-27 06:00:00+05:30,16.2925,68.225,29.6325
2026-06-27 07:00:00+05:30,14.38,69.16666666666667,25.796666666666667
2026-06-27 08:00:00+05:30,10.5825,78.4,28.265
2026-06-27 09:00:00+05:30,9.025,79.69999999999999,22.965
2026-06-27 10:00:00+05:30,8.015,79.225,18.285
2026-06-27 11:00:00+05:30,7.8566666666666665,80.7,21.703333333333333
2026-06-27 12:00:00+05:30,6.4125,76.82499999999999,20.2175
2026-06-27 13:00:00+05:30,5.9575,71.3,26.91
2026-06-27 14:00:00+05:30,5.8925,67.4,26.37
2026-06-27 15:00:00+05:30,5.566666666666666,73.9,25.55666666666667
2026-06-27 16:00:00+05:30,5.55,68.8,29.8475
2026-06-27 17:00:00+05:30,7.04,66.53333333333335,29.3
2026-06-27 18:00:00+05:30,9.46,72.825,38.455
2026-06-27 19:00:00+05:30,12.370000000000001,105.4,42.834999999999994
2026-06-27 20:00:00+05:30,30.1725,141.77499999999998,46.7825
2026-06-27 21:00:00+05:30,24.3025,145.6,52.5025
2026-06-27 22:00:00+05:30,12.163333333333334,147.16666666666666,42.67666666666667
2026-06-28 00:00:00+05:30,19.23,111.7,34.31
2026-06-28 01:00:00+05:30,16.505,97.125,44.730000000000004
2026-06-28 02:00:00+05:30,10.807500000000001,80.2,33.84
2026-06-28 03:00:00+05:30,10.97,80.96666666666665,28.45
2026-06-28 04:00:00+05:30,10.4025,83.0,37.56
2026-06-28 05:00:00+05:30,20.535,75.05,39.5125
2026-06-28 06:00:00+05:30,36.5675,64.275,33.3575
2026-06-28 07:00:00+05:30,16.849999999999998,71.23333333333333,34.413333333333334
2026-06-28 08:00:00+05:30,10.9775,81.275,26.525
2026-06-28 09:00:00+05:30,8.6025,101.6,23.43
2026-06-28 10:00:00+05:30,7.217499999999999,98.525,30.77
2026-06-28 11:00:00+05:30,7.7,101.05,22.3425
2026-06-28 12:00:00+05:30,6.1625,90.97500000000001,25.3825
2026-06-28 13:00:00+05:30,5.5775,101.1,26.49
2026-06-28 14:00:00+05:30,5.395,95.35,20.895
2026-06-28 15:00:00+05:30,5.18,89.05000000000001,28.355
2026-06-28 16:00:00+05:30,5.7075,86.5,32.442499999999995
2026-06-28 17:00:00+05:30,5.4875,78.725,42.035000000000004
2026-06-28 18:00:00+05:30,7.39,88.2,35.97
2026-06-28 19:00:00+05:30,9.3725,116.35000000000001,48.5775
2026-06-28 20:00:00+05:30,16.795,160.625,51.875
2026-06-28 21:00:00+05:30,12.3825,160.35,60.355000000000004
2026-06-28 22:00:00+05:30,9.425,137.95,44.365
2026-06-28 23:00:00+05:30,8.85,126.73333333333333,47.873333333333335
2026-06-29 00:00:00+05:30,13.93,106.5,41.12
2026-06-29 01:00:00+05:30,14.5,97.4,42.474999999999994
2026-06-29 02:00:00+05:30,10.18,74.625,31.07
2026-06-29 03:00:00+05:30,9.9175,65.725,29.1
2026-06-29 04:00:00+05:30,16.1875,75.52499999999999,36.839999999999996
2026-06-29 05:00:00+05:30,27.865000000000002,79.8,31.580000000000002
2026-06-29 06:00:00+05:30,13.36,77.55000000000001,28.947499999999998
2026-06-29 07:00:00+05:30,9.5725,80.325,24.2175
2026-06-29 08:00:00+05:30,9.2375,118.675,28.205000000000002
2026-06-29 09:00:00+05:30,10.9975,89.25,23.24
2026-06-29 10:00:00+05:30,9.425,82.0,21.67
2026-06-29 11:00:00+05:30,8.6225,80.85,28.8175
2026-06-29 12:00:00+05:30,6.6899999999999995,73.875,26.445
2026-06-29 13:00:00+05:30,5.7225,68.85,34.54
2026-06-29 14:00:00+05:30,8.065,52.3,35.3025
2026-06-29 15:00:00+05:30,5.7075000000000005,56.8,31.93
2026-06-29 16:00:00+05:30,5.37,57.475,37.5
2026-06-29 17:00:00+05:30,5.7,56.275000000000006,41.6575
2026-06-29 18:00:00+05:30,11.415,55.075,40.9125
2026-06-29 19:00:00+05:30,14.645,70.5,45.61
2026-06-29 20:00:00+05:30,17.5175,80.55,48.4525
2026-06-29 21:00:00+05:30,18.0875,84.425,44.005
2026-06-29 22:00:00+05:30,9.807500000000001,77.325,40.7475
2026-06-29 23:00:00+05:30,7.746666666666667,78.2,35.81
2026-06-30 00:00:00+05:30,12.66,67.4,38.55
2026-06-30 01:00:00+05:30,8.9375,49.775,27.59
2026-06-30 02:00:00+05:30,9.5425,40.45,20.917499999999997
2026-06-30 03:00:00+05:30,15.21,47.475,30.7925
2026-06-30 04:00:00+05:30,15.267499999999998,50.35,22.455000000000002
2026-06-30 05:00:00+05:30,10.057500000000001,52.5,22.84
2026-06-30 06:00:00+05:30,13.11,39.35,17.1025
2026-06-30 07:00:00+05:30,16.2,64.0,27.8325
2026-06-30 08:00:00+05:30,11.175,85.2,26.395
2026-06-30 09:00:00+05:30,8.16,82.975,30.77
2026-06-30 10:00:00+05:30,8.94,99.47500000000001,28.055
2026-06-30 11:00:00+05:30,7.275,80.325,26.185
2026-06-30 12:00:00+05:30,6.6775,77.125,29.2925
2026-06-30 13:00:00+05:30,6.3825,59.2,21.692500000000003
2026-06-30 14:00:00+05:30,6.285,50.525,16.0425
2026-06-30 15:00:00+05:30,6.3125,49.725,11.28
2026-06-30 16:00:00+05:30,5.7924999999999995,45.625,21.3725
2026-06-30 17:00:00+05:30,15.325,39.9,24.005000000000003
2026-06-30 18:00:00+05:30,16.3575,65.25,36.045
2026-06-30 19:00:00+05:30,20.9975,64.35,39.01
2026-06-30 20:00:00+05:30,20.98,60.3,42.04
2026-06-30 21:00:00+05:30,20.36,62.3,38.36
2026-06-30 22:00:00+05:30,13.3675,58.025,38.822500000000005
2026-06-30 23:00:00+05:30,9.833333333333334,56.96666666666667,37.89
2026-07-01 01:00:00+05:30,10.99,,
2026-07-01 02:00:00+05:30,7.2325,36.0,32.3575
2026-07-01 03:00:00+05:30,7.6775,36.0,34.3775
2026-07-01 04:00:00+05:30,7.9075,36.0,28.69
2026-07-01 05:00:00+05:30,13.093333333333334,36.0,23.97
2026-07-01 06:00:00+05:30,16.49,36.0,25.54
2026-07-01 07:00:00+05:30,13.717500000000001,36.0,32.4725
2026-07-01 08:00:00+05:30,12.05,36.0,23.52
2026-07-01 09:00:00+05:30,10.969999999999999,36.0,27.48
2026-07-01 10:00:00+05:30,8.75,36.0,22.06
2026-07-01 11:00:00+05:30,8.045,36.0,28.775
2026-07-01 12:00:00+05:30,7.4399999999999995,36.0,29.745
2026-07-01 13:00:00+05:30,7.945,,31.26
2026-07-01 14:00:00+05:30,7.6375,,
2026-07-01 15:00:00+05:30,9.86,,39.51
2026-07-01 16:00:00+05:30,16.3175,,
2026-07-01 17:00:00+05:30,16.796666666666667,,
2026-07-01 18:00:00+05:30,23.93,75.4,
2026-07-01 19:00:00+05:30,9.3675,81.5,
2026-07-01 20:00:00+05:30,13.8275,84.75,
2026-07-01 21:00:00+05:30,14.366666666666667,76.23333333333333,
2026-07-01 22:00:00+05:30,11.504999999999999,55.85,
2026-07-01 23:00:00+05:30,12.453333333333333,46.73333333333333,
2026-07-02 00:00:00+05:30,10.74,33.9,
2026-07-02 01:00:00+05:30,10.28,24.675,
2026-07-02 02:00:00+05:30,10.225,21.85,
2026-07-02 03:00:00+05:30,10.5475,21.55,
2026-07-02 04:00:00+05:30,12.5225,21.95,
2026-07-02 05:00:00+05:30,11.5475,22.85,
2026-07-02 06:00:00+05:30,9.6,22.75,8.94
2026-07-02 07:00:00+05:30,10.335,23.6,11.219999999999999
2026-07-02 08:00:00+05:30,10.780000000000001,24.375,12.07
2026-07-02 09:00:00+05:30,11.0275,35.2,12.68
2026-07-02 10:00:00+05:30,9.975000000000001,45.55,14.685
2026-07-02 11:00:00+05:30,8.283333333333333,45.76666666666667,16.450000000000003
2026-07-02 12:00:00+05:30,8.3025,44.6,22.5975
2026-07-02 13:00:00+05:30,7.327500000000001,44.775,27.735
2026-07-02 14:00:00+05:30,9.2975,50.25,27.8725
2026-07-02 15:00:00+05:30,9.094999999999999,56.125,37.817499999999995
2026-07-02 16:00:00+05:30,7.8875,58.75,43.4225
2026-07-02 17:00:00+05:30,8.54,56.7,35.2475
2026-07-02 18:00:00+05:30,9.877500000000001,51.675,28.225
2026-07-02 19:00:00+05:30,10.364999999999998,50.825,27.27
2026-07-02 20:00:00+05:30,11.573333333333332,46.199999999999996,31.44333333333333
2026-07-02 21:00:00+05:30,14.67,30.5,24.75
2026-07-02 22:00:00+05:30,13.9375,27.575,19.425
2026-07-02 23:00:00+05:30,12.83,22.599999999999998,14.07
2026-07-03 00:00:00+05:30,11.93,,
2026-07-03 01:00:00+05:30,12.39,,
2026-07-03 02:00:00+05:30,12.7575,,
2026-07-03 03:00:00+05:30,12.6575,,
2026-07-03 04:00:00+05:30,13.02,19.76666666666667,16.883333333333333
2026-07-03 05:00:00+05:30,13.01,16.25,14.945
2026-07-03 06:00:00+05:30,12.842500000000001,16.725,14.4025
2026-07-03 07:00:00+05:30,15.04,16.6,14.65
2026-07-03 08:00:00+05:30,14.3025,19.975,17.0225
2026-07-03 09:00:00+05:30,14.6675,26.25,15.36
2026-07-03 10:00:00+05:30,15.81,38.225,17.5975
2026-07-03 11:00:00+05:30,14.2875,46.925,22.4825
2026-07-03 12:00:00+05:30,13.635,47.0,37.585
2026-07-03 13:00:00+05:30,11.84,46.0,34.355000000000004
2026-07-03 14:00:00+05:30,26.2225,48.85,29.435000000000002
2026-07-03 15:00:00+05:30,40.08,56.6,49.72
2026-07-03 16:00:00+05:30,44.68,65.19999999999999,52.6075
2026-07-03 17:00:00+05:30,24.84,83.8,60.66
2026-07-03 18:00:00+05:30,21.6775,73.7,57.7425
2026-07-03 19:00:00+05:30,16.169999999999998,69.65,55.9575
2026-07-03 20:00:00+05:30,17.6675,77.65,47.49
2026-07-03 21:00:00+05:30,17.9575,67.625,39.095
2026-07-03 22:00:00+05:30,18.185000000000002,56.175,33.275
2026-07-03 23:00:00+05:30,13.696666666666667,54.5,28.290000000000003
2026-07-04 00:00:00+05:30,8.93,38.0,24.7
2026-07-04 01:00:00+05:30,7.6425,34.900000000000006,20.1
2026-07-04 02:00:00+05:30,7.04,26.55,15.1125
2026-07-04 03:00:00+05:30,6.91,25.2,10.8775
2026-07-04 04:00:00+05:30,5.37,21.0,8.309999999999999
2026-07-04 05:00:00+05:30,9.3725,15.725000000000001,7.3149999999999995
2026-07-04 06:00:00+05:30,12.7775,20.35,7.305
2026-07-04 07:00:00+05:30,17.19,22.266666666666666,8.21
2026-07-04 08:00:00+05:30,15.96,22.15,7.465
2026-07-04 09:00:00+05:30,17.25,22.75,6.529999999999999
2026-07-04 10:00:00+05:30,15.66,25.675,6.1625
2026-07-04 11:00:00+05:30,16.82,35.625,11.695
2026-07-04 12:00:00+05:30,15.825,44.575,16.4125
2026-07-04 13:00:00+05:30,3.9775,47.55,28.384999999999998
2026-07-04 14:00:00+05:30,,47.25,33.78
2026-07-04 15:00:00+05:30,,46.575,42.7425
2026-07-04 16:00:00+05:30,,46.699999999999996,36.464999999999996
2026-07-04 17:00:00+05:30,9.49,43.349999999999994,31.729999999999997
2026-07-04 18:00:00+05:30,13.2625,31.925,24.21
2026-07-04 19:00:00+05:30,24.2225,31.225,19.28
2026-07-04 20:00:00+05:30,31.71,40.375,21.247500000000002
2026-07-04 21:00:00+05:30,32.515,56.65,27.73
2026-07-04 22:00:00+05:30,24.7325,67.02499999999999,36.255
2026-07-04 23:00:00+05:30,15.51,57.699999999999996,42.70333333333334
2026-07-05 00:00:00+05:30,15.5,73.2,37.98
2026-07-05 01:00:00+05:30,13.3725,57.95,40.06
2026-07-05 02:00:00+05:30,21.99,38.0,36.43
2026-07-05 03:00:00+05:30,3.34,,25.5
2026-07-05 04:00:00+05:30,3.6625,27.1,26.035
2026-07-05 05:00:00+05:30,5.1925,21.866666666666664,20.679999999999996
2026-07-05 06:00:00+05:30,5.5725,24.925,19.455
2026-07-05 07:00:00+05:30,5.92,30.725,15.855
2026-07-05 08:00:00+05:30,7.484999999999999,38.099999999999994,13.69
2026-07-05 09:00:00+05:30,9.595,44.45,21.975
2026-07-05 10:00:00+05:30,9.815,50.975,31.2025
2026-07-05 11:00:00+05:30,8.535,64.1,35.905
2026-07-05 12:00:00+05:30,6.9375,80.45,44.832499999999996
2026-07-05 13:00:00+05:30,6.7125,88.65,47.9175
2026-07-05 14:00:00+05:30,6.2299999999999995,84.85,44.7025
2026-07-05 15:00:00+05:30,6.7825,82.475,41.5425
2026-07-05 16:00:00+05:30,5.9675,86.15,47.87
2026-07-05 17:00:00+05:30,6.279999999999999,80.75,47.425
2026-07-05 18:00:00+05:30,8.3525,77.9,44.802499999999995
2026-07-05 19:00:00+05:30,10.5375,86.225,49.04
2026-07-05 20:00:00+05:30,7.575,73.2,42.9975
2026-07-05 21:00:00+05:30,7.5125,49.075,32.005
2026-07-05 22:00:00+05:30,10.3575,38.775,24.7975
2026-07-05 23:00:00+05:30,11.956666666666669,33.800000000000004,18.83
2026-07-06 00:00:00+05:30,11.93,33.9,16.79
2026-07-06 01:00:00+05:30,11.575,34.825,13.907499999999999
2026-07-06 02:00:00+05:30,13.755,28.55,12.2175
2026-07-06 03:00:00+05:30,10.726666666666667,32.199999999999996,18.03
2026-07-06 04:00:00+05:30,7.57,39.06666666666666,26.45
2026-07-06 05:00:00+05:30,4.97,34.3,21.8
2026-07-06 06:00:00+05:30,7.907500000000001,27.625,17.745
2026-07-06 07:00:00+05:30,12.223333333333334,28.066666666666666,16.123333333333335
2026-07-06 08:00:00+05:30,10.085,42.675,26.2225
2026-07-06 09:00:00+05:30,8.505,50.85,25.24
2026-07-06 10:00:00+05:30,7.9,64.275,21.627499999999998
2026-07-06 11:00:00+05:30,8.4625,75.525,31.897499999999997
2026-07-06 12:00:00+05:30,9.565,76.8,40.6425
2026-07-06 13:00:00+05:30,9.495000000000001,85.9,41.805
2026-07-06 14:00:00+05:30,7.7725,98.225,40.665000000000006
2026-07-06 15:00:00+05:30,5.989999999999999,99.73333333333333,41.483333333333334
2026-07-06 16:00:00+05:30,6.077500000000001,96.1,44.15
2026-07-06 17:00:00+05:30,7.5625,90.675,41.7825
2026-07-06 18:00:00+05:30,9.96,79.65,36.68
2026-07-06 19:00:00+05:30,14.589999999999998,68.16666666666667,38.93666666666667
2026-07-06 20:00:00+05:30,9.61,51.575,34.85
2026-07-06 21:00:00+05:30,7.6925,38.949999999999996,26.6175
2026-07-06 22:00:00+05:30,10.613333333333333,34.266666666666666,19.79
2026-07-07 01:00:00+05:30,8.49,19.9,7.95
2026-07-07 02:00:00+05:30,9.0225,16.45,6.8125
2026-07-07 03:00:00+05:30,13.4725,17.55,5.45
2026-07-07 04:00:00+05:30,17.240000000000002,24.65,10.5375
2026-07-07 05:00:00+05:30,8.8325,22.15,12.3675
2026-07-07 06:00:00+05:30,7.5024999999999995,18.65,14.649999999999999
2026-07-07 07:00:00+05:30,7.4675,20.433333333333334,12.700000000000001
2026-07-07 08:00:00+05:30,7.1925,25.75,12.18
2026-07-07 09:00:00+05:30,9.120000000000001,23.75,11.395
2026-07-07 10:00:00+05:30,10.075,24.15,10.495000000000001
2026-07-07 11:00:00+05:30,6.35,35.8,9.42
2026-07-07 12:00:00+05:30,7.16,34.375,10.345
2026-07-07 13:00:00+05:30,9.515,41.825,10.887500000000001
2026-07-07 14:00:00+05:30,14.6675,36.475,17.855
2026-07-07 15:00:00+05:30,16.925,35.025,22.58
2026-07-07 16:00:00+05:30,15.405,35.449999999999996,22.94
2026-07-07 17:00:00+05:30,8.2775,33.8,18.485
2026-07-07 18:00:00+05:30,8.5525,27.75,17.6575
2026-07-07 19:00:00+05:30,10.41,29.825,18.2075
2026-07-07 20:00:00+05:30,13.275,33.775000000000006,17.2225
2026-07-07 21:00:00+05:30,14.176666666666668,40.03333333333333,16.453333333333333
2026-07-07 22:00:00+05:30,13.8325,42.599999999999994,22.325
2026-07-07 23:00:00+05:30,13.343333333333334,46.800000000000004,30.903333333333336
2026-07-08 00:00:00+05:30,12.65,57.0,33.71
2026-07-08 01:00:00+05:30,10.817499999999999,65.375,32.727500000000006
2026-07-08 02:00:00+05:30,9.2275,71.575,38.7825
2026-07-08 03:00:00+05:30,8.1525,74.7,43.0
2026-07-08 04:00:00+05:30,9.4225,79.8,40.07
2026-07-08 05:00:00+05:30,11.3825,87.17500000000001,34.8
2026-07-08 06:00:00+05:30,10.31,88.1,39.572500000000005
2026-07-08 07:00:00+05:30,9.423333333333334,84.60000000000001,47.31666666666666
2026-07-08 08:00:00+05:30,8.059999999999999,90.25,42.2325
2026-07-08 09:00:00+05:30,9.74,87.75,40.277499999999996
2026-07-08 10:00:00+05:30,7.7700000000000005,86.86666666666667,40.71
2026-07-08 11:00:00+05:30,5.66,90.3,34.83
2026-07-08 12:00:00+05:30,5.95,92.75,40.5425
2026-07-08 13:00:00+05:30,,96.55000000000001,40.445
2026-07-08 14:00:00+05:30,,100.2,32.81333333333333
2026-07-08 15:00:00+05:30,,96.2,45.33
2026-07-08 16:00:00+05:30,7.702500000000001,100.2,43.9175
2026-07-08 17:00:00+05:30,9.535,100.65,34.875
2026-07-08 18:00:00+05:30,10.2775,102.85000000000001,35.8275
2026-07-08 19:00:00+05:30,11.6375,103.325,39.5
2026-07-08 20:00:00+05:30,16.1425,113.35,41.2825
2026-07-08 21:00:00+05:30,21.94333333333333,116.13333333333333,43.29666666666666
2026-07-08 22:00:00+05:30,17.4875,122.1,43.582499999999996
2026-07-08 23:00:00+05:30,10.22,117.3,44.74333333333334
2026-07-09 00:00:00+05:30,7.76,98.6,36.18
2026-07-09 01:00:00+05:30,5.626666666666666,94.0,32.57666666666667
2026-07-09 02:00:00+05:30,5.1,82.025,25.065
2026-07-09 03:00:00+05:30,4.896666666666667,79.66666666666667,23.45
2026-07-09 04:00:00+05:30,4.503333333333333,75.89999999999999,22.493333333333336
2026-07-09 05:00:00+05:30,4.84,66.43333333333332,16.98
2026-07-09 06:00:00+05:30,6.46,69.125,13.155000000000001
2026-07-09 07:00:00+05:30,9.0175,68.875,10.0475
2026-07-09 08:00:00+05:30,9.030000000000001,68.14999999999999,21.97
2026-07-09 09:00:00+05:30,9.370000000000001,68.525,23.81
2026-07-09 10:00:00+05:30,7.7825,72.275,22.455
2026-07-09 11:00:00+05:30,8.3,78.2,31.3675
2026-07-09 12:00:00+05:30,8.3375,84.575,28.737499999999997
2026-07-09 13:00:00+05:30,7.7425,86.625,21.4275
2026-07-09 14:00:00+05:30,7.085,83.1,19.3975
2026-07-09 15:00:00+05:30,6.452500000000001,89.875,23.2875
2026-07-09 16:00:00+05:30,6.7625,93.525,31.942500000000003
2026-07-09 17:00:00+05:30,7.5525,94.975,30.7225
2026-07-09 18:00:00+05:30,9.985,98.0,26.3275
2026-07-09 19:00:00+05:30,21.765,104.30000000000001,34.6725
2026-07-09 20:00:00+05:30,21.3525,116.42500000000001,52.5475
2026-07-09 21:00:00+05:30,11.055,111.675,45.974999999999994
2026-07-09 22:00:00+05:30,8.1675,106.45,38.6325
2026-07-09 23:00:00+05:30,7.9799999999999995,101.93333333333334,40.31
2026-07-10 00:00:00+05:30,6.13,98.7,29.34
2026-07-10 01:00:00+05:30,5.41,93.4,23.585
2026-07-10 02:00:00+05:30,5.0525,81.925,23.9175
2026-07-10 03:00:00+05:30,5.2425,74.4,20.25
2026-07-10 04:00:00+05:30,5.0525,71.625,19.7075
2026-07-10 05:00:00+05:30,5.3675,72.175,18.2375
2026-07-10 06:00:00+05:30,7.32,65.075,22.6525
2026-07-10 07:00:00+05:30,8.24,70.5,23.85
2026-07-10 08:00:00+05:30,7.9325,74.3,21.795
2026-07-10 09:00:00+05:30,7.7475,78.65,17.0825
2026-07-10 10:00:00+05:30,6.8325,81.82499999999999,12.2
2026-07-10 11:00:00+05:30,6.18,84.55,18.7775
2026-07-10 12:00:00+05:30,5.99,88.5,23.5925
2026-07-10 13:00:00+05:30,5.883333333333333,89.0,20.116666666666667
2026-07-10 14:00:00+05:30,6.135,89.35,24.595
2026-07-10 15:00:00+05:30,6.43,81.675,26.96
2026-07-10 16:00:00+05:30,6.3175,83.42500000000001,25.4175
2026-07-10 17:00:00+05:30,8.2875,81.05,20.2325
2026-07-10 18:00:00+05:30,10.625,89.89999999999999,18.307499999999997
2026-07-10 19:00:00+05:30,14.92,92.23333333333333,24.516666666666666
2026-07-10 20:00:00+05:30,14.025,99.75,23.7625
2026-07-10 21:00:00+05:30,10.3125,108.475,36.9675
2026-07-10 22:00:00+05:30,6.6075,106.0,33.6675
2026-07-10 23:00:00+05:30,5.760000000000001,98.76666666666667,24.386666666666667
2026-07-11 00:00:00+05:30,4.68,81.8,27.47
2026-07-11 01:00:00+05:30,5.78,75.35,23.3925
2026-07-11 02:00:00+05:30,4.9575,71.225,21.33
2026-07-11 03:00:00+05:30,5.3566666666666665,73.06666666666666,17.203333333333333
2026-07-11 04:00:00+05:30,6.155,65.05,16.05
2026-07-11 05:00:00+05:30,7.353333333333333,59.73333333333333,17.543333333333333
2026-07-11 06:00:00+05:30,7.5875,54.0,23.5175
2026-07-11 07:00:00+05:30,8.175,57.325,22.895
2026-07-11 08:00:00+05:30,8.26,62.325,21.107499999999998
2026-07-11 09:00:00+05:30,9.0625,65.525,17.8125
2026-07-11 10:00:00+05:30,7.9325,70.675,13.05
2026-07-11 11:00:00+05:30,7.225,70.175,15.9275
2026-07-11 12:00:00+05:30,7.5575,73.525,22.07
2026-07-11 13:00:00+05:30,7.45,74.825,19.9025
2026-07-11 14:00:00+05:30,6.44,78.6,21.145
2026-07-11 15:00:00+05:30,6.1475,81.1,20.08
2026-07-11 16:00:00+05:30,7.505,82.0,19.235
2026-07-11 17:00:00+05:30,9.092500000000001,86.5,19.605
2026-07-11 18:00:00+05:30,12.442499999999999,87.7,22.23
2026-07-11 19:00:00+05:30,12.833333333333334,91.86666666666667,21.713333333333335
2026-07-11 20:00:00+05:30,18.8325,103.325,31.64
2026-07-11 21:00:00+05:30,21.6575,99.2,28.7
2026-07-11 22:00:00+05:30,17.1675,96.275,25.555
2026-07-11 23:00:00+05:30,11.969999999999999,94.76666666666667,27.62
2026-07-12 00:00:00+05:30,11.63,88.1,32.17
2026-07-12 01:00:00+05:30,11.865,74.35,30.0625
2026-07-12 02:00:00+05:30,8.95,70.4,28.765
2026-07-12 03:00:00+05:30,7.1075,72.075,22.4375
2026-07-12 04:00:00+05:30,12.975,72.0,25.85
2026-07-12 05:00:00+05:30,15.465,71.725,23.05
2026-07-12 06:00:00+05:30,10.8325,63.75,23.9175
2026-07-12 07:00:00+05:30,9.48,74.125,24.015
2026-07-12 08:00:00+05:30,14.9725,66.575,25.240000000000002
2026-07-12 09:00:00+05:30,20.6275,63.525,21.512500000000003
2026-07-12 10:00:00+05:30,8.385,71.6,17.385
2026-07-12 11:00:00+05:30,8.67,84.0,13.16
2026-07-12 12:00:00+05:30,10.3,92.425,20.247500000000002
2026-07-12 13:00:00+05:30,12.9375,100.225,19.1725
2026-07-12 14:00:00+05:30,6.03,93.4,13.8475
2026-07-12 15:00:00+05:30,9.2075,100.82499999999999,16.2275
2026-07-12 16:00:00+05:30,6.6325,108.82499999999999,18.325000000000003
2026-07-12 17:00:00+05:30,6.63,108.6,22.735
2026-07-12 18:00:00+05:30,8.425,112.65,21.135
2026-07-12 19:00:00+05:30,14.565,115.05,29.915
2026-07-12 20:00:00+05:30,13.61,124.44999999999999,48.745000000000005
2026-07-12 21:00:00+05:30,8.923333333333334,119.83333333333333,45.27
2026-07-12 22:00:00+05:30,8.5,111.07499999999999,31.155
2026-07-12 23:00:00+05:30,7.580000000000001,108.66666666666667,22.563333333333333
2026-07-13 00:00:00+05:30,5.7,94.9,13.87
2026-07-13 01:00:00+05:30,6.083333333333333,88.76666666666667,12.160000000000002
2026-07-13 02:00:00+05:30,6.3175,85.94999999999999,9.5425
2026-07-13 03:00:00+05:30,6.942500000000001,79.35,8.945
2026-07-13 04:00:00+05:30,6.2725,72.3,15.947500000000002
2026-07-13 05:00:00+05:30,4.793333333333334,64.3,16.856666666666666
2026-07-13 06:00:00+05:30,5.4925,58.325,14.412500000000001
2026-07-13 07:00:00+05:30,7.4775,58.425,10.9025
2026-07-13 08:00:00+05:30,7.15,58.8,9.72
2026-07-13 09:00:00+05:30,6.84,61.5,15.42
2026-07-13 10:00:00+05:30,6.7325,76.1,13.2075
2026-07-13 11:00:00+05:30,7.3525,80.075,15.59
2026-07-13 12:00:00+05:30,7.385,80.10000000000001,17.6825
2026-07-13 13:00:00+05:30,6.672499999999999,82.9,18.08
2026-07-13 14:00:00+05:30,7.055,86.35,25.3425
2026-07-13 15:00:00+05:30,7.663333333333333,87.56666666666666,26.786666666666665
2026-07-13 16:00:00+05:30,8.7075,87.625,32.945
2026-07-13 17:00:00+05:30,10.5725,88.675,29.055
2026-07-13 18:00:00+05:30,15.735,88.175,29.0875
2026-07-13 19:00:00+05:30,19.950000000000003,93.2,35.1725
2026-07-13 20:00:00+05:30,17.419999999999998,100.675,40.815
2026-07-13 21:00:00+05:30,10.516666666666666,104.36666666666667,34.77333333333333
2026-07-13 22:00:00+05:30,8.7675,99.6,32.5675
2026-07-13 23:00:00+05:30,7.803333333333334,98.96666666666665,35.39666666666667
