datetime,no2,pm10,pm25
2021-01-01 08:00:00+05:30,45.1,208.3,126.1
2021-01-01 09:00:00+05:30,40.36666666666667,219.36666666666667,132.76666666666668
2021-01-01 10:00:00+05:30,38.3,211.4,129.0
2021-01-01 11:00:00+05:30,39.95,211.0,125.35
2021-01-01 13:00:00+05:30,36.2,193.2,101.6
2021-01-01 14:00:00+05:30,33.4,188.2,99.2
2021-01-01 16:00:00+05:30,40.95,150.1,87.4
2021-01-01 17:00:00+05:30,41.5,153.7,83.3
2021-01-01 18:00:00+05:30,41.0,160.05,96.15
2021-01-01 19:00:00+05:30,62.95,227.4,131.3
2021-01-01 21:00:00+05:30,80.8,425.8333333333333,211.9
2021-01-01 22:00:00+05:30,66.05,360.2,226.2
2021-01-01 23:00:00+05:30,62.0,404.1,228.9
2021-01-02 01:00:00+05:30,66.26666666666667,446.73333333333335,254.0
2021-01-02 02:00:00+05:30,53.9,383.5,237.5
2021-01-02 04:00:00+05:30,55.35,229.85,183.95
2021-01-02 05:00:00+05:30,58.5,178.5,149.0
2021-01-02 06:00:00+05:30,52.7,210.0,141.6
2021-01-02 07:00:00+05:30,49.1,213.0,134.4
2021-01-02 08:00:00+05:30,50.9,212.3,132.3
2021-01-02 20:00:00+05:30,64.4,307.9,172.5
2021-01-02 21:00:00+05:30,74.4,381.65,183.05
2021-01-02 23:00:00+05:30,82.35,414.9,229.1
2021-01-03 12:00:00+05:30,65.5,192.7,94.1
2021-01-03 13:00:00+05:30,57.075,175.05,106.0
2021-01-03 14:00:00+05:30,51.5,191.4,103.9
2021-01-03 15:00:00+05:30,50.76666666666667,194.5666666666667,104.26666666666667
2021-01-03 16:00:00+05:30,49.8,181.6,105.9
2021-01-03 17:00:00+05:30,50.5,183.8,110.6
2021-01-03 19:00:00+05:30,73.55,250.10000000000002,142.65
2021-01-03 20:00:00+05:30,89.5,324.1,192.8
2021-01-03 21:00:00+05:30,77.6,366.2,215.7
2021-01-03 22:00:00+05:30,65.45,380.0,235.7
2021-01-03 23:00:00+05:30,72.3,390.6,254.1
2021-01-04 00:00:00+05:30,77.2,406.3,272.6
2021-01-04 01:00:00+05:30,71.53333333333335,414.76666666666665,252.16666666666666
2021-01-04 02:00:00+05:30,52.7,391.6,248.05
2021-01-04 03:00:00+05:30,65.6,365.1,211.5
2021-01-04 04:00:00+05:30,65.8,346.8,209.1
2021-01-04 05:00:00+05:30,60.9,311.73333333333335,180.63333333333333
2021-01-04 06:00:00+05:30,52.7,261.1,152.6
2021-01-04 07:00:00+05:30,54.2,258.9,153.5
2021-01-04 08:00:00+05:30,69.5,250.0,156.8
2021-01-04 09:00:00+05:30,74.95,258.1,139.8
2021-01-04 12:00:00+05:30,52.2,220.4,111.1
2021-01-04 14:00:00+05:30,43.9,167.1,96.2
2021-01-04 15:00:00+05:30,42.8,153.2,87.3
2021-01-04 19:00:00+05:30,62.5,249.85,118.4
2021-01-04 21:00:00+05:30,75.9,349.3,175.6
2021-01-04 23:00:00+05:30,73.3,389.0,207.6
2021-01-05 01:00:00+05:30,68.5,357.6,195.0
2021-01-05 02:00:00+05:30,63.8,314.4,190.7
2021-01-05 04:00:00+05:30,50.4,228.8,150.9
2021-01-05 06:00:00+05:30,60.599999999999994,186.65,114.3
2021-01-05 07:00:00+05:30,60.5,177.1,115.5
2021-01-05 08:00:00+05:30,56.5,190.85000000000002,116.65
2021-01-05 09:00:00+05:30,58.150000000000006,167.1,97.8
2021-01-05 10:00:00+05:30,70.1,163.05,92.8
2021-01-05 11:00:00+05:30,,157.9,89.6
2021-01-05 12:00:00+05:30,,150.0,88.9
2021-01-05 13:00:00+05:30,2.4,178.5,35.1
2021-01-05 19:00:00+05:30,69.9,376.75,141.0
2021-01-05 20:00:00+05:30,58.7,405.2,167.0
2021-01-05 21:00:00+05:30,53.5,436.7,195.1
2021-01-05 22:00:00+05:30,48.7,330.6,198.1
2021-01-05 23:00:00+05:30,49.0,331.6,198.55
2021-01-06 00:00:00+05:30,47.599999999999994,320.95,202.05
2021-01-06 01:00:00+05:30,47.199999999999996,344.6333333333334,211.53333333333333
2021-01-06 02:00:00+05:30,43.4,333.1,213.4
2021-01-06 10:00:00+05:30,60.2,239.4,170.85
2021-01-06 11:00:00+05:30,68.9,243.3,168.5
2021-01-06 12:00:00+05:30,72.9,213.0,136.6
2021-01-06 13:00:00+05:30,61.2,207.9,108.2
2021-01-06 14:00:00+05:30,56.8,186.6,107.3
2021-01-06 16:00:00+05:30,66.0,168.2,96.7
2021-01-06 18:00:00+05:30,90.7,334.4,151.0
2021-01-06 19:00:00+05:30,84.1,346.4,166.3
2021-01-06 20:00:00+05:30,78.3,368.0333333333333,194.96666666666667
2021-01-06 21:00:00+05:30,70.3,369.3,197.0
2021-01-07 01:00:00+05:30,63.2,275.2,167.4
2021-01-07 02:00:00+05:30,62.9,268.3,172.6
2021-01-07 03:00:00+05:30,64.6,265.75,173.89999999999998
2021-01-07 04:00:00+05:30,65.03333333333335,264.3666666666666,173.83333333333334
2021-01-07 05:00:00+05:30,64.9,277.1,174.65
2021-01-07 06:00:00+05:30,52.9,288.5,177.0
2021-01-07 07:00:00+05:30,68.4,332.2,198.8
2021-01-07 08:00:00+05:30,70.75,331.06666666666666,198.36666666666667
2021-01-07 09:00:00+05:30,69.3,298.1,181.0
2021-01-07 10:00:00+05:30,62.8,298.1,181.0
2021-01-07 11:00:00+05:30,42.3,265.0,149.5
2021-01-07 13:00:00+05:30,48.666666666666664,186.9,79.83333333333333
2021-01-07 14:00:00+05:30,36.8,176.3,95.3
2021-01-07 15:00:00+05:30,52.1,165.0,93.4
2021-01-07 17:00:00+05:30,112.2,175.1,93.1
2021-01-07 20:00:00+05:30,73.2,267.6,148.8
2021-01-07 21:00:00+05:30,67.1,288.5,146.6
2021-01-07 22:00:00+05:30,47.650000000000006,284.8,151.0
2021-01-07 23:00:00+05:30,57.75,271.4,149.3
2021-01-08 00:00:00+05:30,52.0,243.5,151.1
2021-01-08 01:00:00+05:30,58.15,234.3,140.6
2021-01-08 02:00:00+05:30,56.1,220.13333333333333,131.23333333333332
2021-01-08 03:00:00+05:30,53.0,201.4,122.0
2021-01-08 04:00:00+05:30,56.4,197.8,122.3
2021-01-08 05:00:00+05:30,61.15,221.05,129.55
2021-01-08 06:00:00+05:30,54.1,234.5,136.7
2021-01-08 07:00:00+05:30,64.0,247.4,145.5
2021-01-08 10:00:00+05:30,65.35,212.75,116.6
2021-01-08 11:00:00+05:30,66.43333333333334,181.16666666666666,97.60000000000001
2021-01-08 12:00:00+05:30,58.6,152.1,91.0
2021-01-08 13:00:00+05:30,60.4,135.3,78.4
2021-01-08 14:00:00+05:30,51.7,124.1,71.4
2021-01-08 15:00:00+05:30,49.525,120.7,70.125
2021-01-08 16:00:00+05:30,46.7,111.8,62.8
2021-01-08 17:00:00+05:30,56.9,110.7,57.4
2021-01-08 18:00:00+05:30,,117.7,59.5
2021-01-08 19:00:00+05:30,64.6,133.4,67.25
2021-01-08 21:00:00+05:30,78.2,185.9,86.0
2021-01-08 22:00:00+05:30,65.7,245.7,119.2
2021-01-08 23:00:00+05:30,67.0,250.3,131.2
2021-01-09 00:00:00+05:30,57.1,247.8,131.0
2021-01-09 01:00:00+05:30,65.7,227.4,123.0
2021-01-09 02:00:00+05:30,56.400000000000006,194.8,124.1
2021-01-09 03:00:00+05:30,53.93333333333334,189.80000000000004,108.83333333333333
2021-01-09 04:00:00+05:30,55.26666666666667,156.73333333333332,88.76666666666665
2021-01-09 05:00:00+05:30,56.25,140.6,79.0
2021-01-09 06:00:00+05:30,52.5,136.7,77.3
2021-01-09 07:00:00+05:30,56.4,139.9,85.9
2021-01-09 08:00:00+05:30,56.5,145.2,76.3
2021-01-09 10:00:00+05:30,57.05,171.3,87.9
2021-01-09 11:00:00+05:30,58.1,172.2,89.1
2021-01-09 12:00:00+05:30,59.8,167.1,91.9
2021-01-09 13:00:00+05:30,58.0,188.4,89.40000000000002
2021-01-09 14:00:00+05:30,49.85,198.2,89.4
2021-01-09 15:00:00+05:30,52.15,186.7,97.7
2021-01-09 16:00:00+05:30,51.4,184.8,101.0
2021-01-09 17:00:00+05:30,66.4,181.8,102.3
2021-01-09 18:00:00+05:30,94.05000000000001,220.75,120.25
2021-01-09 19:00:00+05:30,84.1,258.5,138.3
2021-01-09 20:00:00+05:30,75.6,272.8,147.1
2021-01-09 21:00:00+05:30,63.55,283.0,148.9
2021-01-09 22:00:00+05:30,61.0,258.7,149.4
2021-01-09 23:00:00+05:30,51.9,221.0,135.6
2021-01-10 01:00:00+05:30,56.13333333333333,190.0,109.33333333333333
2021-01-10 02:00:00+05:30,45.6,160.7,104.0
2021-01-10 03:00:00+05:30,50.349999999999994,140.9,93.9
2021-01-10 04:00:00+05:30,55.4,135.0,86.3
2021-01-10 05:00:00+05:30,57.2,157.5,89.8
2021-01-10 06:00:00+05:30,51.5,168.0,104.4
2021-01-10 21:00:00+05:30,59.25,172.2,102.5
2021-01-10 23:00:00+05:30,46.5,162.1,104.7
2021-01-11 01:00:00+05:30,51.9,157.16666666666666,86.03333333333335
2021-01-11 02:00:00+05:30,58.0,149.3,84.4
2021-01-11 03:00:00+05:30,53.1,150.6,86.6
2021-01-11 04:00:00+05:30,54.6,148.4,88.9
2021-01-11 05:00:00+05:30,54.15,157.7,102.3
2021-01-11 07:00:00+05:30,56.3,169.2,107.6
2021-01-11 08:00:00+05:30,56.8,176.5,110.4
2021-01-11 09:00:00+05:30,63.9,208.9,105.8
2021-01-11 10:00:00+05:30,67.5,200.5,107.9
2021-01-11 11:00:00+05:30,58.8,177.5,108.7
2021-01-11 12:00:00+05:30,58.3,181.3,101.0
2021-01-11 13:00:00+05:30,57.849999999999994,180.6,101.9
2021-01-11 15:00:00+05:30,5.5,0.0,0.0
2021-01-11 17:00:00+05:30,61.2,151.05,100.2
2021-01-11 19:00:00+05:30,60.650000000000006,194.75,108.4
2021-01-11 22:00:00+05:30,51.6,200.1,110.8
2021-01-12 02:00:00+05:30,50.65,206.89999999999998,127.25
2021-01-12 03:00:00+05:30,47.8,177.60000000000002,119.44999999999999
2021-01-12 04:00:00+05:30,51.25,161.2,110.8
2021-01-12 05:00:00+05:30,52.0,161.75,103.85
2021-01-12 09:00:00+05:30,57.1,155.5,100.1
2021-01-12 10:00:00+05:30,,156.3,91.8
2021-01-12 14:00:00+05:30,51.5,168.9,104.3
2021-01-12 15:00:00+05:30,48.5,171.9,106.3
2021-01-12 16:00:00+05:30,48.3,179.6,111.5
2021-01-12 17:00:00+05:30,50.8,177.6,103.0
2021-01-12 18:00:00+05:30,50.2,177.0,109.7
2021-01-12 19:00:00+05:30,51.7,180.8,110.0
2021-01-12 20:00:00+05:30,44.400000000000006,178.0,109.0
2021-01-12 21:00:00+05:30,44.0,174.8,107.5
2021-01-12 22:00:00+05:30,49.7,176.6,108.7
2021-01-12 23:00:00+05:30,46.7,181.3,111.8
2021-01-13 00:00:00+05:30,42.5,190.2,120.5
2021-01-13 03:00:00+05:30,42.25,169.85000000000002,111.95
2021-01-13 04:00:00+05:30,41.3,174.65,108.4
2021-01-13 05:00:00+05:30,41.45,173.15,106.75
2021-01-13 06:00:00+05:30,38.9,172.3,100.2
2021-01-13 07:00:00+05:30,40.3,172.2,100.7
2021-01-13 08:00:00+05:30,42.4,173.2,100.5
2021-01-13 10:00:00+05:30,38.35,179.05,103.65
2021-01-13 17:00:00+05:30,42.6,202.5,117.8
2021-01-13 18:00:00+05:30,44.7,196.55,121.8
2021-01-13 19:00:00+05:30,43.9,216.4,120.9
2021-01-13 20:00:00+05:30,43.1,216.4,120.9
2021-01-13 21:00:00+05:30,44.55,212.55,127.6
2021-01-13 22:00:00+05:30,40.63333333333333,214.0,130.53333333333333
2021-01-13 23:00:00+05:30,41.8,219.8,133.7
2021-01-14 00:00:00+05:30,41.6,206.9,134.1
2021-01-14 01:00:00+05:30,39.6,204.5,129.7
2021-01-14 03:00:00+05:30,36.800000000000004,190.33333333333334,119.10000000000001
2021-01-14 04:00:00+05:30,39.06666666666667,180.73333333333335,111.96666666666665
2021-01-14 05:00:00+05:30,40.4,169.26666666666668,106.3
2021-01-14 06:00:00+05:30,35.3,167.85,103.05000000000001
2021-01-14 07:00:00+05:30,38.05,180.05,102.4
2021-01-14 08:00:00+05:30,40.75,185.05,105.45
2021-01-14 10:00:00+05:30,39.05,197.95,112.95
2021-01-14 11:00:00+05:30,40.9,204.35000000000002,121.15
2021-01-14 12:00:00+05:30,43.25,219.3,125.3
2021-01-14 13:00:00+05:30,40.6,216.7,126.9
2021-01-14 19:00:00+05:30,49.7,254.7,144.5
2021-01-14 20:00:00+05:30,51.8,257.9,156.0
2021-01-14 21:00:00+05:30,48.8,257.9,156.0
2021-01-14 22:00:00+05:30,42.96666666666667,255.13333333333333,156.46666666666667
2021-01-14 23:00:00+05:30,46.45,239.45,143.6
2021-01-15 00:00:00+05:30,43.5,227.95,142.64999999999998
2021-01-15 01:00:00+05:30,42.1,228.6,148.6
2021-01-15 02:00:00+05:30,39.0,216.6,140.4
2021-01-15 03:00:00+05:30,39.8,189.6,127.4
2021-01-15 04:00:00+05:30,40.1,184.9,120.8
2021-01-15 05:00:00+05:30,38.5,175.75,116.45
2021-01-15 06:00:00+05:30,35.0,170.6,114.0
2021-01-15 07:00:00+05:30,37.9,181.7,122.0
2021-01-15 08:00:00+05:30,40.75,185.95,122.95
2021-01-15 09:00:00+05:30,45.0,197.9,114.9
2021-01-15 10:00:00+05:30,40.0,195.6,124.4
2021-01-15 11:00:00+05:30,34.9,195.6,124.4
2021-01-15 12:00:00+05:30,20.65,97.8,62.2
2021-01-15 13:00:00+05:30,25.1,87.3,61.1
2021-01-15 14:00:00+05:30,42.13333333333333,209.4666666666667,139.79999999999998
2021-01-15 15:00:00+05:30,37.8,223.7,141.8
2021-01-15 16:00:00+05:30,52.85,227.5,140.8
2021-01-15 18:00:00+05:30,46.15,242.0,146.15
2021-01-15 19:00:00+05:30,53.5,293.8,168.2
2021-01-15 20:00:00+05:30,54.3,294.95,176.0
2021-01-15 22:00:00+05:30,46.05,300.95000000000005,185.3
2021-01-15 23:00:00+05:30,46.45,302.15,188.2
2021-01-16 00:00:00+05:30,45.3,302.25,195.35
2021-01-16 01:00:00+05:30,44.9,297.8,191.4
2021-01-16 03:00:00+05:30,36.75,261.4,172.05
2021-01-16 04:00:00+05:30,35.2,245.3,166.1
2021-01-16 06:00:00+05:30,34.7,257.8,166.1
2021-01-16 07:00:00+05:30,35.96666666666667,239.66666666666666,162.29999999999998
2021-01-16 09:00:00+05:30,37.75,248.5,154.0
2021-01-16 12:00:00+05:30,37.2,251.6,160.7
2021-01-16 13:00:00+05:30,40.85,257.4,160.10000000000002
2021-01-16 14:00:00+05:30,37.9,256.2,161.8
2021-01-16 17:00:00+05:30,45.35,259.5,167.2
2021-01-16 19:00:00+05:30,50.0,320.0,195.5
2021-01-16 21:00:00+05:30,45.5,330.4,203.6
2021-01-16 23:00:00+05:30,40.6,321.2,216.0
2021-01-17 00:00:00+05:30,42.650000000000006,333.3,213.2
2021-01-17 01:00:00+05:30,41.55,335.45000000000005,219.1
2021-01-17 02:00:00+05:30,34.0,331.1,213.7
2021-01-17 04:00:00+05:30,37.8,299.9,197.2
2021-01-17 05:00:00+05:30,37.8,295.7,193.4
2021-01-17 07:00:00+05:30,39.199999999999996,287.26666666666665,189.0
2021-01-17 08:00:00+05:30,39.699999999999996,285.1666666666667,185.1
2021-01-17 09:00:00+05:30,39.5,288.5,183.3
2021-01-17 10:00:00+05:30,41.0,297.7,181.9
2021-01-17 11:00:00+05:30,40.6,296.15,184.65
2021-01-17 12:00:00+05:30,40.5,289.1,185.3
2021-01-17 13:00:00+05:30,38.5,292.1,188.3
2021-01-17 16:00:00+05:30,41.2,281.1,176.1
2021-01-17 20:00:00+05:30,52.75,302.95,187.5
2021-01-17 21:00:00+05:30,53.0,328.79999999999995,200.89999999999998
2021-01-17 22:00:00+05:30,48.7,342.20000000000005,213.25
2021-01-17 23:00:00+05:30,54.7,343.0,217.1
2021-01-18 00:00:00+05:30,49.93333333333334,340.40000000000003,215.79999999999998
2021-01-18 01:00:00+05:30,45.4,334.2,216.0
2021-01-18 02:00:00+05:30,44.5,310.0,196.9
2021-01-18 03:00:00+05:30,42.2,281.7,186.4
2021-01-18 04:00:00+05:30,43.349999999999994,274.85,184.60000000000002
2021-01-18 05:00:00+05:30,36.7,266.0,180.8
2021-01-18 06:00:00+05:30,38.45,265.85,171.4
2021-01-18 08:00:00+05:30,45.73333333333333,296.8,192.80000000000004
2021-01-18 10:00:00+05:30,46.9,304.2,192.8
2021-01-18 21:00:00+05:30,53.6,316.1,192.9
2021-01-19 00:00:00+05:30,52.8,324.0,200.8
2021-01-19 01:00:00+05:30,55.9,328.8,205.0
2021-01-19 06:00:00+05:30,43.5,297.6,199.8
2021-01-19 08:00:00+05:30,57.45,325.1,207.5
2021-01-19 09:00:00+05:30,55.0,321.3,201.69999999999996
2021-01-19 11:00:00+05:30,32.25,157.75,98.2
2021-01-19 13:00:00+05:30,32.6,230.8,80.7
2021-01-19 14:00:00+05:30,28.1,222.9,107.9
2021-01-19 17:00:00+05:30,36.8,201.0,106.4
2021-01-19 18:00:00+05:30,41.5,185.76666666666665,110.36666666666667
2021-01-19 19:00:00+05:30,39.900000000000006,176.7,107.85
2021-01-19 20:00:00+05:30,39.2,174.8,105.9
2021-01-19 21:00:00+05:30,36.1,175.6,106.1
2021-01-19 22:00:00+05:30,37.15,165.05,107.8
2021-01-19 23:00:00+05:30,37.9,176.25,113.15
2021-01-22 04:00:00+05:30,40.4,215.3,140.6
2021-01-22 07:00:00+05:30,42.150000000000006,200.7,134.3
2021-01-22 08:00:00+05:30,46.7,201.6,133.4
2021-01-23 12:00:00+05:30,46.5,265.5,136.7
2021-01-23 13:00:00+05:30,42.86666666666667,235.36666666666667,132.46666666666667
2021-01-23 14:00:00+05:30,41.7,215.8,116.4
2021-01-23 15:00:00+05:30,41.45,205.05,120.4
2021-01-23 16:00:00+05:30,39.75,191.7,115.4
2021-01-23 17:00:00+05:30,41.400000000000006,189.35,107.4
2021-01-23 18:00:00+05:30,51.2,217.2,134.8
2021-01-23 20:00:00+05:30,55.4,252.2,146.7
2021-01-23 21:00:00+05:30,53.2,312.9,196.9
2021-01-24 12:00:00+05:30,41.5,199.3,118.9
2021-01-24 16:00:00+05:30,40.9,202.1,130.9
2021-01-24 17:00:00+05:30,45.7,195.9,125.9
2021-01-24 20:00:00+05:30,44.9,225.1,139.9
2021-01-24 22:00:00+05:30,42.5,241.0,147.2
2021-01-24 23:00:00+05:30,41.6,245.0,147.5
2021-01-25 01:00:00+05:30,42.4,243.5,159.1
2021-01-25 02:00:00+05:30,34.8,241.3,156.9
2021-01-25 03:00:00+05:30,43.6,237.6,156.9
2021-01-25 04:00:00+05:30,39.0,251.3,164.4
2021-01-25 05:00:00+05:30,38.3,269.3,183.0
2021-01-25 09:00:00+05:30,42.7,276.5,195.8
2021-01-25 17:00:00+05:30,59.1,229.3,124.2
2021-03-01 07:00:00+05:30,33.6,87.0,40.5
2021-03-01 08:00:00+05:30,30.1,83.9,41.3
2021-03-01 11:00:00+05:30,38.45,105.6,53.9
2021-05-17 08:00:00+05:30,10.3,32.7,7.8
2021-05-17 13:00:00+05:30,11.5,37.1,10.2
2021-05-17 15:00:00+05:30,11.7,48.2,21.1
2021-06-01 04:00:00+05:30,15.2,55.7,23.3
2021-06-01 08:00:00+05:30,15.950000000000001,58.3,24.1
2021-06-01 22:00:00+05:30,17.4,60.0,41.5
2021-06-02 22:00:00+05:30,14.3,53.9,23.9
2021-06-03 02:00:00+05:30,14.6,50.8,19.3
2021-06-03 14:00:00+05:30,14.4,52.5,33.5
2021-06-05 15:00:00+05:30,13.4,78.1,44.8
2021-06-05 23:00:00+05:30,13.3,51.2,26.2
2021-06-06 13:00:00+05:30,13.2,50.6,34.4
2021-06-07 11:00:00+05:30,19.0,42.8,25.7
2021-06-07 12:00:00+05:30,15.3,49.2,25.7
2021-06-07 13:00:00+05:30,15.3,49.9,25.7
2021-06-07 17:00:00+05:30,17.8,41.0,19.2
2021-06-07 18:00:00+05:30,25.45,39.15,17.15
2021-06-07 19:00:00+05:30,17.7,38.4,15.4
2021-06-08 02:00:00+05:30,19.1,32.2,21.9
2021-06-08 04:00:00+05:30,20.3,41.1,20.1
2021-06-13 11:00:00+05:30,12.6,33.6,14.6
2021-06-13 13:00:00+05:30,13.4,37.8,24.2
2021-06-13 18:00:00+05:30,23.4,30.4,18.0
2021-06-13 19:00:00+05:30,18.9,37.5,25.2
2021-06-14 07:00:00+05:30,15.4,39.4,24.1
2021-06-14 15:00:00+05:30,12.7,28.0,11.4
2021-06-15 04:00:00+05:30,13.9,38.8,21.1
2021-06-15 05:00:00+05:30,17.9,31.7,20.9
2021-06-26 00:00:00+05:30,14.4,61.5,31.8
2021-06-26 23:00:00+05:30,13.9,60.0,26.2
2021-06-27 00:00:00+05:30,13.0,61.1,27.9
2021-07-01 04:00:00+05:30,10.3,40.6,34.2
2021-07-01 05:00:00+05:30,10.9,42.4,27.1
2021-07-01 06:00:00+05:30,11.8,46.0,22.9
2021-07-01 22:00:00+05:30,11.4,44.1,23.5
2021-07-03 17:00:00+05:30,11.7,58.1,44.5
2021-07-04 02:00:00+05:30,17.9,57.0,42.2
2021-07-05 09:00:00+05:30,10.6,50.3,27.6
2021-07-06 00:00:00+05:30,9.3,110.9,85.2
2021-07-08 14:00:00+05:30,14.5,49.3,40.3
2021-07-09 02:00:00+05:30,12.2,60.5,30.7
2021-07-09 16:00:00+05:30,0.0,52.7,25.1
2021-07-09 20:00:00+05:30,2.2,60.9,24.3
2021-07-09 22:00:00+05:30,1.8,56.8,32.5
2021-07-10 00:00:00+05:30,11.1,64.7,47.8
2021-07-10 01:00:00+05:30,26.53333333333333,82.16666666666667,47.199999999999996
2021-07-10 04:00:00+05:30,9.2,75.0,60.4
2021-07-13 05:00:00+05:30,11.9,24.2,10.1
2021-07-13 09:00:00+05:30,8.9,21.8,11.3
2021-07-13 11:00:00+05:30,11.1,24.0,9.1
2021-07-13 16:00:00+05:30,12.6,24.1,11.0
2021-07-13 18:00:00+05:30,13.3,17.7,9.5
2021-07-13 21:00:00+05:30,15.2,26.7,9.1
2021-07-14 05:00:00+05:30,8.7,27.85,9.100000000000001
2021-07-14 07:00:00+05:30,10.0,36.9,9.1
2021-07-14 09:00:00+05:30,12.0,33.2,8.4
2021-07-14 10:00:00+05:30,14.333333333333334,30.26666666666667,8.6
2021-07-14 13:00:00+05:30,1.4000000000000001,32.55,8.5
2021-07-14 14:00:00+05:30,4.55,21.45,5.6
2021-07-14 16:00:00+05:30,0.0,34.4,8.5
2021-07-14 20:00:00+05:30,17.2,48.3,7.9
2021-07-14 22:00:00+05:30,13.3,51.0,13.5
2021-07-15 04:00:00+05:30,10.2,53.9,11.5
2021-07-15 20:00:00+05:30,10.3,56.8,13.4
2021-07-17 04:00:00+05:30,7.8,25.2,11.9
2021-07-18 03:00:00+05:30,7.4,29.0,12.2
2021-07-18 04:00:00+05:30,7.2,25.1,11.7
2021-07-18 13:00:00+05:30,7.3,33.4,14.4
2021-07-18 14:00:00+05:30,9.8,45.6,18.1
2021-07-19 04:00:00+05:30,7.0,36.3,15.8
2021-07-19 16:00:00+05:30,11.9,42.8,27.7
2021-07-19 20:00:00+05:30,16.7,46.7,23.1
2021-07-19 22:00:00+05:30,11.8,49.0,21.7
2021-07-20 17:00:00+05:30,25.6,80.6,39.9
2021-07-20 18:00:00+05:30,33.7,79.8,41.2
2021-07-20 19:00:00+05:30,38.05,89.7,39.7
2021-07-20 23:00:00+05:30,35.3,100.6,59.4
2021-07-21 00:00:00+05:30,26.8,110.8,75.7
2021-07-21 02:00:00+05:30,25.4,92.9,64.8
2021-07-21 03:00:00+05:30,17.2,92.6,65.2
2021-07-22 01:00:00+05:30,10.2,37.4,13.9
2021-07-22 02:00:00+05:30,10.766666666666666,37.43333333333333,13.133333333333333
2021-07-22 09:00:00+05:30,5.0,29.0,13.9
2021-07-22 10:00:00+05:30,0.0,33.1,12.4
2021-07-22 11:00:00+05:30,0.0,28.3,11.2
2021-07-22 14:00:00+05:30,1.6,36.3,12.3
2021-07-22 15:00:00+05:30,2.0,29.9,11.6
2021-07-22 19:00:00+05:30,0.0,29.8,12.2
2021-07-22 23:00:00+05:30,11.2,25.7,11.9
2021-07-23 00:00:00+05:30,10.3,29.8,11.9
2021-07-23 10:00:00+05:30,35.0,28.4,11.7
2021-07-23 13:00:00+05:30,10.6,26.4,11.7
2021-07-23 17:00:00+05:30,11.2,26.0,11.6
2021-07-24 19:00:00+05:30,17.4,35.6,12.4
2021-07-25 10:00:00+05:30,9.55,44.4,22.45
2021-07-25 11:00:00+05:30,13.1,43.5,22.0
2021-07-25 14:00:00+05:30,11.5,66.6,32.9
2021-08-25 22:00:00+05:30,7.8,50.7,33.3
2021-09-01 20:00:00+05:30,11.55,33.05,24.15
2021-09-01 21:00:00+05:30,10.85,26.0,19.950000000000003
2021-09-01 22:00:00+05:30,10.2,26.4,15.85
2021-09-01 23:00:00+05:30,9.8,26.8,14.9
2021-09-02 00:00:00+05:30,9.75,42.8,16.2
2021-09-02 01:00:00+05:30,11.0,34.4,13.8
2021-09-02 02:00:00+05:30,10.1,35.8,15.0
2021-09-02 03:00:00+05:30,10.1,34.1,14.6
2021-09-02 04:00:00+05:30,10.6,28.0,12.1
2021-09-02 05:00:00+05:30,9.95,27.4,15.600000000000001
2021-09-02 06:00:00+05:30,10.0,41.05,17.049999999999997
2021-09-02 07:00:00+05:30,9.4,33.7,17.8
2021-09-02 08:00:00+05:30,9.7,25.45,14.95
2021-09-02 09:00:00+05:30,10.85,29.25,14.0
2021-09-02 10:00:00+05:30,10.3,32.3,15.5
2021-09-02 11:00:00+05:30,12.9,24.9,15.1
2021-09-02 15:00:00+05:30,20.2,53.9,28.5
2021-09-02 16:00:00+05:30,15.4,43.1,21.0
2021-09-02 17:00:00+05:30,11.8,52.9,17.1
2021-09-02 18:00:00+05:30,12.7,50.3,19.25
2021-09-02 19:00:00+05:30,13.4,48.7,17.2
2021-09-02 20:00:00+05:30,12.05,30.25,19.5
2021-09-02 21:00:00+05:30,11.8,29.15,16.1
2021-09-02 22:00:00+05:30,10.6,38.0,14.8
2021-09-02 23:00:00+05:30,9.3,41.7,15.2
2021-09-03 02:00:00+05:30,9.0,33.0,18.9
2021-09-03 03:00:00+05:30,10.0,32.0,14.5
2021-09-03 04:00:00+05:30,10.45,27.0,16.950000000000003
2021-09-03 05:00:00+05:30,9.5,31.5,22.7
2021-09-03 07:00:00+05:30,11.2,42.5,33.65
2021-09-03 09:00:00+05:30,13.9,35.7,19.8
2021-09-03 10:00:00+05:30,19.9,43.5,17.9
2021-09-03 11:00:00+05:30,19.5,49.6,24.6
2021-09-03 12:00:00+05:30,13.0,41.4,22.4
2021-09-03 13:00:00+05:30,12.7,38.0,19.0
2021-09-03 14:00:00+05:30,11.9,32.7,16.1
2021-09-03 15:00:00+05:30,12.7,50.75,18.950000000000003
2021-09-03 16:00:00+05:30,14.8,35.2,23.3
2021-09-03 17:00:00+05:30,16.4,50.2,19.8
2021-09-03 19:00:00+05:30,20.4,42.3,23.4
2021-09-03 20:00:00+05:30,17.05,33.95,23.5
2021-09-03 21:00:00+05:30,14.8,45.9,20.7
2021-09-03 22:00:00+05:30,11.9,38.65,19.4
2021-09-04 03:00:00+05:30,1.7,36.8,14.899999999999999
2021-09-04 04:00:00+05:30,3.1,44.1,22.0
2021-09-04 06:00:00+05:30,5.6,58.9,30.3
2021-09-04 07:00:00+05:30,11.2,63.5,22.6
2021-09-04 08:00:00+05:30,11.3,40.1,19.7
2021-09-04 11:00:00+05:30,13.4,66.7,53.1
2021-09-04 12:00:00+05:30,17.5,162.2,38.3
2021-09-04 13:00:00+05:30,14.850000000000001,110.35,37.2
2021-09-04 14:00:00+05:30,13.4,90.9,47.85
2021-09-04 15:00:00+05:30,15.9,87.7,36.1
2021-09-04 18:00:00+05:30,15.1,60.9,37.0
2021-09-04 19:00:00+05:30,16.3,33.4,21.1
2021-09-04 21:00:00+05:30,10.3,28.1,19.9
2021-09-05 02:00:00+05:30,8.5,27.1,12.2
2021-09-05 03:00:00+05:30,2.3,28.7,13.350000000000001
2021-09-05 04:00:00+05:30,11.4,30.2,16.4
2021-09-05 07:00:00+05:30,13.9,65.5,30.0
2021-09-05 09:00:00+05:30,18.95,53.900000000000006,23.85
2021-09-05 10:00:00+05:30,14.3,43.1,27.1
2021-09-05 11:00:00+05:30,11.55,30.85,20.95
2021-09-05 12:00:00+05:30,11.9,51.0,28.9
2021-09-05 13:00:00+05:30,11.0,29.6,25.6
2021-09-05 14:00:00+05:30,10.2,26.9,21.0
2021-09-05 15:00:00+05:30,9.4,24.3,16.1
2021-09-05 17:00:00+05:30,11.7,17.200000000000003,10.55
2021-09-05 20:00:00+05:30,12.9,19.799999999999997,13.5
2021-09-05 21:00:00+05:30,12.3,13.0,9.649999999999999
2021-09-05 22:00:00+05:30,11.4,16.9,6.4
2021-09-05 23:00:00+05:30,9.3,14.8,6.8
2021-09-06 04:00:00+05:30,8.5,5.8,6.4
2021-09-06 05:00:00+05:30,8.9,13.6,8.3
2021-09-06 06:00:00+05:30,9.8,26.2,5.9
2021-09-06 09:00:00+05:30,10.7,19.4,6.6
2021-09-06 10:00:00+05:30,10.8,18.35,4.4
2021-09-06 11:00:00+05:30,10.7,9.7,6.0
2021-09-06 13:00:00+05:30,9.8,37.0,11.45
2021-09-06 15:00:00+05:30,9.65,9.25,7.25
2021-09-06 16:00:00+05:30,8.4,0.0,0.0
2021-09-06 17:00:00+05:30,8.4,39.5,0.0
2021-09-06 22:00:00+05:30,10.2,17.1,5.7
2021-09-06 23:00:00+05:30,8.8,56.1,6.8
2021-09-07 02:00:00+05:30,9.3,19.4,7.8
2021-09-07 05:00:00+05:30,10.45,21.6,7.85
2021-09-07 09:00:00+05:30,10.8,16.1,11.0
2021-09-07 10:00:00+05:30,11.7,14.9,10.4
2021-09-07 11:00:00+05:30,12.1,42.2,10.9
2021-09-07 12:00:00+05:30,12.1,26.4,8.7
2021-09-07 13:00:00+05:30,14.05,24.9,12.15
2021-09-07 14:00:00+05:30,13.100000000000001,21.3,11.8
2021-09-07 15:00:00+05:30,14.05,19.35,10.9
2021-09-07 16:00:00+05:30,13.4,21.4,10.2
2021-09-07 17:00:00+05:30,14.350000000000001,32.25,11.15
2021-09-07 18:00:00+05:30,16.0,34.7,10.7
2021-09-07 19:00:00+05:30,14.2,33.2,13.3
2021-09-07 21:00:00+05:30,13.35,27.8,10.15
2021-09-08 04:00:00+05:30,14.2,15.6,12.8
2021-09-09 05:00:00+05:30,20.9,44.0,15.0
2021-09-09 14:00:00+05:30,17.6,40.7,10.2
2021-09-10 00:00:00+05:30,8.8,73.69999999999999,24.35
2021-09-10 21:00:00+05:30,16.5,38.5,9.6
2021-09-11 11:00:00+05:30,13.5,40.7,19.2
2021-09-15 03:00:00+05:30,50.1,26.9,18.8
2021-09-15 05:00:00+05:30,47.65,23.25,18.55
2021-09-15 16:00:00+05:30,53.2,47.0,17.9
2021-09-15 17:00:00+05:30,45.8,37.400000000000006,17.45
2021-09-15 18:00:00+05:30,39.35,29.55,17.65
2021-09-15 19:00:00+05:30,40.65,59.9,18.85
2021-09-15 20:00:00+05:30,37.4,38.1,17.3
2021-09-15 21:00:00+05:30,37.8,52.150000000000006,17.95
2021-09-15 23:00:00+05:30,28.45,49.8,14.9
2021-09-16 00:00:00+05:30,27.9,48.6,16.6
2021-09-16 01:00:00+05:30,25.35,52.75,14.149999999999999
2021-09-16 02:00:00+05:30,23.8,45.1,13.1
2021-09-16 04:00:00+05:30,22.6,41.0,14.0
2021-09-16 05:00:00+05:30,24.1,31.299999999999997,14.100000000000001
2021-09-16 06:00:00+05:30,21.3,30.4,14.4
2021-09-16 07:00:00+05:30,21.1,54.2,33.1
2021-09-16 08:00:00+05:30,22.5,42.75,45.25
2021-09-16 10:00:00+05:30,20.2,46.3,24.1
2021-09-16 11:00:00+05:30,21.2,54.3,22.7
2021-09-16 12:00:00+05:30,19.9,54.9,17.7
2021-09-16 13:00:00+05:30,23.3,87.5,17.6
2021-09-16 14:00:00+05:30,18.6,53.4,15.8
2021-09-16 16:00:00+05:30,20.15,31.35,20.4
2021-09-16 17:00:00+05:30,21.25,38.75,16.45
2021-09-16 19:00:00+05:30,24.65,66.9,23.15
2021-09-16 20:00:00+05:30,23.3,59.449999999999996,20.7
2021-09-16 21:00:00+05:30,24.0,59.7,17.6
2021-09-16 22:00:00+05:30,21.35,54.75,24.4
2021-09-16 23:00:00+05:30,21.3,56.650000000000006,37.7
2021-09-17 00:00:00+05:30,19.95,61.900000000000006,35.3
2021-09-17 01:00:00+05:30,18.6,72.65,48.699999999999996
2021-09-17 02:00:00+05:30,20.05,75.8,37.849999999999994
2021-09-17 03:00:00+05:30,17.75,62.900000000000006,33.0
2021-09-17 04:00:00+05:30,18.9,53.7,29.8
2021-09-17 05:00:00+05:30,19.5,44.9,27.0
2021-09-17 06:00:00+05:30,18.25,65.0,22.700000000000003
2021-09-17 07:00:00+05:30,19.35,88.65,20.4
2021-09-17 08:00:00+05:30,17.25,61.2,18.45
2021-09-17 09:00:00+05:30,18.0,48.8,20.8
2021-09-17 10:00:00+05:30,21.55,54.7,25.4
2021-09-17 11:00:00+05:30,19.6,51.35,26.35
2021-09-17 12:00:00+05:30,22.85,69.7,33.8
2021-09-17 13:00:00+05:30,22.799999999999997,47.95,56.5
2021-09-17 14:00:00+05:30,21.8,50.3,34.7
2021-09-17 15:00:00+05:30,21.4,45.25,27.0
2021-09-17 16:00:00+05:30,22.95,41.15,20.700000000000003
2021-09-17 18:00:00+05:30,22.799999999999997,35.1,20.75
2021-09-17 19:00:00+05:30,20.6,66.55,24.7
2021-09-17 20:00:00+05:30,20.8,58.5,22.4
2021-09-17 21:00:00+05:30,20.7,67.4,23.0
2021-09-17 22:00:00+05:30,0.0,0.0,0.0
2021-09-17 23:00:00+05:30,20.1,45.2,20.9
2021-09-18 00:00:00+05:30,16.9,54.7,34.9
2021-09-18 01:00:00+05:30,18.8,69.9,28.3
2021-09-18 03:00:00+05:30,16.9,47.2,18.7
2021-09-18 04:00:00+05:30,17.65,40.7,21.799999999999997
2021-09-18 05:00:00+05:30,16.8,45.3,19.1
2021-09-18 07:00:00+05:30,17.8,73.0,20.85
2021-09-18 08:00:00+05:30,15.75,80.75,18.75
2021-09-18 09:00:00+05:30,21.2,54.3,37.3
2021-09-18 10:00:00+05:30,22.0,65.4,31.4
2021-09-18 11:00:00+05:30,24.9,52.85,25.9
2021-09-18 12:00:00+05:30,25.1,52.2,21.05
2021-09-18 13:00:00+05:30,25.25,81.15,21.25
2021-09-18 14:00:00+05:30,26.5,60.4,27.299999999999997
2021-09-18 15:00:00+05:30,22.950000000000003,60.5,38.55
2021-09-18 16:00:00+05:30,21.200000000000003,51.8,46.7
2021-09-18 17:00:00+05:30,22.6,43.1,30.1
2021-09-18 18:00:00+05:30,22.799999999999997,41.099999999999994,27.049999999999997
2021-09-18 20:00:00+05:30,19.8,52.2,23.4
2021-09-18 21:00:00+05:30,20.75,63.5,24.35
2021-09-18 22:00:00+05:30,21.9,68.75,41.9
2021-09-18 23:00:00+05:30,20.8,60.55,46.3
2021-09-19 00:00:00+05:30,25.9,54.1,27.0
2021-09-19 01:00:00+05:30,20.6,92.1,26.35
2021-09-19 02:00:00+05:30,20.9,63.8,36.4
2021-09-19 03:00:00+05:30,22.9,64.4,30.95
2021-09-19 04:00:00+05:30,21.0,64.1,24.0
2021-09-19 05:00:00+05:30,23.1,66.1,26.8
2021-09-19 06:00:00+05:30,18.299999999999997,80.9,48.15
2021-09-19 07:00:00+05:30,21.8,109.8,41.0
2021-09-19 09:00:00+05:30,22.6,88.2,36.6
2021-09-19 10:00:00+05:30,22.5,63.0,36.3
2021-09-19 11:00:00+05:30,25.25,71.3,50.55
2021-09-19 13:00:00+05:30,27.8,73.0,48.7
2021-09-19 14:00:00+05:30,28.6,61.199999999999996,34.95
2021-09-19 15:00:00+05:30,32.25,69.69999999999999,47.1
2021-09-19 16:00:00+05:30,36.2,77.9,75.8
2021-09-19 17:00:00+05:30,29.8,79.55,40.0
2021-09-19 18:00:00+05:30,27.0,57.5,43.5
2021-09-19 19:00:00+05:30,25.1,56.8,36.1
2021-09-19 20:00:00+05:30,27.549999999999997,54.599999999999994,30.85
2021-09-19 21:00:00+05:30,29.299999999999997,53.650000000000006,35.25
2021-09-19 22:00:00+05:30,24.7,74.3,39.5
2021-09-19 23:00:00+05:30,23.1,54.4,25.0
2021-09-20 00:00:00+05:30,23.4,61.3,43.1
2021-09-20 01:00:00+05:30,21.3,64.0,31.3
2021-09-20 02:00:00+05:30,22.25,51.65,34.25
2021-09-20 03:00:00+05:30,21.1,47.8,27.4
2021-09-20 05:00:00+05:30,24.95,33.6,21.55
2021-09-20 06:00:00+05:30,24.0,29.6,20.85
2021-09-20 07:00:00+05:30,25.4,29.95,24.0
2021-09-20 08:00:00+05:30,24.85,28.35,19.3
2021-09-20 09:00:00+05:30,28.35,28.85,16.55
2021-09-20 10:00:00+05:30,32.5,35.5,18.7
2021-09-20 12:00:00+05:30,47.5,29.0,16.0
2021-09-20 13:00:00+05:30,41.7,55.25,17.35
2021-09-20 15:00:00+05:30,34.3,19.0,8.4
2021-09-20 16:00:00+05:30,32.15,68.19999999999999,9.75
2021-09-20 17:00:00+05:30,41.75,45.8,13.350000000000001
2021-09-20 18:00:00+05:30,42.4,36.0,13.4
2021-09-20 20:00:00+05:30,41.9,26.0,14.6
2021-09-20 21:00:00+05:30,36.85,28.8,15.45
2021-09-20 22:00:00+05:30,32.1,40.6,15.2
2021-09-20 23:00:00+05:30,33.85,38.3,17.3
2021-09-21 01:00:00+05:30,33.6,28.1,25.4
2021-09-21 02:00:00+05:30,28.200000000000003,33.75,20.4
2021-09-21 03:00:00+05:30,28.65,28.75,17.7
2021-09-21 04:00:00+05:30,32.8,35.2,18.5
2021-09-21 05:00:00+05:30,29.2,35.6,26.950000000000003
2021-09-21 06:00:00+05:30,29.9,29.6,32.0
2021-09-21 07:00:00+05:30,31.2,25.700000000000003,22.9
2021-09-21 08:00:00+05:30,31.7,30.7,19.45
2021-09-21 09:00:00+05:30,33.8,28.4,18.0
2021-09-21 10:00:00+05:30,33.1,54.7,33.0
2021-09-21 11:00:00+05:30,35.599999999999994,38.95,30.25
2021-09-21 12:00:00+05:30,36.1,30.1,25.1
2021-09-21 14:00:00+05:30,38.7,25.3,20.8
2021-09-21 15:00:00+05:30,37.3,22.15,19.0
2021-09-21 16:00:00+05:30,39.9,41.0,17.1
2021-09-21 17:00:00+05:30,39.5,33.55,16.75
2021-09-21 18:00:00+05:30,36.9,27.3,15.7
2021-09-21 20:00:00+05:30,36.95,33.5,15.95
2021-09-21 21:00:00+05:30,36.0,53.7,20.6
2021-09-21 22:00:00+05:30,35.849999999999994,50.25,22.95
2021-09-21 23:00:00+05:30,31.8,39.15,22.450000000000003
2021-09-22 00:00:00+05:30,31.6,31.6,19.9
2021-09-22 01:00:00+05:30,29.9,25.8,18.8
2021-09-22 02:00:00+05:30,28.4,35.05,21.25
2021-09-22 03:00:00+05:30,29.65,28.9,23.9
2021-09-22 04:00:00+05:30,27.7,52.1,23.3
2021-09-22 05:00:00+05:30,26.8,43.7,19.1
2021-09-22 06:00:00+05:30,30.9,32.6,31.0
2021-09-22 07:00:00+05:30,28.4,32.8,18.8
2021-09-22 08:00:00+05:30,31.2,28.0,15.0
2021-09-22 09:00:00+05:30,29.1,27.25,15.75
2021-09-22 10:00:00+05:30,29.1,40.5,47.75
2021-09-22 12:00:00+05:30,29.35,32.6,24.55
2021-09-22 13:00:00+05:30,32.2,42.6,18.85
2021-09-22 14:00:00+05:30,32.8,39.099999999999994,16.7
2021-09-22 15:00:00+05:30,33.4,34.25,22.0
2021-09-22 16:00:00+05:30,34.9,41.1,35.1
2021-09-22 20:00:00+05:30,31.8,42.4,17.1
2021-09-22 21:00:00+05:30,33.7,42.4,32.7
2021-09-22 22:00:00+05:30,28.6,61.0,29.6
2021-09-22 23:00:00+05:30,27.8,44.5,37.9
2021-09-23 00:00:00+05:30,26.6,44.5,24.9
2021-09-23 01:00:00+05:30,26.45,40.05,21.35
2021-09-23 02:00:00+05:30,30.4,39.45,17.950000000000003
2021-09-23 03:00:00+05:30,27.7,43.0,18.1
2021-09-23 04:00:00+05:30,26.8,33.8,39.3
2021-09-23 05:00:00+05:30,27.0,42.5,25.0
2021-09-23 06:00:00+05:30,24.7,35.7,26.8
2021-09-23 08:00:00+05:30,25.0,40.3,34.2
2021-09-23 09:00:00+05:30,25.15,48.05,27.15
2021-09-23 10:00:00+05:30,25.1,38.8,22.0
2021-09-23 11:00:00+05:30,22.4,37.8,21.1
2021-09-23 12:00:00+05:30,28.0,32.2,20.1
2021-09-23 13:00:00+05:30,30.5,60.2,18.4
2021-09-23 14:00:00+05:30,27.0,40.1,16.5
2021-09-23 16:00:00+05:30,21.15,63.2,20.45
2021-09-23 17:00:00+05:30,22.4,43.3,26.8
2021-09-23 18:00:00+05:30,0.8,47.9,20.3
2021-09-23 20:00:00+05:30,6.45,69.4,47.65
2021-09-23 21:00:00+05:30,3.9000000000000004,75.19999999999999,49.2
2021-09-23 22:00:00+05:30,3.9,95.4,43.4
2021-09-23 23:00:00+05:30,0.05,93.75,57.95
2021-09-24 00:00:00+05:30,1.0,84.7,37.0
2021-09-24 01:00:00+05:30,0.0,83.7,54.6
2021-09-24 03:00:00+05:30,0.1,85.2,32.5
2021-09-24 04:00:00+05:30,5.7,110.6,30.3
2021-09-24 05:00:00+05:30,0.0,73.6,25.1
2021-09-24 06:00:00+05:30,8.55,65.3,49.95
2021-09-24 07:00:00+05:30,16.6,56.8,58.8
2021-09-24 08:00:00+05:30,19.05,61.7,42.2
2021-09-24 09:00:00+05:30,24.7,53.3,37.9
2021-09-24 10:00:00+05:30,21.05,64.35,41.099999999999994
2021-09-24 11:00:00+05:30,21.5,59.4,26.0
2021-09-24 12:00:00+05:30,23.6,42.6,22.4
2021-09-24 14:00:00+05:30,29.85,35.4,31.7
2021-09-24 15:00:00+05:30,23.8,58.1,45.5
2021-09-24 16:00:00+05:30,29.3,70.2,66.9
2021-09-24 18:00:00+05:30,36.8,81.85,40.599999999999994
2021-09-24 19:00:00+05:30,43.0,98.4,70.6
2021-09-24 20:00:00+05:30,6.0,124.7,53.7
2021-09-24 21:00:00+05:30,25.2,161.5,56.7
2021-09-24 22:00:00+05:30,1.3,133.2,78.4
2021-09-24 23:00:00+05:30,0.5,169.05,80.7
2021-09-25 00:00:00+05:30,15.8,139.7,81.4
2021-09-25 01:00:00+05:30,16.55,127.9,76.75
2021-09-25 02:00:00+05:30,20.0,116.9,68.9
2021-09-25 03:00:00+05:30,15.95,149.65,94.30000000000001
2021-09-25 04:00:00+05:30,10.4,135.5,69.6
2021-09-25 05:00:00+05:30,12.05,113.05,61.95
2021-09-25 06:00:00+05:30,14.5,93.4,50.7
2021-09-25 07:00:00+05:30,19.1,88.4,45.7
2021-09-25 08:00:00+05:30,39.4,94.80000000000001,52.6
2021-09-25 10:00:00+05:30,18.8,124.80000000000001,35.5
2021-09-25 11:00:00+05:30,18.7,89.2,31.6
2021-09-25 12:00:00+05:30,17.1,65.6,26.0
2021-09-25 13:00:00+05:30,20.3,55.6,39.75
2021-09-25 14:00:00+05:30,19.9,59.3,33.4
2021-09-25 15:00:00+05:30,19.35,61.3,21.549999999999997
2021-09-25 16:00:00+05:30,20.0,73.19999999999999,36.35
2021-09-25 17:00:00+05:30,20.75,56.25,32.3
2021-09-25 18:00:00+05:30,32.9,44.3,23.9
2021-09-25 19:00:00+05:30,29.85,70.95,22.55
2021-09-25 20:00:00+05:30,23.9,76.44999999999999,32.65
2021-09-25 21:00:00+05:30,18.15,81.3,41.849999999999994
2021-09-25 22:00:00+05:30,21.35,115.44999999999999,48.099999999999994
2021-09-25 23:00:00+05:30,2.0,94.35,42.3
2021-09-26 00:00:00+05:30,10.25,82.45,42.650000000000006
2021-09-26 01:00:00+05:30,12.0,51.7,37.3
2021-09-26 02:00:00+05:30,15.65,55.75,33.2
2021-09-26 03:00:00+05:30,15.799999999999999,42.15,25.25
2021-09-26 04:00:00+05:30,12.8,69.35,50.55
2021-09-26 05:00:00+05:30,15.0,44.9,34.0
2021-09-26 06:00:00+05:30,11.95,40.2,23.15
2021-09-26 07:00:00+05:30,12.05,33.75,18.799999999999997
2021-09-26 08:00:00+05:30,12.8,32.900000000000006,17.0
2021-09-26 09:00:00+05:30,12.7,30.299999999999997,18.65
2021-09-26 10:00:00+05:30,13.7,28.95,23.05
2021-09-26 11:00:00+05:30,14.2,40.3,26.1
2021-09-26 12:00:00+05:30,,,22.0
2021-09-26 13:00:00+05:30,15.6,30.15,19.1
2021-09-26 14:00:00+05:30,14.1,30.9,16.9
2021-09-26 15:00:00+05:30,15.45,29.200000000000003,18.65
2021-09-26 16:00:00+05:30,13.8,35.7,14.7
2021-09-26 18:00:00+05:30,10.1,63.0,20.2
2021-09-26 19:00:00+05:30,0.2,53.9,21.4
2021-09-26 20:00:00+05:30,14.4,50.55,21.1
2021-09-26 21:00:00+05:30,12.2,44.4,20.8
2021-09-26 22:00:00+05:30,3.1,65.3,22.0
2021-09-26 23:00:00+05:30,0.0,57.3,22.0
2021-09-27 00:00:00+05:30,3.95,60.05,24.95
2021-09-27 01:00:00+05:30,10.05,47.45,25.700000000000003
2021-09-27 02:00:00+05:30,10.75,41.5,22.7
2021-09-27 03:00:00+05:30,9.3,39.349999999999994,24.9
2021-09-27 04:00:00+05:30,11.95,75.55,35.9
2021-09-27 05:00:00+05:30,9.6,44.4,33.9
2021-09-27 06:00:00+05:30,11.0,48.0,26.6
2021-09-27 07:00:00+05:30,12.2,46.7,24.1
2021-09-27 08:00:00+05:30,11.8,36.0,24.0
2021-09-27 09:00:00+05:30,12.2,31.200000000000003,23.65
2021-09-27 10:00:00+05:30,13.399999999999999,62.300000000000004,22.05
2021-09-27 12:00:00+05:30,13.2,30.150000000000002,22.1
2021-09-27 13:00:00+05:30,13.2,25.9,20.3
2021-09-27 14:00:00+05:30,12.3,31.35,18.549999999999997
2021-09-27 15:00:00+05:30,13.05,29.700000000000003,17.8
2021-09-27 16:00:00+05:30,12.2,45.6,30.8
2021-09-27 17:00:00+05:30,14.0,38.9,27.4
2021-09-27 18:00:00+05:30,15.75,34.400000000000006,20.4
2021-09-27 19:00:00+05:30,11.899999999999999,34.7,17.25
2021-09-27 20:00:00+05:30,11.5,36.4,17.0
2021-09-27 21:00:00+05:30,15.75,51.900000000000006,17.35
2021-09-27 23:00:00+05:30,14.3,42.1,32.3
2021-09-28 01:00:00+05:30,13.35,38.4,20.1
2021-09-28 02:00:00+05:30,12.35,34.45,20.049999999999997
2021-09-28 03:00:00+05:30,12.05,39.8,19.0
2021-09-28 04:00:00+05:30,13.2,67.9,17.4
2021-09-28 05:00:00+05:30,13.100000000000001,39.7,21.0
2021-09-28 06:00:00+05:30,14.95,41.2,21.549999999999997
2021-09-28 07:00:00+05:30,14.45,31.65,19.25
2021-09-28 08:00:00+05:30,15.5,27.35,18.4
2021-09-28 09:00:00+05:30,17.549999999999997,29.4,19.8
2021-09-28 10:00:00+05:30,16.6,53.2,25.35
2021-09-28 11:00:00+05:30,17.2,39.9,23.9
2021-09-28 12:00:00+05:30,16.2,28.6,21.4
2021-09-28 13:00:00+05:30,16.7,26.5,19.4
2021-09-28 14:00:00+05:30,17.9,33.6,17.7
2021-09-28 16:00:00+05:30,18.0,42.0,21.049999999999997
2021-09-28 17:00:00+05:30,18.0,38.0,20.9
2021-09-28 18:00:00+05:30,16.2,27.450000000000003,16.45
2021-09-28 19:00:00+05:30,17.6,24.7,18.2
2021-09-28 20:00:00+05:30,16.05,22.549999999999997,16.0
2021-09-28 21:00:00+05:30,16.75,23.299999999999997,17.5
2021-09-28 22:00:00+05:30,17.7,29.9,39.8
2021-09-28 23:00:00+05:30,18.3,32.6,30.65
2021-09-29 00:00:00+05:30,21.1,27.05,24.95
2021-09-29 01:00:00+05:30,20.450000000000003,25.75,20.65
2021-09-29 02:00:00+05:30,22.25,24.85,17.549999999999997
2021-09-29 03:00:00+05:30,23.75,25.1,18.05
2021-09-29 04:00:00+05:30,23.55,54.4,18.35
2021-09-29 05:00:00+05:30,24.9,38.5,17.1
2021-09-29 06:00:00+05:30,26.200000000000003,27.55,25.05
2021-09-29 07:00:00+05:30,26.75,330.0,20.65
2021-09-29 08:00:00+05:30,29.3,7127.35,20.1
2021-09-29 09:00:00+05:30,27.65,842.9499999999999,17.25
2021-09-29 10:00:00+05:30,31.9,18.3,14.8
2021-09-29 11:00:00+05:30,29.9,18.3,15.0
2021-09-29 12:00:00+05:30,29.9,19.9,16.05
2021-09-29 13:00:00+05:30,32.05,0.0,13.55
2021-09-29 14:00:00+05:30,26.8,0.0,10.4
2021-09-29 15:00:00+05:30,25.549999999999997,0.0,10.4
2021-09-29 16:00:00+05:30,24.7,0.0,10.4
2021-09-29 17:00:00+05:30,23.6,0.0,10.4
2021-09-29 18:00:00+05:30,26.5,0.0,10.2
2021-09-29 19:00:00+05:30,26.450000000000003,0.0,22.5
2021-09-29 20:00:00+05:30,26.1,0.0,20.7
2021-09-29 21:00:00+05:30,27.75,0.0,18.9
2021-09-29 22:00:00+05:30,26.45,0.0,14.3
2021-09-29 23:00:00+05:30,27.2,0.0,12.0
2021-09-30 00:00:00+05:30,23.3,0.0,13.5
2021-09-30 01:00:00+05:30,23.7,0.0,15.25
2021-09-30 02:00:00+05:30,23.299999999999997,0.0,14.899999999999999
2021-09-30 03:00:00+05:30,21.2,0.0,15.2
2021-09-30 04:00:00+05:30,22.45,0.0,15.35
2021-09-30 05:00:00+05:30,21.1,0.0,15.45
2021-09-30 06:00:00+05:30,18.9,0.0,16.05
2021-09-30 07:00:00+05:30,20.35,0.0,18.25
2021-09-30 08:00:00+05:30,18.5,0.0,17.950000000000003
2021-09-30 09:00:00+05:30,18.6,0.0,17.8
2021-09-30 10:00:00+05:30,19.0,0.0,17.1
2021-09-30 11:00:00+05:30,17.9,0.0,18.4
2021-09-30 12:00:00+05:30,17.55,20.3,17.3
2021-09-30 13:00:00+05:30,18.15,20.3,14.399999999999999
2021-09-30 14:00:00+05:30,15.45,23.4,15.0
2021-09-30 15:00:00+05:30,16.8,32.4,14.8
2021-09-30 16:00:00+05:30,16.25,26.950000000000003,13.75
2021-09-30 17:00:00+05:30,15.2,24.7,14.4
2021-09-30 18:00:00+05:30,14.65,28.05,16.549999999999997
2021-10-13 19:00:00+05:30,19.6,125.8,70.2
2021-10-13 20:00:00+05:30,18.933333333333334,127.2,76.76666666666667
2021-10-13 21:00:00+05:30,23.6,137.0,89.6
2021-10-13 22:00:00+05:30,19.700000000000003,132.6,86.1
2021-10-13 23:00:00+05:30,13.95,124.7,92.0
2021-10-14 00:00:00+05:30,15.0,128.75,90.85
2021-10-14 01:00:00+05:30,13.0,136.1,84.9
2021-10-14 02:00:00+05:30,18.3,110.2,79.4
2021-10-14 03:00:00+05:30,5.1,96.35,59.2
2021-10-14 04:00:00+05:30,7.25,93.15,50.05
2021-10-14 05:00:00+05:30,11.8,87.5,42.9
2021-10-14 06:00:00+05:30,8.85,88.2,45.349999999999994
2021-10-14 07:00:00+05:30,10.95,86.15,45.65
2021-10-14 08:00:00+05:30,11.0,85.8,48.0
2021-10-14 09:00:00+05:30,18.049999999999997,76.8,43.95
2021-10-14 10:00:00+05:30,32.45,80.0,49.7
2021-10-14 11:00:00+05:30,13.3,75.75,41.849999999999994
2021-10-14 12:00:00+05:30,12.75,71.55,47.849999999999994
2021-10-14 13:00:00+05:30,11.65,61.55,46.65
2021-10-14 14:00:00+05:30,12.0,56.7,41.7
2021-10-14 15:00:00+05:30,11.649999999999999,58.25,35.0
2021-10-14 16:00:00+05:30,11.6,58.35,38.85
2021-10-14 17:00:00+05:30,14.85,68.5,40.7
2021-10-14 18:00:00+05:30,19.5,63.05,39.2
2021-10-14 19:00:00+05:30,17.3,66.45,32.900000000000006
2021-10-14 20:00:00+05:30,20.9,64.5,28.9
2021-10-14 21:00:00+05:30,20.0,54.4,28.450000000000003
2021-10-14 22:00:00+05:30,16.45,66.65,27.25
2021-10-14 23:00:00+05:30,18.0,61.1,39.2
2021-10-15 00:00:00+05:30,13.05,70.55000000000001,35.25
2021-10-15 01:00:00+05:30,17.1,72.4,28.9
2021-10-15 02:00:00+05:30,15.6,66.7,31.8
2021-10-15 03:00:00+05:30,14.450000000000001,67.3,37.15
2021-10-15 04:00:00+05:30,15.9,67.15,42.15
2021-10-15 05:00:00+05:30,12.2,69.0,37.9
2021-10-15 06:00:00+05:30,15.75,70.25,35.849999999999994
2021-10-15 07:00:00+05:30,15.25,80.5,36.75
2021-10-15 08:00:00+05:30,16.0,81.5,41.2
2021-10-15 09:00:00+05:30,13.5,86.05,52.7
2021-10-15 10:00:00+05:30,12.65,85.0,47.45
2021-10-15 11:00:00+05:30,11.5,76.1,51.55
2021-10-15 12:00:00+05:30,14.7,78.19999999999999,50.55
2021-10-15 13:00:00+05:30,14.2,79.3,59.5
2021-10-15 14:00:00+05:30,15.8,72.7,55.05
2021-10-15 15:00:00+05:30,14.05,79.45,51.0
2021-10-15 16:00:00+05:30,18.35,79.5,47.849999999999994
2021-10-15 17:00:00+05:30,13.8,73.3,46.95
2021-10-15 18:00:00+05:30,15.2,64.5,40.75
2021-10-15 19:00:00+05:30,17.35,63.0,33.0
2021-10-15 20:00:00+05:30,14.65,61.95,37.3
2021-10-15 21:00:00+05:30,13.05,61.400000000000006,37.05
2021-10-15 22:00:00+05:30,12.45,56.8,32.849999999999994
2021-10-15 23:00:00+05:30,13.0,46.6,26.6
2021-10-16 00:00:00+05:30,13.05,47.2,22.25
2021-10-16 01:00:00+05:30,12.2,39.8,20.299999999999997
2021-10-16 02:00:00+05:30,11.25,34.8,21.25
2021-10-16 03:00:00+05:30,10.35,37.400000000000006,19.2
2021-10-16 04:00:00+05:30,11.6,39.5,22.1
2021-10-16 05:00:00+05:30,11.3,37.0,18.700000000000003
2021-10-16 06:00:00+05:30,11.649999999999999,39.3,17.1
2021-10-16 07:00:00+05:30,11.3,40.85,19.4
2021-10-16 08:00:00+05:30,11.8,42.45,18.0
2021-10-16 09:00:00+05:30,12.0,38.15,18.200000000000003
2021-10-16 10:00:00+05:30,12.399999999999999,46.150000000000006,17.2
2021-10-16 11:00:00+05:30,12.1,40.2,23.2
2021-10-16 12:00:00+05:30,12.399999999999999,40.349999999999994,19.85
2021-10-16 13:00:00+05:30,11.5,45.8,18.05
2021-10-16 14:00:00+05:30,12.05,39.0,17.35
2021-10-16 15:00:00+05:30,14.65,35.5,15.3
2021-10-16 16:00:00+05:30,13.55,37.1,14.2
2021-10-16 17:00:00+05:30,13.25,41.8,17.299999999999997
2021-10-16 18:00:00+05:30,14.0,40.25,15.8
2021-10-16 19:00:00+05:30,17.2,36.2,15.5
2021-10-16 20:00:00+05:30,14.5,42.75,14.5
2021-10-16 21:00:00+05:30,15.45,40.1,14.5
2021-10-16 22:00:00+05:30,15.6,40.4,17.3
2021-10-16 23:00:00+05:30,11.0,47.6,17.3
2021-10-17 00:00:00+05:30,10.899999999999999,45.4,22.049999999999997
2021-10-17 01:00:00+05:30,10.2,45.400000000000006,19.95
2021-10-17 02:00:00+05:30,10.8,42.849999999999994,20.75
2021-10-17 03:00:00+05:30,10.55,41.75,19.549999999999997
2021-10-17 04:00:00+05:30,8.7,35.5,17.9
2021-10-17 05:00:00+05:30,9.35,31.2,18.35
2021-10-17 06:00:00+05:30,8.85,28.85,16.6
2021-10-17 07:00:00+05:30,9.25,31.65,15.9
2021-10-17 08:00:00+05:30,9.05,29.25,14.3
2021-10-17 09:00:00+05:30,9.75,27.4,14.3
2021-10-17 10:00:00+05:30,9.9,26.1,13.4
2021-10-17 11:00:00+05:30,12.85,25.2,13.75
2021-10-17 12:00:00+05:30,11.8,32.0,18.75
2021-10-17 13:00:00+05:30,12.45,42.3,20.450000000000003
2021-10-17 14:00:00+05:30,11.25,39.7,18.65
2021-10-17 15:00:00+05:30,11.2,36.9,18.9
2021-10-17 16:00:00+05:30,11.05,34.85,16.35
2021-10-17 17:00:00+05:30,11.0,31.5,17.0
2021-10-17 18:00:00+05:30,11.3,28.8,15.2
2021-10-17 19:00:00+05:30,10.95,32.3,14.7
2021-10-17 20:00:00+05:30,11.2,29.5,13.9
2021-10-17 21:00:00+05:30,10.399999999999999,28.200000000000003,13.95
2021-10-17 22:00:00+05:30,9.9,26.65,13.149999999999999
2021-10-17 23:00:00+05:30,9.55,25.5,13.1
2021-10-18 00:00:00+05:30,9.75,26.6,14.4
2021-10-18 01:00:00+05:30,9.55,30.549999999999997,14.1
2021-10-18 02:00:00+05:30,9.75,28.5,13.95
2021-10-18 03:00:00+05:30,10.4,26.75,13.7
2021-10-18 04:00:00+05:30,10.2,26.15,13.6
2021-10-18 05:00:00+05:30,10.3,26.05,13.649999999999999
2021-10-18 06:00:00+05:30,10.4,35.95,13.8
2021-10-18 07:00:00+05:30,10.5,34.4,15.1
2021-10-18 08:00:00+05:30,10.7,30.75,14.7
2021-10-18 09:00:00+05:30,11.55,28.950000000000003,14.5
2021-10-18 10:00:00+05:30,11.1,31.55,14.55
2021-10-18 11:00:00+05:30,12.399999999999999,34.6,14.2
2021-10-18 12:00:00+05:30,10.1,20.3,9.9
2021-10-18 13:00:00+05:30,12.899999999999999,41.65,9.9
2021-10-18 14:00:00+05:30,10.95,46.5,10.9
2021-10-18 15:00:00+05:30,6.05,39.4,11.3
2021-10-18 16:00:00+05:30,2.0,40.9,11.6
2021-10-18 17:00:00+05:30,2.0,35.3,12.7
2021-10-18 18:00:00+05:30,15.3,31.4,12.7
2021-10-18 21:00:00+05:30,14.4,34.5,15.8
2021-10-18 22:00:00+05:30,13.5,39.6,15.1
2021-10-18 23:00:00+05:30,12.0,39.2,14.9
2021-10-19 00:00:00+05:30,12.25,43.2,15.6
2021-10-19 01:00:00+05:30,12.0,43.8,18.9
2021-10-19 02:00:00+05:30,11.1,37.2,16.1
2021-10-19 03:00:00+05:30,11.2,32.4,14.2
2021-10-19 04:00:00+05:30,10.7,29.5,13.9
2021-10-19 05:00:00+05:30,11.5,27.7,14.0
2021-10-19 06:00:00+05:30,12.65,31.5,12.9
2021-10-19 07:00:00+05:30,12.149999999999999,38.9,12.5
2021-10-19 08:00:00+05:30,12.7,34.5,11.9
2021-10-19 09:00:00+05:30,12.45,34.3,12.4
2021-10-19 10:00:00+05:30,12.3,34.4,12.7
2021-10-19 11:00:00+05:30,12.0,30.8,14.2
2021-10-19 12:00:00+05:30,11.9,28.6,15.8
2021-10-19 13:00:00+05:30,12.5,33.4,21.8
2021-10-19 14:00:00+05:30,11.85,30.2,19.1
2021-10-19 15:00:00+05:30,11.35,37.0,17.3
2021-10-19 16:00:00+05:30,11.75,35.4,19.7
2021-10-19 17:00:00+05:30,12.65,31.4,17.8
2021-10-19 18:00:00+05:30,12.95,30.3,16.7
2021-10-19 19:00:00+05:30,12.6,38.5,23.7
2021-10-19 20:00:00+05:30,11.7,34.0,19.6
2021-10-19 21:00:00+05:30,12.25,39.1,16.7
2021-10-19 22:00:00+05:30,11.95,34.8,15.7
2021-10-19 23:00:00+05:30,10.399999999999999,38.5,18.0
2021-10-20 00:00:00+05:30,10.65,33.2,17.4
2021-10-20 01:00:00+05:30,10.0,36.0,16.2
2021-10-20 02:00:00+05:30,10.649999999999999,34.7,16.9
2021-10-20 03:00:00+05:30,10.600000000000001,33.5,16.6
2021-10-20 04:00:00+05:30,10.35,33.9,18.2
2021-10-20 05:00:00+05:30,10.649999999999999,30.3,16.7
2021-10-20 06:00:00+05:30,10.05,35.4,16.1
2021-10-20 07:00:00+05:30,9.95,42.7,14.5
2021-10-20 08:00:00+05:30,9.7,36.7,14.7
2021-10-20 09:00:00+05:30,9.9,33.4,18.8
2021-10-20 10:00:00+05:30,10.95,36.3,16.1
2021-10-20 11:00:00+05:30,10.85,33.0,21.8
2021-10-20 14:00:00+05:30,11.399999999999999,46.6,29.2
2021-10-20 15:00:00+05:30,13.0,56.5,32.9
2021-10-20 16:00:00+05:30,13.95,52.0,34.2
2021-10-20 17:00:00+05:30,16.15,54.1,40.5
2021-10-20 18:00:00+05:30,11.3,61.25,34.9
2021-10-20 19:00:00+05:30,2.6500000000000004,90.3,54.7
2021-10-20 20:00:00+05:30,7.2,91.2,63.0
2021-10-20 21:00:00+05:30,13.8,101.0,72.9
2021-10-20 22:00:00+05:30,8.15,94.3,68.75
2021-10-20 23:00:00+05:30,11.05,94.9,73.4
2021-10-21 00:00:00+05:30,9.350000000000001,88.6,60.0
2021-10-21 01:00:00+05:30,10.8,89.4,66.5
2021-10-21 02:00:00+05:30,8.45,93.2,59.6
2021-10-21 03:00:00+05:30,8.85,96.0,58.5
2021-10-21 04:00:00+05:30,9.7,93.7,66.6
2021-10-21 05:00:00+05:30,10.05,87.7,54.4
2021-10-21 06:00:00+05:30,10.600000000000001,83.7,47.8
2021-10-21 07:00:00+05:30,11.7,105.0,39.9
2021-10-21 08:00:00+05:30,12.8,94.1,48.2
2021-10-21 09:00:00+05:30,15.0,103.7,59.7
2021-10-21 10:00:00+05:30,16.0,95.1,56.2
2021-10-21 11:00:00+05:30,16.049999999999997,94.4,60.7
2021-10-21 12:00:00+05:30,13.25,90.4,53.8
2021-10-21 13:00:00+05:30,8.55,88.1,49.0
2021-10-21 14:00:00+05:30,14.55,81.0,50.4
2021-10-21 15:00:00+05:30,16.45,80.0,47.5
2021-10-21 16:00:00+05:30,20.0,80.7,48.0
2021-10-21 17:00:00+05:30,21.75,83.8,52.4
2021-10-21 18:00:00+05:30,0.4,124.6,84.4
2021-10-21 19:00:00+05:30,0.0,150.0,87.7
2021-10-21 20:00:00+05:30,0.0,155.0,95.9
2021-10-21 21:00:00+05:30,0.05,160.9,88.8
2021-10-21 22:00:00+05:30,5.5,137.1,78.0
2021-10-21 23:00:00+05:30,7.1,115.6,85.7
2021-10-22 00:00:00+05:30,8.850000000000001,105.6,77.1
2021-10-22 01:00:00+05:30,8.9,101.2,78.7
2021-10-22 02:00:00+05:30,7.300000000000001,90.7,71.2
2021-10-22 03:00:00+05:30,10.600000000000001,80.4,72.5
2021-10-22 04:00:00+05:30,7.4,79.5,67.9
2021-10-22 05:00:00+05:30,3.15,92.4,61.7
2021-10-22 06:00:00+05:30,8.0,90.5,62.4
2021-10-22 07:00:00+05:30,9.8,94.3,50.4
2021-10-22 08:00:00+05:30,13.4,91.3,56.3
2021-10-22 09:00:00+05:30,15.9,86.5,60.1
2021-10-22 10:00:00+05:30,15.25,85.8,58.3
2021-10-22 11:00:00+05:30,11.3,53.05,34.1
2021-10-22 12:00:00+05:30,10.2,113.1,23.7
2021-10-22 13:00:00+05:30,13.8,98.9,31.4
2021-10-22 14:00:00+05:30,17.3,98.9,31.4
2021-10-22 15:00:00+05:30,14.95,102.44999999999999,48.95
2021-10-22 16:00:00+05:30,15.75,110.39999999999999,58.25
2021-10-22 17:00:00+05:30,19.25,123.05,59.95
2021-10-22 18:00:00+05:30,22.0,122.4,60.849999999999994
2021-10-22 19:00:00+05:30,21.1,131.45,65.3
2021-10-22 20:00:00+05:30,24.1,137.65,74.15
2021-10-22 21:00:00+05:30,12.200000000000001,143.5,82.75
2021-10-22 22:00:00+05:30,0.35,160.2,94.0
2021-10-22 23:00:00+05:30,2.1,173.45,104.44999999999999
2021-10-23 00:00:00+05:30,0.0,171.15,107.9
2021-10-23 01:00:00+05:30,0.0,169.55,104.95
2021-10-23 02:00:00+05:30,0.25,166.89999999999998,104.15
2021-10-23 03:00:00+05:30,0.55,157.2,99.95
2021-10-23 04:00:00+05:30,0.15,148.55,94.05
2021-10-23 05:00:00+05:30,0.0,146.35000000000002,95.25
2021-10-23 06:00:00+05:30,0.8,151.3,102.2
2021-10-23 07:00:00+05:30,10.399999999999999,156.45,107.4
2021-10-23 08:00:00+05:30,14.65,154.8,98.25
2021-10-23 09:00:00+05:30,17.8,156.15,86.35
2021-10-23 10:00:00+05:30,18.95,163.85000000000002,90.35
2021-10-23 11:00:00+05:30,19.05,171.25,95.95
2021-10-23 12:00:00+05:30,19.25,178.35,93.5
2021-10-23 13:00:00+05:30,19.05,181.85,93.05
2021-10-23 14:00:00+05:30,19.2,176.8,92.4
2021-10-23 15:00:00+05:30,31.0,173.7,93.1
2021-10-23 16:00:00+05:30,37.85,175.4,91.30000000000001
2021-10-23 17:00:00+05:30,31.85,171.3,93.45
2021-10-23 18:00:00+05:30,25.15,181.7,109.85
2021-10-23 19:00:00+05:30,10.7,185.0,110.0
2021-10-23 20:00:00+05:30,7.6499999999999995,184.7,113.95
2021-10-23 21:00:00+05:30,1.5,194.8,123.2
2021-10-23 22:00:00+05:30,0.0,207.55,132.1
2021-10-23 23:00:00+05:30,0.25,206.15,131.89999999999998
2021-10-24 00:00:00+05:30,0.1,198.10000000000002,127.3
2021-10-24 01:00:00+05:30,0.55,191.7,126.85
2021-10-24 02:00:00+05:30,4.0,183.89999999999998,123.35
2021-10-24 03:00:00+05:30,1.8,168.89999999999998,106.6
2021-10-24 04:00:00+05:30,4.699999999999999,153.6,100.9
2021-10-24 05:00:00+05:30,3.85,149.35,99.85
2021-10-24 06:00:00+05:30,1.9,150.1,90.6
2021-10-24 07:00:00+05:30,8.95,156.45,95.5
2021-10-24 08:00:00+05:30,10.899999999999999,148.14999999999998,94.0
2021-10-24 09:00:00+05:30,13.2,141.6,91.0
2021-10-24 10:00:00+05:30,15.733333333333334,127.26666666666667,79.3
2021-10-24 11:00:00+05:30,15.7,119.0,78.9
2021-10-24 12:00:00+05:30,14.4,117.25,78.7
2021-10-24 13:00:00+05:30,13.649999999999999,115.2,77.45
2021-10-24 14:00:00+05:30,14.1,107.2,70.4
2021-10-24 15:00:00+05:30,16.299999999999997,105.25,69.80000000000001
2021-10-24 16:00:00+05:30,15.2,112.94999999999999,65.55
2021-10-24 17:00:00+05:30,15.3,117.3,66.95
2021-10-24 18:00:00+05:30,16.0,110.0,58.6
2021-10-24 19:00:00+05:30,19.200000000000003,111.5,66.15
2021-10-24 20:00:00+05:30,21.15,118.5,80.05000000000001
2021-10-24 21:00:00+05:30,17.35,127.65,85.6
2021-10-24 22:00:00+05:30,16.0,133.3,84.8
2021-10-24 23:00:00+05:30,4.25,149.8,102.3
2021-10-25 00:00:00+05:30,8.4,163.75,126.45
2021-10-25 01:00:00+05:30,9.5,178.0,131.8
2021-10-25 02:00:00+05:30,11.05,174.85,123.65
2021-10-25 03:00:00+05:30,10.8,167.95,110.65
2021-10-25 04:00:00+05:30,11.5,159.64999999999998,107.05
2021-10-25 05:00:00+05:30,11.3,152.39999999999998,101.25
2021-10-25 06:00:00+05:30,13.75,154.2,98.25
2021-10-25 07:00:00+05:30,13.95,156.7,99.9
2021-10-25 08:00:00+05:30,15.450000000000001,148.85,92.75
2021-10-25 09:00:00+05:30,16.1,137.65,84.7
2021-10-25 10:00:00+05:30,16.450000000000003,131.65,80.15
2021-10-25 11:00:00+05:30,17.299999999999997,125.7,74.55000000000001
2021-10-25 12:00:00+05:30,15.75,119.95,67.1
2021-10-25 13:00:00+05:30,15.1,119.5,64.0
2021-10-25 14:00:00+05:30,17.450000000000003,112.95,73.3
2021-10-25 15:00:00+05:30,20.95,108.5,67.65
2021-10-25 16:00:00+05:30,17.65,112.35,63.85
2021-10-25 17:00:00+05:30,31.9,108.9,68.0
2021-10-25 18:00:00+05:30,20.75,120.3,73.4
2021-10-25 19:00:00+05:30,27.25,132.85,82.8
2021-10-25 20:00:00+05:30,16.1,141.8,85.9
2021-10-25 21:00:00+05:30,3.4,153.5,96.2
2021-10-25 22:00:00+05:30,0.0,170.3,112.05000000000001
2021-10-25 23:00:00+05:30,0.0,189.64999999999998,121.80000000000001
2021-10-26 00:00:00+05:30,0.05,212.3,130.75
2021-10-26 01:00:00+05:30,9.3,207.4,127.65
2021-10-26 02:00:00+05:30,5.75,178.4,117.75
2021-10-26 03:00:00+05:30,7.800000000000001,163.95,110.35
2021-10-26 04:00:00+05:30,9.0,151.95,107.05000000000001
2021-10-26 05:00:00+05:30,13.1,143.05,103.95
2021-10-26 06:00:00+05:30,14.7,146.5,103.1
2021-10-26 07:00:00+05:30,15.100000000000001,154.75,101.7
2021-10-26 08:00:00+05:30,17.55,156.8,99.35
2021-10-26 09:00:00+05:30,17.8,149.9,99.4
2021-10-26 10:00:00+05:30,18.3,137.9,95.7
2021-10-26 11:00:00+05:30,18.299999999999997,137.9,95.7
2021-10-26 12:00:00+05:30,13.3,23.55,12.05
2021-10-26 13:00:00+05:30,45.8,135.4,87.1
2021-10-26 14:00:00+05:30,24.9,117.25,79.15
2021-10-26 16:00:00+05:30,54.5,111.7,73.8
2021-10-26 17:00:00+05:30,60.4,120.69999999999999,78.25
2021-10-26 18:00:00+05:30,54.4,138.9,82.8
2021-10-26 19:00:00+05:30,43.4,151.9,77.8
2021-10-26 20:00:00+05:30,25.35,164.05,95.3
2021-10-26 21:00:00+05:30,24.9,171.6,101.0
2021-10-26 22:00:00+05:30,13.95,167.14999999999998,97.05
2021-10-26 23:00:00+05:30,13.8,171.1,105.7
2021-10-27 00:00:00+05:30,19.35,158.65,110.6
2021-10-27 01:00:00+05:30,15.399999999999999,151.45,104.2
2021-10-27 02:00:00+05:30,15.5,140.85000000000002,104.7
2021-10-27 03:00:00+05:30,16.75,139.9,98.2
2021-10-27 04:00:00+05:30,17.25,134.4,92.3
2021-10-27 05:00:00+05:30,18.0,126.65,83.5
2021-10-27 06:00:00+05:30,17.7,127.35,84.2
2021-10-27 07:00:00+05:30,19.05,137.2,93.85
2021-10-27 08:00:00+05:30,18.8,142.1,86.2
2021-10-27 09:00:00+05:30,18.0,136.75,85.55
2021-10-27 10:00:00+05:30,18.0,128.4,81.95
2021-10-27 11:00:00+05:30,18.05,114.44999999999999,73.55
2021-10-27 12:00:00+05:30,17.4,102.3,71.8
2021-10-27 13:00:00+05:30,16.5,108.05,63.45
2021-10-27 14:00:00+05:30,15.799999999999999,100.15,66.8
2021-10-27 15:00:00+05:30,14.7,88.9,58.400000000000006
2021-10-27 16:00:00+05:30,15.6,83.6,47.2
2021-10-27 17:00:00+05:30,19.4,81.44999999999999,58.25
2021-10-27 18:00:00+05:30,23.6,88.15,46.55
2021-10-27 19:00:00+05:30,25.6,84.7,38.5
2021-10-27 20:00:00+05:30,29.25,88.8,48.6
2021-10-27 21:00:00+05:30,26.25,98.75,47.75
2021-10-27 22:00:00+05:30,18.55,97.0,57.25
2021-10-27 23:00:00+05:30,19.0,102.4,55.7
2021-10-28 00:00:00+05:30,16.5,96.6,62.8
2021-10-28 01:00:00+05:30,18.200000000000003,104.30000000000001,73.1
2021-10-28 02:00:00+05:30,16.0,108.7,70.25
2021-10-28 03:00:00+05:30,14.2,100.4,72.25
2021-10-28 04:00:00+05:30,13.600000000000001,112.9,66.45
2021-10-28 05:00:00+05:30,13.600000000000001,105.05,67.6
2021-10-28 06:00:00+05:30,14.6,103.25,62.75
2021-10-28 07:00:00+05:30,14.3,101.5,54.0
2021-10-28 08:00:00+05:30,14.2,97.8,53.2
2021-10-28 09:00:00+05:30,14.9,101.15,51.75
2021-10-28 10:00:00+05:30,15.05,99.65,70.1
2021-10-28 11:00:00+05:30,15.6,97.55000000000001,59.0
2021-10-28 12:00:00+05:30,16.5,103.55000000000001,63.25
2021-10-28 13:00:00+05:30,15.9,108.1,68.2
2021-10-28 14:00:00+05:30,15.799999999999999,113.4,65.25
2021-10-28 15:00:00+05:30,15.600000000000001,106.65,71.0
2021-10-28 16:00:00+05:30,21.65,104.85,77.85
2021-10-28 17:00:00+05:30,24.65,111.5,79.35
2021-10-28 18:00:00+05:30,21.0,117.6,82.19999999999999
2021-10-28 19:00:00+05:30,22.3,117.75,78.9
2021-10-28 20:00:00+05:30,14.75,122.1,80.1
2021-10-28 21:00:00+05:30,14.2,116.3,83.1
2021-10-28 22:00:00+05:30,10.6,135.8,91.8
2021-10-28 23:00:00+05:30,7.6,137.6,91.3
2021-10-29 00:00:00+05:30,6.550000000000001,149.85000000000002,99.15
2021-10-29 01:00:00+05:30,10.35,174.8,118.6
2021-10-29 02:00:00+05:30,9.9,166.2,103.2
2021-10-29 03:00:00+05:30,11.350000000000001,152.45,93.45
2021-10-29 04:00:00+05:30,11.2,132.25,85.75
2021-10-29 05:00:00+05:30,12.6,120.3,79.6
2021-10-29 06:00:00+05:30,12.7,113.85,80.05
2021-10-29 07:00:00+05:30,14.0,109.1,77.0
2021-10-29 08:00:00+05:30,14.75,121.35,78.4
2021-10-29 09:00:00+05:30,14.8,117.05,78.0
2021-10-29 10:00:00+05:30,15.5,118.44999999999999,70.19999999999999
2021-10-29 11:00:00+05:30,14.65,112.75,66.85
2021-10-29 12:00:00+05:30,14.5,105.69999999999999,65.0
2021-10-29 13:00:00+05:30,14.25,102.45,64.4
2021-10-29 14:00:00+05:30,15.3,101.9,57.6
2021-10-29 15:00:00+05:30,16.8,98.9,54.95
2021-10-29 16:00:00+05:30,16.549999999999997,103.2,64.15
2021-10-29 17:00:00+05:30,17.2,104.15,62.4
2021-10-29 18:00:00+05:30,18.8,112.6,65.5
2021-10-29 19:00:00+05:30,18.1,125.4,71.5
2021-10-29 20:00:00+05:30,18.85,129.60000000000002,72.65
2021-10-29 21:00:00+05:30,19.65,137.2,70.8
2021-10-29 22:00:00+05:30,17.75,127.3,71.1
2021-10-29 23:00:00+05:30,16.3,128.3,74.8
2021-10-30 00:00:00+05:30,16.3,133.60000000000002,73.3
2021-10-30 01:00:00+05:30,14.95,127.30000000000001,62.65
2021-10-30 02:00:00+05:30,14.5,131.7,71.1
2021-10-30 03:00:00+05:30,13.6,134.1,72.1
2021-10-30 04:00:00+05:30,14.6,126.0,67.5
2021-10-30 05:00:00+05:30,14.3,118.8,63.45
2021-10-30 06:00:00+05:30,13.95,119.3,66.2
2021-10-30 07:00:00+05:30,14.1,129.0,66.3
2021-10-30 08:00:00+05:30,13.95,134.8,67.6
2021-10-30 09:00:00+05:30,14.3,113.25,63.8
2021-10-30 10:00:00+05:30,14.4,123.85,57.4
2021-10-30 11:00:00+05:30,14.0,118.45,60.55
2021-10-30 12:00:00+05:30,14.2,116.0,64.5
2021-10-30 13:00:00+05:30,14.649999999999999,114.8,50.15
2021-10-30 14:00:00+05:30,15.35,105.30000000000001,56.6
2021-10-30 15:00:00+05:30,15.65,125.9,70.6
2021-10-30 16:00:00+05:30,16.3,123.2,64.35
2021-10-30 17:00:00+05:30,18.5,132.3,69.55
2021-10-30 18:00:00+05:30,23.2,138.4,78.2
2021-10-30 19:00:00+05:30,24.65,149.45,89.0
2021-10-30 20:00:00+05:30,23.15,153.45,91.8
2021-10-30 21:00:00+05:30,20.049999999999997,148.1,85.45
2021-10-30 22:00:00+05:30,21.25,144.45,82.30000000000001
2021-10-30 23:00:00+05:30,20.0,150.3,85.3
2021-10-31 00:00:00+05:30,18.2,154.85,85.0
2021-10-31 01:00:00+05:30,17.049999999999997,159.45,84.6
2021-10-31 02:00:00+05:30,15.0,150.0,81.05
2021-10-31 03:00:00+05:30,14.8,150.05,79.8
2021-10-31 04:00:00+05:30,14.7,143.10000000000002,69.0
2021-10-31 05:00:00+05:30,14.25,131.25,70.5
2021-10-31 06:00:00+05:30,16.0,125.5,71.1
2021-10-31 07:00:00+05:30,14.95,125.45,64.80000000000001
2021-10-31 08:00:00+05:30,15.350000000000001,128.35000000000002,62.85
2021-10-31 09:00:00+05:30,15.25,126.2,67.85
2021-10-31 10:00:00+05:30,14.25,125.9,69.05000000000001
2021-10-31 11:00:00+05:30,14.2,123.45,63.35
2021-10-31 12:00:00+05:30,13.85,125.5,71.9
2021-10-31 13:00:00+05:30,13.5,134.0,72.45
2021-10-31 14:00:00+05:30,13.9,135.3,74.3
2021-10-31 15:00:00+05:30,13.85,131.14999999999998,73.75
2021-10-31 16:00:00+05:30,15.299999999999999,132.85000000000002,73.4
2021-10-31 17:00:00+05:30,17.6,134.95,80.15
2021-10-31 18:00:00+05:30,18.85,136.5,78.1
2021-10-31 19:00:00+05:30,25.6,137.2,84.95
2021-10-31 20:00:00+05:30,25.6,164.2,84.0
2021-10-31 21:00:00+05:30,20.0,167.85,92.35
2021-10-31 22:00:00+05:30,17.7,175.95,111.69999999999999
2021-10-31 23:00:00+05:30,8.95,195.6,115.4
2021-11-01 00:00:00+05:30,10.95,195.4,118.75
2021-11-01 01:00:00+05:30,10.5,195.3,117.4
2021-11-01 02:00:00+05:30,11.2,183.95,113.85
2021-11-01 03:00:00+05:30,10.0,172.35000000000002,108.15
2021-11-01 04:00:00+05:30,9.9,154.45,87.7
2021-11-01 05:00:00+05:30,12.55,151.85,93.1
2021-11-01 06:00:00+05:30,13.7,144.65,83.6
2021-11-01 07:00:00+05:30,14.55,151.1,93.5
2021-11-01 08:00:00+05:30,16.2,149.3,89.85
2021-11-01 09:00:00+05:30,16.65,140.6,81.15
2021-11-01 10:00:00+05:30,17.2,134.95,78.9
2021-11-01 11:00:00+05:30,16.700000000000003,136.1,75.65
2021-11-01 12:00:00+05:30,16.15,132.55,70.05
2021-11-01 13:00:00+05:30,15.25,133.15,71.05000000000001
2021-11-01 14:00:00+05:30,15.149999999999999,123.80000000000001,58.55
2021-11-01 15:00:00+05:30,15.95,119.30000000000001,70.75
2021-11-01 16:00:00+05:30,18.6,116.6,61.3
2021-11-01 17:00:00+05:30,19.8,120.6,65.5
2021-11-01 18:00:00+05:30,18.45,134.25,74.2
2021-11-01 19:00:00+05:30,1.5,163.95,84.25
2021-11-01 20:00:00+05:30,0.0,206.95,125.1
2021-11-01 21:00:00+05:30,0.0,251.8,140.15
2021-11-01 22:00:00+05:30,0.0,265.70000000000005,149.95
2021-11-01 23:00:00+05:30,0.0,270.1,172.1
2021-11-02 00:00:00+05:30,0.0,279.2,173.25
2021-11-02 01:00:00+05:30,0.0,253.5,153.10000000000002
2021-11-02 02:00:00+05:30,0.0,205.3,144.1
2021-11-02 03:00:00+05:30,0.0,206.2,128.9
2021-11-02 04:00:00+05:30,0.0,181.55,119.35
2021-11-02 05:00:00+05:30,0.0,175.5,111.5
2021-11-02 06:00:00+05:30,0.4,155.60000000000002,109.6
2021-11-02 07:00:00+05:30,8.7,166.1,115.95
2021-11-02 08:00:00+05:30,13.8,165.25,94.85
2021-11-02 09:00:00+05:30,16.5,146.6,86.2
2021-11-02 10:00:00+05:30,18.15,140.7,87.6
2021-11-02 11:00:00+05:30,18.0,127.19999999999999,73.8
2021-11-02 12:00:00+05:30,17.2,122.5,73.5
2021-11-02 13:00:00+05:30,16.75,117.3,68.65
2021-11-02 14:00:00+05:30,15.95,105.3,74.15
2021-11-02 15:00:00+05:30,16.700000000000003,97.4,66.1
2021-11-02 16:00:00+05:30,16.950000000000003,99.69999999999999,62.75
2021-11-02 17:00:00+05:30,22.299999999999997,102.95,58.7
2021-11-02 18:00:00+05:30,26.2,114.85,68.4
2021-11-02 19:00:00+05:30,26.4,134.1,82.9
2021-11-02 20:00:00+05:30,15.7,141.89999999999998,84.30000000000001
2021-11-02 21:00:00+05:30,12.649999999999999,150.55,89.8
2021-11-02 22:00:00+05:30,1.15,162.8,108.1
2021-11-02 23:00:00+05:30,0.0,198.3,123.3
2021-11-03 00:00:00+05:30,0.1,201.5,129.65
2021-11-03 01:00:00+05:30,7.55,211.05,134.0
2021-11-03 02:00:00+05:30,8.9,191.9,131.39999999999998
2021-11-03 03:00:00+05:30,12.600000000000001,191.64999999999998,119.94999999999999
2021-11-03 04:00:00+05:30,14.1,167.7,113.85
2021-11-03 05:00:00+05:30,13.4,147.45,93.95
2021-11-03 06:00:00+05:30,15.25,150.5,92.8
2021-11-03 07:00:00+05:30,15.95,145.5,85.0
2021-11-03 08:00:00+05:30,16.1,132.5,73.9
2021-11-03 09:00:00+05:30,17.200000000000003,119.65,72.9
2021-11-03 10:00:00+05:30,15.6,108.95,58.599999999999994
2021-11-03 11:00:00+05:30,17.15,111.5,50.349999999999994
2021-11-03 12:00:00+05:30,16.3,97.8,48.2
2021-11-03 13:00:00+05:30,13.2,101.3,57.3
2021-11-03 14:00:00+05:30,33.55,102.15,59.3
2021-11-03 15:00:00+05:30,40.5,104.8,52.3
2021-11-03 17:00:00+05:30,26.65,99.05000000000001,62.7
2021-11-03 18:00:00+05:30,28.2,114.7,68.9
2021-11-03 19:00:00+05:30,20.65,146.25,73.25
2021-11-03 20:00:00+05:30,15.1,142.8,85.15
2021-11-03 21:00:00+05:30,4.95,174.6,97.95
2021-11-03 22:00:00+05:30,0.0,196.5,106.4
2021-11-03 23:00:00+05:30,29.9,204.4,127.4
2021-11-04 00:00:00+05:30,28.05,236.55,158.75
2021-11-04 01:00:00+05:30,22.35,246.89999999999998,157.1
2021-11-04 02:00:00+05:30,23.35,234.85000000000002,153.7
2021-11-04 03:00:00+05:30,29.0,231.7,170.8
2021-11-04 04:00:00+05:30,26.4,203.9,134.85
2021-11-04 05:00:00+05:30,29.299999999999997,180.64999999999998,112.75
2021-11-04 06:00:00+05:30,26.85,179.25,118.4
2021-11-04 07:00:00+05:30,30.849999999999998,178.7,108.45
2021-11-04 08:00:00+05:30,36.05,174.45,109.19999999999999
2021-11-04 09:00:00+05:30,33.4,181.3,111.8
2021-11-04 10:00:00+05:30,35.15,154.55,105.3
2021-11-04 11:00:00+05:30,24.8,151.8,96.6
2021-11-04 12:00:00+05:30,17.05,152.3,96.1
2021-11-04 13:00:00+05:30,19.7,167.6,47.5
2021-11-04 14:00:00+05:30,18.5,156.1,69.6
2021-11-04 15:00:00+05:30,20.5,147.8,60.7
2021-11-04 16:00:00+05:30,25.700000000000003,148.4,64.7
2021-11-04 17:00:00+05:30,42.8,131.1,51.8
2021-11-04 18:00:00+05:30,77.0,136.3,62.3
2021-11-04 19:00:00+05:30,83.15,169.8,90.1
2021-11-04 20:00:00+05:30,65.4,192.7,111.2
2021-11-04 21:00:00+05:30,52.150000000000006,438.3,176.0
2021-11-04 22:00:00+05:30,41.15,571.4,247.0
2021-11-04 23:00:00+05:30,39.9,614.4,323.9
2021-11-05 00:00:00+05:30,35.650000000000006,574.3,351.3
2021-11-05 01:00:00+05:30,30.6,536.7,313.1
2021-11-05 02:00:00+05:30,31.7,268.8,163.0
2021-11-05 03:00:00+05:30,28.6,215.8,124.3
2021-11-05 04:00:00+05:30,29.55,152.2,75.0
2021-11-05 05:00:00+05:30,29.65,309.3,183.6
2021-11-05 06:00:00+05:30,27.6,225.1,144.0
2021-11-05 07:00:00+05:30,31.5,132.7,81.7
2021-11-05 08:00:00+05:30,30.75,126.5,64.4
2021-11-05 09:00:00+05:30,30.6,140.7,40.5
2021-11-05 10:00:00+05:30,27.950000000000003,112.3,55.6
2021-11-05 11:00:00+05:30,23.5,107.4,40.6
2021-11-05 13:00:00+05:30,21.2,98.7,52.6
2021-11-05 15:00:00+05:30,21.9,98.5,51.8
2021-11-05 16:00:00+05:30,21.0,83.3,50.7
2021-11-05 17:00:00+05:30,29.0,89.1,47.6
2021-11-05 18:00:00+05:30,34.7,112.7,45.1
2021-11-05 19:00:00+05:30,36.65,145.6,66.1
2021-11-05 20:00:00+05:30,37.4,161.8,82.0
2021-11-05 21:00:00+05:30,32.15,178.1,87.1
2021-11-05 22:00:00+05:30,30.65,204.8,97.6
2021-11-05 23:00:00+05:30,29.700000000000003,227.1,122.4
2021-11-06 00:00:00+05:30,28.25,221.5,118.0
2021-11-06 01:00:00+05:30,29.7,206.8,114.7
2021-11-06 02:00:00+05:30,28.55,183.5,106.2
2021-11-06 03:00:00+05:30,27.9,167.0,96.3
2021-11-06 04:00:00+05:30,29.75,140.6,80.4
2021-11-06 05:00:00+05:30,27.75,147.4,59.5
2021-11-06 06:00:00+05:30,29.700000000000003,142.0,68.4
2021-11-06 07:00:00+05:30,30.049999999999997,160.6,79.8
2021-11-06 08:00:00+05:30,31.3,163.8,77.5
2021-11-06 09:00:00+05:30,32.65,158.0,78.3
2021-11-06 10:00:00+05:30,28.200000000000003,148.4,68.7
2021-11-06 11:00:00+05:30,24.85,125.5,58.9
2021-11-06 12:00:00+05:30,24.299999999999997,130.7,53.1
2021-11-06 13:00:00+05:30,24.6,118.1,47.5
2021-11-06 14:00:00+05:30,28.5,117.2,55.4
2021-11-06 15:00:00+05:30,26.049999999999997,110.2,51.0
2021-11-06 16:00:00+05:30,30.2,115.6,49.6
2021-11-06 17:00:00+05:30,34.8,126.0,47.3
2021-11-06 18:00:00+05:30,37.85,123.0,54.0
2021-11-06 19:00:00+05:30,39.7,130.0,62.5
2021-11-06 20:00:00+05:30,32.05,144.4,66.9
2021-11-06 21:00:00+05:30,28.15,191.3,85.3
2021-11-06 22:00:00+05:30,26.75,217.1,103.4
2021-11-06 23:00:00+05:30,22.6,270.3,144.8
2021-11-07 00:00:00+05:30,28.1,277.4,143.2
2021-11-07 01:00:00+05:30,27.55,246.3,123.6
2021-11-07 02:00:00+05:30,26.55,209.7,103.4
2021-11-07 03:00:00+05:30,28.85,169.2,96.1
2021-11-07 04:00:00+05:30,27.45,152.3,91.0
2021-11-07 05:00:00+05:30,28.3,163.6,82.5
2021-11-07 06:00:00+05:30,27.9,155.3,88.7
2021-11-07 07:00:00+05:30,29.5,157.2,90.5
2021-11-07 08:00:00+05:30,35.45,187.5,89.0
2021-11-07 09:00:00+05:30,0.0,173.8,85.7
2021-11-07 10:00:00+05:30,0.0,162.5,83.5
2021-11-07 11:00:00+05:30,0.0,138.7,63.8
2021-11-07 12:00:00+05:30,0.0,125.2,59.6
2021-11-07 13:00:00+05:30,0.0,116.8,45.9
2021-11-07 14:00:00+05:30,0.0,110.1,53.0
2021-11-07 15:00:00+05:30,0.0,99.8,44.5
2021-11-07 16:00:00+05:30,0.0,98.1,46.6
2021-11-07 17:00:00+05:30,0.0,94.7,41.8
2021-11-07 18:00:00+05:30,0.0,102.9,41.4
2021-11-07 19:00:00+05:30,0.0,126.5,55.3
2021-11-07 20:00:00+05:30,0.0,122.2,60.2
2021-11-07 21:00:00+05:30,0.0,137.7,67.0
2021-11-07 22:00:00+05:30,0.0,169.4,74.2
2021-11-07 23:00:00+05:30,0.0,175.5,88.0
2021-11-08 00:00:00+05:30,0.0,178.5,95.5
2021-11-08 01:00:00+05:30,0.0,167.6,94.6
2021-11-08 02:00:00+05:30,0.0,168.1,93.6
2021-11-08 03:00:00+05:30,0.0,163.1,88.9
2021-11-08 04:00:00+05:30,0.0,158.7,91.7
2021-11-08 05:00:00+05:30,0.0,172.5,86.4
2021-11-08 06:00:00+05:30,0.0,160.9,89.2
2021-11-08 07:00:00+05:30,0.0,186.3,85.0
2021-11-08 08:00:00+05:30,0.0,179.0,81.0
2021-11-08 09:00:00+05:30,0.0,181.9,77.7
2021-11-08 10:00:00+05:30,0.0,166.9,74.2
2021-11-08 11:00:00+05:30,18.5,137.8,64.3
2021-11-08 12:00:00+05:30,29.6,1.95,0.9
2021-11-08 13:00:00+05:30,4.2,155.3,28.0
2021-11-08 14:00:00+05:30,54.9,120.6,33.9
2021-11-08 15:00:00+05:30,97.8,119.0,35.4
2021-11-08 16:00:00+05:30,334.35,111.4,40.6
2021-11-08 17:00:00+05:30,123.45,112.75,36.15
2021-11-08 18:00:00+05:30,107.9,112.19999999999999,45.75
2021-11-08 19:00:00+05:30,83.4,131.45,50.55
2021-11-08 20:00:00+05:30,77.15,130.35000000000002,59.7
2021-11-08 21:00:00+05:30,66.95,133.2,61.85
2021-11-08 22:00:00+05:30,62.5,140.75,62.55
2021-11-08 23:00:00+05:30,61.85,147.2,69.95
2021-11-09 00:00:00+05:30,56.75,154.35,66.35
2021-11-09 01:00:00+05:30,59.65,155.05,67.05000000000001
2021-11-09 02:00:00+05:30,45.8,161.39999999999998,84.6
2021-11-09 03:00:00+05:30,42.25,143.25,67.35
2021-11-09 04:00:00+05:30,52.05,143.55,75.2
2021-11-09 05:00:00+05:30,45.3,148.75,86.05000000000001
2021-11-09 06:00:00+05:30,49.05,154.2,90.15
2021-11-09 07:00:00+05:30,42.3,161.3,85.6
2021-11-09 08:00:00+05:30,35.650000000000006,167.5,83.75
2021-11-09 09:00:00+05:30,32.0,171.9,80.69999999999999
2021-11-09 10:00:00+05:30,21.75,171.95,81.1
2021-11-09 11:00:00+05:30,21.4,155.6,67.9
2021-11-09 12:00:00+05:30,18.950000000000003,141.15,68.55
2021-11-09 13:00:00+05:30,14.15,140.0,64.9
2021-11-09 15:00:00+05:30,40.650000000000006,131.0,61.9
2021-11-09 17:00:00+05:30,54.55,131.4,59.599999999999994
2021-11-09 18:00:00+05:30,78.25,138.5,59.25
2021-11-09 19:00:00+05:30,75.75,147.14999999999998,66.5
2021-11-09 20:00:00+05:30,58.7,170.0,81.9
2021-11-09 21:00:00+05:30,47.8,185.3,87.5
2021-11-09 22:00:00+05:30,47.45,187.6,94.7
2021-11-09 23:00:00+05:30,38.05,192.75,94.65
2021-11-10 01:00:00+05:30,37.95,194.95,94.2
2021-11-10 02:00:00+05:30,35.0,190.8,94.35
2021-11-10 03:00:00+05:30,38.650000000000006,179.0,81.95
2021-11-10 04:00:00+05:30,35.849999999999994,156.35,80.5
2021-11-10 05:00:00+05:30,36.15,152.8,74.3
2021-11-10 06:00:00+05:30,36.900000000000006,154.95,79.65
2021-11-10 07:00:00+05:30,37.0,161.8,79.0
2021-11-10 08:00:00+05:30,41.1,138.5,64.85
2021-11-10 09:00:00+05:30,39.55,129.5,59.25
2021-11-10 10:00:00+05:30,39.45,125.0,52.95
2021-11-10 11:00:00+05:30,40.150000000000006,115.35,50.0
2021-11-10 12:00:00+05:30,36.4,109.7,46.9
2021-11-10 13:00:00+05:30,36.65,108.9,42.6
2021-11-10 14:00:00+05:30,32.8,104.45,43.25
2021-11-10 15:00:00+05:30,35.6,95.4,43.6
2021-11-10 16:00:00+05:30,63.1,98.6,41.8
2021-11-10 17:00:00+05:30,68.75,131.5,50.45
2021-11-10 18:00:00+05:30,58.8,134.64999999999998,58.55
2021-11-10 19:00:00+05:30,52.95,155.45,68.55000000000001
2021-11-10 20:00:00+05:30,44.3,184.0,77.5
2021-11-10 21:00:00+05:30,43.1,188.2,79.8
2021-11-10 22:00:00+05:30,40.95,189.4,80.85
2021-11-10 23:00:00+05:30,37.3,193.25,87.15
2021-11-11 00:00:00+05:30,35.3,188.45,97.4
2021-11-11 01:00:00+05:30,30.85,185.05,93.0
2021-11-11 02:00:00+05:30,32.7,176.7,89.0
2021-11-11 03:00:00+05:30,35.0,165.65,88.95
2021-11-11 04:00:00+05:30,34.55,173.25,92.75
2021-11-11 05:00:00+05:30,36.5,184.8,95.85
2021-11-11 06:00:00+05:30,33.05,173.3,86.05
2021-11-11 07:00:00+05:30,36.85,147.45,79.1
2021-11-11 08:00:00+05:30,37.650000000000006,139.45,74.95
2021-11-11 09:00:00+05:30,37.6,132.8,63.7
2021-11-11 10:00:00+05:30,39.400000000000006,124.1,53.75
2021-11-11 11:00:00+05:30,27.5,123.0,52.5
2021-11-11 12:00:00+05:30,65.25,0.0,0.0
2021-11-11 13:00:00+05:30,52.05,100.9,63.2
2021-11-11 14:00:00+05:30,55.4,94.2,55.3
2021-11-11 15:00:00+05:30,49.7,71.9,0.0
2021-11-11 16:00:00+05:30,93.25,88.1,46.4
2021-11-11 17:00:00+05:30,79.3,97.7,42.9
2021-11-11 18:00:00+05:30,60.3,115.7,46.3
2021-11-11 19:00:00+05:30,55.900000000000006,92.3,51.2
2021-11-11 20:00:00+05:30,48.95,91.7,45.0
2021-11-11 21:00:00+05:30,43.25,92.8,48.6
2021-11-11 22:00:00+05:30,45.2,89.5,48.3
2021-11-11 23:00:00+05:30,43.05,119.0,62.0
2021-11-12 00:00:00+05:30,39.75,121.6,63.8
2021-11-12 01:00:00+05:30,37.5,141.4,60.1
2021-11-12 02:00:00+05:30,41.15,147.0,69.1
2021-11-12 03:00:00+05:30,36.0,137.5,73.1
2021-11-12 04:00:00+05:30,36.1,134.7,68.8
2021-11-12 05:00:00+05:30,34.849999999999994,123.0,62.6
2021-11-12 06:00:00+05:30,35.6,109.0,48.5
2021-11-12 07:00:00+05:30,36.4,101.9,52.0
2021-11-12 08:00:00+05:30,35.45,110.0,49.2
2021-11-12 09:00:00+05:30,36.849999999999994,112.7,52.1
2021-11-12 10:00:00+05:30,38.4,102.4,53.1
2021-11-12 11:00:00+05:30,32.6,104.5,36.8
2021-11-12 12:00:00+05:30,32.1,99.6,37.5
2021-11-12 13:00:00+05:30,31.95,101.6,40.9
2021-11-12 14:00:00+05:30,33.1,96.6,38.0
2021-11-12 15:00:00+05:30,33.35,95.3,41.2
2021-11-12 16:00:00+05:30,34.0,93.4,39.9
2021-11-12 17:00:00+05:30,36.75,99.6,38.9
2021-11-12 18:00:00+05:30,37.05,102.1,43.2
2021-11-12 19:00:00+05:30,39.3,103.1,47.5
2021-11-12 20:00:00+05:30,38.3,110.5,54.7
2021-11-12 21:00:00+05:30,35.6,118.4,54.4
2021-11-12 22:00:00+05:30,39.45,108.7,52.2
2021-11-12 23:00:00+05:30,39.95,110.8,57.3
2021-11-13 00:00:00+05:30,34.8,124.2,66.7
2021-11-13 01:00:00+05:30,34.8,135.5,64.3
2021-11-13 02:00:00+05:30,30.5,123.8,69.9
2021-11-13 03:00:00+05:30,30.95,122.3,79.5
2021-11-13 04:00:00+05:30,31.15,110.9,62.3
2021-11-13 05:00:00+05:30,28.7,113.9,65.9
2021-11-13 06:00:00+05:30,32.65,107.8,60.2
2021-11-13 07:00:00+05:30,30.1,100.8,59.3
2021-11-13 08:00:00+05:30,29.6,95.6,57.6
2021-11-13 09:00:00+05:30,29.75,104.3,58.3
2021-11-13 10:00:00+05:30,29.2,96.2,44.3
2021-11-13 11:00:00+05:30,29.75,100.3,49.3
2021-11-13 12:00:00+05:30,30.7,91.4,46.5
2021-11-13 13:00:00+05:30,29.0,85.9,44.2
2021-11-13 14:00:00+05:30,29.9,89.5,44.3
2021-11-13 15:00:00+05:30,27.75,90.8,48.0
2021-11-13 16:00:00+05:30,29.65,83.4,46.8
2021-11-13 17:00:00+05:30,28.65,94.6,48.5
2021-11-13 18:00:00+05:30,28.1,85.2,45.7
2021-11-13 19:00:00+05:30,27.9,81.0,43.5
2021-11-13 20:00:00+05:30,27.5,84.9,48.9
2021-11-13 21:00:00+05:30,26.9,80.2,32.3
2021-11-13 22:00:00+05:30,27.3,70.0,39.5
2021-11-13 23:00:00+05:30,26.25,72.4,38.6
2021-11-14 00:00:00+05:30,26.75,74.8,36.9
2021-11-14 01:00:00+05:30,25.75,69.1,34.1
2021-11-14 02:00:00+05:30,25.950000000000003,66.4,32.6
2021-11-14 03:00:00+05:30,25.95,71.2,44.1
2021-11-14 04:00:00+05:30,25.299999999999997,62.1,41.6
2021-11-14 05:00:00+05:30,26.450000000000003,85.7,41.4
2021-11-14 06:00:00+05:30,25.75,69.7,39.2
2021-11-14 07:00:00+05:30,26.4,64.5,37.1
2021-11-14 08:00:00+05:30,27.4,64.3,36.3
2021-11-14 09:00:00+05:30,27.0,75.8,39.7
2021-11-14 10:00:00+05:30,28.4,66.3,40.9
2021-11-14 11:00:00+05:30,27.5,70.4,39.4
2021-11-14 12:00:00+05:30,27.6,64.7,34.4
2021-11-14 13:00:00+05:30,27.95,57.3,24.9
2021-11-14 14:00:00+05:30,27.6,57.8,34.9
2021-11-14 15:00:00+05:30,27.6,66.3,30.0
2021-11-14 16:00:00+05:30,29.700000000000003,68.9,36.0
2021-11-14 18:00:00+05:30,29.9,60.1,43.7
2021-11-14 19:00:00+05:30,28.8,64.8,35.3
2021-11-14 20:00:00+05:30,30.65,55.6,41.4
2021-11-14 22:00:00+05:30,28.1,37.8,40.4
2021-11-14 23:00:00+05:30,29.05,25.5,38.0
2021-11-15 00:00:00+05:30,29.0,18.3,42.3
2021-11-15 01:00:00+05:30,28.049999999999997,23.5,48.7
2021-11-15 02:00:00+05:30,29.3,16.5,45.0
2021-11-15 03:00:00+05:30,27.3,11.7,38.0
2021-11-15 04:00:00+05:30,28.95,8.8,32.1
2021-11-15 05:00:00+05:30,28.9,30.3,22.7
2021-11-15 06:00:00+05:30,28.2,20.3,23.1
2021-11-15 07:00:00+05:30,28.8,14.0,23.1
2021-11-15 08:00:00+05:30,28.75,9.8,19.9
2021-11-15 09:00:00+05:30,28.95,12.6,18.5
2021-11-15 10:00:00+05:30,29.85,8.8,19.4
2021-11-15 11:00:00+05:30,25.4,6.2,27.1
2021-11-15 12:00:00+05:30,72.35,0.0,0.0
2021-11-15 13:00:00+05:30,35.8,51.5,23.4
2021-11-15 14:00:00+05:30,37.45,58.5,20.7
2021-11-15 15:00:00+05:30,33.55,53.3,21.8
2021-11-15 16:00:00+05:30,42.8,45.8,30.6
2021-11-15 17:00:00+05:30,37.15,54.7,30.4
2021-11-15 18:00:00+05:30,31.95,58.0,30.7
2021-11-15 19:00:00+05:30,30.4,66.3,37.7
2021-11-15 20:00:00+05:30,31.0,67.8,37.0
2021-11-15 21:00:00+05:30,27.950000000000003,88.7,37.6
2021-11-15 22:00:00+05:30,30.299999999999997,98.5,46.1
2021-11-16 00:00:00+05:30,28.1,101.0,48.9
2021-11-16 01:00:00+05:30,28.950000000000003,110.1,62.6
2021-11-16 02:00:00+05:30,28.15,115.4,59.6
2021-11-16 03:00:00+05:30,27.35,121.8,61.7
2021-11-16 04:00:00+05:30,28.35,116.5,59.3
2021-11-16 05:00:00+05:30,27.8,106.7,54.1
2021-11-16 06:00:00+05:30,28.35,113.5,58.8
2021-11-16 07:00:00+05:30,27.3,105.3,54.0
2021-11-16 08:00:00+05:30,28.65,94.8,48.0
2021-11-16 09:00:00+05:30,30.5,94.6,45.2
2021-11-16 10:00:00+05:30,29.25,89.6,42.0
2021-11-16 11:00:00+05:30,30.35,85.2,45.5
2021-11-16 12:00:00+05:30,29.200000000000003,97.5,48.0
2021-11-16 13:00:00+05:30,26.85,95.2,40.4
2021-11-16 14:00:00+05:30,29.1,100.6,44.8
2021-11-16 15:00:00+05:30,28.6,99.4,46.3
2021-11-16 16:00:00+05:30,36.05,101.5,47.2
2021-11-16 17:00:00+05:30,0.0,112.1,49.5
2021-11-16 18:00:00+05:30,0.0,135.0,56.1
2021-11-16 19:00:00+05:30,0.0,182.3,72.0
2021-11-16 20:00:00+05:30,0.0,213.4,85.4
2021-11-16 21:00:00+05:30,0.0,247.4,109.4
2021-11-16 22:00:00+05:30,0.0,264.4,110.0
2021-11-16 23:00:00+05:30,0.0,244.1,111.8
2021-11-17 00:00:00+05:30,0.0,211.7,103.2
2021-11-17 01:00:00+05:30,0.0,198.3,98.8
2021-11-17 02:00:00+05:30,0.0,176.5,92.0
2021-11-17 03:00:00+05:30,0.0,158.0,83.0
2021-11-17 04:00:00+05:30,0.0,135.3,79.1
2021-11-17 05:00:00+05:30,0.0,153.3,89.0
2021-11-17 06:00:00+05:30,0.0,154.3,91.4
2021-11-17 07:00:00+05:30,0.0,145.9,81.6
2021-11-17 08:00:00+05:30,0.0,140.1,77.1
2021-11-17 09:00:00+05:30,0.0,141.9,69.8
2021-11-17 10:00:00+05:30,0.0,141.5,69.6
2021-11-17 11:00:00+05:30,28.7,127.6,68.8
2021-11-17 12:00:00+05:30,26.35,126.5,67.9
2021-11-17 13:00:00+05:30,38.1,134.6,61.4
2021-11-17 14:00:00+05:30,34.7,130.8,58.6
2021-11-17 15:00:00+05:30,38.2,126.1,56.8
2021-11-17 16:00:00+05:30,40.95,120.5,58.1
2021-11-17 17:00:00+05:30,42.0,132.8,57.8
2021-11-17 18:00:00+05:30,58.55,124.4,62.8
2021-11-17 19:00:00+05:30,44.25,167.1,81.0
2021-11-17 20:00:00+05:30,30.6,229.1,114.2
2021-11-17 21:00:00+05:30,26.95,244.6,110.3
2021-11-17 22:00:00+05:30,24.299999999999997,247.6,122.8
2021-11-17 23:00:00+05:30,29.3,226.5,110.0
2021-11-18 00:00:00+05:30,25.1,199.7,105.1
2021-11-18 01:00:00+05:30,25.95,206.7,98.8
2021-11-18 02:00:00+05:30,27.75,178.7,94.1
2021-11-18 03:00:00+05:30,25.4,149.8,85.5
2021-11-18 04:00:00+05:30,27.1,148.3,77.8
2021-11-18 05:00:00+05:30,27.6,145.4,64.2
2021-11-18 06:00:00+05:30,27.05,154.2,74.8
2021-11-18 07:00:00+05:30,28.6,157.4,68.4
2021-11-18 08:00:00+05:30,28.2,149.7,72.0
2021-11-18 09:00:00+05:30,28.450000000000003,160.1,69.3
2021-11-18 10:00:00+05:30,28.6,147.8,61.8
2021-11-18 11:00:00+05:30,28.25,113.4,53.8
2021-11-18 12:00:00+05:30,28.450000000000003,100.0,47.5
2021-11-18 13:00:00+05:30,28.15,88.2,49.1
2021-11-18 14:00:00+05:30,26.35,92.8,42.1
2021-11-18 15:00:00+05:30,30.200000000000003,84.8,47.7
2021-11-18 16:00:00+05:30,35.0,90.2,41.7
2021-11-18 17:00:00+05:30,40.1,100.6,39.7
2021-11-18 18:00:00+05:30,33.45,109.8,50.4
2021-11-18 19:00:00+05:30,29.0,168.2,69.8
2021-11-18 20:00:00+05:30,23.299999999999997,217.5,80.1
2021-11-18 21:00:00+05:30,16.8,260.1,91.1
2021-11-18 22:00:00+05:30,16.9,263.1,99.6
2021-11-18 23:00:00+05:30,13.899999999999999,285.6,128.7
2021-11-19 00:00:00+05:30,12.15,288.1,132.3
2021-11-19 01:00:00+05:30,16.2,285.5,136.3
2021-11-19 02:00:00+05:30,15.5,255.8,129.4
2021-11-19 03:00:00+05:30,18.9,220.2,110.3
2021-11-19 04:00:00+05:30,21.3,164.3,100.7
2021-11-19 05:00:00+05:30,19.65,161.1,92.8
2021-11-19 06:00:00+05:30,21.049999999999997,181.7,92.8
2021-11-19 07:00:00+05:30,23.7,203.3,97.0
2021-11-19 08:00:00+05:30,26.25,169.7,82.7
2021-11-19 09:00:00+05:30,27.95,172.1,61.6
2021-11-19 10:00:00+05:30,29.35,158.3,64.9
2021-11-19 11:00:00+05:30,10.55,132.3,61.9
2021-11-19 12:00:00+05:30,79.65,118.3,54.4
2021-11-19 13:00:00+05:30,31.2,121.6,57.3
2021-11-19 14:00:00+05:30,27.05,128.9,60.4
2021-11-19 15:00:00+05:30,29.7,122.0,61.3
2021-11-19 16:00:00+05:30,42.55,128.9,56.9
2021-11-19 17:00:00+05:30,50.4,148.8,66.6
2021-11-19 18:00:00+05:30,38.2,192.1,77.5
2021-11-19 19:00:00+05:30,33.6,219.3,88.6
2021-11-19 20:00:00+05:30,30.03333333333333,211.80000000000004,91.3
2021-11-19 21:00:00+05:30,28.0,221.25,106.95
2021-11-19 22:00:00+05:30,23.7,238.9,122.1
2021-11-19 23:00:00+05:30,20.9,260.3,127.5
2021-11-20 00:00:00+05:30,22.6,214.4,109.9
2021-11-20 01:00:00+05:30,20.2,171.3,107.1
2021-11-20 02:00:00+05:30,20.55,166.4,102.0
2021-11-20 03:00:00+05:30,23.1,162.3,93.0
2021-11-20 04:00:00+05:30,20.95,170.5,99.9
2021-11-20 05:00:00+05:30,22.35,177.9,93.7
2021-11-20 06:00:00+05:30,20.4,193.8,101.1
2021-11-20 07:00:00+05:30,22.2,212.4,115.8
2021-11-20 08:00:00+05:30,26.75,200.9,109.3
2021-11-20 09:00:00+05:30,25.65,187.6,93.3
2021-11-20 10:00:00+05:30,26.25,167.6,84.0
2021-11-20 11:00:00+05:30,28.0,152.2,70.7
2021-11-20 12:00:00+05:30,25.85,156.6,82.6
2021-11-20 13:00:00+05:30,24.6,176.7,82.0
2021-11-20 14:00:00+05:30,24.700000000000003,184.3,90.5
2021-11-20 15:00:00+05:30,29.4,184.0,86.9
2021-11-20 16:00:00+05:30,45.35,185.1,84.7
2021-11-20 17:00:00+05:30,38.85,199.8,91.3
2021-11-20 18:00:00+05:30,38.55,200.9,98.2
2021-11-20 19:00:00+05:30,34.849999999999994,200.1,81.9
2021-11-20 20:00:00+05:30,33.2,204.6,92.6
2021-11-20 21:00:00+05:30,32.8,245.0,106.5
2021-11-20 22:00:00+05:30,30.3,242.3,123.8
2021-11-20 23:00:00+05:30,29.4,235.8,118.1
2021-11-21 00:00:00+05:30,27.85,208.8,110.6
2021-11-21 01:00:00+05:30,23.4,215.4,106.3
2021-11-21 02:00:00+05:30,24.75,215.5,124.6
2021-11-21 03:00:00+05:30,23.549999999999997,217.3,115.1
2021-11-21 04:00:00+05:30,24.75,193.6,108.2
2021-11-21 05:00:00+05:30,24.25,191.7,106.3
2021-11-21 06:00:00+05:30,23.700000000000003,194.7,98.2
2021-11-21 07:00:00+05:30,24.8,188.6,95.6
2021-11-21 08:00:00+05:30,25.1,177.7,92.0
2021-11-21 09:00:00+05:30,24.200000000000003,179.4,93.4
2021-11-21 10:00:00+05:30,24.15,176.2,88.1
2021-11-21 11:00:00+05:30,23.5,183.0,85.0
2021-11-21 12:00:00+05:30,22.4,174.6,86.8
2021-11-21 13:00:00+05:30,22.6,193.1,90.0
2021-11-21 14:00:00+05:30,21.3,188.1,93.1
2021-11-21 15:00:00+05:30,22.05,181.0,85.8
2021-11-21 16:00:00+05:30,21.3,170.0,85.5
2021-11-21 17:00:00+05:30,26.85,174.9,86.9
2021-11-21 18:00:00+05:30,34.3,186.9,98.1
2021-11-21 19:00:00+05:30,33.3,218.0,105.0
2021-11-21 20:00:00+05:30,30.2,239.2,118.4
2021-11-21 21:00:00+05:30,27.25,275.4,137.8
2021-11-21 22:00:00+05:30,25.9,272.5,136.0
2021-11-21 23:00:00+05:30,24.1,262.0,140.6
2021-11-22 00:00:00+05:30,21.9,261.3,136.8
2021-11-22 01:00:00+05:30,22.85,266.0,136.9
2021-11-22 02:00:00+05:30,21.8,234.5,135.8
2021-11-22 03:00:00+05:30,18.700000000000003,212.9,120.1
2021-11-22 04:00:00+05:30,19.4,188.8,112.9
2021-11-22 05:00:00+05:30,17.85,198.8,111.5
2021-11-22 06:00:00+05:30,17.9,239.7,134.3
2021-11-22 07:00:00+05:30,18.65,239.3,136.4
2021-11-22 08:00:00+05:30,19.55,232.2,122.6
2021-11-22 09:00:00+05:30,21.1,223.4,114.4
2021-11-22 10:00:00+05:30,20.4,193.1,109.0
2021-11-22 11:00:00+05:30,18.2,186.8,101.8
2021-11-22 12:00:00+05:30,20.7,178.4,96.1
2021-11-22 13:00:00+05:30,17.2,170.0,89.7
2021-11-22 14:00:00+05:30,15.799999999999999,168.9,90.7
2021-11-22 15:00:00+05:30,17.1,173.0,91.6
2021-11-22 16:00:00+05:30,19.4,164.3,87.6
2021-11-22 17:00:00+05:30,30.2,175.0,94.2
2021-11-22 18:00:00+05:30,30.5,198.8,96.9
2021-11-22 19:00:00+05:30,26.3,241.6,120.9
2021-11-22 20:00:00+05:30,25.5,249.6,122.3
2021-11-22 21:00:00+05:30,21.4,266.5,138.6
2021-11-22 22:00:00+05:30,22.15,271.6,137.3
2021-11-22 23:00:00+05:30,19.299999999999997,247.7,123.9
2021-11-23 00:00:00+05:30,20.3,216.4,114.0
2021-11-23 01:00:00+05:30,19.700000000000003,206.8,107.3
2021-11-23 02:00:00+05:30,18.1,180.4,109.3
2021-11-23 03:00:00+05:30,17.25,164.6,89.2
2021-11-23 04:00:00+05:30,16.95,153.1,91.0
2021-11-23 05:00:00+05:30,16.85,141.2,85.8
2021-11-23 06:00:00+05:30,16.9,138.4,75.2
2021-11-23 07:00:00+05:30,16.25,141.4,78.3
2021-11-23 08:00:00+05:30,17.55,150.4,82.2
2021-11-23 09:00:00+05:30,17.200000000000003,150.8,81.7
2021-11-23 10:00:00+05:30,17.200000000000003,156.7,84.5
2021-11-23 11:00:00+05:30,15.8,159.2,84.3
2021-11-23 16:00:00+05:30,28.6,166.3,72.5
2021-11-23 17:00:00+05:30,28.25,170.4,66.6
2021-11-23 18:00:00+05:30,22.8,169.5,72.0
2021-11-23 19:00:00+05:30,23.25,197.6,81.0
2021-11-23 20:00:00+05:30,24.0,189.0,82.5
2021-11-23 21:00:00+05:30,22.65,189.7,84.8
2021-11-23 22:00:00+05:30,21.0,193.8,86.7
2021-11-23 23:00:00+05:30,19.35,198.2,90.1
2021-11-24 00:00:00+05:30,20.1,202.9,92.7
2021-11-24 01:00:00+05:30,17.75,191.2,95.1
2021-11-24 02:00:00+05:30,19.05,184.0,87.5
2021-11-24 03:00:00+05:30,19.7,173.1,83.7
2021-11-24 04:00:00+05:30,19.299999999999997,173.6,79.2
2021-11-24 05:00:00+05:30,19.5,170.7,77.8
2021-11-24 06:00:00+05:30,20.05,164.2,77.5
2021-11-24 07:00:00+05:30,20.05,165.1,77.3
2021-11-24 08:00:00+05:30,20.950000000000003,171.1,77.9
2021-11-24 09:00:00+05:30,20.15,166.7,69.9
2021-11-24 10:00:00+05:30,19.65,161.4,74.8
2021-11-24 11:00:00+05:30,18.2,152.5,67.7
2021-11-24 12:00:00+05:30,16.7,146.3,67.7
2021-11-24 13:00:00+05:30,15.8,141.5,68.1
2021-11-24 14:00:00+05:30,14.0,144.9,65.8
2021-11-24 15:00:00+05:30,15.1,136.75,62.3
2021-11-24 16:00:00+05:30,16.9,128.1,63.4
2021-11-24 17:00:00+05:30,19.8,133.1,56.4
2021-11-24 18:00:00+05:30,22.0,152.8,60.7
2021-11-24 19:00:00+05:30,22.35,168.8,70.1
2021-11-24 20:00:00+05:30,21.799999999999997,172.6,71.95
2021-11-24 21:00:00+05:30,20.1,185.3,76.6
2021-11-24 22:00:00+05:30,17.1,197.8,80.2
2021-11-24 23:00:00+05:30,20.1,205.7,88.5
2021-11-25 00:00:00+05:30,18.8,197.7,85.6
2021-11-25 01:00:00+05:30,17.25,178.4,82.0
2021-11-25 02:00:00+05:30,17.35,164.7,74.8
2021-11-25 03:00:00+05:30,15.15,160.5,71.9
2021-11-25 04:00:00+05:30,14.1,149.1,70.9
2021-11-25 05:00:00+05:30,11.2,149.1,71.2
2021-11-25 06:00:00+05:30,12.0,147.8,71.5
2021-11-25 07:00:00+05:30,12.95,145.5,71.05
2021-11-25 08:00:00+05:30,13.5,137.7,70.8
2021-11-25 09:00:00+05:30,13.8,150.3,71.8
2021-11-25 10:00:00+05:30,14.2,155.3,71.9
2021-11-25 11:00:00+05:30,12.95,149.6,72.0
2021-11-25 12:00:00+05:30,9.75,146.25,67.1
2021-11-25 13:00:00+05:30,7.8,150.6,67.8
2021-11-25 15:00:00+05:30,9.3,145.8,63.9
2021-11-25 16:00:00+05:30,15.1,150.3,65.5
2021-11-25 17:00:00+05:30,17.4,172.4,63.7
2021-11-25 18:00:00+05:30,17.55,185.8,81.2
2021-11-25 19:00:00+05:30,15.3,219.3,90.1
2021-11-25 20:00:00+05:30,17.9,227.1,100.9
2021-11-25 22:00:00+05:30,15.45,237.2,105.3
2021-11-25 23:00:00+05:30,12.5,221.7,105.6
2021-11-27 00:00:00+05:30,2.65,296.3,147.3
2021-11-27 01:00:00+05:30,3.0,275.4,139.2
2021-11-27 02:00:00+05:30,4.05,264.3,125.9
2021-11-27 03:00:00+05:30,6.15,254.4,123.0
2021-11-27 04:00:00+05:30,4.95,233.8,120.1
2021-11-27 05:00:00+05:30,2.95,231.9,120.8
2021-11-27 06:00:00+05:30,6.4,217.7,114.4
2021-11-27 07:00:00+05:30,6.05,217.1,104.3
2021-11-27 08:00:00+05:30,9.5,195.2,90.2
2021-11-27 09:00:00+05:30,10.65,188.2,84.9
2021-11-27 10:00:00+05:30,8.85,171.8,82.45
2021-11-27 11:00:00+05:30,4.95,162.8,74.0
2021-11-27 12:00:00+05:30,4.85,156.2,73.7
2021-11-27 13:00:00+05:30,7.0,156.3,63.7
2021-11-27 14:00:00+05:30,7.6,146.0,67.0
2021-11-27 15:00:00+05:30,7.7,137.0,59.3
2021-11-27 16:00:00+05:30,10.45,130.5,61.5
2021-11-27 17:00:00+05:30,13.0,141.6,64.5
2021-11-27 18:00:00+05:30,16.65,167.8,74.8
2021-11-27 19:00:00+05:30,16.450000000000003,195.9,85.0
2021-11-27 20:00:00+05:30,16.8,224.7,102.7
2021-11-27 21:00:00+05:30,13.3,234.55,101.25
2021-11-27 22:00:00+05:30,8.85,248.9,100.5
2021-11-27 23:00:00+05:30,4.6,250.5,119.5
2021-11-28 00:00:00+05:30,3.05,234.6,121.0
2021-11-28 01:00:00+05:30,1.25,225.2,117.2
2021-11-28 02:00:00+05:30,1.7,224.4,110.6
2021-11-28 03:00:00+05:30,3.0999999999999996,247.1,124.1
2021-11-28 04:00:00+05:30,4.3,232.4,124.1
2021-11-28 05:00:00+05:30,2.85,215.1,116.8
2021-11-28 07:00:00+05:30,9.8,221.4,116.8
2021-11-28 08:00:00+05:30,10.2,189.1,105.8
2021-11-28 09:00:00+05:30,10.1,196.8,101.2
2021-11-28 10:00:00+05:30,10.3,180.9,92.1
2021-11-28 11:00:00+05:30,9.850000000000001,149.3,73.2
2021-11-28 12:00:00+05:30,5.6,133.0,56.0
2021-11-28 13:00:00+05:30,6.800000000000001,122.0,53.4
2021-11-28 14:00:00+05:30,6.4,117.8,55.0
2021-11-28 15:00:00+05:30,7.1,114.6,47.8
2021-11-28 16:00:00+05:30,10.5,107.9,46.7
2021-11-28 17:00:00+05:30,13.5,118.0,49.6
2021-11-28 18:00:00+05:30,14.6,139.2,58.5
2021-11-28 19:00:00+05:30,12.399999999999999,149.5,63.4
2021-11-28 20:00:00+05:30,8.9,175.0,70.9
2021-11-28 21:00:00+05:30,6.65,210.8,70.1
2021-11-28 22:00:00+05:30,6.6,200.5,80.8
2021-11-28 23:00:00+05:30,0.2,209.0,88.4
2021-11-29 00:00:00+05:30,0.1,192.5,92.7
2021-11-29 01:00:00+05:30,1.9,223.4,108.0
2021-11-29 02:00:00+05:30,5.0,214.8,102.6
2021-11-29 03:00:00+05:30,3.0999999999999996,209.3,110.5
2021-11-29 04:00:00+05:30,3.75,200.3,104.6
2021-11-29 05:00:00+05:30,4.699999999999999,190.1,96.0
2021-11-29 06:00:00+05:30,4.15,188.8,98.55
2021-11-29 07:00:00+05:30,6.0,190.2,93.6
2021-11-29 08:00:00+05:30,5.2,180.8,93.6
2021-11-29 09:00:00+05:30,6.300000000000001,185.2,86.0
2021-11-29 10:00:00+05:30,6.5,175.8,82.8
2021-11-29 11:00:00+05:30,1.8,175.8,82.8
2021-11-29 13:00:00+05:30,7.2,102.5,45.8
2021-11-29 14:00:00+05:30,2.3,104.0,38.5
2021-11-29 15:00:00+05:30,10.1,98.7,44.5
2021-11-29 16:00:00+05:30,12.75,109.0,45.9
2021-11-29 17:00:00+05:30,16.15,119.65,43.05
2021-11-29 18:00:00+05:30,13.95,130.85,47.599999999999994
2021-11-29 19:00:00+05:30,16.1,146.55,61.4
2021-11-29 20:00:00+05:30,14.75,167.39999999999998,69.15
2021-11-29 21:00:00+05:30,16.700000000000003,188.6,79.9
2021-11-29 22:00:00+05:30,16.45,186.2,76.2
2021-11-29 23:00:00+05:30,17.45,172.4,77.2
2021-11-30 00:00:00+05:30,20.05,162.65,75.4
2021-11-30 01:00:00+05:30,18.4,170.0,78.15
2021-11-30 02:00:00+05:30,19.2,170.95,86.35
2021-11-30 03:00:00+05:30,18.7,166.8,80.7
2021-11-30 04:00:00+05:30,19.15,160.65,75.35
2021-11-30 05:00:00+05:30,18.55,178.25,69.15
2021-11-30 06:00:00+05:30,19.3,170.95,84.19999999999999
2021-11-30 07:00:00+05:30,17.8,175.4,88.8
2021-11-30 08:00:00+05:30,17.9,182.2,94.0
2021-11-30 09:00:00+05:30,17.2,192.2,92.4
2021-11-30 10:00:00+05:30,15.55,184.75,86.30000000000001
2021-11-30 11:00:00+05:30,0.2,170.95,83.44999999999999
2021-11-30 12:00:00+05:30,11.4,165.1,81.5
2021-11-30 13:00:00+05:30,8.3,149.7,66.7
2021-11-30 14:00:00+05:30,7.25,138.65,63.6
2021-11-30 15:00:00+05:30,7.8999999999999995,131.4,60.95
2021-11-30 17:00:00+05:30,12.4,141.2,64.85
2021-11-30 18:00:00+05:30,14.55,160.7,67.25
2021-11-30 19:00:00+05:30,12.8,193.8,84.2
2021-11-30 20:00:00+05:30,13.45,224.60000000000002,96.25
2021-11-30 21:00:00+05:30,13.1,268.6,103.3
2021-11-30 22:00:00+05:30,10.649999999999999,265.6,114.5
2021-11-30 23:00:00+05:30,9.5,238.4,114.5
2021-12-01 00:00:00+05:30,11.5,209.6,103.4
2021-12-01 01:00:00+05:30,12.0,201.75,104.6
2021-12-01 02:00:00+05:30,11.1,180.05,99.95
2021-12-01 03:00:00+05:30,8.649999999999999,166.7,95.7
2021-12-01 04:00:00+05:30,7.199999999999999,168.0,92.1
2021-12-01 05:00:00+05:30,7.75,168.0,84.85
2021-12-01 06:00:00+05:30,7.7,168.2,86.7
2021-12-01 07:00:00+05:30,7.6499999999999995,183.0,86.9
2021-12-01 08:00:00+05:30,7.9,185.3,87.1
2021-12-01 09:00:00+05:30,6.3,188.3,79.8
2021-12-01 10:00:00+05:30,8.1,185.8,74.7
2021-12-01 11:00:00+05:30,3.8,163.5,64.6
2021-12-01 12:00:00+05:30,0.5,146.8,55.7
2021-12-01 14:00:00+05:30,0.0,98.4,39.349999999999994
2021-12-01 15:00:00+05:30,0.0,92.2,33.2
2021-12-01 16:00:00+05:30,0.7,96.85,36.099999999999994
2021-12-01 17:00:00+05:30,2.9,101.1,34.5
2021-12-01 18:00:00+05:30,2.6,131.4,44.1
2021-12-01 19:00:00+05:30,0.75,193.8,78.05
2021-12-01 20:00:00+05:30,0.0,227.3,92.6
2021-12-01 21:00:00+05:30,0.0,237.55,100.44999999999999
2021-12-01 22:00:00+05:30,0.0,227.6,98.4
2021-12-01 23:00:00+05:30,0.0,221.1,104.8
2021-12-02 00:00:00+05:30,0.0,230.8,110.0
2021-12-02 01:00:00+05:30,0.0,257.4,126.5
2021-12-02 02:00:00+05:30,0.0,255.9,125.9
2021-12-02 03:00:00+05:30,0.0,254.1,129.4
2021-12-02 04:00:00+05:30,0.0,259.1,131.7
2021-12-02 05:00:00+05:30,0.0,246.45,127.65
2021-12-02 06:00:00+05:30,0.0,229.0,120.9
2021-12-02 07:00:00+05:30,0.0,214.8,113.5
2021-12-02 08:00:00+05:30,0.0,203.5,104.95
2021-12-02 09:00:00+05:30,0.0,198.55,99.9
2021-12-02 10:00:00+05:30,0.0,197.65,92.69999999999999
2021-12-02 11:00:00+05:30,0.0,171.3,77.8
2021-12-02 12:00:00+05:30,0.0,137.0,64.3
2021-12-02 13:00:00+05:30,0.0,126.15,58.25
2021-12-02 14:00:00+05:30,0.0,120.2,45.9
2021-12-02 16:00:00+05:30,9.9,106.8,52.0
2021-12-02 17:00:00+05:30,7.1,119.2,48.2
2021-12-02 18:00:00+05:30,4.6,186.0,77.80000000000001
2021-12-02 19:00:00+05:30,5.2,242.75,91.05000000000001
2021-12-02 21:00:00+05:30,0.0,338.15,141.89999999999998
2021-12-02 22:00:00+05:30,0.0,325.1,145.25
2021-12-02 23:00:00+05:30,0.0,318.1,142.1
2021-12-03 00:00:00+05:30,0.0,274.55,137.85
2021-12-03 01:00:00+05:30,28.1,261.8,128.0
2021-12-03 02:00:00+05:30,25.0,227.35,114.1
2021-12-03 03:00:00+05:30,25.0,240.95,115.25
2021-12-03 04:00:00+05:30,25.0,234.0,116.0
2021-12-03 05:00:00+05:30,25.0,248.6,119.1
2021-12-03 06:00:00+05:30,25.0,266.1,134.5
2021-12-03 07:00:00+05:30,25.0,273.25,141.55
2021-12-03 10:00:00+05:30,15.0,190.85000000000002,95.7
2021-12-03 11:00:00+05:30,3.0,129.55,72.6
2021-12-03 12:00:00+05:30,4.4,106.1,51.9
2021-12-03 13:00:00+05:30,13.25,104.7,43.25
2021-12-03 14:00:00+05:30,-7.8500000000000005,95.5,35.8
2021-12-03 15:00:00+05:30,13.55,89.30000000000001,43.45
2021-12-03 16:00:00+05:30,26.400000000000002,114.95,47.35
2021-12-03 17:00:00+05:30,41.85,134.7,57.2
2021-12-03 18:00:00+05:30,43.35,178.85000000000002,74.9
2021-12-03 19:00:00+05:30,41.2,183.3,74.1
2021-12-03 20:00:00+05:30,38.75,208.2,76.8
2021-12-03 21:00:00+05:30,35.5,221.2,80.15
2021-12-03 22:00:00+05:30,36.5,235.45,89.25
2021-12-03 23:00:00+05:30,37.650000000000006,232.8,93.6
2021-12-04 00:00:00+05:30,39.5,210.10000000000002,86.1
2021-12-04 01:00:00+05:30,37.3,197.7,83.9
2021-12-04 02:00:00+05:30,36.65,165.10000000000002,73.65
2021-12-04 03:00:00+05:30,35.849999999999994,157.75,70.6
2021-12-04 04:00:00+05:30,35.7,154.5,65.2
2021-12-04 05:00:00+05:30,35.55,147.89999999999998,65.9
2021-12-04 06:00:00+05:30,34.15,141.8,64.0
2021-12-04 07:00:00+05:30,34.25,148.75,66.65
2021-12-04 08:00:00+05:30,35.099999999999994,153.60000000000002,69.15
2021-12-04 09:00:00+05:30,33.2,187.10000000000002,75.1
2021-12-04 10:00:00+05:30,34.95,176.55,82.35
2021-12-04 11:00:00+05:30,33.8,172.05,85.85
2021-12-04 12:00:00+05:30,33.75,180.60000000000002,92.15
2021-12-04 14:00:00+05:30,34.1,180.1,96.0
2021-12-04 15:00:00+05:30,34.55,172.35000000000002,91.8
2021-12-04 16:00:00+05:30,35.45,144.64999999999998,83.85
2021-12-04 17:00:00+05:30,35.2,129.45,62.900000000000006
2021-12-04 18:00:00+05:30,34.9,109.0,58.3
2021-12-04 19:00:00+05:30,31.55,108.05000000000001,55.95
2021-12-04 20:00:00+05:30,31.05,105.19999999999999,58.25
2021-12-04 21:00:00+05:30,30.7,111.69999999999999,65.19999999999999
2021-12-04 22:00:00+05:30,29.7,119.5,65.8
2021-12-04 23:00:00+05:30,31.0,128.0,64.5
2021-12-05 00:00:00+05:30,27.7,118.95,59.5
2021-12-05 01:00:00+05:30,24.1,129.0,58.8
2021-12-05 02:00:00+05:30,25.85,119.3,61.1
2021-12-05 03:00:00+05:30,24.5,108.1,59.7
2021-12-05 04:00:00+05:30,24.4,95.65,49.849999999999994
2021-12-05 05:00:00+05:30,26.4,96.85,46.25
2021-12-05 06:00:00+05:30,24.45,92.9,43.6
2021-12-05 07:00:00+05:30,25.8,76.45,42.45
2021-12-05 08:00:00+05:30,24.6,68.55,38.8
2021-12-05 09:00:00+05:30,23.700000000000003,63.45,37.900000000000006
2021-12-05 10:00:00+05:30,25.5,63.650000000000006,35.3
2021-12-05 11:00:00+05:30,24.299999999999997,58.599999999999994,29.5
2021-12-05 12:00:00+05:30,21.9,48.5,25.5
2021-12-05 13:00:00+05:30,26.0,47.900000000000006,18.75
2021-12-05 14:00:00+05:30,25.450000000000003,41.75,19.0
2021-12-05 15:00:00+05:30,24.65,32.6,17.7
2021-12-05 16:00:00+05:30,20.75,27.0,17.05
2021-12-05 17:00:00+05:30,22.2,27.3,12.149999999999999
2021-12-05 18:00:00+05:30,21.549999999999997,24.9,9.25
2021-12-05 19:00:00+05:30,29.049999999999997,20.6,10.8
2021-12-05 20:00:00+05:30,26.7,15.3,13.8
2021-12-05 21:00:00+05:30,22.15,15.649999999999999,11.5
2021-12-05 22:00:00+05:30,25.45,21.3,11.7
2021-12-05 23:00:00+05:30,34.25,20.7,13.2
2021-12-06 00:00:00+05:30,24.3,25.95,11.55
2021-12-06 01:00:00+05:30,29.8,31.8,15.1
2021-12-06 02:00:00+05:30,26.5,22.4,15.1
2021-12-06 03:00:00+05:30,24.65,17.75,10.95
2021-12-06 04:00:00+05:30,26.3,14.15,8.15
2021-12-06 05:00:00+05:30,25.7,12.1,6.5
2021-12-06 06:00:00+05:30,30.5,9.6,4.2
2021-12-06 07:00:00+05:30,30.950000000000003,11.8,3.6
2021-12-06 08:00:00+05:30,28.9,9.4,4.2
2021-12-06 09:00:00+05:30,31.200000000000003,6.9,3.65
2021-12-06 10:00:00+05:30,27.65,6.6,3.15
2021-12-06 11:00:00+05:30,28.950000000000003,8.95,4.6
2021-12-06 12:00:00+05:30,30.15,4.9,2.4
2021-12-06 13:00:00+05:30,29.65,2.65,1.65
2021-12-06 14:00:00+05:30,96.2,6.9,3.4
2021-12-06 15:00:00+05:30,34.6,12.4,3.5
2021-12-06 16:00:00+05:30,41.400000000000006,13.95,3.75
2021-12-06 17:00:00+05:30,34.0,21.65,4.3
2021-12-06 18:00:00+05:30,27.0,24.9,4.65
2021-12-06 19:00:00+05:30,33.9,22.0,6.1
2021-12-06 20:00:00+05:30,39.6,19.3,7.4
2021-12-06 21:00:00+05:30,43.8,19.65,6.800000000000001
2021-12-06 23:00:00+05:30,51.0,20.4,10.1
2021-12-07 00:00:00+05:30,52.15,22.450000000000003,12.95
2021-12-07 01:00:00+05:30,53.5,25.700000000000003,20.1
2021-12-07 02:00:00+05:30,52.5,29.15,21.9
2021-12-07 03:00:00+05:30,55.150000000000006,28.55,17.35
2021-12-07 04:00:00+05:30,55.099999999999994,27.8,15.5
2021-12-07 05:00:00+05:30,55.8,33.9,13.55
2021-12-07 06:00:00+05:30,56.1,34.0,15.6
2021-12-07 07:00:00+05:30,54.35,42.05,15.899999999999999
2021-12-07 08:00:00+05:30,54.8,46.599999999999994,15.4
2021-12-07 09:00:00+05:30,53.15,44.8,16.15
2021-12-07 10:00:00+05:30,51.2,50.0,16.15
2021-12-07 11:00:00+05:30,51.1,48.8,15.1
2021-12-07 12:00:00+05:30,46.599999999999994,56.05,22.950000000000003
2021-12-07 13:00:00+05:30,45.15,58.650000000000006,28.950000000000003
2021-12-07 14:00:00+05:30,42.25,59.8,23.35
2021-12-07 15:00:00+05:30,40.95,53.45,24.5
2021-12-07 16:00:00+05:30,42.35,53.15,28.15
2021-12-07 17:00:00+05:30,42.0,54.95,25.1
2021-12-07 18:00:00+05:30,41.900000000000006,58.65,26.35
2021-12-07 19:00:00+05:30,42.5,71.05,32.4
2021-12-07 20:00:00+05:30,41.4,80.6,35.1
2021-12-08 06:00:00+05:30,32.6,95.2,45.8
2021-12-08 07:00:00+05:30,35.2,99.44999999999999,51.75
2021-12-08 08:00:00+05:30,33.5,103.6,56.8
2021-12-08 09:00:00+05:30,27.8,108.05,55.2
2021-12-08 10:00:00+05:30,23.3,104.5,51.05
2021-12-08 11:00:00+05:30,13.7,101.0,50.6
2021-12-08 12:00:00+05:30,18.7,17.5,7.0
2021-12-08 13:00:00+05:30,14.8,40.3,20.4
2021-12-08 14:00:00+05:30,16.9,81.4,44.3
2021-12-08 15:00:00+05:30,31.1,79.1,40.9
2021-12-08 16:00:00+05:30,17.2,85.05,40.650000000000006
2021-12-08 17:00:00+05:30,1.5,86.75,41.85
2021-12-08 18:00:00+05:30,7.0,93.2,45.3
2021-12-08 19:00:00+05:30,7.0,107.45,48.15
2021-12-08 20:00:00+05:30,7.0,117.8,54.6
2021-12-08 21:00:00+05:30,7.0,128.45,52.3
2021-12-08 22:00:00+05:30,7.0,129.2,53.7
2021-12-08 23:00:00+05:30,36.1,135.7,56.6
2021-12-09 00:00:00+05:30,36.2,126.0,55.2
2021-12-09 01:00:00+05:30,36.2,126.0,55.2
2021-12-09 02:00:00+05:30,30.6,119.9,50.2
2021-12-09 03:00:00+05:30,27.85,108.0,49.0
2021-12-09 04:00:00+05:30,22.6,102.55,47.1
2021-12-09 05:00:00+05:30,21.799999999999997,103.4,51.45
2021-12-09 07:00:00+05:30,18.8,101.7,47.5
2021-12-09 08:00:00+05:30,16.6,95.69999999999999,51.2
2021-12-09 09:00:00+05:30,20.65,90.25,48.05
2021-12-09 10:00:00+05:30,26.049999999999997,95.6,43.25
2021-12-09 11:00:00+05:30,23.65,99.2,45.9
2021-12-09 12:00:00+05:30,21.200000000000003,96.4,46.55
2021-12-09 13:00:00+05:30,16.6,100.85,40.15
2021-12-09 14:00:00+05:30,15.1,102.5,52.3
2021-12-09 15:00:00+05:30,15.8,105.45,53.65
2021-12-09 16:00:00+05:30,17.5,103.80000000000001,49.7
2021-12-09 17:00:00+05:30,19.95,99.45,46.15
2021-12-09 18:00:00+05:30,20.549999999999997,94.1,38.85
2021-12-09 19:00:00+05:30,21.3,82.9,40.6
2021-12-09 20:00:00+05:30,21.35,82.9,38.65
2021-12-09 21:00:00+05:30,17.65,85.19999999999999,42.0
2021-12-09 22:00:00+05:30,13.5,68.35,32.3
2021-12-09 23:00:00+05:30,10.5,65.2,32.9
2021-12-10 00:00:00+05:30,7.949999999999999,67.6,38.45
2021-12-10 01:00:00+05:30,3.75,70.05,36.9
2021-12-10 02:00:00+05:30,0.8,73.45,35.65
2021-12-10 03:00:00+05:30,7.949999999999999,69.1,32.65
2021-12-10 04:00:00+05:30,6.800000000000001,52.150000000000006,27.5
2021-12-10 05:00:00+05:30,3.75,51.95,23.049999999999997
2021-12-10 06:00:00+05:30,0.0,67.6,32.8
2021-12-10 07:00:00+05:30,0.45,70.35,35.05
2021-12-10 08:00:00+05:30,8.1,78.9,35.85
2021-12-10 09:00:00+05:30,2.2,89.85,35.1
2021-12-10 10:00:00+05:30,0.0,99.5,44.2
2021-12-10 11:00:00+05:30,0.0,93.6,43.5
2021-12-10 12:00:00+05:30,68.95,100.35,49.85
2021-12-10 13:00:00+05:30,86.55000000000001,107.9,53.8
2021-12-10 14:00:00+05:30,87.65,107.9,56.4
2021-12-10 15:00:00+05:30,89.9,106.7,53.25
2021-12-10 16:00:00+05:30,91.0,107.0,54.6
2021-12-10 17:00:00+05:30,100.2,151.25,73.05000000000001
2021-12-10 18:00:00+05:30,138.2,232.7,104.0
2021-12-10 19:00:00+05:30,142.9,241.4,105.3
2021-12-10 20:00:00+05:30,168.64999999999998,273.1,111.65
2021-12-10 21:00:00+05:30,173.7,288.6,117.25
2021-12-10 22:00:00+05:30,177.3,283.0,116.1
2021-12-10 23:00:00+05:30,222.55,286.05,122.3
2021-12-11 00:00:00+05:30,216.35,259.45,117.7
2021-12-11 01:00:00+05:30,201.65,232.64999999999998,108.75
2021-12-11 02:00:00+05:30,197.3,221.95,110.7
2021-12-11 03:00:00+05:30,192.7,213.2,107.2
2021-12-11 04:00:00+05:30,189.4,209.7,103.1
2021-12-11 05:00:00+05:30,189.2,218.7,98.75
2021-12-11 06:00:00+05:30,186.05,211.6,105.85
2021-12-11 07:00:00+05:30,181.8,246.95,118.85
2021-12-11 08:00:00+05:30,170.7,266.45,139.14999999999998
2021-12-11 09:00:00+05:30,153.5,251.2,128.75
2021-12-11 10:00:00+05:30,135.9,234.6,113.5
2021-12-11 11:00:00+05:30,129.3,216.1,100.9
2021-12-11 12:00:00+05:30,119.9,174.95,83.6
2021-12-11 13:00:00+05:30,114.4,161.95,77.85
2021-12-11 14:00:00+05:30,108.85,158.1,75.35
2021-12-11 15:00:00+05:30,107.6,161.5,74.8
2021-12-11 16:00:00+05:30,110.1,154.75,73.75
2021-12-11 17:00:00+05:30,117.45,168.1,75.80000000000001
2021-12-11 18:00:00+05:30,115.65,178.8,81.1
2021-12-11 19:00:00+05:30,123.1,190.5,84.25
2021-12-11 20:00:00+05:30,123.85,190.05,86.1
2021-12-11 21:00:00+05:30,119.75,202.1,90.9
2021-12-11 22:00:00+05:30,127.7,205.7,98.8
2021-12-11 23:00:00+05:30,120.25,198.8,95.44999999999999
2021-12-12 00:00:00+05:30,123.3,192.8,95.1
2021-12-12 01:00:00+05:30,123.94999999999999,193.0,94.55
2021-12-12 02:00:00+05:30,117.55,195.65,95.35
2021-12-12 03:00:00+05:30,111.3,189.8,96.5
2021-12-12 04:00:00+05:30,111.9,189.8,96.5
2021-12-12 05:00:00+05:30,109.25,175.6,90.15
2021-12-12 06:00:00+05:30,109.65,178.2,90.75
2021-12-12 07:00:00+05:30,105.85,177.25,87.0
2021-12-12 08:00:00+05:30,106.0,174.1,90.9
2021-12-12 09:00:00+05:30,105.7,166.4,89.1
2021-12-12 10:00:00+05:30,105.5,169.7,88.9
2021-12-12 11:00:00+05:30,98.94999999999999,162.8,87.75
2021-12-12 12:00:00+05:30,104.85,159.7,86.8
2021-12-12 13:00:00+05:30,104.05000000000001,169.25,85.4
2021-12-12 14:00:00+05:30,100.05000000000001,178.05,88.9
2021-12-12 15:00:00+05:30,104.1,181.7,91.2
2021-12-12 16:00:00+05:30,105.30000000000001,183.39999999999998,95.55
2021-12-12 17:00:00+05:30,106.30000000000001,193.85,101.75
2021-12-12 18:00:00+05:30,110.9,210.4,105.7
2021-12-12 19:00:00+05:30,114.9,213.65,109.35
2021-12-12 20:00:00+05:30,122.25,223.65,114.1
2021-12-12 21:00:00+05:30,136.3,262.85,128.65
2021-12-12 22:00:00+05:30,148.15,273.3,131.1
2021-12-12 23:00:00+05:30,155.1,273.2,135.89999999999998
2021-12-13 00:00:00+05:30,143.2,243.5,131.2
2021-12-13 01:00:00+05:30,135.4,242.6,125.7
2021-12-13 02:00:00+05:30,133.5,231.0,124.0
2021-12-13 03:00:00+05:30,126.85,202.95,115.1
2021-12-13 04:00:00+05:30,123.4,191.5,110.8
2021-12-13 05:00:00+05:30,121.30000000000001,192.9,103.6
2021-12-13 06:00:00+05:30,124.25,193.85,103.25
2021-12-13 07:00:00+05:30,125.30000000000001,208.55,107.94999999999999
2021-12-13 08:00:00+05:30,121.30000000000001,212.5,113.55000000000001
2021-12-13 09:00:00+05:30,120.30000000000001,209.5,112.15
2021-12-13 10:00:00+05:30,116.75,198.15,107.30000000000001
2021-12-13 11:00:00+05:30,36.3,195.4,106.2
2021-12-13 12:00:00+05:30,168.25,6.0,2.0
2021-12-13 13:00:00+05:30,114.35,97.15,27.85
2021-12-13 14:00:00+05:30,108.15,140.05,43.1
2021-12-13 15:00:00+05:30,103.5,128.85,48.45
2021-12-13 16:00:00+05:30,105.5,130.35000000000002,51.75
2021-12-13 17:00:00+05:30,115.25,140.3,56.85
2021-12-13 18:00:00+05:30,157.89999999999998,195.7,86.75
2021-12-13 19:00:00+05:30,185.39999999999998,234.85000000000002,106.55000000000001
2021-12-13 20:00:00+05:30,220.25,304.7,138.0
2021-12-13 21:00:00+05:30,242.55,355.05,153.8
2021-12-13 22:00:00+05:30,239.8,330.95000000000005,154.15
2021-12-13 23:00:00+05:30,241.9,341.6,166.8
2021-12-14 00:00:00+05:30,227.85,358.45000000000005,178.05
2021-12-14 01:00:00+05:30,212.8,391.3,183.45
2021-12-14 02:00:00+05:30,194.95,368.45,175.95
2021-12-14 03:00:00+05:30,176.60000000000002,263.9,161.45
2021-12-14 04:00:00+05:30,163.1,232.8,145.5
2021-12-14 05:00:00+05:30,143.25,215.65,133.0
2021-12-14 06:00:00+05:30,133.65,210.0,120.35
2021-12-14 07:00:00+05:30,128.25,211.05,121.6
2021-12-14 08:00:00+05:30,123.75,249.25,124.35
2021-12-14 09:00:00+05:30,119.69999999999999,264.55,127.0
2021-12-14 10:00:00+05:30,116.6,251.1,126.3
2021-12-14 11:00:00+05:30,111.45,219.9,114.0
2021-12-14 12:00:00+05:30,104.75,181.85000000000002,90.44999999999999
2021-12-14 13:00:00+05:30,99.4,159.15,77.55
2021-12-14 14:00:00+05:30,98.95,140.25,68.95
2021-12-14 15:00:00+05:30,100.4,132.35000000000002,65.5
2021-12-14 17:00:00+05:30,102.6,131.0,65.6
2021-12-14 18:00:00+05:30,103.75,156.45,67.55
2021-12-14 19:00:00+05:30,115.5,175.85000000000002,82.25
2021-12-14 20:00:00+05:30,142.0,204.9,108.44999999999999
2021-12-14 21:00:00+05:30,167.1,458.4,159.6
2021-12-14 22:00:00+05:30,172.95,395.85,164.9
2021-12-14 23:00:00+05:30,173.35000000000002,362.35,174.0
2021-12-15 00:00:00+05:30,166.35,334.55,177.6
2021-12-15 01:00:00+05:30,158.95,285.9,174.8
2021-12-15 02:00:00+05:30,149.35,255.35,162.8
2021-12-15 03:00:00+05:30,139.75,245.15,145.7
2021-12-15 04:00:00+05:30,132.6,232.7,135.7
2021-12-15 05:00:00+05:30,124.9,227.60000000000002,123.94999999999999
2021-12-15 06:00:00+05:30,120.3,230.8,123.2
2021-12-15 07:00:00+05:30,119.85,286.65,136.0
2021-12-15 08:00:00+05:30,119.15,280.85,142.65
2021-12-15 09:00:00+05:30,112.44999999999999,308.70000000000005,139.45
2021-12-15 10:00:00+05:30,111.0,265.9,135.8
2021-12-15 11:00:00+05:30,108.85,211.1,122.35
2021-12-15 12:00:00+05:30,103.15,183.2,109.35
2021-12-15 13:00:00+05:30,100.1,183.05,100.3
2021-12-15 14:00:00+05:30,96.6,171.0,94.5
2021-12-15 17:00:00+05:30,102.6,185.2,89.6
2021-12-15 18:00:00+05:30,105.8,210.5,97.5
2021-12-15 19:00:00+05:30,121.1,228.2,103.1
2021-12-15 20:00:00+05:30,136.2,300.5,138.9
2021-12-15 21:00:00+05:30,152.64999999999998,334.79999999999995,150.75
2021-12-15 22:00:00+05:30,168.9,342.25,163.2
2021-12-15 23:00:00+05:30,166.0,339.3,171.9
2021-12-17 00:00:00+05:30,118.6,288.9,138.0
2021-12-17 01:00:00+05:30,109.4,255.5,126.3
2021-12-17 02:00:00+05:30,103.7,246.05,121.5
2021-12-17 03:00:00+05:30,100.69999999999999,227.5,114.15
2021-12-17 04:00:00+05:30,98.35,199.7,106.6
2021-12-17 05:00:00+05:30,97.69999999999999,182.35,102.6
2021-12-17 06:00:00+05:30,98.4,177.85000000000002,97.55000000000001
2021-12-17 07:00:00+05:30,99.55,187.55,98.75
2021-12-17 08:00:00+05:30,103.3,207.1,104.7
2021-12-17 09:00:00+05:30,102.3,244.1,108.8
2021-12-17 10:00:00+05:30,98.1,223.8,99.45
2021-12-17 11:00:00+05:30,93.1,165.9,74.1
2021-12-17 12:00:00+05:30,90.5,142.15,70.0
2021-12-17 13:00:00+05:30,88.95,120.1,64.25
2021-12-17 14:00:00+05:30,88.1,119.4,60.9
2021-12-17 15:00:00+05:30,86.25,124.45,57.65
2021-12-17 16:00:00+05:30,88.8,122.95,57.2
2021-12-17 17:00:00+05:30,91.19999999999999,130.15,55.2
2021-12-17 18:00:00+05:30,94.05000000000001,152.85,65.3
2021-12-17 19:00:00+05:30,103.5,173.1,77.6
2021-12-17 20:00:00+05:30,171.3,453.9,144.3
2021-12-17 21:00:00+05:30,201.3,474.75,175.05
2021-12-17 22:00:00+05:30,229.45,471.4,202.4
2021-12-17 23:00:00+05:30,236.6,400.3,213.4
2021-12-18 01:00:00+05:30,216.1,431.65,223.05
2021-12-18 02:00:00+05:30,203.60000000000002,394.55,209.05
2021-12-18 03:00:00+05:30,185.0,297.25,179.2
2021-12-18 04:00:00+05:30,163.7,203.35,141.9
2021-12-18 05:00:00+05:30,148.35000000000002,178.8,117.15
2021-12-18 06:00:00+05:30,131.5,188.6,108.9
2021-12-18 08:00:00+05:30,126.9,245.2,116.8
2021-12-18 09:00:00+05:30,117.6,224.4,110.5
2021-12-18 10:00:00+05:30,111.25,212.85,102.15
2021-12-18 11:00:00+05:30,106.2,203.7,98.7
2021-12-18 12:00:00+05:30,100.55000000000001,184.2,92.5
2021-12-18 13:00:00+05:30,96.4,173.8,82.5
2021-12-18 14:00:00+05:30,92.25,172.8,83.5
2021-12-18 15:00:00+05:30,93.7,172.1,84.2
2021-12-18 17:00:00+05:30,117.6,217.0,92.5
2021-12-18 18:00:00+05:30,139.2,266.75,105.9
2021-12-18 19:00:00+05:30,165.60000000000002,325.2,120.65
2021-12-18 20:00:00+05:30,176.4,344.1,128.5
2021-12-18 21:00:00+05:30,170.3,326.6,141.5
2021-12-18 22:00:00+05:30,170.85000000000002,366.6,160.6
2021-12-18 23:00:00+05:30,181.60000000000002,396.05,188.64999999999998
2021-12-19 00:00:00+05:30,168.4,401.2,192.4
2021-12-19 01:00:00+05:30,152.95,363.5,181.2
2021-12-19 02:00:00+05:30,134.1,313.9,162.2
2021-12-19 03:00:00+05:30,117.5,204.0,111.7
2021-12-19 04:00:00+05:30,110.35,189.35,96.95
2021-12-19 05:00:00+05:30,103.55,180.85,77.30000000000001
2021-12-19 06:00:00+05:30,97.6,177.75,72.55000000000001
2021-12-19 07:00:00+05:30,93.7,163.8,83.1
2021-12-19 08:00:00+05:30,89.85,161.95,80.7
2021-12-19 09:00:00+05:30,87.2,140.2,64.0
2021-12-19 11:00:00+05:30,86.9,140.7,60.6
2021-12-19 12:00:00+05:30,87.2,141.8,64.4
2021-12-19 13:00:00+05:30,85.35,137.25,65.85
2021-12-19 14:00:00+05:30,85.4,134.5,57.1
2021-12-19 15:00:00+05:30,86.0,135.4,57.1
2021-12-19 16:00:00+05:30,86.05000000000001,134.4,60.599999999999994
2021-12-19 17:00:00+05:30,87.55,137.7,62.8
2021-12-19 18:00:00+05:30,92.75,150.15,67.1
2021-12-19 20:00:00+05:30,96.3,168.9,77.7
2021-12-19 21:00:00+05:30,94.3,177.75,81.7
2021-12-19 22:00:00+05:30,93.1,178.8,77.6
2021-12-19 23:00:00+05:30,90.8,169.9,71.1
2021-12-20 00:00:00+05:30,88.75,149.5,69.4
2021-12-20 01:00:00+05:30,84.9,138.5,61.75
2021-12-20 02:00:00+05:30,82.1,124.8,64.2
2021-12-20 03:00:00+05:30,81.5,123.35,61.099999999999994
2021-12-20 04:00:00+05:30,81.35,117.4,61.9
2021-12-20 05:00:00+05:30,82.5,115.45,67.05000000000001
2021-12-20 06:00:00+05:30,84.3,127.1,69.35
2021-12-20 07:00:00+05:30,85.1,137.2,71.1
2021-12-20 08:00:00+05:30,86.0,150.9,79.4
2021-12-20 09:00:00+05:30,86.5,159.3,83.5
2021-12-20 10:00:00+05:30,86.0,168.1,89.7
2021-12-20 11:00:00+05:30,85.75,179.3,85.45
2021-12-20 12:00:00+05:30,84.6,176.95,85.45
2021-12-20 13:00:00+05:30,83.44999999999999,176.35,82.1
2021-12-20 14:00:00+05:30,82.7,160.7,72.7
2021-12-20 15:00:00+05:30,82.0,156.1,71.8
2021-12-22 07:00:00+05:30,82.2,218.6,109.1
2021-12-22 14:00:00+05:30,75.5,197.3,92.5
2021-12-22 23:00:00+05:30,89.9,246.5,130.1
2021-12-23 01:00:00+05:30,84.9,240.7,122.2
2021-12-23 02:00:00+05:30,81.6,233.0,116.8
2021-12-23 03:00:00+05:30,81.2,232.7,119.2
2021-12-23 07:00:00+05:30,84.0,242.3,129.2
2021-12-23 11:00:00+05:30,83.2,269.1,141.1
2021-12-23 13:00:00+05:30,78.7,239.2,126.3
2021-12-23 16:00:00+05:30,76.6,214.7,109.0
2021-12-24 00:00:00+05:30,119.0,451.5,227.7
2021-12-24 02:00:00+05:30,113.1,441.5,221.6
2021-12-24 05:00:00+05:30,102.2,331.6,181.5
2021-12-24 10:00:00+05:30,91.5,370.1,195.0
2021-12-24 12:00:00+05:30,87.4,300.9,157.0
2021-12-24 13:00:00+05:30,84.75,220.39999999999998,100.8
2021-12-24 21:00:00+05:30,125.9,250.8,118.0
2021-12-25 00:00:00+05:30,127.4,306.9,147.0
2021-12-25 01:00:00+05:30,118.7,272.0,137.8
2021-12-25 04:00:00+05:30,109.9,282.4,145.7
2021-12-25 07:00:00+05:30,109.5,313.6,170.2
2021-12-25 11:00:00+05:30,92.4,243.4,140.7
2021-12-25 13:00:00+05:30,86.1,148.2,75.8
2021-12-26 04:00:00+05:30,119.6,254.2,138.2
2021-12-26 05:00:00+05:30,118.4,243.6,134.8
2021-12-26 15:00:00+05:30,83.5,191.3,90.4
2021-12-27 03:00:00+05:30,98.5,184.7,107.1
2021-12-27 10:00:00+05:30,91.0,231.0,128.3
2021-12-27 11:00:00+05:30,86.6,216.9,119.2
2021-12-27 13:00:00+05:30,68.1,174.4,81.0
2021-12-28 01:00:00+05:30,96.3,191.7,138.5
2021-12-28 04:00:00+05:30,89.0,212.5,116.9
2021-12-28 06:00:00+05:30,84.2,168.8,107.2
2021-12-28 10:00:00+05:30,77.3,139.0,82.9
2021-12-28 12:00:00+05:30,74.7,153.0,81.0
2021-12-28 17:00:00+05:30,76.8,169.5,77.6
2021-12-29 02:00:00+05:30,76.8,223.3,122.4
2021-12-29 04:00:00+05:30,78.2,212.1,115.7
2021-12-29 07:00:00+05:30,74.7,217.3,105.3
2021-12-29 10:00:00+05:30,72.1,193.7,93.1
2021-12-29 16:00:00+05:30,30.7,171.5,76.3
2021-12-30 00:00:00+05:30,81.4,340.5,166.4
2021-12-30 04:00:00+05:30,76.9,242.1,130.7
2021-12-30 09:00:00+05:30,71.2,176.9,94.7
2021-12-30 13:00:00+05:30,72.8,163.8,99.1
2021-12-30 20:00:00+05:30,72.5,199.4,97.0
2021-12-31 01:00:00+05:30,72.8,193.6,98.3
2021-12-31 02:00:00+05:30,74.3,177.0,90.7
2021-12-31 04:00:00+05:30,68.4,125.7,67.7
2022-01-01 04:00:00+05:30,72.2,193.0,98.6
2022-01-01 05:00:00+05:30,70.5,139.0,85.0
2022-01-01 06:00:00+05:30,65.4,150.4,79.2
2022-01-01 17:00:00+05:30,60.4,92.9,52.5
2022-01-01 18:00:00+05:30,63.6,96.9,57.3
2022-01-02 16:00:00+05:30,60.2,135.0,77.3
2022-01-02 22:00:00+05:30,65.6,228.8,124.1
2022-01-02 23:00:00+05:30,61.1,224.8,121.5
2022-01-03 00:00:00+05:30,61.6,231.7,120.9
2022-01-06 04:00:00+05:30,88.0,280.8,131.6
2022-01-10 06:00:00+05:30,72.3,176.5,96.9
2022-01-17 07:00:00+05:30,34.8,147.1,81.6
2022-01-20 15:00:00+05:30,27.6,163.5,95.1
2022-01-21 04:00:00+05:30,40.2,230.5,126.1
2022-01-22 00:00:00+05:30,31.9,226.5,119.1
2022-01-22 02:00:00+05:30,30.2,207.3,116.6
2022-01-22 04:00:00+05:30,28.5,185.1,101.5
2022-01-22 08:00:00+05:30,29.5,167.9,96.4
2022-01-22 12:00:00+05:30,28.5,120.1,63.8
2022-01-23 00:00:00+05:30,26.4,156.5,84.2
2022-01-23 23:00:00+05:30,27.6,268.4,157.4
2022-01-24 03:00:00+05:30,26.0,140.7,90.1
2022-01-24 14:00:00+05:30,51.0,115.8,65.2
2022-01-25 05:00:00+05:30,28.6,180.4,92.5
2022-01-25 06:00:00+05:30,30.5,186.4,94.3
2022-01-25 08:00:00+05:30,29.7,205.6,107.7
2022-01-25 09:00:00+05:30,30.1,196.8,105.6
2022-01-26 06:00:00+05:30,26.9,179.1,88.6
2022-01-26 09:00:00+05:30,27.3,174.3,89.0
2022-01-26 16:00:00+05:30,25.7,165.0,83.6
2022-01-28 19:00:00+05:30,29.9,143.4,60.4
2022-01-30 01:00:00+05:30,50.2,313.8,165.7
2022-01-30 02:00:00+05:30,49.0,299.5,153.3
2022-01-30 03:00:00+05:30,49.3,306.2,159.3
2022-01-30 04:00:00+05:30,50.7,326.5,170.2
2022-01-30 05:00:00+05:30,51.25,353.65,183.1
2022-01-30 06:00:00+05:30,50.7,353.0,182.3
2022-01-30 08:00:00+05:30,50.1,377.3,191.4
2022-01-30 09:00:00+05:30,46.8,352.7,180.0
2022-01-30 10:00:00+05:30,44.6,283.4,153.1
2022-01-30 11:00:00+05:30,40.6,216.7,116.4
2022-01-30 12:00:00+05:30,39.1,158.6,91.1
2022-01-30 14:00:00+05:30,30.2,118.3,57.8
2022-01-30 15:00:00+05:30,28.3,111.2,48.8
2022-01-30 16:00:00+05:30,27.5,107.3,49.9
2022-01-30 17:00:00+05:30,27.6,100.9,52.7
2022-01-30 18:00:00+05:30,28.1,105.8,40.8
2022-01-30 19:00:00+05:30,39.05,143.95,69.5
2022-01-30 21:00:00+05:30,46.6,233.6,102.4
2022-01-30 22:00:00+05:30,46.8,246.6,112.8
2022-01-30 23:00:00+05:30,43.0,218.8,100.6
2022-01-31 00:00:00+05:30,38.8,204.1,95.8
2022-01-31 01:00:00+05:30,36.7,186.0,87.2
2022-01-31 04:00:00+05:30,36.5,142.8,73.5
2022-01-31 05:00:00+05:30,35.7,150.1,73.2
2022-01-31 06:00:00+05:30,36.0,146.1,71.7
2022-01-31 07:00:00+05:30,35.349999999999994,178.55,90.75
2022-01-31 10:00:00+05:30,34.7,216.9,103.2
2022-01-31 11:00:00+05:30,34.0,192.4,98.7
2022-01-31 12:00:00+05:30,8.7,6.0,0.0
2022-01-31 13:00:00+05:30,35.8,114.9,51.6
2022-01-31 14:00:00+05:30,27.7,120.9,59.0
2022-01-31 15:00:00+05:30,28.2,108.2,58.1
2022-01-31 16:00:00+05:30,27.7,117.4,59.5
2022-01-31 23:00:00+05:30,30.2,122.4,63.9
2022-02-01 15:00:00+05:30,0.0,0.0,0.0
2022-02-01 17:00:00+05:30,31.1,93.7,32.2
2022-02-01 18:00:00+05:30,34.95,122.25,47.4
2022-02-01 20:00:00+05:30,45.6,210.7,82.9
2022-02-01 21:00:00+05:30,44.9,233.2,87.0
2022-02-01 23:00:00+05:30,40.3,185.5,88.9
2022-02-02 01:00:00+05:30,36.1,124.6,86.1
2022-02-02 02:00:00+05:30,34.7,122.1,69.3
2022-02-02 03:00:00+05:30,34.0,83.8,52.8
2022-02-02 04:00:00+05:30,29.8,80.6,39.6
2022-02-02 05:00:00+05:30,31.5,91.5,42.5
2022-02-02 06:00:00+05:30,30.7,95.9,37.2
2022-02-02 07:00:00+05:30,31.9,93.8,47.8
2022-02-02 08:00:00+05:30,32.0,115.3,54.9
2022-02-02 09:00:00+05:30,33.2,139.6,72.5
2022-02-02 10:00:00+05:30,33.9,168.5,77.1
2022-02-02 12:00:00+05:30,28.65,26.2,7.25
2022-02-02 19:00:00+05:30,42.3,160.9,65.0
2022-02-02 21:00:00+05:30,41.6,266.3,103.7
2022-02-02 23:00:00+05:30,37.5,172.8,85.8
2022-02-03 00:00:00+05:30,35.2,125.7,73.1
2022-03-25 02:00:00+05:30,40.0,70.5,37.3
2022-03-25 18:00:00+05:30,41.1,79.3,34.3
2022-03-25 19:00:00+05:30,40.7,84.2,37.4
2022-03-25 20:00:00+05:30,41.2,92.8,29.4
2022-03-25 21:00:00+05:30,41.1,77.8,36.6
2022-03-25 22:00:00+05:30,41.0,76.4,31.6
2022-03-25 23:00:00+05:30,40.9,66.6,33.0
2022-03-26 00:00:00+05:30,41.2,76.1,27.6
2022-03-26 01:00:00+05:30,41.8,64.7,36.1
2022-03-26 02:00:00+05:30,40.8,62.3,30.5
2022-03-26 03:00:00+05:30,41.5,61.8,31.8
2022-03-26 04:00:00+05:30,41.5,58.7,26.4
2022-03-26 05:00:00+05:30,41.4,58.0,34.3
2022-03-26 06:00:00+05:30,40.9,50.8,27.1
2022-03-26 07:00:00+05:30,41.2,55.1,22.6
2022-03-26 08:00:00+05:30,40.9,56.9,29.2
2022-03-26 09:00:00+05:30,41.4,50.3,33.1
2022-03-26 10:00:00+05:30,41.6,51.1,25.5
2022-03-26 11:00:00+05:30,41.3,65.2,29.6
2022-03-26 12:00:00+05:30,41.5,69.2,32.1
2022-03-26 13:00:00+05:30,42.0,73.6,30.9
2022-03-26 14:00:00+05:30,41.9,78.7,38.5
2022-03-26 15:00:00+05:30,41.3,82.7,37.1
2022-03-26 16:00:00+05:30,41.7,84.7,44.2
2022-03-26 17:00:00+05:30,39.2,95.0,52.2
2022-03-26 18:00:00+05:30,38.8,81.4,38.6
2022-03-26 19:00:00+05:30,39.7,82.0,47.8
2022-03-26 20:00:00+05:30,39.1,93.4,44.7
2022-03-26 21:00:00+05:30,39.4,88.3,43.2
2022-03-26 22:00:00+05:30,39.1,81.2,40.1
2022-03-26 23:00:00+05:30,39.5,69.3,36.2
2022-03-27 00:00:00+05:30,39.6,72.0,34.1
2022-03-27 01:00:00+05:30,39.4,65.8,29.9
2022-03-27 02:00:00+05:30,39.4,62.0,28.8
2022-03-27 03:00:00+05:30,39.1,53.2,35.2
2022-03-27 04:00:00+05:30,39.0,47.4,29.8
2022-03-27 05:00:00+05:30,39.5,55.1,34.9
2022-03-27 06:00:00+05:30,39.1,58.7,29.1
2022-03-27 07:00:00+05:30,38.9,59.0,37.3
2022-03-27 08:00:00+05:30,38.5,82.6,35.7
2022-03-27 09:00:00+05:30,38.8,84.4,37.7
2022-03-27 10:00:00+05:30,39.2,87.4,36.8
2022-03-27 11:00:00+05:30,38.9,87.8,42.5
2022-03-27 12:00:00+05:30,38.1,86.1,32.6
2022-03-27 13:00:00+05:30,38.4,91.5,37.4
2022-03-27 14:00:00+05:30,38.6,91.1,35.4
2022-03-27 15:00:00+05:30,39.1,103.4,45.6
2022-03-27 16:00:00+05:30,38.9,108.0,56.6
2022-03-27 17:00:00+05:30,39.3,111.0,49.2
2022-03-27 18:00:00+05:30,39.4,107.5,50.5
2022-03-27 19:00:00+05:30,39.0,111.5,50.5
2022-03-27 20:00:00+05:30,39.2,110.4,49.2
2022-03-27 21:00:00+05:30,39.1,108.3,45.0
2022-03-27 22:00:00+05:30,38.9,98.2,43.7
2022-03-27 23:00:00+05:30,39.2,80.3,43.7
2022-03-28 00:00:00+05:30,38.9,91.5,46.7
2022-03-28 01:00:00+05:30,39.0,70.5,38.7
2022-03-28 02:00:00+05:30,38.9,80.1,41.1
2022-03-28 03:00:00+05:30,38.8,77.6,37.9
2022-03-28 04:00:00+05:30,39.7,73.8,32.7
2022-03-28 05:00:00+05:30,38.9,75.3,37.4
2022-03-28 06:00:00+05:30,39.4,65.7,31.8
2022-03-28 07:00:00+05:30,39.0,65.9,36.1
2022-03-28 08:00:00+05:30,39.0,72.8,42.2
2022-03-28 09:00:00+05:30,39.1,74.6,48.2
2022-03-28 10:00:00+05:30,39.3,75.0,40.4
2022-03-28 11:00:00+05:30,38.8,88.6,38.2
2022-03-28 12:00:00+05:30,0.6,96.0,35.6
2022-03-28 13:00:00+05:30,22.3,92.7,33.1
2022-03-28 14:00:00+05:30,26.8,130.3,47.9
2022-03-28 15:00:00+05:30,27.3,122.9,48.8
2022-03-28 16:00:00+05:30,25.8,0.0,0.2
2022-03-28 17:00:00+05:30,26.5,9.7,1.9
2022-03-28 18:00:00+05:30,26.9,111.2,29.0
2022-03-28 19:00:00+05:30,27.5,101.5,33.5
2022-03-28 20:00:00+05:30,26.9,92.7,27.4
2022-03-28 21:00:00+05:30,27.1,93.0,29.5
2022-03-28 22:00:00+05:30,26.8,78.7,29.2
2022-03-28 23:00:00+05:30,27.1,75.8,26.5
2022-03-29 00:00:00+05:30,27.4,73.4,20.4
2022-03-29 01:00:00+05:30,27.2,77.5,25.3
2022-03-29 02:00:00+05:30,27.0,73.9,23.5
2022-03-29 03:00:00+05:30,27.4,67.2,27.1
2022-03-29 04:00:00+05:30,26.3,63.7,26.6
2022-03-29 05:00:00+05:30,27.2,68.7,30.4
2022-03-29 06:00:00+05:30,27.1,70.6,32.1
2022-03-29 07:00:00+05:30,26.5,70.0,34.7
2022-03-29 08:00:00+05:30,27.1,70.5,30.9
2022-03-29 09:00:00+05:30,27.3,76.1,34.0
2022-03-29 10:00:00+05:30,27.1,81.6,32.8
2022-03-29 11:00:00+05:30,26.7,83.5,36.2
2022-03-29 12:00:00+05:30,27.1,86.7,36.0
2022-03-29 13:00:00+05:30,26.2,94.0,39.3
2022-03-29 14:00:00+05:30,26.6,98.5,43.3
2022-03-29 15:00:00+05:30,26.8,99.6,45.0
2022-03-29 16:00:00+05:30,27.1,96.4,45.0
2022-03-29 17:00:00+05:30,27.0,96.9,38.9
2022-03-29 18:00:00+05:30,27.0,93.4,42.6
2022-03-29 19:00:00+05:30,26.9,88.1,34.5
2022-03-29 20:00:00+05:30,26.9,85.0,30.8
2022-03-29 21:00:00+05:30,26.7,78.3,30.7
2022-03-29 22:00:00+05:30,27.5,78.6,30.3
2022-03-29 23:00:00+05:30,27.4,73.3,25.9
2022-03-30 00:00:00+05:30,27.2,62.0,26.9
2022-03-30 01:00:00+05:30,27.0,63.7,32.0
2022-03-30 02:00:00+05:30,26.8,62.6,28.7
2022-03-30 03:00:00+05:30,27.1,56.0,22.1
2022-03-30 04:00:00+05:30,27.5,46.0,19.0
2022-03-30 05:00:00+05:30,27.2,48.7,18.5
2022-03-30 06:00:00+05:30,27.1,44.2,16.3
2022-03-30 07:00:00+05:30,27.1,45.7,16.0
2022-03-30 08:00:00+05:30,26.3,42.6,16.3
2022-03-30 09:00:00+05:30,26.9,50.5,21.2
2022-03-30 10:00:00+05:30,27.2,48.8,20.8
2022-03-30 11:00:00+05:30,26.7,58.4,24.7
2022-03-30 13:00:00+05:30,27.3,77.9,18.2
2022-03-30 14:00:00+05:30,26.8,79.2,21.7
2022-03-30 15:00:00+05:30,27.4,77.3,20.8
2022-03-30 16:00:00+05:30,26.9,77.0,30.3
2022-03-30 17:00:00+05:30,27.0,70.1,34.0
2022-03-30 18:00:00+05:30,27.3,71.2,27.5
2022-03-30 19:00:00+05:30,27.2,76.6,24.0
2022-03-30 20:00:00+05:30,27.3,64.5,25.0
2022-03-30 21:00:00+05:30,27.1,54.2,24.5
2022-03-30 22:00:00+05:30,27.1,55.5,19.0
2022-03-30 23:00:00+05:30,27.0,52.4,20.0
2022-03-31 00:00:00+05:30,26.9,50.5,19.7
2022-03-31 01:00:00+05:30,26.6,55.2,15.4
2022-03-31 02:00:00+05:30,27.6,55.2,11.5
2022-03-31 03:00:00+05:30,26.4,50.3,11.9
2022-03-31 04:00:00+05:30,27.3,46.3,14.6
2022-03-31 05:00:00+05:30,26.5,43.7,12.5
2022-03-31 06:00:00+05:30,27.2,43.2,9.6
2022-03-31 07:00:00+05:30,27.0,41.3,13.2
2022-03-31 08:00:00+05:30,26.7,43.1,12.6
2022-03-31 09:00:00+05:30,27.7,42.6,10.1
2022-03-31 10:00:00+05:30,26.2,51.5,10.6
2022-03-31 11:00:00+05:30,27.0,60.4,11.5
2022-03-31 12:00:00+05:30,26.7,62.9,18.1
2022-03-31 13:00:00+05:30,27.2,70.4,18.0
2022-03-31 14:00:00+05:30,26.8,74.6,23.1
2022-03-31 15:00:00+05:30,27.2,78.1,24.6
2022-03-31 16:00:00+05:30,27.3,72.9,20.2
2022-03-31 17:00:00+05:30,27.4,75.2,21.1
2022-03-31 18:00:00+05:30,27.1,70.4,19.5
2022-03-31 19:00:00+05:30,27.0,67.0,15.0
2022-03-31 20:00:00+05:30,27.0,60.6,15.2
2022-03-31 21:00:00+05:30,27.6,60.7,20.1
2022-03-31 22:00:00+05:30,26.5,57.1,19.6
2022-03-31 23:00:00+05:30,27.0,57.0,15.3
2022-04-01 00:00:00+05:30,27.4,55.3,17.1
2022-04-01 01:00:00+05:30,27.1,54.9,15.1
2022-04-01 02:00:00+05:30,27.0,52.4,11.8
2022-04-01 03:00:00+05:30,26.9,49.0,11.5
2022-04-01 04:00:00+05:30,27.0,42.2,16.0
2022-04-01 05:00:00+05:30,27.4,35.5,16.8
2022-04-01 07:00:00+05:30,26.8,40.2,14.6
2022-04-01 08:00:00+05:30,26.5,44.8,12.5
2022-04-01 09:00:00+05:30,26.7,62.7,12.2
2022-04-01 10:00:00+05:30,26.6,63.3,15.3
2022-04-01 11:00:00+05:30,27.2,68.3,19.6
2022-04-01 12:00:00+05:30,27.2,68.3,19.6
2022-04-01 13:00:00+05:30,27.1,0.0,0.0
2022-04-01 14:00:00+05:30,29.4,115.8,22.7
2022-04-01 15:00:00+05:30,28.8,104.6,33.8
2022-04-01 16:00:00+05:30,27.6,90.4,28.2
2022-04-01 17:00:00+05:30,28.0,83.4,24.3
2022-04-01 18:00:00+05:30,,84.3,21.1
2022-04-01 19:00:00+05:30,27.6,77.6,23.6
2022-04-01 20:00:00+05:30,27.7,69.5,23.2
2022-04-01 22:00:00+05:30,27.2,60.7,37.2
2022-04-01 23:00:00+05:30,26.7,49.9,27.3
2022-04-02 00:00:00+05:30,27.2,51.4,27.5
2022-04-02 01:00:00+05:30,27.1,50.1,20.7
2022-04-02 02:00:00+05:30,26.8,57.0,22.3
2022-04-02 03:00:00+05:30,26.6,46.9,18.7
2022-04-02 04:00:00+05:30,26.7,46.5,15.3
2022-04-02 05:00:00+05:30,27.0,33.2,21.4
2022-04-02 06:00:00+05:30,27.6,32.5,22.6
2022-04-02 07:00:00+05:30,26.9,37.8,16.9
2022-04-02 08:00:00+05:30,27.6,36.6,12.9
2022-04-02 09:00:00+05:30,27.5,43.4,15.2
2022-04-02 10:00:00+05:30,27.4,55.9,12.1
2022-04-02 11:00:00+05:30,26.9,50.2,9.8
2022-04-02 12:00:00+05:30,27.5,62.5,20.4
2022-04-02 13:00:00+05:30,26.2,58.6,15.1
2022-04-02 14:00:00+05:30,26.9,62.6,20.0
2022-04-02 15:00:00+05:30,26.8,62.5,20.7
2022-04-02 16:00:00+05:30,27.1,54.7,15.4
2022-04-02 17:00:00+05:30,26.9,55.9,22.5
2022-04-02 18:00:00+05:30,27.5,63.8,16.8
2022-04-02 19:00:00+05:30,27.0,49.1,12.3
2022-04-02 20:00:00+05:30,27.1,48.9,10.7
2022-04-02 21:00:00+05:30,27.4,45.0,12.2
2022-04-02 22:00:00+05:30,27.6,57.9,9.6
2022-04-02 23:00:00+05:30,27.2,47.8,7.5
2022-04-04 00:00:00+05:30,0.0,41.1,9.7
2022-04-04 01:00:00+05:30,0.0,29.5,14.4
2022-04-04 02:00:00+05:30,0.0,30.0,11.7
2022-04-04 03:00:00+05:30,0.0,31.3,10.0
2022-04-04 04:00:00+05:30,,34.1,14.8
2022-04-04 05:00:00+05:30,0.0,33.3,12.2
2022-04-04 06:00:00+05:30,0.0,39.2,9.5
2022-04-04 07:00:00+05:30,0.0,32.0,14.2
2022-04-04 08:00:00+05:30,0.0,40.2,10.3
2022-04-04 09:00:00+05:30,0.0,38.1,12.0
2022-04-04 10:00:00+05:30,0.0,57.0,8.4
2022-04-04 11:00:00+05:30,0.0,57.3,13.1
2022-04-04 12:00:00+05:30,0.0,58.5,9.6
2022-04-04 13:00:00+05:30,0.0,58.2,10.8
2022-04-04 14:00:00+05:30,0.0,61.1,17.6
2022-04-04 15:00:00+05:30,0.0,58.6,18.1
2022-04-04 16:00:00+05:30,0.0,64.2,20.3
2022-04-04 17:00:00+05:30,0.0,52.8,15.1
2022-04-04 18:00:00+05:30,0.0,61.3,12.5
2022-04-04 19:00:00+05:30,0.0,54.7,16.5
2022-04-04 20:00:00+05:30,0.0,49.7,15.0
2022-04-04 21:00:00+05:30,0.0,35.2,12.7
2022-04-04 22:00:00+05:30,0.0,34.1,10.3
2022-04-04 23:00:00+05:30,0.0,34.7,11.0
2022-04-05 00:00:00+05:30,0.0,32.8,13.1
2022-04-05 01:00:00+05:30,0.0,26.3,12.0
2022-04-05 02:00:00+05:30,0.0,28.5,9.9
2022-04-05 03:00:00+05:30,0.0,37.3,10.3
2022-04-05 04:00:00+05:30,0.0,28.2,12.2
2022-04-05 05:00:00+05:30,0.0,24.7,9.0
2022-04-05 06:00:00+05:30,0.0,29.9,8.7
2022-04-05 07:00:00+05:30,0.0,24.9,17.2
2022-04-05 08:00:00+05:30,0.0,30.8,12.0
2022-04-05 09:00:00+05:30,0.0,33.4,9.9
2022-04-05 10:00:00+05:30,0.0,42.7,10.4
2022-04-05 11:00:00+05:30,0.0,49.8,17.7
2022-04-05 12:00:00+05:30,0.0,51.4,13.1
2022-04-05 13:00:00+05:30,0.0,45.0,14.6
2022-04-05 14:00:00+05:30,0.0,53.8,12.4
2022-04-05 15:00:00+05:30,0.0,48.4,18.1
2022-04-05 16:00:00+05:30,35.4,56.5,13.1
2022-04-05 17:00:00+05:30,38.9,53.3,15.1
2022-04-05 18:00:00+05:30,38.6,49.7,11.0
2022-04-05 19:00:00+05:30,39.4,49.1,8.8
2022-04-05 20:00:00+05:30,39.6,52.2,11.9
2022-04-05 21:00:00+05:30,39.7,43.4,13.1
2022-04-05 22:00:00+05:30,39.2,36.3,19.9
2022-04-05 23:00:00+05:30,39.6,42.5,17.9
2022-04-06 00:00:00+05:30,39.7,40.7,13.4
2022-04-06 01:00:00+05:30,39.4,37.5,15.6
2022-04-06 02:00:00+05:30,39.4,38.5,18.1
2022-04-06 03:00:00+05:30,39.4,36.1,17.7
2022-04-06 04:00:00+05:30,39.6,33.0,13.4
2022-04-06 05:00:00+05:30,40.1,30.9,9.8
2022-04-06 06:00:00+05:30,40.0,38.3,7.9
2022-04-06 07:00:00+05:30,39.5,35.9,6.6
2022-04-06 08:00:00+05:30,39.5,38.9,5.6
2022-04-06 09:00:00+05:30,39.8,37.8,8.0
2022-04-06 10:00:00+05:30,41.0,40.4,10.2
2022-04-06 11:00:00+05:30,39.8,45.7,12.9
2022-04-06 12:00:00+05:30,17.4,0.0,0.0
2022-04-06 13:00:00+05:30,27.0,59.7,3.9
2022-04-06 14:00:00+05:30,16.8,69.6,7.9
2022-04-06 15:00:00+05:30,17.2,65.7,11.5
2022-04-06 16:00:00+05:30,17.4,54.3,16.8
2022-04-06 19:00:00+05:30,,51.5,
2022-04-06 20:00:00+05:30,17.5,47.0,20.0
2022-04-06 21:00:00+05:30,,49.0,
2022-04-06 22:00:00+05:30,17.2,43.7,22.8
2022-04-06 23:00:00+05:30,18.1,43.5,23.6
2022-04-07 00:00:00+05:30,17.2,40.9,24.7
2022-04-07 01:00:00+05:30,17.6,43.5,34.2
2022-04-07 02:00:00+05:30,17.6,40.7,29.8
2022-04-07 03:00:00+05:30,17.4,36.4,22.9
2022-04-07 04:00:00+05:30,16.6,38.2,21.7
2022-04-07 05:00:00+05:30,17.7,37.7,20.4
2022-04-07 06:00:00+05:30,17.3,42.4,21.1
2022-04-07 07:00:00+05:30,17.3,41.1,22.7
2022-04-07 08:00:00+05:30,17.3,44.0,19.0
2022-04-07 09:00:00+05:30,17.4,53.7,15.5
2022-04-07 10:00:00+05:30,16.6,54.5,17.2
2022-04-07 11:00:00+05:30,17.6,48.3,18.4
2022-04-07 12:00:00+05:30,16.7,51.9,18.5
2022-04-07 13:00:00+05:30,17.6,49.8,25.5
2022-04-07 14:00:00+05:30,17.1,50.9,30.6
2022-04-07 15:00:00+05:30,17.2,55.0,25.2
2022-04-07 16:00:00+05:30,17.1,55.5,27.3
2022-04-07 17:00:00+05:30,17.3,62.1,31.2
2022-04-07 18:00:00+05:30,17.4,56.7,26.9
2022-04-07 19:00:00+05:30,,59.7,
2022-04-07 20:00:00+05:30,17.6,51.2,26.7
2022-04-07 21:00:00+05:30,17.2,50.1,29.3
2022-04-07 22:00:00+05:30,17.2,51.5,24.3
2022-04-07 23:00:00+05:30,17.1,45.4,20.1
2022-04-08 00:00:00+05:30,17.7,45.2,24.3
2022-04-08 01:00:00+05:30,18.1,46.7,27.8
2022-04-08 02:00:00+05:30,17.6,43.0,26.5
2022-04-08 12:00:00+05:30,17.3,57.4,23.1
2022-04-08 13:00:00+05:30,16.6,66.4,21.6
2022-04-08 14:00:00+05:30,17.7,51.7,18.5
2022-04-08 15:00:00+05:30,17.1,55.4,19.2
2022-04-08 16:00:00+05:30,17.0,57.2,18.2
2022-04-08 17:00:00+05:30,16.9,56.0,19.4
2022-04-08 18:00:00+05:30,17.0,52.5,17.9
2022-04-08 19:00:00+05:30,16.8,53.8,16.3
2022-04-08 20:00:00+05:30,17.1,45.0,16.2
2022-04-08 21:00:00+05:30,17.6,36.9,13.8
2022-04-08 22:00:00+05:30,17.8,36.7,13.2
2022-04-08 23:00:00+05:30,17.3,30.9,12.0
2022-04-09 00:00:00+05:30,17.0,24.3,10.3
2022-04-09 01:00:00+05:30,17.3,27.0,13.8
2022-04-09 02:00:00+05:30,17.4,22.1,17.6
2022-04-09 03:00:00+05:30,17.0,21.6,15.2
2022-04-09 04:00:00+05:30,17.2,20.5,12.5
2022-04-09 05:00:00+05:30,16.9,22.4,17.7
2022-04-09 06:00:00+05:30,17.3,19.8,16.4
2022-04-09 07:00:00+05:30,17.3,22.2,13.6
2022-04-09 08:00:00+05:30,17.2,19.1,11.5
2022-04-09 09:00:00+05:30,17.2,23.7,10.7
2022-04-09 10:00:00+05:30,17.4,32.3,13.7
2022-04-09 11:00:00+05:30,17.6,33.9,12.9
2022-04-09 12:00:00+05:30,20.8,30.9,14.4
2022-04-09 13:00:00+05:30,20.7,34.0,24.1
2022-04-09 14:00:00+05:30,21.1,40.5,21.9
2022-04-09 15:00:00+05:30,21.4,38.2,19.8
2022-04-09 16:00:00+05:30,21.0,41.0,18.7
2022-04-09 17:00:00+05:30,0.0,47.1,23.7
2022-04-09 18:00:00+05:30,0.0,42.6,20.4
2022-04-09 19:00:00+05:30,0.0,38.0,15.8
2022-04-09 20:00:00+05:30,0.0,31.4,18.2
2022-04-09 21:00:00+05:30,0.0,35.8,16.5
2022-04-09 22:00:00+05:30,0.0,38.4,17.1
2022-04-09 23:00:00+05:30,0.0,29.7,15.6
2022-04-11 00:00:00+05:30,0.0,22.8,24.1
2022-04-11 01:00:00+05:30,0.0,28.1,22.0
2022-04-11 02:00:00+05:30,0.0,24.3,22.1
2022-04-11 03:00:00+05:30,0.0,24.6,19.6
2022-04-11 04:00:00+05:30,0.0,23.9,21.3
2022-04-11 05:00:00+05:30,0.0,25.4,19.4
2022-04-11 06:00:00+05:30,0.0,21.2,16.4
2022-04-11 07:00:00+05:30,0.0,25.3,14.0
2022-04-11 08:00:00+05:30,0.0,32.8,13.8
2022-04-11 09:00:00+05:30,0.0,39.4,18.2
2022-04-11 10:00:00+05:30,0.0,38.0,21.2
2022-04-11 11:00:00+05:30,0.0,40.4,17.9
2022-04-11 12:00:00+05:30,30.4,46.4,20.5
2022-04-11 13:00:00+05:30,21.2,54.4,32.4
2022-04-11 14:00:00+05:30,21.5,48.4,29.3
2022-04-11 15:00:00+05:30,20.7,47.2,29.0
2022-04-11 16:00:00+05:30,22.4,48.0,25.1
2022-04-11 17:00:00+05:30,21.8,49.4,20.9
2022-04-11 18:00:00+05:30,21.1,42.3,22.9
2022-04-11 19:00:00+05:30,21.6,33.4,19.4
2022-04-11 20:00:00+05:30,21.9,35.4,15.1
2022-04-11 21:00:00+05:30,21.6,36.0,14.9
2022-04-11 22:00:00+05:30,21.1,31.9,12.9
2022-04-11 23:00:00+05:30,21.5,30.9,16.3
2022-04-12 00:00:00+05:30,22.0,34.4,14.4
2022-04-12 01:00:00+05:30,21.7,28.8,14.7
2022-04-12 02:00:00+05:30,21.6,31.3,12.6
2022-04-12 03:00:00+05:30,21.7,25.6,11.1
2022-04-12 04:00:00+05:30,21.7,24.9,9.8
2022-04-12 05:00:00+05:30,21.3,25.5,8.7
2022-04-12 06:00:00+05:30,21.5,29.7,12.0
2022-04-12 07:00:00+05:30,22.0,26.0,12.1
2022-04-12 08:00:00+05:30,21.4,26.1,10.6
2022-04-12 09:00:00+05:30,22.0,33.3,13.2
2022-04-12 10:00:00+05:30,21.8,35.1,16.4
2022-04-12 11:00:00+05:30,22.5,39.8,18.0
2022-04-12 12:00:00+05:30,21.8,0.0,4.4
2022-04-12 13:00:00+05:30,21.5,0.0,4.4
2022-04-12 14:00:00+05:30,26.5,80.9,21.1
2022-04-12 15:00:00+05:30,21.1,59.4,26.1
2022-04-12 16:00:00+05:30,21.5,58.6,26.1
2022-04-12 17:00:00+05:30,22.0,58.9,21.7
2022-04-12 18:00:00+05:30,21.4,48.8,16.6
2022-04-12 20:00:00+05:30,21.299999999999997,47.650000000000006,16.85
2022-04-12 22:00:00+05:30,21.9,47.8,16.0
2022-04-12 23:00:00+05:30,21.6,36.45,11.95
2022-04-13 02:00:00+05:30,21.2,28.6,13.5
2022-04-13 07:00:00+05:30,20.8,25.3,11.8
2022-04-13 09:00:00+05:30,20.9,25.3,10.6
2022-04-13 10:00:00+05:30,21.4,31.4,9.2
2022-04-13 12:00:00+05:30,21.4,39.4,12.2
2022-04-13 13:00:00+05:30,21.0,49.5,12.3
2022-04-13 14:00:00+05:30,21.3,49.25,12.6
2022-04-13 15:00:00+05:30,21.1,47.0,16.6
2022-04-13 17:00:00+05:30,21.2,41.7,13.1
2022-04-13 18:00:00+05:30,21.3,37.2,14.0
2022-04-13 19:00:00+05:30,21.4,44.4,18.3
2022-04-13 20:00:00+05:30,21.1,32.8,15.3
2022-04-13 21:00:00+05:30,22.3,34.1,14.5
2022-04-13 22:00:00+05:30,21.7,31.6,11.9
2022-04-13 23:00:00+05:30,21.6,33.5,9.8
2022-04-14 00:00:00+05:30,21.4,24.9,12.6
2022-04-14 01:00:00+05:30,21.3,24.8,11.0
2022-04-14 02:00:00+05:30,21.7,24.0,17.0
2022-04-14 03:00:00+05:30,20.6,26.4,15.0
2022-04-14 04:00:00+05:30,21.3,27.3,13.8
2022-04-14 05:00:00+05:30,21.5,30.7,15.1
2022-04-14 06:00:00+05:30,21.8,28.2,13.9
2022-04-14 07:00:00+05:30,21.2,28.1,11.9
2022-04-14 08:00:00+05:30,21.7,22.6,10.6
2022-04-14 09:00:00+05:30,21.5,27.3,9.1
2022-04-14 10:00:00+05:30,21.5,29.1,13.2
2022-04-14 11:00:00+05:30,0.0,0.0,0.0
2022-04-14 12:00:00+05:30,0.0,39.3,10.8
2022-04-14 13:00:00+05:30,58.3,0.0,4.4
2022-04-14 14:00:00+05:30,49.1,68.9,20.1
2022-04-14 15:00:00+05:30,5.7,58.1,24.4
2022-04-14 16:00:00+05:30,25.4,68.4,28.3
2022-04-14 17:00:00+05:30,22.9,60.9,21.5
2022-04-14 18:00:00+05:30,18.7,61.8,22.9
2022-04-14 19:00:00+05:30,17.5,56.6,22.1
2022-04-14 20:00:00+05:30,17.0,54.4,17.0
2022-04-14 21:00:00+05:30,16.3,58.8,13.4
2022-04-14 22:00:00+05:30,17.6,55.4,23.3
2022-04-14 23:00:00+05:30,17.3,46.6,18.5
2022-04-15 00:00:00+05:30,14.8,51.7,14.6
2022-04-15 01:00:00+05:30,14.7,40.3,16.0
2022-04-15 02:00:00+05:30,14.6,46.3,13.6
2022-04-15 03:00:00+05:30,13.7,41.6,11.8
2022-04-15 04:00:00+05:30,14.1,34.9,10.6
2022-04-15 05:00:00+05:30,13.1,30.8,8.9
2022-04-15 06:00:00+05:30,14.8,30.4,12.4
2022-04-15 07:00:00+05:30,13.4,36.3,11.5
2022-04-15 08:00:00+05:30,13.7,31.7,14.7
2022-04-15 09:00:00+05:30,13.7,29.8,12.7
2022-04-15 10:00:00+05:30,14.4,56.3,34.7
2022-04-15 11:00:00+05:30,13.7,103.6,58.4
2022-04-15 12:00:00+05:30,13.9,116.5,64.6
2022-04-15 13:00:00+05:30,0.0,0.0,0.0
2022-04-15 14:00:00+05:30,14.0,135.3,76.3
2022-04-15 15:00:00+05:30,12.1,130.0,69.2
2022-04-15 16:00:00+05:30,11.2,122.4,74.9
2022-04-15 17:00:00+05:30,11.3,116.0,56.4
2022-04-15 18:00:00+05:30,11.8,104.8,52.2
2022-04-15 19:00:00+05:30,12.6,85.1,37.9
2022-04-15 20:00:00+05:30,12.0,71.5,30.1
2022-04-15 21:00:00+05:30,12.6,66.6,37.3
2022-04-15 22:00:00+05:30,12.0,61.0,28.7
2022-04-15 23:00:00+05:30,13.0,42.8,22.3
2022-04-16 00:00:00+05:30,12.4,46.7,19.9
2022-04-16 01:00:00+05:30,12.4,32.6,19.2
2022-04-16 02:00:00+05:30,11.1,36.5,23.7
2022-04-16 03:00:00+05:30,12.4,31.8,21.0
2022-04-16 04:00:00+05:30,12.7,31.9,16.3
2022-04-16 05:00:00+05:30,11.9,26.7,14.1
2022-04-16 06:00:00+05:30,12.2,30.8,12.1
2022-04-16 07:00:00+05:30,11.6,28.8,10.7
2022-04-16 08:00:00+05:30,13.7,25.2,14.2
2022-04-16 09:00:00+05:30,13.6,35.7,13.2
2022-04-16 10:00:00+05:30,13.4,49.8,12.8
2022-04-16 11:00:00+05:30,13.4,37.8,12.0
2022-04-16 12:00:00+05:30,12.9,58.8,19.9
2022-04-16 13:00:00+05:30,13.3,62.7,21.8
2022-04-16 14:00:00+05:30,13.1,72.5,19.2
2022-04-16 15:00:00+05:30,11.4,67.4,32.7
2022-04-16 16:00:00+05:30,10.5,73.3,25.7
2022-04-16 17:00:00+05:30,11.3,72.3,22.1
2022-04-16 18:00:00+05:30,12.1,75.3,28.0
2022-04-16 19:00:00+05:30,12.9,75.7,25.2
2022-04-16 20:00:00+05:30,12.1,57.4,23.1
2022-04-16 21:00:00+05:30,14.8,47.8,25.7
2022-04-16 22:00:00+05:30,14.5,45.4,30.0
2022-04-16 23:00:00+05:30,11.7,36.0,23.2
2022-04-19 00:00:00+05:30,13.5,46.2,21.3
2022-04-19 01:00:00+05:30,12.8,46.0,23.6
2022-04-19 02:00:00+05:30,13.2,48.5,22.4
2022-04-19 03:00:00+05:30,13.7,39.5,18.7
2022-04-19 04:00:00+05:30,12.5,35.7,17.0
2022-04-19 05:00:00+05:30,11.8,33.9,15.3
2022-04-19 06:00:00+05:30,12.7,32.9,14.7
2022-04-19 07:00:00+05:30,11.8,34.6,14.3
2022-04-19 08:00:00+05:30,12.5,36.3,16.5
2022-04-19 09:00:00+05:30,12.0,34.9,15.5
2022-04-19 10:00:00+05:30,11.8,38.3,13.2
2022-04-19 11:00:00+05:30,19.4,40.4,13.1
2022-04-19 12:00:00+05:30,5.1,39.8,16.3
2022-04-19 13:00:00+05:30,16.2,39.8,15.6
2022-04-19 14:00:00+05:30,-0.1,42.9,16.8
2022-04-19 15:00:00+05:30,1.6,43.2,17.6
2022-04-19 16:00:00+05:30,18.2,42.1,21.3
2022-04-19 17:00:00+05:30,21.8,38.1,17.9
2022-04-19 18:00:00+05:30,21.6,37.8,18.2
2022-04-19 19:00:00+05:30,23.4,35.4,19.8
2022-04-19 20:00:00+05:30,24.3,37.2,21.8
2022-04-19 21:00:00+05:30,26.1,37.1,22.0
2022-04-19 22:00:00+05:30,25.5,39.4,19.5
2022-04-19 23:00:00+05:30,25.9,42.6,15.6
2022-04-20 00:00:00+05:30,25.6,31.4,13.5
2022-04-20 01:00:00+05:30,25.7,27.8,14.6
2022-04-20 02:00:00+05:30,25.3,28.5,18.5
2022-04-20 03:00:00+05:30,25.4,23.7,18.6
2022-04-20 04:00:00+05:30,25.2,22.3,16.1
2022-04-20 05:00:00+05:30,26.1,25.2,18.4
2022-04-20 06:00:00+05:30,26.2,28.7,19.6
2022-04-20 07:00:00+05:30,26.2,27.2,16.1
2022-04-20 08:00:00+05:30,27.4,27.9,14.3
2022-04-20 09:00:00+05:30,26.5,31.3,16.5
2022-04-20 10:00:00+05:30,27.1,37.3,23.4
2022-04-20 11:00:00+05:30,26.9,44.0,30.9
2022-04-20 12:00:00+05:30,26.8,49.2,26.4
2022-04-20 13:00:00+05:30,27.4,53.9,29.3
2022-04-20 14:00:00+05:30,26.8,60.3,30.8
2022-04-20 15:00:00+05:30,26.9,62.9,28.0
2022-04-20 16:00:00+05:30,26.9,56.6,26.1
2022-04-20 17:00:00+05:30,27.2,49.5,30.8
2022-04-20 18:00:00+05:30,29.1,51.2,34.5
2022-04-20 19:00:00+05:30,28.1,53.0,27.1
2022-04-20 20:00:00+05:30,27.5,42.4,22.6
2022-04-20 21:00:00+05:30,27.4,38.7,20.3
2022-04-20 22:00:00+05:30,26.4,39.0,21.4
2022-04-20 23:00:00+05:30,26.2,41.7,18.1
2022-04-23 00:00:00+05:30,25.7,57.5,10.4
2022-04-23 01:00:00+05:30,25.6,47.2,13.1
2022-04-23 02:00:00+05:30,25.3,41.8,16.1
2022-04-23 03:00:00+05:30,26.6,50.5,11.6
2022-04-23 04:00:00+05:30,25.6,40.9,13.6
2022-04-23 05:00:00+05:30,26.0,34.6,9.8
2022-04-23 06:00:00+05:30,26.2,32.9,9.2
2022-04-23 07:00:00+05:30,25.7,40.4,16.0
2022-04-23 08:00:00+05:30,26.6,37.3,12.4
2022-04-23 09:00:00+05:30,27.2,56.2,20.2
2022-04-23 10:00:00+05:30,27.3,49.9,18.2
2022-04-23 11:00:00+05:30,27.0,57.3,18.5
2022-04-23 12:00:00+05:30,25.8,65.9,26.8
2022-04-23 13:00:00+05:30,25.6,73.8,21.0
2022-04-23 14:00:00+05:30,26.1,83.7,35.4
2022-04-23 15:00:00+05:30,25.7,103.7,29.2
2022-04-23 16:00:00+05:30,25.8,102.1,37.6
2022-04-23 17:00:00+05:30,25.5,106.4,37.7
2022-04-23 18:00:00+05:30,27.5,113.4,49.5
2022-04-23 19:00:00+05:30,27.5,109.6,48.6
2022-04-23 20:00:00+05:30,27.1,108.8,50.7
2022-04-23 21:00:00+05:30,26.6,95.7,43.8
2022-04-23 22:00:00+05:30,26.7,88.6,40.1
2022-04-23 23:00:00+05:30,25.7,87.6,35.3
2022-04-28 00:00:00+05:30,25.7,50.6,27.4
2022-04-28 01:00:00+05:30,25.6,54.3,25.2
2022-04-28 02:00:00+05:30,26.2,52.4,23.8
2022-04-28 03:00:00+05:30,25.7,41.7,23.6
2022-04-28 05:00:00+05:30,27.6,54.6,21.4
2022-04-28 06:00:00+05:30,27.6,52.9,23.2
2022-04-28 07:00:00+05:30,26.5,55.5,21.5
2022-04-28 08:00:00+05:30,25.9,52.6,36.3
2022-04-28 09:00:00+05:30,24.7,51.9,32.9
2022-04-28 10:00:00+05:30,26.4,54.8,30.8
2022-04-28 11:00:00+05:30,25.4,60.0,33.5
2022-04-28 12:00:00+05:30,26.0,64.0,31.9
2022-04-28 13:00:00+05:30,24.6,66.2,33.0
2022-04-28 14:00:00+05:30,25.0,70.0,40.1
2022-04-28 15:00:00+05:30,25.7,63.2,39.3
2022-04-28 16:00:00+05:30,25.4,68.7,38.3
2022-04-28 17:00:00+05:30,25.4,77.5,43.4
2022-04-28 18:00:00+05:30,25.7,74.0,39.4
2022-04-28 19:00:00+05:30,25.0,59.3,34.9
2022-04-28 20:00:00+05:30,24.8,70.3,34.6
2022-04-28 21:00:00+05:30,25.0,71.2,34.4
2022-04-28 22:00:00+05:30,25.5,66.2,37.4
2022-04-28 23:00:00+05:30,26.0,58.5,34.2
2022-04-29 00:00:00+05:30,25.2,57.7,30.2
2022-04-29 01:00:00+05:30,26.0,58.3,29.5
2022-04-29 02:00:00+05:30,26.1,53.9,35.3
2022-04-29 03:00:00+05:30,25.8,51.1,25.5
2022-04-29 04:00:00+05:30,26.9,48.7,23.7
2022-04-29 05:00:00+05:30,26.2,49.8,21.3
2022-04-29 06:00:00+05:30,26.1,57.3,22.1
2022-04-29 07:00:00+05:30,26.9,59.1,27.1
2022-04-29 08:00:00+05:30,26.4,52.7,23.7
2022-04-29 09:00:00+05:30,25.5,66.9,18.1
2022-04-29 10:00:00+05:30,24.8,57.8,20.2
2022-04-29 11:00:00+05:30,26.1,72.0,30.6
2022-04-29 12:00:00+05:30,24.7,76.1,35.2
2022-04-29 13:00:00+05:30,25.3,76.5,34.5
2022-04-29 14:00:00+05:30,24.9,73.9,33.5
2022-04-29 15:00:00+05:30,22.7,70.6,46.8
2022-04-29 16:00:00+05:30,21.7,63.1,33.7
2022-04-29 17:00:00+05:30,21.9,65.1,37.2
2022-04-29 18:00:00+05:30,21.8,62.3,29.4
2022-04-29 19:00:00+05:30,21.7,58.7,36.8
2022-04-29 20:00:00+05:30,25.2,66.0,28.5
2022-04-29 21:00:00+05:30,24.5,108.3,25.6
2022-04-29 22:00:00+05:30,22.1,150.2,33.3
2022-04-29 23:00:00+05:30,21.3,147.6,35.5
2022-04-30 00:00:00+05:30,20.4,141.8,47.7
2022-04-30 01:00:00+05:30,20.4,128.9,55.2
2022-04-30 02:00:00+05:30,21.2,116.3,56.2
2022-04-30 03:00:00+05:30,20.2,104.4,48.5
2022-04-30 04:00:00+05:30,20.8,92.3,40.0
2022-04-30 05:00:00+05:30,20.2,102.7,32.4
2022-04-30 06:00:00+05:30,20.3,93.5,31.0
2022-04-30 07:00:00+05:30,20.3,96.0,39.2
2022-04-30 08:00:00+05:30,21.1,88.2,28.2
2022-04-30 09:00:00+05:30,21.3,84.0,28.1
2022-04-30 10:00:00+05:30,20.8,81.5,32.5
2022-04-30 11:00:00+05:30,20.9,75.1,25.4
2022-04-30 12:00:00+05:30,20.4,64.2,24.6
2022-04-30 13:00:00+05:30,19.8,61.6,26.8
2022-04-30 14:00:00+05:30,20.3,62.0,26.6
2022-04-30 15:00:00+05:30,19.5,60.1,19.9
2022-04-30 16:00:00+05:30,20.3,51.2,22.6
2022-04-30 17:00:00+05:30,21.8,53.8,21.1
2022-04-30 18:00:00+05:30,21.1,41.9,19.2
2022-04-30 19:00:00+05:30,20.9,45.7,20.4
2022-04-30 20:00:00+05:30,20.1,73.4,15.6
2022-04-30 21:00:00+05:30,21.2,44.0,14.6
2022-04-30 22:00:00+05:30,22.0,36.5,14.5
2022-04-30 23:00:00+05:30,21.1,38.2,23.1
2022-05-03 00:00:00+05:30,18.0,49.1,26.5
2022-05-03 01:00:00+05:30,17.7,42.1,30.6
2022-05-03 02:00:00+05:30,17.5,39.4,22.3
2022-05-03 03:00:00+05:30,17.3,41.1,21.2
2022-05-05 00:00:00+05:30,16.2,43.5,16.3
2022-05-05 01:00:00+05:30,16.8,45.7,12.0
2022-05-05 02:00:00+05:30,16.6,48.1,9.7
2022-05-05 03:00:00+05:30,17.8,40.7,7.7
2022-05-05 04:00:00+05:30,18.6,49.5,7.3
2022-05-05 05:00:00+05:30,17.5,46.6,13.3
2022-05-05 06:00:00+05:30,17.5,59.2,21.4
2022-05-05 07:00:00+05:30,18.1,53.9,15.1
2022-05-05 08:00:00+05:30,18.0,55.1,20.7
2022-05-05 09:00:00+05:30,16.6,54.0,15.1
2022-05-05 10:00:00+05:30,16.6,53.8,10.9
2022-05-05 11:00:00+05:30,15.8,59.8,18.8
2022-05-05 12:00:00+05:30,17.0,56.8,20.4
2022-05-05 13:00:00+05:30,16.4,58.5,28.8
2022-05-05 14:00:00+05:30,18.3,79.6,31.4
2022-05-05 15:00:00+05:30,19.8,87.8,30.0
2022-05-05 16:00:00+05:30,17.4,75.6,34.5
2022-05-05 17:00:00+05:30,16.5,85.0,35.1
2022-05-05 18:00:00+05:30,16.1,77.9,27.8
2022-05-05 19:00:00+05:30,18.2,53.5,23.4
2022-05-05 20:00:00+05:30,18.1,57.4,24.0
2022-05-05 21:00:00+05:30,17.8,61.9,19.0
2022-05-05 22:00:00+05:30,16.6,58.2,14.4
2022-05-05 23:00:00+05:30,16.4,57.6,13.3
2022-05-07 12:00:00+05:30,17.1,55.5,26.3
2022-05-07 13:00:00+05:30,17.8,57.1,27.1
2022-05-07 14:00:00+05:30,17.5,63.6,34.7
2022-05-07 15:00:00+05:30,16.5,70.3,31.5
2022-05-07 16:00:00+05:30,17.1,68.5,34.6
2022-05-07 17:00:00+05:30,17.8,83.1,32.1
2022-05-07 18:00:00+05:30,18.5,89.9,43.3
2022-05-07 19:00:00+05:30,21.6,87.7,34.4
2022-05-07 20:00:00+05:30,16.9,86.9,32.7
2022-05-07 21:00:00+05:30,16.8,80.7,32.8
2022-05-07 22:00:00+05:30,16.9,81.0,32.1
2022-05-07 23:00:00+05:30,20.4,69.9,24.7
2022-05-09 05:00:00+05:30,0.0,0.0,0.0
2022-05-09 06:00:00+05:30,0.0,0.0,0.0
2022-05-09 07:00:00+05:30,0.0,0.0,0.0
2022-05-09 08:00:00+05:30,0.0,0.0,0.0
2022-05-09 09:00:00+05:30,0.0,0.0,0.0
2022-05-09 10:00:00+05:30,0.0,0.0,0.0
2022-05-09 11:00:00+05:30,0.0,0.0,0.0
2022-05-09 12:00:00+05:30,16.8,23.2,3.7
2022-05-09 13:00:00+05:30,16.7,8.3,0.0
2022-05-09 14:00:00+05:30,16.8,10.9,16.0
2022-05-09 15:00:00+05:30,17.3,13.0,24.2
2022-05-09 16:00:00+05:30,17.9,13.0,20.8
2022-05-09 17:00:00+05:30,17.8,24.1,14.7
2022-05-09 18:00:00+05:30,16.7,22.1,14.2
2022-05-09 19:00:00+05:30,17.0,27.4,11.0
2022-05-09 20:00:00+05:30,17.0,24.1,8.8
2022-05-09 21:00:00+05:30,16.1,31.8,11.5
2022-05-09 22:00:00+05:30,16.1,33.6,10.4
2022-05-09 23:00:00+05:30,16.3,31.5,8.4
2022-05-10 00:00:00+05:30,15.8,28.7,6.3
2022-05-10 01:00:00+05:30,15.7,29.9,6.1
2022-05-10 02:00:00+05:30,16.6,24.1,4.8
2022-05-10 03:00:00+05:30,15.6,27.9,4.1
2022-05-10 04:00:00+05:30,16.4,23.1,3.1
2022-05-10 05:00:00+05:30,16.6,23.4,2.3
2022-05-10 06:00:00+05:30,15.9,27.0,6.4
2022-05-10 07:00:00+05:30,16.3,31.1,6.6
2022-05-10 08:00:00+05:30,17.1,29.3,5.4
2022-05-10 09:00:00+05:30,17.3,36.2,4.3
2022-05-10 10:00:00+05:30,16.0,30.0,4.0
2022-05-10 11:00:00+05:30,16.4,35.8,4.5
2022-05-10 12:00:00+05:30,16.5,33.6,9.0
2022-05-10 13:00:00+05:30,20.2,29.7,6.9
2022-05-10 14:00:00+05:30,19.5,34.8,10.7
2022-05-10 15:00:00+05:30,7.9,37.5,13.8
2022-05-10 16:00:00+05:30,17.2,36.2,10.4
2022-05-10 17:00:00+05:30,21.3,50.4,8.2
2022-05-10 18:00:00+05:30,19.3,47.5,9.5
2022-05-10 19:00:00+05:30,14.9,40.5,15.5
2022-05-10 20:00:00+05:30,16.3,37.6,13.4
2022-05-10 21:00:00+05:30,19.8,51.2,14.0
2022-05-10 22:00:00+05:30,19.3,54.8,11.0
2022-05-10 23:00:00+05:30,18.1,56.8,19.4
2022-05-11 00:00:00+05:30,16.5,49.8,14.1
2022-05-11 01:00:00+05:30,17.6,51.1,20.7
2022-05-11 03:00:00+05:30,15.9,47.3,11.9
2022-05-11 04:00:00+05:30,17.2,41.3,8.8
2022-05-11 05:00:00+05:30,17.4,36.2,16.8
2022-05-11 06:00:00+05:30,18.0,32.6,13.1
2022-05-11 07:00:00+05:30,18.6,37.9,18.3
2022-05-11 08:00:00+05:30,19.7,44.1,14.8
2022-05-11 09:00:00+05:30,19.0,56.0,12.8
2022-05-11 10:00:00+05:30,21.0,57.8,15.8
2022-05-11 11:00:00+05:30,22.6,43.3,11.8
2022-05-11 12:00:00+05:30,23.8,43.3,11.8
2022-05-11 13:00:00+05:30,20.8,43.3,11.8
2022-05-11 14:00:00+05:30,0.0,0.0,0.0
2022-05-11 15:00:00+05:30,52.7,43.3,11.8
2022-05-11 16:00:00+05:30,32.8,43.3,11.8
2022-05-11 17:00:00+05:30,33.0,43.3,0.0
2022-05-11 18:00:00+05:30,27.8,46.8,16.9
2022-05-11 19:00:00+05:30,29.4,56.0,19.3
2022-05-11 20:00:00+05:30,27.2,67.0,20.0
2022-05-11 21:00:00+05:30,25.9,69.8,17.7
2022-05-11 22:00:00+05:30,25.0,67.3,19.7
2022-05-11 23:00:00+05:30,22.8,68.3,23.1
2022-05-12 00:00:00+05:30,22.8,68.7,22.9
2022-05-12 01:00:00+05:30,21.7,63.4,21.6
2022-05-12 02:00:00+05:30,21.6,58.9,18.4
2022-05-12 03:00:00+05:30,21.6,57.8,18.4
2022-05-12 04:00:00+05:30,21.4,58.4,17.9
2022-05-12 05:00:00+05:30,23.1,56.3,19.8
2022-05-12 06:00:00+05:30,22.3,56.7,21.3
2022-05-12 07:00:00+05:30,21.5,59.1,18.5
2022-05-12 08:00:00+05:30,21.3,61.8,18.5
2022-05-12 09:00:00+05:30,20.1,60.9,16.9
2022-05-12 10:00:00+05:30,21.5,58.2,17.7
2022-05-12 11:00:00+05:30,20.7,50.7,19.3
2022-05-12 12:00:00+05:30,20.6,44.1,15.6
2022-05-12 13:00:00+05:30,21.4,48.7,20.6
2022-05-12 14:00:00+05:30,20.2,0.0,0.0
2022-05-12 15:00:00+05:30,20.4,61.8,22.7
2022-05-12 16:00:00+05:30,20.3,54.3,24.9
2022-05-12 17:00:00+05:30,20.3,57.9,21.1
2022-05-12 18:00:00+05:30,20.7,62.0,23.9
2022-05-12 19:00:00+05:30,20.1,63.7,25.5
2022-05-12 20:00:00+05:30,21.0,69.2,24.4
2022-05-12 21:00:00+05:30,21.1,70.7,24.4
2022-05-12 22:00:00+05:30,20.2,69.3,24.5
2022-05-12 23:00:00+05:30,20.6,67.0,24.8
2022-05-13 00:00:00+05:30,20.1,63.4,24.0
2022-05-13 01:00:00+05:30,20.1,64.4,27.2
2022-05-13 02:00:00+05:30,20.5,67.6,28.1
2022-05-13 03:00:00+05:30,20.0,66.6,24.0
2022-05-13 04:00:00+05:30,19.2,63.1,21.4
2022-05-13 05:00:00+05:30,19.9,63.0,19.8
2022-05-13 06:00:00+05:30,20.5,65.6,23.0
2022-05-13 07:00:00+05:30,20.6,59.6,23.4
2022-05-13 08:00:00+05:30,19.5,61.7,22.3
2022-05-13 09:00:00+05:30,20.2,65.1,22.8
2022-05-13 10:00:00+05:30,21.1,66.1,23.9
2022-05-13 11:00:00+05:30,20.7,70.9,25.6
2022-05-13 12:00:00+05:30,21.0,71.7,29.5
2022-05-13 13:00:00+05:30,20.1,76.0,31.0
2022-05-13 14:00:00+05:30,20.4,87.8,0.0
2022-05-13 15:00:00+05:30,20.5,9.3,0.0
2022-05-13 16:00:00+05:30,20.7,73.7,37.3
2022-05-13 17:00:00+05:30,21.0,76.3,26.7
2022-05-13 18:00:00+05:30,20.7,69.0,29.6
2022-05-13 19:00:00+05:30,20.7,68.9,26.9
2022-05-13 20:00:00+05:30,20.9,72.7,28.2
2022-05-13 21:00:00+05:30,20.2,69.5,29.5
2022-05-13 22:00:00+05:30,20.0,64.1,22.5
2022-05-13 23:00:00+05:30,20.0,58.6,24.0
2022-05-14 00:00:00+05:30,20.1,51.0,17.0
2022-05-14 01:00:00+05:30,20.2,42.9,16.7
2022-05-14 02:00:00+05:30,19.8,38.2,12.5
2022-05-14 03:00:00+05:30,20.1,40.0,15.4
2022-05-14 04:00:00+05:30,19.4,47.1,11.3
2022-05-14 05:00:00+05:30,19.6,52.8,14.4
2022-05-14 06:00:00+05:30,20.8,48.1,15.5
2022-05-14 07:00:00+05:30,19.6,54.7,14.6
2022-05-14 08:00:00+05:30,20.0,46.8,18.7
2022-05-14 09:00:00+05:30,20.9,51.7,25.1
2022-05-14 10:00:00+05:30,20.4,57.0,24.9
2022-05-14 11:00:00+05:30,20.8,54.1,23.0
2022-05-14 12:00:00+05:30,20.1,56.0,24.1
2022-05-14 13:00:00+05:30,20.1,55.7,24.2
2022-05-14 14:00:00+05:30,20.1,49.7,20.2
2022-05-14 15:00:00+05:30,19.9,51.9,23.8
2022-05-14 16:00:00+05:30,20.4,55.3,28.6
2022-05-14 17:00:00+05:30,19.7,53.9,21.8
2022-05-14 18:00:00+05:30,22.0,50.5,21.1
2022-05-14 19:00:00+05:30,22.5,55.6,16.6
2022-05-14 20:00:00+05:30,22.1,47.5,12.4
2022-05-14 21:00:00+05:30,22.2,50.3,13.2
2022-05-14 22:00:00+05:30,22.1,45.2,19.1
2022-05-14 23:00:00+05:30,22.9,36.1,13.4
2022-05-16 00:00:00+05:30,21.6,44.9,13.2
2022-05-16 01:00:00+05:30,21.7,35.1,10.3
2022-05-16 03:00:00+05:30,21.7,35.6,10.2
2022-05-16 04:00:00+05:30,22.5,43.4,11.4
2022-05-16 05:00:00+05:30,22.8,44.5,11.4
2022-05-16 06:00:00+05:30,21.8,48.8,18.9
2022-05-16 07:00:00+05:30,22.9,46.3,18.4
2022-05-16 08:00:00+05:30,23.0,49.3,13.0
2022-05-16 09:00:00+05:30,22.3,56.7,24.0
2022-05-16 10:00:00+05:30,22.1,70.9,23.1
2022-05-16 11:00:00+05:30,22.4,67.4,20.8
2022-05-16 12:00:00+05:30,0.0,0.0,0.0
2022-05-16 14:00:00+05:30,21.7,63.2,0.0
2022-05-16 15:00:00+05:30,21.3,55.8,0.0
2022-05-16 16:00:00+05:30,21.2,62.4,0.7
2022-05-16 17:00:00+05:30,21.5,45.2,11.8
2022-05-16 18:00:00+05:30,22.2,38.8,15.2
2022-05-16 19:00:00+05:30,22.1,45.9,15.4
2022-05-16 20:00:00+05:30,22.4,54.8,16.8
2022-05-16 21:00:00+05:30,22.1,46.6,18.3
2022-05-16 23:00:00+05:30,22.5,55.3,25.0
2022-05-17 00:00:00+05:30,22.2,51.6,25.4
2022-05-17 01:00:00+05:30,21.6,44.2,23.4
2022-05-17 03:00:00+05:30,21.6,42.7,17.3
2022-05-17 04:00:00+05:30,21.5,35.8,18.2
2022-05-17 05:00:00+05:30,21.8,37.3,15.8
2022-05-17 06:00:00+05:30,21.7,32.4,14.4
2022-05-17 07:00:00+05:30,21.6,37.0,17.0
2022-05-17 08:00:00+05:30,22.0,40.8,15.9
2022-05-17 09:00:00+05:30,21.8,42.5,16.2
2022-05-17 10:00:00+05:30,21.8,41.9,23.6
2022-05-17 11:00:00+05:30,22.5,49.0,24.5
2022-05-17 12:00:00+05:30,21.7,37.9,22.1
2022-05-17 13:00:00+05:30,21.3,49.0,18.0
2022-05-17 14:00:00+05:30,21.3,52.2,22.0
2022-05-17 15:00:00+05:30,0.0,48.8,26.7
2022-05-17 16:00:00+05:30,34.4,48.1,28.0
2022-05-17 17:00:00+05:30,16.1,45.0,23.0
2022-05-17 18:00:00+05:30,15.4,36.3,21.8
2022-05-17 19:00:00+05:30,15.9,40.4,24.1
2022-05-17 20:00:00+05:30,16.1,35.0,20.4
2022-05-17 21:00:00+05:30,15.7,30.4,23.4
2022-05-17 22:00:00+05:30,15.8,42.2,24.7
2022-05-17 23:00:00+05:30,15.6,37.1,20.8
2022-05-18 00:00:00+05:30,16.1,31.4,17.4
2022-05-18 01:00:00+05:30,15.4,37.8,17.0
2022-05-18 02:00:00+05:30,15.2,44.8,16.2
2022-05-18 03:00:00+05:30,15.9,42.3,14.8
2022-05-18 04:00:00+05:30,15.0,39.8,17.7
2022-05-18 05:00:00+05:30,16.8,38.0,18.3
2022-05-18 06:00:00+05:30,16.5,30.5,18.4
2022-05-18 07:00:00+05:30,15.3,34.2,19.0
2022-05-18 08:00:00+05:30,15.5,36.1,17.9
2022-05-18 10:00:00+05:30,16.1,37.3,19.5
2022-05-18 11:00:00+05:30,15.9,38.9,19.3
2022-05-18 12:00:00+05:30,15.9,39.3,16.1
2022-05-18 13:00:00+05:30,17.0,37.4,27.4
2022-05-18 14:00:00+05:30,15.7,32.1,22.8
2022-05-18 15:00:00+05:30,15.6,32.3,25.6
2022-05-18 16:00:00+05:30,15.8,35.6,22.2
2022-05-18 17:00:00+05:30,15.5,33.1,22.6
2022-05-18 18:00:00+05:30,16.3,36.1,19.3
2022-05-18 19:00:00+05:30,16.1,29.2,16.9
2022-05-18 20:00:00+05:30,15.8,36.4,17.4
2022-05-18 21:00:00+05:30,16.2,41.1,22.9
2022-05-18 22:00:00+05:30,15.3,39.6,19.1
2022-05-18 23:00:00+05:30,16.2,38.5,21.3
2022-05-19 00:00:00+05:30,15.5,38.0,17.9
2022-05-19 01:00:00+05:30,15.0,29.8,15.9
2022-05-19 02:00:00+05:30,15.7,32.2,16.1
2022-05-19 03:00:00+05:30,15.5,34.6,14.1
2022-05-19 04:00:00+05:30,16.2,28.5,13.3
2022-05-19 05:00:00+05:30,15.6,25.3,12.6
2022-05-19 06:00:00+05:30,16.1,21.4,16.9
2022-05-19 07:00:00+05:30,17.0,26.6,16.0
2022-05-19 08:00:00+05:30,16.0,29.0,14.0
2022-05-19 09:00:00+05:30,16.0,33.8,17.2
2022-05-19 10:00:00+05:30,16.6,41.5,18.8
2022-05-19 11:00:00+05:30,15.9,48.0,22.6
2022-05-19 12:00:00+05:30,15.9,45.8,18.7
2022-05-19 13:00:00+05:30,16.5,45.5,22.8
2022-05-19 14:00:00+05:30,15.7,39.8,21.5
2022-05-19 15:00:00+05:30,16.0,44.5,18.9
2022-05-19 16:00:00+05:30,15.4,43.6,23.6
2022-05-19 17:00:00+05:30,15.9,47.7,20.3
2022-05-19 18:00:00+05:30,16.1,36.9,24.7
2022-05-19 19:00:00+05:30,16.8,32.2,21.6
2022-05-19 20:00:00+05:30,16.9,54.2,22.1
2022-05-19 21:00:00+05:30,16.4,47.1,30.8
2022-05-19 22:00:00+05:30,16.0,49.1,32.7
2022-05-19 23:00:00+05:30,17.7,42.4,28.0
2022-05-21 00:00:00+05:30,15.2,51.1,27.6
2022-05-21 01:00:00+05:30,15.6,41.9,27.5
2022-05-21 02:00:00+05:30,15.7,45.8,24.2
2022-05-21 03:00:00+05:30,15.6,45.2,24.9
2022-05-21 04:00:00+05:30,15.9,52.2,29.3
2022-05-21 05:00:00+05:30,15.2,57.2,24.3
2022-05-21 09:00:00+05:30,15.6,64.6,33.3
2022-05-21 12:00:00+05:30,16.3,61.2,33.8
2022-05-21 13:00:00+05:30,15.8,58.4,30.7
2022-05-21 14:00:00+05:30,15.8,53.4,28.6
2022-05-21 15:00:00+05:30,14.9,58.5,25.3
2022-05-21 16:00:00+05:30,15.7,55.1,23.9
2022-05-21 17:00:00+05:30,15.9,44.1,19.3
2022-05-21 18:00:00+05:30,18.3,43.0,23.5
2022-05-21 19:00:00+05:30,16.7,42.1,19.6
2022-05-21 20:00:00+05:30,16.2,42.8,24.8
2022-05-21 21:00:00+05:30,16.5,45.7,22.4
2022-05-21 22:00:00+05:30,16.4,49.0,20.6
2022-05-21 23:00:00+05:30,16.1,41.1,27.3
2022-05-24 00:00:00+05:30,18.9,52.2,34.8
2022-05-24 01:00:00+05:30,19.4,45.9,30.7
2022-05-24 02:00:00+05:30,25.0,42.1,29.0
2022-05-24 03:00:00+05:30,19.1,52.7,34.1
2022-05-24 04:00:00+05:30,20.0,53.9,36.2
2022-05-24 06:00:00+05:30,20.5,58.3,29.8
2022-05-24 07:00:00+05:30,18.7,67.1,26.8
2022-05-24 08:00:00+05:30,18.6,58.9,24.7
2022-05-24 09:00:00+05:30,18.5,58.8,28.8
2022-05-24 10:00:00+05:30,20.2,62.9,26.3
2022-05-24 11:00:00+05:30,18.9,63.0,25.8
2022-05-24 12:00:00+05:30,19.6,53.4,31.5
2022-05-24 13:00:00+05:30,19.5,57.8,24.8
2022-05-24 14:00:00+05:30,20.3,49.6,26.1
2022-05-24 15:00:00+05:30,20.3,54.8,28.8
2022-05-24 16:00:00+05:30,22.4,51.6,32.7
2022-05-24 19:00:00+05:30,20.5,102.2,49.3
2022-05-24 20:00:00+05:30,19.1,71.0,48.2
2022-05-24 21:00:00+05:30,18.9,57.5,36.1
2022-05-24 23:00:00+05:30,18.5,54.7,27.5
2022-05-25 00:00:00+05:30,17.8,59.7,33.5
2022-05-25 01:00:00+05:30,17.7,60.4,26.8
2022-05-25 02:00:00+05:30,18.8,57.4,25.9
2022-05-25 03:00:00+05:30,18.8,48.1,22.0
2022-05-25 04:00:00+05:30,19.1,41.8,26.4
2022-05-25 05:00:00+05:30,20.4,52.3,29.0
2022-05-25 07:00:00+05:30,18.3,53.0,29.3
2022-05-25 08:00:00+05:30,19.2,49.1,26.6
2022-05-25 09:00:00+05:30,20.1,51.1,22.5
2022-05-25 10:00:00+05:30,19.5,53.9,35.5
2022-05-25 11:00:00+05:30,18.4,63.9,30.7
2022-05-25 12:00:00+05:30,18.1,63.4,36.6
2022-05-25 13:00:00+05:30,17.7,67.5,33.4
2022-05-25 14:00:00+05:30,18.5,65.2,31.1
2022-05-25 15:00:00+05:30,18.6,64.6,40.3
2022-05-25 17:00:00+05:30,18.9,68.6,41.4
2022-05-25 19:00:00+05:30,18.3,71.9,33.3
2022-05-25 20:00:00+05:30,21.0,72.1,35.1
2022-05-25 21:00:00+05:30,18.5,63.6,28.5
2022-05-25 22:00:00+05:30,18.9,63.5,37.1
2022-05-25 23:00:00+05:30,19.8,56.2,42.2
2022-05-26 00:00:00+05:30,0.0,61.5,31.9
2022-05-26 01:00:00+05:30,0.0,61.7,34.2
2022-05-26 02:00:00+05:30,0.0,63.8,36.7
2022-05-26 03:00:00+05:30,0.0,64.4,39.3
2022-05-26 04:00:00+05:30,0.0,63.3,30.8
2022-05-26 05:00:00+05:30,0.0,58.9,30.2
2022-05-26 06:00:00+05:30,0.0,51.9,29.5
2022-05-26 07:00:00+05:30,0.0,70.5,27.8
2022-05-26 09:00:00+05:30,0.0,67.7,29.7
2022-05-26 10:00:00+05:30,0.0,64.0,34.3
2022-05-26 11:00:00+05:30,0.0,64.0,34.3
2022-05-27 12:00:00+05:30,19.3,99.3,48.6
2022-05-27 13:00:00+05:30,10.3,98.8,47.3
2022-05-27 14:00:00+05:30,6.1,118.9,46.2
2022-05-27 15:00:00+05:30,21.5,125.5,58.5
2022-05-27 16:00:00+05:30,20.3,121.2,62.3
2022-05-27 17:00:00+05:30,20.8,115.9,53.4
2022-05-27 18:00:00+05:30,24.1,111.6,59.3
2022-05-27 19:00:00+05:30,37.1,120.8,58.1
2022-05-27 20:00:00+05:30,28.3,131.1,64.0
2022-05-27 21:00:00+05:30,25.0,141.2,74.7
2022-05-27 22:00:00+05:30,21.9,137.6,68.9
2022-05-27 23:00:00+05:30,24.6,126.0,64.0
2022-05-28 00:00:00+05:30,22.7,120.0,60.2
2022-05-28 01:00:00+05:30,23.1,123.4,69.2
2022-05-28 02:00:00+05:30,21.5,118.1,64.5
2022-05-28 03:00:00+05:30,21.6,110.0,56.9
2022-05-28 04:00:00+05:30,22.0,106.0,57.3
2022-05-28 05:00:00+05:30,21.3,99.9,50.3
2022-05-28 06:00:00+05:30,22.3,86.3,53.7
2022-05-28 07:00:00+05:30,21.5,86.5,49.8
2022-05-28 08:00:00+05:30,20.5,84.4,42.0
2022-05-28 09:00:00+05:30,20.8,84.8,40.4
2022-05-28 10:00:00+05:30,20.4,88.6,51.1
2022-05-28 11:00:00+05:30,21.2,107.2,55.3
2022-05-28 12:00:00+05:30,22.9,102.9,54.8
2022-05-28 13:00:00+05:30,21.4,118.0,57.9
2022-05-28 14:00:00+05:30,20.3,116.0,56.2
2022-05-28 15:00:00+05:30,21.0,124.9,58.6
2022-05-28 16:00:00+05:30,21.1,121.5,66.7
2022-05-28 17:00:00+05:30,22.0,117.3,61.8
2022-05-28 18:00:00+05:30,22.4,120.7,65.7
2022-05-28 19:00:00+05:30,23.1,131.9,71.2
2022-05-28 20:00:00+05:30,22.1,131.0,75.8
2022-05-28 21:00:00+05:30,21.5,110.4,59.7
2022-05-28 22:00:00+05:30,21.9,88.2,48.2
2022-05-28 23:00:00+05:30,21.0,80.7,46.2
2022-05-30 00:00:00+05:30,24.9,87.0,38.0
2022-05-30 01:00:00+05:30,23.2,90.2,38.1
2022-05-30 02:00:00+05:30,20.8,92.1,37.1
2022-05-30 03:00:00+05:30,20.5,89.0,38.5
2022-05-30 04:00:00+05:30,22.4,92.9,37.1
2022-05-30 05:00:00+05:30,22.4,81.9,45.1
2022-05-30 06:00:00+05:30,21.7,89.2,41.8
2022-05-30 07:00:00+05:30,20.5,83.7,45.3
2022-05-30 08:00:00+05:30,20.4,81.9,46.4
2022-05-30 09:00:00+05:30,21.5,82.2,42.1
2022-05-30 10:00:00+05:30,21.2,88.2,45.2
2022-05-30 11:00:00+05:30,21.4,82.4,44.4
2022-05-30 12:00:00+05:30,21.4,80.3,47.0
2022-05-30 13:00:00+05:30,21.1,87.0,39.8
2022-05-30 14:00:00+05:30,21.2,87.0,39.8
2022-05-30 15:00:00+05:30,21.7,66.3,30.1
2022-05-30 16:00:00+05:30,21.9,93.2,42.6
2022-05-30 17:00:00+05:30,22.7,92.4,43.4
2022-05-30 18:00:00+05:30,20.3,90.1,44.3
2022-05-30 19:00:00+05:30,20.0,80.8,39.9
2022-05-30 20:00:00+05:30,19.8,72.6,36.6
2022-05-30 21:00:00+05:30,21.0,64.4,33.7
2022-05-30 22:00:00+05:30,20.1,69.4,37.9
2022-05-31 00:00:00+05:30,19.6,60.2,30.9
2022-05-31 01:00:00+05:30,19.8,58.8,32.6
2022-05-31 02:00:00+05:30,19.8,56.8,30.9
2022-05-31 03:00:00+05:30,19.9,58.0,27.2
2022-05-31 04:00:00+05:30,20.2,60.4,23.3
2022-05-31 05:00:00+05:30,20.8,58.3,25.4
2022-05-31 06:00:00+05:30,20.4,58.6,26.4
2022-05-31 07:00:00+05:30,21.1,55.0,30.2
2022-05-31 08:00:00+05:30,21.5,61.9,30.0
2022-05-31 09:00:00+05:30,20.5,70.0,25.9
2022-05-31 10:00:00+05:30,20.4,72.1,28.9
2022-05-31 11:00:00+05:30,20.6,72.3,31.3
2022-05-31 12:00:00+05:30,21.3,76.7,34.4
2022-05-31 13:00:00+05:30,22.4,74.4,38.5
2022-05-31 14:00:00+05:30,2.4,75.5,38.3
2022-05-31 15:00:00+05:30,14.9,71.5,35.6
2022-05-31 16:00:00+05:30,12.3,71.8,35.8
2022-05-31 17:00:00+05:30,13.7,77.4,36.6
2022-05-31 18:00:00+05:30,14.3,73.2,35.6
2022-05-31 19:00:00+05:30,16.3,75.6,39.9
2022-05-31 20:00:00+05:30,14.6,74.9,37.1
2022-05-31 21:00:00+05:30,13.1,73.2,33.3
2022-05-31 22:00:00+05:30,15.4,74.6,33.6
2022-05-31 23:00:00+05:30,17.0,82.4,38.2
2022-06-01 00:00:00+05:30,14.3,84.0,41.3
2022-06-01 01:00:00+05:30,12.2,78.8,38.0
2022-06-01 02:00:00+05:30,13.7,75.5,35.8
2022-06-01 03:00:00+05:30,13.0,75.1,37.8
2022-06-01 04:00:00+05:30,15.7,72.5,35.5
2022-06-01 05:00:00+05:30,16.0,69.6,31.5
2022-06-01 06:00:00+05:30,18.7,78.1,36.3
2022-06-01 07:00:00+05:30,16.2,83.8,45.5
2022-06-01 08:00:00+05:30,14.4,92.4,52.0
2022-06-01 09:00:00+05:30,14.0,100.8,52.3
2022-06-01 10:00:00+05:30,14.2,101.5,50.9
2022-06-01 11:00:00+05:30,13.9,96.0,52.1
2022-06-01 12:00:00+05:30,14.3,97.0,48.9
2022-06-01 13:00:00+05:30,14.1,82.4,42.2
2022-06-01 14:00:00+05:30,14.3,77.4,41.5
2022-06-01 15:00:00+05:30,13.6,75.8,45.0
2022-06-01 16:00:00+05:30,17.2,73.1,40.1
2022-06-01 17:00:00+05:30,14.1,71.8,34.9
2022-06-01 18:00:00+05:30,13.3,64.8,34.5
2022-06-01 19:00:00+05:30,15.7,65.7,30.9
2022-06-01 20:00:00+05:30,15.6,69.2,28.2
2022-06-01 21:00:00+05:30,12.8,67.8,24.4
2022-06-01 22:00:00+05:30,13.8,63.0,22.1
2022-06-01 23:00:00+05:30,12.3,60.8,23.1
2022-06-02 00:00:00+05:30,12.5,55.8,29.5
2022-06-02 01:00:00+05:30,12.2,51.9,28.3
2022-06-02 02:00:00+05:30,12.2,54.3,26.0
2022-06-02 03:00:00+05:30,12.8,62.8,29.6
2022-06-02 04:00:00+05:30,12.3,62.3,27.0
2022-06-02 05:00:00+05:30,12.1,56.0,27.6
2022-06-02 06:00:00+05:30,12.9,58.3,26.0
2022-06-02 07:00:00+05:30,12.6,58.7,30.0
2022-06-02 08:00:00+05:30,12.9,63.3,30.4
2022-06-02 09:00:00+05:30,11.9,64.8,26.8
2022-06-02 10:00:00+05:30,11.7,66.5,27.0
2022-06-02 11:00:00+05:30,12.2,71.3,24.1
2022-06-02 12:00:00+05:30,13.0,72.4,29.7
2022-06-02 13:00:00+05:30,12.0,73.0,36.0
2022-06-02 14:00:00+05:30,11.8,78.3,39.2
2022-06-02 15:00:00+05:30,12.3,93.9,37.0
2022-06-02 16:00:00+05:30,12.0,89.5,38.4
2022-06-02 17:00:00+05:30,11.8,81.7,40.9
2022-06-02 18:00:00+05:30,12.4,80.5,45.4
2022-06-02 19:00:00+05:30,13.3,79.8,40.4
2022-06-02 20:00:00+05:30,11.7,78.4,38.1
2022-06-02 21:00:00+05:30,12.3,69.4,32.9
2022-06-02 22:00:00+05:30,12.6,64.3,25.5
2022-06-02 23:00:00+05:30,13.3,61.4,27.4
2022-06-03 00:00:00+05:30,12.7,56.8,27.4
2022-06-03 01:00:00+05:30,12.0,51.5,26.8
2022-06-03 02:00:00+05:30,11.5,49.3,32.1
2022-06-03 03:00:00+05:30,10.8,54.1,30.6
2022-06-03 04:00:00+05:30,12.4,51.5,30.8
2022-06-03 05:00:00+05:30,13.4,56.2,37.5
2022-06-03 06:00:00+05:30,13.9,61.9,41.4
2022-06-03 07:00:00+05:30,12.4,66.3,42.0
2022-06-03 08:00:00+05:30,13.0,67.4,39.4
2022-06-03 09:00:00+05:30,13.2,69.8,38.2
2022-06-03 10:00:00+05:30,13.2,72.5,36.9
2022-06-03 11:00:00+05:30,13.7,75.5,39.3
2022-06-03 12:00:00+05:30,12.4,79.7,45.0
2022-06-03 13:00:00+05:30,12.6,84.3,50.7
2022-06-03 14:00:00+05:30,12.3,88.7,49.6
2022-06-03 15:00:00+05:30,12.9,84.4,43.2
2022-06-03 16:00:00+05:30,14.0,85.4,45.7
2022-06-03 17:00:00+05:30,14.4,91.2,43.0
2022-06-03 18:00:00+05:30,13.1,83.6,42.2
2022-06-03 19:00:00+05:30,12.9,79.9,44.3
2022-06-03 20:00:00+05:30,13.5,86.2,42.6
2022-06-03 21:00:00+05:30,13.8,91.3,41.1
2022-06-03 22:00:00+05:30,13.7,90.1,38.1
2022-06-03 23:00:00+05:30,12.6,88.3,37.4
2022-06-06 00:00:00+05:30,17.5,63.3,26.0
2022-06-06 01:00:00+05:30,18.1,60.2,26.7
2022-06-06 02:00:00+05:30,18.8,60.5,24.8
2022-06-06 03:00:00+05:30,17.9,61.4,26.8
2022-06-06 04:00:00+05:30,17.8,58.2,24.7
2022-06-06 05:00:00+05:30,18.3,56.0,21.6
2022-06-06 06:00:00+05:30,18.9,60.8,21.2
2022-06-06 07:00:00+05:30,18.5,65.2,23.6
2022-06-06 08:00:00+05:30,18.9,60.4,27.6
2022-06-06 09:00:00+05:30,18.4,60.4,39.9
2022-06-06 10:00:00+05:30,17.8,68.2,39.7
2022-06-06 11:00:00+05:30,18.0,76.0,36.8
2022-06-06 12:00:00+05:30,18.6,74.9,40.4
2022-06-06 13:00:00+05:30,19.4,69.8,38.3
2022-06-06 14:00:00+05:30,18.1,68.6,36.6
2022-06-06 15:00:00+05:30,17.8,70.3,31.4
2022-06-06 16:00:00+05:30,18.7,72.8,27.6
2022-06-06 17:00:00+05:30,19.0,76.6,29.9
2022-06-06 18:00:00+05:30,19.2,78.2,27.0
2022-06-06 19:00:00+05:30,18.9,73.4,31.5
2022-06-06 20:00:00+05:30,18.4,75.8,33.1
2022-06-06 21:00:00+05:30,18.7,81.7,30.3
2022-06-06 22:00:00+05:30,19.4,79.8,27.0
2022-06-06 23:00:00+05:30,18.5,76.0,29.7
2022-09-23 00:00:00+05:30,15.3,53.3,23.1
2022-09-23 01:00:00+05:30,18.5,54.4,19.9
2022-09-23 02:00:00+05:30,17.6,50.1,20.6
2022-09-23 04:00:00+05:30,16.9,46.4,25.8
2022-09-23 05:00:00+05:30,25.5,41.9,21.1
2022-09-23 06:00:00+05:30,23.3,46.1,17.9
2022-09-23 07:00:00+05:30,22.4,51.2,22.8
2022-09-23 08:00:00+05:30,17.9,46.0,19.1
2022-09-23 09:00:00+05:30,17.6,49.1,30.1
2022-09-23 10:00:00+05:30,31.3,58.7,23.9
2022-09-23 12:00:00+05:30,18.9,58.2,22.8
2022-09-23 13:00:00+05:30,14.5,60.6,22.9
2022-09-23 15:00:00+05:30,20.1,54.3,22.0
2022-09-23 16:00:00+05:30,8.0,55.0,19.4
2022-09-23 17:00:00+05:30,12.8,59.3,22.7
2022-09-23 18:00:00+05:30,16.5,49.6,21.0
2022-09-23 19:00:00+05:30,11.6,49.0,29.6
2022-09-23 20:00:00+05:30,16.4,53.1,27.5
2022-09-23 21:00:00+05:30,13.2,52.0,29.1
2022-09-23 22:00:00+05:30,11.4,53.0,23.9
2022-09-23 23:00:00+05:30,9.8,53.0,22.8
2022-09-24 00:00:00+05:30,9.5,42.9,25.0
2022-09-24 01:00:00+05:30,8.6,44.2,21.1
2022-09-24 02:00:00+05:30,15.7,41.7,22.5
2022-09-24 03:00:00+05:30,11.2,42.9,18.4
2022-09-24 04:00:00+05:30,19.2,48.4,22.6
2022-09-24 05:00:00+05:30,15.1,52.2,19.7
2022-09-24 06:00:00+05:30,16.7,51.1,23.4
2022-09-24 07:00:00+05:30,10.9,55.1,23.5
2022-09-24 08:00:00+05:30,14.3,51.5,18.9
2022-09-24 09:00:00+05:30,9.4,45.9,17.6
2022-09-24 10:00:00+05:30,9.5,53.6,16.0
2022-09-24 11:00:00+05:30,15.3,52.2,16.5
2022-09-24 12:00:00+05:30,11.8,43.6,24.9
2022-09-24 13:00:00+05:30,10.3,48.8,22.2
2022-09-24 14:00:00+05:30,11.4,58.4,19.2
2022-09-24 15:00:00+05:30,16.6,57.6,18.7
2022-09-24 16:00:00+05:30,18.8,48.7,32.4
2022-09-24 17:00:00+05:30,16.4,49.7,24.9
2022-09-24 18:00:00+05:30,23.6,52.8,32.0
2022-09-24 19:00:00+05:30,18.7,52.4,25.9
2022-09-24 20:00:00+05:30,11.4,59.0,21.7
2022-09-24 21:00:00+05:30,9.9,50.8,23.5
2022-09-24 22:00:00+05:30,13.5,51.1,22.5
2022-09-24 23:00:00+05:30,12.7,52.4,21.8
2022-09-25 00:00:00+05:30,10.3,44.5,24.0
2022-09-25 02:00:00+05:30,8.9,44.7,26.9
2022-09-25 03:00:00+05:30,9.3,39.8,22.6
2022-09-25 04:00:00+05:30,17.2,46.8,18.8
2022-09-25 05:00:00+05:30,15.5,46.6,19.0
2022-09-25 06:00:00+05:30,16.5,45.3,16.4
2022-09-25 07:00:00+05:30,12.1,57.3,23.0
2022-09-25 08:00:00+05:30,9.9,50.4,20.5
2022-09-25 09:00:00+05:30,12.2,47.6,16.8
2022-09-25 10:00:00+05:30,12.7,45.7,20.4
2022-09-25 11:00:00+05:30,14.8,50.5,23.8
2022-09-25 12:00:00+05:30,14.0,52.6,25.0
2022-09-25 13:00:00+05:30,10.1,50.1,20.9
2022-09-25 14:00:00+05:30,14.4,48.1,26.5
2022-09-25 15:00:00+05:30,12.8,40.5,22.7
2022-09-25 16:00:00+05:30,15.9,49.8,20.6
2022-09-25 17:00:00+05:30,14.7,46.6,18.8
2022-09-25 18:00:00+05:30,21.2,49.4,18.7
2022-09-25 19:00:00+05:30,9.2,48.7,16.6
2022-09-25 21:00:00+05:30,13.5,34.3,12.8
2022-09-25 22:00:00+05:30,11.1,38.1,14.2
2022-09-25 23:00:00+05:30,12.7,37.7,12.5
2022-09-26 00:00:00+05:30,8.2,38.9,20.3
2022-09-26 01:00:00+05:30,8.6,43.2,21.2
2022-09-26 02:00:00+05:30,11.0,34.2,17.9
2022-09-26 03:00:00+05:30,10.9,36.9,18.4
2022-09-26 04:00:00+05:30,19.9,37.1,16.2
2022-09-26 05:00:00+05:30,11.9,37.4,19.7
2022-09-26 06:00:00+05:30,12.5,42.0,18.5
2022-09-26 07:00:00+05:30,17.2,49.2,18.0
2022-09-26 08:00:00+05:30,17.2,49.6,18.7
2022-09-26 09:00:00+05:30,13.8,40.3,16.6
2022-09-26 10:00:00+05:30,19.3,49.7,22.0
2022-09-26 11:00:00+05:30,24.5,49.4,19.9
2022-09-26 12:00:00+05:30,155.7,49.4,19.9
2022-09-26 14:00:00+05:30,3.4,12.0,10.4
2022-09-26 15:00:00+05:30,20.2,89.2,42.3
2022-09-26 16:00:00+05:30,18.6,84.2,36.6
2022-09-26 17:00:00+05:30,14.8,79.8,40.6
2022-09-26 18:00:00+05:30,11.5,69.5,34.0
2022-09-26 19:00:00+05:30,19.7,54.6,31.0
2022-09-26 20:00:00+05:30,18.8,55.9,29.2
2022-09-26 21:00:00+05:30,9.6,60.0,22.9
2022-09-26 22:00:00+05:30,4.5,50.0,18.5
2022-09-27 00:00:00+05:30,5.1,41.6,25.6
2022-09-27 01:00:00+05:30,6.4,42.5,20.7
2022-09-27 02:00:00+05:30,1.9,42.7,23.2
2022-09-27 03:00:00+05:30,0.2,52.7,25.1
2022-09-27 05:00:00+05:30,5.6,37.3,19.4
2022-09-27 06:00:00+05:30,6.7,35.6,20.2
2022-09-27 07:00:00+05:30,4.4,36.4,17.7
2022-09-27 08:00:00+05:30,2.3,37.4,18.7
2022-09-27 09:00:00+05:30,5.3,36.3,23.8
2022-09-27 10:00:00+05:30,19.6,34.1,19.7
2022-09-27 11:00:00+05:30,8.0,45.1,23.8
2022-09-27 12:00:00+05:30,10.7,47.4,19.5
2022-09-27 13:00:00+05:30,16.3,51.2,23.6
2022-09-27 14:00:00+05:30,8.6,47.5,29.4
2022-09-27 16:00:00+05:30,19.0,54.1,28.9
2022-09-27 17:00:00+05:30,38.1,56.4,31.9
2022-09-27 18:00:00+05:30,28.8,93.3,48.5
2022-09-27 20:00:00+05:30,10.9,89.9,41.8
2022-09-27 21:00:00+05:30,14.8,89.9,39.0
2022-09-27 22:00:00+05:30,70.1,70.4,33.7
2022-09-28 05:00:00+05:30,7.3,47.3,20.6
2022-09-28 06:00:00+05:30,5.5,44.8,28.8
2022-09-28 07:00:00+05:30,8.6,70.1,31.7
2022-09-28 08:00:00+05:30,8.6,74.6,30.9
2022-09-28 09:00:00+05:30,11.8,72.0,30.0
2022-09-28 10:00:00+05:30,10.2,70.2,27.0
2022-09-28 11:00:00+05:30,19.6,64.3,35.7
2022-09-28 12:00:00+05:30,16.1,66.3,34.0
2022-09-28 13:00:00+05:30,30.3,59.5,31.4
2022-09-28 14:00:00+05:30,19.9,70.2,34.8
2022-09-28 15:00:00+05:30,20.8,68.1,32.3
2022-09-28 16:00:00+05:30,16.6,61.9,32.7
2022-09-28 17:00:00+05:30,6.6,68.6,39.3
2022-09-28 18:00:00+05:30,15.4,66.9,31.8
2022-09-28 19:00:00+05:30,29.8,63.0,41.6
2022-09-28 20:00:00+05:30,37.7,75.2,32.3
2022-09-28 21:00:00+05:30,20.1,87.3,39.0
2022-09-28 22:00:00+05:30,10.3,91.1,46.5
2022-09-28 23:00:00+05:30,25.9,94.8,36.5
2022-09-29 01:00:00+05:30,21.2,98.7,56.7
2022-09-29 06:00:00+05:30,0.9,123.8,60.1
2022-09-29 07:00:00+05:30,10.1,117.1,52.6
2022-09-29 08:00:00+05:30,4.1,123.2,60.2
2022-09-29 09:00:00+05:30,9.1,122.5,58.7
2022-09-29 10:00:00+05:30,15.1,112.2,51.3
2022-09-29 11:00:00+05:30,16.9,90.2,47.0
2022-09-29 14:00:00+05:30,8.1,64.9,45.0
2022-09-29 15:00:00+05:30,7.4,66.9,38.9
2022-09-29 16:00:00+05:30,13.0,54.8,29.9
2022-09-29 17:00:00+05:30,32.7,53.8,35.0
2022-09-29 18:00:00+05:30,33.5,57.1,34.7
2022-09-29 19:00:00+05:30,8.8,60.3,31.0
2022-09-29 20:00:00+05:30,38.3,65.3,33.8
2022-09-29 21:00:00+05:30,27.8,101.2,44.4
2022-09-29 23:00:00+05:30,8.3,100.2,47.6
2022-09-30 00:00:00+05:30,1.6,98.8,48.4
2022-09-30 01:00:00+05:30,1.0,78.4,40.1
2022-09-30 02:00:00+05:30,2.1,76.9,40.9
2022-09-30 03:00:00+05:30,2.5,92.0,41.8
2022-09-30 04:00:00+05:30,2.9,89.7,38.4
2022-09-30 05:00:00+05:30,2.6,83.3,40.8
2022-09-30 06:00:00+05:30,2.4,68.5,34.7
2022-09-30 07:00:00+05:30,2.6,72.4,39.9
2022-09-30 08:00:00+05:30,3.8,73.8,34.7
2022-09-30 09:00:00+05:30,5.0,66.5,33.8
2022-09-30 10:00:00+05:30,6.4,64.1,35.8
2022-09-30 13:00:00+05:30,198.0,76.1,38.9
2022-09-30 14:00:00+05:30,11.2,67.0,49.9
2022-09-30 15:00:00+05:30,34.9,87.1,64.3
2022-09-30 17:00:00+05:30,26.8,87.3,56.8
2022-09-30 18:00:00+05:30,36.9,78.0,54.2
2022-09-30 19:00:00+05:30,25.1,84.9,54.3
2022-09-30 20:00:00+05:30,22.3,84.7,58.1
2022-09-30 21:00:00+05:30,17.8,103.8,58.2
2022-09-30 22:00:00+05:30,14.2,116.0,61.6
2022-09-30 23:00:00+05:30,15.4,116.0,63.7
2022-10-01 06:00:00+05:30,16.0,104.1,59.6
2022-10-01 07:00:00+05:30,16.4,112.2,62.5
2022-10-01 09:00:00+05:30,14.5,115.0,66.5
2022-10-01 10:00:00+05:30,15.2,102.2,58.8
2022-10-01 11:00:00+05:30,20.4,90.2,47.3
2022-10-01 12:00:00+05:30,27.8,84.7,48.3
2022-10-01 14:00:00+05:30,15.1,78.2,47.5
2022-10-01 15:00:00+05:30,13.5,81.4,42.7
2022-10-01 16:00:00+05:30,13.5,77.5,42.9
2022-10-01 17:00:00+05:30,13.4,70.9,37.3
2022-10-01 18:00:00+05:30,13.8,72.6,39.5
2022-10-01 19:00:00+05:30,14.0,70.2,41.5
2022-10-01 20:00:00+05:30,13.9,63.9,35.2
2022-10-01 21:00:00+05:30,13.7,50.9,32.0
2022-10-01 22:00:00+05:30,15.1,44.7,26.8
2022-10-01 23:00:00+05:30,14.2,44.2,24.5
2022-10-02 06:00:00+05:30,12.9,55.9,30.1
2022-10-02 07:00:00+05:30,13.8,60.2,34.7
2022-10-02 08:00:00+05:30,14.3,59.5,38.7
2022-10-02 09:00:00+05:30,15.2,59.0,35.2
2022-10-02 10:00:00+05:30,21.8,64.6,32.1
2022-10-02 11:00:00+05:30,20.1,58.7,35.3
2022-10-02 12:00:00+05:30,14.5,51.6,32.0
2022-10-02 13:00:00+05:30,13.0,44.5,32.4
2022-10-02 14:00:00+05:30,12.5,45.4,28.4
2022-10-02 15:00:00+05:30,12.2,40.7,23.4
2022-10-02 16:00:00+05:30,11.9,41.3,19.9
2022-10-02 17:00:00+05:30,12.3,43.4,23.7
2022-10-02 18:00:00+05:30,13.6,39.2,22.6
2022-10-02 20:00:00+05:30,14.6,54.1,29.1
2022-10-02 21:00:00+05:30,13.6,49.8,25.0
2022-10-02 22:00:00+05:30,12.5,45.8,26.1
2022-10-02 23:00:00+05:30,12.6,45.2,28.4
2022-10-03 00:00:00+05:30,12.8,47.9,27.3
2022-10-03 05:00:00+05:30,12.1,45.9,29.9
2022-10-03 06:00:00+05:30,11.6,42.6,26.9
2022-10-03 08:00:00+05:30,11.3,40.6,23.2
2022-10-03 09:00:00+05:30,11.8,35.3,19.8
2022-10-03 10:00:00+05:30,12.3,32.9,20.3
2022-10-03 11:00:00+05:30,15.9,30.4,18.8
2022-10-03 12:00:00+05:30,17.2,29.0,16.4
2022-10-03 14:00:00+05:30,12.0,31.0,13.5
2022-10-03 15:00:00+05:30,11.9,29.0,12.9
2022-10-03 16:00:00+05:30,11.9,28.3,12.4
2022-10-03 17:00:00+05:30,11.5,26.6,12.4
2022-10-03 18:00:00+05:30,11.0,29.1,11.9
2022-10-03 19:00:00+05:30,10.8,29.5,14.1
2022-10-03 20:00:00+05:30,10.9,25.8,15.7
2022-10-03 21:00:00+05:30,11.3,22.1,15.7
2022-10-03 22:00:00+05:30,11.4,23.5,15.3
2022-10-04 05:00:00+05:30,10.1,22.6,11.2
2022-10-04 07:00:00+05:30,10.4,17.3,11.2
2022-10-04 08:00:00+05:30,10.5,15.9,11.0
2022-10-04 09:00:00+05:30,10.6,18.6,12.5
2022-10-04 10:00:00+05:30,10.3,19.1,13.0
2022-10-04 11:00:00+05:30,10.5,22.8,14.6
2022-10-04 12:00:00+05:30,10.6,21.4,14.4
2022-10-04 13:00:00+05:30,11.1,21.9,13.6
2022-10-04 14:00:00+05:30,11.1,23.1,12.5
2022-10-04 15:00:00+05:30,10.9,25.6,12.2
2022-10-04 17:00:00+05:30,10.8,29.5,12.0
2022-10-04 18:00:00+05:30,11.3,30.0,12.1
2022-10-04 19:00:00+05:30,11.2,34.1,13.7
2022-10-04 20:00:00+05:30,10.8,40.1,13.9
2022-10-04 21:00:00+05:30,10.3,39.3,15.4
2022-10-04 22:00:00+05:30,10.2,36.7,19.5
2022-10-04 23:00:00+05:30,10.4,35.3,18.4
2022-10-05 01:00:00+05:30,10.6,32.6,15.1
2022-10-05 05:00:00+05:30,10.0,27.7,14.8
2022-10-05 07:00:00+05:30,10.2,28.2,11.5
2022-10-05 08:00:00+05:30,10.1,32.9,10.8
2022-10-05 09:00:00+05:30,10.5,29.2,10.5
2022-10-05 10:00:00+05:30,10.8,24.4,10.7
2022-10-05 11:00:00+05:30,11.0,20.7,11.0
2022-10-05 12:00:00+05:30,11.0,18.2,12.0
2022-10-05 13:00:00+05:30,11.2,20.4,12.2
2022-10-05 14:00:00+05:30,11.4,25.4,13.3
2022-10-05 15:00:00+05:30,11.7,26.3,13.9
2022-10-05 16:00:00+05:30,12.0,23.1,13.6
2022-10-05 17:00:00+05:30,11.9,19.5,12.9
2022-10-05 18:00:00+05:30,11.7,19.0,12.4
2022-10-05 19:00:00+05:30,11.6,19.5,11.5
2022-10-05 20:00:00+05:30,11.8,28.6,11.5
2022-10-05 21:00:00+05:30,11.8,28.7,11.5
2022-10-05 22:00:00+05:30,11.8,25.3,12.4
2022-10-05 23:00:00+05:30,11.1,26.1,13.0
2022-10-06 05:00:00+05:30,10.3,19.8,10.4
2022-10-06 06:00:00+05:30,10.2,17.6,10.2
2022-10-06 07:00:00+05:30,10.6,16.4,10.3
2022-10-06 09:00:00+05:30,10.8,19.3,10.4
2022-10-06 10:00:00+05:30,10.8,17.6,10.5
2022-10-06 12:00:00+05:30,11.7,15.3,10.5
2022-10-06 14:00:00+05:30,11.7,15.1,11.1
2022-10-06 15:00:00+05:30,11.3,15.9,11.4
2022-10-06 16:00:00+05:30,11.3,22.0,11.3
2022-10-06 17:00:00+05:30,11.5,21.1,11.3
2022-10-06 18:00:00+05:30,11.8,18.9,11.2
2022-10-06 19:00:00+05:30,11.8,24.9,11.4
2022-10-06 20:00:00+05:30,11.4,25.7,11.4
2022-10-06 22:00:00+05:30,10.7,30.9,12.7
2022-10-06 23:00:00+05:30,10.9,27.6,13.1
2022-10-07 05:00:00+05:30,9.5,26.7,12.5
2022-10-07 06:00:00+05:30,9.8,26.3,11.7
2022-10-07 07:00:00+05:30,10.0,26.5,11.3
2022-10-07 09:00:00+05:30,10.4,32.0,10.9
2022-10-07 10:00:00+05:30,10.7,28.1,10.8
2022-10-07 11:00:00+05:30,11.1,23.3,10.7
2022-10-07 12:00:00+05:30,11.2,21.6,10.6
2022-10-07 13:00:00+05:30,11.3,28.3,11.4
2022-10-07 14:00:00+05:30,11.5,32.2,11.5
2022-10-07 15:00:00+05:30,11.9,28.9,11.5
2022-10-07 16:00:00+05:30,12.9,32.9,13.4
2022-10-07 17:00:00+05:30,13.1,34.5,14.4
2022-10-07 18:00:00+05:30,12.0,43.7,18.9
2022-10-07 19:00:00+05:30,9.8,41.8,19.6
2022-10-07 20:00:00+05:30,9.0,54.5,23.4
2022-10-07 21:00:00+05:30,8.5,57.6,21.6
2022-10-07 22:00:00+05:30,8.6,53.7,21.9
2022-10-07 23:00:00+05:30,9.0,49.7,22.2
2022-10-08 06:00:00+05:30,8.6,55.3,25.0
2022-10-08 07:00:00+05:30,9.3,51.9,23.3
2022-10-08 08:00:00+05:30,10.4,57.6,19.2
2022-10-08 09:00:00+05:30,11.2,54.2,16.6
2022-10-08 10:00:00+05:30,12.2,48.1,18.8
2022-10-08 11:00:00+05:30,12.8,41.4,20.2
2022-10-08 12:00:00+05:30,13.2,37.5,18.5
2022-10-08 13:00:00+05:30,13.7,36.9,19.8
2022-10-08 14:00:00+05:30,13.7,40.3,22.5
2022-10-08 15:00:00+05:30,13.1,39.4,20.4
2022-10-08 16:00:00+05:30,12.6,40.8,21.5
2022-10-08 17:00:00+05:30,12.8,36.1,19.7
2022-10-08 19:00:00+05:30,12.5,23.4,14.7
2022-10-08 20:00:00+05:30,12.3,36.9,18.9
2022-10-08 21:00:00+05:30,12.1,37.6,18.5
2022-10-08 23:00:00+05:30,12.2,25.8,18.2
2022-10-09 05:00:00+05:30,11.9,24.0,14.4
2022-10-09 08:00:00+05:30,11.1,29.9,14.9
2022-10-09 09:00:00+05:30,11.6,27.5,13.2
2022-10-09 11:00:00+05:30,12.4,20.2,12.1
2022-10-09 12:00:00+05:30,12.2,18.4,11.6
2022-10-09 13:00:00+05:30,12.2,16.5,11.3
2022-10-09 14:00:00+05:30,12.0,29.8,11.0
2022-10-09 15:00:00+05:30,12.1,33.1,11.4
2022-10-09 16:00:00+05:30,12.1,30.7,12.0
2022-10-09 17:00:00+05:30,12.3,25.8,11.9
2022-10-09 18:00:00+05:30,12.0,24.4,13.1
2022-10-09 19:00:00+05:30,11.9,21.4,13.3
2022-10-09 20:00:00+05:30,11.9,35.2,13.1
2022-10-09 21:00:00+05:30,12.1,34.3,12.1
2022-10-09 22:00:00+05:30,12.1,28.2,11.8
2022-10-09 23:00:00+05:30,11.8,24.0,13.5
2022-10-10 05:00:00+05:30,11.5,18.6,14.9
2022-10-10 06:00:00+05:30,10.9,18.6,17.1
2022-10-10 07:00:00+05:30,11.1,16.6,15.9
2022-10-10 09:00:00+05:30,12.1,30.6,13.4
2022-10-10 10:00:00+05:30,12.2,26.4,12.1
2022-10-10 11:00:00+05:30,11.8,22.8,11.9
2022-10-10 12:00:00+05:30,14.1,19.3,11.7
2022-10-10 13:00:00+05:30,13.4,17.0,11.3
2022-10-10 14:00:00+05:30,12.8,18.5,13.3
2022-10-10 15:00:00+05:30,13.0,17.7,16.0
2022-10-10 16:00:00+05:30,14.0,24.9,15.3
2022-10-10 17:00:00+05:30,14.6,25.4,19.4
2022-10-10 18:00:00+05:30,11.7,24.1,18.5
2022-10-10 19:00:00+05:30,11.0,21.3,16.3
2022-10-10 20:00:00+05:30,10.7,18.5,18.9
2022-10-10 21:00:00+05:30,10.7,24.6,18.0
2022-10-10 22:00:00+05:30,10.6,23.8,15.4
2022-10-11 05:00:00+05:30,10.5,19.3,12.1
2022-10-11 06:00:00+05:30,10.6,18.2,13.3
2022-10-11 07:00:00+05:30,10.6,17.2,12.9
2022-10-11 08:00:00+05:30,10.6,25.9,14.7
2022-10-11 09:00:00+05:30,10.7,25.4,14.2
2022-10-11 11:00:00+05:30,11.3,20.2,12.2
2022-10-11 12:00:00+05:30,18.6,20.2,11.9
2022-10-11 13:00:00+05:30,13.6,20.2,11.9
2022-10-11 14:00:00+05:30,12.5,26.1,8.5
2022-10-11 15:00:00+05:30,13.4,31.3,8.5
2022-10-11 17:00:00+05:30,11.0,33.8,9.4
2022-10-11 18:00:00+05:30,10.6,30.6,9.3
2022-10-11 19:00:00+05:30,10.2,27.9,9.6
2022-10-11 20:00:00+05:30,10.3,26.7,9.8
2022-10-11 21:00:00+05:30,10.3,27.6,9.7
2022-10-11 22:00:00+05:30,10.0,25.2,9.6
2022-10-11 23:00:00+05:30,9.9,23.6,9.7
2022-10-12 06:00:00+05:30,10.1,23.5,10.4
2022-10-12 07:00:00+05:30,10.0,23.2,10.6
2022-10-12 10:00:00+05:30,10.6,25.0,10.6
2022-10-12 12:00:00+05:30,11.9,21.9,10.7
2022-10-12 13:00:00+05:30,11.7,22.9,10.7
2022-10-12 14:00:00+05:30,12.0,25.5,10.7
2022-10-12 17:00:00+05:30,12.2,34.0,10.9
2022-10-12 18:00:00+05:30,10.3,29.3,11.0
2022-10-12 19:00:00+05:30,9.8,33.3,11.0
2022-10-12 20:00:00+05:30,9.1,40.3,10.9
2022-10-12 21:00:00+05:30,8.6,41.4,10.9
2022-10-13 05:00:00+05:30,8.8,48.8,21.1
2022-10-13 06:00:00+05:30,8.9,45.2,18.3
2022-10-13 07:00:00+05:30,8.7,51.7,22.8
2022-10-13 09:00:00+05:30,9.6,52.7,18.0
2022-10-13 11:00:00+05:30,10.8,39.2,20.4
2022-10-13 13:00:00+05:30,10.0,32.7,22.5
2022-10-13 14:00:00+05:30,10.8,36.1,24.7
2022-10-13 16:00:00+05:30,10.7,35.1,13.9
2022-10-13 17:00:00+05:30,20.7,36.5,15.7
2022-10-13 18:00:00+05:30,13.8,39.0,19.7
2022-10-13 19:00:00+05:30,11.6,40.1,23.7
2022-10-13 20:00:00+05:30,11.1,40.2,24.6
2022-10-13 21:00:00+05:30,0.0,0.0,0.0
2022-10-13 22:00:00+05:30,10.4,42.3,18.3
2022-10-13 23:00:00+05:30,9.9,41.9,24.7
2022-10-14 13:00:00+05:30,22.5,66.5,54.5
2022-10-14 15:00:00+05:30,24.0,69.5,50.2
2022-10-14 16:00:00+05:30,35.3,63.8,42.4
2022-10-14 20:00:00+05:30,22.1,146.0,70.2
2022-10-14 21:00:00+05:30,26.4,139.4,64.9
2022-10-14 22:00:00+05:30,27.5,126.2,59.0
2022-10-14 23:00:00+05:30,24.6,123.9,58.0
2022-10-15 06:00:00+05:30,13.4,118.7,62.7
2022-10-15 08:00:00+05:30,13.8,104.3,53.7
2022-10-15 09:00:00+05:30,44.1,87.0,47.0
2022-10-15 10:00:00+05:30,14.7,71.3,34.2
2022-10-15 11:00:00+05:30,14.3,56.6,28.9
2022-10-15 12:00:00+05:30,26.6,48.1,24.6
2022-10-15 13:00:00+05:30,15.2,46.9,23.9
2022-10-15 14:00:00+05:30,13.8,45.8,22.8
2022-10-15 15:00:00+05:30,13.9,45.8,22.3
2022-10-15 16:00:00+05:30,15.2,50.9,20.0
2022-10-15 18:00:00+05:30,34.7,51.9,24.4
2022-10-15 19:00:00+05:30,51.9,61.3,27.8
2022-10-15 20:00:00+05:30,47.0,80.4,39.7
2022-10-15 21:00:00+05:30,38.4,88.5,42.0
2022-10-15 22:00:00+05:30,35.9,95.9,43.3
2022-10-15 23:00:00+05:30,30.1,99.7,50.0
2022-10-16 02:00:00+05:30,30.8,95.2,40.8
2022-10-16 03:00:00+05:30,58.2,95.3,38.6
2022-10-16 04:00:00+05:30,17.5,79.6,41.1
2022-10-16 05:00:00+05:30,11.9,72.6,36.7
2022-10-16 06:00:00+05:30,12.2,72.5,36.4
2022-10-16 08:00:00+05:30,11.3,77.8,33.5
2022-10-16 09:00:00+05:30,10.7,74.7,32.1
2022-10-16 10:00:00+05:30,10.3,64.7,32.5
2022-10-16 11:00:00+05:30,11.4,69.5,34.6
2022-10-16 12:00:00+05:30,12.8,73.8,32.6
2022-10-16 13:00:00+05:30,13.0,79.4,29.7
2022-10-16 15:00:00+05:30,11.9,76.7,37.2
2022-10-16 16:00:00+05:30,12.8,79.8,35.7
2022-10-16 17:00:00+05:30,12.9,81.3,39.7
2022-10-16 18:00:00+05:30,17.3,80.3,39.0
2022-10-16 19:00:00+05:30,15.3,88.0,35.8
2022-10-16 20:00:00+05:30,17.7,82.8,38.2
2022-10-16 21:00:00+05:30,31.6,92.6,41.9
2022-10-31 06:00:00+05:30,12.3,99.3,50.9
2022-10-31 07:00:00+05:30,12.8,102.5,52.3
2025-02-19 01:00:00+05:30,50.83,70.88,36.29
2025-02-19 02:00:00+05:30,47.332499999999996,64.425,32.987500000000004
2025-02-19 03:00:00+05:30,47.4125,70.13,35.910000000000004
2025-02-19 04:00:00+05:30,49.245,64.6525,33.105000000000004
2025-02-19 05:00:00+05:30,44.5125,68.0025,34.8175
2025-02-19 06:00:00+05:30,60.0075,70.2175,35.945
2025-02-19 07:00:00+05:30,49.2125,85.025,43.535
2025-02-19 08:00:00+05:30,46.3425,89.69,45.9225
2025-02-19 09:00:00+05:30,69.1325,100.9175,51.6725
2025-02-19 10:00:00+05:30,72.745,108.88749999999999,55.7475
2025-02-19 11:00:00+05:30,53.985,110.60499999999999,56.63
2025-02-19 12:00:00+05:30,16.275,110.88,56.77
2025-02-19 13:00:00+05:30,126.9725,16.5,8.45
2025-02-19 14:00:00+05:30,33.1325,90.95,46.56
2025-02-19 15:00:00+05:30,25.585,71.66749999999999,36.69
2025-02-19 16:00:00+05:30,26.6725,79.0625,40.485
2025-02-19 17:00:00+05:30,25.396666666666665,79.09,40.49666666666666
2025-02-19 18:00:00+05:30,26.46,75.6275,38.722500000000004
2025-02-19 19:00:00+05:30,28.805,90.77250000000001,46.475
2025-02-19 20:00:00+05:30,31.79,100.455,51.4325
2025-02-19 21:00:00+05:30,31.9325,99.32,50.8525
2025-02-19 22:00:00+05:30,28.645000000000003,102.8775,52.67
2025-02-19 23:00:00+05:30,26.656666666666666,90.81,46.49333333333334
2025-02-20 00:00:00+05:30,30.42,86.17,44.12
2025-02-20 01:00:00+05:30,27.445,78.5675,40.2275
2025-02-20 02:00:00+05:30,27.455,72.9875,37.365
2025-02-20 03:00:00+05:30,29.5675,74.23750000000001,38.0075
2025-02-20 04:00:00+05:30,35.1875,64.55,33.055
2025-02-20 05:00:00+05:30,33.9625,68.535,35.0925
2025-02-20 06:00:00+05:30,33.24,74.53333333333333,38.255
2025-02-20 07:00:00+05:30,35.615,74.1825,37.9825
2025-02-20 08:00:00+05:30,34.09,76.4,39.1175
2025-02-20 09:00:00+05:30,32.7475,75.16499999999999,38.48
2025-02-20 10:00:00+05:30,32.6325,75.075,38.4375
2025-02-20 11:00:00+05:30,33.9325,72.8125,37.28
2025-02-20 12:00:00+05:30,25.8825,71.805,36.7675
2025-02-20 13:00:00+05:30,25.82,63.405,32.462500000000006
2025-02-20 14:00:00+05:30,24.39,63.79,32.6625
2025-02-20 15:00:00+05:30,23.85,55.620000000000005,28.4775
2025-02-20 16:00:00+05:30,23.3575,48.195,24.68
2025-02-20 17:00:00+05:30,26.5325,43.02,22.03
2025-02-20 18:00:00+05:30,26.656666666666666,44.25666666666666,22.6875
2025-02-20 19:00:00+05:30,27.427500000000002,44.0325,22.5425
2025-02-20 20:00:00+05:30,33.595,51.915,26.5775
2025-02-20 21:00:00+05:30,32.4875,53.455,27.372500000000002
2025-02-20 22:00:00+05:30,32.483333333333334,51.56333333333333,26.400000000000002
2025-02-20 23:00:00+05:30,38.24,56.879999999999995,29.12
2025-02-21 00:00:00+05:30,42.61,61.12,31.3
2025-02-21 01:00:00+05:30,44.865,73.55,37.66
2025-02-21 02:00:00+05:30,44.075,79.13749999999999,40.52
2025-02-21 03:00:00+05:30,45.0675,88.36,45.2375
2025-02-21 04:00:00+05:30,43.2725,89.545,45.845
2025-02-21 05:00:00+05:30,43.5,85.30250000000001,43.677499999999995
2025-02-21 06:00:00+05:30,44.0425,85.21,43.625
2025-02-21 07:00:00+05:30,43.0325,84.0975,43.055
2025-02-21 08:00:00+05:30,40.620000000000005,84.4,43.209999999999994
2025-02-21 09:00:00+05:30,37.6975,81.67,41.815
2025-02-21 10:00:00+05:30,36.62,81.10000000000001,41.52
2025-02-21 11:00:00+05:30,43.025,74.68,38.2375
2025-02-21 12:00:00+05:30,39.3575,80.405,41.165
2025-02-21 13:00:00+05:30,34.37,87.5975,44.85
2025-02-21 14:00:00+05:30,39.4825,94.3525,48.305
2025-02-21 15:00:00+05:30,36.379999999999995,101.6925,52.065
2025-02-21 16:00:00+05:30,38.455,106.69749999999999,54.63
2025-02-21 17:00:00+05:30,0.0,106.6725,54.620000000000005
2025-02-21 18:00:00+05:30,48.355000000000004,113.76,58.24
2025-02-21 19:00:00+05:30,40.285000000000004,115.7525,59.265
2025-02-21 20:00:00+05:30,67.185,112.7675,57.7325
2025-02-21 21:00:00+05:30,24.2675,119.2725,61.0725
2025-02-21 22:00:00+05:30,24.28,113.23666666666668,57.98333333333333
2025-02-21 23:00:00+05:30,18.56,103.19333333333333,52.836666666666666
2025-02-22 00:00:00+05:30,15.88,92.58,47.4
2025-02-22 01:00:00+05:30,25.57,90.76,46.4675
2025-02-22 02:00:00+05:30,28.865,97.59,49.9625
2025-02-22 03:00:00+05:30,35.3875,85.985,44.0225
2025-02-22 04:00:00+05:30,35.7225,92.39750000000001,47.305
2025-02-22 05:00:00+05:30,41.105000000000004,87.755,44.93
2025-02-22 06:00:00+05:30,25.485,95.61250000000001,48.947500000000005
2025-02-22 07:00:00+05:30,38.4675,94.80000000000001,48.5375
2025-02-22 08:00:00+05:30,30.740000000000002,90.1175,46.14
2025-02-22 09:00:00+05:30,30.4125,79.8875,40.9
2025-02-22 10:00:00+05:30,31.4,73.74,37.76
2025-02-22 11:00:00+05:30,27.0075,74.53,38.1575
2025-02-22 12:00:00+05:30,31.07,68.655,35.15
2025-02-22 13:00:00+05:30,28.76,67.05749999999999,34.33
2025-02-22 14:00:00+05:30,31.380000000000003,64.22749999999999,32.8825
2025-02-22 15:00:00+05:30,31.09,70.16499999999999,35.9225
2025-02-22 16:00:00+05:30,44.832499999999996,66.09,33.835
2025-02-22 17:00:00+05:30,47.3575,70.165,35.9225
2025-02-22 18:00:00+05:30,101.735,80.46000000000001,41.195
2025-02-22 19:00:00+05:30,103.6675,101.98,52.215
2025-02-22 20:00:00+05:30,82.1525,104.99000000000001,53.7575
2025-02-22 21:00:00+05:30,91.8425,110.0625,56.35
2025-02-22 22:00:00+05:30,61.559999999999995,115.1525,58.957499999999996
2025-02-22 23:00:00+05:30,46.63666666666666,114.72333333333334,58.765
2025-02-23 00:00:00+05:30,38.84,105.33,53.93
2025-02-23 01:00:00+05:30,41.760000000000005,92.575,47.3775
2025-02-23 02:00:00+05:30,46.135,96.92999999999999,49.629999999999995
2025-02-23 03:00:00+05:30,60.527499999999996,92.25999999999999,47.24
2025-02-23 04:00:00+05:30,55.7175,100.81,51.614999999999995
2025-02-23 05:00:00+05:30,63.822500000000005,104.265,53.385
2025-02-23 06:00:00+05:30,63.515,109.20750000000001,55.915
2025-02-23 07:00:00+05:30,65.38,104.92500000000001,53.7275
2025-02-23 08:00:00+05:30,73.4725,88.515,45.32
2025-02-23 09:00:00+05:30,109.01,81.69,41.825
2025-02-23 10:00:00+05:30,132.25,75.9725,38.9
2025-02-23 11:00:00+05:30,112.725,72.0425,36.885
2025-02-23 12:00:00+05:30,43.71,75.65,38.666666666666664
2025-02-23 13:00:00+05:30,30.1525,78.825,40.355000000000004
2025-02-23 14:00:00+05:30,24.875,74.22749999999999,38.005
2025-02-23 15:00:00+05:30,39.065,71.7325,36.727500000000006
2025-02-23 16:00:00+05:30,51.175,77.02250000000001,39.435
2025-02-23 17:00:00+05:30,79.15666666666667,79.92999999999999,40.92333333333333
2025-02-23 18:00:00+05:30,125.5375,86.07000000000001,44.0675
2025-02-23 19:00:00+05:30,157.3525,100.695,51.56
2025-02-23 20:00:00+05:30,181.4125,95.5225,48.905
2025-02-23 21:00:00+05:30,213.7875,130.24,66.685
2025-02-23 22:00:00+05:30,154.5975,153.3175,78.4975
2025-02-23 23:00:00+05:30,148.80666666666667,150.99333333333334,77.30666666666667
2025-02-24 00:00:00+05:30,86.94,150.96,77.29
2025-02-24 01:00:00+05:30,91.74666666666667,140.88,72.13
2025-02-24 02:00:00+05:30,137.20499999999998,136.6475,69.96249999999999
2025-02-24 03:00:00+05:30,114.5575,135.7475,69.5
2025-02-24 04:00:00+05:30,148.5475,133.5325,68.36500000000001
2025-02-24 05:00:00+05:30,136.535,123.87,63.425
2025-02-24 06:00:00+05:30,120.1,117.28,60.05
2025-02-24 07:00:00+05:30,196.1525,116.2925,59.5375
2025-02-24 08:00:00+05:30,199.275,118.7775,60.815
2025-02-24 09:00:00+05:30,212.22,117.1825,59.997499999999995
2025-02-24 10:00:00+05:30,179.225,114.11250000000001,58.4275
2025-02-24 11:00:00+05:30,152.23749999999998,113.84,45.83
2025-02-24 12:00:00+05:30,34.93,20.552500000000002,10.524999999999999
2025-02-24 13:00:00+05:30,23.2925,128.5975,65.8425
2025-02-24 14:00:00+05:30,44.585,125.95750000000001,64.4925
2025-02-24 15:00:00+05:30,25.7725,122.1275,62.53
2025-02-24 16:00:00+05:30,64.61,114.5875,58.67
2025-02-24 17:00:00+05:30,63.53,117.78999999999999,60.307500000000005
2025-02-24 18:00:00+05:30,49.9625,120.4,61.644999999999996
2025-02-24 19:00:00+05:30,39.615,141.605,72.505
2025-02-24 20:00:00+05:30,32.03,172.6575,88.4025
2025-02-24 21:00:00+05:30,31.565,172.1275,88.13000000000001
2025-02-24 22:00:00+05:30,27.91,195.72500000000002,100.21000000000001
2025-02-24 23:00:00+05:30,25.25,198.81000000000003,101.79
2025-02-25 00:00:00+05:30,23.84,198.56,101.66
2025-02-25 01:00:00+05:30,24.0425,192.27499999999998,98.4475
2025-02-25 02:00:00+05:30,23.8925,181.51,92.9375
2025-02-25 03:00:00+05:30,20.072499999999998,175.645,89.92750000000001
2025-02-25 04:00:00+05:30,19.7375,161.1225,82.49249999999999
2025-02-25 05:00:00+05:30,21.57,153.69,78.6925
2025-02-25 06:00:00+05:30,21.6525,145.605,74.55250000000001
2025-02-25 07:00:00+05:30,27.746666666666666,136.52666666666667,69.90333333333332
2025-02-25 08:00:00+05:30,39.855000000000004,138.035,70.67500000000001
2025-02-25 09:00:00+05:30,40.1475,133.7375,68.47
2025-02-25 10:00:00+05:30,49.432500000000005,136.7625,70.025
2025-02-25 11:00:00+05:30,51.207499999999996,133.1325,68.1675
2025-02-25 12:00:00+05:30,54.4875,127.16499999999999,65.1075
2025-02-25 13:00:00+05:30,60.03,137.01999999999998,70.15
2025-02-25 14:00:00+05:30,64.55,126.9925,65.015
2025-02-25 15:00:00+05:30,64.7,123.21,63.082499999999996
2025-02-25 16:00:00+05:30,65.315,128.115,65.595
2025-02-25 17:00:00+05:30,64.2075,144.6025,74.0325
2025-02-25 18:00:00+05:30,51.037499999999994,147.38,75.46000000000001
2025-02-25 19:00:00+05:30,40.3625,148.7825,76.175
2025-02-25 20:00:00+05:30,32.260000000000005,143.33499999999998,73.3925
2025-02-25 21:00:00+05:30,32.653333333333336,146.12333333333333,74.81333333333333
2025-02-25 22:00:00+05:30,28.103333333333335,146.97,75.25
2025-02-25 23:00:00+05:30,24.78333333333333,140.9,72.14
2025-02-26 00:00:00+05:30,24.29,142.69,73.06
2025-02-26 01:00:00+05:30,24.6275,140.29,71.825
2025-02-26 02:00:00+05:30,24.7675,137.785,70.545
2025-02-26 03:00:00+05:30,19.8925,133.2775,68.23750000000001
2025-02-26 04:00:00+05:30,20.105,117.86,60.34
2025-02-26 05:00:00+05:30,21.74333333333333,128.34666666666666,65.71666666666668
2025-02-26 06:00:00+05:30,21.6475,130.125,66.6225
2025-02-26 07:00:00+05:30,28.177500000000002,137.9925,70.655
2025-02-26 08:00:00+05:30,40.555,138.65,70.98750000000001
2025-02-26 09:00:00+05:30,40.2875,146.11,74.80749999999999
2025-02-26 10:00:00+05:30,50.955,137.9425,70.625
2025-02-26 11:00:00+05:30,50.385,133.14249999999998,68.16499999999999
2025-02-26 12:00:00+05:30,54.41,124.98249999999999,63.9875
2025-02-26 13:00:00+05:30,60.2175,139.1775,71.2575
2025-02-26 14:00:00+05:30,64.53,145.04,74.2625
2025-02-26 15:00:00+05:30,64.91499999999999,139.11,71.2225
2025-02-26 16:00:00+05:30,65.1625,131.6525,67.4
2025-02-26 17:00:00+05:30,64.50666666666667,138.81,71.07
2025-02-26 18:00:00+05:30,49.995000000000005,136.7975,70.0375
2025-02-26 19:00:00+05:30,40.13333333333333,146.7425,75.13749999999999
2025-02-26 20:00:00+05:30,31.907500000000002,150.9,77.2625
2025-02-26 21:00:00+05:30,31.847499999999997,168.6275,86.34
2025-02-26 22:00:00+05:30,27.825,194.6125,99.64250000000001
2025-02-26 23:00:00+05:30,25.060000000000002,233.43,119.52
2025-02-27 00:00:00+05:30,24.98,229.68,117.6
2025-02-27 01:00:00+05:30,23.9525,218.745,112.0
2025-02-27 02:00:00+05:30,23.7375,201.66500000000002,103.2525
2025-02-27 03:00:00+05:30,19.7375,190.96,97.77
2025-02-27 04:00:00+05:30,20.0925,179.2375,91.77000000000001
2025-02-27 05:00:00+05:30,21.5475,187.2425,95.86749999999999
2025-02-27 06:00:00+05:30,22.1925,189.6525,97.105
2025-02-27 07:00:00+05:30,27.765,187.55,96.025
2025-02-27 08:00:00+05:30,39.3975,193.735,99.1925
2025-02-27 09:00:00+05:30,39.825,186.2875,95.38
2025-02-27 10:00:00+05:30,49.22,176.985,90.6125
2025-02-27 11:00:00+05:30,49.59,179.5275,91.9175
2025-02-27 12:00:00+05:30,55.0225,163.74,83.83250000000001
2025-02-27 13:00:00+05:30,60.0,164.455,84.1975
2025-02-27 14:00:00+05:30,65.0925,154.3025,79.0075
2025-02-27 15:00:00+05:30,67.105,151.745,77.695
2025-02-27 16:00:00+05:30,64.35249999999999,153.39749999999998,78.54249999999999
2025-02-27 17:00:00+05:30,64.6675,150.2325,76.91499999999999
2025-02-27 18:00:00+05:30,51.0675,146.2675,74.89
2025-02-27 19:00:00+05:30,40.615,146.2875,74.9025
2025-02-27 20:00:00+05:30,32.197500000000005,169.5275,86.7975
2025-02-27 21:00:00+05:30,32.11,144.35,73.91
2025-02-27 22:00:00+05:30,28.28,144.87,74.17
2025-02-27 23:00:00+05:30,25.043333333333333,137.59,70.44
2025-02-28 00:00:00+05:30,24.25,122.55,62.74
2025-02-28 01:00:00+05:30,23.94333333333333,119.51333333333332,61.19
2025-02-28 02:00:00+05:30,23.68,116.855,59.8275
2025-02-28 03:00:00+05:30,19.5925,106.31750000000001,54.435
2025-02-28 04:00:00+05:30,19.9175,107.15,54.865
2025-02-28 05:00:00+05:30,22.1425,110.6375,56.65
2025-02-28 06:00:00+05:30,22.3125,125.41499999999999,64.215
2025-02-28 07:00:00+05:30,27.615000000000002,128.6375,65.8575
2025-02-28 08:00:00+05:30,39.6425,110.89999999999999,56.7825
2025-02-28 09:00:00+05:30,39.96,102.10333333333334,52.28
2025-02-28 10:00:00+05:30,50.343333333333334,91.32666666666667,46.75666666666667
2025-02-28 11:00:00+05:30,50.62,76.85,39.349999999999994
2025-02-28 12:00:00+05:30,55.3775,78.18,40.027499999999996
2025-02-28 13:00:00+05:30,60.56,84.17750000000001,43.1025
2025-02-28 14:00:00+05:30,65.08,80.565,41.25
2025-02-28 15:00:00+05:30,65.0775,78.3825,40.135000000000005
2025-02-28 16:00:00+05:30,64.41,88.16250000000001,45.1425
2025-02-28 17:00:00+05:30,65.1525,91.485,46.8375
2025-02-28 18:00:00+05:30,50.0025,93.68,47.96
2025-02-28 19:00:00+05:30,39.754999999999995,99.56,50.977500000000006
2025-02-28 20:00:00+05:30,32.21,107.045,54.81
2025-02-28 21:00:00+05:30,31.8325,114.77,58.787499999999994
2025-02-28 22:00:00+05:30,27.895,97.50999999999999,49.925
2025-02-28 23:00:00+05:30,25.13,98.89,50.63
2025-03-01 00:00:00+05:30,24.99,87.83,44.95
2025-03-01 01:00:00+05:30,24.015,84.6575,43.34
2025-03-01 02:00:00+05:30,23.315,74.66749999999999,38.2325
2025-03-01 03:00:00+05:30,20.145,72.215,36.974999999999994
2025-03-01 04:00:00+05:30,19.9025,57.397499999999994,29.385
2025-03-01 05:00:00+05:30,22.5125,56.915,29.137500000000003
2025-03-01 06:00:00+05:30,22.15,53.3725,27.330000000000002
2025-03-01 07:00:00+05:30,28.14,61.72,31.600000000000005
2025-03-01 08:00:00+05:30,40.23,54.6,27.95
2025-03-01 09:00:00+05:30,39.792500000000004,62.315000000000005,31.9025
2025-03-01 10:00:00+05:30,49.2275,63.8225,32.68
2025-03-01 11:00:00+05:30,49.9425,73.0475,37.4025
2025-03-01 12:00:00+05:30,54.6225,68.185,34.9075
2025-03-01 13:00:00+05:30,60.3575,74.2975,38.04
2025-03-01 14:00:00+05:30,64.1625,75.6125,38.715
2025-03-01 15:00:00+05:30,65.38,70.725,36.2125
2025-03-01 16:00:00+05:30,65.375,72.16999999999999,36.955
2025-03-01 17:00:00+05:30,64.775,63.7225,32.6225
2025-03-01 18:00:00+05:30,49.5375,66.125,33.8425
2025-03-01 19:00:00+05:30,39.8675,57.86,29.62
2025-03-01 20:00:00+05:30,32.3075,67.72,34.67
2025-03-01 21:00:00+05:30,31.6675,77.245,39.5475
2025-03-01 22:00:00+05:30,27.560000000000002,76.275,39.04
2025-03-01 23:00:00+05:30,25.12,68.93,35.29
2025-03-02 00:00:00+05:30,24.19,61.71,31.6
2025-03-02 01:00:00+05:30,23.73,64.03999999999999,32.785
2025-03-02 02:00:00+05:30,23.9075,63.24,32.379999999999995
2025-03-02 03:00:00+05:30,20.0425,49.205,25.189999999999998
2025-03-02 04:00:00+05:30,19.822499999999998,52.307500000000005,26.7825
2025-03-02 05:00:00+05:30,22.0225,52.0375,26.645
2025-03-02 06:00:00+05:30,21.807499999999997,53.6575,27.474999999999998
2025-03-02 07:00:00+05:30,27.86,49.72,25.456666666666667
2025-03-02 08:00:00+05:30,40.0975,58.1275,29.765
2025-03-02 09:00:00+05:30,40.230000000000004,60.6175,31.035
2025-03-02 10:00:00+05:30,50.0025,64.695,33.1225
2025-03-02 11:00:00+05:30,50.0325,67.91,34.7725
2025-03-02 12:00:00+05:30,54.894999999999996,65.14,33.352500000000006
2025-03-02 13:00:00+05:30,59.7675,69.6175,35.6425
2025-03-02 14:00:00+05:30,65.0775,74.8575,38.3275
2025-03-02 15:00:00+05:30,65.7575,73.2175,37.485
2025-03-02 16:00:00+05:30,65.49333333333334,73.61,37.69
2025-03-02 17:00:00+05:30,65.14999999999999,66.75666666666666,34.17666666666667
2025-03-02 18:00:00+05:30,50.175,67.9875,34.8125
2025-03-02 19:00:00+05:30,39.79,64.945,33.255
2025-03-02 20:00:00+05:30,32.28,58.593333333333334,30.0
2025-03-02 21:00:00+05:30,32.355,63.735,32.6225
2025-03-02 22:00:00+05:30,27.53,56.35,28.843333333333334
2025-03-02 23:00:00+05:30,25.366666666666664,50.81,26.02
2025-03-03 00:00:00+05:30,25.04,46.19,23.65
2025-03-03 01:00:00+05:30,24.32,46.8625,23.99
2025-03-03 02:00:00+05:30,24.27,42.97,22.002499999999998
2025-03-03 03:00:00+05:30,19.85,37.472500000000004,19.185000000000002
2025-03-03 04:00:00+05:30,19.88,42.1025,21.555
2025-03-03 05:00:00+05:30,21.766666666666666,49.4,25.296666666666667
2025-03-03 06:00:00+05:30,22.48,65.59,33.582499999999996
2025-03-03 07:00:00+05:30,28.3525,66.2125,33.9025
2025-03-03 08:00:00+05:30,39.875,66.8125,34.209999999999994
2025-03-03 09:00:00+05:30,40.03,52.7175,26.99
2025-03-03 10:00:00+05:30,50.815,52.629999999999995,26.950000000000003
2025-03-03 11:00:00+05:30,50.295,52.9,27.08
2025-03-03 12:00:00+05:30,55.405,57.48,29.427500000000002
2025-03-03 13:00:00+05:30,59.28333333333333,50.82333333333333,26.02333333333333
2025-03-03 14:00:00+05:30,0.87,46.85,23.99
2025-03-03 16:00:00+05:30,32.21,55.74666666666667,28.536666666666665
2025-03-03 17:00:00+05:30,52.0425,61.2625,31.3675
2025-03-03 18:00:00+05:30,47.792500000000004,67.705,34.662499999999994
2025-03-03 19:00:00+05:30,61.849999999999994,73.33749999999999,37.550000000000004
2025-03-03 20:00:00+05:30,57.650000000000006,69.2775,35.47
2025-03-03 21:00:00+05:30,41.6025,69.81,35.7425
2025-03-03 22:00:00+05:30,13.9025,70.63,36.1575
2025-03-03 23:00:00+05:30,11.106666666666667,63.72,32.62
2025-03-04 00:00:00+05:30,17.77,51.27,26.25
2025-03-04 01:00:00+05:30,10.285,44.515,22.79
2025-03-04 02:00:00+05:30,11.895,40.165000000000006,20.56
2025-03-04 03:00:00+05:30,12.594999999999999,35.5875,18.22
2025-03-04 04:00:00+05:30,12.615,38.7975,19.86
2025-03-04 05:00:00+05:30,16.69,40.8475,20.9125
2025-03-04 06:00:00+05:30,14.0075,40.585,20.779999999999998
2025-03-04 07:00:00+05:30,13.5275,42.38,21.7
2025-03-04 08:00:00+05:30,13.6775,35.7,18.2775
2025-03-04 09:00:00+05:30,16.416666666666668,37.04,18.97
2025-03-04 10:00:00+05:30,15.3825,38.955,19.9475
2025-03-04 11:00:00+05:30,24.195,42.215,21.615000000000002
2025-03-04 12:00:00+05:30,16.105,47.8575,24.5
2025-03-04 13:00:00+05:30,17.1575,37.9625,19.4375
2025-03-04 14:00:00+05:30,13.4825,39.5375,20.240000000000002
2025-03-04 15:00:00+05:30,13.965,43.1825,22.107499999999998
2025-03-04 16:00:00+05:30,17.07,41.8125,21.405
2025-03-04 17:00:00+05:30,29.582500000000003,38.2675,19.5975
2025-03-04 18:00:00+05:30,88.7725,49.737500000000004,25.4625
2025-03-04 19:00:00+05:30,53.01,67.095,34.3525
2025-03-04 20:00:00+05:30,41.489999999999995,68.5625,35.1025
2025-03-04 21:00:00+05:30,35.129999999999995,62.14,31.8125
2025-03-04 22:00:00+05:30,32.965,66.94,34.2725
2025-03-04 23:00:00+05:30,28.473333333333333,68.04,34.84
2025-03-05 00:00:00+05:30,15.24,63.21,32.36
2025-03-05 01:00:00+05:30,16.03,50.4025,25.807499999999997
2025-03-05 02:00:00+05:30,15.8125,53.525,27.4075
2025-03-05 03:00:00+05:30,15.7275,42.364999999999995,21.692500000000003
2025-03-05 04:00:00+05:30,14.7725,41.349999999999994,21.174999999999997
2025-03-05 05:00:00+05:30,16.6925,38.745,19.84
2025-03-05 06:00:00+05:30,14.66,32.71,16.747500000000002
2025-03-05 07:00:00+05:30,20.315,38.692499999999995,19.814999999999998
2025-03-05 08:00:00+05:30,18.5975,48.0925,24.6275
2025-03-05 09:00:00+05:30,16.544999999999998,41.63,21.3125
2025-03-05 10:00:00+05:30,13.855,38.72,19.8225
2025-03-05 11:00:00+05:30,18.3225,39.795,20.3775
2025-03-05 12:00:00+05:30,14.83,38.912499999999994,19.9225
2025-03-05 13:00:00+05:30,13.440000000000001,32.205,16.4875
2025-03-05 14:00:00+05:30,10.75,30.0975,15.415
2025-03-05 15:00:00+05:30,11.415,34.7625,17.802500000000002
2025-03-05 16:00:00+05:30,11.7475,39.385000000000005,20.165
2025-03-05 17:00:00+05:30,36.6925,33.207499999999996,16.997500000000002
2025-03-05 18:00:00+05:30,37.6625,42.387499999999996,21.7025
2025-03-05 19:00:00+05:30,108.21,39.9,20.43
2025-03-05 20:00:00+05:30,87.15,46.51,23.81
2025-03-05 21:00:00+05:30,63.057500000000005,41.052499999999995,21.0225
2025-03-05 22:00:00+05:30,40.5075,46.05,23.5775
2025-03-05 23:00:00+05:30,34.22,50.04999999999999,25.63
2025-03-06 00:00:00+05:30,16.13,49.2,25.19
2025-03-06 01:00:00+05:30,20.3825,40.925,20.950000000000003
2025-03-06 02:00:00+05:30,23.275,45.86,23.48
2025-03-06 03:00:00+05:30,15.2025,37.6475,19.275
2025-03-06 04:00:00+05:30,13.3375,39.155,20.05
2025-03-06 05:00:00+05:30,12.94,31.49,16.12333333333333
2025-03-06 06:00:00+05:30,12.99,34.4925,17.66
2025-03-06 07:00:00+05:30,12.965,29.78,15.2475
2025-03-06 08:00:00+05:30,12.6425,30.424999999999997,15.58
2025-03-06 09:00:00+05:30,13.5425,26.42,13.532499999999999
2025-03-06 10:00:00+05:30,12.576666666666668,30.543333333333333,15.636666666666668
2025-03-06 11:00:00+05:30,18.576666666666664,27.27,13.96
2025-03-06 12:00:00+05:30,10.58,24.39,12.49
2025-03-06 13:00:00+05:30,11.285,24.9575,12.7775
2025-03-06 14:00:00+05:30,10.865,33.019999999999996,16.9025
2025-03-06 15:00:00+05:30,10.6725,28.494999999999997,14.592500000000001
2025-03-06 16:00:00+05:30,11.205,29.3525,15.0275
2025-03-06 17:00:00+05:30,12.825,34.325,17.575000000000003
2025-03-06 18:00:00+05:30,27.887500000000003,29.712500000000002,15.22
2025-03-06 19:00:00+05:30,34.81,37.3275,19.1075
2025-03-06 20:00:00+05:30,51.5275,46.3175,23.7125
2025-03-06 21:00:00+05:30,53.985,39.65,20.3
2025-03-06 22:00:00+05:30,34.75,40.9475,20.965
2025-03-06 23:00:00+05:30,31.52,45.91,23.51
2025-03-07 00:00:00+05:30,31.6,52.56,26.96
2025-03-07 01:00:00+05:30,23.53333333333333,59.803333333333335,30.62
2025-03-07 02:00:00+05:30,26.395,51.945,26.59
2025-03-07 03:00:00+05:30,24.85,55.8225,28.5775
2025-03-07 04:00:00+05:30,22.1575,48.6575,24.91
2025-03-07 05:00:00+05:30,29.703333333333333,41.47,21.233333333333334
2025-03-07 06:00:00+05:30,30.455,43.115,22.072499999999998
2025-03-07 07:00:00+05:30,32.905,50.635000000000005,25.924999999999997
2025-03-07 08:00:00+05:30,30.67,56.135,28.735
2025-03-07 09:00:00+05:30,24.3525,70.19749999999999,35.9425
2025-03-07 10:00:00+05:30,21.73,48.942499999999995,25.06
2025-03-07 11:00:00+05:30,23.2725,45.900000000000006,23.5
2025-03-07 12:00:00+05:30,16.7125,34.8775,17.8525
2025-03-07 13:00:00+05:30,12.7025,32.81,16.795
2025-03-07 14:00:00+05:30,10.615,29.2175,14.962499999999999
2025-03-07 15:00:00+05:30,11.41,25.955,13.285
2025-03-07 16:00:00+05:30,23.4525,31.8925,16.33
2025-03-07 17:00:00+05:30,33.7775,30.35,15.54
2025-03-07 18:00:00+05:30,133.1925,16.5,8.45
2025-03-07 19:00:00+05:30,76.4525,363.14,190.10250000000002
2025-03-07 20:00:00+05:30,29.7775,304.65,161.10000000000002
2025-03-07 21:00:00+05:30,17.62,264.5525,140.57
2025-03-07 22:00:00+05:30,14.225,205.53500000000003,110.355
2025-03-07 23:00:00+05:30,12.614999999999998,177.14499999999998,95.82
2025-03-08 00:00:00+05:30,18.54,165.31,89.76
2025-03-08 01:00:00+05:30,16.73,167.885,91.0775
2025-03-08 02:00:00+05:30,14.1325,157.07,85.5425
2025-03-08 03:00:00+05:30,18.9525,166.17000000000002,90.2025
2025-03-08 04:00:00+05:30,13.8925,169.8075,92.0575
2025-03-08 05:00:00+05:30,12.3575,175.36,94.9075
2025-03-08 06:00:00+05:30,14.285,159.7375,86.885
2025-03-08 07:00:00+05:30,12.3175,167.8375,91.05250000000001
2025-03-08 08:00:00+05:30,10.7975,160.70499999999998,87.39750000000001
2025-03-08 09:00:00+05:30,10.2925,147.69,80.7375
2025-03-08 10:00:00+05:30,11.184999999999999,149.13,81.4775
2025-03-08 11:00:00+05:30,10.0525,151.89249999999998,82.8925
2025-03-08 12:00:00+05:30,9.6925,144.49,79.1075
2025-03-08 13:00:00+05:30,8.5375,144.675,79.1925
2025-03-08 14:00:00+05:30,9.2775,141.60250000000002,77.62
2025-03-08 15:00:00+05:30,8.676666666666668,136.36333333333332,74.93666666666667
2025-03-08 16:00:00+05:30,12.4225,134.0475,73.755
2025-03-08 17:00:00+05:30,12.7475,126.7775,70.0325
2025-03-08 18:00:00+05:30,10.16,128.2475,70.785
2025-03-08 19:00:00+05:30,10.416666666666666,130.02333333333334,71.69333333333334
2025-03-08 20:00:00+05:30,9.6,117.8175,65.4425
2025-03-08 21:00:00+05:30,8.7925,119.0325,66.065
2025-03-08 22:00:00+05:30,8.415,120.43,66.7825
2025-03-08 23:00:00+05:30,8.546666666666667,107.13333333333333,59.97
2025-03-09 00:00:00+05:30,7.74,109.94,61.41
2025-03-09 01:00:00+05:30,8.175,108.77499999999999,60.8125
2025-03-09 02:00:00+05:30,9.12,100.6025,56.629999999999995
2025-03-09 03:00:00+05:30,14.4,107.2175,60.0175
2025-03-09 04:00:00+05:30,19.1425,111.305,62.105000000000004
2025-03-09 05:00:00+05:30,19.1175,111.39750000000001,62.152499999999996
2025-03-09 06:00:00+05:30,16.6675,123.9225,68.5725
2025-03-09 07:00:00+05:30,12.77,132.8625,73.1325
2025-03-09 08:00:00+05:30,10.455,139.7975,76.695
2025-03-09 09:00:00+05:30,8.8325,128.04500000000002,70.675
2025-03-09 10:00:00+05:30,8.8225,110.32000000000001,61.605
2025-03-09 11:00:00+05:30,9.0475,109.22749999999999,61.045
2025-03-09 12:00:00+05:30,8.453333333333333,118.3,65.69
2025-03-09 13:00:00+05:30,7.6425,117.125,65.0925
2025-03-09 14:00:00+05:30,7.0024999999999995,116.815,64.92750000000001
2025-03-09 15:00:00+05:30,7.0275,119.3575,66.235
2025-03-09 16:00:00+05:30,9.0875,111.905,62.417500000000004
2025-03-09 17:00:00+05:30,16.395,103.95,58.345
2025-03-09 18:00:00+05:30,29.439999999999998,113.30499999999999,63.13249999999999
2025-03-09 19:00:00+05:30,14.006666666666666,133.43666666666664,73.44
2025-03-09 20:00:00+05:30,9.615,136.5675,75.0425
2025-03-09 21:00:00+05:30,8.209999999999999,128.4475,70.885
2025-03-09 22:00:00+05:30,7.8525,123.3775,68.28999999999999
2025-03-09 23:00:00+05:30,7.916666666666667,119.39333333333333,66.25333333333333
2025-03-10 00:00:00+05:30,13.91,116.64,64.84
2025-03-10 01:00:00+05:30,11.4775,114.405,63.695
2025-03-10 02:00:00+05:30,9.6075,117.3975,65.22999999999999
2025-03-10 03:00:00+05:30,8.305,125.715,69.4875
2025-03-10 04:00:00+05:30,16.58,117.75666666666666,65.41333333333334
2025-03-10 05:00:00+05:30,19.045,117.935,65.4975
2025-03-10 06:00:00+05:30,24.575,127.81,70.56
2025-03-10 07:00:00+05:30,17.5625,148.715,81.26
2025-03-10 08:00:00+05:30,18.6,151.5375,82.71000000000001
2025-03-10 09:00:00+05:30,21.525,154.9375,84.4475
2025-03-10 10:00:00+05:30,19.3125,163.3725,88.765
2025-03-10 11:00:00+05:30,19.42,173.435,93.91749999999999
2025-03-10 12:00:00+05:30,13.6325,151.965,82.9275
2025-03-10 13:00:00+05:30,13.445,164.285,89.2325
2025-03-10 14:00:00+05:30,9.255,127.04750000000001,70.16499999999999
2025-03-10 15:00:00+05:30,10.7475,128.01,70.6625
2025-03-10 16:00:00+05:30,8.9275,117.05000000000001,65.0475
2025-03-10 17:00:00+05:30,15.6,115.765,64.39
2025-03-10 18:00:00+05:30,23.0675,125.5225,69.39
2025-03-10 19:00:00+05:30,20.875,122.1,67.6325
2025-03-10 20:00:00+05:30,20.2825,123.1025,68.14500000000001
2025-03-10 21:00:00+05:30,19.366666666666667,127.14,70.21666666666667
2025-03-10 22:00:00+05:30,13.05,125.77,69.51
2025-03-10 23:00:00+05:30,13.236666666666666,122.67333333333333,67.93
2025-03-11 00:00:00+05:30,13.2,120.24,66.68
2025-03-11 01:00:00+05:30,14.315,114.6025,63.792500000000004
2025-03-11 02:00:00+05:30,18.175,115.13250000000001,64.065
2025-03-11 03:00:00+05:30,14.625,117.94749999999999,65.51
2025-03-11 04:00:00+05:30,10.2075,117.845,65.45750000000001
2025-03-11 05:00:00+05:30,9.4025,115.84,64.42750000000001
2025-03-11 06:00:00+05:30,10.07,106.85249999999999,59.825
2025-03-11 07:00:00+05:30,10.2875,113.8625,63.417500000000004
2025-03-11 08:00:00+05:30,9.6475,115.3425,64.17999999999999
2025-03-11 09:00:00+05:30,9.5,106.82666666666667,59.81333333333333
2025-03-11 10:00:00+05:30,9.6375,103.3575,58.04
2025-03-11 11:00:00+05:30,9.065,102.83250000000001,57.769999999999996
2025-03-11 12:00:00+05:30,8.993333333333334,105.58,59.18
2025-03-11 13:00:00+05:30,8.1525,84.155,48.2075
2025-03-11 14:00:00+05:30,6.119999999999999,74.6075,42.0375
2025-03-11 15:00:00+05:30,8.4625,103.13499999999999,57.9225
2025-03-11 16:00:00+05:30,11.835,103.8375,58.285
2025-03-11 17:00:00+05:30,11.905000000000001,106.8075,59.805
2025-03-11 18:00:00+05:30,11.32,104.46999999999998,58.61333333333334
2025-03-11 19:00:00+05:30,11.193333333333333,108.63,60.74
2025-03-11 20:00:00+05:30,11.005,100.37,56.515
2025-03-11 21:00:00+05:30,10.950000000000001,103.16666666666667,57.94333333333333
2025-03-11 22:00:00+05:30,9.78,112.03,62.475
2025-03-11 23:00:00+05:30,10.956666666666669,105.83666666666666,59.31
2025-03-12 00:00:00+05:30,11.49,108.11,60.47
2025-03-12 01:00:00+05:30,7.6175,85.035,47.38
2025-03-12 02:00:00+05:30,8.515,100.7325,56.692499999999995
2025-03-12 03:00:00+05:30,8.545,101.475,57.074999999999996
2025-03-12 04:00:00+05:30,8.377500000000001,89.86333333333334,51.13333333333333
2025-03-12 05:00:00+05:30,8.0175,86.64,49.4775
2025-03-12 06:00:00+05:30,7.8375,84.4075,48.3325
2025-03-12 07:00:00+05:30,9.19,95.42,53.9725
2025-03-12 08:00:00+05:30,9.593333333333334,94.41333333333334,53.46333333333333
2025-03-12 09:00:00+05:30,12.7975,96.6,54.582499999999996
2025-03-12 10:00:00+05:30,17.2925,110.63499999999999,61.765
2025-03-12 11:00:00+05:30,17.205000000000002,135.9725,74.74
2025-03-12 12:00:00+05:30,14.29,133.79749999999999,73.6225
2025-03-12 13:00:00+05:30,11.55,128.845,71.08500000000001
2025-03-12 14:00:00+05:30,11.43,126.6275,69.95500000000001
2025-03-12 15:00:00+05:30,10.315,132.4975,72.96
2025-03-12 16:00:00+05:30,12.2725,132.82,73.12
2025-03-12 17:00:00+05:30,13.7725,142.48250000000002,78.07249999999999
2025-03-12 18:00:00+05:30,11.545,150.475,82.1575
2025-03-12 19:00:00+05:30,10.3675,153.315,83.62
2025-03-12 20:00:00+05:30,9.69,125.335,69.29249999999999
2025-03-12 21:00:00+05:30,9.166666666666666,115.51666666666667,64.26666666666667
2025-03-12 22:00:00+05:30,8.17,101.88,57.28
2025-03-12 23:00:00+05:30,7.8566666666666665,90.96666666666665,51.693333333333335
2025-03-13 00:00:00+05:30,7.03,80.05,46.11
2025-03-13 01:00:00+05:30,7.075,82.06750000000001,47.135
2025-03-13 02:00:00+05:30,7.0,71.0875,41.5175
2025-03-13 03:00:00+05:30,6.9425,72.69749999999999,42.3375
2025-03-13 04:00:00+05:30,6.23,63.480000000000004,37.625
2025-03-13 05:00:00+05:30,6.9175,63.78666666666667,37.78
2025-03-13 06:00:00+05:30,8.05,59.4725,35.565
2025-03-13 07:00:00+05:30,10.19,77.7375,44.9225
2025-03-13 08:00:00+05:30,10.1625,80.55000000000001,46.36
2025-03-13 09:00:00+05:30,11.6,85.80250000000001,49.0525
2025-03-13 10:00:00+05:30,16.9925,97.7125,55.15
2025-03-13 11:00:00+05:30,16.84,130.00333333333333,71.68333333333334
2025-03-13 12:00:00+05:30,15.68,129.33,71.34
2025-03-13 13:00:00+05:30,14.350000000000001,128.9325,71.13250000000001
2025-03-13 14:00:00+05:30,14.1425,133.2,73.3175
2025-03-13 15:00:00+05:30,11.0625,122.66,67.9175
2025-03-13 16:00:00+05:30,11.559999999999999,121.1125,67.1275
2025-03-13 17:00:00+05:30,13.0375,134.5575,74.015
2025-03-13 18:00:00+05:30,13.22,154.16,84.05250000000001
2025-03-13 19:00:00+05:30,10.96,164.2,89.1925
2025-03-13 20:00:00+05:30,9.219999999999999,143.72666666666666,78.70333333333333
2025-03-13 21:00:00+05:30,7.952500000000001,109.6575,61.315
2025-03-13 22:00:00+05:30,7.15,101.8825,57.29
2025-03-13 23:00:00+05:30,7.623333333333334,93.82333333333332,53.16
2025-03-14 00:00:00+05:30,8.56,84.21,48.23
2025-03-14 01:00:00+05:30,8.245,90.385,51.394999999999996
2025-03-14 02:00:00+05:30,7.68,85.52000000000001,48.9075
2025-03-14 03:00:00+05:30,6.4825,98.7175,55.665
2025-03-14 04:00:00+05:30,6.2825,81.67250000000001,46.9375
2025-03-14 05:00:00+05:30,7.3475,84.14750000000001,48.2025
2025-03-14 06:00:00+05:30,7.265000000000001,86.435,49.379999999999995
2025-03-14 07:00:00+05:30,6.115,85.9075,49.1075
2025-03-14 08:00:00+05:30,5.705,87.405,49.875
2025-03-14 09:00:00+05:30,6.1375,83.9475,48.1025
2025-03-14 10:00:00+05:30,6.5975,90.655,51.535
2025-03-14 11:00:00+05:30,6.7625,98.0475,55.32
2025-03-14 12:00:00+05:30,7.2725,103.43249999999999,58.0775
2025-03-14 13:00:00+05:30,7.140000000000001,101.58,57.129999999999995
2025-03-14 14:00:00+05:30,7.0925,109.3375,61.1025
2025-03-14 15:00:00+05:30,6.9825,111.485,62.2
2025-03-14 16:00:00+05:30,7.23,117.67999999999999,65.375
2025-03-14 17:00:00+05:30,7.585,110.965,61.9325
2025-03-14 18:00:00+05:30,14.53,120.135,66.6275
2025-03-14 19:00:00+05:30,11.265,124.58,68.9075
2025-03-14 20:00:00+05:30,8.1075,130.66250000000002,72.0225
2025-03-14 21:00:00+05:30,7.4775,119.245,66.17500000000001
2025-03-14 22:00:00+05:30,6.4475,111.83749999999999,62.3825
2025-03-14 23:00:00+05:30,5.28,103.42999999999999,58.07333333333333
2025-03-15 00:00:00+05:30,5.05,89.16,50.77
2025-03-15 01:00:00+05:30,5.0125,87.095,49.71
2025-03-15 02:00:00+05:30,5.7675,76.9775,44.535
2025-03-15 03:00:00+05:30,5.172499999999999,78.74000000000001,45.435
2025-03-15 04:00:00+05:30,4.9174999999999995,76.20750000000001,44.1375
2025-03-15 05:00:00+05:30,5.2075,67.7825,39.825
2025-03-15 06:00:00+05:30,6.07,57.0425,34.325
2025-03-15 07:00:00+05:30,6.3725000000000005,64.21000000000001,37.9975
2025-03-15 08:00:00+05:30,5.755,63.8925,37.8325
2025-03-15 09:00:00+05:30,6.715,67.96,39.9125
2025-03-15 10:00:00+05:30,8.66,69.1075,40.5025
2025-03-15 11:00:00+05:30,9.5,94.64,53.574999999999996
2025-03-15 12:00:00+05:30,9.34,99.57499999999999,56.1
2025-03-15 13:00:00+05:30,8.5975,97.4025,54.9875
2025-03-15 14:00:00+05:30,9.205,105.44500000000001,59.1075
2025-03-15 15:00:00+05:30,9.12,134.22250000000003,73.8425
2025-03-15 16:00:00+05:30,11.6875,124.2725,68.7475
2025-03-15 17:00:00+05:30,16.23,119.6975,66.4025
2025-03-15 18:00:00+05:30,16.43,115.27250000000001,64.14
2025-03-15 19:00:00+05:30,12.1,124.06666666666666,68.64
2025-03-15 20:00:00+05:30,7.84,104.5275,58.6375
2025-03-15 21:00:00+05:30,6.783333333333334,92.03000000000002,52.24
2025-03-15 22:00:00+05:30,5.577500000000001,88.2525,50.305
2025-03-15 23:00:00+05:30,5.359999999999999,86.44666666666666,49.38333333333333
2025-03-16 00:00:00+05:30,6.35,74.51,43.27
2025-03-16 01:00:00+05:30,6.8975,75.0125,43.525
2025-03-16 02:00:00+05:30,8.453333333333333,68.67333333333333,40.28666666666667
2025-03-16 03:00:00+05:30,7.6825,69.07000000000001,40.485
2025-03-16 04:00:00+05:30,5.15,67.5325,39.6975
2025-03-16 05:00:00+05:30,5.395,62.675,37.214999999999996
2025-03-16 06:00:00+05:30,5.68,58.3175,34.9775
2025-03-16 07:00:00+05:30,6.445,62.475,37.105
2025-03-16 08:00:00+05:30,6.885,66.405,39.122499999999995
2025-03-16 09:00:00+05:30,7.095000000000001,63.23,37.495
2025-03-16 10:00:00+05:30,12.1075,57.6025,34.615
2025-03-16 11:00:00+05:30,10.33,75.125,43.5825
2025-03-16 12:00:00+05:30,10.2675,76.8875,44.4875
2025-03-16 13:00:00+05:30,10.219999999999999,78.03,45.07
2025-03-16 14:00:00+05:30,8.8275,103.9775,58.352500000000006
2025-03-16 15:00:00+05:30,7.4725,116.72,64.8775
2025-03-16 16:00:00+05:30,8.35,108.7925,60.8275
2025-03-16 17:00:00+05:30,9.875,94.7925,53.655
2025-03-16 18:00:00+05:30,15.075,93.405,52.94
2025-03-16 19:00:00+05:30,12.2975,89.1725,50.777499999999996
2025-03-16 20:00:00+05:30,16.4175,86.9875,49.6575
2025-03-16 21:00:00+05:30,13.6875,83.9425,48.095
2025-03-16 22:00:00+05:30,13.98,76.855,44.4675
2025-03-16 23:00:00+05:30,25.406666666666666,76.89666666666666,44.49333333333333
2025-03-17 00:00:00+05:30,22.34,101.95,57.32
2025-03-17 01:00:00+05:30,20.96,115.3925,64.19749999999999
2025-03-17 02:00:00+05:30,21.1475,108.0225,60.43
2025-03-17 03:00:00+05:30,12.545,126.0225,69.6425
2025-03-17 04:00:00+05:30,8.8825,115.01,64.0025
2025-03-17 05:00:00+05:30,17.040000000000003,99.86666666666667,56.25
2025-03-17 06:00:00+05:30,16.69,110.6,61.74
2025-03-17 07:00:00+05:30,11.756666666666666,113.00999999999999,62.98333333333333
2025-03-17 08:00:00+05:30,8.76,106.42,59.61
2025-03-17 09:00:00+05:30,7.8275,96.38,54.4675
2025-03-17 10:00:00+05:30,9.48,77.5775,44.84
2025-03-17 11:00:00+05:30,10.2225,78.4825,45.305
2025-03-17 12:00:00+05:30,11.1575,81.2125,46.697500000000005
2025-03-17 13:00:00+05:30,11.573333333333332,81.96,47.09
2025-03-17 14:00:00+05:30,10.665,79.6775,45.915
2025-03-17 15:00:00+05:30,10.405000000000001,67.0,39.4225
2025-03-17 16:00:00+05:30,10.065,32.4875,21.755000000000003
2025-03-17 17:00:00+05:30,28.3975,117.89,65.47749999999999
2025-03-17 18:00:00+05:30,12.7025,109.42500000000001,61.15
2025-03-17 19:00:00+05:30,10.7925,156.7775,85.3875
2025-03-17 20:00:00+05:30,7.6375,384.08000000000004,201.76500000000001
2025-03-17 21:00:00+05:30,7.4425,72.7,42.3425
2025-03-17 22:00:00+05:30,8.59,54.9525,33.2525
2025-03-17 23:00:00+05:30,7.816666666666666,62.60999999999999,37.18
2025-03-18 00:00:00+05:30,8.04,50.58,31.02
2025-03-18 01:00:00+05:30,9.2225,55.885,33.735
2025-03-18 02:00:00+05:30,8.442499999999999,62.835,37.29
2025-03-18 03:00:00+05:30,9.21,72.33,42.155
2025-03-18 04:00:00+05:30,7.8125,72.53750000000001,42.26
2025-03-18 05:00:00+05:30,8.43,85.7,48.9975
2025-03-18 06:00:00+05:30,22.3625,94.47,53.4875
2025-03-18 07:00:00+05:30,16.89,101.07249999999999,56.8675
2025-03-18 08:00:00+05:30,14.502500000000001,104.2375,58.49
2025-03-18 09:00:00+05:30,15.6875,112.315,62.63
2025-03-18 10:00:00+05:30,19.9125,111.9475,62.435
2025-03-18 11:00:00+05:30,21.63,159.72250000000003,86.9
2025-03-18 12:00:00+05:30,19.975,159.61499999999998,86.8425
2025-03-18 13:00:00+05:30,34.9,139.29250000000002,76.44
2025-03-18 14:00:00+05:30,77.6525,104.2675,58.505
2025-03-18 15:00:00+05:30,56.94,105.11000000000001,58.94
2025-03-18 16:00:00+05:30,18.965,109.47,61.17
2025-03-18 17:00:00+05:30,30.676666666666666,114.89333333333333,63.949999999999996
2025-03-18 18:00:00+05:30,48.435,129.9375,71.64500000000001
2025-03-18 19:00:00+05:30,54.24666666666667,152.02,82.96
2025-03-18 20:00:00+05:30,45.4825,162.10500000000002,88.1175
2025-03-18 21:00:00+05:30,40.545,161.4475,87.78
2025-03-18 22:00:00+05:30,14.335,155.5425,84.755
2025-03-18 23:00:00+05:30,11.893333333333333,154.52,84.24
2025-03-19 00:00:00+05:30,10.33,173.05,93.72
2025-03-19 01:00:00+05:30,11.6925,195.345,105.1325
2025-03-19 02:00:00+05:30,9.875,161.9,88.00999999999999
2025-03-19 03:00:00+05:30,13.942499999999999,136.475,74.9975
2025-03-19 04:00:00+05:30,19.07,127.7525,70.5325
2025-03-19 05:00:00+05:30,19.38,139.24333333333334,76.33
2025-03-19 06:00:00+05:30,35.1525,142.985,78.3275
2025-03-19 07:00:00+05:30,28.052500000000002,150.9725,82.4175
2025-03-19 08:00:00+05:30,20.830000000000002,154.9425,84.455
2025-03-19 09:00:00+05:30,17.6725,158.9225,86.485
2025-03-19 10:00:00+05:30,20.1925,158.34,86.19
2025-03-19 11:00:00+05:30,25.2,111.06,61.98333333333333
2025-03-19 12:00:00+05:30,15.79,199.82,107.43
2025-03-19 13:00:00+05:30,14.0075,188.825,101.80000000000001
2025-03-19 14:00:00+05:30,12.5125,179.3125,96.93
2025-03-19 15:00:00+05:30,13.504999999999999,180.93,97.76
2025-03-19 16:00:00+05:30,13.9675,157.4425,85.735
2025-03-19 17:00:00+05:30,17.065,153.815,83.875
2025-03-19 18:00:00+05:30,9.2575,152.0725,82.985
2025-03-19 19:00:00+05:30,9.11,136.95666666666668,72.2475
2025-03-19 20:00:00+05:30,7.57,109.0025,60.9275
2025-03-19 21:00:00+05:30,7.286666666666666,98.74333333333334,55.67333333333334
2025-03-19 22:00:00+05:30,7.6575,81.4675,46.83
2025-03-19 23:00:00+05:30,7.206666666666667,72.63000000000001,42.306666666666665
2025-03-20 00:00:00+05:30,6.41,58.36,35.0
2025-03-20 01:00:00+05:30,6.5925,52.35,31.9225
2025-03-20 02:00:00+05:30,7.23,45.975,28.66
2025-03-20 03:00:00+05:30,9.5725,45.71,28.525
2025-03-20 04:00:00+05:30,7.2525,41.815,26.53
2025-03-20 05:00:00+05:30,6.170000000000001,37.51666666666667,24.33
2025-03-20 06:00:00+05:30,5.9725,40.535,25.875
2025-03-20 07:00:00+05:30,5.725,40.665,25.94
2025-03-20 08:00:00+05:30,5.76,39.3625,25.2725
2025-03-20 09:00:00+05:30,6.035,40.82,26.0225
2025-03-20 10:00:00+05:30,6.7425,41.095,26.1625
2025-03-20 11:00:00+05:30,11.083333333333334,44.99666666666667,28.156666666666666
2025-03-20 12:00:00+05:30,13.8,88.59,50.48
2025-03-20 13:00:00+05:30,14.229999999999999,87.80666666666667,50.080000000000005
2025-03-20 14:00:00+05:30,14.58,96.08,54.315
2025-03-20 15:00:00+05:30,16.8,107.22,60.0175
2025-03-20 16:00:00+05:30,29.677500000000002,123.9175,68.565
2025-03-20 17:00:00+05:30,23.025000000000002,134.8275,74.1525
2025-03-20 18:00:00+05:30,37.6425,130.1075,71.7375
2025-03-20 19:00:00+05:30,40.64,133.92666666666668,73.69333333333334
2025-03-20 20:00:00+05:30,37.64,122.75,67.97
2025-03-20 21:00:00+05:30,24.27,121.61,67.38666666666667
2025-03-20 22:00:00+05:30,14.2575,117.63,65.345
2025-03-20 23:00:00+05:30,15.356666666666667,113.52,63.23666666666666
2025-03-21 00:00:00+05:30,9.7,107.96,60.39
2025-03-21 01:00:00+05:30,8.4175,108.0675,60.45
2025-03-21 02:00:00+05:30,8.35,104.1575,58.4475
2025-03-21 03:00:00+05:30,9.69,98.9675,55.7875
2025-03-21 04:00:00+05:30,11.8025,100.8775,56.77
2025-03-21 05:00:00+05:30,11.89,104.43333333333332,58.593333333333334
2025-03-21 06:00:00+05:30,19.6225,106.375,59.5875
2025-03-21 07:00:00+05:30,31.105,119.38749999999999,66.2475
2025-03-21 08:00:00+05:30,45.0425,136.19,74.8475
2025-03-21 09:00:00+05:30,36.245000000000005,148.21,81.0025
2025-03-21 10:00:00+05:30,38.67,155.9825,84.985
2025-03-21 11:00:00+05:30,36.8775,51.47,31.475
2025-03-21 12:00:00+05:30,35.2575,151.43,82.65
2025-03-21 13:00:00+05:30,22.486666666666668,136.47,74.99000000000001
2025-03-21 14:00:00+05:30,16.4025,127.7125,70.5125
2025-03-21 15:00:00+05:30,15.605,113.08500000000001,63.0175
2025-03-21 16:00:00+05:30,19.479999999999997,96.40000000000002,54.48
2025-03-21 17:00:00+05:30,19.6675,95.315,53.925
2025-03-21 18:00:00+05:30,16.6625,91.5925,52.0175
2025-03-21 19:00:00+05:30,15.65,85.8125,49.0575
2025-03-21 20:00:00+05:30,12.559999999999999,95.08500000000001,53.8
2025-03-21 21:00:00+05:30,9.833333333333334,80.15666666666667,46.16
2025-03-21 22:00:00+05:30,12.17,66.56,39.205
2025-03-21 23:00:00+05:30,13.219999999999999,65.29333333333334,38.553333333333335
2025-03-22 00:00:00+05:30,8.45,64.64,38.22
2025-03-22 01:00:00+05:30,9.015,62.9225,37.335
2025-03-22 02:00:00+05:30,7.2875,57.67,34.647499999999994
2025-03-22 03:00:00+05:30,8.375,62.584999999999994,37.1525
2025-03-22 04:00:00+05:30,9.4175,90.565,51.44
2025-03-22 05:00:00+05:30,8.49,81.0675,46.595
2025-03-22 06:00:00+05:30,8.6625,69.705,40.81
2025-03-22 07:00:00+05:30,13.4,64.5025,38.145
2025-03-22 08:00:00+05:30,12.86,78.4725,45.325
2025-03-22 09:00:00+05:30,10.870000000000001,71.5075,41.735
2025-03-22 10:00:00+05:30,10.615,63.6225,37.6925
2025-03-22 11:00:00+05:30,9.3225,62.765,37.26
2025-03-22 12:00:00+05:30,9.7575,70.25,41.07
2025-03-22 13:00:00+05:30,12.7075,62.57,37.155
2025-03-22 14:00:00+05:30,11.9575,55.737500000000004,33.647499999999994
2025-03-22 15:00:00+05:30,11.0475,54.675,33.112500000000004
2025-03-22 16:00:00+05:30,9.260000000000002,53.985,32.76
2025-03-22 17:00:00+05:30,8.6075,45.019999999999996,28.17
2025-03-22 18:00:00+05:30,10.56,47.449999999999996,29.4075
2025-03-22 19:00:00+05:30,11.8,45.0025,28.165
2025-03-22 20:00:00+05:30,13.0725,48.605000000000004,30.005
2025-03-22 21:00:00+05:30,19.945,66.4275,39.13
2025-03-22 22:00:00+05:30,20.86,94.14500000000001,53.32
2025-03-22 23:00:00+05:30,16.946666666666665,97.75999999999999,55.173333333333325
2025-03-23 00:00:00+05:30,17.32,97.17,54.87
2025-03-23 01:00:00+05:30,17.6925,100.4675,56.557500000000005
2025-03-23 02:00:00+05:30,24.070000000000004,115.86,64.44
2025-03-23 03:00:00+05:30,19.6075,123.22999999999999,68.1975
2025-03-23 04:00:00+05:30,16.775,133.0575,73.24249999999999
2025-03-23 05:00:00+05:30,14.205,127.825,70.57000000000001
2025-03-23 06:00:00+05:30,13.345,125.64,69.445
2025-03-23 07:00:00+05:30,12.5375,120.03,66.585
2025-03-23 08:00:00+05:30,12.855,110.72,61.8075
2025-03-23 09:00:00+05:30,14.065,105.70750000000001,59.2425
2025-03-23 10:00:00+05:30,13.434999999999999,97.1725,54.8725
2025-03-23 11:00:00+05:30,17.78,83.36,47.79999999999999
2025-03-23 12:00:00+05:30,18.4225,87.73,50.04
2025-03-23 13:00:00+05:30,14.5125,87.9725,50.165
2025-03-23 14:00:00+05:30,15.755,92.135,52.292500000000004
2025-03-23 15:00:00+05:30,15.24,90.35249999999999,51.3825
2025-03-23 16:00:00+05:30,14.0025,91.68,52.07
2025-03-23 17:00:00+05:30,36.7225,90.89999999999999,51.665
2025-03-23 18:00:00+05:30,26.220000000000002,102.17,57.4325
2025-03-23 19:00:00+05:30,22.655,99.7075,56.175
2025-03-23 20:00:00+05:30,32.68,96.91499999999999,54.7375
2025-03-23 21:00:00+05:30,32.973333333333336,104.44333333333333,58.576666666666675
2025-03-23 22:00:00+05:30,36.8925,107.80499999999999,60.317499999999995
2025-03-23 23:00:00+05:30,35.653333333333336,111.46999999999998,62.19
2025-03-24 00:00:00+05:30,18.33,155.36,84.66
2025-03-24 01:00:00+05:30,18.46,144.2575,78.96000000000001
2025-03-24 02:00:00+05:30,22.2375,146.325,80.0425
2025-03-24 03:00:00+05:30,21.575,163.9875,89.115
2025-03-24 04:00:00+05:30,18.095,192.01999999999998,103.44
2025-03-24 05:00:00+05:30,19.3625,191.9025,103.3775
2025-03-24 06:00:00+05:30,20.09,178.64,96.58
2025-03-24 07:00:00+05:30,19.565,186.77249999999998,100.7675
2025-03-24 08:00:00+05:30,21.0725,188.235,101.5
2025-03-24 09:00:00+05:30,22.166666666666668,174.67999999999998,94.58999999999999
2025-03-24 10:00:00+05:30,17.42,155.66,84.82
2025-03-24 11:00:00+05:30,18.5275,138.625,76.095
2025-03-24 12:00:00+05:30,16.97,134.3775,73.91749999999999
2025-03-24 13:00:00+05:30,17.1625,131.58499999999998,72.4975
2025-03-24 14:00:00+05:30,16.205,129.77,71.56
2025-03-24 15:00:00+05:30,15.120000000000001,127.77000000000001,70.535
2025-03-24 16:00:00+05:30,22.2875,119.575,66.3375
2025-03-24 17:00:00+05:30,35.60333333333333,119.68,66.4
2025-03-24 18:00:00+05:30,100.055,122.57000000000001,67.88499999999999
2025-03-24 19:00:00+05:30,130.7525,151.565,82.7175
2025-03-24 20:00:00+05:30,99.655,198.5225,106.835
2025-03-24 21:00:00+05:30,96.065,210.51999999999998,112.905
2025-03-24 22:00:00+05:30,85.36749999999999,226.5,121.0625
2025-03-24 23:00:00+05:30,55.550000000000004,241.06333333333336,128.54333333333332
2025-03-25 00:00:00+05:30,36.08,251.82,134.05
2025-03-25 01:00:00+05:30,28.403333333333336,225.21666666666667,120.43333333333334
2025-03-25 02:00:00+05:30,22.37,172.62,93.5
2025-03-25 03:00:00+05:30,21.3975,146.11249999999998,79.97749999999999
2025-03-25 04:00:00+05:30,21.596666666666664,120.23666666666668,66.67666666666666
2025-03-25 05:00:00+05:30,20.5225,107.2375,60.0225
2025-03-25 06:00:00+05:30,21.3575,98.1725,55.370000000000005
2025-03-25 07:00:00+05:30,20.46,107.47,60.14
2025-03-25 08:00:00+05:30,19.7975,119.32000000000001,66.215
2025-03-25 09:00:00+05:30,22.7925,122.86500000000001,68.025
2025-03-25 10:00:00+05:30,29.645000000000003,122.755,67.97
2025-03-25 11:00:00+05:30,0.0,0.0,0.0
2025-03-25 12:00:00+05:30,0.0,0.0,0.0
2025-03-25 13:00:00+05:30,0.0,0.0,0.0
2025-03-25 14:00:00+05:30,0.0,0.0,0.0
2025-03-25 15:00:00+05:30,0.0,0.0,0.0
2025-03-25 16:00:00+05:30,0.0,0.0,0.0
2025-03-25 17:00:00+05:30,0.0,0.0,0.0
2025-03-25 18:00:00+05:30,0.0,0.0,0.0
2025-03-25 19:00:00+05:30,0.0,0.0,0.0
2025-03-25 20:00:00+05:30,0.0,0.0,0.0
2025-03-25 21:00:00+05:30,0.0,0.0,0.0
2025-03-25 22:00:00+05:30,0.0,0.0,0.0
2025-03-25 23:00:00+05:30,0.0,0.0,0.0
2025-03-26 00:00:00+05:30,21.64,140.48,77.05
2025-03-26 01:00:00+05:30,15.8275,132.45749999999998,72.9375
2025-03-26 02:00:00+05:30,15.575,112.745,62.839999999999996
2025-03-26 03:00:00+05:30,14.205,116.55,64.79499999999999
2025-03-26 04:00:00+05:30,13.6775,113.8275,63.3975
2025-03-26 05:00:00+05:30,12.8025,107.29666666666667,60.05666666666667
2025-03-26 06:00:00+05:30,11.647499999999999,96.1925,54.375
2025-03-26 07:00:00+05:30,12.23,92.845,52.6575
2025-03-26 08:00:00+05:30,11.9325,94.3475,53.4225
2025-03-26 09:00:00+05:30,10.035,82.605,47.4175
2025-03-26 10:00:00+05:30,9.01,79.5975,46.2775
2025-03-26 11:00:00+05:30,10.64,83.16999999999999,47.7025
2025-03-26 12:00:00+05:30,8.42,91.97333333333334,52.21333333333333
2025-03-26 13:00:00+05:30,7.99,81.2325,46.7125
2025-03-26 14:00:00+05:30,8.6175,87.51,49.925
2025-03-26 15:00:00+05:30,9.993333333333332,89.06,50.71666666666666
2025-03-26 16:00:00+05:30,8.696666666666667,92.98333333333333,52.73
2025-03-26 17:00:00+05:30,11.423333333333332,87.87,50.10999999999999
2025-03-26 18:00:00+05:30,19.7225,88.75,50.56
2025-03-26 19:00:00+05:30,17.555,92.62,52.54
2025-03-26 20:00:00+05:30,10.3875,138.46499999999997,76.0125
2025-03-26 21:00:00+05:30,8.879999999999999,113.6975,63.33
2025-03-26 22:00:00+05:30,9.4675,93.6575,53.07
2025-03-26 23:00:00+05:30,8.346666666666666,81.95,47.080000000000005
2025-03-27 00:00:00+05:30,7.63,64.17,37.98
2025-03-27 01:00:00+05:30,8.8275,76.3375,44.207499999999996
2025-03-27 02:00:00+05:30,9.215,72.1675,42.065
2025-03-27 03:00:00+05:30,9.015,74.7025,43.3725
2025-03-27 04:00:00+05:30,8.31,81.755,46.980000000000004
2025-03-27 05:00:00+05:30,8.253333333333332,76.98,44.53
2025-03-27 06:00:00+05:30,9.22,76.67,44.37
2025-03-27 07:00:00+05:30,14.346666666666666,77.04,44.56333333333333
2025-03-27 08:00:00+05:30,11.865,88.565,50.465
2025-03-27 09:00:00+05:30,12.955,96.01750000000001,54.277499999999996
2025-03-27 10:00:00+05:30,15.21,100.46,56.56
2025-03-27 11:00:00+05:30,30.909999999999997,58.48,35.065
2025-03-27 12:00:00+05:30,15.342500000000001,104.27250000000001,58.3125
2025-03-27 13:00:00+05:30,12.39,134.055,73.75750000000001
2025-03-27 14:00:00+05:30,12.1525,116.615,64.8275
2025-03-27 15:00:00+05:30,13.19,115.975,64.5
2025-03-27 16:00:00+05:30,13.375,124.91,69.075
2025-03-27 17:00:00+05:30,41.35,132.57,73.0
2025-03-27 18:00:00+05:30,35.41,135.845,74.675
2025-03-27 19:00:00+05:30,18.244999999999997,134.91,74.2
2025-03-27 20:00:00+05:30,28.0975,131.635,72.5175
2025-03-27 21:00:00+05:30,31.43,124.75,68.99000000000001
2025-03-27 22:00:00+05:30,20.726666666666667,126.11,69.69
2025-03-27 23:00:00+05:30,16.143333333333334,121.41333333333334,67.29666666666667
2025-03-28 00:00:00+05:30,12.8,120.6,66.87
2025-03-28 01:00:00+05:30,12.2825,110.06,61.475
2025-03-28 02:00:00+05:30,10.805,101.225,56.945
2025-03-28 03:00:00+05:30,12.05,99.595,56.114999999999995
2025-03-28 04:00:00+05:30,10.1125,103.4925,58.11
2025-03-28 05:00:00+05:30,9.925,103.52000000000001,58.1225
2025-03-28 06:00:00+05:30,12.91,102.685,57.692499999999995
2025-03-28 07:00:00+05:30,10.93,108.905,60.8775
2025-03-28 08:00:00+05:30,13.469999999999999,115.0475,64.025
2025-03-28 09:00:00+05:30,15.063333333333333,116.76666666666667,64.90666666666667
2025-03-28 10:00:00+05:30,15.765,121.595,67.3775
2025-03-28 11:00:00+05:30,16.105,131.065,72.225
2025-03-28 12:00:00+05:30,13.9175,141.36,77.4975
2025-03-28 13:00:00+05:30,12.29,138.2525,75.9075
2025-03-28 14:00:00+05:30,10.377500000000001,131.07999999999998,72.2375
2025-03-28 15:00:00+05:30,10.9875,119.0175,66.05499999999999
2025-03-28 16:00:00+05:30,13.32,112.195,62.56
2025-03-28 17:00:00+05:30,19.645,119.34,66.22
2025-03-28 18:00:00+05:30,16.9975,129.16250000000002,71.25
2025-03-28 19:00:00+05:30,16.66333333333333,142.96666666666667,78.29666666666667
2025-03-28 20:00:00+05:30,11.239999999999998,147.7825,80.785
2025-03-28 21:00:00+05:30,11.515,140.9375,77.28
2025-03-28 22:00:00+05:30,17.6875,398.1175,208.955
2025-03-28 23:00:00+05:30,17.143333333333334,276.68666666666667,146.78333333333333
2025-03-29 00:00:00+05:30,13.29,150.02,81.93
2025-03-29 01:00:00+05:30,11.456666666666669,132.28666666666666,72.85333333333334
2025-03-29 02:00:00+05:30,9.74,51.6725,31.580000000000002
2025-03-29 03:00:00+05:30,10.17,78.74,45.435
2025-03-29 04:00:00+05:30,10.01,107.48,60.152499999999996
2025-03-29 05:00:00+05:30,9.1975,98.06,55.33
2025-03-29 06:00:00+05:30,13.6625,84.5575,48.4125
2025-03-29 07:00:00+05:30,13.92,93.9825,53.239999999999995
2025-03-29 08:00:00+05:30,27.145,121.5275,67.345
2025-03-29 09:00:00+05:30,28.4475,157.875,85.9525
2025-03-29 10:00:00+05:30,21.59,173.9875,94.205
2025-03-29 11:00:00+05:30,19.555,172.375,93.38
2025-03-29 12:00:00+05:30,21.82,203.7875,109.46
2025-03-29 13:00:00+05:30,23.73,213.2625,114.3075
2025-03-29 14:00:00+05:30,19.2875,208.2625,111.7475
2025-03-29 15:00:00+05:30,17.62,196.92000000000002,105.945
2025-03-29 16:00:00+05:30,42.6525,193.0525,103.96249999999999
2025-03-29 17:00:00+05:30,79.85249999999999,218.8625,117.1775
2025-03-29 18:00:00+05:30,137.6375,290.22,153.71249999999998
2025-03-29 19:00:00+05:30,62.11,356.8975,187.85
2025-03-29 20:00:00+05:30,11.49,303.09000000000003,160.3025
2025-03-29 21:00:00+05:30,9.62,198.67000000000002,106.84
2025-03-29 22:00:00+05:30,8.1825,131.87,72.6375
2025-03-29 23:00:00+05:30,7.260000000000001,105.53333333333335,59.156666666666666
2025-03-30 00:00:00+05:30,8.38,95.81,54.17
2025-03-30 01:00:00+05:30,11.6275,92.5375,52.5
2025-03-30 02:00:00+05:30,11.63,97.08,54.8225
2025-03-30 03:00:00+05:30,10.24,90.60249999999999,51.504999999999995
2025-03-30 04:00:00+05:30,9.835,88.975,50.675
2025-03-30 05:00:00+05:30,9.195,88.445,50.405
2025-03-30 06:00:00+05:30,8.1275,96.4675,54.5125
2025-03-30 07:00:00+05:30,10.92,91.9975,52.225
2025-03-30 08:00:00+05:30,13.05,97.2975,54.9375
2025-03-30 09:00:00+05:30,12.3075,108.6725,60.760000000000005
2025-03-30 10:00:00+05:30,16.24,111.3925,62.150000000000006
2025-03-30 11:00:00+05:30,9.96,115.025,64.00999999999999
2025-03-30 12:00:00+05:30,8.3725,123.46000000000001,68.3325
2025-03-30 13:00:00+05:30,9.365,128.6825,71.00750000000001
2025-03-30 14:00:00+05:30,9.57,125.89750000000001,69.58
2025-03-30 15:00:00+05:30,6.9350000000000005,122.12,67.6425
2025-03-30 16:00:00+05:30,7.922499999999999,119.6,66.35
2025-03-30 17:00:00+05:30,14.33,125.02,69.11
2025-03-30 18:00:00+05:30,9.45,124.69500000000001,68.965
2025-03-30 19:00:00+05:30,8.386666666666667,120.60000000000001,66.86999999999999
2025-03-30 20:00:00+05:30,8.015,121.095,67.1225
2025-03-30 21:00:00+05:30,7.516666666666667,117.61333333333334,65.34
2025-03-30 22:00:00+05:30,7.35,106.965,59.9025
2025-03-30 23:00:00+05:30,7.57,103.05333333333333,57.88666666666666
2025-03-31 00:00:00+05:30,6.72,87.91,50.13
2025-03-31 01:00:00+05:30,6.5675,92.485,52.475
2025-03-31 02:00:00+05:30,6.73,87.50999999999999,49.92666666666667
2025-03-31 03:00:00+05:30,6.995,87.1675,49.7525
2025-03-31 04:00:00+05:30,7.0325,92.6325,52.5475
2025-03-31 05:00:00+05:30,7.5,88.7175,50.542500000000004
2025-03-31 06:00:00+05:30,7.077500000000001,82.8025,47.515
2025-03-31 07:00:00+05:30,6.45,83.085,47.66
2025-03-31 08:00:00+05:30,6.305,88.5625,50.465
2025-03-31 09:00:00+05:30,7.109999999999999,94.1125,53.305
2025-03-31 10:00:00+05:30,6.855,96.565,54.5575
2025-03-31 11:00:00+05:30,6.886666666666667,98.67666666666666,55.64333333333334
2025-03-31 12:00:00+05:30,10.29,108.795,60.825
2025-03-31 13:00:00+05:30,10.1525,116.4925,64.7625
2025-03-31 14:00:00+05:30,12.0625,118.295,65.685
2025-03-31 15:00:00+05:30,9.7475,114.42,63.699999999999996
2025-03-31 16:00:00+05:30,8.573333333333332,111.46,62.18333333333334
2025-03-31 17:00:00+05:30,8.655000000000001,112.25750000000001,62.5975
2025-03-31 18:00:00+05:30,8.8625,108.805,60.83
2025-03-31 19:00:00+05:30,8.469999999999999,105.945,59.3625
2025-03-31 20:00:00+05:30,8.31,102.0125,57.3475
2025-03-31 21:00:00+05:30,7.63,96.8575,54.7175
2025-03-31 22:00:00+05:30,7.5525,93.1225,52.8
2025-03-31 23:00:00+05:30,7.41,90.19,51.3
2025-04-01 00:00:00+05:30,5.87,91.47,51.95
2025-04-01 01:00:00+05:30,5.9433333333333325,87.40333333333332,49.870000000000005
2025-04-01 02:00:00+05:30,7.85,80.17,46.17
2025-04-01 03:00:00+05:30,7.855,79.3125,45.730000000000004
2025-04-01 04:00:00+05:30,6.49,81.9875,47.1
2025-04-01 05:00:00+05:30,6.8149999999999995,82.4325,47.325
2025-04-01 06:00:00+05:30,7.78,76.335,44.2025
2025-04-01 07:00:00+05:30,7.295,70.7975,41.37
2025-04-01 08:00:00+05:30,6.725,71.405,41.682500000000005
2025-04-01 09:00:00+05:30,6.9225,80.8675,46.5225
2025-04-01 10:00:00+05:30,7.42,83.4275,47.835
2025-04-01 11:00:00+05:30,9.216666666666667,82.63,47.42666666666667
2025-04-01 12:00:00+05:30,9.9125,89.485,50.935
2025-04-01 13:00:00+05:30,9.385,96.7075,54.6325
2025-04-01 14:00:00+05:30,8.79,103.44500000000001,58.082499999999996
2025-04-01 15:00:00+05:30,7.43,103.775,58.25
2025-04-01 20:00:00+05:30,6.82,85.71,49.0
2025-04-01 21:00:00+05:30,9.583333333333334,78.24333333333334,45.153333333333336
2025-04-01 22:00:00+05:30,7.2275,74.97,43.504999999999995
2025-04-01 23:00:00+05:30,6.406666666666666,73.63,42.81999999999999
2025-04-02 00:00:00+05:30,6.01,80.61,46.39
2025-04-02 01:00:00+05:30,6.1725,76.66749999999999,44.375
2025-04-02 02:00:00+05:30,6.755,69.07249999999999,40.4875
2025-04-02 03:00:00+05:30,6.0525,64.8975,38.35
2025-04-02 04:00:00+05:30,5.93,68.11,39.99
2025-04-02 05:00:00+05:30,6.745,63.4675,37.612500000000004
2025-04-02 06:00:00+05:30,7.7825,59.93,35.805
2025-04-02 07:00:00+05:30,8.09,62.769999999999996,37.81666666666666
2025-04-02 08:00:00+05:30,7.9625,69.825,40.8675
2025-04-02 09:00:00+05:30,8.1175,69.72749999999999,40.82
2025-04-02 10:00:00+05:30,8.43,63.925000000000004,37.8475
2025-04-02 11:00:00+05:30,7.76,61.947500000000005,36.835
2025-04-02 12:00:00+05:30,9.885,75.265,43.655
2025-04-02 13:00:00+05:30,9.785,63.455,37.6075
2025-04-02 14:00:00+05:30,10.4875,82.49,47.355
2025-04-02 15:00:00+05:30,11.377500000000001,90.83250000000001,51.625
2025-04-02 16:00:00+05:30,7.325,87.935,50.145
2025-04-02 17:00:00+05:30,10.6025,77.3975,44.75
2025-04-02 18:00:00+05:30,14.2225,45.065,28.195
2025-04-02 19:00:00+05:30,15.8625,78.5325,45.3325
2025-04-02 20:00:00+05:30,9.372499999999999,92.7675,52.620000000000005
2025-04-02 21:00:00+05:30,14.7125,82.65,47.44
2025-04-02 22:00:00+05:30,15.905000000000001,72.2125,42.095
2025-04-02 23:00:00+05:30,22.27,67.25333333333333,39.553333333333335
2025-04-03 00:00:00+05:30,22.32,73.43,42.72
2025-04-03 01:00:00+05:30,13.9725,68.625,40.2575
2025-04-03 02:00:00+05:30,14.0725,67.765,39.817499999999995
2025-04-03 03:00:00+05:30,14.76,72.4625,42.22
2025-04-03 04:00:00+05:30,14.674999999999999,66.755,39.2975
2025-04-03 05:00:00+05:30,17.0125,64.2425,38.0125
2025-04-03 06:00:00+05:30,18.4825,68.0025,39.9425
2025-04-03 07:00:00+05:30,15.74,70.77250000000001,41.3575
2025-04-03 08:00:00+05:30,20.7975,68.82249999999999,40.3625
2025-04-03 09:00:00+05:30,29.74,74.11,43.0625
2025-04-03 10:00:00+05:30,19.7725,76.555,44.317499999999995
2025-04-03 11:00:00+05:30,14.596666666666666,76.92,44.50333333333333
2025-04-03 12:00:00+05:30,20.7825,80.365,46.265
2025-04-03 13:00:00+05:30,25.060000000000002,86.8325,49.5775
2025-04-03 14:00:00+05:30,24.7075,90.27,51.3375
2025-04-03 15:00:00+05:30,21.3575,103.5325,58.155
2025-04-03 16:00:00+05:30,12.31,106.2,59.5
2025-04-03 17:00:00+05:30,27.4525,99.155,55.8875
2025-04-03 18:00:00+05:30,15.135000000000002,85.7775,49.0375
2025-04-03 19:00:00+05:30,25.0025,74.6425,43.3375
2025-04-03 20:00:00+05:30,17.79,71.7575,41.86
2025-04-03 21:00:00+05:30,20.44333333333333,73.42333333333333,42.71666666666667
2025-04-03 22:00:00+05:30,13.305,80.63499999999999,46.405
2025-04-03 23:00:00+05:30,15.0,84.75666666666666,48.51333333333334
2025-04-04 00:00:00+05:30,14.93,76.86,44.47
2025-04-04 01:00:00+05:30,11.1225,74.8575,43.4525
2025-04-04 02:00:00+05:30,9.875,69.0575,40.477500000000006
2025-04-04 03:00:00+05:30,11.0225,63.985,37.88
2025-04-04 04:00:00+05:30,13.4825,56.3675,33.995000000000005
2025-04-04 05:00:00+05:30,14.1,58.07,34.865
2025-04-04 06:00:00+05:30,17.85,56.352500000000006,33.9725
2025-04-04 07:00:00+05:30,22.27,66.2175,39.025
2025-04-04 08:00:00+05:30,29.495,74.295,43.1625
2025-04-04 09:00:00+05:30,49.06,76.72749999999999,44.405
2025-04-04 10:00:00+05:30,73.6775,81.2825,46.7375
2025-04-04 11:00:00+05:30,59.519999999999996,96.15,54.35
2025-04-04 12:00:00+05:30,34.8175,109.385,61.125
2025-04-04 13:00:00+05:30,32.980000000000004,117.7675,65.415
2025-04-04 14:00:00+05:30,27.8125,119.2875,66.1975
2025-04-04 15:00:00+05:30,31.975,121.0425,67.0925
2025-04-04 16:00:00+05:30,30.163333333333338,131.83333333333334,72.62
2025-04-04 17:00:00+05:30,51.3525,137.21249999999998,75.375
2025-04-04 18:00:00+05:30,83.615,140.1375,76.8725
2025-04-04 19:00:00+05:30,86.1075,145.895,79.82
2025-04-04 20:00:00+05:30,38.95666666666667,156.53,85.26666666666667
2025-04-04 21:00:00+05:30,32.315,153.8125,83.855
2025-04-04 22:00:00+05:30,22.1675,140.615,77.135
2025-04-04 23:00:00+05:30,19.52333333333333,137.785,75.66333333333334
2025-04-05 00:00:00+05:30,28.07,119.06,66.08
2025-04-05 01:00:00+05:30,21.8425,115.00999999999999,64.005
2025-04-05 02:00:00+05:30,15.62,103.275,57.9775
2025-04-05 03:00:00+05:30,16.48,94.82249999999999,53.67
2025-04-05 04:00:00+05:30,20.2575,93.2325,52.8525
2025-04-05 05:00:00+05:30,17.59,88.215,50.285
2025-04-05 06:00:00+05:30,22.21,83.35499999999999,47.795
2025-04-05 07:00:00+05:30,16.596666666666668,81.42,46.80666666666667
2025-04-05 08:00:00+05:30,19.62,81.28999999999999,46.74
2025-04-05 09:00:00+05:30,34.165,80.3775,46.277499999999996
2025-04-05 10:00:00+05:30,25.0425,83.94999999999999,48.099999999999994
2025-04-05 11:00:00+05:30,18.365,90.98249999999999,51.7
2025-04-05 12:00:00+05:30,17.255,97.545,55.065
2025-04-05 13:00:00+05:30,20.029999999999998,103.25333333333333,57.98666666666666
2025-04-05 14:00:00+05:30,22.9775,95.445,53.985
2025-04-05 15:00:00+05:30,20.505,94.18,53.3375
2025-04-05 16:00:00+05:30,24.365000000000002,100.42750000000001,56.54
2025-04-05 17:00:00+05:30,72.595,107.5125,60.165
2025-04-05 18:00:00+05:30,23.2425,116.7025,64.8675
2025-04-05 19:00:00+05:30,21.80666666666667,121.24333333333334,67.19333333333333
2025-04-05 20:00:00+05:30,20.1775,118.5775,65.83
2025-04-05 21:00:00+05:30,16.427500000000002,115.5225,64.2675
2025-04-05 22:00:00+05:30,15.8175,107.595,60.2075
2025-04-05 23:00:00+05:30,14.793333333333331,104.37,58.56
2025-04-06 00:00:00+05:30,13.7,83.7,47.97
2025-04-06 01:00:00+05:30,14.965,80.80499999999999,46.49
2025-04-06 02:00:00+05:30,17.16,78.76249999999999,45.445
2025-04-06 03:00:00+05:30,18.37,79.98333333333333,46.07
2025-04-06 04:00:00+05:30,20.79,77.7675,44.9375
2025-04-06 05:00:00+05:30,30.655,73.3775,42.69
2025-04-06 06:00:00+05:30,21.565,75.28,43.67
2025-04-06 07:00:00+05:30,17.35,78.8675,45.4975
2025-04-06 08:00:00+05:30,19.4725,75.5925,43.82
2025-04-06 09:00:00+05:30,18.34,72.4575,42.2175
2025-04-06 10:00:00+05:30,17.5975,74.245,43.1325
2025-04-06 11:00:00+05:30,20.345,80.9175,46.55
2025-04-06 12:00:00+05:30,24.79,89.72749999999999,51.06
2025-04-06 13:00:00+05:30,20.5475,94.6325,53.57
2025-04-06 14:00:00+05:30,13.772499999999999,90.48750000000001,51.449999999999996
2025-04-06 15:00:00+05:30,11.595,85.14500000000001,48.7125
2025-04-06 16:00:00+05:30,13.1075,87.61500000000001,49.9775
2025-04-06 17:00:00+05:30,14.5925,89.2475,50.817499999999995
2025-04-06 18:00:00+05:30,19.1175,84.0775,48.17
2025-04-06 19:00:00+05:30,17.485,74.6475,43.3425
2025-04-06 20:00:00+05:30,14.38,68.54666666666667,40.21333333333333
2025-04-06 21:00:00+05:30,16.47,63.3375,37.5475
2025-04-06 22:00:00+05:30,11.91,60.625,36.1575
2025-04-06 23:00:00+05:30,11.403333333333334,54.833333333333336,33.193333333333335
2025-04-07 00:00:00+05:30,15.45,52.1,31.79
2025-04-07 01:00:00+05:30,18.57,50.285,30.87
2025-04-07 02:00:00+05:30,24.536666666666665,45.57666666666666,28.453333333333333
2025-04-07 03:00:00+05:30,22.9975,43.785,27.54
2025-04-07 04:00:00+05:30,27.947499999999998,46.35,28.855
2025-04-07 05:00:00+05:30,20.423333333333332,47.98,29.689999999999998
2025-04-07 06:00:00+05:30,17.42,50.27,30.86
2025-04-07 07:00:00+05:30,14.23,52.3775,31.939999999999998
2025-04-07 08:00:00+05:30,19.825,55.3725,33.4725
2025-04-07 09:00:00+05:30,23.3875,59.379999999999995,35.525
2025-04-07 10:00:00+05:30,19.0425,56.83,34.2175
2025-04-07 11:00:00+05:30,16.1525,57.555,34.59
2025-04-07 12:00:00+05:30,14.0625,59.0525,35.3525
2025-04-07 13:00:00+05:30,16.232499999999998,59.005,35.33
2025-04-07 14:00:00+05:30,16.2725,58.45,35.0475
2025-04-07 15:00:00+05:30,17.37,60.79,36.252500000000005
2025-04-07 16:00:00+05:30,17.62333333333333,63.56333333333333,37.656666666666666
2025-04-07 17:00:00+05:30,15.23,63.32,37.54
2025-04-07 18:00:00+05:30,9.95,62.86,37.31
2025-04-07 19:00:00+05:30,25.229999999999997,39.68,21.483333333333334
2025-04-07 20:00:00+05:30,17.47,68.4725,40.277499999999996
2025-04-07 21:00:00+05:30,19.64,71.5075,41.7325
2025-04-07 22:00:00+05:30,19.31,62.1325,36.93
2025-04-07 23:00:00+05:30,19.883333333333333,61.85666666666666,36.79333333333333
2025-04-08 00:00:00+05:30,13.65,64.43,38.11
2025-04-08 01:00:00+05:30,13.826666666666666,51.74,31.606666666666666
2025-04-08 02:00:00+05:30,11.31,52.645,32.075
2025-04-08 03:00:00+05:30,11.120000000000001,48.31,29.855
2025-04-08 04:00:00+05:30,11.2375,47.177499999999995,29.275
2025-04-08 05:00:00+05:30,28.416666666666668,50.379999999999995,30.913333333333338
2025-04-08 06:00:00+05:30,31.4675,50.1825,30.815
2025-04-08 07:00:00+05:30,23.990000000000002,52.652499999999996,32.0775
2025-04-08 08:00:00+05:30,20.064999999999998,56.4,33.9975
2025-04-08 09:00:00+05:30,20.96,56.7475,34.1725
2025-04-08 10:00:00+05:30,23.0325,57.5775,34.5975
2025-04-08 11:00:00+05:30,18.985,64.935,38.370000000000005
2025-04-08 12:00:00+05:30,28.88,67.31666666666666,39.586666666666666
2025-04-08 13:00:00+05:30,21.93,64.555,38.175
2025-04-08 14:00:00+05:30,25.58,61.57,36.64
2025-04-08 15:00:00+05:30,17.805,62.855000000000004,37.3
2025-04-08 16:00:00+05:30,14.6025,56.545,34.07
2025-04-08 17:00:00+05:30,16.12,57.347500000000004,34.48
2025-04-08 18:00:00+05:30,17.23,56.89,34.247499999999995
2025-04-08 19:00:00+05:30,32.3575,56.28,33.9375
2025-04-08 20:00:00+05:30,18.142500000000002,64.84,38.335
2025-04-08 21:00:00+05:30,15.33,59.07,35.365
2025-04-08 22:00:00+05:30,14.1775,55.160000000000004,33.3625
2025-04-08 23:00:00+05:30,12.440000000000001,50.895,31.18
2025-04-11 20:00:00+05:30,19.486666666666668,58.33,34.985
2025-04-11 21:00:00+05:30,17.6475,49.74250000000001,30.59
2025-04-11 22:00:00+05:30,18.025,43.230000000000004,27.2475
2025-04-11 23:00:00+05:30,18.436666666666667,41.32333333333333,26.276666666666667
2025-04-12 00:00:00+05:30,13.9,42.72,26.99
2025-04-12 01:00:00+05:30,14.1475,38.152499999999996,24.6525
2025-04-12 02:00:00+05:30,16.515,37.1575,24.1425
2025-04-12 03:00:00+05:30,28.015,33.682500000000005,22.3575
2025-04-12 04:00:00+05:30,30.935000000000002,37.2475,24.1925
2025-04-12 05:00:00+05:30,32.57,37.54,24.3425
2025-04-12 06:00:00+05:30,19.883333333333336,40.73,25.97666666666667
2025-04-12 07:00:00+05:30,14.6275,39.2325,25.21
2025-04-12 08:00:00+05:30,16.4825,35.7325,23.415
2025-04-12 09:00:00+05:30,18.69,39.7675,25.4925
2025-04-12 10:00:00+05:30,26.805,44.5325,27.919999999999998
2025-04-12 11:00:00+05:30,57.057500000000005,59.285,35.4725
2025-04-12 12:00:00+05:30,18.057499999999997,68.6825,40.285
2025-04-12 13:00:00+05:30,16.2025,65.2525,38.5375
2025-04-12 14:00:00+05:30,186.88,64.91499999999999,38.355000000000004
2025-04-12 15:00:00+05:30,24.3525,72.3425,42.1725
2025-04-12 16:00:00+05:30,30.665,81.55,46.8725
2025-04-12 17:00:00+05:30,34.78,79.3525,45.7575
2025-04-12 18:00:00+05:30,31.9075,75.705,43.88
2025-04-12 19:00:00+05:30,54.4875,72.82249999999999,42.4075
2025-04-12 20:00:00+05:30,26.3375,72.8925,42.442499999999995
2025-04-12 21:00:00+05:30,26.497500000000002,63.8025,37.7875
2025-04-12 22:00:00+05:30,32.027499999999996,60.162499999999994,35.9225
2025-04-12 23:00:00+05:30,37.55,55.48,33.526666666666664
2025-04-13 00:00:00+05:30,22.55,51.44,31.46
2025-04-13 01:00:00+05:30,27.805,56.765,34.1975
2025-04-13 02:00:00+05:30,35.59,65.6675,38.745
2025-04-13 03:00:00+05:30,24.555,69.6075,40.76
2025-04-13 04:00:00+05:30,34.185,78.2375,45.1775
2025-04-13 05:00:00+05:30,51.475,79.88,46.0175
2025-04-13 06:00:00+05:30,46.91,96.745,54.655
2025-04-13 07:00:00+05:30,28.4625,101.4125,57.0475
2025-04-13 08:00:00+05:30,29.68,102.27250000000001,57.4875
2025-04-13 09:00:00+05:30,30.563333333333333,100.16666666666667,56.403333333333336
2025-04-13 10:00:00+05:30,42.177499999999995,95.4425,53.9875
2025-04-13 11:00:00+05:30,59.7475,89.6875,51.0325
2025-04-13 12:00:00+05:30,28.32,86.07,49.1875
2025-04-13 13:00:00+05:30,24.8,86.5675,49.445
2025-04-13 14:00:00+05:30,43.42,83.105,47.667500000000004
2025-04-13 15:00:00+05:30,22.689999999999998,81.97333333333334,47.09
2025-04-13 16:00:00+05:30,29.765,89.08250000000001,50.7325
2025-04-13 17:00:00+05:30,44.8575,85.5325,48.925
2025-04-13 18:00:00+05:30,84.8575,89.22999999999999,50.7925
2025-04-13 19:00:00+05:30,44.0975,96.345,54.4475
2025-04-13 20:00:00+05:30,41.7975,102.52,57.6
2025-04-13 21:00:00+05:30,35.335,98.2175,55.405
2025-04-13 22:00:00+05:30,20.88,86.345,49.3275
2025-04-13 23:00:00+05:30,17.45,88.59333333333332,50.48
2025-04-14 00:00:00+05:30,14.27,94.49,53.5
2025-04-14 01:00:00+05:30,13.1425,85.6925,48.995000000000005
2025-04-14 02:00:00+05:30,16.2275,79.7075,45.925
2025-04-14 03:00:00+05:30,24.34,77.1375,44.614999999999995
2025-04-14 04:00:00+05:30,29.595,77.77250000000001,44.942499999999995
2025-04-14 05:00:00+05:30,62.97666666666667,78.62,45.376666666666665
2025-04-14 06:00:00+05:30,53.26,76.91,44.5
2025-04-14 07:00:00+05:30,43.245000000000005,79.6225,45.8825
2025-04-14 08:00:00+05:30,39.09,90.91499999999999,51.67
2025-04-14 09:00:00+05:30,46.2825,105.5325,59.15
2025-04-14 10:00:00+05:30,34.0875,108.96,60.9075
2025-04-14 11:00:00+05:30,24.3575,105.77250000000001,59.2825
2025-04-14 12:00:00+05:30,22.8575,104.1875,58.4625
2025-04-15 03:00:00+05:30,12.305,62.36,37.05
2025-04-15 04:00:00+05:30,12.575000000000001,64.1575,37.97
2025-04-15 05:00:00+05:30,17.1675,69.3225,40.6125
2025-04-15 06:00:00+05:30,19.0825,67.6675,39.77
2025-04-15 07:00:00+05:30,22.106666666666666,70.99333333333334,41.46666666666667
2025-04-15 08:00:00+05:30,19.5975,79.4425,45.7825
2025-04-15 09:00:00+05:30,26.0975,84.4725,48.370000000000005
2025-04-15 10:00:00+05:30,31.9225,87.48,49.9125
2025-04-15 11:00:00+05:30,29.3275,87.7875,50.067499999999995
2025-04-15 12:00:00+05:30,16.015,87.62,49.98
2025-04-15 13:00:00+05:30,52.925,87.62,49.98
2025-04-15 14:00:00+05:30,48.6625,34.28,22.6725
2025-04-15 15:00:00+05:30,27.48,26.5075,18.6925
2025-04-15 16:00:00+05:30,26.5375,59.852500000000006,35.7625
2025-04-15 17:00:00+05:30,29.9025,68.4275,40.1575
2025-04-15 18:00:00+05:30,38.59,67.57,39.72
2025-04-16 09:00:00+05:30,18.5825,82.165,47.1875
2025-04-16 10:00:00+05:30,24.746666666666666,79.56666666666666,45.85
2025-04-16 11:00:00+05:30,18.963333333333335,77.44333333333333,44.77333333333333
2025-04-16 12:00:00+05:30,16.45,80.67,46.425
2025-04-16 13:00:00+05:30,12.196666666666667,78.25666666666666,45.18666666666667
2025-04-16 14:00:00+05:30,14.995,72.14,42.06
2025-04-16 15:00:00+05:30,15.645,73.0375,42.5175
2025-04-16 16:00:00+05:30,11.415,70.935,41.44
2025-04-16 17:00:00+05:30,26.612499999999997,69.13499999999999,40.519999999999996
2025-04-16 18:00:00+05:30,27.5525,70.8175,41.3775
2025-04-16 19:00:00+05:30,15.765,88.255,50.3075
2025-04-16 20:00:00+05:30,15.52,94.44,53.48
2025-04-16 23:00:00+05:30,13.13,78.95,45.54333333333333
2025-04-17 00:00:00+05:30,15.76,72.46,42.22
2025-04-17 01:00:00+05:30,19.6975,72.49,42.235
2025-04-17 02:00:00+05:30,15.225000000000001,70.0175,40.97
2025-04-17 03:00:00+05:30,11.9825,74.7125,43.3825
2025-04-17 04:00:00+05:30,11.965,72.0025,41.975
2025-04-17 05:00:00+05:30,12.3625,62.0925,36.91
2025-04-17 06:00:00+05:30,13.95,61.815,36.7725
2025-04-17 07:00:00+05:30,15.17,68.03,39.9475
2025-04-17 08:00:00+05:30,15.6475,72.1125,42.04
2025-04-17 09:00:00+05:30,12.71,69.8325,40.8725
2025-04-17 10:00:00+05:30,14.1875,67.77250000000001,39.815
2025-04-17 11:00:00+05:30,19.05,50.45333333333334,30.95
2025-04-17 12:00:00+05:30,15.21,123.73,68.47
2025-04-17 13:00:00+05:30,22.169999999999998,114.70666666666666,63.85
2025-04-17 14:00:00+05:30,15.77,92.3075,52.379999999999995
2025-04-17 15:00:00+05:30,13.885,83.61,47.925
2025-04-17 16:00:00+05:30,18.689999999999998,82.65,47.4375
2025-04-17 17:00:00+05:30,25.354999999999997,83.33,47.785000000000004
2025-04-17 18:00:00+05:30,16.71,81.67,46.935
2025-04-17 19:00:00+05:30,15.6875,79.82,45.9875
2025-04-17 20:00:00+05:30,15.74,69.45,40.68
2025-04-17 21:00:00+05:30,18.766666666666666,64.89999999999999,38.346666666666664
2025-04-17 22:00:00+05:30,12.85,57.370000000000005,34.4925
2025-04-17 23:00:00+05:30,11.840000000000002,51.07,31.27
2025-04-18 00:00:00+05:30,12.42,50.83,31.14
2025-04-18 01:00:00+05:30,13.0125,47.65,29.515
2025-04-18 02:00:00+05:30,16.2025,46.087500000000006,28.715
2025-04-18 03:00:00+05:30,17.325,49.2025,30.31
2025-04-18 04:00:00+05:30,18.552500000000002,50.78,31.1175
2025-04-18 05:00:00+05:30,17.063333333333333,56.62,34.10666666666666
2025-04-18 06:00:00+05:30,21.5,54.83,33.1925
2025-04-18 07:00:00+05:30,18.4075,52.9275,32.22
2025-04-18 08:00:00+05:30,19.7125,54.95,33.2525
2025-04-18 09:00:00+05:30,17.7775,53.465,32.49
2025-04-18 10:00:00+05:30,19.5,54.15,32.8425
2025-04-18 11:00:00+05:30,37.959999999999994,58.015,34.825
2025-04-18 12:00:00+05:30,33.9475,69.86,40.89
2025-04-18 13:00:00+05:30,24.78,80.26,46.21333333333333
2025-04-18 14:00:00+05:30,26.945,77.7725,44.9375
2025-04-18 15:00:00+05:30,27.3325,73.34,42.6725
2025-04-18 16:00:00+05:30,30.433333333333334,62.57,37.16
2025-04-18 17:00:00+05:30,27.105,56.2225,33.91
2025-04-18 18:00:00+05:30,32.55,56.9775,34.2925
2025-04-18 19:00:00+05:30,32.96,60.9,36.302499999999995
2025-04-18 20:00:00+05:30,28.475,64.46,38.1275
2025-04-18 21:00:00+05:30,29.566666666666666,68.31333333333333,40.1
2025-04-18 22:00:00+05:30,34.4225,62.33,37.035
2025-04-18 23:00:00+05:30,41.64,59.35333333333333,35.51
2025-04-19 00:00:00+05:30,33.85,78.22,45.17
2025-04-19 01:00:00+05:30,31.9125,76.325,44.2
2025-04-19 02:00:00+05:30,23.8275,75.3825,43.7175
2025-04-19 03:00:00+05:30,25.495,74.895,43.465
2025-04-19 04:00:00+05:30,24.1825,72.995,42.4925
2025-04-19 05:00:00+05:30,24.49,80.83999999999999,46.51
2025-04-19 06:00:00+05:30,28.785,85.7675,49.0325
2025-04-19 07:00:00+05:30,26.85,81.9875,47.095
2025-04-19 08:00:00+05:30,27.92,85.57,48.9325
2025-04-19 09:00:00+05:30,25.925,92.1325,52.295
2025-04-19 10:00:00+05:30,25.775,87.15,49.7425
2025-04-19 11:00:00+05:30,30.21,75.9525,44.004999999999995
2025-04-19 12:00:00+05:30,26.7975,77.3425,44.72
2025-04-19 13:00:00+05:30,30.486666666666668,80.10000000000001,46.129999999999995
2025-04-19 14:00:00+05:30,27.3375,83.0875,47.6575
2025-04-19 15:00:00+05:30,27.650000000000002,84.82000000000001,48.546666666666674
2025-04-19 16:00:00+05:30,28.87,75.72,43.89
2025-04-19 17:00:00+05:30,37.125,73.6425,42.8275
2025-04-19 18:00:00+05:30,80.6675,73.005,42.5
2025-04-19 19:00:00+05:30,36.165,79.405,45.7725
2025-04-19 20:00:00+05:30,18.825,83.015,47.6225
2025-04-19 21:00:00+05:30,20.605,80.515,46.3425
2025-04-19 22:00:00+05:30,17.825,77.0175,44.5525
2025-04-19 23:00:00+05:30,16.066666666666666,73.19333333333333,42.6
2025-04-20 00:00:00+05:30,17.49,66.07,38.95
2025-04-20 01:00:00+05:30,16.5575,66.85,39.347500000000004
2025-04-20 02:00:00+05:30,14.2575,64.775,38.285
2025-04-20 03:00:00+05:30,16.195,62.295,37.015
2025-04-20 04:00:00+05:30,15.532499999999999,66.1625,38.995
2025-04-20 05:00:00+05:30,18.5825,65.67,38.7425
2025-04-20 06:00:00+05:30,16.74,62.405,37.07
2025-04-20 07:00:00+05:30,14.9575,63.995000000000005,37.887499999999996
2025-04-20 08:00:00+05:30,13.636666666666668,70.69333333333333,41.31666666666666
2025-04-20 09:00:00+05:30,14.636666666666665,75.82333333333334,43.94333333333333
2025-04-20 10:00:00+05:30,14.35,76.595,44.3375
2025-04-20 11:00:00+05:30,11.595,79.565,45.8575
2025-04-20 12:00:00+05:30,17.91,80.0925,46.125
2025-04-20 13:00:00+05:30,18.134999999999998,87.7525,50.0525
2025-04-20 14:00:00+05:30,12.399999999999999,92.44,52.45
2025-04-20 15:00:00+05:30,10.432500000000001,87.4525,49.8925
2025-04-20 16:00:00+05:30,12.7125,85.35249999999999,48.8175
2025-04-20 17:00:00+05:30,11.413333333333334,89.54666666666667,50.96666666666667
2025-04-20 18:00:00+05:30,12.1375,85.92,49.115
2025-04-20 19:00:00+05:30,12.940000000000001,81.07249999999999,46.6325
2025-04-20 20:00:00+05:30,11.985,78.55250000000001,45.337500000000006
2025-04-20 21:00:00+05:30,14.7825,77.42750000000001,44.76
2025-04-20 22:00:00+05:30,12.855,80.7625,46.472500000000004
2025-04-20 23:00:00+05:30,14.343333333333334,81.46666666666665,46.826666666666675
2025-04-21 00:00:00+05:30,9.19,76.51,44.29
2025-04-21 01:00:00+05:30,11.6575,74.29,43.155
2025-04-21 02:00:00+05:30,16.67,69.0725,40.485
2025-04-21 03:00:00+05:30,20.4675,63.1125,37.4325
2025-04-21 04:00:00+05:30,16.6225,58.917500000000004,35.2825
2025-04-21 05:00:00+05:30,20.9525,58.7025,35.175000000000004
2025-04-21 06:00:00+05:30,20.052500000000002,57.795,34.715
2025-04-21 07:00:00+05:30,21.665,61.06,36.385000000000005
2025-04-21 08:00:00+05:30,13.975,67.01249999999999,39.43
2025-04-21 09:00:00+05:30,13.2975,70.43,41.177499999999995
2025-04-21 10:00:00+05:30,21.875,72.54,42.26
2025-04-21 11:00:00+05:30,48.815,44.52,27.915
2025-04-21 12:00:00+05:30,19.13,78.7,45.41
2025-04-21 13:00:00+05:30,17.73,85.16499999999999,48.7275
2025-04-21 14:00:00+05:30,16.5675,85.035,48.6575
2025-04-21 15:00:00+05:30,16.0475,87.425,49.885
2025-04-21 16:00:00+05:30,11.280000000000001,91.1925,51.81
2025-04-21 17:00:00+05:30,12.305,92.8,52.6325
2025-04-21 18:00:00+05:30,17.965,94.9725,53.7475
2025-04-21 19:00:00+05:30,14.717500000000001,90.31,51.3575
2025-04-21 20:00:00+05:30,12.157499999999999,92.035,52.24
2025-04-21 21:00:00+05:30,11.2975,82.38,47.295
2025-04-21 22:00:00+05:30,10.3125,82.69,47.4575
2025-04-21 23:00:00+05:30,9.386666666666667,81.24,46.71333333333333
2025-04-22 00:00:00+05:30,10.53,86.92,49.62
2025-04-22 01:00:00+05:30,12.715,80.21000000000001,46.19
2025-04-22 02:00:00+05:30,10.1975,80.25750000000001,46.215
2025-04-22 03:00:00+05:30,12.5925,72.265,42.1175
2025-04-22 04:00:00+05:30,14.2225,77.8025,44.955
2025-04-22 05:00:00+05:30,11.493333333333334,77.19,44.64000000000001
2025-04-22 06:00:00+05:30,14.0925,72.9875,42.4875
2025-04-22 07:00:00+05:30,12.719999999999999,77.525,44.81
2025-04-22 08:00:00+05:30,12.06,81.11250000000001,46.65
2025-04-22 09:00:00+05:30,13.4975,82.28,47.2525
2025-04-22 10:00:00+05:30,14.5675,83.82,48.035
2025-04-22 11:00:00+05:30,14.925,86.725,49.5225
2025-04-22 12:00:00+05:30,15.99,103.375,58.0475
2025-04-22 13:00:00+05:30,11.4175,103.5925,58.1575
2025-04-22 14:00:00+05:30,12.8925,96.84,54.7
2025-04-22 15:00:00+05:30,11.567499999999999,99.2275,55.92
2025-04-22 16:00:00+05:30,10.1875,100.97500000000001,56.815
2025-04-22 17:00:00+05:30,10.3575,98.98,55.795
2025-04-22 18:00:00+05:30,11.682500000000001,96.255,54.4025
2025-04-22 19:00:00+05:30,13.235,84.88250000000001,48.5775
2025-04-22 20:00:00+05:30,11.4825,85.44,48.8675
2025-04-22 21:00:00+05:30,10.6,82.67999999999999,47.45
2025-04-22 22:00:00+05:30,14.5,80.27,46.2175
2025-04-22 23:00:00+05:30,16.05666666666667,77.82666666666667,44.96666666666666
2025-04-23 00:00:00+05:30,13.33,70.52,41.23
2025-04-23 01:00:00+05:30,12.5125,73.745,42.88
2025-04-23 02:00:00+05:30,14.6925,70.64,41.2925
2025-04-23 03:00:00+05:30,12.71,75.61500000000001,43.835
2025-04-23 04:00:00+05:30,17.273333333333333,77.94,45.03
2025-04-23 05:00:00+05:30,10.97,71.0475,41.495
2025-04-23 06:00:00+05:30,10.897499999999999,76.6625,44.3725
2025-04-23 07:00:00+05:30,11.7675,75.7025,43.8825
2025-04-23 08:00:00+05:30,11.16,85.58000000000001,48.9225
2025-04-23 09:00:00+05:30,12.37,87.56333333333333,49.953333333333326
2025-04-23 10:00:00+05:30,14.217500000000001,84.4825,48.375
2025-04-23 11:00:00+05:30,19.8975,87.83749999999999,50.095
2025-04-23 12:00:00+05:30,18.195,114.8375,63.872499999999995
2025-04-23 13:00:00+05:30,18.7275,122.355,67.7675
2025-04-23 14:00:00+05:30,18.345,128.39749999999998,70.8675
2025-04-23 15:00:00+05:30,14.06,120.2325,66.6825
2025-04-23 16:00:00+05:30,14.35,120.005,66.5625
2025-04-23 17:00:00+05:30,11.8725,116.485,64.755
2025-04-23 18:00:00+05:30,12.32,105.8075,59.277499999999996
2025-04-23 19:00:00+05:30,12.245,101.365,57.0175
2025-04-23 20:00:00+05:30,14.73,93.465,52.9775
2025-04-23 21:00:00+05:30,13.57,90.69,51.5525
2025-04-23 22:00:00+05:30,16.5775,87.895,50.12
2025-04-23 23:00:00+05:30,10.723333333333334,91.31666666666666,51.873333333333335
2025-04-24 00:00:00+05:30,9.97,113.06,63.01
2025-04-24 01:00:00+05:30,10.245,89.5975,50.9525
2025-04-24 02:00:00+05:30,9.969999999999999,78.065,45.082499999999996
2025-04-24 03:00:00+05:30,13.1175,80.7475,46.465
2025-04-24 04:00:00+05:30,11.0325,84.2775,48.272499999999994
2025-04-24 05:00:00+05:30,11.186666666666667,76.17333333333333,44.1
2025-04-24 06:00:00+05:30,13.135,84.39750000000001,48.347500000000004
2025-04-24 07:00:00+05:30,14.75,80.7225,46.45
2025-04-24 08:00:00+05:30,13.495000000000001,85.91749999999999,49.1075
2025-04-24 09:00:00+05:30,16.105,88.485,50.425000000000004
2025-04-24 10:00:00+05:30,21.4225,88.75,50.56
2025-04-24 11:00:00+05:30,32.67,16.5,13.57
2025-04-24 12:00:00+05:30,17.1,136.45,74.98
2025-04-24 13:00:00+05:30,11.9325,116.6575,64.85
2025-04-24 14:00:00+05:30,14.095,108.0175,60.4275
2025-04-24 15:00:00+05:30,11.146666666666667,106.39,59.593333333333334
2025-04-24 16:00:00+05:30,11.43,106.31,59.55
2025-04-24 17:00:00+05:30,12.4925,97.3,54.9375
2025-04-24 18:00:00+05:30,12.285,91.405,51.915000000000006
2025-04-24 19:00:00+05:30,13.566666666666668,78.86,45.5
2025-04-24 20:00:00+05:30,17.8375,84.4175,48.3375
2025-04-24 21:00:00+05:30,16.2775,83.42750000000001,47.835
2025-04-24 22:00:00+05:30,12.135,81.69500000000001,46.95
2025-04-24 23:00:00+05:30,10.090000000000002,74.25333333333333,43.13999999999999
2025-04-25 00:00:00+05:30,9.73,72.42,42.2
2025-04-25 01:00:00+05:30,9.07,64.61,38.199999999999996
2025-04-25 02:00:00+05:30,8.876666666666667,67.25,39.55
2025-04-25 03:00:00+05:30,9.4825,61.76,36.7425
2025-04-25 04:00:00+05:30,11.0,59.31,35.49
2025-04-25 05:00:00+05:30,11.5175,57.864999999999995,34.747499999999995
2025-04-25 06:00:00+05:30,14.3775,54.582499999999996,33.0625
2025-04-25 07:00:00+05:30,15.77,60.3675,36.025
2025-04-25 08:00:00+05:30,16.905,82.68,47.45
2025-04-25 09:00:00+05:30,15.504999999999999,74.1725,43.0975
2025-04-25 10:00:00+05:30,14.8125,82.64750000000001,47.435
2025-04-25 11:00:00+05:30,16.1375,75.6925,43.875
2025-04-25 12:00:00+05:30,17.3375,86.705,49.512499999999996
2025-04-25 13:00:00+05:30,15.5875,92.77250000000001,52.6225
2025-04-25 14:00:00+05:30,12.290000000000001,88.365,50.36
2025-04-25 15:00:00+05:30,11.9225,96.79,54.6775
2025-04-25 16:00:00+05:30,14.627500000000001,86.7425,49.535
2025-04-25 17:00:00+05:30,15.14,85.875,49.0875
2025-04-25 18:00:00+05:30,13.6775,81.8825,47.042500000000004
2025-04-25 19:00:00+05:30,13.403333333333334,79.09333333333333,45.61666666666667
2025-04-25 20:00:00+05:30,10.715,70.0575,40.9875
2025-04-25 21:00:00+05:30,11.1025,69.82,40.87
2025-04-25 22:00:00+05:30,10.073333333333332,65.8,38.81
2025-04-25 23:00:00+05:30,8.72,62.1,36.916666666666664
2025-04-26 00:00:00+05:30,8.7,61.96,36.84
2025-04-26 01:00:00+05:30,10.515,55.760000000000005,33.67
2025-04-26 02:00:00+05:30,11.0525,49.0,30.2075
2025-04-26 03:00:00+05:30,10.286666666666667,56.47666666666667,34.03666666666667
2025-04-26 04:00:00+05:30,8.905000000000001,59.635,35.652499999999996
2025-04-26 05:00:00+05:30,9.6625,48.7825,30.095
2025-04-26 06:00:00+05:30,17.7125,53.317499999999995,32.4175
2025-04-26 07:00:00+05:30,14.3025,56.2675,33.9325
2025-04-26 08:00:00+05:30,12.375,67.0925,39.47
2025-04-26 09:00:00+05:30,11.7675,67.115,39.4825
2025-04-26 10:00:00+05:30,12.95,62.43,37.0825
2025-04-26 11:00:00+05:30,11.905,68.345,40.1125
2025-04-26 12:00:00+05:30,11.5425,77.17750000000001,44.635
2025-04-26 13:00:00+05:30,11.5725,79.895,46.0275
2025-04-26 14:00:00+05:30,8.0675,72.0325,41.9
2025-04-26 15:00:00+05:30,8.91,67.83250000000001,39.8525
2025-04-26 16:00:00+05:30,12.0,71.815,41.887499999999996
2025-04-26 17:00:00+05:30,10.807500000000001,62.6575,37.2025
2025-04-26 18:00:00+05:30,9.4575,68.63000000000001,40.260000000000005
2025-04-26 19:00:00+05:30,9.315,58.2325,34.9375
2025-04-26 20:00:00+05:30,9.54,60.935,36.32
2025-04-26 21:00:00+05:30,10.195,58.075,34.8575
2025-04-26 22:00:00+05:30,12.8,64.8925,38.3475
2025-04-26 23:00:00+05:30,15.236666666666666,70.84,41.39
2025-04-27 00:00:00+05:30,11.7,64.56,38.17
2025-04-27 01:00:00+05:30,13.15,60.7475,36.22
2025-04-27 02:00:00+05:30,30.0475,55.620000000000005,33.5975
2025-04-27 03:00:00+05:30,19.356666666666666,68.52333333333333,40.199999999999996
2025-04-27 04:00:00+05:30,32.665,72.13,42.050000000000004
2025-04-27 05:00:00+05:30,18.2025,76.3825,44.225
2025-04-27 06:00:00+05:30,17.5775,75.94500000000001,44.005
2025-04-27 07:00:00+05:30,15.0625,72.11749999999999,42.04
2025-04-27 08:00:00+05:30,18.009999999999998,77.3925,44.7475
2025-04-27 09:00:00+05:30,15.705000000000002,74.6525,43.339999999999996
2025-04-27 10:00:00+05:30,19.2525,72.9625,42.480000000000004
2025-04-27 11:00:00+05:30,19.9525,70.065,40.9975
2025-04-27 12:00:00+05:30,18.315,77.85,44.9775
2025-04-27 13:00:00+05:30,22.447499999999998,79.69749999999999,45.9275
2025-04-27 14:00:00+05:30,21.035,85.96000000000001,49.13
2025-04-27 15:00:00+05:30,23.2675,85.9825,49.1425
2025-04-27 16:00:00+05:30,30.675,82.6175,47.4225
2025-04-27 17:00:00+05:30,41.317499999999995,87.6575,50.0025
2025-04-27 18:00:00+05:30,89.1325,88.8825,50.6275
2025-04-27 19:00:00+05:30,111.0475,99.71249999999999,56.17
2025-04-27 20:00:00+05:30,39.4425,127.0675,70.1825
2025-04-27 21:00:00+05:30,33.925,107.6275,60.225
2025-04-27 22:00:00+05:30,34.0575,91.85,52.150000000000006
2025-04-27 23:00:00+05:30,35.156666666666666,89.08333333333333,50.73333333333333
2025-04-28 00:00:00+05:30,25.98,85.95,49.13
2025-04-28 01:00:00+05:30,24.0075,76.8425,44.46
2025-04-28 02:00:00+05:30,21.4075,72.8775,42.4375
2025-04-28 03:00:00+05:30,28.409999999999997,60.464999999999996,36.08
2025-04-28 04:00:00+05:30,37.2125,74.0725,43.0475
2025-04-28 05:00:00+05:30,52.88,72.3125,42.147499999999994
2025-04-28 06:00:00+05:30,33.5475,79.66,45.912499999999994
2025-04-28 07:00:00+05:30,18.42,81.625,46.9075
2025-04-28 08:00:00+05:30,16.23,91.99,52.22
2025-04-28 09:00:00+05:30,16.225,80.63250000000001,46.4075
2025-04-28 10:00:00+05:30,26.4525,83.89999999999999,48.074999999999996
2025-04-28 11:00:00+05:30,23.494999999999997,16.5,13.57
2025-04-28 12:00:00+05:30,16.15,139.56,76.58
2025-04-28 13:00:00+05:30,28.365000000000002,123.9025,68.5325
2025-04-28 14:00:00+05:30,28.445,119.3425,66.22
2025-04-28 15:00:00+05:30,35.9375,120.4325,66.78
2025-04-28 16:00:00+05:30,51.735,139.5375,76.5275
2025-04-28 17:00:00+05:30,57.725,146.04749999999999,79.89750000000001
2025-04-28 18:00:00+05:30,51.0475,148.39499999999998,81.095
2025-04-28 19:00:00+05:30,37.3175,141.5675,77.605
2025-04-28 20:00:00+05:30,71.5075,122.8625,68.0225
2025-04-28 21:00:00+05:30,77.81,114.0625,63.519999999999996
2025-04-28 22:00:00+05:30,38.6625,98.28666666666668,55.406666666666666
2025-04-28 23:00:00+05:30,24.483333333333334,87.12333333333333,49.73
2025-04-29 00:00:00+05:30,19.78,71.84,41.9
2025-04-29 01:00:00+05:30,17.92,57.035,34.2975
2025-04-29 02:00:00+05:30,18.887500000000003,52.087500000000006,31.79
2025-04-29 03:00:00+05:30,25.6675,51.707499999999996,31.595
2025-04-29 04:00:00+05:30,18.0225,51.9825,31.7375
2025-04-29 05:00:00+05:30,15.43,54.7375,33.152499999999996
2025-04-29 06:00:00+05:30,27.2975,50.285000000000004,30.872500000000002
2025-04-29 07:00:00+05:30,20.245,44.36,27.830000000000002
2025-04-29 08:00:00+05:30,19.97,44.004999999999995,27.655
2025-04-29 09:00:00+05:30,29.475,51.9575,31.72
2025-04-29 10:00:00+05:30,58.8275,49.0325,30.235
2025-04-29 11:00:00+05:30,51.1525,70.4075,41.17
2025-04-29 12:00:00+05:30,37.346666666666664,95.84999999999998,54.196666666666665
2025-04-29 13:00:00+05:30,46.145,98.01249999999999,55.3025
2025-04-29 14:00:00+05:30,40.2375,98.465,55.5325
2025-04-29 15:00:00+05:30,42.355,91.7975,52.125
2025-04-29 16:00:00+05:30,47.215,94.33500000000001,53.42
2025-04-29 17:00:00+05:30,48.70333333333334,93.11666666666667,52.79333333333333
2025-04-29 18:00:00+05:30,63.5175,91.11,51.7675
2025-04-29 19:00:00+05:30,60.64666666666667,85.46333333333332,48.876666666666665
2025-04-29 22:00:00+05:30,50.82,86.21,49.26
2025-04-29 23:00:00+05:30,39.67666666666667,88.43333333333334,50.4
2025-04-30 00:00:00+05:30,47.76,89.05,50.72
2025-04-30 01:00:00+05:30,65.86333333333333,88.05333333333333,50.20666666666667
2025-04-30 02:00:00+05:30,94.33,90.3875,51.394999999999996
2025-04-30 03:00:00+05:30,62.697500000000005,91.4125,51.925
2025-04-30 04:00:00+05:30,47.94,88.39999999999999,50.379999999999995
2025-04-30 05:00:00+05:30,45.98666666666667,87.79,50.07333333333333
2025-04-30 06:00:00+05:30,32.54333333333333,82.04666666666667,47.10999999999999
2025-04-30 07:00:00+05:30,35.325,87.8375,50.0975
2025-04-30 08:00:00+05:30,27.835,94.50999999999999,53.515
2025-04-30 09:00:00+05:30,26.4175,89.13,50.754999999999995
2025-04-30 10:00:00+05:30,25.9,81.14,46.66
2025-04-30 11:00:00+05:30,53.120000000000005,63.805,37.79
2025-04-30 12:00:00+05:30,38.2125,66.08,38.94
2025-04-30 13:00:00+05:30,38.63666666666666,69.74,40.83
2025-04-30 14:00:00+05:30,39.964999999999996,69.035,40.464999999999996
2025-04-30 15:00:00+05:30,44.370000000000005,67.57249999999999,39.72
2025-04-30 16:00:00+05:30,67.53,75.0,43.52
2025-04-30 17:00:00+05:30,67.33,73.71249999999999,42.86
2025-04-30 18:00:00+05:30,81.62,76.4825,44.2875
2025-04-30 19:00:00+05:30,86.035,85.525,48.910000000000004
2025-04-30 20:00:00+05:30,71.8275,89.595,50.995
2025-04-30 21:00:00+05:30,97.06333333333333,96.75750000000001,54.6575
2025-04-30 22:00:00+05:30,70.8,107.51249999999999,60.1725
2025-04-30 23:00:00+05:30,51.57666666666666,106.31666666666666,59.553333333333335
2025-05-01 00:00:00+05:30,58.09,111.78,62.35
2025-05-01 01:00:00+05:30,49.96,111.43,62.175000000000004
2025-05-01 02:00:00+05:30,42.545,110.9375,61.9225
2025-05-01 03:00:00+05:30,42.44,102.88250000000001,57.7925
2025-05-01 04:00:00+05:30,36.88,106.02499999999999,59.3975
2025-05-01 05:00:00+05:30,41.1425,106.8875,59.845
2025-05-01 06:00:00+05:30,31.433333333333334,107.13666666666666,59.97333333333333
2025-05-01 07:00:00+05:30,26.483333333333334,107.16333333333334,59.99
2025-05-01 08:00:00+05:30,20.1875,114.73,63.847500000000004
2025-05-01 09:00:00+05:30,19.5425,98.1725,55.385
2025-05-01 10:00:00+05:30,19.793333333333333,81.85333333333334,47.0
2025-05-01 11:00:00+05:30,19.759999999999998,69.725,40.8175
2025-05-01 12:00:00+05:30,19.740000000000002,63.582499999999996,37.6675
2025-05-01 13:00:00+05:30,22.0475,61.935,36.832499999999996
2025-05-01 14:00:00+05:30,20.29,63.6325,37.705
2025-05-01 15:00:00+05:30,20.536666666666665,64.15333333333334,37.97
2025-05-01 16:00:00+05:30,27.8725,65.02,38.4075
2025-05-01 17:00:00+05:30,19.2075,60.6575,36.1775
2025-05-01 18:00:00+05:30,32.9275,65.6525,38.72
2025-05-01 19:00:00+05:30,25.205,62.53,37.135
2025-05-01 20:00:00+05:30,21.5075,50.6325,31.0625
2025-05-01 21:00:00+05:30,19.487499999999997,43.34,27.310000000000002
2025-05-01 22:00:00+05:30,23.49333333333333,42.95333333333334,27.11
2025-05-01 23:00:00+05:30,16.125,46.535,28.945
2025-05-02 00:00:00+05:30,13.41,51.26,31.36
2025-05-02 01:00:00+05:30,14.6375,44.245,27.775
2025-05-02 02:00:00+05:30,18.01,43.199999999999996,27.240000000000002
2025-05-02 03:00:00+05:30,24.27,45.88,28.6125
2025-05-02 04:00:00+05:30,23.2625,50.7325,31.0925
2025-05-02 05:00:00+05:30,23.997500000000002,58.980000000000004,35.33
2025-05-02 06:00:00+05:30,23.3,59.695,35.685
2025-05-02 07:00:00+05:30,24.1625,71.28,41.6175
2025-05-02 08:00:00+05:30,28.146666666666665,74.92333333333333,43.48
2025-05-02 09:00:00+05:30,26.695,80.555,46.36
2025-05-02 10:00:00+05:30,39.725,67.455,39.655
2025-05-02 11:00:00+05:30,27.215,27.432499999999997,19.1675
2025-05-02 12:00:00+05:30,29.134999999999998,95.125,53.8225
2025-05-02 13:00:00+05:30,29.1375,84.10499999999999,48.18
2025-05-02 14:00:00+05:30,27.5175,82.015,47.1125
2025-05-02 15:00:00+05:30,25.483333333333334,79.82,45.99
2025-05-02 16:00:00+05:30,33.295,105.7325,59.2525
2025-05-02 17:00:00+05:30,42.38333333333333,90.79333333333334,51.61000000000001
2025-05-02 18:00:00+05:30,65.85,86.615,49.465
2025-05-02 19:00:00+05:30,136.2775,87.5675,49.955
2025-05-02 20:00:00+05:30,238.54250000000002,98.865,55.7375
2025-05-02 21:00:00+05:30,132.935,139.66250000000002,76.63
2025-05-02 22:00:00+05:30,33.8725,150.49,82.17
2025-05-02 23:00:00+05:30,29.563333333333333,121.61,67.38
2025-05-03 00:00:00+05:30,25.79,105.02,58.89
2025-05-03 01:00:00+05:30,25.23,99.16,55.89
2025-05-03 02:00:00+05:30,24.767500000000002,84.855,48.5675
2025-05-03 03:00:00+05:30,51.13,78.51,45.3175
2025-05-03 04:00:00+05:30,63.77,85.5925,48.945
2025-05-03 05:00:00+05:30,67.71,84.92,48.6025
2025-05-03 06:00:00+05:30,23.04,77.36,44.730000000000004
2025-05-03 07:00:00+05:30,17.572499999999998,69.625,40.7625
2025-05-03 08:00:00+05:30,13.397499999999999,69.6875,40.795
2025-05-03 09:00:00+05:30,13.925,56.822500000000005,34.2125
2025-05-03 10:00:00+05:30,19.09,54.245,32.8925
2025-05-03 11:00:00+05:30,18.9775,59.6275,35.650000000000006
2025-05-03 12:00:00+05:30,20.0925,62.94,37.3475
2025-05-03 13:00:00+05:30,16.03,63.98,37.875
2025-05-03 14:00:00+05:30,19.8725,72.4275,42.205
2025-05-03 15:00:00+05:30,19.215,74.19999999999999,43.1075
2025-05-03 16:00:00+05:30,23.5175,75.6225,43.8375
2025-05-03 17:00:00+05:30,15.9675,66.0475,38.9375
2025-05-03 18:00:00+05:30,25.855,65.655,38.7375
2025-05-03 19:00:00+05:30,29.266666666666666,64.14,37.96333333333334
2025-05-03 20:00:00+05:30,21.2075,67.405,39.635
2025-05-03 21:00:00+05:30,21.256666666666664,63.25,37.5
2025-05-03 22:00:00+05:30,23.33,58.85,35.25
2025-05-03 23:00:00+05:30,21.795,58.31,34.98
2025-05-04 00:00:00+05:30,30.32,61.91,36.82
2025-05-04 01:00:00+05:30,22.1525,60.307500000000005,35.9925
2025-05-04 02:00:00+05:30,18.3675,57.7975,34.707499999999996
2025-05-04 03:00:00+05:30,35.7125,63.42,37.5925
2025-05-04 04:00:00+05:30,27.8125,71.36250000000001,41.660000000000004
2025-05-04 05:00:00+05:30,45.8,69.3875,40.6475
2025-05-04 06:00:00+05:30,57.905,78.205,45.1625
2025-05-04 07:00:00+05:30,47.8875,85.1025,48.69
2025-05-04 08:00:00+05:30,35.9575,91.9875,52.215
2025-05-04 09:00:00+05:30,25.439999999999998,89.33999999999999,50.86333333333334
2025-05-04 10:00:00+05:30,20.86,88.735,50.5525
2025-05-04 11:00:00+05:30,18.5575,83.3025,47.7725
2025-05-04 12:00:00+05:30,25.05,79.7175,45.935
2025-05-04 13:00:00+05:30,16.302500000000002,73.2025,42.6025
2025-05-04 14:00:00+05:30,16.9775,75.1925,43.620000000000005
2025-05-04 15:00:00+05:30,16.825,64.1775,37.980000000000004
2025-05-04 16:00:00+05:30,18.5125,69.365,40.6325
2025-05-04 17:00:00+05:30,23.606666666666666,63.199999999999996,37.47666666666667
2025-05-04 18:00:00+05:30,18.56,69.34666666666666,40.629999999999995
2025-05-04 19:00:00+05:30,22.0725,58.26,34.947500000000005
2025-05-04 20:00:00+05:30,20.9675,53.625,32.572500000000005
2025-05-04 21:00:00+05:30,20.816666666666666,56.01,33.8
2025-05-04 22:00:00+05:30,22.1,52.925,32.22
2025-05-04 23:00:00+05:30,19.843333333333334,51.43,31.45
2025-05-05 00:00:00+05:30,21.72,51.73,31.61
2025-05-05 01:00:00+05:30,18.6275,49.11,30.259999999999998
2025-05-05 02:00:00+05:30,16.1575,51.53,31.5025
2025-05-05 03:00:00+05:30,15.785,53.9625,32.7525
2025-05-05 04:00:00+05:30,24.9375,46.0,28.67
2025-05-05 05:00:00+05:30,54.94,43.27,27.27
2025-05-05 06:00:00+05:30,49.17,59.16,35.41
2025-05-05 07:00:00+05:30,23.3725,61.302499999999995,36.5075
2025-05-05 08:00:00+05:30,14.545,68.3525,40.120000000000005
2025-05-05 09:00:00+05:30,15.32,59.8075,35.745000000000005
2025-05-05 10:00:00+05:30,16.865000000000002,60.2375,35.962500000000006
2025-05-05 11:00:00+05:30,19.855,63.4975,37.629999999999995
2025-05-05 12:00:00+05:30,18.4875,69.645,40.78
2025-05-05 13:00:00+05:30,27.50333333333333,74.56333333333333,43.29333333333333
2025-05-05 14:00:00+05:30,34.4475,77.29,44.6975
2025-05-05 15:00:00+05:30,34.223333333333336,84.10333333333334,48.18
2025-05-05 16:00:00+05:30,36.6175,92.7575,52.61
2025-05-05 17:00:00+05:30,43.417500000000004,95.0,53.7625
2025-05-05 18:00:00+05:30,38.055,99.4975,56.065
2025-05-05 19:00:00+05:30,20.14,86.78999999999999,49.5525
2025-05-05 20:00:00+05:30,31.355,79.82499999999999,45.987500000000004
2025-05-05 21:00:00+05:30,33.805,76.3125,44.192499999999995
2025-05-05 22:00:00+05:30,31.89,75.9325,43.9925
2025-05-05 23:00:00+05:30,30.330000000000002,73.35,42.68
2025-05-06 00:00:00+05:30,15.09,71.07,41.51
2025-05-06 01:00:00+05:30,19.925,68.48500000000001,40.185
2025-05-06 02:00:00+05:30,21.862499999999997,71.935,41.9525
2025-05-06 03:00:00+05:30,16.835,71.42999999999999,41.695
2025-05-06 04:00:00+05:30,19.15,70.16999999999999,41.0525
2025-05-06 05:00:00+05:30,24.1825,62.790000000000006,37.2675
2025-05-06 06:00:00+05:30,16.759999999999998,60.3175,36.0025
2025-05-06 07:00:00+05:30,13.467500000000001,69.25,40.575
2025-05-06 08:00:00+05:30,13.025,74.10499999999999,43.06
2025-05-06 09:00:00+05:30,12.975,72.46000000000001,42.2225
2025-05-06 10:00:00+05:30,11.9875,77.915,45.0175
2025-05-06 11:00:00+05:30,12.3325,74.9825,43.510000000000005
2025-05-06 12:00:00+05:30,12.5825,86.9325,49.625
2025-05-06 13:00:00+05:30,19.073333333333334,84.77,48.52
2025-05-06 14:00:00+05:30,21.506666666666664,84.8,48.53333333333333
2025-05-06 15:00:00+05:30,28.2025,89.12,50.7475
2025-05-06 16:00:00+05:30,32.64,86.6225,49.4675
2025-05-06 17:00:00+05:30,46.3875,82.0625,47.135
2025-05-06 18:00:00+05:30,50.83,83.8475,48.0475
2025-05-06 19:00:00+05:30,38.3575,93.22,52.8475
2025-05-06 20:00:00+05:30,39.175,92.4425,52.4525
2025-05-06 21:00:00+05:30,31.265,82.47749999999999,47.3475
2025-05-06 22:00:00+05:30,34.129999999999995,77.995,45.0575
2025-05-06 23:00:00+05:30,36.52,73.39,42.69
2025-05-07 00:00:00+05:30,20.49,73.91,42.96
2025-05-07 01:00:00+05:30,24.752499999999998,72.635,42.307500000000005
2025-05-07 02:00:00+05:30,28.0925,72.1375,42.05500000000001
2025-05-07 03:00:00+05:30,34.42333333333334,77.72999999999999,44.92
2025-05-07 04:00:00+05:30,41.9375,96.29499999999999,54.425
2025-05-07 05:00:00+05:30,70.205,96.23750000000001,54.3975
2025-05-07 06:00:00+05:30,46.7725,97.6675,55.13
2025-05-07 07:00:00+05:30,50.03,103.4425,58.082499999999996
2025-05-07 08:00:00+05:30,56.2275,111.5925,62.26
2025-05-07 09:00:00+05:30,34.005,106.4,59.6
2025-05-07 10:00:00+05:30,13.36,106.4,59.6
2025-05-07 11:00:00+05:30,28.669999999999998,16.5,13.57
2025-05-07 12:00:00+05:30,24.7825,109.2,6.2025
2025-05-07 13:00:00+05:30,17.7675,128.5625,0.0
2025-05-07 14:00:00+05:30,22.2725,115.9875,47.33
2025-05-07 15:00:00+05:30,22.38,110.0475,61.4625
2025-05-07 16:00:00+05:30,27.616666666666664,110.69666666666667,61.800000000000004
2025-05-07 19:00:00+05:30,25.45,99.575,56.099999999999994
2025-05-07 20:00:00+05:30,19.69333333333333,99.84999999999998,56.24
2025-05-07 21:00:00+05:30,20.8425,95.115,53.8175
2025-05-07 22:00:00+05:30,20.802500000000002,88.30499999999999,50.33
2025-05-07 23:00:00+05:30,30.486666666666668,85.39,48.84
2025-05-08 00:00:00+05:30,22.58,84.91,48.59
2025-05-08 01:00:00+05:30,20.5225,84.35249999999999,48.305
2025-05-08 02:00:00+05:30,26.2625,74.6575,43.345
2025-05-08 03:00:00+05:30,26.83,73.9,42.96
2025-05-08 04:00:00+05:30,20.46,86.78,49.55
2025-05-08 05:00:00+05:30,25.77,86.88,49.6
2025-05-08 06:00:00+05:30,20.270000000000003,83.065,47.65
2025-05-08 07:00:00+05:30,16.996666666666666,83.76,48.01
2025-05-08 08:00:00+05:30,14.625,89.25999999999999,50.8225
2025-05-08 09:00:00+05:30,14.174999999999999,87.05,49.69
2025-05-08 10:00:00+05:30,18.2925,90.4675,51.4375
2025-05-08 11:00:00+05:30,15.002500000000001,83.805,48.03
2025-05-08 12:00:00+05:30,16.855,90.5525,51.485
2025-05-08 13:00:00+05:30,29.6675,91.08000000000001,51.75
2025-05-08 14:00:00+05:30,25.2575,98.0575,55.325
2025-05-08 15:00:00+05:30,31.740000000000002,101.7575,57.2225
2025-05-08 16:00:00+05:30,23.4675,108.25500000000001,60.545
2025-05-08 17:00:00+05:30,18.05666666666667,105.31,59.04
2025-05-08 18:00:00+05:30,23.872500000000002,101.345,57.01
2025-05-08 19:00:00+05:30,23.26,98.92333333333333,55.77
2025-05-08 20:00:00+05:30,23.23,111.44,62.18
2025-05-08 21:00:00+05:30,19.75,108.95249999999999,60.902499999999996
2025-05-08 22:00:00+05:30,15.405,104.7,58.7225
2025-05-08 23:00:00+05:30,16.403333333333332,95.19666666666666,53.85999999999999
2025-05-09 00:00:00+05:30,13.53,92.58,52.52
2025-05-09 01:00:00+05:30,11.876666666666667,86.99000000000001,49.660000000000004
2025-05-09 02:00:00+05:30,12.43,72.62,42.3
2025-05-09 03:00:00+05:30,12.4075,70.73,41.335
2025-05-09 04:00:00+05:30,13.1725,75.87,43.9675
2025-05-09 05:00:00+05:30,14.0375,70.4125,41.167500000000004
2025-05-09 06:00:00+05:30,20.122500000000002,72.105,42.04
2025-05-09 07:00:00+05:30,25.3125,71.4725,41.715
2025-05-09 08:00:00+05:30,31.79,75.35499999999999,43.7025
2025-05-09 09:00:00+05:30,38.055,83.35249999999999,47.7975
2025-05-09 10:00:00+05:30,36.8275,85.27,48.78
2025-05-09 11:00:00+05:30,34.97,17.17,13.9125
2025-05-09 12:00:00+05:30,27.92,123.99000000000001,68.60249999999999
2025-05-09 13:00:00+05:30,27.145,125.83,69.54249999999999
2025-05-09 14:00:00+05:30,22.465,111.29249999999999,62.099999999999994
2025-05-09 15:00:00+05:30,30.945,115.8225,64.4225
2025-05-09 16:00:00+05:30,25.759999999999998,126.245,69.7575
2025-05-09 17:00:00+05:30,23.822499999999998,117.155,65.1075
2025-05-09 18:00:00+05:30,19.5275,103.565,58.144999999999996
2025-05-09 19:00:00+05:30,56.667500000000004,105.11500000000001,58.9375
2025-05-09 20:00:00+05:30,34.942499999999995,113.45750000000001,63.21
2025-05-09 21:00:00+05:30,21.025,106.965,59.89
2025-05-09 22:00:00+05:30,25.895,108.13,60.48
2025-05-09 23:00:00+05:30,21.886666666666667,110.53333333333335,61.71333333333333
2025-05-10 00:00:00+05:30,18.55,112.45,62.7
2025-05-10 01:00:00+05:30,17.9225,110.845,61.8725
2025-05-10 02:00:00+05:30,16.6125,105.3875,59.08
2025-05-10 03:00:00+05:30,16.54,99.825,56.23
2025-05-10 04:00:00+05:30,16.916666666666668,97.11,54.8425
2025-05-10 05:00:00+05:30,19.2175,100.64250000000001,56.652499999999996
2025-05-10 06:00:00+05:30,41.760000000000005,92.6125,52.54
2025-05-10 07:00:00+05:30,27.2675,93.915,53.205
2025-05-10 08:00:00+05:30,23.064999999999998,97.4025,54.99
2025-05-10 09:00:00+05:30,27.6725,90.09,51.245000000000005
2025-05-10 10:00:00+05:30,13.8575,93.1525,52.81
2025-05-10 11:00:00+05:30,16.405,96.365,54.4575
2025-05-10 12:00:00+05:30,23.69,102.55749999999999,57.635000000000005
2025-05-10 13:00:00+05:30,22.4225,107.54,60.182500000000005
2025-05-10 14:00:00+05:30,25.314999999999998,109.805,61.337500000000006
2025-05-10 15:00:00+05:30,27.8275,110.7625,61.8325
2025-05-10 16:00:00+05:30,38.385000000000005,121.9675,67.5675
2025-05-10 17:00:00+05:30,36.61,120.08250000000001,66.60249999999999
2025-05-10 18:00:00+05:30,36.4125,125.1925,69.2225
2025-05-10 19:00:00+05:30,40.79,146.17,79.96000000000001
2025-05-10 20:00:00+05:30,35.056666666666665,144.7525,79.235
2025-05-10 21:00:00+05:30,27.05,122.52499999999999,67.85
2025-05-10 22:00:00+05:30,20.3525,109.3375,61.105000000000004
2025-05-10 23:00:00+05:30,15.516666666666666,96.05666666666667,54.300000000000004
2025-05-11 00:00:00+05:30,19.23,102.38,57.54
2025-05-11 01:00:00+05:30,20.91,94.88,53.699999999999996
2025-05-11 02:00:00+05:30,18.59,83.11,47.67
2025-05-11 03:00:00+05:30,18.932499999999997,80.3025,46.2375
2025-05-11 04:00:00+05:30,18.5025,84.89,48.582499999999996
2025-05-11 05:00:00+05:30,17.0925,77.5575,44.817499999999995
2025-05-11 06:00:00+05:30,15.7825,81.7375,46.9675
2025-05-11 07:00:00+05:30,24.395,82.75500000000001,47.4925
2025-05-11 08:00:00+05:30,21.41,90.5175,51.47
2025-05-11 09:00:00+05:30,18.7825,101.82499999999999,57.2525
2025-05-11 10:00:00+05:30,19.127499999999998,101.76249999999999,57.22
2025-05-11 11:00:00+05:30,14.6925,108.9275,60.89
2025-05-11 12:00:00+05:30,19.205000000000002,115.9675,64.49
2025-05-11 13:00:00+05:30,19.66,112.69250000000001,62.82
2025-05-11 14:00:00+05:30,17.395,112.67500000000001,62.807500000000005
2025-05-11 15:00:00+05:30,17.47,119.945,66.53
2025-05-11 16:00:00+05:30,27.545,123.14250000000001,68.17
2025-05-11 17:00:00+05:30,40.4775,119.1175,66.1075
2025-05-11 18:00:00+05:30,30.9575,137.9525,75.755
2025-05-11 19:00:00+05:30,27.375,145.3825,79.5525
2025-05-11 20:00:00+05:30,27.072499999999998,150.6375,82.2475
2025-05-11 21:00:00+05:30,22.505,127.92750000000001,70.6225
2025-05-11 22:00:00+05:30,19.695,114.67750000000001,63.834999999999994
2025-05-11 23:00:00+05:30,19.043333333333333,101.58,57.13333333333333
2025-05-12 00:00:00+05:30,15.33,96.67,54.62
2025-05-12 01:00:00+05:30,14.335,91.4225,51.9275
2025-05-12 02:00:00+05:30,14.725,88.6725,50.5225
2025-05-12 03:00:00+05:30,16.2,76.5075,44.29
2025-05-12 04:00:00+05:30,13.8375,81.4025,46.7975
2025-05-12 05:00:00+05:30,13.49,73.4225,42.71
2025-05-12 06:00:00+05:30,13.4825,71.1675,41.56
2025-05-12 07:00:00+05:30,27.2475,66.0925,38.955
2025-05-12 08:00:00+05:30,19.0825,68.79249999999999,40.339999999999996
2025-05-12 09:00:00+05:30,13.704999999999998,68.91,40.4
2025-05-12 10:00:00+05:30,18.9725,68.91,40.4
2025-05-12 11:00:00+05:30,19.54,29.6025,20.2775
2025-05-12 12:00:00+05:30,18.84,149.87,81.855
2025-05-12 13:00:00+05:30,21.625,154.3675,84.155
2025-05-12 14:00:00+05:30,23.369999999999997,138.735,76.15
2025-05-12 15:00:00+05:30,27.415,136.26,74.88499999999999
2025-05-12 16:00:00+05:30,16.716666666666665,132.5666666666667,72.99666666666667
2025-05-12 17:00:00+05:30,12.663333333333334,122.36000000000001,67.76666666666667
2025-05-12 18:00:00+05:30,18.57,114.37,63.68
2025-05-12 19:00:00+05:30,15.226666666666667,104.12333333333333,58.43
2025-05-12 20:00:00+05:30,11.246666666666664,101.07333333333334,56.86666666666667
2025-05-12 21:00:00+05:30,12.2325,89.9525,51.175
2025-05-12 22:00:00+05:30,13.836666666666666,88.41666666666667,50.38666666666666
2025-05-12 23:00:00+05:30,22.53,93.71000000000001,53.1
2025-05-13 00:00:00+05:30,14.08,84.89,48.59
2025-05-13 01:00:00+05:30,25.44333333333333,74.41666666666667,43.223333333333336
2025-05-13 02:00:00+05:30,33.800000000000004,77.805,44.71666666666667
2025-05-13 03:00:00+05:30,43.42333333333334,71.72,41.843333333333334
2025-05-13 04:00:00+05:30,29.6375,74.9425,43.49250000000001
2025-05-13 05:00:00+05:30,30.802500000000002,74.58500000000001,43.305
2025-05-13 06:00:00+05:30,32.03,74.16,43.089999999999996
2025-05-13 07:00:00+05:30,29.0,75.905,43.9875
2025-05-13 08:00:00+05:30,24.53333333333333,70.51333333333334,41.22
2025-05-13 09:00:00+05:30,31.25,72.66,42.32
2025-05-13 11:00:00+05:30,29.99,80.4,46.29
2025-05-13 12:00:00+05:30,23.735,78.0575,45.085
2025-05-13 13:00:00+05:30,21.045,80.5625,46.364999999999995
2025-05-13 14:00:00+05:30,21.995,85.4975,48.8925
2025-05-13 15:00:00+05:30,23.442500000000003,89.0,50.6875
2025-05-13 16:00:00+05:30,32.15,91.2,51.8125
2025-05-13 17:00:00+05:30,26.82,88.1525,50.25
2025-05-13 18:00:00+05:30,25.679999999999996,89.86,51.129999999999995
2025-05-13 19:00:00+05:30,17.427500000000002,89.46000000000001,50.9225
2025-05-13 20:00:00+05:30,21.435,89.64,51.015
2025-05-13 21:00:00+05:30,14.64,77.2975,44.6925
2025-05-13 22:00:00+05:30,13.2425,82.2975,47.260000000000005
2025-05-13 23:00:00+05:30,15.393333333333333,76.95666666666666,44.52333333333333
2025-05-14 00:00:00+05:30,11.06,81.09,46.64
2025-05-14 01:00:00+05:30,11.657499999999999,76.025,44.042500000000004
2025-05-14 02:00:00+05:30,9.9725,70.33,41.13
2025-05-14 03:00:00+05:30,7.923333333333333,62.23666666666666,36.98666666666667
2025-05-14 04:00:00+05:30,13.55,55.39,33.48
2025-05-14 05:00:00+05:30,12.39,50.0525,30.75
2025-05-14 06:00:00+05:30,13.995000000000001,56.0,33.792500000000004
2025-05-14 07:00:00+05:30,16.7425,59.835,35.7575
2025-05-14 08:00:00+05:30,15.1925,77.935,45.019999999999996
2025-05-14 09:00:00+05:30,13.566666666666668,81.12333333333333,46.653333333333336
2025-05-14 10:00:00+05:30,14.662500000000001,82.6425,47.4275
2025-05-14 11:00:00+05:30,11.395,79.04,45.589999999999996
2025-05-14 12:00:00+05:30,14.945,84.57,48.417500000000004
2025-05-14 13:00:00+05:30,15.410000000000002,82.48750000000001,47.3525
2025-05-14 14:00:00+05:30,14.1175,77.305,44.695
2025-05-14 15:00:00+05:30,8.87,85.75,49.03
2025-05-14 16:00:00+05:30,12.695,86.9875,49.6575
2025-05-14 17:00:00+05:30,12.0,60.61333333333334,48.48
2025-05-14 18:00:00+05:30,13.3275,83.4725,47.8575
2025-05-14 19:00:00+05:30,12.505,90.11250000000001,51.260000000000005
2025-05-14 20:00:00+05:30,15.989999999999998,97.98249999999999,55.29
2025-05-14 21:00:00+05:30,21.545,83.72,47.9625
2025-05-14 22:00:00+05:30,16.165,83.7975,48.025
2025-05-14 23:00:00+05:30,15.96,77.19,44.64
2025-05-15 00:00:00+05:30,14.92,77.8,44.96
2025-05-15 01:00:00+05:30,12.0125,75.935,43.995
2025-05-15 02:00:00+05:30,14.1075,66.1925,39.0125
2025-05-15 03:00:00+05:30,16.4775,65.7125,38.765
2025-05-15 04:00:00+05:30,12.7725,71.3175,41.635
2025-05-15 05:00:00+05:30,14.256666666666666,64.8,38.3
2025-05-15 06:00:00+05:30,21.595,64.6925,38.2425
2025-05-15 07:00:00+05:30,22.065,68.885,40.3925
2025-05-15 08:00:00+05:30,18.293333333333333,75.23,43.64000000000001
2025-05-15 09:00:00+05:30,18.063333333333333,76.56,44.32
2025-05-15 10:00:00+05:30,12.6625,80.2225,46.1925
2025-05-15 11:00:00+05:30,12.17,76.005,44.035000000000004
2025-05-15 12:00:00+05:30,13.455,79.39500000000001,45.7675
2025-05-15 13:00:00+05:30,11.63,76.16499999999999,44.114999999999995
2025-05-15 14:00:00+05:30,11.434999999999999,81.8125,47.01
2025-05-15 15:00:00+05:30,12.129999999999999,76.84,44.46
2025-05-15 16:00:00+05:30,9.84,84.525,48.3975
2025-05-15 17:00:00+05:30,10.603333333333333,74.11,43.07
2025-05-15 18:00:00+05:30,11.0475,72.75,42.3675
2025-05-15 19:00:00+05:30,14.125,71.42,41.685
2025-05-15 20:00:00+05:30,17.005,77.2475,44.6725
2025-05-15 21:00:00+05:30,18.6925,76.105,44.085
2025-05-15 22:00:00+05:30,15.975,71.06,41.5025
2025-05-15 23:00:00+05:30,14.816666666666668,67.09333333333335,39.47
2025-05-16 00:00:00+05:30,11.64,62.02,36.88
2025-05-16 01:00:00+05:30,9.105,61.98,36.855000000000004
2025-05-16 02:00:00+05:30,9.075,59.205,35.43
2025-05-16 03:00:00+05:30,8.99,57.79,34.71
2025-05-16 04:00:00+05:30,11.7575,61.7,36.7075
2025-05-16 05:00:00+05:30,9.8325,55.13,33.345
2025-05-16 06:00:00+05:30,11.065,58.9725,35.3125
2025-05-16 07:00:00+05:30,13.934999999999999,57.480000000000004,34.5475
2025-05-16 08:00:00+05:30,13.8225,62.275,37.0075
2025-05-16 09:00:00+05:30,14.7775,66.265,39.05
2025-05-16 10:00:00+05:30,14.4575,63.035,37.394999999999996
2025-05-16 11:00:00+05:30,15.719999999999999,63.906666666666666,37.84
2025-05-16 12:00:00+05:30,10.715,74.0475,43.035
2025-05-16 13:00:00+05:30,10.355,73.17,42.585
2025-05-16 14:00:00+05:30,12.1475,67.47500000000001,39.67
2025-05-16 15:00:00+05:30,11.45,64.4025,38.095
2025-05-16 16:00:00+05:30,12.9225,98.4,55.5025
2025-05-16 17:00:00+05:30,13.9575,87.0875,49.71
2025-05-16 18:00:00+05:30,19.197499999999998,80.4325,46.302499999999995
2025-05-16 19:00:00+05:30,14.025,78.045,45.0775
2025-05-16 20:00:00+05:30,14.4225,82.625,47.42
2025-05-16 21:00:00+05:30,13.7675,80.9975,46.589999999999996
2025-05-16 22:00:00+05:30,12.459999999999999,76.72000000000001,44.4
2025-05-16 23:00:00+05:30,15.74,71.26666666666667,41.61333333333334
2025-05-17 00:00:00+05:30,9.62,62.45,37.1
2025-05-17 01:00:00+05:30,11.524999999999999,62.887499999999996,37.32
2025-05-17 02:00:00+05:30,10.530000000000001,56.9825,34.3
2025-05-17 03:00:00+05:30,11.13,49.41,30.42
2025-05-17 04:00:00+05:30,12.655,55.935,33.76
2025-05-17 05:00:00+05:30,16.6725,52.305,31.9025
2025-05-17 06:00:00+05:30,16.55,61.45333333333334,36.580000000000005
2025-05-17 07:00:00+05:30,14.2725,56.9125,34.26
2025-05-17 08:00:00+05:30,16.485,59.1425,35.4025
2025-05-17 09:00:00+05:30,13.025,59.68,35.68
2025-05-17 10:00:00+05:30,11.245,57.0625,34.337500000000006
2025-05-17 11:00:00+05:30,17.552500000000002,61.915,36.8225
2025-05-17 12:00:00+05:30,41.22,69.1075,40.5025
2025-05-17 13:00:00+05:30,47.305,69.73,40.8225
2025-05-17 14:00:00+05:30,46.795,74.1925,43.11
2025-05-17 15:00:00+05:30,40.7,74.905,43.47
2025-05-17 16:00:00+05:30,37.445,74.6525,43.3425
2025-05-17 17:00:00+05:30,38.8675,72.275,42.1225
2025-05-17 18:00:00+05:30,33.1425,71.6975,41.83
2025-05-17 19:00:00+05:30,31.0725,70.7225,41.332499999999996
2025-05-17 20:00:00+05:30,29.62,74.01750000000001,43.0125
2025-05-17 21:00:00+05:30,30.7975,70.9725,41.459999999999994
2025-05-17 22:00:00+05:30,59.56999999999999,67.57,39.72
2025-05-17 23:00:00+05:30,50.68,63.78666666666667,37.77666666666667
2025-05-18 00:00:00+05:30,27.7,75.76,43.91
2025-05-18 01:00:00+05:30,35.8525,63.705,37.7375
2025-05-18 02:00:00+05:30,29.7275,66.0325,38.93
2025-05-18 03:00:00+05:30,31.045,58.332499999999996,34.9875
2025-05-18 04:00:00+05:30,26.1425,60.0525,35.8625
2025-05-18 05:00:00+05:30,26.134999999999998,58.887499999999996,35.27
2025-05-18 06:00:00+05:30,25.655,54.61,33.08
2025-05-18 07:00:00+05:30,28.34,55.3575,33.46
2025-05-18 08:00:00+05:30,28.055,58.6675,35.1575
2025-05-18 09:00:00+05:30,26.127499999999998,55.43,33.5
2025-05-18 10:00:00+05:30,28.23,53.455,32.485
2025-05-18 11:00:00+05:30,24.134999999999998,58.2425,34.934999999999995
2025-05-18 12:00:00+05:30,27.525,55.58,33.575
2025-05-18 13:00:00+05:30,25.7425,60.715,36.2075
2025-05-18 14:00:00+05:30,22.03,50.9825,31.2225
2025-05-18 15:00:00+05:30,20.165,40.6975,25.955
2025-05-18 16:00:00+05:30,20.03,45.6175,28.48
2025-05-18 17:00:00+05:30,32.447500000000005,39.824999999999996,25.51
2025-05-18 18:00:00+05:30,48.54,40.13,25.67
2025-05-18 19:00:00+05:30,67.74249999999999,41.839999999999996,26.5375
2025-05-18 20:00:00+05:30,46.4225,50.2875,30.8625
2025-05-18 21:00:00+05:30,33.9425,45.8,28.565
2025-05-18 22:00:00+05:30,30.53,44.5875,27.9475
2025-05-18 23:00:00+05:30,41.953333333333326,44.38666666666666,27.843333333333334
2025-05-19 00:00:00+05:30,28.54,64.24,38.01
2025-05-19 01:00:00+05:30,24.3725,56.9475,34.28
2025-05-19 02:00:00+05:30,22.3825,51.6875,31.5825
2025-05-19 03:00:00+05:30,22.455,44.555,27.93
2025-05-19 04:00:00+05:30,22.7975,46.575,28.965
2025-05-19 05:00:00+05:30,25.6475,41.945,26.5925
2025-05-19 06:00:00+05:30,25.5275,43.8625,27.5775
2025-05-19 07:00:00+05:30,23.2425,38.182500000000005,24.6675
2025-05-19 08:00:00+05:30,23.7425,41.260000000000005,26.247500000000002
2025-05-19 09:00:00+05:30,20.125,42.067499999999995,26.655
2025-05-19 10:00:00+05:30,19.91,38.055,24.6025
2025-05-19 11:00:00+05:30,23.993333333333336,33.27,22.153333333333332
2025-05-19 12:00:00+05:30,21.38,42.69,26.98
2025-05-19 13:00:00+05:30,17.5675,40.8675,26.04
2025-05-19 14:00:00+05:30,15.879999999999999,35.7425,23.4225
2025-05-19 15:00:00+05:30,18.983333333333334,39.13333333333333,25.156666666666666
2025-05-19 16:00:00+05:30,27.14,53.65,32.59
2025-05-19 17:00:00+05:30,23.515,47.025,29.1975
2025-05-19 18:00:00+05:30,31.0475,42.807500000000005,27.035
2025-05-19 19:00:00+05:30,35.55,37.045,24.09
2025-05-19 20:00:00+05:30,32.209999999999994,44.372499999999995,27.8375
2025-05-19 21:00:00+05:30,32.4475,40.36,25.7875
2025-05-19 22:00:00+05:30,25.22,43.7575,27.5275
2025-05-19 23:00:00+05:30,19.24,44.35,27.83
2025-05-20 00:00:00+05:30,14.64,43.5,27.39
2025-05-20 01:00:00+05:30,14.515,41.30500000000001,26.267500000000002
2025-05-20 02:00:00+05:30,14.01,38.2425,24.7025
2025-05-20 03:00:00+05:30,14.837499999999999,35.175,23.21666666666667
2025-05-20 04:00:00+05:30,13.525,42.394999999999996,26.8275
2025-05-20 05:00:00+05:30,13.2325,37.8525,24.502499999999998
2025-05-20 06:00:00+05:30,14.465,32.2675,21.6425
2025-05-20 07:00:00+05:30,15.504999999999999,32.185,21.6
2025-05-20 08:00:00+05:30,14.8625,49.94,30.69
2025-05-20 09:00:00+05:30,16.8125,53.67,32.6
2025-05-20 10:00:00+05:30,20.697499999999998,53.67,32.6
2025-05-20 11:00:00+05:30,78.1725,29.16,20.05
2025-05-20 12:00:00+05:30,48.9775,49.935,30.69
2025-05-20 13:00:00+05:30,43.27,65.77666666666667,38.800000000000004
2025-05-20 14:00:00+05:30,18.04,60.17,35.93
2025-05-20 15:00:00+05:30,19.655,59.015,35.34
2025-05-20 16:00:00+05:30,12.6,48.06,29.73
2025-05-20 17:00:00+05:30,14.1875,47.0425,29.2075
2025-05-20 18:00:00+05:30,17.5725,55.355000000000004,33.4625
2025-05-20 19:00:00+05:30,16.933333333333334,54.550000000000004,33.053333333333335
2025-05-20 21:00:00+05:30,29.45,52.22,31.86
2025-05-20 22:00:00+05:30,31.23,48.635,30.02
2025-05-20 23:00:00+05:30,25.875,48.605000000000004,30.025
2025-05-21 00:00:00+05:30,20.47,60.55,36.12
2025-05-21 01:00:00+05:30,16.77,59.94,35.8075
2025-05-21 02:00:00+05:30,17.7175,56.2025,33.902499999999996
2025-05-21 03:00:00+05:30,19.0,49.97,30.705
2025-05-21 04:00:00+05:30,18.345,44.7175,28.015
2025-05-21 05:00:00+05:30,18.9575,41.4275,26.3275
2025-05-21 06:00:00+05:30,16.83,42.6675,26.965
2025-05-21 07:00:00+05:30,17.439999999999998,41.6,26.42
2025-05-21 08:00:00+05:30,19.6225,46.83,29.0825
2025-05-21 09:00:00+05:30,20.713333333333335,45.6,28.46666666666667
2025-05-21 11:00:00+05:30,17.74,45.0,28.16
2025-05-21 12:00:00+05:30,46.1375,50.015,30.7175
2025-05-21 13:00:00+05:30,20.557499999999997,52.9975,32.2575
2025-05-21 14:00:00+05:30,19.947499999999998,53.96,32.75
2025-05-21 15:00:00+05:30,20.23,56.06,33.82
2025-05-21 16:00:00+05:30,23.19,62.47,37.1
2025-05-21 17:00:00+05:30,19.465,54.22,32.9
2025-05-21 18:00:00+05:30,23.7875,45.5875,28.465
2025-05-21 19:00:00+05:30,30.396666666666665,48.10666666666666,29.75333333333333
2025-05-21 21:00:00+05:30,20.5,55.3,33.43
2025-05-21 22:00:00+05:30,18.6325,49.1,30.255000000000003
2025-05-21 23:00:00+05:30,15.823333333333332,43.126666666666665,27.206666666666667
2025-05-22 00:00:00+05:30,18.24,39.18,25.18
2025-05-22 01:00:00+05:30,26.1875,37.855000000000004,24.5025
2025-05-22 02:00:00+05:30,20.762500000000003,35.495000000000005,23.29
2025-05-22 03:00:00+05:30,24.6475,37.900000000000006,24.525
2025-05-22 04:00:00+05:30,31.27,47.3625,29.37
2025-05-22 05:00:00+05:30,62.14,49.144999999999996,30.285
2025-05-22 06:00:00+05:30,75.0075,61.47,36.5925
2025-05-22 07:00:00+05:30,62.03,76.3825,44.225
2025-05-22 08:00:00+05:30,21.0625,84.4525,48.3575
2025-05-22 09:00:00+05:30,29.5075,85.84,49.0675
2025-05-22 10:00:00+05:30,17.11,85.2,48.74
2025-05-22 11:00:00+05:30,29.105,50.85,31.155
2025-05-22 12:00:00+05:30,20.064999999999998,54.585,32.945
2025-05-22 13:00:00+05:30,33.86333333333334,100.65333333333332,56.65333333333333
2025-05-22 14:00:00+05:30,33.3425,93.52250000000001,53.004999999999995
2025-05-22 15:00:00+05:30,45.0,87.84666666666668,50.099999999999994
2025-05-22 16:00:00+05:30,61.72,90.22,51.31
2025-05-22 17:00:00+05:30,44.565,85.9825,49.1425
2025-05-22 18:00:00+05:30,65.6125,80.545,46.36
2025-05-22 19:00:00+05:30,49.07,80.44,46.31
2025-05-22 20:00:00+05:30,19.2,82.81,47.52
2025-05-22 21:00:00+05:30,18.622500000000002,73.84,42.8975
2025-05-22 22:00:00+05:30,15.8725,57.0925,34.3525
2025-05-22 23:00:00+05:30,32.443333333333335,50.53,30.993333333333336
2025-05-23 00:00:00+05:30,13.33,59.03,35.34
2025-05-23 01:00:00+05:30,15.98,53.832499999999996,32.682500000000005
2025-05-23 02:00:00+05:30,13.2775,45.4925,28.4125
2025-05-23 03:00:00+05:30,15.25,41.2,26.2175
2025-05-23 04:00:00+05:30,19.295,40.7725,26.0
2025-05-23 05:00:00+05:30,29.7225,41.79,26.525
2025-05-23 06:00:00+05:30,23.345,39.78,25.4875
2025-05-23 07:00:00+05:30,21.4275,38.0225,24.585
2025-05-23 08:00:00+05:30,17.7975,35.5275,23.310000000000002
2025-05-23 09:00:00+05:30,19.635,35.915,23.51
2025-05-23 10:00:00+05:30,19.9425,36.3925,23.755
2025-05-23 11:00:00+05:30,25.68,36.21,23.66
2025-05-23 12:00:00+05:30,38.71,46.94,29.15
2025-05-23 13:00:00+05:30,23.3525,46.865,29.115
2025-05-23 14:00:00+05:30,30.76,46.88,29.122500000000002
2025-05-23 15:00:00+05:30,24.776666666666667,47.97,29.676666666666666
2025-05-23 16:00:00+05:30,45.67,59.05,35.36
2025-05-23 17:00:00+05:30,34.165,60.427499999999995,36.0575
2025-05-23 18:00:00+05:30,41.75666666666667,57.582499999999996,34.6025
2025-05-23 19:00:00+05:30,51.82666666666666,50.92666666666667,31.19666666666667
2025-05-23 20:00:00+05:30,36.3,60.92,36.31
2025-05-23 21:00:00+05:30,28.0125,58.3575,35.0
2025-05-23 22:00:00+05:30,25.84,52.4875,31.994999999999997
2025-05-23 23:00:00+05:30,26.86,48.45666666666667,29.929999999999996
2025-05-24 00:00:00+05:30,21.78,46.21,28.78
2025-05-24 01:00:00+05:30,28.0675,46.805,29.085
2025-05-24 02:00:00+05:30,37.325,46.1175,28.732499999999998
2025-05-24 03:00:00+05:30,30.985,44.2675,27.7875
2025-05-24 04:00:00+05:30,28.905,44.255,27.78
2025-05-24 05:00:00+05:30,33.68,47.52,29.4525
2025-05-24 06:00:00+05:30,28.2575,49.8875,30.67
2025-05-24 07:00:00+05:30,22.886666666666667,50.27,30.86
2025-05-24 08:00:00+05:30,19.535,58.11,34.86
2025-05-24 09:00:00+05:30,20.7925,59.08,35.37
2025-05-24 10:00:00+05:30,20.8675,54.3825,32.97
2025-05-24 11:00:00+05:30,25.43,54.7525,33.155
2025-05-24 12:00:00+05:30,23.29,54.1875,32.8675
2025-05-24 13:00:00+05:30,18.9525,50.957499999999996,31.207500000000003
2025-05-24 14:00:00+05:30,21.7075,47.21,29.292499999999997
2025-05-24 15:00:00+05:30,23.473333333333333,48.0,29.686666666666667
2025-05-24 16:00:00+05:30,27.7975,49.38,30.4025
2025-05-24 17:00:00+05:30,16.73,48.2225,29.810000000000002
2025-05-24 18:00:00+05:30,15.205,39.8575,25.515
2025-05-24 19:00:00+05:30,15.515,34.6225,22.845
2025-05-24 20:00:00+05:30,31.4575,37.335,24.235
2025-05-24 21:00:00+05:30,30.777500000000003,43.3375,27.31
2025-05-24 22:00:00+05:30,24.4225,39.085,25.1325
2025-05-24 23:00:00+05:30,41.76333333333333,35.32333333333333,23.203333333333333
2025-05-25 00:00:00+05:30,22.79,36.03,23.57
2025-05-25 01:00:00+05:30,22.105,40.57,25.8925
2025-05-25 02:00:00+05:30,15.805,42.44,26.8475
2025-05-25 03:00:00+05:30,16.46,34.76,22.915
2025-05-25 04:00:00+05:30,15.7075,35.6725,23.384999999999998
2025-05-25 05:00:00+05:30,19.569999999999997,39.196666666666665,25.186666666666667
2025-05-25 06:00:00+05:30,20.4475,38.385,24.7825
2025-05-25 07:00:00+05:30,15.16,41.864999999999995,26.5575
2025-05-25 08:00:00+05:30,14.9325,38.912499999999994,25.0475
2025-05-25 09:00:00+05:30,13.835,36.405,23.7625
2025-05-25 10:00:00+05:30,17.9725,34.4525,22.7575
2025-05-25 11:00:00+05:30,18.942500000000003,31.5375,21.2725
2025-05-25 12:00:00+05:30,22.2725,36.2225,23.67
2025-05-25 13:00:00+05:30,19.197499999999998,39.7175,25.46
2025-05-25 14:00:00+05:30,22.8825,35.245000000000005,23.17
2025-05-25 15:00:00+05:30,26.906666666666666,35.77,23.436666666666667
2025-05-25 16:00:00+05:30,25.1375,38.894999999999996,25.035
2025-05-26 18:00:00+05:30,50.57,32.05,21.53
2025-05-26 19:00:00+05:30,61.85,37.49,24.32
2025-05-26 20:00:00+05:30,53.77,42.44,26.85
2025-05-26 21:00:00+05:30,37.7625,52.865,32.185
2025-05-26 22:00:00+05:30,25.4625,54.265,32.9025
2025-05-26 23:00:00+05:30,16.286666666666665,51.98333333333333,31.74333333333333
2025-05-27 00:00:00+05:30,22.58,52.49,32.0
2025-05-27 01:00:00+05:30,20.6025,52.1475,31.822499999999998
2025-05-27 02:00:00+05:30,22.060000000000002,48.595,30.0
2025-05-27 03:00:00+05:30,17.915,43.4725,27.377499999999998
2025-05-27 04:00:00+05:30,17.065,44.980000000000004,28.15
2025-05-27 05:00:00+05:30,17.7025,49.7175,30.5725
2025-05-27 06:00:00+05:30,15.4825,50.94,31.200000000000003
2025-05-27 07:00:00+05:30,14.45,43.18,27.2275
2025-05-27 08:00:00+05:30,15.317499999999999,46.3325,28.84
2025-05-27 09:00:00+05:30,20.6725,50.4375,30.9425
2025-05-27 10:00:00+05:30,0.1575,42.985,27.1275
2025-05-27 11:00:00+05:30,0.0,40.75,25.983333333333334
2025-05-27 14:00:00+05:30,24.873333333333335,35.71333333333333,23.406666666666666
2025-05-27 15:00:00+05:30,30.376666666666665,32.913333333333334,21.973333333333333
2025-05-27 16:00:00+05:30,24.0675,34.875,22.975
2025-05-27 17:00:00+05:30,27.5825,38.192499999999995,24.677500000000002
2025-05-27 18:00:00+05:30,45.586666666666666,40.54666666666667,25.883333333333336
2025-05-27 19:00:00+05:30,52.005,47.6875,29.535
2025-05-27 20:00:00+05:30,28.682499999999997,60.942499999999995,36.3225
2025-05-27 21:00:00+05:30,74.39,79.69,45.917500000000004
2025-05-27 22:00:00+05:30,37.1475,81.005,46.5925
2025-05-27 23:00:00+05:30,32.36,80.05666666666667,46.10666666666666
2025-05-28 00:00:00+05:30,17.1,84.23,48.25
2025-05-28 01:00:00+05:30,13.33,82.52666666666667,47.376666666666665
2025-05-28 02:00:00+05:30,17.61,72.42,42.2
2025-05-28 03:00:00+05:30,16.1925,70.81,41.375
2025-05-28 04:00:00+05:30,12.495000000000001,64.6525,38.22
2025-05-28 05:00:00+05:30,17.209999999999997,57.09666666666667,34.35333333333333
2025-05-28 15:00:00+05:30,20.55,39.3,25.24
2025-05-28 16:00:00+05:30,18.395,41.9775,26.612499999999997
2025-05-28 17:00:00+05:30,22.22,44.19333333333333,27.75
2025-05-28 18:00:00+05:30,24.619999999999997,38.4675,24.8175
2025-05-28 19:00:00+05:30,30.4925,37.3575,24.245
2025-05-28 20:00:00+05:30,23.6025,39.83,25.515
2025-05-28 21:00:00+05:30,19.705,43.26,27.27
2025-05-28 22:00:00+05:30,38.1,38.6875,24.9275
2025-05-28 23:00:00+05:30,43.196666666666665,38.87,25.02
2025-05-29 00:00:00+05:30,40.42,35.62,23.36
2025-05-29 01:00:00+05:30,41.9575,33.942499999999995,22.5
2025-05-29 02:00:00+05:30,47.105,29.935,20.4475
2025-05-29 03:00:00+05:30,50.3325,27.085,18.987499999999997
2025-05-29 04:00:00+05:30,49.0625,24.1175,17.47
2025-05-29 05:00:00+05:30,48.5,23.759999999999998,17.2875
2025-05-29 06:00:00+05:30,45.525,27.39,19.145
2025-05-29 07:00:00+05:30,46.4025,29.33,20.134999999999998
2025-05-29 08:00:00+05:30,49.480000000000004,28.77,19.8525
2025-05-29 09:00:00+05:30,52.575,34.760000000000005,22.919999999999998
2025-05-29 10:00:00+05:30,55.79,43.0,27.14
2025-05-29 11:00:00+05:30,54.7475,44.91,28.1125
2025-05-29 12:00:00+05:30,49.923333333333325,46.60333333333333,28.97666666666667
2025-05-29 13:00:00+05:30,45.1675,46.45,28.905
2025-05-29 14:00:00+05:30,44.22333333333333,44.24333333333334,27.776666666666667
2025-05-29 15:00:00+05:30,46.865,43.6325,27.462500000000002
2025-05-29 16:00:00+05:30,52.6725,38.01,24.585
2025-05-29 17:00:00+05:30,52.265,39.6125,25.405
2025-05-29 18:00:00+05:30,56.9725,43.705,27.497500000000002
2025-05-29 19:00:00+05:30,53.95,37.565,24.354999999999997
2025-05-29 20:00:00+05:30,46.885000000000005,39.0175,25.0975
2025-05-29 21:00:00+05:30,40.2975,41.1725,26.2
2025-05-29 22:00:00+05:30,37.595,37.3875,24.259999999999998
2025-05-29 23:00:00+05:30,41.01,36.02333333333333,23.566666666666666
2025-05-30 00:00:00+05:30,33.12,34.41,22.74
2025-05-30 01:00:00+05:30,35.8425,33.86,22.4575
2025-05-30 02:00:00+05:30,34.3725,31.810000000000002,21.4075
2025-05-30 03:00:00+05:30,29.885,32.355,21.685
2025-05-30 04:00:00+05:30,30.2375,35.6275,23.36
2025-05-30 05:00:00+05:30,32.0125,35.03,23.055
2025-05-30 06:00:00+05:30,33.34,38.5075,24.8325
2025-05-30 07:00:00+05:30,55.47,39.48666666666667,25.33666666666667
2025-05-30 08:00:00+05:30,62.325,40.807500000000005,26.0125
2025-05-30 09:00:00+05:30,31.447499999999998,35.7825,23.4825
2025-05-30 10:00:00+05:30,27.34,36.67,23.896666666666665
2025-05-30 11:00:00+05:30,28.735,74.255,43.14
2025-05-30 12:00:00+05:30,35.415,63.6325,37.699999999999996
2025-05-30 13:00:00+05:30,41.302499999999995,57.942499999999995,34.7875
2025-05-30 14:00:00+05:30,61.0625,47.28,29.33
2025-05-30 15:00:00+05:30,58.24666666666667,42.266666666666666,26.76
2025-05-30 16:00:00+05:30,58.18,39.1225,25.15
2025-05-30 17:00:00+05:30,59.955,50.1325,30.79
2025-05-30 18:00:00+05:30,58.94,65.3375,38.57
2025-05-30 19:00:00+05:30,0.0,82.585,47.405
2025-05-30 20:00:00+05:30,82.7475,86.6175,49.4675
2025-05-30 21:00:00+05:30,70.2175,102.515,57.6075
2025-05-30 22:00:00+05:30,79.105,97.005,54.787499999999994
2025-05-30 23:00:00+05:30,74.815,96.71,54.63
2025-05-31 00:00:00+05:30,71.83,83.75,48.0
2025-05-31 01:00:00+05:30,66.305,83.705,47.9775
2025-05-31 02:00:00+05:30,61.835,82.2925,47.2525
2025-05-31 03:00:00+05:30,61.2975,76.96000000000001,44.519999999999996
2025-05-31 04:00:00+05:30,54.83,69.64750000000001,40.7825
2025-05-31 05:00:00+05:30,48.0175,55.4825,33.525
2025-05-31 06:00:00+05:30,47.0475,58.834999999999994,35.2475
2025-05-31 07:00:00+05:30,44.45333333333334,64.02,37.89666666666667
2025-05-31 08:00:00+05:30,40.315,61.2175,36.4675
2025-05-31 09:00:00+05:30,38.6175,60.215,35.95
2025-05-31 10:00:00+05:30,32.33,65.61,38.71
2025-05-31 11:00:00+05:30,16.645,72.38,42.175000000000004
2025-05-31 12:00:00+05:30,18.39,75.7775,43.915
2025-05-31 13:00:00+05:30,12.5975,80.3575,46.2625
2025-05-31 14:00:00+05:30,9.9125,84.185,48.225
2025-05-31 15:00:00+05:30,9.305,86.8925,49.6125
2025-05-31 16:00:00+05:30,7.02,80.5425,46.3575
2025-05-31 17:00:00+05:30,5.4325,76.3775,44.222500000000004
2025-05-31 18:00:00+05:30,3.47,77.9825,45.05
2025-05-31 19:00:00+05:30,1.045,79.05,45.595
2025-05-31 20:00:00+05:30,8.012500000000001,44.825,28.07
2025-05-31 21:00:00+05:30,4.56,47.580000000000005,29.48333333333333
2025-05-31 22:00:00+05:30,-1.5275,63.175,37.4675
2025-05-31 23:00:00+05:30,-3.9500000000000006,62.29333333333333,37.02
2025-06-01 00:00:00+05:30,4.25,60.94,36.32
2025-06-01 01:00:00+05:30,7.525,62.927499999999995,37.34
2025-06-01 02:00:00+05:30,3.95,62.7,37.225
2025-06-01 03:00:00+05:30,4.0375,56.9075,34.26
2025-06-01 04:00:00+05:30,4.9799999999999995,54.8025,33.1825
2025-06-01 05:00:00+05:30,3.7900000000000005,49.99666666666667,30.72
2025-06-01 07:00:00+05:30,9.8,65.87,38.84
2025-06-01 08:00:00+05:30,5.6575,67.63,39.7425
2025-06-01 09:00:00+05:30,2.51,69.04333333333334,40.46666666666666
2025-06-01 10:00:00+05:30,11.1025,64.075,37.925
2025-06-01 11:00:00+05:30,12.4575,64.66,38.2275
2025-06-01 12:00:00+05:30,-0.3325,74.5,43.2675
2025-06-01 13:00:00+05:30,1.9475,82.82,47.525
2025-06-01 14:00:00+05:30,2.8375000000000004,83.24000000000001,47.7375
2025-06-01 15:00:00+05:30,16.87,82.6325,47.427499999999995
2025-06-01 16:00:00+05:30,34.575,87.065,49.6975
2025-06-01 17:00:00+05:30,33.1975,81.7925,46.9975
2025-06-01 18:00:00+05:30,37.00666666666667,87.76666666666667,50.05666666666667
2025-06-01 19:00:00+05:30,34.345,91.6575,52.0475
2025-06-01 20:00:00+05:30,41.692499999999995,89.31,50.8475
2025-06-01 21:00:00+05:30,45.932500000000005,95.345,53.935
2025-06-01 22:00:00+05:30,39.2425,93.37,52.9225
2025-06-01 23:00:00+05:30,41.68,78.21333333333332,45.163333333333334
2025-06-02 00:00:00+05:30,34.18,75.13,43.59
2025-06-02 01:00:00+05:30,32.583333333333336,76.42666666666666,44.25333333333333
2025-06-02 02:00:00+05:30,41.11,74.56,43.3
2025-06-02 03:00:00+05:30,45.965,75.23,43.64
2025-06-02 04:00:00+05:30,35.68,79.785,45.9675
2025-06-02 05:00:00+05:30,33.655,92.2875,52.37
2025-06-02 06:00:00+05:30,33.332499999999996,102.9075,57.807500000000005
2025-06-02 07:00:00+05:30,36.919999999999995,102.07666666666667,57.38333333333333
2025-06-02 08:00:00+05:30,43.08,120.69,66.91
2025-06-02 09:00:00+05:30,36.38333333333333,121.82333333333334,67.49
2025-06-02 10:00:00+05:30,35.41,140.34,76.97
2025-06-02 11:00:00+05:30,36.8675,140.9525,77.285
2025-06-02 12:00:00+05:30,35.166666666666664,142.80999999999997,78.24
2025-06-02 13:00:00+05:30,34.185,144.9075,79.3125
2025-06-02 14:00:00+05:30,30.145,148.56,81.18
2025-06-02 15:00:00+05:30,30.3525,148.585,81.19500000000001
2025-06-02 16:00:00+05:30,39.54666666666667,141.6425,77.64
2025-06-02 17:00:00+05:30,53.275,143.5875,78.6375
2025-06-02 18:00:00+05:30,104.2275,132.52,72.97
2025-06-02 19:00:00+05:30,104.0075,112.0925,62.51
2025-06-02 20:00:00+05:30,93.42666666666666,108.55666666666667,60.703333333333326
2025-06-02 21:00:00+05:30,91.47,112.44500000000001,62.69
2025-06-02 22:00:00+05:30,75.9825,121.13,67.14
2025-06-02 23:00:00+05:30,79.40666666666667,126.51333333333332,69.89666666666666
2025-06-03 00:00:00+05:30,113.38,112.55,62.75
2025-06-03 01:00:00+05:30,104.64999999999999,112.10000000000001,62.51666666666667
2025-06-03 02:00:00+05:30,85.47,101.42,57.05
2025-06-03 03:00:00+05:30,112.23666666666666,101.65333333333335,57.169999999999995
2025-06-03 13:00:00+05:30,84.53666666666668,99.37,55.99666666666667
2025-06-03 14:00:00+05:30,87.99,104.44,58.6
2025-06-03 15:00:00+05:30,88.48333333333333,104.90333333333332,58.833333333333336
2025-06-03 20:00:00+05:30,92.1,50.495,30.975
2025-06-03 21:00:00+05:30,81.83666666666666,51.23,31.349999999999998
2025-06-03 22:00:00+05:30,84.9825,83.12,47.6775
2025-06-03 23:00:00+05:30,80.36333333333333,70.62,41.28
2025-06-04 00:00:00+05:30,100.12,51.72,31.6
2025-06-04 01:00:00+05:30,97.9175,47.66,29.525
2025-06-04 02:00:00+05:30,89.29,42.72,26.9925
2025-06-04 03:00:00+05:30,85.82,39.7325,25.4575
2025-06-04 04:00:00+05:30,85.9175,39.339999999999996,25.2625
2025-06-04 05:00:00+05:30,81.68,38.989999999999995,25.0875
2025-06-04 06:00:00+05:30,83.7525,40.7825,26.002499999999998
2025-06-04 07:00:00+05:30,86.32000000000001,44.9375,28.1325
2025-06-04 08:00:00+05:30,82.06333333333333,49.6425,30.5425
2025-06-04 09:00:00+05:30,92.095,55.457499999999996,33.515
2025-06-04 10:00:00+05:30,84.785,60.037499999999994,35.865
2025-06-04 11:00:00+05:30,68.29,66.20333333333333,39.01666666666667
2025-06-04 12:00:00+05:30,81.025,72.4925,42.235
2025-06-04 13:00:00+05:30,77.155,85.535,48.9125
2025-06-04 14:00:00+05:30,76.7925,82.975,47.6
2025-06-04 15:00:00+05:30,83.32,74.2825,43.155
2025-06-04 16:00:00+05:30,91.80250000000001,71.9025,41.935
2025-06-04 17:00:00+05:30,95.5375,67.35,39.6
2025-06-04 18:00:00+05:30,105.2325,65.30000000000001,38.555
2025-06-04 19:00:00+05:30,104.78666666666668,68.47333333333334,40.19
2025-06-04 20:00:00+05:30,118.785,66.495,39.167500000000004
2025-06-04 21:00:00+05:30,109.055,65.0825,38.445
2025-06-04 22:00:00+05:30,95.2425,61.067499999999995,36.39
2025-06-04 23:00:00+05:30,85.12666666666667,60.089999999999996,35.88999999999999
2025-06-05 00:00:00+05:30,75.64,62.71,37.23
2025-06-05 01:00:00+05:30,79.955,61.67,36.695
2025-06-05 02:00:00+05:30,78.9375,58.417500000000004,35.0375
2025-06-05 03:00:00+05:30,74.745,51.815,31.6525
2025-06-05 04:00:00+05:30,77.03,52.83,32.17
2025-06-05 05:00:00+05:30,80.8425,55.0325,33.300000000000004
2025-06-05 06:00:00+05:30,78.15,57.19,34.405
2025-06-05 07:00:00+05:30,77.08999999999999,58.35333333333333,34.99666666666667
2025-06-05 08:00:00+05:30,83.6575,57.275,34.442499999999995
2025-06-05 09:00:00+05:30,86.245,62.85,37.2825
2025-06-05 10:00:00+05:30,78.7425,64.505,38.1475
2025-06-05 11:00:00+05:30,83.025,66.31,39.07
2025-06-05 12:00:00+05:30,85.685,64.925,38.3525
2025-06-05 13:00:00+05:30,78.93,70.0525,40.9875
2025-06-05 14:00:00+05:30,80.11,78.8475,45.489999999999995
2025-06-05 15:00:00+05:30,89.41000000000001,83.61333333333333,47.93
2025-06-05 16:00:00+05:30,88.42,73.12666666666667,42.53333333333333
2025-06-05 17:00:00+05:30,98.73,68.45,40.17666666666667
2025-06-05 18:00:00+05:30,131.97,70.47,41.2
2025-06-05 19:00:00+05:30,97.13,77.8175,44.9625
2025-06-05 20:00:00+05:30,110.525,78.59,45.3525
2025-06-05 21:00:00+05:30,162.47333333333333,72.33,42.153333333333336
2025-06-05 22:00:00+05:30,149.0575,69.805,40.86
2025-06-05 23:00:00+05:30,151.59333333333333,74.78,43.406666666666666
2025-06-06 00:00:00+05:30,111.29,79.41,45.78
2025-06-06 01:00:00+05:30,82.9725,84.6,48.435
2025-06-06 02:00:00+05:30,77.035,79.0775,45.6075
2025-06-06 03:00:00+05:30,68.1,73.6425,42.825
2025-06-06 04:00:00+05:30,85.15,69.64750000000001,40.7775
2025-06-06 05:00:00+05:30,131.97,69.93666666666667,40.92333333333333
2025-06-06 06:00:00+05:30,99.4575,74.8125,43.427499999999995
2025-06-06 07:00:00+05:30,67.475,77.57499999999999,44.834999999999994
2025-06-06 08:00:00+05:30,62.787499999999994,75.52,43.792500000000004
2025-06-06 09:00:00+05:30,66.1675,76.0,44.0375
2025-06-06 10:00:00+05:30,58.0775,74.0425,43.03
2025-06-06 11:00:00+05:30,58.91,71.5025,41.730000000000004
2025-06-06 12:00:00+05:30,67.65333333333332,78.12,45.120000000000005
2025-06-06 13:00:00+05:30,61.04,81.14333333333333,46.663333333333334
2025-06-06 14:00:00+05:30,60.599999999999994,81.66,46.93
2025-06-06 15:00:00+05:30,66.8925,86.0725,49.175
2025-06-06 16:00:00+05:30,82.17333333333333,88.83999999999999,50.60666666666666
2025-06-06 17:00:00+05:30,80.605,87.975,50.165
2025-06-06 18:00:00+05:30,58.29,87.245,49.792500000000004
2025-06-06 19:00:00+05:30,69.0775,81.12,46.655
2025-06-06 20:00:00+05:30,68.015,77.3825,44.739999999999995
2025-06-06 21:00:00+05:30,76.09,82.3125,47.2675
2025-06-06 22:00:00+05:30,53.005,76.53999999999999,44.3075
2025-06-06 23:00:00+05:30,43.73,68.21333333333332,40.04333333333333
2025-06-07 00:00:00+05:30,47.78,69.13,40.51
2025-06-07 01:00:00+05:30,96.5775,66.9725,39.4125
2025-06-07 02:00:00+05:30,91.08000000000001,67.23,39.545
2025-06-07 03:00:00+05:30,65.57000000000001,75.33,43.69
2025-06-07 04:00:00+05:30,61.015,74.5975,43.31
2025-06-07 05:00:00+05:30,81.9725,78.7625,45.445
2025-06-07 06:00:00+05:30,66.8975,83.955,48.1
2025-06-07 07:00:00+05:30,51.333333333333336,84.81333333333333,48.54333333333333
2025-06-07 08:00:00+05:30,60.5875,85.7425,49.0175
2025-06-07 09:00:00+05:30,70.445,88.895,50.6275
2025-06-07 10:00:00+05:30,60.705,91.8825,52.1625
2025-06-07 11:00:00+05:30,60.905,96.36500000000001,54.46
2025-06-07 12:00:00+05:30,50.120000000000005,98.385,55.495
2025-06-07 13:00:00+05:30,49.0925,99.425,56.03
2025-06-07 14:00:00+05:30,65.39750000000001,105.095,58.94
2025-06-07 15:00:00+05:30,59.3275,103.68,58.214999999999996
2025-06-07 16:00:00+05:30,82.9925,102.005,57.3475
2025-06-07 17:00:00+05:30,68.4225,100.5875,56.625
2025-06-07 18:00:00+05:30,121.285,104.11,58.4225
2025-06-07 19:00:00+05:30,112.0025,119.45750000000001,66.2825
2025-06-07 20:00:00+05:30,53.235,117.125,65.0875
2025-06-07 21:00:00+05:30,51.955,107.09666666666668,59.95666666666667
2025-06-07 22:00:00+05:30,61.9925,101.9425,57.305
2025-06-07 23:00:00+05:30,51.48333333333333,94.66000000000001,53.583333333333336
2025-06-08 00:00:00+05:30,43.6,90.82,51.62
2025-06-08 01:00:00+05:30,46.825,88.16499999999999,50.2625
2025-06-08 02:00:00+05:30,53.945,85.2475,48.769999999999996
2025-06-08 03:00:00+05:30,63.75,85.895,49.0975
2025-06-08 04:00:00+05:30,88.485,86.19749999999999,49.2525
2025-06-08 05:00:00+05:30,63.9475,89.16749999999999,50.7675
2025-06-08 06:00:00+05:30,51.655,89.31,50.8475
2025-06-08 07:00:00+05:30,50.6325,86.1775,49.2475
2025-06-08 08:00:00+05:30,47.480000000000004,87.975,50.165
2025-06-08 09:00:00+05:30,47.0125,96.325,54.425
2025-06-08 10:00:00+05:30,48.4075,94.875,53.692499999999995
2025-06-08 11:00:00+05:30,44.8775,92.80250000000001,52.6275
2025-06-08 12:00:00+05:30,43.515,97.71,55.1475
2025-06-08 13:00:00+05:30,49.16,105.2325,59.0
2025-06-08 14:00:00+05:30,41.879999999999995,110.63749999999999,61.775000000000006
2025-06-08 15:00:00+05:30,48.53666666666666,108.12,60.49333333333334
2025-06-08 16:00:00+05:30,38.18,103.39,58.05
2025-06-08 17:00:00+05:30,39.3375,108.6325,60.735
2025-06-08 18:00:00+05:30,42.2325,105.7025,59.2375
2025-06-08 19:00:00+05:30,47.9775,100.7225,56.695
2025-06-08 20:00:00+05:30,40.254999999999995,102.645,57.6775
2025-06-08 21:00:00+05:30,39.2,108.07,60.4525
2025-06-08 22:00:00+05:30,45.815,107.1725,59.99
2025-06-08 23:00:00+05:30,57.156666666666666,105.37666666666667,59.07
2025-06-09 00:00:00+05:30,31.81,108.86,60.85
2025-06-09 01:00:00+05:30,37.575,107.99000000000001,60.41
2025-06-09 02:00:00+05:30,47.55,107.3925,60.105
2025-06-09 03:00:00+05:30,36.3825,106.565,59.682500000000005
2025-06-09 04:00:00+05:30,34.025,100.705,56.682500000000005
2025-06-09 05:00:00+05:30,40.565,97.5975,55.0925
2025-06-09 06:00:00+05:30,48.427499999999995,99.715,56.175
2025-06-09 07:00:00+05:30,43.1075,101.8525,57.269999999999996
2025-06-09 08:00:00+05:30,45.58,100.11,56.3775
2025-06-09 09:00:00+05:30,49.0675,104.13,58.4325
2025-06-09 10:00:00+05:30,44.0475,84.5775,48.4225
2025-06-09 11:00:00+05:30,39.635,36.057500000000005,23.5825
2025-06-09 12:00:00+05:30,46.66,165.675,89.9475
2025-06-09 13:00:00+05:30,42.94,137.2825,75.4125
2025-06-09 14:00:00+05:30,40.78,123.9575,68.5825
2025-06-09 15:00:00+05:30,51.865,123.58,68.3925
2025-06-09 16:00:00+05:30,51.0925,121.48,67.3175
2025-06-09 17:00:00+05:30,81.735,113.185,63.067499999999995
2025-06-09 18:00:00+05:30,86.80333333333333,104.75,58.75
2025-06-09 19:00:00+05:30,109.875,94.49499999999999,53.5
2025-06-09 20:00:00+05:30,94.5775,95.60749999999999,54.072500000000005
2025-06-09 21:00:00+05:30,84.715,101.17999999999999,56.925
2025-06-09 22:00:00+05:30,93.5375,100.015,56.3225
2025-06-09 23:00:00+05:30,85.42333333333333,107.91000000000001,60.37
2025-06-10 00:00:00+05:30,71.05,112.8,62.87
2025-06-10 01:00:00+05:30,66.97749999999999,110.41,61.65
2025-06-10 02:00:00+05:30,61.6525,104.68333333333332,58.72
2025-06-10 03:00:00+05:30,62.085,103.985,58.3575
2025-06-10 04:00:00+05:30,61.0075,103.82249999999999,58.2775
2025-06-10 05:00:00+05:30,57.30666666666667,104.73,58.74
2025-06-10 06:00:00+05:30,54.22,98.64,55.62
2025-06-10 07:00:00+05:30,55.215,99.445,56.0375
2025-06-10 08:00:00+05:30,64.9825,103.3525,58.04
2025-06-10 09:00:00+05:30,65.005,102.1375,57.415
2025-06-10 10:00:00+05:30,63.5625,97.21000000000001,54.89
2025-06-10 11:00:00+05:30,60.2875,95.675,54.105
2025-06-10 12:00:00+05:30,58.9225,100.6325,56.6425
2025-06-10 13:00:00+05:30,55.735,99.66499999999999,56.144999999999996
2025-06-10 14:00:00+05:30,76.97,95.73,54.14000000000001
2025-06-10 15:00:00+05:30,62.295,95.63000000000001,54.08
2025-06-10 16:00:00+05:30,72.14750000000001,93.16,52.822500000000005
2025-06-10 18:00:00+05:30,121.255,81.82,47.01
2025-06-10 19:00:00+05:30,105.815,92.6575,52.565
2025-06-10 20:00:00+05:30,83.8675,99.35499999999999,55.9925
2025-06-10 21:00:00+05:30,76.22749999999999,96.4225,54.4875
2025-06-10 22:00:00+05:30,58.5175,97.06,54.8175
2025-06-10 23:00:00+05:30,68.50666666666666,97.05,54.81
2025-06-11 00:00:00+05:30,60.81,93.22,52.85
2025-06-11 01:00:00+05:30,90.2025,87.71,50.03
2025-06-11 02:00:00+05:30,68.5425,89.85249999999999,51.1275
2025-06-11 03:00:00+05:30,74.18,84.775,48.5225
2025-06-11 04:00:00+05:30,64.7375,81.375,46.78
2025-06-11 05:00:00+05:30,52.67666666666667,80.75666666666666,46.46
2025-06-11 06:00:00+05:30,43.17,72.61500000000001,42.3025
2025-06-11 07:00:00+05:30,46.31666666666666,78.54333333333334,45.333333333333336
2025-06-11 08:00:00+05:30,39.70666666666667,80.64333333333333,46.406666666666666
2025-06-11 09:00:00+05:30,44.175,80.38,46.2775
2025-06-11 10:00:00+05:30,54.2775,78.5925,45.3575
2025-06-11 11:00:00+05:30,46.6025,75.77,43.917500000000004
2025-06-11 12:00:00+05:30,43.94,68.82000000000001,40.3525
2025-06-11 13:00:00+05:30,48.43000000000001,64.31,38.05
2025-06-11 14:00:00+05:30,30.22,52.21,31.85
2025-06-11 15:00:00+05:30,35.19,51.125,31.2975
2025-06-11 16:00:00+05:30,34.099999999999994,58.71,35.1775
2025-06-11 17:00:00+05:30,38.7025,54.08,35.0325
2025-06-11 18:00:00+05:30,38.54333333333333,54.1,32.82
2025-06-11 19:00:00+05:30,40.73,52.305,31.9
2025-06-11 20:00:00+05:30,88.665,53.004999999999995,32.2575
2025-06-11 21:00:00+05:30,65.2425,50.582499999999996,31.02
2025-06-11 22:00:00+05:30,65.425,52.0875,31.7925
2025-06-11 23:00:00+05:30,58.26333333333333,62.25,36.99
2025-06-12 00:00:00+05:30,41.27,58.98,35.32
2025-06-12 01:00:00+05:30,41.78,55.705,33.64
2025-06-12 02:00:00+05:30,39.51,56.7875,34.195
2025-06-12 03:00:00+05:30,38.72,55.177499999999995,33.370000000000005
2025-06-12 04:00:00+05:30,40.4775,55.365,33.465
2025-06-12 05:00:00+05:30,44.885,52.959999999999994,32.2375
2025-06-12 06:00:00+05:30,41.705,46.082499999999996,28.715
2025-06-12 07:00:00+05:30,39.855000000000004,46.5275,28.94
2025-06-12 08:00:00+05:30,42.1625,46.2175,28.7875
2025-06-12 09:00:00+05:30,47.05,46.75,29.055
2025-06-12 10:00:00+05:30,49.18,50.735,31.095
2025-06-12 11:00:00+05:30,50.50333333333333,45.85,28.596666666666668
2025-06-12 12:00:00+05:30,44.0125,46.855,29.115000000000002
2025-06-12 13:00:00+05:30,53.614999999999995,48.545,29.975
2025-06-12 14:00:00+05:30,75.5125,41.9625,26.607499999999998
2025-06-12 15:00:00+05:30,62.15,39.343333333333334,25.263333333333332
2025-06-12 16:00:00+05:30,39.2875,35.775000000000006,23.439999999999998
2025-06-12 17:00:00+05:30,38.77,39.379999999999995,25.287499999999998
2025-06-12 18:00:00+05:30,83.4825,36.7275,23.925
2025-06-12 19:00:00+05:30,92.875,44.557500000000005,27.932499999999997
2025-06-12 20:00:00+05:30,52.5625,53.185,32.349999999999994
2025-06-12 21:00:00+05:30,70.3025,54.379999999999995,32.975
2025-06-12 22:00:00+05:30,57.125,48.855000000000004,30.135
2025-06-12 23:00:00+05:30,43.575,54.28,32.91
2025-06-13 00:00:00+05:30,32.12,58.14,34.89
2025-06-13 01:00:00+05:30,42.28,51.5075,31.495
2025-06-13 02:00:00+05:30,56.09,49.7875,30.61
2025-06-13 03:00:00+05:30,44.2325,52.7725,32.1375
2025-06-13 05:00:00+05:30,44.29666666666666,50.10333333333333,30.773333333333337
2025-06-13 06:00:00+05:30,42.1025,55.53,33.5525
2025-06-13 07:00:00+05:30,42.1475,52.275,31.8875
2025-06-13 08:00:00+05:30,48.7625,45.9275,28.6375
2025-06-13 09:00:00+05:30,44.115,60.207499999999996,35.9475
2025-06-13 10:00:00+05:30,57.97,47.9,29.64
2025-06-13 11:00:00+05:30,45.18,40.05,25.622500000000002
2025-06-13 12:00:00+05:30,42.3625,18.1225,14.4
2025-06-13 13:00:00+05:30,42.7925,40.542500000000004,25.875
2025-06-13 14:00:00+05:30,43.07,50.0925,30.77
2025-06-13 15:00:00+05:30,40.065,53.595,32.5575
2025-06-13 16:00:00+05:30,46.019999999999996,55.6025,33.5925
2025-06-13 17:00:00+05:30,46.2375,61.7975,36.762499999999996
2025-06-13 18:00:00+05:30,49.195,55.63,33.5925
2025-06-13 19:00:00+05:30,47.832499999999996,49.175,30.3
2025-06-13 20:00:00+05:30,43.5225,52.525,32.015
2025-06-13 21:00:00+05:30,41.4425,51.34,31.4075
2025-06-13 22:00:00+05:30,42.5025,50.8325,31.1425
2025-06-13 23:00:00+05:30,40.99,51.14000000000001,31.3
2025-06-14 00:00:00+05:30,42.19,42.42,26.82
2025-06-14 01:00:00+05:30,38.045,45.0425,28.18
2025-06-14 02:00:00+05:30,38.9125,47.4775,29.43
2025-06-14 03:00:00+05:30,44.04,48.7425,30.0775
2025-06-14 04:00:00+05:30,47.20333333333334,44.56333333333333,27.939999999999998
2025-06-14 05:00:00+05:30,79.53999999999999,43.1,27.19
2025-06-14 06:00:00+05:30,66.9025,49.697500000000005,30.5625
2025-06-14 07:00:00+05:30,43.6725,57.03,34.3175
2025-06-14 08:00:00+05:30,38.1175,53.894999999999996,32.715
2025-06-14 09:00:00+05:30,44.28666666666667,58.52,35.08
2025-06-14 10:00:00+05:30,45.2725,63.155,37.4525
2025-06-14 11:00:00+05:30,49.65,62.665000000000006,37.2025
2025-06-14 12:00:00+05:30,47.88,69.765,40.8425
2025-06-14 13:00:00+05:30,44.285,76.065,44.0675
2025-06-14 14:00:00+05:30,37.7575,75.1275,43.5875
2025-06-14 15:00:00+05:30,43.89,70.9425,41.445
2025-06-14 16:00:00+05:30,38.26,74.2075,43.1175
2025-06-14 17:00:00+05:30,41.0625,66.925,39.3825
2025-06-14 18:00:00+05:30,37.8975,65.0825,38.4375
2025-06-14 19:00:00+05:30,44.065,64.8475,38.32
2025-06-14 20:00:00+05:30,36.215,66.505,39.18
2025-06-14 21:00:00+05:30,43.322500000000005,71.19500000000001,41.575
2025-06-14 22:00:00+05:30,38.755,63.215,37.49
2025-06-14 23:00:00+05:30,61.01,63.27,37.52
2025-06-15 00:00:00+05:30,48.04,56.8,34.2
2025-06-15 01:00:00+05:30,39.755,58.3025,34.975
2025-06-15 02:00:00+05:30,37.465,53.1225,32.32
2025-06-15 03:00:00+05:30,36.097500000000004,51.64,31.56
2025-06-15 04:00:00+05:30,33.575,53.315,32.415
2025-06-15 05:00:00+05:30,37.2975,53.945,32.739999999999995
2025-06-15 06:00:00+05:30,36.82,47.1625,29.265
2025-06-15 07:00:00+05:30,37.21,50.66,31.0575
2025-06-15 08:00:00+05:30,36.7525,53.707499999999996,32.6175
2025-06-15 09:00:00+05:30,40.254999999999995,52.5475,32.0225
2025-06-15 10:00:00+05:30,43.302499999999995,44.977500000000006,28.1475
2025-06-15 11:00:00+05:30,48.6475,48.112500000000004,29.755
2025-06-15 12:00:00+05:30,38.735,52.4325,31.967499999999998
2025-06-15 13:00:00+05:30,42.685,48.3675,29.8825
2025-06-15 14:00:00+05:30,40.379999999999995,46.845,29.1075
2025-06-15 15:00:00+05:30,33.3125,43.144999999999996,27.2075
2025-06-15 16:00:00+05:30,35.9275,46.22,28.7825
2025-06-15 17:00:00+05:30,45.29666666666666,43.419999999999995,27.350000000000005
2025-06-15 18:00:00+05:30,47.3825,40.4675,25.84
2025-06-15 19:00:00+05:30,44.3975,35.1225,23.1025
2025-06-15 20:00:00+05:30,52.815,37.195,24.162499999999998
2025-06-15 21:00:00+05:30,44.575,35.53,23.310000000000002
2025-06-15 22:00:00+05:30,38.50666666666667,33.626666666666665,22.33666666666667
2025-06-15 23:00:00+05:30,42.105000000000004,30.54,20.76
2025-06-16 00:00:00+05:30,31.65,29.47,20.21
2025-06-16 01:00:00+05:30,29.255000000000003,33.39,22.2125
2025-06-16 02:00:00+05:30,32.355,30.4775,20.7225
2025-06-16 03:00:00+05:30,30.310000000000002,32.542500000000004,21.7825
2025-06-16 04:00:00+05:30,28.2675,28.637500000000003,19.782500000000002
2025-06-16 05:00:00+05:30,34.76333333333333,31.87,21.44333333333333
2025-06-16 06:00:00+05:30,36.0025,35.0275,23.055
2025-06-16 07:00:00+05:30,37.44,35.394999999999996,23.2425
2025-06-16 08:00:00+05:30,41.5375,35.4225,23.255000000000003
2025-06-16 09:00:00+05:30,43.36,38.095,24.625
2025-06-16 10:00:00+05:30,48.0575,33.8375,22.445
2025-06-16 11:00:00+05:30,42.78333333333333,35.74,23.416666666666668
2025-06-16 12:00:00+05:30,49.64,40.27,25.74
2025-06-16 13:00:00+05:30,44.06,42.597500000000004,26.93
2025-06-16 14:00:00+05:30,43.1,39.4475,25.3125
2025-06-16 15:00:00+05:30,46.735,42.7275,26.997500000000002
2025-06-16 16:00:00+05:30,45.3925,43.25,27.259999999999998
2025-06-16 17:00:00+05:30,31.6075,36.0725,23.5875
2025-06-16 18:00:00+05:30,39.1375,31.1325,21.060000000000002
2025-06-16 19:00:00+05:30,36.9675,29.395,20.169999999999998
2025-06-16 20:00:00+05:30,43.3175,34.0725,22.5675
2025-06-16 21:00:00+05:30,41.4775,33.412499999999994,22.2275
2025-06-16 22:00:00+05:30,42.82,38.81,24.99
2025-06-16 23:00:00+05:30,49.95333333333334,41.68,26.459999999999997
2025-06-17 00:00:00+05:30,47.45,37.6,24.4
2025-06-17 01:00:00+05:30,49.895,41.4325,26.335
2025-06-17 02:00:00+05:30,40.8725,45.730000000000004,28.5325
2025-06-17 03:00:00+05:30,40.06,45.25333333333333,28.290000000000003
2025-06-17 04:00:00+05:30,38.1525,43.0175,27.1475
2025-06-17 05:00:00+05:30,43.9925,43.9725,27.630000000000003
2025-06-17 06:00:00+05:30,43.697500000000005,42.435,26.8475
2025-06-17 07:00:00+05:30,43.2125,35.78,23.439999999999998
2025-06-17 08:00:00+05:30,42.4925,35.58,23.3325
2025-06-17 09:00:00+05:30,41.480000000000004,36.0975,23.6
2025-06-17 10:00:00+05:30,41.375,31.9525,21.485
2025-06-17 11:00:00+05:30,35.787499999999994,32.41,21.7125
2025-06-17 12:00:00+05:30,36.275,30.314999999999998,20.64
2025-06-17 13:00:00+05:30,45.2425,36.14,23.622500000000002
2025-06-17 14:00:00+05:30,41.3625,33.53,22.2875
2025-06-17 15:00:00+05:30,38.303333333333335,35.806666666666665,23.453333333333333
2025-06-17 16:00:00+05:30,38.343333333333334,32.85,21.936666666666667
2025-06-17 17:00:00+05:30,38.144999999999996,29.794999999999998,20.369999999999997
2025-06-17 18:00:00+05:30,41.8625,36.0025,23.552500000000002
2025-06-17 19:00:00+05:30,44.64,35.45,23.275
2025-06-17 20:00:00+05:30,40.2525,34.5025,22.7825
2025-06-17 21:00:00+05:30,41.5125,30.695,20.8375
2025-06-17 22:00:00+05:30,42.56,31.245,21.112499999999997
2025-06-17 23:00:00+05:30,40.46333333333333,32.11,21.56
2025-06-18 00:00:00+05:30,38.17,30.59,20.78
2025-06-18 01:00:00+05:30,37.97666666666667,37.77666666666667,24.463333333333335
2025-06-18 02:00:00+05:30,38.8275,34.07,22.57
2025-06-18 03:00:00+05:30,35.7875,39.67,25.427500000000002
2025-06-18 04:00:00+05:30,39.0175,37.3725,24.255
2025-06-18 05:00:00+05:30,36.655,35.8675,23.485
2025-06-18 06:00:00+05:30,40.9325,42.56,26.9125
2025-06-18 07:00:00+05:30,45.05,46.2375,28.7925
2025-06-18 08:00:00+05:30,45.6825,45.3075,28.317500000000003
2025-06-18 09:00:00+05:30,46.8675,42.9725,27.125
2025-06-18 10:00:00+05:30,46.15,48.055,29.725
2025-06-18 11:00:00+05:30,39.82,50.3625,30.905
2025-06-18 12:00:00+05:30,37.93,44.3425,27.8225
2025-06-18 13:00:00+05:30,42.17,46.35,28.8525
2025-06-18 14:00:00+05:30,35.2425,51.195,31.33
2025-06-18 15:00:00+05:30,34.6825,47.705,29.5475
2025-06-18 16:00:00+05:30,33.22666666666667,42.8775,27.0725
2025-06-18 17:00:00+05:30,33.68666666666667,42.18,26.72
2025-06-18 19:00:00+05:30,35.98,36.51,23.81
2025-06-18 20:00:00+05:30,35.775,32.5475,21.785
2025-06-18 21:00:00+05:30,31.17,32.9225,21.975
2025-06-18 22:00:00+05:30,30.7075,29.7025,20.3275
2025-06-18 23:00:00+05:30,33.656666666666666,30.929999999999996,20.96
2025-06-19 00:00:00+05:30,29.18,39.59,25.39
2025-06-19 01:00:00+05:30,33.379999999999995,36.8675,23.9975
2025-06-19 02:00:00+05:30,36.52333333333333,40.45,25.83
2025-06-19 03:00:00+05:30,37.1575,47.385000000000005,29.38
2025-06-19 04:00:00+05:30,36.035,49.3275,30.3775
2025-06-19 05:00:00+05:30,42.6975,54.0225,32.777499999999996
2025-06-19 06:00:00+05:30,40.667500000000004,43.825,27.56
2025-06-19 07:00:00+05:30,37.47,41.873333333333335,26.55666666666667
2025-06-19 08:00:00+05:30,37.71,45.8675,28.605
2025-06-19 09:00:00+05:30,45.7225,44.2125,27.76
2025-06-19 10:00:00+05:30,47.2475,47.87,29.63
2025-06-19 11:00:00+05:30,45.675,47.87,29.63
2025-06-19 12:00:00+05:30,37.165,24.3425,17.585
2025-06-19 13:00:00+05:30,43.20666666666667,39.416666666666664,25.30333333333333
2025-06-19 14:00:00+05:30,46.415,66.0925,38.96
2025-06-19 15:00:00+05:30,32.765,61.0,36.3425
2025-06-19 16:00:00+05:30,34.8,60.43,36.0625
2025-06-19 17:00:00+05:30,36.2175,66.1575,38.995
2025-06-19 18:00:00+05:30,23.52,65.805,38.8125
2025-06-19 19:00:00+05:30,31.939999999999998,62.82,37.2875
2025-06-19 20:00:00+05:30,28.175,55.95,33.77
2025-06-19 21:00:00+05:30,29.429999999999996,48.89000000000001,30.16
2025-06-19 22:00:00+05:30,22.0325,43.97,27.63
2025-06-19 23:00:00+05:30,23.69333333333333,42.56333333333333,26.91
2025-06-20 00:00:00+05:30,24.09,43.52,27.4
2025-06-20 01:00:00+05:30,47.4575,49.2875,30.354999999999997
2025-06-20 02:00:00+05:30,31.152500000000003,51.71,31.5975
2025-06-20 03:00:00+05:30,34.692499999999995,46.4,28.875
2025-06-20 04:00:00+05:30,32.7725,42.98,27.125
2025-06-20 05:00:00+05:30,36.015,53.495,32.5075
2025-06-20 06:00:00+05:30,29.55,55.33,33.4525
2025-06-20 07:00:00+05:30,26.6925,59.2525,35.4575
2025-06-20 08:00:00+05:30,29.795,65.2875,38.542500000000004
2025-06-20 09:00:00+05:30,32.7425,68.525,40.2025
2025-06-20 10:00:00+05:30,35.5925,68.07249999999999,39.9725
2025-06-20 11:00:00+05:30,29.57,45.97,27.3775
2025-06-20 12:00:00+05:30,27.7475,56.817499999999995,34.212500000000006
2025-06-20 13:00:00+05:30,26.143333333333334,58.31666666666666,34.98
2025-06-20 14:00:00+05:30,28.7325,63.03,37.3925
2025-06-20 15:00:00+05:30,38.0725,68.465,40.175
2025-06-20 16:00:00+05:30,30.393333333333334,72.41333333333334,42.196666666666665
2025-06-20 17:00:00+05:30,26.7075,72.0075,41.989999999999995
2025-06-20 18:00:00+05:30,37.455,74.0475,43.0325
2025-06-20 19:00:00+05:30,48.6075,73.57,42.785000000000004
2025-06-20 20:00:00+05:30,39.9125,75.23,43.6375
2025-06-20 21:00:00+05:30,27.043333333333333,80.27666666666666,46.22
2025-06-20 22:00:00+05:30,26.2875,81.535,46.865
2025-06-20 23:00:00+05:30,24.155,78.07499999999999,45.095
2025-06-21 00:00:00+05:30,26.28,66.8,39.32
2025-06-21 01:00:00+05:30,21.564999999999998,65.9125,38.8675
2025-06-21 02:00:00+05:30,17.625,61.612500000000004,36.6625
2025-06-21 03:00:00+05:30,30.33,53.7275,32.63
2025-06-21 04:00:00+05:30,46.11,54.97,33.2675
2025-06-21 05:00:00+05:30,67.69666666666667,56.870000000000005,34.24
2025-06-21 06:00:00+05:30,39.5425,60.347500000000004,36.019999999999996
2025-06-21 07:00:00+05:30,26.69666666666667,64.68666666666667,38.24333333333333
2025-06-21 13:00:00+05:30,22.923333333333332,70.69333333333334,41.31666666666667
2025-06-21 14:00:00+05:30,22.416666666666668,72.00333333333333,41.98666666666667
2025-06-21 15:00:00+05:30,20.605,65.925,38.8775
2025-06-21 16:00:00+05:30,23.315,69.2375,40.57
2025-06-21 17:00:00+05:30,22.295,79.76,45.955
2025-06-21 18:00:00+05:30,21.57,81.2125,46.6975
2025-06-21 19:00:00+05:30,34.346666666666664,81.86666666666667,47.03333333333333
2025-06-21 20:00:00+05:30,27.99,84.16,48.21
2025-06-21 21:00:00+05:30,28.135,88.6125,50.4875
2025-06-21 22:00:00+05:30,25.7125,89.855,51.125
2025-06-21 23:00:00+05:30,24.455,88.38499999999999,50.375
2025-06-22 00:00:00+05:30,32.21,80.88,46.53
2025-06-22 01:00:00+05:30,34.0275,74.7975,43.415
2025-06-22 02:00:00+05:30,24.7275,75.625,43.839999999999996
2025-06-22 03:00:00+05:30,18.34,81.1375,46.6625
2025-06-22 04:00:00+05:30,26.6525,71.185,41.5675
2025-06-22 05:00:00+05:30,31.786666666666665,67.83333333333333,39.85333333333333
2025-06-22 07:00:00+05:30,30.26,72.59,42.29
2025-06-22 08:00:00+05:30,39.0175,73.2625,42.6275
2025-06-22 09:00:00+05:30,74.515,67.08,39.4675
2025-06-22 10:00:00+05:30,77.83250000000001,60.65,36.175
2025-06-22 11:00:00+05:30,57.065,56.057500000000005,33.8225
2025-06-22 12:00:00+05:30,52.46,52.852500000000006,32.182500000000005
2025-06-22 13:00:00+05:30,46.1025,50.715,31.0875
2025-06-22 14:00:00+05:30,40.71,54.43333333333334,32.99
2025-06-22 15:00:00+05:30,31.185,53.335,32.4275
2025-06-22 16:00:00+05:30,21.465,52.052499999999995,31.7725
2025-06-22 17:00:00+05:30,19.376666666666665,49.70333333333334,30.570000000000004
2025-06-22 18:00:00+05:30,32.285,44.4825,27.895
2025-06-22 19:00:00+05:30,36.5225,50.4375,30.9425
2025-06-22 20:00:00+05:30,50.0575,58.0625,34.845
2025-06-22 21:00:00+05:30,69.22,59.02,35.339999999999996
2025-06-22 22:00:00+05:30,45.265,61.150000000000006,36.43
2025-06-22 23:00:00+05:30,40.050000000000004,62.71,37.22666666666667
2025-06-23 00:00:00+05:30,24.23,61.92,36.82
2025-06-23 01:00:00+05:30,21.48,61.73666666666667,36.73
2025-06-23 02:00:00+05:30,17.28,57.8,34.71
2025-06-23 03:00:00+05:30,15.035,58.7925,35.2225
2025-06-23 04:00:00+05:30,15.1475,53.8225,32.675
2025-06-23 05:00:00+05:30,25.073333333333334,49.4,30.41
2025-06-23 06:00:00+05:30,26.425,48.9525,30.1825
2025-06-23 07:00:00+05:30,29.11,44.5375,27.925
2025-06-23 08:00:00+05:30,27.5425,44.3975,27.8525
2025-06-23 09:00:00+05:30,26.465,49.0925,30.2575
2025-06-23 10:00:00+05:30,36.057500000000005,53.9725,32.7525
2025-06-23 11:00:00+05:30,38.74,51.835,31.6575
2025-06-23 12:00:00+05:30,33.555,46.61,28.98
2025-06-23 13:00:00+05:30,40.4375,50.8275,31.145000000000003
2025-06-23 14:00:00+05:30,28.1625,50.71,31.082500000000003
2025-06-23 15:00:00+05:30,36.572500000000005,50.15,30.7975
2025-06-23 16:00:00+05:30,34.325,50.6875,31.072499999999998
2025-06-23 17:00:00+05:30,61.345,48.58,29.9925
2025-06-23 18:00:00+05:30,82.4775,47.7825,29.585
2025-06-23 19:00:00+05:30,60.052499999999995,49.5475,30.4875
2025-06-23 20:00:00+05:30,70.575,53.965,32.7525
2025-06-23 21:00:00+05:30,49.7175,51.61,31.5475
2025-06-23 22:00:00+05:30,41.465,54.6025,33.08
2025-06-23 23:00:00+05:30,25.060000000000002,57.584999999999994,34.605
2025-06-24 00:00:00+05:30,16.91,50.51,30.98
2025-06-24 01:00:00+05:30,17.7675,46.6825,29.0225
2025-06-24 02:00:00+05:30,14.3625,45.2175,28.2725
2025-06-24 03:00:00+05:30,15.1125,41.695,26.47
2025-06-24 04:00:00+05:30,16.3425,42.76,27.015
2025-06-24 05:00:00+05:30,18.0625,45.2875,28.31
2025-06-24 06:00:00+05:30,18.64,40.325,25.7675
2025-06-24 07:00:00+05:30,17.72666666666667,37.20333333333333,24.166666666666668
2025-06-24 08:00:00+05:30,25.605,41.855,26.5475
2025-06-24 09:00:00+05:30,26.1025,45.52,28.4275
2025-06-24 10:00:00+05:30,30.9175,42.865,27.0675
2025-06-24 11:00:00+05:30,24.905,41.9775,26.615
2025-06-24 12:00:00+05:30,24.585,38.1125,24.6375
2025-06-24 13:00:00+05:30,20.80666666666667,39.28666666666666,25.236666666666668
2025-06-24 14:00:00+05:30,20.7625,40.5275,25.8675
2025-06-24 15:00:00+05:30,19.03,37.25,24.189999999999998
2025-06-24 17:00:00+05:30,32.48,35.87,23.49
2025-06-24 18:00:00+05:30,48.86,38.86,25.0175
2025-06-24 19:00:00+05:30,33.965,39.61,25.4
2025-06-24 20:00:00+05:30,45.21,47.59,29.49
2025-06-24 21:00:00+05:30,39.8,58.724999999999994,35.19
2025-06-24 22:00:00+05:30,28.595,63.64,37.7075
2025-06-24 23:00:00+05:30,21.98,59.98666666666667,35.833333333333336
2025-06-25 11:00:00+05:30,36.06,46.21,28.78
2025-06-25 13:00:00+05:30,33.00666666666667,42.72,26.99333333333333
2025-06-25 14:00:00+05:30,28.16,39.165,25.1725
2025-06-25 15:00:00+05:30,31.259999999999998,40.3325,25.77
2025-06-25 16:00:00+05:30,28.5875,38.3875,24.775
2025-06-25 17:00:00+05:30,26.1925,37.442499999999995,24.2875
2025-06-25 18:00:00+05:30,29.61,38.72,24.94
2025-06-25 20:00:00+05:30,42.26,35.01,23.05
2025-06-25 21:00:00+05:30,29.4425,37.805,24.475
2025-06-25 22:00:00+05:30,22.16,40.00333333333333,25.68
2025-06-25 23:00:00+05:30,25.689999999999998,37.26333333333333,24.2
2025-06-26 00:00:00+05:30,18.64,30.94,20.96
2025-06-26 01:00:00+05:30,17.863333333333333,34.63333333333333,22.853333333333335
2025-06-26 02:00:00+05:30,21.7225,35.415,23.252499999999998
2025-06-26 03:00:00+05:30,19.6125,32.0625,21.5375
2025-06-26 04:00:00+05:30,16.993333333333336,28.736666666666668,19.833333333333332
2025-06-26 05:00:00+05:30,18.73,25.74,18.3
2025-06-26 06:00:00+05:30,23.02,23.55333333333333,17.176666666666666
2025-06-26 07:00:00+05:30,25.923333333333332,23.53,17.16333333333333
2025-06-26 08:00:00+05:30,27.776666666666667,24.0,17.406666666666666
2025-06-26 09:00:00+05:30,33.724999999999994,22.325,16.55
2025-06-26 10:00:00+05:30,29.1125,25.775,18.3175
2025-06-26 11:00:00+05:30,21.82,16.5,13.57
2025-06-26 12:00:00+05:30,12.31,34.955,23.020000000000003
2025-06-26 13:00:00+05:30,10.6425,44.705,28.0175
2025-06-26 14:00:00+05:30,14.692499999999999,39.6275,25.41
2025-06-26 15:00:00+05:30,16.615,35.34,23.2175
2025-06-26 16:00:00+05:30,18.75,30.395,20.68
2025-06-26 17:00:00+05:30,23.066666666666666,26.683333333333337,18.78333333333333
2025-06-26 18:00:00+05:30,36.004999999999995,31.0875,21.035
2025-06-26 19:00:00+05:30,41.3275,28.835,19.885
2025-06-26 20:00:00+05:30,42.985,29.1575,20.05
2025-06-26 21:00:00+05:30,44.394999999999996,33.19500000000001,22.1125
2025-06-26 22:00:00+05:30,32.205,33.7425,22.4
2025-06-26 23:00:00+05:30,29.69333333333333,36.513333333333335,23.816666666666666
2025-06-27 00:00:00+05:30,23.61,48.04,29.72
2025-06-27 01:00:00+05:30,25.21666666666667,42.20666666666667,26.72666666666667
2025-06-27 02:00:00+05:30,27.295,39.8125,25.5075
2025-06-27 03:00:00+05:30,27.8375,34.337500000000006,22.7025
2025-06-27 04:00:00+05:30,29.88,29.69,20.32
2025-06-27 05:00:00+05:30,30.89,26.5775,18.73
2025-06-27 06:00:00+05:30,27.055,27.799999999999997,19.355
2025-06-27 07:00:00+05:30,15.9175,31.332500000000003,21.1625
2025-06-27 08:00:00+05:30,16.9775,38.155,24.66
2025-06-27 09:00:00+05:30,24.06,44.12,27.71
2025-06-27 10:00:00+05:30,33.98,39.0875,25.1325
2025-06-27 11:00:00+05:30,24.66,39.059999999999995,25.12
2025-06-27 12:00:00+05:30,19.13,46.285000000000004,28.8225
2025-06-27 13:00:00+05:30,18.325,49.465,30.4475
2025-06-27 14:00:00+05:30,23.8275,42.67,26.97
2025-06-27 15:00:00+05:30,20.625,42.32,26.785
2025-06-27 16:00:00+05:30,10.28,47.72,29.55
2025-06-27 17:00:00+05:30,10.655000000000001,46.8775,29.1225
2025-06-27 18:00:00+05:30,16.1025,49.9125,30.677500000000002
2025-06-27 19:00:00+05:30,13.7075,47.205,29.29
2025-06-27 20:00:00+05:30,20.393333333333334,54.07,32.806666666666665
2025-06-28 05:00:00+05:30,16.84,49.57,30.5
2025-06-28 06:00:00+05:30,15.120000000000001,46.03,28.69
2025-06-28 07:00:00+05:30,15.52,50.474999999999994,30.96
2025-06-28 08:00:00+05:30,18.826666666666664,55.465,33.5175
2025-06-28 09:00:00+05:30,20.9525,48.5825,29.9925
2025-06-28 10:00:00+05:30,25.0875,48.4125,29.9075
2025-06-28 11:00:00+05:30,15.6125,50.0875,30.767500000000002
2025-06-28 12:00:00+05:30,10.453333333333333,42.692499999999995,26.975
2025-06-28 13:00:00+05:30,11.8325,42.735,26.994999999999997
2025-06-28 14:00:00+05:30,11.435,50.615,31.0375
2025-06-28 15:00:00+05:30,8.235,46.697500000000005,29.03
2025-06-28 16:00:00+05:30,21.69666666666667,52.675000000000004,32.075
2025-06-28 17:00:00+05:30,24.755,48.980000000000004,30.1875
2025-06-28 18:00:00+05:30,29.494999999999997,46.2575,28.805
2025-06-28 19:00:00+05:30,22.35,41.89,26.57
2025-06-28 20:00:00+05:30,22.9925,47.0625,29.2175
2025-06-28 21:00:00+05:30,20.463333333333335,45.89,28.3
2025-06-28 22:00:00+05:30,30.259999999999998,39.7575,25.4775
2025-06-28 23:00:00+05:30,33.336666666666666,53.25,32.38
2025-06-29 00:00:00+05:30,17.98,68.96,40.43
2025-06-29 01:00:00+05:30,20.88,62.18000000000001,36.95333333333333
2025-06-29 02:00:00+05:30,13.6,51.4425,31.46
2025-06-29 03:00:00+05:30,13.127500000000001,48.6675,30.035
2025-06-29 04:00:00+05:30,33.685,52.5525,32.025000000000006
2025-06-29 05:00:00+05:30,29.195,46.2775,28.81
2025-06-29 06:00:00+05:30,16.8175,48.625,30.017500000000002
2025-06-29 07:00:00+05:30,12.686666666666667,47.626666666666665,29.506666666666664
2025-06-29 08:00:00+05:30,13.02,51.745000000000005,31.61
2025-06-29 09:00:00+05:30,11.715,51.052499999999995,31.259999999999998
2025-06-29 10:00:00+05:30,25.027500000000003,46.5625,28.9625
2025-06-29 11:00:00+05:30,24.2225,57.19,34.4025
2025-06-29 12:00:00+05:30,14.219999999999999,58.4525,35.05
2025-06-29 13:00:00+05:30,13.7425,58.1425,34.8875
2025-06-29 14:00:00+05:30,14.64,54.287499999999994,32.91
2025-06-29 15:00:00+05:30,12.09,51.5925,31.535
2025-06-29 16:00:00+05:30,11.395,54.585,33.065
2025-06-29 17:00:00+05:30,18.6075,47.0625,29.205
2025-06-29 18:00:00+05:30,30.035,51.209999999999994,31.3375
2025-06-29 19:00:00+05:30,49.415,52.3375,31.9175
2025-06-29 20:00:00+05:30,55.7375,57.7175,34.67
2025-06-29 21:00:00+05:30,53.403333333333336,57.74666666666667,34.68666666666667
2025-06-30 10:00:00+05:30,35.4225,51.53,31.5
2025-06-30 11:00:00+05:30,18.849999999999998,39.85333333333333,25.52333333333333
2025-06-30 12:00:00+05:30,28.407500000000002,50.0975,30.8875
2025-06-30 13:00:00+05:30,26.639999999999997,86.5125,49.4175
2025-06-30 14:00:00+05:30,13.84,67.9975,39.9375
2025-06-30 15:00:00+05:30,16.7475,64.0075,37.89
2025-06-30 16:00:00+05:30,17.502499999999998,63.832499999999996,37.8025
2025-06-30 17:00:00+05:30,32.785,60.57,36.1325
2025-06-30 18:00:00+05:30,43.605,54.25,32.8975
2025-06-30 19:00:00+05:30,32.416666666666664,53.61333333333334,32.57
2025-06-30 20:00:00+05:30,48.4225,60.2375,35.9625
2025-06-30 21:00:00+05:30,72.71000000000001,63.5325,37.65
2025-06-30 22:00:00+05:30,46.455,63.8625,37.8225
2025-06-30 23:00:00+05:30,31.293333333333333,65.66666666666667,38.74333333333333
2025-07-01 00:00:00+05:30,14.09,67.95,39.91
2025-07-01 01:00:00+05:30,18.5275,62.595,37.1875
2025-07-01 02:00:00+05:30,14.1975,52.54,32.0225
2025-07-01 03:00:00+05:30,16.23,45.955,28.65
2025-07-01 04:00:00+05:30,15.9025,41.205,26.215
2025-07-01 05:00:00+05:30,22.5275,38.9975,25.0875
2025-07-01 06:00:00+05:30,29.137500000000003,36.015,23.56
2025-07-01 07:00:00+05:30,25.715,36.07,23.585
2025-07-01 08:00:00+05:30,35.9875,36.7625,23.94
2025-07-01 09:00:00+05:30,34.005,35.7425,23.42
2025-07-01 10:00:00+05:30,36.6625,40.7425,25.9775
2025-07-01 11:00:00+05:30,45.705,45.165,28.2425
2025-07-01 12:00:00+05:30,29.66,44.3125,27.8125
2025-07-01 13:00:00+05:30,15.6625,47.9675,29.6775
2025-07-01 14:00:00+05:30,28.195,49.175,30.2975
2025-07-01 15:00:00+05:30,28.22,51.5025,31.4925
2025-07-01 16:00:00+05:30,7.865,52.7375,32.120000000000005
2025-07-01 17:00:00+05:30,27.3975,55.84,33.7075
2025-07-01 18:00:00+05:30,47.7425,60.0625,35.8725
2025-07-01 19:00:00+05:30,31.91,62.205000000000005,36.9675
2025-07-01 20:00:00+05:30,54.03,59.165,35.4125
2025-07-01 21:00:00+05:30,42.405,63.4025,37.582499999999996
2025-07-01 22:00:00+05:30,32.052499999999995,60.8825,36.29
2025-07-01 23:00:00+05:30,33.0,59.53,35.60333333333333
2025-07-02 00:00:00+05:30,19.52,68.08,39.98
2025-07-02 01:00:00+05:30,12.0075,65.41,38.61
2025-07-02 02:00:00+05:30,5.17,57.35,34.4825
2025-07-02 03:00:00+05:30,5.125,49.695,30.557499999999997
2025-07-02 04:00:00+05:30,10.805,45.26,28.285
2025-07-02 05:00:00+05:30,9.973333333333334,41.733333333333334,26.486666666666665
2025-07-02 06:00:00+05:30,11.04,40.77,25.99
2025-07-02 07:00:00+05:30,17.73,38.480000000000004,24.8275
2025-07-02 08:00:00+05:30,22.0825,37.082499999999996,24.105
2025-07-02 09:00:00+05:30,22.646666666666665,37.693333333333335,24.42
2025-07-02 10:00:00+05:30,25.165,36.0025,23.552500000000002
2025-07-02 11:00:00+05:30,15.932500000000001,35.455,23.27
2025-07-02 12:00:00+05:30,16.425,35.28,23.1825
2025-07-02 13:00:00+05:30,21.7775,35.135,23.1125
2025-07-02 14:00:00+05:30,16.08,32.6875,21.8625
2025-07-02 15:00:00+05:30,11.493333333333334,32.663333333333334,21.86
2025-07-02 18:00:00+05:30,88.83999999999999,32.06,21.53
2025-07-02 19:00:00+05:30,42.3375,31.65,21.3275
2025-07-02 20:00:00+05:30,50.83749999999999,37.42,24.2775
2025-07-02 21:00:00+05:30,32.1175,42.230000000000004,26.74
2025-07-02 22:00:00+05:30,47.0375,42.08,26.665
2025-07-02 23:00:00+05:30,42.723333333333336,40.06,25.633333333333336
2025-07-03 00:00:00+05:30,18.38,58.94,35.3
2025-07-03 01:00:00+05:30,12.676666666666668,58.92666666666667,35.29333333333333
2025-07-03 02:00:00+05:30,12.325,55.769999999999996,33.675
2025-07-03 03:00:00+05:30,13.684999999999999,48.1725,29.7825
2025-07-03 04:00:00+05:30,10.225,40.455,25.822499999999998
2025-07-03 05:00:00+05:30,17.6425,34.7725,22.9225
2025-07-03 06:00:00+05:30,17.0825,35.96,23.53
2025-07-03 07:00:00+05:30,19.2825,38.847500000000004,25.0125
2025-07-03 08:00:00+05:30,24.795,42.8975,27.065
2025-07-03 09:00:00+05:30,28.356666666666666,47.056666666666665,29.209999999999997
2025-07-03 10:00:00+05:30,15.505,38.5625,24.865000000000002
2025-07-03 11:00:00+05:30,22.3375,33.8275,22.44
2025-07-03 12:00:00+05:30,9.785,32.84,21.935000000000002
2025-07-03 13:00:00+05:30,6.48,33.714999999999996,22.3825
2025-07-03 14:00:00+05:30,13.753333333333336,32.35666666666666,21.686666666666667
2025-07-03 15:00:00+05:30,13.754999999999999,42.2425,26.75
2025-07-03 16:00:00+05:30,10.84,48.225,29.8125
2025-07-03 17:00:00+05:30,14.719999999999999,50.26333333333333,30.853333333333335
2025-07-03 18:00:00+05:30,17.040000000000003,50.3725,30.91
2025-07-03 19:00:00+05:30,11.3375,47.082499999999996,29.225
2025-07-03 20:00:00+05:30,7.505,43.185,27.23
2025-07-03 21:00:00+05:30,7.945,44.832499999999996,28.075000000000003
2025-07-03 22:00:00+05:30,8.206666666666665,45.2825,28.305
2025-07-03 23:00:00+05:30,9.306666666666667,45.03333333333334,28.176666666666666
2025-07-04 00:00:00+05:30,19.8,54.53,33.04
2025-07-04 01:00:00+05:30,13.92,52.44,31.97
2025-07-04 02:00:00+05:30,17.9375,44.94,28.14
2025-07-04 03:00:00+05:30,19.6575,42.730000000000004,26.994999999999997
2025-07-04 04:00:00+05:30,9.3375,48.1675,29.7775
2025-07-04 05:00:00+05:30,6.1225000000000005,49.48,30.4525
2025-07-04 06:00:00+05:30,16.740000000000002,47.67,29.53
2025-07-04 07:00:00+05:30,13.6625,45.3125,28.32
2025-07-04 08:00:00+05:30,16.7775,44.54,27.9225
2025-07-04 09:00:00+05:30,24.8975,51.6975,31.5875
2025-07-04 10:00:00+05:30,21.59,54.9175,33.235
2025-07-04 11:00:00+05:30,23.515,53.07,32.29
2025-07-04 12:00:00+05:30,25.1575,25.6425,18.25
2025-07-04 13:00:00+05:30,28.49,79.1,45.62
2025-07-04 14:00:00+05:30,10.635,71.6575,41.81
2025-07-04 15:00:00+05:30,23.835,61.224999999999994,36.47
2025-07-04 16:00:00+05:30,16.61,62.3425,37.045
2025-07-04 17:00:00+05:30,27.37,53.9325,32.730000000000004
2025-07-04 18:00:00+05:30,60.55,60.085,35.89
2025-07-04 19:00:00+05:30,41.89,52.9175,32.212500000000006
2025-07-04 20:00:00+05:30,45.19,54.07,32.81
2025-07-05 02:00:00+05:30,33.815,46.224999999999994,28.79
2025-07-05 03:00:00+05:30,39.09,46.807500000000005,29.0875
2025-07-05 04:00:00+05:30,41.0775,46.3875,28.875
2025-07-05 05:00:00+05:30,38.745,54.95,33.255
2025-07-05 06:00:00+05:30,32.3775,50.75,31.1125
2025-07-05 07:00:00+05:30,30.619999999999997,43.39,27.335
2025-07-05 08:00:00+05:30,26.48,49.045,30.2325
2025-07-05 09:00:00+05:30,22.1375,57.8775,34.7475
2025-07-05 10:00:00+05:30,30.82,53.335,32.425
2025-07-05 11:00:00+05:30,25.28,58.292500000000004,34.965
2025-07-05 12:00:00+05:30,24.126666666666665,59.13333333333333,35.39333333333334
2025-07-05 13:00:00+05:30,36.9225,60.07,35.8775
2025-07-05 14:00:00+05:30,28.71,65.385,38.5975
2025-07-05 15:00:00+05:30,21.435000000000002,60.015,35.85
2025-07-05 16:00:00+05:30,25.5225,62.0325,36.88
2025-07-05 17:00:00+05:30,27.11,64.6325,38.2125
2025-07-05 18:00:00+05:30,25.39,63.72,37.7475
2025-07-05 19:00:00+05:30,29.156666666666666,61.36666666666667,36.54
2025-07-05 20:00:00+05:30,53.75,58.965,35.31
2025-07-05 21:00:00+05:30,44.95666666666667,54.019999999999996,32.775
2025-07-05 22:00:00+05:30,33.5125,49.495,30.46
2025-07-05 23:00:00+05:30,25.326666666666668,49.60333333333333,30.516666666666666
2025-07-06 00:00:00+05:30,17.94,44.24,27.77
2025-07-06 01:00:00+05:30,21.916666666666668,40.73666666666667,25.98
2025-07-06 02:00:00+05:30,20.055,42.925,27.095
2025-07-06 03:00:00+05:30,17.5675,41.5825,26.415
2025-07-06 04:00:00+05:30,23.3375,47.355,29.375
2025-07-06 05:00:00+05:30,19.009999999999998,47.379999999999995,29.380000000000003
2025-07-06 06:00:00+05:30,20.1825,47.68,29.5325
2025-07-06 07:00:00+05:30,23.3,39.847500000000004,25.5225
2025-07-06 08:00:00+05:30,28.2425,41.0625,26.145
2025-07-06 09:00:00+05:30,31.474999999999998,44.19,27.744999999999997
2025-07-06 10:00:00+05:30,30.7225,44.822500000000005,28.064999999999998
2025-07-06 11:00:00+05:30,29.545,41.675000000000004,26.46
2025-07-06 12:00:00+05:30,33.8575,46.44499999999999,28.8975
2025-07-06 13:00:00+05:30,26.737499999999997,55.2025,33.38
2025-07-06 14:00:00+05:30,28.4575,50.9925,31.2275
2025-07-06 15:00:00+05:30,26.947499999999998,55.4775,33.5225
2025-07-06 16:00:00+05:30,23.125,51.525000000000006,31.5
2025-07-06 17:00:00+05:30,29.4125,54.755,33.1575
2025-07-06 18:00:00+05:30,35.1425,46.02,28.685
2025-07-06 19:00:00+05:30,35.2275,43.2675,27.275
2025-07-06 20:00:00+05:30,40.2525,47.265,29.3225
2025-07-06 21:00:00+05:30,32.57,56.3825,33.9875
2025-07-06 22:00:00+05:30,26.61,51.1625,31.3125
2025-07-06 23:00:00+05:30,39.765,46.44,28.9
2025-07-07 00:00:00+05:30,16.55,42.88,27.07
2025-07-07 01:00:00+05:30,17.4875,52.5125,32.0025
2025-07-07 02:00:00+05:30,18.2825,45.405,28.3675
2025-07-07 03:00:00+05:30,17.6125,39.6075,25.3975
2025-07-07 04:00:00+05:30,19.052500000000002,37.910000000000004,24.5275
2025-07-07 05:00:00+05:30,26.64,41.7225,26.4825
2025-07-07 06:00:00+05:30,36.8125,38.790000000000006,24.9775
2025-07-07 07:00:00+05:30,40.9725,33.410000000000004,22.225
2025-07-07 08:00:00+05:30,51.480000000000004,38.54,24.8575
2025-07-07 09:00:00+05:30,41.410000000000004,34.324999999999996,22.6975
2025-07-07 10:00:00+05:30,45.9125,33.37,22.21
2025-07-07 11:00:00+05:30,36.7575,20.7175,15.73
2025-07-07 12:00:00+05:30,25.8525,30.275,20.619999999999997
2025-07-07 13:00:00+05:30,38.6625,38.7775,24.974999999999998
2025-07-07 14:00:00+05:30,49.45,37.836666666666666,24.545
2025-07-07 15:00:00+05:30,76.975,40.725,25.9675
2025-07-07 16:00:00+05:30,84.77250000000001,43.8575,27.57
2025-07-07 17:00:00+05:30,69.8,49.61,30.5175
2025-07-07 18:00:00+05:30,70.725,47.2775,29.3275
2025-07-07 19:00:00+05:30,35.8275,39.1275,25.15
2025-07-07 20:00:00+05:30,34.94,39.515,25.35
2025-07-07 21:00:00+05:30,39.207499999999996,37.8325,24.4925
2025-07-07 22:00:00+05:30,36.457499999999996,35.120000000000005,23.1025
2025-07-07 23:00:00+05:30,35.72333333333333,32.72,21.873333333333335
2025-07-08 00:00:00+05:30,27.82,32.2,21.6
2025-07-08 01:00:00+05:30,28.445,33.9075,22.4775
2025-07-08 02:00:00+05:30,24.155,34.965,23.025
2025-07-08 03:00:00+05:30,36.6675,36.1125,23.615
2025-07-08 04:00:00+05:30,43.87,33.7425,22.3975
2025-07-08 05:00:00+05:30,37.457499999999996,29.8425,20.4025
2025-07-08 06:00:00+05:30,41.545,27.1925,19.0425
2025-07-08 07:00:00+05:30,44.7125,27.915,19.4125
2025-07-08 08:00:00+05:30,44.1,28.015,19.4625
2025-07-08 09:00:00+05:30,39.18,29.695,20.3225
2025-07-08 10:00:00+05:30,38.725,29.2625,20.1025
2025-07-08 11:00:00+05:30,35.54333333333333,28.233333333333334,19.573333333333334
2025-07-08 12:00:00+05:30,25.855,31.322499999999998,21.1475
2025-07-08 13:00:00+05:30,19.045,30.485,20.73
2025-07-08 14:00:00+05:30,20.175,28.7625,19.845
2025-07-08 15:00:00+05:30,23.959999999999997,27.67,19.286666666666665
2025-07-08 16:00:00+05:30,17.97,36.82,23.97
2025-07-08 17:00:00+05:30,25.3375,33.335,22.1825
2025-07-08 18:00:00+05:30,32.792500000000004,33.515,22.2775
2025-07-08 19:00:00+05:30,28.04,38.4675,24.8125
2025-07-08 20:00:00+05:30,26.7625,43.3825,27.3325
2025-07-08 21:00:00+05:30,26.55,43.45666666666667,27.37
2025-07-08 22:00:00+05:30,47.28333333333333,42.41,26.83666666666667
2025-07-08 23:00:00+05:30,42.72,45.653333333333336,28.493333333333336
2025-07-09 00:00:00+05:30,27.54,50.72,31.09
2025-07-09 01:00:00+05:30,31.155,49.355,30.39
2025-07-09 02:00:00+05:30,27.8725,51.87,31.677500000000002
2025-07-09 03:00:00+05:30,20.82,49.305,31.195
2025-07-09 04:00:00+05:30,25.02,49.84,30.6375
2025-07-09 05:00:00+05:30,24.245,48.6425,30.025
2025-07-09 06:00:00+05:30,28.9725,43.527499999999996,27.395
2025-07-09 07:00:00+05:30,27.86,37.8425,24.4975
2025-07-09 08:00:00+05:30,26.947499999999998,37.205,24.1675
2025-07-09 09:00:00+05:30,33.805,42.765,27.025
2025-07-09 10:00:00+05:30,58.75666666666667,42.26333333333333,26.763333333333332
2025-07-09 11:00:00+05:30,40.425,39.2275,25.205
2025-07-09 12:00:00+05:30,35.9325,49.1825,30.2975
2025-07-09 13:00:00+05:30,64.45500000000001,53.635000000000005,32.582499999999996
2025-07-09 14:00:00+05:30,107.435,49.9875,30.715
2025-07-09 15:00:00+05:30,80.1225,51.9375,31.71
2025-07-09 16:00:00+05:30,81.255,66.1975,39.0125
2025-07-09 17:00:00+05:30,80.3475,69.1975,40.55
2025-07-09 18:00:00+05:30,70.855,63.707499999999996,37.739999999999995
2025-07-09 19:00:00+05:30,64.1625,57.2,34.41
2025-07-09 20:00:00+05:30,72.095,56.76,34.182500000000005
2025-07-09 21:00:00+05:30,60.4975,56.832499999999996,34.22
2025-07-09 22:00:00+05:30,51.1275,56.0975,33.845
2025-07-09 23:00:00+05:30,63.09,54.715,33.17
2025-07-10 00:00:00+05:30,50.73,44.53,27.92
2025-07-10 01:00:00+05:30,37.405,42.415,26.8375
2025-07-10 02:00:00+05:30,30.685,42.230000000000004,26.7425
2025-07-10 03:00:00+05:30,35.085,38.465,24.8125
2025-07-10 04:00:00+05:30,30.142500000000002,35.725,23.41
2025-07-10 05:00:00+05:30,36.556666666666665,36.193333333333335,23.653333333333336
2025-07-10 06:00:00+05:30,38.205,36.2025,23.66
2025-07-10 07:00:00+05:30,42.7975,33.1875,22.1125
2025-07-10 08:00:00+05:30,39.2825,36.74,23.9275
2025-07-10 09:00:00+05:30,39.175,36.379999999999995,23.744999999999997
2025-07-10 10:00:00+05:30,43.3,32.405,21.7075
2025-07-10 11:00:00+05:30,42.96,35.95,23.016666666666666
2025-07-10 12:00:00+05:30,36.965,43.0325,27.1525
2025-07-10 13:00:00+05:30,34.3,48.0725,29.735
2025-07-10 14:00:00+05:30,60.137499999999996,48.307500000000005,29.855
2025-07-10 15:00:00+05:30,60.95,45.4525,28.3925
2025-07-10 16:00:00+05:30,41.57,47.295,29.3375
2025-07-10 17:00:00+05:30,34.019999999999996,45.535,28.435
2025-07-10 18:00:00+05:30,37.2625,42.22,26.735
2025-07-10 19:00:00+05:30,44.515,43.69,27.4875
2025-07-10 20:00:00+05:30,45.1,49.3975,30.4075
2025-07-10 21:00:00+05:30,48.25333333333333,49.843333333333334,30.636666666666667
2025-07-10 22:00:00+05:30,34.225,46.995000000000005,29.18
2025-07-10 23:00:00+05:30,27.27333333333333,54.06,32.800000000000004
2025-07-11 00:00:00+05:30,21.94,66.63,39.23
2025-07-11 01:00:00+05:30,22.6575,61.542500000000004,36.6275
2025-07-11 02:00:00+05:30,21.3125,54.5875,33.0675
2025-07-11 03:00:00+05:30,22.805,52.68,32.089999999999996
2025-07-11 04:00:00+05:30,19.93,52.375,31.9375
2025-07-11 05:00:00+05:30,23.166666666666668,49.85666666666666,30.646666666666665
2025-07-11 06:00:00+05:30,28.07,48.1775,29.79
2025-07-11 07:00:00+05:30,25.35,47.2125,29.294999999999998
2025-07-11 08:00:00+05:30,27.6625,50.0,30.72
2025-07-11 09:00:00+05:30,34.7875,54.6975,33.13
2025-07-11 10:00:00+05:30,49.935,55.35,33.46
2025-07-11 11:00:00+05:30,14.895,51.68,31.5825
2025-07-11 12:00:00+05:30,18.2575,44.2775,27.7925
2025-07-11 13:00:00+05:30,38.32666666666667,37.405,24.275
2025-07-11 14:00:00+05:30,45.025,36.7975,23.9625
2025-07-11 15:00:00+05:30,36.9875,40.19,25.695
2025-07-11 16:00:00+05:30,40.055,46.885,29.125
2025-07-11 17:00:00+05:30,72.1575,47.012499999999996,29.1925
2025-07-11 18:00:00+05:30,124.88,48.69,30.049999999999997
2025-07-11 19:00:00+05:30,85.2875,68.7475,40.315
2025-07-11 20:00:00+05:30,69.78,80.715,46.4475
2025-07-11 21:00:00+05:30,48.69333333333333,80.94333333333333,46.56333333333333
2025-07-11 22:00:00+05:30,59.665,75.245,43.644999999999996
2025-07-11 23:00:00+05:30,75.12333333333333,72.08666666666666,42.02666666666667
2025-07-12 00:00:00+05:30,50.16,69.69,40.8
2025-07-12 01:00:00+05:30,53.4,72.00999999999999,41.99
2025-07-12 02:00:00+05:30,40.04,67.05499999999999,39.45
2025-07-12 03:00:00+05:30,30.54,65.465,38.6375
2025-07-12 04:00:00+05:30,34.195,61.067499999999995,36.385
2025-07-12 05:00:00+05:30,42.333333333333336,57.25666666666666,34.43
2025-07-12 06:00:00+05:30,41.7975,62.989999999999995,37.3725
2025-07-12 07:00:00+05:30,39.555,62.055,36.8925
2025-07-12 08:00:00+05:30,47.845,57.885,34.755
2025-07-12 09:00:00+05:30,43.3875,60.45,36.07
2025-07-12 10:00:00+05:30,42.9525,65.025,38.410000000000004
2025-07-12 11:00:00+05:30,41.335,57.9825,34.8075
2025-07-12 12:00:00+05:30,31.9225,51.445,31.4575
2025-07-12 13:00:00+05:30,31.79,53.0275,32.2675
2025-07-12 14:00:00+05:30,39.09,59.7125,35.6925
2025-07-12 15:00:00+05:30,45.73,61.46,36.586666666666666
2025-07-12 16:00:00+05:30,61.427499999999995,66.3075,39.067499999999995
2025-07-12 17:00:00+05:30,69.7075,71.215,41.58
2025-07-12 18:00:00+05:30,61.517500000000005,71.22749999999999,41.59
2025-07-12 19:00:00+05:30,46.99,65.8425,38.8325
2025-07-12 20:00:00+05:30,42.7175,54.6275,33.0925
2025-07-12 21:00:00+05:30,65.1325,46.57,28.965
2025-07-12 22:00:00+05:30,94.585,50.2275,30.8325
2025-07-12 23:00:00+05:30,94.68,56.23666666666666,33.91
2025-07-13 00:00:00+05:30,48.92,73.12,42.56
2025-07-13 01:00:00+05:30,37.045,68.575,40.2325
2025-07-13 02:00:00+05:30,29.915,67.35,39.599999999999994
2025-07-13 03:00:00+05:30,37.575,65.89,38.8575
2025-07-13 04:00:00+05:30,47.9,68.3375,40.11
2025-07-13 05:00:00+05:30,45.225,75.9475,44.010000000000005
2025-07-13 06:00:00+05:30,28.995,74.9775,43.510000000000005
2025-07-13 07:00:00+05:30,35.015,76.3275,44.21
2025-07-13 08:00:00+05:30,35.7325,80.515,46.3425
2025-07-13 09:00:00+05:30,38.85666666666666,80.89666666666666,46.53666666666667
2025-07-13 10:00:00+05:30,37.5325,74.3275,43.175
2025-07-13 11:00:00+05:30,34.7675,71.06,41.5
2025-07-13 12:00:00+05:30,43.7425,74.2175,43.120000000000005
2025-07-13 13:00:00+05:30,47.4075,70.8175,41.38
2025-07-13 14:00:00+05:30,75.72749999999999,59.9125,35.795
2025-07-13 15:00:00+05:30,54.74666666666667,50.63,31.043333333333333
2025-07-13 16:00:00+05:30,55.25,48.28,29.84
2025-07-13 17:00:00+05:30,84.7625,44.0775,27.69
2025-07-13 18:00:00+05:30,86.4875,39.82,25.5075
2025-07-13 19:00:00+05:30,94.50999999999999,42.46666666666667,26.856666666666666
2025-07-13 20:00:00+05:30,114.2125,44.6075,27.9575
2025-07-13 21:00:00+05:30,96.97333333333334,44.74666666666667,28.03
2025-07-13 22:00:00+05:30,74.125,45.24,28.285
2025-07-13 23:00:00+05:30,68.79333333333334,45.0,28.16333333333333
2025-07-14 00:00:00+05:30,65.27,53.85,32.69
2025-07-14 01:00:00+05:30,59.1175,47.72,29.5525
2025-07-14 02:00:00+05:30,63.5275,44.0225,27.66
2025-07-14 03:00:00+05:30,66.2875,41.715,26.48
2025-07-14 04:00:00+05:30,52.8875,40.72,25.97
2025-07-14 05:00:00+05:30,52.26666666666667,40.96,26.09
2025-07-14 06:00:00+05:30,56.8275,40.375,25.7925
2025-07-14 07:00:00+05:30,55.5225,39.585,25.39
2025-07-14 08:00:00+05:30,50.135,44.332499999999996,27.82
2025-07-14 09:00:00+05:30,46.2175,46.3925,28.875
2025-07-14 10:00:00+05:30,48.5325,41.1775,26.205
2025-07-14 11:00:00+05:30,39.696666666666665,37.52,24.333333333333332
2025-07-14 12:00:00+05:30,25.4,44.489999999999995,27.9
2025-07-14 13:00:00+05:30,19.855,48.7225,30.065
2025-07-14 14:00:00+05:30,25.400000000000002,45.45333333333334,28.393333333333334
2025-07-14 15:00:00+05:30,22.0275,40.3225,25.7675
2025-07-14 16:00:00+05:30,18.6825,35.69,23.395
2025-07-14 17:00:00+05:30,20.085,33.345,22.195
2025-07-14 18:00:00+05:30,18.175,33.435,22.2375
2025-07-14 19:00:00+05:30,22.245,30.71,20.845
2025-07-14 20:00:00+05:30,27.8125,27.1525,19.025
2025-07-14 21:00:00+05:30,22.835,24.8475,17.8425
2025-07-14 22:00:00+05:30,29.8,30.2275,20.6
2025-07-14 23:00:00+05:30,41.13,35.96,23.53333333333333
2025-07-15 00:00:00+05:30,30.73,45.89,28.62
2025-07-15 01:00:00+05:30,28.8975,46.9875,29.177500000000002
2025-07-15 02:00:00+05:30,24.4,42.25,26.75
2025-07-15 03:00:00+05:30,26.0125,41.165,26.195
2025-07-15 04:00:00+05:30,28.759999999999998,44.45,27.875
2025-07-15 05:00:00+05:30,31.2,44.919999999999995,28.12
2025-07-15 06:00:00+05:30,40.4625,48.57,29.9925
2025-07-15 07:00:00+05:30,40.3875,55.13,33.347500000000004
2025-07-15 08:00:00+05:30,34.2575,51.9125,31.7
2025-07-15 09:00:00+05:30,55.7725,49.66,30.5475
2025-07-15 10:00:00+05:30,57.973333333333336,50.61666666666667,31.036666666666665
2025-07-15 11:00:00+05:30,51.4125,49.205,30.315
2025-07-15 12:00:00+05:30,45.505,53.9125,32.725
2025-07-15 13:00:00+05:30,32.7125,54.082499999999996,32.81
2025-07-15 14:00:00+05:30,20.2425,55.99,33.785
2025-07-15 15:00:00+05:30,20.0375,56.605000000000004,34.1
2025-07-15 16:00:00+05:30,23.1,59.114999999999995,35.39
2025-07-15 17:00:00+05:30,23.759999999999998,57.91,34.7725
2025-07-15 18:00:00+05:30,63.49333333333334,58.6025,35.1225
2025-07-15 19:00:00+05:30,63.9825,67.61500000000001,39.7375
2025-07-15 20:00:00+05:30,61.405,74.39750000000001,43.207499999999996
2025-07-15 21:00:00+05:30,49.695,72.365,42.167500000000004
2025-07-15 22:00:00+05:30,34.69,70.1675,41.045
2025-07-15 23:00:00+05:30,29.603333333333335,65.03333333333335,38.416666666666664
2025-07-16 00:00:00+05:30,22.45,67.05,39.45
2025-07-16 01:00:00+05:30,47.2375,66.57249999999999,39.2025
2025-07-16 02:00:00+05:30,98.375,65.61500000000001,38.712500000000006
2025-07-16 03:00:00+05:30,114.9325,64.285,38.03
2025-07-16 04:00:00+05:30,134.3875,62.47,37.105000000000004
2025-07-16 05:00:00+05:30,123.24000000000001,57.11,34.36
2025-07-16 06:00:00+05:30,117.19,50.21333333333333,30.830000000000002
2025-07-16 07:00:00+05:30,112.8575,46.405,28.880000000000003
2025-07-16 08:00:00+05:30,103.88,46.6025,28.98
2025-07-16 09:00:00+05:30,87.3575,46.0975,28.7225
2025-07-16 10:00:00+05:30,75.9325,45.345,28.3375
2025-07-16 11:00:00+05:30,71.72666666666667,52.4275,31.9625
2025-07-16 12:00:00+05:30,56.6725,63.457499999999996,37.61
2025-07-16 13:00:00+05:30,75.97000000000001,65.69,38.75333333333333
2025-07-16 14:00:00+05:30,73.5925,60.260000000000005,35.985
2025-07-16 15:00:00+05:30,95.7125,57.6075,34.6175
2025-07-16 16:00:00+05:30,83.68,59.32666666666666,35.49666666666666
2025-07-16 17:00:00+05:30,101.37,59.419999999999995,35.54333333333333
2025-07-16 18:00:00+05:30,116.6775,59.2875,35.474999999999994
2025-07-16 19:00:00+05:30,105.61,59.39666666666667,35.53
2025-07-16 20:00:00+05:30,106.91000000000001,63.3275,38.26666666666667
2025-07-16 21:00:00+05:30,94.605,67.89250000000001,39.88
2025-07-16 22:00:00+05:30,69.735,66.9025,39.3725
2025-07-16 23:00:00+05:30,66.36333333333333,63.42333333333334,37.59
2025-07-17 00:00:00+05:30,61.71,62.38,37.06
2025-07-17 01:00:00+05:30,61.82,60.623333333333335,36.160000000000004
2025-07-17 02:00:00+05:30,60.9825,59.667500000000004,35.667500000000004
2025-07-17 03:00:00+05:30,53.5575,53.825,32.68
2025-07-17 04:00:00+05:30,49.315,48.739999999999995,30.075
2025-07-17 05:00:00+05:30,51.276666666666664,50.18,30.8125
2025-07-17 06:00:00+05:30,50.45,52.754999999999995,32.1275
2025-07-17 07:00:00+05:30,42.6325,52.69,32.0975
2025-07-17 08:00:00+05:30,42.215,52.9775,32.2425
2025-07-17 09:00:00+05:30,41.75,52.925,32.2175
2025-07-17 10:00:00+05:30,32.19,52.4,31.95
2025-07-17 11:00:00+05:30,28.586666666666662,28.623333333333335,19.776666666666667
2025-07-17 12:00:00+05:30,26.7875,72.35249999999999,42.167500000000004
2025-07-17 13:00:00+05:30,27.76,82.64999999999999,47.44
2025-07-17 14:00:00+05:30,29.61,74.1625,43.082499999999996
2025-07-17 15:00:00+05:30,39.875,70.14750000000001,41.0325
2025-07-17 16:00:00+05:30,33.192499999999995,66.345,39.0875
2025-07-17 17:00:00+05:30,34.4525,69.84,40.875
2025-07-17 18:00:00+05:30,35.975,66.64,39.2375
2025-07-17 19:00:00+05:30,43.75,63.7275,37.75
2025-07-17 20:00:00+05:30,51.8525,64.3375,38.065
2025-07-17 21:00:00+05:30,32.26,66.3475,39.0925
2025-07-17 22:00:00+05:30,29.256666666666664,67.71,39.78666666666667
2025-07-17 23:00:00+05:30,34.28333333333334,65.59333333333333,38.70333333333333
2025-07-18 00:00:00+05:30,29.06,65.26,38.53
2025-07-18 01:00:00+05:30,28.35,64.6725,38.230000000000004
2025-07-18 02:00:00+05:30,29.439999999999998,63.4625,37.61
2025-07-18 03:00:00+05:30,28.62,52.8,32.15
2025-07-18 04:00:00+05:30,30.875,53.4275,32.475
2025-07-18 05:00:00+05:30,35.285,46.405,28.880000000000003
2025-07-18 06:00:00+05:30,42.82,51.7775,31.63
2025-07-18 07:00:00+05:30,38.4525,49.4175,30.419999999999998
2025-07-18 08:00:00+05:30,33.655,48.489999999999995,29.947499999999998
2025-07-18 09:00:00+05:30,33.5125,48.0725,29.735
2025-07-18 10:00:00+05:30,35.9625,55.415,33.495000000000005
2025-07-18 11:00:00+05:30,37.056666666666665,54.49,33.02
2025-07-18 12:00:00+05:30,61.885000000000005,58.587500000000006,35.115
2025-07-18 13:00:00+05:30,45.3925,54.86,33.195
2025-07-18 14:00:00+05:30,40.0625,48.629999999999995,30.017500000000002
2025-07-18 15:00:00+05:30,44.89,44.785,28.05
2025-07-18 16:00:00+05:30,42.1375,56.614999999999995,34.135
2025-07-18 17:00:00+05:30,45.6725,54.7775,33.167500000000004
2025-07-18 18:00:00+05:30,40.557500000000005,58.8975,35.28
2025-07-18 19:00:00+05:30,40.59666666666667,61.673333333333325,36.696666666666665
2025-07-18 20:00:00+05:30,37.985,62.3975,37.065
2025-07-18 21:00:00+05:30,41.847500000000004,65.21,38.5075
2025-07-18 22:00:00+05:30,43.955,63.647499999999994,37.7075
2025-07-18 23:00:00+05:30,38.38333333333333,62.050000000000004,36.89
2025-07-19 00:00:00+05:30,32.56,64.63,38.21
2025-07-19 01:00:00+05:30,32.7575,62.595,37.175
2025-07-19 02:00:00+05:30,33.5275,55.400000000000006,33.485
2025-07-19 03:00:00+05:30,28.560000000000002,55.82,33.699999999999996
2025-07-19 04:00:00+05:30,24.7275,58.432500000000005,35.0375
2025-07-19 05:00:00+05:30,31.475,50.89,31.16
2025-07-19 06:00:00+05:30,34.115,52.585,32.040000000000006
2025-07-19 07:00:00+05:30,31.814999999999998,50.3775,30.92
2025-07-19 08:00:00+05:30,25.8925,48.165,29.78
2025-07-19 09:00:00+05:30,31.97,48.56,29.9825
2025-07-19 10:00:00+05:30,29.1325,53.5675,32.5375
2025-07-19 11:00:00+05:30,29.415,55.215,33.3875
2025-07-19 12:00:00+05:30,65.75,62.0575,36.894999999999996
2025-07-19 13:00:00+05:30,52.29,61.4225,36.565
2025-07-19 14:00:00+05:30,97.605,51.8775,31.68
2025-07-19 15:00:00+05:30,85.83,51.419999999999995,31.44666666666667
2025-07-19 16:00:00+05:30,30.3,54.79,33.1725
2025-07-19 17:00:00+05:30,99.23249999999999,49.942499999999995,30.692500000000003
2025-07-19 18:00:00+05:30,121.16749999999999,63.0475,37.3725
2025-07-19 19:00:00+05:30,54.633333333333326,73.60666666666667,42.82
2025-07-19 20:00:00+05:30,58.5825,83.4175,47.8325
2025-07-19 21:00:00+05:30,35.4,79.97,46.065
2025-07-19 22:00:00+05:30,32.1275,77.9375,45.0225
2025-07-19 23:00:00+05:30,28.77,70.25,41.089999999999996
2025-07-20 00:00:00+05:30,37.78,58.49,35.07
2025-07-20 01:00:00+05:30,39.445,58.2825,34.9625
2025-07-20 02:00:00+05:30,32.155,59.4925,35.58
2025-07-20 03:00:00+05:30,33.505,52.6775,32.105000000000004
2025-07-20 04:00:00+05:30,38.1175,50.6325,31.044999999999998
2025-07-20 05:00:00+05:30,37.46,47.18,29.2775
2025-07-20 06:00:00+05:30,47.1775,46.230000000000004,28.7925
2025-07-20 07:00:00+05:30,49.71,43.5325,27.41
2025-07-20 08:00:00+05:30,49.635,50.9325,31.197499999999998
2025-07-20 09:00:00+05:30,49.25,53.05,32.28
2025-07-20 10:00:00+05:30,39.9125,55.21,33.394999999999996
2025-07-20 11:00:00+05:30,45.54,52.675,32.089999999999996
2025-07-20 12:00:00+05:30,39.96666666666667,56.10999999999999,33.846666666666664
2025-07-20 13:00:00+05:30,59.364999999999995,62.714999999999996,37.235
2025-07-20 14:00:00+05:30,70.875,56.2625,33.942499999999995
2025-07-20 15:00:00+05:30,43.97,55.9275,33.754999999999995
2025-07-20 16:00:00+05:30,24.865000000000002,58.055,34.8425
2025-07-20 17:00:00+05:30,24.34,47.99,29.69
2025-07-20 18:00:00+05:30,55.695,44.015,27.6575
2025-07-20 19:00:00+05:30,78.4125,47.15,29.26
2025-07-20 20:00:00+05:30,77.09,52.5075,32.005
2025-07-20 21:00:00+05:30,104.05250000000001,57.309999999999995,34.4675
2025-07-20 22:00:00+05:30,69.0125,58.6025,35.1225
2025-07-20 23:00:00+05:30,85.30666666666666,58.413333333333334,35.026666666666664
2025-07-21 00:00:00+05:30,61.22,72.71,42.35
2025-07-21 01:00:00+05:30,60.1825,70.07499999999999,41.0
2025-07-21 02:00:00+05:30,66.9975,59.2825,35.474999999999994
2025-07-21 03:00:00+05:30,58.45,54.3125,32.93
2025-07-21 04:00:00+05:30,71.225,68.2825,40.0775
2025-07-21 05:00:00+05:30,74.005,64.1375,37.975
2025-07-21 06:00:00+05:30,63.83,63.8175,37.792500000000004
2025-07-21 07:00:00+05:30,44.185,61.255,36.4825
2025-07-21 08:00:00+05:30,35.5575,65.825,38.822500000000005
2025-07-21 09:00:00+05:30,37.5475,59.4725,35.585
2025-07-21 10:00:00+05:30,45.376666666666665,56.394999999999996,33.995
2025-07-21 11:00:00+05:30,46.605,53.435,32.475
2025-07-21 12:00:00+05:30,44.835,56.5225,34.0525
2025-07-21 13:00:00+05:30,48.385,57.4675,34.5475
2025-07-21 14:00:00+05:30,50.81,50.515,30.997500000000002
2025-07-21 15:00:00+05:30,41.0475,54.19,32.865
2025-07-21 16:00:00+05:30,31.22,48.5775,29.9925
2025-07-21 17:00:00+05:30,10.7525,41.125,26.174999999999997
2025-07-21 18:00:00+05:30,11.0225,45.56,28.4475
2025-07-21 19:00:00+05:30,19.115,41.7975,26.52
2025-07-21 20:00:00+05:30,26.9175,37.235,24.1825
2025-07-21 21:00:00+05:30,22.7025,40.1075,25.6525
2025-07-21 22:00:00+05:30,18.955,39.55,25.3675
2025-07-21 23:00:00+05:30,15.853333333333333,37.51666666666667,24.33
2025-07-22 00:00:00+05:30,16.14,35.78,23.44
2025-07-22 01:00:00+05:30,18.115000000000002,37.370000000000005,24.247500000000002
2025-07-22 02:00:00+05:30,31.119999999999997,36.5575,23.835
2025-07-22 03:00:00+05:30,44.3,34.095,22.5725
2025-07-22 04:00:00+05:30,52.21,41.6025,26.4025
2025-07-22 05:00:00+05:30,67.9775,39.1075,25.1425
2025-07-22 06:00:00+05:30,49.775,41.41,26.315
2025-07-22 07:00:00+05:30,31.545,42.332499999999996,26.795
2025-07-22 08:00:00+05:30,22.82,48.089999999999996,29.73
2025-07-22 09:00:00+05:30,23.3075,46.95,29.1675
2025-07-22 10:00:00+05:30,27.09,42.835,27.055
2025-07-22 11:00:00+05:30,25.372500000000002,35.4375,23.2675
2025-07-22 12:00:00+05:30,34.099999999999994,19.855,15.287500000000001
2025-07-22 13:00:00+05:30,27.83,87.53000000000002,49.93
2025-07-22 14:00:00+05:30,30.77,67.7325,39.7975
2025-07-22 15:00:00+05:30,38.4875,51.205,31.34
2025-07-22 16:00:00+05:30,64.1775,54.5,33.025
2025-07-22 17:00:00+05:30,32.8075,49.64000000000001,30.53
2025-07-22 18:00:00+05:30,24.4775,46.1775,28.7625
2025-07-22 19:00:00+05:30,25.905,43.675000000000004,27.485
2025-07-22 20:00:00+05:30,28.7975,39.3875,25.2825
2025-07-22 21:00:00+05:30,29.4525,41.4625,26.31
2025-07-22 22:00:00+05:30,27.0825,42.7125,26.990000000000002
2025-07-22 23:00:00+05:30,23.320000000000004,38.74,24.959999999999997
2025-07-23 00:00:00+05:30,23.75,41.75,26.5
2025-07-23 01:00:00+05:30,21.9775,37.0,24.0675
2025-07-23 02:00:00+05:30,25.69,34.7175,22.895
2025-07-23 03:00:00+05:30,49.4975,37.4775,24.310000000000002
2025-07-23 04:00:00+05:30,66.2875,42.475,26.87
2025-07-23 05:00:00+05:30,83.2975,62.405,37.075
2025-07-23 06:00:00+05:30,40.1325,51.06,31.2625
2025-07-23 07:00:00+05:30,36.22,48.222500000000004,29.810000000000002
2025-07-23 08:00:00+05:30,39.61,44.3875,27.85
2025-07-23 09:00:00+05:30,40.935,47.4525,29.415
2025-07-23 10:00:00+05:30,44.315,53.762499999999996,32.6475
2025-07-23 11:00:00+05:30,40.0125,57.625,34.6225
2025-07-23 12:00:00+05:30,30.1,49.542500000000004,30.4875
2025-07-23 13:00:00+05:30,30.6925,52.325,31.9075
2025-07-23 14:00:00+05:30,29.1825,62.285,37.01
2025-07-23 15:00:00+05:30,30.335,57.6275,34.625
2025-07-23 16:00:00+05:30,37.045,50.815,31.134999999999998
2025-07-23 17:00:00+05:30,43.065,53.1075,32.309999999999995
2025-07-23 18:00:00+05:30,48.505,56.019999999999996,33.8
2025-07-23 19:00:00+05:30,28.3725,46.53,28.945
2025-07-23 20:00:00+05:30,48.005,53.582499999999996,32.55
2025-07-23 21:00:00+05:30,39.18,48.964999999999996,30.1925
2025-07-23 22:00:00+05:30,29.03,43.550000000000004,27.425
2025-07-23 23:00:00+05:30,31.05666666666667,42.91,27.09
2025-07-24 00:00:00+05:30,26.65,36.46,23.79
2025-07-24 01:00:00+05:30,21.3675,39.1075,25.1425
2025-07-24 02:00:00+05:30,23.84,35.3525,23.215
2025-07-24 03:00:00+05:30,40.552499999999995,37.427499999999995,24.275
2025-07-24 04:00:00+05:30,36.6325,32.5875,21.8075
2025-07-24 05:00:00+05:30,35.735,34.93,23.002499999999998
2025-07-24 06:00:00+05:30,74.35,31.494999999999997,21.24
2025-07-24 07:00:00+05:30,56.54,37.18,24.155
2025-07-24 08:00:00+05:30,55.415,48.72,30.0625
2025-07-24 09:00:00+05:30,54.18,53.885000000000005,32.707499999999996
2025-07-24 10:00:00+05:30,45.685,59.96,35.82
2025-07-24 11:00:00+05:30,37.77,50.205,30.825000000000003
2025-07-24 12:00:00+05:30,34.4925,52.777499999999996,32.1425
2025-07-24 13:00:00+05:30,31.405,53.83,32.68
2025-07-24 14:00:00+05:30,27.8075,55.714999999999996,33.6425
2025-07-24 15:00:00+05:30,31.2,61.65,36.69
2025-07-24 17:00:00+05:30,32.42,69.13,40.52
2025-07-24 18:00:00+05:30,44.075,57.4425,34.53
2025-07-24 19:00:00+05:30,40.9625,55.6425,33.6125
2025-07-24 20:00:00+05:30,37.455,67.795,39.83
2025-07-24 21:00:00+05:30,54.0175,80.1025,46.1325
2025-07-24 22:00:00+05:30,39.2225,73.13,42.5625
2025-07-24 23:00:00+05:30,48.596666666666664,74.54,43.28
2025-07-25 00:00:00+05:30,21.69,64.68,38.23
2025-07-25 01:00:00+05:30,22.740000000000002,50.2125,30.8275
2025-07-25 02:00:00+05:30,39.945,52.155,31.82
2025-07-25 03:00:00+05:30,50.8725,46.155,28.7525
2025-07-25 04:00:00+05:30,29.3175,45.432500000000005,28.377499999999998
2025-07-25 05:00:00+05:30,31.962500000000002,52.385,31.9375
2025-07-25 06:00:00+05:30,36.8675,52.2125,31.855
2025-07-25 07:00:00+05:30,32.6525,42.4725,26.87
2025-07-25 08:00:00+05:30,31.802500000000002,40.82,26.02
2025-07-25 09:00:00+05:30,23.7675,38.9025,25.0375
2025-07-25 10:00:00+05:30,27.162499999999998,42.502500000000005,26.8825
2025-07-25 11:00:00+05:30,28.66,37.2575,24.2
2025-07-25 12:00:00+05:30,43.36,41.025,26.1275
2025-07-25 13:00:00+05:30,34.93,44.565,27.9425
2025-07-25 14:00:00+05:30,27.69,37.086666666666666,24.10666666666667
2025-07-25 15:00:00+05:30,18.2975,35.09,23.085
2025-07-25 16:00:00+05:30,25.105,32.2925,21.6575
2025-07-25 17:00:00+05:30,29.3975,36.292500000000004,23.6925
2025-07-25 18:00:00+05:30,3.606666666666669,30.44666666666667,20.713333333333335
2025-07-25 19:00:00+05:30,-74.99249999999999,29.43,20.185000000000002
2025-07-25 20:00:00+05:30,-50.2975,36.557500000000005,23.837500000000002
2025-07-25 21:00:00+05:30,140.58249999999998,42.620000000000005,26.9425
2025-07-25 22:00:00+05:30,3.6175,47.3375,29.3575
2025-07-25 23:00:00+05:30,1.8233333333333333,44.87,28.09
2025-07-26 00:00:00+05:30,-3.25,41.11,26.17
2025-07-26 01:00:00+05:30,19.865000000000002,41.185,26.205
2025-07-26 02:00:00+05:30,25.1175,34.432500000000005,22.747500000000002
2025-07-26 03:00:00+05:30,36.3175,29.515,20.235
2025-07-26 04:00:00+05:30,30.5725,26.875,18.877499999999998
2025-07-26 05:00:00+05:30,43.49,27.4925,19.1925
2025-07-26 06:00:00+05:30,49.114999999999995,25.552500000000002,18.200000000000003
2025-07-26 07:00:00+05:30,45.2925,25.685000000000002,18.2725
2025-07-26 08:00:00+05:30,42.765,36.317499999999995,23.715
2025-07-26 09:00:00+05:30,50.894999999999996,40.42,25.815
2025-07-26 10:00:00+05:30,44.300000000000004,39.005,25.0925
2025-07-26 11:00:00+05:30,38.55,39.1525,25.1625
2025-07-26 12:00:00+05:30,46.00333333333333,39.56,25.37
2025-07-26 13:00:00+05:30,52.32666666666666,33.62,22.33666666666667
2025-07-26 14:00:00+05:30,47.5675,40.5875,25.9
2025-07-26 15:00:00+05:30,50.64,42.6025,26.935000000000002
2025-07-26 16:00:00+05:30,55.6975,35.287499999999994,23.1875
2025-07-26 17:00:00+05:30,46.81,33.71,22.38
2025-07-26 18:00:00+05:30,116.58250000000001,35.3775,23.2325
2025-07-26 19:00:00+05:30,28.475,32.6675,21.845
2025-07-26 20:00:00+05:30,29.552500000000002,31.93,21.4675
2025-07-26 21:00:00+05:30,23.240000000000002,39.42,25.3
2025-07-26 22:00:00+05:30,26.405,42.8925,27.080000000000002
2025-07-26 23:00:00+05:30,71.64333333333333,39.3,25.24
2025-07-27 00:00:00+05:30,53.5,44.53,27.92
2025-07-27 01:00:00+05:30,32.28,46.260000000000005,28.8
2025-07-27 02:00:00+05:30,25.445,37.947500000000005,24.5475
2025-07-27 03:00:00+05:30,13.9125,36.877500000000005,24.005
2025-07-27 04:00:00+05:30,13.6125,34.3925,22.7275
2025-07-27 05:00:00+05:30,6.166666666666667,41.666666666666664,26.45
2025-07-27 06:00:00+05:30,5.02,34.7875,22.93
2025-07-27 07:00:00+05:30,4.34,37.5,24.32
2025-07-27 08:00:00+05:30,3.8125,36.502500000000005,23.810000000000002
2025-07-27 09:00:00+05:30,3.61,40.93,26.0625
2025-07-27 10:00:00+05:30,4.01,34.485,22.78
2025-07-27 11:00:00+05:30,3.8166666666666664,30.646666666666665,20.80666666666667
2025-07-27 12:00:00+05:30,3.25,38.8425,25.009999999999998
2025-07-27 13:00:00+05:30,13.5475,48.86,30.134999999999998
2025-07-27 14:00:00+05:30,16.3825,42.775,27.017500000000002
2025-07-27 15:00:00+05:30,16.384999999999998,42.5175,26.887500000000003
2025-07-27 16:00:00+05:30,16.5225,48.400000000000006,29.9
2025-07-27 17:00:00+05:30,16.123333333333335,66.19333333333333,39.01
2025-07-27 18:00:00+05:30,15.5,65.8475,38.835
2025-07-27 19:00:00+05:30,15.4825,58.1225,34.8775
2025-07-27 20:00:00+05:30,15.7,50.1725,30.807499999999997
2025-07-27 21:00:00+05:30,15.7575,50.6625,31.0575
2025-07-27 22:00:00+05:30,16.715,47.06,29.2175
2025-07-27 23:00:00+05:30,16.366666666666667,55.32,33.44
2025-07-28 00:00:00+05:30,14.75,54.16,32.85
2025-07-28 01:00:00+05:30,14.735,54.2775,32.905
2025-07-28 02:00:00+05:30,15.192499999999999,55.902499999999996,33.745000000000005
2025-07-28 03:00:00+05:30,14.967500000000001,45.64,28.4875
2025-07-28 04:00:00+05:30,14.6425,56.875,34.237500000000004
2025-07-28 05:00:00+05:30,14.8525,55.205,33.3975
2025-07-28 06:00:00+05:30,15.692499999999999,49.1125,30.265
2025-07-28 07:00:00+05:30,16.355,45.9825,28.6625
2025-07-28 08:00:00+05:30,15.52,50.295,30.8675
2025-07-28 09:00:00+05:30,15.67,47.6875,29.5325
2025-07-28 10:00:00+05:30,15.6075,54.46,33.005
2025-07-28 11:00:00+05:30,18.247500000000002,53.72,32.6275
2025-07-28 12:00:00+05:30,16.8025,50.935,31.2025
2025-07-28 13:00:00+05:30,15.535,51.795,31.6375
2025-07-28 14:00:00+05:30,15.0375,51.3575,31.415
2025-07-28 15:00:00+05:30,15.120000000000001,52.435,31.962500000000002
2025-07-28 16:00:00+05:30,14.5525,43.14,27.2075
2025-07-28 17:00:00+05:30,14.594999999999999,45.1225,28.2275
2025-07-28 18:00:00+05:30,16.8525,48.1725,29.7825
2025-07-28 19:00:00+05:30,7.9825,47.8225,29.604999999999997
2025-07-28 20:00:00+05:30,225.0,40.3125,25.7575
2025-07-28 21:00:00+05:30,12.62,50.6075,31.0225
2025-07-28 22:00:00+05:30,28.08,45.29,28.31
2025-07-28 23:00:00+05:30,24.59,47.69,29.540000000000003
2025-07-29 00:00:00+05:30,24.54,51.98,31.73
2025-07-29 01:00:00+05:30,23.8425,46.235,28.7925
2025-07-29 02:00:00+05:30,23.875,40.9,26.06
2025-07-29 03:00:00+05:30,20.0875,49.082499999999996,30.25
2025-07-29 04:00:00+05:30,19.925,39.4375,25.3075
2025-07-29 05:00:00+05:30,21.775,35.2425,23.16
2025-07-29 06:00:00+05:30,22.52,33.15,22.0925
2025-07-29 07:00:00+05:30,27.735,37.945,24.5475
2025-07-29 08:00:00+05:30,39.8625,45.4225,28.3725
2025-07-29 09:00:00+05:30,39.7525,56.32333333333333,33.96
2025-07-29 10:00:00+05:30,50.3975,54.745000000000005,33.15
2025-07-29 11:00:00+05:30,50.185,52.182500000000005,31.837500000000002
2025-07-29 12:00:00+05:30,55.255,55.585,33.58
2025-07-29 13:00:00+05:30,60.225,61.6625,36.6925
2025-07-29 14:00:00+05:30,65.8825,63.495,37.625
2025-07-29 15:00:00+05:30,65.5375,58.1975,34.915
2025-07-29 16:00:00+05:30,65.865,58.902499999999996,35.2825
2025-07-29 17:00:00+05:30,65.04249999999999,53.8475,32.692499999999995
2025-07-29 18:00:00+05:30,51.765,52.5,32.0025
2025-07-29 19:00:00+05:30,39.72,46.9075,29.137500000000003
2025-07-29 20:00:00+05:30,32.1425,51.737500000000004,31.61
2025-07-29 21:00:00+05:30,31.92,47.64,29.5125
2025-07-29 22:00:00+05:30,28.33,51.49,31.4825
2025-07-29 23:00:00+05:30,24.80333333333333,47.27,29.320000000000004
2025-07-30 00:00:00+05:30,24.71,42.16,26.71
2025-07-30 01:00:00+05:30,23.822499999999998,38.7775,24.975
2025-07-30 02:00:00+05:30,24.025,32.985,22.009999999999998
2025-07-30 03:00:00+05:30,20.123333333333335,30.62,20.796666666666667
2025-07-30 04:00:00+05:30,19.990000000000002,30.057499999999997,20.53
2025-07-30 05:00:00+05:30,21.634999999999998,43.870000000000005,27.585
2025-07-30 06:00:00+05:30,22.244999999999997,36.322500000000005,23.7175
2025-07-30 07:00:00+05:30,28.195,31.35,21.1725
2025-07-30 08:00:00+05:30,39.77,27.65,19.2775
2025-07-30 09:00:00+05:30,40.1025,26.29,18.5775
2025-07-30 10:00:00+05:30,50.3525,23.432499999999997,17.119999999999997
2025-07-30 11:00:00+05:30,49.06666666666666,23.686666666666667,17.25
2025-07-30 12:00:00+05:30,55.4525,32.99,22.015
2025-07-30 13:00:00+05:30,60.0125,32.685,21.855
2025-07-30 14:00:00+05:30,64.7775,30.380000000000003,20.6725
2025-07-30 15:00:00+05:30,65.695,27.302500000000002,19.1
2025-07-30 16:00:00+05:30,65.42,26.93,18.91
2025-07-30 17:00:00+05:30,65.1225,25.294999999999998,18.072499999999998
2025-07-30 18:00:00+05:30,49.525,25.412499999999998,18.134999999999998
2025-07-30 19:00:00+05:30,40.45,26.17,18.52
2025-07-30 20:00:00+05:30,32.42,36.6125,23.8675
2025-07-30 21:00:00+05:30,32.2,47.6625,29.5225
2025-07-30 22:00:00+05:30,27.9325,40.855,26.04
2025-07-30 23:00:00+05:30,25.293333333333333,36.94,24.040000000000003
2025-07-31 00:00:00+05:30,24.57,33.73,22.39
2025-07-31 01:00:00+05:30,23.69,45.9175,28.6325
2025-07-31 02:00:00+05:30,24.130000000000003,37.900000000000006,24.53
2025-07-31 03:00:00+05:30,19.6075,32.365,21.6925
2025-07-31 04:00:00+05:30,20.3925,31.4175,21.205000000000002
2025-07-31 05:00:00+05:30,21.8225,34.8625,22.97
2025-07-31 06:00:00+05:30,22.307499999999997,35.6225,23.36
2025-07-31 07:00:00+05:30,27.71666666666667,34.27,22.666666666666668
2025-07-31 08:00:00+05:30,39.8775,38.46,24.8125
2025-07-31 09:00:00+05:30,40.7275,48.677499999999995,30.04
2025-07-31 10:00:00+05:30,50.3975,41.8525,26.5475
2025-07-31 11:00:00+05:30,50.09,48.145,29.7775
2025-07-31 12:00:00+05:30,55.0325,44.269999999999996,27.7825
2025-07-31 13:00:00+05:30,59.2125,61.29,36.5
2025-07-31 14:00:00+05:30,65.12666666666667,50.59,31.02
2025-07-31 15:00:00+05:30,64.42750000000001,45.485,28.4125
2025-07-31 16:00:00+05:30,64.8275,52.9875,32.252500000000005
2025-07-31 17:00:00+05:30,65.145,59.205,35.43
2025-07-31 18:00:00+05:30,50.0325,54.64,33.095
2025-07-31 19:00:00+05:30,40.364999999999995,55.64,33.61
2025-07-31 20:00:00+05:30,31.39,66.81,39.33
2025-07-31 21:00:00+05:30,31.8425,72.6275,42.3075
2025-07-31 22:00:00+05:30,27.9325,65.9075,38.8625
2025-08-01 00:00:00+05:30,24.33,63.94,37.85
2025-08-01 01:00:00+05:30,23.447499999999998,64.5475,38.1625
2025-08-01 02:00:00+05:30,24.41,61.144999999999996,36.4275
2025-08-01 03:00:00+05:30,20.0275,62.8125,37.2825
2025-08-01 04:00:00+05:30,20.3625,56.082499999999996,33.835
2025-08-01 05:00:00+05:30,22.6,61.5525,36.63
2025-08-01 06:00:00+05:30,21.925,56.9225,34.262499999999996
2025-08-01 07:00:00+05:30,27.82,59.9975,35.837500000000006
2025-08-01 08:00:00+05:30,39.75,64.6375,38.2125
2025-08-01 09:00:00+05:30,39.76333333333333,76.48,44.29333333333333
2025-08-01 10:00:00+05:30,49.375,70.2225,41.065
2025-08-01 11:00:00+05:30,50.04333333333333,72.37666666666667,42.17666666666667
2025-08-01 12:00:00+05:30,55.04666666666666,70.32000000000001,41.120000000000005
2025-08-01 20:00:00+05:30,31.36,59.19,35.42
2025-08-01 21:00:00+05:30,31.425,65.08500000000001,38.445
2025-08-01 22:00:00+05:30,27.9225,59.287499999999994,35.4775
2025-08-01 23:00:00+05:30,24.849999999999998,61.22,36.47
2025-08-02 00:00:00+05:30,25.86,58.78,35.21
2025-08-02 01:00:00+05:30,24.369999999999997,58.375,35.0125
2025-08-02 02:00:00+05:30,23.744999999999997,59.97,35.82
2025-08-02 03:00:00+05:30,20.18,57.567499999999995,34.589999999999996
2025-08-02 04:00:00+05:30,19.69,49.1525,30.29
2025-08-02 05:00:00+05:30,22.36,46.822500000000005,29.09
2025-08-02 06:00:00+05:30,21.9075,51.045,31.2525
2025-08-02 07:00:00+05:30,28.2725,58.08,34.8575
2025-08-02 08:00:00+05:30,39.870000000000005,55.412499999999994,33.4925
2025-08-02 09:00:00+05:30,39.88333333333333,59.13,35.39
2025-08-02 10:00:00+05:30,50.6,60.167500000000004,35.93
2025-08-02 11:00:00+05:30,49.3825,74.7325,43.385000000000005
2025-08-02 12:00:00+05:30,54.715,80.5975,46.3875
2025-08-02 13:00:00+05:30,59.5275,85.4225,48.855000000000004
2025-08-02 14:00:00+05:30,65.2675,104.9125,58.8375
2025-08-02 15:00:00+05:30,64.2575,89.7425,51.07
2025-08-02 16:00:00+05:30,65.325,87.505,49.9275
2025-08-02 17:00:00+05:30,65.9075,81.82000000000001,47.0125
2025-08-02 18:00:00+05:30,49.885,79.72,45.94
2025-08-02 19:00:00+05:30,39.9025,89.79249999999999,51.09
2025-08-02 20:00:00+05:30,31.975,75.23750000000001,53.0325
2025-08-02 21:00:00+05:30,31.46666666666667,91.34999999999998,51.89000000000001
2025-08-02 22:00:00+05:30,27.9725,86.85,49.595
2025-08-02 23:00:00+05:30,24.44666666666667,81.18,46.68
2025-08-03 00:00:00+05:30,24.55,80.73,46.46
2025-08-03 01:00:00+05:30,24.0025,71.295,41.6225
2025-08-03 02:00:00+05:30,24.54,69.47,40.6875
2025-08-03 03:00:00+05:30,20.243333333333332,79.14333333333333,45.653333333333336
2025-08-03 04:00:00+05:30,20.5025,73.2025,42.6
2025-08-03 05:00:00+05:30,22.192500000000003,75.12,43.5825
2025-08-03 06:00:00+05:30,22.295,79.9325,46.042500000000004
2025-08-03 07:00:00+05:30,27.53,72.30333333333333,42.14333333333334
2025-08-03 08:00:00+05:30,39.935,81.30250000000001,46.739999999999995
2025-08-03 09:00:00+05:30,40.1275,84.1775,48.2225
2025-08-03 10:00:00+05:30,49.99,75.7025,43.8775
2025-08-03 11:00:00+05:30,50.81,76.5475,44.315
2025-08-03 12:00:00+05:30,54.83,80.8325,46.5075
2025-08-03 13:00:00+05:30,59.885,90.6425,51.5275
2025-08-03 14:00:00+05:30,65.175,83.765,48.0075
2025-08-03 15:00:00+05:30,65.45333333333333,82.77333333333333,47.49666666666667
2025-08-03 16:00:00+05:30,65.19,87.78,50.06
2025-08-03 17:00:00+05:30,64.155,85.955,49.129999999999995
2025-08-03 18:00:00+05:30,50.3225,89.4425,50.915
2025-08-03 19:00:00+05:30,39.945,87.39250000000001,49.86
2025-08-03 20:00:00+05:30,32.115,66.275,39.05
2025-08-03 21:00:00+05:30,31.814999999999998,62.0225,36.8725
2025-08-03 22:00:00+05:30,28.345,55.715,33.6325
2025-08-03 23:00:00+05:30,24.64,61.67,36.7
2025-08-04 00:00:00+05:30,24.62,53.62,32.57
2025-08-04 01:00:00+05:30,24.3425,49.852500000000006,30.645
2025-08-04 02:00:00+05:30,24.5,49.9325,30.685000000000002
2025-08-04 03:00:00+05:30,19.875,46.790000000000006,29.0775
2025-08-04 04:00:00+05:30,19.9725,43.9225,27.595
2025-08-04 05:00:00+05:30,21.69,51.56,31.520000000000003
2025-08-04 06:00:00+05:30,21.77333333333333,42.31666666666666,26.78333333333333
2025-08-04 07:00:00+05:30,28.0475,45.86,28.5975
2025-08-04 08:00:00+05:30,39.847500000000004,46.355000000000004,28.855
2025-08-04 09:00:00+05:30,39.885,59.6725,35.6725
2025-08-04 10:00:00+05:30,49.3375,61.2225,36.465
2025-08-04 11:00:00+05:30,49.055,51.6525,35.34
2025-08-04 12:00:00+05:30,54.095,23.445,17.125
2025-08-04 13:00:00+05:30,59.57,108.4375,60.64
2025-08-04 14:00:00+05:30,65.42,99.6,56.1175
2025-08-04 15:00:00+05:30,66.825,91.6375,52.035
2025-08-04 16:00:00+05:30,64.57499999999999,94.65,53.58
2025-08-04 17:00:00+05:30,64.595,89.1175,50.7425
2025-08-04 18:00:00+05:30,49.205,86.39500000000001,49.35
2025-08-04 19:00:00+05:30,39.775,87.94,50.1475
2025-08-04 20:00:00+05:30,32.3075,86.77250000000001,49.545
2025-08-04 21:00:00+05:30,31.186666666666667,89.88666666666667,51.14000000000001
2025-08-04 22:00:00+05:30,28.195,81.8625,47.025000000000006
2025-08-04 23:00:00+05:30,24.993333333333336,75.97,44.02
2025-08-05 00:00:00+05:30,23.49,75.53,43.79
2025-08-05 01:00:00+05:30,23.7775,73.845,42.9325
2025-08-05 02:00:00+05:30,24.2,61.185,36.447500000000005
2025-08-05 03:00:00+05:30,20.03,66.97,39.402499999999996
2025-08-05 04:00:00+05:30,19.705,64.605,38.195
2025-08-05 05:00:00+05:30,21.685000000000002,66.2125,39.005
2025-08-05 06:00:00+05:30,21.705,54.175,32.8525
2025-08-05 07:00:00+05:30,28.325,52.765,32.1375
2025-08-05 08:00:00+05:30,40.375,52.3425,31.9275
2025-08-05 09:00:00+05:30,39.8725,48.295,29.845
2025-08-05 10:00:00+05:30,50.79,54.35,32.945
2025-08-05 11:00:00+05:30,50.0125,57.0625,34.325
2025-08-05 12:00:00+05:30,55.6225,63.9525,37.864999999999995
2025-08-05 13:00:00+05:30,59.09,76.82,44.45
2025-08-05 15:00:00+05:30,65.58,70.99,41.5
2025-08-05 16:00:00+05:30,64.835,75.52,43.79
2025-08-05 17:00:00+05:30,66.64666666666666,71.16333333333334,41.553333333333335
2025-08-05 18:00:00+05:30,50.615,75.83250000000001,43.947500000000005
2025-08-05 19:00:00+05:30,39.86666666666667,77.97666666666667,45.04666666666666
2025-08-05 20:00:00+05:30,32.035,73.12,42.56
2025-08-05 21:00:00+05:30,31.433333333333334,68.04,39.96
2025-08-05 22:00:00+05:30,28.55,77.47,44.78
2025-08-05 23:00:00+05:30,25.02333333333333,73.67,42.84
2025-08-06 00:00:00+05:30,24.52,65.02,38.41
2025-08-06 01:00:00+05:30,23.97,59.88666666666666,35.78333333333333
2025-08-06 02:00:00+05:30,23.8525,52.9925,32.2475
2025-08-06 03:00:00+05:30,19.865000000000002,46.925,29.145
2025-08-06 04:00:00+05:30,19.555,44.824999999999996,28.065
2025-08-06 05:00:00+05:30,22.1,46.6075,28.985
2025-08-06 06:00:00+05:30,22.055,42.91,27.0875
2025-08-06 07:00:00+05:30,28.275,36.5625,23.84
2025-08-06 08:00:00+05:30,40.0475,45.574999999999996,28.4575
2025-08-06 09:00:00+05:30,39.6,50.48666666666667,30.96666666666667
2025-08-06 10:00:00+05:30,49.86,56.254999999999995,33.92
2025-08-06 11:00:00+05:30,49.0025,56.895,34.254999999999995
2025-08-06 12:00:00+05:30,54.835,59.9875,35.835
2025-08-06 13:00:00+05:30,59.6825,70.10749999999999,41.015
2025-08-06 14:00:00+05:30,65.1475,72.665,42.325
2025-08-06 15:00:00+05:30,64.0225,81.1525,46.667500000000004
2025-08-06 16:00:00+05:30,64.94333333333333,77.82333333333332,44.949999999999996
2025-08-06 17:00:00+05:30,63.945,85.13,48.7075
2025-08-06 18:00:00+05:30,49.17,81.775,46.9925
2025-08-06 19:00:00+05:30,39.8525,72.2675,42.125
2025-08-06 20:00:00+05:30,31.9925,73.095,42.55
2025-08-06 21:00:00+05:30,32.4875,75.33749999999999,43.695
2025-08-06 22:00:00+05:30,27.91,67.3425,39.5975
2025-08-06 23:00:00+05:30,25.310000000000002,67.97,39.92
2025-08-07 00:00:00+05:30,24.46,65.68,38.75
2025-08-07 01:00:00+05:30,24.005,70.58250000000001,41.2575
2025-08-07 02:00:00+05:30,24.35,65.07499999999999,38.4375
2025-08-07 03:00:00+05:30,20.3525,69.0575,40.4775
2025-08-07 04:00:00+05:30,19.93,63.39,37.58
2025-08-07 05:00:00+05:30,22.0875,73.6575,42.8425
2025-08-07 06:00:00+05:30,22.3325,67.27000000000001,39.557500000000005
2025-08-07 07:00:00+05:30,27.675,74.045,43.03
2025-08-07 08:00:00+05:30,39.6875,75.75999999999999,43.9075
2025-08-07 09:00:00+05:30,40.02,81.87,47.03666666666667
2025-08-07 10:00:00+05:30,49.98666666666667,78.17666666666666,45.14666666666667
2025-08-07 11:00:00+05:30,49.535,71.225,41.5875
2025-08-07 12:00:00+05:30,55.11333333333334,75.73,43.89000000000001
2025-08-07 13:00:00+05:30,60.0325,81.28750000000001,46.7375
2025-08-07 14:00:00+05:30,65.245,85.7525,49.0275
2025-08-07 15:00:00+05:30,65.2925,82.09,47.15
2025-08-07 16:00:00+05:30,66.215,82.88499999999999,47.56
2025-08-07 17:00:00+05:30,65.415,85.42,48.855000000000004
2025-08-07 18:00:00+05:30,49.39,77.285,44.685
2025-08-07 19:00:00+05:30,40.16,78.01249999999999,45.06
2025-08-07 20:00:00+05:30,32.435,64.235,38.0125
2025-08-07 21:00:00+05:30,31.945,54.995000000000005,33.28
2025-08-07 22:00:00+05:30,28.259999999999998,52.85,32.175
2025-08-07 23:00:00+05:30,25.47,52.98,32.24
2025-08-08 00:00:00+05:30,24.83,54.18,32.86
2025-08-08 01:00:00+05:30,24.3425,56.2275,33.91
2025-08-08 02:00:00+05:30,23.895,46.9475,29.155
2025-08-08 03:00:00+05:30,20.096666666666668,48.199999999999996,29.796666666666667
2025-08-08 04:00:00+05:30,20.067500000000003,44.705,28.0125
2025-08-08 20:00:00+05:30,31.8,45.91,28.62
2025-08-08 21:00:00+05:30,32.3575,41.7175,30.657500000000002
2025-08-08 22:00:00+05:30,28.245,60.665000000000006,36.184999999999995
2025-08-08 23:00:00+05:30,24.513333333333332,49.26,30.34
2025-08-09 00:00:00+05:30,24.03,50.0,30.72
2025-08-09 01:00:00+05:30,23.203333333333333,45.699999999999996,28.516666666666666
2025-08-09 02:00:00+05:30,23.965,46.8225,29.095
2025-08-09 03:00:00+05:30,19.936666666666667,41.92,26.58
2025-08-09 05:00:00+05:30,20.9,50.77,31.11
2025-08-09 06:00:00+05:30,22.002499999999998,50.087500000000006,30.765
2025-08-09 07:00:00+05:30,28.73,40.81,26.01
2025-08-09 08:00:00+05:30,40.32,47.05,29.21
2025-08-09 09:00:00+05:30,40.265,49.504999999999995,30.4675
2025-08-09 10:00:00+05:30,49.76,44.6475,27.98
2025-08-09 11:00:00+05:30,50.7325,44.1675,27.73
2025-08-09 12:00:00+05:30,54.565,38.825,24.994999999999997
2025-08-09 13:00:00+05:30,60.79,41.4225,26.330000000000002
2025-08-09 14:00:00+05:30,64.315,39.015,25.095
2025-08-09 15:00:00+05:30,65.0475,36.465,23.7925
2025-08-09 16:00:00+05:30,64.375,39.15,25.165
2025-08-09 17:00:00+05:30,65.475,38.29,24.72
2025-08-09 18:00:00+05:30,50.0425,38.295,24.7225
2025-08-09 19:00:00+05:30,40.01333333333333,37.830000000000005,24.49
2025-08-09 20:00:00+05:30,31.905,33.7025,22.377499999999998
2025-08-09 21:00:00+05:30,32.2925,40.83,26.0225
2025-08-09 22:00:00+05:30,27.925,34.2975,22.685
2025-08-09 23:00:00+05:30,24.896666666666665,36.11,23.61
2025-08-10 00:00:00+05:30,24.48,46.45,28.9
2025-08-10 01:00:00+05:30,23.695,53.24,32.3925
2025-08-10 02:00:00+05:30,24.267500000000002,43.0275,27.1525
2025-08-10 03:00:00+05:30,20.143333333333334,42.63666666666666,26.953333333333333
2025-08-10 04:00:00+05:30,20.195,36.7775,23.950000000000003
2025-08-10 05:00:00+05:30,22.355,47.042500000000004,29.200000000000003
2025-08-10 06:00:00+05:30,22.35,42.5825,26.9225
2025-08-10 07:00:00+05:30,27.865000000000002,38.427499999999995,24.795
2025-08-10 08:00:00+05:30,40.215,43.615,27.4525
2025-08-10 09:00:00+05:30,40.427499999999995,47.565,29.475
2025-08-10 10:00:00+05:30,49.7425,45.035,28.174999999999997
2025-08-10 11:00:00+05:30,50.02,41.95666666666667,26.603333333333335
2025-08-10 12:00:00+05:30,55.1725,43.6875,27.485
2025-08-10 13:00:00+05:30,60.135000000000005,44.3375,27.82
2025-08-10 14:00:00+05:30,65.3075,44.8125,28.067500000000003
2025-08-10 15:00:00+05:30,64.9125,41.8775,26.5625
2025-08-10 16:00:00+05:30,65.9025,41.4825,26.3625
2025-08-10 17:00:00+05:30,65.8125,38.915,25.045
2025-08-10 18:00:00+05:30,49.035,41.56,26.4
2025-08-10 19:00:00+05:30,40.29,35.515,23.310000000000002
2025-08-10 20:00:00+05:30,31.785,38.5925,24.8825
2025-08-10 21:00:00+05:30,32.5475,40.575,25.895
2025-08-10 22:00:00+05:30,28.1025,37.8325,24.490000000000002
2025-08-10 23:00:00+05:30,25.136666666666667,41.2,26.209999999999997
2025-08-11 00:00:00+05:30,23.99,39.88,25.54
2025-08-11 01:00:00+05:30,23.6275,42.96,27.1175
2025-08-11 02:00:00+05:30,23.9525,36.44,23.775000000000002
2025-08-11 03:00:00+05:30,19.9125,43.0,27.135
2025-08-11 04:00:00+05:30,20.1125,41.6475,26.4425
2025-08-11 05:00:00+05:30,22.2225,35.7025,23.405
2025-08-11 06:00:00+05:30,22.1375,38.4875,24.8225
2025-08-11 07:00:00+05:30,27.973333333333333,36.156666666666666,23.63
2025-08-11 08:00:00+05:30,39.9525,36.7275,23.924999999999997
2025-08-11 09:00:00+05:30,39.7725,39.4825,25.335
2025-08-11 10:00:00+05:30,49.63333333333333,38.79666666666667,24.986666666666668
2025-08-11 11:00:00+05:30,50.705,38.13,24.6475
2025-08-11 12:00:00+05:30,55.1725,37.455,24.3
2025-08-11 13:00:00+05:30,59.5,41.98,26.6125
2025-08-11 14:00:00+05:30,65.045,50.055,30.747500000000002
2025-08-11 15:00:00+05:30,65.52333333333333,51.076666666666675,31.27
2025-08-11 16:00:00+05:30,59.24,55.9825,33.785
2025-08-11 17:00:00+05:30,23.915,50.7725,31.1125
2025-08-11 18:00:00+05:30,21.5725,42.155,26.705
2025-08-11 19:00:00+05:30,22.2725,49.705,30.57
2025-08-11 20:00:00+05:30,22.947499999999998,52.410000000000004,31.9575
2025-08-11 21:00:00+05:30,24.4375,52.64,32.07
2025-08-11 22:00:00+05:30,25.3475,46.905,29.1325
2025-08-11 23:00:00+05:30,25.185,50.56,31.01
2025-08-12 00:00:00+05:30,26.96,42.47,26.87
2025-08-12 01:00:00+05:30,27.067500000000003,38.7425,24.955
2025-08-12 02:00:00+05:30,27.009999999999998,36.5525,23.837500000000002
2025-08-12 03:00:00+05:30,27.5575,34.597500000000004,22.835
2025-08-12 04:00:00+05:30,31.72,34.8425,22.9575
2025-08-12 05:00:00+05:30,48.33,36.9225,24.0225
2025-08-12 06:00:00+05:30,48.045,40.0175,25.6075
2025-08-12 07:00:00+05:30,38.4825,47.34,29.355
2025-08-12 08:00:00+05:30,42.300000000000004,47.68000000000001,29.41
2025-08-12 09:00:00+05:30,39.0175,57.0875,34.345
2025-08-12 10:00:00+05:30,35.865,68.28750000000001,40.0775
2025-08-12 11:00:00+05:30,37.95,62.555,37.1475
2025-08-12 12:00:00+05:30,41.69,67.05,39.45
2025-08-12 13:00:00+05:30,41.2325,67.05,39.45
2025-08-12 14:00:00+05:30,27.155,29.1375,20.04
2025-08-12 15:00:00+05:30,32.182500000000005,69.0575,40.477500000000006
2025-08-12 16:00:00+05:30,38.572500000000005,74.7225,43.3725
2025-08-12 17:00:00+05:30,6.5025,65.9325,38.8825
2025-08-12 18:00:00+05:30,0.0,71.42750000000001,41.695
2025-08-12 19:00:00+05:30,8.34,75.55,43.805
2025-08-12 20:00:00+05:30,27.7175,72.36,42.1775
2025-08-12 21:00:00+05:30,22.23,64.71000000000001,38.25
2025-08-12 22:00:00+05:30,38.5225,64.0175,37.8975
2025-08-12 23:00:00+05:30,50.35999999999999,60.81333333333333,36.26
2025-08-13 00:00:00+05:30,34.62,51.68,31.58
2025-08-13 01:00:00+05:30,32.667500000000004,47.752500000000005,29.57
2025-08-13 02:00:00+05:30,34.3625,33.12,24.79
2025-08-13 03:00:00+05:30,42.09,39.23,25.2075
2025-08-13 04:00:00+05:30,38.885,36.725,23.9275
2025-08-13 05:00:00+05:30,40.18666666666667,35.31,23.2
2025-08-13 06:00:00+05:30,43.96,38.47,24.82
2025-08-13 07:00:00+05:30,45.02,40.0525,25.625
2025-08-13 08:00:00+05:30,46.5325,40.105000000000004,25.65
2025-08-13 09:00:00+05:30,43.9275,38.325,24.740000000000002
2025-08-13 10:00:00+05:30,43.7275,39.09,25.1375
2025-08-13 11:00:00+05:30,36.39,43.7775,27.53
2025-08-13 12:00:00+05:30,44.535,37.345,24.240000000000002
2025-08-13 13:00:00+05:30,39.1,31.68,21.3425
2025-08-13 14:00:00+05:30,32.195,27.59,19.2425
2025-08-13 15:00:00+05:30,26.185,36.097500000000004,23.5975
2025-08-13 16:00:00+05:30,27.0625,33.095,22.055
2025-08-13 17:00:00+05:30,44.3425,28.604999999999997,19.77
2025-08-13 18:00:00+05:30,52.7675,27.759999999999998,19.33
2025-08-13 19:00:00+05:30,64.03999999999999,25.830000000000002,18.345
2025-08-13 20:00:00+05:30,59.5625,27.1025,18.9925
2025-08-13 21:00:00+05:30,58.832499999999996,34.8725,22.975
2025-08-13 22:00:00+05:30,66.065,31.1675,21.0775
2025-08-13 23:00:00+05:30,90.50999999999999,27.723333333333333,19.32
2025-08-14 00:00:00+05:30,111.45,35.72,23.41
2025-08-14 01:00:00+05:30,114.08,33.57333333333333,22.310000000000002
2025-08-14 02:00:00+05:30,97.155,29.1325,20.04
2025-08-14 03:00:00+05:30,89.195,29.89,20.426666666666666
2025-08-14 04:00:00+05:30,93.14750000000001,31.777499999999996,21.3875
2025-08-14 05:00:00+05:30,111.775,28.1625,19.535
2025-08-14 06:00:00+05:30,120.685,27.4925,19.192500000000003
2025-08-14 07:00:00+05:30,126.47666666666667,25.599999999999998,18.223333333333333
2025-08-14 08:00:00+05:30,108.97,26.294999999999998,18.58
2025-08-14 09:00:00+05:30,95.9025,32.0775,21.545
2025-08-14 10:00:00+05:30,97.43,32.440000000000005,21.73
2025-08-14 11:00:00+05:30,115.425,32.5725,21.8
2025-08-14 12:00:00+05:30,116.8925,35.375,23.23
2025-08-14 13:00:00+05:30,121.8525,40.037499999999994,25.6175
2025-08-14 14:00:00+05:30,103.47749999999999,36.045,23.585
2025-08-14 15:00:00+05:30,94.7525,39.4125,25.302500000000002
2025-08-14 16:00:00+05:30,97.5975,38.16,24.6575
2025-08-14 17:00:00+05:30,114.21,33.593333333333334,22.326666666666664
2025-08-14 18:00:00+05:30,125.355,35.03,23.06
2025-08-14 19:00:00+05:30,135.35750000000002,50.790000000000006,31.122500000000002
2025-08-14 20:00:00+05:30,78.4675,53.3975,32.46
2025-08-14 21:00:00+05:30,40.195,46.085,28.685000000000002
2025-08-14 22:00:00+05:30,42.58,43.54,27.41
2025-08-14 23:00:00+05:30,56.88666666666666,41.32666666666666,26.28
2025-08-15 00:00:00+05:30,86.44,42.55,26.91
2025-08-15 01:00:00+05:30,91.7125,38.8725,25.02
2025-08-15 02:00:00+05:30,78.7675,38.0025,24.58
2025-08-15 03:00:00+05:30,74.8375,39.535,25.3625
2025-08-15 04:00:00+05:30,77.725,38.295,24.73
2025-08-15 05:00:00+05:30,98.13,33.214999999999996,22.1275
2025-08-15 06:00:00+05:30,108.9775,31.27,21.1275
2025-08-15 07:00:00+05:30,114.5425,28.8225,19.875
2025-08-15 08:00:00+05:30,100.79249999999999,43.96,27.627499999999998
2025-08-15 09:00:00+05:30,98.7975,38.82,25.0
2025-08-15 10:00:00+05:30,98.7875,35.167500000000004,23.122500000000002
2025-08-15 11:00:00+05:30,115.17,36.225,23.665
2025-08-15 12:00:00+05:30,122.8875,35.76,23.43
2025-08-15 13:00:00+05:30,126.1475,31.165,21.0775
2025-08-15 14:00:00+05:30,110.27333333333333,31.92,21.46666666666667
2025-08-15 15:00:00+05:30,101.5925,32.855000000000004,21.939999999999998
2025-08-15 16:00:00+05:30,101.7225,36.2875,23.7
2025-08-15 17:00:00+05:30,117.75999999999999,32.3575,21.6875
2025-08-15 18:00:00+05:30,128.0925,36.015,23.5575
2025-08-15 19:00:00+05:30,136.4925,40.515,25.865000000000002
2025-08-15 20:00:00+05:30,118.46000000000001,43.1925,27.2375
2025-08-15 21:00:00+05:30,107.1075,40.4825,25.8525
2025-08-15 22:00:00+05:30,108.0425,39.010000000000005,25.0925
2025-08-15 23:00:00+05:30,121.63666666666667,37.51666666666667,24.330000000000002
2025-08-16 00:00:00+05:30,131.4,32.08,21.54
2025-08-16 01:00:00+05:30,129.57999999999998,37.4,24.27
2025-08-16 02:00:00+05:30,108.5625,33.2525,22.1475
2025-08-16 03:00:00+05:30,100.4,35.565,23.3275
2025-08-16 04:00:00+05:30,99.61500000000001,39.59,25.387500000000003
2025-08-16 05:00:00+05:30,115.3425,34.19,22.627499999999998
2025-08-16 06:00:00+05:30,122.68,33.985,22.52
2025-08-16 07:00:00+05:30,124.335,31.5875,21.29
2025-08-16 08:00:00+05:30,111.1325,28.165,19.54
2025-08-16 09:00:00+05:30,108.1625,31.03,21.0075
2025-08-16 10:00:00+05:30,107.4625,27.810000000000002,19.3575
2025-08-16 11:00:00+05:30,122.1675,28.64,19.7825
2025-08-16 12:00:00+05:30,133.20999999999998,32.9125,21.9725
2025-08-16 13:00:00+05:30,136.29,29.482499999999998,20.215
2025-08-16 14:00:00+05:30,121.83,28.055,19.485
2025-08-16 15:00:00+05:30,113.51249999999999,29.6075,20.275000000000002
2025-08-16 16:00:00+05:30,112.7875,28.6575,19.795
2025-08-16 17:00:00+05:30,124.69,30.435,20.7025
2025-08-16 18:00:00+05:30,132.415,34.8575,22.9675
2025-08-16 19:00:00+05:30,139.3425,33.540000000000006,22.2925
2025-08-16 20:00:00+05:30,126.47000000000001,37.666666666666664,24.406666666666666
2025-08-16 21:00:00+05:30,114.47,33.3825,22.2125
2025-08-16 22:00:00+05:30,112.6925,33.13,22.0825
2025-08-16 23:00:00+05:30,126.42333333333333,36.94,24.03
2025-08-17 00:00:00+05:30,135.16,37.54,24.34
2025-08-17 01:00:00+05:30,134.0,33.9725,22.509999999999998
2025-08-17 02:00:00+05:30,115.9875,29.7,20.3275
2025-08-17 03:00:00+05:30,107.36,26.0175,18.445
2025-08-17 04:00:00+05:30,107.325,24.886666666666667,17.845
2025-08-17 05:00:00+05:30,121.8825,30.2675,20.622500000000002
2025-08-17 06:00:00+05:30,126.92999999999999,31.3125,21.15
2025-08-17 07:00:00+05:30,128.2375,27.650000000000002,19.2775
2025-08-17 08:00:00+05:30,112.4725,29.6725,20.3125
2025-08-17 09:00:00+05:30,103.16,29.067500000000003,20.0025
2025-08-17 10:00:00+05:30,103.0125,33.175,22.1075
2025-08-17 11:00:00+05:30,117.435,32.89,21.9575
2025-08-17 12:00:00+05:30,127.03,29.785,20.3675
2025-08-17 13:00:00+05:30,126.715,31.369999999999997,21.18
2025-08-17 14:00:00+05:30,111.665,28.785,19.8625
2025-08-17 15:00:00+05:30,96.4375,29.0425,19.985
2025-08-17 16:00:00+05:30,90.13499999999999,27.245,19.0675
2025-08-17 17:00:00+05:30,103.95333333333333,29.066666666666663,20.0
2025-08-17 18:00:00+05:30,113.7475,27.45,19.169999999999998
2025-08-17 19:00:00+05:30,122.27666666666666,33.64,22.5425
2025-08-17 20:00:00+05:30,104.54333333333334,29.74,20.7525
2025-08-17 21:00:00+05:30,91.5875,28.135,19.525
2025-08-17 22:00:00+05:30,88.6675,26.5525,18.715
2025-08-17 23:00:00+05:30,100.70666666666666,26.183333333333334,18.526666666666667
2025-08-18 00:00:00+05:30,112.45,30.53,20.75
2025-08-18 01:00:00+05:30,113.31,27.87,19.39
2025-08-18 02:00:00+05:30,96.895,25.46,18.1575
2025-08-18 03:00:00+05:30,86.735,27.905,19.409999999999997
2025-08-18 04:00:00+05:30,83.1775,26.155,18.51
2025-08-18 05:00:00+05:30,96.225,24.165,17.494999999999997
2025-08-18 07:00:00+05:30,103.17,27.72,19.31
2025-08-18 08:00:00+05:30,93.4275,29.8075,20.38
2025-08-18 09:00:00+05:30,83.38,27.175,19.03
2025-08-18 10:00:00+05:30,80.685,24.625,17.7275
2025-08-18 11:00:00+05:30,92.7875,30.1425,20.545
2025-08-18 12:00:00+05:30,105.5375,27.85,19.380000000000003
2025-08-18 13:00:00+05:30,110.36,25.256666666666664,18.046666666666667
2025-08-18 14:00:00+05:30,87.22,25.03,17.94
2025-08-18 15:00:00+05:30,79.6325,28.392500000000002,19.66
2025-08-18 16:00:00+05:30,74.4825,31.3975,21.197499999999998
2025-08-18 17:00:00+05:30,87.87,28.78,19.8475
2025-08-18 18:00:00+05:30,100.615,33.480000000000004,22.26
2025-08-18 19:00:00+05:30,108.7075,37.475,24.31
2025-08-18 20:00:00+05:30,94.4075,32.995,22.005
2025-08-18 21:00:00+05:30,85.605,32.705,21.87
2025-08-18 22:00:00+05:30,83.705,32.955,21.9875
2025-08-18 23:00:00+05:30,95.64,40.555,25.884999999999998
2025-08-19 00:00:00+05:30,110.16,36.23,23.67
2025-08-19 01:00:00+05:30,112.5875,34.065,22.564999999999998
2025-08-19 02:00:00+05:30,98.11749999999999,32.6725,21.8475
2025-08-19 03:00:00+05:30,85.18,36.974999999999994,24.052500000000002
2025-08-19 04:00:00+05:30,81.7925,32.9125,21.9675
2025-08-19 05:00:00+05:30,97.62,28.405,19.6675
2025-08-19 06:00:00+05:30,106.4875,25.47,18.16
2025-08-19 07:00:00+05:30,114.185,28.9725,19.9525
2025-08-19 08:00:00+05:30,102.5775,29.365000000000002,20.1525
2025-08-19 09:00:00+05:30,89.155,28.4375,19.677500000000002
2025-08-19 10:00:00+05:30,83.195,26.7,18.787499999999998
2025-08-19 11:00:00+05:30,92.6975,33.325,22.185000000000002
2025-08-19 12:00:00+05:30,49.79,30.2375,20.5975
2025-08-19 13:00:00+05:30,44.22666666666667,27.886666666666667,19.400000000000002
2025-08-19 14:00:00+05:30,31.0475,24.78,17.805
2025-08-19 15:00:00+05:30,24.880000000000003,28.4175,19.675
2025-08-19 16:00:00+05:30,21.880000000000003,25.877499999999998,18.37
2025-08-19 17:00:00+05:30,50.192499999999995,24.595,17.7125
2025-08-19 18:00:00+05:30,74.89,29.037499999999998,19.985
2025-08-19 19:00:00+05:30,88.57000000000001,27.8,19.353333333333335
2025-08-19 20:00:00+05:30,78.3875,30.4325,20.705
2025-08-19 21:00:00+05:30,71.09,33.045,22.04
2025-08-19 22:00:00+05:30,71.85000000000001,38.36000000000001,24.75666666666667
2025-08-19 23:00:00+05:30,88.24666666666667,48.46333333333333,29.956666666666667
2025-08-20 00:00:00+05:30,106.53,41.39,26.31
2025-08-20 01:00:00+05:30,109.19666666666667,36.093333333333334,23.603333333333335
2025-08-20 02:00:00+05:30,86.59,30.34,20.66
2025-08-20 03:00:00+05:30,80.1125,27.9875,19.4525
2025-08-20 04:00:00+05:30,77.6625,27.42,19.162499999999998
2025-08-20 05:00:00+05:30,93.535,24.712500000000002,17.7725
2025-08-20 06:00:00+05:30,102.7175,27.2975,19.0975
2025-08-20 07:00:00+05:30,107.5225,33.405,22.2175
2025-08-20 08:00:00+05:30,91.7525,30.55,20.759999999999998
2025-08-20 09:00:00+05:30,83.1325,31.919999999999998,21.465
2025-08-20 10:00:00+05:30,81.0575,28.862499999999997,19.895000000000003
2025-08-20 11:00:00+05:30,58.005,29.8425,20.395
2025-08-20 12:00:00+05:30,52.2825,33.83,22.4375
2025-08-20 13:00:00+05:30,67.25,32.6125,21.815
2025-08-20 14:00:00+05:30,63.2525,28.345,19.64
2025-08-20 15:00:00+05:30,59.215,31.8575,21.43
2025-08-20 16:00:00+05:30,61.0225,35.5625,23.33
2025-08-20 17:00:00+05:30,84.015,31.0475,21.015
2025-08-20 18:00:00+05:30,101.72666666666667,37.699999999999996,24.423333333333332
2025-08-20 19:00:00+05:30,90.0325,43.9575,27.625
2025-08-20 20:00:00+05:30,42.4225,38.405,24.785
2025-08-20 21:00:00+05:30,38.207499999999996,40.19,25.695
2025-08-20 22:00:00+05:30,43.3975,44.835,28.0775
2025-08-20 23:00:00+05:30,66.49666666666667,48.53666666666667,29.973333333333333
2025-08-21 00:00:00+05:30,93.52,45.15,28.24
2025-08-21 01:00:00+05:30,100.72000000000001,38.83,25.0
2025-08-21 02:00:00+05:30,90.6075,36.46,23.784999999999997
2025-08-21 03:00:00+05:30,82.8425,32.03,21.517500000000002
2025-08-21 04:00:00+05:30,82.905,32.42,21.7175
2025-08-21 05:00:00+05:30,102.30250000000001,29.35,20.15
2025-08-21 06:00:00+05:30,110.15,28.38,19.6475
2025-08-21 07:00:00+05:30,116.71999999999998,44.74,28.023333333333337
2025-08-21 08:00:00+05:30,103.495,46.435,28.8925
2025-08-21 09:00:00+05:30,89.4425,39.1975,25.185
2025-08-21 10:00:00+05:30,86.55,38.04,24.59
2025-08-21 11:00:00+05:30,99.96666666666665,38.04,24.59
2025-08-21 12:00:00+05:30,41.87,16.5,13.57
2025-08-21 13:00:00+05:30,40.155,43.0925,27.182499999999997
2025-08-21 14:00:00+05:30,28.02,46.362500000000004,28.857499999999998
2025-08-21 15:00:00+05:30,43.802499999999995,44.72,28.015
2025-08-21 16:00:00+05:30,65.69,39.49,25.34
2025-08-21 17:00:00+05:30,48.965,38.5925,24.880000000000003
2025-08-21 18:00:00+05:30,35.7125,35.1325,23.1075
2025-08-21 19:00:00+05:30,29.766666666666666,34.21333333333334,22.636666666666667
2025-08-21 20:00:00+05:30,17.26,31.1375,21.065
2025-08-21 21:00:00+05:30,19.6475,37.6275,24.387500000000003
2025-08-21 22:00:00+05:30,24.525,40.8,26.0075
2025-08-21 23:00:00+05:30,28.335,39.66,25.424999999999997
2025-08-22 00:00:00+05:30,32.1,39.47,25.33
2025-08-22 01:00:00+05:30,33.985,39.9425,25.57
2025-08-22 02:00:00+05:30,37.0775,35.685,23.3925
2025-08-22 03:00:00+05:30,39.245000000000005,32.5625,21.7975
2025-08-22 04:00:00+05:30,39.8725,36.9525,24.04
2025-08-22 05:00:00+05:30,40.5275,42.1975,26.7225
2025-08-22 06:00:00+05:30,43.6075,43.56,27.4225
2025-08-22 07:00:00+05:30,44.839999999999996,42.303333333333335,26.78
2025-08-22 08:00:00+05:30,46.6625,42.575,26.92
2025-08-22 09:00:00+05:30,47.8425,45.0925,28.2075
2025-08-22 10:00:00+05:30,49.8625,41.4125,26.322499999999998
2025-08-22 11:00:00+05:30,51.207499999999996,42.082499999999996,26.6675
2025-08-22 12:00:00+05:30,45.74333333333333,45.43666666666667,28.383333333333336
2025-08-22 13:00:00+05:30,41.803333333333335,50.27,30.853333333333335
2025-08-22 14:00:00+05:30,39.535,46.925,29.15
2025-08-22 15:00:00+05:30,38.14333333333334,45.79,28.566666666666666
2025-08-22 17:00:00+05:30,35.97,38.63,24.9
2025-08-22 18:00:00+05:30,32.875,34.167500000000004,22.615
2025-08-22 19:00:00+05:30,33.64,34.98666666666667,23.03333333333333
2025-08-22 22:00:00+05:30,17.195,33.955,22.505
2025-08-22 23:00:00+05:30,19.893333333333334,32.14333333333334,21.576666666666668
2025-08-23 00:00:00+05:30,24.32,37.06,24.1
2025-08-23 01:00:00+05:30,26.025,33.4825,22.265
2025-08-23 02:00:00+05:30,29.2375,29.68,20.3175
2025-08-23 03:00:00+05:30,33.4775,28.255,19.5875
2025-08-23 04:00:00+05:30,33.645,29.55,20.25
2025-08-23 05:00:00+05:30,36.9075,31.0875,21.035
2025-08-23 06:00:00+05:30,39.0625,31.6175,21.3075
2025-08-23 07:00:00+05:30,42.66,32.4375,21.7275
2025-08-23 08:00:00+05:30,41.8875,31.93,21.4675
2025-08-23 09:00:00+05:30,40.7175,34.25,22.66
2025-08-23 10:00:00+05:30,39.625,31.5725,21.285
2025-08-23 11:00:00+05:30,40.56,27.5575,19.23
2025-08-23 12:00:00+05:30,40.57,28.5425,19.735
2025-08-23 13:00:00+05:30,39.925,33.3975,22.215
2025-08-23 14:00:00+05:30,37.845,33.7125,22.3825
2025-08-23 15:00:00+05:30,37.902499999999996,33.61,22.33
2025-08-23 16:00:00+05:30,36.9925,41.542500000000004,26.3725
2025-08-23 17:00:00+05:30,35.6225,52.775,32.1425
2025-08-23 18:00:00+05:30,37.6875,51.457499999999996,31.46
2025-08-23 19:00:00+05:30,41.2675,48.239999999999995,29.8175
2025-08-23 20:00:00+05:30,42.7325,45.6825,28.51
2025-08-23 21:00:00+05:30,40.85999999999999,47.54,29.463333333333335
2025-08-23 22:00:00+05:30,38.325,48.4575,29.9325
2025-08-23 23:00:00+05:30,42.88333333333333,59.06,35.39666666666667
2025-08-24 00:00:00+05:30,65.08,71.12,41.53
2025-08-24 01:00:00+05:30,64.27333333333333,73.77,42.89000000000001
2025-08-24 02:00:00+05:30,61.337500000000006,70.3175,41.1225
2025-08-24 03:00:00+05:30,56.6475,57.3525,34.4825
2025-08-24 04:00:00+05:30,51.065,52.4825,31.990000000000002
2025-08-24 05:00:00+05:30,48.56,56.65,34.125
2025-08-24 06:00:00+05:30,46.2075,50.36,30.9075
2025-08-24 07:00:00+05:30,43.3725,47.225,29.2975
2025-08-24 08:00:00+05:30,43.2475,41.1875,26.205
2025-08-24 09:00:00+05:30,41.79,41.29666666666666,26.263333333333332
2025-08-24 10:00:00+05:30,40.375,37.739999999999995,24.445
2025-08-24 11:00:00+05:30,41.5375,39.839999999999996,25.509999999999998
2025-08-24 12:00:00+05:30,39.6025,36.635,23.877499999999998
2025-08-24 13:00:00+05:30,38.215,42.739999999999995,27.0
2025-08-24 14:00:00+05:30,35.935,40.1075,25.6525
2025-08-24 15:00:00+05:30,35.3025,42.2275,26.740000000000002
2025-08-24 16:00:00+05:30,35.120000000000005,38.6975,24.935
2025-08-24 17:00:00+05:30,34.677499999999995,41.1175,26.1725
2025-08-24 18:00:00+05:30,34.3525,38.42,24.79
2025-08-24 19:00:00+05:30,35.0,37.7075,24.4225
2025-08-24 20:00:00+05:30,38.065,37.5025,24.32
2025-08-24 21:00:00+05:30,38.806666666666665,44.163333333333334,27.73
2025-08-24 22:00:00+05:30,40.205,45.62,28.4725
2025-08-24 23:00:00+05:30,37.35333333333333,48.57666666666666,29.993333333333336
2025-08-25 00:00:00+05:30,38.51,45.89,28.62
2025-08-25 01:00:00+05:30,39.795,54.4925,33.02
2025-08-25 02:00:00+05:30,39.3675,54.587500000000006,33.067499999999995
2025-08-25 03:00:00+05:30,39.7875,53.28,32.397499999999994
2025-08-25 04:00:00+05:30,41.1775,52.27,31.884999999999998
2025-08-25 05:00:00+05:30,43.5725,53.4125,32.465
2025-08-25 06:00:00+05:30,44.815,55.3975,33.485
2025-08-25 07:00:00+05:30,47.24,56.8975,34.255
2025-08-25 08:00:00+05:30,55.32,53.345,32.435
2025-08-25 09:00:00+05:30,63.56,51.0175,31.2425
2025-08-25 10:00:00+05:30,67.06333333333333,50.04,30.74
2025-08-25 11:00:00+05:30,46.61666666666667,38.553333333333335,24.856666666666666
2025-08-25 12:00:00+05:30,28.9475,26.79,18.8375
2025-08-25 13:00:00+05:30,26.66,55.94499999999999,33.7625
2025-08-25 14:00:00+05:30,30.317500000000003,49.5825,30.5075
2025-08-25 15:00:00+05:30,43.45666666666667,46.919999999999995,29.146666666666665
2025-08-25 16:00:00+05:30,39.67666666666667,42.72,26.99
2025-08-25 17:00:00+05:30,43.0275,48.712500000000006,30.060000000000002
2025-08-25 18:00:00+05:30,37.846666666666664,49.902499999999996,30.753333333333334
2025-08-25 19:00:00+05:30,55.035000000000004,53.175,32.36
2025-08-25 20:00:00+05:30,64.64,59.1275,35.3925
2025-08-25 21:00:00+05:30,64.03,59.6025,35.6375
2025-08-25 22:00:00+05:30,65.355,54.2425,32.8925
2025-08-25 23:00:00+05:30,64.125,59.19,35.43
2025-08-26 00:00:00+05:30,61.1,54.78,33.15
2025-08-26 01:00:00+05:30,57.7575,52.7825,32.14
2025-08-26 02:00:00+05:30,52.88,44.8,28.055
2025-08-26 03:00:00+05:30,52.542500000000004,44.66,27.99
2025-08-26 04:00:00+05:30,53.655,40.24,25.72
2025-08-26 05:00:00+05:30,48.8525,40.4425,25.825
2025-08-26 06:00:00+05:30,46.4325,42.065,26.66
2025-08-26 07:00:00+05:30,49.8625,38.64,24.905
2025-08-26 08:00:00+05:30,57.8975,36.125,23.6175
2025-08-26 09:00:00+05:30,59.303333333333335,42.37,26.81
2025-08-26 10:00:00+05:30,62.25,40.01,25.6
2025-08-26 11:00:00+05:30,47.056666666666665,38.59,24.876666666666665
2025-08-26 12:00:00+05:30,16.7775,34.035,22.5475
2025-08-26 13:00:00+05:30,21.33,35.71,23.4025
2025-08-26 14:00:00+05:30,35.555,35.7475,23.4225
2025-08-26 15:00:00+05:30,45.7325,36.8725,23.9975
2025-08-26 16:00:00+05:30,57.197500000000005,42.5925,26.927500000000002
2025-08-26 17:00:00+05:30,57.6075,47.045,29.205000000000002
2025-08-26 18:00:00+05:30,37.9475,45.4975,28.4125
2025-08-26 19:00:00+05:30,46.593333333333334,42.11333333333334,26.683333333333334
2025-08-26 20:00:00+05:30,61.135,43.1575,27.2175
2025-08-26 21:00:00+05:30,61.715,48.0,29.7
2025-08-26 22:00:00+05:30,64.505,46.34,28.845
2025-08-26 23:00:00+05:30,66.54333333333334,48.26,29.83
2025-08-27 00:00:00+05:30,73.51,49.49,30.46
2025-08-27 01:00:00+05:30,72.69,50.09,30.77
2025-08-27 03:00:00+05:30,72.62,39.07,25.12
2025-08-27 04:00:00+05:30,72.00999999999999,37.815,24.4775
2025-08-27 05:00:00+05:30,66.3075,35.262499999999996,23.1725
2025-08-27 06:00:00+05:30,64.92333333333333,30.69,20.83
2025-08-27 07:00:00+05:30,72.67,32.39,21.7
2025-08-27 08:00:00+05:30,73.53333333333335,33.53333333333333,22.286666666666665
2025-08-27 09:00:00+05:30,72.86,35.79333333333333,23.44666666666667
2025-08-27 10:00:00+05:30,72.34,37.3,24.22
2025-08-27 11:00:00+05:30,72.4025,34.675000000000004,22.875
2025-08-27 12:00:00+05:30,63.6975,35.16,23.1175
2025-08-27 13:00:00+05:30,60.21,34.2,22.6325
2025-08-27 14:00:00+05:30,58.69,33.71,22.3825
2025-08-27 15:00:00+05:30,59.18,29.6575,20.3
2025-08-27 16:00:00+05:30,65.79333333333334,29.51,20.23
2025-08-27 17:00:00+05:30,61.46666666666667,33.31666666666667,22.179999999999996
2025-08-27 18:00:00+05:30,62.245000000000005,30.37,20.6675
2025-08-27 19:00:00+05:30,62.7175,28.6125,19.775000000000002
2025-08-27 20:00:00+05:30,65.9,30.81,20.8925
2025-08-27 21:00:00+05:30,67.97749999999999,36.53,23.825
2025-08-27 22:00:00+05:30,66.9075,44.47,27.884999999999998
2025-08-27 23:00:00+05:30,63.07666666666666,44.35999999999999,27.83
2025-08-28 00:00:00+05:30,65.62,46.5,28.93
2025-08-28 01:00:00+05:30,60.557500000000005,47.0475,29.21
2025-08-28 02:00:00+05:30,55.365,47.3525,29.362499999999997
2025-08-28 03:00:00+05:30,52.865,46.677499999999995,29.02
2025-08-28 04:00:00+05:30,58.0,44.337500000000006,27.8225
2025-08-28 05:00:00+05:30,52.22,41.62,26.43
2025-08-28 06:00:00+05:30,48.4925,37.4725,24.307499999999997
2025-08-28 07:00:00+05:30,50.68,39.302499999999995,25.24
2025-08-28 08:00:00+05:30,62.54,41.6875,26.4625
2025-08-28 09:00:00+05:30,63.695,46.875,29.12
2025-08-28 10:00:00+05:30,63.065,45.435,28.3875
2025-08-28 11:00:00+05:30,63.71666666666667,42.916666666666664,27.093333333333334
2025-08-28 12:00:00+05:30,69.505,44.875,28.1
2025-08-28 13:00:00+05:30,69.06,41.26,26.246666666666666
2025-08-28 14:00:00+05:30,65.6225,42.644999999999996,26.9525
2025-08-28 15:00:00+05:30,57.8925,35.6075,23.3475
2025-08-28 16:00:00+05:30,61.25333333333333,31.276666666666667,21.126666666666665
2025-08-28 17:00:00+05:30,58.595,31.8225,21.41
2025-08-28 18:00:00+05:30,59.265,32.6625,21.845
2025-08-28 19:00:00+05:30,64.9625,37.955,24.5475
2025-08-28 20:00:00+05:30,71.845,42.375,26.822499999999998
2025-08-28 21:00:00+05:30,67.7175,45.385000000000005,28.355
2025-08-28 22:00:00+05:30,64.2975,48.965,30.189999999999998
2025-08-28 23:00:00+05:30,60.830000000000005,51.75,31.62
2025-08-29 00:00:00+05:30,63.25,47.3,29.34
2025-08-29 01:00:00+05:30,59.31,44.99333333333334,28.153333333333332
2025-08-29 02:00:00+05:30,54.81333333333333,37.5125,24.099999999999998
2025-08-29 03:00:00+05:30,58.0425,34.2275,22.642500000000002
2025-08-29 04:00:00+05:30,66.0075,39.235,25.2075
2025-08-29 05:00:00+05:30,64.86666666666666,37.97,24.56
2025-08-29 06:00:00+05:30,63.69,38.6,24.88
2025-08-29 07:00:00+05:30,65.5575,37.875,24.51
2025-08-29 08:00:00+05:30,78.39,39.667500000000004,25.43
2025-08-29 09:00:00+05:30,79.20333333333333,44.29,27.793333333333333
2025-08-29 10:00:00+05:30,75.135,40.120000000000005,25.6575
2025-08-29 11:00:00+05:30,73.235,35.4825,23.2875
2025-08-29 12:00:00+05:30,78.33666666666666,38.48,24.823333333333334
2025-08-29 13:00:00+05:30,71.9975,35.865,23.485
2025-08-29 14:00:00+05:30,62.82,33.17,22.1025
2025-08-29 15:00:00+05:30,58.3,37.1725,24.1575
2025-08-29 16:00:00+05:30,59.675,33.292500000000004,22.1675
2025-08-29 17:00:00+05:30,55.447500000000005,34.4525,22.759999999999998
2025-08-29 18:00:00+05:30,54.1225,36.7575,23.942500000000003
2025-08-29 19:00:00+05:30,53.5875,40.957499999999996,26.0875
2025-08-29 20:00:00+05:30,63.56999999999999,44.275,27.7875
2025-08-29 21:00:00+05:30,59.2225,51.6675,31.575
2025-08-29 22:00:00+05:30,54.432500000000005,46.565,28.9625
2025-08-29 23:00:00+05:30,49.9,48.04,29.72
2025-08-30 00:00:00+05:30,51.09,53.58,32.55
2025-08-30 01:00:00+05:30,48.9975,51.9975,31.744999999999997
2025-08-30 02:00:00+05:30,45.1175,42.175,26.7175
2025-08-30 03:00:00+05:30,43.3575,37.2875,24.2125
2025-08-30 04:00:00+05:30,46.33,37.4675,24.305
2025-08-30 05:00:00+05:30,43.5225,41.1325,26.185
2025-08-30 06:00:00+05:30,43.74,40.735,25.9775
2025-08-30 07:00:00+05:30,44.4025,36.5225,23.822499999999998
2025-08-30 08:00:00+05:30,50.8525,44.3475,27.825
2025-08-30 09:00:00+05:30,49.78,49.36,30.395
2025-08-30 10:00:00+05:30,47.207499999999996,46.394999999999996,28.8725
2025-08-30 11:00:00+05:30,35.32,38.1075,24.6325
2025-08-30 12:00:00+05:30,23.965,34.8175,22.9525
2025-08-30 13:00:00+05:30,29.427500000000002,32.7625,21.8975
2025-08-30 14:00:00+05:30,18.947499999999998,31.310000000000002,21.155
2025-08-30 15:00:00+05:30,32.93,31.5775,21.29
2025-08-30 16:00:00+05:30,35.45,34.865,22.97
2025-08-30 17:00:00+05:30,50.0225,43.4525,27.3625
2025-08-30 18:00:00+05:30,54.754999999999995,40.019999999999996,25.6125
2025-08-30 19:00:00+05:30,62.305,42.0975,26.6725
2025-08-30 20:00:00+05:30,54.144999999999996,42.307500000000005,26.7825
2025-08-30 21:00:00+05:30,40.870000000000005,45.5375,28.4325
2025-08-30 22:00:00+05:30,23.02,43.2,27.2325
2025-08-30 23:00:00+05:30,24.03,40.75,25.98
2025-08-31 00:00:00+05:30,33.94,54.21,32.92
2025-08-31 01:00:00+05:30,27.715,55.28,33.4225
2025-08-31 02:00:00+05:30,0.0,54.645,33.1025
2025-08-31 03:00:00+05:30,0.0,48.83,30.122500000000002
2025-08-31 04:00:00+05:30,0.0,43.7025,27.5
2025-08-31 05:00:00+05:30,0.0,48.37,29.89
2025-08-31 06:00:00+05:30,0.0,47.9,29.64
2025-08-31 07:00:00+05:30,0.0,46.6225,28.9925
2025-08-31 08:00:00+05:30,0.0,40.843333333333334,26.03333333333333
2025-08-31 09:00:00+05:30,0.0,44.925,28.122500000000002
2025-08-31 10:00:00+05:30,0.0,44.397499999999994,27.8475
2025-08-31 11:00:00+05:30,0.0,39.6325,25.4125
2025-08-31 12:00:00+05:30,0.0,43.7475,27.5225
2025-08-31 13:00:00+05:30,0.0,48.6775,30.045
2025-08-31 14:00:00+05:30,0.0,42.0075,26.627499999999998
2025-08-31 15:00:00+05:30,0.0,41.370000000000005,26.302500000000002
2025-08-31 16:00:00+05:30,0.0,34.82,22.945
2025-08-31 17:00:00+05:30,0.0,32.9,21.965
2025-08-31 18:00:00+05:30,0.0,32.18,21.595
2025-08-31 19:00:00+05:30,0.0,37.225,24.1825
2025-08-31 20:00:00+05:30,0.0,46.6325,28.994999999999997
2025-08-31 21:00:00+05:30,0.0,60.955,36.3275
2025-08-31 22:00:00+05:30,0.0,49.6025,30.5175
2025-08-31 23:00:00+05:30,0.0,47.37,29.37
2025-09-01 00:00:00+05:30,0.0,42.21,26.73
2025-09-01 01:00:00+05:30,0.0,41.255,26.2425
2025-09-01 02:00:00+05:30,0.0,40.96,26.09
2025-09-01 03:00:00+05:30,0.0,38.735,24.947499999999998
2025-09-01 04:00:00+05:30,0.0,41.5625,26.4025
2025-09-01 05:00:00+05:30,0.0,46.51,28.94
2025-09-01 06:00:00+05:30,0.0,59.41,35.54
2025-09-01 07:00:00+05:30,0.0,61.0775,36.394999999999996
2025-09-01 08:00:00+05:30,0.0,68.08,39.98
2025-09-01 09:00:00+05:30,0.0,71.63,41.8
2025-09-01 10:00:00+05:30,0.0,77.85,44.980000000000004
2025-09-01 11:00:00+05:30,0.0,77.99,45.053333333333335
2025-09-01 12:00:00+05:30,15.810000000000002,76.61333333333333,44.35
2025-09-01 13:00:00+05:30,0.0,77.1975,44.6425
2025-09-01 14:00:00+05:30,0.0,75.8425,43.9525
2025-09-01 15:00:00+05:30,0.0,68.70333333333333,40.29666666666666
2025-09-01 16:00:00+05:30,0.0,67.84,39.86
2025-09-01 17:00:00+05:30,0.0,74.2475,43.1325
2025-09-01 18:00:00+05:30,0.0,81.51,46.855000000000004
2025-09-01 19:00:00+05:30,8.6125,78.57499999999999,45.3525
2025-09-01 20:00:00+05:30,45.72,85.3925,48.8425
2025-09-01 21:00:00+05:30,40.41,92.41,52.435
2025-09-01 22:00:00+05:30,77.60249999999999,84.03,48.1425
2025-09-01 23:00:00+05:30,103.08666666666666,80.79,46.49
2025-09-02 00:00:00+05:30,78.04,60.02,35.85
2025-09-02 01:00:00+05:30,81.06333333333333,58.52,35.08
2025-09-02 02:00:00+05:30,115.95,45.8,28.57
2025-09-02 03:00:00+05:30,140.685,44.56,27.9375
2025-09-02 04:00:00+05:30,137.905,42.582499999999996,26.919999999999998
2025-09-02 05:00:00+05:30,122.53,44.7575,28.035
2025-09-02 06:00:00+05:30,127.36500000000001,38.292500000000004,24.7225
2025-09-02 07:00:00+05:30,151.6525,38.324999999999996,24.745
2025-09-02 08:00:00+05:30,156.79250000000002,33.9825,22.5225
2025-09-02 09:00:00+05:30,130.5975,33.9075,22.4825
2025-09-02 10:00:00+05:30,109.69333333333333,29.603333333333335,20.28
2025-09-02 11:00:00+05:30,121.3675,28.655,19.787499999999998
2025-09-02 12:00:00+05:30,89.9225,31.9525,21.4825
2025-09-02 13:00:00+05:30,18.22,34.260000000000005,22.665
2025-09-02 14:00:00+05:30,17.095,33.7275,22.39
2025-09-02 15:00:00+05:30,29.634999999999998,29.935000000000002,20.45
2025-09-02 16:00:00+05:30,76.73666666666666,28.116666666666664,19.513333333333332
2025-09-02 17:00:00+05:30,107.9625,27.564999999999998,19.232499999999998
2025-09-02 18:00:00+05:30,99.805,32.4925,21.7575
2025-09-02 19:00:00+05:30,52.6,29.9225,20.442500000000003
2025-09-02 20:00:00+05:30,28.9075,32.3725,21.695
2025-09-02 21:00:00+05:30,31.1275,30.325,20.6475
2025-09-02 22:00:00+05:30,14.916666666666666,35.17,23.123333333333335
2025-09-02 23:00:00+05:30,10.403333333333334,32.49,21.76
2025-09-03 00:00:00+05:30,33.89,27.26,19.07
2025-09-03 01:00:00+05:30,67.3125,26.244999999999997,18.5525
2025-09-03 02:00:00+05:30,99.2225,24.585,17.7025
2025-09-03 03:00:00+05:30,114.345,25.259999999999998,18.055
2025-09-03 04:00:00+05:30,93.3625,24.6675,17.7525
2025-09-03 05:00:00+05:30,89.9525,25.825000000000003,18.34
2025-09-03 06:00:00+05:30,117.9725,25.447499999999998,18.1525
2025-09-03 07:00:00+05:30,134.9875,31.0625,21.0225
2025-09-03 08:00:00+05:30,138.20499999999998,30.857499999999998,20.915
2025-09-03 09:00:00+05:30,114.8075,28.9375,19.935000000000002
2025-09-03 10:00:00+05:30,91.78,26.205000000000002,18.5325
2025-09-03 11:00:00+05:30,97.9,24.6275,17.735
2025-09-03 12:00:00+05:30,110.0275,25.009999999999998,17.927500000000002
2025-09-03 13:00:00+05:30,116.1675,26.37,18.622500000000002
2025-09-03 14:00:00+05:30,101.4275,31.915,21.462500000000002
2025-09-03 15:00:00+05:30,81.4925,27.740000000000002,19.325
2025-09-03 16:00:00+05:30,97.955,26.6675,18.7775
2025-09-03 17:00:00+05:30,130.62333333333333,27.026666666666667,18.96
2025-09-03 18:00:00+05:30,152.415,26.200000000000003,18.53
2025-09-03 19:00:00+05:30,145.65,29.1025,20.0225
2025-09-03 20:00:00+05:30,128.06,28.895,19.915
2025-09-03 21:00:00+05:30,137.34,26.155,18.517500000000002
2025-09-03 22:00:00+05:30,163.6,24.1375,17.48
2025-09-03 23:00:00+05:30,174.84666666666666,22.88,16.83
2025-09-04 00:00:00+05:30,165.19,34.77,22.92
2025-09-04 01:00:00+05:30,152.02666666666667,34.19,22.626666666666665
2025-09-04 02:00:00+05:30,151.375,30.0425,20.502499999999998
2025-09-04 03:00:00+05:30,173.815,28.072499999999998,19.495
2025-09-04 04:00:00+05:30,184.7825,33.395,22.2175
2025-09-04 05:00:00+05:30,170.48000000000002,37.223333333333336,24.179999999999996
2025-09-04 06:00:00+05:30,151.36333333333334,35.61,23.350000000000005
2025-09-04 07:00:00+05:30,143.57,30.7125,20.8425
2025-09-04 08:00:00+05:30,167.07999999999998,30.4375,20.705000000000002
2025-09-04 09:00:00+05:30,176.665,30.895,20.939999999999998
2025-09-04 10:00:00+05:30,167.22333333333333,30.51,20.74
2025-09-04 11:00:00+05:30,143.5375,28.77,19.8525
2025-09-04 12:00:00+05:30,134.4375,33.78,22.412499999999998
2025-09-04 13:00:00+05:30,164.41333333333333,38.44,24.8
2025-09-04 14:00:00+05:30,87.91499999999999,44.03,27.665
2025-09-04 15:00:00+05:30,68.97333333333334,41.3,26.265
2025-09-04 16:00:00+05:30,44.5275,40.0325,25.6175
2025-09-04 17:00:00+05:30,68.0075,42.7075,26.982499999999998
2025-09-04 18:00:00+05:30,89.5775,40.32,25.7675
2025-09-04 19:00:00+05:30,77.38,39.5825,25.3875
2025-09-04 20:00:00+05:30,59.2875,39.1125,25.1475
2025-09-04 21:00:00+05:30,76.09,43.957499999999996,27.627499999999998
2025-09-04 22:00:00+05:30,56.7875,51.485,31.4825
2025-09-04 23:00:00+05:30,104.91333333333334,56.29999999999999,33.95
2025-09-05 00:00:00+05:30,158.81,60.55,36.12
2025-09-05 01:00:00+05:30,162.3,58.6125,35.135000000000005
2025-09-05 02:00:00+05:30,139.415,47.879999999999995,29.64
2025-09-05 03:00:00+05:30,135.35,47.21,29.295
2025-09-05 04:00:00+05:30,167.255,48.1625,29.7825
2025-09-05 05:00:00+05:30,191.2175,42.515,26.887500000000003
2025-09-05 06:00:00+05:30,202.1475,36.7775,23.9475
2025-09-05 07:00:00+05:30,182.445,39.65,25.425
2025-09-05 08:00:00+05:30,165.635,47.175,29.275
2025-09-05 09:00:00+05:30,187.99333333333334,51.580000000000005,31.53
2025-09-05 10:00:00+05:30,198.8775,50.1725,30.805
2025-09-05 11:00:00+05:30,195.76,53.7475,32.635
2025-09-05 12:00:00+05:30,172.01,62.597500000000004,37.167500000000004
2025-09-05 13:00:00+05:30,164.78,60.475,36.08
2025-09-05 14:00:00+05:30,179.3425,58.555,35.0975
2025-09-05 15:00:00+05:30,205.07,65.58,38.6975
2025-09-05 16:00:00+05:30,212.2925,64.325,38.052499999999995
2025-09-05 17:00:00+05:30,189.49666666666667,64.02333333333333,37.9
2025-09-05 18:00:00+05:30,181.325,66.4225,39.125
2025-09-05 19:00:00+05:30,198.81,66.11,38.97
2025-09-05 20:00:00+05:30,223.86,72.08,42.027499999999996
2025-09-05 21:00:00+05:30,225.88333333333333,79.19333333333334,45.669999999999995
2025-09-05 22:00:00+05:30,214.035,74.5475,43.2875
2025-09-05 23:00:00+05:30,190.22000000000003,79.12,45.63
2025-09-06 00:00:00+05:30,199.05,73.06,42.52
2025-09-06 01:00:00+05:30,207.865,73.405,42.705
2025-09-06 02:00:00+05:30,217.495,70.21,41.067499999999995
2025-09-06 03:00:00+05:30,212.35333333333332,62.086666666666666,36.91
2025-09-06 04:00:00+05:30,186.07,69.12,40.5125
2025-09-06 05:00:00+05:30,184.1625,72.2475,42.11
2025-09-06 06:00:00+05:30,211.9225,74.36250000000001,43.19
2025-09-06 07:00:00+05:30,217.0625,68.0775,39.9775
2025-09-06 08:00:00+05:30,209.5025,63.485,37.625
2025-09-06 09:00:00+05:30,187.865,70.725,41.3275
2025-09-06 10:00:00+05:30,178.29333333333332,76.68666666666667,44.38333333333333
2025-09-06 11:00:00+05:30,188.1625,74.095,43.0525
2025-09-06 12:00:00+05:30,46.822500000000005,76.1525,44.11
2025-09-06 13:00:00+05:30,52.4975,76.6325,44.3525
2025-09-06 14:00:00+05:30,40.6775,83.0775,47.6525
2025-09-06 15:00:00+05:30,43.9075,78.09,45.105
2025-09-06 16:00:00+05:30,85.685,95.2575,53.895
2025-09-06 17:00:00+05:30,132.185,97.03750000000001,54.805
2025-09-06 18:00:00+05:30,159.2525,86.72,49.519999999999996
2025-09-06 19:00:00+05:30,83.69,75.4975,43.775
2025-09-06 20:00:00+05:30,46.0525,71.91,41.9375
2025-09-06 21:00:00+05:30,54.7025,70.19749999999999,41.06
2025-09-06 22:00:00+05:30,59.847500000000004,70.3425,41.135000000000005
2025-09-06 23:00:00+05:30,63.050000000000004,70.38,41.16
2025-09-07 00:00:00+05:30,55.65,74.44,43.23
2025-09-07 01:00:00+05:30,55.2775,71.34750000000001,41.650000000000006
2025-09-07 02:00:00+05:30,62.224999999999994,59.067499999999995,35.364999999999995
2025-09-07 03:00:00+05:30,66.5775,65.2475,38.527499999999996
2025-09-07 04:00:00+05:30,67.845,59.995,35.84
2025-09-07 05:00:00+05:30,61.3675,63.49,37.625
2025-09-07 06:00:00+05:30,56.7825,62.195,36.9675
2025-09-07 07:00:00+05:30,62.305,62.0075,36.870000000000005
2025-09-07 08:00:00+05:30,67.255,59.11,35.385
2025-09-07 09:00:00+05:30,68.3125,57.69,34.652499999999996
2025-09-07 10:00:00+05:30,61.1125,58.475,35.06
2025-09-07 11:00:00+05:30,55.9,55.195,33.3825
2025-09-07 12:00:00+05:30,54.9925,54.81,33.185
2025-09-07 13:00:00+05:30,61.31666666666666,53.723333333333336,32.623333333333335
2025-09-07 14:00:00+05:30,64.3725,59.6375,35.655
2025-09-07 15:00:00+05:30,58.6775,64.2525,38.012499999999996
2025-09-07 16:00:00+05:30,53.82,61.5075,36.6125
2025-09-07 17:00:00+05:30,54.27,57.41,34.51666666666667
2025-09-07 18:00:00+05:30,60.96333333333333,56.56666666666666,34.080000000000005
2025-09-07 19:00:00+05:30,65.4575,54.417500000000004,32.98
2025-09-07 20:00:00+05:30,60.417500000000004,56.6575,34.125
2025-09-07 21:00:00+05:30,56.08,48.905,30.1575
2025-09-07 22:00:00+05:30,56.28,53.9725,32.755
2025-09-07 23:00:00+05:30,61.85999999999999,55.26,33.41
2025-09-08 00:00:00+05:30,65.13,60.89,36.3
2025-09-08 01:00:00+05:30,61.85,60.1925,35.94
2025-09-08 02:00:00+05:30,54.4675,56.28,33.935
2025-09-08 03:00:00+05:30,53.4775,58.33,34.985
2025-09-08 04:00:00+05:30,60.495,54.68,33.1175
2025-09-08 05:00:00+05:30,63.6075,52.81,32.1625
2025-09-08 06:00:00+05:30,62.14,56.375,33.99
2025-09-08 07:00:00+05:30,57.2825,61.125,36.4125
2025-09-08 08:00:00+05:30,57.26,59.785,35.7325
2025-09-08 09:00:00+05:30,64.125,64.86749999999999,38.335
2025-09-08 10:00:00+05:30,64.8075,81.3375,46.7675
2025-09-08 11:00:00+05:30,63.55,88.845,50.605000000000004
2025-09-08 12:00:00+05:30,55.4725,85.44,48.8625
2025-09-08 13:00:00+05:30,52.32666666666666,86.29,49.29999999999999
2025-09-08 20:00:00+05:30,8.88,85.5,48.9
2025-09-08 21:00:00+05:30,7.483333333333334,82.11333333333333,47.163333333333334
2025-09-08 22:00:00+05:30,11.6375,72.35499999999999,42.165
2025-09-08 23:00:00+05:30,16.94666666666667,71.49,41.72
2025-09-09 00:00:00+05:30,32.71,64.12,37.96
2025-09-09 01:00:00+05:30,33.2475,63.1275,37.44
2025-09-09 02:00:00+05:30,35.96,58.905,35.2825
2025-09-09 03:00:00+05:30,38.895,55.875,33.73
2025-09-09 04:00:00+05:30,45.822500000000005,49.05,30.2325
2025-09-09 05:00:00+05:30,44.196666666666665,49.15,30.286666666666665
2025-09-09 06:00:00+05:30,44.2175,59.8225,35.745000000000005
2025-09-09 07:00:00+05:30,47.63,60.56,36.129999999999995
2025-09-09 08:00:00+05:30,51.725,60.425000000000004,36.055
2025-09-09 09:00:00+05:30,47.57,62.080000000000005,36.9
2025-09-09 10:00:00+05:30,45.615,69.63499999999999,40.7725
2025-09-09 11:00:00+05:30,33.89333333333333,76.05,44.06
2025-09-09 12:00:00+05:30,10.9075,31.3875,21.192500000000003
2025-09-09 13:00:00+05:30,11.285,88.9125,50.644999999999996
2025-09-09 14:00:00+05:30,19.0625,111.85,62.385
2025-09-09 15:00:00+05:30,18.873333333333335,102.80250000000001,58.23666666666667
2025-09-09 16:00:00+05:30,21.405,92.45500000000001,52.46
2025-09-09 17:00:00+05:30,25.755,93.0275,52.75
2025-09-09 18:00:00+05:30,33.415,84.895,48.5875
2025-09-09 19:00:00+05:30,40.24,76.86,44.47333333333333
2025-09-09 20:00:00+05:30,39.666666666666664,73.3475,42.6725
2025-09-09 21:00:00+05:30,39.754999999999995,71.2025,41.5775
2025-09-09 22:00:00+05:30,43.71,61.54,36.63
2025-09-09 23:00:00+05:30,47.14,60.01,35.835
2025-09-10 01:00:00+05:30,41.96,62.71,37.23
2025-09-10 02:00:00+05:30,48.5525,57.465,34.5425
2025-09-10 03:00:00+05:30,47.373333333333335,39.699999999999996,32.473333333333336
2025-09-10 04:00:00+05:30,45.6325,48.7125,30.060000000000002
2025-09-10 05:00:00+05:30,46.995000000000005,52.3475,31.9175
2025-09-10 06:00:00+05:30,53.94,56.800000000000004,34.2
2025-09-10 07:00:00+05:30,50.776666666666664,55.093333333333334,33.330000000000005
2025-09-10 08:00:00+05:30,47.31,52.480000000000004,31.990000000000002
2025-09-10 09:00:00+05:30,48.035,55.38,33.475
2025-09-10 10:00:00+05:30,50.725,53.0275,32.2675
2025-09-10 11:00:00+05:30,46.98,57.465,34.540000000000006
2025-09-10 12:00:00+05:30,43.1975,63.0825,37.42
2025-09-10 13:00:00+05:30,48.129999999999995,64.01,37.89333333333334
2025-09-10 14:00:00+05:30,48.53,61.150000000000006,36.43
2025-09-10 15:00:00+05:30,46.22,69.5725,40.745000000000005
2025-09-10 16:00:00+05:30,44.269999999999996,75.2025,43.6225
2025-09-10 17:00:00+05:30,47.17,74.50999999999999,43.27
2025-09-10 18:00:00+05:30,45.56,69.43,40.667500000000004
2025-09-10 19:00:00+05:30,44.6775,59.475,35.5725
2025-09-10 20:00:00+05:30,45.9275,65.96000000000001,38.89
2025-09-10 21:00:00+05:30,47.73333333333333,73.78666666666668,42.9
2025-09-10 22:00:00+05:30,43.8425,72.985,42.49
2025-09-10 23:00:00+05:30,42.48666666666667,65.28333333333333,38.54333333333333
2025-09-11 00:00:00+05:30,47.85,63.23,37.5
2025-09-11 01:00:00+05:30,44.932500000000005,64.7075,38.2525
2025-09-11 02:00:00+05:30,41.96,57.6675,34.645
2025-09-11 03:00:00+05:30,40.7475,46.8925,29.1275
2025-09-11 04:00:00+05:30,45.1725,51.995000000000005,31.740000000000002
2025-09-11 05:00:00+05:30,43.855000000000004,58.62,35.1375
2025-09-11 06:00:00+05:30,41.805,54.9225,33.2425
2025-09-11 07:00:00+05:30,43.52,54.68666666666667,33.123333333333335
2025-09-11 08:00:00+05:30,47.9625,56.6375,34.1175
2025-09-11 09:00:00+05:30,44.1475,61.8275,36.7725
2025-09-11 10:00:00+05:30,41.99,65.58749999999999,38.7025
2025-09-11 11:00:00+05:30,32.8475,65.83749999999999,38.83
2025-09-11 12:00:00+05:30,16.845,63.0875,37.417500000000004
2025-09-11 13:00:00+05:30,12.1325,59.160000000000004,35.41
2025-09-11 14:00:00+05:30,14.875,60.94,36.325
2025-09-11 15:00:00+05:30,25.2025,60.8675,36.285
2025-09-11 16:00:00+05:30,30.52,58.4125,35.0275
2025-09-11 17:00:00+05:30,33.565,61.73,36.722500000000004
2025-09-11 18:00:00+05:30,37.485,63.42,37.5925
2025-09-11 19:00:00+05:30,45.255,64.94500000000001,38.375
2025-09-11 20:00:00+05:30,43.295,62.69,37.2125
2025-09-11 21:00:00+05:30,40.805,63.295,37.5325
2025-09-11 22:00:00+05:30,41.7425,59.6475,35.6625
2025-09-11 23:00:00+05:30,45.56666666666666,56.96666666666667,34.29
2025-09-12 00:00:00+05:30,40.88,44.67,27.99
2025-09-12 01:00:00+05:30,41.2025,40.7825,26.002499999999998
2025-09-12 02:00:00+05:30,46.3775,42.3825,26.82
2025-09-12 03:00:00+05:30,45.59,41.8275,26.535
2025-09-12 04:00:00+05:30,42.94,42.800000000000004,27.03333333333333
2025-09-12 05:00:00+05:30,41.8775,57.3575,34.4875
2025-09-12 06:00:00+05:30,47.449999999999996,51.5075,31.495
2025-09-12 07:00:00+05:30,43.7575,47.015,29.192500000000003
2025-09-12 08:00:00+05:30,39.9875,45.285000000000004,28.305
2025-09-12 09:00:00+05:30,40.3025,53.375,32.45
2025-09-12 10:00:00+05:30,44.405,66.67999999999999,39.2625
2025-09-12 11:00:00+05:30,30.815,65.075,38.4375
2025-09-12 12:00:00+05:30,14.2675,59.2075,35.435
2025-09-12 13:00:00+05:30,15.0975,54.835,33.195
2025-09-12 14:00:00+05:30,13.1775,56.505,34.05
2025-09-12 15:00:00+05:30,13.696666666666667,56.5,34.04666666666667
2025-09-12 16:00:00+05:30,14.497499999999999,57.1075,34.3575
2025-09-12 17:00:00+05:30,17.2475,55.1075,33.332499999999996
2025-09-12 18:00:00+05:30,19.83,52.1925,31.84
2025-09-12 19:00:00+05:30,22.66,50.61,31.03
2025-09-12 20:00:00+05:30,25.77,55.332499999999996,33.45
2025-09-12 21:00:00+05:30,32.17333333333333,57.49333333333333,34.553333333333335
2025-09-12 22:00:00+05:30,31.3675,52.364999999999995,31.93
2025-09-12 23:00:00+05:30,31.876666666666665,54.55666666666667,33.053333333333335
2025-09-13 00:00:00+05:30,39.2,51.09,31.28
2025-09-13 01:00:00+05:30,38.6825,53.947500000000005,32.7425
2025-09-13 02:00:00+05:30,36.457499999999996,47.082499999999996,29.225
2025-09-13 03:00:00+05:30,35.78,46.3825,28.87
2025-09-13 04:00:00+05:30,41.07,42.765,27.0175
2025-09-13 05:00:00+05:30,39.96333333333333,43.885,27.59
2025-09-13 06:00:00+05:30,38.13333333333333,40.61333333333334,25.916666666666668
2025-09-13 07:00:00+05:30,38.07,38.9925,25.085
2025-09-13 08:00:00+05:30,42.6625,38.9075,25.04
2025-09-13 09:00:00+05:30,38.947500000000005,41.2325,26.232499999999998
2025-09-13 10:00:00+05:30,37.269999999999996,43.504999999999995,27.395
2025-09-13 11:00:00+05:30,34.56666666666667,44.45333333333334,27.88
2025-09-13 12:00:00+05:30,14.5,15.816666666666668,13.22
2025-09-13 13:00:00+05:30,8.1625,17.0175,13.8325
2025-09-13 14:00:00+05:30,9.115,51.980000000000004,31.735
2025-09-13 15:00:00+05:30,10.765,41.0225,26.125
2025-09-13 16:00:00+05:30,12.7575,38.932500000000005,25.055
2025-09-13 17:00:00+05:30,16.22,45.605000000000004,28.465
2025-09-13 18:00:00+05:30,14.2925,48.2475,29.8225
2025-09-13 19:00:00+05:30,23.02,46.0175,28.6825
2025-09-13 20:00:00+05:30,26.7575,53.184999999999995,32.35
2025-09-13 21:00:00+05:30,29.563333333333333,70.61,41.27333333333333
2025-09-13 22:00:00+05:30,32.05,71.25999999999999,41.605000000000004
2025-09-13 23:00:00+05:30,36.445,61.50333333333333,36.61
2025-09-14 00:00:00+05:30,34.69,52.87,32.19
2025-09-14 01:00:00+05:30,34.5,53.894999999999996,32.715
2025-09-14 02:00:00+05:30,36.5075,50.6175,31.055
2025-09-14 03:00:00+05:30,38.4775,40.3125,25.7575
2025-09-14 04:00:00+05:30,37.045,36.5125,23.8125
2025-09-14 05:00:00+05:30,38.02333333333333,40.48333333333333,25.846666666666668
2025-09-14 06:00:00+05:30,43.1975,46.485,28.9175
2025-09-14 07:00:00+05:30,41.4775,44.45,27.8775
2025-09-14 08:00:00+05:30,38.89,42.4575,26.86
2025-09-14 09:00:00+05:30,38.305,40.025,25.61
2025-09-14 10:00:00+05:30,40.375,41.3625,26.295
2025-09-14 11:00:00+05:30,37.4975,36.7625,23.9425
2025-09-14 12:00:00+05:30,33.5,40.1925,25.7
2025-09-14 13:00:00+05:30,34.25333333333334,44.14666666666667,27.723333333333333
2025-09-14 14:00:00+05:30,35.9525,45.9325,28.6375
2025-09-14 15:00:00+05:30,33.6525,42.41,26.8325
2025-09-14 16:00:00+05:30,32.4225,37.557500000000005,24.35
2025-09-14 17:00:00+05:30,35.7825,40.535000000000004,25.875
2025-09-14 18:00:00+05:30,36.473333333333336,46.1025,28.7225
2025-09-14 19:00:00+05:30,35.435,43.065,27.1675
2025-09-14 20:00:00+05:30,33.68,42.5775,26.9225
2025-09-14 21:00:00+05:30,37.005,40.71,25.965
2025-09-14 22:00:00+05:30,34.305,36.2975,23.705
2025-09-14 23:00:00+05:30,32.97,36.65,23.89
2025-09-15 00:00:00+05:30,35.0,36.38,23.75
2025-09-15 01:00:00+05:30,35.8425,34.095,22.5775
2025-09-15 02:00:00+05:30,33.03,28.585,19.7525
2025-09-15 03:00:00+05:30,30.7,29.315,20.127499999999998
2025-09-15 04:00:00+05:30,32.8875,33.7825,22.415
2025-09-15 05:00:00+05:30,34.8175,30.950000000000003,20.9675
2025-09-15 06:00:00+05:30,31.505000000000003,30.115000000000002,20.5375
2025-09-15 07:00:00+05:30,29.09,29.995,20.4775
2025-09-15 08:00:00+05:30,30.935000000000002,30.6175,20.795
2025-09-15 09:00:00+05:30,29.763333333333332,31.136666666666667,21.015
2025-09-15 10:00:00+05:30,28.405,31.435000000000002,21.2125
2025-09-15 11:00:00+05:30,26.575,34.6225,22.845
2025-09-15 12:00:00+05:30,30.98,33.405,22.225
2025-09-15 13:00:00+05:30,27.92,32.9875,22.01
2025-09-15 14:00:00+05:30,19.145,39.082499999999996,25.1325
2025-09-15 15:00:00+05:30,8.9475,36.92,24.025
2025-09-15 16:00:00+05:30,6.6175,32.32333333333333,21.67
2025-09-15 17:00:00+05:30,7.702500000000001,34.817499999999995,22.945
2025-09-15 18:00:00+05:30,9.8575,38.2725,24.715
2025-09-15 19:00:00+05:30,11.3375,34.575,22.8225
2025-09-15 20:00:00+05:30,8.8225,33.8875,22.4725
2025-09-15 21:00:00+05:30,12.6275,45.3825,28.355
2025-09-15 22:00:00+05:30,10.52,51.6375,31.560000000000002
2025-09-15 23:00:00+05:30,16.41333333333333,47.71333333333333,29.55
2025-09-16 00:00:00+05:30,16.67,36.44,23.78
2025-09-16 01:00:00+05:30,16.564999999999998,39.5925,25.3925
2025-09-16 02:00:00+05:30,18.945,41.37,26.3025
2025-09-16 03:00:00+05:30,24.572499999999998,34.515,22.79
2025-09-16 04:00:00+05:30,22.1675,30.615000000000002,20.7925
2025-09-16 05:00:00+05:30,20.9025,30.175,20.5675
2025-09-16 06:00:00+05:30,24.5775,30.772499999999997,20.875
2025-09-16 07:00:00+05:30,27.525,30.1575,20.560000000000002
2025-09-16 08:00:00+05:30,23.965,34.917500000000004,22.9975
2025-09-16 09:00:00+05:30,22.8325,35.5175,23.305
2025-09-16 10:00:00+05:30,29.75333333333333,37.60666666666666,24.373333333333335
2025-09-16 11:00:00+05:30,28.61,36.2875,23.695
2025-09-16 12:00:00+05:30,28.445,32.5625,21.7875
2025-09-16 13:00:00+05:30,28.28,35.419999999999995,23.25333333333333
2025-09-16 14:00:00+05:30,30.5925,41.442499999999995,26.3375
2025-09-16 15:00:00+05:30,27.509999999999998,36.9125,24.015
2025-09-16 16:00:00+05:30,25.5575,33.8975,22.475
2025-09-16 17:00:00+05:30,27.2725,36.82,23.975
2025-09-16 18:00:00+05:30,31.723333333333333,36.77333333333333,23.953333333333333
2025-09-16 19:00:00+05:30,29.134999999999998,36.2375,23.675
2025-09-16 20:00:00+05:30,26.997500000000002,39.215,25.1975
2025-09-16 21:00:00+05:30,32.04,40.3475,25.7775
2025-09-16 22:00:00+05:30,32.894999999999996,40.875,26.05
2025-09-16 23:00:00+05:30,30.42,40.95333333333333,26.09
2025-09-17 00:00:00+05:30,31.65,51.29,31.38
2025-09-17 01:00:00+05:30,35.92,49.405,30.415
2025-09-17 02:00:00+05:30,33.8925,44.94,28.127499999999998
2025-09-17 03:00:00+05:30,31.08,42.64,26.95
2025-09-17 04:00:00+05:30,31.435,38.0475,24.6
2025-09-17 05:00:00+05:30,35.3225,39.849999999999994,25.525
2025-09-17 06:00:00+05:30,31.32,41.1425,26.1875
2025-09-17 07:00:00+05:30,27.6875,39.21,25.05333333333333
2025-09-17 08:00:00+05:30,30.35,41.614999999999995,26.427500000000002
2025-09-17 09:00:00+05:30,30.853333333333335,43.080000000000005,27.180000000000003
2025-09-17 10:00:00+05:30,28.73,45.1025,28.215
2025-09-17 11:00:00+05:30,28.46666666666667,42.21666666666667,26.733333333333334
2025-09-17 12:00:00+05:30,33.33,45.035,28.177500000000002
2025-09-17 13:00:00+05:30,30.377499999999998,52.29,31.8925
2025-09-17 14:00:00+05:30,29.155,49.6575,30.5425
2025-09-17 15:00:00+05:30,29.903333333333332,43.589999999999996,27.439999999999998
2025-09-17 16:00:00+05:30,34.182500000000005,46.2725,28.8125
2025-09-17 17:00:00+05:30,26.315,57.114999999999995,34.365
2025-09-17 18:00:00+05:30,5.65,58.765,35.2025
2025-09-17 19:00:00+05:30,10.649999999999999,51.26,31.36
2025-09-17 20:00:00+05:30,19.855,52.46,31.98
2025-09-17 21:00:00+05:30,22.225,54.5075,33.0325
2025-09-17 22:00:00+05:30,25.005,56.067499999999995,33.83
2025-09-17 23:00:00+05:30,30.22,58.74,35.196666666666665
2025-09-18 00:00:00+05:30,30.06,48.53,29.97
2025-09-18 01:00:00+05:30,30.185,51.765,31.625
2025-09-18 02:00:00+05:30,30.875,54.445,32.995
2025-09-18 03:00:00+05:30,34.1325,48.1375,29.765
2025-09-18 04:00:00+05:30,32.74,42.932500000000005,27.1
2025-09-18 05:00:00+05:30,32.373333333333335,39.86333333333334,25.526666666666667
2025-09-18 06:00:00+05:30,35.1525,42.32,26.785
2025-09-18 07:00:00+05:30,36.28,47.3575,29.365000000000002
2025-09-18 08:00:00+05:30,34.1525,45.58,28.46
2025-09-18 09:00:00+05:30,32.78,44.23,27.77
2025-09-18 13:00:00+05:30,35.11,59.19,35.43
2025-09-18 14:00:00+05:30,37.845,58.535,35.09
2025-09-18 15:00:00+05:30,36.305,55.4675,33.5225
2025-09-18 16:00:00+05:30,33.885,54.5125,33.0325
2025-09-18 17:00:00+05:30,33.3625,57.6125,34.6175
2025-09-18 18:00:00+05:30,28.9725,56.635,34.12
2025-09-18 19:00:00+05:30,10.3825,51.209999999999994,31.3375
2025-09-18 20:00:00+05:30,13.883333333333333,49.89333333333334,30.663333333333338
2025-09-18 21:00:00+05:30,20.4725,49.9525,30.6975
2025-09-18 22:00:00+05:30,24.2975,52.1725,31.8325
2025-09-18 23:00:00+05:30,25.886666666666667,52.026666666666664,31.75666666666667
2025-09-19 00:00:00+05:30,27.65,56.11,33.85
2025-09-19 01:00:00+05:30,31.419999999999998,56.6,34.1
2025-09-19 02:00:00+05:30,31.48,54.055,32.795
2025-09-19 03:00:00+05:30,31.735,48.9525,30.185000000000002
2025-09-19 04:00:00+05:30,32.385,50.44,30.947499999999998
2025-09-19 05:00:00+05:30,36.0,51.166666666666664,31.313333333333333
2025-09-19 06:00:00+05:30,35.0875,48.692499999999995,30.0475
2025-09-19 07:00:00+05:30,34.445,45.2825,28.302500000000002
2025-09-19 08:00:00+05:30,36.2825,48.105,29.7525
2025-09-19 09:00:00+05:30,36.3025,52.3275,31.915
2025-09-19 10:00:00+05:30,33.6725,51.7775,31.627499999999998
2025-09-19 11:00:00+05:30,33.375,53.3425,32.43
2025-09-19 12:00:00+05:30,33.07,56.0975,33.845
2025-09-19 13:00:00+05:30,31.599999999999998,53.45333333333334,32.49333333333333
2025-09-19 14:00:00+05:30,30.0375,57.1775,34.394999999999996
2025-09-19 15:00:00+05:30,30.0925,57.35,34.4825
2025-09-19 16:00:00+05:30,33.1975,57.7575,34.69
2025-09-19 17:00:00+05:30,33.0525,63.1125,37.435
2025-09-19 18:00:00+05:30,34.615,68.4875,40.1875
2025-09-19 19:00:00+05:30,35.9,64.2175,38.0
2025-09-19 20:00:00+05:30,36.9025,67.2175,39.535
2025-09-19 21:00:00+05:30,35.68666666666667,73.72,42.86333333333334
2025-09-19 22:00:00+05:30,36.16,74.715,43.370000000000005
2025-09-19 23:00:00+05:30,38.79333333333334,67.18,40.04666666666666
2025-09-20 00:00:00+05:30,38.68,66.18,39.0
2025-09-20 01:00:00+05:30,39.245000000000005,70.635,41.2825
2025-09-20 02:00:00+05:30,38.9525,73.7025,42.855000000000004
2025-09-20 03:00:00+05:30,42.83,64.47,38.1375
2025-09-20 04:00:00+05:30,41.57,60.7825,36.237500000000004
2025-09-20 05:00:00+05:30,41.5925,64.6875,38.237500000000004
2025-09-20 06:00:00+05:30,42.9225,70.92500000000001,41.435
2025-09-20 07:00:00+05:30,44.95666666666667,72.89,42.44
2025-09-20 08:00:00+05:30,42.0525,70.25,41.087500000000006
2025-09-20 09:00:00+05:30,42.1525,73.77499999999999,42.8925
2025-09-20 10:00:00+05:30,42.83,77.3125,44.705
2025-09-20 11:00:00+05:30,44.394999999999996,70.445,41.1875
2025-09-20 12:00:00+05:30,38.535,72.8775,42.435
2025-09-20 13:00:00+05:30,22.1325,69.4675,40.69
2025-09-20 14:00:00+05:30,11.4325,58.519999999999996,35.085
2025-09-20 15:00:00+05:30,15.967500000000001,49.2025,30.31
2025-09-20 16:00:00+05:30,18.1175,47.76,29.575
2025-09-20 17:00:00+05:30,12.4025,48.4025,29.9025
2025-09-20 18:00:00+05:30,14.2,50.4275,30.94
2025-09-20 19:00:00+05:30,14.1875,48.445,29.927500000000002
2025-09-20 20:00:00+05:30,15.51,51.8575,31.67
2025-09-20 21:00:00+05:30,20.63,54.91,33.2325
2025-09-20 22:00:00+05:30,28.55,61.3125,36.5125
2025-09-20 23:00:00+05:30,27.11,65.81333333333333,38.81333333333333
2025-09-21 00:00:00+05:30,29.83,77.15,44.62
2025-09-21 01:00:00+05:30,35.59,79.9075,46.0325
2025-09-21 02:00:00+05:30,37.475,84.30250000000001,48.2825
2025-09-21 03:00:00+05:30,36.4475,89.2525,50.8175
2025-09-21 04:00:00+05:30,37.1375,99.47,56.0525
2025-09-21 05:00:00+05:30,45.26333333333333,105.5,59.14000000000001
2025-09-21 06:00:00+05:30,45.19,112.98,62.97
2025-09-21 07:00:00+05:30,43.19,110.22500000000001,61.555
2025-09-21 08:00:00+05:30,42.8075,108.4375,60.6375
2025-09-21 09:00:00+05:30,44.8525,113.1525,63.055
2025-09-21 10:00:00+05:30,39.1975,112.74249999999999,62.8475
2025-09-21 11:00:00+05:30,36.165,107.92,60.3775
2025-09-21 12:00:00+05:30,37.947500000000005,101.80250000000001,57.2425
2025-09-21 13:00:00+05:30,40.08,101.36250000000001,57.02
2025-09-21 14:00:00+05:30,39.54,103.70750000000001,58.2175
2025-09-21 15:00:00+05:30,40.870000000000005,101.8575,57.269999999999996
2025-09-21 16:00:00+05:30,44.9975,95.7275,54.1325
2025-09-21 17:00:00+05:30,43.535,94.65,53.58
2025-09-21 18:00:00+05:30,43.7025,100.125,56.3825
2025-09-21 19:00:00+05:30,45.0925,90.4575,51.432500000000005
2025-09-21 20:00:00+05:30,47.475,79.21000000000001,45.675000000000004
2025-09-21 21:00:00+05:30,44.32333333333333,75.13666666666667,43.593333333333334
2025-09-21 22:00:00+05:30,43.417500000000004,74.41,43.214999999999996
2025-09-21 23:00:00+05:30,43.45333333333334,64.61333333333333,38.199999999999996
2025-09-22 00:00:00+05:30,43.92,60.85,36.28
2025-09-22 01:00:00+05:30,42.29,65.4875,38.6525
2025-09-22 02:00:00+05:30,40.5925,77.04,44.5625
2025-09-22 03:00:00+05:30,44.93,85.2275,48.754999999999995
2025-09-22 04:00:00+05:30,43.47,84.325,48.2975
2025-09-22 05:00:00+05:30,40.63,75.3075,43.68
2025-09-22 06:00:00+05:30,40.6075,71.7,41.832499999999996
2025-09-22 07:00:00+05:30,47.03,76.055,44.057500000000005
2025-09-22 08:00:00+05:30,44.77,80.08,46.12
2025-09-22 09:00:00+05:30,41.79,87.67333333333333,50.01
2025-09-22 10:00:00+05:30,41.8875,97.86500000000001,55.225
2025-09-22 11:00:00+05:30,34.5375,99.6175,56.125
2025-09-22 12:00:00+05:30,13.445,99.29249999999999,55.9575
2025-09-22 13:00:00+05:30,12.0725,97.73,55.1575
2025-09-22 14:00:00+05:30,12.7125,88.61,50.49
2025-09-22 15:00:00+05:30,17.87,74.39,43.21
2025-09-22 16:00:00+05:30,28.93,65.33,38.57
2025-09-22 17:00:00+05:30,28.267500000000002,61.93,36.83
2025-09-22 18:00:00+05:30,29.372500000000002,55.230000000000004,33.3975
2025-09-22 19:00:00+05:30,33.2975,48.894999999999996,30.152500000000003
2025-09-22 20:00:00+05:30,36.4225,42.2125,26.735
2025-09-22 21:00:00+05:30,34.417500000000004,41.6075,26.425
2025-09-22 22:00:00+05:30,34.135000000000005,41.0,26.1125
2025-09-22 23:00:00+05:30,37.19,41.419999999999995,26.326666666666668
2025-09-23 00:00:00+05:30,36.26,38.89,25.03
2025-09-23 01:00:00+05:30,33.9775,40.5725,25.892500000000002
2025-09-23 02:00:00+05:30,31.605,41.7725,26.51
2025-09-23 03:00:00+05:30,36.7375,36.417500000000004,23.7675
2025-09-23 04:00:00+05:30,34.879999999999995,31.0325,21.01
2025-09-23 05:00:00+05:30,30.174999999999997,28.37,19.64
2025-09-23 06:00:00+05:30,28.9225,25.3575,18.1025
2025-09-23 07:00:00+05:30,34.6225,25.925,18.39
2025-09-23 08:00:00+05:30,30.75,27.0825,18.9875
2025-09-23 09:00:00+05:30,26.97666666666667,29.05666666666666,20.0
2025-09-23 10:00:00+05:30,26.425,33.442499999999995,22.245
2025-09-23 11:00:00+05:30,31.0775,28.675,19.805
2025-09-23 12:00:00+05:30,27.425,28.294999999999998,19.6075
2025-09-23 13:00:00+05:30,26.94,33.0925,22.0625
2025-09-23 14:00:00+05:30,30.3575,38.9075,25.0425
2025-09-23 15:00:00+05:30,30.72,38.475,24.8175
2025-09-23 16:00:00+05:30,27.9175,33.235,22.135
2025-09-23 17:00:00+05:30,27.666666666666668,35.696666666666665,23.396666666666665
2025-09-23 18:00:00+05:30,35.682500000000005,42.885000000000005,27.07
2025-09-23 19:00:00+05:30,36.7525,48.095,29.744999999999997
2025-09-23 20:00:00+05:30,36.435,51.44,31.455
2025-09-23 21:00:00+05:30,37.0625,51.4825,31.48
2025-09-23 22:00:00+05:30,43.995,54.629999999999995,33.0925
2025-09-23 23:00:00+05:30,41.553333333333335,51.68666666666667,31.583333333333332
2025-09-24 00:00:00+05:30,39.11,54.78,33.17
2025-09-24 01:00:00+05:30,39.97333333333333,51.653333333333336,31.570000000000004
2025-09-24 02:00:00+05:30,43.1975,46.8225,29.095
2025-09-24 03:00:00+05:30,39.29,50.0725,30.755000000000003
2025-09-24 04:00:00+05:30,37.6425,49.2675,30.3425
2025-09-24 05:00:00+05:30,41.2475,46.025,28.68
2025-09-24 06:00:00+05:30,43.082499999999996,46.379999999999995,28.865000000000002
2025-09-24 07:00:00+05:30,38.295,46.7825,29.0725
2025-09-24 08:00:00+05:30,35.6125,44.835,28.075
2025-09-24 09:00:00+05:30,39.64,40.3875,25.799999999999997
2025-09-24 10:00:00+05:30,36.4775,41.9725,26.607499999999998
2025-09-24 11:00:00+05:30,33.96,40.2125,25.7075
2025-09-24 12:00:00+05:30,33.38,40.425,25.814999999999998
2025-09-24 13:00:00+05:30,39.9325,39.33,25.255
2025-09-24 14:00:00+05:30,38.33,39.9875,25.59
2025-09-24 15:00:00+05:30,35.7775,42.09,26.67
2025-09-24 16:00:00+05:30,37.120000000000005,40.120000000000005,25.66
2025-09-24 17:00:00+05:30,43.932500000000005,38.807500000000005,24.994999999999997
2025-09-24 18:00:00+05:30,46.3875,47.35,29.365000000000002
2025-09-24 19:00:00+05:30,40.64666666666667,55.223333333333336,33.39333333333334
2025-09-24 20:00:00+05:30,18.436666666666667,56.13333333333333,33.86
2025-09-24 21:00:00+05:30,7.26,65.78,38.8
2025-09-24 22:00:00+05:30,41.45,76.6525,44.365
2025-09-24 23:00:00+05:30,43.01333333333333,72.7,42.343333333333334
2025-09-25 00:00:00+05:30,10.76,81.88,47.04
2025-09-25 01:00:00+05:30,19.5275,86.56,49.4375
2025-09-25 02:00:00+05:30,5.11,86.6225,49.47
2025-09-25 03:00:00+05:30,2.3000000000000003,76.33500000000001,44.205
2025-09-25 04:00:00+05:30,-0.5774999999999999,74.60249999999999,43.3175
2025-09-25 05:00:00+05:30,8.620000000000001,67.6225,39.7425
2025-09-25 06:00:00+05:30,-6.734999999999999,71.1325,41.5425
2025-09-25 07:00:00+05:30,-10.985,73.5025,42.7525
2025-09-25 08:00:00+05:30,-14.25,67.45,39.6525
2025-09-25 09:00:00+05:30,-15.723333333333334,62.199999999999996,36.96333333333333
2025-09-25 10:00:00+05:30,-16.8025,54.975,33.265
2025-09-25 11:00:00+05:30,4.717499999999999,49.677499999999995,30.5575
2025-09-25 12:00:00+05:30,8.705,45.455,28.3975
2025-09-25 14:00:00+05:30,18.79,31.97,21.485
2025-09-25 15:00:00+05:30,-31.496666666666666,33.47,22.25333333333333
2025-09-25 16:00:00+05:30,1.8066666666666666,35.77333333333333,23.436666666666667
2025-09-25 17:00:00+05:30,1.9124999999999996,44.9575,28.1375
2025-09-25 18:00:00+05:30,19.5275,56.2525,33.9225
2025-09-25 19:00:00+05:30,16.2275,53.19,32.3525
2025-09-25 20:00:00+05:30,16.315,59.4,35.5325
2025-09-25 21:00:00+05:30,16.09,54.1325,32.8325
2025-09-25 22:00:00+05:30,18.057499999999997,49.9175,30.6725
2025-09-25 23:00:00+05:30,21.593333333333334,44.879999999999995,28.096666666666664
2025-09-26 00:00:00+05:30,35.71,67.59,39.73
2025-09-26 01:00:00+05:30,36.5425,69.8475,40.8825
2025-09-26 02:00:00+05:30,38.7375,76.155,44.1
2025-09-26 03:00:00+05:30,41.79333333333333,76.14999999999999,44.10666666666666
2025-09-26 04:00:00+05:30,43.004999999999995,68.4125,40.1475
2025-09-26 05:00:00+05:30,38.5725,67.6525,39.7475
2025-09-26 06:00:00+05:30,35.25,65.095,38.4475
2025-09-26 07:00:00+05:30,38.3475,62.09,36.91
2025-09-26 08:00:00+05:30,37.725,54.71,33.13
2025-09-26 09:00:00+05:30,32.725,54.53,33.04
2025-09-26 10:00:00+05:30,29.5875,43.6725,27.4775
2025-09-26 11:00:00+05:30,5.0,35.0,23.04
2025-09-26 12:00:00+05:30,7.41,12.7625,11.655
2025-09-26 13:00:00+05:30,10.363333333333332,21.580000000000002,16.169999999999998
2025-09-26 14:00:00+05:30,12.09,40.137499999999996,25.67
2025-09-26 15:00:00+05:30,18.525,47.47,29.43
2025-09-26 19:00:00+05:30,24.706666666666667,56.413333333333334,34.00666666666667
2025-09-26 20:00:00+05:30,19.5975,55.985,33.78
2025-09-26 21:00:00+05:30,43.1675,56.31,33.955
2025-09-26 22:00:00+05:30,26.4325,53.17,32.345
2025-09-26 23:00:00+05:30,22.043333333333333,48.22,29.81
2025-09-27 01:00:00+05:30,19.98,56.51,34.05
2025-09-27 02:00:00+05:30,19.302500000000002,54.207499999999996,32.8725
2025-09-27 03:00:00+05:30,19.2,49.44499999999999,30.44
2025-09-27 04:00:00+05:30,19.5275,54.07,32.64
2025-09-27 05:00:00+05:30,18.7225,56.972500000000004,34.2925
2025-09-27 06:00:00+05:30,18.8375,56.2375,33.910000000000004
2025-09-27 07:00:00+05:30,19.526666666666667,53.07333333333333,32.29666666666667
2025-09-27 08:00:00+05:30,19.353333333333335,56.916666666666664,33.910000000000004
2025-09-27 09:00:00+05:30,20.03,63.8175,37.79
2025-09-27 10:00:00+05:30,20.3075,65.9175,38.870000000000005
2025-09-27 11:00:00+05:30,26.009999999999998,63.0,37.3775
2025-09-27 12:00:00+05:30,27.6425,60.795,36.2475
2025-09-27 13:00:00+05:30,26.925,57.065,34.3375
2025-09-27 14:00:00+05:30,26.375,57.045,34.325
2025-09-27 15:00:00+05:30,21.32,55.4825,33.5275
2025-09-27 16:00:00+05:30,20.195,53.275,32.4
2025-09-27 17:00:00+05:30,20.186666666666667,55.57333333333333,33.57
2025-09-27 18:00:00+05:30,19.83,59.269999999999996,35.4675
2025-09-27 19:00:00+05:30,19.479999999999997,58.43,35.035
2025-09-27 20:00:00+05:30,19.635,63.32,37.5375
2025-09-27 21:00:00+05:30,19.48,69.115,40.505
2025-09-27 22:00:00+05:30,19.755,67.64,39.75
2025-09-27 23:00:00+05:30,19.23,64.79,38.29
2025-09-28 00:00:00+05:30,18.93,64.96,38.38
2025-09-28 01:00:00+05:30,18.740000000000002,64.87,38.33
2025-09-28 02:00:00+05:30,18.6575,58.754999999999995,35.2025
2025-09-28 03:00:00+05:30,18.77,56.27666666666667,33.93333333333333
2025-09-28 04:00:00+05:30,18.355,62.5225,37.1275
2025-09-28 05:00:00+05:30,18.18,69.32249999999999,40.61
2025-09-28 06:00:00+05:30,18.822499999999998,63.792500000000004,37.785000000000004
2025-09-28 07:00:00+05:30,18.7375,60.05,35.8625
2025-09-28 08:00:00+05:30,18.6325,54.8775,33.22
2025-09-28 09:00:00+05:30,19.5575,55.335,33.455
2025-09-28 10:00:00+05:30,19.7525,51.925000000000004,31.705
2025-09-28 11:00:00+05:30,19.875,58.2175,34.93
2025-09-28 12:00:00+05:30,19.9375,54.7425,33.147499999999994
2025-09-28 13:00:00+05:30,20.7725,53.8825,32.705
2025-09-28 14:00:00+05:30,20.62,51.585,31.532500000000002
2025-09-28 15:00:00+05:30,20.78,58.635000000000005,35.14
2025-09-28 16:00:00+05:30,20.405,53.895,32.71
2025-09-28 17:00:00+05:30,20.3025,50.245000000000005,30.8475
2025-09-28 18:00:00+05:30,19.455,55.015,33.29
2025-09-28 19:00:00+05:30,19.756666666666664,56.97,34.29
2025-09-28 21:00:00+05:30,18.71,51.84,31.66
2025-09-28 22:00:00+05:30,19.447499999999998,51.4775,31.48
2025-09-28 23:00:00+05:30,19.083333333333332,50.79,31.13
2025-09-29 00:00:00+05:30,19.56,54.21,32.87
2025-09-29 01:00:00+05:30,19.240000000000002,53.004999999999995,32.26
2025-09-29 02:00:00+05:30,19.425,52.2775,31.887500000000003
2025-09-29 03:00:00+05:30,19.353333333333335,61.01666666666667,36.36
2025-09-29 04:00:00+05:30,19.07,61.65,36.6825
2025-09-29 05:00:00+05:30,19.39,68.4425,40.165
2025-09-29 06:00:00+05:30,19.72,60.81333333333333,36.25333333333334
2025-09-29 07:00:00+05:30,19.4775,59.1225,35.39
2025-09-29 08:00:00+05:30,20.405,57.2625,34.4375
2025-09-29 09:00:00+05:30,21.5925,61.137499999999996,36.4225
2025-09-29 10:00:00+05:30,22.265,61.9675,36.8425
2025-09-29 11:00:00+05:30,22.365000000000002,66.55749999999999,39.197500000000005
2025-09-29 12:00:00+05:30,22.942500000000003,62.3775,37.055
2025-09-29 13:00:00+05:30,22.7725,66.225,39.025
2025-09-29 14:00:00+05:30,24.2175,63.25749999999999,37.5075
2025-09-29 15:00:00+05:30,24.896666666666665,59.83,35.75
2025-09-29 16:00:00+05:30,24.69,64.55250000000001,38.1725
2025-09-29 17:00:00+05:30,25.72666666666667,66.14,38.99
2025-09-29 18:00:00+05:30,26.494999999999997,73.235,42.615
2025-09-29 19:00:00+05:30,25.965,79.85,46.005
2025-09-29 20:00:00+05:30,25.7075,91.9325,52.1875
2025-09-29 21:00:00+05:30,24.705,107.83,60.3275
2025-09-29 22:00:00+05:30,23.195,97.63,55.105000000000004
2025-09-29 23:00:00+05:30,21.555,83.88,48.07
2025-09-30 00:00:00+05:30,20.7,76.66,44.37
2025-09-30 01:00:00+05:30,20.0675,76.7375,44.4075
2025-09-30 02:00:00+05:30,19.7575,76.88,44.4825
2025-09-30 03:00:00+05:30,19.2975,70.885,41.41
2025-09-30 04:00:00+05:30,19.4725,62.8875,37.317499999999995
2025-09-30 05:00:00+05:30,19.0125,63.447500000000005,37.605000000000004
2025-09-30 06:00:00+05:30,19.195,68.445,40.1625
2025-09-30 07:00:00+05:30,19.515,71.2425,41.597500000000004
2025-09-30 08:00:00+05:30,20.945,72.465,42.2175
2025-09-30 09:00:00+05:30,22.19333333333333,76.32666666666667,44.196666666666665
2025-09-30 10:00:00+05:30,24.7775,77.67500000000001,44.8875
2025-09-30 11:00:00+05:30,26.3975,83.3575,47.800000000000004
2025-09-30 12:00:00+05:30,23.9725,83.3325,47.7875
2025-09-30 13:00:00+05:30,23.45,79.07,45.605000000000004
2025-09-30 14:00:00+05:30,22.1575,72.1875,42.0775
2025-09-30 15:00:00+05:30,21.75,74.61333333333333,43.31999999999999
2025-09-30 16:00:00+05:30,22.255000000000003,82.04,47.120000000000005
2025-09-30 17:00:00+05:30,23.634999999999998,92.7975,52.6325
2025-09-30 18:00:00+05:30,23.5525,114.08,63.53
2025-09-30 19:00:00+05:30,22.752499999999998,120.555,66.845
2025-09-30 20:00:00+05:30,22.473333333333333,118.01333333333332,65.54666666666667
2025-09-30 21:00:00+05:30,22.706666666666667,130.97,72.17
2025-09-30 22:00:00+05:30,22.335,129.14000000000001,71.24
2025-09-30 23:00:00+05:30,22.353333333333335,126.69,69.98
2025-10-01 00:00:00+05:30,21.24,71.57,41.77
2025-10-01 01:00:00+05:30,20.5175,68.595,40.24
2025-10-01 02:00:00+05:30,19.29,59.86,35.7675
2025-10-01 03:00:00+05:30,20.0825,51.1175,31.2925
2025-10-01 04:00:00+05:30,19.845,53.51,32.519999999999996
2025-10-01 05:00:00+05:30,19.2525,60.2975,35.995
2025-10-01 06:00:00+05:30,19.403333333333332,68.27,40.07666666666666
2025-10-01 07:00:00+05:30,19.497500000000002,70.5375,41.2325
2025-10-01 08:00:00+05:30,19.195,75.22749999999999,43.637499999999996
2025-10-01 09:00:00+05:30,19.8575,75.08500000000001,43.56
2025-10-01 10:00:00+05:30,21.296666666666667,74.63,43.333333333333336
2025-10-01 11:00:00+05:30,21.44666666666667,71.08333333333333,41.516666666666666
2025-10-01 12:00:00+05:30,21.953333333333333,70.02333333333333,40.97
2025-10-01 13:00:00+05:30,21.6325,67.02000000000001,39.432500000000005
2025-10-01 14:00:00+05:30,20.8825,71.87,41.915
2025-10-01 15:00:00+05:30,20.31,64.4725,38.1325
2025-10-01 16:00:00+05:30,19.2425,55.865,33.7225
2025-10-01 17:00:00+05:30,18.619999999999997,52.1275,31.810000000000002
2025-10-01 18:00:00+05:30,18.2975,49.1925,30.31
2025-10-01 19:00:00+05:30,18.346666666666668,46.96,29.159999999999997
2025-10-01 20:00:00+05:30,18.66,46.86,29.1125
2025-10-01 21:00:00+05:30,17.97,52.989999999999995,32.25
2025-10-01 22:00:00+05:30,18.36,51.3825,31.432499999999997
2025-10-01 23:00:00+05:30,18.663333333333334,46.41,28.88
2025-10-02 00:00:00+05:30,17.53,41.94,26.6
2025-10-02 01:00:00+05:30,17.8525,41.197500000000005,26.2125
2025-10-02 02:00:00+05:30,18.08,39.7375,25.4625
2025-10-02 03:00:00+05:30,18.093333333333334,41.63999999999999,26.44
2025-10-02 04:00:00+05:30,18.3525,41.4125,26.3225
2025-10-02 05:00:00+05:30,18.2325,46.3125,28.83
2025-10-02 06:00:00+05:30,17.8625,42.215,26.7325
2025-10-02 07:00:00+05:30,17.54,39.085,25.130000000000003
2025-10-02 08:00:00+05:30,17.24,40.2,25.705
2025-10-02 09:00:00+05:30,17.7025,45.9725,28.66
2025-10-02 10:00:00+05:30,17.72,42.79,27.03
2025-10-02 11:00:00+05:30,18.0,43.199999999999996,27.24
2025-10-02 12:00:00+05:30,18.5725,45.019999999999996,28.1725
2025-10-02 13:00:00+05:30,17.564999999999998,42.9125,27.09
2025-10-02 14:00:00+05:30,17.6175,45.47,28.4025
2025-10-02 15:00:00+05:30,17.9075,41.707499999999996,26.4725
2025-10-02 16:00:00+05:30,17.752499999999998,39.337500000000006,25.2625
2025-10-02 17:00:00+05:30,17.093333333333334,37.949999999999996,24.55
2025-10-02 18:00:00+05:30,17.29,37.9925,24.57
2025-10-02 19:00:00+05:30,17.325,39.195,25.1925
2025-10-02 20:00:00+05:30,17.075,40.675,25.9425
2025-10-02 21:00:00+05:30,17.67,49.0575,30.235
2025-10-02 22:00:00+05:30,18.0625,45.405,28.3625
2025-10-02 23:00:00+05:30,17.7,42.51,26.89
2025-10-03 00:00:00+05:30,17.49,48.32,29.86
2025-10-03 01:00:00+05:30,17.9525,48.2475,29.822499999999998
2025-10-03 02:00:00+05:30,17.6175,46.14,28.745
2025-10-03 03:00:00+05:30,17.875,44.445,27.875
2025-10-03 04:00:00+05:30,18.4025,41.265,26.2475
2025-10-03 05:00:00+05:30,18.3175,38.6575,24.9125
2025-10-03 06:00:00+05:30,18.515,36.39,23.7475
2025-10-03 07:00:00+05:30,19.31,36.5975,23.8575
2025-10-03 08:00:00+05:30,19.545,41.8125,26.5275
2025-10-03 09:00:00+05:30,18.295,47.947500000000005,29.667499999999997
2025-10-03 10:00:00+05:30,17.94,47.3875,29.3825
2025-10-03 11:00:00+05:30,18.583333333333332,43.43,27.36
2025-10-03 12:00:00+05:30,18.8125,50.900000000000006,31.18
2025-10-03 13:00:00+05:30,18.485,51.9475,31.7125
2025-10-03 14:00:00+05:30,18.675,56.519999999999996,34.0625
2025-10-03 15:00:00+05:30,18.6025,63.0925,37.425
2025-10-03 16:00:00+05:30,18.122500000000002,71.5925,41.775000000000006
2025-10-03 17:00:00+05:30,17.8875,74.81,43.425000000000004
2025-10-03 18:00:00+05:30,18.57,65.73750000000001,38.777499999999996
2025-10-03 19:00:00+05:30,18.18,69.9075,40.917500000000004
2025-10-03 20:00:00+05:30,18.1625,64.7075,38.2525
2025-10-03 21:00:00+05:30,18.4875,63.42,37.587500000000006
2025-10-03 22:00:00+05:30,18.355,67.695,39.7825
2025-10-03 23:00:00+05:30,17.793333333333333,62.79999999999999,37.27
2025-10-04 00:00:00+05:30,18.36,65.55,38.68
2025-10-04 01:00:00+05:30,17.9775,66.03750000000001,38.934999999999995
2025-10-04 02:00:00+05:30,17.4,67.35,39.6025
2025-10-04 03:00:00+05:30,17.7825,62.2975,37.0175
2025-10-04 04:00:00+05:30,17.4875,64.44,38.11
2025-10-04 05:00:00+05:30,17.6675,68.54,40.212500000000006
2025-10-04 06:00:00+05:30,17.455,61.2625,36.485
2025-10-04 07:00:00+05:30,17.566666666666666,67.21333333333334,39.53333333333334
2025-10-04 08:00:00+05:30,17.8375,65.15,38.4775
2025-10-04 09:00:00+05:30,18.14,62.94,37.3425
2025-10-04 10:00:00+05:30,18.7825,68.9225,40.41
2025-10-04 11:00:00+05:30,18.747500000000002,64.9525,38.375
2025-10-04 12:00:00+05:30,18.895,64.37,38.0775
2025-10-04 13:00:00+05:30,18.91,68.94250000000001,40.4225
2025-10-04 14:00:00+05:30,18.473333333333333,63.56333333333333,37.666666666666664
2025-10-04 15:00:00+05:30,18.64,65.11,38.4575
2025-10-04 16:00:00+05:30,18.7025,65.63499999999999,38.7275
2025-10-04 17:00:00+05:30,18.36,72.475,42.225
2025-10-04 18:00:00+05:30,18.065,64.85249999999999,38.325
2025-10-04 19:00:00+05:30,18.195,67.38000000000001,39.6225
2025-10-04 20:00:00+05:30,18.2925,67.1575,39.504999999999995
2025-10-04 21:00:00+05:30,17.775,73.1925,42.5925
2025-10-04 22:00:00+05:30,18.155,63.84,37.809999999999995
2025-10-04 23:00:00+05:30,18.313333333333333,62.77,37.26
2025-10-05 00:00:00+05:30,18.92,66.56,39.2
2025-10-05 01:00:00+05:30,18.2725,65.63499999999999,38.725
2025-10-05 02:00:00+05:30,18.4975,61.162499999999994,36.4375
2025-10-05 03:00:00+05:30,18.7425,57.68,34.655
2025-10-05 04:00:00+05:30,18.355,53.894999999999996,32.7125
2025-10-05 05:00:00+05:30,18.314999999999998,53.5725,32.5525
2025-10-05 06:00:00+05:30,18.8775,51.227500000000006,31.3475
2025-10-05 07:00:00+05:30,18.5075,49.085,30.255
2025-10-05 08:00:00+05:30,17.9075,45.065,28.197499999999998
2025-10-05 09:00:00+05:30,18.642500000000002,46.595,28.9775
2025-10-05 10:00:00+05:30,18.52,46.182500000000005,28.7675
2025-10-05 11:00:00+05:30,18.263333333333332,49.21333333333333,30.313333333333333
2025-10-05 12:00:00+05:30,18.997500000000002,54.4675,33.004999999999995
2025-10-05 13:00:00+05:30,19.23,61.6025,36.6625
2025-10-05 14:00:00+05:30,19.302500000000002,58.88249999999999,35.272499999999994
2025-10-05 15:00:00+05:30,19.85,58.935,35.290000000000006
2025-10-05 16:00:00+05:30,19.0875,57.1,34.355
2025-10-05 17:00:00+05:30,19.615,58.300000000000004,34.9675
2025-10-05 18:00:00+05:30,19.6,58.1875,34.91
2025-10-05 19:00:00+05:30,20.14,57.25,34.43
2025-10-05 20:00:00+05:30,19.95,64.61,38.1975
2025-10-05 21:00:00+05:30,19.38,76.6225,44.3475
2025-10-05 22:00:00+05:30,19.732499999999998,78.88,45.504999999999995
2025-10-05 23:00:00+05:30,18.996666666666666,77.26,44.68
2025-10-06 00:00:00+05:30,18.73,77.95,45.03
2025-10-06 01:00:00+05:30,19.0475,77.16,44.625
2025-10-06 02:00:00+05:30,19.54,77.0975,44.59
2025-10-06 03:00:00+05:30,19.555,84.815,48.5425
2025-10-06 04:00:00+05:30,18.585,83.305,47.775
2025-10-06 05:00:00+05:30,18.793333333333333,87.24333333333334,49.79
2025-10-06 06:00:00+05:30,18.612499999999997,93.1575,52.8175
2025-10-06 07:00:00+05:30,18.57,93.35249999999999,52.917500000000004
2025-10-06 08:00:00+05:30,18.785,99.2675,55.947500000000005
2025-10-06 09:00:00+05:30,19.845,100.9175,56.787499999999994
2025-10-06 10:00:00+05:30,20.1325,93.60249999999999,53.0475
2025-10-06 11:00:00+05:30,20.5275,92.5975,52.535
2025-10-06 12:00:00+05:30,22.085,93.12,52.7975
2025-10-06 13:00:00+05:30,22.126666666666665,95.47333333333334,53.99666666666667
2025-10-06 14:00:00+05:30,21.96,89.5575,50.9775
2025-10-06 15:00:00+05:30,22.69,88.955,50.6625
2025-10-06 16:00:00+05:30,22.5075,93.23,52.8575
2025-10-06 17:00:00+05:30,21.975,99.715,56.1775
2025-10-06 18:00:00+05:30,22.645000000000003,103.33666666666666,58.026666666666664
2025-10-06 19:00:00+05:30,21.33,99.7825,56.2075
2025-10-06 20:00:00+05:30,20.2425,102.6825,57.692499999999995
2025-10-06 21:00:00+05:30,20.305,102.4375,57.567499999999995
2025-10-06 22:00:00+05:30,19.71,87.63999999999999,49.99250000000001
2025-10-06 23:00:00+05:30,19.326666666666668,85.44,48.85999999999999
2025-10-07 00:00:00+05:30,19.12,82.31,47.26
2025-10-07 01:00:00+05:30,18.535,82.205,47.212500000000006
2025-10-07 02:00:00+05:30,18.185000000000002,80.17,46.1675
2025-10-07 03:00:00+05:30,18.4125,78.905,45.52
2025-10-07 04:00:00+05:30,18.5925,84.1375,48.195
2025-10-07 05:00:00+05:30,18.425,89.1575,50.7725
2025-10-07 06:00:00+05:30,18.32,87.2875,49.81
2025-10-07 07:00:00+05:30,19.095,85.8575,49.0825
2025-10-07 08:00:00+05:30,19.62,88.6025,50.485
2025-10-07 09:00:00+05:30,20.43,95.85333333333334,54.199999999999996
2025-10-07 10:00:00+05:30,22.535,92.28,52.3675
2025-10-07 11:00:00+05:30,24.5925,95.435,53.985
2025-10-07 12:00:00+05:30,25.35,98.7775,55.697500000000005
2025-10-07 13:00:00+05:30,25.275,99.3925,56.0125
2025-10-07 14:00:00+05:30,23.1425,101.7275,57.2025
2025-10-07 15:00:00+05:30,22.515,97.3025,54.94
2025-10-07 16:00:00+05:30,21.872500000000002,99.4125,56.019999999999996
2025-10-07 17:00:00+05:30,21.372500000000002,103.0475,57.8825
2025-10-07 18:00:00+05:30,20.855,90.365,51.3875
2025-10-07 19:00:00+05:30,20.75,84.44,48.355000000000004
2025-10-07 20:00:00+05:30,20.3925,82.14750000000001,47.177499999999995
2025-10-07 21:00:00+05:30,19.6675,78.28,45.2025
2025-10-07 22:00:00+05:30,18.965,75.9575,44.005
2025-10-07 23:00:00+05:30,18.846666666666668,74.91,43.47
2025-10-08 00:00:00+05:30,18.81,79.71,45.93
2025-10-08 01:00:00+05:30,18.775,79.835,45.9925
2025-10-08 02:00:00+05:30,18.47,77.8525,44.98
2025-10-08 03:00:00+05:30,19.0275,73.52000000000001,42.7625
2025-10-08 04:00:00+05:30,18.865,78.9425,45.5375
2025-10-08 05:00:00+05:30,19.224999999999998,84.2075,48.230000000000004
2025-10-08 06:00:00+05:30,18.95,88.5925,50.48
2025-10-08 07:00:00+05:30,19.1625,92.1825,52.3175
2025-10-08 08:00:00+05:30,19.3475,102.70750000000001,57.705
2025-10-08 09:00:00+05:30,21.3975,110.7125,61.8025
2025-10-08 10:00:00+05:30,22.073333333333334,110.3725,61.635000000000005
2025-10-08 11:00:00+05:30,34.8275,90.38499999999999,51.394999999999996
2025-10-08 12:00:00+05:30,35.975,40.5375,25.877499999999998
2025-10-08 13:00:00+05:30,29.853333333333335,111.75333333333333,62.333333333333336
2025-10-08 14:00:00+05:30,23.067500000000003,94.87,53.69
2025-10-08 15:00:00+05:30,29.310000000000002,88.06,50.21
2025-10-08 16:00:00+05:30,30.54,82.9125,47.5725
2025-10-08 17:00:00+05:30,21.42,67.21333333333334,39.53333333333333
2025-10-08 18:00:00+05:30,20.7975,65.8675,38.8425
2025-10-08 19:00:00+05:30,20.57,58.0175,34.83
2025-10-08 20:00:00+05:30,20.7725,58.225,34.9325
2025-10-08 21:00:00+05:30,20.285,64.8775,38.339999999999996
2025-10-08 22:00:00+05:30,19.9875,69.195,40.552499999999995
2025-10-08 23:00:00+05:30,19.87,83.86,48.06
2025-10-09 00:00:00+05:30,18.98,96.76,54.66
2025-10-09 01:00:00+05:30,18.493333333333336,96.76666666666665,54.666666666666664
2025-10-09 02:00:00+05:30,18.915,96.3,54.43
2025-10-09 03:00:00+05:30,18.549999999999997,83.58500000000001,47.915000000000006
2025-10-09 04:00:00+05:30,18.44,78.815,45.47
2025-10-09 05:00:00+05:30,18.755000000000003,80.11,46.135000000000005
2025-10-09 06:00:00+05:30,19.2225,85.235,48.760000000000005
2025-10-09 07:00:00+05:30,20.4,95.395,53.9625
2025-10-09 08:00:00+05:30,21.252499999999998,108.4025,60.625
2025-10-09 09:00:00+05:30,22.576666666666668,104.98333333333333,58.86666666666667
2025-10-09 10:00:00+05:30,22.557499999999997,104.4725,58.615
2025-10-09 11:00:00+05:30,24.145,102.8375,57.769999999999996
2025-10-09 12:00:00+05:30,18.69333333333333,108.82666666666667,60.839999999999996
2025-10-09 13:00:00+05:30,118.7225,103.5925,58.155
2025-10-09 14:00:00+05:30,148.675,99.4375,56.03
2025-10-09 15:00:00+05:30,37.765,92.50750000000001,52.4825
2025-10-09 16:00:00+05:30,45.303333333333335,94.42,53.46
2025-10-09 17:00:00+05:30,39.9025,88.40333333333335,50.894999999999996
2025-10-09 18:00:00+05:30,31.395,79.50750000000001,45.825
2025-10-09 19:00:00+05:30,28.392500000000002,80.68,46.43
2025-10-09 20:00:00+05:30,23.929999999999996,87.38,49.86000000000001
2025-10-09 21:00:00+05:30,25.615000000000002,86.7175,49.519999999999996
2025-10-09 22:00:00+05:30,22.6225,92.125,52.2875
2025-10-09 23:00:00+05:30,18.78333333333333,91.8,52.12
2025-10-10 00:00:00+05:30,19.77,91.88,52.16
2025-10-10 01:00:00+05:30,18.775,91.7525,52.1
2025-10-10 02:00:00+05:30,17.317500000000003,92.185,52.317499999999995
2025-10-10 03:00:00+05:30,14.825,98.3,55.45
2025-10-10 04:00:00+05:30,23.22,106.595,59.695
2025-10-10 05:00:00+05:30,21.205,123.565,68.3875
2025-10-10 06:00:00+05:30,18.62,116.9775,65.00999999999999
2025-10-10 07:00:00+05:30,22.439999999999998,113.85,63.41
2025-10-10 08:00:00+05:30,24.165,117.005,65.0275
2025-10-10 09:00:00+05:30,23.075,122.67500000000001,67.935
2025-10-10 10:00:00+05:30,25.62,117.2,65.13000000000001
2025-10-10 11:00:00+05:30,27.3125,108.36749999999999,60.605000000000004
2025-10-10 12:00:00+05:30,26.650000000000002,105.28000000000002,59.02
2025-10-10 13:00:00+05:30,29.075,110.00750000000001,61.45
2025-10-10 14:00:00+05:30,27.81,107.99,60.41
2025-10-10 15:00:00+05:30,19.51,100.0,56.32
2025-10-10 19:00:00+05:30,23.4275,66.1725,39.002500000000005
2025-10-10 20:00:00+05:30,21.4725,64.8675,38.337500000000006
2025-10-10 21:00:00+05:30,21.7575,65.425,38.6175
2025-10-10 22:00:00+05:30,20.2825,60.910000000000004,36.3075
2025-10-10 23:00:00+05:30,17.01,64.7,38.25
2025-10-11 01:00:00+05:30,13.8,65.01,38.41
2025-10-11 02:00:00+05:30,16.669999999999998,66.87,39.3575
2025-10-11 03:00:00+05:30,20.84,73.60749999999999,42.805
2025-10-11 04:00:00+05:30,20.0925,75.6575,43.86
2025-10-11 05:00:00+05:30,34.5225,73.7075,42.8575
2025-10-11 06:00:00+05:30,105.3125,67.4125,39.6325
2025-10-11 07:00:00+05:30,155.325,71.45500000000001,41.705
2025-10-11 08:00:00+05:30,70.805,73.0575,42.525
2025-10-11 09:00:00+05:30,36.75,72.4925,42.239999999999995
2025-10-11 10:00:00+05:30,42.402499999999996,88.1175,50.2325
2025-10-11 11:00:00+05:30,42.105000000000004,95.66,54.095
2025-10-11 12:00:00+05:30,35.3625,82.55250000000001,47.385
2025-10-11 13:00:00+05:30,39.7025,33.295,22.17
2025-10-11 14:00:00+05:30,41.7475,152.01,82.97749999999999
2025-10-11 15:00:00+05:30,45.3125,132.46,72.94500000000001
2025-10-11 16:00:00+05:30,50.7575,123.765,68.48750000000001
2025-10-11 17:00:00+05:30,57.175,116.065,64.5475
2025-10-11 18:00:00+05:30,50.5075,109.07249999999999,60.957499999999996
2025-10-11 19:00:00+05:30,64.0475,115.065,64.0325
2025-10-11 20:00:00+05:30,73.87,131.685,72.545
2025-10-11 21:00:00+05:30,46.09,149.9175,81.8775
2025-10-11 22:00:00+05:30,37.5025,107.6075,60.215
2025-10-11 23:00:00+05:30,42.85666666666666,96.61,54.580000000000005
2025-10-12 00:00:00+05:30,42.29,79.99,46.11
2025-10-12 01:00:00+05:30,41.7225,76.9375,44.515
2025-10-12 02:00:00+05:30,42.207499999999996,76.82499999999999,44.4525
2025-10-12 03:00:00+05:30,46.832499999999996,70.71000000000001,41.32
2025-10-12 04:00:00+05:30,31.67,67.3,39.5775
2025-10-12 05:00:00+05:30,19.066666666666666,65.26,38.53
2025-10-12 06:00:00+05:30,27.1325,78.77499999999999,45.45
2025-10-12 07:00:00+05:30,25.965,102.0825,57.385
2025-10-12 08:00:00+05:30,25.185000000000002,116.39750000000001,64.715
2025-10-12 09:00:00+05:30,23.990000000000002,129.2475,71.295
2025-10-12 10:00:00+05:30,23.5175,136.01999999999998,74.7625
2025-10-12 11:00:00+05:30,26.709999999999997,133.5,73.47
2025-10-12 12:00:00+05:30,27.8,123.22,68.21249999999999
2025-10-12 13:00:00+05:30,30.505,131.5125,72.4525
2025-10-12 14:00:00+05:30,29.817500000000003,133.03750000000002,73.23750000000001
2025-10-12 15:00:00+05:30,29.6925,124.2175,68.7175
2025-10-12 16:00:00+05:30,28.235,122.025,67.5925
2025-10-12 17:00:00+05:30,33.199999999999996,116.83,64.94
2025-10-12 18:00:00+05:30,46.525,119.755,66.42
2025-10-12 19:00:00+05:30,55.495,128.3125,70.8175
2025-10-12 20:00:00+05:30,60.545,133.8875,73.67
2025-10-12 21:00:00+05:30,51.5175,133.6825,73.56750000000001
2025-10-12 22:00:00+05:30,40.875,143.7475,78.715
2025-10-12 23:00:00+05:30,48.57,141.6,77.62
2025-10-13 00:00:00+05:30,36.36,160.01,87.05
2025-10-13 01:00:00+05:30,25.91333333333333,161.1966666666667,87.66333333333334
2025-10-13 02:00:00+05:30,24.259999999999998,164.4375,89.31
2025-10-13 03:00:00+05:30,21.19,161.15,87.63250000000001
2025-10-13 04:00:00+05:30,19.915,153.9275,83.9325
2025-10-13 05:00:00+05:30,23.002499999999998,151.8,82.84
2025-10-13 06:00:00+05:30,26.8675,152.415,83.1575
2025-10-13 07:00:00+05:30,27.135,153.1,83.5025
2025-10-13 08:00:00+05:30,25.405,154.12,84.025
2025-10-13 09:00:00+05:30,27.095,152.89,83.4
2025-10-13 10:00:00+05:30,30.259999999999998,151.495,82.6675
2025-10-13 11:00:00+05:30,27.13,141.1966666666667,77.41333333333334
2025-10-13 12:00:00+05:30,29.6075,133.3675,73.4075
2025-10-13 13:00:00+05:30,29.4575,128.75,71.04249999999999
2025-10-13 14:00:00+05:30,28.615,126.89750000000001,70.09
2025-10-13 15:00:00+05:30,26.015,127.77999999999999,70.53
2025-10-13 16:00:00+05:30,28.575,118.91,66.0
2025-10-13 17:00:00+05:30,32.565,121.77000000000001,67.465
2025-10-13 18:00:00+05:30,41.0925,123.19,68.1925
2025-10-13 19:00:00+05:30,47.656666666666666,129.75,71.55333333333334
2025-10-13 20:00:00+05:30,54.81,131.17,72.28
2025-10-13 21:00:00+05:30,64.29333333333334,144.45000000000002,79.07666666666667
2025-10-13 22:00:00+05:30,46.6175,155.275,84.6225
2025-10-13 23:00:00+05:30,37.68333333333333,154.91,84.44
2025-10-14 00:00:00+05:30,50.53,148.97,81.39
2025-10-14 01:00:00+05:30,32.685,155.6925,84.83749999999999
2025-10-14 02:00:00+05:30,31.02,158.4725,86.265
2025-10-14 03:00:00+05:30,27.4475,153.64249999999998,83.7825
2025-10-14 04:00:00+05:30,26.2425,154.0675,83.9775
2025-10-14 05:00:00+05:30,26.0625,136.9475,75.2375
2025-10-14 06:00:00+05:30,25.994999999999997,131.76749999999998,72.58500000000001
2025-10-14 07:00:00+05:30,26.427500000000002,134.3475,73.9025
2025-10-14 08:00:00+05:30,32.45,145.58999999999997,79.66499999999999
2025-10-14 09:00:00+05:30,27.0375,155.9925,84.99
2025-10-14 10:00:00+05:30,26.3475,162.3,88.23249999999999
2025-10-14 11:00:00+05:30,26.6625,151.73499999999999,82.81
2025-10-14 12:00:00+05:30,28.1375,133.675,73.565
2025-10-14 13:00:00+05:30,29.127499999999998,118.2225,65.65
2025-10-14 14:00:00+05:30,27.2425,118.8075,65.9575
2025-10-14 15:00:00+05:30,27.689999999999998,122.86,68.0275
2025-10-14 16:00:00+05:30,33.5075,112.98750000000001,62.9725
2025-10-14 17:00:00+05:30,33.1225,121.19,67.17
2025-10-14 18:00:00+05:30,37.707499999999996,124.4,68.81
2025-10-14 19:00:00+05:30,47.385000000000005,135.99,74.7525
2025-10-14 20:00:00+05:30,61.785000000000004,141.08999999999997,77.3575
2025-10-14 21:00:00+05:30,64.4675,146.14749999999998,79.9475
2025-10-14 22:00:00+05:30,61.465,152.06,82.9775
2025-10-14 23:00:00+05:30,60.86333333333334,156.06,85.02
2025-10-15 00:00:00+05:30,27.54,176.02,95.24
2025-10-15 01:00:00+05:30,27.8525,175.11,94.775
2025-10-15 02:00:00+05:30,29.97,168.6275,91.45750000000001
2025-10-15 03:00:00+05:30,26.155,158.5675,86.3075
2025-10-15 04:00:00+05:30,24.403333333333332,152.96,83.43
2025-10-15 05:00:00+05:30,23.2725,150.665,82.26
2025-10-15 06:00:00+05:30,26.30666666666667,152.37333333333333,83.12666666666667
2025-10-15 07:00:00+05:30,29.655,156.35750000000002,85.175
2025-10-15 08:00:00+05:30,33.11,163.0575,88.6025
2025-10-15 09:00:00+05:30,31.512500000000003,168.055,91.165
2025-10-15 10:00:00+05:30,26.122500000000002,165.98499999999999,90.11
2025-10-15 11:00:00+05:30,25.7875,162.4375,88.28750000000001
2025-10-15 12:00:00+05:30,28.6375,155.2025,84.585
2025-10-15 13:00:00+05:30,24.4225,134.725,74.10249999999999
2025-10-15 14:00:00+05:30,24.97666666666667,125.06666666666666,69.15333333333334
2025-10-15 15:00:00+05:30,27.1025,116.5975,64.8125
2025-10-15 16:00:00+05:30,30.325,116.9425,64.9875
2025-10-15 17:00:00+05:30,35.67666666666667,121.68,67.42
2025-10-15 20:00:00+05:30,60.19666666666666,143.33666666666667,78.51
2025-10-15 21:00:00+05:30,51.175,160.6225,87.3625
2025-10-15 22:00:00+05:30,35.1475,173.16250000000002,93.7475
2025-10-15 23:00:00+05:30,27.94666666666667,194.28,104.58999999999999
2025-10-16 00:00:00+05:30,39.37,206.7,110.95
2025-10-16 01:00:00+05:30,26.855,207.66,111.43
2025-10-16 02:00:00+05:30,21.72,201.205,108.1325
2025-10-16 03:00:00+05:30,20.825,186.51999999999998,100.62
2025-10-16 04:00:00+05:30,18.4275,167.21,90.7475
2025-10-16 05:00:00+05:30,19.713333333333335,158.81,86.43
2025-10-16 06:00:00+05:30,24.62,156.93,85.47
2025-10-16 07:00:00+05:30,23.953333333333333,160.09666666666666,87.09333333333332
2025-10-16 08:00:00+05:30,26.7875,159.77749999999997,86.92
2025-10-16 09:00:00+05:30,26.4825,163.465,88.82000000000001
2025-10-16 10:00:00+05:30,25.315,162.3625,88.25
2025-10-16 11:00:00+05:30,27.063333333333333,160.9325,87.5175
2025-10-16 12:00:00+05:30,25.990000000000002,152.2825,83.09
2025-10-16 13:00:00+05:30,24.75,145.985,79.86500000000001
2025-10-16 14:00:00+05:30,25.81,140.2125,76.905
2025-10-16 15:00:00+05:30,26.357499999999998,145.92000000000002,79.83500000000001
2025-10-16 16:00:00+05:30,29.46,149.1725,81.495
2025-10-16 17:00:00+05:30,36.0075,146.21,79.97749999999999
2025-10-16 18:00:00+05:30,43.08,152.82999999999998,83.37
2025-10-16 19:00:00+05:30,60.115,159.595,86.8325
2025-10-16 20:00:00+05:30,53.6525,171.3425,92.85
2025-10-16 21:00:00+05:30,39.2525,197.1275,105.99
2025-10-16 22:00:00+05:30,35.6075,237.1275,126.52000000000001
2025-10-16 23:00:00+05:30,27.84,243.24,129.66
2025-10-17 00:00:00+05:30,25.55,242.76,129.36
2025-10-17 01:00:00+05:30,26.77,240.62,128.315
2025-10-17 02:00:00+05:30,26.665,257.07,136.74
2025-10-17 03:00:00+05:30,25.6675,254.72000000000003,135.585
2025-10-17 04:00:00+05:30,25.4525,224.6775,120.1575
2025-10-17 05:00:00+05:30,26.7325,210.195,112.7375
2025-10-17 06:00:00+05:30,30.275000000000002,207.7,111.465
2025-10-17 07:00:00+05:30,29.205000000000002,206.0275,110.6075
2025-10-17 08:00:00+05:30,30.060000000000002,204.865,110.00999999999999
2025-10-17 09:00:00+05:30,28.725,199.0325,107.02250000000001
2025-10-17 10:00:00+05:30,26.002499999999998,197.8175,106.4075
2025-10-17 11:00:00+05:30,27.3925,184.67499999999998,99.66749999999999
2025-10-17 12:00:00+05:30,28.6725,175.97,95.22
2025-10-17 13:00:00+05:30,31.345,55.6175,33.6
2025-10-17 14:00:00+05:30,25.405,171.8075,93.08500000000001
2025-10-17 15:00:00+05:30,27.936666666666667,207.92333333333332,111.57666666666667
2025-10-17 16:00:00+05:30,31.5325,190.7675,102.795
2025-10-17 17:00:00+05:30,35.0075,186.4075,100.5575
2025-10-17 18:00:00+05:30,49.61666666666667,170.695,89.92
2025-10-17 19:00:00+05:30,53.18666666666667,172.95333333333335,93.67
2025-10-17 20:00:00+05:30,79.8375,185.98749999999998,100.3475
2025-10-17 21:00:00+05:30,73.28999999999999,197.115,106.0575
2025-10-17 22:00:00+05:30,71.335,199.635,107.335
2025-10-17 23:00:00+05:30,55.76666666666667,204.72,109.92
2025-10-18 00:00:00+05:30,48.52,213.77,114.57
2025-10-18 01:00:00+05:30,47.325,213.43,114.395
2025-10-18 02:00:00+05:30,40.335,220.115,117.8175
2025-10-18 03:00:00+05:30,25.6875,213.8675,114.6175
2025-10-18 04:00:00+05:30,19.643333333333334,205.70666666666668,110.44333333333333
2025-10-18 05:00:00+05:30,27.9675,186.935,100.83500000000001
2025-10-18 06:00:00+05:30,26.695,183.5975,99.1225
2025-10-18 07:00:00+05:30,33.105,187.2025,100.97
2025-10-18 08:00:00+05:30,23.2725,188.66,101.715
2025-10-18 09:00:00+05:30,22.23,175.7325,95.095
2025-10-18 10:00:00+05:30,19.4425,163.67,88.9175
2025-10-18 11:00:00+05:30,20.08,164.5775,89.3825
2025-10-18 12:00:00+05:30,141.3725,165.94,90.08
2025-10-18 13:00:00+05:30,217.8075,165.94,90.08
2025-10-18 14:00:00+05:30,35.480000000000004,128.32999999999998,70.825
2025-10-18 15:00:00+05:30,21.113333333333333,130.87,72.12666666666667
2025-10-18 16:00:00+05:30,40.25666666666667,230.25,123.00666666666666
2025-10-18 17:00:00+05:30,33.9625,107.0375,59.927499999999995
2025-10-18 18:00:00+05:30,32.125,146.66,80.21249999999999
2025-10-18 19:00:00+05:30,14.4875,162.72750000000002,88.4375
2025-10-18 20:00:00+05:30,10.805,146.7625,80.1275
2025-10-18 21:00:00+05:30,14.506666666666666,81.20333333333333,46.699999999999996
2025-10-18 22:00:00+05:30,8.465,86.245,49.28
2025-10-18 23:00:00+05:30,6.79,103.64,58.18000000000001
2025-10-19 00:00:00+05:30,3.91,78.17,45.14
2025-10-19 01:00:00+05:30,5.609999999999999,70.255,41.0875
2025-10-19 02:00:00+05:30,6.1625,72.84,42.4125
2025-10-19 03:00:00+05:30,4.7525,113.8475,63.41
2025-10-19 04:00:00+05:30,5.07,133.8725,73.6625
2025-10-19 05:00:00+05:30,1.7374999999999998,144.605,79.1575
2025-10-19 06:00:00+05:30,13.14,159.63,86.85249999999999
2025-10-19 07:00:00+05:30,9.913333333333334,148.87,81.34333333333332
2025-10-19 08:00:00+05:30,6.41,137.95,75.7525
2025-10-19 09:00:00+05:30,7.0675,133.6025,73.525
2025-10-19 10:00:00+05:30,6.8125,122.02250000000001,67.595
2025-10-19 11:00:00+05:30,9.046666666666667,108.72666666666667,60.79
2025-10-19 12:00:00+05:30,11.2075,100.06,56.35
2025-10-19 13:00:00+05:30,9.5075,87.7175,50.03
2025-10-19 14:00:00+05:30,11.5825,82.8425,47.535000000000004
2025-10-19 15:00:00+05:30,11.293333333333331,87.64500000000001,49.989999999999995
2025-10-19 16:00:00+05:30,16.009999999999998,84.36250000000001,48.3125
2025-10-19 17:00:00+05:30,25.0475,78.495,45.31
2025-10-19 18:00:00+05:30,8.467500000000001,90.7875,51.605000000000004
2025-10-19 19:00:00+05:30,9.5575,92.725,52.6025
2025-10-19 20:00:00+05:30,12.5675,100.63499999999999,56.644999999999996
2025-10-19 21:00:00+05:30,15.760000000000002,112.5625,62.7525
2025-10-19 22:00:00+05:30,11.0025,124.7825,69.01
2025-10-19 23:00:00+05:30,8.503333333333332,132.78666666666666,73.12
2025-10-20 00:00:00+05:30,8.54,112.91,62.93
2025-10-20 01:00:00+05:30,7.74,112.4625,62.7
2025-10-20 02:00:00+05:30,9.219999999999999,110.1325,61.5075
2025-10-20 03:00:00+05:30,8.395,111.0925,62.0
2025-10-20 04:00:00+05:30,7.26,115.0675,64.035
2025-10-20 05:00:00+05:30,4.905,109.1575,61.005
2025-10-20 06:00:00+05:30,9.5725,106.0875,59.432500000000005
2025-10-20 07:00:00+05:30,9.91,105.695,59.235
2025-10-20 08:00:00+05:30,8.895,107.6775,60.25
2025-10-20 09:00:00+05:30,9.97,107.01,59.91
2025-10-20 14:00:00+05:30,13.21,83.38,47.81
2025-10-20 15:00:00+05:30,13.515,82.455,47.337500000000006
2025-10-20 16:00:00+05:30,16.939999999999998,84.8375,48.557500000000005
2025-10-20 17:00:00+05:30,20.6675,100.61749999999999,56.635
2025-10-20 18:00:00+05:30,18.323333333333334,119.77,66.44333333333333
2025-10-20 19:00:00+05:30,19.97,127.37666666666667,70.33666666666666
2025-10-20 22:00:00+05:30,31.32,526.61,274.745
2025-10-20 23:00:00+05:30,27.29,526.72,274.8
2025-10-21 00:00:00+05:30,27.07,814.0,421.89
2025-10-21 01:00:00+05:30,18.5175,747.34,387.7575
2025-10-21 02:00:00+05:30,15.7025,558.15,290.8925
2025-10-21 03:00:00+05:30,10.03,350.0466666666666,184.34
2025-10-21 04:00:00+05:30,6.7075,163.4325,88.795
2025-10-21 05:00:00+05:30,6.31,127.09333333333332,70.19
2025-10-21 06:00:00+05:30,8.9975,123.3575,68.28
2025-10-21 07:00:00+05:30,8.475,117.1775,65.12
2025-10-21 08:00:00+05:30,10.565000000000001,119.84,66.48
2025-10-21 09:00:00+05:30,9.6125,125.42999999999999,69.3425
2025-10-21 10:00:00+05:30,8.79,113.87,63.4225
2025-10-21 11:00:00+05:30,13.98,101.4675,57.07
2025-10-21 12:00:00+05:30,15.01,91.31,51.87
2025-10-21 13:00:00+05:30,15.0375,91.195,51.8125
2025-10-21 14:00:00+05:30,14.51,92.75666666666666,52.61333333333334
2025-10-21 15:00:00+05:30,18.060000000000002,91.4075,51.92
2025-10-21 16:00:00+05:30,16.33,104.11,58.427499999999995
2025-10-21 17:00:00+05:30,17.137500000000003,106.235,59.515
2025-10-21 18:00:00+05:30,17.8,118.33333333333333,65.71
2025-10-21 19:00:00+05:30,22.075,134.75,74.1125
2025-10-21 20:00:00+05:30,18.393333333333334,183.59333333333333,99.20666666666666
2025-10-21 21:00:00+05:30,26.67,237.02499999999998,126.3575
2025-10-21 22:00:00+05:30,21.2275,296.72,157.04
2025-10-21 23:00:00+05:30,10.543333333333335,315.94,166.88333333333333
2025-10-22 00:00:00+05:30,15.47,340.76,179.59
2025-10-22 01:00:00+05:30,12.53,326.11,172.09
2025-10-22 02:00:00+05:30,7.3825,280.4925,148.73250000000002
2025-10-22 03:00:00+05:30,7.34,240.88,128.45250000000001
2025-10-22 04:00:00+05:30,5.1475,217.51250000000002,116.485
2025-10-22 05:00:00+05:30,4.7175,187.9575,101.35499999999999
2025-10-22 06:00:00+05:30,4.9925,180.94,97.76
2025-10-22 07:00:00+05:30,5.71,173.73000000000002,94.065
2025-10-22 08:00:00+05:30,7.975,159.3625,86.71000000000001
2025-10-22 09:00:00+05:30,12.13,147.94,80.86500000000001
2025-10-22 10:00:00+05:30,11.233333333333334,139.29,76.43333333333334
2025-10-22 11:00:00+05:30,12.26,133.6575,73.55
2025-10-22 12:00:00+05:30,14.08,132.3675,72.8875
2025-10-22 13:00:00+05:30,13.48,133.82999999999998,73.64
2025-10-22 14:00:00+05:30,14.34,118.47,65.78
2025-10-22 15:00:00+05:30,14.44,113.97749999999999,63.475
2025-10-22 16:00:00+05:30,14.98,114.3125,63.6475
2025-10-22 17:00:00+05:30,19.433333333333334,112.78333333333335,62.86333333333334
2025-10-22 18:00:00+05:30,26.0825,115.605,64.31
2025-10-22 19:00:00+05:30,28.8825,122.9225,68.055
2025-10-22 20:00:00+05:30,28.8875,133.94,73.695
2025-10-22 21:00:00+05:30,30.0675,155.0325,84.495
2025-10-22 22:00:00+05:30,28.490000000000002,170.28750000000002,92.3075
2025-10-22 23:00:00+05:30,26.436666666666667,187.07000000000002,100.89999999999999
2025-10-23 00:00:00+05:30,13.06,213.04,114.2
2025-10-23 01:00:00+05:30,12.983333333333334,212.17333333333332,113.75666666666666
2025-10-23 02:00:00+05:30,15.89,208.725,111.9875
2025-10-23 03:00:00+05:30,5.52,201.585,108.3325
2025-10-23 04:00:00+05:30,7.005,189.1475,101.965
2025-10-23 05:00:00+05:30,10.3725,170.39000000000001,92.36
2025-10-23 06:00:00+05:30,11.475,165.395,89.80250000000001
2025-10-23 07:00:00+05:30,13.425,185.6525,100.17
2025-10-23 08:00:00+05:30,12.6825,172.695,93.53750000000001
2025-10-23 09:00:00+05:30,12.43,151.205,82.54
2025-10-23 10:00:00+05:30,10.15,141.95000000000002,77.7975
2025-10-23 11:00:00+05:30,10.5475,132.6975,73.06
2025-10-23 12:00:00+05:30,14.495,125.5125,69.38
2025-10-23 13:00:00+05:30,16.566666666666666,112.8375,62.8925
2025-10-23 14:00:00+05:30,13.6625,109.045,60.9525
2025-10-23 15:00:00+05:30,15.92,101.9625,57.325
2025-10-23 16:00:00+05:30,16.1525,95.515,54.025
2025-10-23 17:00:00+05:30,17.895,98.45,55.5275
2025-10-23 18:00:00+05:30,23.415,98.08,55.34
2025-10-23 19:00:00+05:30,28.2525,104.23,58.4875
2025-10-23 20:00:00+05:30,2.96,181.13750000000002,97.8625
2025-10-23 21:00:00+05:30,0.0,305.2375,161.3975
2025-10-23 22:00:00+05:30,0.0,280.24,148.60333333333332
2025-10-23 23:00:00+05:30,0.8666666666666666,268.56666666666666,142.62666666666667
2025-10-24 00:00:00+05:30,9.91,284.93,151.0
2025-10-24 01:00:00+05:30,5.6899999999999995,287.0,152.0625
2025-10-24 02:00:00+05:30,9.872499999999999,261.17,138.835
2025-10-24 03:00:00+05:30,4.35,203.115,109.1125
2025-10-24 04:00:00+05:30,3.995,183.69,99.17
2025-10-24 05:00:00+05:30,0.835,171.8525,93.10749999999999
2025-10-24 06:00:00+05:30,5.675000000000001,170.1575,92.24249999999999
2025-10-24 07:00:00+05:30,7.0600000000000005,141.4375,77.53999999999999
2025-10-24 08:00:00+05:30,9.995,130.5775,71.97749999999999
2025-10-24 09:00:00+05:30,12.4625,133.805,73.63
2025-10-24 10:00:00+05:30,8.616666666666667,144.01333333333332,78.85666666666667
2025-10-24 11:00:00+05:30,12.265,137.4425,75.49
2025-10-24 12:00:00+05:30,13.855,132.2275,72.825
2025-10-24 13:00:00+05:30,15.512500000000001,123.2825,68.24
2025-10-24 14:00:00+05:30,29.7275,114.545,63.765
2025-10-24 15:00:00+05:30,31.465,108.86,60.8575
2025-10-24 16:00:00+05:30,21.7125,116.5675,64.80499999999999
2025-10-24 17:00:00+05:30,20.9625,112.5775,62.7625
2025-10-24 18:00:00+05:30,27.39,118.39666666666666,65.3875
2025-10-24 19:00:00+05:30,26.665,132.575,72.995
2025-10-24 20:00:00+05:30,4.7575,168.4925,91.3875
2025-10-24 21:00:00+05:30,24.6325,201.3675,108.24
2025-10-24 22:00:00+05:30,10.912500000000001,213.2775,114.32
2025-10-24 23:00:00+05:30,0.44333333333333336,223.83333333333334,119.67666666666666
2025-10-25 00:00:00+05:30,1.11,239.52,127.75
2025-10-25 01:00:00+05:30,2.0233333333333334,239.61666666666667,127.8
2025-10-25 02:00:00+05:30,3.1100000000000003,234.3325,125.0975
2025-10-25 03:00:00+05:30,4.7575,221.4375,118.495
2025-10-25 04:00:00+05:30,0.45999999999999996,213.24,114.2975
2025-10-25 05:00:00+05:30,1.0775000000000001,206.845,111.025
2025-10-25 06:00:00+05:30,7.532500000000001,204.51,109.83
2025-10-25 07:00:00+05:30,18.1875,204.2875,109.715
2025-10-25 08:00:00+05:30,9.66,190.57666666666668,102.69666666666667
2025-10-25 09:00:00+05:30,7.8975,173.01999999999998,93.7075
2025-10-25 10:00:00+05:30,9.275,160.9675,87.5375
2025-10-25 11:00:00+05:30,12.997499999999999,148.8425,81.33
2025-10-25 12:00:00+05:30,17.75,139.48,76.535
2025-10-25 13:00:00+05:30,18.25,140.0075,76.8075
2025-10-25 14:00:00+05:30,17.1825,129.19,71.27
2025-10-25 15:00:00+05:30,21.3725,126.12,69.69749999999999
2025-10-25 16:00:00+05:30,28.30333333333333,126.81333333333333,70.05
2025-10-25 17:00:00+05:30,24.2075,123.035,68.1125
2025-10-25 18:00:00+05:30,20.4975,119.205,66.1525
2025-10-25 19:00:00+05:30,16.235,113.8825,63.427499999999995
2025-10-25 20:00:00+05:30,21.325,99.545,56.085
2025-10-25 21:00:00+05:30,18.926666666666666,82.89,47.55666666666667
2025-10-25 22:00:00+05:30,21.2125,76.4275,44.25
2025-10-25 23:00:00+05:30,13.123333333333335,78.12666666666667,45.120000000000005
2025-10-26 00:00:00+05:30,0.0,79.72,45.94
2025-10-26 01:00:00+05:30,5.6525,78.305,45.2125
2025-10-26 02:00:00+05:30,5.196666666666666,72.43333333333334,42.203333333333326
2025-10-26 03:00:00+05:30,2.285,66.9575,39.4025
2025-10-26 04:00:00+05:30,0.0,74.185,43.105000000000004
2025-10-26 05:00:00+05:30,0.0,84.68333333333334,48.48333333333333
2025-10-26 06:00:00+05:30,1.0875,97.7625,55.177499999999995
2025-10-26 07:00:00+05:30,17.48,123.555,68.38
2025-10-26 08:00:00+05:30,15.9725,137.7975,75.6725
2025-10-26 09:00:00+05:30,14.11,136.6525,75.08500000000001
2025-10-26 10:00:00+05:30,5.64,131.21,72.3
2025-10-27 04:00:00+05:30,9.8,153.21,83.57
2025-10-27 05:00:00+05:30,7.933333333333334,158.06333333333333,86.05
2025-10-27 06:00:00+05:30,15.4075,160.95749999999998,87.53
2025-10-27 07:00:00+05:30,10.9025,164.805,89.5025
2025-10-27 08:00:00+05:30,12.8775,158.9,86.47749999999999
2025-10-27 09:00:00+05:30,9.1425,151.01749999999998,82.44
2025-10-27 10:00:00+05:30,13.395,136.5075,75.00999999999999
2025-10-27 11:00:00+05:30,16.55,124.3275,68.775
2025-10-27 12:00:00+05:30,17.825,119.625,66.36999999999999
2025-10-27 13:00:00+05:30,14.645,110.57,61.73
2025-10-27 14:00:00+05:30,16.55666666666667,99.88666666666666,56.26
2025-10-27 15:00:00+05:30,16.715,95.7075,54.120000000000005
2025-10-27 16:00:00+05:30,22.7725,96.6425,54.6
2025-10-27 17:00:00+05:30,35.95333333333333,96.16333333333334,54.35333333333333
2025-10-27 18:00:00+05:30,18.055,104.4525,58.5975
2025-10-27 19:00:00+05:30,17.0275,125.4375,69.345
2025-10-27 20:00:00+05:30,34.332499999999996,137.60500000000002,75.5625
2025-10-27 21:00:00+05:30,24.6275,144.45999999999998,79.0825
2025-10-27 22:00:00+05:30,11.025,147.975,80.8825
2025-10-27 23:00:00+05:30,12.49,148.57000000000002,81.18666666666667
2025-10-28 00:00:00+05:30,19.82,147.2,80.49
2025-10-28 01:00:00+05:30,13.379999999999999,144.04,78.87
2025-10-28 02:00:00+05:30,19.427500000000002,134.78,74.1275
2025-10-28 03:00:00+05:30,14.1175,128.20250000000001,70.7625
2025-10-28 04:00:00+05:30,13.82,127.205,70.25
2025-10-28 05:00:00+05:30,15.24,128.0075,70.6625
2025-10-28 06:00:00+05:30,11.129999999999999,128.68,71.005
2025-10-28 07:00:00+05:30,9.345,122.20750000000001,67.685
2025-10-28 08:00:00+05:30,9.112499999999999,117.9375,65.5
2025-10-28 09:00:00+05:30,10.625,108.3925,60.6125
2025-10-28 10:00:00+05:30,9.03,101.02,56.84
2025-10-28 12:00:00+05:30,13.756666666666668,70.70333333333333,41.32
2025-10-28 13:00:00+05:30,12.945,64.73,38.26
2025-10-28 14:00:00+05:30,12.7775,60.945,36.325
2025-10-28 15:00:00+05:30,12.3575,65.655,38.7375
2025-10-28 16:00:00+05:30,7.6075,66.9525,39.4
2025-10-28 17:00:00+05:30,11.843333333333334,53.653333333333336,32.586666666666666
2025-10-28 18:00:00+05:30,10.42,57.71,34.67
2025-10-28 19:00:00+05:30,9.906666666666666,58.07,34.85333333333333
2025-10-28 22:00:00+05:30,10.76,74.46,43.24333333333334
2025-10-28 23:00:00+05:30,8.993333333333334,89.75999999999999,51.076666666666675
2025-10-29 00:00:00+05:30,6.95,60.57,36.13
2025-10-29 01:00:00+05:30,6.363333333333333,59.550000000000004,35.61000000000001
2025-10-29 02:00:00+05:30,7.945,61.5625,36.64
2025-10-29 03:00:00+05:30,5.885,75.55,43.7975
2025-10-29 04:00:00+05:30,5.0425,84.60249999999999,48.4375
2025-10-29 05:00:00+05:30,3.9766666666666666,76.19666666666667,44.13666666666666
2025-10-29 06:00:00+05:30,4.58,67.03,39.4425
2025-10-29 07:00:00+05:30,2.6075,61.0575,36.385000000000005
2025-10-29 08:00:00+05:30,3.155,58.6225,35.14
2025-10-29 09:00:00+05:30,4.905,65.1575,38.4825
2025-10-29 10:00:00+05:30,3.91,73.59333333333332,42.79999999999999
2025-10-29 11:00:00+05:30,0.825,54.7575,33.152499999999996
2025-10-29 12:00:00+05:30,7.3675,47.58,29.48
2025-10-29 13:00:00+05:30,2.1,42.02666666666667,26.636666666666667
2025-10-29 14:00:00+05:30,5.04,45.07666666666666,28.2
2025-10-29 15:00:00+05:30,10.8675,43.26,27.27
2025-10-29 16:00:00+05:30,16.3625,31.0,20.9925
2025-10-29 17:00:00+05:30,15.14,30.302500000000002,20.635
2025-10-29 18:00:00+05:30,16.2825,48.9375,30.175
2025-10-29 19:00:00+05:30,8.95,46.2425,28.795
2025-10-29 20:00:00+05:30,9.1075,48.5375,29.97
2025-10-29 21:00:00+05:30,7.626666666666666,55.51666666666667,33.54333333333333
2025-10-29 22:00:00+05:30,1.6300000000000001,52.025000000000006,31.759999999999998
2025-10-29 23:00:00+05:30,1.7566666666666666,49.09,30.256666666666664
2025-10-30 00:00:00+05:30,3.07,42.77,27.02
2025-10-30 01:00:00+05:30,2.1825,42.1,26.677500000000002
2025-10-30 02:00:00+05:30,1.875,44.11,27.7025
2025-10-30 03:00:00+05:30,1.7349999999999999,45.209999999999994,28.259999999999998
2025-10-30 04:00:00+05:30,1.8825,38.6575,24.9025
2025-10-30 05:00:00+05:30,0.41,34.46333333333333,22.766666666666666
2025-10-30 06:00:00+05:30,0.125,34.5975,22.8325
2025-10-30 07:00:00+05:30,2.7425,35.7125,23.4075
2025-10-30 08:00:00+05:30,2.0275,38.6575,24.9125
2025-10-30 09:00:00+05:30,2.7225,37.5925,24.3575
2025-10-30 10:00:00+05:30,5.45,38.6175,24.89
2025-10-30 11:00:00+05:30,4.0375,40.5825,25.895
2025-10-30 12:00:00+05:30,4.656666666666666,37.27,24.2
2025-10-30 13:00:00+05:30,8.440000000000001,40.82,26.017500000000002
2025-10-30 14:00:00+05:30,3.1825,44.365,27.8325
2025-10-30 15:00:00+05:30,3.4599999999999995,41.916666666666664,26.563333333333333
2025-10-30 16:00:00+05:30,8.493333333333334,39.73333333333333,25.463333333333335
2025-10-30 17:00:00+05:30,4.8,51.82,31.65
2025-10-30 18:00:00+05:30,0.225,79.41,45.775000000000006
2025-10-30 19:00:00+05:30,0.26333333333333336,95.24333333333334,53.88333333333333
2025-10-30 20:00:00+05:30,0.0,96.03999999999999,54.295
2025-10-30 21:00:00+05:30,0.0,104.6325,58.695
2025-10-30 22:00:00+05:30,0.33,118.19,65.63
2025-10-30 23:00:00+05:30,0.8333333333333334,119.55333333333333,66.33
2025-10-31 00:00:00+05:30,0.07,100.27,56.46
2025-10-31 01:00:00+05:30,0.9175,95.8,54.17
2025-10-31 02:00:00+05:30,1.5,88.6275,50.4975
2025-10-31 03:00:00+05:30,1.9024999999999999,77.88250000000001,44.995
2025-10-31 04:00:00+05:30,0.8966666666666666,67.12333333333333,39.49333333333333
2025-10-31 05:00:00+05:30,0.375,66.275,39.055
2025-10-31 06:00:00+05:30,3.3575,64.675,38.235
2025-10-31 07:00:00+05:30,3.245,61.537499999999994,36.6275
2025-10-31 08:00:00+05:30,2.8649999999999998,55.1725,33.36
2025-10-31 09:00:00+05:30,2.72,52.050000000000004,31.77333333333333
2025-10-31 10:00:00+05:30,3.95,56.427499999999995,34.0125
2025-10-31 12:00:00+05:30,6.586666666666667,52.443333333333335,31.956666666666667
2025-10-31 13:00:00+05:30,5.4625,59.252500000000005,35.455
2025-10-31 14:00:00+05:30,5.03,63.847500000000004,37.8075
2025-10-31 15:00:00+05:30,5.885,63.37,37.57
2025-10-31 16:00:00+05:30,3.066666666666667,59.21666666666667,35.44
2025-10-31 17:00:00+05:30,4.06,58.94,35.2975
2025-10-31 18:00:00+05:30,4.3375,55.964999999999996,33.78
2025-10-31 19:00:00+05:30,4.2299999999999995,55.2175,33.39
2025-10-31 20:00:00+05:30,4.325,54.5,33.03
2025-10-31 21:00:00+05:30,3.823333333333333,53.19,32.35666666666666
2025-10-31 22:00:00+05:30,1.9375,54.572500000000005,33.06
2025-10-31 23:00:00+05:30,2.823333333333333,54.53333333333333,33.03666666666667
2025-11-01 00:00:00+05:30,5.09,52.47,31.99
2025-11-01 01:00:00+05:30,2.81,51.629999999999995,31.55333333333333
2025-11-01 02:00:00+05:30,1.38,50.8,31.13
2025-11-01 03:00:00+05:30,3.513333333333333,49.39333333333334,30.409999999999997
2025-11-01 05:00:00+05:30,5.44,47.34,29.36
2025-11-01 06:00:00+05:30,5.76,49.43,30.4275
2025-11-01 07:00:00+05:30,7.98,50.79,31.126666666666665
2025-11-01 08:00:00+05:30,4.315,50.8475,31.159999999999997
2025-11-01 09:00:00+05:30,5.7124999999999995,54.4125,32.9825
2025-11-01 10:00:00+05:30,5.745,56.215,33.9025
2025-11-01 11:00:00+05:30,7.5275,57.77,34.7
2025-11-01 12:00:00+05:30,11.24,30.453333333333333,20.713333333333335
2025-11-01 13:00:00+05:30,10.4625,60.0625,35.71
2025-11-01 14:00:00+05:30,14.9225,126.57,69.9275
2025-11-01 15:00:00+05:30,14.94,113.72333333333331,63.346666666666664
2025-11-01 16:00:00+05:30,15.73,102.75666666666666,57.9775
2025-11-01 17:00:00+05:30,20.8375,103.7925,58.25
2025-11-01 18:00:00+05:30,23.605,109.755,61.315
2025-11-01 19:00:00+05:30,15.4275,110.9075,61.905
2025-11-01 20:00:00+05:30,12.8575,108.1575,60.495000000000005
2025-11-01 21:00:00+05:30,19.433333333333334,103.81333333333333,58.27333333333333
2025-11-01 22:00:00+05:30,12.715,92.315,52.385
2025-11-01 23:00:00+05:30,9.276666666666667,81.96333333333332,47.083333333333336
2025-11-02 00:00:00+05:30,2.48,66.49,39.16
2025-11-02 01:00:00+05:30,3.3825,66.6225,39.2275
2025-11-02 02:00:00+05:30,2.5425,65.52,38.665
2025-11-02 03:00:00+05:30,1.175,58.067499999999995,34.8525
2025-11-02 04:00:00+05:30,1.47,48.995,30.205
2025-11-02 05:00:00+05:30,1.9866666666666664,52.17666666666667,31.840000000000003
2025-11-02 06:00:00+05:30,1.0833333333333333,57.315,34.47
2025-11-02 07:00:00+05:30,0.5225,54.355000000000004,32.947500000000005
2025-11-02 08:00:00+05:30,1.8975,57.394999999999996,34.510000000000005
2025-11-02 09:00:00+05:30,1.2666666666666666,58.04666666666666,34.84
2025-11-02 10:00:00+05:30,3.1350000000000002,57.425,34.5225
2025-11-02 11:00:00+05:30,4.12,58.4475,35.045
2025-11-02 12:00:00+05:30,4.24,57.6325,34.625
2025-11-02 13:00:00+05:30,5.55,57.135,34.375
2025-11-02 14:00:00+05:30,6.013333333333333,57.3925,34.505
2025-11-02 15:00:00+05:30,6.169999999999999,52.28333333333334,31.89
2025-11-02 16:00:00+05:30,9.395,46.435,28.9025
2025-11-02 17:00:00+05:30,8.95,50.545,30.997500000000002
2025-11-02 18:00:00+05:30,5.6,52.9825,32.252500000000005
2025-11-02 19:00:00+05:30,7.72,58.27333333333333,34.95666666666667
2025-11-02 20:00:00+05:30,6.572500000000001,60.5475,36.129999999999995
2025-11-02 21:00:00+05:30,3.6950000000000003,60.96,36.335
2025-11-02 22:00:00+05:30,5.404999999999999,66.6075,39.2225
2025-11-02 23:00:00+05:30,5.13,67.08,39.46666666666667
2025-11-03 01:00:00+05:30,2.74,66.3,39.06
2025-11-03 02:00:00+05:30,2.4675,64.03999999999999,37.9075
2025-11-03 03:00:00+05:30,1.29,60.4525,36.075
2025-11-03 04:00:00+05:30,0.555,60.28,35.985
2025-11-03 05:00:00+05:30,1.2066666666666668,60.57333333333333,36.126666666666665
2025-11-03 06:00:00+05:30,0.86,67.96,39.92
2025-11-03 07:00:00+05:30,1.47,67.7125,39.79
2025-11-03 08:00:00+05:30,2.53,70.175,41.05
2025-11-03 09:00:00+05:30,5.6,79.7825,45.97
2025-11-03 10:00:00+05:30,9.6325,91.41,51.9225
2025-11-03 11:00:00+05:30,18.03,102.44,57.51
2025-11-03 14:00:00+05:30,12.765,145.395,79.56
2025-11-03 15:00:00+05:30,12.99,145.53666666666666,79.63666666666667
2025-11-03 16:00:00+05:30,18.275,143.865,78.78
2025-11-03 17:00:00+05:30,20.2,154.79500000000002,84.375
2025-11-03 18:00:00+05:30,21.497500000000002,168.62,91.455
2025-11-03 19:00:00+05:30,26.22,188.9475,101.86
2025-11-03 20:00:00+05:30,22.03,194.32,104.61
2025-11-04 09:00:00+05:30,13.58,260.42,138.46
2025-11-04 10:00:00+05:30,14.875,279.35,148.14499999999998
2025-11-04 11:00:00+05:30,16.55666666666667,279.4866666666667,148.21666666666667
2025-11-04 13:00:00+05:30,14.68,269.34,143.02
2025-11-04 14:00:00+05:30,13.32,270.36749999999995,143.54250000000002
2025-11-04 15:00:00+05:30,15.02,272.02,144.39
2025-11-04 16:00:00+05:30,17.31,276.13,146.5
2025-11-04 17:00:00+05:30,16.0,280.95,148.97
2025-11-04 18:00:00+05:30,22.3825,283.4575,150.2525
2025-11-04 19:00:00+05:30,26.2375,285.8875,151.495
2025-11-04 20:00:00+05:30,16.52,283.7975,150.425
2025-11-04 21:00:00+05:30,24.7275,296.15,156.7475
2025-11-04 22:00:00+05:30,20.0975,323.96,170.9875
2025-11-04 23:00:00+05:30,12.393333333333333,331.6033333333333,174.9
2025-11-05 00:00:00+05:30,12.0,326.96,172.52
2025-11-05 01:00:00+05:30,11.433333333333332,324.6766666666667,171.35333333333335
2025-11-05 02:00:00+05:30,8.525,311.2275,164.4725
2025-11-05 03:00:00+05:30,6.359999999999999,298.0675,157.7325
2025-11-05 04:00:00+05:30,5.915,288.87,153.0225
2025-11-05 05:00:00+05:30,6.6425,273.5275,145.1675
2025-11-05 06:00:00+05:30,9.86,288.47249999999997,152.8175
2025-11-05 07:00:00+05:30,8.020000000000001,302.7766666666667,160.14000000000001
2025-11-05 08:00:00+05:30,10.5975,294.0875,155.6925
2025-11-05 09:00:00+05:30,11.8325,286.67,151.895
2025-11-05 10:00:00+05:30,11.57,283.2875,150.16250000000002
2025-11-05 11:00:00+05:30,12.379999999999999,266.6275,141.635
2025-11-05 12:00:00+05:30,12.985,241.495,128.765
2025-11-05 13:00:00+05:30,13.6675,225.2025,120.42
2025-11-05 14:00:00+05:30,12.4975,210.87,113.085
2025-11-05 15:00:00+05:30,12.88,192.13333333333333,103.49
2025-11-05 16:00:00+05:30,14.015,190.7675,102.81
2025-11-05 17:00:00+05:30,20.779999999999998,188.54333333333332,101.67333333333333
2025-11-05 18:00:00+05:30,35.37,195.96333333333334,105.45333333333333
2025-11-05 19:00:00+05:30,34.94,213.6975,114.59
2025-11-05 20:00:00+05:30,34.167500000000004,242.9125,129.49
2025-11-05 21:00:00+05:30,20.63,257.7075,137.065
2025-11-05 22:00:00+05:30,11.5575,270.6,143.6725
2025-11-05 23:00:00+05:30,7.595000000000001,273.42,145.11
2025-11-06 00:00:00+05:30,8.71,222.53,119.05
2025-11-06 01:00:00+05:30,8.120000000000001,216.38,115.88
2025-11-06 02:00:00+05:30,7.3925,200.735,107.895
2025-11-06 03:00:00+05:30,8.635000000000002,189.01,101.895
2025-11-06 04:00:00+05:30,9.1625,184.36,99.515
2025-11-06 05:00:00+05:30,12.6675,191.4075,103.1225
2025-11-06 06:00:00+05:30,13.11,208.6325,111.9425
2025-11-06 07:00:00+05:30,9.5275,217.84,116.655
2025-11-06 08:00:00+05:30,11.6775,218.8925,117.1925
2025-11-06 09:00:00+05:30,13.19,213.275,114.32000000000001
2025-11-06 10:00:00+05:30,14.182500000000001,200.3775,107.715
2025-11-06 11:00:00+05:30,17.810000000000002,180.95749999999998,97.7525
2025-11-06 12:00:00+05:30,17.2225,168.53,91.405
2025-11-06 13:00:00+05:30,16.413333333333334,157.38666666666668,85.69666666666666
2025-11-06 14:00:00+05:30,18.29,146.43,80.09
2025-11-06 15:00:00+05:30,23.439999999999998,138.40333333333334,75.98333333333333
2025-11-06 18:00:00+05:30,28.7275,146.2475,80.005
2025-11-06 19:00:00+05:30,36.605,144.9625,79.34
2025-11-06 20:00:00+05:30,29.43,150.63,82.245
2025-11-06 21:00:00+05:30,0.4675,174.73499999999999,94.6625
2025-11-06 22:00:00+05:30,0.0,211.47,113.405
2025-11-06 23:00:00+05:30,0.1,214.135,114.755
2025-11-07 00:00:00+05:30,3.39,194.95,104.93
2025-11-07 01:00:00+05:30,2.9525,202.265,108.67750000000001
2025-11-07 02:00:00+05:30,5.7925,219.685,117.6
2025-11-07 03:00:00+05:30,5.970000000000001,221.11,118.3275
2025-11-07 04:00:00+05:30,3.9425,202.8025,108.935
2025-11-07 05:00:00+05:30,4.76,198.02249999999998,106.49
2025-11-07 06:00:00+05:30,7.99,205.9675,110.575
2025-11-07 07:00:00+05:30,9.4675,208.54000000000002,111.89
2025-11-07 08:00:00+05:30,10.1175,211.4325,113.3775
2025-11-07 09:00:00+05:30,14.435,205.82,110.5
2025-11-07 10:00:00+05:30,14.2975,202.73499999999999,108.92
2025-11-07 11:00:00+05:30,16.3525,204.4,109.77250000000001
2025-11-07 12:00:00+05:30,23.345,198.495,106.75
2025-11-07 13:00:00+05:30,23.7425,191.055,102.94
2025-11-07 14:00:00+05:30,21.365000000000002,186.3625,100.535
2025-11-07 15:00:00+05:30,20.715,180.1375,97.3475
2025-11-07 16:00:00+05:30,18.072499999999998,172.425,93.4025
2025-11-07 17:00:00+05:30,25.0075,165.305,89.7575
2025-11-07 18:00:00+05:30,31.805,167.1925,90.7225
2025-11-07 19:00:00+05:30,25.06,176.9975,95.77
2025-11-07 20:00:00+05:30,35.04,191.1725,103.0
2025-11-07 21:00:00+05:30,32.005,198.505,106.7575
2025-11-07 22:00:00+05:30,17.1375,203.88,109.52
2025-11-07 23:00:00+05:30,15.946666666666667,200.5666666666667,107.81333333333333
2025-11-08 00:00:00+05:30,8.61,177.15,95.82
2025-11-08 01:00:00+05:30,9.9475,167.695,90.97999999999999
2025-11-08 02:00:00+05:30,11.6675,154.6725,84.31
2025-11-08 03:00:00+05:30,11.655,155.22,84.59
2025-11-08 04:00:00+05:30,12.9475,151.89,82.885
2025-11-08 05:00:00+05:30,13.0,151.5025,82.69
2025-11-08 06:00:00+05:30,12.5325,146.4,80.07499999999999
2025-11-08 07:00:00+05:30,13.7725,149.5825,81.7075
2025-11-08 08:00:00+05:30,15.35,151.8325,82.86
2025-11-08 09:00:00+05:30,14.51,149.57333333333335,81.70333333333333
2025-11-08 10:00:00+05:30,15.8525,147.345,80.5575
2025-11-08 11:00:00+05:30,21.1825,146.08,79.91
2025-11-08 12:00:00+05:30,21.2575,41.82,26.534999999999997
2025-11-08 13:00:00+05:30,12.0625,120.4375,66.785
2025-11-08 14:00:00+05:30,21.345,114.7325,63.8675
2025-11-08 15:00:00+05:30,20.43,112.1,62.5175
2025-11-08 16:00:00+05:30,29.1725,116.6375,64.84
2025-11-08 17:00:00+05:30,40.8075,124.875,69.0575
2025-11-08 18:00:00+05:30,45.3375,131.3075,72.35249999999999
2025-11-08 19:00:00+05:30,27.646666666666665,145.29,79.51
2025-11-08 20:00:00+05:30,21.552500000000002,148.4625,81.13250000000001
2025-11-08 21:00:00+05:30,15.530000000000001,170.25,92.29
2025-11-08 22:00:00+05:30,16.4675,174.1275,94.2725
2025-11-08 23:00:00+05:30,16.573333333333334,181.17,97.88
2025-11-09 00:00:00+05:30,13.9,174.54,94.48
2025-11-09 01:00:00+05:30,14.35,180.365,97.4675
2025-11-09 02:00:00+05:30,14.215,180.525,97.54499999999999
2025-11-09 03:00:00+05:30,13.575,173.59750000000003,94.0
2025-11-09 04:00:00+05:30,14.317499999999999,162.285,88.2125
2025-11-09 05:00:00+05:30,14.913333333333334,163.40333333333334,88.78333333333335
2025-11-09 06:00:00+05:30,13.807500000000001,167.8225,91.0475
2025-11-09 07:00:00+05:30,14.6875,164.435,89.31
2025-11-09 08:00:00+05:30,15.1225,182.995,98.81
2025-11-09 09:00:00+05:30,17.6925,198.755,106.8775
2025-11-09 10:00:00+05:30,16.259999999999998,224.7075,120.1725
2025-11-09 11:00:00+05:30,15.18,217.56,116.51
2025-11-09 12:00:00+05:30,11.085,190.805,102.8075
2025-11-09 13:00:00+05:30,12.4725,187.33,101.0325
2025-11-09 14:00:00+05:30,11.6625,167.54000000000002,90.9
2025-11-09 15:00:00+05:30,10.0925,141.2475,77.4375
2025-11-09 16:00:00+05:30,12.635,120.10249999999999,66.61
2025-11-09 17:00:00+05:30,13.23,151.1675,82.5175
2025-11-09 18:00:00+05:30,2.0025,139.955,76.775
2025-11-09 19:00:00+05:30,0.8,163.11,88.63
2025-11-09 20:00:00+05:30,1.99,182.83499999999998,98.7325
2025-11-09 21:00:00+05:30,0.3,187.07750000000001,100.9
2025-11-09 22:00:00+05:30,0.0,229.425,122.59
2025-11-09 23:00:00+05:30,0.0,246.47,131.31
2025-11-10 00:00:00+05:30,0.02,264.52,140.55
2025-11-10 01:00:00+05:30,0.075,271.0325,143.89000000000001
2025-11-10 02:00:00+05:30,0.0,273.40999999999997,145.10500000000002
2025-11-10 03:00:00+05:30,0.03,250.02499999999998,133.13
2025-11-10 04:00:00+05:30,0.0025,227.3125,121.505
2025-11-10 05:00:00+05:30,0.9833333333333333,230.01999999999998,122.89333333333333
2025-11-10 06:00:00+05:30,3.955,208.07999999999998,111.6575
2025-11-10 07:00:00+05:30,8.2125,211.8275,113.575
2025-11-10 08:00:00+05:30,11.379999999999999,212.9875,114.1675
2025-11-10 09:00:00+05:30,14.879999999999999,219.14000000000001,117.32000000000001
2025-11-10 10:00:00+05:30,19.47,217.53,116.5
2025-11-10 17:00:00+05:30,20.53,161.44,87.78
2025-11-10 19:00:00+05:30,16.384999999999998,186.66,100.69
2025-11-10 20:00:00+05:30,7.566666666666667,212.75333333333333,114.05333333333333
2025-11-10 21:00:00+05:30,1.3800000000000001,243.40333333333334,129.74333333333334
2025-11-10 22:00:00+05:30,0.055,263.2725,139.91250000000002
2025-11-10 23:00:00+05:30,0.0,284.45,150.76
2025-11-11 00:00:00+05:30,0.0,294.66,155.99
2025-11-11 01:00:00+05:30,0.0,309.02,163.33499999999998
2025-11-11 02:00:00+05:30,0.0,307.675,162.6525
2025-11-11 03:00:00+05:30,0.0,260.975,138.7425
2025-11-11 04:00:00+05:30,0.0975,226.8075,121.2425
2025-11-11 05:00:00+05:30,0.44,212.94,114.14
2025-11-11 06:00:00+05:30,3.485,212.08499999999998,113.70750000000001
2025-11-11 07:00:00+05:30,6.485,219.335,117.42
2025-11-11 08:00:00+05:30,9.806666666666667,221.57333333333335,118.56666666666666
2025-11-11 09:00:00+05:30,12.905000000000001,230.255,123.00999999999999
2025-11-11 10:00:00+05:30,14.073333333333332,231.45333333333335,123.62666666666667
2025-11-11 11:00:00+05:30,12.82,213.11,114.23
2025-11-11 12:00:00+05:30,13.495,191.23749999999998,103.035
2025-11-11 13:00:00+05:30,13.8925,179.4325,96.9925
2025-11-11 14:00:00+05:30,13.045,174.46,94.44
2025-11-11 15:00:00+05:30,14.725,165.495,89.8575
2025-11-11 16:00:00+05:30,16.580000000000002,154.90666666666667,84.42666666666666
2025-11-11 17:00:00+05:30,20.5825,158.425,86.2325
2025-11-11 18:00:00+05:30,23.552500000000002,184.7375,99.70750000000001
2025-11-11 19:00:00+05:30,22.067500000000003,213.54,114.4475
2025-11-11 20:00:00+05:30,63.15,239.1825,127.58250000000001
2025-11-11 21:00:00+05:30,36.86333333333334,287.44,152.28666666666666
2025-11-11 22:00:00+05:30,12.725,279.23,148.09
2025-11-11 23:00:00+05:30,4.445,278.91,147.92
2025-11-12 00:00:00+05:30,4.23,283.21,150.12
2025-11-12 01:00:00+05:30,3.635,346.51,182.5325
2025-11-12 02:00:00+05:30,1.0725,314.0125,165.89
2025-11-12 03:00:00+05:30,5.175,270.7725,143.7575
2025-11-12 04:00:00+05:30,7.66,255.175,135.77
2025-11-12 05:00:00+05:30,7.5525,258.03,137.23
2025-11-12 06:00:00+05:30,7.3475,258.955,137.70499999999998
2025-11-12 07:00:00+05:30,7.906666666666666,270.53999999999996,143.63666666666668
2025-11-12 08:00:00+05:30,8.0875,289.46,153.32750000000001
2025-11-12 09:00:00+05:30,13.26,280.8325,148.9075
2025-11-12 10:00:00+05:30,14.587499999999999,267.47249999999997,142.065
2025-11-12 11:00:00+05:30,19.34,230.69,123.23
2025-11-12 12:00:00+05:30,19.2325,151.1,82.4825
2025-11-12 13:00:00+05:30,18.16,83.49333333333333,47.873333333333335
2025-11-12 14:00:00+05:30,24.8725,163.1675,88.66499999999999
2025-11-12 15:00:00+05:30,29.5125,171.21,92.7775
2025-11-12 16:00:00+05:30,30.830000000000002,180.51666666666668,97.54333333333334
2025-11-12 17:00:00+05:30,26.423333333333332,195.49333333333334,105.21333333333332
2025-11-12 18:00:00+05:30,3.4699999999999998,229.385,122.64
2025-11-12 19:00:00+05:30,0.0,271.16,143.95666666666668
2025-11-12 20:00:00+05:30,0.0,336.11,177.21
2025-11-12 21:00:00+05:30,13.467500000000001,361.99,190.46
2025-11-12 22:00:00+05:30,48.765,398.85,209.2875
2025-11-12 23:00:00+05:30,46.965,378.05,198.68
2025-11-13 00:00:00+05:30,45.16,351.19,184.93
2025-11-13 01:00:00+05:30,42.93666666666667,361.93666666666667,190.4333333333333
2025-11-13 02:00:00+05:30,40.7225,371.37,195.2625
2025-11-13 03:00:00+05:30,39.480000000000004,338.795,178.58249999999998
2025-11-13 04:00:00+05:30,34.845,306.585,162.0925
2025-11-13 05:00:00+05:30,32.879999999999995,281.5625,149.28
2025-11-13 06:00:00+05:30,31.825,282.7975,149.9125
2025-11-13 07:00:00+05:30,34.595,288.2725,152.7125
2025-11-13 08:00:00+05:30,42.86,291.8175,154.53
2025-11-13 09:00:00+05:30,37.63333333333333,277.70666666666665,147.3033333333333
2025-11-13 10:00:00+05:30,33.163333333333334,238.9433333333333,127.45666666666666
2025-11-13 11:00:00+05:30,31.55333333333333,214.05999999999997,114.72000000000001
2025-11-13 12:00:00+05:30,30.395,191.9675,103.41
2025-11-13 13:00:00+05:30,31.125,187.01749999999998,100.8725
2025-11-13 14:00:00+05:30,33.7975,173.5575,93.9825
2025-11-13 15:00:00+05:30,40.635000000000005,164.7825,89.485
2025-11-13 16:00:00+05:30,54.78333333333334,168.57333333333335,91.42666666666666
2025-11-13 17:00:00+05:30,57.8375,179.97,97.2375
2025-11-13 18:00:00+05:30,62.635000000000005,209.47,112.36749999999999
2025-11-13 19:00:00+05:30,56.68333333333334,259.65333333333336,138.0633333333333
2025-11-13 20:00:00+05:30,71.97,317.22749999999996,167.45
2025-11-13 21:00:00+05:30,74.3625,387.5125,203.64999999999998
2025-11-13 22:00:00+05:30,63.61333333333334,427.37,223.9975
2025-11-13 23:00:00+05:30,59.196666666666665,401.93333333333334,210.91
2025-11-14 01:00:00+05:30,50.27,371.33,195.24
2025-11-14 02:00:00+05:30,48.4275,352.60749999999996,185.73000000000002
2025-11-14 03:00:00+05:30,45.542500000000004,314.8825,166.34
2025-11-14 04:00:00+05:30,44.2525,292.33500000000004,154.795
2025-11-14 05:00:00+05:30,41.9,262.11,139.32
2025-11-14 06:00:00+05:30,37.43666666666667,255.92,136.15
2025-11-14 07:00:00+05:30,37.864999999999995,263.4225,140.015
2025-11-14 08:00:00+05:30,40.0875,277.3775,147.1375
2025-11-14 09:00:00+05:30,40.292500000000004,275.38,146.115
2025-11-14 10:00:00+05:30,36.67,250.035,133.1375
2025-11-14 11:00:00+05:30,41.0325,176.5325,95.5075
2025-11-14 12:00:00+05:30,42.5125,21.3575,16.0575
2025-11-14 13:00:00+05:30,36.760000000000005,147.3975,80.5825
2025-11-14 14:00:00+05:30,37.8125,150.105,81.97
2025-11-14 15:00:00+05:30,41.1475,152.94,83.4225
2025-11-14 16:00:00+05:30,56.97,152.34,83.12
2025-11-14 17:00:00+05:30,70.74,164.3,89.24
2025-11-14 18:00:00+05:30,67.05250000000001,202.9575,109.03
2025-11-14 19:00:00+05:30,61.96,261.11333333333334,138.80999999999997
2025-11-14 20:00:00+05:30,84.0325,314.225,166.005
2025-11-14 21:00:00+05:30,84.6375,384.53249999999997,202.0
2025-11-14 22:00:00+05:30,86.64500000000001,401.325,210.5925
2025-11-14 23:00:00+05:30,81.71666666666667,409.3999999999999,214.73
2025-11-15 00:00:00+05:30,68.84,386.59,203.05
2025-11-15 01:00:00+05:30,66.78,379.255,199.29999999999998
2025-11-15 02:00:00+05:30,58.7675,337.84499999999997,178.1
2025-11-15 03:00:00+05:30,51.699999999999996,284.03333333333336,150.54666666666665
2025-11-15 04:00:00+05:30,46.0975,236.3925,126.1525
2025-11-15 05:00:00+05:30,45.4625,222.0075,118.7875
2025-11-15 06:00:00+05:30,39.5,244.8375,130.4775
2025-11-15 07:00:00+05:30,41.035,250.85250000000002,133.5575
2025-11-15 08:00:00+05:30,46.075,238.105,127.03
2025-11-15 09:00:00+05:30,45.545,244.445,130.2775
2025-11-15 10:00:00+05:30,43.2525,234.6425,125.2525
2025-11-15 11:00:00+05:30,39.593333333333334,222.84333333333333,119.22000000000001
2025-11-15 12:00:00+05:30,32.5475,193.07750000000001,103.975
2025-11-15 13:00:00+05:30,31.98,151.98666666666665,82.93666666666667
2025-11-15 14:00:00+05:30,33.595,141.95,77.79750000000001
2025-11-15 15:00:00+05:30,43.3375,136.32,74.9175
2025-11-15 16:00:00+05:30,56.66,135.01,74.24
2025-11-15 17:00:00+05:30,66.655,159.5,86.78750000000001
2025-11-15 18:00:00+05:30,66.6675,184.77499999999998,99.72500000000001
2025-11-15 19:00:00+05:30,81.12,255.325,135.85
2025-11-15 20:00:00+05:30,72.9625,323.08,170.5325
2025-11-15 21:00:00+05:30,59.04,338.03,178.1875
2025-11-15 22:00:00+05:30,56.6775,402.835,211.37
2025-11-15 23:00:00+05:30,54.86333333333334,362.51,190.72
2025-11-16 00:00:00+05:30,51.31,336.33,177.32
2025-11-16 01:00:00+05:30,48.1075,321.32500000000005,169.64
2025-11-16 02:00:00+05:30,45.685,315.435,166.6225
2025-11-16 03:00:00+05:30,40.9175,313.955,165.8675
2025-11-16 04:00:00+05:30,38.29333333333333,288.3833333333334,152.7733333333333
2025-11-16 05:00:00+05:30,38.315,282.4925,149.76
2025-11-16 06:00:00+05:30,33.905,254.3075,135.3275
2025-11-16 07:00:00+05:30,36.2225,251.5575,133.9175
2025-11-16 08:00:00+05:30,40.5675,230.48749999999998,123.13
2025-11-16 09:00:00+05:30,35.057500000000005,230.505,123.14250000000001
2025-11-16 10:00:00+05:30,33.623333333333335,213.84,114.59999999999998
2025-11-16 11:00:00+05:30,30.85,205.255,110.21000000000001
2025-11-16 12:00:00+05:30,29.1175,193.0875,103.98
2025-11-16 13:00:00+05:30,29.685000000000002,174.77499999999998,94.605
2025-11-16 14:00:00+05:30,29.39,161.01666666666668,87.56
2025-11-16 15:00:00+05:30,28.126666666666665,152.89,83.4
2025-11-16 16:00:00+05:30,39.76,146.43,80.13
2025-11-16 17:00:00+05:30,49.445,152.4525,83.1725
2025-11-16 18:00:00+05:30,54.935,162.2825,88.21249999999999
2025-11-16 19:00:00+05:30,66.22,186.93666666666664,100.83333333333333
2025-11-16 20:00:00+05:30,63.805,242.905,129.49
2025-11-16 21:00:00+05:30,52.227500000000006,242.4575,129.255
2025-11-16 22:00:00+05:30,51.795,250.85750000000002,133.5625
2025-11-16 23:00:00+05:30,51.51666666666667,275.33,146.09
2025-11-17 00:00:00+05:30,51.87,311.3,164.5
2025-11-17 01:00:00+05:30,46.2175,321.0125,169.47750000000002
2025-11-17 02:00:00+05:30,40.81,291.795,154.51749999999998
2025-11-17 03:00:00+05:30,35.3,243.70250000000001,129.8925
2025-11-17 04:00:00+05:30,33.932500000000005,214.5375,114.96249999999999
2025-11-17 05:00:00+05:30,32.4225,209.8,112.53750000000001
2025-11-17 06:00:00+05:30,30.6375,206.39249999999998,110.7875
2025-11-17 07:00:00+05:30,35.4575,208.3175,111.7775
2025-11-17 08:00:00+05:30,36.6475,216.365,115.89999999999999
2025-11-17 09:00:00+05:30,34.47,228.2575,121.98750000000001
2025-11-17 10:00:00+05:30,32.0,211.375,113.345
2025-11-17 11:00:00+05:30,36.82333333333333,188.10666666666665,101.43
2025-11-17 12:00:00+05:30,33.0475,148.38,81.0925
2025-11-17 13:00:00+05:30,30.365,141.04749999999999,77.34
2025-11-17 14:00:00+05:30,24.69333333333333,126.2,69.73666666666666
2025-11-17 15:00:00+05:30,30.286666666666665,123.98,68.6
2025-11-17 16:00:00+05:30,42.1225,116.05,64.53999999999999
2025-11-17 17:00:00+05:30,45.9525,120.6625,66.9
2025-11-17 18:00:00+05:30,68.565,148.2125,81.00999999999999
2025-11-17 19:00:00+05:30,63.7525,201.1525,108.11
2025-11-17 20:00:00+05:30,60.026666666666664,250.58666666666667,133.41666666666666
2025-11-17 21:00:00+05:30,52.805,309.09,163.375
2025-11-17 22:00:00+05:30,57.7675,329.90250000000003,174.0325
2025-11-17 23:00:00+05:30,57.47,339.2,178.79
2025-11-18 00:00:00+05:30,50.54,316.8,167.32
2025-11-18 01:00:00+05:30,51.4675,317.05,167.4475
2025-11-18 02:00:00+05:30,45.9375,294.9075,156.115
2025-11-18 03:00:00+05:30,44.8975,290.28000000000003,153.7425
2025-11-18 04:00:00+05:30,41.2275,244.30249999999998,150.3775
2025-11-18 05:00:00+05:30,37.25,277.91749999999996,147.415
2025-11-18 06:00:00+05:30,39.48333333333333,269.00666666666666,142.85333333333332
2025-11-18 07:00:00+05:30,39.0525,250.1225,133.1775
2025-11-18 08:00:00+05:30,40.9175,234.3575,125.11500000000001
2025-11-18 09:00:00+05:30,38.79333333333333,222.46,119.02
2025-11-18 10:00:00+05:30,34.525000000000006,205.09,110.13
2025-11-18 17:00:00+05:30,77.97666666666667,162.15,88.14
2025-11-18 18:00:00+05:30,77.31,187.01666666666665,100.87333333333333
2025-11-18 19:00:00+05:30,60.64333333333334,228.49333333333334,122.10666666666667
2025-11-18 20:00:00+05:30,57.42,264.73,140.66
2025-11-18 21:00:00+05:30,59.07333333333333,305.25,161.40666666666667
2025-11-18 22:00:00+05:30,58.166666666666664,316.35,167.09
2025-11-18 23:00:00+05:30,55.685,296.48,156.92
2025-11-19 00:00:00+05:30,48.71,249.5,132.86
2025-11-19 01:00:00+05:30,51.86,248.48000000000002,132.3375
2025-11-19 02:00:00+05:30,46.025,232.10750000000002,123.96
2025-11-19 03:00:00+05:30,45.4775,216.82750000000001,116.1375
2025-11-19 04:00:00+05:30,43.8625,214.1425,114.765
2025-11-19 05:00:00+05:30,40.8625,230.2825,123.02250000000001
2025-11-19 06:00:00+05:30,41.43,222.9625,119.2775
2025-11-19 07:00:00+05:30,55.5225,273.96750000000003,145.39249999999998
2025-11-19 08:00:00+05:30,75.555,307.46750000000003,162.5425
2025-11-19 09:00:00+05:30,53.47333333333333,312.61,165.17
2025-11-19 10:00:00+05:30,42.11333333333334,243.2733333333333,129.67333333333332
2025-11-19 11:00:00+05:30,42.5475,179.04250000000002,96.7875
2025-11-19 12:00:00+05:30,26.92,96.7675,53.39
2025-11-19 13:00:00+05:30,23.6575,93.985,53.2425
2025-11-19 14:00:00+05:30,25.7,74.62666666666667,43.330000000000005
2025-11-19 15:00:00+05:30,19.563333333333333,73.17,42.58
2025-11-19 16:00:00+05:30,19.69,59.33,35.5
2025-11-19 17:00:00+05:30,36.64,69.43,40.67
2025-11-19 18:00:00+05:30,49.35999999999999,86.35333333333334,49.330000000000005
2025-11-19 19:00:00+05:30,55.905,147.0,80.38499999999999
2025-11-19 20:00:00+05:30,61.025,212.4575,113.9
2025-11-19 21:00:00+05:30,52.56333333333333,243.65333333333334,129.87
2025-11-19 22:00:00+05:30,54.47333333333333,260.0833333333333,138.28333333333333
2025-11-19 23:00:00+05:30,50.875,288.67,152.92
2025-11-20 00:00:00+05:30,50.04,282.83,149.93
2025-11-20 01:00:00+05:30,47.9525,320.40999999999997,169.17000000000002
2025-11-20 02:00:00+05:30,46.61,346.58500000000004,182.57
2025-11-20 03:00:00+05:30,44.135,348.14,183.3675
2025-11-20 04:00:00+05:30,42.245000000000005,310.73,164.21
2025-11-20 05:00:00+05:30,41.074999999999996,310.58,164.1425
2025-11-20 06:00:00+05:30,39.11,287.46000000000004,152.2975
2025-11-20 07:00:00+05:30,41.9075,247.6825,131.935
2025-11-20 08:00:00+05:30,44.92666666666667,243.64,129.86
2025-11-20 09:00:00+05:30,38.27,233.64000000000001,124.74666666666667
2025-11-20 10:00:00+05:30,38.233333333333334,204.97333333333336,110.06333333333333
2025-11-20 11:00:00+05:30,70.4375,120.3225,66.72500000000001
2025-11-20 12:00:00+05:30,48.60333333333333,0.0,5.12
2025-11-20 13:00:00+05:30,29.2675,86.44749999999999,49.3825
2025-11-20 14:00:00+05:30,29.9675,85.63499999999999,48.9675
2025-11-20 15:00:00+05:30,30.7275,84.72333333333333,48.5
2025-11-20 16:00:00+05:30,13.905,41.63,23.875
2025-11-20 17:00:00+05:30,50.7175,89.6625,51.03
2025-11-20 18:00:00+05:30,49.3775,111.8175,62.3675
2025-11-20 19:00:00+05:30,44.01,135.24333333333334,74.36666666666666
2025-11-20 20:00:00+05:30,57.31666666666666,163.98333333333335,88.99666666666667
2025-11-20 21:00:00+05:30,59.120000000000005,220.17333333333332,118.03333333333335
2025-11-20 22:00:00+05:30,68.765,290.3,153.755
2025-11-20 23:00:00+05:30,76.70500000000001,321.25,169.6
2025-11-21 00:00:00+05:30,76.38,313.97,165.87
2025-11-21 01:00:00+05:30,83.2475,320.5025,169.22
2025-11-21 02:00:00+05:30,74.6325,338.65250000000003,178.4325
2025-11-21 03:00:00+05:30,68.25333333333333,295.68,156.51
2025-11-21 04:00:00+05:30,74.41499999999999,302.2025,159.8475
2025-11-21 05:00:00+05:30,72.185,292.685,154.97500000000002
2025-11-21 06:00:00+05:30,71.4475,327.9625,173.03500000000003
2025-11-21 07:00:00+05:30,78.73,320.2,169.06
2025-11-21 08:00:00+05:30,77.8175,285.9625,151.535
2025-11-21 09:00:00+05:30,64.55,258.71,137.58
2025-11-21 11:00:00+05:30,37.596666666666664,135.44333333333336,74.46666666666665
2025-11-21 12:00:00+05:30,28.7375,108.475,60.660000000000004
2025-11-21 13:00:00+05:30,29.9525,111.51249999999999,62.2175
2025-11-21 14:00:00+05:30,29.9875,114.825,63.910000000000004
2025-11-21 15:00:00+05:30,29.713333333333335,124.33333333333333,68.77333333333333
2025-11-21 16:00:00+05:30,40.656666666666666,139.23,76.40666666666668
2025-11-21 17:00:00+05:30,60.3275,161.03,86.8075
2025-11-21 18:00:00+05:30,57.8775,177.5525,96.0125
2025-11-21 19:00:00+05:30,61.885000000000005,193.1275,104.0
2025-11-21 20:00:00+05:30,71.4375,225.535,120.595
2025-11-21 21:00:00+05:30,58.26,275.90333333333336,146.38
2025-11-21 22:00:00+05:30,67.27,330.61749999999995,174.3975
2025-11-21 23:00:00+05:30,66.30333333333333,378.62000000000006,198.97
2025-11-22 00:00:00+05:30,70.61,434.43,227.55
2025-11-22 01:00:00+05:30,64.42,444.235,232.565
2025-11-22 02:00:00+05:30,62.097500000000004,428.40999999999997,224.47
2025-11-22 03:00:00+05:30,59.71333333333333,352.3766666666667,185.54
2025-11-22 04:00:00+05:30,54.432500000000005,332.44500000000005,175.32999999999998
2025-11-22 05:00:00+05:30,56.14,306.3425,161.9325
2025-11-22 06:00:00+05:30,48.79,276.9575,146.8475
2025-11-22 07:00:00+05:30,45.91,235.32,125.6075
2025-11-22 08:00:00+05:30,44.9225,226.91500000000002,121.3
2025-11-22 09:00:00+05:30,41.935,209.4725,112.3725
2025-11-22 10:00:00+05:30,42.7525,204.5325,109.86
2025-11-22 11:00:00+05:30,41.125,194.5575,104.735
2025-11-22 12:00:00+05:30,32.075,194.81,104.85
2025-11-22 13:00:00+05:30,33.865,195.155,105.03999999999999
2025-11-22 14:00:00+05:30,31.9225,186.2175,100.465
2025-11-22 15:00:00+05:30,30.17,176.98,95.73
2025-11-22 16:00:00+05:30,73.38,165.56,89.89
2025-11-22 17:00:00+05:30,70.62,169.91,92.1125
2025-11-22 18:00:00+05:30,61.7025,192.51500000000001,103.685
2025-11-22 19:00:00+05:30,93.87333333333333,239.34333333333333,127.54
2025-11-22 20:00:00+05:30,76.8925,292.7675,155.015
2025-11-22 21:00:00+05:30,82.725,335.995,177.1525
2025-11-22 22:00:00+05:30,85.07249999999999,369.5525,194.3325
2025-11-22 23:00:00+05:30,91.14666666666666,344.54,181.52
2025-11-23 00:00:00+05:30,90.9,356.21,187.37
2025-11-23 01:00:00+05:30,87.27,349.7425,184.185
2025-11-23 02:00:00+05:30,83.7075,326.22249999999997,172.1875
2025-11-23 03:00:00+05:30,82.22333333333334,341.6566666666667,180.04666666666665
2025-11-23 04:00:00+05:30,72.23,345.37000000000006,182.0233333333333
2025-11-23 05:00:00+05:30,71.24000000000001,372.7475,195.965
2025-11-23 06:00:00+05:30,71.66,382.2675,200.84
2025-11-23 07:00:00+05:30,74.435,419.475,219.89499999999998
2025-11-23 08:00:00+05:30,63.45,397.9,208.905
2025-11-23 09:00:00+05:30,60.71,354.9775,186.8675
2025-11-23 10:00:00+05:30,58.8125,301.5625,159.525
2025-11-23 11:00:00+05:30,48.79666666666666,233.21333333333334,124.52666666666669
2025-11-23 12:00:00+05:30,44.836666666666666,180.17333333333332,97.33666666666666
2025-11-23 13:00:00+05:30,37.515,164.11,89.1425
2025-11-23 14:00:00+05:30,32.9525,150.105,81.97
2025-11-23 15:00:00+05:30,33.61333333333334,135.83,74.67
2025-11-23 18:00:00+05:30,70.7,213.91,114.64
2025-11-23 19:00:00+05:30,67.22,224.72,120.1775
2025-11-23 20:00:00+05:30,67.91499999999999,270.42,143.685
2025-11-23 21:00:00+05:30,72.285,330.6525,174.41250000000002
2025-11-23 22:00:00+05:30,74.9475,337.23,177.77999999999997
2025-11-23 23:00:00+05:30,78.19666666666667,369.6000000000001,194.36
2025-11-24 00:00:00+05:30,78.29,430.76,225.67
2025-11-24 01:00:00+05:30,74.5925,435.3275,228.0025
2025-11-24 02:00:00+05:30,64.4625,416.77250000000004,218.595
2025-11-24 03:00:00+05:30,58.3825,367.145,193.095
2025-11-24 04:00:00+05:30,56.0075,348.65,183.6275
2025-11-24 05:00:00+05:30,50.2825,312.21750000000003,164.97
2025-11-24 06:00:00+05:30,43.85,274.2925,145.555
2025-11-24 07:00:00+05:30,42.875,223.73499999999999,119.6775
2025-11-24 08:00:00+05:30,42.802499999999995,211.6325,113.47500000000001
2025-11-24 09:00:00+05:30,43.13,196.5975,105.7725
2025-11-24 10:00:00+05:30,39.74,187.9975,101.375
2025-11-24 11:00:00+05:30,38.41,177.8675,96.185
2025-11-24 12:00:00+05:30,44.067499999999995,125.7525,69.5025
2025-11-24 13:00:00+05:30,39.906666666666666,42.73,26.996666666666666
2025-11-24 14:00:00+05:30,40.0075,129.8675,71.61
2025-11-24 15:00:00+05:30,41.6175,137.99,75.77250000000001
2025-11-24 16:00:00+05:30,48.77,149.835,81.84
2025-11-24 17:00:00+05:30,63.36,160.64749999999998,87.37
2025-11-24 18:00:00+05:30,68.98,210.13,112.705
2025-11-24 19:00:00+05:30,67.705,344.0425,181.26749999999998
2025-11-24 20:00:00+05:30,72.8325,336.3,177.29999999999998
2025-11-24 21:00:00+05:30,78.325,359.1675,189.0175
2025-11-24 22:00:00+05:30,81.44,402.86249999999995,211.3825
2025-11-24 23:00:00+05:30,75.96,430.02,225.29
2025-11-25 00:00:00+05:30,65.39,400.69,210.28
2025-11-25 01:00:00+05:30,62.833333333333336,381.6966666666667,200.54333333333332
2025-11-25 02:00:00+05:30,56.9275,332.905,175.57
2025-11-25 03:00:00+05:30,50.2975,300.23,158.8375
2025-11-25 04:00:00+05:30,47.15,268.3425,142.515
2025-11-25 05:00:00+05:30,42.83,270.11,143.4125
2025-11-25 06:00:00+05:30,40.31,228.16333333333333,121.94
2025-11-25 07:00:00+05:30,41.847500000000004,222.73,119.16
2025-11-25 08:00:00+05:30,41.8925,226.31,120.9925
2025-11-25 09:00:00+05:30,39.52,205.07333333333335,110.11666666666667
2025-11-25 10:00:00+05:30,39.6125,183.72750000000002,99.1925
2025-11-25 11:00:00+05:30,34.6475,199.225,107.1225
2025-11-25 12:00:00+05:30,35.635,192.5675,103.7125
2025-11-25 13:00:00+05:30,34.135,178.23000000000002,96.375
2025-11-25 14:00:00+05:30,40.795,165.4925,89.855
2025-11-25 15:00:00+05:30,41.43666666666667,167.43,90.83999999999999
2025-11-25 16:00:00+05:30,48.9,162.4275,88.2875
2025-11-25 17:00:00+05:30,43.195,172.32,93.3525
2025-11-25 18:00:00+05:30,56.51666666666667,210.45666666666668,112.87666666666667
2025-11-25 19:00:00+05:30,55.45,251.1975,133.73
2025-11-25 20:00:00+05:30,175.15,279.5575,148.255
2025-11-25 21:00:00+05:30,122.33749999999999,315.71000000000004,166.765
2025-11-25 22:00:00+05:30,98.36,370.15749999999997,194.64499999999998
2025-11-25 23:00:00+05:30,85.04333333333334,396.66,208.21
2025-11-26 00:00:00+05:30,67.74,312.05,164.89
2025-11-26 01:00:00+05:30,62.826666666666675,297.1433333333333,157.25666666666666
2025-11-26 02:00:00+05:30,54.760000000000005,269.9275,143.325
2025-11-26 03:00:00+05:30,48.64,259.195,137.83249999999998
2025-11-26 04:00:00+05:30,45.322500000000005,224.96,120.30000000000001
2025-11-26 05:00:00+05:30,44.26,239.17,127.58
2025-11-26 06:00:00+05:30,43.946666666666665,179.5233333333333,97.03666666666668
2025-11-26 07:00:00+05:30,42.145,188.365,101.565
2025-11-26 08:00:00+05:30,39.3775,198.1775,106.5925
2025-11-26 09:00:00+05:30,39.6,211.89333333333335,113.60666666666667
2025-11-26 10:00:00+05:30,33.28,208.20000000000002,111.71999999999998
2025-11-26 11:00:00+05:30,38.39,196.49,105.72
2025-11-26 12:00:00+05:30,54.25,65.49666666666667,38.65333333333333
2025-11-26 13:00:00+05:30,46.99,154.92,84.44
2025-11-26 14:00:00+05:30,46.55,157.07,85.54
2025-11-26 15:00:00+05:30,47.803333333333335,162.15,88.14333333333333
2025-11-26 16:00:00+05:30,71.08,0.0,5.12
2025-11-26 17:00:00+05:30,202.74666666666667,134.92999999999998,74.20333333333333
2025-11-26 18:00:00+05:30,155.27,195.5,105.21666666666665
2025-11-26 19:00:00+05:30,85.6325,210.01,112.64
2025-11-26 20:00:00+05:30,73.745,241.73250000000002,128.8875
2025-11-26 21:00:00+05:30,73.47,266.69,141.665
2025-11-26 22:00:00+05:30,75.6975,292.945,155.11
2025-11-26 23:00:00+05:30,83.98666666666666,329.22666666666663,173.6833333333333
2025-11-27 00:00:00+05:30,83.16,286.09,151.6
2025-11-27 01:00:00+05:30,78.6725,290.885,154.0575
2025-11-27 02:00:00+05:30,69.075,271.2925,144.02
2025-11-27 03:00:00+05:30,62.0925,234.9425,125.41
2025-11-27 04:00:00+05:30,53.6875,191.33499999999998,103.08500000000001
2025-11-27 05:00:00+05:30,48.545,183.0375,98.8325
2025-11-27 06:00:00+05:30,46.955,204.8725,110.02000000000001
2025-11-27 07:00:00+05:30,47.36666666666667,216.9466666666667,116.19666666666667
2025-11-27 08:00:00+05:30,44.17,212.2925,113.815
2025-11-27 09:00:00+05:30,42.7525,209.2225,112.24499999999999
2025-11-27 10:00:00+05:30,40.66,203.81,109.4725
2025-11-27 11:00:00+05:30,36.5325,148.075,80.935
2025-11-27 12:00:00+05:30,32.10333333333333,129.74333333333334,71.55
2025-11-27 13:00:00+05:30,30.01,109.85,61.364999999999995
2025-11-27 14:00:00+05:30,36.3875,94.465,53.485
2025-11-27 15:00:00+05:30,35.790000000000006,85.56,48.93
2025-11-27 16:00:00+05:30,38.01,74.51,43.27
2025-11-27 17:00:00+05:30,64.49,93.3275,52.8975
2025-11-27 18:00:00+05:30,77.1725,144.185,78.94
2025-11-27 19:00:00+05:30,93.09666666666665,190.01666666666665,102.40666666666668
2025-11-27 20:00:00+05:30,111.42750000000001,234.23000000000002,125.04499999999999
2025-11-27 21:00:00+05:30,157.68666666666667,270.33666666666664,143.53666666666666
2025-11-27 22:00:00+05:30,157.25,286.255,151.68
2025-11-27 23:00:00+05:30,157.01,341.48333333333335,179.96
2025-11-28 00:00:00+05:30,142.54,320.71,169.32
2025-11-28 01:00:00+05:30,140.06,334.22,176.27666666666667
2025-11-28 02:00:00+05:30,137.0025,338.665,178.51500000000001
2025-11-28 03:00:00+05:30,126.54249999999999,336.6,177.46
2025-11-28 04:00:00+05:30,109.6325,282.5875,149.805
2025-11-28 05:00:00+05:30,103.7,279.6675,148.31
2025-11-28 06:00:00+05:30,104.01750000000001,298.07,157.73
2025-11-28 07:00:00+05:30,103.67999999999999,301.125,159.29500000000002
2025-11-28 08:00:00+05:30,89.2125,277.1375,147.01
2025-11-28 09:00:00+05:30,73.5275,248.41750000000002,132.3125
2025-11-28 10:00:00+05:30,45.1525,133.0275,71.9475
2025-11-28 11:00:00+05:30,54.7825,139.60500000000002,76.60249999999999
2025-11-28 12:00:00+05:30,42.623333333333335,112.31,62.620000000000005
2025-11-28 13:00:00+05:30,35.9975,96.29,54.417500000000004
2025-11-28 14:00:00+05:30,32.5075,80.14750000000001,46.1525
2025-11-28 15:00:00+05:30,30.266666666666666,70.58999999999999,41.26
2025-11-28 16:00:00+05:30,34.45,63.7475,37.7525
2025-11-28 17:00:00+05:30,54.28333333333333,81.32,46.76
2025-11-28 18:00:00+05:30,65.16,118.04,65.55250000000001
2025-11-28 19:00:00+05:30,82.08,267.5566666666667,142.10999999999999
2025-11-28 20:00:00+05:30,93.28999999999999,322.75,170.3675
2025-11-28 21:00:00+05:30,86.8325,271.60249999999996,144.1825
2025-11-28 22:00:00+05:30,88.46000000000001,244.695,130.4
2025-11-28 23:00:00+05:30,92.10666666666667,299.94666666666666,158.69333333333336
2025-11-29 00:00:00+05:30,117.17,397.87,208.83
2025-11-29 01:00:00+05:30,111.765,385.4425,202.47
2025-11-29 02:00:00+05:30,93.5475,226.23250000000002,120.95
2025-11-29 03:00:00+05:30,82.09,256.7225,136.5625
2025-11-29 04:00:00+05:30,73.975,250.91000000000003,133.59
2025-11-29 05:00:00+05:30,64.75750000000001,241.275,128.655
2025-11-29 06:00:00+05:30,59.265,253.33749999999998,134.825
2025-11-29 07:00:00+05:30,56.27666666666667,247.43666666666664,131.80666666666664
2025-11-29 08:00:00+05:30,51.7625,232.935,124.3875
2025-11-29 09:00:00+05:30,50.1675,243.765,129.93
2025-11-29 10:00:00+05:30,42.81,188.68,101.7225
2025-11-29 11:00:00+05:30,37.302499999999995,121.7425,67.455
2025-11-29 12:00:00+05:30,31.450000000000003,105.7175,59.2475
2025-11-29 13:00:00+05:30,30.5,93.05,52.76
2025-11-29 14:00:00+05:30,31.95,91.95,52.1975
2025-11-29 15:00:00+05:30,29.2425,106.16499999999999,59.475
2025-11-29 16:00:00+05:30,36.45666666666667,102.19,57.44
2025-11-29 17:00:00+05:30,56.5625,163.0075,88.58250000000001
2025-11-29 18:00:00+05:30,67.2,192.745,103.80250000000001
2025-11-29 19:00:00+05:30,76.01666666666667,228.81333333333336,122.27333333333333
2025-11-29 20:00:00+05:30,80.66749999999999,237.96249999999998,126.9575
2025-11-29 21:00:00+05:30,85.42,290.53999999999996,153.8725
2025-11-29 22:00:00+05:30,86.16499999999999,327.90250000000003,173.0075
2025-11-29 23:00:00+05:30,81.90333333333332,332.21,175.21333333333334
2025-11-30 00:00:00+05:30,79.32,327.04,172.56
2025-11-30 01:00:00+05:30,72.0075,354.13,186.43
2025-11-30 02:00:00+05:30,67.16,334.3625,176.31
2025-11-30 03:00:00+05:30,58.95,314.355,166.07
2025-11-30 04:00:00+05:30,51.9275,276.605,146.7425
2025-11-30 05:00:00+05:30,46.9075,246.7425,131.4525
2025-11-30 06:00:00+05:30,42.269999999999996,220.75,118.14250000000001
2025-11-30 07:00:00+05:30,39.522499999999994,209.0425,112.155
2025-11-30 08:00:00+05:30,36.555,194.465,104.6875
2025-11-30 09:00:00+05:30,33.5,190.5,102.66
2025-11-30 10:00:00+05:30,23.63,136.875,73.92
2025-11-30 11:00:00+05:30,28.6425,173.23000000000002,93.8125
2025-11-30 12:00:00+05:30,26.4425,164.2825,89.23249999999999
2025-11-30 13:00:00+05:30,27.990000000000002,154.20499999999998,84.075
2025-11-30 14:00:00+05:30,26.2075,145.715,79.73
2025-11-30 15:00:00+05:30,30.900000000000002,141.67666666666668,77.66333333333334
2025-11-30 16:00:00+05:30,41.025,141.14000000000001,77.3825
2025-11-30 17:00:00+05:30,43.045,149.6625,81.75
2025-11-30 18:00:00+05:30,61.9525,173.595,94.0
2025-11-30 19:00:00+05:30,65.295,204.3825,109.7675
2025-11-30 20:00:00+05:30,69.345,216.03,115.72500000000001
2025-11-30 21:00:00+05:30,80.1825,242.22,129.135
2025-11-30 22:00:00+05:30,90.9025,255.54500000000002,135.96
2025-11-30 23:00:00+05:30,93.06,260.0233333333333,138.25
2025-12-01 00:00:00+05:30,98.68,268.1,142.39
2025-12-01 01:00:00+05:30,96.64500000000001,287.8975,152.51999999999998
2025-12-01 02:00:00+05:30,92.79,289.4675,153.3225
2025-12-01 03:00:00+05:30,87.56666666666666,286.12,151.61333333333334
2025-12-01 04:00:00+05:30,84.41,285.035,151.055
2025-12-01 05:00:00+05:30,75.265,279.49,148.225
2025-12-01 06:00:00+05:30,68.1875,263.2625,139.9125
2025-12-01 07:00:00+05:30,61.5125,269.4325,143.07
2025-12-01 08:00:00+05:30,53.955,242.155,129.1025
2025-12-01 09:00:00+05:30,49.656666666666666,226.37,121.02333333333333
2025-12-01 11:00:00+05:30,,192.67,103.76
2025-12-01 12:00:00+05:30,39.03,188.80666666666664,101.78666666666668
2025-12-01 13:00:00+05:30,38.37,182.44,98.5325
2025-12-01 14:00:00+05:30,35.76333333333333,178.02,96.27
2025-12-01 15:00:00+05:30,42.11,179.2375,96.885
2025-12-01 16:00:00+05:30,62.787499999999994,159.185,86.6225
2025-12-01 17:00:00+05:30,58.695,164.8875,89.545
2025-12-01 18:00:00+05:30,55.09,180.1275,97.345
2025-12-01 19:00:00+05:30,57.9825,217.04,116.245
2025-12-01 20:00:00+05:30,58.36,240.7975,128.41000000000003
2025-12-01 21:00:00+05:30,55.50666666666667,267.6466666666667,142.15666666666667
2025-12-01 22:00:00+05:30,49.3,274.7925,145.8175
2025-12-01 23:00:00+05:30,42.803333333333335,275.0566666666667,145.9466666666667
2025-12-02 00:00:00+05:30,38.06,266.19,141.41
2025-12-02 01:00:00+05:30,38.025,261.9,139.21249999999998
2025-12-02 02:00:00+05:30,34.195,278.97,147.955
2025-12-02 03:00:00+05:30,31.814999999999998,273.8275,145.3175
2025-12-02 04:00:00+05:30,29.9125,255.5825,135.975
2025-12-02 05:00:00+05:30,28.17,256.41499999999996,136.405
2025-12-02 06:00:00+05:30,27.455,263.4975,140.0275
2025-12-02 07:00:00+05:30,28.686666666666667,272.90000000000003,144.84333333333333
2025-12-02 08:00:00+05:30,33.7125,282.8275,149.9325
2025-12-02 09:00:00+05:30,33.6975,288.755,152.9625
2025-12-02 10:00:00+05:30,34.325,290.385,153.79500000000002
2025-12-02 11:00:00+05:30,33.81333333333333,275.33666666666664,146.09
2025-12-02 12:00:00+05:30,33.8775,246.845,131.5075
2025-12-02 13:00:00+05:30,27.1625,207.52749999999997,111.3775
2025-12-02 14:00:00+05:30,31.71,167.415,90.8325
2025-12-02 15:00:00+05:30,37.89,151.17,82.51666666666667
2025-12-02 16:00:00+05:30,53.42666666666667,159.71,86.89999999999999
2025-12-02 17:00:00+05:30,51.53333333333333,179.85666666666668,97.20666666666666
2025-12-02 18:00:00+05:30,52.52333333333333,195.29,105.11333333333334
2025-12-02 19:00:00+05:30,58.24666666666667,213.02,114.18333333333334
2025-12-02 20:00:00+05:30,60.582499999999996,228.85,122.28999999999999
2025-12-02 21:00:00+05:30,69.58333333333333,251.22,133.74333333333334
2025-12-02 22:00:00+05:30,81.02,275.9125,146.39
2025-12-02 23:00:00+05:30,82.42,280.42333333333335,148.6966666666667
2025-12-03 00:00:00+05:30,77.53,285.92,151.51
2025-12-03 01:00:00+05:30,72.56,277.49,147.19333333333336
2025-12-03 02:00:00+05:30,66.775,270.59499999999997,143.66500000000002
2025-12-03 03:00:00+05:30,57.06,242.8025,129.4325
2025-12-03 04:00:00+05:30,49.945,220.8125,118.175
2025-12-03 05:00:00+05:30,46.7775,210.92000000000002,113.11250000000001
2025-12-03 06:00:00+05:30,42.2475,201.545,108.305
2025-12-03 07:00:00+05:30,41.57333333333333,197.37,106.17
2025-12-03 08:00:00+05:30,40.6375,192.275,103.5675
2025-12-03 09:00:00+05:30,39.5625,186.2725,100.4925
2025-12-03 10:00:00+05:30,35.925,184.16,99.41
2025-12-03 11:00:00+05:30,36.1525,181.3825,97.98500000000001
2025-12-03 12:00:00+05:30,36.8425,135.5925,74.54
2025-12-03 13:00:00+05:30,33.556666666666665,0.0,5.12
2025-12-03 14:00:00+05:30,27.689999999999998,183.98000000000002,99.3175
2025-12-03 15:00:00+05:30,30.3725,176.375,95.41499999999999
2025-12-03 16:00:00+05:30,34.6725,181.4725,98.0375
2025-12-03 17:00:00+05:30,30.2025,180.995,97.785
2025-12-03 18:00:00+05:30,50.23666666666667,196.07000000000002,105.42
2025-12-03 19:00:00+05:30,69.84,238.84666666666666,127.41000000000001
2025-12-03 20:00:00+05:30,81.7825,261.395,138.95749999999998
2025-12-03 21:00:00+05:30,98.27,290.8966666666667,154.05999999999997
2025-12-03 22:00:00+05:30,101.17333333333333,335.25,176.79333333333332
2025-12-03 23:00:00+05:30,100.17666666666666,348.22,183.41
2025-12-04 00:00:00+05:30,94.51,346.78,182.67
2025-12-04 01:00:00+05:30,88.5625,340.465,179.4375
2025-12-04 02:00:00+05:30,79.56,335.035,176.6575
2025-12-04 03:00:00+05:30,72.92,313.8066666666667,165.79
2025-12-04 04:00:00+05:30,69.27,296.04999999999995,156.6975
2025-12-04 05:00:00+05:30,64.7275,296.515,156.9375
2025-12-04 06:00:00+05:30,60.51,292.35,154.8
2025-12-04 07:00:00+05:30,54.864999999999995,277.405,147.14999999999998
2025-12-04 08:00:00+05:30,48.48333333333333,265.6033333333333,141.11
2025-12-04 09:00:00+05:30,44.49333333333334,249.51666666666665,132.88
2025-12-04 10:00:00+05:30,41.1,247.22,131.7
2025-12-04 14:00:00+05:30,30.48,189.57,102.18
2025-12-04 15:00:00+05:30,34.894999999999996,185.125,99.9075
2025-12-04 16:00:00+05:30,37.08,187.74333333333334,101.24666666666667
2025-12-04 17:00:00+05:30,48.292500000000004,211.8825,113.60499999999999
2025-12-04 18:00:00+05:30,41.364999999999995,241.73250000000002,128.8875
2025-12-04 19:00:00+05:30,43.31,270.51750000000004,143.625
2025-12-04 20:00:00+05:30,42.785,298.08250000000004,157.73749999999998
2025-12-04 21:00:00+05:30,47.71333333333333,325.2166666666667,171.63333333333333
2025-12-04 22:00:00+05:30,54.35,350.965,184.815
2025-12-04 23:00:00+05:30,61.0,342.1499999999999,180.30000000000004
2025-12-05 00:00:00+05:30,53.2,355.2,186.98
2025-12-05 01:00:00+05:30,48.25,325.66999999999996,171.86499999999998
2025-12-05 02:00:00+05:30,41.73,265.3025,140.95749999999998
2025-12-05 03:00:00+05:30,37.25,177.0,95.7425
2025-12-05 04:00:00+05:30,33.275,139.7375,76.67
2025-12-05 05:00:00+05:30,29.929999999999996,128.03333333333333,70.67
2025-12-05 06:00:00+05:30,29.223333333333333,121.81,67.48666666666666
2025-12-05 07:00:00+05:30,28.7575,135.46,74.48
2025-12-05 08:00:00+05:30,28.064999999999998,136.02499999999998,74.76
2025-12-05 09:00:00+05:30,27.3775,138.39749999999998,75.97749999999999
2025-12-05 10:00:00+05:30,26.0075,137.25,75.39
2025-12-05 11:00:00+05:30,31.9825,102.9375,57.8225
2025-12-05 12:00:00+05:30,34.46666666666667,41.97666666666667,26.61333333333333
2025-12-05 13:00:00+05:30,33.8925,125.30000000000001,69.27499999999999
2025-12-05 14:00:00+05:30,28.05666666666667,122.27,67.72
2025-12-05 15:00:00+05:30,36.04,122.87,68.03
2025-12-05 16:00:00+05:30,32.88,124.49000000000001,68.86000000000001
2025-12-05 17:00:00+05:30,35.2975,126.805,70.045
2025-12-05 18:00:00+05:30,57.037499999999994,156.1,85.045
2025-12-05 19:00:00+05:30,90.975,216.0525,115.7375
2025-12-05 20:00:00+05:30,132.3925,263.795,140.1875
2025-12-05 21:00:00+05:30,65.71000000000001,272.1625,144.465
2025-12-05 22:00:00+05:30,54.125,268.95750000000004,142.8275
2025-12-05 23:00:00+05:30,50.575,248.47,132.33
2025-12-06 00:00:00+05:30,37.64,200.78,107.92
2025-12-06 01:00:00+05:30,36.135,186.96,100.84
2025-12-06 02:00:00+05:30,32.135,174.245,94.3325
2025-12-06 03:00:00+05:30,28.745,160.26,87.16999999999999
2025-12-06 04:00:00+05:30,29.747500000000002,148.235,81.0175
2025-12-06 05:00:00+05:30,31.5175,141.9025,77.77000000000001
2025-12-06 06:00:00+05:30,35.7725,158.655,86.3475
2025-12-06 07:00:00+05:30,45.75666666666667,170.00333333333333,92.16333333333334
2025-12-06 08:00:00+05:30,33.92666666666667,185.2733333333333,99.97666666666667
2025-12-06 09:00:00+05:30,32.89666666666667,196.34666666666666,105.64999999999999
2025-12-06 10:00:00+05:30,35.315,211.2625,113.2825
2025-12-06 11:00:00+05:30,31.125,220.27,117.89750000000001
2025-12-06 12:00:00+05:30,27.0,178.76,96.65
2025-12-06 13:00:00+05:30,30.5625,147.04500000000002,80.41
2025-12-06 14:00:00+05:30,38.6825,145.285,79.5025
2025-12-06 15:00:00+05:30,43.629999999999995,129.98,71.67
2025-12-06 16:00:00+05:30,45.18666666666667,147.85999999999999,80.82666666666667
2025-12-06 17:00:00+05:30,53.4925,145.8175,79.775
2025-12-06 18:00:00+05:30,80.76333333333334,186.12,100.42
2025-12-06 19:00:00+05:30,99.4675,337.9225,178.135
2025-12-06 20:00:00+05:30,113.53999999999999,299.5775,158.5
2025-12-06 21:00:00+05:30,127.13333333333333,341.62999999999994,180.03
2025-12-06 22:00:00+05:30,120.3325,339.9475,179.17
2025-12-06 23:00:00+05:30,117.67,346.14000000000004,182.34
2025-12-07 00:00:00+05:30,99.69,343.98,181.24
2025-12-07 01:00:00+05:30,92.91,323.4125,170.71
2025-12-07 02:00:00+05:30,79.94,288.2175,152.6875
2025-12-07 03:00:00+05:30,72.93,230.4875,123.13250000000001
2025-12-07 04:00:00+05:30,65.0075,219.7175,117.6125
2025-12-07 05:00:00+05:30,56.2625,190.55,102.685
2025-12-07 06:00:00+05:30,49.2375,160.5475,87.32
2025-12-07 07:00:00+05:30,44.2275,178.88,96.705
2025-12-07 08:00:00+05:30,40.53,180.42,97.4925
2025-12-07 09:00:00+05:30,38.43,191.865,103.355
2025-12-07 10:00:00+05:30,39.60333333333333,203.47,109.3
2025-12-07 11:00:00+05:30,40.707499999999996,182.1975,98.4025
2025-12-07 12:00:00+05:30,37.4675,168.66,91.475
2025-12-07 13:00:00+05:30,31.4625,147.2025,80.485
2025-12-07 14:00:00+05:30,26.4575,153.635,83.7775
2025-12-07 15:00:00+05:30,30.497500000000002,136.0575,74.785
2025-12-07 16:00:00+05:30,36.755,148.3225,81.0625
2025-12-07 17:00:00+05:30,41.2425,140.66250000000002,77.1425
2025-12-07 18:00:00+05:30,53.9725,175.5925,95.02250000000001
2025-12-07 19:00:00+05:30,55.6325,218.315,116.9025
2025-12-07 20:00:00+05:30,57.5,226.275,120.9725
2025-12-07 21:00:00+05:30,63.3775,251.905,134.095
2025-12-07 22:00:00+05:30,61.525,285.1275,151.10500000000002
2025-12-07 23:00:00+05:30,60.32333333333333,285.26,151.17
2025-12-08 00:00:00+05:30,60.45,292.44,154.85
2025-12-08 01:00:00+05:30,59.04666666666666,288.8533333333333,153.01333333333332
2025-12-08 02:00:00+05:30,54.8625,272.32000000000005,144.5525
2025-12-08 03:00:00+05:30,47.0725,259.28999999999996,137.8725
2025-12-08 04:00:00+05:30,40.3625,256.005,136.195
2025-12-08 05:00:00+05:30,39.260000000000005,246.7275,131.4425
2025-12-08 06:00:00+05:30,39.865,246.26,131.2025
2025-12-08 07:00:00+05:30,41.806666666666665,248.52666666666667,132.36666666666667
2025-12-08 08:00:00+05:30,44.2475,247.6775,131.93
2025-12-08 09:00:00+05:30,43.5175,249.56,132.8975
2025-12-08 10:00:00+05:30,39.405,246.66250000000002,131.41
2025-12-08 11:00:00+05:30,40.46666666666667,233.38,124.60666666666667
2025-12-08 12:00:00+05:30,41.35,225.37333333333333,120.50999999999999
2025-12-08 13:00:00+05:30,34.42333333333334,209.50333333333333,112.39
2025-12-08 14:00:00+05:30,34.803333333333335,200.31333333333336,107.67999999999999
2025-12-08 15:00:00+05:30,23.463333333333335,195.73333333333335,105.33333333333333
2025-12-08 16:00:00+05:30,42.25,197.53,106.26
2025-12-08 17:00:00+05:30,80.26333333333334,200.20333333333335,107.62666666666667
2025-12-08 18:00:00+05:30,107.335,210.605,112.95
2025-12-08 19:00:00+05:30,95.215,244.9,130.51
2025-12-08 20:00:00+05:30,101.14,275.3,146.07333333333335
2025-12-08 21:00:00+05:30,79.1,354.05,186.39
2025-12-08 22:00:00+05:30,69.65,453.72,237.425
2025-12-08 23:00:00+05:30,63.3,407.87,213.95
2025-12-09 00:00:00+05:30,61.76,340.2,179.3
2025-12-09 01:00:00+05:30,62.6925,321.9925,169.98
2025-12-09 02:00:00+05:30,67.96333333333332,297.31333333333333,157.34333333333333
2025-12-09 03:00:00+05:30,63.22,284.395,150.7275
2025-12-09 04:00:00+05:30,55.099999999999994,286.165,151.6725
2025-12-09 05:00:00+05:30,46.6525,268.1425,142.405
2025-12-09 06:00:00+05:30,42.15,278.96750000000003,147.95
2025-12-09 07:00:00+05:30,43.2625,290.8025,154.0075
2025-12-09 08:00:00+05:30,45.623333333333335,307.78,162.70333333333335
2025-12-09 09:00:00+05:30,49.69,344.2,181.35
2025-12-09 10:00:00+05:30,47.355000000000004,348.2025,183.3975
2025-12-09 11:00:00+05:30,43.583333333333336,320.0725,169.0
2025-12-09 12:00:00+05:30,41.97666666666667,267.92,142.29666666666665
2025-12-09 13:00:00+05:30,46.846666666666664,232.79666666666665,124.31666666666666
2025-12-09 14:00:00+05:30,46.053333333333335,225.45333333333335,120.55333333333334
2025-12-09 15:00:00+05:30,47.805,200.44,107.75
2025-12-09 16:00:00+05:30,57.52,183.29,98.97
2025-12-09 17:00:00+05:30,68.41000000000001,194.08,104.49
2025-12-09 18:00:00+05:30,84.85666666666667,233.33333333333334,124.58333333333333
2025-12-09 19:00:00+05:30,95.4975,301.475,159.475
2025-12-09 20:00:00+05:30,116.83999999999999,330.00666666666666,174.08
2025-12-09 21:00:00+05:30,146.95666666666668,377.37999999999994,198.34
2025-12-09 22:00:00+05:30,153.3675,375.10749999999996,197.17749999999998
2025-12-09 23:00:00+05:30,145.92333333333332,349.37999999999994,184.0
2025-12-10 00:00:00+05:30,139.14,382.14,200.77
2025-12-10 01:00:00+05:30,131.88666666666666,390.0733333333333,204.84
2025-12-10 02:00:00+05:30,115.0575,367.0725,193.055
2025-12-10 03:00:00+05:30,98.0,327.155,172.625
2025-12-10 04:00:00+05:30,90.015,300.06,158.7475
2025-12-10 05:00:00+05:30,80.6175,289.45500000000004,153.3225
2025-12-10 06:00:00+05:30,71.57000000000001,282.3275,149.67000000000002
2025-12-10 07:00:00+05:30,62.37,271.95,144.35500000000002
2025-12-10 08:00:00+05:30,58.505,269.375,143.04
2025-12-10 09:00:00+05:30,57.85,284.17,150.61666666666667
2025-12-10 10:00:00+05:30,58.525,283.3225,150.185
2025-12-10 11:00:00+05:30,52.16,274.09000000000003,145.45499999999998
2025-12-10 12:00:00+05:30,41.61,248.125,132.16500000000002
2025-12-10 13:00:00+05:30,39.405,224.0275,119.8175
2025-12-10 14:00:00+05:30,45.07,221.01749999999998,118.285
2025-12-10 15:00:00+05:30,49.6225,217.275,116.36500000000001
2025-12-10 16:00:00+05:30,50.81,216.19999999999996,115.81
2025-12-10 17:00:00+05:30,100.675,230.0525,122.905
2025-12-10 18:00:00+05:30,142.5525,278.835,147.8875
2025-12-10 19:00:00+05:30,164.55,338.4475,178.4075
2025-12-10 20:00:00+05:30,150.4725,364.535,191.76500000000001
2025-12-10 21:00:00+05:30,140.01749999999998,378.34000000000003,198.8325
2025-12-10 22:00:00+05:30,144.9725,383.445,201.445
2025-12-10 23:00:00+05:30,152.60666666666668,372.60999999999996,195.89
2025-12-11 00:00:00+05:30,160.35,360.16,189.52
2025-12-11 01:00:00+05:30,146.495,357.54,188.18
2025-12-11 02:00:00+05:30,127.10666666666668,362.7633333333333,190.85333333333332
2025-12-11 03:00:00+05:30,102.7675,342.2425,180.35
2025-12-11 04:00:00+05:30,88.4075,317.2925,167.57
2025-12-11 05:00:00+05:30,79.215,312.3075,165.0225
2025-12-11 06:00:00+05:30,74.1625,306.6225,162.11
2025-12-11 07:00:00+05:30,84.42333333333333,290.48,153.85
2025-12-11 09:00:00+05:30,58.03,286.28,151.7
2025-12-11 10:00:00+05:30,57.64666666666667,284.41,150.73666666666665
2025-12-11 11:00:00+05:30,56.93,284.91,151.0
2025-12-11 12:00:00+05:30,52.39333333333334,258.84,137.64333333333332
2025-12-11 13:00:00+05:30,46.55,243.13,129.6
2025-12-11 14:00:00+05:30,41.61,217.09500000000003,116.27
2025-12-11 15:00:00+05:30,40.67,193.3125,104.1
2025-12-11 16:00:00+05:30,45.1325,190.0175,102.405
2025-12-11 17:00:00+05:30,55.805,194.48,104.69
2025-12-11 18:00:00+05:30,91.60666666666667,261.03,138.77
2025-12-11 19:00:00+05:30,128.39,316.5966666666667,167.21666666666667
2025-12-11 20:00:00+05:30,138.64499999999998,323.73,170.87
2025-12-11 21:00:00+05:30,138.0475,352.515,185.60750000000002
2025-12-11 22:00:00+05:30,141.14,385.5025,202.4975
2025-12-11 23:00:00+05:30,128.96,396.09,207.92
2025-12-12 00:00:00+05:30,125.61,435.11,227.9
2025-12-12 01:00:00+05:30,125.44250000000001,440.385,230.595
2025-12-12 02:00:00+05:30,120.89500000000001,429.3775,224.9625
2025-12-12 03:00:00+05:30,113.65666666666668,414.8999999999999,217.54666666666665
2025-12-12 04:00:00+05:30,107.0975,393.435,206.5625
2025-12-12 05:00:00+05:30,96.64750000000001,382.97499999999997,201.2025
2025-12-12 06:00:00+05:30,92.6375,356.5725,187.685
2025-12-12 07:00:00+05:30,91.1925,345.01750000000004,181.77
2025-12-12 08:00:00+05:30,88.10000000000001,332.7975,175.515
2025-12-12 09:00:00+05:30,79.49000000000001,299.39,158.41
2025-12-12 10:00:00+05:30,45.8775,270.88,143.81
2025-12-12 11:00:00+05:30,24.5425,67.72,39.792500000000004
2025-12-12 12:00:00+05:30,22.2625,142.5425,78.10249999999999
2025-12-12 13:00:00+05:30,21.6625,171.61249999999998,92.9825
2025-12-12 14:00:00+05:30,20.39,168.835,91.565
2025-12-12 15:00:00+05:30,19.945,152.82,83.36
2025-12-12 16:00:00+05:30,22.2,147.08,80.42
2025-12-12 17:00:00+05:30,28.98,154.45,84.2
2025-12-12 18:00:00+05:30,199.39749999999998,180.2225,97.3925
2025-12-12 19:00:00+05:30,258.2866666666667,226.40666666666667,121.04
2025-12-12 20:00:00+05:30,255.2525,368.9725,194.0375
2025-12-12 21:00:00+05:30,232.8525,375.5875,197.42
2025-12-12 22:00:00+05:30,180.23250000000002,311.8275,164.775
2025-12-12 23:00:00+05:30,149.45000000000002,348.26,183.42666666666665
2025-12-13 00:00:00+05:30,115.93,370.04,194.58
2025-12-13 01:00:00+05:30,105.5375,329.71500000000003,173.9325
2025-12-13 02:00:00+05:30,92.32,287.9925,152.57
2025-12-13 03:00:00+05:30,81.49,262.5466666666667,139.54
2025-12-13 04:00:00+05:30,71.2125,248.6075,132.4125
2025-12-13 05:00:00+05:30,62.472500000000004,233.22500000000002,124.5325
2025-12-13 06:00:00+05:30,55.332499999999996,269.825,143.27
2025-12-13 07:00:00+05:30,52.7275,296.28499999999997,156.8175
2025-12-13 08:00:00+05:30,49.63666666666666,293.8333333333333,155.5633333333333
2025-12-13 09:00:00+05:30,44.3475,276.07500000000005,146.47
2025-12-13 10:00:00+05:30,34.74,168.46,91.3725
2025-12-13 11:00:00+05:30,27.16,99.24333333333334,55.93666666666667
2025-12-13 12:00:00+05:30,26.2925,95.12,53.8175
2025-12-13 13:00:00+05:30,30.2525,92.65,52.557500000000005
2025-12-13 14:00:00+05:30,33.87,91.8,52.1175
2025-12-13 15:00:00+05:30,37.37,95.89333333333333,54.22
2025-12-13 16:00:00+05:30,38.413333333333334,93.77333333333333,53.133333333333326
2025-12-13 17:00:00+05:30,53.65,163.01,88.58
2025-12-13 18:00:00+05:30,79.15666666666667,213.22,114.29
2025-12-13 19:00:00+05:30,89.545,231.16000000000003,123.475
2025-12-13 20:00:00+05:30,106.0575,263.39,139.98
2025-12-13 21:00:00+05:30,125.92750000000001,303.0325,160.27
2025-12-13 22:00:00+05:30,135.5666666666667,321.83,169.89666666666668
2025-12-13 23:00:00+05:30,138.485,319.83,168.875
2025-12-14 00:00:00+05:30,126.4,326.75,172.41
2025-12-14 01:00:00+05:30,115.275,293.765,155.525
2025-12-14 02:00:00+05:30,102.3925,249.4,132.815
2025-12-14 03:00:00+05:30,94.5425,230.82,123.3
2025-12-14 04:00:00+05:30,83.95,206.51500000000001,110.855
2025-12-14 05:00:00+05:30,68.2225,176.51,95.4925
2025-12-14 06:00:00+05:30,57.4525,155.6775,84.8275
2025-12-14 07:00:00+05:30,49.47666666666667,156.72333333333333,85.36333333333333
2025-12-14 08:00:00+05:30,42.57,154.8,84.3775
2025-12-14 09:00:00+05:30,41.7625,141.865,77.755
2025-12-14 10:00:00+05:30,41.120000000000005,122.46,67.82
2025-12-14 11:00:00+05:30,37.1625,115.30250000000001,64.1525
2025-12-14 12:00:00+05:30,30.134999999999998,86.92750000000001,49.622499999999995
2025-12-14 13:00:00+05:30,25.179999999999996,62.633333333333326,37.190000000000005
2025-12-14 14:00:00+05:30,24.7025,49.965,30.705
2025-12-14 15:00:00+05:30,32.537499999999994,55.875,33.730000000000004
2025-12-14 16:00:00+05:30,40.8675,65.77,38.792500000000004
2025-12-14 17:00:00+05:30,54.565,84.45,48.36
2025-12-14 18:00:00+05:30,79.87,105.98,59.38
2025-12-14 19:00:00+05:30,92.07333333333334,143.26,78.47
2025-12-14 20:00:00+05:30,105.7825,210.0975,112.685
2025-12-14 21:00:00+05:30,106.69,225.39,120.52000000000001
2025-12-14 22:00:00+05:30,110.08999999999999,235.25666666666666,125.57333333333334
2025-12-14 23:00:00+05:30,113.16499999999999,238.7,127.34
2025-12-15 00:00:00+05:30,92.57,215.7,115.56
2025-12-15 01:00:00+05:30,81.7075,197.16,106.065
2025-12-15 02:00:00+05:30,66.29,172.35500000000002,93.36749999999999
2025-12-15 03:00:00+05:30,57.79,151.6275,82.75
2025-12-15 04:00:00+05:30,58.22,150.1575,81.9975
2025-12-15 05:00:00+05:30,59.36000000000001,159.81000000000003,86.94333333333333
2025-12-15 06:00:00+05:30,56.725,150.0425,81.94749999999999
2025-12-15 07:00:00+05:30,49.276666666666664,155.88,84.93
2025-12-15 08:00:00+05:30,43.6,154.03666666666666,83.98666666666666
2025-12-15 09:00:00+05:30,37.25666666666667,149.25666666666666,81.53666666666668
2025-12-15 10:00:00+05:30,33.89,138.53666666666666,76.04666666666667
2025-12-15 11:00:00+05:30,26.7025,115.8775,64.4475
2025-12-15 12:00:00+05:30,18.0175,82.605,47.4125
2025-12-15 13:00:00+05:30,112.31666666666668,20.41,15.57
2025-12-15 14:00:00+05:30,44.01,59.13333333333333,35.39666666666667
2025-12-15 15:00:00+05:30,19.783333333333335,62.25666666666666,36.99333333333333
2025-12-15 16:00:00+05:30,21.6125,66.725,39.28
2025-12-15 17:00:00+05:30,42.17666666666667,78.72666666666667,45.423333333333325
2025-12-15 18:00:00+05:30,138.985,96.3625,54.457499999999996
2025-12-15 19:00:00+05:30,144.1275,159.4425,86.755
2025-12-15 20:00:00+05:30,132.51,250.79999999999998,133.5275
2025-12-15 21:00:00+05:30,129.7225,225.2075,120.425
2025-12-15 22:00:00+05:30,127.79666666666667,293.7,155.49333333333334
2025-12-15 23:00:00+05:30,114.61500000000001,295.84,156.59
2025-12-16 00:00:00+05:30,99.88,221.41,118.48
2025-12-16 01:00:00+05:30,93.1225,219.6975,117.595
2025-12-16 02:00:00+05:30,79.50999999999999,207.99666666666667,111.61333333333334
2025-12-16 03:00:00+05:30,68.015,187.14,100.935
2025-12-16 04:00:00+05:30,57.2875,153.10750000000002,83.5125
2025-12-16 05:00:00+05:30,49.85,122.22,67.7
2025-12-16 06:00:00+05:30,45.215,121.60499999999999,67.38499999999999
2025-12-16 07:00:00+05:30,44.32,141.1075,77.365
2025-12-16 08:00:00+05:30,40.080000000000005,158.85,86.45333333333333
2025-12-16 09:00:00+05:30,34.015,159.2225,86.6425
2025-12-16 10:00:00+05:30,28.425,159.1975,86.6275
2025-12-16 11:00:00+05:30,24.0075,156.3875,85.19
2025-12-16 12:00:00+05:30,22.3475,132.2875,72.85249999999999
2025-12-16 13:00:00+05:30,24.555,126.11,69.69
2025-12-16 14:00:00+05:30,26.016666666666666,122.39666666666666,67.79
2025-12-16 15:00:00+05:30,21.2825,113.04,62.99333333333334
2025-12-16 16:00:00+05:30,22.15,111.065,61.9875
2025-12-16 17:00:00+05:30,29.17,130.525,71.9525
2025-12-16 18:00:00+05:30,45.79,164.6825,89.44
2025-12-16 19:00:00+05:30,55.1,209.21,112.23333333333333
2025-12-16 20:00:00+05:30,64.05,227.4333333333333,121.56333333333333
2025-12-16 21:00:00+05:30,87.3025,252.09,134.1925
2025-12-16 22:00:00+05:30,103.17500000000001,285.705,151.405
2025-12-16 23:00:00+05:30,124.15,312.23,164.98
2025-12-17 00:00:00+05:30,112.53,317.4,167.63
2025-12-17 01:00:00+05:30,104.43,322.1225,170.04749999999999
2025-12-17 02:00:00+05:30,97.3125,330.53000000000003,174.35
2025-12-17 03:00:00+05:30,91.23,303.15333333333336,160.33333333333334
2025-12-17 04:00:00+05:30,78.5575,265.9975,141.31
2025-12-17 05:00:00+05:30,65.1125,230.4775,123.1225
2025-12-17 06:00:00+05:30,52.542500000000004,192.8475,103.86
2025-12-17 07:00:00+05:30,46.1775,170.7025,92.52000000000001
2025-12-17 08:00:00+05:30,43.3275,175.8175,95.14
2025-12-17 09:00:00+05:30,40.067499999999995,176.495,95.49000000000001
2025-12-17 10:00:00+05:30,36.43333333333333,178.15,96.33333333333333
2025-12-17 11:00:00+05:30,27.5475,178.8,96.6675
2025-12-17 12:00:00+05:30,19.0675,166.04,90.135
2025-12-17 13:00:00+05:30,17.55,145.84,79.79
2025-12-17 14:00:00+05:30,22.826666666666668,129.31666666666666,71.33333333333333
2025-12-17 15:00:00+05:30,27.08666666666667,122.83333333333333,68.01333333333334
2025-12-17 16:00:00+05:30,29.8925,123.34,68.27
2025-12-17 17:00:00+05:30,34.556666666666665,136.35999999999999,74.93666666666667
2025-12-17 18:00:00+05:30,37.042500000000004,146.66500000000002,80.2125
2025-12-17 19:00:00+05:30,43.54333333333333,184.42,99.54666666666667
2025-12-17 20:00:00+05:30,49.5075,218.615,117.05499999999999
2025-12-17 21:00:00+05:30,56.335,243.685,129.8875
2025-12-17 22:00:00+05:30,60.207499999999996,248.8725,132.5425
2025-12-17 23:00:00+05:30,59.26333333333333,244.95333333333335,130.54
2025-12-18 01:00:00+05:30,38.55,173.79,94.1
2025-12-18 02:00:00+05:30,34.695,176.115,95.28999999999999
2025-12-18 03:00:00+05:30,33.10333333333333,179.64,97.09666666666665
2025-12-18 04:00:00+05:30,32.53,176.83249999999998,95.66
2025-12-18 05:00:00+05:30,32.025,187.5075,101.125
2025-12-18 06:00:00+05:30,28.9475,194.04250000000002,104.47
2025-12-18 07:00:00+05:30,26.083333333333332,201.70333333333335,108.39333333333333
2025-12-18 08:00:00+05:30,24.3525,211.265,113.2925
2025-12-18 09:00:00+05:30,26.105,212.8775,114.1175
2025-12-18 10:00:00+05:30,29.2,214.1833333333333,114.78333333333335
2025-12-18 11:00:00+05:30,32.0925,205.0675,110.11500000000001
2025-12-18 12:00:00+05:30,20.855,184.3625,99.515
2025-12-18 13:00:00+05:30,16.545,145.9325,79.8375
2025-12-18 14:00:00+05:30,14.5625,116.9525,65.0
2025-12-18 15:00:00+05:30,20.275,97.3,54.9375
2025-12-18 16:00:00+05:30,28.645,91.65,52.045
2025-12-18 17:00:00+05:30,33.6125,99.995,56.3225
2025-12-18 18:00:00+05:30,36.84,111.4425,62.1775
2025-12-18 19:00:00+05:30,39.535,133.16750000000002,73.30250000000001
2025-12-18 20:00:00+05:30,45.41,164.145,89.1625
2025-12-18 21:00:00+05:30,52.29,203.155,109.13250000000001
2025-12-18 22:00:00+05:30,55.6475,228.70499999999998,122.2175
2025-12-18 23:00:00+05:30,58.29,233.54,124.69
2025-12-19 01:00:00+05:30,54.35,214.81,115.1
2025-12-19 02:00:00+05:30,49.1425,208.6625,111.955
2025-12-19 03:00:00+05:30,42.6475,185.9325,100.32000000000001
2025-12-19 04:00:00+05:30,41.2775,168.605,91.44500000000001
2025-12-19 05:00:00+05:30,43.8675,162.305,88.2175
2025-12-19 06:00:00+05:30,44.7425,160.60250000000002,87.3475
2025-12-19 07:00:00+05:30,44.026666666666664,172.24666666666667,93.30666666666666
2025-12-19 08:00:00+05:30,35.166666666666664,180.52999999999997,97.55333333333333
2025-12-19 09:00:00+05:30,29.2075,173.1,93.7275
2025-12-19 10:00:00+05:30,25.5375,162.27,88.2025
2025-12-19 11:00:00+05:30,26.2825,153.6975,83.81
2025-12-19 12:00:00+05:30,23.994999999999997,135.69,74.5925
2025-12-19 13:00:00+05:30,27.05,128.49,70.91
2025-12-19 14:00:00+05:30,23.0225,111.2675,62.09
2025-12-19 15:00:00+05:30,20.305,107.35,60.08
2025-12-19 16:00:00+05:30,20.2425,101.795,57.2375
2025-12-19 17:00:00+05:30,23.87,105.8225,59.2975
2025-12-19 18:00:00+05:30,33.32,119.57249999999999,66.34
2025-12-19 19:00:00+05:30,37.745,131.7875,72.595
2025-12-19 20:00:00+05:30,42.269999999999996,156.16500000000002,85.075
2025-12-19 21:00:00+05:30,37.870000000000005,181.0125,97.7975
2025-12-19 22:00:00+05:30,29.1575,195.2025,105.0625
2025-12-19 23:00:00+05:30,25.203333333333333,195.93666666666664,105.44333333333334
2025-12-20 00:00:00+05:30,27.8,192.15,103.5
2025-12-20 01:00:00+05:30,28.715,192.77,103.8175
2025-12-20 02:00:00+05:30,30.0075,193.4525,104.165
2025-12-20 03:00:00+05:30,27.9625,189.715,102.2525
2025-12-20 04:00:00+05:30,25.0325,186.20499999999998,100.4575
2025-12-20 05:00:00+05:30,22.96,182.76,98.69
2025-12-20 06:00:00+05:30,22.179999999999996,187.26999999999998,101.00333333333333
2025-12-20 07:00:00+05:30,24.4875,187.14499999999998,100.94
2025-12-20 08:00:00+05:30,26.23,187.175,100.955
2025-12-20 09:00:00+05:30,26.310000000000002,194.865,104.89
2025-12-20 10:00:00+05:30,23.7825,201.72,108.39750000000001
2025-12-20 11:00:00+05:30,21.790000000000003,206.49,110.84333333333332
2025-12-20 12:00:00+05:30,20.9825,204.1,109.6175
2025-12-20 13:00:00+05:30,23.2625,209.1975,112.2275
2025-12-20 14:00:00+05:30,25.2675,210.6275,112.9625
2025-12-20 15:00:00+05:30,26.165,217.73,116.6
2025-12-20 16:00:00+05:30,23.30333333333333,220.37,117.94666666666666
2025-12-20 17:00:00+05:30,20.59,215.5275,115.4675
2025-12-20 18:00:00+05:30,19.19333333333333,216.6833333333333,116.06333333333333
2025-12-20 19:00:00+05:30,22.16,219.37666666666667,117.44333333333334
2025-12-20 20:00:00+05:30,27.650000000000002,227.5,121.60000000000001
2025-12-20 21:00:00+05:30,31.4375,252.4975,134.3975
2025-12-20 22:00:00+05:30,30.366666666666664,270.79333333333335,143.76333333333332
2025-12-20 23:00:00+05:30,28.305,271.48,144.12
2025-12-21 00:00:00+05:30,23.51,246.88,131.52
2025-12-21 01:00:00+05:30,23.765,247.02249999999998,131.595
2025-12-21 02:00:00+05:30,26.0625,244.98749999999998,130.555
2025-12-21 03:00:00+05:30,28.215,233.615,124.7575
2025-12-21 04:00:00+05:30,27.1875,220.41750000000002,117.97749999999999
2025-12-21 05:00:00+05:30,23.826666666666668,218.88,117.19
2025-12-21 06:00:00+05:30,21.603333333333335,219.24666666666667,117.37333333333333
2025-12-21 07:00:00+05:30,21.97,220.6866666666667,118.10666666666667
2025-12-21 08:00:00+05:30,22.07,219.175,117.33500000000001
2025-12-21 09:00:00+05:30,22.775,221.03,118.2875
2025-12-21 10:00:00+05:30,24.1925,226.945,121.315
2025-12-21 11:00:00+05:30,22.7,227.6625,121.685
2025-12-21 12:00:00+05:30,20.0825,233.1275,124.4825
2025-12-21 13:00:00+05:30,18.083333333333332,229.26333333333332,122.5
2025-12-21 14:00:00+05:30,18.59,224.6,120.11500000000001
2025-12-21 15:00:00+05:30,23.7425,219.2375,117.37
2025-12-21 16:00:00+05:30,27.067500000000003,216.60000000000002,116.02000000000001
2025-12-21 17:00:00+05:30,28.09,219.7925,117.6575
2025-12-21 18:00:00+05:30,25.5175,243.0725,129.575
2025-12-21 19:00:00+05:30,23.2725,245.54500000000002,130.83499999999998
2025-12-21 20:00:00+05:30,21.9725,247.64,131.91
2025-12-21 21:00:00+05:30,24.39,245.92666666666665,131.03333333333333
2025-12-21 22:00:00+05:30,27.627499999999998,238.9675,127.4725
2025-12-21 23:00:00+05:30,29.363333333333333,236.28666666666666,126.09666666666668
2025-12-22 00:00:00+05:30,26.06,188.86,101.81
2025-12-22 01:00:00+05:30,23.7575,184.285,99.47
2025-12-22 02:00:00+05:30,20.9525,165.46,89.83500000000001
2025-12-22 03:00:00+05:30,20.32,146.81666666666666,80.29
2025-12-22 04:00:00+05:30,21.575,139.5775,76.58
2025-12-22 05:00:00+05:30,22.933333333333334,129.20666666666668,71.27333333333333
2025-12-22 06:00:00+05:30,21.43,134.63,74.05
2025-12-22 07:00:00+05:30,21.5225,140.6525,77.13499999999999
2025-12-22 08:00:00+05:30,24.994999999999997,156.40249999999997,85.2
2025-12-22 09:00:00+05:30,20.655,156.1575,85.07
2025-12-22 10:00:00+05:30,22.4575,165.81,90.0125
2025-12-22 11:00:00+05:30,25.883333333333336,176.83,95.65666666666668
2025-12-22 12:00:00+05:30,28.22,186.45250000000001,100.5875
2025-12-22 13:00:00+05:30,25.817500000000003,186.1,100.4025
2025-12-22 14:00:00+05:30,21.68,185.76333333333332,100.23
2025-12-22 15:00:00+05:30,19.0325,182.66500000000002,98.6425
2025-12-22 16:00:00+05:30,20.814999999999998,176.04,95.25
2025-12-22 17:00:00+05:30,26.6425,169.2575,91.7775
2025-12-22 18:00:00+05:30,38.7925,178.59,96.5525
2025-12-22 19:00:00+05:30,54.4575,209.06,112.155
2025-12-22 20:00:00+05:30,62.535,239.195,127.5925
2025-12-22 21:00:00+05:30,67.30250000000001,267.59499999999997,142.1325
2025-12-22 22:00:00+05:30,86.29,301.31666666666666,159.39666666666668
2025-12-22 23:00:00+05:30,99.33,326.77,172.43
2025-12-23 00:00:00+05:30,116.53,315.2,166.5
2025-12-23 01:00:00+05:30,114.2675,311.7875,164.755
2025-12-23 02:00:00+05:30,95.9575,290.2975,153.75
2025-12-23 03:00:00+05:30,75.2175,246.4175,131.34
2025-12-23 04:00:00+05:30,59.86,210.3775,112.83
2025-12-23 05:00:00+05:30,51.843333333333334,191.50666666666666,103.17333333333333
2025-12-23 06:00:00+05:30,46.697500000000005,191.4775,103.1575
2025-12-23 07:00:00+05:30,42.050000000000004,189.5175,102.1525
2025-12-23 08:00:00+05:30,37.84,185.20749999999998,99.945
2025-12-23 09:00:00+05:30,31.494999999999997,184.445,99.5575
2025-12-23 10:00:00+05:30,26.965,190.5125,102.65
2025-12-23 11:00:00+05:30,21.247500000000002,193.39000000000001,104.13749999999999
2025-12-23 12:00:00+05:30,17.9025,172.34,93.355
2025-12-23 13:00:00+05:30,18.6675,140.0925,76.8475
2025-12-23 14:00:00+05:30,20.03,122.62333333333333,67.90333333333332
2025-12-23 15:00:00+05:30,18.12,115.93333333333334,64.47666666666667
2025-12-23 16:00:00+05:30,16.74,114.7,63.843333333333334
2025-12-23 17:00:00+05:30,23.856666666666666,124.71333333333332,68.97333333333334
2025-12-23 18:00:00+05:30,53.102500000000006,155.32750000000001,84.65
2025-12-23 19:00:00+05:30,80.3,206.20250000000001,110.69749999999999
2025-12-23 20:00:00+05:30,96.68,238.8825,127.42999999999999
2025-12-23 21:00:00+05:30,94.635,261.545,139.03
2025-12-23 22:00:00+05:30,102.7175,290.1875,153.6925
2025-12-23 23:00:00+05:30,116.51333333333332,333.83,176.03666666666666
2025-12-24 00:00:00+05:30,124.98,346.9,182.73
2025-12-24 01:00:00+05:30,119.39666666666666,337.9433333333333,178.14666666666665
2025-12-24 02:00:00+05:30,105.0675,306.74,162.17249999999999
2025-12-24 03:00:00+05:30,88.5475,255.9275,136.1575
2025-12-24 04:00:00+05:30,69.1425,213.7075,114.54
2025-12-24 05:00:00+05:30,54.095,200.72750000000002,107.895
2025-12-24 06:00:00+05:30,44.61,191.105,102.9675
2025-12-24 07:00:00+05:30,42.97666666666667,186.79666666666665,100.75999999999999
2025-12-24 08:00:00+05:30,41.6225,205.2725,110.2175
2025-12-24 09:00:00+05:30,40.6825,222.565,119.07
2025-12-24 10:00:00+05:30,35.035000000000004,224.6475,120.14750000000001
2025-12-24 12:00:00+05:30,18.146666666666665,219.71666666666667,117.61333333333334
2025-12-24 14:00:00+05:30,26.020000000000003,200.35,107.7
2025-12-24 15:00:00+05:30,28.7425,199.815,107.4225
2025-12-24 16:00:00+05:30,30.3275,201.6375,108.3575
2025-12-24 17:00:00+05:30,27.51,210.29333333333332,112.79333333333334
2025-12-24 18:00:00+05:30,24.262500000000003,213.115,114.2325
2025-12-24 19:00:00+05:30,26.975,212.765,114.055
2025-12-24 20:00:00+05:30,53.33,226.03500000000003,120.85
2025-12-24 21:00:00+05:30,95.95,249.9125,133.075
2025-12-24 22:00:00+05:30,103.52250000000001,264.63,140.6125
2025-12-24 23:00:00+05:30,96.38,287.46666666666664,152.30666666666664
2025-12-25 00:00:00+05:30,65.56,244.41,130.26
2025-12-25 01:00:00+05:30,56.123333333333335,242.51,129.28666666666666
2025-12-25 02:00:00+05:30,46.3475,238.16750000000002,127.06
2025-12-25 03:00:00+05:30,42.32,237.135,126.5325
2025-12-25 04:00:00+05:30,39.7025,235.32,125.6075
2025-12-25 05:00:00+05:30,34.82,219.91666666666666,117.71666666666665
2025-12-25 06:00:00+05:30,29.17,205.29,110.225
2025-12-25 07:00:00+05:30,26.425,202.63,108.8675
2025-12-25 08:00:00+05:30,23.0,213.14249999999998,114.2525
2025-12-25 09:00:00+05:30,23.45,225.83999999999997,120.7525
2025-12-25 10:00:00+05:30,24.872500000000002,211.2,113.25750000000001
2025-12-25 11:00:00+05:30,25.25,203.42333333333332,109.27333333333333
2025-12-25 12:00:00+05:30,21.78,194.0925,104.49249999999999
2025-12-25 13:00:00+05:30,18.27,189.3525,102.0675
2025-12-25 14:00:00+05:30,15.6825,179.52,97.0375
2025-12-25 15:00:00+05:30,18.515,171.385,92.86749999999999
2025-12-25 16:00:00+05:30,23.915,164.69,89.44
2025-12-25 17:00:00+05:30,28.3075,158.8625,86.4575
2025-12-25 18:00:00+05:30,35.6125,178.0575,96.2825
2025-12-25 19:00:00+05:30,47.0525,208.925,112.0875
2025-12-25 20:00:00+05:30,63.3725,243.64,129.865
2025-12-25 21:00:00+05:30,77.55,286.91333333333336,152.02
2025-12-25 22:00:00+05:30,80.2875,298.905,158.1575
2025-12-25 23:00:00+05:30,75.42,304.00333333333333,160.76666666666668
2025-12-26 00:00:00+05:30,65.48,254.24,135.29
2025-12-26 01:00:00+05:30,58.7825,256.275,136.33249999999998
2025-12-26 02:00:00+05:30,48.385000000000005,260.3175,138.4025
2025-12-26 03:00:00+05:30,40.325,251.3725,133.82
2025-12-26 04:00:00+05:30,37.235,240.84,128.43
2025-12-26 05:00:00+05:30,35.2525,241.5375,128.79
2025-12-26 06:00:00+05:30,34.1975,230.155,122.9575
2025-12-26 07:00:00+05:30,31.515,229.5125,122.6325
2025-12-26 08:00:00+05:30,26.877499999999998,222.7625,119.1725
2025-12-26 09:00:00+05:30,23.330000000000002,209.54500000000002,112.4075
2025-12-26 10:00:00+05:30,21.134999999999998,200.8425,107.9525
2025-12-26 11:00:00+05:30,19.3375,147.2925,80.5325
2025-12-26 12:00:00+05:30,19.07,14.225,12.4025
2025-12-26 13:00:00+05:30,17.435,128.61,70.97
2025-12-26 14:00:00+05:30,15.255,133.72,73.585
2025-12-26 15:00:00+05:30,14.845,136.9675,75.25
2025-12-26 16:00:00+05:30,15.33,137.905,75.72500000000001
2025-12-26 17:00:00+05:30,21.09,146.64,80.20333333333333
2025-12-26 18:00:00+05:30,27.2425,189.19666666666663,101.99000000000001
2025-12-26 19:00:00+05:30,33.3525,318.88,168.38500000000002
2025-12-26 20:00:00+05:30,39.332499999999996,365.38,192.1925
2025-12-26 21:00:00+05:30,40.01333333333333,364.07,191.5233333333333
2025-12-26 22:00:00+05:30,47.6725,394.3425,207.025
2025-12-26 23:00:00+05:30,58.97,410.53,215.31000000000003
2025-12-27 00:00:00+05:30,68.96,387.08,203.3
2025-12-27 01:00:00+05:30,69.36333333333334,369.73,194.42
2025-12-27 03:00:00+05:30,62.44,362.31666666666666,190.63
2025-12-27 04:00:00+05:30,56.585,311.275,164.4975
2025-12-27 05:00:00+05:30,47.876666666666665,260.46666666666664,138.48
2025-12-27 06:00:00+05:30,43.803333333333335,281.85999999999996,149.43333333333334
2025-12-27 07:00:00+05:30,43.13,254.8375,135.5975
2025-12-27 08:00:00+05:30,39.6075,245.4675,130.8025
2025-12-27 09:00:00+05:30,34.1025,213.29,114.3225
2025-12-27 10:00:00+05:30,28.205,200.7775,107.9175
2025-12-27 11:00:00+05:30,18.5925,191.115,102.97
2025-12-27 12:00:00+05:30,19.1025,174.125,94.275
2025-12-27 13:00:00+05:30,25.8175,151.815,82.8475
2025-12-27 14:00:00+05:30,29.2725,141.3175,77.4725
2025-12-27 15:00:00+05:30,28.295,140.835,77.22999999999999
2025-12-27 16:00:00+05:30,25.0175,146.27,80.00999999999999
2025-12-27 17:00:00+05:30,24.1875,155.4875,84.7325
2025-12-27 18:00:00+05:30,33.2625,178.755,96.64
2025-12-27 19:00:00+05:30,48.442499999999995,236.81,126.3625
2025-12-27 20:00:00+05:30,57.82,249.3275,132.78
2025-12-27 21:00:00+05:30,70.0,282.92,149.97
2025-12-27 22:00:00+05:30,84.79,336.1,177.2
2025-12-27 23:00:00+05:30,83.32666666666667,336.27,177.29
2025-12-28 00:00:00+05:30,57.58,260.35,138.42
2025-12-28 01:00:00+05:30,52.196666666666665,176.3066666666667,96.01
2025-12-28 02:00:00+05:30,47.755,151.25,82.5575
2025-12-28 03:00:00+05:30,44.635,174.04,94.2275
2025-12-28 04:00:00+05:30,40.9175,179.8275,97.19500000000001
2025-12-28 05:00:00+05:30,33.37,193.5625,104.22
2025-12-28 06:00:00+05:30,28.35,178.3,96.4075
2025-12-28 07:00:00+05:30,26.16,175.305,94.875
2025-12-28 08:00:00+05:30,25.9675,188.0525,101.405
2025-12-28 09:00:00+05:30,27.725,201.5575,108.3225
2025-12-28 10:00:00+05:30,28.7925,215.2425,115.32499999999999
2025-12-28 11:00:00+05:30,25.705,192.6525,103.7575
2025-12-28 12:00:00+05:30,22.017500000000002,176.0325,95.2475
2025-12-28 13:00:00+05:30,18.78,154.2625,84.105
2025-12-28 14:00:00+05:30,20.9425,159.965,87.02250000000001
2025-12-28 15:00:00+05:30,25.3,166.25,90.24
2025-12-28 18:00:00+05:30,26.5925,168.93,91.6125
2025-12-28 19:00:00+05:30,25.775,207.68,111.45
2025-12-28 20:00:00+05:30,26.095,230.04500000000002,122.905
2025-12-28 21:00:00+05:30,29.025,233.3775,124.61250000000001
2025-12-28 22:00:00+05:30,31.106666666666666,231.98333333333335,123.88999999999999
2025-12-28 23:00:00+05:30,31.846666666666664,204.69999999999996,109.92
2025-12-29 00:00:00+05:30,26.72,182.24,98.43
2025-12-29 01:00:00+05:30,24.5875,182.2325,98.4225
2025-12-29 02:00:00+05:30,21.32,187.0525,100.8875
2025-12-29 03:00:00+05:30,20.884999999999998,172.92,93.65
2025-12-29 04:00:00+05:30,22.94333333333333,188.3166666666667,101.54
2025-12-29 05:00:00+05:30,24.33,196.18,105.56
2025-12-29 06:00:00+05:30,22.865000000000002,178.28,96.39500000000001
2025-12-29 07:00:00+05:30,20.4975,174.08249999999998,94.25
2025-12-29 08:00:00+05:30,18.185000000000002,173.7725,94.0875
2025-12-29 09:00:00+05:30,17.7475,176.0925,95.285
2025-12-29 10:00:00+05:30,20.095,184.385,99.5275
2025-12-29 11:00:00+05:30,19.9925,181.03500000000003,97.8125
2025-12-29 12:00:00+05:30,18.98,188.9725,101.8725
2025-12-29 13:00:00+05:30,16.7525,194.295,104.595
2025-12-29 14:00:00+05:30,16.6475,203.3675,109.24249999999999
2025-12-29 15:00:00+05:30,16.4025,207.6325,111.425
2025-12-29 16:00:00+05:30,20.5625,207.45999999999998,111.34
2025-12-29 17:00:00+05:30,25.5325,215.26500000000001,115.3375
2025-12-29 18:00:00+05:30,29.755,223.42,119.5075
2025-12-29 19:00:00+05:30,30.05333333333333,228.68999999999997,122.21
2025-12-29 20:00:00+05:30,25.4875,215.0,115.19749999999999
2025-12-29 21:00:00+05:30,23.1475,222.9375,119.26750000000001
2025-12-29 22:00:00+05:30,21.87,223.16500000000002,119.38250000000001
2025-12-29 23:00:00+05:30,23.876666666666665,223.84,119.73
2025-12-30 01:00:00+05:30,24.02,195.55,105.24
2025-12-30 02:00:00+05:30,22.265,187.0125,100.86749999999999
2025-12-30 03:00:00+05:30,19.7275,167.445,90.8525
2025-12-30 04:00:00+05:30,18.475,163.495,88.83
2025-12-30 05:00:00+05:30,19.5625,151.10999999999999,82.485
2025-12-30 06:00:00+05:30,22.23,147.8575,80.8225
2025-12-30 07:00:00+05:30,23.66,144.3475,79.0275
2025-12-30 08:00:00+05:30,21.47,151.51,82.69
2025-12-30 09:00:00+05:30,20.015,154.4425,84.1925
2025-12-30 10:00:00+05:30,18.58,160.77,87.43249999999999
2025-12-30 11:00:00+05:30,19.025,163.41500000000002,88.7875
2025-12-30 12:00:00+05:30,21.5,170.3725,92.35
2025-12-30 14:00:00+05:30,22.040000000000003,169.39666666666668,91.84666666666665
2025-12-30 15:00:00+05:30,18.497500000000002,162.70499999999998,88.4275
2025-12-30 16:00:00+05:30,17.502499999999998,160.035,87.0625
2025-12-30 17:00:00+05:30,20.7175,163.3325,88.75
2025-12-30 18:00:00+05:30,27.0675,179.7625,97.16
2025-12-30 19:00:00+05:30,31.5,186.39333333333335,100.55
2025-12-30 20:00:00+05:30,34.04,194.7425,104.83
2025-12-30 21:00:00+05:30,31.3975,193.02,103.95
2025-12-30 22:00:00+05:30,27.0225,188.4675,101.61
2025-12-30 23:00:00+05:30,23.453333333333333,171.88,93.12
2025-12-31 00:00:00+05:30,22.56,139.51,76.55
2025-12-31 01:00:00+05:30,23.939999999999998,124.3225,68.77000000000001
2025-12-31 02:00:00+05:30,25.482499999999998,124.36500000000001,68.7975
2025-12-31 03:00:00+05:30,25.86,106.07,59.43
2025-12-31 04:00:00+05:30,22.25,93.69,53.09
2025-12-31 05:00:00+05:30,20.2875,86.505,49.415
2025-12-31 06:00:00+05:30,19.9325,86.2725,49.292500000000004
2025-12-31 07:00:00+05:30,21.956666666666667,94.37,53.43333333333334
2025-12-31 08:00:00+05:30,24.61,98.66,55.637499999999996
2025-12-31 09:00:00+05:30,26.4625,107.375,60.1
2025-12-31 10:00:00+05:30,23.96,113.9475,63.4575
2025-12-31 11:00:00+05:30,18.643333333333334,126.1975,69.735
2025-12-31 12:00:00+05:30,16.7875,135.22500000000002,74.35249999999999
2025-12-31 13:00:00+05:30,20.75,142.89999999999998,78.285
2025-12-31 14:00:00+05:30,25.5975,164.92,89.555
2025-12-31 15:00:00+05:30,28.233333333333334,181.79666666666665,98.19666666666667
2025-12-31 16:00:00+05:30,27.285,190.4325,102.6175
2025-12-31 17:00:00+05:30,23.7075,198.2225,106.6075
2025-12-31 18:00:00+05:30,23.315,209.025,112.14
2025-12-31 19:00:00+05:30,33.67,228.8375,122.2875
2025-12-31 20:00:00+05:30,66.47666666666667,280.1666666666667,148.57
2025-12-31 21:00:00+05:30,87.82,338.89,178.635
2025-12-31 22:00:00+05:30,105.775,397.27750000000003,208.5225
2025-12-31 23:00:00+05:30,114.00333333333333,427.17,223.83
2026-01-01 00:00:00+05:30,98.99,391.22,205.43
2026-01-01 01:00:00+05:30,97.6475,388.5575,204.0625
2026-01-01 02:00:00+05:30,93.62,385.7075,202.6
2026-01-01 03:00:00+05:30,92.995,388.03000000000003,203.79250000000002
2026-01-01 04:00:00+05:30,91.105,401.245,210.555
2026-01-01 05:00:00+05:30,82.4725,384.01750000000004,201.7325
2026-01-01 06:00:00+05:30,72.565,349.30499999999995,183.965
2026-01-01 07:00:00+05:30,64.32,313.94,165.85666666666668
2026-01-01 08:00:00+05:30,51.91,288.84749999999997,153.0075
2026-01-01 09:00:00+05:30,45.836666666666666,247.58,131.88000000000002
2026-01-01 10:00:00+05:30,42.52,222.845,119.22
2026-01-01 11:00:00+05:30,40.4125,224.935,120.29
2026-01-01 12:00:00+05:30,31.9425,218.635,117.0575
2026-01-01 13:00:00+05:30,25.0975,202.815,108.96000000000001
2026-01-01 14:00:00+05:30,21.673333333333332,178.42333333333332,96.47666666666667
2026-01-01 15:00:00+05:30,28.7975,167.1975,90.7225
2026-01-01 16:00:00+05:30,38.385000000000005,166.0525,90.13499999999999
2026-01-01 17:00:00+05:30,54.3375,188.6625,101.715
2026-01-01 18:00:00+05:30,75.7425,221.795,118.6725
2026-01-01 19:00:00+05:30,95.41000000000001,268.59999999999997,142.64666666666668
2026-01-01 20:00:00+05:30,110.775,308.88750000000005,163.26999999999998
2026-01-01 21:00:00+05:30,121.2025,461.36,241.3375
2026-01-01 22:00:00+05:30,124.4675,403.88,211.9025
2026-01-01 23:00:00+05:30,119.16000000000001,536.69,279.91
2026-01-02 00:00:00+05:30,97.34,296.05,156.7
2026-01-02 01:00:00+05:30,83.435,282.345,149.68
2026-01-02 02:00:00+05:30,65.14750000000001,256.03,136.205
2026-01-02 03:00:00+05:30,52.63333333333333,219.19333333333336,117.34333333333332
2026-01-02 04:00:00+05:30,48.162499999999994,208.795,112.0225
2026-01-02 05:00:00+05:30,47.957499999999996,238.87,127.42249999999999
2026-01-02 06:00:00+05:30,51.3825,223.8375,119.7225
2026-01-02 07:00:00+05:30,53.349999999999994,260.45000000000005,138.4675
2026-01-02 08:00:00+05:30,48.3675,263.22499999999997,139.89000000000001
2026-01-02 09:00:00+05:30,42.504999999999995,235.0375,125.4575
2026-01-02 10:00:00+05:30,37.5175,227.3925,121.55000000000001
2026-01-02 11:00:00+05:30,39.403333333333336,149.32333333333335,81.57
2026-01-02 12:00:00+05:30,41.16,142.6225,78.1425
2026-01-02 13:00:00+05:30,38.48,137.51,75.53
2026-01-02 16:00:00+05:30,27.759999999999998,134.9875,74.2375
2026-01-02 17:00:00+05:30,40.489999999999995,158.73,86.39
2026-01-02 18:00:00+05:30,65.41499999999999,209.17249999999999,112.2175
2026-01-02 19:00:00+05:30,86.705,274.015,145.4175
2026-01-02 20:00:00+05:30,95.4425,303.88,160.70499999999998
2026-01-02 21:00:00+05:30,85.54333333333334,300.51,158.98
2026-01-02 22:00:00+05:30,77.3775,285.5525,151.32
2026-01-02 23:00:00+05:30,71.73,275.25,146.05
2026-01-03 01:00:00+05:30,67.69,217.55,116.51
2026-01-03 02:00:00+05:30,62.2025,214.31,114.8475
2026-01-03 03:00:00+05:30,54.45,219.9175,117.72
2026-01-03 04:00:00+05:30,49.5975,218.9425,117.22
2026-01-03 05:00:00+05:30,47.41,220.96,118.25
2026-01-03 06:00:00+05:30,51.276666666666664,235.02999999999997,125.45666666666666
2026-01-03 07:00:00+05:30,53.957499999999996,245.035,130.57750000000001
2026-01-03 08:00:00+05:30,51.435,264.805,140.7
2026-01-03 09:00:00+05:30,43.1625,237.2475,126.595
2026-01-03 10:00:00+05:30,34.985,217.275,116.36
2026-01-03 11:00:00+05:30,28.74,210.4375,112.86
2026-01-03 12:00:00+05:30,29.585,198.1575,106.5775
2026-01-03 13:00:00+05:30,33.019999999999996,185.53,100.1125
2026-01-03 14:00:00+05:30,33.5725,164.53,89.3575
2026-01-03 15:00:00+05:30,30.9875,133.265,73.35
2026-01-03 16:00:00+05:30,27.94,141.01,77.315
2026-01-03 17:00:00+05:30,27.205,142.4975,78.08
2026-01-03 18:00:00+05:30,43.4825,162.0525,88.09
2026-01-03 19:00:00+05:30,62.057500000000005,202.67249999999999,108.885
2026-01-03 20:00:00+05:30,74.9725,252.595,134.45
2026-01-03 21:00:00+05:30,86.68,292.60749999999996,154.9325
2026-01-03 22:00:00+05:30,97.0875,301.9275,159.71
2026-01-03 23:00:00+05:30,102.09666666666668,307.43,162.53
2026-01-04 00:00:00+05:30,93.25,286.16,151.63
2026-01-04 01:00:00+05:30,90.1525,277.96999999999997,147.4375
2026-01-04 02:00:00+05:30,86.535,271.4625,144.10999999999999
2026-01-04 03:00:00+05:30,82.4,251.035,133.64999999999998
2026-01-04 04:00:00+05:30,76.1,259.8,138.14
2026-01-04 05:00:00+05:30,65.4275,264.6725,140.6375
2026-01-04 06:00:00+05:30,54.1925,250.73749999999998,133.5025
2026-01-04 07:00:00+05:30,45.5625,237.83749999999998,126.89
2026-01-04 08:00:00+05:30,41.0675,243.66,129.8725
2026-01-04 09:00:00+05:30,38.445,239.5575,127.77
2026-01-04 10:00:00+05:30,36.1875,242.32,129.19
2026-01-04 11:00:00+05:30,31.18,239.505,127.745
2026-01-04 12:00:00+05:30,26.35,237.565,126.7575
2026-01-04 13:00:00+05:30,24.0275,234.95250000000001,125.41499999999999
2026-01-04 14:00:00+05:30,26.62,242.1,129.07750000000001
2026-01-04 15:00:00+05:30,30.5275,233.8675,124.86
2026-01-04 16:00:00+05:30,33.775,234.92499999999998,125.405
2026-01-04 17:00:00+05:30,31.695,237.8775,126.91499999999999
2026-01-04 18:00:00+05:30,28.2175,243.2575,129.66500000000002
2026-01-04 19:00:00+05:30,25.86,242.23250000000002,129.1375
2026-01-04 20:00:00+05:30,25.87,236.875,126.4025
2026-01-04 21:00:00+05:30,29.16,243.16,129.62
2026-01-04 22:00:00+05:30,33.77,246.14,131.14
2026-01-04 23:00:00+05:30,33.87,242.64,129.35
2026-01-05 00:00:00+05:30,27.08,235.54,125.72
2026-01-05 01:00:00+05:30,24.9175,223.0925,119.345
2026-01-05 02:00:00+05:30,21.89,210.22,112.75
2026-01-05 03:00:00+05:30,22.613333333333333,185.57333333333335,100.13333333333333
2026-01-05 04:00:00+05:30,25.785,177.99,96.25
2026-01-05 05:00:00+05:30,28.0325,157.985,86.0075
2026-01-05 06:00:00+05:30,26.26,154.455,84.2
2026-01-05 07:00:00+05:30,22.947499999999998,156.1625,85.07499999999999
2026-01-05 08:00:00+05:30,21.0075,152.115,83.005
2026-01-05 09:00:00+05:30,21.77,150.45,82.15
2026-01-05 10:00:00+05:30,24.2875,153.3875,83.655
2026-01-05 11:00:00+05:30,25.915,167.8825,91.0775
2026-01-05 12:00:00+05:30,18.5025,166.365,90.2975
2026-01-05 13:00:00+05:30,16.94333333333333,162.00333333333333,88.06666666666666
2026-01-05 14:00:00+05:30,17.302500000000002,163.1325,88.64750000000001
2026-01-05 15:00:00+05:30,17.1825,160.8175,87.46
2026-01-05 16:00:00+05:30,21.98,153.97,83.95
2026-01-05 17:00:00+05:30,25.5575,149.3175,81.57249999999999
2026-01-05 18:00:00+05:30,27.91,160.9325,87.5175
2026-01-05 19:00:00+05:30,25.886666666666667,159.65333333333334,86.86
2026-01-05 20:00:00+05:30,23.8925,172.6925,93.53999999999999
2026-01-05 21:00:00+05:30,22.3125,176.065,95.26499999999999
2026-01-05 22:00:00+05:30,22.8025,188.24,101.5
2026-01-05 23:00:00+05:30,24.263333333333332,189.35,102.07
2026-01-06 00:00:00+05:30,25.48,180.86,97.72
2026-01-06 01:00:00+05:30,23.0975,178.6525,96.5925
2026-01-06 02:00:00+05:30,20.1875,175.105,94.775
2026-01-06 03:00:00+05:30,18.386666666666667,165.53,89.87
2026-01-06 04:00:00+05:30,18.0275,159.6375,86.85
2026-01-06 05:00:00+05:30,20.560000000000002,153.04749999999999,83.47749999999999
2026-01-06 06:00:00+05:30,22.6,144.4625,79.08500000000001
2026-01-06 07:00:00+05:30,24.1325,139.04749999999999,76.3175
2026-01-06 08:00:00+05:30,24.0325,153.505,83.7175
2026-01-06 09:00:00+05:30,22.9625,162.9625,88.5575
2026-01-06 10:00:00+05:30,21.596666666666664,181.39,97.99
2026-01-06 11:00:00+05:30,22.026666666666667,200.96,108.01333333333334
2026-01-06 12:00:00+05:30,22.235,205.14749999999998,110.155
2026-01-06 13:00:00+05:30,22.48,206.07999999999998,110.63250000000001
2026-01-06 14:00:00+05:30,21.535,207.92249999999999,111.57249999999999
2026-01-06 15:00:00+05:30,18.826666666666668,217.02666666666667,116.24
2026-01-06 16:00:00+05:30,18.466666666666665,215.85333333333332,115.64
2026-01-06 17:00:00+05:30,21.369999999999997,224.0525,119.83500000000001
2026-01-06 18:00:00+05:30,30.723333333333333,232.11,123.96
2026-01-06 19:00:00+05:30,44.82,251.58499999999998,133.9325
2026-01-06 20:00:00+05:30,58.167500000000004,281.99,149.4975
2026-01-06 21:00:00+05:30,77.065,339.2825,178.8325
2026-01-06 22:00:00+05:30,99.055,488.365,255.1625
2026-01-06 23:00:00+05:30,106.20666666666666,450.89000000000004,235.98
2026-01-07 01:00:00+05:30,102.86250000000001,413.835,217.0025
2026-01-07 02:00:00+05:30,96.425,371.47249999999997,195.3175
2026-01-07 03:00:00+05:30,89.9,352.42999999999995,185.5625
2026-01-07 04:00:00+05:30,81.905,353.9375,186.3325
2026-01-07 05:00:00+05:30,74.75,348.17,183.38
2026-01-07 06:00:00+05:30,67.745,317.9775,167.93
2026-01-07 07:00:00+05:30,62.5875,310.97,164.33499999999998
2026-01-07 08:00:00+05:30,55.985,262.96750000000003,139.76
2026-01-07 09:00:00+05:30,49.222500000000004,229.0975,122.415
2026-01-07 10:00:00+05:30,41.055,234.2575,125.06
2026-01-07 11:00:00+05:30,33.6725,223.3225,119.4625
2026-01-07 12:00:00+05:30,32.865,208.23,111.74
2026-01-07 13:00:00+05:30,62.6425,53.004999999999995,31.775
2026-01-07 14:00:00+05:30,17.4025,93.6575,53.0725
2026-01-07 15:00:00+05:30,19.376666666666665,144.21,78.95666666666666
2026-01-07 16:00:00+05:30,24.5425,139.9375,76.77
2026-01-07 17:00:00+05:30,34.307500000000005,145.7975,79.7675
2026-01-07 18:00:00+05:30,13.6725,251.33249999999998,133.8025
2026-01-07 19:00:00+05:30,-6.664999999999999,338.185,178.27249999999998
2026-01-07 20:00:00+05:30,-23.4275,356.0925,187.4425
2026-01-07 21:00:00+05:30,-32.629999999999995,383.37,201.4075
2026-01-07 22:00:00+05:30,-29.3375,400.90250000000003,210.385
2026-01-07 23:00:00+05:30,-22.0,421.34,220.84666666666666
2026-01-08 00:00:00+05:30,-5.91,362.21,190.57
2026-01-08 01:00:00+05:30,-3.1399999999999997,268.90999999999997,142.8
2026-01-08 02:00:00+05:30,-0.6975,204.74,109.94500000000001
2026-01-08 03:00:00+05:30,1.195,182.1225,98.36500000000001
2026-01-08 04:00:00+05:30,3.2575,205.1725,110.1675
2026-01-08 05:00:00+05:30,7.785,208.84,112.0425
2026-01-08 06:00:00+05:30,10.7375,213.955,114.665
2026-01-08 07:00:00+05:30,12.8625,230.8625,123.3225
2026-01-08 08:00:00+05:30,12.985,231.225,123.5075
2026-01-08 09:00:00+05:30,12.5125,232.10999999999999,123.96000000000001
2026-01-08 10:00:00+05:30,13.287500000000001,225.0775,120.36
2026-01-08 11:00:00+05:30,15.677500000000002,184.29500000000002,99.47749999999999
2026-01-08 12:00:00+05:30,15.8475,160.2475,87.16749999999999
2026-01-08 13:00:00+05:30,14.9875,144.88,79.2975
2026-01-08 14:00:00+05:30,14.5,128.0825,70.7
2026-01-08 15:00:00+05:30,13.7225,102.36,57.53
2026-01-08 16:00:00+05:30,11.590000000000002,102.82,57.76666666666667
2026-01-08 17:00:00+05:30,10.7725,123.20749999999998,68.2025
2026-01-08 18:00:00+05:30,12.545,154.39749999999998,84.17
2026-01-08 19:00:00+05:30,10.42,208.4125,111.8275
2026-01-08 20:00:00+05:30,4.255,247.45499999999998,131.815
2026-01-08 21:00:00+05:30,-8.77,297.40999999999997,157.39249999999998
2026-01-08 22:00:00+05:30,-12.795,309.05,163.35
2026-01-08 23:00:00+05:30,-9.186666666666666,306.2866666666667,161.93333333333334
2026-01-09 00:00:00+05:30,1.95,264.44,140.51
2026-01-09 01:00:00+05:30,4.1825,247.1,131.635
2026-01-09 02:00:00+05:30,8.094999999999999,224.84,120.2375
2026-01-09 03:00:00+05:30,9.9,213.505,114.4325
2026-01-09 04:00:00+05:30,8.065,201.5025,108.28999999999999
2026-01-09 05:00:00+05:30,7.6525,201.4075,108.24
2026-01-09 06:00:00+05:30,8.5625,209.2025,112.23
2026-01-09 07:00:00+05:30,11.935,216.37,115.9025
2026-01-09 08:00:00+05:30,14.23,221.1875,118.365
2026-01-09 09:00:00+05:30,16.0525,228.23250000000002,121.9725
2026-01-09 10:00:00+05:30,14.025,224.7525,120.195
2026-01-09 11:00:00+05:30,12.85,218.60999999999999,117.05
2026-01-09 12:00:00+05:30,13.7375,200.2875,107.66499999999999
2026-01-09 13:00:00+05:30,20.4,174.305,94.36
2026-01-09 14:00:00+05:30,19.057499999999997,139.385,76.47999999999999
2026-01-09 15:00:00+05:30,16.73,108.735,60.7925
2026-01-09 16:00:00+05:30,11.05,89.44,50.915
2026-01-09 17:00:00+05:30,14.1625,93.9175,53.205
2026-01-09 18:00:00+05:30,16.9325,118.5325,65.805
2026-01-09 19:00:00+05:30,20.259999999999998,158.6125,86.325
2026-01-09 20:00:00+05:30,25.47,264.565,140.57750000000001
2026-01-09 21:00:00+05:30,25.869999999999997,303.8725,160.70250000000001
2026-01-09 22:00:00+05:30,23.1875,261.14250000000004,138.82
2026-01-09 23:00:00+05:30,21.69333333333333,259.22333333333336,137.83666666666667
2026-01-10 00:00:00+05:30,20.01,235.28,125.58
2026-01-10 01:00:00+05:30,19.6425,209.2225,112.24000000000001
2026-01-10 02:00:00+05:30,17.735,197.445,106.2125
2026-01-10 03:00:00+05:30,15.26,190.85999999999999,102.83999999999999
2026-01-10 04:00:00+05:30,13.25,166.2975,90.265
2026-01-10 05:00:00+05:30,12.31,163.97666666666666,89.07333333333334
2026-01-10 06:00:00+05:30,12.6525,164.9375,89.565
2026-01-10 07:00:00+05:30,12.815,167.08749999999998,90.67
2026-01-10 08:00:00+05:30,12.735,170.44,92.3875
2026-01-10 09:00:00+05:30,12.48,170.86,92.6
2026-01-10 11:00:00+05:30,10.9425,160.29000000000002,87.1875
2026-01-10 12:00:00+05:30,13.01,172.16250000000002,93.2625
2026-01-10 13:00:00+05:30,15.263333333333334,166.04999999999998,90.13666666666666
2026-01-10 14:00:00+05:30,16.6,144.365,79.03999999999999
2026-01-10 15:00:00+05:30,15.613333333333335,121.34333333333332,67.25
2026-01-10 16:00:00+05:30,13.9625,115.1125,64.055
2026-01-10 17:00:00+05:30,13.29,119.285,66.195
2026-01-20 20:00:00+05:30,74.36,361.43,190.17
2026-01-20 21:00:00+05:30,79.395,380.4275,199.895
2026-01-20 22:00:00+05:30,78.6975,417.9175,219.0925
2026-01-20 23:00:00+05:30,73.93666666666667,353.52,186.12
2026-01-21 00:00:00+05:30,64.12,279.02,147.98
2026-01-21 01:00:00+05:30,62.04,272.75,144.76999999999998
2026-01-21 02:00:00+05:30,57.755,253.31,134.8125
2026-01-21 03:00:00+05:30,55.072500000000005,253.2425,134.785
2026-01-21 04:00:00+05:30,54.4075,286.65,151.885
2026-01-21 05:00:00+05:30,51.730000000000004,318.095,167.985
2026-01-21 06:00:00+05:30,47.445,323.5275,170.7675
2026-01-21 07:00:00+05:30,45.276666666666664,313.80333333333334,165.78666666666666
2026-01-21 08:00:00+05:30,43.120000000000005,294.5475,155.93
2026-01-21 09:00:00+05:30,40.1625,231.0075,123.39500000000001
2026-01-21 10:00:00+05:30,36.825,208.17000000000002,111.7025
2026-01-21 11:00:00+05:30,35.855000000000004,189.10250000000002,101.94
2026-01-21 12:00:00+05:30,35.04,179.47750000000002,97.0125
2026-01-21 13:00:00+05:30,36.4125,139.83,76.7125
2026-01-21 14:00:00+05:30,36.695,121.41499999999999,67.2875
2026-01-21 15:00:00+05:30,33.8625,136.99,75.2575
2026-01-21 16:00:00+05:30,36.545,131.27749999999997,72.3375
2026-01-21 17:00:00+05:30,43.6375,154.41500000000002,84.265
2026-01-21 18:00:00+05:30,47.325,210.635,112.9675
2026-01-21 19:00:00+05:30,52.755,257.735,137.0775
2026-01-21 20:00:00+05:30,60.8775,293.81,155.55
2026-01-21 21:00:00+05:30,73.8275,315.1775,166.49
2026-01-21 22:00:00+05:30,83.3875,333.915,176.0825
2026-01-21 23:00:00+05:30,85.57666666666667,341.53,179.98
2026-01-22 00:00:00+05:30,79.03,281.31,149.15
2026-01-22 01:00:00+05:30,71.665,272.1825,144.47750000000002
2026-01-22 02:00:00+05:30,61.815000000000005,232.2125,124.01749999999998
2026-01-22 03:00:00+05:30,54.586666666666666,185.91333333333333,100.30666666666666
2026-01-22 04:00:00+05:30,50.4875,185.1025,99.88499999999999
2026-01-22 05:00:00+05:30,45.0,188.7175,101.745
2026-01-22 06:00:00+05:30,41.2775,177.0325,95.7575
2026-01-22 07:00:00+05:30,38.95666666666667,164.63666666666666,89.41333333333334
2026-01-22 08:00:00+05:30,37.16,187.0425,100.88499999999999
2026-01-22 09:00:00+05:30,37.08,168.78,91.53
2026-01-22 10:00:00+05:30,37.35,144.935,79.3275
2026-01-22 11:00:00+05:30,35.19,127.75,70.52499999999999
2026-01-22 12:00:00+05:30,33.41,110.62,61.76
2026-01-22 13:00:00+05:30,29.060000000000002,112.33999999999999,62.64000000000001
2026-01-22 14:00:00+05:30,28.7675,101.6825,57.182500000000005
2026-01-22 15:00:00+05:30,29.174999999999997,99.37,56.0
2026-01-22 16:00:00+05:30,32.47,93.13,52.8
2026-01-22 17:00:00+05:30,35.8425,94.42,53.4625
2026-01-22 18:00:00+05:30,40.4,110.19,61.53333333333333
2026-01-22 19:00:00+05:30,49.98,190.13333333333335,102.46666666666665
2026-01-22 20:00:00+05:30,55.595,298.2975,157.84750000000003
2026-01-22 21:00:00+05:30,58.385,297.4375,157.41
2026-01-22 22:00:00+05:30,63.3025,348.61749999999995,183.60999999999999
2026-01-22 23:00:00+05:30,63.575,322.63,170.3
2026-01-23 00:00:00+05:30,58.08,267.81,142.24
2026-01-23 01:00:00+05:30,54.81333333333333,273.44666666666666,145.12666666666667
2026-01-23 02:00:00+05:30,49.13,262.2725,139.4025
2026-01-23 03:00:00+05:30,42.6825,187.04000000000002,100.88749999999999
2026-01-23 04:00:00+05:30,39.5925,166.4175,90.33
2026-01-23 05:00:00+05:30,39.075,174.94,94.69
2026-01-23 06:00:00+05:30,39.18,179.41000000000003,96.98
2026-01-23 07:00:00+05:30,40.33,221.8625,118.7125
2026-01-23 08:00:00+05:30,39.4125,264.1875,140.3875
2026-01-23 09:00:00+05:30,36.53666666666667,239.70333333333335,127.85333333333334
2026-01-23 10:00:00+05:30,34.754999999999995,210.26,112.77
2026-01-23 11:00:00+05:30,35.18666666666667,177.01333333333332,95.75
2026-01-23 12:00:00+05:30,34.8275,163.66250000000002,88.91749999999999
2026-01-23 13:00:00+05:30,31.016666666666666,130.35999999999999,71.86333333333333
2026-01-23 14:00:00+05:30,26.5,112.4175,62.6775
2026-01-23 15:00:00+05:30,25.223333333333333,111.35666666666667,62.14000000000001
2026-01-23 16:00:00+05:30,27.7625,103.64500000000001,58.185
2026-01-23 17:00:00+05:30,30.6725,104.5675,58.6625
2026-01-23 18:00:00+05:30,37.8775,155.96249999999998,84.9775
2026-01-23 19:00:00+05:30,49.6725,272.76,144.77
2026-01-23 20:00:00+05:30,55.292500000000004,269.45500000000004,143.07999999999998
2026-01-23 21:00:00+05:30,59.3375,291.4375,154.33249999999998
2026-01-23 22:00:00+05:30,59.4825,314.2575,166.01749999999998
2026-01-23 23:00:00+05:30,58.94,292.54,154.9
2026-01-24 00:00:00+05:30,60.1,280.26,148.61
2026-01-24 01:00:00+05:30,58.9625,279.09250000000003,148.02
2026-01-24 02:00:00+05:30,59.1775,286.52,151.8225
2026-01-24 03:00:00+05:30,57.625,302.7525,160.13
2026-01-24 04:00:00+05:30,55.3725,296.6875,157.01999999999998
2026-01-24 05:00:00+05:30,52.76,318.99,168.45
2026-01-24 06:00:00+05:30,46.53,415.6133333333334,217.91333333333333
2026-01-24 07:00:00+05:30,44.98666666666666,316.5466666666667,167.18666666666667
2026-01-24 08:00:00+05:30,41.81333333333333,243.2625,129.6725
2026-01-24 09:00:00+05:30,38.0325,189.97,102.385
2026-01-24 10:00:00+05:30,33.88333333333333,155.72666666666666,84.85000000000001
2026-01-24 11:00:00+05:30,33.190000000000005,144.87333333333333,79.29333333333334
2026-01-24 12:00:00+05:30,33.417500000000004,134.8725,74.175
2026-01-24 13:00:00+05:30,32.9675,115.1625,64.08250000000001
2026-01-24 14:00:00+05:30,29.9525,106.6,59.6975
2026-01-24 15:00:00+05:30,27.25333333333333,90.04,51.22
2026-01-24 16:00:00+05:30,26.79,76.02,44.04
2026-01-24 17:00:00+05:30,29.4125,85.23,48.7575
2026-01-24 18:00:00+05:30,36.125,157.5975,85.8075
2026-01-24 19:00:00+05:30,44.19333333333333,287.46000000000004,152.29999999999998
2026-01-24 20:00:00+05:30,50.2775,281.07,149.0275
2026-01-24 21:00:00+05:30,56.41,285.4225,151.26
2026-01-24 22:00:00+05:30,59.58,332.8475,175.54
2026-01-24 23:00:00+05:30,53.843333333333334,351.67,185.17
2026-01-25 00:00:00+05:30,43.47,203.41,109.26
2026-01-25 01:00:00+05:30,42.3725,200.9925,108.0275
2026-01-25 02:00:00+05:30,40.105000000000004,188.66750000000002,101.72
2026-01-25 03:00:00+05:30,38.86333333333334,182.04,98.32333333333334
2026-01-25 04:00:00+05:30,35.8625,193.85999999999999,104.3775
2026-01-25 05:00:00+05:30,34.175,198.4825,106.74
2026-01-25 06:00:00+05:30,33.417500000000004,207.0275,111.11749999999999
2026-01-25 07:00:00+05:30,33.3575,223.8325,119.7225
2026-01-25 08:00:00+05:30,35.43,218.4475,116.965
2026-01-25 09:00:00+05:30,36.51,184.72,99.69666666666667
2026-01-25 10:00:00+05:30,34.37,153.14249999999998,83.5325
2026-01-25 11:00:00+05:30,31.755000000000003,132.505,72.96000000000001
2026-01-25 12:00:00+05:30,28.25333333333333,138.57333333333335,76.06666666666666
2026-01-25 13:00:00+05:30,26.95,130.13,71.745
2026-01-25 14:00:00+05:30,27.735,104.9425,58.849999999999994
2026-01-25 15:00:00+05:30,26.903333333333336,94.13,53.31333333333333
2026-01-25 16:00:00+05:30,26.26,84.72749999999999,48.5
2026-01-25 17:00:00+05:30,27.16,100.52666666666666,56.59
2026-01-25 18:00:00+05:30,31.126666666666665,117.83666666666666,65.45666666666666
2026-01-25 19:00:00+05:30,38.04,156.89,85.44749999999999
2026-01-25 20:00:00+05:30,42.803333333333335,213.43999999999997,114.40000000000002
2026-01-25 21:00:00+05:30,50.5125,262.40500000000003,139.475
2026-01-25 22:00:00+05:30,56.18,273.2925,145.04500000000002
2026-01-25 23:00:00+05:30,60.81,274.43,145.63
2026-01-26 00:00:00+05:30,61.77,271.02,143.88
2026-01-26 01:00:00+05:30,60.42666666666667,264.70666666666665,140.65
2026-01-26 02:00:00+05:30,55.7075,250.37,133.315
2026-01-26 03:00:00+05:30,51.595,237.9975,126.9725
2026-01-26 04:00:00+05:30,47.6875,213.4175,114.3925
2026-01-26 05:00:00+05:30,45.32,194.34666666666666,104.62333333333333
2026-01-26 06:00:00+05:30,41.895,195.1275,105.0225
2026-01-26 07:00:00+05:30,37.832499999999996,208.165,111.6975
2026-01-26 08:00:00+05:30,33.1825,201.1925,108.1275
2026-01-26 09:00:00+05:30,31.7875,196.855,105.9125
2026-01-26 10:00:00+05:30,31.7075,182.9625,98.7975
2026-01-26 11:00:00+05:30,31.8125,169.66000000000003,91.9825
2026-01-26 12:00:00+05:30,29.822499999999998,162.0075,88.065
2026-01-26 13:00:00+05:30,25.115,152.17249999999999,83.035
2026-01-26 14:00:00+05:30,23.605,131.945,72.6775
2026-01-26 15:00:00+05:30,23.5425,116.63499999999999,64.83749999999999
2026-01-26 16:00:00+05:30,25.86,108.0925,60.46
2026-01-26 17:00:00+05:30,30.21,96.5075,54.53
2026-01-26 18:00:00+05:30,37.7225,108.2825,60.5625
2026-01-26 19:00:00+05:30,44.265,161.2625,87.685
2026-01-26 20:00:00+05:30,53.0125,278.24249999999995,147.58249999999998
2026-01-26 21:00:00+05:30,57.79333333333333,282.92333333333335,149.98
2026-01-26 22:00:00+05:30,59.6625,276.66499999999996,146.775
2026-01-26 23:00:00+05:30,59.88999999999999,270.69,143.71
2026-01-27 00:00:00+05:30,57.43,261.61,139.07
2026-01-27 01:00:00+05:30,54.9225,248.3375,132.275
2026-01-27 02:00:00+05:30,49.9225,198.3475,106.67500000000001
2026-01-27 03:00:00+05:30,44.945,174.3325,94.38
2026-01-27 04:00:00+05:30,40.53,165.7425,89.9775
2026-01-27 05:00:00+05:30,37.71,135.69333333333333,74.59666666666666
2026-01-27 06:00:00+05:30,35.92,124.98,69.10499999999999
2026-01-27 07:00:00+05:30,34.45,141.22750000000002,77.43
2026-01-27 08:00:00+05:30,30.4875,126.6875,69.985
2026-01-27 09:00:00+05:30,28.290000000000003,115.63,64.32
2026-01-27 11:00:00+05:30,28.41,96.76,54.66
2026-01-27 12:00:00+05:30,28.445,93.76,53.125
2026-01-27 13:00:00+05:30,25.715,86.58000000000001,49.45
2026-01-27 14:00:00+05:30,24.4875,90.8525,51.64
2026-01-27 15:00:00+05:30,21.759999999999998,96.075,54.3075
2026-01-27 16:00:00+05:30,24.375,99.36000000000001,55.9925
2026-01-27 17:00:00+05:30,26.393333333333334,116.50666666666666,64.77
2026-01-27 18:00:00+05:30,31.5925,139.365,76.475
2026-01-27 19:00:00+05:30,51.205,179.9625,97.2625
2026-01-27 20:00:00+05:30,55.3125,202.6875,108.89
2026-01-27 21:00:00+05:30,59.1525,221.3575,118.4525
2026-01-27 22:00:00+05:30,53.56666666666666,239.04666666666665,127.50999999999999
2026-01-27 23:00:00+05:30,51.94333333333333,241.14,128.58
2026-01-28 00:00:00+05:30,44.03,173.79,94.1
2026-01-28 01:00:00+05:30,43.129999999999995,162.12333333333333,88.12333333333333
2026-01-28 02:00:00+05:30,40.7875,139.81,76.7
2026-01-28 03:00:00+05:30,36.66,140.3225,76.9675
2026-01-28 04:00:00+05:30,34.6375,149.135,81.475
2026-01-28 05:00:00+05:30,34.7775,149.7525,81.7925
2026-01-28 06:00:00+05:30,36.1825,168.14499999999998,91.2125
2026-01-28 07:00:00+05:30,37.51,198.025,106.5025
2026-01-28 08:00:00+05:30,36.165,189.8175,102.30499999999999
2026-01-28 09:00:00+05:30,34.06,171.41250000000002,92.8875
2026-01-28 10:00:00+05:30,33.2625,166.9325,90.59
2026-01-28 11:00:00+05:30,33.4025,163.11,88.63499999999999
2026-01-28 12:00:00+05:30,28.175,162.23749999999998,88.1825
2026-01-28 13:00:00+05:30,21.275,129.6775,87.2625
2026-01-28 14:00:00+05:30,20.7925,146.41,80.0825
2026-01-28 15:00:00+05:30,21.395,126.1575,69.71249999999999
2026-01-28 16:00:00+05:30,21.995,112.91749999999999,62.9325
2026-01-28 17:00:00+05:30,24.23,109.7875,61.3325
2026-01-28 18:00:00+05:30,31.549999999999997,121.55,67.3525
2026-01-28 19:00:00+05:30,41.2175,168.83,91.56
2026-01-28 20:00:00+05:30,48.0675,212.3125,113.8275
2026-01-28 21:00:00+05:30,50.725,247.85,132.02
2026-01-28 22:00:00+05:30,57.260000000000005,336.90999999999997,177.615
2026-01-28 23:00:00+05:30,55.11666666666667,366.28,192.65
2026-01-29 00:00:00+05:30,49.24,261.18,138.86
2026-01-29 01:00:00+05:30,46.6375,249.64749999999998,132.9425
2026-01-29 02:00:00+05:30,43.8,223.1975,119.3925
2026-01-29 03:00:00+05:30,41.7925,230.7425,123.25999999999999
2026-01-29 04:00:00+05:30,40.8275,210.0425,112.6625
2026-01-29 05:00:00+05:30,39.18333333333333,196.64333333333332,105.8
2026-01-29 06:00:00+05:30,39.6525,216.62,116.0325
2026-01-29 07:00:00+05:30,41.55,255.9,136.14
2026-01-29 08:00:00+05:30,40.945,269.89,143.3075
2026-01-29 09:00:00+05:30,39.685,243.2425,129.66000000000003
2026-01-29 10:00:00+05:30,37.8525,190.3175,102.565
2026-01-29 11:00:00+05:30,34.44,159.47,86.77
2026-01-29 12:00:00+05:30,30.83,151.85750000000002,82.87
2026-01-29 13:00:00+05:30,27.583333333333332,138.39333333333332,75.98333333333333
2026-01-29 14:00:00+05:30,27.78,122.355,67.765
2026-01-29 15:00:00+05:30,27.565,125.0875,69.17
2026-01-29 16:00:00+05:30,28.1175,139.4875,76.54
2026-01-29 17:00:00+05:30,29.675,138.58999999999997,76.07499999999999
2026-01-29 18:00:00+05:30,37.0025,149.4375,81.63250000000001
2026-01-29 19:00:00+05:30,53.165,189.615,102.2
2026-01-29 20:00:00+05:30,68.2,214.3275,114.855
2026-01-29 21:00:00+05:30,57.836666666666666,256.76,136.58
2026-01-29 22:00:00+05:30,57.8275,288.9075,153.035
2026-01-29 23:00:00+05:30,61.71,294.39,155.85
2026-01-30 00:00:00+05:30,59.18,273.78,145.3
2026-01-30 01:00:00+05:30,57.1975,272.655,144.715
2026-01-30 02:00:00+05:30,49.972500000000004,264.5825,140.58749999999998
2026-01-30 03:00:00+05:30,42.065,232.2875,124.05000000000001
2026-01-30 04:00:00+05:30,37.86333333333334,205.26,110.21
2026-01-30 05:00:00+05:30,34.416666666666664,147.215,80.49000000000001
2026-01-30 06:00:00+05:30,32.2725,127.74,70.52000000000001
2026-01-30 07:00:00+05:30,29.6875,107.39999999999999,60.1075
2026-01-30 08:00:00+05:30,27.756666666666664,103.69,58.20666666666667
2026-01-30 09:00:00+05:30,26.0825,100.555,56.6
2026-01-30 10:00:00+05:30,26.427500000000002,98.1,55.3475
2026-01-30 11:00:00+05:30,27.623333333333335,108.27,60.54999999999999
2026-01-30 13:00:00+05:30,24.53,101.02,56.84
2026-01-30 14:00:00+05:30,24.0975,101.69,57.18
2026-01-30 15:00:00+05:30,23.86,105.97500000000001,59.3775
2026-01-30 16:00:00+05:30,25.3525,110.155,61.52
2026-01-30 17:00:00+05:30,29.179999999999996,109.03333333333335,60.943333333333335
2026-01-30 18:00:00+05:30,34.692499999999995,123.83749999999999,68.525
2026-01-30 19:00:00+05:30,40.6625,162.7225,88.43
2026-01-30 20:00:00+05:30,43.575,204.69,109.92500000000001
2026-01-30 21:00:00+05:30,46.9675,246.23250000000002,131.195
2026-01-30 22:00:00+05:30,44.4025,262.985,139.7675
2026-01-30 23:00:00+05:30,44.1,258.73,137.59
2026-01-31 00:00:00+05:30,43.07,249.84,133.04
2026-01-31 01:00:00+05:30,42.50666666666667,243.10333333333332,129.58666666666667
2026-01-31 02:00:00+05:30,38.44,218.3825,116.9325
2026-01-31 03:00:00+05:30,34.20333333333334,171.70333333333335,93.03333333333335
2026-01-31 04:00:00+05:30,30.244999999999997,140.63500000000002,77.125
2026-01-31 05:00:00+05:30,28.0825,130.74,72.055
2026-01-31 06:00:00+05:30,27.57,127.87249999999999,70.5925
2026-01-31 07:00:00+05:30,28.127499999999998,121.5725,67.3625
2026-01-31 08:00:00+05:30,28.1175,116.0175,64.5175
2026-01-31 09:00:00+05:30,26.8,124.93,69.08666666666666
2026-01-31 10:00:00+05:30,25.445,122.2325,67.70750000000001
2026-01-31 11:00:00+05:30,24.49666666666667,123.63,68.42
2026-01-31 12:00:00+05:30,22.325,116.5575,5.12
2026-01-31 13:00:00+05:30,11.96,135.475,74.4825
2026-01-31 14:00:00+05:30,17.625,152.8275,83.37
2026-01-31 15:00:00+05:30,19.4,134.905,74.195
2026-01-31 16:00:00+05:30,20.466666666666665,138.78666666666666,76.18
2026-01-31 17:00:00+05:30,26.65,139.26,76.42
2026-01-31 18:00:00+05:30,27.935000000000002,143.9775,78.84
2026-01-31 19:00:00+05:30,27.22,141.4375,77.535
2026-01-31 20:00:00+05:30,28.55,146.855,80.31
2026-01-31 21:00:00+05:30,31.356666666666666,162.54666666666665,88.34333333333332
2026-01-31 22:00:00+05:30,36.582499999999996,192.125,103.4875
2026-01-31 23:00:00+05:30,39.834999999999994,199.46,107.24
2026-02-01 00:00:00+05:30,38.5,195.49,105.21
2026-02-01 01:00:00+05:30,39.0125,195.6625,105.2975
2026-02-01 02:00:00+05:30,38.0375,189.305,102.045
2026-02-01 03:00:00+05:30,35.1025,176.3675,95.4225
2026-02-01 04:00:00+05:30,31.189999999999998,153.8425,83.88499999999999
2026-02-01 05:00:00+05:30,28.400000000000002,137.07666666666668,75.30333333333333
2026-02-01 06:00:00+05:30,25.916666666666668,126.22749999999999,69.7525
2026-02-01 07:00:00+05:30,24.79,120.6875,66.91499999999999
2026-02-01 08:00:00+05:30,25.215,118.9725,66.035
2026-02-01 09:00:00+05:30,24.4875,110.275,61.58
2026-02-01 10:00:00+05:30,24.47,112.48,62.7125
2026-02-01 11:00:00+05:30,23.634999999999998,108.48,60.66
2026-02-01 12:00:00+05:30,23.45,120.805,66.97749999999999
2026-02-01 13:00:00+05:30,24.7475,124.175,68.695
2026-02-01 14:00:00+05:30,25.88,124.1575,68.6875
2026-02-01 15:00:00+05:30,25.21666666666667,128.74333333333334,71.03666666666668
2026-02-01 16:00:00+05:30,24.175,122.9875,68.0875
2026-02-01 17:00:00+05:30,23.38,116.305,64.6725
2026-02-01 18:00:00+05:30,22.375,123.02250000000001,68.1075
2026-02-01 19:00:00+05:30,21.994999999999997,126.51,69.895
2026-02-01 20:00:00+05:30,22.7225,134.905,74.1925
2026-02-01 21:00:00+05:30,25.393333333333334,141.27,77.45
2026-02-01 22:00:00+05:30,29.33,155.72,84.8475
2026-02-01 23:00:00+05:30,34.79333333333333,180.1,97.33
2026-02-02 00:00:00+05:30,38.4,193.29,104.08
2026-02-02 01:00:00+05:30,36.535,199.2325,107.13
2026-02-02 02:00:00+05:30,33.2475,187.1425,100.94
2026-02-02 03:00:00+05:30,31.125,176.71249999999998,95.5975
2026-02-02 04:00:00+05:30,29.58,159.185,86.6175
2026-02-02 05:00:00+05:30,28.16333333333333,148.87,81.33999999999999
2026-02-02 06:00:00+05:30,26.2875,151.2875,82.5775
2026-02-02 07:00:00+05:30,25.89,151.13666666666668,82.5
2026-02-02 08:00:00+05:30,24.3475,153.88,83.905
2026-02-02 09:00:00+05:30,24.5475,154.71,84.33
2026-02-02 10:00:00+05:30,25.506666666666664,154.48333333333332,84.21333333333334
2026-02-02 11:00:00+05:30,27.12,168.13,91.20333333333333
2026-02-02 12:00:00+05:30,25.7825,155.655,84.8125
2026-02-02 13:00:00+05:30,22.185,140.9425,77.28
2026-02-02 14:00:00+05:30,20.3975,118.64000000000001,65.8625
2026-02-02 15:00:00+05:30,21.330000000000002,103.02499999999999,57.87
2026-02-02 16:00:00+05:30,22.145,94.435,53.474999999999994
2026-02-02 17:00:00+05:30,24.5725,88.19,50.2775
2026-02-02 18:00:00+05:30,29.52,95.94,54.24
2026-02-02 19:00:00+05:30,41.4,176.27,95.37
2026-02-02 20:00:00+05:30,137.595,265.42,141.02
2026-02-02 21:00:00+05:30,111.13,317.3825,167.6175
2026-02-02 22:00:00+05:30,89.835,317.2425,167.54250000000002
2026-02-02 23:00:00+05:30,81.42333333333333,293.78000000000003,155.53333333333333
2026-02-03 00:00:00+05:30,74.7,259.92,138.2
2026-02-03 01:00:00+05:30,69.4725,274.305,145.56
2026-02-03 02:00:00+05:30,61.4225,239.475,127.7325
2026-02-03 03:00:00+05:30,53.625,191.5325,103.185
2026-02-03 04:00:00+05:30,44.864999999999995,167.0425,90.64999999999999
2026-02-03 05:00:00+05:30,39.3575,158.7975,86.4275
2026-02-03 06:00:00+05:30,36.192499999999995,150.8825,82.37
2026-02-03 07:00:00+05:30,33.88999999999999,170.66666666666666,92.5
2026-02-03 08:00:00+05:30,30.905,150.92000000000002,82.3875
2026-02-03 09:00:00+05:30,29.175,146.8825,80.325
2026-02-03 10:00:00+05:30,27.96,150.66,82.26249999999999
2026-02-03 11:00:00+05:30,28.5125,138.6225,76.0975
2026-02-03 12:00:00+05:30,28.66,131.87,72.635
2026-02-03 13:00:00+05:30,21.933333333333337,116.67333333333333,64.86
2026-02-03 14:00:00+05:30,22.11,121.22,67.19
2026-02-04 07:00:00+05:30,27.51,183.01666666666665,98.82333333333334
2026-02-04 08:00:00+05:30,27.13,178.16,96.34
2026-02-04 09:00:00+05:30,26.5025,176.38,95.4325
2026-02-04 10:00:00+05:30,25.619999999999997,166.79500000000002,90.52
2026-02-04 11:00:00+05:30,24.18,154.76,84.36
2026-02-04 12:00:00+05:30,22.16,154.76,84.36
2026-02-04 13:00:00+05:30,19.945,154.76,84.36
2026-02-04 15:00:00+05:30,17.4575,154.76,84.36
2026-02-04 16:00:00+05:30,19.91,0.0,5.12
2026-02-04 17:00:00+05:30,66.1125,95.07,53.792500000000004
2026-02-04 18:00:00+05:30,70.175,142.4075,77.985
2026-02-04 19:00:00+05:30,69.12333333333333,179.99,97.27333333333333
2026-02-04 21:00:00+05:30,87.07,281.74,149.37
2026-02-05 00:00:00+05:30,64.22,240.75,128.38
2026-02-05 01:00:00+05:30,60.85,258.44,137.445
2026-02-05 02:00:00+05:30,56.965,287.35,152.2425
2026-02-05 03:00:00+05:30,53.629999999999995,337.68333333333334,178.01
2026-02-05 04:00:00+05:30,51.24,299.2775,158.345
2026-02-05 05:00:00+05:30,46.3075,230.64,123.105
2026-02-05 06:00:00+05:30,39.98,174.07000000000002,94.24
2026-02-05 07:00:00+05:30,36.08,149.12,81.4675
2026-02-05 08:00:00+05:30,32.405,134.775,74.125
2026-02-05 09:00:00+05:30,29.805,95.6,54.07
2026-02-05 10:00:00+05:30,27.29,94.14500000000001,53.325
2026-02-05 11:00:00+05:30,23.566666666666666,92.13,52.29
2026-02-05 12:00:00+05:30,14.93,74.41333333333334,43.26333333333333
2026-02-05 13:00:00+05:30,17.3125,63.6525,37.71
2026-02-05 14:00:00+05:30,16.884999999999998,56.9725,34.292500000000004
2026-02-05 15:00:00+05:30,18.1025,62.635,37.195
2026-02-05 16:00:00+05:30,21.06,58.535,35.0975
2026-02-05 17:00:00+05:30,26.83,65.08250000000001,38.442499999999995
2026-02-05 18:00:00+05:30,38.9925,95.485,54.01
2026-02-05 19:00:00+05:30,38.70333333333333,145.9933333333333,79.86666666666666
2026-02-05 20:00:00+05:30,37.792500000000004,200.515,107.855
2026-02-05 21:00:00+05:30,42.660000000000004,358.85999999999996,188.85666666666668
2026-02-05 22:00:00+05:30,45.83,377.9775,198.6475
2026-02-05 23:00:00+05:30,48.64,357.57,188.2
2026-02-06 00:00:00+05:30,42.12,222.8,119.19
2026-02-06 01:00:00+05:30,39.3125,186.495,100.60749999999999
2026-02-06 02:00:00+05:30,35.3075,195.0725,105.0275
2026-02-06 03:00:00+05:30,33.49,159.9625,87.025
2026-02-06 04:00:00+05:30,33.832499999999996,180.015,97.34
2026-02-06 05:00:00+05:30,32.23,167.18333333333334,90.72000000000001
2026-02-06 06:00:00+05:30,28.5175,120.965,67.125
2026-02-06 07:00:00+05:30,26.403333333333332,101.71,57.193333333333335
2026-02-06 08:00:00+05:30,23.66,99.045,55.8275
2026-02-06 09:00:00+05:30,22.97,89.4025,50.9
2026-02-06 10:00:00+05:30,22.3875,78.935,45.5375
2026-02-06 11:00:00+05:30,18.466666666666665,85.62666666666667,48.96333333333333
2026-02-06 12:00:00+05:30,16.8,83.25,47.74
2026-02-06 13:00:00+05:30,15.29,95.29,53.91
2026-02-06 14:00:00+05:30,14.955,96.44500000000001,54.4975
2026-02-06 15:00:00+05:30,16.0325,88.2925,50.325
2026-02-06 16:00:00+05:30,19.005,86.695,49.5075
2026-02-06 17:00:00+05:30,21.857499999999998,103.8625,58.27
2026-02-06 18:00:00+05:30,27.6175,100.2575,56.4425
2026-02-06 19:00:00+05:30,29.95,117.89333333333333,65.48333333333333
2026-02-06 20:00:00+05:30,34.7325,169.3425,91.82
2026-02-06 21:00:00+05:30,39.695,215.1625,115.2825
2026-02-06 22:00:00+05:30,37.685,225.4675,120.56
2026-02-06 23:00:00+05:30,34.61,200.555,107.805
2026-02-07 00:00:00+05:30,29.79,160.67,87.38
2026-02-07 01:00:00+05:30,28.495,160.87,87.48750000000001
2026-02-07 02:00:00+05:30,26.775,158.36,86.205
2026-02-07 03:00:00+05:30,26.38,158.5225,86.2875
2026-02-07 04:00:00+05:30,24.195,164.075,89.125
2026-02-07 05:00:00+05:30,22.72,159.97,87.02
2026-02-07 06:00:00+05:30,22.58,147.235,80.49
2026-02-07 07:00:00+05:30,24.245,143.545,78.6125
2026-02-07 08:00:00+05:30,23.68,141.7725,77.705
2026-02-07 09:00:00+05:30,22.0975,125.33250000000001,69.32249999999999
2026-02-07 10:00:00+05:30,20.625,114.92,63.96333333333333
2026-02-07 11:00:00+05:30,20.5425,112.70750000000001,62.825
2026-02-07 12:00:00+05:30,21.4625,98.8175,55.7175
2026-02-07 13:00:00+05:30,21.822499999999998,90.23750000000001,51.3125
2026-02-07 14:00:00+05:30,20.0425,90.1075,51.2575
2026-02-07 15:00:00+05:30,17.77,88.5425,50.45
2026-02-07 16:00:00+05:30,18.255,91.9,52.17
2026-02-07 17:00:00+05:30,20.4,93.13250000000001,52.8
2026-02-07 18:00:00+05:30,22.5925,97.955,55.275000000000006
2026-02-07 19:00:00+05:30,25.9175,114.7175,63.8525
2026-02-07 20:00:00+05:30,37.93,331.9,175.05
2026-02-07 21:00:00+05:30,48.2075,377.4275,198.3625
2026-02-07 22:00:00+05:30,51.975,327.6775,172.8875
2026-02-07 23:00:00+05:30,53.27333333333333,292.8333333333333,155.04999999999998
2026-02-08 21:00:00+05:30,33.28333333333333,227.91,121.81
2026-02-08 22:00:00+05:30,35.9225,214.8875,115.14
2026-02-08 23:00:00+05:30,35.98333333333333,208.9,112.07666666666667
2026-02-09 00:00:00+05:30,34.64,210.88,113.09
2026-02-09 01:00:00+05:30,34.1225,226.9425,121.285
2026-02-09 02:00:00+05:30,30.9975,208.60750000000002,111.92999999999999
2026-02-09 03:00:00+05:30,30.5775,185.7825,100.2425
2026-02-09 04:00:00+05:30,31.4125,175.025,94.7175
2026-02-09 05:00:00+05:30,33.48,174.36,94.39
2026-02-09 06:00:00+05:30,32.06,159.54,86.81
2026-02-09 07:00:00+05:30,32.0475,161.73250000000002,87.9275
2026-02-09 08:00:00+05:30,31.7025,187.01500000000001,100.875
2026-02-09 09:00:00+05:30,31.0525,192.7425,103.8025
2026-02-09 10:00:00+05:30,27.77,166.3475,90.28999999999999
2026-02-09 11:00:00+05:30,19.21,146.76,80.26
2026-02-09 12:00:00+05:30,13.99,113.89,63.43
2026-02-09 14:00:00+05:30,14.8225,100.6425,56.65
2026-02-09 15:00:00+05:30,17.87,92.39999999999999,52.443333333333335
2026-02-09 16:00:00+05:30,20.7525,98.60499999999999,55.6075
2026-02-09 17:00:00+05:30,25.156666666666666,107.38333333333333,60.096666666666664
2026-02-09 18:00:00+05:30,46.1,116.5,64.77
2026-02-09 19:00:00+05:30,47.1675,154.2875,84.11500000000001
2026-02-09 20:00:00+05:30,56.24,308.89750000000004,163.2775
2026-02-09 21:00:00+05:30,57.125,324.62,171.3275
2026-02-09 22:00:00+05:30,61.1075,295.475,156.4025
2026-02-09 23:00:00+05:30,59.025000000000006,256.575,136.485
2026-02-10 00:00:00+05:30,54.64,248.63,132.42
2026-02-10 01:00:00+05:30,51.4,226.74666666666667,121.26666666666667
2026-02-10 02:00:00+05:30,45.175,208.2425,111.745
2026-02-10 03:00:00+05:30,38.900000000000006,181.1775,97.88
2026-02-10 04:00:00+05:30,35.379999999999995,176.4825,95.47749999999999
2026-02-10 05:00:00+05:30,33.0775,229.075,122.4075
2026-02-10 06:00:00+05:30,33.2675,237.0825,126.505
2026-02-10 07:00:00+05:30,37.3775,251.4875,133.9075
2026-02-10 08:00:00+05:30,32.84,234.0825,124.9675
2026-02-10 09:00:00+05:30,30.150000000000002,189.33333333333334,102.05666666666666
2026-02-10 10:00:00+05:30,29.0325,161.53,87.825
2026-02-10 11:00:00+05:30,24.075,147.07,80.42
2026-02-10 12:00:00+05:30,20.4175,77.1475,44.6225
2026-02-10 13:00:00+05:30,17.7025,62.4275,37.09
2026-02-10 14:00:00+05:30,16.28,50.735,31.0975
2026-02-10 15:00:00+05:30,15.446666666666667,53.14666666666667,32.330000000000005
2026-02-10 16:00:00+05:30,16.445,70.70750000000001,41.2925
2026-02-10 17:00:00+05:30,19.476666666666667,75.96,44.01666666666667
2026-02-10 18:00:00+05:30,21.88,83.5575,47.8975
2026-02-10 19:00:00+05:30,75.61333333333333,224.02,119.82333333333332
2026-02-10 20:00:00+05:30,104.675,316.685,167.26
2026-02-10 21:00:00+05:30,109.1925,347.5275,183.0575
2026-02-10 22:00:00+05:30,88.15666666666668,328.6466666666667,173.4433333333333
2026-02-10 23:00:00+05:30,76.52333333333333,305.22,161.35
2026-02-11 00:00:00+05:30,67.98,294.96,156.14
2026-02-11 01:00:00+05:30,65.375,294.2075,155.7575
2026-02-11 02:00:00+05:30,57.1,263.71,140.1925
2026-02-11 03:00:00+05:30,50.0575,240.84,128.4275
2026-02-11 04:00:00+05:30,44.7325,232.6925,124.25750000000001
2026-02-11 05:00:00+05:30,38.4075,221.01749999999998,118.28
2026-02-11 06:00:00+05:30,34.8525,202.545,108.85499999999999
2026-02-11 07:00:00+05:30,33.6275,197.5275,106.2525
2026-02-11 08:00:00+05:30,32.1225,188.47,101.60249999999999
2026-02-11 09:00:00+05:30,29.1525,171.32999999999998,92.815
2026-02-11 10:00:00+05:30,28.115000000000002,151.09,82.475
2026-02-11 11:00:00+05:30,28.145,110.49,61.69
2026-02-11 12:00:00+05:30,26.6175,106.76,59.78
2026-02-11 13:00:00+05:30,24.4825,89.6625,51.0275
2026-02-11 14:00:00+05:30,23.005,101.4725,57.0775
2026-02-11 15:00:00+05:30,20.53,90.26,51.335
2026-02-11 16:00:00+05:30,19.585,79.1025,45.635
2026-02-11 17:00:00+05:30,22.61,96.15333333333335,54.35
2026-02-11 18:00:00+05:30,35.3875,97.16,54.8575
2026-02-11 19:00:00+05:30,38.32666666666666,219.53333333333333,117.52333333333333
2026-02-11 20:00:00+05:30,41.7975,275.105,145.97250000000003
2026-02-11 21:00:00+05:30,59.29,362.46250000000003,190.7025
2026-02-11 22:00:00+05:30,52.81,336.265,177.28500000000003
2026-02-11 23:00:00+05:30,46.953333333333326,264.34,140.46
2026-02-12 01:00:00+05:30,37.11,160.83,87.47
2026-02-12 02:00:00+05:30,34.8025,169.535,91.9225
2026-02-12 03:00:00+05:30,32.5975,183.0225,98.8325
2026-02-12 04:00:00+05:30,32.245,176.83499999999998,95.66
2026-02-12 05:00:00+05:30,31.685000000000002,177.6475,96.07249999999999
2026-02-12 06:00:00+05:30,31.4575,186.47,100.595
2026-02-12 07:00:00+05:30,29.709999999999997,197.21,106.12
2026-02-12 08:00:00+05:30,29.105,194.3975,104.64
2026-02-12 09:00:00+05:30,28.05,156.175,85.015
2026-02-12 10:00:00+05:30,23.893333333333334,142.35,78.0
2026-02-12 11:00:00+05:30,54.93666666666667,94.89999999999999,53.70666666666667
2026-02-12 12:00:00+05:30,35.4475,26.145,18.505000000000003
2026-02-12 13:00:00+05:30,17.465,98.6375,55.6175
2026-02-12 14:00:00+05:30,11.52,93.3825,52.93
2026-02-12 15:00:00+05:30,17.75,85.9125,49.11
2026-02-12 16:00:00+05:30,17.9825,71.8,41.8825
2026-02-12 17:00:00+05:30,21.8475,69.205,40.555
2026-02-12 18:00:00+05:30,38.330000000000005,76.2,44.135000000000005
2026-02-12 19:00:00+05:30,38.8525,238.7625,127.3675
2026-02-12 20:00:00+05:30,35.9075,218.2575,116.87
2026-02-12 21:00:00+05:30,42.067499999999995,245.7775,130.9575
2026-02-12 22:00:00+05:30,45.1875,259.645,138.0575
2026-02-12 23:00:00+05:30,47.785,252.95,134.63
2026-02-13 00:00:00+05:30,42.53,210.29,112.79
2026-02-13 01:00:00+05:30,42.26,210.29,112.79
2026-02-13 02:00:00+05:30,38.266666666666666,242.28,129.16666666666666
2026-02-13 03:00:00+05:30,35.595,202.9125,109.01
2026-02-13 04:00:00+05:30,33.435,190.615,102.7125
2026-02-13 05:00:00+05:30,32.3925,201.3625,108.215
2026-02-13 06:00:00+05:30,30.4,206.3475,110.7675
2026-02-13 07:00:00+05:30,30.706666666666667,212.74666666666667,114.04666666666667
2026-02-13 08:00:00+05:30,28.6375,217.26,116.35499999999999
2026-02-13 09:00:00+05:30,26.786666666666665,208.09666666666666,111.66333333333334
2026-02-13 10:00:00+05:30,26.8125,182.91750000000002,98.77250000000001
2026-02-13 11:00:00+05:30,20.580000000000002,141.56666666666666,77.60000000000001
2026-02-13 12:00:00+05:30,17.54,113.55000000000001,63.255
2026-02-13 13:00:00+05:30,17.773333333333333,100.08999999999999,56.36333333333334
2026-02-13 14:00:00+05:30,17.1975,86.66,49.489999999999995
2026-02-13 15:00:00+05:30,18.323333333333334,74.68,43.35999999999999
2026-02-13 16:00:00+05:30,20.4675,78.8675,45.505
2026-02-13 17:00:00+05:30,26.855,85.88,49.0925
2026-02-13 18:00:00+05:30,32.167500000000004,99.3425,55.9825
2026-02-13 19:00:00+05:30,49.957499999999996,136.9375,75.2325
2026-02-13 20:00:00+05:30,51.7725,187.8475,101.2975
2026-02-13 21:00:00+05:30,52.89000000000001,222.89333333333332,119.24666666666667
2026-02-13 22:00:00+05:30,49.225,234.72333333333333,125.3
2026-02-13 23:00:00+05:30,46.54666666666666,250.52666666666667,133.38666666666666
2026-02-14 00:00:00+05:30,51.63,242.7,129.38
2026-02-14 01:00:00+05:30,49.6225,250.0625,133.1525
2026-02-14 02:00:00+05:30,45.855,264.385,140.4875
2026-02-14 03:00:00+05:30,41.4225,238.35999999999999,127.16
2026-02-14 04:00:00+05:30,37.0875,211.33249999999998,113.3225
2026-02-14 05:00:00+05:30,33.015,195.0,104.9575
2026-02-14 06:00:00+05:30,31.0425,188.60999999999999,101.6875
2026-02-14 07:00:00+05:30,30.9475,177.98666666666668,96.24666666666667
2026-02-14 08:00:00+05:30,31.545,199.99,107.5125
2026-02-14 09:00:00+05:30,29.735,198.6725,106.84
2026-02-14 10:00:00+05:30,26.9325,185.1575,99.9225
2026-02-14 11:00:00+05:30,25.515,155.7275,84.8525
2026-02-14 12:00:00+05:30,24.790000000000003,135.16,74.32333333333334
2026-02-14 13:00:00+05:30,21.123333333333335,113.99,63.48333333333333
2026-02-14 14:00:00+05:30,18.6575,100.69749999999999,56.675
2026-02-14 15:00:00+05:30,17.9225,90.4075,51.4075
2026-02-14 16:00:00+05:30,17.4525,85.875,49.0875
2026-02-14 17:00:00+05:30,24.615000000000002,88.1825,50.269999999999996
2026-02-14 18:00:00+05:30,36.9875,107.5775,60.265
2026-02-14 19:00:00+05:30,36.754999999999995,166.35500000000002,90.28999999999999
2026-02-14 20:00:00+05:30,45.6875,196.52,105.7375
2026-02-14 21:00:00+05:30,45.49666666666667,218.20000000000002,116.83666666666666
2026-02-14 22:00:00+05:30,47.120000000000005,220.32,117.92500000000001
2026-02-14 23:00:00+05:30,44.01,219.72,117.62
2026-02-15 00:00:00+05:30,33.47,166.61,90.42
2026-02-15 01:00:00+05:30,32.395,168.75,91.5175
2026-02-15 02:00:00+05:30,32.1025,174.06,94.23750000000001
2026-02-15 03:00:00+05:30,32.10333333333333,170.48666666666668,92.40666666666668
2026-02-15 04:00:00+05:30,30.7325,169.135,91.715
2026-02-15 05:00:00+05:30,29.19666666666667,178.0533333333333,96.28000000000002
2026-02-15 06:00:00+05:30,26.28,189.5725,102.17750000000001
2026-02-15 07:00:00+05:30,25.3975,196.215,105.58000000000001
2026-02-15 08:00:00+05:30,24.9725,195.1225,105.02250000000001
2026-02-15 09:00:00+05:30,22.8525,190.07250000000002,102.435
2026-02-15 10:00:00+05:30,22.0175,174.67000000000002,94.5525
2026-02-15 11:00:00+05:30,19.71666666666667,166.04666666666665,90.13666666666666
2026-02-15 12:00:00+05:30,19.8,148.715,81.265
2026-02-15 13:00:00+05:30,21.356666666666666,136.83333333333334,75.17999999999999
2026-02-15 14:00:00+05:30,19.9375,125.41499999999999,69.33
2026-02-15 15:00:00+05:30,17.8575,112.6825,62.815
2026-02-15 16:00:00+05:30,17.1525,95.9375,54.239999999999995
2026-02-15 17:00:00+05:30,18.8475,86.36500000000001,49.34
2026-02-15 18:00:00+05:30,26.595,94.61500000000001,53.5625
2026-02-15 19:00:00+05:30,27.393333333333334,124.97666666666667,61.44
2026-02-15 20:00:00+05:30,32.3925,166.23000000000002,90.22749999999999
2026-02-15 21:00:00+05:30,34.98666666666667,207.5566666666667,111.38666666666666
2026-02-15 22:00:00+05:30,44.34,231.675,123.7375
2026-02-15 23:00:00+05:30,45.333333333333336,246.79,131.47666666666666
2026-02-16 00:00:00+05:30,40.7,226.16,120.92
2026-02-16 01:00:00+05:30,37.6125,221.1725,118.3625
2026-02-16 02:00:00+05:30,33.1225,197.7375,106.3625
2026-02-16 03:00:00+05:30,29.91,167.39,90.82666666666667
2026-02-16 04:00:00+05:30,28.455,156.78,85.3925
2026-02-16 05:00:00+05:30,27.555,150.075,81.9575
2026-02-16 06:00:00+05:30,28.45,150.4875,82.17
2026-02-16 07:00:00+05:30,28.8425,151.275,82.575
2026-02-16 08:00:00+05:30,26.9375,166.35500000000002,90.295
2026-02-16 09:00:00+05:30,26.51,164.91666666666666,89.55333333333333
2026-02-17 12:00:00+05:30,0.0,0.0,5.12
2026-02-17 13:00:00+05:30,15.443333333333333,57.16,34.38333333333333
2026-02-17 14:00:00+05:30,14.2875,81.5275,46.86
2026-02-17 15:00:00+05:30,13.8475,87.5975,49.9725
2026-02-17 16:00:00+05:30,15.8825,84.4675,48.3675
2026-02-17 17:00:00+05:30,19.233333333333334,86.95333333333333,49.63666666666666
2026-02-17 18:00:00+05:30,34.535,96.5675,54.56
2026-02-17 19:00:00+05:30,33.5925,112.015,62.4675
2026-02-17 20:00:00+05:30,37.9325,137.68,75.61500000000001
2026-02-17 21:00:00+05:30,45.35333333333333,182.48666666666668,98.55
2026-02-18 07:00:00+05:30,27.88,173.92999999999998,94.17
2026-02-18 08:00:00+05:30,26.6575,182.1525,98.365
2026-02-18 09:00:00+05:30,23.2225,182.2375,98.42999999999999
2026-02-18 10:00:00+05:30,21.57,178.755,96.6425
2026-02-18 11:00:00+05:30,18.9025,154.545,84.245
2026-02-18 12:00:00+05:30,15.5675,125.16499999999999,69.16749999999999
2026-02-18 13:00:00+05:30,18.42,102.81333333333333,57.76333333333334
2026-02-18 14:00:00+05:30,17.715,78.1725,45.144999999999996
2026-02-18 15:00:00+05:30,16.8525,66.1575,38.995
2026-02-18 16:00:00+05:30,15.6275,59.277499999999996,35.472500000000004
2026-02-18 17:00:00+05:30,19.4925,61.754999999999995,36.74
2026-02-18 18:00:00+05:30,29.355,74.7025,43.365
2026-02-18 19:00:00+05:30,30.2,100.87,56.77
2026-02-18 20:00:00+05:30,34.4075,227.38,121.5425
2026-02-18 21:00:00+05:30,48.80666666666667,278.2366666666667,147.58
2026-02-19 13:00:00+05:30,21.33,103.55000000000001,58.135000000000005
2026-02-19 15:00:00+05:30,18.58,86.84,49.58
2026-02-19 16:00:00+05:30,19.070000000000004,89.59999999999998,51.0
2026-02-19 17:00:00+05:30,20.08,92.23,52.34
2026-02-19 18:00:00+05:30,27.2525,100.8725,56.765
2026-02-19 19:00:00+05:30,57.3975,125.29249999999999,69.31
2026-02-19 20:00:00+05:30,69.66,179.24,96.80000000000001
2026-02-19 21:00:00+05:30,53.21,235.7175,125.80749999999999
2026-02-19 22:00:00+05:30,43.545,227.36,121.5275
2026-02-19 23:00:00+05:30,41.584999999999994,222.735,119.16
2026-02-20 00:00:00+05:30,33.53,193.06,103.97
2026-02-20 01:00:00+05:30,30.546666666666667,180.55333333333337,97.56333333333333
2026-02-20 02:00:00+05:30,27.064999999999998,153.13,83.5175
2026-02-20 03:00:00+05:30,25.6325,136.4375,74.97749999999999
2026-02-20 04:00:00+05:30,24.4625,141.2225,77.42250000000001
2026-02-20 05:00:00+05:30,26.6475,147.1875,80.47999999999999
2026-02-20 06:00:00+05:30,28.80666666666667,155.99666666666667,84.99333333333333
2026-02-20 07:00:00+05:30,28.0225,177.165,95.83
2026-02-20 08:00:00+05:30,26.28,201.4225,108.215
2026-02-20 09:00:00+05:30,23.373333333333335,192.0666666666667,103.45666666666666
2026-02-20 10:00:00+05:30,23.4225,184.3925,99.5325
2026-02-20 11:00:00+05:30,21.303333333333335,181.29,97.94
2026-02-20 12:00:00+05:30,20.1,165.78500000000003,90.005
2026-02-20 13:00:00+05:30,17.95,150.21,82.03
2026-02-20 15:00:00+05:30,16.913333333333334,137.35,75.44
2026-02-20 16:00:00+05:30,16.59,134.1925,73.825
2026-02-20 17:00:00+05:30,25.3025,133.4375,73.44
2026-02-20 18:00:00+05:30,43.295,152.23,83.06
2026-02-20 19:00:00+05:30,48.705,269.5225,143.1175
2026-02-20 20:00:00+05:30,53.903333333333336,321.08,169.51250000000002
2026-02-20 21:00:00+05:30,56.0375,360.3775,189.575
2026-02-20 22:00:00+05:30,50.585,347.265,182.91750000000002
2026-02-20 23:00:00+05:30,45.15333333333333,305.2766666666667,161.52
2026-02-21 00:00:00+05:30,36.61,223.19,119.4
2026-02-21 01:00:00+05:30,35.3925,192.055,103.4
2026-02-21 02:00:00+05:30,31.08,185.8775,100.2875
2026-02-21 03:00:00+05:30,29.1475,203.055,109.115
2026-02-21 04:00:00+05:30,27.119999999999997,208.0375,111.63
2026-02-21 05:00:00+05:30,24.7825,206.2675,110.725
2026-02-21 06:00:00+05:30,23.9325,202.925,109.0175
2026-02-21 07:00:00+05:30,26.955000000000002,204.3525,109.7525
2026-02-21 08:00:00+05:30,24.627499999999998,199.67249999999999,107.355
2026-02-21 09:00:00+05:30,22.69666666666667,191.91,103.39333333333333
2026-02-21 10:00:00+05:30,21.475,171.6175,92.98750000000001
2026-02-21 11:00:00+05:30,20.55,159.65,86.88
2026-02-21 12:00:00+05:30,20.84,140.625,77.12
2026-02-21 13:00:00+05:30,19.083333333333332,120.59999999999998,66.87
2026-02-21 14:00:00+05:30,19.3,116.9525,65.0025
2026-02-21 15:00:00+05:30,19.512500000000003,99.575,56.105000000000004
2026-02-21 16:00:00+05:30,20.675,97.27000000000001,54.92
2026-02-21 17:00:00+05:30,22.916666666666668,91.89333333333333,52.169999999999995
2026-02-21 18:00:00+05:30,29.045,104.79,58.7725
2026-02-21 19:00:00+05:30,37.2225,139.965,76.78
2026-02-21 20:00:00+05:30,46.3375,261.81,139.16750000000002
2026-02-21 21:00:00+05:30,53.0725,344.805,181.6575
2026-02-21 22:00:00+05:30,55.849999999999994,347.6325,183.10500000000002
2026-02-21 23:00:00+05:30,52.11333333333334,326.4533333333333,172.26333333333332
2026-02-22 01:00:00+05:30,43.93,301.13,159.3
2026-02-22 02:00:00+05:30,41.89,232.77,124.30000000000001
2026-02-22 03:00:00+05:30,35.06,174.8025,94.625
2026-02-22 04:00:00+05:30,32.2275,183.98250000000002,99.355
2026-02-22 05:00:00+05:30,29.835,188.04,101.4025
2026-02-22 06:00:00+05:30,28.8625,196.0225,105.47
2026-02-22 07:00:00+05:30,28.4875,187.0375,100.8825
2026-02-22 08:00:00+05:30,26.425,174.0725,94.2475
2026-02-22 09:00:00+05:30,25.625,211.0075,113.16
2026-02-22 10:00:00+05:30,22.91,212.525,113.95
2026-02-22 11:00:00+05:30,20.259999999999998,171.31,92.83
2026-02-22 12:00:00+05:30,19.875,142.48,78.0975
2026-02-22 13:00:00+05:30,19.877499999999998,139.465,76.5225
2026-02-22 14:00:00+05:30,19.4625,135.4425,74.465
2026-02-22 15:00:00+05:30,18.945,136.21,74.86250000000001
2026-02-22 16:00:00+05:30,18.346666666666664,133.75,73.60333333333334
2026-02-22 17:00:00+05:30,27.155,134.315,73.8875
2026-02-22 18:00:00+05:30,26.025,144.125,78.91
2026-02-22 19:00:00+05:30,20.490000000000002,153.44,83.685
2026-02-22 20:00:00+05:30,19.17,150.81,82.33
2026-02-22 21:00:00+05:30,19.7175,138.7425,76.1575
2026-02-22 22:00:00+05:30,18.8425,138.44,75.9975
2026-02-22 23:00:00+05:30,17.973333333333333,139.41666666666666,76.5
2026-02-23 00:00:00+05:30,18.73,121.75,67.46
2026-02-23 01:00:00+05:30,20.125,118.175,65.625
2026-02-23 02:00:00+05:30,21.41,118.0375,65.55499999999999
2026-02-23 03:00:00+05:30,23.095,117.83500000000001,65.4525
2026-02-23 04:00:00+05:30,24.5075,119.405,66.25750000000001
2026-02-23 05:00:00+05:30,23.87,124.5,68.86
2026-02-23 06:00:00+05:30,30.19666666666667,150.13,81.99
2026-02-23 07:00:00+05:30,26.9625,166.20250000000001,90.2125
2026-02-23 08:00:00+05:30,23.482499999999998,155.95749999999998,84.9675
2026-02-23 09:00:00+05:30,20.3625,132.4775,72.915
2026-02-23 10:00:00+05:30,20.06,103.11,57.91
2026-02-23 11:00:00+05:30,13.7825,98.4875,55.542500000000004
2026-02-23 12:00:00+05:30,14.227500000000001,104.41250000000001,58.5825
2026-02-23 13:00:00+05:30,14.14,109.39999999999999,61.135
2026-02-23 14:00:00+05:30,15.39,112.5,62.72
2026-02-23 15:00:00+05:30,17.2175,124.11749999999999,68.66499999999999
2026-02-23 16:00:00+05:30,19.0075,128.235,70.7775
2026-02-23 17:00:00+05:30,23.305,132.635,73.02250000000001
2026-02-23 18:00:00+05:30,26.2125,142.8625,78.2475
2026-02-23 19:00:00+05:30,27.564999999999998,179.66,97.11
2026-02-23 20:00:00+05:30,29.81,190.52,102.67
2026-02-23 21:00:00+05:30,22.975,193.6975,104.28999999999999
2026-02-23 22:00:00+05:30,18.243333333333336,179.48000000000002,97.01249999999999
2026-02-23 23:00:00+05:30,18.42,150.34,82.095
2026-02-24 00:00:00+05:30,19.34,93.9,53.2
2026-02-24 01:00:00+05:30,19.183333333333334,80.72666666666667,46.45333333333334
2026-02-24 02:00:00+05:30,18.54,70.44,41.19
2026-02-24 03:00:00+05:30,19.386666666666667,64.76333333333334,38.276666666666664
2026-02-24 04:00:00+05:30,18.335,73.815,42.894999999999996
2026-02-24 05:00:00+05:30,12.7325,94.11500000000001,53.307500000000005
2026-02-24 06:00:00+05:30,11.775,85.28,48.7825
2026-02-24 07:00:00+05:30,12.317499999999999,58.5075,35.074999999999996
2026-02-24 08:00:00+05:30,14.875,50.2725,30.854999999999997
2026-02-24 09:00:00+05:30,43.5,52.053333333333335,31.77333333333333
2026-02-24 10:00:00+05:30,30.935000000000002,59.56,35.615
2026-02-24 11:00:00+05:30,22.316666666666666,61.51,36.61333333333334
2026-02-24 12:00:00+05:30,21.43,59.072500000000005,35.365
2026-02-24 13:00:00+05:30,22.115000000000002,61.7575,36.74
2026-02-24 14:00:00+05:30,19.363333333333333,64.18,37.98
2026-02-24 15:00:00+05:30,17.96,62.52,37.13
2026-02-24 18:00:00+05:30,24.392500000000002,75.2,43.62
2026-02-24 19:00:00+05:30,22.155,88.45,50.41
2026-02-24 20:00:00+05:30,23.0125,99.595,56.1125
2026-02-24 21:00:00+05:30,21.6925,107.4225,60.1225
2026-02-24 22:00:00+05:30,22.97,108.96999999999998,60.910000000000004
2026-02-24 23:00:00+05:30,24.916666666666668,114.05,63.51333333333333
2026-02-25 00:00:00+05:30,23.6,124.92,69.08
2026-02-25 01:00:00+05:30,21.2625,128.01500000000001,70.6625
2026-02-25 02:00:00+05:30,24.669999999999998,124.17,68.71
2026-02-25 03:00:00+05:30,23.502499999999998,118.0175,65.54249999999999
2026-02-25 04:00:00+05:30,22.585,106.24249999999999,59.5375
2026-02-25 05:00:00+05:30,22.76,104.18,58.457499999999996
2026-02-25 06:00:00+05:30,21.9875,101.28,56.97
2026-02-25 07:00:00+05:30,21.585,99.5325,56.0825
2026-02-25 08:00:00+05:30,22.16,100.89666666666666,56.77666666666667
2026-02-25 09:00:00+05:30,22.43,116.185,64.6275
2026-02-25 10:00:00+05:30,21.736666666666668,123.73,68.47000000000001
2026-02-25 11:00:00+05:30,17.1,131.53,72.46
2026-02-25 12:00:00+05:30,18.752499999999998,119.22749999999999,66.1675
2026-02-25 13:00:00+05:30,19.0925,100.975,56.82
2026-02-25 14:00:00+05:30,17.685,90.6,51.51
2026-02-25 15:00:00+05:30,16.5475,86.4575,49.385000000000005
2026-02-25 16:00:00+05:30,16.666666666666668,79.54666666666667,45.843333333333334
2026-02-25 17:00:00+05:30,21.7825,72.055,42.01
2026-02-25 18:00:00+05:30,46.51,89.8125,51.102500000000006
2026-02-25 19:00:00+05:30,53.7675,277.28999999999996,147.09
2026-02-25 20:00:00+05:30,56.655,425.265,222.855
2026-02-25 21:00:00+05:30,58.6025,502.20000000000005,262.25
2026-02-25 22:00:00+05:30,61.57,419.885,220.1
2026-02-25 23:00:00+05:30,53.56333333333333,341.29333333333335,179.86666666666665
2026-02-26 00:00:00+05:30,44.46,235.89,125.9
2026-02-26 01:00:00+05:30,42.18666666666667,204.67,109.91000000000001
2026-02-26 02:00:00+05:30,38.9225,164.49,89.3925
2026-02-26 03:00:00+05:30,36.62,185.245,99.965
2026-02-26 04:00:00+05:30,33.83,199.89000000000001,107.4625
2026-02-26 05:00:00+05:30,31.845000000000002,199.035,107.0275
2026-02-26 06:00:00+05:30,31.6175,205.2225,110.1825
2026-02-26 07:00:00+05:30,29.166666666666668,208.52666666666664,111.88666666666667
2026-02-26 08:00:00+05:30,28.3,195.1325,105.03
2026-02-26 09:00:00+05:30,26.383333333333336,192.29,103.57
2026-02-26 10:00:00+05:30,22.145000000000003,156.4725,85.235
2026-02-26 11:00:00+05:30,14.94,118.58500000000001,65.8325
2026-02-26 12:00:00+05:30,12.530000000000001,55.6,33.585
2026-02-26 13:00:00+05:30,15.629999999999999,40.837500000000006,26.03
2026-02-26 14:00:00+05:30,16.03,56.05,33.815
2026-02-26 15:00:00+05:30,16.0,56.845,34.2225
2026-02-26 16:00:00+05:30,16.0975,56.317499999999995,33.9525
2026-02-26 17:00:00+05:30,16.154999999999998,54.89,33.2275
2026-02-26 18:00:00+05:30,13.1475,69.775,40.815
2026-02-26 19:00:00+05:30,21.3725,213.26,114.3075
2026-02-26 20:00:00+05:30,29.5425,298.995,158.2075
2026-02-26 21:00:00+05:30,41.1175,268.7775,142.7375
2026-02-26 22:00:00+05:30,38.7275,210.6325,113.0475
2026-02-26 23:00:00+05:30,41.205,171.465,92.91
2026-02-27 00:00:00+05:30,28.02,111.48,62.2
2026-02-27 01:00:00+05:30,29.2,124.28,68.725
2026-02-27 02:00:00+05:30,26.345,136.0325,74.7675
2026-02-27 03:00:00+05:30,25.293333333333333,138.63666666666666,76.10333333333334
2026-02-27 04:00:00+05:30,24.8625,122.6325,67.9075
2026-02-27 05:00:00+05:30,24.225,115.66499999999999,64.3425
2026-02-27 06:00:00+05:30,23.855,126.7125,69.9975
2026-02-27 07:00:00+05:30,21.430000000000003,133.77,73.61333333333333
2026-02-27 08:00:00+05:30,19.4225,141.305,77.4825
2026-02-27 09:00:00+05:30,17.86,134.20666666666668,73.83333333333333
2026-02-27 10:00:00+05:30,17.225,100.18,56.4125
2026-02-27 11:00:00+05:30,18.0375,77.97,45.04
2026-02-27 12:00:00+05:30,18.03,82.3175,47.2625
2026-02-27 13:00:00+05:30,15.76,80.5525,46.364999999999995
2026-02-27 14:00:00+05:30,15.1625,69.8375,40.88
2026-02-27 15:00:00+05:30,15.85,65.51,38.665000000000006
2026-02-27 16:00:00+05:30,17.5875,68.9175,40.394999999999996
2026-02-27 17:00:00+05:30,32.625,80.31,46.2175
2026-02-27 18:00:00+05:30,50.235,135.73250000000002,74.6125
2026-02-27 19:00:00+05:30,47.705,251.705,133.99
2026-02-27 20:00:00+05:30,103.7675,297.395,157.385
2026-02-27 21:00:00+05:30,42.47666666666667,273.91333333333336,145.36666666666667
2026-02-27 22:00:00+05:30,25.495,132.21,72.81
2026-02-27 23:00:00+05:30,21.67,87.42500000000001,49.88
2026-02-28 00:00:00+05:30,21.24,101.11,56.89
2026-02-28 01:00:00+05:30,20.7025,92.9225,52.6975
2026-02-28 02:00:00+05:30,20.993333333333336,81.56333333333333,46.879999999999995
2026-02-28 03:00:00+05:30,20.833333333333332,77.91000000000001,45.01333333333333
2026-02-28 04:00:00+05:30,20.4875,81.4325,46.8125
2026-02-28 05:00:00+05:30,20.795,78.685,45.405
2026-02-28 06:00:00+05:30,21.4025,62.54,37.14
2026-02-28 07:00:00+05:30,21.375,74.4125,43.22
2026-02-28 08:00:00+05:30,20.115,90.015,51.2225
2026-02-28 09:00:00+05:30,18.386666666666667,105.22333333333331,58.99
2026-02-28 10:00:00+05:30,18.51,110.17,61.5175
2026-02-28 11:00:00+05:30,18.1325,86.2975,49.35
2026-02-28 12:00:00+05:30,17.5,64.82666666666667,38.309999999999995
2026-02-28 13:00:00+05:30,18.900000000000002,62.8375,37.292500000000004
2026-02-28 14:00:00+05:30,16.4475,60.2025,35.945
2026-02-28 15:00:00+05:30,15.120000000000001,68.75999999999999,40.325
2026-02-28 16:00:00+05:30,14.657499999999999,73.64,42.82
2026-02-28 17:00:00+05:30,24.017500000000002,84.60249999999999,48.46
2026-02-28 18:00:00+05:30,17.57,100.58500000000001,56.615
2026-02-28 19:00:00+05:30,17.89,95.1975,53.8575
2026-02-28 20:00:00+05:30,16.915,88.8075,50.587500000000006
2026-02-28 21:00:00+05:30,16.275,83.325,47.7725
2026-02-28 22:00:00+05:30,16.634999999999998,74.69749999999999,43.362500000000004
2026-02-28 23:00:00+05:30,16.85,67.14,39.495000000000005
2026-03-01 01:00:00+05:30,19.13,66.49,39.16
2026-03-01 02:00:00+05:30,18.752499999999998,56.1725,33.8975
2026-03-01 03:00:00+05:30,19.4625,55.287499999999994,33.425
2026-03-01 04:00:00+05:30,19.759999999999998,56.345,33.964999999999996
2026-03-01 05:00:00+05:30,18.927500000000002,58.394999999999996,35.0175
2026-03-01 06:00:00+05:30,19.9375,61.677499999999995,36.7
2026-03-01 07:00:00+05:30,19.155,61.385,36.5475
2026-03-01 08:00:00+05:30,18.3475,59.6725,35.6775
2026-03-01 09:00:00+05:30,17.8575,60.84,36.2725
2026-03-01 10:00:00+05:30,16.445,68.63250000000001,40.26
2026-03-01 11:00:00+05:30,14.476666666666667,73.64666666666666,42.826666666666675
2026-03-01 12:00:00+05:30,15.25,71.2625,41.6075
2026-03-01 13:00:00+05:30,16.7825,77.235,44.65
2026-03-01 14:00:00+05:30,17.0225,83.465,47.8625
2026-03-01 15:00:00+05:30,15.0425,87.7825,50.0625
2026-03-01 16:00:00+05:30,12.313333333333333,89.24666666666667,50.81666666666666
2026-03-01 17:00:00+05:30,13.9075,90.08500000000001,51.2425
2026-03-01 18:00:00+05:30,13.903333333333334,99.23333333333333,55.92666666666667
2026-03-01 19:00:00+05:30,15.85,97.75666666666666,55.19
2026-03-01 20:00:00+05:30,17.0375,88.285,50.32
2026-03-01 21:00:00+05:30,18.1525,81.6025,46.9025
2026-03-01 22:00:00+05:30,17.427500000000002,72.7125,42.3525
2026-03-01 23:00:00+05:30,17.196666666666665,69.44333333333333,40.67666666666667
2026-03-02 01:00:00+05:30,16.54,64.72,38.26
2026-03-02 02:00:00+05:30,16.689999999999998,67.505,39.682500000000005
2026-03-02 03:00:00+05:30,16.465,63.19,37.4725
2026-03-02 04:00:00+05:30,16.5925,61.875,36.795
2026-03-02 05:00:00+05:30,17.0325,61.485,36.6
2026-03-02 06:00:00+05:30,16.5825,66.675,39.26
2026-03-02 07:00:00+05:30,16.52,70.83999999999999,41.39
2026-03-02 08:00:00+05:30,17.825,78.82,45.475
2026-03-02 09:00:00+05:30,17.763333333333332,86.35666666666667,49.333333333333336
2026-03-02 10:00:00+05:30,17.576666666666668,97.06,54.81666666666666
2026-03-02 11:00:00+05:30,16.8775,110.265,61.599999999999994
2026-03-02 12:00:00+05:30,15.195,112.765,62.865
2026-03-02 13:00:00+05:30,14.146666666666667,112.16666666666667,62.550000000000004
2026-03-02 14:00:00+05:30,15.483333333333334,97.74666666666667,55.166666666666664
2026-03-02 15:00:00+05:30,15.99,98.35499999999999,55.480000000000004
2026-03-02 17:00:00+05:30,26.71,99.725,56.18
2026-03-02 18:00:00+05:30,32.01333333333333,126.50333333333333,69.89333333333333
2026-03-02 19:00:00+05:30,33.85,144.75,79.12
2026-03-02 22:00:00+05:30,36.120000000000005,281.76,149.385
2026-03-02 23:00:00+05:30,33.61,288.54333333333335,152.85333333333332
2026-03-03 00:00:00+05:30,34.1925,276.90999999999997,146.89499999999998
2026-03-03 01:00:00+05:30,30.665,264.3375,140.4625
2026-03-03 02:00:00+05:30,30.495,248.56,132.385
2026-03-03 03:00:00+05:30,29.61,225.43,120.53999999999999
2026-03-03 04:00:00+05:30,26.7625,214.025,114.70750000000001
2026-03-03 05:00:00+05:30,25.8075,216.285,115.855
2026-03-03 06:00:00+05:30,26.65,208.2975,111.7675
2026-03-03 07:00:00+05:30,25.34,194.67333333333332,104.79
2026-03-03 08:00:00+05:30,23.355,206.51749999999998,110.855
2026-03-03 09:00:00+05:30,19.486666666666668,213.4433333333333,114.40333333333332
2026-03-03 10:00:00+05:30,17.153333333333332,191.62,103.23
2026-03-03 11:00:00+05:30,16.5,150.48,82.17
2026-03-03 12:00:00+05:30,17.05,118.5625,65.825
2026-03-03 13:00:00+05:30,15.82,104.22333333333334,58.48333333333333
2026-03-03 14:00:00+05:30,14.2325,91.67750000000001,52.045
2026-03-03 15:00:00+05:30,13.405000000000001,87.4825,49.910000000000004
2026-03-03 16:00:00+05:30,14.263333333333334,84.36666666666667,48.31333333333333
2026-03-03 17:00:00+05:30,26.415,77.6025,44.85
2026-03-03 18:00:00+05:30,31.15,88.85,50.6125
2026-03-03 19:00:00+05:30,28.11,,
2026-03-03 20:00:00+05:30,31.759999999999998,163.5125,88.7475
2026-03-03 21:00:00+05:30,30.869999999999997,230.0925,122.9275
2026-03-03 22:00:00+05:30,24.015,235.29500000000002,125.62
2026-03-03 23:00:00+05:30,24.80333333333333,205.36,110.33666666666666
2026-03-04 00:00:00+05:30,26.255,165.0625,89.6325
2026-03-04 01:00:00+05:30,24.6725,150.3275,82.0875
2026-03-04 02:00:00+05:30,24.43,139.03,76.30250000000001
2026-03-04 03:00:00+05:30,24.0125,136.79,75.1525
2026-03-04 04:00:00+05:30,23.9675,151.9525,82.9225
2026-03-04 05:00:00+05:30,21.8275,162.48250000000002,88.31
2026-03-04 06:00:00+05:30,21.636666666666667,158.02666666666667,86.05
2026-03-04 07:00:00+05:30,21.5475,150.2825,82.065
2026-03-04 08:00:00+05:30,19.61,139.3875,76.4875
2026-03-04 09:00:00+05:30,17.97,136.20499999999998,74.86
2026-03-04 10:00:00+05:30,16.735,120.5,66.8125
2026-03-04 11:00:00+05:30,15.7575,106.005,59.41
2026-03-04 12:00:00+05:30,15.205,111.64500000000001,62.300000000000004
2026-03-04 13:00:00+05:30,15.094999999999999,109.85,61.365
2026-03-04 14:00:00+05:30,15.19,97.17,54.8725
2026-03-04 15:00:00+05:30,14.565,93.94,53.215
2026-03-04 16:00:00+05:30,14.799999999999999,95.07,53.79333333333333
2026-03-04 17:00:00+05:30,16.836666666666666,104.29333333333334,58.52
2026-03-04 18:00:00+05:30,23.973333333333333,124.70666666666666,68.97333333333334
2026-03-04 19:00:00+05:30,28.0375,129.4175,71.3825
2026-03-04 20:00:00+05:30,30.3525,136.02,74.765
2026-03-04 21:00:00+05:30,31.490000000000002,153.3075,83.6125
2026-03-04 22:00:00+05:30,27.525,176.585,95.5275
2026-03-04 23:00:00+05:30,26.5,194.14,104.51666666666667
2026-03-05 00:00:00+05:30,24.0875,191.5575,103.1975
2026-03-05 01:00:00+05:30,21.77,175.07666666666668,94.75666666666666
2026-03-05 02:00:00+05:30,23.235,154.98000000000002,84.47
2026-03-05 03:00:00+05:30,22.5125,147.97,80.88499999999999
2026-03-05 04:00:00+05:30,20.01,140.97333333333333,77.3
2026-03-05 05:00:00+05:30,19.4875,144.1625,78.9475
2026-03-05 06:00:00+05:30,18.645,144.5825,79.1475
2026-03-05 07:00:00+05:30,17.645,135.02,74.25
2026-03-05 08:00:00+05:30,17.873333333333335,126.92333333333333,70.10666666666667
2026-03-05 09:00:00+05:30,19.97,138.17000000000002,75.86
2026-03-05 10:00:00+05:30,19.16,142.05,77.85
2026-03-05 12:00:00+05:30,15.2,138.63,76.12
2026-03-05 13:00:00+05:30,15.3675,136.39499999999998,74.95750000000001
2026-03-05 14:00:00+05:30,15.666666666666666,129.48333333333332,71.41666666666667
2026-03-05 15:00:00+05:30,16.395,116.18,64.5875
2026-03-05 16:00:00+05:30,20.5,110.64750000000001,61.775
2026-03-05 17:00:00+05:30,49.425,107.25,60.0325
2026-03-05 18:00:00+05:30,44.78,128.70499999999998,70.97
2026-03-05 19:00:00+05:30,42.9125,162.8375,88.495
2026-03-05 20:00:00+05:30,31.560000000000002,174.585,94.50750000000001
2026-03-05 21:00:00+05:30,19.8,177.73,96.12
2026-03-05 22:00:00+05:30,18.9525,167.2325,90.745
2026-03-05 23:00:00+05:30,16.993333333333336,141.09333333333333,77.36
2026-03-06 00:00:00+05:30,16.845,107.3075,60.057500000000005
2026-03-06 01:00:00+05:30,16.317500000000003,102.89750000000001,57.800000000000004
2026-03-06 02:00:00+05:30,16.93,92.505,52.4775
2026-03-06 03:00:00+05:30,18.0575,81.505,46.85
2026-03-06 04:00:00+05:30,19.195,71.17999999999999,41.5675
2026-03-06 05:00:00+05:30,19.29,68.3425,40.11
2026-03-06 06:00:00+05:30,19.2375,74.48,43.255
2026-03-06 07:00:00+05:30,17.685000000000002,80.68,46.425
2026-03-06 08:00:00+05:30,16.3825,83.475,47.86
2026-03-06 09:00:00+05:30,16.955,96.07000000000001,54.307500000000005
2026-03-06 10:00:00+05:30,17.22,97.08,54.505
2026-03-06 11:00:00+05:30,16.275,94.0925,53.2975
2026-03-06 12:00:00+05:30,14.705,98.23,55.417500000000004
2026-03-06 13:00:00+05:30,13.434999999999999,99.2175,55.9225
2026-03-06 14:00:00+05:30,13.055,99.85333333333334,56.325
2026-03-06 15:00:00+05:30,13.0925,102.8325,57.775000000000006
2026-03-06 16:00:00+05:30,14.523333333333333,94.83666666666666,53.68
2026-03-06 17:00:00+05:30,14.743333333333334,95.39666666666666,53.96
2026-03-06 18:00:00+05:30,14.585,93.19,52.906666666666666
2026-03-06 19:00:00+05:30,14.09,91.12,51.77
2026-03-06 20:00:00+05:30,13.8125,88.77250000000001,50.57
2026-03-06 21:00:00+05:30,14.29,90.9375,51.68
2026-03-06 22:00:00+05:30,14.21,92.1625,52.3025
2026-03-06 23:00:00+05:30,14.066666666666668,90.48666666666666,51.446666666666665
2026-03-07 00:00:00+05:30,14.17,84.9525,48.625
2026-03-07 01:00:00+05:30,17.43,80.12,46.14
2026-03-07 02:00:00+05:30,16.2475,73.41,42.705
2026-03-07 03:00:00+05:30,16.2925,72.92750000000001,42.457499999999996
2026-03-07 04:00:00+05:30,15.57,63.6725,37.72
2026-03-07 05:00:00+05:30,16.830000000000002,62.475,37.1075
2026-03-07 06:00:00+05:30,17.62,60.765,36.235
2026-03-07 07:00:00+05:30,15.0525,63.50999999999999,37.63
2026-03-07 08:00:00+05:30,14.48,67.43,39.64
2026-03-07 09:00:00+05:30,13.52,70.65,41.292500000000004
2026-03-07 10:00:00+05:30,12.775,72.0275,41.9975
2026-03-07 11:00:00+05:30,13.705,73.0025,42.5
2026-03-07 12:00:00+05:30,14.2575,72.08,42.03
2026-03-07 13:00:00+05:30,14.346666666666666,79.37333333333333,45.78666666666667
2026-03-07 18:00:00+05:30,12.4,80.3,46.23
2026-03-07 19:00:00+05:30,12.576666666666668,77.88,44.99666666666667
2026-03-07 20:00:00+05:30,12.592500000000001,76.92,44.5
2026-03-07 21:00:00+05:30,12.02,74.545,43.2875
2026-03-07 22:00:00+05:30,11.9475,72.0025,41.9825
2026-03-07 23:00:00+05:30,12.003333333333336,72.52666666666666,42.25
2026-03-08 00:00:00+05:30,13.4,66.265,39.05
2026-03-08 01:00:00+05:30,14.13,69.4025,40.655
2026-03-08 02:00:00+05:30,14.855,66.95,39.3975
2026-03-08 03:00:00+05:30,15.2375,61.114999999999995,36.4125
2026-03-08 04:00:00+05:30,14.74,58.8775,35.265
2026-03-08 05:00:00+05:30,13.5425,57.565,34.595
2026-03-08 06:00:00+05:30,15.67,55.72666666666667,33.653333333333336
2026-03-08 07:00:00+05:30,14.7225,52.795,32.15
2026-03-08 08:00:00+05:30,14.2675,48.947500000000005,30.18
2026-03-08 09:00:00+05:30,13.015,50.707499999999996,31.0825
2026-03-08 10:00:00+05:30,12.606666666666667,54.472500000000004,33.0125
2026-03-08 11:00:00+05:30,11.48,59.480000000000004,35.574999999999996
2026-03-08 12:00:00+05:30,12.325,69.965,40.9425
2026-03-08 13:00:00+05:30,12.675,76.74000000000001,44.41
2026-03-08 14:00:00+05:30,12.907499999999999,72.8875,42.435
2026-03-08 15:00:00+05:30,11.855,74.9425,43.489999999999995
2026-03-08 16:00:00+05:30,10.67,76.2975,44.185
2026-03-08 17:00:00+05:30,11.68,77.83,44.9675
2026-03-08 18:00:00+05:30,11.313333333333333,75.38,43.7125
2026-03-08 19:00:00+05:30,12.7675,76.5775,44.325
2026-03-08 20:00:00+05:30,12.6075,71.24000000000001,41.5975
2026-03-08 21:00:00+05:30,12.4675,68.35,40.1175
2026-03-08 22:00:00+05:30,12.886666666666665,70.55,41.2425
2026-03-08 23:00:00+05:30,13.5,65.3,38.553333333333335
2026-03-09 00:00:00+05:30,11.5525,63.99249999999999,37.8825
2026-03-09 01:00:00+05:30,11.695,65.4425,38.625
2026-03-09 02:00:00+05:30,12.105,60.3,35.9825
2026-03-09 03:00:00+05:30,12.9575,60.055,35.875
2026-03-09 04:00:00+05:30,11.945,56.905,34.255
2026-03-09 05:00:00+05:30,12.32,51.8575,31.6625
2026-03-09 06:00:00+05:30,12.7725,49.325,30.375
2026-03-09 07:00:00+05:30,12.665,49.975,30.7075
2026-03-09 08:00:00+05:30,12.8475,56.4225,34.0075
2026-03-09 09:00:00+05:30,12.4675,59.385000000000005,35.525000000000006
2026-03-09 10:00:00+05:30,12.557500000000001,58.9375,35.2975
2026-03-09 11:00:00+05:30,9.6375,55.695,33.637499999999996
2026-03-09 12:00:00+05:30,9.365,60.7675,36.245000000000005
2026-03-09 13:00:00+05:30,8.99,67.41,39.635000000000005
2026-03-09 14:00:00+05:30,10.035,68.97999999999999,40.44
2026-03-09 15:00:00+05:30,12.004999999999999,70.9075,41.425000000000004
2026-03-09 16:00:00+05:30,12.049999999999999,73.83999999999999,42.92333333333334
2026-03-09 17:00:00+05:30,10.695,74.435,43.23
2026-03-09 18:00:00+05:30,10.5575,69.02250000000001,40.4625
2026-03-09 19:00:00+05:30,10.3825,66.4875,39.16
2026-03-09 20:00:00+05:30,10.34,68.5125,40.1975
2026-03-09 21:00:00+05:30,10.9825,72.005,41.9825
2026-03-09 22:00:00+05:30,11.495,67.42,39.6525
2026-03-09 23:00:00+05:30,11.263333333333334,64.05333333333333,37.913333333333334
2026-03-10 13:00:00+05:30,9.323333333333332,71.67,41.839999999999996
2026-03-10 14:00:00+05:30,8.995000000000001,70.3575,41.135
2026-03-10 15:00:00+05:30,9.51,70.355,41.14
2026-03-10 16:00:00+05:30,10.4025,69.905,40.910000000000004
2026-03-10 17:00:00+05:30,10.342500000000001,79.455,45.8
2026-03-10 18:00:00+05:30,10.6325,76.6775,44.3675
2026-03-10 19:00:00+05:30,10.385,72.795,42.3925
2026-03-10 20:00:00+05:30,10.01,71.4175,41.6875
2026-03-10 21:00:00+05:30,9.375,73.4175,42.7125
2026-03-10 22:00:00+05:30,9.2575,71.3175,41.63
2026-03-10 23:00:00+05:30,9.736666666666666,68.32,40.10333333333333
2026-03-11 00:00:00+05:30,11.39,63.53,37.65
2026-03-11 01:00:00+05:30,10.56,64.585,38.19
2026-03-11 02:00:00+05:30,10.745000000000001,67.9375,39.905
2026-03-11 03:00:00+05:30,11.2125,69.1625,40.5325
2026-03-11 04:00:00+05:30,10.2,64.785,38.2925
2026-03-11 05:00:00+05:30,10.4575,60.31,35.9975
2026-03-11 06:00:00+05:30,11.01,57.7425,34.68
2026-03-11 07:00:00+05:30,11.3475,52.415,31.955
2026-03-11 08:00:00+05:30,10.782499999999999,57.59,34.6075
2026-03-11 09:00:00+05:30,11.059999999999999,62.045,36.89
2026-03-11 10:00:00+05:30,10.355,64.9525,38.3725
2026-03-11 11:00:00+05:30,9.7625,68.72,40.3025
2026-03-11 12:00:00+05:30,9.995000000000001,67.715,39.7825
2026-03-11 13:00:00+05:30,10.456666666666667,71.8,41.88333333333333
2026-03-11 14:00:00+05:30,10.093333333333334,77.475,44.7875
2026-03-11 15:00:00+05:30,9.625,80.6325,46.4025
2026-03-11 16:00:00+05:30,9.43,80.2625,46.2125
2026-03-11 17:00:00+05:30,10.09,76.735,44.41
2026-03-11 18:00:00+05:30,10.306666666666667,76.98333333333333,44.53666666666667
2026-03-11 19:00:00+05:30,10.14,78.09666666666668,45.10999999999999
2026-03-11 20:00:00+05:30,10.49,74.65666666666665,43.343333333333334
2026-03-11 21:00:00+05:30,10.2325,69.7125,40.8125
2026-03-11 22:00:00+05:30,10.855,71.6925,41.8275
2026-03-11 23:00:00+05:30,10.549999999999999,69.54333333333334,40.74
2026-03-12 01:00:00+05:30,10.42,70.74,41.34
2026-03-12 02:00:00+05:30,11.0075,66.5475,39.1925
2026-03-12 03:00:00+05:30,11.013333333333334,63.550000000000004,37.656666666666666
2026-03-12 04:00:00+05:30,10.45,59.4375,35.5525
2026-03-12 05:00:00+05:30,11.31,59.695,35.6875
2026-03-12 06:00:00+05:30,11.8275,62.557500000000005,37.15
2026-03-12 07:00:00+05:30,11.176666666666668,63.803333333333335,37.78666666666667
2026-03-12 08:00:00+05:30,11.2625,67.475,39.67
2026-03-12 09:00:00+05:30,11.5275,71.2825,41.6125
2026-03-12 10:00:00+05:30,13.655000000000001,71.145,41.545
2026-03-12 11:00:00+05:30,13.5125,71.1725,41.56
2026-03-12 12:00:00+05:30,10.8425,80.265,46.195
2026-03-12 13:00:00+05:30,10.93,88.87333333333333,50.63666666666666
2026-03-12 14:00:00+05:30,10.843333333333334,93.53666666666668,53.01
2026-03-12 15:00:00+05:30,10.255,92.88333333333333,52.7
2026-03-12 16:00:00+05:30,11.0,91.18,51.805
2026-03-12 18:00:00+05:30,12.183333333333332,79.12666666666667,45.629999999999995
2026-03-12 19:00:00+05:30,10.756666666666666,73.15666666666667,42.580000000000005
2026-03-12 20:00:00+05:30,11.7475,64.3375,38.065
2026-03-12 21:00:00+05:30,10.3225,63.3425,37.5475
2026-03-12 22:00:00+05:30,10.23,54.89,33.22
2026-03-12 23:00:00+05:30,9.733333333333333,50.46333333333334,30.956666666666667
2026-03-13 00:00:00+05:30,9.81,39.73,25.46
2026-03-13 01:00:00+05:30,9.8275,43.6125,27.45
2026-03-13 02:00:00+05:30,10.085,42.83,27.05
2026-03-13 03:00:00+05:30,10.435,38.910000000000004,25.0425
2026-03-13 04:00:00+05:30,10.42,40.775,25.9925
2026-03-13 05:00:00+05:30,10.67,43.88666666666666,27.58666666666667
2026-03-13 06:00:00+05:30,10.395,43.707499999999996,27.497500000000002
2026-03-13 07:00:00+05:30,10.2525,46.974999999999994,29.1725
2026-03-13 08:00:00+05:30,11.1875,47.95,29.67
2026-03-13 09:00:00+05:30,10.945,54.5,33.025
2026-03-13 10:00:00+05:30,10.55,58.004999999999995,34.82
2026-03-13 13:00:00+05:30,8.903333333333334,40.6,25.906666666666666
2026-03-13 14:00:00+05:30,11.403333333333334,57.26,34.623333333333335
2026-03-13 15:00:00+05:30,10.67,95.245,53.885
2026-03-13 16:00:00+05:30,9.9275,89.08500000000001,50.7325
2026-03-13 17:00:00+05:30,11.595,84.2675,48.2675
2026-03-13 18:00:00+05:30,10.4575,83.4825,47.86
2026-03-13 19:00:00+05:30,9.883333333333333,79.35000000000001,45.74666666666667
2026-03-13 20:00:00+05:30,9.5825,65.82,38.8225
2026-03-13 21:00:00+05:30,8.875,60.58,36.137499999999996
2026-03-13 22:00:00+05:30,9.252500000000001,59.5175,35.589999999999996
2026-03-13 23:00:00+05:30,9.45,59.44,35.55
2026-03-14 00:00:00+05:30,9.41,50.42,30.93
2026-03-14 01:00:00+05:30,9.165000000000001,49.135,30.275
2026-03-14 02:00:00+05:30,9.067499999999999,47.5575,29.4725
2026-03-14 03:00:00+05:30,9.084999999999999,45.61,28.47
2026-03-14 04:00:00+05:30,9.6325,43.515,27.400000000000002
2026-03-14 05:00:00+05:30,10.2625,45.019999999999996,28.17
2026-03-14 06:00:00+05:30,9.967500000000001,46.5225,28.94
2026-03-14 07:00:00+05:30,10.0225,47.785000000000004,29.585
2026-03-14 08:00:00+05:30,10.35,48.7575,30.085
2026-03-14 09:00:00+05:30,10.07,52.230000000000004,31.86
2026-03-14 10:00:00+05:30,9.883333333333333,59.96666666666667,35.82333333333333
2026-03-14 11:00:00+05:30,9.9925,63.082499999999996,37.4225
2026-03-14 12:00:00+05:30,10.08,64.1275,37.955
2026-03-14 13:00:00+05:30,10.25,65.785,38.802499999999995
2026-03-14 14:00:00+05:30,9.595,70.8825,41.415
2026-03-14 15:00:00+05:30,9.2275,70.4325,41.185
2026-03-14 16:00:00+05:30,8.8925,64.81,38.307500000000005
2026-03-14 17:00:00+05:30,9.2325,63.677499999999995,37.7225
2026-03-14 18:00:00+05:30,9.745000000000001,65.58,38.7
2026-03-14 19:00:00+05:30,9.7025,60.41,36.0525
2026-03-14 20:00:00+05:30,9.565,49.94,30.69
2026-03-14 21:00:00+05:30,9.35,50.2275,30.8325
2026-03-14 22:00:00+05:30,9.620000000000001,49.4975,30.4625
2026-03-14 23:00:00+05:30,9.523333333333333,45.800000000000004,28.573333333333334
2026-03-15 00:00:00+05:30,9.36,36.36,23.74
2026-03-15 01:00:00+05:30,9.68,36.1125,23.61
2026-03-15 02:00:00+05:30,9.685,33.67,22.36
2026-03-15 03:00:00+05:30,9.592500000000001,31.1475,21.065
2026-03-15 04:00:00+05:30,9.9125,31.1775,21.080000000000002
2026-03-15 05:00:00+05:30,9.9275,31.335,21.165
2026-03-15 06:00:00+05:30,9.42,31.947499999999998,21.4775
2026-03-15 07:00:00+05:30,9.754999999999999,32.335,21.675
2026-03-15 08:00:00+05:30,10.445,31.79,21.395
2026-03-15 09:00:00+05:30,10.282499999999999,38.925,25.05
2026-03-15 10:00:00+05:30,9.71,52.0625,31.7775
2026-03-15 11:00:00+05:30,9.436666666666667,56.00666666666667,33.79333333333333
2026-03-15 12:00:00+05:30,9.4525,59.1175,35.394999999999996
2026-03-15 13:00:00+05:30,9.51,61.1775,36.44
2026-03-15 14:00:00+05:30,9.754999999999999,58.6325,35.135
2026-03-15 15:00:00+05:30,9.9475,53.4625,32.485
2026-03-15 16:00:00+05:30,9.1325,49.085,30.252499999999998
2026-03-15 17:00:00+05:30,8.9725,49.4575,30.439999999999998
2026-03-15 18:00:00+05:30,9.3125,46.6175,28.9775
2026-03-15 19:00:00+05:30,10.163333333333334,41.13666666666666,26.183333333333337
2026-03-15 20:00:00+05:30,11.175,46.739999999999995,29.052500000000002
2026-03-15 21:00:00+05:30,11.504999999999999,51.81,31.634999999999998
2026-03-15 22:00:00+05:30,13.0,50.567499999999995,31.0125
2026-03-15 23:00:00+05:30,10.4,55.05666666666667,33.31
2026-03-16 00:00:00+05:30,9.5,49.38,30.4
2026-03-16 01:00:00+05:30,13.84,49.38,30.4
2026-03-16 02:00:00+05:30,10.433333333333334,53.49,32.51
2026-03-16 03:00:00+05:30,9.9775,52.8675,32.1875
2026-03-16 04:00:00+05:30,9.434999999999999,52.265,31.877499999999998
2026-03-16 05:00:00+05:30,10.8225,51.26,31.3675
2026-03-16 06:00:00+05:30,10.557500000000001,47.49,29.4375
2026-03-16 07:00:00+05:30,10.65,49.35333333333333,30.39
2026-03-16 08:00:00+05:30,10.26,59.0025,35.33
2026-03-16 09:00:00+05:30,11.190000000000001,61.305,36.5075
2026-03-16 10:00:00+05:30,10.2075,60.7725,36.235
2026-03-16 11:00:00+05:30,9.524999999999999,57.707499999999996,34.6525
2026-03-16 12:00:00+05:30,10.023333333333333,51.34,31.41
2026-03-16 13:00:00+05:30,10.092500000000001,49.4625,30.445
2026-03-16 14:00:00+05:30,10.3575,48.292500000000004,29.845
2026-03-16 15:00:00+05:30,10.2675,44.105000000000004,27.7025
2026-03-16 16:00:00+05:30,9.76,43.1,27.185
2026-03-16 17:00:00+05:30,9.4725,43.004999999999995,27.13
2026-03-16 18:00:00+05:30,9.467500000000001,41.98,26.615000000000002
2026-03-16 19:00:00+05:30,9.49,41.46666666666666,26.353333333333335
2026-03-16 20:00:00+05:30,9.153333333333334,36.51,23.810000000000002
2026-03-16 21:00:00+05:30,9.7075,37.822500000000005,24.4775
2026-03-16 22:00:00+05:30,9.28,39.925,25.5625
2026-03-16 23:00:00+05:30,8.646666666666667,38.39333333333334,24.77
2026-03-17 00:00:00+05:30,8.58,31.11,21.05
2026-03-17 01:00:00+05:30,8.556666666666667,28.540000000000003,19.733333333333334
2026-03-17 02:00:00+05:30,8.935,22.765,16.775
2026-03-17 03:00:00+05:30,9.4875,23.5725,17.1875
2026-03-17 04:00:00+05:30,10.754999999999999,28.4225,19.67
2026-03-17 05:00:00+05:30,11.59,32.135,21.57
2026-03-17 06:00:00+05:30,11.175,30.7975,20.8875
2026-03-17 07:00:00+05:30,12.8975,31.0575,21.03
2026-03-17 08:00:00+05:30,14.4775,32.865,21.945
2026-03-17 09:00:00+05:30,10.703333333333333,29.540000000000003,20.246666666666666
2026-03-17 10:00:00+05:30,11.15,29.913333333333338,20.433333333333334
2026-03-17 11:00:00+05:30,12.025,31.810000000000002,21.405
2026-03-17 12:00:00+05:30,12.283333333333333,32.10333333333333,21.55666666666667
2026-03-17 13:00:00+05:30,11.2275,33.5325,22.2875
2026-03-17 14:00:00+05:30,11.3625,34.792500000000004,22.9325
2026-03-17 15:00:00+05:30,12.016666666666666,36.97,24.046666666666667
2026-03-17 16:00:00+05:30,11.4175,36.5625,23.84
2026-03-17 17:00:00+05:30,12.7325,35.2375,23.16
2026-03-17 18:00:00+05:30,12.942499999999999,37.7825,24.4625
2026-03-17 19:00:00+05:30,13.0525,35.6225,23.36
2026-03-17 20:00:00+05:30,11.3875,31.43,21.215
2026-03-17 21:00:00+05:30,9.315,32.705,21.865000000000002
2026-03-17 22:00:00+05:30,9.345,34.7775,22.9225
2026-03-17 23:00:00+05:30,10.436666666666667,35.056666666666665,23.066666666666666
2026-03-18 00:00:00+05:30,12.39,33.65,22.35
2026-03-18 01:00:00+05:30,12.015,32.7375,21.8825
2026-03-18 02:00:00+05:30,12.6025,31.355,21.175
2026-03-18 03:00:00+05:30,12.185,28.955,19.94
2026-03-18 04:00:00+05:30,11.602500000000001,23.82,17.3175
2026-03-18 05:00:00+05:30,12.415,20.4625,15.595
2026-03-18 06:00:00+05:30,13.0775,22.0225,16.39
2026-03-18 07:00:00+05:30,13.265,22.990000000000002,16.8925
2026-03-18 08:00:00+05:30,12.9,22.3775,16.582500000000003
2026-03-18 09:00:00+05:30,12.3475,25.2825,18.07
2026-03-18 10:00:00+05:30,12.855,30.4075,20.69
2026-03-18 11:00:00+05:30,12.7975,37.155,24.145
2026-03-18 12:00:00+05:30,13.946666666666667,40.11333333333334,25.656666666666666
2026-03-18 13:00:00+05:30,14.75,39.9375,25.565
2026-03-18 14:00:00+05:30,13.7325,43.1175,27.195
2026-03-18 15:00:00+05:30,10.995,44.975,28.1475
2026-03-18 16:00:00+05:30,10.512500000000001,42.315,26.7875
2026-03-18 17:00:00+05:30,9.4975,37.275,24.2175
2026-03-18 18:00:00+05:30,10.2475,35.004999999999995,23.0425
2026-03-18 19:00:00+05:30,9.83,33.93,22.4925
2026-03-18 20:00:00+05:30,10.625,27.7375,19.32
2026-03-18 21:00:00+05:30,11.26,25.036666666666665,17.936666666666667
2026-03-18 22:00:00+05:30,11.844999999999999,23.307499999999997,17.0575
2026-03-18 23:00:00+05:30,13.85,23.383333333333336,17.093333333333334
2026-03-19 00:00:00+05:30,17.02,33.83,22.44
2026-03-19 01:00:00+05:30,14.425,32.65,21.8375
2026-03-19 02:00:00+05:30,15.2425,31.77,21.39
2026-03-19 03:00:00+05:30,14.09,29.07,19.9925
2026-03-19 04:00:00+05:30,15.1525,23.5625,17.185000000000002
2026-03-19 05:00:00+05:30,13.886666666666668,22.86,16.823333333333334
2026-03-19 06:00:00+05:30,13.1475,26.3775,18.630000000000003
2026-03-19 07:00:00+05:30,12.372499999999999,28.1425,19.525
2026-03-19 08:00:00+05:30,13.42,25.085,17.96
2026-03-19 09:00:00+05:30,13.615,24.075,17.447499999999998
2026-03-19 10:00:00+05:30,13.030000000000001,28.27,19.596666666666668
2026-03-19 11:00:00+05:30,7.4925,34.3725,22.715
2026-03-19 12:00:00+05:30,24.0425,37.215,24.16
2026-03-19 13:00:00+05:30,33.15,41.67666666666667,26.456666666666667
2026-03-19 14:00:00+05:30,31.25,47.042500000000004,29.2075
2026-03-19 15:00:00+05:30,9.28,53.67,32.6025
2026-03-19 16:00:00+05:30,9.2075,52.2525,31.87
2026-03-19 17:00:00+05:30,8.4425,49.0625,30.2375
2026-03-19 18:00:00+05:30,8.706666666666665,46.416666666666664,28.886666666666667
2026-03-19 19:00:00+05:30,8.5775,42.6075,26.935000000000002
2026-03-19 20:00:00+05:30,10.352500000000001,37.2975,24.2125
2026-03-19 21:00:00+05:30,11.156666666666666,36.699999999999996,23.909999999999997
2026-03-19 22:00:00+05:30,11.7675,36.1225,23.615000000000002
2026-03-19 23:00:00+05:30,11.496666666666668,37.14000000000001,24.133333333333336
2026-03-20 00:00:00+05:30,11.7,30.44,20.7
2026-03-20 01:00:00+05:30,10.985,29.9925,20.475
2026-03-20 02:00:00+05:30,11.8525,29.78,20.3675
2026-03-20 03:00:00+05:30,13.745000000000001,29.7825,20.365
2026-03-20 04:00:00+05:30,14.735,26.8,18.8375
2026-03-20 05:00:00+05:30,14.86,25.883333333333336,18.37333333333333
2026-03-20 06:00:00+05:30,12.955,28.3,19.612499999999997
2026-03-20 07:00:00+05:30,12.93,27.9825,19.4425
2026-03-20 08:00:00+05:30,12.1875,32.2875,21.65
2026-03-20 09:00:00+05:30,13.809999999999999,35.4775,23.28
2026-03-20 10:00:00+05:30,15.129999999999999,39.85,25.525000000000002
2026-03-20 11:00:00+05:30,14.915000000000001,46.54,28.947499999999998
2026-03-20 12:00:00+05:30,12.21,51.6175,31.5475
2026-03-20 13:00:00+05:30,10.7975,50.504999999999995,30.98
2026-03-20 14:00:00+05:30,8.8275,47.495,29.439999999999998
2026-03-20 15:00:00+05:30,10.315,46.317499999999995,28.835
2026-03-20 16:00:00+05:30,12.5525,39.1525,25.1675
2026-03-20 17:00:00+05:30,13.004999999999999,32.82,21.927500000000002
2026-03-20 18:00:00+05:30,14.085,32.4075,21.7125
2026-03-20 19:00:00+05:30,10.5475,34.785,22.932499999999997
2026-03-20 20:00:00+05:30,8.365,35.8875,23.4925
2026-03-20 21:00:00+05:30,7.5625,34.7575,22.915
2026-03-20 22:00:00+05:30,8.7775,33.35,22.197499999999998
2026-03-20 23:00:00+05:30,11.163333333333334,32.21333333333333,21.616666666666664
2026-03-21 00:00:00+05:30,11.23,33.26,22.15
2026-03-21 01:00:00+05:30,11.17,35.3275,23.21
2026-03-21 02:00:00+05:30,10.8075,35.5425,23.317500000000003
2026-03-21 03:00:00+05:30,9.6675,31.284999999999997,21.137500000000003
2026-03-21 04:00:00+05:30,9.865,28.2825,19.6075
2026-03-21 05:00:00+05:30,10.515,25.1475,17.997500000000002
2026-03-21 06:00:00+05:30,10.940000000000001,27.615000000000002,19.259999999999998
2026-03-21 07:00:00+05:30,10.785,27.275,19.085
2026-03-21 08:00:00+05:30,10.0725,26.35,18.6075
2026-03-21 09:00:00+05:30,9.535,26.4175,18.645
2026-03-21 10:00:00+05:30,9.26,24.572499999999998,17.705
2026-03-21 11:00:00+05:30,9.2575,22.96,16.877499999999998
2026-03-21 12:00:00+05:30,9.1275,23.599999999999998,17.2025
2026-03-21 13:00:00+05:30,9.816666666666666,23.78,17.293333333333333
2026-03-21 14:00:00+05:30,11.93,26.9125,18.89
2026-03-21 15:00:00+05:30,13.68,29.52,20.2325
2026-03-21 16:00:00+05:30,9.0425,25.95,18.4075
2026-03-21 17:00:00+05:30,9.9075,24.055,17.439999999999998
2026-03-21 18:00:00+05:30,11.34,26.12,18.495
2026-03-21 19:00:00+05:30,12.5825,33.332499999999996,22.185000000000002
2026-03-21 20:00:00+05:30,12.1625,44.167500000000004,27.745
2026-03-21 21:00:00+05:30,12.747499999999999,48.307500000000005,29.855
2026-03-21 22:00:00+05:30,12.7325,51.410000000000004,31.442500000000003
2026-03-21 23:00:00+05:30,12.365,56.13,33.86
2026-03-22 00:00:00+05:30,11.34,44.78,28.05
2026-03-22 01:00:00+05:30,11.3325,41.6225,26.4325
2026-03-22 02:00:00+05:30,10.9575,37.5325,24.3375
2026-03-22 03:00:00+05:30,10.2625,37.9,24.5225
2026-03-22 04:00:00+05:30,10.307500000000001,35.697500000000005,23.3975
2026-03-22 05:00:00+05:30,11.0175,35.5625,23.317500000000003
2026-03-22 06:00:00+05:30,10.657499999999999,43.3875,27.34
2026-03-22 07:00:00+05:30,11.39,47.81333333333333,29.603333333333335
2026-03-22 08:00:00+05:30,10.6125,47.75,29.5675
2026-03-22 09:00:00+05:30,10.5075,45.457499999999996,28.3975
2026-03-22 10:00:00+05:30,10.635,44.324999999999996,27.8175
2026-03-22 11:00:00+05:30,10.557500000000001,47.4825,29.43
2026-03-22 12:00:00+05:30,9.067499999999999,47.15,29.26
2026-03-22 13:00:00+05:30,9.65,43.6625,27.48
2026-03-22 14:00:00+05:30,9.647499999999999,42.7325,26.9975
2026-03-22 15:00:00+05:30,10.3525,43.265,27.2725
2026-03-22 16:00:00+05:30,10.0,39.910000000000004,25.552500000000002
2026-03-22 17:00:00+05:30,13.783333333333331,36.78666666666667,23.956666666666667
2026-03-22 18:00:00+05:30,20.84,46.7675,29.064999999999998
2026-03-22 19:00:00+05:30,15.0775,69.5925,40.7475
2026-03-22 20:00:00+05:30,15.125,75.5175,43.8
2026-03-22 21:00:00+05:30,15.1625,69.28,40.589999999999996
2026-03-22 22:00:00+05:30,15.1175,70.22,41.0725
2026-03-22 23:00:00+05:30,14.256666666666666,69.96999999999998,40.946666666666665
2026-03-23 00:00:00+05:30,14.03,64.86,38.33
2026-03-23 01:00:00+05:30,13.766666666666666,64.0,37.88999999999999
2026-03-23 02:00:00+05:30,14.115,66.7775,39.3125
2026-03-23 03:00:00+05:30,14.9525,73.2475,42.6225
2026-03-23 04:00:00+05:30,15.715,71.05,41.4975
2026-03-23 05:00:00+05:30,16.795,70.79249999999999,41.365
2026-03-23 06:00:00+05:30,16.802500000000002,77.94,45.035000000000004
2026-03-23 07:00:00+05:30,15.57,78.45750000000001,45.285
2026-03-23 08:00:00+05:30,15.5475,69.72,40.8175
2026-03-23 09:00:00+05:30,15.336666666666668,61.52,36.620000000000005
2026-03-23 10:00:00+05:30,15.0125,55.96,33.77
2026-03-23 11:00:00+05:30,12.8475,49.317499999999995,30.3675
2026-03-23 12:00:00+05:30,12.5625,46.7475,29.0575
2026-03-23 13:00:00+05:30,10.9625,48.4225,29.915
2026-03-23 14:00:00+05:30,10.423333333333334,50.413333333333334,30.929999999999996
2026-03-23 15:00:00+05:30,11.770000000000001,52.553333333333335,32.026666666666664
2026-03-23 17:00:00+05:30,,45.01,28.17
2026-03-23 18:00:00+05:30,17.067500000000003,45.4,28.3675
2026-03-23 19:00:00+05:30,20.5275,54.0025,32.7725
2026-03-23 20:00:00+05:30,17.2075,65.2775,38.54
2026-03-23 21:00:00+05:30,20.475,63.4825,37.6225
2026-03-23 22:00:00+05:30,19.697499999999998,60.162499999999994,35.9225
2026-03-23 23:00:00+05:30,22.174999999999997,60.8,36.25
2026-03-24 00:00:00+05:30,16.08,51.31,31.39
2026-03-24 01:00:00+05:30,16.53,48.722500000000004,30.065
2026-03-24 02:00:00+05:30,14.9525,43.49,27.3875
2026-03-24 03:00:00+05:30,16.25,43.067499999999995,27.17
2026-03-24 04:00:00+05:30,16.035,44.5475,27.925
2026-03-24 05:00:00+05:30,16.5125,42.83,27.05
2026-03-24 06:00:00+05:30,18.0475,45.55,28.445
2026-03-24 07:00:00+05:30,16.3,51.18,31.325
2026-03-24 08:00:00+05:30,13.1925,52.3275,31.9125
2026-03-24 09:00:00+05:30,11.9275,50.355,30.9025
2026-03-24 10:00:00+05:30,13.592500000000001,50.7175,31.085
2026-03-24 11:00:00+05:30,14.3675,52.772499999999994,32.14
2026-03-24 12:00:00+05:30,13.865,51.53,31.505
2026-03-24 13:00:00+05:30,13.073333333333332,49.95666666666667,30.69666666666667
2026-03-24 14:00:00+05:30,11.2025,55.83,33.7025
2026-03-24 15:00:00+05:30,10.33,60.655,36.1725
2026-03-24 16:00:00+05:30,14.15,58.03333333333333,34.833333333333336
2026-03-24 17:00:00+05:30,15.410000000000002,54.1625,32.855000000000004
2026-03-24 18:00:00+05:30,15.426666666666668,49.50333333333333,30.46666666666667
2026-03-24 19:00:00+05:30,14.235,46.61,28.98
2026-03-24 21:00:00+05:30,7.28,49.7525,30.595
2026-03-24 22:00:00+05:30,7.4775,47.31,29.34
2026-03-24 23:00:00+05:30,10.790000000000001,43.99,27.643333333333334
2026-03-25 00:00:00+05:30,14.87,37.77,24.46
2026-03-25 01:00:00+05:30,13.883333333333335,36.59666666666667,23.86
2026-03-25 02:00:00+05:30,13.684999999999999,36.4375,23.775
2026-03-25 03:00:00+05:30,13.845,36.28,23.6925
2026-03-25 04:00:00+05:30,13.116666666666667,34.95333333333333,23.013333333333332
2026-03-25 05:00:00+05:30,14.020000000000001,33.166666666666664,22.103333333333335
2026-03-25 06:00:00+05:30,15.985,29.85,20.405
2026-03-25 07:00:00+05:30,15.2075,31.41,21.2025
2026-03-25 08:00:00+05:30,13.43,32.34,21.68
2026-03-25 09:00:00+05:30,11.772499999999999,32.345,21.68
2026-03-25 10:00:00+05:30,9.26,33.63,22.34
2026-03-25 11:00:00+05:30,9.856666666666667,41.09,26.156666666666666
2026-03-25 13:00:00+05:30,13.58,40.22,25.71
2026-03-25 14:00:00+05:30,14.13,52.0,31.743333333333336
2026-03-25 15:00:00+05:30,10.535,56.385000000000005,33.985
2026-03-25 16:00:00+05:30,10.1225,53.3825,32.4525
2026-03-25 17:00:00+05:30,9.407499999999999,50.99,31.225
2026-03-25 18:00:00+05:30,13.5875,47.2375,29.302500000000002
2026-03-25 19:00:00+05:30,12.745000000000001,47.16,29.267500000000002
2026-03-25 20:00:00+05:30,8.445,44.225,27.767500000000002
2026-03-25 21:00:00+05:30,8.8125,42.3675,26.815
2026-03-25 22:00:00+05:30,9.94,46.435,28.905
2026-03-25 23:00:00+05:30,9.885,49.64,30.54
2026-03-26 01:00:00+05:30,12.67,42.87,27.07
2026-03-26 02:00:00+05:30,13.407499999999999,38.9,25.035
2026-03-26 03:00:00+05:30,13.0225,37.4125,24.2725
2026-03-26 04:00:00+05:30,12.1375,43.0325,27.1525
2026-03-26 05:00:00+05:30,12.93,43.32,27.305
2026-03-26 06:00:00+05:30,11.682500000000001,41.1625,26.1925
2026-03-26 07:00:00+05:30,13.379999999999999,41.1325,26.18
2026-03-26 08:00:00+05:30,13.7975,43.1725,27.225
2026-03-26 09:00:00+05:30,14.445,44.79,28.055
2026-03-26 10:00:00+05:30,12.157499999999999,48.3225,29.8475
2026-03-26 11:00:00+05:30,10.935,53.31,32.4125
2026-03-26 12:00:00+05:30,10.5,54.545,33.05
2026-03-26 13:00:00+05:30,12.2675,59.406666666666666,35.53666666666667
2026-03-26 14:00:00+05:30,12.44,66.0375,38.9325
2026-03-26 15:00:00+05:30,12.600000000000001,68.6675,40.28
2026-03-26 16:00:00+05:30,11.766666666666666,67.78333333333335,39.82666666666666
2026-03-26 17:00:00+05:30,13.453333333333333,72.11666666666667,42.04333333333333
2026-03-26 18:00:00+05:30,16.496666666666666,79.33,45.74333333333333
2026-03-26 19:00:00+05:30,14.67,81.32,46.76
2026-03-26 20:00:00+05:30,12.647499999999999,80.8625,46.515
2026-03-26 21:00:00+05:30,12.86,73.2475,42.625
2026-03-26 22:00:00+05:30,13.67,68.0775,39.980000000000004
2026-03-26 23:00:00+05:30,12.6,70.6,41.27
2026-03-27 00:00:00+05:30,12.52,51.94,31.71
2026-03-27 01:00:00+05:30,12.67,52.56,32.0275
2026-03-27 02:00:00+05:30,12.103333333333333,55.07,33.31333333333333
2026-03-27 03:00:00+05:30,13.770000000000001,53.61666666666667,32.57
2026-03-27 04:00:00+05:30,14.42,47.47333333333333,29.423333333333336
2026-03-27 05:00:00+05:30,14.383333333333333,42.17666666666667,26.72666666666667
2026-03-27 06:00:00+05:30,13.635000000000002,36.072500000000005,23.59
2026-03-27 07:00:00+05:30,12.566666666666668,36.333333333333336,23.723333333333333
2026-03-27 08:00:00+05:30,9.0775,37.905,24.5275
2026-03-27 09:00:00+05:30,12.59,43.6,27.439999999999998
2026-03-27 10:00:00+05:30,10.543333333333335,47.9,29.64
2026-03-27 11:00:00+05:30,19.405,3.5675,6.8775
2026-03-27 12:00:00+05:30,45.79,47.6325,29.509999999999998
2026-03-27 13:00:00+05:30,9.075,48.33,29.87
2026-03-27 14:00:00+05:30,9.12,46.03,28.689999999999998
2026-03-27 15:00:00+05:30,9.802499999999998,61.589999999999996,36.6475
2026-03-27 16:00:00+05:30,11.795,67.0725,39.4625
2026-03-27 17:00:00+05:30,14.14,67.78333333333335,39.82666666666667
2026-03-27 18:00:00+05:30,11.962499999999999,69.5075,40.7075
2026-03-27 19:00:00+05:30,11.2025,72.66,42.3225
2026-03-27 20:00:00+05:30,11.245,79.8425,46.005
2026-03-27 21:00:00+05:30,11.9525,75.2275,43.637499999999996
2026-03-27 22:00:00+05:30,13.04,69.5575,40.7375
2026-03-27 23:00:00+05:30,12.940000000000001,68.25,40.06
2026-03-28 00:00:00+05:30,13.72,61.86,36.79
2026-03-28 01:00:00+05:30,11.377500000000001,50.6475,31.05
2026-03-28 02:00:00+05:30,10.186666666666666,40.70666666666667,25.959999999999997
2026-03-28 03:00:00+05:30,9.2075,36.78,23.9575
2026-03-28 04:00:00+05:30,9.192499999999999,33.8025,22.43
2026-03-28 05:00:00+05:30,9.716666666666667,31.77,21.39
2026-03-28 06:00:00+05:30,10.2775,25.3875,18.12
2026-03-28 07:00:00+05:30,11.796666666666667,38.57666666666667,24.873333333333335
2026-03-28 08:00:00+05:30,16.826666666666664,44.35,27.83
2026-03-28 09:00:00+05:30,12.19,46.04333333333333,28.69666666666667
2026-03-28 10:00:00+05:30,11.6275,44.4275,27.8675
2026-03-28 11:00:00+05:30,11.9275,44.4025,27.855
2026-03-28 12:00:00+05:30,12.5425,47.0625,29.23
2026-03-28 13:00:00+05:30,11.93,38.525,24.8375
2026-03-28 14:00:00+05:30,10.7725,44.182500000000005,27.7425
2026-03-28 15:00:00+05:30,10.46,46.545,28.947499999999998
2026-03-28 16:00:00+05:30,10.0625,45.165,28.244999999999997
2026-03-28 17:00:00+05:30,11.943333333333333,44.06,27.680000000000003
2026-03-28 18:00:00+05:30,12.4925,43.025,27.15
2026-03-28 19:00:00+05:30,15.515,37.345,24.255000000000003
2026-03-28 20:00:00+05:30,14.77,44.9425,28.127499999999998
2026-03-28 21:00:00+05:30,14.48,50.379999999999995,30.9175
2026-03-28 22:00:00+05:30,12.147499999999999,49.685,30.5625
2026-03-28 23:00:00+05:30,11.41,44.44,27.87
2026-03-29 00:00:00+05:30,12.47,47.55,29.47
2026-03-29 01:00:00+05:30,13.2675,43.7325,27.52
2026-03-29 02:00:00+05:30,14.067499999999999,38.4325,24.795
2026-03-29 03:00:00+05:30,13.219999999999999,37.8625,24.5025
2026-03-29 04:00:00+05:30,12.057500000000001,38.1325,24.6525
2026-03-29 05:00:00+05:30,10.5875,35.435,23.2575
2026-03-29 06:00:00+05:30,10.3575,41.0875,26.1575
2026-03-29 07:00:00+05:30,11.723333333333334,34.56333333333333,22.816666666666666
2026-03-29 08:00:00+05:30,11.836666666666666,39.65,25.42
2026-03-29 09:00:00+05:30,10.6175,37.755,24.4525
2026-03-29 10:00:00+05:30,9.445,43.22,27.2475
2026-03-29 11:00:00+05:30,9.5825,42.265,26.7625
2026-03-29 12:00:00+05:30,9.305,49.035,30.225
2026-03-29 13:00:00+05:30,10.765,50.730000000000004,31.0925
2026-03-29 14:00:00+05:30,11.175,46.925,29.145
2026-03-29 15:00:00+05:30,9.6925,50.165,30.805
2026-03-29 16:00:00+05:30,9.186666666666667,52.86666666666667,32.18666666666667
2026-03-29 17:00:00+05:30,9.1725,50.865,31.16
2026-03-29 18:00:00+05:30,8.435,48.7275,30.07
2026-03-29 19:00:00+05:30,10.9275,49.315,30.37
2026-03-29 20:00:00+05:30,11.9,53.3275,32.42
2026-03-29 21:00:00+05:30,12.7075,49.015,30.2125
2026-03-29 22:00:00+05:30,10.4325,49.190000000000005,30.305
2026-03-29 23:00:00+05:30,9.19,47.28,29.33
2026-03-30 00:00:00+05:30,7.94,46.16,28.76
2026-03-30 01:00:00+05:30,9.7125,44.832499999999996,28.07
2026-03-30 02:00:00+05:30,11.2875,43.089999999999996,27.18
2026-03-30 03:00:00+05:30,11.9425,34.21,22.6325
2026-03-30 04:00:00+05:30,11.696666666666667,37.35333333333333,24.24666666666667
2026-03-30 05:00:00+05:30,10.415,35.345,23.215
2026-03-30 06:00:00+05:30,10.7325,35.175000000000004,23.125
2026-03-30 07:00:00+05:30,9.636666666666667,43.25,27.26
2026-03-30 10:00:00+05:30,12.323333333333332,53.14000000000001,32.32666666666666
2026-03-30 11:00:00+05:30,10.81,55.403333333333336,33.48333333333333
2026-03-30 12:00:00+05:30,9.5075,63.2,37.4775
2026-03-30 13:00:00+05:30,9.3875,58.89,35.2775
2026-03-30 14:00:00+05:30,9.184999999999999,56.19,33.8875
2026-03-30 15:00:00+05:30,10.4175,54.315,32.925000000000004
2026-03-30 16:00:00+05:30,10.850000000000001,50.005,30.7275
2026-03-30 17:00:00+05:30,9.633333333333333,48.06333333333333,29.73
2026-03-30 18:00:00+05:30,10.3875,44.6225,27.965
2026-03-30 19:00:00+05:30,10.07,47.1475,29.267500000000002
2026-03-30 20:00:00+05:30,8.5225,48.625,30.0175
2026-03-30 21:00:00+05:30,11.3475,43.38666666666666,27.33
2026-03-30 22:00:00+05:30,13.76,43.84,27.5625
2026-03-30 23:00:00+05:30,13.08,40.89,26.06
2026-03-31 00:00:00+05:30,12.13,32.94,21.98
2026-03-31 01:00:00+05:30,13.102500000000001,31.1625,21.080000000000002
2026-03-31 02:00:00+05:30,12.057500000000001,25.0125,17.9225
2026-03-31 03:00:00+05:30,14.5075,29.6525,20.3
2026-03-31 04:00:00+05:30,13.9275,33.305,22.1675
2026-03-31 05:00:00+05:30,13.9,36.973333333333336,24.05
2026-03-31 06:00:00+05:30,13.4575,36.582499999999996,23.8525
2026-03-31 07:00:00+05:30,13.725,33.8825,22.4625
2026-03-31 08:00:00+05:30,14.825,40.58,25.895
2026-03-31 09:00:00+05:30,14.49,46.505,28.95
2026-03-31 10:00:00+05:30,16.127499999999998,60.0325,35.8575
2026-03-31 11:00:00+05:30,18.765,59.96,35.82
2026-03-31 12:00:00+05:30,16.826666666666664,67.64333333333333,39.72666666666667
2026-03-31 13:00:00+05:30,15.0675,81.3625,46.78
2026-03-31 14:00:00+05:30,12.465,79.53,45.84
2026-03-31 15:00:00+05:30,10.7625,72.07000000000001,42.0175
2026-03-31 16:00:00+05:30,10.66,68.965,40.425
2026-03-31 17:00:00+05:30,12.765,55.515,33.537499999999994
2026-03-31 18:00:00+05:30,15.166666666666666,55.550000000000004,33.56333333333333
2026-03-31 19:00:00+05:30,22.34,60.1275,35.902499999999996
2026-03-31 20:00:00+05:30,17.6675,78.75,45.4375
2026-03-31 21:00:00+05:30,15.383333333333335,75.25333333333333,43.65
2026-03-31 22:00:00+05:30,11.4525,69.9875,40.955
2026-03-31 23:00:00+05:30,12.7,65.77,38.79
2026-04-01 00:00:00+05:30,13.47,57.0,34.3
2026-04-01 01:00:00+05:30,12.095,47.5125,29.4475
2026-04-01 02:00:00+05:30,9.655000000000001,41.8925,26.567500000000003
2026-04-01 03:00:00+05:30,9.993333333333332,32.14666666666667,21.58
2026-04-01 04:00:00+05:30,11.2825,33.285,22.165
2026-04-01 05:00:00+05:30,11.88,33.446666666666665,22.236666666666668
2026-04-01 06:00:00+05:30,13.1075,31.41,21.21
2026-04-01 07:00:00+05:30,13.290000000000001,36.3475,23.73
2026-04-01 08:00:00+05:30,9.787500000000001,43.175000000000004,27.224999999999998
2026-04-01 09:00:00+05:30,9.1475,41.495,26.3675
2026-04-01 10:00:00+05:30,8.783333333333333,47.02333333333333,29.19333333333333
2026-04-01 11:00:00+05:30,8.476666666666667,47.24,29.31
2026-04-01 12:00:00+05:30,10.145,53.66,32.59
2026-04-01 13:00:00+05:30,10.03,52.43,31.96
2026-04-01 14:00:00+05:30,9.575,55.2325,33.3975
2026-04-01 15:00:00+05:30,8.665,56.15,33.8675
2026-04-01 16:00:00+05:30,9.469999999999999,69.5625,40.7325
2026-04-01 17:00:00+05:30,10.173333333333334,75.44,43.74666666666667
2026-04-01 18:00:00+05:30,11.1475,79.52666666666666,45.836666666666666
2026-04-01 19:00:00+05:30,12.13,70.8275,41.379999999999995
2026-04-01 20:00:00+05:30,9.7025,69.2875,40.582499999999996
2026-04-01 21:00:00+05:30,7.775,55.8375,33.7125
2026-04-01 22:00:00+05:30,7.3149999999999995,49.355,30.387500000000003
2026-04-01 23:00:00+05:30,7.669999999999999,45.93,28.64
2026-04-02 00:00:00+05:30,9.1,51.32,31.39
2026-04-02 01:00:00+05:30,10.3325,49.375,30.400000000000002
2026-04-02 02:00:00+05:30,13.410000000000002,54.11000000000001,32.82666666666666
2026-04-02 03:00:00+05:30,11.246666666666664,44.26666666666667,27.78333333333333
2026-04-02 04:00:00+05:30,11.934999999999999,35.465,23.28
2026-04-02 05:00:00+05:30,10.666666666666666,38.89666666666667,25.036666666666665
2026-04-02 06:00:00+05:30,11.649999999999999,37.872499999999995,24.51
2026-04-02 07:00:00+05:30,11.39,38.0175,24.585
2026-04-02 08:00:00+05:30,11.8425,44.6325,27.97
2026-04-02 09:00:00+05:30,12.07,32.4225,21.7175
2026-04-02 10:00:00+05:30,8.84,39.605000000000004,25.4
2026-04-02 11:00:00+05:30,7.305,36.91,24.020000000000003
2026-04-02 12:00:00+05:30,7.665,41.18,26.2025
2026-04-02 13:00:00+05:30,8.0625,42.037499999999994,26.645
2026-04-02 14:00:00+05:30,9.636666666666667,49.72,30.570000000000004
2026-04-02 15:00:00+05:30,11.3325,52.1275,31.8125
2026-04-02 16:00:00+05:30,12.26,53.43000000000001,32.48
2026-04-02 17:00:00+05:30,11.112499999999999,50.6325,31.0475
2026-04-02 18:00:00+05:30,9.0725,45.8725,28.605
2026-04-02 19:00:00+05:30,9.28,44.5775,27.9425
2026-04-02 20:00:00+05:30,10.675,47.37,29.372500000000002
2026-04-02 21:00:00+05:30,12.18,42.22666666666667,26.74
2026-04-02 22:00:00+05:30,12.7575,40.445,25.8275
2026-04-02 23:00:00+05:30,9.82,,
2026-04-03 00:00:00+05:30,9.97,36.4,23.75
2026-04-03 01:00:00+05:30,8.9675,35.349999999999994,23.2225
2026-04-03 02:00:00+05:30,10.32,28.975,19.9525
2026-04-03 03:00:00+05:30,12.226666666666667,26.493333333333336,18.683333333333334
2026-04-03 04:00:00+05:30,13.973333333333334,27.986666666666668,19.453333333333333
2026-04-03 05:00:00+05:30,12.8675,30.34,20.657500000000002
2026-04-03 06:00:00+05:30,12.6425,24.0875,17.4525
2026-04-03 07:00:00+05:30,11.655,28.235,19.5775
2026-04-03 08:00:00+05:30,9.87,29.5275,20.2375
2026-04-03 09:00:00+05:30,11.1375,34.575,22.825000000000003
2026-04-03 10:00:00+05:30,11.905000000000001,38.475,24.82
2026-04-03 11:00:00+05:30,12.56,41.2275,26.2275
2026-04-03 12:00:00+05:30,10.4225,54.6625,33.105
2026-04-03 13:00:00+05:30,11.2975,58.800000000000004,35.2275
2026-04-03 14:00:00+05:30,9.41,68.4425,40.165
2026-04-03 15:00:00+05:30,8.5175,69.455,40.68
2026-04-03 16:00:00+05:30,10.2,76.5975,44.3425
2026-04-03 17:00:00+05:30,11.35,69.38333333333334,40.64
2026-04-03 18:00:00+05:30,10.1575,66.57249999999999,39.205
2026-04-03 19:00:00+05:30,8.4575,64.60499999999999,38.2
2026-04-03 20:00:00+05:30,7.533333333333334,62.919999999999995,37.34
2026-04-03 21:00:00+05:30,8.196666666666667,58.45,35.0375
2026-04-03 22:00:00+05:30,9.479999999999999,52.18666666666667,31.836666666666662
2026-04-03 23:00:00+05:30,10.635,39.66,25.43
2026-04-04 00:00:00+05:30,10.37,40.83,26.02
2026-04-04 01:00:00+05:30,9.62,39.665,25.427500000000002
2026-04-04 02:00:00+05:30,9.545,37.775,24.4575
2026-04-04 03:00:00+05:30,8.5275,37.5125,24.33
2026-04-04 04:00:00+05:30,9.815,38.255,24.71
2026-04-04 05:00:00+05:30,12.05,40.97,26.0975
2026-04-04 06:00:00+05:30,12.266666666666666,43.333333333333336,27.30333333333333
2026-04-04 07:00:00+05:30,10.306666666666667,42.86333333333334,27.070000000000004
2026-04-04 08:00:00+05:30,9.120000000000001,46.959999999999994,29.165
2026-04-04 09:00:00+05:30,11.525,48.22,29.7975
2026-04-04 10:00:00+05:30,14.495000000000001,56.805,34.2025
2026-04-04 11:00:00+05:30,13.315000000000001,73.8375,42.9275
2026-04-04 12:00:00+05:30,13.4875,105.885,59.3325
2026-04-04 13:00:00+05:30,12.1475,115.6,64.31
2026-04-04 14:00:00+05:30,10.705,117.69,65.37
2026-04-04 15:00:00+05:30,9.932500000000001,121.7125,67.445
2026-04-04 16:00:00+05:30,9.58,125.57333333333334,69.41333333333334
2026-04-04 17:00:00+05:30,12.5675,124.35,68.7825
2026-04-04 18:00:00+05:30,14.5,125.8725,69.57000000000001
2026-04-04 19:00:00+05:30,11.967500000000001,128.42,70.855
2026-04-04 20:00:00+05:30,10.685,114.17750000000001,63.5775
2026-04-04 21:00:00+05:30,9.15,91.96,52.2
2026-04-04 22:00:00+05:30,8.8225,69.5025,40.7025
2026-04-04 23:00:00+05:30,8.6,60.39000000000001,36.04
2026-04-05 00:00:00+05:30,10.46,50.58,30.98
2026-04-05 01:00:00+05:30,11.376666666666667,46.23,28.786666666666665
2026-04-05 02:00:00+05:30,11.200000000000001,47.91,29.666666666666668
2026-04-05 03:00:00+05:30,10.504999999999999,41.269999999999996,26.255
2026-04-05 04:00:00+05:30,10.01,51.795,31.6425
2026-04-05 05:00:00+05:30,9.983333333333333,37.09,24.11
2026-04-05 06:00:00+05:30,10.395,41.099999999999994,26.162499999999998
2026-04-05 07:00:00+05:30,11.7675,50.959999999999994,31.192500000000003
2026-04-05 08:00:00+05:30,11.8325,64.5475,38.1675
2026-04-05 09:00:00+05:30,10.0175,83.58500000000001,47.915
2026-04-05 10:00:00+05:30,8.93,82.91749999999999,47.575
2026-04-05 11:00:00+05:30,8.719999999999999,67.61,39.74
2026-04-05 12:00:00+05:30,8.932500000000001,57.6825,34.6575
2026-04-05 13:00:00+05:30,9.450000000000001,58.85666666666666,35.25666666666667
2026-04-05 14:00:00+05:30,10.593333333333334,48.943333333333335,30.163333333333338
2026-04-05 15:00:00+05:30,10.780000000000001,59.245,35.455
2026-04-05 16:00:00+05:30,13.752500000000001,60.6875,36.19
2026-04-05 17:00:00+05:30,11.485,51.995,31.744999999999997
2026-04-05 18:00:00+05:30,9.1775,52.1175,31.805
2026-04-05 19:00:00+05:30,8.736666666666666,40.23,25.72
2026-04-05 20:00:00+05:30,9.9575,44.1875,27.744999999999997
2026-04-05 21:00:00+05:30,11.123333333333335,43.89333333333334,27.596666666666668
2026-04-05 22:00:00+05:30,10.842500000000001,40.4375,25.822499999999998
2026-04-05 23:00:00+05:30,10.835,43.85,27.57
2026-04-06 01:00:00+05:30,9.3,52.68,32.09
2026-04-06 02:00:00+05:30,9.865,50.83,31.1425
2026-04-06 03:00:00+05:30,10.705,48.4525,29.927500000000002
2026-04-06 04:00:00+05:30,10.61,47.3775,29.380000000000003
2026-04-06 05:00:00+05:30,10.386666666666667,37.589999999999996,24.37
2026-04-06 06:00:00+05:30,10.8975,35.692499999999995,23.395000000000003
2026-04-06 07:00:00+05:30,10.3375,39.7025,25.45
2026-04-06 08:00:00+05:30,10.0275,48.17,29.79
2026-04-06 09:00:00+05:30,10.745,54.25,32.8975
2026-04-06 10:00:00+05:30,11.2225,57.4675,34.54
2026-04-06 11:00:00+05:30,9.524999999999999,53.14,32.33
2026-04-06 12:00:00+05:30,9.192499999999999,59.195,35.4275
2026-04-06 13:00:00+05:30,7.6000000000000005,55.20333333333334,33.38333333333333
2026-04-06 14:00:00+05:30,7.6925,57.7825,34.7075
2026-04-06 15:00:00+05:30,9.379999999999999,46.495000000000005,28.9225
2026-04-06 16:00:00+05:30,10.620000000000001,56.365,33.98
2026-04-06 17:00:00+05:30,9.475,54.33,32.9325
2026-04-06 18:00:00+05:30,9.11,60.36,36.02
2026-04-06 19:00:00+05:30,9.379999999999999,68.61500000000001,40.25
2026-04-06 20:00:00+05:30,8.7225,75.335,43.6875
2026-04-06 21:00:00+05:30,8.04,61.7975,36.760000000000005
2026-04-06 22:00:00+05:30,7.705,39.415,25.322499999999998
2026-04-06 23:00:00+05:30,7.4399999999999995,23.71,17.26
2026-04-07 01:00:00+05:30,8.07,17.15,13.9
2026-04-07 02:00:00+05:30,8.0075,20.1425,15.435
2026-04-07 03:00:00+05:30,7.9725,15.315,12.962499999999999
2026-04-07 04:00:00+05:30,8.535,15.4875,13.0525
2026-04-07 05:00:00+05:30,9.116666666666667,14.086666666666666,12.32
2026-04-07 06:00:00+05:30,11.5425,20.025,15.375
2026-04-07 07:00:00+05:30,12.0125,34.8775,23.015
2026-04-07 08:00:00+05:30,11.035,60.835,36.27
2026-04-07 09:00:00+05:30,8.6375,71.22500000000001,41.56
2026-04-07 10:00:00+05:30,8.52,52.8975,32.205
2026-04-07 11:00:00+05:30,8.05,47.7,29.54
2026-04-07 12:00:00+05:30,7.48,53.01,32.26333333333333
2026-04-07 13:00:00+05:30,7.859999999999999,45.53,28.429999999999996
2026-04-07 16:00:00+05:30,9.193333333333333,52.43333333333334,31.963333333333335
2026-04-07 17:00:00+05:30,10.006666666666666,48.15,29.77333333333333
2026-04-07 18:00:00+05:30,11.17,45.26,28.295
2026-04-07 19:00:00+05:30,9.505,41.057500000000005,26.1375
2026-04-07 20:00:00+05:30,9.592500000000001,34.5775,22.82
2026-04-07 21:00:00+05:30,7.905,32.745,21.8825
2026-04-07 22:00:00+05:30,7.8374999999999995,34.0825,22.5725
2026-04-07 23:00:00+05:30,8.66,31.3,21.14
2026-04-08 00:00:00+05:30,8.67,33.44,22.24
2026-04-08 01:00:00+05:30,8.9875,32.84,21.9375
2026-04-08 02:00:00+05:30,8.7025,30.97,20.98
2026-04-08 03:00:00+05:30,8.3225,25.7925,18.33
2026-04-08 04:00:00+05:30,8.3225,23.4575,17.125
2026-04-08 05:00:00+05:30,8.43,19.607499999999998,15.16
2026-04-08 06:00:00+05:30,9.0625,21.95,16.3625
2026-04-08 07:00:00+05:30,9.416666666666666,26.05,18.456666666666667
2026-04-08 08:00:00+05:30,10.4925,26.252499999999998,18.5625
2026-04-08 09:00:00+05:30,11.0725,29.3175,20.1325
2026-04-08 10:00:00+05:30,9.735,47.3375,29.355
2026-04-08 11:00:00+05:30,8.8075,42.947500000000005,27.1075
2026-04-08 12:00:00+05:30,9.4375,41.4075,26.317500000000003
2026-04-08 13:00:00+05:30,9.965,43.644999999999996,27.475
2026-04-08 14:00:00+05:30,9.3525,37.7425,24.439999999999998
2026-04-08 15:00:00+05:30,8.703333333333333,30.820000000000004,20.896666666666665
2026-04-08 16:00:00+05:30,9.1725,31.99,21.5025
2026-04-08 17:00:00+05:30,10.7725,34.0975,22.5775
2026-04-08 18:00:00+05:30,10.1125,31.57,21.28
2026-04-08 19:00:00+05:30,10.7375,31.37,21.185
2026-04-08 20:00:00+05:30,9.8225,34.1025,22.5775
2026-04-08 21:00:00+05:30,9.506666666666668,25.48333333333333,18.166666666666668
2026-04-08 22:00:00+05:30,8.7225,30.125,20.545
2026-04-08 23:00:00+05:30,8.24,22.78,16.78
2026-04-09 01:00:00+05:30,9.19,23.28,17.04
2026-04-09 02:00:00+05:30,9.085,19.04,14.8725
2026-04-09 03:00:00+05:30,9.8525,24.585,17.71
2026-04-09 04:00:00+05:30,9.04,29.525,20.244999999999997
2026-04-09 05:00:00+05:30,8.8875,27.2625,19.08
2026-04-09 06:00:00+05:30,8.9775,25.232499999999998,18.032500000000002
2026-04-09 07:00:00+05:30,9.283333333333333,22.016666666666666,16.393333333333334
2026-04-09 08:00:00+05:30,9.0275,23.0825,16.932499999999997
2026-04-09 09:00:00+05:30,9.5175,23.8925,17.355
2026-04-09 10:00:00+05:30,9.555,24.035,17.4225
2026-04-09 11:00:00+05:30,9.17,24.09,17.45
2026-04-09 14:00:00+05:30,8.729999999999999,38.839999999999996,25.00666666666667
2026-04-09 15:00:00+05:30,9.5,43.415,27.35
2026-04-09 16:00:00+05:30,9.986666666666666,44.85999999999999,28.09
2026-04-09 17:00:00+05:30,9.1375,42.39,26.8325
2026-04-09 18:00:00+05:30,9.476666666666667,45.4,28.366666666666664
2026-04-09 19:00:00+05:30,8.96,43.635,27.46
2026-04-09 20:00:00+05:30,9.297500000000001,43.85,27.570000000000004
2026-04-09 21:00:00+05:30,9.91,41.336666666666666,26.28333333333333
2026-04-09 22:00:00+05:30,11.716666666666667,41.056666666666665,26.14
2026-04-09 23:00:00+05:30,10.516666666666666,41.22,26.23
2026-04-10 00:00:00+05:30,10.98,42.19,26.72
2026-04-10 01:00:00+05:30,11.875,41.5275,26.38
2026-04-10 02:00:00+05:30,10.5325,45.3,28.3125
2026-04-10 03:00:00+05:30,11.032499999999999,42.67,26.9675
2026-04-10 04:00:00+05:30,10.883333333333333,40.98333333333334,26.10666666666667
2026-04-10 05:00:00+05:30,10.923333333333332,46.153333333333336,28.746666666666666
2026-04-10 06:00:00+05:30,11.2875,38.205,24.677500000000002
2026-04-10 07:00:00+05:30,10.8075,38.675,24.919999999999998
2026-04-10 08:00:00+05:30,10.105,44.5125,27.91
2026-04-10 09:00:00+05:30,10.265,36.46,23.79
2026-04-10 10:00:00+05:30,9.682500000000001,44.95,28.137500000000003
2026-04-10 11:00:00+05:30,11.219999999999999,44.29666666666666,27.80333333333333
2026-04-10 12:00:00+05:30,8.317499999999999,45.795,28.5675
2026-04-10 13:00:00+05:30,7.5566666666666675,54.98,33.27
2026-04-10 14:00:00+05:30,7.27,56.4375,34.019999999999996
2026-04-10 15:00:00+05:30,7.5125,56.84,34.2225
2026-04-10 16:00:00+05:30,8.8575,59.3525,35.5125
2026-04-10 17:00:00+05:30,10.74,66.36,39.095
2026-04-10 18:00:00+05:30,34.6675,72.9325,42.465
2026-04-10 19:00:00+05:30,47.4475,97.7975,55.1925
2026-04-10 20:00:00+05:30,29.28,224.625,120.1275
2026-04-10 21:00:00+05:30,22.61,147.8475,80.8175
2026-04-10 22:00:00+05:30,22.009999999999998,142.88,78.275
2026-04-10 23:00:00+05:30,23.560000000000002,100.33,56.49
2026-04-11 01:00:00+05:30,17.52,108.77,60.81
2026-04-11 02:00:00+05:30,17.125,100.8,56.730000000000004
2026-04-11 03:00:00+05:30,16.759999999999998,76.72999999999999,44.4075
2026-04-11 04:00:00+05:30,15.403333333333334,100.18333333333334,56.416666666666664
2026-04-11 05:00:00+05:30,15.515,86.10499999999999,49.2075
2026-04-11 06:00:00+05:30,12.7925,66.6,39.22
2026-04-11 07:00:00+05:30,11.08,68.81666666666666,40.333333333333336
2026-04-11 08:00:00+05:30,9.475,77.0575,44.56
2026-04-11 09:00:00+05:30,11.315000000000001,65.635,38.727500000000006
2026-04-11 10:00:00+05:30,11.6675,43.0075,27.135
2026-04-11 11:00:00+05:30,11.1375,73.7025,42.855
2026-04-11 12:00:00+05:30,10.8225,76.35249999999999,44.207499999999996
2026-04-11 13:00:00+05:30,10.015,71.44749999999999,41.6975
2026-04-11 14:00:00+05:30,8.853333333333333,65.72666666666667,38.76
2026-04-11 15:00:00+05:30,8.12,71.02666666666667,41.49333333333333
2026-04-11 16:00:00+05:30,8.695,69.215,40.557500000000005
2026-04-11 17:00:00+05:30,10.185,63.989999999999995,37.885
2026-04-11 18:00:00+05:30,13.3,63.8925,37.835
2026-04-11 19:00:00+05:30,20.805,78.285,45.2
2026-04-11 20:00:00+05:30,16.68,101.795,57.2375
2026-04-11 21:00:00+05:30,11.11,120.55,66.84333333333333
2026-04-11 22:00:00+05:30,8.26,99.42999999999999,56.026666666666664
2026-04-11 23:00:00+05:30,9.26,69.82,40.87
2026-04-12 00:00:00+05:30,10.3,69.89,40.9
2026-04-12 01:00:00+05:30,9.236666666666666,66.07666666666667,38.95333333333333
2026-04-12 02:00:00+05:30,9.2025,58.8675,35.2625
2026-04-12 03:00:00+05:30,8.5475,52.0475,31.7575
2026-04-12 04:00:00+05:30,7.8875,59.6575,35.665
2026-04-12 05:00:00+05:30,7.7075,54.7625,33.16
2026-04-12 06:00:00+05:30,7.8525,54.945,33.25
2026-04-12 07:00:00+05:30,8.209999999999999,53.4825,32.502500000000005
2026-04-12 08:00:00+05:30,8.834999999999999,53.2275,32.3725
2026-04-12 09:00:00+05:30,9.525,56.567499999999995,34.08
2026-04-12 10:00:00+05:30,10.4875,62.1925,36.9625
2026-04-12 11:00:00+05:30,9.3225,70.7225,41.33
2026-04-12 12:00:00+05:30,8.3375,86.025,49.16
2026-04-12 13:00:00+05:30,8.59,87.68,50.0125
2026-04-12 14:00:00+05:30,9.156666666666666,93.05,52.76333333333333
2026-04-12 15:00:00+05:30,8.903333333333334,87.36000000000001,49.85
2026-04-12 16:00:00+05:30,9.2325,91.1425,51.787499999999994
2026-04-12 17:00:00+05:30,8.03,88.085,50.2175
2026-04-12 18:00:00+05:30,7.96,88.0475,50.2025
2026-04-12 19:00:00+05:30,8.5525,85.2525,48.7675
2026-04-12 20:00:00+05:30,8.735,80.7525,46.4675
2026-04-12 21:00:00+05:30,8.8675,73.1725,42.5875
2026-04-12 22:00:00+05:30,8.567499999999999,65.44,38.61
2026-04-12 23:00:00+05:30,7.62,59.39000000000001,35.53
2026-04-13 01:00:00+05:30,9.44,57.01,34.31
2026-04-13 02:00:00+05:30,10.135,55.214999999999996,33.395
2026-04-13 03:00:00+05:30,10.120000000000001,54.42,32.9875
2026-04-13 04:00:00+05:30,10.9225,51.895,31.6875
2026-04-13 05:00:00+05:30,9.435,55.5175,33.545
2026-04-13 06:00:00+05:30,8.6475,51.537499999999994,31.5075
2026-04-13 07:00:00+05:30,8.9175,51.6075,31.5425
2026-04-13 08:00:00+05:30,9.6775,64.58,38.17
2026-04-13 09:00:00+05:30,9.24,56.995000000000005,34.305
2026-04-13 10:00:00+05:30,9.283333333333333,53.5,32.51
2026-04-13 11:00:00+05:30,8.1,53.5,32.51
2026-04-13 12:00:00+05:30,7.7475000000000005,4.145,7.2425
2026-04-13 13:00:00+05:30,7.965,55.8425,33.7075
2026-04-13 14:00:00+05:30,8.14,62.915000000000006,37.33
2026-04-13 15:00:00+05:30,7.653333333333333,57.07666666666666,37.75
2026-04-13 16:00:00+05:30,8.085,62.405,37.07
2026-04-13 17:00:00+05:30,7.37,68.2475,40.06
2026-04-13 18:00:00+05:30,7.06,63.61,37.6925
2026-04-13 19:00:00+05:30,7.2875,62.5,37.12
2026-04-13 20:00:00+05:30,6.99,53.5225,32.5225
2026-04-13 21:00:00+05:30,7.82,55.1925,33.3775
2026-04-13 22:00:00+05:30,8.66,50.307500000000005,30.88
2026-04-13 23:00:00+05:30,8.806666666666667,41.4,26.320000000000004
2026-04-14 00:00:00+05:30,9.2,45.73,28.54
2026-04-14 01:00:00+05:30,11.786666666666667,45.126666666666665,28.22666666666667
2026-04-14 02:00:00+05:30,12.455,48.75,30.082500000000003
2026-04-14 03:00:00+05:30,10.855,52.325,31.9125
2026-04-14 04:00:00+05:30,10.344999999999999,47.57,29.48
2026-04-14 05:00:00+05:30,10.7875,42.0225,26.6375
2026-04-14 06:00:00+05:30,8.9475,39.2,25.19
2026-04-14 07:00:00+05:30,7.6225000000000005,43.2,27.2375
2026-04-14 08:00:00+05:30,7.9399999999999995,39.3975,25.2925
2026-04-14 09:00:00+05:30,8.213333333333333,44.81,28.05666666666667
2026-04-14 10:00:00+05:30,9.115,49.08,30.25
2026-04-14 11:00:00+05:30,9.025,48.1125,29.7575
2026-04-14 12:00:00+05:30,10.406666666666666,66.42999999999999,39.13
2026-04-14 13:00:00+05:30,9.190000000000001,80.91999999999999,46.550000000000004
2026-04-14 14:00:00+05:30,9.005,90.25,51.33
2026-04-14 15:00:00+05:30,9.645,80.86,46.5225
2026-04-14 16:00:00+05:30,9.299999999999999,83.82,48.03
2026-04-14 21:00:00+05:30,8.5875,61.290000000000006,36.4975
2026-04-14 22:00:00+05:30,8.513333333333334,56.72666666666667,34.160000000000004
2026-04-14 23:00:00+05:30,8.695,48.97,30.19
2026-04-15 00:00:00+05:30,8.8,49.53,30.48
2026-04-15 01:00:00+05:30,9.46,52.085,31.787499999999998
2026-04-15 02:00:00+05:30,6.8275,46.4225,28.8875
2026-04-15 03:00:00+05:30,6.915,42.795,27.035
2026-04-15 04:00:00+05:30,7.3125,43.515,27.4025
2026-04-15 05:00:00+05:30,7.742500000000001,44.1725,27.7375
2026-04-15 06:00:00+05:30,8.157499999999999,42.3625,26.8125
2026-04-15 07:00:00+05:30,8.532499999999999,44.214999999999996,27.7575
2026-04-15 08:00:00+05:30,7.57,46.08,28.712500000000002
2026-04-15 09:00:00+05:30,7.6625,56.15,33.87
2026-04-15 10:00:00+05:30,8.5525,73.25500000000001,42.6275
2026-04-15 11:00:00+05:30,8.1,82.46333333333332,47.343333333333334
2026-04-15 12:00:00+05:30,8.9925,86.0775,49.19
2026-04-15 13:00:00+05:30,9.275,86.61749999999999,49.4725
2026-04-15 14:00:00+05:30,8.865,81.4625,46.832499999999996
2026-04-15 15:00:00+05:30,6.89,78.9625,45.545
2026-04-15 16:00:00+05:30,6.816666666666666,77.23,44.66
2026-04-15 17:00:00+05:30,6.455,81.625,46.91
2026-04-15 18:00:00+05:30,7.583333333333333,71.96000000000001,41.836666666666666
2026-04-15 19:00:00+05:30,8.233333333333333,63.43333333333334,37.596666666666664
2026-04-15 20:00:00+05:30,8.475,68.485,40.18
2026-04-15 21:00:00+05:30,7.7075,63.644999999999996,37.705
2026-04-15 22:00:00+05:30,6.8075,60.230000000000004,35.9575
2026-04-15 23:00:00+05:30,6.57,52.45000000000001,31.97
2026-04-16 00:00:00+05:30,6.61,45.13,28.22
2026-04-16 01:00:00+05:30,7.1,46.62,28.99
2026-04-16 04:00:00+05:30,6.32,31.41,21.2
2026-04-16 05:00:00+05:30,6.22,34.8575,22.9675
2026-04-16 06:00:00+05:30,6.8375,29.5475,20.2425
2026-04-16 07:00:00+05:30,8.48,32.5625,21.7925
2026-04-16 08:00:00+05:30,8.5775,30.759999999999998,20.8675
2026-04-16 09:00:00+05:30,9.1675,34.307500000000005,22.685000000000002
2026-04-16 10:00:00+05:30,7.2575,34.335,22.695
2026-04-16 11:00:00+05:30,7.195,36.91,24.017500000000002
2026-04-16 12:00:00+05:30,6.6425,40.4175,25.8125
2026-04-16 13:00:00+05:30,6.336666666666667,39.76,25.48
2026-04-16 22:00:00+05:30,8.546666666666667,31.083333333333332,21.036666666666665
2026-04-16 23:00:00+05:30,7.85,31.19,21.09
2026-04-17 00:00:00+05:30,7.58,37.08,24.1
2026-04-17 01:00:00+05:30,7.6075,38.045,24.6025
2026-04-17 02:00:00+05:30,8.375,33.5175,22.2825
2026-04-17 03:00:00+05:30,8.6275,27.125,19.0125
2026-04-17 04:00:00+05:30,8.205,27.4375,19.17
2026-04-17 05:00:00+05:30,9.6575,24.7775,17.805
2026-04-17 06:00:00+05:30,8.302499999999998,30.027500000000003,20.4975
2026-04-17 07:00:00+05:30,8.265,25.805,18.335
2026-04-17 08:00:00+05:30,8.585,33.64,22.3425
2026-04-17 09:00:00+05:30,8.685,36.85,23.99
2026-04-17 10:00:00+05:30,8.2825,34.075,22.5675
2026-04-17 11:00:00+05:30,9.1175,28.475,19.7
2026-04-17 12:00:00+05:30,8.219999999999999,38.162499999999994,24.6575
2026-04-17 13:00:00+05:30,7.12,44.635,27.975
2026-04-17 14:00:00+05:30,6.973333333333334,47.9,29.649999999999995
2026-04-17 15:00:00+05:30,6.543333333333333,43.76,27.53
2026-04-17 18:00:00+05:30,9.336666666666666,47.403333333333336,29.386666666666667
2026-04-17 19:00:00+05:30,8.776666666666666,42.25666666666667,26.75666666666667
2026-04-17 20:00:00+05:30,11.3475,35.1375,23.11
2026-04-17 21:00:00+05:30,7.9025,40.5075,25.86
2026-04-17 22:00:00+05:30,9.79,35.455,23.2725
2026-04-17 23:00:00+05:30,7.956666666666667,29.74,20.35
2026-04-18 01:00:00+05:30,9.53,25.23,18.04
2026-04-18 02:00:00+05:30,6.922499999999999,24.869999999999997,17.8525
2026-04-18 03:00:00+05:30,11.2575,22.575000000000003,16.682499999999997
2026-04-18 04:00:00+05:30,7.8225,23.475,17.1375
2026-04-18 05:00:00+05:30,9.365,24.4525,17.64
2026-04-18 06:00:00+05:30,9.1375,22.53,16.6575
2026-04-18 07:00:00+05:30,8.0775,25.4825,18.165
2026-04-18 08:00:00+05:30,8.7325,24.872500000000002,17.855
2026-04-18 09:00:00+05:30,9.27,37.4725,24.310000000000002
2026-04-18 10:00:00+05:30,7.3325,45.862500000000004,28.6025
2026-04-18 11:00:00+05:30,7.765000000000001,39.47,25.33
2026-04-18 12:00:00+05:30,8.68,45.08,28.2
2026-04-18 13:00:00+05:30,8.603333333333333,52.166666666666664,31.830000000000002
2026-04-18 14:00:00+05:30,7.3125,53.269999999999996,32.39
2026-04-18 15:00:00+05:30,7.276666666666666,51.79,31.63
2026-04-18 17:00:00+05:30,7.5,53.199999999999996,32.35333333333333
2026-04-18 18:00:00+05:30,8.3475,52.0475,31.770000000000003
2026-04-18 19:00:00+05:30,8.83,50.16,30.8
2026-04-18 21:00:00+05:30,8.61,51.49,31.48
2026-04-18 22:00:00+05:30,8.753333333333332,43.52,27.396666666666665
2026-04-18 23:00:00+05:30,7.75,36.24,23.67
2026-04-19 01:00:00+05:30,7.71,38.08,24.62
2026-04-19 02:00:00+05:30,7.7625,38.11,24.6325
2026-04-19 03:00:00+05:30,7.4366666666666665,29.886666666666667,20.419999999999998
2026-04-19 04:00:00+05:30,7.765000000000001,36.9375,24.035
2026-04-19 05:00:00+05:30,8.432500000000001,49.222500000000004,30.3225
2026-04-19 06:00:00+05:30,8.1275,41.1925,26.2075
2026-04-19 07:00:00+05:30,7.6325,36.545,23.835
2026-04-19 08:00:00+05:30,7.91,41.035000000000004,26.134999999999998
2026-04-19 09:00:00+05:30,7.1775,58.442499999999995,35.04
2026-04-19 10:00:00+05:30,6.8125,49.144999999999996,30.2825
2026-04-19 11:00:00+05:30,7.4475,53.7925,32.660000000000004
2026-04-19 12:00:00+05:30,7.1375,51.410000000000004,31.442500000000003
2026-04-19 13:00:00+05:30,7.63,54.7275,33.1375
2026-04-19 14:00:00+05:30,8.83,53.10999999999999,32.31
2026-04-19 15:00:00+05:30,9.32,54.35,32.95
2026-04-19 16:00:00+05:30,7.81,49.95,30.69
2026-04-19 17:00:00+05:30,7.16,51.167500000000004,31.3175
2026-04-19 18:00:00+05:30,7.043333333333333,45.56666666666666,28.45
2026-04-19 19:00:00+05:30,7.5725,47.555,29.4675
2026-04-19 20:00:00+05:30,7.6575,45.93,28.634999999999998
2026-04-19 21:00:00+05:30,7.7524999999999995,44.565,27.94
2026-04-19 22:00:00+05:30,8.7825,42.075,26.659999999999997
2026-04-19 23:00:00+05:30,8.78,50.03,30.73
2026-04-20 00:00:00+05:30,8.01,43.76,27.53
2026-04-20 01:00:00+05:30,7.4975000000000005,43.612500000000004,27.447499999999998
2026-04-20 02:00:00+05:30,8.1775,34.5125,22.79
2026-04-20 03:00:00+05:30,8.24,39.12,25.149999999999995
2026-04-20 04:00:00+05:30,8.18,36.5475,23.835
2026-04-20 05:00:00+05:30,7.903333333333333,38.406666666666666,24.78333333333333
2026-04-20 06:00:00+05:30,8.9925,38.707499999999996,24.9425
2026-04-20 07:00:00+05:30,9.49,39.6725,25.432499999999997
2026-04-20 08:00:00+05:30,8.776666666666666,41.343333333333334,26.286666666666665
2026-04-20 09:00:00+05:30,8.95,40.73,25.97
2026-04-20 10:00:00+05:30,9.216666666666667,44.1,27.7
2026-04-20 13:00:00+05:30,12.772499999999999,67.0975,39.4775
2026-04-20 14:00:00+05:30,8.73,63.1425,37.45
2026-04-20 15:00:00+05:30,6.22,61.2675,36.4775
2026-04-20 16:00:00+05:30,15.795,52.78,32.14
2026-04-20 17:00:00+05:30,6.86,50.66,31.06
2026-04-20 18:00:00+05:30,6.669999999999999,48.74,30.073333333333334
2026-04-20 19:00:00+05:30,6.5675,52.16,31.83
2026-04-20 20:00:00+05:30,6.426666666666667,47.830000000000005,29.61
2026-04-20 21:00:00+05:30,6.933333333333334,43.22666666666667,27.256666666666664
2026-04-20 22:00:00+05:30,7.3775,37.68,24.4075
2026-04-20 23:00:00+05:30,7.006666666666667,39.29,25.24
2026-04-21 01:00:00+05:30,12.629999999999999,43.652499999999996,27.474999999999998
2026-04-21 02:00:00+05:30,9.7225,48.875,30.145
2026-04-21 03:00:00+05:30,7.54,43.5475,27.4125
2026-04-21 04:00:00+05:30,8.2775,46.7975,29.08
2026-04-21 05:00:00+05:30,9.535,42.275,26.759999999999998
2026-04-21 06:00:00+05:30,10.4,49.18,30.299999999999997
2026-04-21 07:00:00+05:30,9.3325,48.75,30.080000000000002
2026-04-21 08:00:00+05:30,9.565,53.33,32.427499999999995
2026-04-21 09:00:00+05:30,8.0175,62.695,37.22
2026-04-21 10:00:00+05:30,7.83,65.29249999999999,38.5525
2026-04-21 11:00:00+05:30,7.7425,60.985,36.3475
2026-04-21 12:00:00+05:30,7.41,54.9625,33.260000000000005
2026-04-21 13:00:00+05:30,6.9375,58.945,35.3
2026-04-21 14:00:00+05:30,7.036666666666666,59.84666666666667,35.76
2026-04-21 15:00:00+05:30,7.2475,52.865,32.184999999999995
2026-04-21 16:00:00+05:30,7.43,54.45,33.0025
2026-04-21 17:00:00+05:30,7.883333333333333,66.04,38.93333333333334
2026-04-21 18:00:00+05:30,8.057500000000001,59.155,35.405
2026-04-21 19:00:00+05:30,7.5,56.4075,34.0025
2026-04-21 20:00:00+05:30,11.469999999999999,57.2625,34.435
2026-04-21 21:00:00+05:30,12.3275,62.6525,37.2
2026-04-21 22:00:00+05:30,9.282499999999999,50.74,31.1
2026-04-21 23:00:00+05:30,7.075,46.67,29.01
2026-04-22 00:00:00+05:30,6.38,46.55,28.96
2026-04-22 01:00:00+05:30,6.6325,44.695,28.005
2026-04-22 02:00:00+05:30,5.9925,42.455,26.857499999999998
2026-04-22 03:00:00+05:30,6.123333333333334,34.17333333333334,22.616666666666664
2026-04-22 04:00:00+05:30,7.140000000000001,38.535,24.85
2026-04-22 05:00:00+05:30,7.283333333333334,41.63,26.429999999999996
2026-04-22 06:00:00+05:30,7.86,33.07,22.05
2026-04-22 07:00:00+05:30,8.25,27.127499999999998,19.0075
2026-04-22 08:00:00+05:30,8.442499999999999,41.127500000000005,26.174999999999997
2026-04-22 09:00:00+05:30,7.7299999999999995,45.5975,28.465
2026-04-22 10:00:00+05:30,7.6674999999999995,46.7325,29.045
2026-04-22 11:00:00+05:30,7.9075,53.79,32.6625
2026-04-22 12:00:00+05:30,7.5825,57.1275,34.370000000000005
2026-04-22 13:00:00+05:30,8.193333333333333,61.61666666666667,36.669999999999995
2026-04-22 14:00:00+05:30,9.317499999999999,59.1475,35.4025
2026-04-22 15:00:00+05:30,9.846666666666666,61.35,36.53
2026-04-22 16:00:00+05:30,9.0225,61.087500000000006,36.400000000000006
2026-04-22 17:00:00+05:30,9.853333333333333,64.58,38.18666666666667
2026-04-22 18:00:00+05:30,9.85,60.6225,36.1575
2026-04-22 19:00:00+05:30,9.59,57.215,34.42
2026-04-22 20:00:00+05:30,9.6775,54.3725,32.96
2026-04-22 21:00:00+05:30,9.475,51.4225,31.445
2026-04-22 22:00:00+05:30,8.205,45.510000000000005,28.42
2026-04-22 23:00:00+05:30,7.42,51.53,31.5
2026-04-23 00:00:00+05:30,6.68,48.95,30.18
2026-04-23 01:00:00+05:30,8.0225,59.9525,35.8125
2026-04-23 02:00:00+05:30,8.9225,50.894999999999996,31.1825
2026-04-23 03:00:00+05:30,9.28,48.505,29.955
2026-04-23 04:00:00+05:30,7.8825,47.8625,29.625
2026-04-23 05:00:00+05:30,7.7275,52.537499999999994,32.02
2026-04-23 06:00:00+05:30,8.145,48.9925,30.2025
2026-04-23 07:00:00+05:30,7.986666666666667,50.156666666666666,30.8
2026-04-23 08:00:00+05:30,8.0125,53.755,32.6425
2026-04-23 09:00:00+05:30,8.5,54.0125,32.7775
2026-04-23 11:00:00+05:30,6.6975,52.027499999999996,31.76
2026-04-23 12:00:00+05:30,6.645,57.68,34.6525
2026-04-23 13:00:00+05:30,6.849999999999999,59.75,35.71
2026-04-23 14:00:00+05:30,7.02,65.05,38.43
2026-04-23 15:00:00+05:30,7.92,62.332499999999996,37.03
2026-04-23 16:00:00+05:30,9.1525,54.6875,33.120000000000005
2026-04-23 17:00:00+05:30,7.535,47.040000000000006,29.205000000000002
2026-04-23 18:00:00+05:30,7.4025,53.3975,32.4575
2026-04-23 19:00:00+05:30,7.489999999999999,51.60333333333333,31.536666666666665
2026-04-23 20:00:00+05:30,7.1000000000000005,42.35,26.8
2026-04-23 21:00:00+05:30,7.7325,41.897499999999994,26.575000000000003
2026-04-23 22:00:00+05:30,8.592500000000001,38.3475,24.75
2026-04-23 23:00:00+05:30,7.813333333333333,34.49,22.78
2026-04-24 01:00:00+05:30,5.9,37.04,24.09
2026-04-24 02:00:00+05:30,5.7975,36.5425,23.8325
2026-04-24 03:00:00+05:30,6.873333333333334,37.47,24.30333333333333
2026-04-24 04:00:00+05:30,8.31,34.175000000000004,22.615
2026-04-24 05:00:00+05:30,8.8925,30.105,20.53
2026-04-24 06:00:00+05:30,8.52,32.2225,21.62
2026-04-24 07:00:00+05:30,8.405000000000001,32.755,21.895
2026-04-24 08:00:00+05:30,7.6425,45.4675,28.3975
2026-04-24 09:00:00+05:30,7.596666666666667,49.39666666666667,30.406666666666666
2026-04-24 10:00:00+05:30,8.237499999999999,50.03,30.7375
2026-04-24 11:00:00+05:30,8.709999999999999,41.803333333333335,26.523333333333337
2026-04-24 12:00:00+05:30,7.169999999999999,46.89333333333334,29.13
2026-04-24 13:00:00+05:30,6.73,51.2,31.3375
2026-04-24 14:00:00+05:30,6.5375,54.49,33.02
2026-04-24 15:00:00+05:30,6.8475,59.595,35.629999999999995
2026-04-24 16:00:00+05:30,7.175,51.4275,31.4475
2026-04-24 17:00:00+05:30,8.545,54.3125,32.9275
2026-04-24 18:00:00+05:30,8.58,45.722500000000004,28.5325
2026-04-24 19:00:00+05:30,7.38,41.26666666666667,26.25333333333333
2026-04-24 20:00:00+05:30,7.012499999999999,41.925,26.585
2026-04-24 21:00:00+05:30,7.6775,42.195,26.7225
2026-04-24 22:00:00+05:30,7.196666666666666,35.04666666666667,23.066666666666666
2026-04-24 23:00:00+05:30,7.603333333333333,31.31,21.15
2026-04-25 01:00:00+05:30,6.64,25.8,18.33
2026-04-25 02:00:00+05:30,6.3075,24.9375,17.8875
2026-04-25 03:00:00+05:30,6.3025,27.99,19.4525
2026-04-25 04:00:00+05:30,6.8725,25.195,18.017500000000002
2026-04-25 05:00:00+05:30,7.07,28.21,19.5675
2026-04-25 06:00:00+05:30,7.9399999999999995,22.1825,16.475
2026-04-25 07:00:00+05:30,8.1575,25.4525,18.1525
2026-04-25 08:00:00+05:30,6.9975000000000005,26.5025,18.6875
2026-04-25 09:00:00+05:30,6.8025,32.385,21.7025
2026-04-25 10:00:00+05:30,6.19,28.9575,19.9425
2026-04-25 11:00:00+05:30,6.8725000000000005,36.135000000000005,23.622500000000002
2026-04-25 12:00:00+05:30,7.7425,38.1875,24.67
2026-04-25 13:00:00+05:30,8.5325,36.0725,23.5875
2026-04-25 14:00:00+05:30,6.865,43.065,27.169999999999998
2026-04-25 15:00:00+05:30,6.3275,48.864999999999995,30.14
2026-04-25 16:00:00+05:30,6.35,40.552499999999995,25.880000000000003
2026-04-25 17:00:00+05:30,6.4025,42.405,26.832500000000003
2026-04-25 18:00:00+05:30,7.235,41.685,26.4625
2026-04-25 19:00:00+05:30,8.05,37.177499999999995,24.1575
2026-04-25 20:00:00+05:30,7.803333333333334,26.043333333333333,18.45
2026-04-25 21:00:00+05:30,6.9275,34.47,22.767500000000002
2026-04-25 22:00:00+05:30,6.49,30.045,20.5
2026-04-25 23:00:00+05:30,6.385,27.14,19.02
2026-04-26 01:00:00+05:30,7.71,25.89,18.38
2026-04-26 02:00:00+05:30,8.013333333333334,22.013333333333332,16.39
2026-04-26 03:00:00+05:30,7.103333333333333,23.433333333333334,17.12
2026-04-26 04:00:00+05:30,6.895,27.6325,19.270000000000003
2026-04-26 05:00:00+05:30,6.9175,35.91,23.505
2026-04-26 06:00:00+05:30,6.8825,33.81,22.43
2026-04-26 07:00:00+05:30,7.165,27.645,19.275
2026-04-26 08:00:00+05:30,7.6825,29.0375,19.985
2026-04-26 09:00:00+05:30,7.663333333333334,29.929999999999996,20.44
2026-04-26 10:00:00+05:30,7.1125,28.9625,19.9475
2026-04-26 11:00:00+05:30,6.793333333333333,36.21666666666666,23.66333333333333
2026-04-26 12:00:00+05:30,6.355,30.7925,20.8825
2026-04-26 13:00:00+05:30,6.87,36.7675,23.942500000000003
2026-04-26 14:00:00+05:30,7.31,38.3375,24.7425
2026-04-26 15:00:00+05:30,7.725,36.980000000000004,24.052500000000002
2026-04-26 16:00:00+05:30,6.8675,40.489999999999995,25.849999999999998
2026-04-26 17:00:00+05:30,7.9,41.725,26.485
2026-04-26 18:00:00+05:30,8.2825,44.655,27.9875
2026-04-26 19:00:00+05:30,7.673333333333333,40.25,25.72666666666667
2026-04-26 20:00:00+05:30,7.5075,37.51,24.322499999999998
2026-04-26 21:00:00+05:30,7.8025,35.165,23.125
2026-04-26 22:00:00+05:30,8.115,38.0225,24.585
2026-04-26 23:00:00+05:30,6.645,35.96,23.53
2026-04-27 00:00:00+05:30,5.94,37.39,24.26
2026-04-27 01:00:00+05:30,6.016666666666667,38.21666666666667,24.686666666666667
2026-04-27 02:00:00+05:30,6.495,31.0775,21.0275
2026-04-27 03:00:00+05:30,7.2,34.112500000000004,22.585
2026-04-27 04:00:00+05:30,7.7775,27.65,19.28
2026-04-27 05:00:00+05:30,6.48,26.795,18.835
2026-04-27 06:00:00+05:30,7.45,28.7975,19.865
2026-04-27 07:00:00+05:30,7.9075,34.864999999999995,22.9675
2026-04-27 08:00:00+05:30,6.84,40.5825,25.9025
2026-04-27 09:00:00+05:30,7.2375,46.5475,28.9525
2026-04-27 10:00:00+05:30,7.66,44.8975,28.1025
2026-04-27 11:00:00+05:30,6.895,41.8,26.52
2026-04-27 12:00:00+05:30,5.53,0.0,5.12
2026-04-27 13:00:00+05:30,5.5649999999999995,70.80333333333333,39.355000000000004
2026-04-27 14:00:00+05:30,5.38,66.6075,38.72
2026-04-27 15:00:00+05:30,5.385,57.870000000000005,34.7525
2026-04-27 16:00:00+05:30,5.1575,52.43,31.96
2026-04-27 17:00:00+05:30,5.24,51.652499999999996,31.565
2026-04-27 18:00:00+05:30,5.92,44.7825,28.045
2026-04-27 19:00:00+05:30,5.845,51.010000000000005,31.2375
2026-04-27 20:00:00+05:30,9.7075,45.355000000000004,28.3475
2026-04-27 21:00:00+05:30,6.8525,51.51,31.4925
2026-04-27 22:00:00+05:30,6.6925,46.25,28.799999999999997
2026-04-27 23:00:00+05:30,6.116666666666667,47.71666666666667,29.55
2026-04-28 00:00:00+05:30,5.82,39.58,25.39
2026-04-28 01:00:00+05:30,5.82,39.60666666666666,25.399999999999995
2026-04-28 02:00:00+05:30,5.703333333333333,41.39333333333334,26.310000000000002
2026-04-28 03:00:00+05:30,5.77,36.2075,23.655
2026-04-28 04:00:00+05:30,5.8475,38.86,25.0125
2026-04-28 05:00:00+05:30,6.075,38.6375,24.9
2026-04-28 06:00:00+05:30,6.96,41.605000000000004,26.425
2026-04-28 07:00:00+05:30,7.275,44.4575,27.8825
2026-04-28 08:00:00+05:30,7.225,41.21,26.215
2026-04-28 09:00:00+05:30,7.609999999999999,50.00333333333333,30.723333333333333
2026-04-28 10:00:00+05:30,7.46,48.957499999999996,30.185000000000002
2026-04-28 11:00:00+05:30,6.327500000000001,54.3125,32.93
2026-04-28 12:00:00+05:30,7.595,55.62,33.6025
2026-04-28 13:00:00+05:30,10.0525,60.4625,36.072500000000005
2026-04-28 14:00:00+05:30,7.946666666666668,68.85,40.373333333333335
2026-04-28 15:00:00+05:30,6.545,65.4675,38.6375
2026-04-28 16:00:00+05:30,6.4025,63.0,37.3775
2026-04-28 17:00:00+05:30,8.436666666666667,65.7,38.75666666666667
2026-04-28 18:00:00+05:30,7.5225,59.6375,37.14
2026-04-28 19:00:00+05:30,6.4350000000000005,61.1875,36.445
2026-04-28 20:00:00+05:30,6.755,58.915,35.28
2026-04-28 21:00:00+05:30,6.255,58.397499999999994,35.0225
2026-04-28 22:00:00+05:30,6.15,56.345,33.965
2026-04-28 23:00:00+05:30,6.126666666666666,51.17666666666667,31.323333333333334
2026-04-29 01:00:00+05:30,5.96,42.0,26.62
2026-04-29 02:00:00+05:30,6.015,32.815,21.919999999999998
2026-04-29 03:00:00+05:30,5.827500000000001,34.2525,22.6575
2026-04-29 04:00:00+05:30,5.6775,29.305,20.122500000000002
2026-04-29 05:00:00+05:30,5.56,32.692499999999995,21.86
2026-04-29 06:00:00+05:30,5.8475,29.2075,20.0775
2026-04-29 07:00:00+05:30,5.953333333333333,28.820000000000004,19.88
2026-04-29 08:00:00+05:30,6.3025,30.68,20.8325
2026-04-29 09:00:00+05:30,6.886666666666667,42.10666666666666,26.679999999999996
2026-04-29 10:00:00+05:30,7.6175,39.79,25.490000000000002
2026-04-29 11:00:00+05:30,8.1975,41.027499999999996,26.1275
2026-04-29 12:00:00+05:30,7.1025,36.135,23.6175
2026-04-29 13:00:00+05:30,7.8975,39.3925,25.2875
2026-04-29 14:00:00+05:30,6.775,39.199999999999996,25.19
2026-04-29 15:00:00+05:30,6.32,39.32333333333333,25.253333333333334
2026-04-29 16:00:00+05:30,6.3225,29.915,20.44
2026-04-29 17:00:00+05:30,6.275,22.925,16.8575
2026-04-29 18:00:00+05:30,6.1825,24.392500000000002,17.61
2026-04-29 19:00:00+05:30,6.3575,23.475,17.134999999999998
2026-04-29 20:00:00+05:30,6.805,22.490000000000002,16.635
2026-04-29 21:00:00+05:30,6.105,22.9675,16.877499999999998
2026-04-29 22:00:00+05:30,6.5024999999999995,16.627499999999998,13.625
2026-04-29 23:00:00+05:30,8.015,13.74,12.155
2026-04-30 00:00:00+05:30,9.06,13.21,11.88
2026-04-30 01:00:00+05:30,6.0525,14.879999999999999,12.735
2026-04-30 02:00:00+05:30,6.342499999999999,11.3925,10.950000000000001
2026-04-30 03:00:00+05:30,6.5600000000000005,16.77,13.705
2026-04-30 04:00:00+05:30,6.015,13.475,12.0175
2026-04-30 05:00:00+05:30,6.02,11.756666666666666,11.14
2026-04-30 06:00:00+05:30,6.25,20.155,15.434999999999999
2026-04-30 07:00:00+05:30,7.035,15.67,13.145
2026-04-30 08:00:00+05:30,8.8775,19.4225,15.0675
2026-04-30 09:00:00+05:30,7.4725,25.884999999999998,18.375
2026-04-30 10:00:00+05:30,6.986666666666667,26.396666666666665,18.636666666666667
2026-04-30 11:00:00+05:30,6.946666666666666,22.69,16.74
2026-04-30 12:00:00+05:30,7.7575,26.1225,18.497500000000002
2026-04-30 13:00:00+05:30,7.5125,24.93,17.8825
2026-04-30 14:00:00+05:30,8.0025,32.275000000000006,21.64
2026-04-30 15:00:00+05:30,7.715,27.78,19.34
2026-04-30 16:00:00+05:30,12.105,28.369999999999997,19.6475
2026-04-30 17:00:00+05:30,11.133333333333333,29.713333333333335,20.33
2026-04-30 18:00:00+05:30,12.176666666666668,33.33,22.177500000000002
2026-04-30 19:00:00+05:30,12.405000000000001,32.375,21.7
2026-04-30 20:00:00+05:30,9.4125,35.0925,23.0875
2026-04-30 21:00:00+05:30,7.51,27.48,19.205
2026-04-30 22:00:00+05:30,7.29,21.785,16.2725
2026-04-30 23:00:00+05:30,6.56,18.83,14.76
2026-05-01 00:00:00+05:30,5.89,13.81,12.19
2026-05-01 01:00:00+05:30,6.0424999999999995,13.57,12.07
2026-05-01 02:00:00+05:30,6.07,9.8125,10.145
2026-05-01 03:00:00+05:30,6.080000000000001,11.833333333333334,11.176666666666668
2026-05-01 04:00:00+05:30,5.984999999999999,9.39,9.9225
2026-05-01 05:00:00+05:30,6.255,10.41,10.4475
2026-05-01 06:00:00+05:30,7.5375,13.0275,11.795
2026-05-01 07:00:00+05:30,7.325,26.5575,18.7175
2026-05-01 08:00:00+05:30,7.98,25.560000000000002,18.2075
2026-05-01 09:00:00+05:30,7.343333333333334,33.986666666666665,22.52
2026-05-01 10:00:00+05:30,6.8725,29.3525,20.150000000000002
2026-05-01 11:00:00+05:30,12.852500000000001,31.9625,21.4825
2026-05-01 12:00:00+05:30,7.12,30.22,20.5925
2026-05-01 13:00:00+05:30,7.2825,25.6325,18.2525
2026-05-01 14:00:00+05:30,7.0425,29.6,20.2725
2026-05-01 15:00:00+05:30,6.99,26.71,18.79
2026-05-01 16:00:00+05:30,7.3725000000000005,27.939999999999998,19.427500000000002
2026-05-01 17:00:00+05:30,9.030000000000001,28.9925,19.9625
2026-05-01 18:00:00+05:30,11.3375,32.9825,22.0075
2026-05-01 19:00:00+05:30,11.9725,37.3825,24.2575
2026-05-01 20:00:00+05:30,8.0525,39.745,25.474999999999998
2026-05-01 21:00:00+05:30,7.755,35.7025,23.405
2026-05-01 22:00:00+05:30,7.6225000000000005,33.5275,22.2825
2026-05-01 23:00:00+05:30,7.5566666666666675,36.6,23.863333333333333
2026-05-02 00:00:00+05:30,7.02,24.02,17.42
2026-05-02 01:00:00+05:30,8.4875,17.387500000000003,14.025
2026-05-02 02:00:00+05:30,7.7875,22.3275,16.552500000000002
2026-05-02 03:00:00+05:30,7.293333333333333,20.25,15.493333333333332
2026-05-02 04:00:00+05:30,7.865,23.43,17.1175
2026-05-02 05:00:00+05:30,9.92,27.78,19.3425
2026-05-02 06:00:00+05:30,8.645,34.410000000000004,22.7375
2026-05-02 07:00:00+05:30,8.483333333333333,35.98,23.540000000000003
2026-05-02 08:00:00+05:30,7.8225,33.61,22.3325
2026-05-02 09:00:00+05:30,8.0025,37.1475,24.134999999999998
2026-05-02 10:00:00+05:30,7.65,35.8125,23.4575
2026-05-02 11:00:00+05:30,7.1475,29.215,20.0775
2026-05-02 12:00:00+05:30,6.6525,30.345,20.655
2026-05-02 13:00:00+05:30,10.133333333333335,32.68666666666667,21.853333333333335
2026-05-02 14:00:00+05:30,9.725,33.995,22.525
2026-05-02 15:00:00+05:30,9.1275,40.582499999999996,25.900000000000002
2026-05-02 16:00:00+05:30,9.149999999999999,38.39,24.78
2026-05-02 23:00:00+05:30,7.914999999999999,36.01,23.56
2026-05-03 00:00:00+05:30,7.32,28.74,19.83
2026-05-03 01:00:00+05:30,7.536666666666666,27.49,19.19
2026-05-03 02:00:00+05:30,7.4625,25.6025,18.2325
2026-05-03 03:00:00+05:30,7.3325,28.8275,19.88
2026-05-03 04:00:00+05:30,7.0675,24.419999999999998,17.625
2026-05-03 05:00:00+05:30,7.47,27.1375,19.0125
2026-05-03 06:00:00+05:30,7.23,27.215,19.0575
2026-05-03 07:00:00+05:30,7.4025,23.575000000000003,17.189999999999998
2026-05-03 08:00:00+05:30,7.476666666666667,23.189999999999998,16.996666666666666
2026-05-03 09:00:00+05:30,7.3325,28.415,19.6725
2026-05-03 10:00:00+05:30,7.4425,31.419999999999998,21.2125
2026-05-03 11:00:00+05:30,7.06,33.086666666666666,22.060000000000002
2026-05-03 12:00:00+05:30,7.14,32.2875,21.65
2026-05-03 13:00:00+05:30,6.99,33.515,22.285
2026-05-03 14:00:00+05:30,6.69,35.6725,23.384999999999998
2026-05-03 15:00:00+05:30,6.67,30.985,20.9825
2026-05-03 16:00:00+05:30,6.8625,34.677499999999995,22.8725
2026-05-03 17:00:00+05:30,7.695,34.39,22.7275
2026-05-03 18:00:00+05:30,8.1,41.629999999999995,26.4375
2026-05-03 19:00:00+05:30,7.355,34.2925,22.677500000000002
2026-05-03 20:00:00+05:30,7.6025,35.685,23.395
2026-05-03 21:00:00+05:30,7.3425,36.165,23.6375
2026-05-03 22:00:00+05:30,7.0425,34.8575,22.965
2026-05-03 23:00:00+05:30,7.12,33.84,22.47
2026-05-04 00:00:00+05:30,6.62,32.94,21.99
2026-05-04 01:00:00+05:30,7.243333333333333,34.2,22.63
2026-05-04 02:00:00+05:30,8.1925,27.317500000000003,19.105
2026-05-04 03:00:00+05:30,8.6875,23.245,17.017500000000002
2026-05-04 04:00:00+05:30,8.9975,27.5575,19.23
2026-05-04 05:00:00+05:30,10.3225,28.7625,19.845
2026-05-04 06:00:00+05:30,11.5175,22.985,16.8925
2026-05-04 07:00:00+05:30,7.3774999999999995,24.619999999999997,17.7225
2026-05-04 08:00:00+05:30,7.6175,22.5975,16.692500000000003
2026-05-04 09:00:00+05:30,7.6625,30.9225,20.955
2026-05-04 10:00:00+05:30,7.7775,30.4625,20.7175
2026-05-04 11:00:00+05:30,6.67,24.89,17.865000000000002
2026-05-04 12:00:00+05:30,6.592499999999999,23.8475,17.3325
2026-05-04 13:00:00+05:30,6.76,27.345,19.115000000000002
2026-05-04 14:00:00+05:30,7.22,26.179999999999996,18.523333333333337
2026-05-04 15:00:00+05:30,7.3025,28.130000000000003,19.5225
2026-05-04 16:00:00+05:30,6.93,27.18,19.037499999999998
2026-05-04 17:00:00+05:30,6.9325,27.71,19.305
2026-05-04 18:00:00+05:30,8.897499999999999,22.275,16.5275
2026-05-04 19:00:00+05:30,8.163333333333334,22.41,16.59
2026-05-04 20:00:00+05:30,7.327500000000001,18.682499999999997,14.684999999999999
2026-05-04 21:00:00+05:30,7.1975,15.8,13.2075
2026-05-04 22:00:00+05:30,7.32,16.12,13.37
2026-05-04 23:00:00+05:30,7.876666666666666,16.965,13.805
2026-05-05 00:00:00+05:30,9.07,21.6,16.18
2026-05-05 01:00:00+05:30,9.09,24.84,17.836666666666666
2026-05-05 02:00:00+05:30,7.33,20.7425,15.745000000000001
2026-05-05 03:00:00+05:30,6.9175,18.567500000000003,14.625
2026-05-05 04:00:00+05:30,6.755,14.0175,12.295
2026-05-05 05:00:00+05:30,6.7675,12.4675,11.5
2026-05-05 06:00:00+05:30,7.11,14.0625,12.32
2026-05-05 07:00:00+05:30,7.5075,10.925,10.715
2026-05-05 08:00:00+05:30,7.6675,16.5075,13.575
2026-05-05 09:00:00+05:30,8.915,20.919999999999998,15.8275
2026-05-05 10:00:00+05:30,8.22,25.145,17.997500000000002
2026-05-05 11:00:00+05:30,7.79,27.070000000000004,18.983333333333334
2026-05-05 12:00:00+05:30,8.42,25.91,18.384999999999998
2026-05-05 13:00:00+05:30,7.835,33.1275,22.085
2026-05-05 14:00:00+05:30,6.953333333333333,26.19666666666667,18.536666666666665
2026-05-05 15:00:00+05:30,6.573333333333333,30.060000000000002,20.5075
2026-05-05 16:00:00+05:30,6.3500000000000005,25.13,17.983333333333334
2026-05-05 17:00:00+05:30,6.9399999999999995,28.27,19.595
2026-05-06 11:00:00+05:30,8.27,25.34,18.09
2026-05-06 12:00:00+05:30,10.745000000000001,12.67,11.605
2026-05-06 13:00:00+05:30,9.595,0.0,5.12
2026-05-06 14:00:00+05:30,8.7425,18.927500000000002,14.81
2026-05-06 15:00:00+05:30,6.745,45.185,28.2525
2026-05-06 16:00:00+05:30,7.7175,40.1025,25.6525
2026-05-06 17:00:00+05:30,5.75,33.32,22.1825
2026-05-06 18:00:00+05:30,6.72,30.872500000000002,20.9275
2026-05-06 19:00:00+05:30,6.88,30.08,20.52
2026-05-07 01:00:00+05:30,7.83,30.43,20.7
2026-05-07 02:00:00+05:30,8.2325,30.39,20.68
2026-05-07 03:00:00+05:30,9.956666666666667,32.31333333333333,21.666666666666668
2026-05-07 04:00:00+05:30,12.530000000000001,32.656666666666666,21.843333333333334
2026-05-07 05:00:00+05:30,12.3425,27.1875,19.04
2026-05-07 06:00:00+05:30,12.3425,26.61,18.7425
2026-05-07 07:00:00+05:30,10.035,28.1075,19.5125
2026-05-07 08:00:00+05:30,10.06,27.7225,19.3125
2026-05-07 09:00:00+05:30,12.372499999999999,24.3925,17.61
2026-05-07 10:00:00+05:30,14.94,22.64,16.709999999999997
2026-05-07 11:00:00+05:30,15.637500000000001,28.715,19.8225
2026-05-07 12:00:00+05:30,12.02,27.935,19.425
2026-05-07 13:00:00+05:30,11.653333333333334,27.25,19.073333333333334
2026-05-07 14:00:00+05:30,16.2975,26.6825,18.78
2026-05-07 15:00:00+05:30,18.9025,26.8075,18.845
2026-05-07 16:00:00+05:30,14.276666666666666,28.516666666666666,19.72666666666667
2026-05-07 17:00:00+05:30,22.683333333333334,28.86,19.886666666666667
2026-05-08 00:00:00+05:30,8.87,23.97,17.39
2026-05-08 01:00:00+05:30,9.440000000000001,23.564999999999998,17.185000000000002
2026-05-08 02:00:00+05:30,10.3475,25.384999999999998,18.1175
2026-05-08 03:00:00+05:30,10.840000000000002,28.266666666666666,19.59
2026-05-08 04:00:00+05:30,9.645,26.5075,18.695
2026-05-08 05:00:00+05:30,9.803333333333333,23.133333333333336,16.963333333333335
2026-05-08 06:00:00+05:30,10.8275,20.8275,15.7825
2026-05-08 07:00:00+05:30,11.046666666666667,22.66333333333333,16.723333333333333
2026-05-08 08:00:00+05:30,11.205,28.3475,19.6325
2026-05-08 09:00:00+05:30,9.81,28.57,19.75
2026-05-08 10:00:00+05:30,7.7725,30.51,20.7425
2026-05-08 11:00:00+05:30,6.7775,31.8375,21.4225
2026-05-08 12:00:00+05:30,6.9,30.4625,20.715
2026-05-08 13:00:00+05:30,7.795,28.36,19.6375
2026-05-08 14:00:00+05:30,6.7675,29.6525,20.3
2026-05-08 15:00:00+05:30,11.96,32.097500000000004,21.55
2026-05-08 16:00:00+05:30,15.2125,35.58,23.3375
2026-05-08 17:00:00+05:30,16.5275,52.5225,32.0125
2026-05-08 18:00:00+05:30,16.0675,66.6825,39.260000000000005
2026-05-08 19:00:00+05:30,21.415,67.875,39.870000000000005
2026-05-08 20:00:00+05:30,15.9125,64.0325,37.905
2026-05-08 21:00:00+05:30,10.56,54.550000000000004,33.053333333333335
2026-05-08 22:00:00+05:30,20.6825,46.2575,28.802500000000002
2026-05-08 23:00:00+05:30,17.083333333333332,46.35666666666666,28.849999999999998
2026-05-09 00:00:00+05:30,26.34,45.5,28.42
2026-05-09 01:00:00+05:30,24.445,48.26,29.8325
2026-05-09 02:00:00+05:30,15.837499999999999,53.805,32.6725
2026-05-09 03:00:00+05:30,14.7825,55.06,33.3125
2026-05-09 04:00:00+05:30,14.7075,54.39,32.965
2026-05-09 05:00:00+05:30,14.21,54.285,32.915
2026-05-09 06:00:00+05:30,11.7,50.2725,30.862499999999997
2026-05-09 07:00:00+05:30,11.4725,48.225,29.81
2026-05-09 08:00:00+05:30,11.216666666666667,50.18333333333334,30.813333333333333
2026-05-09 09:00:00+05:30,11.93,51.302499999999995,31.387500000000003
2026-05-09 10:00:00+05:30,10.18,53.8425,32.69
2026-05-09 11:00:00+05:30,8.270000000000001,54.586666666666666,33.07333333333333
2026-05-09 12:00:00+05:30,8.2,47.855000000000004,29.6225
2026-05-09 13:00:00+05:30,10.043333333333335,46.629999999999995,28.99
2026-05-09 14:00:00+05:30,10.5775,45.457499999999996,28.3925
2026-05-09 15:00:00+05:30,8.787500000000001,44.9125,28.115000000000002
2026-05-09 16:00:00+05:30,10.729999999999999,44.43,27.866666666666664
2026-05-09 17:00:00+05:30,11.5175,43.4,27.34
2026-05-09 18:00:00+05:30,11.0025,45.45,28.39
2026-05-09 19:00:00+05:30,15.043333333333335,39.18,25.180000000000003
2026-05-09 20:00:00+05:30,15.34,38.5775,24.87
2026-05-09 21:00:00+05:30,13.4275,42.33,26.79
2026-05-09 22:00:00+05:30,14.055,44.2125,27.7575
2026-05-09 23:00:00+05:30,12.903333333333334,45.56333333333333,28.44333333333333
2026-05-10 00:00:00+05:30,13.54,36.12,23.62
2026-05-10 01:00:00+05:30,14.8575,33.67,22.3625
2026-05-10 02:00:00+05:30,16.2025,35.5225,23.305
2026-05-10 03:00:00+05:30,13.1325,41.144999999999996,26.1825
2026-05-10 04:00:00+05:30,13.309999999999999,39.1675,25.1725
2026-05-10 05:00:00+05:30,13.317499999999999,38.900000000000006,25.04
2026-05-10 06:00:00+05:30,13.1975,35.962500000000006,23.535
2026-05-10 07:00:00+05:30,11.793333333333335,31.710000000000004,21.353333333333335
2026-05-10 08:00:00+05:30,11.2025,30.91,20.939999999999998
2026-05-10 09:00:00+05:30,12.365,35.847500000000004,23.47
2026-05-10 10:00:00+05:30,13.52,37.1175,24.1225
2026-05-10 11:00:00+05:30,13.567499999999999,38.825,24.994999999999997
2026-05-10 12:00:00+05:30,10.35,40.92,26.067500000000003
2026-05-10 13:00:00+05:30,9.453333333333333,43.63666666666666,27.459999999999997
2026-05-10 14:00:00+05:30,12.9925,46.73,29.0475
2026-05-10 15:00:00+05:30,12.46,49.74666666666667,30.593333333333334
2026-05-10 16:00:00+05:30,11.58,48.550000000000004,29.986666666666668
2026-05-10 17:00:00+05:30,10.8575,43.325,27.3025
2026-05-10 18:00:00+05:30,8.725,39.3775,25.28
2026-05-10 19:00:00+05:30,9.086666666666666,36.57333333333333,23.846666666666668
2026-05-10 20:00:00+05:30,11.405,32.175,21.5925
2026-05-10 21:00:00+05:30,12.52,33.29,22.1625
2026-05-10 22:00:00+05:30,12.942499999999999,30.8475,20.915
2026-05-10 23:00:00+05:30,14.17,30.49,20.73
2026-05-11 00:00:00+05:30,14.87,35.24,23.16
2026-05-11 01:00:00+05:30,13.397499999999999,33.3825,22.2025
2026-05-11 02:00:00+05:30,14.0625,31.0075,20.9975
2026-05-11 03:00:00+05:30,15.5175,32.985,22.0075
2026-05-11 04:00:00+05:30,10.905,32.8375,21.935000000000002
2026-05-11 05:00:00+05:30,10.465,30.642500000000002,20.81
2026-05-11 06:00:00+05:30,16.235,29.262500000000003,20.1
2026-05-11 07:00:00+05:30,12.627500000000001,26.1425,18.5075
2026-05-11 08:00:00+05:30,10.76,26.9125,18.9025
2026-05-11 09:00:00+05:30,7.176666666666667,23.8,17.31
2026-05-11 10:00:00+05:30,8.1725,19.3925,15.0525
2026-05-11 11:00:00+05:30,7.9425,17.96,14.32
2026-05-11 12:00:00+05:30,8.53,0.0,5.12
2026-05-11 13:00:00+05:30,9.176666666666668,7.6433333333333335,9.033333333333333
2026-05-11 14:00:00+05:30,8.76,18.197499999999998,14.4425
2026-05-11 15:00:00+05:30,6.245,18.3375,14.505
2026-05-11 16:00:00+05:30,6.07,20.493333333333336,15.616666666666667
2026-05-11 17:00:00+05:30,7.385,18.205,14.440000000000001
2026-05-11 18:00:00+05:30,9.325,22.03,16.4
2026-05-11 19:00:00+05:30,11.6075,23.5375,17.175
2026-05-11 20:00:00+05:30,8.475,27.8125,19.3575
2026-05-11 21:00:00+05:30,8.2775,30.572499999999998,20.77
2026-05-11 22:00:00+05:30,10.934999999999999,27.7275,19.322499999999998
2026-05-11 23:00:00+05:30,11.049999999999999,26.766666666666666,18.823333333333334
2026-05-12 00:00:00+05:30,8.05,28.31,19.61
2026-05-12 01:00:00+05:30,7.4075,25.835,18.345
2026-05-12 02:00:00+05:30,8.8025,20.302500000000002,15.515
2026-05-12 03:00:00+05:30,11.345,21.387500000000003,16.067500000000003
2026-05-12 04:00:00+05:30,12.66,16.25,13.445
2026-05-12 05:00:00+05:30,10.7225,21.3625,16.060000000000002
2026-05-12 06:00:00+05:30,8.145,18.525,14.605
2026-05-12 07:00:00+05:30,9.785,20.154999999999998,15.44
2026-05-12 08:00:00+05:30,12.834999999999999,23.6125,17.2075
2026-05-12 09:00:00+05:30,11.7775,25.4775,18.167499999999997
2026-05-12 10:00:00+05:30,10.65,24.30666666666667,17.563333333333333
2026-05-12 11:00:00+05:30,7.75,25.305,18.075
2026-05-12 12:00:00+05:30,6.4075,19.6625,15.1875
2026-05-12 13:00:00+05:30,6.63,22.35666666666667,16.563333333333333
2026-05-12 14:00:00+05:30,8.317499999999999,26.1225,18.4925
2026-05-12 15:00:00+05:30,12.066666666666665,24.200000000000003,17.513333333333335
2026-05-12 19:00:00+05:30,6.6325,19.285,14.9975
2026-05-12 20:00:00+05:30,7.18,18.09,14.379999999999999
2026-05-12 21:00:00+05:30,7.265,20.192500000000003,15.46
2026-05-12 22:00:00+05:30,7.02,18.986666666666665,14.839999999999998
2026-05-12 23:00:00+05:30,7.49,14.594999999999999,12.59
2026-05-13 01:00:00+05:30,8.78,13.03,11.79
2026-05-13 02:00:00+05:30,7.54,12.965,11.7625
2026-05-13 03:00:00+05:30,8.675,9.88,10.18
2026-05-13 04:00:00+05:30,11.182500000000001,10.5775,10.5375
2026-05-13 05:00:00+05:30,9.6475,8.99,9.725
2026-05-13 06:00:00+05:30,10.817499999999999,9.9875,10.235
2026-05-13 07:00:00+05:30,8.813333333333333,7.683333333333333,9.053333333333333
2026-05-13 08:00:00+05:30,7.0175,10.855,10.6775
2026-05-13 09:00:00+05:30,9.433333333333334,14.593333333333334,12.590000000000002
2026-05-13 10:00:00+05:30,9.6825,11.995000000000001,11.2625
2026-05-13 11:00:00+05:30,11.625,15.8275,13.2275
2026-05-13 12:00:00+05:30,6.5225,16.2,13.41
2026-05-13 13:00:00+05:30,5.9399999999999995,20.34,15.54
2026-05-13 14:00:00+05:30,6.84,18.59,14.6325
2026-05-13 15:00:00+05:30,8.3825,19.84,15.275
2026-05-13 16:00:00+05:30,8.9525,21.2075,15.98
2026-05-13 17:00:00+05:30,11.245000000000001,21.32,16.04
2026-05-13 18:00:00+05:30,6.8975,16.1675,13.4
2026-05-13 19:00:00+05:30,9.11,16.686666666666667,13.666666666666666
2026-05-13 20:00:00+05:30,9.092500000000001,16.865000000000002,13.7575
2026-05-13 21:00:00+05:30,13.885,14.3675,12.4775
2026-05-13 22:00:00+05:30,9.64,15.13,12.865
2026-05-13 23:00:00+05:30,7.3999999999999995,13.923333333333332,12.253333333333332
2026-05-14 01:00:00+05:30,8.39,10.34,10.41
2026-05-14 02:00:00+05:30,11.5775,11.485,10.9975
2026-05-14 03:00:00+05:30,8.395,8.9325,9.6925
2026-05-14 04:00:00+05:30,8.0,6.2975,8.35
2026-05-14 05:00:00+05:30,10.4875,9.2325,9.845
2026-05-14 06:00:00+05:30,9.99,14.855,12.73
2026-05-14 07:00:00+05:30,10.42,13.9575,12.265
2026-05-14 08:00:00+05:30,10.0225,17.377499999999998,14.015
2026-05-14 09:00:00+05:30,8.700000000000001,24.909999999999997,17.876666666666665
2026-05-14 10:00:00+05:30,7.8675,24.4725,17.6525
2026-05-14 11:00:00+05:30,8.965,25.835,18.35
2026-05-14 12:00:00+05:30,9.0975,28.2425,19.575
2026-05-14 13:00:00+05:30,8.99,34.1425,22.605
2026-05-14 14:00:00+05:30,7.34,34.485,22.7775
2026-05-14 15:00:00+05:30,6.863333333333333,32.663333333333334,21.843333333333334
2026-05-14 16:00:00+05:30,7.779999999999999,36.3275,23.72
2026-05-14 17:00:00+05:30,8.89,32.472500000000004,21.745
2026-05-14 18:00:00+05:30,9.1175,33.7025,22.375
2026-05-14 19:00:00+05:30,6.836666666666666,25.0975,17.9675
2026-05-14 20:00:00+05:30,7.3075,22.21,16.4975
2026-05-14 21:00:00+05:30,7.5633333333333335,26.313333333333333,18.593333333333334
2026-05-14 22:00:00+05:30,10.122499999999999,22.715,16.752499999999998
2026-05-14 23:00:00+05:30,8.805,22.98,16.884999999999998
2026-05-15 00:00:00+05:30,6.26,16.73,13.69
2026-05-15 01:00:00+05:30,5.3525,22.515,16.650000000000002
2026-05-15 02:00:00+05:30,6.6625,17.6675,14.1625
2026-05-15 03:00:00+05:30,7.76,12.955,11.755
2026-05-15 04:00:00+05:30,8.2325,11.095,10.8
2026-05-15 05:00:00+05:30,7.5,11.100000000000001,10.805
2026-05-15 06:00:00+05:30,7.029999999999999,8.8375,9.645
2026-05-15 07:00:00+05:30,7.72,10.113333333333335,10.296666666666667
2026-05-15 08:00:00+05:30,8.2725,12.114999999999998,11.325
2026-05-15 09:00:00+05:30,8.383333333333333,17.613333333333333,14.136666666666665
2026-05-15 10:00:00+05:30,8.565000000000001,16.915,13.7825
2026-05-15 11:00:00+05:30,7.8125,17.6325,14.149999999999999
2026-05-15 12:00:00+05:30,7.1274999999999995,17.2525,13.9525
2026-05-15 13:00:00+05:30,8.095,29.185,20.064999999999998
2026-05-15 14:00:00+05:30,7.7275,23.137500000000003,16.9625
2026-05-15 15:00:00+05:30,7.263333333333333,27.06,18.98
2026-05-15 16:00:00+05:30,6.343333333333334,24.456666666666667,17.646666666666665
2026-05-15 17:00:00+05:30,6.455,31.72,21.365
2026-05-15 18:00:00+05:30,7.5,23.995,17.4025
2026-05-15 19:00:00+05:30,7.95,24.43,17.625
2026-05-15 20:00:00+05:30,8.285,17.7925,14.225
2026-05-15 21:00:00+05:30,9.712499999999999,19.462500000000002,15.0825
2026-05-15 22:00:00+05:30,7.686666666666667,22.29,16.53
2026-05-15 23:00:00+05:30,7.376666666666666,17.206666666666667,13.93
2026-05-16 01:00:00+05:30,7.43,11.68,11.1
2026-05-16 02:00:00+05:30,6.575,10.807500000000001,10.649999999999999
2026-05-16 03:00:00+05:30,8.2725,12.2975,11.4175
2026-05-16 04:00:00+05:30,8.7025,17.6825,14.175
2026-05-16 05:00:00+05:30,8.4625,24.419999999999998,17.62
2026-05-16 06:00:00+05:30,8.942499999999999,21.7725,16.27
2026-05-16 07:00:00+05:30,9.335,26.73,18.805
2026-05-16 08:00:00+05:30,7.83,29.19,20.06
2026-05-16 09:00:00+05:30,9.375,34.662499999999994,22.865000000000002
2026-05-16 10:00:00+05:30,10.075,29.22,20.0775
2026-05-16 11:00:00+05:30,9.397499999999999,29.3025,20.1225
2026-05-16 12:00:00+05:30,8.7925,33.135,22.085
2026-05-16 13:00:00+05:30,7.5425,39.457499999999996,25.3225
2026-05-16 14:00:00+05:30,7.370000000000001,35.0325,23.06
2026-05-16 15:00:00+05:30,8.2625,28.53,19.7225
2026-05-16 16:00:00+05:30,8.1725,34.79,22.9325
2026-05-16 17:00:00+05:30,7.7575,29.294999999999998,20.1225
2026-05-16 18:00:00+05:30,7.6425,27.54,19.2175
2026-05-16 19:00:00+05:30,7.5875,20.4725,15.6025
2026-05-16 20:00:00+05:30,8.26,18.916666666666668,14.806666666666667
2026-05-16 21:00:00+05:30,8.0975,20.064999999999998,15.3925
2026-05-16 22:00:00+05:30,7.175000000000001,19.0025,14.8475
2026-05-16 23:00:00+05:30,6.225,17.38,14.015
2026-05-17 00:00:00+05:30,7.08,13.52,12.04
2026-05-17 01:00:00+05:30,7.226666666666667,22.623333333333335,16.7
2026-05-17 02:00:00+05:30,8.1225,17.7025,14.182500000000001
2026-05-17 03:00:00+05:30,7.8125,15.125,12.865
2026-05-17 04:00:00+05:30,6.3875,12.290000000000001,11.4125
2026-05-17 05:00:00+05:30,6.4275,10.445,10.465
2026-05-17 06:00:00+05:30,7.505,18.045,14.36
2026-05-17 07:00:00+05:30,7.716666666666666,14.403333333333334,12.49
2026-05-17 08:00:00+05:30,7.155,12.97,11.762500000000001
2026-05-17 09:00:00+05:30,6.353333333333334,21.05,15.896666666666667
2026-05-17 10:00:00+05:30,7.315,22.28,16.53
2026-05-17 11:00:00+05:30,7.702500000000001,26.052500000000002,18.4575
2026-05-17 12:00:00+05:30,7.325,32.9075,21.9675
2026-05-17 13:00:00+05:30,7.1175,34.9575,23.0125
2026-05-17 14:00:00+05:30,6.092499999999999,33.2475,22.145
2026-05-17 15:00:00+05:30,6.05,31.495,21.245
2026-05-17 16:00:00+05:30,6.739999999999999,32.39,21.7
2026-05-17 17:00:00+05:30,7.0175,28.825,19.8775
2026-05-17 18:00:00+05:30,7.15,31.095,21.04
2026-05-17 19:00:00+05:30,6.67,27.975,19.445
2026-05-17 20:00:00+05:30,6.265,30.2725,20.619999999999997
2026-05-17 21:00:00+05:30,6.735,32.7475,21.884999999999998
2026-05-17 22:00:00+05:30,6.663333333333334,25.786666666666665,18.319999999999997
2026-05-17 23:00:00+05:30,6.81,26.416666666666668,18.64333333333333
2026-05-18 00:00:00+05:30,5.21,20.62,15.68
2026-05-18 01:00:00+05:30,5.640000000000001,23.98,17.403333333333332
2026-05-18 02:00:00+05:30,6.2725,19.322499999999998,15.015
2026-05-18 03:00:00+05:30,6.5600000000000005,20.905,15.825
2026-05-18 04:00:00+05:30,7.0675,19.512500000000003,15.112499999999999
2026-05-18 05:00:00+05:30,7.3075,23.770000000000003,17.295
2026-05-18 06:00:00+05:30,6.9525,22.0425,16.4075
2026-05-18 07:00:00+05:30,6.816666666666666,19.963333333333335,15.340000000000002
2026-05-18 08:00:00+05:30,7.3975,20.72,15.7325
2026-05-18 09:00:00+05:30,7.6,28.895,19.9125
2026-05-18 10:00:00+05:30,7.75,34.8925,22.985
2026-05-18 11:00:00+05:30,7.21,39.845,25.5225
2026-05-18 12:00:00+05:30,7.165,37.1425,24.134999999999998
2026-05-18 13:00:00+05:30,6.816666666666666,40.06,25.633333333333336
2026-05-18 14:00:00+05:30,6.545,44.0075,27.655
2026-05-18 15:00:00+05:30,6.4475,40.69,25.950000000000003
2026-05-18 16:00:00+05:30,6.433333333333334,35.379999999999995,23.395000000000003
2026-05-18 17:00:00+05:30,6.3933333333333335,41.86333333333334,26.55333333333333
2026-05-18 18:00:00+05:30,7.1575,40.7425,25.9825
2026-05-18 19:00:00+05:30,8.333333333333334,36.04333333333333,23.576666666666664
2026-05-18 20:00:00+05:30,7.715,37.735,24.4375
2026-05-18 21:00:00+05:30,7.4425,41.975,26.6125
2026-05-18 22:00:00+05:30,6.775,37.3725,24.252499999999998
2026-05-18 23:00:00+05:30,6.13,36.57333333333333,23.849999999999998
2026-05-19 00:00:00+05:30,6.24,39.27,25.23
2026-05-19 01:00:00+05:30,6.2825,41.480000000000004,26.355
2026-05-19 02:00:00+05:30,5.93,40.845,26.029999999999998
2026-05-19 03:00:00+05:30,6.036666666666666,33.49666666666667,22.27333333333333
2026-05-19 04:00:00+05:30,6.41,30.2075,20.59
2026-05-19 05:00:00+05:30,6.526666666666666,32.806666666666665,21.92
2026-05-19 06:00:00+05:30,6.5925,32.2325,21.6225
2026-05-19 07:00:00+05:30,6.5424999999999995,34.67333333333334,22.873333333333335
2026-05-19 08:00:00+05:30,6.245,31.27,21.125
2026-05-19 09:00:00+05:30,6.005,32.489999999999995,21.75
2026-05-19 10:00:00+05:30,6.5525,32.5075,21.7625
2026-05-19 11:00:00+05:30,6.286666666666666,38.51,24.84
2026-05-19 12:00:00+05:30,6.4025,39.8025,25.5025
2026-05-19 13:00:00+05:30,7.09,29.286666666666665,20.12
2026-05-19 14:00:00+05:30,7.53,48.39,29.89
2026-05-19 15:00:00+05:30,7.2325,48.557500000000005,29.9775
2026-05-19 16:00:00+05:30,43.057500000000005,46.7375,29.05
2026-05-19 17:00:00+05:30,31.095,41.394999999999996,26.3175
2026-05-19 18:00:00+05:30,6.0925,40.675,25.947499999999998
2026-05-19 19:00:00+05:30,6.4875,44.565,27.9375
2026-05-19 20:00:00+05:30,6.095,42.7625,27.0225
2026-05-19 21:00:00+05:30,6.695,39.28,25.23
2026-05-19 22:00:00+05:30,6.84,38.4275,24.7925
2026-05-19 23:00:00+05:30,7.006666666666667,36.97,24.043333333333333
2026-05-20 00:00:00+05:30,6.55,38.82,24.99
2026-05-20 01:00:00+05:30,6.6375,37.3525,24.2425
2026-05-20 02:00:00+05:30,7.15,32.519999999999996,21.7625
2026-05-20 03:00:00+05:30,6.9825,30.2,20.5875
2026-05-20 04:00:00+05:30,7.406666666666666,33.13333333333333,22.08666666666667
2026-05-20 05:00:00+05:30,7.825,31.3625,21.18
2026-05-20 06:00:00+05:30,6.936666666666667,29.786666666666665,20.373333333333335
2026-05-20 07:00:00+05:30,6.875,35.5,23.295
2026-05-20 08:00:00+05:30,6.6975,38.555,24.86
2026-05-20 09:00:00+05:30,6.655,37.89,24.52
2026-05-20 10:00:00+05:30,7.16,38.71333333333334,24.94333333333333
2026-05-20 12:00:00+05:30,6.605,47.2825,29.3275
2026-05-20 13:00:00+05:30,6.835,51.3575,31.4125
2026-05-20 14:00:00+05:30,7.2575,56.8125,34.207499999999996
2026-05-20 15:00:00+05:30,6.8,57.973333333333336,34.800000000000004
2026-05-20 16:00:00+05:30,8.42,57.1775,34.394999999999996
2026-05-20 17:00:00+05:30,8.723333333333334,57.80666666666667,34.32
2026-05-20 18:00:00+05:30,7.3975,54.9,33.225
2026-05-20 19:00:00+05:30,7.8975,56.3475,33.97
2026-05-20 20:00:00+05:30,9.0975,51.685,31.585
2026-05-20 21:00:00+05:30,10.44,41.846666666666664,26.543333333333333
2026-05-20 22:00:00+05:30,8.4375,46.3725,28.8625
2026-05-20 23:00:00+05:30,9.02,47.58,29.48
2026-05-21 00:00:00+05:30,9.96,49.24,30.33
2026-05-21 01:00:00+05:30,10.2875,47.015,29.1925
2026-05-21 02:00:00+05:30,7.4925,42.0025,26.627499999999998
2026-05-21 03:00:00+05:30,7.547499999999999,38.44,24.8025
2026-05-21 04:00:00+05:30,8.345,36.4225,23.77
2026-05-21 05:00:00+05:30,8.043333333333333,37.42333333333333,24.28
2026-05-21 06:00:00+05:30,7.8,37.86,24.5
2026-05-21 07:00:00+05:30,7.5525,37.7275,24.435000000000002
2026-05-21 08:00:00+05:30,7.353333333333333,38.11666666666667,24.636666666666667
2026-05-21 09:00:00+05:30,7.7,39.57666666666667,25.383333333333336
2026-05-21 10:00:00+05:30,7.385,43.295,27.285
2026-05-21 11:00:00+05:30,7.315,48.3225,29.8625
2026-05-21 12:00:00+05:30,7.4925,47.3925,29.3875
2026-05-21 13:00:00+05:30,7.86,47.87,29.63
2026-05-21 14:00:00+05:30,7.4,54.235,32.89
2026-05-21 15:00:00+05:30,7.9875,54.86,33.205
2026-05-21 16:00:00+05:30,8.5725,51.442499999999995,31.465
2026-05-21 17:00:00+05:30,7.923333333333333,54.083333333333336,32.81
2026-05-21 18:00:00+05:30,7.9350000000000005,52.879999999999995,32.195
2026-05-21 19:00:00+05:30,7.766666666666667,53.26666666666667,32.39333333333334
2026-05-21 20:00:00+05:30,8.575,51.21,31.34
2026-05-21 21:00:00+05:30,7.773333333333333,50.93000000000001,31.19333333333333
2026-05-21 22:00:00+05:30,6.4675,51.660000000000004,31.57
2026-05-21 23:00:00+05:30,6.8066666666666675,51.78,31.63
2026-05-22 00:00:00+05:30,6.76,45.03,28.18
2026-05-22 01:00:00+05:30,7.24,45.24,28.285
2026-05-22 02:00:00+05:30,7.145,46.415,28.8825
2026-05-22 03:00:00+05:30,6.51,45.269999999999996,28.2975
2026-05-22 04:00:00+05:30,6.78,41.79,26.5175
2026-05-22 05:00:00+05:30,6.779999999999999,41.9925,26.612499999999997
2026-05-22 06:00:00+05:30,7.1274999999999995,38.725,24.945
2026-05-22 07:00:00+05:30,6.825,38.957499999999996,25.064999999999998
2026-05-22 08:00:00+05:30,6.8125,42.0775,26.6675
2026-05-22 09:00:00+05:30,7.12,44.49333333333334,27.903333333333332
2026-05-22 11:00:00+05:30,7.58,55.095,33.345
2026-05-22 12:00:00+05:30,7.745,51.9075,31.6975
2026-05-22 13:00:00+05:30,6.896666666666667,49.163333333333334,30.290000000000003
2026-05-22 14:00:00+05:30,6.38,53.307500000000005,32.412499999999994
2026-05-22 15:00:00+05:30,6.419999999999999,53.26,32.39
2026-05-22 16:00:00+05:30,5.9025,52.2425,31.87
2026-05-22 17:00:00+05:30,5.705,49.545,30.4875
2026-05-22 18:00:00+05:30,6.205,45.2125,28.27
2026-05-22 19:00:00+05:30,6.5,45.625,28.4825
2026-05-22 20:00:00+05:30,6.525,45.18,28.255000000000003
2026-05-22 21:00:00+05:30,6.3025,43.4775,27.385
2026-05-22 22:00:00+05:30,7.095,45.08,28.2025
2026-05-22 23:00:00+05:30,7.803333333333334,45.36000000000001,28.343333333333334
2026-05-23 01:00:00+05:30,8.72,44.38,27.84
2026-05-23 02:00:00+05:30,8.455,45.605000000000004,28.4675
2026-05-23 03:00:00+05:30,8.4675,46.4825,28.915
2026-05-23 04:00:00+05:30,8.942499999999999,44.3775,27.84
2026-05-23 05:00:00+05:30,8.656666666666666,42.68,26.97
2026-05-23 06:00:00+05:30,8.6425,41.2925,26.259999999999998
2026-05-23 07:00:00+05:30,7.205,44.870000000000005,28.099999999999998
2026-05-23 08:00:00+05:30,8.41,44.739999999999995,28.03
2026-05-23 09:00:00+05:30,8.075,49.5,30.465
2026-05-23 10:00:00+05:30,6.83,54.417500000000004,32.9825
2026-05-23 11:00:00+05:30,7.2075,56.765,34.1825
2026-05-23 12:00:00+05:30,15.25,55.225,33.394999999999996
2026-05-23 13:00:00+05:30,0.0,56.4225,34.0075
2026-05-23 14:00:00+05:30,0.0,57.68,34.655
2026-05-23 15:00:00+05:30,0.0,58.205,34.92
2026-05-23 16:00:00+05:30,0.0,55.7325,33.655
2026-05-23 17:00:00+05:30,0.0,51.985,31.74
2026-05-23 18:00:00+05:30,0.0,49.49666666666667,30.473333333333333
2026-05-23 19:00:00+05:30,0.0,50.25333333333333,30.853333333333335
2026-05-23 20:00:00+05:30,0.0,47.4375,29.41
2026-05-23 21:00:00+05:30,0.0,46.28,28.8125
2026-05-23 22:00:00+05:30,0.0,45.3775,28.3425
2026-05-23 23:00:00+05:30,0.0,48.14666666666667,29.77
2026-05-24 01:00:00+05:30,0.0,40.56,25.89
2026-05-24 02:00:00+05:30,0.0,44.2975,27.785
2026-05-24 03:00:00+05:30,0.0,45.802499999999995,28.55
2026-05-24 04:00:00+05:30,0.0,36.3925,23.7525
2026-05-24 05:00:00+05:30,0.0,35.665,23.3775
2026-05-24 06:00:00+05:30,0.0,38.395,24.7775
2026-05-24 07:00:00+05:30,0.0,42.3275,26.7875
2026-05-24 08:00:00+05:30,0.0,41.8275,26.535
2026-05-24 09:00:00+05:30,0.0,43.5675,27.427500000000002
2026-05-24 10:00:00+05:30,0.0,51.019999999999996,31.2225
2026-05-24 11:00:00+05:30,0.0,58.765,35.21
2026-05-24 12:00:00+05:30,0.0,54.535,33.042500000000004
2026-05-24 13:00:00+05:30,0.0,49.817499999999995,30.6275
2026-05-24 14:00:00+05:30,0.0,56.2425,33.92
2026-05-24 15:00:00+05:30,0.0,58.1625,34.8975
2026-05-24 16:00:00+05:30,0.0,51.385,31.4325
2026-05-24 17:00:00+05:30,0.0,50.27333333333333,30.86
2026-05-24 18:00:00+05:30,0.0,52.8225,32.162499999999994
2026-05-24 19:00:00+05:30,0.0,55.102500000000006,33.332499999999996
2026-05-24 20:00:00+05:30,0.0,52.7575,32.1325
2026-05-24 21:00:00+05:30,0.0,52.4775,31.9875
2026-05-24 22:00:00+05:30,0.0,47.37,29.375
2026-05-24 23:00:00+05:30,0.0,45.23333333333333,28.276666666666667
2026-05-26 00:00:00+05:30,3.46,46.81,29.09
2026-05-26 01:00:00+05:30,3.58,45.685,28.5125
2026-05-26 02:00:00+05:30,3.6950000000000003,45.6225,28.48
2026-05-26 03:00:00+05:30,3.395,46.8625,29.115000000000002
2026-05-26 04:00:00+05:30,3.6325,42.195,26.7275
2026-05-26 05:00:00+05:30,3.623333333333333,44.193333333333335,27.75
2026-05-26 06:00:00+05:30,3.7375,53.87,32.7
2026-05-26 07:00:00+05:30,3.4225,55.735,33.652499999999996
2026-05-26 08:00:00+05:30,3.7775,52.765,32.135
2026-05-26 10:00:00+05:30,4.0,57.25,34.43
2026-05-26 11:00:00+05:30,3.755,64.8725,38.335
2026-05-26 12:00:00+05:30,4.5425,60.8925,36.302499999999995
2026-05-26 13:00:00+05:30,4.583333333333333,60.080000000000005,35.879999999999995
2026-05-26 14:00:00+05:30,4.7125,63.614999999999995,37.692499999999995
2026-05-26 15:00:00+05:30,4.74,63.64000000000001,37.70666666666667
2026-05-26 16:00:00+05:30,4.886666666666667,59.55666666666667,35.61333333333334
2026-05-26 17:00:00+05:30,4.55,55.9725,33.7775
2026-05-26 18:00:00+05:30,4.815,58.647499999999994,35.1475
2026-05-26 19:00:00+05:30,4.91,62.12,36.93
2026-05-26 20:00:00+05:30,4.96,50.083333333333336,30.76
2026-05-26 21:00:00+05:30,4.826666666666667,53.75,32.63666666666666
2026-05-26 22:00:00+05:30,4.995,52.9875,32.25
2026-05-26 23:00:00+05:30,4.6466666666666665,56.55666666666667,34.080000000000005
2026-05-27 00:00:00+05:30,4.85,48.86,30.14
2026-05-27 01:00:00+05:30,4.71,51.57,31.515
2026-05-27 02:00:00+05:30,4.9350000000000005,54.52,33.0325
2026-05-27 03:00:00+05:30,4.9075,49.3775,30.3925
2026-05-27 04:00:00+05:30,4.8325,45.519999999999996,28.4225
2026-05-27 05:00:00+05:30,4.8025,44.6025,27.9525
2026-05-27 06:00:00+05:30,4.956666666666666,44.72,28.00666666666667
2026-05-27 07:00:00+05:30,4.8075,51.0075,31.2375
2026-05-27 08:00:00+05:30,4.8375,50.7875,31.1025
2026-05-27 09:00:00+05:30,4.7700000000000005,38.379999999999995,24.77333333333333
2026-05-27 10:00:00+05:30,4.95,35.50666666666667,23.3
2026-05-27 11:00:00+05:30,5.0200000000000005,38.75333333333333,24.963333333333335
2026-05-27 12:00:00+05:30,4.446666666666666,38.973333333333336,25.076666666666664
2026-05-27 17:00:00+05:30,4.675,43.64,27.46
2026-05-27 18:00:00+05:30,4.683333333333334,50.163333333333334,30.80333333333333
2026-05-27 19:00:00+05:30,4.735,50.7725,31.1175
2026-05-27 20:00:00+05:30,4.695,39.427499999999995,25.3075
2026-05-27 21:00:00+05:30,4.675,36.0075,23.555
2026-05-27 22:00:00+05:30,4.925,39.3675,25.275
2026-05-27 23:00:00+05:30,4.89,40.583333333333336,25.900000000000002
2026-05-28 00:00:00+05:30,4.26,36.16,23.64
2026-05-28 01:00:00+05:30,4.5275,35.355,23.225
2026-05-28 02:00:00+05:30,4.6225000000000005,36.445,23.779999999999998
2026-05-28 03:00:00+05:30,4.6325,37.5325,24.3375
2026-05-28 04:00:00+05:30,4.645,33.0125,22.0175
2026-05-28 05:00:00+05:30,4.913333333333333,37.57666666666667,24.356666666666666
2026-05-28 06:00:00+05:30,4.9325,42.97,27.1225
2026-05-28 07:00:00+05:30,4.63,42.965,27.1275
2026-05-28 08:00:00+05:30,4.7749999999999995,36.725,23.925
2026-05-28 09:00:00+05:30,4.71,33.29,22.1675
2026-05-28 10:00:00+05:30,4.8549999999999995,40.17,25.69
2026-05-28 11:00:00+05:30,4.233333333333333,43.57333333333333,27.430000000000003
2026-05-28 12:00:00+05:30,4.8725000000000005,39.4875,25.335
2026-05-28 13:00:00+05:30,4.7225,36.894999999999996,24.0175
2026-05-28 14:00:00+05:30,4.543333333333333,34.75666666666667,22.916666666666668
2026-05-28 15:00:00+05:30,4.886666666666667,36.47,23.793333333333333
2026-05-28 16:00:00+05:30,4.895,32.275000000000006,21.645
2026-05-28 17:00:00+05:30,4.726666666666667,31.926666666666666,21.459999999999997
2026-05-28 18:00:00+05:30,4.866666666666666,36.18333333333333,23.673333333333332
2026-05-28 19:00:00+05:30,4.73,41.43333333333334,26.356666666666666
2026-05-28 22:00:00+05:30,4.51,39.364999999999995,25.275
2026-05-28 23:00:00+05:30,4.896666666666667,39.92666666666667,25.56
2026-05-29 00:00:00+05:30,4.55,36.75,23.94
2026-05-29 01:00:00+05:30,4.59,37.445,24.2925
2026-05-29 02:00:00+05:30,4.99,40.457499999999996,25.8325
2026-05-29 03:00:00+05:30,4.916666666666667,42.28,26.763333333333335
2026-05-29 04:00:00+05:30,4.765,39.230000000000004,25.205000000000002
2026-05-29 05:00:00+05:30,4.452500000000001,40.69,25.9525
2026-05-29 06:00:00+05:30,4.795,45.7875,28.5625
2026-05-29 07:00:00+05:30,4.6075,46.667500000000004,29.0125
2026-05-29 08:00:00+05:30,4.4075,42.7475,27.0075
2026-05-29 09:00:00+05:30,4.496666666666667,39.830000000000005,25.516666666666666
2026-05-29 10:00:00+05:30,4.7125,37.504999999999995,24.3225
2026-05-29 11:00:00+05:30,4.71,38.37,24.76
2026-05-29 12:00:00+05:30,4.785,35.004999999999995,23.045
2026-05-29 13:00:00+05:30,4.513333333333333,34.9025,22.990000000000002
2026-05-29 14:00:00+05:30,4.43,37.63,24.39
2026-05-29 15:00:00+05:30,4.78,34.004999999999995,22.53
2026-05-29 16:00:00+05:30,4.715,30.9425,20.9625
2026-05-29 17:00:00+05:30,4.433333333333334,30.49,20.73
2026-05-29 18:00:00+05:30,4.9174999999999995,30.975,20.9825
2026-05-29 19:00:00+05:30,4.976666666666667,30.89333333333333,20.939999999999998
2026-05-29 20:00:00+05:30,4.515,32.1825,21.6
2026-05-29 21:00:00+05:30,4.535,34.8575,22.965
2026-05-29 22:00:00+05:30,4.7375,39.6725,25.4325
2026-05-29 23:00:00+05:30,4.566666666666666,43.580000000000005,27.429999999999996
2026-05-30 00:00:00+05:30,4.78,31.95,21.48
2026-05-30 01:00:00+05:30,4.513333333333333,32.22,21.616666666666664
2026-05-30 02:00:00+05:30,4.6925,34.629999999999995,22.8575
2026-05-30 03:00:00+05:30,4.577500000000001,37.34,24.240000000000002
2026-05-30 04:00:00+05:30,4.7175,35.19,23.135
2026-05-30 05:00:00+05:30,4.64,33.77,22.409999999999997
2026-05-30 06:00:00+05:30,4.515,38.2,24.665
2026-05-30 07:00:00+05:30,4.4575,41.7325,26.4775
2026-05-30 08:00:00+05:30,4.405,36.4075,23.7625
2026-05-30 09:00:00+05:30,4.79,34.89,22.985
2026-05-30 10:00:00+05:30,4.62,35.3825,23.235
2026-05-30 11:00:00+05:30,4.826666666666667,36.083333333333336,23.593333333333334
2026-05-30 12:00:00+05:30,4.5875,34.723333333333336,22.896666666666665
2026-05-30 13:00:00+05:30,4.7,32.99,22.01
2026-05-30 14:00:00+05:30,4.5875,37.3,24.22
2026-05-30 15:00:00+05:30,4.405,36.9625,24.055
2026-05-30 16:00:00+05:30,4.6175,31.435,21.2125
2026-05-30 17:00:00+05:30,4.755,28.9625,19.95
2026-05-30 18:00:00+05:30,4.5,25.349999999999998,18.099999999999998
2026-05-30 19:00:00+05:30,4.5566666666666675,25.03333333333333,17.933333333333334
2026-05-30 20:00:00+05:30,4.5725,29.9125,20.435000000000002
2026-05-30 21:00:00+05:30,4.359999999999999,30.84,20.915
2026-05-30 22:00:00+05:30,4.695,29.820000000000004,20.393333333333334
2026-05-30 23:00:00+05:30,4.51,27.016666666666666,18.956666666666667
2026-05-31 00:00:00+05:30,4.65,33.27,22.16
2026-05-31 01:00:00+05:30,4.55,33.87666666666667,22.47
2026-05-31 02:00:00+05:30,4.7225,38.32,24.755000000000003
2026-05-31 03:00:00+05:30,4.453333333333333,41.31,26.276666666666667
2026-05-31 04:00:00+05:30,4.4725,36.995,24.064999999999998
2026-05-31 05:00:00+05:30,4.5275,39.965,25.5875
2026-05-31 06:00:00+05:30,4.7275,44.5775,27.9425
2026-05-31 07:00:00+05:30,4.5675,51.3075,31.387500000000003
2026-05-31 08:00:00+05:30,4.6225,49.6575,30.545
2026-05-31 09:00:00+05:30,4.73,41.77333333333333,26.51
2026-05-31 10:00:00+05:30,4.42,44.095,27.695
2026-05-31 11:00:00+05:30,4.54,45.083333333333336,28.203333333333333
2026-05-31 12:00:00+05:30,4.17,40.485,25.8475
2026-05-31 13:00:00+05:30,4.7325,37.8575,24.502499999999998
2026-05-31 14:00:00+05:30,4.365,38.754999999999995,24.96
2026-05-31 15:00:00+05:30,4.6975,40.8225,26.0225
2026-05-31 16:00:00+05:30,4.55,42.7,26.979999999999997
2026-05-31 17:00:00+05:30,4.473333333333333,40.89,26.05666666666667
2026-05-31 18:00:00+05:30,4.4625,42.11,26.685000000000002
2026-05-31 19:00:00+05:30,4.73,40.699999999999996,25.959999999999997
2026-05-31 20:00:00+05:30,4.385,39.535,25.36
2026-05-31 21:00:00+05:30,4.5725,40.209999999999994,25.705
2026-05-31 22:00:00+05:30,4.9275,41.3275,26.27
2026-05-31 23:00:00+05:30,4.545,44.87,28.09
2026-06-01 00:00:00+05:30,4.61,38.0,24.57
2026-06-01 01:00:00+05:30,4.6025,38.58,24.8725
2026-06-01 02:00:00+05:30,4.535,40.0425,25.6225
2026-06-01 03:00:00+05:30,4.46,40.5425,25.8775
2026-06-01 04:00:00+05:30,4.8100000000000005,39.4575,25.322499999999998
2026-06-01 05:00:00+05:30,4.5200000000000005,40.449999999999996,25.83
2026-06-01 06:00:00+05:30,4.25,42.307500000000005,26.78
2026-06-01 07:00:00+05:30,4.6625,42.27,26.7575
2026-06-01 08:00:00+05:30,4.45,41.8325,26.5375
2026-06-01 09:00:00+05:30,4.445,40.29,25.746666666666666
2026-06-01 10:00:00+05:30,4.615,44.93,28.125
2026-06-01 11:00:00+05:30,4.655,48.39,29.895
2026-06-01 12:00:00+05:30,4.543333333333333,47.550000000000004,29.473333333333333
2026-06-01 13:00:00+05:30,4.59,45.7225,28.5275
2026-06-01 14:00:00+05:30,4.63,49.805,30.619999999999997
2026-06-01 15:00:00+05:30,4.8533333333333335,49.97333333333333,30.706666666666667
2026-06-01 16:00:00+05:30,4.673333333333333,39.586666666666666,25.386666666666667
2026-06-01 17:00:00+05:30,4.6,38.8975,25.0325
2026-06-01 18:00:00+05:30,4.49,43.7675,27.5225
2026-06-01 19:00:00+05:30,4.645,44.6575,27.975
2026-06-01 20:00:00+05:30,4.5225,41.974999999999994,26.61
2026-06-01 21:00:00+05:30,4.64,42.99666666666667,27.133333333333336
2026-06-01 22:00:00+05:30,4.605,45.4275,28.3775
2026-06-01 23:00:00+05:30,4.699999999999999,50.74,31.1
2026-06-02 00:00:00+05:30,4.42,45.85,28.59
2026-06-02 01:00:00+05:30,4.5525,45.38,28.3525
2026-06-02 02:00:00+05:30,4.6875,47.8375,29.6125
2026-06-02 03:00:00+05:30,4.575,48.9625,30.192500000000003
2026-06-02 04:00:00+05:30,4.7875,41.8425,26.5425
2026-06-02 05:00:00+05:30,4.673333333333333,42.626666666666665,26.94333333333333
2026-06-02 06:00:00+05:30,4.609999999999999,41.6125,26.425
2026-06-02 07:00:00+05:30,4.510000000000001,44.71666666666667,28.013333333333335
2026-06-02 08:00:00+05:30,4.5475,44.7175,28.015
2026-06-02 09:00:00+05:30,4.525,42.35,26.8
2026-06-02 10:00:00+05:30,4.583333333333333,43.31333333333333,27.296666666666667
2026-06-02 11:00:00+05:30,4.816666666666666,53.05666666666667,32.28666666666667
2026-06-02 12:00:00+05:30,4.5675,48.6225,30.025000000000002
2026-06-02 13:00:00+05:30,4.625,54.715,33.1375
2026-06-02 14:00:00+05:30,4.615,62.5875,37.167500000000004
2026-06-02 15:00:00+05:30,4.64,70.99,41.47
2026-06-02 17:00:00+05:30,4.586666666666667,58.473333333333336,35.056666666666665
2026-06-02 18:00:00+05:30,4.6575,58.36,34.9975
2026-06-02 19:00:00+05:30,4.6433333333333335,56.63999999999999,34.12
2026-06-02 20:00:00+05:30,4.6325,54.5325,33.045
2026-06-02 21:00:00+05:30,4.673333333333333,52.78666666666667,32.15
2026-06-02 22:00:00+05:30,4.6274999999999995,49.7675,30.6
2026-06-02 23:00:00+05:30,4.535,52.19,31.84
2026-06-03 00:00:00+05:30,4.75,41.78,26.51
2026-06-03 01:00:00+05:30,4.645,41.845,26.5425
2026-06-03 02:00:00+05:30,4.57,44.55,27.927500000000002
2026-06-03 03:00:00+05:30,4.45,47.3825,29.3725
2026-06-03 04:00:00+05:30,4.6,42.697500000000005,26.9725
2026-06-03 05:00:00+05:30,4.865,39.73,25.4625
2026-06-03 06:00:00+05:30,4.6825,39.3125,25.2475
2026-06-03 07:00:00+05:30,4.723333333333334,38.81333333333333,24.99
2026-06-03 08:00:00+05:30,4.7825,39.8775,25.535
2026-06-03 09:00:00+05:30,4.73,40.7725,25.9975
2026-06-03 10:00:00+05:30,4.583333333333333,45.21333333333333,28.27
2026-06-03 11:00:00+05:30,4.53,52.48666666666666,31.99333333333333
2026-06-03 12:00:00+05:30,5.773333333333333,49.22,30.320000000000004
2026-06-03 13:00:00+05:30,14.223333333333334,21.74,16.253333333333334
2026-06-03 14:00:00+05:30,16.23,43.99333333333333,27.646666666666665
2026-06-03 15:00:00+05:30,5.865,69.47,40.685
2026-06-03 16:00:00+05:30,9.28,64.66,38.23
2026-06-03 17:00:00+05:30,9.42,61.32,36.515
2026-06-03 18:00:00+05:30,6.1825,61.3075,36.5075
2026-06-03 19:00:00+05:30,3.3066666666666666,60.13333333333333,35.906666666666666
2026-06-03 20:00:00+05:30,21.1475,58.355,35.0525
2026-06-03 21:00:00+05:30,34.3175,73.47,38.5125
2026-06-03 22:00:00+05:30,31.959999999999997,79.755,34.285000000000004
2026-06-03 23:00:00+05:30,30.209999999999997,80.92333333333333,33.303333333333335
2026-06-04 00:00:00+05:30,32.19,74.4,34.13
2026-06-04 01:00:00+05:30,32.39333333333334,77.26333333333334,33.46333333333334
2026-06-04 02:00:00+05:30,30.134999999999998,89.445,32.0275
2026-06-04 03:00:00+05:30,25.9125,78.8725,31.0125
2026-06-04 04:00:00+05:30,21.4,76.985,29.04
2026-06-04 05:00:00+05:30,20.82,69.89,30.685000000000002
2026-06-04 06:00:00+05:30,23.0825,69.8025,33.790000000000006
2026-06-04 07:00:00+05:30,25.875,71.82249999999999,32.8425
2026-06-04 08:00:00+05:30,27.995,72.46000000000001,33.6575
2026-06-04 09:00:00+05:30,25.623333333333335,74.16666666666667,36.276666666666664
2026-06-04 10:00:00+05:30,20.1325,81.47500000000001,37.065
2026-06-04 11:00:00+05:30,16.1075,58.03,28.1275
2026-06-04 12:00:00+05:30,20.97,63.7775,36.1075
2026-06-04 13:00:00+05:30,22.947499999999998,72.885,34.235
2026-06-04 14:00:00+05:30,22.613333333333333,78.61333333333333,36.82666666666666
2026-06-04 15:00:00+05:30,18.273333333333333,78.42666666666666,37.47666666666667
2026-06-04 16:00:00+05:30,19.045,76.9375,34.144999999999996
2026-06-04 17:00:00+05:30,18.55,71.78666666666668,35.580000000000005
2026-06-04 18:00:00+05:30,20.89,81.3875,36.504999999999995
2026-06-04 19:00:00+05:30,22.095,84.7575,35.69
2026-06-04 20:00:00+05:30,22.6525,80.1575,33.839999999999996
2026-06-04 21:00:00+05:30,22.576666666666668,76.22,32.27
2026-06-04 22:00:00+05:30,19.9825,74.39,32.745
2026-06-04 23:00:00+05:30,19.060000000000002,75.445,31.41
2026-06-05 01:00:00+05:30,17.28,74.09,32.55
2026-06-05 02:00:00+05:30,17.09,71.55000000000001,33.48
2026-06-05 03:00:00+05:30,17.505000000000003,70.1325,32.6975
2026-06-05 04:00:00+05:30,18.496666666666666,68.0475,31.313333333333333
2026-06-05 05:00:00+05:30,18.6475,65.11,29.185000000000002
2026-06-05 06:00:00+05:30,18.73,51.255,21.36
2026-06-05 07:00:00+05:30,22.8925,39.5525,17.2025
2026-06-05 08:00:00+05:30,34.285,37.1925,15.79
2026-06-05 09:00:00+05:30,45.58,40.0925,16.9
2026-06-05 10:00:00+05:30,36.6225,44.69,20.515
2026-06-05 11:00:00+05:30,32.42666666666667,46.626666666666665,20.916666666666668
2026-06-05 12:00:00+05:30,32.4975,43.17,21.465
2026-06-05 13:00:00+05:30,31.174999999999997,47.705,24.2075
2026-06-05 14:00:00+05:30,28.62,51.78333333333333,24.026666666666667
2026-06-05 15:00:00+05:30,23.7775,51.8275,21.285
2026-06-05 16:00:00+05:30,23.53,50.9025,21.509999999999998
2026-06-05 17:00:00+05:30,25.025,57.945,21.302500000000002
2026-06-05 18:00:00+05:30,34.8675,66.3075,19.134999999999998
2026-06-05 19:00:00+05:30,24.8075,62.305,19.052500000000002
2026-06-05 20:00:00+05:30,23.115000000000002,55.79,21.4325
2026-06-05 21:00:00+05:30,29.2425,51.7175,20.6725
2026-06-05 22:00:00+05:30,37.235,57.985,17.155
2026-06-05 23:00:00+05:30,29.176666666666666,62.44,18.353333333333335
2026-06-06 01:00:00+05:30,17.02,61.32,24.1
2026-06-06 02:00:00+05:30,15.66,58.58,25.7725
2026-06-06 03:00:00+05:30,16.3875,58.5825,24.2875
2026-06-06 04:00:00+05:30,16.5375,56.3525,18.79
2026-06-06 05:00:00+05:30,18.1875,49.152499999999996,19.7775
2026-06-06 06:00:00+05:30,19.445,45.42,20.1775
2026-06-06 07:00:00+05:30,18.8325,47.9675,19.3525
2026-06-06 08:00:00+05:30,19.7875,47.505,21.2275
2026-06-06 09:00:00+05:30,18.003333333333334,50.30666666666667,22.763333333333335
2026-06-06 10:00:00+05:30,21.975,59.01,28.075
2026-06-06 11:00:00+05:30,21.98,66.18,29.759999999999998
2026-06-06 12:00:00+05:30,21.549999999999997,60.4225,28.54
2026-06-06 13:00:00+05:30,21.939999999999998,55.8125,25.4275
2026-06-06 14:00:00+05:30,21.56,56.305,25.0875
2026-06-06 15:00:00+05:30,38.913333333333334,55.38333333333333,23.686666666666667
2026-06-06 16:00:00+05:30,27.885,55.78,22.46
2026-06-06 17:00:00+05:30,28.043333333333333,52.29666666666666,22.73
2026-06-06 18:00:00+05:30,29.2075,52.9825,21.6875
2026-06-06 19:00:00+05:30,35.692499999999995,46.005,19.6825
2026-06-06 20:00:00+05:30,34.943333333333335,45.48,19.563333333333333
2026-06-06 21:00:00+05:30,40.415,51.730000000000004,18.9225
2026-06-06 22:00:00+05:30,29.802500000000002,61.295,14.8925
2026-06-06 23:00:00+05:30,20.44,54.77666666666667,12.86
2026-06-07 01:00:00+05:30,16.53,42.62,17.09
2026-06-07 02:00:00+05:30,16.235,43.0075,19.7325
2026-06-07 03:00:00+05:30,18.91,38.9125,19.93
2026-06-07 04:00:00+05:30,21.564999999999998,36.15,15.805
2026-06-07 05:00:00+05:30,22.13,35.21,14.26
2026-06-07 06:00:00+05:30,23.87,42.595,12.88
2026-06-07 07:00:00+05:30,23.896666666666665,47.82,13.686666666666667
2026-06-07 08:00:00+05:30,23.725,50.07,17.9875
2026-06-07 09:00:00+05:30,20.875,48.35,20.9875
2026-06-07 10:00:00+05:30,18.6625,52.4125,19.4125
2026-06-07 11:00:00+05:30,19.049999999999997,53.195,20.39
2026-06-07 12:00:00+05:30,20.4225,56.875,24.56
2026-06-07 13:00:00+05:30,20.1,59.9725,28.45
2026-06-07 14:00:00+05:30,22.0475,73.72,30.9825
2026-06-07 15:00:00+05:30,22.23,74.31333333333333,28.676666666666666
2026-06-07 16:00:00+05:30,17.84,58.74,25.02
2026-06-07 17:00:00+05:30,19.996666666666666,57.59,23.27
2026-06-07 18:00:00+05:30,19.994999999999997,56.38,17.18
2026-06-07 19:00:00+05:30,27.5925,54.92,15.605
2026-06-07 20:00:00+05:30,25.383333333333336,48.785,16.793333333333333
2026-06-07 21:00:00+05:30,18.42,45.7575,17.3675
2026-06-07 22:00:00+05:30,17.9625,58.8825,17.95
2026-06-07 23:00:00+05:30,16.963333333333335,53.85999999999999,17.13
2026-06-08 01:00:00+05:30,16.55,32.37,12.63
2026-06-08 02:00:00+05:30,21.3425,41.345,11.1025
2026-06-08 03:00:00+05:30,17.494999999999997,44.112500000000004,8.1
2026-06-08 04:00:00+05:30,18.17,40.237500000000004,6.745
2026-06-08 05:00:00+05:30,16.83,39.6625,7.74
2026-06-08 06:00:00+05:30,16.0075,42.655,7.734999999999999
2026-06-08 07:00:00+05:30,15.083333333333334,44.053333333333335,8.68
2026-06-08 08:00:00+05:30,13.7525,42.99,14.315
2026-06-08 09:00:00+05:30,14.26,45.2125,17.43
2026-06-08 10:00:00+05:30,13.18,47.1525,19.4375
2026-06-08 11:00:00+05:30,15.4675,59.335,22.6875
2026-06-08 12:00:00+05:30,19.9075,64.18,26.97
2026-06-08 13:00:00+05:30,18.755,63.36,27.99
2026-06-08 14:00:00+05:30,18.105,66.8,34.945
2026-06-08 15:00:00+05:30,17.285,71.4875,35.4625
2026-06-08 16:00:00+05:30,18.1625,79.365,36.645
2026-06-08 17:00:00+05:30,19.3425,81.0125,36.95
2026-06-08 18:00:00+05:30,17.506666666666668,83.53000000000002,36.49666666666666
2026-06-08 19:00:00+05:30,18.84,81.12,34.36333333333333
2026-06-08 20:00:00+05:30,21.580000000000002,76.16333333333334,29.89
2026-06-08 21:00:00+05:30,27.503333333333334,61.8725,27.705
2026-06-08 22:00:00+05:30,29.1875,63.4725,24.1875
2026-06-08 23:00:00+05:30,23.63,65.56,23.74
2026-06-09 01:00:00+05:30,15.59,54.52,22.85
2026-06-09 02:00:00+05:30,14.955,56.0225,19.8825
2026-06-09 03:00:00+05:30,14.263333333333334,54.6,13.713333333333333
2026-06-09 04:00:00+05:30,15.995000000000001,48.8875,13.260000000000002
2026-06-09 05:00:00+05:30,13.3525,50.81,17.865000000000002
2026-06-09 06:00:00+05:30,12.76,55.4175,19.165
2026-06-09 07:00:00+05:30,28.46666666666667,59.95333333333334,18.006666666666668
2026-06-09 08:00:00+05:30,32.695,54.462500000000006,21.475
2026-06-09 09:00:00+05:30,36.79333333333333,57.10666666666666,22.30666666666667
2026-06-09 10:00:00+05:30,53.98,59.8,22.96
2026-06-09 11:00:00+05:30,29.3625,59.457499999999996,22.9475
2026-06-09 12:00:00+05:30,25.4175,63.2125,24.41
2026-06-09 13:00:00+05:30,23.5125,62.46,28.317500000000003
2026-06-09 14:00:00+05:30,22.447499999999998,70.03999999999999,31.9225
2026-06-09 15:00:00+05:30,22.150000000000002,72.29666666666667,31.876666666666665
2026-06-09 16:00:00+05:30,21.8575,77.2625,31.6875
2026-06-09 17:00:00+05:30,20.3675,75.06666666666666,33.18
2026-06-09 18:00:00+05:30,18.3,73.84,31.6175
2026-06-09 19:00:00+05:30,22.005,76.3375,29.43
2026-06-09 20:00:00+05:30,26.5375,72.67,29.1925
2026-06-09 21:00:00+05:30,31.2925,68.1375,29.9
2026-06-09 22:00:00+05:30,28.55,65.385,25.849999999999998
2026-06-09 23:00:00+05:30,24.424999999999997,68.33500000000001,23.86
2026-06-10 00:00:00+05:30,36.12,70.13,30.45
2026-06-10 01:00:00+05:30,36.265,72.58,27.795
2026-06-10 02:00:00+05:30,39.0725,75.39,22.69
2026-06-10 03:00:00+05:30,45.9875,70.205,20.802500000000002
2026-06-10 04:00:00+05:30,68.94749999999999,63.1275,20.305
2026-06-10 05:00:00+05:30,51.957499999999996,62.9225,21.405
2026-06-10 06:00:00+05:30,38.85,69.81,21.8325
2026-06-10 07:00:00+05:30,34.75333333333333,72.56666666666666,21.256666666666664
2026-06-10 08:00:00+05:30,35.355000000000004,74.165,26.8
2026-06-10 09:00:00+05:30,36.14333333333334,69.83,29.47666666666667
2026-06-10 13:00:00+05:30,22.4,74.76,27.57
2026-06-10 14:00:00+05:30,25.330000000000002,81.57,30.3925
2026-06-10 15:00:00+05:30,25.5675,82.64500000000001,24.91
2026-06-10 16:00:00+05:30,25.395000000000003,77.58500000000001,24.35
2026-06-10 17:00:00+05:30,37.620000000000005,52.45,15.015
2026-06-10 18:00:00+05:30,39.84,52.1925,12.657499999999999
2026-06-10 19:00:00+05:30,29.565,50.165,10.122499999999999
2026-06-10 20:00:00+05:30,22.7075,48.965,9.1675
2026-06-10 21:00:00+05:30,23.905,46.18,12.535
2026-06-10 22:00:00+05:30,21.585,47.2125,14.99
2026-06-10 23:00:00+05:30,40.81666666666667,46.0,12.589999999999998
2026-06-11 00:00:00+05:30,31.77,51.96,9.07
2026-06-11 01:00:00+05:30,24.7825,49.2,10.0275
2026-06-11 02:00:00+05:30,24.1575,50.7725,9.5925
2026-06-11 03:00:00+05:30,22.6525,44.465,6.905
2026-06-11 04:00:00+05:30,21.759999999999998,41.736666666666665,6.286666666666666
2026-06-11 05:00:00+05:30,22.356666666666666,39.413333333333334,8.136666666666667
2026-06-11 06:00:00+05:30,22.197499999999998,42.1825,13.467500000000001
2026-06-11 07:00:00+05:30,21.333333333333332,45.53,16.36
2026-06-11 09:00:00+05:30,21.36,49.89,16.42
2026-06-11 10:00:00+05:30,18.436666666666667,59.583333333333336,15.246666666666668
2026-06-11 11:00:00+05:30,16.8,58.70333333333334,14.449999999999998
2026-06-11 12:00:00+05:30,17.986666666666668,59.43,18.496666666666666
2026-06-11 13:00:00+05:30,23.0025,57.1,21.0425
2026-06-11 14:00:00+05:30,20.349999999999998,63.656666666666666,20.133333333333336
2026-06-11 15:00:00+05:30,22.2025,62.3525,19.7575
2026-06-11 16:00:00+05:30,21.796666666666667,56.31333333333333,20.486666666666668
2026-06-11 17:00:00+05:30,21.8575,61.41,19.37
2026-06-11 18:00:00+05:30,19.080000000000002,53.06666666666666,15.856666666666667
2026-06-11 19:00:00+05:30,18.482499999999998,52.655,14.255
2026-06-11 20:00:00+05:30,21.94,51.447500000000005,15.055
2026-06-11 21:00:00+05:30,30.846666666666664,48.43666666666667,17.206666666666667
2026-06-11 22:00:00+05:30,33.8375,46.775000000000006,22.96
2026-06-11 23:00:00+05:30,33.76,48.0,25.68
2026-06-12 00:00:00+05:30,46.47,45.13,20.5
2026-06-12 01:00:00+05:30,24.66,44.847500000000004,19.4075
2026-06-12 02:00:00+05:30,22.55,51.375,17.11
2026-06-12 03:00:00+05:30,24.76,56.35666666666666,15.75
2026-06-12 04:00:00+05:30,31.3875,56.155,17.6575
2026-06-12 05:00:00+05:30,37.8175,61.08500000000001,23.1075
2026-06-12 06:00:00+05:30,23.4225,68.6425,26.7525
2026-06-12 07:00:00+05:30,20.814999999999998,69.85,29.305
2026-06-12 08:00:00+05:30,21.169999999999998,67.945,30.13
2026-06-12 09:00:00+05:30,22.685000000000002,67.9125,30.615
2026-06-12 10:00:00+05:30,28.455,74.265,34.39
2026-06-12 11:00:00+05:30,26.81,76.2975,35.1125
2026-06-12 12:00:00+05:30,24.58,74.245,36.05
2026-06-12 13:00:00+05:30,23.8475,75.57249999999999,36.58
2026-06-12 14:00:00+05:30,22.155,78.225,34.415
2026-06-12 15:00:00+05:30,22.317500000000003,72.08,30.322499999999998
2026-06-12 16:00:00+05:30,25.625,71.03,27.82
2026-06-12 17:00:00+05:30,25.413333333333338,66.57000000000001,28.296666666666667
2026-06-12 18:00:00+05:30,25.45,62.0175,26.049999999999997
2026-06-12 19:00:00+05:30,26.59,67.76,26.06
2026-06-12 20:00:00+05:30,28.099999999999998,69.7525,29.2425
2026-06-12 21:00:00+05:30,26.0425,69.25,30.0925
2026-06-12 22:00:00+05:30,16.325,67.2225,24.887500000000003
2026-06-12 23:00:00+05:30,18.93,64.72333333333334,19.05666666666667
2026-06-13 00:00:00+05:30,17.96,56.69,19.7
2026-06-13 01:00:00+05:30,18.1875,55.8325,18.674999999999997
2026-06-13 02:00:00+05:30,21.775,55.73,16.439999999999998
2026-06-13 03:00:00+05:30,23.655,53.489999999999995,15.65
2026-06-13 04:00:00+05:30,27.71,45.84,18.345
2026-06-13 05:00:00+05:30,29.583333333333332,54.35666666666666,20.706666666666667
2026-06-13 06:00:00+05:30,20.365000000000002,59.8975,17.5575
2026-06-13 07:00:00+05:30,18.8025,62.43000000000001,14.6175
2026-06-13 08:00:00+05:30,18.3525,57.1225,16.57
2026-06-13 09:00:00+05:30,20.375,50.285,18.31
2026-06-13 10:00:00+05:30,19.2875,57.5075,22.560000000000002
2026-06-13 11:00:00+05:30,21.153333333333332,65.85333333333334,29.30666666666667
2026-06-13 12:00:00+05:30,20.37,71.66,33.685
2026-06-13 13:00:00+05:30,20.32,72.47999999999999,34.14
2026-06-13 14:00:00+05:30,19.02,63.935,29.575
2026-06-13 15:00:00+05:30,36.3275,65.225,27.5
2026-06-13 16:00:00+05:30,34.4125,68.4375,30.7725
2026-06-13 17:00:00+05:30,32.557500000000005,63.29,29.365000000000002
2026-06-13 18:00:00+05:30,23.31,69.035,24.09
2026-06-13 19:00:00+05:30,26.36,69.2125,19.259999999999998
2026-06-13 20:00:00+05:30,24.075000000000003,68.76,20.7325
2026-06-13 21:00:00+05:30,27.19,66.2625,23.075
2026-06-13 22:00:00+05:30,23.759999999999998,61.480000000000004,21.2375
2026-06-13 23:00:00+05:30,23.540000000000003,56.74,19.87666666666667
2026-06-14 00:00:00+05:30,21.21,57.05,22.32
2026-06-14 01:00:00+05:30,24.4825,58.230000000000004,23.2625
2026-06-14 02:00:00+05:30,31.052500000000002,59.9175,25.655
2026-06-14 03:00:00+05:30,31.9625,62.25,27.725
2026-06-14 04:00:00+05:30,28.217499999999998,64.21000000000001,29.122500000000002
2026-06-14 05:00:00+05:30,20.28,67.9025,29.3525
2026-06-14 06:00:00+05:30,20.6325,69.9425,27.16
2026-06-14 07:00:00+05:30,22.075,68.685,29.325
2026-06-14 08:00:00+05:30,26.9875,73.0175,37.6025
2026-06-14 09:00:00+05:30,22.2625,78.1825,41.4325
2026-06-14 10:00:00+05:30,20.1575,80.46,36.39
2026-06-14 11:00:00+05:30,19.87,80.6375,32.325
2026-06-14 12:00:00+05:30,19.1975,79.325,32.365
2026-06-14 13:00:00+05:30,18.705,79.04,30.5675
2026-06-14 14:00:00+05:30,20.2875,80.58250000000001,25.895
2026-06-14 15:00:00+05:30,22.820000000000004,84.22333333333334,26.51
2026-06-14 16:00:00+05:30,23.1025,83.9025,30.67
2026-06-14 17:00:00+05:30,21.259999999999998,78.72,31.5725
2026-06-14 18:00:00+05:30,18.145,82.9225,27.165
2026-06-14 19:00:00+05:30,14.8675,79.6925,22.7275
2026-06-14 20:00:00+05:30,15.837499999999999,73.60499999999999,22.1975
2026-06-14 21:00:00+05:30,18.6175,66.8575,22.0325
2026-06-14 22:00:00+05:30,21.2225,63.522499999999994,19.7675
2026-06-14 23:00:00+05:30,19.505000000000003,62.675,16.29
2026-06-16 01:00:00+05:30,13.93,55.84,14.34
2026-06-16 02:00:00+05:30,13.48,63.26,12.6475
2026-06-16 03:00:00+05:30,13.886666666666665,66.46333333333332,10.536666666666667
2026-06-16 04:00:00+05:30,14.122499999999999,52.56,11.2675
2026-06-16 05:00:00+05:30,20.427500000000002,52.8475,15.085
2026-06-16 06:00:00+05:30,17.91,63.665000000000006,17.515
2026-06-16 07:00:00+05:30,17.4575,54.192499999999995,17.9675
2026-06-16 08:00:00+05:30,22.4225,56.9775,21.3575
2026-06-16 09:00:00+05:30,20.385,67.235,24.2125
2026-06-16 10:00:00+05:30,21.035,78.4925,25.7275
2026-06-16 11:00:00+05:30,21.095,45.485,13.475
2026-06-16 12:00:00+05:30,15.642499999999998,29.6625,5.415
2026-06-16 13:00:00+05:30,35.545,85.195,6.1049999999999995
2026-06-16 14:00:00+05:30,19.16,84.02,0.0
2026-06-16 15:00:00+05:30,26.945,81.91,41.585
2026-06-16 18:00:00+05:30,30.80333333333333,66.64,31.203333333333333
2026-06-16 19:00:00+05:30,23.113333333333333,63.34,26.290000000000003
2026-06-16 20:00:00+05:30,21.955,58.47,22.075
2026-06-16 21:00:00+05:30,18.3625,56.715,22.29
2026-06-16 22:00:00+05:30,17.535,58.0875,19.5825
2026-06-16 23:00:00+05:30,17.103333333333335,61.13333333333333,16.993333333333336
2026-06-17 00:00:00+05:30,12.39,51.11,18.22
2026-06-17 01:00:00+05:30,12.79,53.60666666666666,20.153333333333332
2026-06-17 02:00:00+05:30,17.6875,56.57,18.677500000000002
2026-06-17 03:00:00+05:30,14.05,49.415,16.1925
2026-06-17 04:00:00+05:30,14.6,46.5575,14.6875
2026-06-17 05:00:00+05:30,12.995000000000001,50.4025,12.4175
2026-06-17 06:00:00+05:30,13.0725,46.980000000000004,15.2575
2026-06-17 07:00:00+05:30,14.9025,52.275,20.055
2026-06-17 08:00:00+05:30,17.445,57.925,20.8775
2026-06-17 09:00:00+05:30,17.0175,57.0625,23.442500000000003
2026-06-17 10:00:00+05:30,17.63,56.51,24.39
2026-06-17 11:00:00+05:30,14.82,61.565,19.09
2026-06-17 12:00:00+05:30,14.86,64.1,25.765
2026-06-17 13:00:00+05:30,15.515,70.0775,28.6775
2026-06-17 14:00:00+05:30,20.765,70.51,34.4775
2026-06-17 15:00:00+05:30,24.5275,75.27000000000001,34.375
2026-06-17 16:00:00+05:30,20.95,76.525,35.085
2026-06-17 17:00:00+05:30,15.64,80.27,32.315
2026-06-17 18:00:00+05:30,15.39,89.515,26.052500000000002
2026-06-17 19:00:00+05:30,20.055,83.485,23.9225
2026-06-17 20:00:00+05:30,25.8125,78.3375,20.6525
2026-06-17 21:00:00+05:30,18.685,79.10000000000001,22.959999999999997
2026-06-17 22:00:00+05:30,14.1175,75.675,25.9875
2026-06-17 23:00:00+05:30,13.99,71.92999999999999,24.340000000000003
2026-06-18 00:00:00+05:30,30.78,85.45,25.95
2026-06-18 01:00:00+05:30,37.575,83.94,26.455
2026-06-18 02:00:00+05:30,31.642500000000002,78.2225,24.635
2026-06-18 03:00:00+05:30,40.41,74.35249999999999,18.615000000000002
2026-06-18 04:00:00+05:30,35.4725,76.6725,13.267500000000002
2026-06-18 05:00:00+05:30,28.35,75.0075,13.9175
2026-06-18 06:00:00+05:30,34.545,71.175,15.7925
2026-06-18 07:00:00+05:30,39.406666666666666,73.17666666666666,13.593333333333334
2026-06-18 08:00:00+05:30,44.06,77.6275,16.244999999999997
2026-06-18 09:00:00+05:30,47.620000000000005,79.255,16.7675
2026-06-18 10:00:00+05:30,29.675,77.5875,18.7075
2026-06-18 11:00:00+05:30,27.7125,80.255,21.3675
2026-06-18 12:00:00+05:30,63.57333333333333,79.98666666666666,24.536666666666665
2026-06-18 13:00:00+05:30,66.345,84.22,27.89
2026-06-18 14:00:00+05:30,72.05333333333333,90.52,31.883333333333336
2026-06-18 15:00:00+05:30,75.045,86.905,28.677500000000002
2026-06-18 16:00:00+05:30,69.74333333333334,83.49000000000001,29.143333333333334
2026-06-18 19:00:00+05:30,12.436666666666667,58.15,23.14
2026-06-18 20:00:00+05:30,12.2275,54.5225,23.3275
2026-06-18 21:00:00+05:30,11.690000000000001,57.28,18.195
2026-06-18 22:00:00+05:30,10.807500000000001,51.555,15.995
2026-06-18 23:00:00+05:30,10.863333333333335,42.10666666666666,14.076666666666668
2026-06-19 01:00:00+05:30,17.18,39.0,13.46
2026-06-19 02:00:00+05:30,12.94,37.435,13.0
2026-06-19 03:00:00+05:30,10.746666666666668,33.873333333333335,11.023333333333333
2026-06-19 04:00:00+05:30,9.913333333333334,38.11666666666667,14.866666666666667
2026-06-19 05:00:00+05:30,14.523333333333333,40.830000000000005,12.173333333333332
2026-06-19 06:00:00+05:30,15.77,36.6375,11.3375
2026-06-19 07:00:00+05:30,14.285,43.0425,10.7125
2026-06-19 08:00:00+05:30,17.796666666666667,49.582499999999996,11.54
2026-06-19 09:00:00+05:30,26.27333333333333,52.14333333333334,11.666666666666666
2026-06-19 10:00:00+05:30,14.85,51.24333333333333,11.603333333333333
2026-06-19 11:00:00+05:30,38.53333333333333,48.24333333333333,8.406666666666666
2026-06-19 12:00:00+05:30,19.6525,64.6825,9.29
2026-06-19 13:00:00+05:30,21.30666666666667,62.79666666666666,13.636666666666665
2026-06-19 14:00:00+05:30,11.865,55.315,16.92
2026-06-19 15:00:00+05:30,11.083333333333334,51.63666666666666,17.8
2026-06-19 17:00:00+05:30,17.843333333333334,50.48,15.08
2026-06-19 18:00:00+05:30,25.2275,44.715,15.84
2026-06-19 19:00:00+05:30,17.5725,48.245,15.7175
2026-06-19 20:00:00+05:30,17.400000000000002,43.39666666666667,14.433333333333332
2026-06-19 21:00:00+05:30,19.5,46.129999999999995,16.585
2026-06-19 22:00:00+05:30,34.0575,53.97,16.66
2026-06-19 23:00:00+05:30,29.98,53.72,12.626666666666667
2026-06-20 01:00:00+05:30,14.55,62.77,5.39
2026-06-20 02:00:00+05:30,14.015,59.1275,7.137499999999999
2026-06-20 03:00:00+05:30,43.195,52.2375,7.64
2026-06-20 04:00:00+05:30,29.6875,57.0975,7.2475
2026-06-20 05:00:00+05:30,31.79,54.364999999999995,6.2075000000000005
2026-06-20 06:00:00+05:30,14.145,55.3725,4.6325
2026-06-20 07:00:00+05:30,13.3125,56.1125,3.2575
2026-06-20 08:00:00+05:30,15.024999999999999,50.6325,2.325
2026-06-20 09:00:00+05:30,37.1775,55.8175,1.7075
2026-06-20 10:00:00+05:30,28.3875,56.985,1.36
2026-06-20 11:00:00+05:30,27.6325,52.535,1.0725
2026-06-20 12:00:00+05:30,17.47,60.685,0.8500000000000001
2026-06-20 13:00:00+05:30,18.035,63.295,0.6950000000000001
2026-06-20 14:00:00+05:30,18.896666666666665,63.88333333333333,0.55
2026-06-20 15:00:00+05:30,39.504999999999995,62.22,2.1475
2026-06-20 16:00:00+05:30,20.073333333333334,63.843333333333334,3.15
2026-06-20 17:00:00+05:30,18.195,64.3125,3.3075
2026-06-20 18:00:00+05:30,14.4775,54.92,2.985
2026-06-20 19:00:00+05:30,14.4875,57.87,2.4325
2026-06-20 20:00:00+05:30,17.36,59.7275,1.9825
2026-06-20 21:00:00+05:30,53.9225,62.802499999999995,1.655
2026-06-20 22:00:00+05:30,26.1425,63.01,1.4449999999999998
2026-06-20 23:00:00+05:30,16.8,58.93000000000001,1.3333333333333333
2026-06-22 00:00:00+05:30,46.02,50.67,2.04
2026-06-22 01:00:00+05:30,37.14000000000001,51.080000000000005,1.6866666666666668
2026-06-22 02:00:00+05:30,34.605000000000004,53.8275,1.3525
2026-06-22 03:00:00+05:30,34.1775,58.235,6.7825
2026-06-22 04:00:00+05:30,32.913333333333334,55.32,7.0566666666666675
2026-06-22 05:00:00+05:30,31.786666666666665,51.88666666666666,4.94
2026-06-22 06:00:00+05:30,23.345,52.3125,3.31
2026-06-22 07:00:00+05:30,23.565,51.402499999999996,7.887499999999999
2026-06-22 08:00:00+05:30,25.815,45.3025,8.192499999999999
2026-06-22 09:00:00+05:30,19.0675,45.06,6.16
2026-06-22 10:00:00+05:30,17.06,58.0,4.422499999999999
2026-06-22 11:00:00+05:30,16.795,65.55,5.7299999999999995
2026-06-22 12:00:00+05:30,43.035000000000004,69.0,6.0225
2026-06-22 13:00:00+05:30,23.685000000000002,76.03999999999999,5.75
2026-06-22 14:00:00+05:30,20.4675,73.10249999999999,4.9325
2026-06-22 15:00:00+05:30,17.7,73.51,4.68
2026-06-22 17:00:00+05:30,83.43,66.5075,4.3175
2026-06-22 18:00:00+05:30,38.8375,56.5,3.0825
2026-06-22 19:00:00+05:30,36.89666666666667,58.48,4.946666666666666
2026-06-22 20:00:00+05:30,27.69,63.277499999999996,4.7375
2026-06-22 21:00:00+05:30,22.134999999999998,67.505,3.4025
2026-06-22 22:00:00+05:30,23.4425,66.575,2.5
2026-06-22 23:00:00+05:30,43.79,68.90666666666667,6.046666666666667
2026-06-23 00:00:00+05:30,24.46,62.39,8.17
2026-06-23 01:00:00+05:30,21.655,64.235,7.3975
2026-06-23 02:00:00+05:30,16.4225,66.86500000000001,5.535
2026-06-23 03:00:00+05:30,17.1675,64.395,5.9975000000000005
2026-06-23 04:00:00+05:30,20.0475,72.2075,5.49
2026-06-23 05:00:00+05:30,82.3475,75.545,4.91
2026-06-23 06:00:00+05:30,26.625,76.9925,5.02
2026-06-23 07:00:00+05:30,20.41,75.38000000000001,6.576666666666667
2026-06-23 08:00:00+05:30,17.3625,75.32,5.67
2026-06-23 09:00:00+05:30,21.19666666666667,80.21333333333332,4.1000000000000005
2026-06-23 16:00:00+05:30,31.63,75.54,2.3
2026-06-25 22:00:00+05:30,18.2025,33.445,20.28
2026-06-25 23:00:00+05:30,14.3725,42.125,24.3475
2026-06-26 00:00:00+05:30,16.37,44.78,25.59
2026-06-26 01:00:00+05:30,22.9675,42.7325,24.6325
2026-06-26 02:00:00+05:30,17.8625,43.48,24.9725
2026-06-26 03:00:00+05:30,15.4675,44.365,25.395
2026-06-26 04:00:00+05:30,15.71,40.375,23.52
2026-06-26 05:00:00+05:30,15.025,46.545,26.41
2026-06-26 06:00:00+05:30,15.442499999999999,44.93,25.6575
2026-06-26 07:00:00+05:30,22.59,49.665,27.875
2026-06-26 08:00:00+05:30,14.81,45.084999999999994,25.7375
2026-06-26 09:00:00+05:30,13.317499999999999,42.839999999999996,24.682499999999997
2026-06-26 10:00:00+05:30,13.575,44.79,25.5925
2026-06-26 11:00:00+05:30,13.7375,49.4725,27.775
2026-06-26 12:00:00+05:30,20.4525,48.875,27.5
2026-06-26 13:00:00+05:30,19.935,51.620000000000005,28.7875
2026-06-26 14:00:00+05:30,12.4125,42.1625,24.3625
2026-06-26 15:00:00+05:30,9.735,58.602500000000006,32.055
2026-06-26 16:00:00+05:30,12.745000000000001,56.33,30.99
2026-06-26 17:00:00+05:30,17.080000000000002,43.74250000000001,25.105
2026-06-26 18:00:00+05:30,21.58,51.379999999999995,28.675
2026-06-26 19:00:00+05:30,20.2325,61.085,33.2175
2026-06-26 20:00:00+05:30,15.82,57.8875,31.71
2026-06-26 21:00:00+05:30,13.3125,57.36,31.47
2026-06-26 22:00:00+05:30,12.275,51.4625,28.715
2026-06-26 23:00:00+05:30,13.36,45.51333333333334,25.933333333333334
2026-06-27 00:00:00+05:30,19.04,42.71,24.62
2026-06-27 01:00:00+05:30,16.375,36.1425,21.5425
2026-06-27 02:00:00+05:30,12.425,42.0,24.29
2026-06-27 03:00:00+05:30,13.1375,38.3175,22.567500000000003
2026-06-27 04:00:00+05:30,13.745000000000001,38.2675,22.5375
2026-06-27 05:00:00+05:30,21.27,38.8775,22.822499999999998
2026-06-27 06:00:00+05:30,19.1725,45.4225,25.8975
2026-06-27 07:00:00+05:30,14.953333333333333,50.73666666666667,28.363333333333333
2026-06-27 08:00:00+05:30,12.5125,47.332499999999996,26.7775
2026-06-27 09:00:00+05:30,10.2575,48.5225,27.34
2026-06-27 10:00:00+05:30,15.375,49.3125,27.7075
2026-06-27 11:00:00+05:30,27.2275,46.4025,26.345
2026-06-27 12:00:00+05:30,22.43,37.5875,22.2225
2026-06-27 13:00:00+05:30,18.8575,42.235,24.3975
2026-06-27 14:00:00+05:30,22.1125,40.8925,23.7675
2026-06-27 15:00:00+05:30,15.31,49.376666666666665,27.74
2026-06-27 16:00:00+05:30,33.94,48.7175,27.4275
2026-06-27 17:00:00+05:30,44.505,51.3625,28.665
2026-06-27 18:00:00+05:30,42.5775,45.4475,25.8975
2026-06-27 19:00:00+05:30,27.18,50.94499999999999,28.475
2026-06-27 20:00:00+05:30,19.69,47.269999999999996,26.75
2026-06-27 21:00:00+05:30,19.69,49.9425,28.005
2026-06-27 22:00:00+05:30,22.2025,42.905,24.712500000000002
2026-06-27 23:00:00+05:30,20.48,41.8425,24.2175
2026-06-28 00:00:00+05:30,14.28,47.69,26.95
2026-06-28 01:00:00+05:30,12.1275,47.02,26.634999999999998
2026-06-28 02:00:00+05:30,13.015,38.5625,22.675
2026-06-28 03:00:00+05:30,15.55,43.7375,25.1
2026-06-28 04:00:00+05:30,20.0925,38.295,22.555
2026-06-28 05:00:00+05:30,15.2875,39.6775,23.1975
2026-06-28 06:00:00+05:30,12.685,41.6575,24.125
2026-06-28 07:00:00+05:30,12.6775,48.4875,27.33
2026-06-28 08:00:00+05:30,13.445,49.6775,27.8825
2026-06-28 09:00:00+05:30,17.5175,50.62,28.3225
2026-06-28 10:00:00+05:30,17.4225,43.472500000000004,24.9625
2026-06-28 11:00:00+05:30,14.1675,52.629999999999995,29.2625
2026-06-28 12:00:00+05:30,11.780000000000001,47.4525,26.84
2026-06-28 13:00:00+05:30,12.6675,53.707499999999996,29.7625
2026-06-28 14:00:00+05:30,16.240000000000002,55.4375,30.575
2026-06-28 15:00:00+05:30,18.375,57.8675,31.71
2026-06-28 16:00:00+05:30,17.1425,55.17,30.45
2026-06-28 17:00:00+05:30,13.593333333333334,50.803333333333335,28.406666666666666
2026-06-28 18:00:00+05:30,13.51,41.69,24.14
2026-06-28 19:00:00+05:30,14.522499999999999,39.53,23.125
2026-06-28 20:00:00+05:30,14.635,42.0225,24.2975
2026-06-28 21:00:00+05:30,17.3325,40.7675,23.7075
2026-06-28 22:00:00+05:30,14.4925,46.6725,26.475
2026-06-28 23:00:00+05:30,12.2075,52.8775,29.3775
2026-06-29 00:00:00+05:30,13.62,55.58,30.64
2026-06-29 01:00:00+05:30,14.82,53.087500000000006,29.4775
2026-06-29 02:00:00+05:30,12.795,56.025,30.8475
2026-06-29 03:00:00+05:30,15.4275,53.6425,29.735
2026-06-29 04:00:00+05:30,11.934999999999999,52.542500000000004,29.215000000000003
2026-06-29 05:00:00+05:30,12.7675,49.644999999999996,27.86
2026-06-29 06:00:00+05:30,13.73,54.59,30.1775
2026-06-29 07:00:00+05:30,15.7825,62.1575,33.7175
2026-06-29 08:00:00+05:30,18.560000000000002,66.5475,35.7725
2026-06-29 09:00:00+05:30,19.0825,65.35,35.2175
2026-06-29 10:00:00+05:30,18.185000000000002,65.57000000000001,35.3175
2026-06-29 11:00:00+05:30,17.455,71.0275,37.879999999999995
2026-06-29 12:00:00+05:30,18.7975,74.0875,39.2975
2026-06-29 13:00:00+05:30,22.7825,77.32,40.81
2026-06-29 14:00:00+05:30,30.964999999999996,80.7325,42.41
2026-06-29 15:00:00+05:30,30.1675,90.8675,47.155
2026-06-29 16:00:00+05:30,36.5175,72.0075,38.3275
2026-06-29 17:00:00+05:30,35.21,64.7975,34.955
2026-06-29 18:00:00+05:30,27.2475,56.745000000000005,31.174999999999997
2026-06-29 19:00:00+05:30,31.86,50.165000000000006,28.1025
2026-06-29 20:00:00+05:30,22.145,50.3525,28.195
2026-06-29 21:00:00+05:30,23.4575,46.0,26.1575
2026-06-29 22:00:00+05:30,20.925,46.385,26.3325
2026-06-29 23:00:00+05:30,16.77,45.7875,26.057499999999997
2026-06-30 00:00:00+05:30,20.19,36.02,21.49
2026-06-30 01:00:00+05:30,18.3925,40.475,23.5775
2026-06-30 02:00:00+05:30,16.607499999999998,47.765,26.9825
2026-06-30 03:00:00+05:30,17.002499999999998,48.1325,27.1575
2026-06-30 04:00:00+05:30,13.58,45.1,25.735
2026-06-30 05:00:00+05:30,12.1475,50.785,28.395
2026-06-30 06:00:00+05:30,12.925,42.55,24.54
2026-06-30 07:00:00+05:30,16.3575,50.4125,28.2225
2026-06-30 08:00:00+05:30,16.7075,53.567499999999995,29.705
2026-06-30 09:00:00+05:30,18.5275,51.3575,28.6625
2026-06-30 10:00:00+05:30,27.5225,53.074999999999996,29.4675
2026-06-30 11:00:00+05:30,28.3775,53.8475,29.83
2026-06-30 12:00:00+05:30,30.564999999999998,46.3525,26.32
2026-06-30 13:00:00+05:30,51.7525,54.4025,30.0925
2026-06-30 14:00:00+05:30,65.1175,52.045,28.995
2026-06-30 15:00:00+05:30,40.2725,61.815,33.575
2026-06-30 16:00:00+05:30,38.8975,67.225,36.0925
2026-06-30 17:00:00+05:30,31.8975,52.1225,29.025
2026-06-30 18:00:00+05:30,37.58,55.15,30.4375
2026-06-30 19:00:00+05:30,36.155,53.695,29.76
2026-06-30 20:00:00+05:30,39.29,47.94,27.07
2026-06-30 21:00:00+05:30,45.3625,52.0075,28.9675
2026-06-30 22:00:00+05:30,45.335,74.6,39.542500000000004
2026-06-30 23:00:00+05:30,31.475,91.05749999999999,47.245000000000005
2026-07-01 01:00:00+05:30,22.57,66.16,35.59
2026-07-01 02:00:00+05:30,19.6975,68.56,36.72
2026-07-01 03:00:00+05:30,17.6125,64.67999999999999,34.8975
2026-07-01 04:00:00+05:30,18.2875,57.0075,31.32
2026-07-01 05:00:00+05:30,20.57,48.620000000000005,27.383333333333336
2026-07-01 06:00:00+05:30,20.19,40.58,23.62
2026-07-01 07:00:00+05:30,20.61,43.6225,25.0475
2026-07-01 08:00:00+05:30,19.555,46.0525,26.182499999999997
2026-07-01 09:00:00+05:30,22.33,49.81,27.94
2026-07-01 10:00:00+05:30,31.02,52.73,29.31
2026-07-01 11:00:00+05:30,26.4225,48.7625,27.4525
2026-07-01 12:00:00+05:30,24.6175,56.435,31.045
2026-07-01 13:00:00+05:30,23.0375,53.2325,29.545
2026-07-01 14:00:00+05:30,23.975,46.625,26.45
2026-07-01 15:00:00+05:30,27.130000000000003,41.497499999999995,24.052500000000002
2026-07-01 16:00:00+05:30,32.942499999999995,40.652499999999996,23.66
2026-07-01 17:00:00+05:30,30.285,44.8675,25.630000000000003
2026-07-01 18:00:00+05:30,29.22,48.35,27.26
2026-07-01 19:00:00+05:30,36.825,53.5075,29.67
2026-07-01 20:00:00+05:30,35.545,48.6125,27.385
2026-07-01 21:00:00+05:30,26.96,57.3925,31.490000000000002
2026-07-01 22:00:00+05:30,24.205,47.8325,27.012500000000003
2026-07-01 23:00:00+05:30,25.2575,53.5175,29.6775
2026-07-02 00:00:00+05:30,19.68,49.21,27.66
2026-07-02 01:00:00+05:30,15.834999999999999,43.32,24.905
2026-07-02 02:00:00+05:30,14.0525,40.3675,23.5225
2026-07-02 03:00:00+05:30,15.2025,41.3775,23.994999999999997
2026-07-02 04:00:00+05:30,14.9625,36.0125,21.4825
2026-07-02 05:00:00+05:30,15.165,30.3775,18.8475
2026-07-02 06:00:00+05:30,14.995000000000001,33.1925,20.1675
2026-07-02 07:00:00+05:30,18.62,33.0175,20.08
2026-07-02 08:00:00+05:30,17.4525,32.504999999999995,19.84
2026-07-02 09:00:00+05:30,20.1825,37.4575,22.1625
2026-07-02 10:00:00+05:30,19.192500000000003,33.9825,20.529999999999998
2026-07-02 11:00:00+05:30,20.7625,34.5075,20.7825
2026-07-02 12:00:00+05:30,20.425,41.712500000000006,24.155
2026-07-02 13:00:00+05:30,17.23,38.5925,22.695
2026-07-02 14:00:00+05:30,18.3975,35.97,21.465
2026-07-02 15:00:00+05:30,24.2725,39.795,23.255000000000003
2026-07-02 16:00:00+05:30,24.14,37.735,22.2925
2026-07-02 17:00:00+05:30,31.965,38.1575,22.4875
2026-07-02 18:00:00+05:30,31.04,33.355,20.24
2026-07-02 19:00:00+05:30,36.555,40.019999999999996,23.362499999999997
2026-07-02 20:00:00+05:30,31.612499999999997,35.7775,21.375
2026-07-02 21:00:00+05:30,31.16,49.72,27.9025
2026-07-02 22:00:00+05:30,28.05,51.8925,28.915
2026-07-02 23:00:00+05:30,25.432499999999997,55.845,30.765
2026-07-03 00:00:00+05:30,21.52,55.33,30.52
2026-07-03 01:00:00+05:30,21.08,50.99,28.4925
2026-07-03 02:00:00+05:30,18.1225,47.677499999999995,26.9375
2026-07-03 03:00:00+05:30,16.3075,45.46,25.91
2026-07-03 04:00:00+05:30,20.5325,38.269999999999996,22.54
2026-07-03 05:00:00+05:30,18.2475,38.305,22.5625
2026-07-03 06:00:00+05:30,17.9725,38.207499999999996,22.5125
2026-07-03 07:00:00+05:30,17.9575,38.435,22.6175
2026-07-03 08:00:00+05:30,18.045,36.725,21.82
2026-07-03 09:00:00+05:30,18.060000000000002,36.8825,21.895
2026-07-03 10:00:00+05:30,17.895,35.9225,21.4375
2026-07-03 11:00:00+05:30,15.39,37.769999999999996,22.3075
2026-07-03 12:00:00+05:30,16.6225,31.884999999999998,19.55
2026-07-03 13:00:00+05:30,18.509999999999998,32.322500000000005,19.755
2026-07-03 14:00:00+05:30,17.685000000000002,30.1175,18.724999999999998
2026-07-03 15:00:00+05:30,18.135,33.53,20.317500000000003
2026-07-03 16:00:00+05:30,18.285,28.34,17.89
2026-07-03 17:00:00+05:30,24.1325,27.4975,17.4975
2026-07-03 18:00:00+05:30,21.1475,26.855,17.2025
2026-07-03 19:00:00+05:30,18.9875,30.915,19.1
2026-07-03 20:00:00+05:30,18.177500000000002,27.3725,17.44
2026-07-03 21:00:00+05:30,16.9675,27.5925,17.545
2026-07-03 22:00:00+05:30,17.2225,23.5,15.6375
2026-07-03 23:00:00+05:30,13.7425,29.294999999999998,18.335
2026-07-04 00:00:00+05:30,15.32,25.65,16.64
2026-07-04 01:00:00+05:30,15.645,22.145,14.99
2026-07-04 02:00:00+05:30,18.9275,25.682499999999997,16.6475
2026-07-04 03:00:00+05:30,12.635,30.5875,18.945
2026-07-04 04:00:00+05:30,12.5,28.635,18.0325
2026-07-04 05:00:00+05:30,12.0175,27.29,17.404999999999998
2026-07-04 06:00:00+05:30,12.53,28.1125,17.7825
2026-07-04 07:00:00+05:30,13.9075,28.4925,17.9625
2026-07-04 08:00:00+05:30,13.055,28.3825,17.915
2026-07-04 09:00:00+05:30,13.3825,28.8675,18.14
2026-07-04 10:00:00+05:30,14.162500000000001,25.1525,16.4075
2026-07-04 11:00:00+05:30,14.4725,23.895,15.815
2026-07-04 12:00:00+05:30,13.02,21.5975,14.7375
2026-07-04 13:00:00+05:30,14.9275,21.7575,14.809999999999999
2026-07-04 14:00:00+05:30,13.3875,30.0825,18.7075
2026-07-04 15:00:00+05:30,13.695,37.355000000000004,22.11
2026-07-04 16:00:00+05:30,14.665,31.9925,19.6025
2026-07-04 17:00:00+05:30,16.4725,28.4925,17.965
2026-07-04 18:00:00+05:30,17.5175,28.7175,18.064999999999998
2026-07-04 19:00:00+05:30,19.807499999999997,26.3425,16.955
2026-07-04 20:00:00+05:30,23.822499999999998,31.855,19.5375
2026-07-04 21:00:00+05:30,49.3925,30.4775,18.887500000000003
2026-07-04 22:00:00+05:30,38.9975,25.46,16.55
2026-07-04 23:00:00+05:30,40.63,26.195,16.8925
2026-07-05 00:00:00+05:30,58.29,30.21,18.77
2026-07-05 01:00:00+05:30,62.00333333333333,25.900000000000002,16.753333333333334
2026-07-05 02:00:00+05:30,21.91,23.2,15.49
2026-07-05 03:00:00+05:30,19.355,29.9075,18.63
2026-07-05 04:00:00+05:30,26.3775,26.955,17.2475
2026-07-05 05:00:00+05:30,30.155,22.9375,15.3625
2026-07-05 06:00:00+05:30,22.837500000000002,19.82,13.9075
2026-07-05 07:00:00+05:30,16.072499999999998,26.072499999999998,16.8325
2026-07-05 08:00:00+05:30,17.695,24.1675,15.95
2026-07-05 09:00:00+05:30,19.6025,24.1675,15.9375
2026-07-05 10:00:00+05:30,15.7575,21.1875,14.5425
2026-07-05 11:00:00+05:30,15.485000000000001,22.8625,15.335
2026-07-05 12:00:00+05:30,13.4375,23.6675,15.71
2026-07-05 13:00:00+05:30,14.2275,20.3425,14.1525
2026-07-05 14:00:00+05:30,13.625,24.09,15.8975
2026-07-05 15:00:00+05:30,14.7275,26.27,16.919999999999998
2026-07-05 16:00:00+05:30,14.965,29.887500000000003,18.6175
2026-07-05 17:00:00+05:30,15.25,26.0375,16.8125
2026-07-05 18:00:00+05:30,16.54,23.0775,15.43
2026-07-05 19:00:00+05:30,16.265,24.655,16.1675
2026-07-05 20:00:00+05:30,19.064999999999998,23.357499999999998,15.5625
2026-07-05 21:00:00+05:30,19.49,26.41,16.985
2026-07-05 22:00:00+05:30,17.275,25.3975,16.515
2026-07-05 23:00:00+05:30,18.107499999999998,28.97,18.1875
2026-07-06 00:00:00+05:30,14.54,28.26,17.86
2026-07-06 01:00:00+05:30,15.9825,25.3575,16.49
2026-07-06 02:00:00+05:30,16.235,29.9775,18.66
2026-07-06 03:00:00+05:30,18.27,25.990000000000002,16.794999999999998
2026-07-06 04:00:00+05:30,20.055,27.03,17.275
2026-07-06 05:00:00+05:30,15.265,25.055,16.3525
2026-07-06 06:00:00+05:30,12.97,23.189999999999998,15.485
2026-07-06 07:00:00+05:30,14.657499999999999,37.832499999999996,22.3375
2026-07-06 08:00:00+05:30,19.2575,32.8025,19.9675
2026-07-06 09:00:00+05:30,20.52,25.817500000000003,16.7175
2026-07-06 10:00:00+05:30,18.155,28.86,18.1375
2026-07-06 11:00:00+05:30,16.096666666666668,32.644999999999996,19.91
2026-07-06 12:00:00+05:30,9.32,10.0,9.31
2026-07-06 13:00:00+05:30,11.7525,,
2026-07-06 14:00:00+05:30,13.6325,,
2026-07-06 15:00:00+05:30,45.57749999999999,78.88,41.545
2026-07-06 16:00:00+05:30,14.015,68.815,36.8325
2026-07-06 17:00:00+05:30,15.6175,53.1075,29.4825
2026-07-06 18:00:00+05:30,27.787499999999998,52.6075,29.2475
2026-07-06 19:00:00+05:30,20.0,56.82,31.2225
2026-07-06 20:00:00+05:30,17.65,60.8125,33.087500000000006
2026-07-06 21:00:00+05:30,15.78,62.635000000000005,33.9425
2026-07-06 22:00:00+05:30,11.9175,63.425,34.31
2026-07-06 23:00:00+05:30,12.182500000000001,60.7825,33.0775
2026-07-07 01:00:00+05:30,12.22,57.05,31.33
2026-07-07 02:00:00+05:30,13.435,55.114999999999995,30.4225
2026-07-07 03:00:00+05:30,11.8,54.26,30.02
2026-07-07 04:00:00+05:30,10.4375,55.685,30.69
2026-07-07 05:00:00+05:30,10.7625,61.41,33.3725
2026-07-07 06:00:00+05:30,13.4875,71.1775,37.942499999999995
2026-07-07 07:00:00+05:30,13.5475,66.6325,35.815
2026-07-07 08:00:00+05:30,14.559999999999999,65.5325,35.302499999999995
2026-07-07 09:00:00+05:30,11.89,58.36,31.945
2026-07-07 10:00:00+05:30,11.4375,58.7,32.097500000000004
2026-07-07 11:00:00+05:30,13.27,50.93,28.4625
2026-07-07 12:00:00+05:30,11.825,46.735,26.5
2026-07-07 13:00:00+05:30,14.235,51.4625,28.715
2026-07-07 14:00:00+05:30,15.745000000000001,57.035,31.325
2026-07-07 15:00:00+05:30,16.96,63.89,34.53
2026-07-07 16:00:00+05:30,14.2175,70.6225,37.682500000000005
2026-07-07 17:00:00+05:30,13.94,77.21249999999999,40.7675
2026-07-07 18:00:00+05:30,13.6325,78.05,41.1575
2026-07-07 19:00:00+05:30,15.755,72.94749999999999,38.7675
2026-07-07 20:00:00+05:30,19.4875,71.19,37.947500000000005
2026-07-07 21:00:00+05:30,30.5925,68.6875,36.7775
2026-07-07 22:00:00+05:30,48.65,68.95750000000001,36.9
2026-07-07 23:00:00+05:30,20.5825,68.88,36.8675
2026-07-08 00:00:00+05:30,18.65,64.21,34.68
2026-07-08 01:00:00+05:30,19.6525,62.339999999999996,33.807500000000005
2026-07-08 02:00:00+05:30,17.55,59.2125,32.3425
2026-07-08 03:00:00+05:30,18.4575,59.0725,32.275
2026-07-08 04:00:00+05:30,18.95,61.415,33.3725
2026-07-08 05:00:00+05:30,18.9525,66.4275,35.7175
2026-07-08 06:00:00+05:30,19.525,65.9175,35.480000000000004
2026-07-08 07:00:00+05:30,19.84,63.2825,34.245000000000005
2026-07-08 08:00:00+05:30,20.075,63.3,34.252500000000005
2026-07-08 09:00:00+05:30,23.3175,62.7125,33.9775
2026-07-08 10:00:00+05:30,18.955,69.56,37.1825
2026-07-08 11:00:00+05:30,17.0975,64.3975,34.77
2026-07-08 12:00:00+05:30,14.14,62.235,33.755
2026-07-08 13:00:00+05:30,14.8375,70.13499999999999,37.4525
2026-07-08 14:00:00+05:30,15.4425,74.4,39.4475
2026-07-08 15:00:00+05:30,13.9825,79.905,42.025
2026-07-08 16:00:00+05:30,14.285,84.485,44.17
2026-07-08 17:00:00+05:30,13.870000000000001,83.6375,43.7725
2026-07-08 18:00:00+05:30,14.7375,77.63250000000001,40.96
2026-07-08 19:00:00+05:30,15.16,75.535,39.98
2026-07-08 20:00:00+05:30,14.6325,75.2825,39.8625
2026-07-08 21:00:00+05:30,14.0075,66.66749999999999,35.83
2026-07-08 22:00:00+05:30,15.69,65.35,35.215
2026-07-08 23:00:00+05:30,16.1,66.8625,35.92
2026-07-09 00:00:00+05:30,15.03,60.66,33.02
2026-07-09 01:00:00+05:30,15.344999999999999,61.445,33.3875
2026-07-09 02:00:00+05:30,14.9225,61.9075,33.6025
2026-07-09 03:00:00+05:30,15.4725,60.957499999999996,33.160000000000004
2026-07-09 04:00:00+05:30,16.622500000000002,61.004999999999995,33.18
2026-07-09 05:00:00+05:30,16.5075,61.394999999999996,33.3625
2026-07-09 06:00:00+05:30,15.64,62.24,33.7625
2026-07-09 07:00:00+05:30,15.415,60.0225,32.72
2026-07-09 08:00:00+05:30,14.42,59.795,32.6125
2026-07-09 09:00:00+05:30,15.032499999999999,59.42,32.4375
2026-07-09 10:00:00+05:30,15.620000000000001,55.75,30.7225
2026-07-09 11:00:00+05:30,12.61,50.5275,28.275
2026-07-09 12:00:00+05:30,10.094999999999999,42.3225,24.4375
2026-07-09 13:00:00+05:30,9.0975,43.99,25.215
2026-07-09 14:00:00+05:30,9.3525,43.8975,25.174999999999997
2026-07-09 15:00:00+05:30,12.775,38.9975,22.884999999999998
2026-07-09 16:00:00+05:30,13.855,41.739999999999995,24.165
2026-07-09 17:00:00+05:30,23.990000000000002,48.2,27.189999999999998
2026-07-09 18:00:00+05:30,14.5275,49.065,27.5925
2026-07-09 19:00:00+05:30,19.185000000000002,38.1875,22.497500000000002
2026-07-09 20:00:00+05:30,19.0875,37.25,22.0625
2026-07-09 21:00:00+05:30,17.884999999999998,46.34,26.3175
2026-07-09 22:00:00+05:30,18.1175,51.572500000000005,28.765
2026-07-09 23:00:00+05:30,19.1,54.765,30.26
2026-07-10 00:00:00+05:30,17.22,56.47,31.06
2026-07-10 01:00:00+05:30,17.985,55.7725,30.7325
2026-07-10 02:00:00+05:30,21.17,57.54,31.5575
2026-07-10 03:00:00+05:30,22.182499999999997,57.535,31.555
2026-07-10 04:00:00+05:30,19.8125,47.5,26.855
2026-07-10 05:00:00+05:30,16.585,43.58,25.0225
2026-07-10 06:00:00+05:30,15.92,40.3875,23.53
2026-07-10 07:00:00+05:30,17.625,35.285000000000004,21.1425
2026-07-10 08:00:00+05:30,18.1175,34.785000000000004,20.9075
2026-07-10 09:00:00+05:30,19.7175,30.2775,18.799999999999997
2026-07-10 10:00:00+05:30,16.8625,32.9175,20.03
2026-07-10 11:00:00+05:30,19.0,40.0575,23.375
2026-07-10 12:00:00+05:30,16.9525,43.25,24.87
2026-07-10 13:00:00+05:30,19.862499999999997,47.86,27.025
2026-07-10 14:00:00+05:30,19.665,45.2825,25.82
2026-07-10 15:00:00+05:30,20.775,37.75,22.2975
2026-07-10 16:00:00+05:30,23.0325,41.86,24.22
2026-07-10 17:00:00+05:30,24.7425,57.305,31.45
2026-07-10 18:00:00+05:30,22.3375,66.8625,35.925
2026-07-10 19:00:00+05:30,21.3975,60.8975,33.129999999999995
2026-07-10 20:00:00+05:30,22.0425,62.745000000000005,33.995000000000005
2026-07-10 21:00:00+05:30,21.285,63.7175,34.45
2026-07-10 22:00:00+05:30,19.7125,58.917500000000004,32.207499999999996
2026-07-10 23:00:00+05:30,16.0425,51.75,28.85
2026-07-11 00:00:00+05:30,15.21,37.07,21.98
2026-07-11 01:00:00+05:30,16.7925,39.995,23.3475
2026-07-11 02:00:00+05:30,16.5775,42.9075,24.71
2026-07-11 03:00:00+05:30,16.8825,41.4025,24.0075
2026-07-11 04:00:00+05:30,13.9975,41.715,24.15
2026-07-11 05:00:00+05:30,12.7325,38.6075,22.6975
2026-07-11 06:00:00+05:30,14.7225,42.4725,24.505000000000003
2026-07-11 07:00:00+05:30,31.052500000000002,47.73,26.9675
2026-07-11 08:00:00+05:30,38.9575,46.0775,26.195
2026-07-11 09:00:00+05:30,61.097500000000004,53.06,29.4625
2026-07-11 10:00:00+05:30,68.275,59.5475,32.497499999999995
2026-07-11 11:00:00+05:30,92.8275,58.2175,31.872500000000002
2026-07-11 12:00:00+05:30,73.56,61.1875,33.2625
2026-07-11 13:00:00+05:30,75.07000000000001,68.725,36.7925
2026-07-11 14:00:00+05:30,58.677499999999995,78.675,41.45
2026-07-11 15:00:00+05:30,35.6875,85.675,44.725
2026-07-11 16:00:00+05:30,27.0325,87.7675,45.7025
2026-07-11 17:00:00+05:30,34.31,90.6625,47.0625
2026-07-11 18:00:00+05:30,35.5125,91.425,47.417500000000004
2026-07-11 19:00:00+05:30,33.115,91.84,47.6125
2026-07-11 20:00:00+05:30,42.1875,93.8475,48.5475
2026-07-11 21:00:00+05:30,41.67,102.4625,52.585
2026-07-11 22:00:00+05:30,41.0075,113.22,57.620000000000005
2026-07-11 23:00:00+05:30,43.8275,114.9425,58.4225
2026-07-12 00:00:00+05:30,43.24,109.61,55.93
2026-07-12 01:00:00+05:30,40.86,113.6875,57.8375
2026-07-12 02:00:00+05:30,22.0175,116.2425,59.0325
2026-07-12 03:00:00+05:30,20.3325,105.8575,54.1725
2026-07-12 04:00:00+05:30,25.1525,99.1775,51.0475
2026-07-12 05:00:00+05:30,24.8675,102.645,52.6675
2026-07-12 06:00:00+05:30,19.622500000000002,104.825,53.685
2026-07-12 07:00:00+05:30,20.5075,99.2825,51.0975
2026-07-12 08:00:00+05:30,19.6075,95.8675,49.4975
2026-07-12 09:00:00+05:30,19.73,90.1125,46.805
2026-07-12 10:00:00+05:30,23.0775,94.035,48.6375
2026-07-12 11:00:00+05:30,23.8375,96.83250000000001,49.945
2026-07-12 12:00:00+05:30,24.285,94.4825,48.85
2026-07-12 13:00:00+05:30,24.7275,102.0025,52.3675
2026-07-12 14:00:00+05:30,23.775,109.0025,55.6425
2026-07-12 15:00:00+05:30,23.23,112.12,57.1025
2026-07-12 16:00:00+05:30,22.59,112.66,57.355000000000004
2026-07-12 17:00:00+05:30,23.33,121.94500000000001,61.7
2026-07-12 18:00:00+05:30,25.3,127.22,64.17
2026-07-12 19:00:00+05:30,24.880000000000003,125.475,63.3525
2026-07-12 20:00:00+05:30,22.8075,123.2675,62.3175
2026-07-12 21:00:00+05:30,23.127499999999998,119.66,60.6325
2026-07-12 22:00:00+05:30,22.130000000000003,120.2,60.885
2026-07-12 23:00:00+05:30,21.0875,113.7225,57.8525
2026-07-13 00:00:00+05:30,20.56,112.95,57.49
2026-07-13 01:00:00+05:30,18.755,110.1,56.1575
2026-07-13 02:00:00+05:30,20.4575,107.11,54.7575
2026-07-13 03:00:00+05:30,22.8525,103.795,53.2025
2026-07-13 04:00:00+05:30,18.275,92.10749999999999,47.7325
2026-07-13 05:00:00+05:30,18.2975,91.7575,47.5725
2026-07-13 06:00:00+05:30,18.1025,97.315,50.17
2026-07-13 07:00:00+05:30,20.105,97.47749999999999,50.2475
2026-07-13 08:00:00+05:30,20.419999999999998,98.4225,50.69
2026-07-13 09:00:00+05:30,22.8625,104.05,53.3225
2026-07-13 10:00:00+05:30,29.03,113.5925,57.792500000000004
2026-07-13 11:00:00+05:30,33.965,118.3775,60.035
2026-07-13 12:00:00+05:30,29.9425,119.3325,60.4775
2026-07-13 13:00:00+05:30,32.26,104.325,53.4525
2026-07-13 14:00:00+05:30,48.92,81.9625,42.985
2026-07-13 15:00:00+05:30,47.265,65.575,35.317499999999995
2026-07-13 16:00:00+05:30,37.8525,68.79249999999999,36.8225
2026-07-13 17:00:00+05:30,10.31,73.94749999999999,39.230000000000004
2026-07-13 18:00:00+05:30,10.7225,69.7625,37.28
2026-07-13 19:00:00+05:30,19.6525,57.425,31.5075
2026-07-13 20:00:00+05:30,18.91,58.2875,31.91
2026-07-13 21:00:00+05:30,18.575,60.345,32.8725
2026-07-13 22:00:00+05:30,21.1375,57.572500000000005,31.575000000000003
2026-07-13 23:00:00+05:30,19.945,54.835,30.2925
