datetime,no2,pm10,pm25
2025-02-19 01:00:00+05:30,52.14,203.1,98.6
2025-02-19 02:00:00+05:30,50.3,204.95,99.55
2025-02-19 03:00:00+05:30,47.02,206.5666666666667,97.5
2025-02-19 04:00:00+05:30,46.269999999999996,197.05,88.5
2025-02-19 05:00:00+05:30,46.76,191.1,91.0
2025-02-19 06:00:00+05:30,46.4125,195.975,96.725
2025-02-19 07:00:00+05:30,45.585,198.7,104.325
2025-02-19 08:00:00+05:30,45.9725,207.7,116.45
2025-02-19 09:00:00+05:30,45.2375,239.4,128.875
2025-02-19 10:00:00+05:30,45.42,235.7,115.4
2025-02-19 11:00:00+05:30,44.03333333333333,205.36666666666665,85.63333333333333
2025-02-19 12:00:00+05:30,46.99333333333333,172.4333333333333,72.8
2025-02-19 13:00:00+05:30,45.4075,157.175,59.025
2025-02-19 14:00:00+05:30,45.7225,139.25,34.7
2025-02-19 15:00:00+05:30,46.2675,114.25,35.0
2025-02-19 16:00:00+05:30,46.07,98.225,37.975
2025-02-19 17:00:00+05:30,45.7175,99.6,32.45
2025-02-19 18:00:00+05:30,44.64,116.85,44.375
2025-02-19 19:00:00+05:30,45.803333333333335,139.4,52.075
2025-02-19 20:00:00+05:30,46.2375,177.55,81.275
2025-02-19 21:00:00+05:30,45.4075,225.625,106.625
2025-02-19 22:00:00+05:30,43.9975,262.525,116.825
2025-02-19 23:00:00+05:30,45.836666666666666,282.0,129.53333333333333
2025-02-20 00:00:00+05:30,45.72,248.9,114.3
2025-02-20 01:00:00+05:30,46.325,245.25,108.4
2025-02-20 02:00:00+05:30,45.1,225.27499999999998,91.65
2025-02-20 03:00:00+05:30,45.2075,193.025,90.0
2025-02-20 04:00:00+05:30,44.905,176.625,83.225
2025-02-20 05:00:00+05:30,45.3125,170.425,73.425
2025-02-20 06:00:00+05:30,46.705,173.65,81.5
2025-02-20 07:00:00+05:30,44.82,174.02499999999998,84.8
2025-02-20 08:00:00+05:30,44.8575,186.9,83.275
2025-02-20 09:00:00+05:30,44.12,204.725,93.475
2025-02-20 10:00:00+05:30,46.7025,207.075,85.25
2025-02-20 11:00:00+05:30,45.037499999999994,207.8,97.725
2025-02-20 12:00:00+05:30,45.160000000000004,207.975,90.375
2025-02-20 13:00:00+05:30,45.2725,206.7,93.02499999999999
2025-02-20 14:00:00+05:30,46.205,207.2,79.175
2025-02-20 15:00:00+05:30,45.5675,186.4,70.675
2025-02-20 16:00:00+05:30,44.4225,162.575,61.2
2025-02-20 17:00:00+05:30,44.145,156.15,77.35
2025-02-20 18:00:00+05:30,45.6125,190.55,81.89999999999999
2025-02-20 19:00:00+05:30,43.37,204.8,90.425
2025-02-20 20:00:00+05:30,45.0125,233.125,108.325
2025-02-20 21:00:00+05:30,44.64,242.9,120.675
2025-02-20 22:00:00+05:30,44.5475,274.725,122.25
2025-02-20 23:00:00+05:30,45.156666666666666,268.56666666666666,126.90000000000002
2025-02-21 00:00:00+05:30,38.81,242.5,142.5
2025-02-21 01:00:00+05:30,39.955,244.275,138.35
2025-02-21 02:00:00+05:30,38.9875,248.45,128.225
2025-02-21 03:00:00+05:30,39.265,242.85,128.05
2025-02-21 04:00:00+05:30,41.225,229.425,113.575
2025-02-21 05:00:00+05:30,39.957499999999996,226.85,111.95
2025-02-21 06:00:00+05:30,40.707499999999996,245.975,125.725
2025-02-21 07:00:00+05:30,40.615,236.7,118.425
2025-02-21 08:00:00+05:30,38.582499999999996,218.075,128.35
2025-02-21 09:00:00+05:30,41.12,203.19999999999996,1.7
2025-02-21 10:00:00+05:30,39.58,153.6,0.0
2025-02-21 11:00:00+05:30,41.724999999999994,115.65,72.2
2025-02-21 12:00:00+05:30,30.975,134.325,75.45
2025-02-21 13:00:00+05:30,18.59,128.25,58.074999999999996
2025-02-21 14:00:00+05:30,18.747500000000002,128.975,58.45
2025-02-21 15:00:00+05:30,18.205,132.175,50.075
2025-02-21 16:00:00+05:30,41.56,126.975,42.925
2025-02-21 17:00:00+05:30,44.435,118.7,38.825
2025-02-21 18:00:00+05:30,44.669999999999995,123.06666666666666,37.4
2025-02-21 19:00:00+05:30,45.41,143.425,50.4
2025-02-21 20:00:00+05:30,43.4225,168.14999999999998,66.075
2025-02-21 21:00:00+05:30,44.7675,165.8,61.925
2025-02-21 22:00:00+05:30,42.2625,169.325,65.725
2025-02-21 23:00:00+05:30,43.64,166.5,79.8
2025-02-22 00:00:00+05:30,44.85,155.3,70.0
2025-02-22 01:00:00+05:30,43.7725,156.825,71.45
2025-02-22 02:00:00+05:30,43.49,154.4,69.3
2025-02-22 03:00:00+05:30,43.2325,141.925,60.85
2025-02-22 04:00:00+05:30,44.364999999999995,134.95,59.85
2025-02-22 05:00:00+05:30,42.96,137.45,66.975
2025-02-22 06:00:00+05:30,44.1,136.25,71.8
2025-02-22 07:00:00+05:30,44.35333333333333,136.66666666666666,85.025
2025-02-22 08:00:00+05:30,43.5625,151.375,99.275
2025-02-22 09:00:00+05:30,42.955,163.825,111.85000000000001
2025-02-22 10:00:00+05:30,44.5325,180.8,124.80000000000001
2025-02-22 11:00:00+05:30,43.902499999999996,188.85,99.125
2025-02-22 12:00:00+05:30,44.5775,180.85,91.32499999999999
2025-02-22 13:00:00+05:30,43.63999999999999,167.29999999999998,75.56666666666666
2025-02-22 14:00:00+05:30,43.0525,153.075,67.8
2025-02-22 15:00:00+05:30,43.54,141.02499999999998,50.7
2025-02-22 16:00:00+05:30,44.55,134.89999999999998,49.45
2025-02-22 17:00:00+05:30,45.09,132.125,51.525
2025-02-22 18:00:00+05:30,44.707499999999996,127.94999999999999,49.7
2025-02-22 19:00:00+05:30,44.41,142.725,58.975
2025-02-22 20:00:00+05:30,43.71,165.375,71.85000000000001
2025-02-22 21:00:00+05:30,44.06,174.95,75.275
2025-02-22 22:00:00+05:30,44.6525,176.39999999999998,80.45
2025-02-22 23:00:00+05:30,43.336666666666666,175.33333333333334,74.3
2025-02-23 00:00:00+05:30,43.59,173.7,69.4
2025-02-23 01:00:00+05:30,44.275,172.2,75.72500000000001
2025-02-23 02:00:00+05:30,43.527499999999996,170.575,80.7
2025-02-23 03:00:00+05:30,43.8375,176.55,76.44999999999999
2025-02-23 04:00:00+05:30,43.09,172.475,72.44999999999999
2025-02-23 05:00:00+05:30,44.03,156.875,65.85
2025-02-23 06:00:00+05:30,41.7125,153.975,70.55
2025-02-23 07:00:00+05:30,45.05,156.325,72.5
2025-02-23 08:00:00+05:30,42.0025,171.75,76.875
2025-02-23 09:00:00+05:30,44.47666666666667,176.70000000000002,80.66666666666667
2025-02-23 10:00:00+05:30,45.177499999999995,169.6,79.65
2025-02-23 11:00:00+05:30,44.5975,159.4,67.05
2025-02-23 12:00:00+05:30,43.715,150.525,52.2
2025-02-23 13:00:00+05:30,44.307500000000005,136.825,47.625
2025-02-23 14:00:00+05:30,43.72,122.625,45.675
2025-02-23 15:00:00+05:30,43.885,123.725,39.5
2025-02-23 16:00:00+05:30,43.370000000000005,128.6,39.325
2025-02-23 17:00:00+05:30,43.7375,122.275,39.0
2025-02-23 18:00:00+05:30,44.332499999999996,120.80000000000001,38.675
2025-02-23 19:00:00+05:30,44.995000000000005,141.95000000000002,49.474999999999994
2025-02-23 20:00:00+05:30,43.04,167.0,73.5
2025-02-23 21:00:00+05:30,44.0175,181.2,86.275
2025-02-23 22:00:00+05:30,45.475,194.575,101.92500000000001
2025-02-23 23:00:00+05:30,49.18333333333334,204.53333333333333,102.56666666666666
2025-02-24 00:00:00+05:30,48.79,207.4,86.7
2025-02-24 01:00:00+05:30,49.245,207.6,99.85
2025-02-24 02:00:00+05:30,46.7475,200.075,104.45
2025-02-24 03:00:00+05:30,48.542500000000004,184.975,83.225
2025-02-24 04:00:00+05:30,50.2,173.15,77.575
2025-02-24 05:00:00+05:30,46.265,161.4,72.2
2025-02-24 06:00:00+05:30,50.76333333333333,158.66666666666666,71.56666666666668
2025-02-24 07:00:00+05:30,49.3875,162.7,78.45
2025-02-24 08:00:00+05:30,50.36,176.0,94.4
2025-02-24 09:00:00+05:30,49.585,189.275,91.825
2025-02-24 10:00:00+05:30,49.74,192.025,84.8
2025-02-24 11:00:00+05:30,49.365,200.95,86.375
2025-02-24 12:00:00+05:30,50.1175,198.92499999999998,81.575
2025-02-24 13:00:00+05:30,49.6475,169.275,68.525
2025-02-24 14:00:00+05:30,49.3375,136.675,59.125
2025-02-24 15:00:00+05:30,48.815,123.05,43.175
2025-02-24 16:00:00+05:30,49.38,122.925,39.05
2025-02-24 17:00:00+05:30,49.9225,117.69999999999999,43.075
2025-02-24 18:00:00+05:30,49.09,118.3,43.575
2025-02-24 19:00:00+05:30,48.8,131.95,58.925
2025-02-24 20:00:00+05:30,48.7625,152.2,72.025
2025-02-24 21:00:00+05:30,49.572500000000005,160.625,73.0
2025-02-24 22:00:00+05:30,50.1875,163.775,78.025
2025-02-24 23:00:00+05:30,49.76333333333333,172.46666666666667,90.8
2025-02-25 00:00:00+05:30,48.54,200.6,104.1
2025-02-25 01:00:00+05:30,49.1475,189.95,94.925
2025-02-25 02:00:00+05:30,49.135,172.375,80.3
2025-02-25 03:00:00+05:30,48.685,164.4,78.475
2025-02-25 04:00:00+05:30,47.705,158.175,72.3
2025-02-25 05:00:00+05:30,48.435,150.2,65.45
2025-02-25 06:00:00+05:30,49.24,134.875,64.6
2025-02-25 07:00:00+05:30,49.76333333333333,135.53333333333333,64.63333333333334
2025-02-25 08:00:00+05:30,48.7575,163.175,86.45
2025-02-25 09:00:00+05:30,49.505,181.05,89.2
2025-02-25 10:00:00+05:30,49.215,193.775,93.325
2025-02-25 11:00:00+05:30,48.925,218.325,95.55
2025-02-25 12:00:00+05:30,48.9925,225.9,95.85
2025-02-25 13:00:00+05:30,47.526666666666664,192.70000000000002,77.93333333333334
2025-02-25 14:00:00+05:30,48.415,144.325,54.525
2025-02-25 15:00:00+05:30,48.8675,117.65,51.75
2025-02-25 16:00:00+05:30,49.2975,107.9,55.15
2025-02-25 17:00:00+05:30,49.1625,118.375,42.45
2025-02-25 18:00:00+05:30,49.215,129.275,45.05
2025-02-25 19:00:00+05:30,48.8675,149.75,62.15
2025-02-25 20:00:00+05:30,50.09,185.4,90.725
2025-02-25 21:00:00+05:30,49.9,230.2,110.625
2025-02-25 22:00:00+05:30,49.2725,254.85,117.225
2025-02-25 23:00:00+05:30,49.883333333333326,258.3,127.46666666666665
2025-02-26 00:00:00+05:30,48.32,258.4,145.0
2025-02-26 01:00:00+05:30,46.9875,250.14999999999998,138.35
2025-02-26 02:00:00+05:30,47.97,224.72500000000002,117.6
2025-02-26 03:00:00+05:30,48.98,197.275,94.1
2025-02-26 04:00:00+05:30,49.595,176.15,74.825
2025-02-26 05:00:00+05:30,48.43,146.75,71.725
2025-02-26 06:00:00+05:30,48.212500000000006,142.775,89.125
2025-02-26 07:00:00+05:30,48.945,203.575,110.27499999999999
2025-02-26 08:00:00+05:30,48.725,251.525,127.75
2025-02-26 09:00:00+05:30,49.845,253.175,128.1
2025-02-26 10:00:00+05:30,49.1425,252.54999999999998,127.975
2025-02-26 11:00:00+05:30,48.57,236.225,110.7
2025-02-26 12:00:00+05:30,49.285,220.55,104.55
2025-02-26 13:00:00+05:30,49.09,205.825,97.475
2025-02-26 14:00:00+05:30,49.625,195.675,91.8
2025-02-26 15:00:00+05:30,49.625,188.675,77.35
2025-02-26 16:00:00+05:30,49.2975,168.22500000000002,61.8
2025-02-26 17:00:00+05:30,50.01666666666667,152.03333333333333,48.53333333333333
2025-02-26 18:00:00+05:30,48.985,151.025,47.375
2025-02-26 19:00:00+05:30,53.457499999999996,176.05,66.825
2025-02-26 20:00:00+05:30,48.1025,323.6,113.3
2025-02-26 21:00:00+05:30,48.505,429.575,165.17499999999998
2025-02-26 22:00:00+05:30,49.792500000000004,351.3,178.625
2025-02-26 23:00:00+05:30,47.96666666666667,368.56666666666666,176.79999999999998
2025-02-27 00:00:00+05:30,51.14,277.2,141.3
2025-02-27 01:00:00+05:30,49.615,265.375,138.4
2025-02-27 02:00:00+05:30,48.685,239.225,128.0
2025-02-27 03:00:00+05:30,47.1225,229.02499999999998,114.325
2025-02-27 04:00:00+05:30,48.0475,216.625,96.225
2025-02-27 05:00:00+05:30,48.9275,190.55,83.475
2025-02-27 06:00:00+05:30,48.75,174.625,94.0
2025-02-27 07:00:00+05:30,49.815,181.125,104.575
2025-02-27 08:00:00+05:30,48.4875,230.6,109.25
2025-02-27 09:00:00+05:30,48.269999999999996,239.225,104.32499999999999
2025-02-27 10:00:00+05:30,49.792500000000004,219.2,92.07499999999999
2025-02-27 11:00:00+05:30,49.2975,214.85,77.225
2025-02-27 12:00:00+05:30,48.005,189.25,58.699999999999996
2025-02-27 13:00:00+05:30,49.085,152.1,53.1
2025-02-27 14:00:00+05:30,50.4325,153.975,55.875
2025-02-27 15:00:00+05:30,47.735,163.4,51.55
2025-02-27 16:00:00+05:30,47.037499999999994,174.725,51.575
2025-02-27 17:00:00+05:30,45.1375,170.17499999999998,54.8
2025-02-27 18:00:00+05:30,46.39000000000001,166.46666666666667,63.03333333333333
2025-02-27 19:00:00+05:30,48.895,187.725,75.475
2025-02-27 20:00:00+05:30,51.15,216.325,100.375
2025-02-27 21:00:00+05:30,48.8525,224.325,100.075
2025-02-27 22:00:00+05:30,50.72,220.2,106.5
2025-02-27 23:00:00+05:30,47.99333333333333,224.0333333333333,107.2
2025-02-28 00:00:00+05:30,48.93,239.5,99.1
2025-02-28 01:00:00+05:30,48.9925,227.75,96.925
2025-02-28 02:00:00+05:30,48.23,208.76666666666665,93.0
2025-02-28 03:00:00+05:30,49.705,215.425,106.7
2025-02-28 04:00:00+05:30,47.980000000000004,231.6,125.5
2025-02-28 05:00:00+05:30,49.707499999999996,229.65,117.225
2025-02-28 06:00:00+05:30,49.3175,223.85,113.8
2025-02-28 07:00:00+05:30,49.645,233.025,117.875
2025-02-28 08:00:00+05:30,49.2825,270.7,124.8
2025-02-28 09:00:00+05:30,48.4925,292.15,141.2
2025-02-28 10:00:00+05:30,48.74,282.26666666666665,153.6
2025-02-28 11:00:00+05:30,48.36,446.65,145.0
2025-02-28 12:00:00+05:30,47.2375,454.6,136.275
2025-02-28 13:00:00+05:30,48.295,188.8,112.125
2025-02-28 14:00:00+05:30,48.4025,229.75,94.975
2025-02-28 15:00:00+05:30,51.32,168.75,87.575
2025-02-28 16:00:00+05:30,49.6125,168.875,78.425
2025-02-28 17:00:00+05:30,49.1375,193.975,83.35
2025-02-28 18:00:00+05:30,48.980000000000004,206.975,105.1
2025-02-28 19:00:00+05:30,49.7175,221.85,125.77499999999999
2025-02-28 20:00:00+05:30,48.7875,239.775,121.325
2025-02-28 21:00:00+05:30,48.9675,269.8,119.975
2025-02-28 22:00:00+05:30,49.2325,247.85,115.3
2025-02-28 23:00:00+05:30,48.95333333333334,231.79999999999998,114.56666666666666
2025-03-01 00:00:00+05:30,50.37,228.2,107.3
2025-03-01 01:00:00+05:30,47.775000000000006,224.0,100.5
2025-03-01 02:00:00+05:30,49.6475,211.05,89.15
2025-03-01 03:00:00+05:30,49.91,210.475,105.8
2025-03-01 04:00:00+05:30,45.8525,212.45,123.5
2025-03-01 05:00:00+05:30,48.715,200.05,115.65
2025-03-01 06:00:00+05:30,47.8575,186.575,103.975
2025-03-01 07:00:00+05:30,49.095,199.45,100.95
2025-03-01 08:00:00+05:30,48.67,226.3,91.4
2025-03-01 09:00:00+05:30,49.1875,216.85000000000002,89.85
2025-03-01 10:00:00+05:30,49.89333333333334,186.975,80.275
2025-03-01 11:00:00+05:30,50.04,158.375,65.075
2025-03-01 12:00:00+05:30,48.3,152.625,54.425
2025-03-01 13:00:00+05:30,48.0125,149.025,48.625
2025-03-01 14:00:00+05:30,48.7675,127.9,41.975
2025-03-01 15:00:00+05:30,49.54,110.0,31.8
2025-03-01 16:00:00+05:30,49.879999999999995,101.95,32.925
2025-03-01 17:00:00+05:30,48.8625,98.125,33.05
2025-03-01 18:00:00+05:30,49.7775,105.925,29.15
2025-03-01 19:00:00+05:30,49.9625,114.525,34.85
2025-03-01 20:00:00+05:30,49.44,148.275,49.025
2025-03-01 21:00:00+05:30,50.580000000000005,175.20000000000002,60.833333333333336
2025-03-01 22:00:00+05:30,49.9225,192.725,76.575
2025-03-01 23:00:00+05:30,49.19,212.70000000000002,94.66666666666667
2025-03-02 00:00:00+05:30,50.54,219.0,92.2
2025-03-02 01:00:00+05:30,48.935,202.4,83.30000000000001
2025-03-02 02:00:00+05:30,49.8675,160.125,66.22500000000001
2025-03-02 03:00:00+05:30,49.07,133.67499999999998,53.050000000000004
2025-03-02 04:00:00+05:30,48.4625,120.725,49.875
2025-03-02 05:00:00+05:30,48.625,104.975,58.375
2025-03-02 06:00:00+05:30,49.7575,105.475,54.625
2025-03-02 07:00:00+05:30,49.495,109.95,54.575
2025-03-02 08:00:00+05:30,49.167500000000004,126.69999999999999,54.75
2025-03-02 09:00:00+05:30,49.167500000000004,126.5,51.325
2025-03-02 10:00:00+05:30,49.825,117.175,41.925
2025-03-02 11:00:00+05:30,50.3725,122.25,32.5
2025-03-02 12:00:00+05:30,50.1375,130.125,37.400000000000006
2025-03-02 13:00:00+05:30,48.8125,122.94999999999999,38.075
2025-03-02 14:00:00+05:30,48.83,121.32499999999999,25.825000000000003
2025-03-02 15:00:00+05:30,48.3975,125.325,13.75
2025-03-02 16:00:00+05:30,50.78,125.96666666666665,4.566666666666666
2025-03-02 17:00:00+05:30,47.96,120.56666666666666,5.833333333333333
2025-03-02 18:00:00+05:30,48.355000000000004,122.95,24.8
2025-03-02 19:00:00+05:30,49.78,136.575,37.75
2025-03-02 20:00:00+05:30,49.09,151.20000000000002,47.333333333333336
2025-03-02 21:00:00+05:30,49.8375,152.775,52.775
2025-03-02 22:00:00+05:30,36.81333333333333,154.33333333333334,53.4
2025-03-02 23:00:00+05:30,35.199999999999996,153.70000000000002,49.4
2025-03-03 00:00:00+05:30,34.14,143.4,47.9
2025-03-03 01:00:00+05:30,34.6875,140.075,50.1
2025-03-03 02:00:00+05:30,35.025,130.075,50.25
2025-03-03 03:00:00+05:30,34.26,122.75,46.2
2025-03-03 04:00:00+05:30,35.36000000000001,120.3,42.0
2025-03-03 05:00:00+05:30,34.93,113.875,40.05
2025-03-03 06:00:00+05:30,35.575,109.35,39.6
2025-03-03 07:00:00+05:30,35.805,109.325,42.825
2025-03-03 08:00:00+05:30,34.765,131.525,57.3
2025-03-03 09:00:00+05:30,36.015,149.25,56.275
2025-03-03 10:00:00+05:30,35.44,141.7,0.0
2025-03-03 11:00:00+05:30,34.87,22.566666666666666,0.0
2025-03-03 12:00:00+05:30,20.605,77.675,41.7
2025-03-03 13:00:00+05:30,21.415,99.0,34.725
2025-03-03 14:00:00+05:30,22.09,121.25,38.3
2025-03-03 15:00:00+05:30,21.4,156.9,34.3
2025-03-03 16:00:00+05:30,19.11,200.6,30.4
2025-03-03 17:00:00+05:30,29.0575,172.25,40.125
2025-03-03 18:00:00+05:30,45.1875,155.075,26.875
2025-03-03 19:00:00+05:30,44.685,166.15,54.400000000000006
2025-03-03 20:00:00+05:30,46.58,160.525,56.375
2025-03-03 21:00:00+05:30,45.9075,152.97500000000002,56.1
2025-03-03 22:00:00+05:30,45.90333333333333,152.6,39.43333333333333
2025-03-03 23:00:00+05:30,44.21666666666667,142.16666666666666,54.03333333333333
2025-03-04 00:00:00+05:30,44.45,133.9,30.6
2025-03-04 01:00:00+05:30,44.435,131.25,31.175
2025-03-04 02:00:00+05:30,45.5625,119.7,49.95
2025-03-04 03:00:00+05:30,46.2875,108.3,44.55
2025-03-04 04:00:00+05:30,46.37,101.85,44.6
2025-03-04 05:00:00+05:30,45.4,111.15,47.825
2025-03-04 06:00:00+05:30,46.18,115.4,52.175
2025-03-04 07:00:00+05:30,45.0075,121.925,55.6
2025-03-04 08:00:00+05:30,46.4625,152.5,63.375
2025-03-04 09:00:00+05:30,44.9225,180.275,87.3
2025-03-04 10:00:00+05:30,46.343333333333334,180.4,67.4
2025-03-04 11:00:00+05:30,45.08,175.05,69.52499999999999
2025-03-04 12:00:00+05:30,45.1625,196.3,59.5
2025-03-04 13:00:00+05:30,45.0625,231.225,81.25
2025-03-04 14:00:00+05:30,45.525,222.225,66.25
2025-03-04 15:00:00+05:30,45.3725,273.72499999999997,80.875
2025-03-04 16:00:00+05:30,45.09,274.525,69.44999999999999
2025-03-04 17:00:00+05:30,44.705,244.5,53.35
2025-03-04 18:00:00+05:30,45.1525,234.92499999999998,57.575
2025-03-04 19:00:00+05:30,45.17,232.65,60.025
2025-03-04 20:00:00+05:30,45.6725,231.625,74.0
2025-03-04 21:00:00+05:30,44.1425,212.925,70.8
2025-03-04 22:00:00+05:30,45.480000000000004,179.85,58.45
2025-03-04 23:00:00+05:30,46.55666666666667,167.33333333333334,55.4
2025-03-05 00:00:00+05:30,43.83,163.7,41.6
2025-03-05 01:00:00+05:30,43.965,148.95,26.275
2025-03-05 02:00:00+05:30,43.975,139.55,46.125
2025-03-05 03:00:00+05:30,44.917500000000004,129.25,56.125
2025-03-05 04:00:00+05:30,45.675,126.175,45.325
2025-03-05 05:00:00+05:30,43.33,108.85000000000001,40.25
2025-03-05 06:00:00+05:30,44.152499999999996,100.525,37.575
2025-03-05 07:00:00+05:30,45.08,93.85,33.025
2025-03-05 08:00:00+05:30,43.427499999999995,104.525,34.85
2025-03-05 09:00:00+05:30,45.125,106.75,45.5
2025-03-05 10:00:00+05:30,44.27,134.66666666666666,51.0
2025-03-05 11:00:00+05:30,47.88,167.875,49.25
2025-03-05 12:00:00+05:30,46.6925,184.85,44.425
2025-03-05 13:00:00+05:30,46.449999999999996,201.1,41.0
2025-03-05 14:00:00+05:30,47.065,264.775,68.32499999999999
2025-03-05 15:00:00+05:30,48.1025,292.02500000000003,69.3
2025-03-05 16:00:00+05:30,45.025,303.05,60.95
2025-03-05 17:00:00+05:30,47.3425,304.675,58.45
2025-03-05 18:00:00+05:30,44.3025,291.0,44.6
2025-03-05 19:00:00+05:30,46.3725,266.725,53.55
2025-03-05 20:00:00+05:30,44.45,274.0,66.3
2025-03-05 21:00:00+05:30,45.1875,256.2,69.80000000000001
2025-03-05 22:00:00+05:30,48.18,251.29999999999998,71.15
2025-03-05 23:00:00+05:30,45.19333333333333,223.63333333333333,59.06666666666666
2025-03-06 00:00:00+05:30,43.46,208.7,50.2
2025-03-06 01:00:00+05:30,45.4525,185.35000000000002,44.675
2025-03-06 02:00:00+05:30,46.495,156.225,44.975
2025-03-06 03:00:00+05:30,46.435,129.6,35.475
2025-03-06 04:00:00+05:30,44.31,140.45,34.05
2025-03-06 05:00:00+05:30,44.89666666666667,116.43333333333332,41.699999999999996
2025-03-06 06:00:00+05:30,47.215,101.275,33.925000000000004
2025-03-06 07:00:00+05:30,45.8625,124.75,47.1
2025-03-06 08:00:00+05:30,48.2725,150.125,66.55
2025-03-06 09:00:00+05:30,48.48666666666667,149.53333333333333,55.36666666666667
2025-03-06 10:00:00+05:30,47.23666666666666,157.9333333333333,49.6
2025-03-06 11:00:00+05:30,50.175,139.4,49.9
2025-03-06 12:00:00+05:30,45.47,153.1,41.1
2025-03-06 13:00:00+05:30,44.9375,148.79999999999998,41.3
2025-03-06 14:00:00+05:30,45.96666666666667,143.96666666666667,33.13333333333333
2025-03-06 15:00:00+05:30,47.2775,130.02499999999998,33.675000000000004
2025-03-06 16:00:00+05:30,46.21,131.775,29.425
2025-03-06 17:00:00+05:30,46.4675,132.375,37.574999999999996
2025-03-06 18:00:00+05:30,46.015,132.6,39.375
2025-03-06 19:00:00+05:30,45.7625,134.64999999999998,49.7
2025-03-06 20:00:00+05:30,47.3125,148.2,59.025
2025-03-06 21:00:00+05:30,46.7225,195.14999999999998,95.175
2025-03-06 22:00:00+05:30,49.8475,237.35000000000002,100.975
2025-03-06 23:00:00+05:30,46.333333333333336,262.46666666666664,106.2
2025-03-07 00:00:00+05:30,45.18,293.7,103.6
2025-03-07 01:00:00+05:30,46.655,286.85,126.925
2025-03-07 02:00:00+05:30,45.8125,255.675,103.2
2025-03-07 03:00:00+05:30,44.8025,210.425,103.775
2025-03-07 04:00:00+05:30,44.787499999999994,186.675,88.775
2025-03-07 05:00:00+05:30,46.96,176.8,87.625
2025-03-07 06:00:00+05:30,44.7675,178.17499999999998,98.4
2025-03-07 07:00:00+05:30,46.1475,198.625,105.39999999999999
2025-03-07 08:00:00+05:30,46.96,242.975,96.75
2025-03-07 09:00:00+05:30,44.84,246.75,129.925
2025-03-07 10:00:00+05:30,46.7375,253.425,108.725
2025-03-07 11:00:00+05:30,50.11,229.15,93.325
2025-03-07 12:00:00+05:30,47.38333333333333,199.1,64.86666666666666
2025-03-07 13:00:00+05:30,46.41,181.575,55.574999999999996
2025-03-07 14:00:00+05:30,47.7,158.9,46.95
2025-03-07 15:00:00+05:30,48.225,126.325,34.925
2025-03-07 16:00:00+05:30,45.83,120.125,31.975
2025-03-07 17:00:00+05:30,36.5925,116.19999999999999,40.05
2025-03-07 18:00:00+05:30,34.9875,126.55,39.925
2025-03-07 19:00:00+05:30,33.87,141.55,57.2
2025-03-07 20:00:00+05:30,32.4625,177.6,72.1
2025-03-07 21:00:00+05:30,33.166666666666664,188.5,88.96666666666665
2025-03-07 22:00:00+05:30,33.4725,195.35,77.25
2025-03-07 23:00:00+05:30,32.71666666666667,189.9,87.60000000000001
2025-03-08 00:00:00+05:30,33.86,202.4,82.9
2025-03-08 01:00:00+05:30,32.345,205.125,75.4
2025-03-08 02:00:00+05:30,33.0175,202.175,93.0
2025-03-08 03:00:00+05:30,33.9375,189.225,73.95
2025-03-08 04:00:00+05:30,33.805,184.4,79.125
2025-03-08 05:00:00+05:30,31.75,161.9,84.39999999999999
2025-03-08 06:00:00+05:30,33.0275,168.35,64.375
2025-03-08 07:00:00+05:30,32.9775,160.39999999999998,83.52499999999999
2025-03-08 08:00:00+05:30,33.095,184.575,84.675
2025-03-08 09:00:00+05:30,33.925,192.9,91.6
2025-03-08 10:00:00+05:30,34.4975,202.675,88.1
2025-03-08 11:00:00+05:30,35.7475,172.1,69.625
2025-03-08 12:00:00+05:30,33.925,158.675,70.85000000000001
2025-03-08 13:00:00+05:30,33.265,147.475,50.775000000000006
2025-03-08 14:00:00+05:30,32.6175,138.125,43.2
2025-03-08 15:00:00+05:30,32.7875,127.425,38.225
2025-03-08 16:00:00+05:30,33.182500000000005,126.125,35.0
2025-03-08 17:00:00+05:30,36.4875,119.075,45.5
2025-03-08 18:00:00+05:30,33.4875,126.525,40.75
2025-03-08 19:00:00+05:30,32.63,156.56666666666666,75.83333333333333
2025-03-08 20:00:00+05:30,31.365000000000002,198.64999999999998,80.6
2025-03-08 21:00:00+05:30,31.805,234.6,125.025
2025-03-08 22:00:00+05:30,34.815,282.5,127.85000000000001
2025-03-08 23:00:00+05:30,30.94666666666667,251.86666666666667,142.06666666666666
2025-03-09 00:00:00+05:30,33.19,321.7,153.4
2025-03-09 01:00:00+05:30,33.0375,333.82500000000005,158.45
2025-03-09 02:00:00+05:30,30.6525,316.25,168.89999999999998
2025-03-09 03:00:00+05:30,32.3275,298.25,170.375
2025-03-09 04:00:00+05:30,32.1375,333.3,164.075
2025-03-09 05:00:00+05:30,31.240000000000002,324.32500000000005,161.075
2025-03-09 06:00:00+05:30,30.485,297.175,164.6
2025-03-09 07:00:00+05:30,30.127499999999998,295.625,175.875
2025-03-09 08:00:00+05:30,35.655,310.77500000000003,150.825
2025-03-09 09:00:00+05:30,34.01,307.20000000000005,159.89999999999998
2025-03-09 10:00:00+05:30,32.88,255.07500000000002,139.5
2025-03-09 11:00:00+05:30,31.240000000000002,203.05,99.925
2025-03-09 12:00:00+05:30,30.935,174.6,70.6
2025-03-09 13:00:00+05:30,31.67,160.35,62.974999999999994
2025-03-09 14:00:00+05:30,32.48,155.125,63.375
2025-03-09 15:00:00+05:30,33.457499999999996,140.85,50.675
2025-03-09 16:00:00+05:30,32.682500000000005,136.77499999999998,52.724999999999994
2025-03-09 17:00:00+05:30,33.85666666666666,137.06666666666666,39.03333333333333
2025-03-09 18:00:00+05:30,31.9025,136.025,48.5
2025-03-09 19:00:00+05:30,31.135,156.75,67.75
2025-03-09 20:00:00+05:30,30.4025,202.575,83.375
2025-03-09 21:00:00+05:30,33.62,246.525,112.875
2025-03-09 22:00:00+05:30,32.125,288.175,135.20000000000002
2025-03-09 23:00:00+05:30,33.696666666666665,308.1333333333334,162.1
2025-03-10 00:00:00+05:30,28.03,325.6,164.7
2025-03-10 01:00:00+05:30,33.0775,310.95000000000005,140.7
2025-03-10 02:00:00+05:30,28.8575,265.65,138.25
2025-03-10 03:00:00+05:30,29.2325,230.675,116.525
2025-03-10 04:00:00+05:30,36.305,213.4,97.725
2025-03-10 05:00:00+05:30,28.106666666666666,206.1,93.3
2025-03-10 06:00:00+05:30,29.835,177.525,76.175
2025-03-10 07:00:00+05:30,30.119999999999997,190.45000000000002,101.275
2025-03-10 08:00:00+05:30,31.61,209.025,102.07499999999999
2025-03-10 09:00:00+05:30,29.674999999999997,212.025,104.52499999999999
2025-03-10 10:00:00+05:30,29.855,214.05,102.95
2025-03-10 11:00:00+05:30,34.8675,211.45,98.225
2025-03-10 12:00:00+05:30,30.597500000000004,192.975,75.95
2025-03-10 13:00:00+05:30,31.3425,171.725,57.425
2025-03-10 14:00:00+05:30,29.2825,155.35,68.175
2025-03-10 15:00:00+05:30,32.805,153.625,46.625
2025-03-10 16:00:00+05:30,31.189999999999998,144.45,47.85
2025-03-10 17:00:00+05:30,33.0,149.35,60.925
2025-03-10 18:00:00+05:30,31.650000000000002,151.075,78.3
2025-03-10 19:00:00+05:30,24.965,180.45,102.525
2025-03-10 20:00:00+05:30,31.167499999999997,234.675,123.625
2025-03-10 21:00:00+05:30,30.872500000000002,304.925,153.65
2025-03-10 22:00:00+05:30,30.64,354.4,189.4
2025-03-10 23:00:00+05:30,29.540000000000003,371.8666666666666,205.76666666666665
2025-03-11 00:00:00+05:30,32.08,382.2,196.5
2025-03-11 01:00:00+05:30,32.795,361.875,186.875
2025-03-11 02:00:00+05:30,27.985,338.9,170.45
2025-03-11 03:00:00+05:30,25.285,313.25,167.65
2025-03-11 04:00:00+05:30,28.56,314.15,161.675
2025-03-11 05:00:00+05:30,25.8575,280.675,138.45000000000002
2025-03-11 06:00:00+05:30,25.7825,268.5,115.45
2025-03-11 07:00:00+05:30,27.265,244.6,132.775
2025-03-11 08:00:00+05:30,26.0275,272.575,162.675
2025-03-11 09:00:00+05:30,30.072499999999998,310.15,169.825
2025-03-11 10:00:00+05:30,31.145,285.825,152.4
2025-03-11 11:00:00+05:30,29.435000000000002,246.2,118.75
2025-03-11 12:00:00+05:30,30.919999999999998,222.975,84.45
2025-03-11 13:00:00+05:30,26.45,189.9,72.7
2025-03-11 14:00:00+05:30,26.683333333333334,152.53333333333333,50.56666666666666
2025-03-11 15:00:00+05:30,24.935,145.15,60.1
2025-03-11 16:00:00+05:30,28.53,145.5,44.55
2025-03-11 17:00:00+05:30,26.6575,150.775,56.925
2025-03-11 18:00:00+05:30,28.066666666666666,153.6,54.96666666666667
2025-03-11 19:00:00+05:30,32.7525,166.525,75.625
2025-03-11 20:00:00+05:30,31.1275,196.225,86.625
2025-03-11 21:00:00+05:30,27.006666666666664,244.73333333333335,114.53333333333335
2025-03-11 22:00:00+05:30,25.9925,257.65,115.6
2025-03-11 23:00:00+05:30,27.786666666666665,257.5,120.8
2025-03-12 00:00:00+05:30,23.71,270.0,123.7
2025-03-12 01:00:00+05:30,25.189999999999998,256.72499999999997,102.425
2025-03-12 02:00:00+05:30,28.4325,222.575,108.89999999999999
2025-03-12 03:00:00+05:30,31.572499999999998,195.29999999999998,93.825
2025-03-12 04:00:00+05:30,24.955,204.75,104.0
2025-03-12 05:00:00+05:30,25.345,196.7,101.3
2025-03-12 06:00:00+05:30,27.9875,196.7,95.175
2025-03-12 07:00:00+05:30,30.3525,191.55,90.425
2025-03-12 08:00:00+05:30,27.3175,205.525,103.8
2025-03-12 09:00:00+05:30,32.123333333333335,231.1,0.0
2025-03-12 10:00:00+05:30,28.2625,120.75,0.0
2025-03-12 11:00:00+05:30,27.1,110.875,49.7
2025-03-12 12:00:00+05:30,26.933333333333334,215.46666666666667,95.63333333333333
2025-03-12 13:00:00+05:30,30.884999999999998,200.975,72.975
2025-03-12 14:00:00+05:30,31.9075,183.475,56.3
2025-03-12 15:00:00+05:30,29.8275,174.225,50.8
2025-03-12 16:00:00+05:30,25.2375,166.55,49.699999999999996
2025-03-12 17:00:00+05:30,31.585,161.175,45.099999999999994
2025-03-12 18:00:00+05:30,34.165,158.6,53.75
2025-03-12 19:00:00+05:30,30.935,170.15,71.225
2025-03-12 20:00:00+05:30,29.30666666666667,185.96666666666667,80.03333333333333
2025-03-12 21:00:00+05:30,26.560000000000002,194.05,80.45
2025-03-12 22:00:00+05:30,24.01,196.9,85.2
2025-03-12 23:00:00+05:30,26.653333333333336,197.16666666666666,83.60000000000001
2025-03-13 00:00:00+05:30,32.68,174.6,71.6
2025-03-13 01:00:00+05:30,26.9,173.425,68.25
2025-03-13 02:00:00+05:30,33.59,166.175,66.175
2025-03-13 03:00:00+05:30,28.725,159.7,70.45
2025-03-13 04:00:00+05:30,28.4975,157.7,68.55
2025-03-13 05:00:00+05:30,27.052500000000002,157.3,61.775
2025-03-13 06:00:00+05:30,25.377499999999998,159.575,73.975
2025-03-13 07:00:00+05:30,25.5175,173.4,93.575
2025-03-13 08:00:00+05:30,25.5225,188.275,99.275
2025-03-13 09:00:00+05:30,31.61,186.375,97.0
2025-03-13 10:00:00+05:30,21.6325,188.675,96.6
2025-03-13 11:00:00+05:30,26.384999999999998,189.95,92.7
2025-03-13 12:00:00+05:30,39.36,171.7,70.2
2025-03-13 13:00:00+05:30,29.8525,166.425,61.925000000000004
2025-03-13 14:00:00+05:30,33.7725,155.47500000000002,50.1
2025-03-13 15:00:00+05:30,29.32,152.525,57.224999999999994
2025-03-13 16:00:00+05:30,28.2375,150.625,59.725
2025-03-13 17:00:00+05:30,30.17,145.39999999999998,48.325
2025-03-13 18:00:00+05:30,31.35,150.325,52.325
2025-03-13 19:00:00+05:30,34.934999999999995,164.85,81.45
2025-03-13 20:00:00+05:30,28.615000000000002,196.2,116.55
2025-03-13 21:00:00+05:30,32.364999999999995,241.25,132.75
2025-03-13 22:00:00+05:30,31.206666666666667,261.1333333333333,135.16666666666666
2025-03-13 23:00:00+05:30,30.156666666666666,254.66666666666666,122.0
2025-03-14 00:00:00+05:30,36.94,282.9,103.9
2025-03-14 01:00:00+05:30,31.5825,281.575,103.025
2025-03-14 02:00:00+05:30,30.1925,263.4,98.1
2025-03-14 03:00:00+05:30,33.0175,234.15,91.725
2025-03-14 04:00:00+05:30,30.0575,205.775,85.775
2025-03-14 05:00:00+05:30,31.689999999999998,173.55,80.225
2025-03-14 06:00:00+05:30,32.825,143.025,80.425
2025-03-14 07:00:00+05:30,30.4525,151.725,80.425
2025-03-14 08:00:00+05:30,38.6825,178.89999999999998,83.375
2025-03-14 09:00:00+05:30,34.72,174.69999999999996,88.8
2025-03-14 10:00:00+05:30,32.1075,155.825,84.4
2025-03-14 11:00:00+05:30,40.3175,136.52499999999998,65.875
2025-03-14 12:00:00+05:30,34.550000000000004,122.7,49.26666666666667
2025-03-14 13:00:00+05:30,25.7725,117.225,45.325
2025-03-14 14:00:00+05:30,32.9775,105.525,42.0
2025-03-14 15:00:00+05:30,36.155,99.7,41.0
2025-03-14 16:00:00+05:30,31.674999999999997,96.325,42.275
2025-03-14 17:00:00+05:30,34.983333333333334,93.3,40.0
2025-03-14 18:00:00+05:30,30.27,93.675,36.349999999999994
2025-03-14 19:00:00+05:30,29.6875,96.075,46.35
2025-03-14 20:00:00+05:30,32.495000000000005,116.85,69.825
2025-03-14 21:00:00+05:30,27.2525,141.4,83.775
2025-03-14 22:00:00+05:30,33.83,154.9,92.075
2025-03-14 23:00:00+05:30,33.50666666666667,160.63333333333333,91.8
2025-03-15 00:00:00+05:30,28.31,152.8,81.8
2025-03-15 01:00:00+05:30,33.2,146.5,77.15
2025-03-15 02:00:00+05:30,33.2125,137.65,129.275
2025-03-15 03:00:00+05:30,30.04,139.1,178.6
2025-03-15 04:00:00+05:30,30.5125,141.875,159.95
2025-03-15 05:00:00+05:30,31.497500000000002,136.825,130.1
2025-03-15 06:00:00+05:30,37.879999999999995,131.125,104.475
2025-03-15 07:00:00+05:30,30.29,131.35000000000002,98.9
2025-03-15 08:00:00+05:30,35.1825,138.925,98.725
2025-03-15 09:00:00+05:30,33.443333333333335,146.83333333333334,98.26666666666667
2025-03-15 10:00:00+05:30,33.3725,146.6,84.5
2025-03-15 11:00:00+05:30,33.432500000000005,144.95,78.025
2025-03-15 12:00:00+05:30,36.197500000000005,139.6,64.875
2025-03-15 13:00:00+05:30,33.3125,123.775,49.074999999999996
2025-03-15 14:00:00+05:30,31.045,108.2,44.225
2025-03-15 15:00:00+05:30,29.4925,101.4,45.125
2025-03-15 16:00:00+05:30,33.875,106.6,44.475
2025-03-15 17:00:00+05:30,27.9625,108.475,45.925
2025-03-15 18:00:00+05:30,29.645000000000003,108.05,52.4
2025-03-15 19:00:00+05:30,30.6425,117.6,55.35
2025-03-15 20:00:00+05:30,27.71666666666667,141.73333333333332,69.0
2025-03-15 21:00:00+05:30,32.2725,196.0,105.1
2025-03-15 22:00:00+05:30,29.2275,236.375,122.825
2025-03-15 23:00:00+05:30,30.263333333333335,252.83333333333334,139.63333333333333
2025-03-16 00:00:00+05:30,24.85,242.8,133.0
2025-03-16 01:00:00+05:30,29.3475,246.95000000000002,128.6
2025-03-16 02:00:00+05:30,30.02,241.0,120.0
2025-03-16 03:00:00+05:30,31.0575,205.15,104.625
2025-03-16 04:00:00+05:30,30.22,171.1,91.8
2025-03-16 05:00:00+05:30,27.14,151.95,87.375
2025-03-16 06:00:00+05:30,27.06,150.39999999999998,83.175
2025-03-16 07:00:00+05:30,25.875,148.65,82.95
2025-03-16 08:00:00+05:30,30.4225,152.55,86.425
2025-03-16 09:00:00+05:30,40.053333333333335,150.9333333333333,74.89999999999999
2025-03-16 10:00:00+05:30,27.9925,147.1,62.875
2025-03-16 11:00:00+05:30,36.1,141.7,52.525000000000006
2025-03-16 12:00:00+05:30,35.055,125.69999999999999,39.175
2025-03-16 13:00:00+05:30,30.28,109.8,32.275000000000006
2025-03-16 14:00:00+05:30,40.5275,101.15,34.900000000000006
2025-03-16 15:00:00+05:30,29.04,95.60000000000001,30.275
2025-03-16 16:00:00+05:30,29.017500000000002,94.975,30.674999999999997
2025-03-16 17:00:00+05:30,36.1625,95.5,32.875
2025-03-16 18:00:00+05:30,32.295,96.375,37.9
2025-03-16 19:00:00+05:30,32.305,108.125,45.925
2025-03-16 20:00:00+05:30,33.585,124.35,50.5
2025-03-16 21:00:00+05:30,29.48,130.175,55.825
2025-03-16 22:00:00+05:30,34.74,131.625,55.15
2025-03-16 23:00:00+05:30,31.613333333333333,136.66666666666666,54.63333333333333
2025-03-17 00:00:00+05:30,27.95,137.6,53.9
2025-03-17 01:00:00+05:30,28.046666666666667,134.73333333333332,56.93333333333334
2025-03-17 02:00:00+05:30,25.23,128.79999999999998,57.35
2025-03-17 03:00:00+05:30,26.605,129.425,55.85
2025-03-17 04:00:00+05:30,31.1525,132.425,55.900000000000006
2025-03-17 05:00:00+05:30,28.21,124.95,48.25
2025-03-17 06:00:00+05:30,40.29,118.1,44.4
2025-03-17 07:00:00+05:30,35.2275,114.52499999999999,38.5
2025-03-17 08:00:00+05:30,35.94,102.4,44.6
2025-03-17 09:00:00+05:30,35.125,100.85000000000001,44.7
2025-03-17 10:00:00+05:30,35.7725,96.275,38.425
2025-03-17 11:00:00+05:30,32.205,95.975,32.05
2025-03-17 12:00:00+05:30,33.54,99.4,34.05
2025-03-17 13:00:00+05:30,37.055,94.725,30.150000000000002
2025-03-17 14:00:00+05:30,39.7175,88.075,22.8
2025-03-17 15:00:00+05:30,37.5125,90.425,19.375
2025-03-17 16:00:00+05:30,40.585,93.30000000000001,24.025
2025-03-17 17:00:00+05:30,47.60666666666666,90.76666666666667,27.333333333333332
2025-03-17 18:00:00+05:30,49.3225,89.75,27.05
2025-03-17 19:00:00+05:30,44.8225,92.52499999999999,32.675
2025-03-17 20:00:00+05:30,43.685,96.35,38.225
2025-03-17 21:00:00+05:30,45.406666666666666,97.89999999999999,45.0
2025-03-17 22:00:00+05:30,46.894999999999996,102.825,55.4
2025-03-17 23:00:00+05:30,49.63333333333333,108.16666666666667,50.4
2025-03-18 00:00:00+05:30,37.84,110.7,39.0
2025-03-18 01:00:00+05:30,38.0725,110.9,42.2
2025-03-18 02:00:00+05:30,38.06,110.125,45.225
2025-03-18 03:00:00+05:30,36.13,111.25,44.75
2025-03-18 04:00:00+05:30,36.865,111.575,50.3
2025-03-18 05:00:00+05:30,47.81,105.5,51.26666666666667
2025-03-18 06:00:00+05:30,41.5175,105.25,55.025
2025-03-18 07:00:00+05:30,36.707499999999996,107.05,57.975
2025-03-18 08:00:00+05:30,45.8725,121.57499999999999,62.875
2025-03-18 09:00:00+05:30,41.1675,118.325,66.475
2025-03-18 10:00:00+05:30,44.1575,104.32499999999999,54.75
2025-03-18 11:00:00+05:30,45.9775,114.15,42.525
2025-03-18 12:00:00+05:30,37.769999999999996,123.5,35.3
2025-03-18 13:00:00+05:30,37.5325,120.65,29.025
2025-03-18 14:00:00+05:30,44.307500000000005,108.5,24.85
2025-03-18 15:00:00+05:30,41.295,97.8,24.174999999999997
2025-03-18 16:00:00+05:30,43.94,91.26666666666665,19.5
2025-03-18 17:00:00+05:30,43.22,91.875,14.725
2025-03-18 18:00:00+05:30,46.925,95.9,2.0
2025-03-18 19:00:00+05:30,52.644999999999996,103.375,40.474999999999994
2025-03-18 20:00:00+05:30,45.75,120.7,53.36666666666667
2025-03-18 21:00:00+05:30,47.765,126.475,51.1
2025-03-18 22:00:00+05:30,43.105,129.2,67.675
2025-03-18 23:00:00+05:30,37.25,131.36666666666665,57.70000000000001
2025-03-19 00:00:00+05:30,28.15,126.6,61.0
2025-03-19 01:00:00+05:30,46.4725,123.15,61.95
2025-03-19 02:00:00+05:30,44.2275,115.075,59.825
2025-03-19 03:00:00+05:30,50.8975,112.55,43.775
2025-03-19 04:00:00+05:30,40.9675,114.85,56.25
2025-03-19 05:00:00+05:30,37.07,113.225,47.975
2025-03-19 06:00:00+05:30,42.075,113.75,53.325
2025-03-19 07:00:00+05:30,43.0225,122.55,60.125
2025-03-19 08:00:00+05:30,47.1175,136.45000000000002,66.72500000000001
2025-03-19 09:00:00+05:30,42.8,148.72500000000002,73.525
2025-03-19 10:00:00+05:30,41.88333333333333,156.6,77.2
2025-03-19 11:00:00+05:30,37.402499999999996,147.725,61.975
2025-03-19 12:00:00+05:30,41.41,129.63333333333333,38.5
2025-03-19 13:00:00+05:30,35.917500000000004,106.0,36.275
2025-03-19 14:00:00+05:30,34.78,94.8,25.0
2025-03-19 15:00:00+05:30,43.9725,94.85,31.825
2025-03-19 16:00:00+05:30,36.156666666666666,89.5,19.76666666666667
2025-03-19 17:00:00+05:30,40.3875,83.25,28.6
2025-03-19 18:00:00+05:30,54.335,85.225,17.475
2025-03-19 19:00:00+05:30,78.8425,113.92500000000001,25.275
2025-03-19 20:00:00+05:30,83.8325,157.2,69.975
2025-03-19 21:00:00+05:30,87.8625,205.0,99.35
2025-03-19 22:00:00+05:30,72.55250000000001,239.9,129.825
2025-03-19 23:00:00+05:30,75.19666666666666,244.5666666666667,113.5
2025-03-20 00:00:00+05:30,63.77,264.4,102.2
2025-03-20 01:00:00+05:30,55.6975,267.775,124.325
2025-03-20 02:00:00+05:30,52.7525,251.10000000000002,104.675
2025-03-20 03:00:00+05:30,47.7,211.95,84.825
2025-03-20 04:00:00+05:30,48.705,172.2,75.425
2025-03-20 05:00:00+05:30,50.515,147.675,63.225
2025-03-20 06:00:00+05:30,50.8125,150.15,73.14999999999999
2025-03-20 07:00:00+05:30,50.3425,160.0,74.82499999999999
2025-03-20 08:00:00+05:30,42.004999999999995,177.225,88.6
2025-03-20 09:00:00+05:30,51.6575,182.675,84.8
2025-03-20 10:00:00+05:30,47.3825,174.8,0.0
2025-03-20 11:00:00+05:30,49.1275,10.4,0.0
2025-03-20 12:00:00+05:30,31.14,153.0,33.6
2025-03-20 13:00:00+05:30,43.879999999999995,144.75,48.475
2025-03-20 14:00:00+05:30,23.475,122.9,29.35
2025-03-20 15:00:00+05:30,28.2725,92.625,36.575
2025-03-20 16:00:00+05:30,39.6025,93.94999999999999,39.625
2025-03-20 17:00:00+05:30,37.9975,87.675,38.95
2025-03-20 18:00:00+05:30,27.590000000000003,87.4,32.025
2025-03-20 19:00:00+05:30,30.613333333333333,110.0,42.2
2025-03-20 20:00:00+05:30,46.07,138.4,83.2
2025-03-20 21:00:00+05:30,34.1625,140.1,63.725
2025-03-20 22:00:00+05:30,30.42,144.07500000000002,95.1
2025-03-20 23:00:00+05:30,23.506666666666664,145.43333333333334,82.83333333333333
2025-03-21 00:00:00+05:30,27.59,148.3,70.5
2025-03-21 01:00:00+05:30,22.4225,146.875,63.625
2025-03-21 02:00:00+05:30,10.252500000000001,137.625,69.97500000000001
2025-03-21 03:00:00+05:30,17.4075,125.825,56.65
2025-03-21 04:00:00+05:30,22.625,124.275,77.75
2025-03-21 05:00:00+05:30,21.1475,120.32499999999999,56.675
2025-03-21 06:00:00+05:30,29.925,131.0,59.825
2025-03-21 07:00:00+05:30,24.74,132.825,77.35000000000001
2025-03-21 08:00:00+05:30,24.97,184.225,104.975
2025-03-21 09:00:00+05:30,21.63,184.075,88.05000000000001
2025-03-21 10:00:00+05:30,19.185,182.975,92.825
2025-03-21 11:00:00+05:30,15.73,188.0,73.05
2025-03-21 12:00:00+05:30,19.814999999999998,165.0,51.275
2025-03-21 13:00:00+05:30,18.5775,126.075,34.85
2025-03-21 14:00:00+05:30,6.8225,100.5,22.4
2025-03-21 15:00:00+05:30,0.0,93.5,31.674999999999997
2025-03-21 16:00:00+05:30,0.0,91.47500000000001,35.025000000000006
2025-03-21 17:00:00+05:30,0.0,81.075,29.450000000000003
2025-03-21 18:00:00+05:30,14.42,98.225,21.0
2025-03-21 19:00:00+05:30,15.3375,109.375,34.525
2025-03-21 20:00:00+05:30,21.22,133.95000000000002,63.45
2025-03-21 21:00:00+05:30,14.786666666666667,137.53333333333333,72.03333333333333
2025-03-21 22:00:00+05:30,24.137500000000003,146.35000000000002,72.325
2025-03-21 23:00:00+05:30,27.733333333333334,155.63333333333335,71.93333333333334
2025-03-22 00:00:00+05:30,27.65,152.5,56.9
2025-03-22 01:00:00+05:30,28.2675,146.52499999999998,48.525
2025-03-22 02:00:00+05:30,27.555,137.3,63.625
2025-03-22 03:00:00+05:30,30.6225,127.42500000000001,60.175
2025-03-22 04:00:00+05:30,31.37,128.6,54.625
2025-03-22 05:00:00+05:30,36.89,117.73333333333335,50.6
2025-03-22 06:00:00+05:30,40.18,128.2,49.79999999999999
2025-03-22 07:00:00+05:30,28.36,136.35000000000002,185.225
2025-03-22 08:00:00+05:30,30.6575,146.17499999999998,107.9
2025-03-22 09:00:00+05:30,36.8275,158.54999999999998,103.07499999999999
2025-03-22 10:00:00+05:30,38.2325,178.35,56.875
2025-03-22 11:00:00+05:30,30.5325,170.1,83.85
2025-03-22 12:00:00+05:30,31.8525,156.525,82.675
2025-03-22 13:00:00+05:30,31.8775,147.475,59.175
2025-03-22 14:00:00+05:30,26.385,127.1,59.3
2025-03-22 15:00:00+05:30,33.185,181.525,50.075
2025-03-22 16:00:00+05:30,34.364999999999995,241.15,115.4
2025-03-22 17:00:00+05:30,34.8675,211.15,94.525
2025-03-22 18:00:00+05:30,28.4075,244.25,92.975
2025-03-22 19:00:00+05:30,33.825,179.7,59.2
2025-03-22 20:00:00+05:30,33.785,217.225,96.0
2025-03-22 21:00:00+05:30,24.34,215.525,87.0
2025-03-22 22:00:00+05:30,30.5475,208.775,87.7
2025-03-22 23:00:00+05:30,27.24,204.66666666666666,80.96666666666667
2025-03-23 00:00:00+05:30,47.8,216.6,88.1
2025-03-23 01:00:00+05:30,29.355,195.95000000000002,86.6
2025-03-23 02:00:00+05:30,33.306666666666665,213.20000000000002,92.59999999999998
2025-03-23 03:00:00+05:30,38.667500000000004,220.075,86.5
2025-03-23 04:00:00+05:30,36.120000000000005,210.75,85.8
2025-03-23 05:00:00+05:30,32.1275,181.875,79.675
2025-03-23 06:00:00+05:30,27.97,169.53333333333333,82.33333333333333
2025-03-23 07:00:00+05:30,37.6025,162.725,73.175
2025-03-23 08:00:00+05:30,32.905,212.97500000000002,126.0
2025-03-23 09:00:00+05:30,33.129999999999995,212.775,123.075
2025-03-23 10:00:00+05:30,33.53,191.85,106.875
2025-03-23 11:00:00+05:30,37.3975,189.75,81.8
2025-03-23 12:00:00+05:30,38.28,171.8,85.0
2025-03-23 13:00:00+05:30,35.33,142.95,57.425000000000004
2025-03-23 14:00:00+05:30,30.08,118.95,39.5
2025-03-23 15:00:00+05:30,31.5425,101.325,37.849999999999994
2025-03-23 16:00:00+05:30,34.644999999999996,97.85,53.9
2025-03-23 17:00:00+05:30,33.5825,88.6,34.925000000000004
2025-03-23 18:00:00+05:30,27.88,92.93333333333334,43.93333333333334
2025-03-23 19:00:00+05:30,26.8475,120.2,51.4
2025-03-23 20:00:00+05:30,31.4725,137.5,57.725
2025-03-23 21:00:00+05:30,30.8325,178.5,97.175
2025-03-23 22:00:00+05:30,33.677499999999995,203.225,141.025
2025-03-23 23:00:00+05:30,29.043333333333333,217.96666666666667,135.83333333333334
2025-03-24 00:00:00+05:30,24.23,226.5,134.0
2025-03-24 01:00:00+05:30,32.1075,216.25,106.875
2025-03-24 02:00:00+05:30,30.384999999999998,200.25,123.1
2025-03-24 03:00:00+05:30,26.235,207.82500000000002,103.95
2025-03-24 04:00:00+05:30,36.332499999999996,225.35000000000002,143.1
2025-03-24 05:00:00+05:30,31.087500000000002,233.975,145.125
2025-03-24 06:00:00+05:30,29.625,219.425,135.575
2025-03-24 07:00:00+05:30,30.72,220.5,132.375
2025-03-24 08:00:00+05:30,39.455,225.7,185.125
2025-03-24 09:00:00+05:30,35.0375,230.35,158.54999999999998
2025-03-24 10:00:00+05:30,39.13,221.6,119.9
2025-03-24 11:00:00+05:30,31.9225,210.525,88.925
2025-03-24 12:00:00+05:30,33.865,184.125,82.39999999999999
2025-03-24 13:00:00+05:30,36.105000000000004,169.15,60.075
2025-03-24 14:00:00+05:30,32.44,154.2,66.625
2025-03-24 15:00:00+05:30,40.160000000000004,146.33333333333334,53.166666666666664
2025-03-24 16:00:00+05:30,36.095,142.775,57.65
2025-03-24 17:00:00+05:30,37.9775,136.25,58.375
2025-03-24 18:00:00+05:30,31.2575,131.175,50.2
2025-03-24 19:00:00+05:30,31.7325,143.4,69.95
2025-03-24 20:00:00+05:30,29.6275,190.9,100.675
2025-03-24 21:00:00+05:30,25.395,225.6,116.725
2025-03-24 22:00:00+05:30,27.150000000000002,283.275,151.22500000000002
2025-03-24 23:00:00+05:30,29.87,289.8666666666667,135.96666666666667
2025-03-25 00:00:00+05:30,27.94,296.7,137.4
2025-03-25 01:00:00+05:30,35.07,292.9,145.6
2025-03-25 02:00:00+05:30,29.29,285.7,146.5
2025-03-25 03:00:00+05:30,33.97,263.45,132.275
2025-03-25 04:00:00+05:30,27.3675,268.725,155.32500000000002
2025-03-25 05:00:00+05:30,26.92,257.3,133.9
2025-03-25 06:00:00+05:30,33.3475,239.1,118.825
2025-03-25 07:00:00+05:30,33.1075,231.54999999999998,134.275
2025-03-25 08:00:00+05:30,32.9275,270.7,158.075
2025-03-25 09:00:00+05:30,32.93,310.02500000000003,155.725
2025-03-25 10:00:00+05:30,25.3325,283.97499999999997,150.4
2025-03-25 11:00:00+05:30,31.07,268.1,122.05
2025-03-25 12:00:00+05:30,32.62,217.675,89.5
2025-03-25 13:00:00+05:30,29.2575,175.5,69.25
2025-03-25 14:00:00+05:30,28.345,153.125,56.625
2025-03-25 15:00:00+05:30,33.542500000000004,140.925,60.425000000000004
2025-03-25 16:00:00+05:30,30.1925,147.29999999999998,43.75
2025-03-25 17:00:00+05:30,32.2775,140.025,53.525000000000006
2025-03-25 18:00:00+05:30,27.107499999999998,142.35,64.275
2025-03-25 19:00:00+05:30,31.435,151.6,75.44999999999999
2025-03-25 20:00:00+05:30,28.802500000000002,188.17499999999998,139.575
2025-03-25 21:00:00+05:30,36.8475,264.55,150.925
2025-03-25 22:00:00+05:30,34.345,279.325,187.55
2025-03-25 23:00:00+05:30,38.1,296.90000000000003,164.83333333333334
2025-03-26 00:00:00+05:30,28.05,300.2,192.0
2025-03-26 01:00:00+05:30,36.0,301.34999999999997,164.125
2025-03-26 02:00:00+05:30,29.2,301.57500000000005,175.125
2025-03-26 03:00:00+05:30,27.545,303.5,172.6
2025-03-26 04:00:00+05:30,28.4675,298.40000000000003,171.27499999999998
2025-03-26 05:00:00+05:30,31.485,279.625,140.5
2025-03-26 06:00:00+05:30,31.1525,264.375,151.875
2025-03-26 07:00:00+05:30,31.285,259.15,133.25
2025-03-26 08:00:00+05:30,37.1225,260.7,152.07500000000002
2025-03-26 09:00:00+05:30,28.395,269.8,137.025
2025-03-26 10:00:00+05:30,30.68,264.325,133.925
2025-03-26 11:00:00+05:30,37.75,220.625,88.025
2025-03-26 12:00:00+05:30,35.07,180.36666666666667,58.73333333333333
2025-03-26 13:00:00+05:30,95.1925,70.675,27.0
2025-03-26 14:00:00+05:30,15.96,0.0,0.0
2025-03-26 15:00:00+05:30,15.96,0.0,0.0
2025-03-26 16:00:00+05:30,15.96,0.0,0.0
2025-03-26 17:00:00+05:30,17.2525,2.6,0.0
2025-03-26 18:00:00+05:30,30.985,56.7,36.8
2025-03-26 19:00:00+05:30,32.9775,215.6,171.5
2025-03-26 20:00:00+05:30,36.59,213.6,142.2
2025-03-26 21:00:00+05:30,33.722500000000004,233.25,122.2
2025-03-26 22:00:00+05:30,27.7025,235.4,130.45
2025-03-26 23:00:00+05:30,36.71666666666667,228.19999999999996,114.40000000000002
2025-03-27 00:00:00+05:30,18.64,229.7,102.5
2025-03-27 01:00:00+05:30,24.82,223.275,96.45
2025-03-27 02:00:00+05:30,26.115000000000002,201.025,87.025
2025-03-27 03:00:00+05:30,31.265,185.85,79.55
2025-03-27 04:00:00+05:30,32.515,160.95,76.0
2025-03-27 05:00:00+05:30,36.455,150.875,59.275
2025-03-27 06:00:00+05:30,35.9,132.1,70.7
2025-03-27 07:00:00+05:30,27.3425,136.85,75.0
2025-03-27 08:00:00+05:30,31.09,162.2,83.75
2025-03-27 09:00:00+05:30,32.3125,188.025,86.2
2025-03-27 10:00:00+05:30,21.63,196.8,83.375
2025-03-27 11:00:00+05:30,27.980000000000004,189.9,66.9
2025-03-27 12:00:00+05:30,32.225,79.45,75.57499999999999
2025-03-27 13:00:00+05:30,30.0,160.3,98.825
2025-03-27 14:00:00+05:30,27.93,233.7,160.79999999999998
2025-03-27 15:00:00+05:30,22.64,206.475,100.625
2025-03-27 16:00:00+05:30,30.41,191.03333333333333,71.86666666666666
2025-03-27 17:00:00+05:30,32.515,188.10000000000002,63.6
2025-03-27 18:00:00+05:30,37.005,183.175,63.625
2025-03-27 19:00:00+05:30,23.1525,186.475,66.275
2025-03-27 20:00:00+05:30,26.475,194.67499999999998,72.175
2025-03-27 21:00:00+05:30,31.9125,201.42499999999998,84.64999999999999
2025-03-27 22:00:00+05:30,25.74333333333333,200.76666666666665,89.89999999999999
2025-03-27 23:00:00+05:30,24.19333333333333,198.1,89.2
2025-03-28 00:00:00+05:30,21.02,184.1,87.0
2025-03-28 01:00:00+05:30,32.22,187.25,88.225
2025-03-28 02:00:00+05:30,28.1125,185.85,88.85
2025-03-28 03:00:00+05:30,35.85,181.625,85.60000000000001
2025-03-28 04:00:00+05:30,25.41333333333333,183.83333333333334,89.90000000000002
2025-03-28 05:00:00+05:30,24.177500000000002,201.875,90.05
2025-03-28 06:00:00+05:30,26.665,208.1,88.57499999999999
2025-03-28 07:00:00+05:30,34.8625,222.425,105.975
2025-03-28 08:00:00+05:30,33.49333333333333,243.0333333333333,130.1
2025-03-28 09:00:00+05:30,32.144999999999996,259.95,126.1
2025-03-28 10:00:00+05:30,27.557499999999997,258.4,116.375
2025-03-28 11:00:00+05:30,31.0575,245.6,96.14999999999999
2025-03-28 12:00:00+05:30,22.9075,238.7,69.875
2025-03-28 13:00:00+05:30,28.947499999999998,222.925,65.0
2025-03-28 14:00:00+05:30,23.252499999999998,206.35,63.675000000000004
2025-03-28 15:00:00+05:30,23.595,201.45,52.6
2025-03-28 16:00:00+05:30,31.7275,195.47500000000002,58.45
2025-03-28 17:00:00+05:30,26.4125,201.5,60.4
2025-03-28 18:00:00+05:30,32.682500000000005,205.8,60.825
2025-03-28 19:00:00+05:30,33.23666666666667,206.4666666666667,66.36666666666666
2025-03-28 20:00:00+05:30,32.442499999999995,206.925,80.475
2025-03-28 21:00:00+05:30,28.2825,211.95,94.725
2025-03-28 22:00:00+05:30,21.3475,206.52499999999998,89.05
2025-03-28 23:00:00+05:30,26.275,196.10000000000002,81.1
2025-03-29 00:00:00+05:30,36.04,183.1,72.9
2025-03-29 01:00:00+05:30,39.435,178.775,66.725
2025-03-29 02:00:00+05:30,32.1625,172.1,54.675000000000004
2025-03-29 03:00:00+05:30,34.2475,166.5,63.65
2025-03-29 04:00:00+05:30,28.4,159.45,66.2
2025-03-29 05:00:00+05:30,34.57,155.3,73.925
2025-03-29 06:00:00+05:30,25.84,150.925,71.075
2025-03-29 07:00:00+05:30,31.003333333333334,149.4333333333333,52.633333333333326
2025-03-29 08:00:00+05:30,32.585,153.125,55.475
2025-03-29 09:00:00+05:30,32.2275,159.075,67.875
2025-03-29 10:00:00+05:30,37.947500000000005,158.125,65.5
2025-03-29 11:00:00+05:30,33.305,158.35,47.575
2025-03-29 12:00:00+05:30,39.212500000000006,155.67499999999998,46.125
2025-03-29 13:00:00+05:30,47.1725,155.67499999999998,35.6
2025-03-29 14:00:00+05:30,28.735,143.325,41.275
2025-03-29 15:00:00+05:30,36.225,142.22500000000002,35.074999999999996
2025-03-29 16:00:00+05:30,36.045,150.20000000000002,43.575
2025-03-29 17:00:00+05:30,37.99666666666667,155.36666666666667,51.29999999999999
2025-03-29 18:00:00+05:30,36.4125,156.075,72.625
2025-03-29 19:00:00+05:30,34.805,161.77499999999998,83.0
2025-03-29 20:00:00+05:30,38.4825,167.675,85.45
2025-03-29 21:00:00+05:30,28.2825,175.9,78.35000000000001
2025-03-29 22:00:00+05:30,33.665,184.05,87.575
2025-03-29 23:00:00+05:30,37.06666666666666,185.16666666666666,95.7
2025-03-30 00:00:00+05:30,29.23,179.1,67.9
2025-03-30 01:00:00+05:30,35.83,175.36666666666667,65.06666666666666
2025-03-30 02:00:00+05:30,38.195,173.25,61.675
2025-03-30 03:00:00+05:30,44.2725,166.225,68.625
2025-03-30 04:00:00+05:30,36.225,161.5,83.225
2025-03-30 05:00:00+05:30,36.2825,160.575,72.15
2025-03-30 06:00:00+05:30,36.005,157.725,66.675
2025-03-30 07:00:00+05:30,28.86,156.875,62.0
2025-03-30 08:00:00+05:30,32.195,158.975,74.80000000000001
2025-03-30 09:00:00+05:30,34.0525,152.675,70.55000000000001
2025-03-30 10:00:00+05:30,35.545,152.85,66.625
2025-03-30 11:00:00+05:30,35.7,151.575,54.975
2025-03-30 12:00:00+05:30,36.23,148.6,44.5
2025-03-30 13:00:00+05:30,37.18333333333334,144.5,38.5
2025-03-30 14:00:00+05:30,38.015,141.85,40.599999999999994
2025-03-30 15:00:00+05:30,35.175,141.9,37.724999999999994
2025-03-30 16:00:00+05:30,38.0525,136.35,42.449999999999996
2025-03-30 17:00:00+05:30,33.1075,139.9,47.425
2025-03-30 18:00:00+05:30,37.04333333333333,143.16666666666666,64.23333333333333
2025-03-30 19:00:00+05:30,31.27333333333333,154.33333333333334,58.199999999999996
2025-03-30 20:00:00+05:30,39.7625,174.8,82.60000000000001
2025-03-30 21:00:00+05:30,34.1375,188.3,114.7
2025-03-30 22:00:00+05:30,43.36666666666667,184.20000000000002,116.23333333333333
2025-03-30 23:00:00+05:30,36.76333333333333,183.66666666666666,94.8
2025-03-31 00:00:00+05:30,26.37,174.1,66.9
2025-03-31 01:00:00+05:30,33.0525,173.8,65.72500000000001
2025-03-31 02:00:00+05:30,29.333333333333332,173.1,70.4
2025-03-31 03:00:00+05:30,36.3225,170.3,82.05
2025-03-31 04:00:00+05:30,33.8325,163.15,78.3
2025-03-31 05:00:00+05:30,36.11,150.125,80.8
2025-03-31 06:00:00+05:30,31.5875,157.925,80.35
2025-03-31 07:00:00+05:30,35.3425,157.5,79.275
2025-03-31 08:00:00+05:30,42.207499999999996,158.0,79.325
2025-03-31 09:00:00+05:30,38.879999999999995,159.925,74.375
2025-03-31 10:00:00+05:30,35.0225,152.375,79.625
2025-03-31 11:00:00+05:30,37.5875,138.975,61.400000000000006
2025-03-31 12:00:00+05:30,31.5,125.36666666666667,36.96666666666666
2025-03-31 13:00:00+05:30,28.8025,110.95,28.25
2025-03-31 14:00:00+05:30,32.74,99.45,29.0
2025-03-31 15:00:00+05:30,36.06,97.45,24.35
2025-03-31 16:00:00+05:30,37.086666666666666,95.43333333333334,23.2
2025-03-31 17:00:00+05:30,32.89,93.7,28.475
2025-03-31 18:00:00+05:30,36.19,96.725,30.275000000000002
2025-03-31 19:00:00+05:30,29.54,115.0,34.5
2025-03-31 20:00:00+05:30,30.585,132.45,69.57499999999999
2025-03-31 21:00:00+05:30,37.614999999999995,141.8,80.97500000000001
2025-03-31 22:00:00+05:30,37.6775,143.425,77.975
2025-03-31 23:00:00+05:30,33.35,144.96666666666667,79.0
2025-04-01 00:00:00+05:30,42.33,137.8,50.0
2025-04-01 01:00:00+05:30,35.495000000000005,139.4,48.05
2025-04-01 03:00:00+05:30,38.9525,125.175,62.974999999999994
2025-04-01 04:00:00+05:30,36.7275,119.475,62.65
2025-04-01 05:00:00+05:30,29.2575,112.25,56.575
2025-04-01 06:00:00+05:30,26.705,110.425,47.4
2025-04-01 07:00:00+05:30,39.665,135.825,55.099999999999994
2025-04-01 08:00:00+05:30,34.1075,148.8,81.57499999999999
2025-04-01 09:00:00+05:30,43.472500000000004,156.97500000000002,84.1
2025-04-01 10:00:00+05:30,25.512500000000003,162.8,0.0
2025-04-01 11:00:00+05:30,9.105,48.5,0.0
2025-04-01 12:00:00+05:30,12.0775,154.7,13.150000000000002
2025-04-01 13:00:00+05:30,20.8375,178.675,22.075
2025-04-01 14:00:00+05:30,24.82,167.225,16.225
2025-04-01 15:00:00+05:30,22.6525,163.125,33.375
2025-04-01 16:00:00+05:30,17.155,151.0,31.5
2025-04-01 19:00:00+05:30,12.39,146.7,56.2
2025-04-01 20:00:00+05:30,26.085,169.7,68.1
2025-04-01 21:00:00+05:30,16.23,172.825,82.625
2025-04-01 22:00:00+05:30,21.613333333333333,177.6,84.0
2025-04-01 23:00:00+05:30,16.73,172.5666666666667,87.53333333333335
2025-04-02 00:00:00+05:30,10.78,166.7,69.2
2025-04-02 01:00:00+05:30,10.935,162.275,77.27499999999999
2025-04-02 02:00:00+05:30,20.875,162.75,70.75
2025-04-02 03:00:00+05:30,20.075,158.525,64.44999999999999
2025-04-02 04:00:00+05:30,16.345,153.8,71.625
2025-04-02 05:00:00+05:30,19.36,148.1,83.03333333333335
2025-04-02 06:00:00+05:30,16.405,149.22500000000002,71.425
2025-04-02 07:00:00+05:30,15.2325,172.825,93.82499999999999
2025-04-02 08:00:00+05:30,19.252499999999998,187.425,93.07499999999999
2025-04-02 09:00:00+05:30,27.945,213.425,112.75
2025-04-02 10:00:00+05:30,20.48,227.83333333333334,114.26666666666667
2025-04-02 11:00:00+05:30,19.2425,214.9,105.75
2025-04-02 12:00:00+05:30,18.4225,202.0,76.32499999999999
2025-04-02 13:00:00+05:30,33.7675,177.20000000000002,63.8
2025-04-02 14:00:00+05:30,33.495,145.175,43.45
2025-04-02 15:00:00+05:30,38.3825,117.925,42.475
2025-04-02 16:00:00+05:30,24.5325,101.125,53.099999999999994
2025-04-02 17:00:00+05:30,34.7175,97.925,47.475
2025-04-02 18:00:00+05:30,37.8,110.875,46.275
2025-04-02 19:00:00+05:30,26.075,128.35,51.875
2025-04-02 20:00:00+05:30,32.394999999999996,160.125,74.5
2025-04-02 21:00:00+05:30,33.480000000000004,169.57500000000002,71.05
2025-04-02 22:00:00+05:30,36.935,166.20000000000002,85.95
2025-04-02 23:00:00+05:30,38.25333333333334,176.13333333333333,107.53333333333335
2025-04-03 00:00:00+05:30,26.62,208.0,102.8
2025-04-03 01:00:00+05:30,41.3375,207.525,105.825
2025-04-03 02:00:00+05:30,33.7725,199.10000000000002,107.0
2025-04-03 03:00:00+05:30,32.5775,185.325,102.275
2025-04-03 04:00:00+05:30,35.035,170.45000000000002,81.6
2025-04-03 05:00:00+05:30,34.0175,173.95000000000002,89.85
2025-04-03 06:00:00+05:30,34.4925,183.275,74.975
2025-04-03 07:00:00+05:30,32.949999999999996,203.5,97.8
2025-04-03 08:00:00+05:30,30.49,233.0,128.225
2025-04-03 09:00:00+05:30,41.79,262.925,156.825
2025-04-03 10:00:00+05:30,32.765,235.75,128.675
2025-04-03 11:00:00+05:30,37.57,190.1,94.40000000000002
2025-04-03 12:00:00+05:30,37.7725,160.65,75.375
2025-04-03 13:00:00+05:30,43.1575,149.85,51.75
2025-04-03 14:00:00+05:30,28.0425,116.125,44.125
2025-04-03 15:00:00+05:30,31.662499999999998,100.175,43.575
2025-04-03 16:00:00+05:30,30.11,96.85,42.35
2025-04-03 17:00:00+05:30,38.57,99.90000000000002,44.9
2025-04-03 18:00:00+05:30,36.995000000000005,112.0,42.1
2025-04-03 19:00:00+05:30,32.019999999999996,156.525,76.2
2025-04-03 20:00:00+05:30,37.347500000000004,231.55,126.375
2025-04-03 21:00:00+05:30,34.2075,312.725,181.95000000000002
2025-04-03 22:00:00+05:30,30.299999999999997,351.1000000000001,196.19999999999996
2025-04-03 23:00:00+05:30,30.39,347.06666666666666,195.36666666666667
2025-04-04 00:00:00+05:30,33.93,327.8,162.7
2025-04-04 01:00:00+05:30,29.165,307.175,165.075
2025-04-04 02:00:00+05:30,33.825,286.47499999999997,157.35
2025-04-04 03:00:00+05:30,36.9725,256.45,147.25
2025-04-04 04:00:00+05:30,37.965,222.575,121.97500000000001
2025-04-04 05:00:00+05:30,33.4975,181.29999999999998,114.42500000000001
2025-04-04 06:00:00+05:30,31.2025,193.675,98.075
2025-04-04 07:00:00+05:30,31.619999999999997,211.075,107.075
2025-04-04 08:00:00+05:30,31.232499999999998,192.95,105.725
2025-04-04 09:00:00+05:30,38.8675,189.875,83.725
2025-04-04 10:00:00+05:30,29.745,173.75,74.175
2025-04-04 11:00:00+05:30,29.4925,161.65,64.925
2025-04-04 12:00:00+05:30,31.689999999999998,148.8,54.625
2025-04-04 13:00:00+05:30,34.620000000000005,140.325,35.475
2025-04-04 14:00:00+05:30,37.650000000000006,122.975,28.25
2025-04-04 15:00:00+05:30,31.8875,129.125,40.25
2025-04-04 16:00:00+05:30,29.12,133.025,47.85
2025-04-04 17:00:00+05:30,29.4275,138.17499999999998,54.45
2025-04-04 18:00:00+05:30,35.605,130.725,60.425
2025-04-04 19:00:00+05:30,32.8725,133.64999999999998,57.425
2025-04-04 20:00:00+05:30,39.42,149.79999999999998,77.43333333333334
2025-04-04 21:00:00+05:30,34.445,158.35,99.15
2025-04-04 22:00:00+05:30,28.5,160.925,85.35
2025-04-04 23:00:00+05:30,34.370000000000005,166.03333333333333,86.5
2025-04-05 00:00:00+05:30,24.07,176.8,73.8
2025-04-05 01:00:00+05:30,29.564999999999998,174.5,82.7
2025-04-05 02:00:00+05:30,27.994999999999997,165.20000000000002,79.475
2025-04-05 03:00:00+05:30,38.4775,154.75,88.17500000000001
2025-04-05 04:00:00+05:30,33.37,158.475,80.35
2025-04-05 05:00:00+05:30,30.17,154.55,81.3
2025-04-05 06:00:00+05:30,27.9,159.575,71.55
2025-04-05 07:00:00+05:30,29.8825,181.475,92.725
2025-04-05 08:00:00+05:30,39.555,195.525,90.075
2025-04-05 09:00:00+05:30,35.875,192.82500000000002,86.325
2025-04-05 10:00:00+05:30,36.317499999999995,187.775,77.15
2025-04-05 11:00:00+05:30,30.985,159.6,68.25
2025-04-05 12:00:00+05:30,31.527499999999996,146.8,52.0
2025-04-05 13:00:00+05:30,37.675000000000004,140.95,47.875
2025-04-05 14:00:00+05:30,34.8325,137.7,36.349999999999994
2025-04-05 15:00:00+05:30,31.55,154.625,46.3
2025-04-05 16:00:00+05:30,27.035,165.05,59.800000000000004
2025-04-05 17:00:00+05:30,32.97,159.1,58.175
2025-04-05 18:00:00+05:30,28.31,154.625,55.425
2025-04-05 19:00:00+05:30,31.0175,146.2,58.6
2025-04-05 20:00:00+05:30,38.4825,165.15,81.625
2025-04-05 21:00:00+05:30,32.63,180.2,112.4
2025-04-05 22:00:00+05:30,31.5525,179.77499999999998,114.1
2025-04-05 23:00:00+05:30,31.070000000000004,173.46666666666667,102.46666666666665
2025-04-06 00:00:00+05:30,37.76,163.2,87.5
2025-04-06 01:00:00+05:30,28.495,159.275,74.1
2025-04-06 02:00:00+05:30,36.44,156.925,80.825
2025-04-06 03:00:00+05:30,31.96,146.65,72.15
2025-04-06 04:00:00+05:30,36.4825,140.075,71.4
2025-04-06 05:00:00+05:30,31.82,137.875,77.1
2025-04-06 06:00:00+05:30,35.65,145.725,74.625
2025-04-06 07:00:00+05:30,32.4225,157.875,97.32499999999999
2025-04-06 08:00:00+05:30,39.46,182.47500000000002,105.7
2025-04-06 09:00:00+05:30,35.913333333333334,188.0,106.53333333333335
2025-04-06 10:00:00+05:30,39.7875,180.325,92.875
2025-04-06 11:00:00+05:30,34.32,171.775,80.15
2025-04-06 12:00:00+05:30,29.8525,157.875,63.625
2025-04-06 13:00:00+05:30,35.0475,139.075,56.725
2025-04-06 14:00:00+05:30,41.195,130.275,42.175
2025-04-06 15:00:00+05:30,30.6775,118.975,63.5
2025-04-06 16:00:00+05:30,39.3075,112.675,53.724999999999994
2025-04-06 17:00:00+05:30,36.25,108.3,34.3
2025-04-06 18:00:00+05:30,32.620000000000005,100.575,30.7
2025-04-06 19:00:00+05:30,33.3125,126.125,51.375
2025-04-06 20:00:00+05:30,36.4925,196.2,97.7
2025-04-06 21:00:00+05:30,28.9725,279.75,155.925
2025-04-06 22:00:00+05:30,35.36,318.45,165.1
2025-04-06 23:00:00+05:30,42.699999999999996,308.06666666666666,160.4
2025-04-07 00:00:00+05:30,25.93,292.1,121.4
2025-04-07 01:00:00+05:30,35.415,252.75,118.05
2025-04-07 02:00:00+05:30,39.653333333333336,231.6,107.16666666666667
2025-04-07 03:00:00+05:30,33.1875,206.0,100.39999999999999
2025-04-07 04:00:00+05:30,35.16,167.075,95.6
2025-04-07 05:00:00+05:30,31.06,149.775,85.125
2025-04-07 06:00:00+05:30,38.08,165.0,80.1
2025-04-07 07:00:00+05:30,36.795,194.1,98.4
2025-04-07 08:00:00+05:30,35.57666666666666,231.0666666666667,122.76666666666667
2025-04-07 09:00:00+05:30,32.7175,272.09999999999997,148.65
2025-04-07 10:00:00+05:30,32.32,310.375,146.70000000000002
2025-04-07 11:00:00+05:30,38.655,301.0,136.0
2025-04-07 12:00:00+05:30,28.7775,301.625,124.425
2025-04-07 13:00:00+05:30,35.8175,298.875,126.95
2025-04-07 14:00:00+05:30,32.805,245.075,95.65
2025-04-07 15:00:00+05:30,31.7725,191.675,81.625
2025-04-07 16:00:00+05:30,31.723333333333333,171.4333333333333,73.43333333333334
2025-04-07 17:00:00+05:30,30.675,167.5,66.725
2025-04-07 18:00:00+05:30,37.57,186.8,69.625
2025-04-07 19:00:00+05:30,36.72666666666667,215.96666666666667,97.60000000000001
2025-04-07 20:00:00+05:30,38.0125,238.825,122.575
2025-04-07 21:00:00+05:30,28.7825,240.05,124.0
2025-04-07 22:00:00+05:30,36.0625,232.2,121.875
2025-04-07 23:00:00+05:30,36.62,228.70000000000002,116.66666666666667
2025-04-08 00:00:00+05:30,31.95,232.3,97.9
2025-04-08 01:00:00+05:30,31.846666666666668,262.4,99.09999999999998
2025-04-08 02:00:00+05:30,40.1225,229.75,104.0
2025-04-08 03:00:00+05:30,40.1375,226.225,104.92500000000001
2025-04-08 04:00:00+05:30,38.68,231.67499999999998,98.775
2025-04-08 05:00:00+05:30,40.8825,219.675,96.5
2025-04-08 06:00:00+05:30,38.335,210.54999999999998,84.225
2025-04-08 07:00:00+05:30,35.2525,225.72500000000002,83.47500000000001
2025-04-08 08:00:00+05:30,36.8875,235.6,94.2
2025-04-08 09:00:00+05:30,37.9,245.95,97.975
2025-04-08 10:00:00+05:30,35.71333333333333,249.5,109.76666666666667
2025-04-08 11:00:00+05:30,31.915,242.5,109.175
2025-04-08 12:00:00+05:30,35.01666666666667,237.69999999999996,78.9
2025-04-08 13:00:00+05:30,45.065,244.2,91.8
2025-04-08 15:00:00+05:30,38.04333333333333,198.4,87.7
2025-04-08 16:00:00+05:30,29.996666666666666,174.0,74.1
2025-04-08 17:00:00+05:30,29.985,178.925,68.05
2025-04-08 18:00:00+05:30,37.7675,194.8,66.625
2025-04-08 19:00:00+05:30,32.15,185.75,67.35
2025-04-08 20:00:00+05:30,33.805,195.1,84.9
2025-04-08 21:00:00+05:30,42.64,209.4,107.09999999999998
2025-04-08 22:00:00+05:30,32.94,216.2,109.3
2025-04-08 23:00:00+05:30,29.150000000000002,219.23333333333335,114.40000000000002
2025-04-09 00:00:00+05:30,43.86,218.9,92.5
2025-04-09 01:00:00+05:30,37.519999999999996,225.55,102.475
2025-04-09 02:00:00+05:30,33.68,219.45000000000002,107.225
2025-04-09 03:00:00+05:30,28.4125,219.125,109.27499999999999
2025-04-09 04:00:00+05:30,36.4075,217.75,119.075
2025-04-09 05:00:00+05:30,38.427499999999995,234.675,119.225
2025-04-11 20:00:00+05:30,37.480000000000004,96.15,51.75
2025-04-11 21:00:00+05:30,42.089999999999996,113.55,61.55
2025-04-11 22:00:00+05:30,39.083333333333336,121.09999999999998,73.56666666666668
2025-04-11 23:00:00+05:30,36.373333333333335,129.83333333333334,72.96666666666667
2025-04-12 00:00:00+05:30,47.8,116.8,57.8
2025-04-12 01:00:00+05:30,34.9875,155.675,70.375
2025-04-12 02:00:00+05:30,33.39,136.625,54.725
2025-04-12 03:00:00+05:30,40.0975,98.05,40.475
2025-04-12 04:00:00+05:30,36.3275,85.675,23.425
2025-04-12 05:00:00+05:30,39.3475,69.25,17.975
2025-04-12 06:00:00+05:30,40.879999999999995,73.06666666666666,23.099999999999998
2025-04-12 07:00:00+05:30,38.8925,65.75,24.5
2025-04-12 08:00:00+05:30,42.805,56.2,28.650000000000002
2025-04-12 09:00:00+05:30,38.019999999999996,61.0,19.95
2025-04-12 10:00:00+05:30,41.79,61.166666666666664,23.366666666666664
2025-04-12 11:00:00+05:30,46.2325,65.075,22.650000000000002
2025-04-12 12:00:00+05:30,39.965,71.02499999999999,13.85
2025-04-12 13:00:00+05:30,37.875,69.8,17.400000000000002
2025-04-12 14:00:00+05:30,39.855000000000004,69.3,20.4
2025-04-12 15:00:00+05:30,33.405,66.825,25.45
2025-04-12 16:00:00+05:30,37.8425,72.3,24.775
2025-04-12 17:00:00+05:30,33.35,74.75,48.575
2025-04-12 18:00:00+05:30,37.5875,81.4,52.45
2025-04-12 19:00:00+05:30,36.9225,87.4,40.425
2025-04-12 20:00:00+05:30,43.394999999999996,120.55,67.44999999999999
2025-04-12 21:00:00+05:30,42.337500000000006,154.05,83.975
2025-04-12 22:00:00+05:30,38.135,161.025,100.8
2025-04-12 23:00:00+05:30,42.126666666666665,156.66666666666666,86.5
2025-04-13 00:00:00+05:30,27.57,151.3,64.8
2025-04-13 01:00:00+05:30,32.4325,127.05,45.775
2025-04-13 02:00:00+05:30,33.83,115.65,54.725
2025-04-13 03:00:00+05:30,52.004999999999995,107.075,39.65
2025-04-13 04:00:00+05:30,33.245,108.95,39.025
2025-04-13 05:00:00+05:30,43.585,102.375,30.0
2025-04-13 06:00:00+05:30,40.725,92.175,22.0
2025-04-13 07:00:00+05:30,40.519999999999996,95.07499999999999,28.375
2025-04-13 08:00:00+05:30,38.0025,99.475,29.025
2025-04-13 09:00:00+05:30,35.957499999999996,98.89999999999999,31.15
2025-04-13 10:00:00+05:30,37.45333333333333,86.0,34.9
2025-04-13 11:00:00+05:30,39.775,80.475,29.675
2025-04-13 12:00:00+05:30,36.93,71.97500000000001,22.8
2025-04-13 13:00:00+05:30,39.7075,72.925,22.8
2025-04-13 14:00:00+05:30,31.5825,74.0,22.2
2025-04-13 15:00:00+05:30,38.8975,67.925,18.400000000000002
2025-04-13 16:00:00+05:30,35.699999999999996,61.9,15.1
2025-04-13 17:00:00+05:30,40.71,63.8,22.375
2025-04-13 18:00:00+05:30,34.7775,71.275,15.625
2025-04-13 19:00:00+05:30,41.845,452.25,47.425
2025-04-13 20:00:00+05:30,47.1975,253.375,52.15
2025-04-13 21:00:00+05:30,46.385,105.825,39.65
2025-04-13 22:00:00+05:30,37.7875,59.175000000000004,32.75
2025-04-13 23:00:00+05:30,31.060000000000002,60.96666666666667,24.599999999999998
2025-04-14 00:00:00+05:30,28.17,76.7,22.2
2025-04-14 01:00:00+05:30,32.2725,69.375,15.274999999999999
2025-04-14 02:00:00+05:30,41.7575,79.475,21.875
2025-04-14 03:00:00+05:30,39.56,74.3,25.825
2025-04-14 04:00:00+05:30,37.6625,100.725,26.05
2025-04-14 05:00:00+05:30,31.794999999999998,84.525,23.8
2025-04-14 06:00:00+05:30,41.0625,94.325,24.525
2025-04-14 07:00:00+05:30,31.715,98.82499999999999,38.525
2025-04-14 08:00:00+05:30,37.015,95.575,38.099999999999994
2025-04-14 09:00:00+05:30,34.927499999999995,86.175,32.925
2025-04-14 10:00:00+05:30,20.4175,83.9,0.0
2025-04-14 11:00:00+05:30,22.740000000000002,11.225,0.075
2025-04-14 12:00:00+05:30,13.3475,70.05,8.65
2025-04-14 13:00:00+05:30,26.69,74.0,13.3
2025-04-15 03:00:00+05:30,17.99,166.5,75.4
2025-04-15 04:00:00+05:30,21.822499999999998,160.475,75.14999999999999
2025-04-15 05:00:00+05:30,23.4575,159.375,83.80000000000001
2025-04-15 06:00:00+05:30,12.635000000000002,157.4,71.85000000000001
2025-04-15 07:00:00+05:30,17.3375,149.625,64.05
2025-04-15 08:00:00+05:30,17.58,143.20000000000002,58.5
2025-04-15 09:00:00+05:30,18.2625,137.6,58.2
2025-04-15 10:00:00+05:30,17.58,138.17499999999998,58.625
2025-04-15 11:00:00+05:30,19.1375,136.875,61.4
2025-04-15 12:00:00+05:30,14.567499999999999,135.425,45.2
2025-04-15 13:00:00+05:30,13.584999999999999,136.275,45.9
2025-04-15 14:00:00+05:30,16.465,134.625,40.2
2025-04-15 15:00:00+05:30,24.0775,129.67499999999998,42.2
2025-04-15 16:00:00+05:30,28.7825,126.95,31.5
2025-04-15 17:00:00+05:30,35.9975,130.725,55.6
2025-04-15 18:00:00+05:30,23.995,138.6,39.5
2025-04-16 09:00:00+05:30,28.383333333333336,175.6,73.86666666666666
2025-04-16 10:00:00+05:30,23.525,160.5,80.15
2025-04-16 11:00:00+05:30,26.045,146.1,62.725
2025-04-16 12:00:00+05:30,29.677500000000002,145.775,41.300000000000004
2025-04-16 13:00:00+05:30,27.115000000000002,144.125,51.475
2025-04-16 14:00:00+05:30,32.59,125.02499999999999,37.125
2025-04-16 15:00:00+05:30,23.697499999999998,120.07499999999999,40.2
2025-04-16 16:00:00+05:30,27.703333333333333,118.86666666666667,53.833333333333336
2025-04-16 17:00:00+05:30,28.353333333333335,127.89999999999999,48.4
2025-04-16 18:00:00+05:30,31.665,122.8,57.25
2025-04-16 19:00:00+05:30,24.25,123.1,51.9
2025-04-16 20:00:00+05:30,22.240000000000002,131.7,63.1
2025-04-16 23:00:00+05:30,38.455,155.3,88.0
2025-04-17 00:00:00+05:30,46.13,173.4,73.6
2025-04-17 01:00:00+05:30,30.7125,158.025,74.3
2025-04-17 02:00:00+05:30,18.815,151.675,85.85000000000001
2025-04-17 03:00:00+05:30,33.63,156.05,79.7
2025-04-17 04:00:00+05:30,38.6575,150.925,69.64999999999999
2025-04-17 05:00:00+05:30,33.925,145.675,75.175
2025-04-17 06:00:00+05:30,32.057500000000005,136.9,61.625
2025-04-17 07:00:00+05:30,27.0225,137.35000000000002,76.55000000000001
2025-04-17 08:00:00+05:30,24.645,139.95000000000002,93.7
2025-04-17 09:00:00+05:30,30.865000000000002,150.77499999999998,92.55
2025-04-17 10:00:00+05:30,32.2425,155.8,76.35000000000001
2025-04-17 11:00:00+05:30,28.825,148.35,70.675
2025-04-17 12:00:00+05:30,21.43,139.2,54.9
2025-04-17 13:00:00+05:30,30.75,152.85,67.775
2025-04-17 14:00:00+05:30,33.2875,142.3,53.125
2025-04-17 15:00:00+05:30,33.0775,134.65,55.425
2025-04-17 16:00:00+05:30,30.5975,137.8,58.724999999999994
2025-04-17 17:00:00+05:30,33.8375,131.85,49.325
2025-04-17 18:00:00+05:30,34.04,199.275,77.15
2025-04-17 19:00:00+05:30,30.2925,162.77499999999998,72.57499999999999
2025-04-17 20:00:00+05:30,25.94,169.325,70.975
2025-04-17 21:00:00+05:30,32.31,157.0,67.825
2025-04-17 22:00:00+05:30,29.5825,142.04999999999998,71.125
2025-04-17 23:00:00+05:30,33.153333333333336,130.6,62.4
2025-04-18 00:00:00+05:30,23.69,128.1,47.6
2025-04-18 01:00:00+05:30,31.552500000000002,125.675,52.475
2025-04-18 02:00:00+05:30,21.5325,117.65,50.15
2025-04-18 03:00:00+05:30,25.83,115.1,65.675
2025-04-18 04:00:00+05:30,25.3475,121.1,64.55
2025-04-18 05:00:00+05:30,27.985,129.15,69.975
2025-04-18 06:00:00+05:30,33.457499999999996,139.35000000000002,55.725
2025-04-18 07:00:00+05:30,29.635,142.97500000000002,68.69999999999999
2025-04-18 08:00:00+05:30,35.269999999999996,154.15,82.625
2025-04-18 09:00:00+05:30,32.2525,164.65,87.55
2025-04-18 10:00:00+05:30,25.0,153.2,71.275
2025-04-18 11:00:00+05:30,27.384999999999998,159.9,68.55
2025-04-18 12:00:00+05:30,29.36,158.875,60.6
2025-04-18 13:00:00+05:30,25.9375,164.17499999999998,72.575
2025-04-18 14:00:00+05:30,31.490000000000002,162.1,59.175
2025-04-18 15:00:00+05:30,27.4125,161.375,68.475
2025-04-18 16:00:00+05:30,21.275,166.5,53.9
2025-04-18 17:00:00+05:30,30.355,167.025,55.650000000000006
2025-04-18 18:00:00+05:30,27.415,162.325,52.05
2025-04-18 19:00:00+05:30,27.044999999999998,157.8,56.449999999999996
2025-04-18 20:00:00+05:30,26.425,178.35,74.0
2025-04-18 21:00:00+05:30,35.215,167.225,72.25
2025-04-18 22:00:00+05:30,27.902500000000003,167.925,77.625
2025-04-18 23:00:00+05:30,29.926666666666666,163.7,82.0
2025-04-19 00:00:00+05:30,27.93,159.6,62.0
2025-04-19 01:00:00+05:30,35.8875,158.2,71.9
2025-04-19 02:00:00+05:30,23.5775,158.625,72.55
2025-04-19 03:00:00+05:30,32.45666666666666,162.53333333333333,68.06666666666668
2025-04-19 04:00:00+05:30,31.3975,649.05,83.82499999999999
2025-04-19 05:00:00+05:30,32.175,49.025,50.475
2025-04-19 06:00:00+05:30,31.8325,29.85,25.975
2025-04-19 07:00:00+05:30,27.6675,76.82499999999999,22.95
2025-04-19 08:00:00+05:30,38.2225,91.825,28.575
2025-04-19 09:00:00+05:30,30.775,63.949999999999996,37.35
2025-04-19 10:00:00+05:30,37.07,67.325,20.075000000000003
2025-04-19 11:00:00+05:30,36.19,75.4,17.575000000000003
2025-04-19 12:00:00+05:30,32.8075,103.25,14.35
2025-04-19 13:00:00+05:30,29.582500000000003,100.7,30.5
2025-04-19 14:00:00+05:30,24.369999999999997,100.975,22.225
2025-04-19 15:00:00+05:30,30.7325,56.224999999999994,13.475000000000001
2025-04-19 16:00:00+05:30,21.41,52.4,31.9
2025-04-19 17:00:00+05:30,23.8125,65.10000000000001,26.575000000000003
2025-04-19 18:00:00+05:30,25.65,114.75,23.85
2025-04-19 19:00:00+05:30,25.715000000000003,89.55,53.9
2025-04-19 20:00:00+05:30,21.78,87.1,40.650000000000006
2025-04-19 21:00:00+05:30,27.6525,88.25,34.375
2025-04-19 22:00:00+05:30,30.93,91.2,44.175
2025-04-19 23:00:00+05:30,25.286666666666672,83.5,53.79999999999999
2025-04-20 00:00:00+05:30,25.11,83.9,41.8
2025-04-20 01:00:00+05:30,26.252499999999998,95.1,43.4
2025-04-20 02:00:00+05:30,25.955,88.15,44.025
2025-04-20 03:00:00+05:30,19.8425,98.675,48.2
2025-04-20 04:00:00+05:30,31.9375,97.375,60.5
2025-04-20 05:00:00+05:30,29.5775,102.07499999999999,59.075
2025-04-20 06:00:00+05:30,26.5975,100.7,65.825
2025-04-20 07:00:00+05:30,27.7725,115.625,67.925
2025-04-20 08:00:00+05:30,29.682499999999997,124.35000000000001,49.225
2025-04-20 09:00:00+05:30,29.323333333333334,120.7,74.76666666666667
2025-04-20 10:00:00+05:30,21.86,126.05,62.075
2025-04-20 11:00:00+05:30,26.885,129.075,59.25
2025-04-20 12:00:00+05:30,27.6,126.175,42.1
2025-04-20 13:00:00+05:30,25.8275,124.875,53.55
2025-04-20 14:00:00+05:30,31.1875,129.75,48.425
2025-04-20 15:00:00+05:30,29.4125,125.275,85.8
2025-04-20 16:00:00+05:30,29.5325,124.5,62.875
2025-04-20 17:00:00+05:30,29.9375,132.0,62.025
2025-04-20 18:00:00+05:30,30.31,125.425,51.825
2025-04-20 19:00:00+05:30,30.245,134.25,68.525
2025-04-20 20:00:00+05:30,24.05,146.125,71.3
2025-04-20 21:00:00+05:30,28.232499999999998,148.8,94.125
2025-04-20 22:00:00+05:30,30.375,148.85,83.625
2025-04-20 23:00:00+05:30,26.86,161.0,98.7
2025-04-21 00:00:00+05:30,28.19,161.2,80.8
2025-04-21 01:00:00+05:30,25.2575,163.875,82.575
2025-04-21 02:00:00+05:30,34.465,162.6,89.75
2025-04-21 03:00:00+05:30,28.4675,168.025,94.725
2025-04-21 04:00:00+05:30,30.785,169.02499999999998,85.15
2025-04-21 05:00:00+05:30,24.615,156.8,78.45
2025-04-21 06:00:00+05:30,30.77,155.3,74.5
2025-04-21 07:00:00+05:30,23.5975,165.2,81.5
2025-04-21 08:00:00+05:30,28.015,199.9,103.025
2025-04-21 09:00:00+05:30,26.552500000000002,221.05,121.65
2025-04-21 10:00:00+05:30,26.385,212.425,110.4
2025-04-21 11:00:00+05:30,29.122500000000002,200.82500000000002,87.60000000000001
2025-04-21 12:00:00+05:30,32.096666666666664,203.69999999999996,74.0
2025-04-21 13:00:00+05:30,29.295,179.77499999999998,71.625
2025-04-21 14:00:00+05:30,30.169999999999998,179.80000000000004,71.2
2025-04-21 15:00:00+05:30,31.9275,175.5,102.225
2025-04-21 16:00:00+05:30,25.93,184.575,87.15
2025-04-21 17:00:00+05:30,28.9625,186.1,94.425
2025-04-21 18:00:00+05:30,30.606666666666666,196.36666666666667,108.73333333333335
2025-04-21 19:00:00+05:30,21.0375,200.6,91.125
2025-04-21 20:00:00+05:30,26.4425,211.775,114.8
2025-04-21 21:00:00+05:30,23.9725,210.925,120.35000000000001
2025-04-21 22:00:00+05:30,29.4975,210.5,113.45
2025-04-21 23:00:00+05:30,25.310000000000002,222.0666666666667,123.3
2025-04-22 00:00:00+05:30,28.56,274.1,124.4
2025-04-22 01:00:00+05:30,29.8825,284.375,163.375
2025-04-22 02:00:00+05:30,24.655,265.125,141.425
2025-04-22 03:00:00+05:30,34.46,239.2,132.8
2025-04-22 04:00:00+05:30,22.5375,203.725,103.45
2025-04-22 05:00:00+05:30,26.180000000000003,211.8,109.075
2025-04-22 06:00:00+05:30,26.0575,210.825,93.525
2025-04-22 07:00:00+05:30,32.1275,226.45,98.32499999999999
2025-04-22 08:00:00+05:30,27.3325,249.79999999999998,123.9
2025-04-22 09:00:00+05:30,26.7625,256.175,111.275
2025-04-22 10:00:00+05:30,24.77,261.5,119.1
2025-04-22 11:00:00+05:30,27.785,262.5,109.5
2025-04-22 16:00:00+05:30,24.15,243.7,96.1
2025-04-22 17:00:00+05:30,57.225,234.075,20.775
2025-04-22 18:00:00+05:30,34.75,238.96666666666667,42.76666666666667
2025-04-22 19:00:00+05:30,26.4475,238.475,79.725
2025-04-22 20:00:00+05:30,19.5425,243.67499999999998,92.225
2025-04-22 21:00:00+05:30,27.1025,241.65,94.125
2025-04-22 22:00:00+05:30,18.1925,222.9,102.9
2025-04-22 23:00:00+05:30,27.21666666666667,215.80000000000004,99.40000000000002
2025-04-23 00:00:00+05:30,27.98,209.4,85.5
2025-04-23 01:00:00+05:30,26.1325,222.625,96.07499999999999
2025-04-23 02:00:00+05:30,24.19,209.3,94.35
2025-04-23 03:00:00+05:30,22.5975,187.8,102.2
2025-04-23 04:00:00+05:30,22.17,187.33333333333334,91.5
2025-04-23 05:00:00+05:30,30.185,190.425,73.1
2025-04-23 06:00:00+05:30,26.775000000000002,199.9,73.69999999999999
2025-04-23 07:00:00+05:30,23.933333333333334,207.0,87.0
2025-04-23 08:00:00+05:30,26.9225,242.15,111.725
2025-04-23 09:00:00+05:30,29.072499999999998,245.575,115.775
2025-04-23 10:00:00+05:30,23.2575,249.375,99.275
2025-04-23 11:00:00+05:30,26.1225,240.875,109.725
2025-04-23 12:00:00+05:30,32.72,246.25,103.125
2025-04-23 13:00:00+05:30,23.8425,292.075,130.9
2025-04-23 14:00:00+05:30,26.78,260.825,106.475
2025-04-23 15:00:00+05:30,26.38,221.1,92.59999999999998
2025-04-23 16:00:00+05:30,18.53,188.825,58.6
2025-04-23 17:00:00+05:30,21.625,197.525,65.6
2025-04-23 18:00:00+05:30,26.24,192.225,56.6
2025-04-23 19:00:00+05:30,21.05666666666667,193.0,65.7
2025-04-23 20:00:00+05:30,25.605,195.0,80.3
2025-04-23 21:00:00+05:30,22.645,201.6,89.6
2025-04-23 22:00:00+05:30,27.0425,202.17499999999998,98.7
2025-04-23 23:00:00+05:30,26.60666666666667,200.6,96.90000000000002
2025-04-24 00:00:00+05:30,15.62,190.4,88.7
2025-04-24 01:00:00+05:30,27.365000000000002,193.67499999999998,101.7
2025-04-24 02:00:00+05:30,24.1375,191.925,90.65
2025-04-24 03:00:00+05:30,21.23,193.2,84.6
2025-04-24 04:00:00+05:30,18.5,179.625,84.65
2025-04-24 05:00:00+05:30,25.24666666666667,181.30000000000004,78.4
2025-04-24 06:00:00+05:30,28.705,817.375,353.675
2025-04-24 07:00:00+05:30,16.32,219.45,217.425
2025-04-24 08:00:00+05:30,27.045,243.92499999999998,161.95000000000002
2025-04-24 09:00:00+05:30,25.2025,223.025,119.1
2025-04-24 10:00:00+05:30,26.0925,217.775,93.575
2025-04-24 11:00:00+05:30,20.27,173.775,79.8
2025-04-24 12:00:00+05:30,21.11,228.875,78.92500000000001
2025-04-24 13:00:00+05:30,25.295,191.85,81.825
2025-04-24 14:00:00+05:30,26.6475,173.075,60.35
2025-04-24 15:00:00+05:30,20.3175,150.425,54.625
2025-04-24 16:00:00+05:30,26.03,156.8,56.8
2025-04-24 17:00:00+05:30,27.5375,123.425,38.25
2025-04-24 18:00:00+05:30,23.06,111.675,43.75
2025-04-24 19:00:00+05:30,20.666666666666668,144.53333333333333,49.6
2025-04-24 20:00:00+05:30,24.3175,145.9,75.57499999999999
2025-04-24 21:00:00+05:30,22.6525,173.725,72.55
2025-04-24 22:00:00+05:30,23.37,153.55,79.475
2025-04-24 23:00:00+05:30,31.786666666666665,149.9,78.4
2025-04-25 00:00:00+05:30,30.14,164.3,73.7
2025-04-25 01:00:00+05:30,23.462500000000002,149.9,79.675
2025-04-25 02:00:00+05:30,27.2775,150.8,88.4
2025-04-25 03:00:00+05:30,24.5875,149.8,76.35
2025-04-25 04:00:00+05:30,26.673333333333332,142.23333333333335,82.63333333333334
2025-04-25 05:00:00+05:30,25.49,133.575,76.175
2025-04-25 06:00:00+05:30,25.740000000000002,160.8,86.375
2025-04-25 07:00:00+05:30,22.25,196.575,109.325
2025-04-25 08:00:00+05:30,35.135,228.95,122.75
2025-04-25 09:00:00+05:30,32.45,211.35000000000002,107.3
2025-04-25 10:00:00+05:30,30.3925,215.6,109.175
2025-04-25 11:00:00+05:30,28.0425,194.875,96.075
2025-04-25 12:00:00+05:30,23.675,171.6,71.275
2025-04-25 13:00:00+05:30,25.22,148.9,56.25
2025-04-25 14:00:00+05:30,25.8375,140.45,63.425
2025-04-25 15:00:00+05:30,26.6675,130.075,42.15
2025-04-25 16:00:00+05:30,20.58,127.8,50.05
2025-04-25 17:00:00+05:30,32.92,113.6,43.05
2025-04-25 18:00:00+05:30,28.789999999999996,121.46666666666665,49.833333333333336
2025-04-25 19:00:00+05:30,20.7075,131.54999999999998,59.775
2025-04-25 20:00:00+05:30,22.185000000000002,157.5,104.875
2025-04-25 21:00:00+05:30,25.2475,158.125,101.9
2025-04-25 22:00:00+05:30,27.794999999999998,158.75,89.7
2025-04-25 23:00:00+05:30,32.81,162.2,78.7
2025-04-26 00:00:00+05:30,21.56,175.6,88.0
2025-04-26 01:00:00+05:30,19.4125,176.95,89.775
2025-04-26 02:00:00+05:30,24.067500000000003,158.925,75.825
2025-04-26 03:00:00+05:30,20.9275,152.575,77.7
2025-04-26 04:00:00+05:30,19.396666666666665,143.20000000000002,67.7
2025-04-26 05:00:00+05:30,18.6,133.025,75.25
2025-04-26 06:00:00+05:30,22.795,127.2,81.95
2025-04-26 07:00:00+05:30,23.302500000000002,141.775,78.67500000000001
2025-04-26 08:00:00+05:30,30.45,170.1,109.975
2025-04-26 09:00:00+05:30,27.8,176.625,107.55
2025-04-26 10:00:00+05:30,27.025,207.70000000000002,100.05
2025-04-26 11:00:00+05:30,19.35,200.75,94.30000000000001
2025-04-26 12:00:00+05:30,20.57,175.79999999999998,82.33333333333333
2025-04-26 13:00:00+05:30,23.025,154.275,56.85
2025-04-26 14:00:00+05:30,21.2325,138.54999999999998,50.85
2025-04-26 15:00:00+05:30,22.544999999999998,127.8,43.125
2025-04-26 16:00:00+05:30,29.302500000000002,114.94999999999999,45.125
2025-04-26 17:00:00+05:30,22.3925,105.35,36.15
2025-04-26 18:00:00+05:30,21.395,109.3,42.125
2025-04-26 19:00:00+05:30,25.395000000000003,131.575,56.5
2025-04-26 20:00:00+05:30,27.9625,178.55,126.775
2025-04-26 21:00:00+05:30,19.5375,195.95,114.325
2025-04-26 22:00:00+05:30,27.1175,192.675,107.07499999999999
2025-04-26 23:00:00+05:30,22.583333333333332,197.9,104.59999999999998
2025-04-27 00:00:00+05:30,15.02,200.7,119.6
2025-04-27 01:00:00+05:30,23.03,243.125,132.9
2025-04-27 02:00:00+05:30,27.515,251.89999999999998,110.55
2025-04-27 03:00:00+05:30,20.9,229.975,117.22500000000001
2025-04-27 04:00:00+05:30,24.98,199.5333333333333,96.96666666666665
2025-04-27 05:00:00+05:30,20.1525,190.9,101.22500000000001
2025-04-27 06:00:00+05:30,22.11,198.1,81.75
2025-04-27 07:00:00+05:30,23.415,191.1,76.32499999999999
2025-04-27 08:00:00+05:30,29.615000000000002,226.175,103.9
2025-04-27 09:00:00+05:30,21.935000000000002,238.39999999999998,103.60000000000001
2025-04-27 10:00:00+05:30,18.425,252.425,126.525
2025-04-27 11:00:00+05:30,26.0725,275.5,130.05
2025-04-27 12:00:00+05:30,20.225,240.52499999999998,102.35
2025-04-27 13:00:00+05:30,20.675,193.525,73.25
2025-04-27 14:00:00+05:30,18.585,238.725,91.3
2025-04-27 15:00:00+05:30,28.032500000000002,275.15000000000003,114.35
2025-04-27 16:00:00+05:30,22.9225,207.95,96.225
2025-04-27 17:00:00+05:30,19.3375,210.275,98.675
2025-04-27 18:00:00+05:30,25.947499999999998,200.20000000000002,94.275
2025-04-27 19:00:00+05:30,20.65,193.95,101.375
2025-04-27 20:00:00+05:30,28.105,218.17499999999998,99.075
2025-04-27 21:00:00+05:30,25.075,218.025,120.375
2025-04-27 22:00:00+05:30,30.072499999999998,300.2,178.925
2025-04-27 23:00:00+05:30,17.44333333333333,498.8999999999999,254.19999999999996
2025-04-28 00:00:00+05:30,21.24,353.6,213.3
2025-04-28 01:00:00+05:30,20.33,815.5,227.8
2025-04-28 02:00:00+05:30,20.455,534.4,216.825
2025-04-28 03:00:00+05:30,22.99,243.05,149.0
2025-04-28 04:00:00+05:30,25.552500000000002,216.0,99.55
2025-04-28 05:00:00+05:30,30.77,181.02499999999998,81.05
2025-04-28 06:00:00+05:30,29.8175,169.35,64.75
2025-04-28 07:00:00+05:30,22.46666666666667,181.1,60.4
2025-04-28 08:00:00+05:30,24.03,201.4,69.3
2025-04-28 09:00:00+05:30,29.700000000000003,201.4,0.0
2025-04-28 10:00:00+05:30,26.665,57.074999999999996,0.0
2025-04-28 11:00:00+05:30,25.169999999999998,191.8,52.75
2025-04-28 12:00:00+05:30,9.7975,217.15,74.675
2025-04-28 13:00:00+05:30,6.905,200.65,79.875
2025-04-28 14:00:00+05:30,12.2525,193.525,63.925
2025-04-28 15:00:00+05:30,16.23,201.125,44.8
2025-04-28 16:00:00+05:30,19.8325,181.375,56.05
2025-04-28 17:00:00+05:30,17.0675,172.85,49.35
2025-04-28 18:00:00+05:30,29.5125,163.15,62.900000000000006
2025-04-28 19:00:00+05:30,30.11,184.875,80.30000000000001
2025-04-28 20:00:00+05:30,29.563333333333333,403.775,78.075
2025-04-28 21:00:00+05:30,41.415,226.45,73.45
2025-04-28 22:00:00+05:30,31.485,183.35,72.025
2025-04-28 23:00:00+05:30,25.810000000000002,175.16666666666666,68.36666666666667
2025-04-29 00:00:00+05:30,29.0,293.2,89.4
2025-04-29 01:00:00+05:30,31.385,219.375,79.7
2025-04-29 02:00:00+05:30,24.25,138.3,68.975
2025-04-29 03:00:00+05:30,32.83,140.15,61.175
2025-04-29 04:00:00+05:30,28.2525,113.875,65.95
2025-04-29 05:00:00+05:30,28.7175,108.525,53.325
2025-04-29 06:00:00+05:30,28.552500000000002,99.775,48.25
2025-04-29 07:00:00+05:30,23.630000000000003,119.275,43.225
2025-04-29 08:00:00+05:30,31.9775,170.02499999999998,48.225
2025-04-29 09:00:00+05:30,28.7125,166.175,46.0
2025-04-29 10:00:00+05:30,30.192500000000003,237.3,46.224999999999994
2025-04-29 11:00:00+05:30,27.41,375.975,44.974999999999994
2025-04-29 12:00:00+05:30,29.606666666666666,542.5666666666666,85.8
2025-04-29 13:00:00+05:30,26.113333333333333,425.2,95.8
2025-04-29 14:00:00+05:30,24.145,292.9,74.025
2025-04-29 15:00:00+05:30,28.8075,231.15,68.89999999999999
2025-04-29 16:00:00+05:30,32.254999999999995,197.75,54.025
2025-04-29 17:00:00+05:30,27.403333333333332,168.5,52.0
2025-04-29 18:00:00+05:30,27.1075,187.35,61.474999999999994
2025-04-29 19:00:00+05:30,27.57,234.85,65.075
2025-04-29 22:00:00+05:30,22.87,143.4,76.1
2025-04-29 23:00:00+05:30,29.745,141.85000000000002,72.5
2025-04-30 00:00:00+05:30,23.36,163.0,92.3
2025-04-30 01:00:00+05:30,22.2125,157.225,69.15
2025-04-30 02:00:00+05:30,28.8675,132.29999999999998,71.65
2025-04-30 03:00:00+05:30,31.435,125.825,62.45
2025-04-30 04:00:00+05:30,31.19,109.275,56.675
2025-04-30 05:00:00+05:30,35.167500000000004,122.475,56.8
2025-04-30 06:00:00+05:30,29.5125,104.825,45.1
2025-04-30 07:00:00+05:30,26.8175,119.75,43.85
2025-04-30 08:00:00+05:30,29.977500000000003,119.95,50.425
2025-04-30 09:00:00+05:30,33.97,133.8,51.925
2025-04-30 10:00:00+05:30,31.9425,146.5,51.575
2025-04-30 11:00:00+05:30,32.175,160.825,37.4
2025-04-30 12:00:00+05:30,32.05,175.52499999999998,44.825
2025-04-30 13:00:00+05:30,27.8275,170.65,47.85
2025-04-30 14:00:00+05:30,27.4825,158.2,56.375
2025-04-30 15:00:00+05:30,32.3425,146.325,56.525
2025-04-30 16:00:00+05:30,35.6975,148.9,56.85
2025-04-30 17:00:00+05:30,29.475,159.225,56.9
2025-04-30 18:00:00+05:30,30.667499999999997,159.175,63.675
2025-04-30 19:00:00+05:30,30.529999999999998,178.75,79.4
2025-04-30 20:00:00+05:30,29.94,200.25,77.175
2025-04-30 21:00:00+05:30,30.72,197.375,87.675
2025-04-30 22:00:00+05:30,31.4725,191.9,93.775
2025-04-30 23:00:00+05:30,40.42666666666667,181.86666666666665,74.3
2025-05-01 00:00:00+05:30,28.45,162.3,72.0
2025-05-01 01:00:00+05:30,29.9725,155.85,65.4
2025-05-01 02:00:00+05:30,28.732499999999998,154.025,59.2
2025-05-01 03:00:00+05:30,37.45,148.525,70.55
2025-05-01 04:00:00+05:30,25.8975,152.25,69.8
2025-05-01 05:00:00+05:30,31.1425,136.325,60.875
2025-05-01 06:00:00+05:30,30.290000000000003,132.26666666666668,68.2
2025-05-01 07:00:00+05:30,33.885,145.10000000000002,56.599999999999994
2025-05-01 08:00:00+05:30,32.4125,155.95,68.97500000000001
2025-05-01 09:00:00+05:30,33.114999999999995,164.27499999999998,64.225
2025-05-01 10:00:00+05:30,33.06,167.5,71.675
2025-05-01 11:00:00+05:30,32.345,189.42499999999998,72.175
2025-05-01 12:00:00+05:30,31.067500000000003,190.25,67.0
2025-05-01 13:00:00+05:30,27.363333333333333,211.70000000000002,63.26666666666667
2025-05-01 14:00:00+05:30,25.509999999999998,219.67499999999998,75.625
2025-05-01 15:00:00+05:30,23.21,687.575,68.65
2025-05-01 16:00:00+05:30,28.002499999999998,153.725,37.925
2025-05-01 17:00:00+05:30,30.0025,431.075,107.25
2025-05-01 18:00:00+05:30,32.0275,381.275,81.775
2025-05-01 19:00:00+05:30,31.3675,303.9,70.35
2025-05-01 20:00:00+05:30,27.7575,228.79999999999998,72.9
2025-05-01 21:00:00+05:30,27.08,189.5,74.66666666666667
2025-05-01 22:00:00+05:30,30.369999999999997,178.35,72.7
2025-05-01 23:00:00+05:30,28.25666666666667,174.9333333333333,70.6
2025-05-02 00:00:00+05:30,46.73,162.4,62.9
2025-05-02 01:00:00+05:30,27.3025,161.2,62.95
2025-05-02 02:00:00+05:30,32.0125,157.05,68.175
2025-05-02 03:00:00+05:30,28.677500000000002,149.7,75.125
2025-05-02 04:00:00+05:30,30.439999999999998,141.73333333333332,68.86666666666667
2025-05-02 05:00:00+05:30,29.0825,140.525,74.14999999999999
2025-05-02 06:00:00+05:30,27.925,138.85,64.475
2025-05-02 07:00:00+05:30,25.3675,138.25,64.0
2025-05-02 08:00:00+05:30,37.665,150.3,62.099999999999994
2025-05-02 09:00:00+05:30,33.295,139.0,63.5
2025-05-02 10:00:00+05:30,25.53333333333333,135.20000000000002,55.166666666666664
2025-05-02 11:00:00+05:30,28.265,137.25,49.15
2025-05-02 12:00:00+05:30,29.049999999999997,135.3,45.975
2025-05-02 13:00:00+05:30,26.21,155.075,52.324999999999996
2025-05-02 14:00:00+05:30,26.2375,187.275,50.325
2025-05-02 15:00:00+05:30,32.78,180.525,54.925
2025-05-02 16:00:00+05:30,34.77666666666667,163.86666666666667,51.36666666666667
2025-05-02 17:00:00+05:30,27.87,154.53333333333333,40.833333333333336
2025-05-02 18:00:00+05:30,27.11,157.3,57.4
2025-05-02 19:00:00+05:30,29.945,162.125,73.625
2025-05-02 20:00:00+05:30,31.5575,180.92499999999998,103.225
2025-05-02 21:00:00+05:30,28.535,211.325,147.875
2025-05-02 22:00:00+05:30,24.335,240.45,138.05
2025-05-02 23:00:00+05:30,24.493333333333336,249.20000000000002,164.86666666666667
2025-05-03 00:00:00+05:30,19.88,221.5,98.5
2025-05-03 01:00:00+05:30,22.060000000000002,211.36666666666667,89.96666666666665
2025-05-03 02:00:00+05:30,25.72,194.775,77.825
2025-05-03 03:00:00+05:30,19.6325,183.575,75.85
2025-05-03 04:00:00+05:30,32.2675,180.29999999999998,84.1
2025-05-03 05:00:00+05:30,21.7975,186.325,98.775
2025-05-03 06:00:00+05:30,30.1925,183.52499999999998,93.85000000000001
2025-05-03 07:00:00+05:30,27.2975,191.225,91.7
2025-05-03 08:00:00+05:30,35.01,199.26666666666665,89.83333333333333
2025-05-03 09:00:00+05:30,29.0075,194.95,89.825
2025-05-03 10:00:00+05:30,22.47,190.0,91.07499999999999
2025-05-03 11:00:00+05:30,31.6625,189.25,92.175
2025-05-03 12:00:00+05:30,35.4675,178.15,66.325
2025-05-03 13:00:00+05:30,30.565,165.175,57.625
2025-05-03 14:00:00+05:30,25.58,148.975,86.97500000000001
2025-05-03 15:00:00+05:30,29.965,162.77499999999998,143.32500000000002
2025-05-03 16:00:00+05:30,29.849999999999998,187.23333333333335,112.63333333333333
2025-05-03 17:00:00+05:30,27.5125,180.6,89.475
2025-05-03 18:00:00+05:30,23.6025,161.975,70.0
2025-05-03 19:00:00+05:30,25.93,154.375,62.85
2025-05-03 20:00:00+05:30,25.9225,160.4,89.35000000000001
2025-05-03 21:00:00+05:30,30.08666666666667,170.53333333333333,138.56666666666666
2025-05-03 22:00:00+05:30,26.26,190.8,140.6
2025-05-03 23:00:00+05:30,28.913333333333338,191.36666666666667,138.79999999999998
2025-05-04 00:00:00+05:30,34.21,235.1,140.1
2025-05-04 01:00:00+05:30,26.005000000000003,228.1,134.0
2025-05-04 02:00:00+05:30,24.509999999999998,215.275,120.675
2025-05-04 03:00:00+05:30,26.54,217.3,114.55000000000001
2025-05-04 04:00:00+05:30,22.22,211.8,101.9
2025-05-04 05:00:00+05:30,24.395,200.975,97.8
2025-05-04 06:00:00+05:30,28.5425,195.75,121.0
2025-05-04 07:00:00+05:30,27.1625,200.675,150.4
2025-05-04 08:00:00+05:30,30.7125,207.7,123.85
2025-05-04 09:00:00+05:30,27.305,207.675,118.07499999999999
2025-05-04 10:00:00+05:30,27.7725,204.05,99.05
2025-05-04 11:00:00+05:30,32.685,193.55,87.65
2025-05-04 12:00:00+05:30,27.475,181.175,80.875
2025-05-04 13:00:00+05:30,25.5225,174.95,76.875
2025-05-04 14:00:00+05:30,28.825,171.725,61.075
2025-05-04 15:00:00+05:30,25.6325,171.025,63.349999999999994
2025-05-04 16:00:00+05:30,23.2025,182.95,63.95
2025-05-04 17:00:00+05:30,27.9375,201.60000000000002,68.25
2025-05-04 18:00:00+05:30,29.35,185.97500000000002,69.2
2025-05-04 19:00:00+05:30,26.1875,190.15,69.75
2025-05-04 20:00:00+05:30,23.7425,209.775,80.65
2025-05-04 21:00:00+05:30,26.384999999999998,233.5,106.45
2025-05-04 22:00:00+05:30,29.1875,218.2,81.275
2025-05-04 23:00:00+05:30,28.926666666666666,185.46666666666667,53.93333333333334
2025-05-05 00:00:00+05:30,27.51,149.9,63.2
2025-05-05 01:00:00+05:30,27.015,147.1,61.900000000000006
2025-05-05 02:00:00+05:30,29.017500000000002,144.975,56.325
2025-05-05 03:00:00+05:30,26.4225,153.125,50.5
2025-05-05 04:00:00+05:30,27.836666666666662,152.5,52.9
2025-05-05 05:00:00+05:30,26.1475,146.32500000000002,54.775
2025-05-05 06:00:00+05:30,33.92,135.7,53.5
2025-05-05 07:00:00+05:30,27.247500000000002,136.575,55.35
2025-05-05 08:00:00+05:30,34.305,135.85000000000002,54.125
2025-05-05 09:00:00+05:30,30.8975,130.65,46.275
2025-05-05 10:00:00+05:30,29.7125,143.0,55.3
2025-05-05 11:00:00+05:30,31.8975,162.775,58.775
2025-05-05 12:00:00+05:30,30.06,180.825,54.3
2025-05-05 13:00:00+05:30,43.447500000000005,193.95000000000002,61.65
2025-05-05 14:00:00+05:30,29.8925,204.525,63.55
2025-05-05 15:00:00+05:30,29.86,199.73333333333335,63.300000000000004
2025-05-05 16:00:00+05:30,20.295,191.775,58.724999999999994
2025-05-05 17:00:00+05:30,29.3475,188.1,59.474999999999994
2025-05-05 18:00:00+05:30,28.247500000000002,185.72500000000002,72.35
2025-05-05 19:00:00+05:30,26.2,181.675,87.675
2025-05-05 20:00:00+05:30,27.9175,314.35,91.575
2025-05-05 21:00:00+05:30,31.545,480.95000000000005,107.5
2025-05-05 22:00:00+05:30,30.33,327.7,99.8
2025-05-05 23:00:00+05:30,22.153333333333336,240.0666666666667,87.2
2025-05-06 00:00:00+05:30,23.6,267.1,120.8
2025-05-06 01:00:00+05:30,31.990000000000002,254.55,117.35
2025-05-06 02:00:00+05:30,25.7175,229.6,111.4
2025-05-06 03:00:00+05:30,24.165,219.35,105.25
2025-05-06 04:00:00+05:30,21.545,173.70000000000002,81.15
2025-05-06 05:00:00+05:30,25.9925,117.8,63.675000000000004
2025-05-06 06:00:00+05:30,23.423333333333332,95.76666666666667,53.13333333333333
2025-05-06 07:00:00+05:30,30.48,70.075,42.75
2025-05-06 08:00:00+05:30,27.0525,81.575,34.125
2025-05-06 09:00:00+05:30,30.255000000000003,79.875,32.275
2025-05-06 10:00:00+05:30,37.28,91.2,33.525
2025-05-06 11:00:00+05:30,29.5975,84.17500000000001,37.275
2025-05-06 12:00:00+05:30,29.6025,97.2,38.45
2025-05-06 13:00:00+05:30,27.565,141.975,37.4
2025-05-06 14:00:00+05:30,29.1625,154.9,43.35
2025-05-06 15:00:00+05:30,29.349999999999998,140.25,53.05
2025-05-06 16:00:00+05:30,28.2125,155.1,54.55
2025-05-06 17:00:00+05:30,32.0475,162.125,60.95
2025-05-06 18:00:00+05:30,23.17,170.85,71.625
2025-05-06 19:00:00+05:30,27.4725,196.89999999999998,77.6
2025-05-06 20:00:00+05:30,28.2175,226.125,95.475
2025-05-06 21:00:00+05:30,33.7775,235.175,105.825
2025-05-06 22:00:00+05:30,25.945,220.075,101.05
2025-05-06 23:00:00+05:30,24.399999999999995,187.1,84.0
2025-05-07 00:00:00+05:30,34.29,151.0,47.4
2025-05-07 01:00:00+05:30,20.18,141.425,50.775
2025-05-07 02:00:00+05:30,35.745000000000005,118.025,56.475
2025-05-07 03:00:00+05:30,33.235,105.05,49.7
2025-05-07 04:00:00+05:30,21.8925,94.65,35.0
2025-05-07 05:00:00+05:30,24.505,95.72500000000001,24.975
2025-05-07 06:00:00+05:30,36.3,98.65,37.35
2025-05-07 07:00:00+05:30,27.425,99.8,49.6
2025-05-07 08:00:00+05:30,25.9125,105.675,51.025
2025-05-07 09:00:00+05:30,25.255,103.125,48.5
2025-05-07 10:00:00+05:30,24.93,98.05,46.85
2025-05-07 11:00:00+05:30,34.08,98.925,50.45
2025-05-07 12:00:00+05:30,22.6475,88.375,37.925
2025-05-07 13:00:00+05:30,25.8125,81.775,27.05
2025-05-07 14:00:00+05:30,30.552500000000002,84.575,36.2
2025-05-07 15:00:00+05:30,22.29,83.95,46.975
2025-05-07 16:00:00+05:30,31.25,89.05,33.35
2025-05-07 17:00:00+05:30,31.65,84.75,29.200000000000003
2025-05-07 18:00:00+05:30,29.143333333333334,78.56666666666666,31.733333333333334
2025-05-07 20:00:00+05:30,32.723333333333336,184.1,62.6
2025-05-07 21:00:00+05:30,31.3775,257.625,85.225
2025-05-07 22:00:00+05:30,25.645,170.52499999999998,77.475
2025-05-07 23:00:00+05:30,24.540000000000003,154.9,70.96666666666665
2025-05-08 00:00:00+05:30,25.27,112.6,71.1
2025-05-08 01:00:00+05:30,23.2125,118.025,70.15
2025-05-08 02:00:00+05:30,33.2675,134.025,61.9
2025-05-08 03:00:00+05:30,28.519999999999996,144.2,48.8
2025-05-08 04:00:00+05:30,25.423333333333332,169.93333333333334,62.23333333333333
2025-05-08 05:00:00+05:30,32.28,100.25,46.3
2025-05-08 06:00:00+05:30,28.793333333333333,62.13333333333333,34.5
2025-05-08 07:00:00+05:30,23.14,46.0,24.3
2025-05-08 08:00:00+05:30,27.075,49.45,27.975
2025-05-08 09:00:00+05:30,26.3325,56.95,30.975
2025-05-08 10:00:00+05:30,29.367500000000003,62.375,28.9
2025-05-08 11:00:00+05:30,30.905,81.425,39.15
2025-05-08 12:00:00+05:30,23.634999999999998,104.4,38.225
2025-05-08 13:00:00+05:30,27.810000000000002,95.44999999999999,42.425
2025-05-08 14:00:00+05:30,29.9225,85.35,32.525
2025-05-08 15:00:00+05:30,23.895,85.275,40.6
2025-05-08 16:00:00+05:30,26.189999999999998,71.2,40.2
2025-05-08 17:00:00+05:30,27.9475,70.225,31.925
2025-05-08 18:00:00+05:30,26.637500000000003,85.3,35.575
2025-05-08 19:00:00+05:30,25.1375,91.175,47.425
2025-05-08 20:00:00+05:30,26.91,202.2,90.2
2025-05-08 21:00:00+05:30,28.685,211.39999999999998,91.025
2025-05-08 22:00:00+05:30,20.2325,231.625,101.475
2025-05-08 23:00:00+05:30,30.67,233.66666666666666,118.7
2025-05-09 00:00:00+05:30,28.69,214.1,122.4
2025-05-09 01:00:00+05:30,30.5,203.75,114.05000000000001
2025-05-09 02:00:00+05:30,25.759999999999998,175.07500000000002,89.75
2025-05-09 03:00:00+05:30,23.947499999999998,155.22500000000002,71.775
2025-05-09 04:00:00+05:30,29.7975,141.45,58.575
2025-05-09 05:00:00+05:30,36.6475,129.65,53.525
2025-05-09 06:00:00+05:30,27.905,128.625,64.675
2025-05-09 07:00:00+05:30,27.822499999999998,127.2,61.3
2025-05-09 08:00:00+05:30,27.7125,119.05,67.525
2025-05-09 09:00:00+05:30,25.677500000000002,115.57499999999999,64.75
2025-05-09 10:00:00+05:30,28.46,112.25,55.95
2025-05-09 11:00:00+05:30,24.2,106.525,36.975
2025-05-09 12:00:00+05:30,31.0125,103.0,38.025
2025-05-09 13:00:00+05:30,26.79,96.3,36.875
2025-05-09 14:00:00+05:30,24.57,86.6,37.75
2025-05-09 15:00:00+05:30,30.932499999999997,83.45,38.35
2025-05-09 16:00:00+05:30,33.019999999999996,83.4,21.425
2025-05-09 17:00:00+05:30,31.2125,87.975,19.125
2025-05-09 18:00:00+05:30,26.895,81.9,27.675
2025-05-09 19:00:00+05:30,26.91,86.925,31.925
2025-05-09 20:00:00+05:30,24.314999999999998,111.35,65.825
2025-05-09 21:00:00+05:30,23.8975,148.025,95.325
2025-05-09 22:00:00+05:30,28.072499999999998,155.875,74.85
2025-05-09 23:00:00+05:30,30.283333333333335,162.66666666666666,79.76666666666667
2025-05-10 00:00:00+05:30,23.7,165.2,73.1
2025-05-10 01:00:00+05:30,26.545,166.2,74.625
2025-05-10 02:00:00+05:30,24.5875,160.725,77.9
2025-05-10 03:00:00+05:30,21.195,142.275,73.05
2025-05-10 04:00:00+05:30,21.23,133.25,63.075
2025-05-10 05:00:00+05:30,25.5775,126.375,62.125
2025-05-10 06:00:00+05:30,22.134999999999998,119.2,61.175
2025-05-10 07:00:00+05:30,28.69,115.95,67.8
2025-05-10 08:00:00+05:30,25.6825,122.85,74.575
2025-05-10 09:00:00+05:30,24.4325,126.925,84.125
2025-05-10 10:00:00+05:30,27.2725,115.425,67.4
2025-05-10 11:00:00+05:30,26.17,103.75,46.5
2025-05-10 12:00:00+05:30,27.81,107.675,37.175
2025-05-10 13:00:00+05:30,30.635,101.92500000000001,34.275
2025-05-10 14:00:00+05:30,25.560000000000002,89.96666666666665,33.1
2025-05-10 15:00:00+05:30,32.735,87.575,33.05
2025-05-10 16:00:00+05:30,25.92,85.7,37.175
2025-05-10 17:00:00+05:30,27.18,80.75,37.5
2025-05-10 18:00:00+05:30,25.979999999999997,91.75,48.3
2025-05-10 19:00:00+05:30,33.06,98.05000000000001,45.525
2025-05-10 20:00:00+05:30,24.82,107.775,45.825
2025-05-10 21:00:00+05:30,26.4225,125.7,75.95
2025-05-10 22:00:00+05:30,27.7975,132.875,70.15
2025-05-10 23:00:00+05:30,26.513333333333332,135.73333333333332,71.23333333333333
2025-05-11 00:00:00+05:30,21.49,137.6,64.5
2025-05-11 01:00:00+05:30,27.9,136.35,61.275
2025-05-11 02:00:00+05:30,44.54,113.0,55.8
2025-05-11 03:00:00+05:30,27.4175,115.675,56.5
2025-05-11 04:00:00+05:30,29.4225,122.875,60.7
2025-05-11 05:00:00+05:30,22.6525,127.95,66.3
2025-05-11 06:00:00+05:30,22.8675,132.425,74.9
2025-05-11 07:00:00+05:30,30.682499999999997,134.425,88.625
2025-05-11 08:00:00+05:30,30.1775,132.825,78.65
2025-05-11 09:00:00+05:30,30.065,133.325,68.325
2025-05-11 10:00:00+05:30,34.137499999999996,125.52499999999999,48.925
2025-05-11 11:00:00+05:30,35.6875,112.95,41.625
2025-05-11 12:00:00+05:30,29.342499999999998,110.85000000000001,39.975
2025-05-11 13:00:00+05:30,30.02,106.9,30.3
2025-05-11 14:00:00+05:30,39.167500000000004,104.825,30.5
2025-05-11 15:00:00+05:30,33.8625,98.9,47.6
2025-05-11 16:00:00+05:30,25.416666666666668,99.09999999999998,36.43333333333333
2025-05-11 17:00:00+05:30,29.5475,101.875,31.175
2025-05-11 18:00:00+05:30,26.805,107.10000000000001,40.4
2025-05-11 19:00:00+05:30,31.085,135.775,63.5
2025-05-11 20:00:00+05:30,22.99,156.4,57.25
2025-05-11 21:00:00+05:30,27.0925,136.7,52.025
2025-05-11 22:00:00+05:30,27.7275,120.55,44.875
2025-05-11 23:00:00+05:30,22.506666666666664,118.36666666666667,45.43333333333334
2025-05-12 00:00:00+05:30,22.86,100.3,34.7
2025-05-12 01:00:00+05:30,29.9675,99.525,34.425
2025-05-12 02:00:00+05:30,26.4575,94.075,41.5
2025-05-12 03:00:00+05:30,21.939999999999998,81.63333333333333,48.13333333333333
2025-05-12 04:00:00+05:30,28.0925,76.65,39.925000000000004
2025-05-12 05:00:00+05:30,25.2775,79.85,49.85
2025-05-12 06:00:00+05:30,25.0425,91.575,60.675
2025-05-12 07:00:00+05:30,25.947499999999998,115.075,69.3
2025-05-12 08:00:00+05:30,23.875,133.475,71.725
2025-05-12 09:00:00+05:30,28.61,148.4,97.66666666666667
2025-05-12 10:00:00+05:30,26.4,163.1,91.325
2025-05-12 11:00:00+05:30,28.32,160.575,74.3
2025-05-12 12:00:00+05:30,26.7875,156.075,83.22500000000001
2025-05-12 13:00:00+05:30,26.0625,145.25,90.125
2025-05-12 14:00:00+05:30,28.776666666666667,129.23333333333332,68.93333333333334
2025-05-12 15:00:00+05:30,27.195,112.125,56.675
2025-05-12 16:00:00+05:30,28.195,114.225,51.45
2025-05-12 17:00:00+05:30,25.044999999999998,109.55,41.025000000000006
2025-05-12 18:00:00+05:30,25.83,114.23333333333333,48.06666666666666
2025-05-12 19:00:00+05:30,24.623333333333335,118.66666666666667,62.93333333333334
2025-05-12 20:00:00+05:30,23.105,143.3,64.975
2025-05-12 21:00:00+05:30,28.3625,160.35,70.3
2025-05-12 22:00:00+05:30,36.79,164.1,78.575
2025-05-12 23:00:00+05:30,20.62,159.5,80.15
2025-05-13 00:00:00+05:30,28.17,169.9,91.6
2025-05-13 01:00:00+05:30,20.29,169.70000000000002,87.73333333333333
2025-05-13 02:00:00+05:30,31.585,168.575,84.525
2025-05-13 03:00:00+05:30,29.633333333333336,166.1,86.43333333333334
2025-05-13 04:00:00+05:30,25.1275,161.45,79.675
2025-05-13 05:00:00+05:30,30.03,153.975,69.625
2025-05-13 06:00:00+05:30,25.22,151.3,77.05
2025-05-13 07:00:00+05:30,25.134999999999998,149.65,94.975
2025-05-13 08:00:00+05:30,35.03,157.29999999999998,87.33333333333333
2025-05-13 09:00:00+05:30,29.86,159.5,53.86666666666667
2025-05-13 10:00:00+05:30,28.36,159.5,0.0
2025-05-13 12:00:00+05:30,10.254999999999999,99.55,38.95
2025-05-13 13:00:00+05:30,17.5875,121.05,39.125
2025-05-13 14:00:00+05:30,10.666666666666666,145.46666666666667,43.800000000000004
2025-05-13 15:00:00+05:30,12.174999999999999,151.075,44.275
2025-05-13 16:00:00+05:30,16.485,159.95,63.15
2025-05-13 17:00:00+05:30,10.6125,155.79999999999998,61.575
2025-05-13 18:00:00+05:30,11.715,160.54999999999998,66.05
2025-05-13 19:00:00+05:30,24.7125,174.6,68.625
2025-05-13 20:00:00+05:30,25.939999999999998,207.85000000000002,82.2
2025-05-13 21:00:00+05:30,26.665,241.65,79.1
2025-05-13 22:00:00+05:30,39.51,211.0666666666667,74.13333333333334
2025-05-13 23:00:00+05:30,31.24333333333333,207.1,77.83333333333333
2025-05-14 00:00:00+05:30,26.84,208.3,63.3
2025-05-14 01:00:00+05:30,28.9075,254.675,82.55
2025-05-14 02:00:00+05:30,31.11,285.85,117.425
2025-05-14 03:00:00+05:30,30.665,298.45,114.05000000000001
2025-05-14 04:00:00+05:30,34.42,285.3,102.6
2025-05-14 05:00:00+05:30,34.660000000000004,269.75,96.77499999999999
2025-05-14 06:00:00+05:30,35.86333333333334,239.9333333333333,100.13333333333333
2025-05-14 07:00:00+05:30,29.3275,234.125,85.125
2025-05-14 08:00:00+05:30,30.225,244.7,103.975
2025-05-14 09:00:00+05:30,29.3675,211.17499999999998,79.975
2025-05-14 10:00:00+05:30,27.252499999999998,213.125,69.39999999999999
2025-05-14 11:00:00+05:30,28.396666666666665,175.80000000000004,83.1
2025-05-14 12:00:00+05:30,35.495,169.0,53.150000000000006
2025-05-14 13:00:00+05:30,30.284999999999997,155.0,66.14999999999999
2025-05-14 14:00:00+05:30,25.3525,154.025,56.725
2025-05-14 15:00:00+05:30,26.01,160.33333333333334,127.76666666666667
2025-05-14 16:00:00+05:30,22.57,179.2,86.5
2025-05-14 17:00:00+05:30,25.4925,181.825,86.475
2025-05-14 18:00:00+05:30,28.8975,182.2,67.5
2025-05-14 19:00:00+05:30,24.869999999999997,207.85,83.675
2025-05-14 20:00:00+05:30,24.57,235.9,85.75
2025-05-14 21:00:00+05:30,30.49,232.4333333333333,110.43333333333334
2025-05-14 22:00:00+05:30,29.247500000000002,236.675,134.675
2025-05-14 23:00:00+05:30,35.376666666666665,248.16666666666666,116.76666666666667
2025-05-15 00:00:00+05:30,22.63,248.2,106.1
2025-05-15 01:00:00+05:30,28.0025,248.67499999999998,156.8
2025-05-15 02:00:00+05:30,28.472499999999997,225.275,122.825
2025-05-15 03:00:00+05:30,34.9975,215.375,110.55
2025-05-15 04:00:00+05:30,27.35666666666667,201.9,94.5
2025-05-15 05:00:00+05:30,30.603333333333335,204.9,103.0
2025-05-15 06:00:00+05:30,22.92,199.95000000000002,97.95
2025-05-15 07:00:00+05:30,30.4475,209.725,161.3
2025-05-15 08:00:00+05:30,36.32333333333333,223.86666666666667,140.4
2025-05-15 09:00:00+05:30,34.4025,250.275,142.025
2025-05-15 10:00:00+05:30,27.2275,244.175,126.1
2025-05-15 11:00:00+05:30,26.1525,245.05,100.775
2025-05-15 12:00:00+05:30,31.49,225.32500000000002,98.25
2025-05-15 13:00:00+05:30,34.075,209.825,99.275
2025-05-15 14:00:00+05:30,27.12,188.025,82.225
2025-05-15 15:00:00+05:30,23.53,189.25,94.025
2025-05-15 16:00:00+05:30,28.675,214.75,95.95
2025-05-15 17:00:00+05:30,27.9,235.775,97.175
2025-05-15 18:00:00+05:30,28.765,264.475,100.6
2025-05-15 19:00:00+05:30,28.815,283.525,135.6
2025-05-15 20:00:00+05:30,27.863333333333333,297.1333333333334,141.5666666666667
2025-05-15 21:00:00+05:30,22.9325,305.2,163.125
2025-05-15 22:00:00+05:30,24.9075,311.15,141.6
2025-05-15 23:00:00+05:30,39.44,320.73333333333335,169.46666666666667
2025-05-16 00:00:00+05:30,29.55,341.8,152.0
2025-05-16 01:00:00+05:30,27.9025,316.04999999999995,176.625
2025-05-16 02:00:00+05:30,29.845,302.85,157.625
2025-05-16 03:00:00+05:30,25.78333333333333,279.9666666666667,150.96666666666667
2025-05-16 04:00:00+05:30,23.315,250.60000000000002,120.07499999999999
2025-05-16 05:00:00+05:30,31.875,252.22500000000002,112.625
2025-05-16 06:00:00+05:30,30.205,245.875,108.625
2025-05-16 07:00:00+05:30,31.1475,267.575,163.975
2025-05-16 08:00:00+05:30,26.740000000000002,284.225,145.625
2025-05-16 09:00:00+05:30,29.689999999999998,288.3333333333333,136.46666666666667
2025-05-16 10:00:00+05:30,23.255,284.5,126.5
2025-05-16 11:00:00+05:30,29.8,284.5,119.2
2025-05-16 12:00:00+05:30,35.435,275.82500000000005,126.65
2025-05-16 13:00:00+05:30,31.9225,262.475,126.5
2025-05-16 14:00:00+05:30,27.6975,259.0,99.55
2025-05-16 15:00:00+05:30,30.990000000000002,245.95,91.25
2025-05-16 16:00:00+05:30,34.43,522.475,121.45
2025-05-16 17:00:00+05:30,23.82,517.95,129.4
2025-05-16 18:00:00+05:30,28.564999999999998,395.775,123.4
2025-05-16 19:00:00+05:30,35.03,363.82500000000005,143.54999999999998
2025-05-16 20:00:00+05:30,32.3425,358.925,139.45000000000002
2025-05-16 21:00:00+05:30,32.515,320.375,130.675
2025-05-16 22:00:00+05:30,27.965,278.525,132.825
2025-05-16 23:00:00+05:30,29.570000000000004,253.4333333333333,117.33333333333333
2025-05-17 00:00:00+05:30,26.6,265.8,92.0
2025-05-17 01:00:00+05:30,33.885,246.925,121.775
2025-05-17 02:00:00+05:30,28.725,211.3,117.575
2025-05-17 03:00:00+05:30,22.913333333333338,217.70000000000002,94.26666666666667
2025-05-17 04:00:00+05:30,29.296666666666667,196.19999999999996,81.3
2025-05-17 05:00:00+05:30,26.2975,188.7,85.35
2025-05-17 06:00:00+05:30,27.36,144.0,68.5
2025-05-17 07:00:00+05:30,30.9075,155.125,68.57499999999999
2025-05-17 08:00:00+05:30,29.02,187.975,69.0
2025-05-17 09:00:00+05:30,21.0825,202.79999999999998,85.85000000000001
2025-05-17 10:00:00+05:30,33.120000000000005,165.95,68.64999999999999
2025-05-17 11:00:00+05:30,30.405,143.79999999999998,71.0
2025-05-17 12:00:00+05:30,33.105000000000004,148.54999999999998,60.175
2025-05-17 13:00:00+05:30,27.445,149.575,44.725
2025-05-17 14:00:00+05:30,30.2375,138.225,58.349999999999994
2025-05-17 15:00:00+05:30,27.695,146.85,60.45
2025-05-17 16:00:00+05:30,33.4525,150.325,68.725
2025-05-17 17:00:00+05:30,33.61,149.225,71.80000000000001
2025-05-17 18:00:00+05:30,30.3975,153.675,62.099999999999994
2025-05-17 19:00:00+05:30,27.345,165.0,82.975
2025-05-17 20:00:00+05:30,22.045,155.775,77.60000000000001
2025-05-17 21:00:00+05:30,28.015,164.475,109.3
2025-05-17 22:00:00+05:30,27.715000000000003,170.65,92.275
2025-05-17 23:00:00+05:30,26.139999999999997,166.73333333333332,81.0
2025-05-18 01:00:00+05:30,26.1025,165.15,64.69999999999999
2025-05-18 02:00:00+05:30,23.535,157.39999999999998,75.625
2025-05-18 03:00:00+05:30,31.475,149.325,82.575
2025-05-18 04:00:00+05:30,26.3925,153.20000000000002,71.375
2025-05-18 05:00:00+05:30,30.795,152.35000000000002,81.575
2025-05-18 06:00:00+05:30,25.855,153.55,67.1
2025-05-18 07:00:00+05:30,31.105,143.2,60.5
2025-05-18 08:00:00+05:30,29.64,146.3,53.6
2025-05-18 09:00:00+05:30,27.9,149.9,63.075
2025-05-18 10:00:00+05:30,33.39,147.175,60.575
2025-05-18 11:00:00+05:30,32.445,152.54999999999998,80.675
2025-05-18 12:00:00+05:30,25.383333333333336,156.9333333333333,64.60000000000001
2025-05-18 13:00:00+05:30,27.6225,163.425,60.625
2025-05-18 14:00:00+05:30,32.1725,173.89999999999998,60.875
2025-05-18 15:00:00+05:30,26.205,183.45,89.19999999999999
2025-05-18 16:00:00+05:30,26.87,186.425,83.225
2025-05-18 17:00:00+05:30,26.8125,189.625,79.5
2025-05-18 18:00:00+05:30,25.185000000000002,194.775,68.925
2025-05-18 19:00:00+05:30,25.845,191.875,85.775
2025-05-18 20:00:00+05:30,31.955,199.0,72.825
2025-05-18 21:00:00+05:30,28.645,198.3,79.0
2025-05-18 22:00:00+05:30,26.365,183.375,79.6
2025-05-18 23:00:00+05:30,29.386666666666667,180.6,68.76666666666667
2025-05-19 00:00:00+05:30,20.04,181.7,53.7
2025-05-19 01:00:00+05:30,31.439999999999998,159.35,32.925000000000004
2025-05-19 02:00:00+05:30,27.725,151.89999999999998,70.575
2025-05-19 03:00:00+05:30,26.5475,140.225,79.15
2025-05-19 04:00:00+05:30,28.9125,140.575,57.35
2025-05-19 05:00:00+05:30,27.634999999999998,120.575,41.85
2025-05-19 06:00:00+05:30,29.6475,97.05000000000001,48.55
2025-05-19 07:00:00+05:30,32.62,89.3,37.85
2025-05-19 08:00:00+05:30,28.2025,98.225,41.95
2025-05-19 09:00:00+05:30,30.445,96.64999999999999,45.95
2025-05-19 10:00:00+05:30,29.927500000000002,108.075,44.65
2025-05-19 11:00:00+05:30,33.3425,106.275,76.7
2025-05-19 13:00:00+05:30,32.7775,124.65,85.775
2025-05-19 14:00:00+05:30,31.177500000000002,135.97500000000002,69.325
2025-05-19 15:00:00+05:30,28.9075,142.425,76.025
2025-05-19 16:00:00+05:30,40.7,139.8,74.3
2025-05-19 17:00:00+05:30,29.653333333333336,165.8,68.7
2025-05-19 18:00:00+05:30,23.240000000000002,197.2,66.19999999999999
2025-05-19 19:00:00+05:30,30.5575,203.54999999999998,75.425
2025-05-19 20:00:00+05:30,39.0,223.14999999999998,77.25
2025-05-19 21:00:00+05:30,38.44,192.3,80.175
2025-05-19 22:00:00+05:30,32.745000000000005,157.275,61.3
2025-05-19 23:00:00+05:30,31.506666666666664,137.70000000000002,46.800000000000004
2025-05-20 00:00:00+05:30,35.67,117.7,41.9
2025-05-20 01:00:00+05:30,35.5425,101.325,21.724999999999998
2025-05-20 02:00:00+05:30,31.956666666666667,93.7,33.766666666666666
2025-05-20 03:00:00+05:30,32.836666666666666,85.10000000000001,36.9
2025-05-20 04:00:00+05:30,32.54,82.775,26.35
2025-05-20 05:00:00+05:30,37.4775,76.0,31.625
2025-05-20 06:00:00+05:30,33.67,70.725,30.924999999999997
2025-05-20 07:00:00+05:30,36.7725,77.775,36.025000000000006
2025-05-20 08:00:00+05:30,38.27333333333333,113.3,43.5
2025-05-20 09:00:00+05:30,33.7425,105.32499999999999,41.075
2025-05-20 10:00:00+05:30,38.05,99.95,40.025
2025-05-20 11:00:00+05:30,33.57,81.525,26.425
2025-05-20 12:00:00+05:30,35.95,83.825,25.225
2025-05-20 13:00:00+05:30,31.83,68.35000000000001,27.9
2025-05-20 14:00:00+05:30,37.92,71.6,25.2
2025-05-20 15:00:00+05:30,38.052499999999995,80.65,44.0
2025-05-20 16:00:00+05:30,24.25,93.4,35.6
2025-05-20 17:00:00+05:30,34.4925,88.35,31.900000000000002
2025-05-20 18:00:00+05:30,31.5075,94.125,27.325
2025-05-20 19:00:00+05:30,27.68,93.9,39.800000000000004
2025-05-20 22:00:00+05:30,32.7625,108.94999999999999,48.775000000000006
2025-05-20 23:00:00+05:30,35.763333333333335,110.76666666666667,68.0
2025-05-21 00:00:00+05:30,21.84,113.2,53.0
2025-05-21 01:00:00+05:30,24.095,102.575,49.800000000000004
2025-05-21 02:00:00+05:30,30.663333333333338,100.86666666666667,41.666666666666664
2025-05-21 03:00:00+05:30,29.105000000000004,103.125,74.275
2025-05-21 04:00:00+05:30,27.2575,103.2,55.1
2025-05-21 05:00:00+05:30,29.1175,92.39999999999999,36.325
2025-05-21 06:00:00+05:30,27.09,87.825,27.475
2025-05-21 07:00:00+05:30,25.6475,85.55,28.45
2025-05-21 08:00:00+05:30,35.807500000000005,94.45,40.225
2025-05-21 09:00:00+05:30,32.675,98.4,32.45
2025-05-21 11:00:00+05:30,21.55,177.7,48.0
2025-05-21 12:00:00+05:30,28.96,162.45,36.275
2025-05-21 13:00:00+05:30,40.185,131.575,29.5
2025-05-21 14:00:00+05:30,31.75,105.82499999999999,33.075
2025-05-21 15:00:00+05:30,28.413333333333338,125.33333333333333,51.333333333333336
2025-05-21 16:00:00+05:30,30.77,114.1,36.0
2025-05-21 17:00:00+05:30,37.9375,107.175,40.25
2025-05-21 18:00:00+05:30,35.06,101.15,31.775
2025-05-21 19:00:00+05:30,28.2875,101.975,37.599999999999994
2025-05-21 21:00:00+05:30,27.28,106.1,42.7
2025-05-21 22:00:00+05:30,27.68,94.975,32.725
2025-05-21 23:00:00+05:30,23.766666666666666,87.53333333333335,30.96666666666667
2025-05-22 00:00:00+05:30,36.33,76.9,41.5
2025-05-22 01:00:00+05:30,29.0075,82.35,32.9
2025-05-22 02:00:00+05:30,25.9625,96.4,37.825
2025-05-22 03:00:00+05:30,35.43666666666667,83.7,36.93333333333333
2025-05-22 04:00:00+05:30,28.54,71.925,21.225
2025-05-22 05:00:00+05:30,31.8325,62.175,30.4
2025-05-22 06:00:00+05:30,24.595,52.85,19.1
2025-05-22 07:00:00+05:30,24.6025,47.925,26.425
2025-05-22 08:00:00+05:30,30.945,39.55,21.175
2025-05-22 09:00:00+05:30,28.6275,47.574999999999996,13.25
2025-05-22 10:00:00+05:30,33.306666666666665,44.5,18.8
2025-05-22 11:00:00+05:30,30.6425,49.175,14.725
2025-05-22 12:00:00+05:30,30.7,60.375,9.85
2025-05-22 13:00:00+05:30,38.72,59.725,35.875
2025-05-22 14:00:00+05:30,31.517500000000002,53.075,20.75
2025-05-22 15:00:00+05:30,31.6175,56.625,18.225
2025-05-22 16:00:00+05:30,24.11,51.1,0.0
2025-05-22 17:00:00+05:30,27.55,15.225,2.65
2025-05-22 18:00:00+05:30,16.447499999999998,42.225,19.3
2025-05-22 19:00:00+05:30,17.9075,49.075,27.525
2025-05-22 20:00:00+05:30,26.66,62.8,40.2
2025-05-22 21:00:00+05:30,24.1725,61.8,50.325
2025-05-22 22:00:00+05:30,29.1875,65.8,46.85
2025-05-22 23:00:00+05:30,22.040000000000003,72.9,68.1
2025-05-23 00:00:00+05:30,20.12,71.2,42.2
2025-05-23 01:00:00+05:30,23.383333333333336,75.66666666666667,39.13333333333333
2025-05-23 02:00:00+05:30,22.439999999999998,79.65,41.925
2025-05-23 03:00:00+05:30,18.045,104.575,40.2
2025-05-23 04:00:00+05:30,24.54,104.15,43.075
2025-05-23 05:00:00+05:30,26.875,93.67500000000001,80.875
2025-05-23 06:00:00+05:30,16.48,90.775,55.725
2025-05-23 07:00:00+05:30,15.579999999999998,82.1,42.349999999999994
2025-05-23 08:00:00+05:30,25.3875,82.5,43.775000000000006
2025-05-23 09:00:00+05:30,28.189999999999998,81.9,49.79999999999999
2025-05-23 10:00:00+05:30,22.225,90.8,40.725
2025-05-23 11:00:00+05:30,19.810000000000002,90.15,43.6
2025-05-23 12:00:00+05:30,10.86,96.7,40.0
2025-05-23 13:00:00+05:30,25.744999999999997,98.775,41.5
2025-05-23 14:00:00+05:30,18.322499999999998,95.45,36.25
2025-05-23 15:00:00+05:30,18.165,97.475,38.675
2025-05-23 16:00:00+05:30,21.54,92.8,39.8
2025-05-23 17:00:00+05:30,18.447499999999998,94.47500000000001,38.175
2025-05-23 18:00:00+05:30,17.490000000000002,100.825,40.449999999999996
2025-05-23 19:00:00+05:30,24.18,104.85,62.1
2025-05-23 20:00:00+05:30,23.53,118.9,61.7
2025-05-23 21:00:00+05:30,20.505,125.2,69.25
2025-05-23 22:00:00+05:30,17.975,130.275,71.15
2025-05-23 23:00:00+05:30,14.254999999999999,113.3,64.6
2025-05-24 00:00:00+05:30,26.25,105.5,55.0
2025-05-24 01:00:00+05:30,24.134999999999998,100.625,58.625
2025-05-24 02:00:00+05:30,21.15,96.45,59.35
2025-05-24 03:00:00+05:30,18.085,96.975,49.575
2025-05-24 04:00:00+05:30,26.1475,94.82499999999999,48.575
2025-05-24 05:00:00+05:30,21.9925,94.375,41.7
2025-05-24 06:00:00+05:30,19.08,100.125,51.225
2025-05-24 07:00:00+05:30,23.62,100.375,61.975
2025-05-24 08:00:00+05:30,17.52,104.325,55.1
2025-05-24 09:00:00+05:30,16.345,106.89999999999999,59.825
2025-05-24 10:00:00+05:30,26.38,108.425,50.075
2025-05-24 11:00:00+05:30,19.6825,108.2,44.824999999999996
2025-05-24 12:00:00+05:30,19.9175,108.675,42.9
2025-05-24 13:00:00+05:30,15.860000000000001,105.1,44.675
2025-05-24 14:00:00+05:30,32.64,101.575,31.9
2025-05-24 15:00:00+05:30,18.32,100.69999999999999,45.05
2025-05-24 16:00:00+05:30,14.157499999999999,94.65,39.775
2025-05-24 17:00:00+05:30,19.1075,96.325,37.875
2025-05-24 18:00:00+05:30,29.87,96.55,36.05
2025-05-24 19:00:00+05:30,21.52333333333333,102.89999999999999,64.36666666666667
2025-05-24 20:00:00+05:30,17.43,103.325,62.75
2025-05-24 21:00:00+05:30,26.4275,114.1,74.725
2025-05-24 22:00:00+05:30,20.82,118.2,80.03333333333335
2025-05-24 23:00:00+05:30,16.966666666666665,125.40000000000002,68.6
2025-05-25 00:00:00+05:30,13.74,112.3,47.3
2025-05-25 01:00:00+05:30,19.5325,108.875,52.8
2025-05-25 02:00:00+05:30,21.0325,106.925,48.8
2025-05-25 03:00:00+05:30,22.453333333333333,99.40000000000002,42.6
2025-05-25 04:00:00+05:30,18.315,95.44999999999999,49.825
2025-05-25 05:00:00+05:30,28.145,92.275,58.6
2025-05-25 06:00:00+05:30,17.595,95.25,57.05
2025-05-25 07:00:00+05:30,18.6375,103.39999999999999,61.2
2025-05-25 08:00:00+05:30,18.73,107.8,64.7
2025-05-25 09:00:00+05:30,22.103333333333335,102.3,57.9
2025-05-25 10:00:00+05:30,23.8075,105.85,50.65
2025-05-25 11:00:00+05:30,21.3,100.4,59.0
2025-05-25 12:00:00+05:30,22.689999999999998,89.775,51.0
2025-05-25 13:00:00+05:30,24.325,84.225,36.95
2025-05-25 14:00:00+05:30,14.302499999999998,83.05,36.025
2025-05-25 15:00:00+05:30,26.603333333333335,90.8,45.20000000000001
2025-05-25 16:00:00+05:30,18.990000000000002,70.025,38.4
2025-05-25 17:00:00+05:30,36.66,79.9,44.1
2025-05-26 18:00:00+05:30,14.43,86.6,27.2
2025-05-26 19:00:00+05:30,24.4,83.2,30.8
2025-05-26 20:00:00+05:30,16.23,83.8,43.1
2025-05-26 21:00:00+05:30,20.97,104.17500000000001,45.475
2025-05-26 22:00:00+05:30,21.86,105.875,41.2
2025-05-26 23:00:00+05:30,26.856666666666666,107.5,46.79999999999999
2025-05-27 01:00:00+05:30,25.0925,103.875,43.849999999999994
2025-05-27 02:00:00+05:30,17.2625,101.57499999999999,35.25
2025-05-27 03:00:00+05:30,21.5625,96.325,33.125
2025-05-27 04:00:00+05:30,20.1875,97.7,35.075
2025-05-27 05:00:00+05:30,20.69,91.85,33.400000000000006
2025-05-27 06:00:00+05:30,19.1475,88.525,36.75
2025-05-27 07:00:00+05:30,17.5825,83.4,32.05
2025-05-27 08:00:00+05:30,22.176666666666666,83.76666666666667,24.733333333333334
2025-05-27 09:00:00+05:30,13.1525,81.325,31.424999999999997
2025-05-27 10:00:00+05:30,21.41,82.1,35.75
2025-05-27 11:00:00+05:30,14.945,75.725,27.150000000000002
2025-05-27 14:00:00+05:30,19.926666666666666,76.5,22.600000000000005
2025-05-27 15:00:00+05:30,20.99,66.73333333333333,17.333333333333332
2025-05-27 16:00:00+05:30,21.205,66.275,13.175
2025-05-27 17:00:00+05:30,23.5875,67.125,18.275000000000002
2025-05-27 18:00:00+05:30,28.6525,69.825,18.125
2025-05-27 19:00:00+05:30,18.6275,72.225,12.95
2025-05-27 20:00:00+05:30,17.692500000000003,71.425,19.549999999999997
2025-05-27 21:00:00+05:30,22.995,68.85,30.9
2025-05-27 22:00:00+05:30,24.44333333333333,81.66666666666667,41.0
2025-05-27 23:00:00+05:30,23.516666666666666,84.2,36.2
2025-05-28 00:00:00+05:30,20.9,87.0,40.0
2025-05-28 01:00:00+05:30,27.8925,91.925,32.6
2025-05-28 02:00:00+05:30,17.41,88.9,41.4
2025-05-28 03:00:00+05:30,22.963333333333335,85.59999999999998,35.4
2025-05-28 04:00:00+05:30,17.0,82.5,28.849999999999998
2025-05-28 05:00:00+05:30,19.83,78.225,34.375
2025-05-28 16:00:00+05:30,20.259999999999998,101.75,26.45
2025-05-28 17:00:00+05:30,28.8,85.775,21.25
2025-05-28 18:00:00+05:30,30.7175,86.4,27.55
2025-05-28 19:00:00+05:30,27.125,88.125,36.825
2025-05-28 20:00:00+05:30,16.580000000000002,91.07499999999999,24.85
2025-05-28 21:00:00+05:30,27.5875,90.175,33.525000000000006
2025-05-28 22:00:00+05:30,21.384999999999998,99.575,33.4
2025-05-28 23:00:00+05:30,25.16333333333333,91.90000000000002,37.9
2025-05-29 00:00:00+05:30,30.03,92.8,36.6
2025-05-29 01:00:00+05:30,28.7075,89.475,41.1
2025-05-29 02:00:00+05:30,21.985,76.45,36.175
2025-05-29 03:00:00+05:30,31.3425,73.25,23.200000000000003
2025-05-29 04:00:00+05:30,20.900000000000002,64.63333333333334,21.46666666666667
2025-05-29 05:00:00+05:30,30.1375,73.07499999999999,33.325
2025-05-29 06:00:00+05:30,19.52,78.2,24.55
2025-05-29 07:00:00+05:30,16.325,76.05,26.849999999999998
2025-05-29 08:00:00+05:30,25.78,68.30000000000001,31.650000000000002
2025-05-29 09:00:00+05:30,27.567500000000003,58.075,26.75
2025-05-29 10:00:00+05:30,29.299999999999997,64.925,17.6
2025-05-29 11:00:00+05:30,20.939999999999998,65.65,22.975
2025-05-29 12:00:00+05:30,24.006666666666664,58.93333333333334,25.599999999999998
2025-05-29 13:00:00+05:30,23.016666666666666,66.7,17.5
2025-05-29 14:00:00+05:30,27.835,70.475,16.2
2025-05-29 15:00:00+05:30,23.9075,65.35,20.925
2025-05-29 16:00:00+05:30,24.215,63.349999999999994,27.525
2025-05-29 17:00:00+05:30,25.473333333333333,70.66666666666667,23.2
2025-05-29 18:00:00+05:30,17.115000000000002,67.575,27.175
2025-05-29 19:00:00+05:30,27.285000000000004,75.775,35.324999999999996
2025-05-29 20:00:00+05:30,28.39,84.975,42.625
2025-05-29 21:00:00+05:30,28.355,94.6,35.3
2025-05-29 22:00:00+05:30,21.37,91.95,36.025
2025-05-29 23:00:00+05:30,18.376666666666665,81.3,40.2
2025-05-30 00:00:00+05:30,20.92,85.6,36.1
2025-05-30 01:00:00+05:30,35.497499999999995,83.75,38.9
2025-05-30 02:00:00+05:30,28.7,89.32499999999999,38.75
2025-05-30 03:00:00+05:30,28.1725,76.8,24.875
2025-05-30 04:00:00+05:30,29.455,77.225,27.7
2025-05-30 05:00:00+05:30,20.695,78.35,26.65
2025-05-30 06:00:00+05:30,28.0075,87.65,37.725
2025-05-30 07:00:00+05:30,19.5775,89.875,41.65
2025-05-30 08:00:00+05:30,26.67,83.1,31.633333333333336
2025-05-30 09:00:00+05:30,27.2275,87.14999999999999,36.150000000000006
2025-05-30 10:00:00+05:30,21.015,87.30000000000001,37.575
2025-05-30 11:00:00+05:30,20.295,87.425,29.325
2025-05-30 12:00:00+05:30,25.8275,92.1,20.825
2025-05-30 13:00:00+05:30,23.4775,98.825,31.049999999999997
2025-05-30 14:00:00+05:30,20.235,101.95,25.15
2025-05-30 15:00:00+05:30,21.64,100.875,35.699999999999996
2025-05-30 16:00:00+05:30,32.785,103.525,53.15
2025-05-30 17:00:00+05:30,21.2325,114.05,41.7
2025-05-30 18:00:00+05:30,27.6125,124.69999999999999,40.1
2025-05-30 19:00:00+05:30,27.6175,128.675,59.65
2025-05-30 20:00:00+05:30,25.39,116.15,55.9
2025-05-30 21:00:00+05:30,19.7225,105.675,48.324999999999996
2025-05-30 22:00:00+05:30,25.7525,111.10000000000001,57.900000000000006
2025-05-30 23:00:00+05:30,25.53,120.3,47.6
2025-05-31 00:00:00+05:30,29.81,124.3,47.1
2025-05-31 01:00:00+05:30,21.43,129.425,51.35
2025-05-31 02:00:00+05:30,18.7225,135.5,66.075
2025-05-31 03:00:00+05:30,20.1475,135.975,61.8
2025-05-31 04:00:00+05:30,26.560000000000002,138.5,68.47500000000001
2025-05-31 05:00:00+05:30,17.95,123.875,71.225
2025-05-31 06:00:00+05:30,34.93,128.25,54.425000000000004
2025-05-31 07:00:00+05:30,25.0375,140.70000000000002,66.85
2025-05-31 08:00:00+05:30,27.880000000000003,157.15,65.375
2025-05-31 09:00:00+05:30,21.6375,158.9,68.375
2025-05-31 10:00:00+05:30,25.395,160.025,85.875
2025-05-31 11:00:00+05:30,27.972500000000004,169.57500000000002,83.05000000000001
2025-05-31 12:00:00+05:30,20.756666666666664,171.5,63.43333333333333
2025-05-31 13:00:00+05:30,27.9725,162.52499999999998,62.3
2025-05-31 14:00:00+05:30,22.6275,158.525,69.45
2025-05-31 15:00:00+05:30,22.134999999999998,156.625,69.225
2025-05-31 16:00:00+05:30,33.005,157.525,92.75
2025-05-31 17:00:00+05:30,27.47,160.4,78.975
2025-05-31 18:00:00+05:30,29.353333333333335,170.33333333333334,72.06666666666666
2025-05-31 19:00:00+05:30,22.6275,176.55,82.8
2025-05-31 20:00:00+05:30,21.502499999999998,185.1,91.45
2025-05-31 21:00:00+05:30,22.9675,187.55,87.925
2025-05-31 22:00:00+05:30,21.405,199.3,95.25
2025-05-31 23:00:00+05:30,33.26333333333333,205.69999999999996,94.40000000000002
2025-06-01 00:00:00+05:30,23.36,198.2,81.1
2025-06-01 01:00:00+05:30,20.62,193.275,72.2
2025-06-01 02:00:00+05:30,32.62,180.9333333333333,79.3
2025-06-01 03:00:00+05:30,21.775,149.325,61.425
2025-06-01 04:00:00+05:30,23.605,135.775,45.7
2025-06-01 05:00:00+05:30,20.21,130.3,54.175
2025-06-01 07:00:00+05:30,31.4,133.1,63.2
2025-06-01 08:00:00+05:30,24.0225,137.6,63.9
2025-06-01 09:00:00+05:30,25.853333333333335,150.53333333333333,58.800000000000004
2025-06-01 10:00:00+05:30,34.6375,155.15,63.125
2025-06-01 11:00:00+05:30,24.0075,161.075,61.725
2025-06-01 12:00:00+05:30,23.215,161.875,67.275
2025-06-01 13:00:00+05:30,28.2825,161.525,72.0
2025-06-01 14:00:00+05:30,25.677500000000002,162.82500000000002,72.75
2025-06-01 15:00:00+05:30,26.176666666666666,163.5,70.76666666666667
2025-06-01 16:00:00+05:30,27.355,166.25,71.64999999999999
2025-06-01 17:00:00+05:30,26.62,171.1,75.975
2025-06-01 18:00:00+05:30,17.19666666666667,179.36666666666667,67.5
2025-06-01 19:00:00+05:30,23.3225,206.475,76.2
2025-06-01 20:00:00+05:30,22.9675,258.82500000000005,96.02499999999999
2025-06-01 21:00:00+05:30,27.09,246.775,96.375
2025-06-01 22:00:00+05:30,26.560000000000002,248.30000000000004,100.7
2025-06-01 23:00:00+05:30,22.570000000000004,247.5,95.59999999999998
2025-06-02 00:00:00+05:30,31.98,225.7,89.8
2025-06-02 01:00:00+05:30,31.942500000000003,216.675,91.65
2025-06-02 02:00:00+05:30,29.6,213.4,85.3
2025-06-02 03:00:00+05:30,24.98,208.825,83.675
2025-06-02 04:00:00+05:30,33.725,196.70000000000002,81.825
2025-06-02 05:00:00+05:30,25.1375,172.97500000000002,80.675
2025-06-02 06:00:00+05:30,22.103333333333335,153.5666666666667,72.39999999999999
2025-06-02 07:00:00+05:30,29.1525,157.425,67.725
2025-06-02 08:00:00+05:30,19.85,151.0,60.9
2025-06-02 09:00:00+05:30,25.64,156.8,63.725
2025-06-02 10:00:00+05:30,30.23,158.0,0.0
2025-06-02 11:00:00+05:30,18.8125,30.3,0.0
2025-06-02 12:00:00+05:30,14.986666666666666,134.16666666666666,35.800000000000004
2025-06-02 13:00:00+05:30,11.22,158.275,58.3
2025-06-02 14:00:00+05:30,17.1675,163.4,61.975
2025-06-02 15:00:00+05:30,14.125,167.125,61.05
2025-06-02 16:00:00+05:30,14.56,162.0,53.05
2025-06-02 17:00:00+05:30,12.67,148.77499999999998,55.175
2025-06-02 18:00:00+05:30,12.99,152.45,57.275
2025-06-02 19:00:00+05:30,10.855,185.025,77.55
2025-06-02 20:00:00+05:30,11.685,227.225,98.3
2025-06-02 21:00:00+05:30,11.2225,271.45,115.975
2025-06-02 22:00:00+05:30,14.26,251.25,121.35
2025-06-02 23:00:00+05:30,21.16,257.3666666666667,118.86666666666667
2025-06-03 00:00:00+05:30,45.74,238.2,88.7
2025-06-03 01:00:00+05:30,30.752499999999998,225.85000000000002,93.02499999999999
2025-06-03 02:00:00+05:30,34.67,209.5,70.7
2025-06-03 03:00:00+05:30,33.89,172.975,77.325
2025-06-03 13:00:00+05:30,27.939999999999998,98.0,42.1
2025-06-03 14:00:00+05:30,38.1,89.3,39.5
2025-06-03 15:00:00+05:30,29.5075,90.44999999999999,29.3
2025-06-03 19:00:00+05:30,31.24,133.2,65.9
2025-06-03 20:00:00+05:30,26.085,159.8,73.6
2025-06-03 21:00:00+05:30,32.655,172.05,91.47500000000001
2025-06-03 22:00:00+05:30,32.4625,177.875,78.3
2025-06-03 23:00:00+05:30,30.060000000000002,175.76666666666665,90.16666666666667
2025-06-04 00:00:00+05:30,22.52,169.4,81.6
2025-06-04 01:00:00+05:30,29.759999999999998,161.3,79.22500000000001
2025-06-04 02:00:00+05:30,26.9575,160.64999999999998,78.025
2025-06-04 03:00:00+05:30,32.57,144.175,69.15
2025-06-04 04:00:00+05:30,27.955,137.925,60.225
2025-06-04 05:00:00+05:30,23.0225,135.525,67.15
2025-06-04 06:00:00+05:30,25.3675,144.54999999999998,66.875
2025-06-04 07:00:00+05:30,29.090000000000003,152.65,74.55
2025-06-04 08:00:00+05:30,29.37,144.175,74.35
2025-06-04 09:00:00+05:30,39.955,143.70000000000002,72.875
2025-06-04 10:00:00+05:30,30.5525,138.47500000000002,64.75
2025-06-04 11:00:00+05:30,29.44,126.35,64.4
2025-06-04 12:00:00+05:30,28.380000000000003,114.325,53.375
2025-06-04 13:00:00+05:30,31.3475,102.95,42.275
2025-06-04 14:00:00+05:30,37.6375,97.525,39.325
2025-06-04 15:00:00+05:30,26.795,118.325,45.275
2025-06-04 16:00:00+05:30,33.5325,120.3,36.725
2025-06-04 17:00:00+05:30,39.93333333333334,89.0,39.9
2025-06-04 18:00:00+05:30,28.7875,95.925,34.15
2025-06-04 19:00:00+05:30,27.7025,89.5,25.1
2025-06-04 20:00:00+05:30,26.4525,99.525,43.625
2025-06-04 21:00:00+05:30,28.424999999999997,99.825,47.8
2025-06-04 22:00:00+05:30,23.2775,111.975,54.975
2025-06-04 23:00:00+05:30,36.86666666666667,118.7,56.5
2025-06-05 00:00:00+05:30,32.9,121.1,42.4
2025-06-05 01:00:00+05:30,29.83,108.8,59.5
2025-06-05 02:00:00+05:30,24.6575,125.6,53.5
2025-06-05 03:00:00+05:30,29.29,120.85,80.775
2025-06-05 04:00:00+05:30,26.525,139.025,77.35000000000001
2025-06-05 05:00:00+05:30,35.946666666666665,129.29999999999998,81.63333333333333
2025-06-05 06:00:00+05:30,30.515,160.45,74.19999999999999
2025-06-05 07:00:00+05:30,31.1475,157.75,88.3
2025-06-05 08:00:00+05:30,35.196666666666665,155.13333333333335,82.63333333333334
2025-06-05 09:00:00+05:30,27.8625,143.6,83.225
2025-06-05 10:00:00+05:30,25.725,137.5,67.075
2025-06-05 11:00:00+05:30,30.0275,134.95,72.225
2025-06-05 12:00:00+05:30,25.2275,130.625,49.625
2025-06-05 13:00:00+05:30,28.585,117.4,56.575
2025-06-05 14:00:00+05:30,30.6025,114.10000000000001,41.825
2025-06-05 15:00:00+05:30,29.41,112.475,50.575
2025-06-05 16:00:00+05:30,30.122500000000002,107.85,42.900000000000006
2025-06-05 17:00:00+05:30,30.0475,114.675,57.25
2025-06-05 18:00:00+05:30,24.46,110.2,65.1
2025-06-05 19:00:00+05:30,27.92,108.7,59.099999999999994
2025-06-05 20:00:00+05:30,26.8475,117.30000000000001,54.425
2025-06-05 21:00:00+05:30,23.2475,124.725,70.075
2025-06-05 22:00:00+05:30,26.71,122.575,59.574999999999996
2025-06-05 23:00:00+05:30,26.72,135.0666666666667,82.46666666666667
2025-06-06 00:00:00+05:30,28.65,164.4,75.8
2025-06-06 01:00:00+05:30,30.2675,163.525,82.525
2025-06-06 02:00:00+05:30,29.9075,159.85,72.275
2025-06-06 03:00:00+05:30,31.040000000000003,137.86666666666667,90.83333333333333
2025-06-06 04:00:00+05:30,23.62,139.175,70.3
2025-06-06 05:00:00+05:30,27.265,133.92499999999998,63.575
2025-06-06 06:00:00+05:30,26.93,130.45,60.9
2025-06-06 07:00:00+05:30,30.175,131.35,65.8
2025-06-06 08:00:00+05:30,31.4725,130.975,65.875
2025-06-06 09:00:00+05:30,37.1425,135.70000000000002,67.125
2025-06-06 10:00:00+05:30,35.6575,129.625,64.3
2025-06-06 11:00:00+05:30,33.61666666666667,130.6,63.56666666666666
2025-06-06 12:00:00+05:30,37.1575,126.1,53.525000000000006
2025-06-06 13:00:00+05:30,29.4375,117.325,40.7
2025-06-06 14:00:00+05:30,30.9875,108.025,38.15
2025-06-06 15:00:00+05:30,34.765,99.875,46.475
2025-06-06 16:00:00+05:30,32.1125,97.925,48.3
2025-06-06 17:00:00+05:30,35.21,102.225,38.775
2025-06-06 18:00:00+05:30,40.7475,109.3,34.5
2025-06-06 19:00:00+05:30,29.625,109.75,50.075
2025-06-06 20:00:00+05:30,40.445,130.22500000000002,63.225
2025-06-06 21:00:00+05:30,33.1,142.675,85.0
2025-06-06 22:00:00+05:30,23.4925,143.55,87.0
2025-06-06 23:00:00+05:30,26.55,162.46666666666667,95.26666666666667
2025-06-07 00:00:00+05:30,31.07,190.8,84.6
2025-06-07 01:00:00+05:30,27.705000000000002,182.35000000000002,138.375
2025-06-07 02:00:00+05:30,29.7575,178.9,120.95
2025-06-07 03:00:00+05:30,29.9025,167.05,114.625
2025-06-07 04:00:00+05:30,32.14,157.5,90.10000000000001
2025-06-07 05:00:00+05:30,30.32,147.875,77.975
2025-06-07 06:00:00+05:30,27.77,154.25,74.6
2025-06-07 07:00:00+05:30,30.2075,166.675,139.22500000000002
2025-06-07 08:00:00+05:30,27.453333333333333,210.0,148.2
2025-06-07 09:00:00+05:30,24.4225,212.925,129.725
2025-06-07 10:00:00+05:30,36.9675,195.525,111.3
2025-06-07 11:00:00+05:30,27.3525,182.0,82.25
2025-06-07 12:00:00+05:30,30.427500000000002,175.975,76.39999999999999
2025-06-07 13:00:00+05:30,33.84,166.15,60.1
2025-06-07 14:00:00+05:30,34.185,161.525,56.325
2025-06-07 15:00:00+05:30,37.17,142.975,57.775
2025-06-07 16:00:00+05:30,32.2175,126.575,50.575
2025-06-07 17:00:00+05:30,29.9525,121.425,56.225
2025-06-07 18:00:00+05:30,27.8325,119.925,52.849999999999994
2025-06-07 19:00:00+05:30,31.935000000000002,122.65,73.60000000000001
2025-06-07 20:00:00+05:30,28.677500000000002,154.025,75.25
2025-06-07 21:00:00+05:30,23.39,168.2,81.2
2025-06-07 22:00:00+05:30,28.0225,185.95,104.175
2025-06-07 23:00:00+05:30,32.65,192.0,112.76666666666667
2025-06-08 00:00:00+05:30,24.44,198.0,118.6
2025-06-08 01:00:00+05:30,26.99,198.0,111.25
2025-06-08 02:00:00+05:30,24.3175,198.0,111.1
2025-06-08 03:00:00+05:30,22.7075,197.375,109.875
2025-06-08 04:00:00+05:30,32.545,197.475,94.6
2025-06-08 05:00:00+05:30,26.325,187.97500000000002,92.675
2025-06-08 06:00:00+05:30,33.295,182.725,78.125
2025-06-08 07:00:00+05:30,35.63,170.925,108.60000000000001
2025-06-08 08:00:00+05:30,26.5975,180.975,98.85
2025-06-08 09:00:00+05:30,38.89,186.67499999999998,131.625
2025-06-08 10:00:00+05:30,39.4775,183.475,114.02499999999999
2025-06-08 11:00:00+05:30,26.7275,163.35,89.975
2025-06-08 12:00:00+05:30,31.682499999999997,160.8,71.375
2025-06-08 13:00:00+05:30,33.8975,149.775,64.525
2025-06-08 14:00:00+05:30,25.68,150.625,60.699999999999996
2025-06-08 15:00:00+05:30,32.1425,144.4,62.05
2025-06-08 16:00:00+05:30,45.99,138.4,50.5
2025-06-08 17:00:00+05:30,28.822499999999998,135.725,78.5
2025-06-08 18:00:00+05:30,29.7025,139.3,74.95
2025-06-08 19:00:00+05:30,32.325,136.675,74.775
2025-06-08 20:00:00+05:30,31.96,157.54999999999998,68.8
2025-06-08 21:00:00+05:30,33.5325,169.725,87.94999999999999
2025-06-08 22:00:00+05:30,27.689999999999998,176.26666666666665,99.36666666666667
2025-06-08 23:00:00+05:30,34.279999999999994,198.0,99.39999999999999
2025-06-09 00:00:00+05:30,17.47,203.4,94.4
2025-06-09 01:00:00+05:30,25.7775,200.20000000000002,118.85
2025-06-09 02:00:00+05:30,25.0025,191.525,107.6
2025-06-09 03:00:00+05:30,29.6175,180.625,92.275
2025-06-09 04:00:00+05:30,30.322499999999998,187.475,86.075
2025-06-09 05:00:00+05:30,23.465,175.875,91.675
2025-06-09 06:00:00+05:30,31.2925,182.125,93.02499999999999
2025-06-09 07:00:00+05:30,26.655,179.2,106.275
2025-06-09 08:00:00+05:30,27.2425,187.85,97.05
2025-06-09 09:00:00+05:30,24.5925,187.3,104.6
2025-06-09 10:00:00+05:30,33.065,187.45,91.925
2025-06-09 11:00:00+05:30,29.2775,186.625,90.9
2025-06-09 12:00:00+05:30,37.925000000000004,183.475,82.35
2025-06-09 13:00:00+05:30,32.71,189.125,82.8
2025-06-09 14:00:00+05:30,30.052500000000002,182.25,73.025
2025-06-09 15:00:00+05:30,35.2075,165.375,67.19999999999999
2025-06-09 16:00:00+05:30,32.235,163.3,78.975
2025-06-09 17:00:00+05:30,36.02,172.20000000000002,81.65
2025-06-09 18:00:00+05:30,35.980000000000004,175.35,68.55
2025-06-09 19:00:00+05:30,36.4275,185.89999999999998,83.22500000000001
2025-06-09 20:00:00+05:30,28.592499999999998,194.575,81.42500000000001
2025-06-09 21:00:00+05:30,23.355,221.89999999999998,105.9
2025-06-09 22:00:00+05:30,33.22,214.9,111.2
2025-06-09 23:00:00+05:30,32.123333333333335,223.66666666666666,114.56666666666666
2025-06-10 00:00:00+05:30,33.65,216.6,100.2
2025-06-10 01:00:00+05:30,26.85,216.775,94.025
2025-06-10 02:00:00+05:30,26.2775,197.5,100.875
2025-06-10 03:00:00+05:30,31.07,181.575,93.95
2025-06-10 04:00:00+05:30,24.142500000000002,184.6,78.75
2025-06-10 05:00:00+05:30,29.355,178.45,88.825
2025-06-10 06:00:00+05:30,22.13,176.4,79.3
2025-06-10 07:00:00+05:30,37.92,174.42499999999998,101.75
2025-06-10 08:00:00+05:30,28.15,184.05,98.0
2025-06-10 09:00:00+05:30,34.343333333333334,181.30000000000004,110.90000000000002
2025-06-10 10:00:00+05:30,29.875,188.15,93.67500000000001
2025-06-10 11:00:00+05:30,30.830000000000002,177.525,89.725
2025-06-10 12:00:00+05:30,31.064999999999998,178.15,84.825
2025-06-10 13:00:00+05:30,30.4675,177.15,88.0
2025-06-10 14:00:00+05:30,29.56,169.17499999999998,74.44999999999999
2025-06-10 15:00:00+05:30,26.795,161.275,63.6
2025-06-10 16:00:00+05:30,24.13,159.9,76.76666666666667
2025-06-10 17:00:00+05:30,36.555,163.85,78.6
2025-06-10 18:00:00+05:30,31.435000000000002,162.39999999999998,63.45
2025-06-10 19:00:00+05:30,31.083333333333332,168.8,63.29999999999999
2025-06-10 20:00:00+05:30,27.7875,194.3,78.05
2025-06-10 21:00:00+05:30,33.305,205.5,99.07499999999999
2025-06-10 22:00:00+05:30,30.935,215.20000000000002,97.625
2025-06-10 23:00:00+05:30,30.99666666666667,217.0666666666667,88.83333333333333
2025-06-11 00:00:00+05:30,43.85,223.6,98.9
2025-06-11 01:00:00+05:30,32.17,203.7,97.225
2025-06-11 02:00:00+05:30,30.22,198.8,84.625
2025-06-11 03:00:00+05:30,31.015,194.05,79.725
2025-06-11 04:00:00+05:30,34.3425,193.575,82.825
2025-06-11 05:00:00+05:30,31.9075,182.5,83.475
2025-06-11 06:00:00+05:30,26.28,171.39999999999998,80.5
2025-06-11 07:00:00+05:30,30.7825,173.4,80.9
2025-06-11 08:00:00+05:30,41.8375,175.225,76.225
2025-06-11 09:00:00+05:30,28.137500000000003,180.375,139.475
2025-06-11 10:00:00+05:30,35.473333333333336,192.1,105.0
2025-06-11 11:00:00+05:30,37.417500000000004,188.72500000000002,90.15
2025-06-11 12:00:00+05:30,34.5825,178.6,76.45
2025-06-11 13:00:00+05:30,27.8175,173.75,76.05
2025-06-11 14:00:00+05:30,40.74,148.2,56.4
2025-06-11 15:00:00+05:30,30.5725,145.45,69.125
2025-06-11 16:00:00+05:30,30.392500000000002,144.125,59.15
2025-06-11 17:00:00+05:30,34.6325,141.425,59.8
2025-06-11 18:00:00+05:30,29.7675,145.72500000000002,61.875
2025-06-11 19:00:00+05:30,33.545,147.20000000000002,63.875
2025-06-11 20:00:00+05:30,26.1725,179.925,68.07499999999999
2025-06-11 21:00:00+05:30,34.144999999999996,177.325,66.475
2025-06-11 22:00:00+05:30,37.5725,174.725,88.625
2025-06-11 23:00:00+05:30,23.706666666666667,183.36666666666667,76.3
2025-06-12 00:00:00+05:30,23.95,195.4,64.5
2025-06-12 01:00:00+05:30,25.575,186.85000000000002,150.45000000000002
2025-06-12 02:00:00+05:30,24.495,173.8,138.75
2025-06-12 03:00:00+05:30,21.9175,173.375,120.95
2025-06-12 04:00:00+05:30,25.7425,171.625,96.2
2025-06-12 05:00:00+05:30,25.4575,164.475,89.05
2025-06-12 06:00:00+05:30,28.4675,158.0,66.25
2025-06-12 07:00:00+05:30,32.1575,157.375,75.85
2025-06-12 08:00:00+05:30,33.03666666666667,156.36666666666665,67.36666666666666
2025-06-12 09:00:00+05:30,32.75666666666667,155.86666666666667,67.10000000000001
2025-06-12 10:00:00+05:30,28.872500000000002,149.8,17.175
2025-06-12 11:00:00+05:30,35.85,113.775,0.0
2025-06-12 12:00:00+05:30,39.0775,27.95,5.5
2025-06-12 13:00:00+05:30,12.2775,78.875,25.3
2025-06-12 14:00:00+05:30,8.66,90.0,60.675
2025-06-12 15:00:00+05:30,13.5125,108.425,118.375
2025-06-12 16:00:00+05:30,10.5475,101.675,77.3
2025-06-12 17:00:00+05:30,12.7625,105.35,64.4
2025-06-12 18:00:00+05:30,18.9825,107.4,91.42500000000001
2025-06-12 19:00:00+05:30,22.5,113.9,181.25
2025-06-12 20:00:00+05:30,13.3375,146.45,133.3
2025-06-12 21:00:00+05:30,11.83,187.425,139.175
2025-06-12 22:00:00+05:30,17.4075,177.65,99.275
2025-06-12 23:00:00+05:30,8.155,173.35000000000002,84.2
2025-06-13 00:00:00+05:30,6.55,143.0,86.9
2025-06-13 01:00:00+05:30,11.9875,140.825,81.10000000000001
2025-06-13 02:00:00+05:30,9.5725,134.54999999999998,71.7
2025-06-13 03:00:00+05:30,5.976666666666667,134.06666666666666,93.26666666666667
2025-06-13 04:00:00+05:30,2.17,124.7,64.7
2025-06-13 05:00:00+05:30,12.015,113.8,62.55
2025-06-13 06:00:00+05:30,16.0175,115.075,67.65
2025-06-13 07:00:00+05:30,15.16,118.65,74.2
2025-06-13 08:00:00+05:30,13.84,135.35,61.324999999999996
2025-06-13 09:00:00+05:30,17.83,137.775,80.775
2025-06-13 10:00:00+05:30,22.7075,139.5,77.45
2025-06-13 11:00:00+05:30,13.995000000000001,143.575,83.47500000000001
2025-06-13 12:00:00+05:30,25.427500000000002,145.675,59.300000000000004
2025-06-13 13:00:00+05:30,24.6925,135.25,39.525
2025-06-13 14:00:00+05:30,31.8575,124.175,55.65
2025-06-13 15:00:00+05:30,20.84,126.15,60.7
2025-06-13 16:00:00+05:30,29.520000000000003,134.25,53.25
2025-06-13 17:00:00+05:30,23.165,118.55,49.775
2025-06-13 18:00:00+05:30,24.4925,117.65,49.475
2025-06-13 19:00:00+05:30,20.3575,113.15,50.225
2025-06-13 20:00:00+05:30,32.155,112.525,43.025
2025-06-13 21:00:00+05:30,32.72,121.425,54.325
2025-06-13 22:00:00+05:30,24.6925,118.3,57.25
2025-06-13 23:00:00+05:30,21.903333333333336,122.89999999999999,60.53333333333333
2025-06-14 00:00:00+05:30,38.68,121.5,40.5
2025-06-14 01:00:00+05:30,24.2875,118.5,42.725
2025-06-14 02:00:00+05:30,24.302500000000002,106.65,48.0
2025-06-14 03:00:00+05:30,34.6175,95.6,45.225
2025-06-14 04:00:00+05:30,29.540000000000003,88.83333333333333,55.36666666666667
2025-06-14 05:00:00+05:30,18.965,85.175,65.75
2025-06-14 06:00:00+05:30,22.375,89.775,54.45
2025-06-14 07:00:00+05:30,21.72,93.47500000000001,63.125
2025-06-14 08:00:00+05:30,22.656666666666666,93.26666666666667,125.56666666666666
2025-06-14 09:00:00+05:30,22.4375,91.825,249.575
2025-06-14 10:00:00+05:30,23.474999999999998,88.05,153.425
2025-06-14 11:00:00+05:30,30.82,83.775,96.85
2025-06-14 12:00:00+05:30,23.9,89.025,151.1
2025-06-14 13:00:00+05:30,23.915,96.45,334.775
2025-06-14 14:00:00+05:30,18.307499999999997,0.0,61.9
2025-06-14 15:00:00+05:30,11.11,0.0,0.0
2025-06-14 16:00:00+05:30,31.336666666666662,116.16666666666667,34.96666666666666
2025-06-14 17:00:00+05:30,27.027499999999996,101.375,98.15
2025-06-14 18:00:00+05:30,16.52,0.0,21.3
2025-06-14 19:00:00+05:30,11.11,0.0,0.0
2025-06-14 20:00:00+05:30,11.11,0.0,0.0
2025-06-14 21:00:00+05:30,11.11,0.0,0.0
2025-06-14 22:00:00+05:30,11.11,0.0,0.0
2025-06-14 23:00:00+05:30,11.11,0.0,0.0
2025-06-15 00:00:00+05:30,11.11,0.0,0.0
2025-06-15 01:00:00+05:30,11.11,0.0,0.0
2025-06-15 02:00:00+05:30,11.11,0.0,0.0
2025-06-15 03:00:00+05:30,11.11,0.0,0.0
2025-06-15 04:00:00+05:30,11.11,0.0,0.0
2025-06-15 05:00:00+05:30,11.11,0.0,0.0
2025-06-16 11:00:00+05:30,42.11,39.8,34.6
2025-06-16 12:00:00+05:30,30.69666666666667,40.3,34.6
2025-06-16 13:00:00+05:30,28.08,65.10000000000001,34.1
2025-06-16 14:00:00+05:30,25.1625,42.875,30.375
2025-06-16 15:00:00+05:30,20.6675,37.65,24.375
2025-06-16 16:00:00+05:30,21.865,58.925,35.8
2025-06-16 17:00:00+05:30,26.6075,67.75,50.075
2025-06-16 18:00:00+05:30,24.2625,65.75,48.8
2025-06-16 19:00:00+05:30,30.6725,56.625,48.8
2025-06-16 20:00:00+05:30,29.44666666666667,51.300000000000004,48.79999999999999
2025-06-16 21:00:00+05:30,19.2075,46.9,48.8
2025-06-16 22:00:00+05:30,28.8775,44.2,48.8
2025-06-16 23:00:00+05:30,19.396666666666665,51.0,48.79999999999999
2025-06-17 00:00:00+05:30,23.35,45.3,34.0
2025-06-17 01:00:00+05:30,17.3825,45.425,35.125
2025-06-17 02:00:00+05:30,27.41,44.224999999999994,41.025
2025-06-17 03:00:00+05:30,22.302500000000002,38.925,48.400000000000006
2025-06-17 04:00:00+05:30,29.1275,34.625,45.95
2025-06-17 05:00:00+05:30,21.9025,28.5,43.05
2025-06-17 06:00:00+05:30,21.1675,27.375,41.7
2025-06-17 07:00:00+05:30,25.45,29.275,27.475
2025-06-17 08:00:00+05:30,18.49,24.3,35.825
2025-06-17 09:00:00+05:30,26.427500000000002,22.325,37.8
2025-06-17 10:00:00+05:30,25.865000000000002,24.1,45.925
2025-06-17 11:00:00+05:30,25.6075,13.4,8.475
2025-06-17 12:00:00+05:30,20.12,22.700000000000003,41.65
2025-06-17 13:00:00+05:30,30.764999999999997,60.45,60.275
2025-06-17 14:00:00+05:30,30.95,134.25,47.625
2025-06-17 15:00:00+05:30,31.795,130.35,43.375
2025-06-17 16:00:00+05:30,30.302500000000002,127.275,42.275
2025-06-17 17:00:00+05:30,31.43,141.70000000000002,40.15
2025-06-17 18:00:00+05:30,19.85,151.05,26.65
2025-06-17 19:00:00+05:30,21.8575,146.0,29.45
2025-06-17 20:00:00+05:30,28.406666666666666,139.06666666666666,31.099999999999998
2025-06-17 21:00:00+05:30,35.11,139.5,80.15
2025-06-17 22:00:00+05:30,27.9875,374.65,76.15
2025-06-17 23:00:00+05:30,26.286666666666665,208.36666666666667,55.53333333333333
2025-06-18 00:00:00+05:30,23.85,114.1,45.3
2025-06-18 01:00:00+05:30,26.0625,114.1,41.725
2025-06-18 02:00:00+05:30,19.6625,112.52499999999999,26.9
2025-06-18 03:00:00+05:30,23.0625,114.75,15.45
2025-06-18 04:00:00+05:30,17.377499999999998,133.975,12.6
2025-06-18 05:00:00+05:30,26.7125,138.625,20.1
2025-06-18 06:00:00+05:30,17.447499999999998,120.94999999999999,17.25
2025-06-18 07:00:00+05:30,19.075,120.325,18.974999999999998
2025-06-18 08:00:00+05:30,18.92,124.0,24.875
2025-06-18 09:00:00+05:30,24.335,115.925,33.0
2025-06-18 10:00:00+05:30,22.88,114.1,34.1
2025-06-18 11:00:00+05:30,12.815,56.75,19.25
2025-06-18 12:00:00+05:30,26.8875,112.325,39.2
2025-06-18 13:00:00+05:30,26.455,111.375,33.825
2025-06-18 14:00:00+05:30,33.11,116.05,29.400000000000002
2025-06-18 15:00:00+05:30,27.5375,119.375,18.025
2025-06-18 16:00:00+05:30,25.9375,118.4,16.275
2025-06-18 17:00:00+05:30,27.75,119.39999999999999,26.15
2025-06-18 19:00:00+05:30,24.65,121.4,24.4
2025-06-18 20:00:00+05:30,25.7375,124.325,36.175
2025-06-18 21:00:00+05:30,24.7525,134.15,38.56666666666667
2025-06-18 22:00:00+05:30,19.759999999999998,137.575,37.625
2025-06-18 23:00:00+05:30,16.41,120.93333333333334,43.73333333333333
2025-06-19 00:00:00+05:30,37.91,90.9,39.6
2025-06-19 01:00:00+05:30,23.16,102.15,64.5
2025-06-19 02:00:00+05:30,25.0875,101.25,57.349999999999994
2025-06-19 03:00:00+05:30,22.67,84.7,36.974999999999994
2025-06-19 04:00:00+05:30,24.58,75.025,39.45
2025-06-19 05:00:00+05:30,20.6575,68.75,37.375
2025-06-19 06:00:00+05:30,22.564999999999998,72.97500000000001,24.925
2025-06-19 07:00:00+05:30,23.575,77.45,35.7
2025-06-19 08:00:00+05:30,37.9025,78.2,38.6
2025-06-19 09:00:00+05:30,25.3925,79.1,50.675
2025-06-19 10:00:00+05:30,27.875,78.0,13.7
2025-06-19 11:00:00+05:30,24.24,62.199999999999996,0.0
2025-06-19 12:00:00+05:30,26.1075,34.2,11.45
2025-06-19 13:00:00+05:30,22.335,40.725,24.225
2025-06-19 14:00:00+05:30,26.5825,36.925,35.825
2025-06-19 15:00:00+05:30,30.7325,40.55,34.175
2025-06-19 16:00:00+05:30,22.34,44.95,27.925
2025-06-19 17:00:00+05:30,25.88,43.525000000000006,33.55
2025-06-19 18:00:00+05:30,31.0375,40.925,32.0
2025-06-19 19:00:00+05:30,26.35,44.8,38.125
2025-06-19 20:00:00+05:30,26.5025,44.725,36.1
2025-06-19 21:00:00+05:30,22.225,37.975,27.025
2025-06-19 22:00:00+05:30,30.4875,30.525000000000002,23.65
2025-06-19 23:00:00+05:30,31.599999999999998,26.066666666666666,21.933333333333334
2025-06-20 00:00:00+05:30,49.18,21.7,12.6
2025-06-20 01:00:00+05:30,28.619999999999997,22.35,9.675
2025-06-20 02:00:00+05:30,31.94,21.15,7.125
2025-06-20 03:00:00+05:30,26.192500000000003,18.475,6.074999999999999
2025-06-20 04:00:00+05:30,22.575,18.475,4.25
2025-06-20 05:00:00+05:30,21.25,18.225,3.225
2025-06-20 06:00:00+05:30,41.52,17.466666666666665,3.1333333333333333
2025-06-20 07:00:00+05:30,20.8675,16.875,3.45
2025-06-20 08:00:00+05:30,27.9925,15.649999999999999,3.15
2025-06-20 09:00:00+05:30,24.3125,15.425,9.950000000000001
2025-06-20 10:00:00+05:30,27.244999999999997,15.8,13.3
2025-06-20 11:00:00+05:30,23.32,15.625,18.25
2025-06-20 12:00:00+05:30,27.706666666666667,14.700000000000001,13.433333333333332
2025-06-20 13:00:00+05:30,17.9975,14.4,8.25
2025-06-20 14:00:00+05:30,26.345,14.475,12.2
2025-06-20 15:00:00+05:30,24.895,10.55,0.075
2025-06-20 16:00:00+05:30,22.400000000000002,20.366666666666667,5.666666666666667
2025-06-20 17:00:00+05:30,29.6275,36.25,13.75
2025-06-20 18:00:00+05:30,33.805,45.4,16.75
2025-06-20 19:00:00+05:30,19.4775,47.575,23.375
2025-06-20 20:00:00+05:30,20.7475,58.2,37.45
2025-06-20 21:00:00+05:30,23.09,76.575,35.475
2025-06-20 22:00:00+05:30,26.5675,88.85,45.199999999999996
2025-06-20 23:00:00+05:30,23.64,92.90000000000002,51.9
2025-06-21 00:00:00+05:30,14.72,82.5,44.8
2025-06-21 01:00:00+05:30,20.0,90.9,39.85
2025-06-21 02:00:00+05:30,17.322499999999998,80.825,29.275
2025-06-21 03:00:00+05:30,18.1425,74.95,41.925
2025-06-21 04:00:00+05:30,25.1675,76.725,27.975
2025-06-21 05:00:00+05:30,23.195,62.6,23.2
2025-06-21 06:00:00+05:30,29.7975,54.075,23.674999999999997
2025-06-21 07:00:00+05:30,20.8775,55.599999999999994,19.975
2025-06-21 13:00:00+05:30,38.985,58.2,22.9
2025-06-21 14:00:00+05:30,345.8625,52.775,18.65
2025-06-21 15:00:00+05:30,20.86,57.525000000000006,16.849999999999998
2025-06-21 16:00:00+05:30,21.887500000000003,62.55,23.325000000000003
2025-06-21 17:00:00+05:30,25.9275,64.675,20.05
2025-06-21 18:00:00+05:30,17.1425,64.3,33.825
2025-06-21 19:00:00+05:30,16.213333333333335,67.63333333333334,44.166666666666664
2025-06-21 20:00:00+05:30,12.53,89.5,32.7
2025-06-21 21:00:00+05:30,23.645,96.65,31.975
2025-06-21 22:00:00+05:30,15.415,105.8,23.9
2025-06-21 23:00:00+05:30,16.36,95.09999999999998,42.5
2025-06-22 00:00:00+05:30,13.45,86.2,38.0
2025-06-22 01:00:00+05:30,24.8625,82.875,42.1
2025-06-22 02:00:00+05:30,18.9375,83.32499999999999,37.550000000000004
2025-06-22 03:00:00+05:30,22.3625,70.8,34.475
2025-06-22 04:00:00+05:30,23.843333333333334,71.0,25.266666666666666
2025-06-22 05:00:00+05:30,24.0975,74.175,28.95
2025-06-22 07:00:00+05:30,18.45,65.2,43.6
2025-06-22 08:00:00+05:30,18.53,70.075,43.550000000000004
2025-06-22 09:00:00+05:30,19.11,68.0,48.775000000000006
2025-06-22 10:00:00+05:30,19.955,70.60000000000001,42.025000000000006
2025-06-22 11:00:00+05:30,19.73,58.075,39.275
2025-06-22 12:00:00+05:30,25.52333333333333,57.70000000000001,36.0
2025-06-22 13:00:00+05:30,20.7975,50.95,29.2
2025-06-22 14:00:00+05:30,15.41,58.4,29.3
2025-06-22 15:00:00+05:30,18.08,55.025,31.3
2025-06-22 16:00:00+05:30,17.34,58.599999999999994,35.65
2025-06-22 17:00:00+05:30,22.4775,55.6,28.575
2025-06-22 18:00:00+05:30,15.425,55.275,22.525
2025-06-22 19:00:00+05:30,21.4575,48.2,31.3
2025-06-22 20:00:00+05:30,16.75,60.45,42.974999999999994
2025-06-22 21:00:00+05:30,21.820000000000004,58.29999999999999,30.399999999999995
2025-06-22 22:00:00+05:30,15.595,55.65,34.425
2025-06-22 23:00:00+05:30,16.903333333333332,63.9,42.3
2025-06-23 00:00:00+05:30,20.14,61.6,31.8
2025-06-23 01:00:00+05:30,19.39,56.1,37.975
2025-06-23 02:00:00+05:30,20.89,57.6,34.0
2025-06-23 03:00:00+05:30,17.813333333333333,61.833333333333336,32.23333333333333
2025-06-23 04:00:00+05:30,25.73,57.5,36.925000000000004
2025-06-23 05:00:00+05:30,24.1,55.4,47.5
2025-06-23 06:00:00+05:30,23.095,55.55,36.150000000000006
2025-06-23 07:00:00+05:30,22.92,59.175000000000004,28.3
2025-06-23 08:00:00+05:30,20.47,50.75,38.2
2025-06-23 09:00:00+05:30,18.68,50.075,25.975
2025-06-23 10:00:00+05:30,26.1175,49.525,22.6
2025-06-23 11:00:00+05:30,16.776666666666667,46.133333333333326,23.766666666666666
2025-06-23 12:00:00+05:30,16.98333333333333,55.6,19.2
2025-06-23 13:00:00+05:30,17.07,54.825,23.225
2025-06-23 14:00:00+05:30,24.52,51.55,37.099999999999994
2025-06-23 15:00:00+05:30,13.46,44.85,33.475
2025-06-23 16:00:00+05:30,21.064999999999998,51.7,25.674999999999997
2025-06-23 17:00:00+05:30,19.9425,45.8,30.55
2025-06-23 18:00:00+05:30,21.175,56.3,37.025
2025-06-23 19:00:00+05:30,22.34,52.15,29.450000000000003
2025-06-23 20:00:00+05:30,20.695,62.150000000000006,27.025
2025-06-23 21:00:00+05:30,25.955,60.75,23.975
2025-06-23 22:00:00+05:30,19.406666666666666,55.666666666666664,24.2
2025-06-23 23:00:00+05:30,16.953333333333333,62.20000000000001,46.70000000000001
2025-06-24 00:00:00+05:30,17.32,56.7,34.0
2025-06-24 01:00:00+05:30,17.525000000000002,62.9,41.15
2025-06-24 02:00:00+05:30,19.395,63.1,42.900000000000006
2025-06-24 03:00:00+05:30,20.1625,61.625,39.1
2025-06-24 04:00:00+05:30,16.9025,63.75,52.725
2025-06-24 05:00:00+05:30,25.57,65.825,49.3
2025-06-24 06:00:00+05:30,14.0775,57.1,37.625
2025-06-24 07:00:00+05:30,19.5875,60.5,50.925
2025-06-24 08:00:00+05:30,21.4825,63.575,58.475
2025-06-24 09:00:00+05:30,22.682499999999997,61.5,40.3
2025-06-24 10:00:00+05:30,24.725,61.5,10.0
2025-06-24 11:00:00+05:30,26.09,10.85,0.475
2025-06-24 12:00:00+05:30,21.302500000000002,17.325000000000003,15.0
2025-06-24 13:00:00+05:30,18.205,30.475,25.55
2025-06-24 14:00:00+05:30,19.785,43.475,34.6
2025-06-24 15:00:00+05:30,22.05,54.23333333333333,35.2
2025-06-24 17:00:00+05:30,33.03,46.6,35.1
2025-06-24 18:00:00+05:30,30.3975,36.325,26.225
2025-06-24 19:00:00+05:30,21.910000000000004,35.324999999999996,31.15
2025-06-24 20:00:00+05:30,21.28,44.2,24.4
2025-06-24 21:00:00+05:30,18.44,44.575,40.35
2025-06-24 22:00:00+05:30,20.06,49.675,43.85
2025-06-24 23:00:00+05:30,15.780000000000001,75.7,58.03333333333333
2025-06-25 10:00:00+05:30,29.01,68.4,46.5
2025-06-25 11:00:00+05:30,17.560000000000002,68.85,45.4
2025-06-25 12:00:00+05:30,11.27,75.7,42.3
2025-06-25 13:00:00+05:30,12.245000000000001,72.5,38.3
2025-06-25 14:00:00+05:30,18.925,68.35,47.075
2025-06-25 15:00:00+05:30,20.513333333333332,63.06666666666666,25.133333333333336
2025-06-25 16:00:00+05:30,17.295,65.30000000000001,28.75
2025-06-25 17:00:00+05:30,17.5425,57.225,23.174999999999997
2025-06-25 18:00:00+05:30,19.29,61.7,28.0
2025-06-25 21:00:00+05:30,20.1275,60.325,33.4
2025-06-25 22:00:00+05:30,13.286666666666667,63.5,31.100000000000005
2025-06-25 23:00:00+05:30,14.519999999999998,55.06666666666666,22.53333333333333
2025-06-26 00:00:00+05:30,18.41,49.6,11.9
2025-06-26 01:00:00+05:30,14.1975,46.9,7.425
2025-06-26 02:00:00+05:30,19.4525,43.725,14.55
2025-06-26 03:00:00+05:30,16.18,45.625,8.3
2025-06-26 04:00:00+05:30,16.865000000000002,54.449999999999996,8.575
2025-06-26 05:00:00+05:30,13.9175,49.425000000000004,13.85
2025-06-26 06:00:00+05:30,22.55,48.824999999999996,22.325
2025-06-26 07:00:00+05:30,18.67,44.575,14.95
2025-06-26 08:00:00+05:30,18.93,44.8,14.3
2025-06-26 09:00:00+05:30,14.336666666666666,44.43333333333334,26.433333333333334
2025-06-26 10:00:00+05:30,16.30666666666667,55.29999999999999,7.866666666666667
2025-06-26 11:00:00+05:30,18.9675,42.775,0.0
2025-06-26 12:00:00+05:30,19.2125,48.025,1.9500000000000002
2025-06-26 13:00:00+05:30,19.0,137.775,7.9
2025-06-26 14:00:00+05:30,23.2175,145.875,14.175
2025-06-26 15:00:00+05:30,22.01,90.125,15.975000000000001
2025-06-26 16:00:00+05:30,19.375,63.5,10.35
2025-06-26 17:00:00+05:30,23.085,62.325,11.325
2025-06-26 18:00:00+05:30,14.4125,53.9,14.525
2025-06-26 19:00:00+05:30,14.962499999999999,48.55,18.2
2025-06-26 20:00:00+05:30,24.2125,35.949999999999996,23.25
2025-06-26 21:00:00+05:30,22.63,31.15,22.9
2025-06-26 22:00:00+05:30,20.4925,33.6,24.599999999999998
2025-06-26 23:00:00+05:30,23.189999999999998,38.2,21.0
2025-06-27 00:00:00+05:30,23.32,36.5,33.1
2025-06-27 01:00:00+05:30,20.7225,37.55,34.025
2025-06-27 02:00:00+05:30,24.6475,40.375,30.799999999999997
2025-06-27 03:00:00+05:30,23.1825,39.025000000000006,20.75
2025-06-27 04:00:00+05:30,21.5825,35.9,23.45
2025-06-27 05:00:00+05:30,20.235,37.775,25.6
2025-06-27 06:00:00+05:30,26.365000000000002,35.975,22.150000000000002
2025-06-27 07:00:00+05:30,33.5525,39.85,23.575000000000003
2025-06-27 08:00:00+05:30,20.884999999999998,32.375,20.75
2025-06-27 09:00:00+05:30,23.7175,26.525,18.525
2025-06-27 10:00:00+05:30,22.3825,22.7,19.625
2025-06-27 11:00:00+05:30,17.555,20.975,20.825
2025-06-27 12:00:00+05:30,20.015,17.775000000000002,11.55
2025-06-27 13:00:00+05:30,22.875,18.475,5.324999999999999
2025-06-27 14:00:00+05:30,26.9875,27.9,11.174999999999999
2025-06-27 15:00:00+05:30,29.146666666666665,29.96666666666667,12.433333333333332
2025-06-27 16:00:00+05:30,21.61,34.5,24.2
2025-06-27 17:00:00+05:30,25.395,32.375,22.225
2025-06-27 18:00:00+05:30,19.585,27.3,19.625
2025-06-27 19:00:00+05:30,17.72,41.65,16.875
2025-06-27 20:00:00+05:30,18.8375,45.475,20.55
2025-06-28 06:00:00+05:30,19.4025,57.225,17.575
2025-06-28 07:00:00+05:30,20.494999999999997,54.8,27.525
2025-06-28 08:00:00+05:30,14.0,52.333333333333336,32.56666666666667
2025-06-28 09:00:00+05:30,12.2725,55.7,28.950000000000003
2025-06-28 10:00:00+05:30,22.072499999999998,57.5,24.85
2025-06-28 11:00:00+05:30,20.9875,50.6,26.0
2025-06-28 12:00:00+05:30,22.6875,44.825,21.575
2025-06-28 13:00:00+05:30,24.9875,44.525000000000006,15.825
2025-06-28 14:00:00+05:30,19.3,46.15,15.4
2025-06-28 15:00:00+05:30,29.055,43.275,20.175
2025-06-28 16:00:00+05:30,22.89,48.3,17.225
2025-06-28 17:00:00+05:30,15.435,51.575,17.625
2025-06-28 18:00:00+05:30,15.59,45.975,21.85
2025-06-28 19:00:00+05:30,24.9725,43.95,27.55
2025-06-28 20:00:00+05:30,16.455,43.375,28.875
2025-06-28 21:00:00+05:30,15.1125,42.35,24.825
2025-06-28 22:00:00+05:30,13.355,42.175,23.475
2025-06-28 23:00:00+05:30,14.266666666666667,41.06666666666667,31.900000000000002
2025-06-29 00:00:00+05:30,16.5,43.6,32.0
2025-06-29 01:00:00+05:30,18.265,45.575,29.375
2025-06-29 02:00:00+05:30,22.6325,46.775,25.725
2025-06-29 03:00:00+05:30,15.7975,44.675,28.875
2025-06-29 04:00:00+05:30,15.19,43.225,27.325
2025-06-29 05:00:00+05:30,17.185000000000002,39.3,20.099999999999998
2025-06-29 06:00:00+05:30,22.395,36.7,18.725
2025-06-29 07:00:00+05:30,15.8925,34.725,12.2
2025-06-29 08:00:00+05:30,18.735,35.025000000000006,13.65
2025-06-29 09:00:00+05:30,18.67,38.125,16.025
2025-06-29 10:00:00+05:30,14.86,39.224999999999994,16.8
2025-06-29 11:00:00+05:30,25.515,36.275,21.3
2025-06-29 12:00:00+05:30,19.802500000000002,35.3,16.9
2025-06-29 13:00:00+05:30,23.7475,34.225,17.475
2025-06-29 14:00:00+05:30,23.689999999999998,33.0,10.55
2025-06-29 15:00:00+05:30,17.6525,32.25,6.925
2025-06-29 16:00:00+05:30,16.365000000000002,31.3,10.375
2025-06-29 17:00:00+05:30,21.695,33.55,16.849999999999998
2025-06-29 18:00:00+05:30,15.0275,36.4,11.325
2025-06-29 19:00:00+05:30,17.107499999999998,30.924999999999997,8.35
2025-06-29 20:00:00+05:30,13.1975,27.1,6.225
2025-06-29 21:00:00+05:30,15.813333333333333,29.0,7.8
2025-06-29 22:00:00+05:30,20.15,33.9,23.1
2025-06-30 10:00:00+05:30,14.200000000000001,28.066666666666666,29.3
2025-06-30 11:00:00+05:30,21.23,28.7,22.4
2025-06-30 12:00:00+05:30,19.95,27.275,26.075
2025-06-30 13:00:00+05:30,15.9425,24.85,34.0
2025-06-30 14:00:00+05:30,21.1725,33.574999999999996,1.175
2025-06-30 15:00:00+05:30,14.8875,140.85,8.7
2025-06-30 16:00:00+05:30,18.54,124.35,6.05
2025-06-30 17:00:00+05:30,16.94333333333333,85.7,11.166666666666666
2025-06-30 18:00:00+05:30,16.755,61.2,12.65
2025-06-30 19:00:00+05:30,23.13,58.85,22.525
2025-06-30 20:00:00+05:30,22.55,62.175,12.125
2025-06-30 21:00:00+05:30,16.675,52.65,7.6
2025-06-30 22:00:00+05:30,16.2875,45.4,10.175
2025-06-30 23:00:00+05:30,21.80333333333333,41.9,14.199999999999998
2025-07-01 00:00:00+05:30,13.97,32.7,12.2
2025-07-01 01:00:00+05:30,12.5275,30.05,8.9
2025-07-01 02:00:00+05:30,20.4575,27.95,4.65
2025-07-01 03:00:00+05:30,14.6125,25.925,4.625
2025-07-01 04:00:00+05:30,15.6175,24.875,11.5
2025-07-01 05:00:00+05:30,21.0975,28.099999999999998,15.5
2025-07-01 06:00:00+05:30,15.209999999999999,40.1,26.03333333333333
2025-07-01 07:00:00+05:30,21.505,49.9,16.174999999999997
2025-07-01 08:00:00+05:30,18.2525,46.65,19.325
2025-07-01 09:00:00+05:30,18.1375,44.55,12.6
2025-07-01 10:00:00+05:30,16.405,46.425,9.8
2025-07-01 11:00:00+05:30,18.152500000000003,47.599999999999994,15.875
2025-07-01 12:00:00+05:30,16.3,45.275,0.0
2025-07-01 13:00:00+05:30,26.0475,10.4,0.05
2025-07-01 14:00:00+05:30,19.2075,10.625,1.525
2025-07-01 15:00:00+05:30,18.255,15.875,2.375
2025-07-01 16:00:00+05:30,17.7425,20.325,1.875
2025-07-01 17:00:00+05:30,20.8275,27.674999999999997,3.8
2025-07-01 18:00:00+05:30,15.1175,22.775,4.05
2025-07-01 19:00:00+05:30,12.8225,24.75,5.1
2025-07-01 20:00:00+05:30,23.619999999999997,28.525,5.65
2025-07-01 21:00:00+05:30,11.825,44.075,25.4
2025-07-01 22:00:00+05:30,14.16,47.525000000000006,25.25
2025-07-01 23:00:00+05:30,14.843333333333334,54.70000000000001,13.800000000000002
2025-07-02 00:00:00+05:30,24.15,51.7,20.1
2025-07-02 01:00:00+05:30,15.842500000000001,50.05,22.85
2025-07-02 02:00:00+05:30,14.2575,44.525000000000006,13.075000000000001
2025-07-02 03:00:00+05:30,13.295,52.025,6.675
2025-07-02 04:00:00+05:30,16.2825,52.15,6.425
2025-07-02 05:00:00+05:30,21.355,43.975,12.275
2025-07-02 06:00:00+05:30,22.55,45.5,12.3
2025-07-02 07:00:00+05:30,17.66,45.3,17.9
2025-07-02 08:00:00+05:30,22.22666666666667,54.5,14.699999999999998
2025-07-02 09:00:00+05:30,14.346666666666666,58.300000000000004,11.566666666666668
2025-07-02 10:00:00+05:30,15.8575,60.2,30.549999999999997
2025-07-02 11:00:00+05:30,18.6475,61.95,21.599999999999998
2025-07-02 12:00:00+05:30,22.21,58.7,26.75
2025-07-02 13:00:00+05:30,22.515,65.85,28.0
2025-07-02 14:00:00+05:30,22.295,69.65,27.55
2025-07-02 15:00:00+05:30,19.482499999999998,77.7,21.325
2025-07-02 18:00:00+05:30,15.21,61.0,19.7
2025-07-02 19:00:00+05:30,15.325,62.75,25.4
2025-07-02 20:00:00+05:30,19.03,66.47500000000001,14.625
2025-07-02 21:00:00+05:30,19.4625,67.475,23.625
2025-07-02 22:00:00+05:30,13.997499999999999,54.45,24.025
2025-07-02 23:00:00+05:30,12.853333333333333,62.6,29.899999999999995
2025-07-03 00:00:00+05:30,27.67,64.8,20.7
2025-07-03 01:00:00+05:30,21.814999999999998,54.675,13.975
2025-07-03 02:00:00+05:30,17.9575,58.15,8.525
2025-07-03 03:00:00+05:30,17.2225,48.425000000000004,12.05
2025-07-03 04:00:00+05:30,18.224999999999998,53.425000000000004,13.6
2025-07-03 05:00:00+05:30,19.9725,47.875,13.1
2025-07-03 06:00:00+05:30,18.6825,66.925,10.25
2025-07-03 07:00:00+05:30,22.996666666666666,58.20000000000001,9.033333333333333
2025-07-03 08:00:00+05:30,16.455,58.150000000000006,8.05
2025-07-03 09:00:00+05:30,22.5425,57.05,20.35
2025-07-03 10:00:00+05:30,17.052500000000002,56.225,27.125
2025-07-03 11:00:00+05:30,21.9675,57.1,25.125
2025-07-03 12:00:00+05:30,19.7275,57.1,0.0
2025-07-03 13:00:00+05:30,24.412499999999998,21.825,0.0
2025-07-03 14:00:00+05:30,16.825,33.05,12.95
2025-07-03 15:00:00+05:30,19.143333333333334,37.86666666666667,18.900000000000002
2025-07-03 16:00:00+05:30,16.240000000000002,40.275,22.475
2025-07-03 17:00:00+05:30,23.745,36.075,13.75
2025-07-03 18:00:00+05:30,20.0925,37.15,12.25
2025-07-03 19:00:00+05:30,17.2525,38.475,15.625
2025-07-03 20:00:00+05:30,23.607499999999998,43.125,18.599999999999998
2025-07-03 21:00:00+05:30,20.945,40.625,22.575
2025-07-03 22:00:00+05:30,13.2925,45.025,18.225
2025-07-03 23:00:00+05:30,19.656666666666666,49.86666666666667,33.199999999999996
2025-07-04 00:00:00+05:30,12.72,49.8,21.2
2025-07-04 01:00:00+05:30,22.575,52.8,18.224999999999998
2025-07-04 02:00:00+05:30,15.870000000000001,57.975,12.425
2025-07-04 03:00:00+05:30,16.53,65.625,7.75
2025-07-04 04:00:00+05:30,18.3675,53.224999999999994,18.55
2025-07-04 05:00:00+05:30,17.515,50.725,22.675
2025-07-04 06:00:00+05:30,15.125,55.8,17.5
2025-07-04 07:00:00+05:30,21.552500000000002,53.275,24.924999999999997
2025-07-04 08:00:00+05:30,14.213333333333333,47.199999999999996,22.600000000000005
2025-07-04 09:00:00+05:30,19.605,45.5,29.3
2025-07-04 10:00:00+05:30,23.735,47.85,30.55
2025-07-04 11:00:00+05:30,27.0825,48.1,29.425
2025-07-04 12:00:00+05:30,29.0225,56.325,22.275
2025-07-04 13:00:00+05:30,30.127499999999998,56.575,14.75
2025-07-04 14:00:00+05:30,17.203333333333333,47.9,0.0
2025-07-04 15:00:00+05:30,29.4875,10.4,0.0
2025-07-04 16:00:00+05:30,15.17,61.65,56.225
2025-07-04 17:00:00+05:30,26.18,62.4,40.925
2025-07-04 18:00:00+05:30,25.223333333333333,56.63333333333333,33.4
2025-07-04 19:00:00+05:30,15.51,46.525,20.125
2025-07-04 20:00:00+05:30,15.32,49.70000000000001,23.166666666666668
2025-07-05 02:00:00+05:30,17.55666666666667,43.5,15.5
2025-07-05 03:00:00+05:30,18.56,44.0,15.8
2025-07-05 04:00:00+05:30,12.513333333333334,52.86666666666667,10.833333333333334
2025-07-05 05:00:00+05:30,19.365,48.3,23.6
2025-07-05 06:00:00+05:30,20.3675,41.925,13.975
2025-07-05 07:00:00+05:30,19.45,36.8,29.275
2025-07-05 08:00:00+05:30,20.955,50.875,21.075
2025-07-05 09:00:00+05:30,18.02,51.1,19.8
2025-07-05 10:00:00+05:30,19.6075,45.824999999999996,30.4
2025-07-05 11:00:00+05:30,18.205,50.6,27.025
2025-07-05 12:00:00+05:30,18.375,55.8,31.25
2025-07-05 13:00:00+05:30,21.673333333333332,53.29999999999999,33.9
2025-07-05 14:00:00+05:30,19.195,47.7,28.75
2025-07-05 15:00:00+05:30,16.085,46.2,17.4
2025-07-05 16:00:00+05:30,27.02333333333333,54.46666666666667,16.1
2025-07-05 17:00:00+05:30,21.98,42.225,9.95
2025-07-05 18:00:00+05:30,22.95,41.5,19.425
2025-07-05 19:00:00+05:30,20.817500000000003,33.725,14.65
2025-07-05 20:00:00+05:30,15.7075,44.25,17.775
2025-07-05 21:00:00+05:30,14.842500000000001,38.9,31.0
2025-07-05 22:00:00+05:30,14.4075,43.075,24.75
2025-07-05 23:00:00+05:30,17.986666666666665,42.2,18.966666666666665
2025-07-06 00:00:00+05:30,28.24,42.2,28.3
2025-07-06 01:00:00+05:30,15.344999999999999,46.6,16.0
2025-07-06 02:00:00+05:30,19.335,36.125,16.1
2025-07-06 03:00:00+05:30,19.7875,38.7,14.725
2025-07-06 04:00:00+05:30,20.31,47.20000000000001,8.1
2025-07-06 05:00:00+05:30,16.73,44.5,5.825
2025-07-06 06:00:00+05:30,17.455,34.425,19.975
2025-07-06 07:00:00+05:30,25.185,30.6,17.625
2025-07-06 08:00:00+05:30,20.9175,26.4,21.175
2025-07-06 09:00:00+05:30,18.9825,41.45,25.75
2025-07-06 10:00:00+05:30,22.1725,34.725,20.75
2025-07-06 11:00:00+05:30,25.4225,35.0,24.275
2025-07-06 12:00:00+05:30,23.73,30.399999999999995,13.299999999999999
2025-07-06 13:00:00+05:30,19.045,38.075,15.475
2025-07-06 14:00:00+05:30,25.355,30.6,16.6
2025-07-06 15:00:00+05:30,19.035,36.5,9.975
2025-07-06 16:00:00+05:30,18.9125,40.075,24.675
2025-07-06 17:00:00+05:30,17.295,33.025,14.175
2025-07-06 18:00:00+05:30,17.095,35.1,13.725
2025-07-06 19:00:00+05:30,20.3,41.975,11.025
2025-07-06 20:00:00+05:30,19.04,41.7,31.925
2025-07-06 21:00:00+05:30,14.8625,44.875,29.424999999999997
2025-07-06 22:00:00+05:30,18.275,43.4,17.1
2025-07-06 23:00:00+05:30,20.376666666666665,43.5,20.266666666666666
2025-07-07 00:00:00+05:30,13.05,42.4,28.7
2025-07-07 01:00:00+05:30,18.135,50.275,17.9
2025-07-07 02:00:00+05:30,16.88,49.70000000000001,23.46666666666667
2025-07-07 03:00:00+05:30,22.1025,38.225,29.65
2025-07-07 04:00:00+05:30,18.2825,39.4,17.125
2025-07-07 05:00:00+05:30,27.04,35.525,11.15
2025-07-07 06:00:00+05:30,18.247500000000002,39.8,19.325
2025-07-07 07:00:00+05:30,21.345,36.324999999999996,25.05
2025-07-07 08:00:00+05:30,22.42,40.775,26.5
2025-07-07 09:00:00+05:30,21.155,44.6,30.95
2025-07-07 10:00:00+05:30,20.885,51.175000000000004,23.95
2025-07-07 11:00:00+05:30,22.14,41.324999999999996,12.799999999999999
2025-07-07 12:00:00+05:30,23.3625,45.175000000000004,31.85
2025-07-07 13:00:00+05:30,14.25,39.225,22.575
2025-07-07 14:00:00+05:30,19.485,31.924999999999997,22.0
2025-07-07 15:00:00+05:30,27.76,35.375,12.575
2025-07-07 16:00:00+05:30,21.12,44.975,19.349999999999998
2025-07-07 17:00:00+05:30,19.0725,44.5,10.875
2025-07-07 18:00:00+05:30,23.865000000000002,38.025,15.075
2025-07-07 19:00:00+05:30,26.232499999999998,41.675000000000004,17.975
2025-07-07 20:00:00+05:30,19.1275,44.3,24.25
2025-07-07 21:00:00+05:30,19.115,48.5,37.0
2025-07-07 22:00:00+05:30,17.845,42.8,30.150000000000002
2025-07-07 23:00:00+05:30,14.949999999999998,56.26666666666667,29.399999999999995
2025-07-08 00:00:00+05:30,16.69,53.5,33.4
2025-07-08 01:00:00+05:30,16.6125,50.4,19.025
2025-07-08 02:00:00+05:30,14.557500000000001,46.5,37.35
2025-07-08 03:00:00+05:30,21.84,48.0,28.275
2025-07-08 04:00:00+05:30,20.47,56.275,43.35
2025-07-08 05:00:00+05:30,16.67,56.5,23.600000000000005
2025-07-08 06:00:00+05:30,18.4025,46.225,20.325
2025-07-08 07:00:00+05:30,21.77,48.475,30.5
2025-07-08 08:00:00+05:30,25.2075,48.5,35.775
2025-07-08 09:00:00+05:30,24.09,50.4,29.225
2025-07-08 10:00:00+05:30,17.29,30.4,0.0
2025-07-08 11:00:00+05:30,15.846666666666666,36.0,0.7333333333333334
2025-07-08 12:00:00+05:30,23.6825,52.95,5.225
2025-07-08 13:00:00+05:30,24.395,50.825,17.825
2025-07-08 14:00:00+05:30,17.7,50.15,25.75
2025-07-08 15:00:00+05:30,13.9975,49.6,24.5
2025-07-08 16:00:00+05:30,13.14,35.1,21.6
2025-07-08 17:00:00+05:30,11.123333333333335,34.96666666666667,19.433333333333334
2025-07-08 18:00:00+05:30,23.73,35.5,17.675
2025-07-08 19:00:00+05:30,13.629999999999999,37.675,16.45
2025-07-08 20:00:00+05:30,19.009999999999998,39.775,16.7
2025-07-08 21:00:00+05:30,15.475,38.775000000000006,26.275
2025-07-08 22:00:00+05:30,23.53,35.9,28.2
2025-07-08 23:00:00+05:30,20.98,36.03333333333333,17.566666666666666
2025-07-09 00:00:00+05:30,30.49,43.7,36.6
2025-07-09 01:00:00+05:30,17.3325,41.175000000000004,29.075000000000003
2025-07-09 02:00:00+05:30,21.065,40.675000000000004,22.025
2025-07-09 03:00:00+05:30,16.2825,47.175,20.8
2025-07-09 04:00:00+05:30,18.22,48.45,17.525
2025-07-09 05:00:00+05:30,16.23,41.925,18.6
2025-07-09 06:00:00+05:30,23.8325,38.725,15.700000000000001
2025-07-09 07:00:00+05:30,19.174999999999997,44.650000000000006,26.65
2025-07-09 08:00:00+05:30,19.5725,48.125,34.7
2025-07-09 09:00:00+05:30,16.427500000000002,41.7,23.975
2025-07-09 10:00:00+05:30,14.115,35.324999999999996,19.275
2025-07-09 11:00:00+05:30,19.029999999999998,32.46666666666667,11.6
2025-07-09 12:00:00+05:30,20.6475,34.975,8.825
2025-07-09 13:00:00+05:30,19.5275,35.15,6.35
2025-07-09 14:00:00+05:30,18.916666666666668,36.233333333333334,5.033333333333334
2025-07-09 15:00:00+05:30,15.9375,38.6,5.65
2025-07-09 16:00:00+05:30,21.275,42.175,6.925
2025-07-09 17:00:00+05:30,18.6275,44.975,7.9
2025-07-09 18:00:00+05:30,23.822499999999998,39.35,8.049999999999999
2025-07-09 19:00:00+05:30,15.5025,33.35,7.15
2025-07-09 20:00:00+05:30,16.7525,35.45,12.75
2025-07-09 21:00:00+05:30,23.677500000000002,40.05,20.875
2025-07-09 22:00:00+05:30,16.97,36.300000000000004,17.675
2025-07-09 23:00:00+05:30,20.84,36.96666666666667,10.966666666666667
2025-07-10 00:00:00+05:30,12.41,41.8,18.6
2025-07-10 01:00:00+05:30,17.62,40.575,14.875
2025-07-10 02:00:00+05:30,16.4275,36.625,11.15
2025-07-10 03:00:00+05:30,14.0375,31.6,9.975
2025-07-10 04:00:00+05:30,10.916666666666666,29.366666666666664,10.466666666666667
2025-07-10 05:00:00+05:30,19.7175,30.375,12.15
2025-07-10 06:00:00+05:30,14.1275,30.125,12.075
2025-07-10 07:00:00+05:30,17.0325,27.175,10.25
2025-07-10 08:00:00+05:30,18.46,26.0,18.325
2025-07-10 09:00:00+05:30,16.0125,29.8,26.65
2025-07-10 10:00:00+05:30,20.2175,36.75,18.45
2025-07-10 11:00:00+05:30,15.040000000000001,43.35,15.65
2025-07-10 12:00:00+05:30,15.673333333333332,44.43333333333334,14.966666666666667
2025-07-10 13:00:00+05:30,26.5975,42.875,15.975
2025-07-10 14:00:00+05:30,25.0525,45.725,17.349999999999998
2025-07-10 15:00:00+05:30,18.11,48.9,14.375
2025-07-10 16:00:00+05:30,24.3325,44.325,13.625
2025-07-10 17:00:00+05:30,14.1225,42.525,13.475000000000001
2025-07-10 18:00:00+05:30,17.5,44.225,9.175
2025-07-10 19:00:00+05:30,20.7275,45.125,16.0
2025-07-10 20:00:00+05:30,12.4475,48.625,27.4
2025-07-10 21:00:00+05:30,18.625,45.599999999999994,25.375
2025-07-10 22:00:00+05:30,13.9125,38.675,21.65
2025-07-10 23:00:00+05:30,15.13,36.43333333333333,22.833333333333332
2025-07-11 00:00:00+05:30,12.82,35.7,35.3
2025-07-11 01:00:00+05:30,14.88,35.325,29.325
2025-07-11 02:00:00+05:30,16.725,31.75,21.7
2025-07-11 03:00:00+05:30,17.89,32.075,22.174999999999997
2025-07-11 04:00:00+05:30,15.252500000000001,35.975,19.825
2025-07-11 05:00:00+05:30,17.552500000000002,33.525,12.725
2025-07-11 06:00:00+05:30,14.7675,31.025,13.475
2025-07-11 07:00:00+05:30,17.225,35.575,19.45
2025-07-11 08:00:00+05:30,15.68,38.4,16.85
2025-07-11 09:00:00+05:30,16.939999999999998,31.525,10.075
2025-07-11 10:00:00+05:30,15.8775,26.825,11.225
2025-07-11 11:00:00+05:30,16.926666666666666,26.233333333333334,13.833333333333334
2025-07-11 12:00:00+05:30,19.7825,27.825,7.800000000000001
2025-07-11 13:00:00+05:30,15.254999999999999,23.275,8.0
2025-07-11 14:00:00+05:30,16.8175,24.4,10.549999999999999
2025-07-11 15:00:00+05:30,23.3925,25.825,10.775
2025-07-11 16:00:00+05:30,15.682500000000001,25.625,8.525
2025-07-11 17:00:00+05:30,15.7075,26.525,6.775
2025-07-11 18:00:00+05:30,23.197499999999998,22.875,6.1
2025-07-11 19:00:00+05:30,13.86,24.225,4.6
2025-07-11 20:00:00+05:30,15.122499999999999,27.85,11.325
2025-07-11 21:00:00+05:30,20.2175,25.9,18.825
2025-07-11 22:00:00+05:30,14.622499999999999,23.4,14.4
2025-07-11 23:00:00+05:30,20.793333333333333,21.8,13.1
2025-07-12 00:00:00+05:30,18.52,22.8,12.0
2025-07-12 01:00:00+05:30,16.9075,21.925,9.6
2025-07-12 02:00:00+05:30,14.4375,23.125,11.225
2025-07-12 03:00:00+05:30,15.803333333333333,27.2,18.099999999999998
2025-07-12 04:00:00+05:30,17.775,32.3,16.95
2025-07-12 05:00:00+05:30,14.3,31.7,10.025
2025-07-12 06:00:00+05:30,20.095,26.475,11.375
2025-07-12 07:00:00+05:30,17.8175,27.6,21.15
2025-07-12 08:00:00+05:30,24.23,28.875,23.8
2025-07-12 09:00:00+05:30,19.95,27.25,17.025
2025-07-12 10:00:00+05:30,15.87,26.3,12.524999999999999
2025-07-12 11:00:00+05:30,19.3125,28.0,13.775
2025-07-12 12:00:00+05:30,18.455,37.775,18.225
2025-07-12 13:00:00+05:30,23.59,41.400000000000006,20.475
2025-07-12 14:00:00+05:30,23.77,39.425,26.599999999999998
2025-07-12 15:00:00+05:30,17.985,38.025,26.65
2025-07-12 16:00:00+05:30,16.1725,33.4,27.975
2025-07-12 17:00:00+05:30,17.1125,30.025,30.825000000000003
2025-07-12 18:00:00+05:30,18.5225,30.299999999999997,21.375
2025-07-12 19:00:00+05:30,20.55666666666667,30.766666666666666,27.833333333333332
2025-07-12 20:00:00+05:30,16.12,27.725,25.7
2025-07-12 21:00:00+05:30,17.55,25.3,15.875
2025-07-12 22:00:00+05:30,20.153333333333332,26.23333333333333,25.03333333333333
2025-07-12 23:00:00+05:30,20.246666666666666,28.633333333333336,31.799999999999997
2025-07-13 00:00:00+05:30,13.29,27.2,15.4
2025-07-13 01:00:00+05:30,22.64,28.45,14.525
2025-07-13 02:00:00+05:30,27.3625,33.475,10.875
2025-07-13 03:00:00+05:30,16.2675,35.3,6.55
2025-07-13 04:00:00+05:30,20.5625,29.6,5.15
2025-07-13 05:00:00+05:30,16.205,24.425,5.175
2025-07-13 06:00:00+05:30,18.113333333333333,21.3,12.333333333333334
2025-07-13 07:00:00+05:30,23.62,29.275,31.3
2025-07-13 08:00:00+05:30,25.8525,44.225,31.3
2025-07-13 09:00:00+05:30,24.2425,49.625,25.5
2025-07-13 10:00:00+05:30,18.7225,47.975,14.775
2025-07-13 11:00:00+05:30,17.2,40.125,9.0
2025-07-13 12:00:00+05:30,20.99,42.0,15.55
2025-07-13 13:00:00+05:30,14.6125,42.7,24.049999999999997
2025-07-13 14:00:00+05:30,19.655,34.375,28.65
2025-07-13 15:00:00+05:30,12.4625,31.075,30.5
2025-07-13 16:00:00+05:30,19.08,30.1,36.8
2025-07-13 17:00:00+05:30,13.309999999999999,28.275000000000002,32.9
2025-07-13 18:00:00+05:30,16.802500000000002,29.9,30.95
2025-07-13 19:00:00+05:30,18.7,36.333333333333336,35.63333333333333
2025-07-13 20:00:00+05:30,17.1175,40.475,42.925
2025-07-13 21:00:00+05:30,16.275,37.224999999999994,47.1
2025-07-13 22:00:00+05:30,20.3375,35.25,40.775
2025-07-13 23:00:00+05:30,15.376666666666667,39.73333333333333,34.300000000000004
2025-07-14 00:00:00+05:30,14.02,36.6,39.8
2025-07-14 01:00:00+05:30,18.177500000000002,35.625,31.325
2025-07-14 02:00:00+05:30,18.9125,34.3,19.575
2025-07-14 03:00:00+05:30,15.6925,39.75,18.525
2025-07-14 04:00:00+05:30,24.68,42.825,16.05
2025-07-14 05:00:00+05:30,22.2075,35.175,9.95
2025-07-14 06:00:00+05:30,16.245,28.85,7.2
2025-07-14 07:00:00+05:30,18.9,28.4,5.975
2025-07-14 08:00:00+05:30,17.9175,29.45,5.05
2025-07-14 09:00:00+05:30,22.4425,26.5,8.225
2025-07-14 10:00:00+05:30,20.225,24.1,17.725
2025-07-14 11:00:00+05:30,14.8575,21.325000000000003,19.525
2025-07-14 12:00:00+05:30,15.7875,18.625,12.6
2025-07-14 13:00:00+05:30,13.8425,19.925,12.125
2025-07-14 14:00:00+05:30,19.095,22.175,12.3
2025-07-14 15:00:00+05:30,21.5,21.6,11.675
2025-07-14 16:00:00+05:30,14.485,22.025,12.525
2025-07-14 17:00:00+05:30,21.4375,23.2,13.925
2025-07-14 18:00:00+05:30,16.5025,27.15,12.7
2025-07-14 19:00:00+05:30,22.08,29.075,15.325
2025-07-14 20:00:00+05:30,14.9625,30.349999999999998,19.075
2025-07-14 21:00:00+05:30,17.1025,30.674999999999997,18.525
2025-07-14 22:00:00+05:30,17.0375,25.4,23.900000000000002
2025-07-14 23:00:00+05:30,19.436666666666667,24.0,25.066666666666666
2025-07-15 00:00:00+05:30,16.19,21.7,20.4
2025-07-15 01:00:00+05:30,18.7,20.55,18.15
2025-07-15 02:00:00+05:30,20.4225,21.4,15.975
2025-07-15 03:00:00+05:30,17.725,24.725,13.175
2025-07-15 04:00:00+05:30,17.985,25.5,8.05
2025-07-15 05:00:00+05:30,17.05,26.666666666666668,6.6000000000000005
2025-07-15 06:00:00+05:30,14.8325,28.075,5.375
2025-07-15 07:00:00+05:30,13.7425,28.5,6.775
2025-07-15 08:00:00+05:30,23.80333333333333,33.86666666666667,13.166666666666666
2025-07-15 09:00:00+05:30,22.005,35.8,18.25
2025-07-15 10:00:00+05:30,15.085,31.075,23.2
2025-07-15 11:00:00+05:30,21.634999999999998,23.125,24.049999999999997
2025-07-15 12:00:00+05:30,15.260000000000002,15.0,13.925
2025-07-15 13:00:00+05:30,20.345,26.925,39.5
2025-07-15 14:00:00+05:30,18.87333333333333,30.0,24.400000000000002
2025-07-15 15:00:00+05:30,19.9875,29.85,23.425
2025-07-15 16:00:00+05:30,19.5625,30.875,25.674999999999997
2025-07-15 17:00:00+05:30,22.560000000000002,33.075,22.825
2025-07-15 18:00:00+05:30,19.4625,33.275,22.225
2025-07-15 19:00:00+05:30,17.073333333333334,39.9,24.96666666666667
2025-07-16 14:00:00+05:30,18.15,36.6,21.5
2025-07-16 15:00:00+05:30,18.375,36.075,19.2
2025-07-16 16:00:00+05:30,21.02,38.55,15.275
2025-07-16 17:00:00+05:30,22.915,42.55,17.7
2025-07-16 18:00:00+05:30,18.2275,39.25,15.875
2025-07-16 19:00:00+05:30,19.375,37.599999999999994,11.175
2025-07-16 20:00:00+05:30,21.285,36.375,9.15
2025-07-16 21:00:00+05:30,17.15,35.525000000000006,9.6
2025-07-16 22:00:00+05:30,21.1525,28.95,6.925000000000001
2025-07-16 23:00:00+05:30,28.689999999999998,25.049999999999997,8.55
2025-07-17 00:00:00+05:30,16.67,19.2,11.7
2025-07-17 01:00:00+05:30,16.14,18.925,10.625
2025-07-17 02:00:00+05:30,11.805,18.9,10.925
2025-07-17 03:00:00+05:30,12.715,21.175,15.775000000000002
2025-07-17 04:00:00+05:30,15.145,22.3,16.175
2025-07-17 05:00:00+05:30,23.1775,21.174999999999997,21.35
2025-07-17 06:00:00+05:30,19.47,26.025,16.7
2025-07-17 07:00:00+05:30,21.305,33.25,18.424999999999997
2025-07-17 08:00:00+05:30,19.0475,35.55,16.8
2025-07-17 09:00:00+05:30,19.5475,37.925,23.15
2025-07-17 10:00:00+05:30,18.9825,45.1,17.2
2025-07-17 11:00:00+05:30,18.55,45.1,0.0
2025-07-17 12:00:00+05:30,15.67,10.4,0.0
2025-07-17 13:00:00+05:30,17.2,17.0,10.825
2025-07-17 14:00:00+05:30,9.9375,26.35,17.65
2025-07-17 15:00:00+05:30,15.5875,36.875,20.85
2025-07-17 16:00:00+05:30,5.08,35.925000000000004,16.325
2025-07-17 17:00:00+05:30,24.830000000000002,32.85,15.674999999999999
2025-07-17 18:00:00+05:30,15.584999999999999,37.425000000000004,12.6
2025-07-17 19:00:00+05:30,20.4075,39.975,9.675
2025-07-17 20:00:00+05:30,25.355,34.775,10.65
2025-07-17 21:00:00+05:30,26.5875,38.3,16.15
2025-07-17 22:00:00+05:30,17.813333333333333,35.36666666666667,17.366666666666667
2025-07-17 23:00:00+05:30,22.426666666666666,39.699999999999996,17.099999999999998
2025-07-18 00:00:00+05:30,19.12,38.4,11.3
2025-07-18 01:00:00+05:30,21.535,36.85,15.025
2025-07-18 02:00:00+05:30,17.293333333333333,39.53333333333334,11.6
2025-07-18 03:00:00+05:30,17.069999999999997,36.6,17.633333333333333
2025-07-18 04:00:00+05:30,21.425,32.525,16.125
2025-07-18 05:00:00+05:30,25.415,36.175,22.4
2025-07-18 06:00:00+05:30,17.69,38.150000000000006,18.35
2025-07-18 07:00:00+05:30,18.1275,34.5,13.0
2025-07-18 08:00:00+05:30,20.5325,38.65,13.15
2025-07-18 09:00:00+05:30,19.145,36.875,16.475
2025-07-18 10:00:00+05:30,20.5425,34.975,17.275
2025-07-18 11:00:00+05:30,18.9125,48.725,14.625
2025-07-18 12:00:00+05:30,22.12,50.675,18.1
2025-07-18 13:00:00+05:30,17.9625,54.0,28.775
2025-07-18 14:00:00+05:30,23.575000000000003,51.475,27.925
2025-07-18 15:00:00+05:30,15.5925,49.6,19.45
2025-07-18 16:00:00+05:30,15.2575,51.15,20.975
2025-07-18 17:00:00+05:30,16.41,56.93333333333334,26.233333333333334
2025-07-18 18:00:00+05:30,18.2725,59.9,43.525
2025-07-18 19:00:00+05:30,14.7175,67.675,41.4
2025-07-18 20:00:00+05:30,19.34,67.425,39.5
2025-07-18 21:00:00+05:30,16.16,69.25,48.55
2025-07-18 22:00:00+05:30,18.465,62.175,37.125
2025-07-18 23:00:00+05:30,18.53333333333333,58.9,45.666666666666664
2025-07-19 00:00:00+05:30,16.95,51.7,28.4
2025-07-19 01:00:00+05:30,17.473333333333333,53.86666666666667,23.333333333333332
2025-07-19 02:00:00+05:30,17.605,46.474999999999994,13.675
2025-07-19 03:00:00+05:30,11.5025,43.224999999999994,21.4
2025-07-19 04:00:00+05:30,15.19,43.4,22.150000000000002
2025-07-19 05:00:00+05:30,18.0175,42.75,23.825
2025-07-19 06:00:00+05:30,16.4025,37.075,24.974999999999998
2025-07-19 07:00:00+05:30,20.135,44.15,29.4
2025-07-19 08:00:00+05:30,20.715,45.375,31.5
2025-07-19 09:00:00+05:30,15.5175,46.225,29.9
2025-07-19 10:00:00+05:30,18.5925,47.925,25.7
2025-07-19 11:00:00+05:30,22.6225,41.35,33.7
2025-07-19 12:00:00+05:30,13.43,43.199999999999996,22.233333333333334
2025-07-19 13:00:00+05:30,15.41,40.95,14.1
2025-07-19 14:00:00+05:30,19.065,41.025,14.05
2025-07-19 15:00:00+05:30,11.7925,38.8,14.1
2025-07-19 16:00:00+05:30,20.1025,42.575,19.025
2025-07-19 17:00:00+05:30,14.4225,37.5,14.55
2025-07-19 18:00:00+05:30,17.5475,34.525,18.725
2025-07-19 19:00:00+05:30,12.6,40.650000000000006,28.6
2025-07-19 20:00:00+05:30,15.262500000000001,45.05,25.875
2025-07-19 21:00:00+05:30,17.905,50.7,27.1
2025-07-19 22:00:00+05:30,15.182500000000001,52.275000000000006,28.875
2025-07-19 23:00:00+05:30,19.38,53.699999999999996,33.96666666666667
2025-07-20 00:00:00+05:30,16.24,54.9,42.4
2025-07-20 01:00:00+05:30,29.16,56.1,34.45
2025-07-20 02:00:00+05:30,20.8475,54.0,28.3
2025-07-20 03:00:00+05:30,21.240000000000002,50.075,37.275
2025-07-20 04:00:00+05:30,24.29,45.1,29.575
2025-07-20 05:00:00+05:30,21.1425,52.825,26.6
2025-07-20 06:00:00+05:30,18.2,49.725,35.65
2025-07-20 07:00:00+05:30,17.4,47.5,39.675
2025-07-20 08:00:00+05:30,24.986666666666668,52.46666666666666,45.23333333333333
2025-07-20 09:00:00+05:30,19.7125,54.375,38.699999999999996
2025-07-20 10:00:00+05:30,20.9125,56.525,28.825
2025-07-20 11:00:00+05:30,19.355,52.775,46.15
2025-07-20 12:00:00+05:30,21.637500000000003,16.125,2.9
2025-07-20 13:00:00+05:30,16.27,70.475,30.599999999999998
2025-07-20 14:00:00+05:30,23.335,63.875,38.724999999999994
2025-07-20 15:00:00+05:30,13.6175,59.900000000000006,37.05
2025-07-20 16:00:00+05:30,21.68,62.6,29.75
2025-07-20 17:00:00+05:30,23.856666666666666,68.16666666666667,35.333333333333336
2025-07-20 18:00:00+05:30,20.665,66.725,44.85
2025-07-20 19:00:00+05:30,14.213333333333333,73.7,55.4
2025-07-20 20:00:00+05:30,14.6325,92.275,52.724999999999994
2025-07-20 21:00:00+05:30,15.35,96.125,66.475
2025-07-20 22:00:00+05:30,21.165,109.25,69.15
2025-07-20 23:00:00+05:30,23.406666666666666,114.3,53.1
2025-07-21 00:00:00+05:30,11.75,103.5,65.5
2025-07-21 01:00:00+05:30,21.8975,99.625,63.599999999999994
2025-07-21 02:00:00+05:30,14.005,98.775,43.225
2025-07-21 03:00:00+05:30,14.952499999999999,89.675,44.65
2025-07-21 04:00:00+05:30,11.7575,67.75,35.3
2025-07-21 05:00:00+05:30,18.93,91.2,47.849999999999994
2025-07-21 06:00:00+05:30,21.4875,95.225,52.8
2025-07-21 07:00:00+05:30,20.7525,85.52499999999999,50.65
2025-07-21 08:00:00+05:30,18.9,84.825,48.15
2025-07-21 09:00:00+05:30,15.5825,83.75,45.199999999999996
2025-07-21 10:00:00+05:30,19.26,79.8,39.2
2025-07-21 11:00:00+05:30,18.6775,74.875,34.9
2025-07-21 12:00:00+05:30,15.9,65.43333333333334,30.5
2025-07-21 13:00:00+05:30,18.2975,63.65,36.8
2025-07-21 14:00:00+05:30,22.6325,64.675,20.95
2025-07-21 15:00:00+05:30,18.05,59.75,30.075
2025-07-21 16:00:00+05:30,20.66,59.125,31.1
2025-07-21 17:00:00+05:30,14.3925,50.75,26.175
2025-07-21 18:00:00+05:30,17.9525,59.7,39.575
2025-07-21 19:00:00+05:30,20.765,58.75,36.900000000000006
2025-07-21 20:00:00+05:30,17.6725,68.825,38.75
2025-07-21 21:00:00+05:30,21.915,69.1,37.474999999999994
2025-07-21 22:00:00+05:30,16.6075,67.775,38.85
2025-07-21 23:00:00+05:30,18.926666666666666,63.70000000000001,36.6
2025-07-22 00:00:00+05:30,18.43,56.3,39.9
2025-07-22 01:00:00+05:30,14.66,51.675,25.85
2025-07-22 02:00:00+05:30,18.677500000000002,49.525,18.7
2025-07-22 03:00:00+05:30,16.5625,51.4,36.099999999999994
2025-07-22 04:00:00+05:30,14.0475,58.575,43.075
2025-07-22 05:00:00+05:30,17.05,52.849999999999994,39.85
2025-07-22 06:00:00+05:30,14.406666666666666,58.4,37.5
2025-07-22 07:00:00+05:30,18.1175,58.675,34.05
2025-07-22 08:00:00+05:30,21.1525,56.75,51.7
2025-07-22 09:00:00+05:30,20.286666666666665,50.800000000000004,48.1
2025-07-22 10:00:00+05:30,18.745,53.525,43.4
2025-07-22 11:00:00+05:30,14.947500000000002,54.175000000000004,44.175
2025-07-22 12:00:00+05:30,23.8825,51.3,42.575
2025-07-22 13:00:00+05:30,15.0525,72.625,39.875
2025-07-22 14:00:00+05:30,25.6625,63.65,42.525
2025-07-22 15:00:00+05:30,21.884999999999998,60.575,33.825
2025-07-22 16:00:00+05:30,21.3325,64.175,35.4
2025-07-22 17:00:00+05:30,20.942500000000003,64.35,30.775000000000002
2025-07-22 18:00:00+05:30,21.57,60.25,39.05
2025-07-22 19:00:00+05:30,17.645,60.975,31.674999999999997
2025-07-22 20:00:00+05:30,26.0875,60.925000000000004,39.025
2025-07-22 21:00:00+05:30,15.875,53.949999999999996,40.5
2025-07-22 22:00:00+05:30,19.4475,60.300000000000004,34.175
2025-07-22 23:00:00+05:30,15.026666666666666,61.29999999999999,35.7
2025-07-23 00:00:00+05:30,21.83,59.3,31.3
2025-07-23 01:00:00+05:30,12.004999999999999,60.0,30.775
2025-07-23 02:00:00+05:30,15.605,57.95,34.4
2025-07-23 03:00:00+05:30,14.71,65.85,38.800000000000004
2025-07-23 04:00:00+05:30,19.495,61.125,51.625
2025-07-23 05:00:00+05:30,25.8275,60.4,31.075
2025-07-23 06:00:00+05:30,22.395,77.75,27.65
2025-07-23 07:00:00+05:30,16.2075,50.925,18.8
2025-07-23 08:00:00+05:30,12.7875,36.6,44.35
2025-07-23 09:00:00+05:30,16.2325,39.1,39.975
2025-07-23 10:00:00+05:30,16.3075,45.2,31.825
2025-07-23 11:00:00+05:30,20.845,56.1,36.7
2025-07-23 12:00:00+05:30,19.3125,55.925,36.35
2025-07-23 13:00:00+05:30,19.4725,62.725,31.950000000000003
2025-07-23 14:00:00+05:30,22.52,52.300000000000004,22.5
2025-07-23 15:00:00+05:30,20.6175,56.949999999999996,28.975
2025-07-23 16:00:00+05:30,15.3675,54.225,21.8
2025-07-23 17:00:00+05:30,22.9925,59.2,27.025
2025-07-23 18:00:00+05:30,20.5275,48.325,24.525
2025-07-23 19:00:00+05:30,22.9,54.45,33.6
2025-07-23 20:00:00+05:30,26.909999999999997,54.95,22.35
2025-07-23 21:00:00+05:30,26.5975,55.7,40.025000000000006
2025-07-23 22:00:00+05:30,24.0275,57.275,52.375
2025-07-23 23:00:00+05:30,23.95,55.20000000000001,50.20000000000001
2025-07-24 00:00:00+05:30,17.06,47.8,28.4
2025-07-24 01:00:00+05:30,27.65,45.65,30.325
2025-07-24 02:00:00+05:30,31.53,52.5,27.05
2025-07-24 03:00:00+05:30,27.5325,46.825,29.475
2025-07-24 04:00:00+05:30,22.645,40.724999999999994,28.7
2025-07-24 05:00:00+05:30,23.7625,35.25,22.6
2025-07-24 06:00:00+05:30,19.563333333333333,35.300000000000004,26.96666666666667
2025-07-24 07:00:00+05:30,24.4425,38.075,36.65
2025-07-24 08:00:00+05:30,18.525,38.725,33.125
2025-07-24 09:00:00+05:30,21.099999999999998,47.25,22.6
2025-07-24 10:00:00+05:30,25.76,51.4,26.650000000000002
2025-07-24 11:00:00+05:30,29.96,53.2,34.875
2025-07-24 12:00:00+05:30,58.1075,78.30000000000001,19.25
2025-07-24 13:00:00+05:30,56.585,51.175000000000004,10.825
2025-07-24 14:00:00+05:30,21.895,35.75,9.0
2025-07-24 15:00:00+05:30,20.93,26.675,12.2
2025-07-24 18:00:00+05:30,19.41,32.199999999999996,15.7
2025-07-24 19:00:00+05:30,21.82,26.599999999999998,13.375
2025-07-24 20:00:00+05:30,20.8825,29.45,19.575
2025-07-24 21:00:00+05:30,20.2675,40.849999999999994,35.1
2025-07-24 22:00:00+05:30,18.015,60.175,30.45
2025-07-24 23:00:00+05:30,19.033333333333335,57.1,39.6
2025-07-25 00:00:00+05:30,24.38,47.6,44.8
2025-07-25 01:00:00+05:30,27.155,46.225,41.375
2025-07-25 02:00:00+05:30,22.677500000000002,48.474999999999994,31.150000000000002
2025-07-25 03:00:00+05:30,20.605,50.0,33.85
2025-07-25 04:00:00+05:30,21.263333333333335,47.53333333333333,27.7
2025-07-25 05:00:00+05:30,23.835,43.099999999999994,26.9
2025-07-25 06:00:00+05:30,23.305,40.175,24.975
2025-07-25 07:00:00+05:30,25.7025,32.775,31.825000000000003
2025-07-25 08:00:00+05:30,21.715,42.0,29.525
2025-07-25 09:00:00+05:30,23.8375,46.75,40.45
2025-07-25 10:00:00+05:30,24.3175,53.6,51.6
2025-07-25 11:00:00+05:30,28.787499999999998,50.425,46.775
2025-07-25 12:00:00+05:30,26.122500000000002,49.2,44.025000000000006
2025-07-25 13:00:00+05:30,19.36,54.050000000000004,37.175
2025-07-25 14:00:00+05:30,26.515,42.974999999999994,30.9
2025-07-25 15:00:00+05:30,23.905,44.125,26.75
2025-07-25 16:00:00+05:30,30.0675,38.15,23.7
2025-07-25 17:00:00+05:30,27.03,43.775,33.75
2025-07-25 18:00:00+05:30,19.175,35.875,18.525
2025-07-25 19:00:00+05:30,22.1075,36.1,15.650000000000002
2025-07-25 20:00:00+05:30,23.323333333333334,29.7,11.966666666666667
2025-07-25 21:00:00+05:30,22.8875,25.575000000000003,16.1
2025-07-25 22:00:00+05:30,20.9175,25.45,19.925
2025-07-25 23:00:00+05:30,22.28333333333333,25.0,12.5
2025-07-26 00:00:00+05:30,26.92,25.2,15.2
2025-07-26 01:00:00+05:30,18.8625,29.675,10.225
2025-07-26 02:00:00+05:30,20.81,26.049999999999997,7.45
2025-07-26 03:00:00+05:30,23.055,23.45,4.875
2025-07-26 04:00:00+05:30,21.240000000000002,33.7,4.55
2025-07-26 05:00:00+05:30,22.2375,37.150000000000006,5.175
2025-07-26 06:00:00+05:30,21.509999999999998,31.425,12.925
2025-07-26 07:00:00+05:30,28.932499999999997,27.625,8.175
2025-07-26 08:00:00+05:30,21.08,28.775,14.4
2025-07-26 09:00:00+05:30,21.4675,28.25,15.25
2025-07-26 10:00:00+05:30,23.38,24.6,15.5
2025-07-26 11:00:00+05:30,22.3425,33.45,22.1
2025-07-26 12:00:00+05:30,16.403333333333332,30.899999999999995,13.5
2025-07-26 13:00:00+05:30,16.822499999999998,31.75,9.775
2025-07-26 14:00:00+05:30,22.955,50.025000000000006,8.3
2025-07-26 15:00:00+05:30,20.925,38.475,6.2
2025-07-26 16:00:00+05:30,19.28,37.0,4.275
2025-07-26 17:00:00+05:30,28.69,43.0,3.775
2025-07-26 18:00:00+05:30,18.814999999999998,42.3,8.75
2025-07-26 19:00:00+05:30,30.7425,35.175,13.0
2025-07-26 20:00:00+05:30,24.0225,41.324999999999996,11.625
2025-07-26 21:00:00+05:30,21.822499999999998,36.725,16.0
2025-07-26 22:00:00+05:30,19.15,38.375,21.125
2025-07-26 23:00:00+05:30,23.576666666666668,43.0,17.7
2025-07-27 01:00:00+05:30,23.225,31.325,17.375
2025-07-27 02:00:00+05:30,19.5325,31.175,14.825
2025-07-27 03:00:00+05:30,24.1425,28.05,11.975
2025-07-27 04:00:00+05:30,22.425,30.35,19.625
2025-07-27 05:00:00+05:30,25.055,31.5,21.8
2025-07-27 06:00:00+05:30,24.565,37.2,14.7
2025-07-27 07:00:00+05:30,21.5425,36.475,19.55
2025-07-27 08:00:00+05:30,20.30333333333333,30.233333333333334,14.533333333333331
2025-07-27 09:00:00+05:30,20.122500000000002,36.55,19.875
2025-07-27 10:00:00+05:30,24.697499999999998,33.35,11.35
2025-07-27 11:00:00+05:30,23.3925,36.074999999999996,19.9
2025-07-27 12:00:00+05:30,22.705000000000002,39.0,25.45
2025-07-27 13:00:00+05:30,23.095000000000002,42.625,25.05
2025-07-27 14:00:00+05:30,27.475,48.75,23.450000000000003
2025-07-27 15:00:00+05:30,20.09,38.575,13.575000000000001
2025-07-27 16:00:00+05:30,24.6825,41.85,20.925
2025-07-27 17:00:00+05:30,22.0,38.55,21.4
2025-07-27 18:00:00+05:30,19.435000000000002,38.875,30.425
2025-07-27 19:00:00+05:30,21.52,38.75,19.75
2025-07-27 20:00:00+05:30,24.035,49.625,37.9
2025-07-27 21:00:00+05:30,23.0225,55.075,29.675
2025-07-27 22:00:00+05:30,19.2275,49.025,31.900000000000002
2025-07-27 23:00:00+05:30,25.796666666666667,49.29999999999999,37.7
2025-07-28 00:00:00+05:30,22.06,40.4,24.0
2025-07-28 01:00:00+05:30,20.285,37.25,17.35
2025-07-28 02:00:00+05:30,19.406666666666666,34.666666666666664,15.333333333333334
2025-07-28 03:00:00+05:30,23.9375,34.55,12.1
2025-07-28 04:00:00+05:30,20.314999999999998,35.075,16.6
2025-07-28 05:00:00+05:30,20.37,34.63333333333333,17.099999999999998
2025-07-28 06:00:00+05:30,21.0,38.675000000000004,20.325000000000003
2025-07-28 07:00:00+05:30,21.4425,33.1,13.65
2025-07-28 08:00:00+05:30,24.785,29.2,18.575
2025-07-28 09:00:00+05:30,22.6075,28.1,8.35
2025-07-28 10:00:00+05:30,25.7425,28.05,0.0
2025-07-28 11:00:00+05:30,11.0675,10.5,0.15
2025-07-28 12:00:00+05:30,10.9575,17.2,13.9
2025-07-28 13:00:00+05:30,10.695,17.425,14.275
2025-07-28 14:00:00+05:30,28.57,24.3,28.0
2025-07-28 15:00:00+05:30,19.7625,30.975,19.625
2025-07-28 16:00:00+05:30,21.11,40.425,14.925
2025-07-28 17:00:00+05:30,19.572499999999998,35.575,17.8
2025-07-28 18:00:00+05:30,18.740000000000002,40.375,18.05
2025-07-28 19:00:00+05:30,26.32,32.625,23.9
2025-07-28 20:00:00+05:30,21.915,34.8,24.2
2025-07-28 21:00:00+05:30,24.3425,28.55,13.525
2025-07-28 22:00:00+05:30,22.685000000000002,30.65,14.9
2025-07-28 23:00:00+05:30,27.51,27.0,15.4
2025-07-29 00:00:00+05:30,28.39,283.4,9.5
2025-07-29 01:00:00+05:30,25.052500000000002,196.825,10.65
2025-07-29 02:00:00+05:30,18.57,96.39999999999999,13.700000000000001
2025-07-29 03:00:00+05:30,29.0375,35.325,7.725
2025-07-29 04:00:00+05:30,20.5475,31.1,11.075
2025-07-29 05:00:00+05:30,26.0525,36.45,7.8
2025-07-29 06:00:00+05:30,23.1625,21.25,7.675
2025-07-29 07:00:00+05:30,25.1525,19.725,5.95
2025-07-29 08:00:00+05:30,29.005000000000003,27.825,19.325
2025-07-29 09:00:00+05:30,25.645,17.599999999999998,12.975
2025-07-29 10:00:00+05:30,22.626666666666665,29.433333333333334,19.733333333333334
2025-07-29 11:00:00+05:30,24.77,48.775,16.425
2025-07-29 12:00:00+05:30,28.6625,41.5,9.6
2025-07-29 13:00:00+05:30,29.197499999999998,30.4,9.675
2025-07-29 14:00:00+05:30,30.32,36.35,14.5
2025-07-29 15:00:00+05:30,28.505000000000003,32.550000000000004,15.375
2025-07-29 16:00:00+05:30,27.7825,23.475,12.475
2025-07-29 17:00:00+05:30,34.879999999999995,34.0,18.3
2025-07-29 18:00:00+05:30,29.622500000000002,57.125,17.5
2025-07-29 19:00:00+05:30,20.3075,28.775,10.149999999999999
2025-07-29 20:00:00+05:30,21.045,20.325,7.574999999999999
2025-07-29 21:00:00+05:30,24.4375,15.1,4.675
2025-07-29 22:00:00+05:30,24.015,15.575,10.675
2025-07-29 23:00:00+05:30,23.846666666666668,14.5,25.399999999999995
2025-07-30 00:00:00+05:30,22.96,20.9,19.9
2025-07-30 01:00:00+05:30,19.105,21.475,17.625
2025-07-30 02:00:00+05:30,18.177500000000002,30.975,11.375
2025-07-30 03:00:00+05:30,26.135,24.1,8.55
2025-07-30 04:00:00+05:30,19.345,28.925,5.75
2025-07-30 05:00:00+05:30,19.865,23.8,19.150000000000002
2025-07-30 06:00:00+05:30,23.3075,22.974999999999998,24.25
2025-07-30 07:00:00+05:30,22.8975,27.8,18.875
2025-07-30 08:00:00+05:30,30.4675,27.525,16.0
2025-07-30 09:00:00+05:30,25.6875,29.075,17.075
2025-07-30 10:00:00+05:30,18.8675,34.150000000000006,23.9
2025-07-30 11:00:00+05:30,17.563333333333333,31.3,32.233333333333334
2025-07-30 12:00:00+05:30,22.0925,15.175,9.75
2025-07-30 13:00:00+05:30,19.490000000000002,18.025,36.25
2025-07-30 14:00:00+05:30,21.05,21.525,33.2
2025-07-30 15:00:00+05:30,17.39,27.625,34.175
2025-07-30 16:00:00+05:30,20.453333333333333,34.699999999999996,31.133333333333336
2025-07-30 17:00:00+05:30,26.933333333333334,38.36666666666667,17.933333333333334
2025-07-30 18:00:00+05:30,20.1475,33.975,20.075000000000003
2025-07-30 19:00:00+05:30,25.222499999999997,34.425,25.1
2025-07-30 20:00:00+05:30,18.4775,34.15,23.8
2025-07-30 21:00:00+05:30,18.3675,37.2,23.05
2025-07-30 22:00:00+05:30,19.75,33.175,21.525
2025-07-30 23:00:00+05:30,19.756666666666668,30.233333333333334,19.5
2025-07-31 00:00:00+05:30,21.85,30.2,24.5
2025-07-31 01:00:00+05:30,17.7625,36.825,16.75
2025-07-31 02:00:00+05:30,21.3125,39.425,17.725
2025-07-31 03:00:00+05:30,23.95,43.825,18.15
2025-07-31 04:00:00+05:30,21.915,45.8,24.325
2025-07-31 05:00:00+05:30,25.5225,48.324999999999996,30.5
2025-07-31 06:00:00+05:30,20.3675,45.3,32.475
2025-07-31 07:00:00+05:30,18.79,47.125,26.875
2025-07-31 08:00:00+05:30,23.355,49.925,31.575
2025-07-31 09:00:00+05:30,21.3975,54.0,38.475
2025-07-31 10:00:00+05:30,19.125,50.175,32.825
2025-07-31 11:00:00+05:30,24.585,44.6,34.825
2025-07-31 12:00:00+05:30,22.122500000000002,45.325,30.525000000000002
2025-07-31 13:00:00+05:30,27.66,53.0,23.96666666666667
2025-07-31 14:00:00+05:30,20.035,50.2,21.85
2025-07-31 15:00:00+05:30,21.62,44.833333333333336,32.56666666666667
2025-07-31 16:00:00+05:30,20.7525,42.275,21.175
2025-07-31 17:00:00+05:30,24.13,40.224999999999994,22.174999999999997
2025-07-31 18:00:00+05:30,26.895,40.375,30.099999999999998
2025-07-31 19:00:00+05:30,18.963333333333335,41.5,17.75
2025-07-31 20:00:00+05:30,20.61,40.9,27.3
2025-07-31 21:00:00+05:30,22.4825,42.974999999999994,26.275
2025-07-31 22:00:00+05:30,18.2875,38.875,17.425
2025-07-31 23:00:00+05:30,15.21,36.9,14.1
2025-08-01 00:00:00+05:30,20.28,32.6,18.2
2025-08-01 01:00:00+05:30,19.56,30.25,12.975
2025-08-01 02:00:00+05:30,19.355,31.525,8.675
2025-08-01 03:00:00+05:30,19.0975,34.125,16.15
2025-08-01 04:00:00+05:30,24.293333333333333,30.8,16.900000000000002
2025-08-01 05:00:00+05:30,18.17,31.599999999999998,14.4
2025-08-01 06:00:00+05:30,19.785,33.975,12.925
2025-08-01 07:00:00+05:30,22.2625,32.55,16.225
2025-08-01 08:00:00+05:30,19.7175,29.575,21.3
2025-08-01 09:00:00+05:30,24.4425,28.275,22.125
2025-08-01 10:00:00+05:30,19.43,30.675,25.7
2025-08-01 11:00:00+05:30,22.02,30.46666666666667,19.866666666666664
2025-08-01 12:00:00+05:30,19.64,30.625,25.425
2025-08-01 13:00:00+05:30,23.74,34.6,21.7
2025-08-01 21:00:00+05:30,20.72,53.7,35.5
2025-08-01 22:00:00+05:30,19.8825,58.7,34.7
2025-08-01 23:00:00+05:30,18.80333333333333,52.1,32.333333333333336
2025-08-02 00:00:00+05:30,20.18,48.9,32.3
2025-08-02 01:00:00+05:30,21.232499999999998,43.824999999999996,21.825
2025-08-02 02:00:00+05:30,22.2775,37.25,22.65
2025-08-02 03:00:00+05:30,18.46,33.975,16.85
2025-08-02 04:00:00+05:30,22.1275,32.275,18.25
2025-08-02 05:00:00+05:30,20.505,35.375,16.275
2025-08-02 06:00:00+05:30,19.310000000000002,35.875,14.65
2025-08-02 07:00:00+05:30,16.9625,38.625,11.3
2025-08-02 08:00:00+05:30,22.22,40.25,27.825
2025-08-02 09:00:00+05:30,20.66,38.05,36.3
2025-08-02 10:00:00+05:30,27.755,41.525,30.15
2025-08-02 11:00:00+05:30,21.835,44.65,40.6
2025-08-02 12:00:00+05:30,24.626666666666665,47.1,25.933333333333337
2025-08-02 13:00:00+05:30,20.2875,47.125,23.225
2025-08-02 14:00:00+05:30,25.5425,45.6,28.625
2025-08-02 15:00:00+05:30,25.1675,44.5,31.425
2025-08-02 16:00:00+05:30,25.18,47.425,28.925
2025-08-02 17:00:00+05:30,22.875,47.5,33.075
2025-08-02 18:00:00+05:30,22.1225,42.5,32.35
2025-08-02 19:00:00+05:30,21.3325,35.2,22.625
2025-08-02 20:00:00+05:30,19.815,34.925,22.075
2025-08-02 21:00:00+05:30,20.5275,35.7,25.15
2025-08-02 22:00:00+05:30,30.67,35.775,34.025
2025-08-02 23:00:00+05:30,21.436666666666667,39.266666666666666,40.96666666666667
2025-08-03 00:00:00+05:30,29.6,35.1,41.1
2025-08-03 01:00:00+05:30,19.62,39.875,29.6
2025-08-03 02:00:00+05:30,18.5525,39.025,29.25
2025-08-03 03:00:00+05:30,21.88,42.175,20.525
2025-08-03 04:00:00+05:30,20.0775,37.35,34.025
2025-08-03 05:00:00+05:30,18.47,37.125,30.5
2025-08-03 06:00:00+05:30,16.5,37.475,17.95
2025-08-03 07:00:00+05:30,19.84,31.775000000000002,11.95
2025-08-03 08:00:00+05:30,22.2925,30.25,13.75
2025-08-03 09:00:00+05:30,21.6175,32.5,18.5
2025-08-03 10:00:00+05:30,19.3875,29.225,19.25
2025-08-03 11:00:00+05:30,19.253333333333334,28.866666666666664,18.066666666666666
2025-08-03 12:00:00+05:30,17.275,25.425,27.475
2025-08-03 13:00:00+05:30,23.7725,21.025,20.9
2025-08-03 14:00:00+05:30,22.932499999999997,21.475,23.025
2025-08-03 15:00:00+05:30,21.45,20.175,18.55
2025-08-03 16:00:00+05:30,20.725,27.4,15.375
2025-08-03 17:00:00+05:30,20.4025,27.6,14.625
2025-08-03 18:00:00+05:30,19.1075,23.025,17.2
2025-08-03 19:00:00+05:30,17.8325,28.275,13.350000000000001
2025-08-03 20:00:00+05:30,23.28,33.75,18.875
2025-08-03 21:00:00+05:30,20.156666666666666,34.833333333333336,22.0
2025-08-03 22:00:00+05:30,23.87,33.025,20.95
2025-08-03 23:00:00+05:30,22.73,31.96666666666667,17.3
2025-08-04 00:00:00+05:30,22.84,25.8,15.0
2025-08-04 01:00:00+05:30,18.24,29.575000000000003,17.875
2025-08-04 02:00:00+05:30,16.377499999999998,26.875,13.850000000000001
2025-08-04 03:00:00+05:30,20.6425,16.775,4.6
2025-08-04 04:00:00+05:30,22.535,22.5,3.8
2025-08-04 05:00:00+05:30,22.315,26.325000000000003,3.925
2025-08-04 06:00:00+05:30,21.177500000000002,24.225,3.8
2025-08-04 07:00:00+05:30,30.1175,22.025,2.825
2025-08-04 08:00:00+05:30,21.4675,27.924999999999997,3.8
2025-08-04 09:00:00+05:30,23.2075,29.475,3.5
2025-08-04 10:00:00+05:30,22.3625,25.6,10.1
2025-08-04 11:00:00+05:30,17.14,26.625,12.675
2025-08-04 12:00:00+05:30,22.6475,25.75,20.3
2025-08-04 13:00:00+05:30,20.4425,31.65,16.625
2025-08-04 14:00:00+05:30,24.055,29.95,9.775
2025-08-04 15:00:00+05:30,21.2825,26.2,10.825
2025-08-04 16:00:00+05:30,25.4375,25.9,19.275
2025-08-04 17:00:00+05:30,24.0375,26.725,16.125
2025-08-04 18:00:00+05:30,18.595,24.0,17.424999999999997
2025-08-04 19:00:00+05:30,21.1675,23.8,20.25
2025-08-04 20:00:00+05:30,30.3125,22.2,19.275
2025-08-04 21:00:00+05:30,22.285,30.9,31.0
2025-08-04 22:00:00+05:30,21.7675,33.625,25.45
2025-08-04 23:00:00+05:30,26.213333333333335,30.833333333333332,16.333333333333332
2025-08-05 00:00:00+05:30,25.32,26.4,12.9
2025-08-05 01:00:00+05:30,21.1475,25.25,11.75
2025-08-05 02:00:00+05:30,18.11,26.450000000000003,10.075
2025-08-05 03:00:00+05:30,29.7675,23.95,13.325
2025-08-05 04:00:00+05:30,18.424999999999997,23.275,13.15
2025-08-05 05:00:00+05:30,19.2075,24.225,16.0
2025-08-05 06:00:00+05:30,19.072499999999998,23.075,16.125
2025-08-05 07:00:00+05:30,22.752499999999998,24.700000000000003,11.3
2025-08-05 08:00:00+05:30,27.3425,29.95,15.0
2025-08-05 09:00:00+05:30,22.4375,35.625,26.200000000000003
2025-08-05 10:00:00+05:30,23.36,37.05,25.9
2025-08-05 11:00:00+05:30,22.59,35.725,30.575
2025-08-05 12:00:00+05:30,25.69,36.2,37.075
2025-08-05 13:00:00+05:30,18.72,36.85,35.55
2025-08-05 15:00:00+05:30,20.63,38.2,48.9
2025-08-05 16:00:00+05:30,31.895,32.275,46.2
2025-08-05 17:00:00+05:30,24.994999999999997,10.4,0.15
2025-08-05 18:00:00+05:30,20.622500000000002,10.4,4.074999999999999
2025-08-05 19:00:00+05:30,21.4725,10.4,2.75
2025-08-05 20:00:00+05:30,26.0325,10.4,5.675
2025-08-05 21:00:00+05:30,31.6175,10.475,23.475
2025-08-05 22:00:00+05:30,19.25,13.8,21.0
2025-08-05 23:00:00+05:30,16.849999999999998,21.3,12.800000000000002
2025-08-06 00:00:00+05:30,15.89,32.0,14.0
2025-08-06 01:00:00+05:30,20.113333333333333,39.5,10.5
2025-08-06 02:00:00+05:30,20.965,35.575,13.925
2025-08-06 03:00:00+05:30,19.265,41.85,11.125
2025-08-06 04:00:00+05:30,19.15,36.15,17.425
2025-08-06 05:00:00+05:30,23.0,42.925,13.799999999999999
2025-08-06 06:00:00+05:30,20.6175,55.574999999999996,19.6
2025-08-06 07:00:00+05:30,21.6375,47.400000000000006,24.1
2025-08-06 08:00:00+05:30,18.302500000000002,55.325,14.05
2025-08-06 09:00:00+05:30,17.956666666666667,48.9,21.1
2025-08-06 10:00:00+05:30,18.7975,46.3,35.425
2025-08-06 11:00:00+05:30,23.98,46.95,31.125
2025-08-06 12:00:00+05:30,18.6725,68.525,28.375
2025-08-06 13:00:00+05:30,21.7825,62.25,26.875
2025-08-06 14:00:00+05:30,25.2175,59.599999999999994,20.85
2025-08-06 15:00:00+05:30,20.0825,51.599999999999994,23.625
2025-08-06 16:00:00+05:30,19.703333333333333,44.23333333333333,20.066666666666666
2025-08-06 17:00:00+05:30,21.0525,45.8,10.625
2025-08-06 18:00:00+05:30,18.68,41.675000000000004,6.6
2025-08-06 19:00:00+05:30,24.0275,41.1,11.950000000000001
2025-08-06 20:00:00+05:30,20.7575,44.45,18.675
2025-08-06 21:00:00+05:30,22.26,42.96666666666667,17.599999999999998
2025-08-06 22:00:00+05:30,21.645,42.225,47.4
2025-08-06 23:00:00+05:30,17.69,51.0,37.5
2025-08-07 00:00:00+05:30,27.96,48.1,19.7
2025-08-07 01:00:00+05:30,22.695,48.475,11.0
2025-08-07 02:00:00+05:30,20.8625,43.9,6.45
2025-08-07 03:00:00+05:30,21.5225,43.675,3.975
2025-08-07 04:00:00+05:30,24.843333333333334,46.5,2.6
2025-08-07 05:00:00+05:30,23.89,43.95,2.0
2025-08-07 06:00:00+05:30,24.259999999999998,45.95,2.475
2025-08-07 07:00:00+05:30,18.295,47.4,1.9
2025-08-07 08:00:00+05:30,22.0475,50.825,1.5
2025-08-07 09:00:00+05:30,18.755,43.35,1.3
2025-08-07 10:00:00+05:30,20.3875,48.6,0.525
2025-08-07 11:00:00+05:30,25.3325,38.725,0.0
2025-08-07 12:00:00+05:30,26.165,33.724999999999994,13.675
2025-08-07 13:00:00+05:30,21.6725,81.45,47.175
2025-08-07 14:00:00+05:30,19.2525,82.92500000000001,49.7
2025-08-07 15:00:00+05:30,21.0125,76.92500000000001,32.525
2025-08-07 16:00:00+05:30,28.80666666666667,70.76666666666667,36.53333333333333
2025-08-07 17:00:00+05:30,18.945,63.85,32.85
2025-08-07 18:00:00+05:30,21.494999999999997,54.325,21.05
2025-08-07 19:00:00+05:30,20.2925,53.75,24.55
2025-08-07 20:00:00+05:30,24.1675,57.1,28.225
2025-08-07 21:00:00+05:30,23.6325,59.425,27.05
2025-08-07 22:00:00+05:30,20.9425,54.725,34.425
2025-08-07 23:00:00+05:30,22.766666666666666,49.300000000000004,34.3
2025-08-08 00:00:00+05:30,19.63,67.0,22.7
2025-08-08 01:00:00+05:30,22.1125,65.1,23.4
2025-08-08 02:00:00+05:30,18.0475,60.45,27.45
2025-08-08 03:00:00+05:30,25.235,59.125,28.2
2025-08-08 04:00:00+05:30,21.0775,59.825,22.825
2025-08-08 05:00:00+05:30,21.9825,55.625,29.275
2025-08-08 06:00:00+05:30,29.267500000000002,46.925,22.25
2025-08-08 07:00:00+05:30,23.2775,44.275,15.4
2025-08-08 08:00:00+05:30,21.4325,49.275,22.275
2025-08-08 09:00:00+05:30,25.837500000000002,52.45,31.2
2025-08-08 10:00:00+05:30,24.14,46.13333333333333,29.8
2025-08-08 11:00:00+05:30,25.4025,43.125,24.325
2025-08-08 12:00:00+05:30,19.725,43.375,17.15
2025-08-08 13:00:00+05:30,19.4325,41.575,18.1
2025-08-08 14:00:00+05:30,26.2,37.1,21.425
2025-08-08 15:00:00+05:30,26.015,37.125,14.024999999999999
2025-08-08 16:00:00+05:30,20.38,33.575,11.85
2025-08-08 17:00:00+05:30,18.415,29.525,14.225
2025-08-08 18:00:00+05:30,26.343333333333334,26.8,8.566666666666668
2025-08-08 19:00:00+05:30,20.947499999999998,24.2,7.825
2025-08-08 20:00:00+05:30,21.2075,23.925,10.475
2025-08-08 21:00:00+05:30,23.285,25.65,12.575
2025-08-08 22:00:00+05:30,20.77,28.525,14.075
2025-08-08 23:00:00+05:30,16.959999999999997,34.9,17.53333333333333
2025-08-09 00:00:00+05:30,17.22,44.5,27.0
2025-08-09 01:00:00+05:30,23.695,41.375,23.35
2025-08-09 02:00:00+05:30,24.1025,34.025,15.475
2025-08-09 03:00:00+05:30,25.07,32.425,18.2
2025-08-09 06:00:00+05:30,19.265,37.45,20.275
2025-08-09 07:00:00+05:30,21.97,33.45,18.0
2025-08-09 08:00:00+05:30,22.28,37.9,23.1
2025-08-09 09:00:00+05:30,24.5,38.475,21.875
2025-08-09 10:00:00+05:30,21.634999999999998,37.4,18.125
2025-08-09 11:00:00+05:30,23.3,34.275,16.2
2025-08-09 12:00:00+05:30,22.68,34.35,15.25
2025-08-09 13:00:00+05:30,21.385,31.175,12.75
2025-08-09 14:00:00+05:30,24.5,33.575,19.275
2025-08-09 15:00:00+05:30,22.595,35.93333333333333,26.1
2025-08-09 16:00:00+05:30,28.3875,38.275000000000006,24.65
2025-08-09 17:00:00+05:30,28.255,37.775,18.85
2025-08-09 18:00:00+05:30,22.84,37.974999999999994,23.65
2025-08-09 19:00:00+05:30,23.0325,38.375,25.65
2025-08-09 20:00:00+05:30,16.10333333333333,52.6,33.53333333333333
2025-08-09 21:00:00+05:30,19.869999999999997,60.55,45.4
2025-08-09 22:00:00+05:30,27.769999999999996,67.425,48.7
2025-08-09 23:00:00+05:30,22.706666666666667,70.13333333333334,44.666666666666664
2025-08-10 00:00:00+05:30,18.92,68.2,22.9
2025-08-10 01:00:00+05:30,21.2475,66.15,22.075
2025-08-10 02:00:00+05:30,18.18,58.775000000000006,22.4
2025-08-10 03:00:00+05:30,19.755000000000003,49.275000000000006,23.6
2025-08-10 04:00:00+05:30,22.025,44.575,18.725
2025-08-10 05:00:00+05:30,15.685,43.425,20.3
2025-08-10 06:00:00+05:30,23.080000000000002,37.725,22.075
2025-08-10 07:00:00+05:30,18.5225,38.2,23.7
2025-08-10 08:00:00+05:30,19.655,40.925000000000004,16.95
2025-08-10 09:00:00+05:30,19.9425,46.575,24.025
2025-08-10 10:00:00+05:30,24.814999999999998,38.975,30.95
2025-08-10 11:00:00+05:30,25.0275,39.75,28.325
2025-08-10 12:00:00+05:30,26.575000000000003,43.85,32.425
2025-08-10 13:00:00+05:30,24.8825,46.3,32.425
2025-08-10 14:00:00+05:30,25.265,47.425,28.275
2025-08-10 15:00:00+05:30,23.697499999999998,46.725,31.55
2025-08-10 16:00:00+05:30,19.105,46.075,26.8
2025-08-10 17:00:00+05:30,19.2775,44.775,32.025
2025-08-10 18:00:00+05:30,22.625,47.275,31.65
2025-08-10 19:00:00+05:30,26.0475,45.9,26.025
2025-08-10 20:00:00+05:30,17.7875,47.625,31.275
2025-08-10 21:00:00+05:30,24.3925,62.6,45.65
2025-08-10 22:00:00+05:30,18.8525,63.550000000000004,46.9
2025-08-10 23:00:00+05:30,28.97,58.03333333333333,37.9
2025-08-11 00:00:00+05:30,35.57,45.3,20.0
2025-08-11 01:00:00+05:30,21.175,46.15,19.25
2025-08-11 02:00:00+05:30,20.8425,45.75,21.4
2025-08-11 03:00:00+05:30,22.626666666666665,40.5,25.166666666666668
2025-08-11 04:00:00+05:30,23.9025,38.425,18.75
2025-08-11 05:00:00+05:30,20.815,38.0,16.625
2025-08-11 06:00:00+05:30,21.5375,40.025,16.775000000000002
2025-08-11 07:00:00+05:30,13.7575,32.099999999999994,11.825
2025-08-11 08:00:00+05:30,21.7575,46.4,25.875
2025-08-11 09:00:00+05:30,21.415,48.775,33.25
2025-08-11 10:00:00+05:30,23.795,50.9,38.25
2025-08-11 11:00:00+05:30,21.8775,50.225,40.8
2025-08-11 12:00:00+05:30,27.2475,48.85,34.35
2025-08-11 13:00:00+05:30,22.225,43.525,22.924999999999997
2025-08-11 14:00:00+05:30,29.6625,38.349999999999994,22.075
2025-08-11 15:00:00+05:30,25.57,40.3,19.85
2025-08-11 16:00:00+05:30,20.7175,35.75,17.175
2025-08-11 17:00:00+05:30,22.795,33.0,13.6
2025-08-11 18:00:00+05:30,22.2575,29.3,15.9
2025-08-11 19:00:00+05:30,26.59,28.725,20.1
2025-08-11 20:00:00+05:30,21.8725,25.825,18.9
2025-08-11 21:00:00+05:30,24.936666666666667,25.166666666666668,13.966666666666667
2025-08-11 22:00:00+05:30,23.7475,27.45,15.0
2025-08-11 23:00:00+05:30,16.626666666666665,23.7,15.133333333333333
2025-08-12 00:00:00+05:30,16.63,20.9,18.8
2025-08-12 01:00:00+05:30,23.845,20.924999999999997,19.375
2025-08-12 02:00:00+05:30,21.1025,21.675,19.825
2025-08-12 03:00:00+05:30,25.06,22.675,16.075
2025-08-12 04:00:00+05:30,18.5375,25.2,10.925
2025-08-12 05:00:00+05:30,20.4225,32.225,12.675
2025-08-12 06:00:00+05:30,21.4725,34.075,17.15
2025-08-12 07:00:00+05:30,20.485,33.1,16.6
2025-08-12 08:00:00+05:30,23.63,28.075,17.95
2025-08-12 09:00:00+05:30,22.4425,25.75,25.425
2025-08-12 10:00:00+05:30,20.197499999999998,27.525,32.824999999999996
2025-08-12 11:00:00+05:30,28.805,33.775,32.8
2025-08-12 12:00:00+05:30,28.8125,50.7,37.925
2025-08-12 13:00:00+05:30,21.7775,57.625,43.4
2025-08-12 14:00:00+05:30,23.9525,59.05,44.925
2025-08-12 15:00:00+05:30,31.55,69.76666666666667,48.73333333333333
2025-08-12 16:00:00+05:30,25.97,71.76666666666667,37.666666666666664
2025-08-12 17:00:00+05:30,27.3175,52.45,32.825
2025-08-12 18:00:00+05:30,22.2325,38.8,36.3
2025-08-12 19:00:00+05:30,24.71,34.675,41.825
2025-08-12 20:00:00+05:30,19.259999999999998,39.95,37.225
2025-08-12 21:00:00+05:30,25.1725,45.45,48.325
2025-08-12 22:00:00+05:30,20.64,54.85,54.05
2025-08-12 23:00:00+05:30,22.886666666666667,70.60000000000001,56.56666666666666
2025-08-13 00:00:00+05:30,15.15,61.2,30.3
2025-08-13 01:00:00+05:30,20.41,62.5,33.725
2025-08-13 02:00:00+05:30,20.9175,63.5,36.475
2025-08-13 03:00:00+05:30,25.5725,60.775,26.349999999999998
2025-08-13 04:00:00+05:30,21.1125,63.175,26.0
2025-08-13 05:00:00+05:30,24.3175,66.27499999999999,32.175
2025-08-13 06:00:00+05:30,19.84,61.3,37.0
2025-08-13 07:00:00+05:30,25.0075,60.974999999999994,34.95
2025-08-13 08:00:00+05:30,17.215,62.05,31.975
2025-08-13 09:00:00+05:30,24.345,62.875,35.75
2025-08-13 10:00:00+05:30,21.2475,57.925,36.275
2025-08-13 11:00:00+05:30,20.825,61.3,33.8
2025-08-13 12:00:00+05:30,20.0375,67.1,38.7
2025-08-13 13:00:00+05:30,16.5975,69.05,41.1
2025-08-13 14:00:00+05:30,19.7575,70.7,45.650000000000006
2025-08-13 15:00:00+05:30,21.8275,70.0,49.6
2025-08-13 16:00:00+05:30,21.155,76.7,45.35
2025-08-13 17:00:00+05:30,18.62,76.85,46.55
2025-08-13 18:00:00+05:30,19.8825,72.5,52.449999999999996
2025-08-13 19:00:00+05:30,21.3375,69.52499999999999,52.65
2025-08-13 20:00:00+05:30,27.1525,73.8,35.675
2025-08-13 21:00:00+05:30,21.2125,71.65,25.325
2025-08-13 22:00:00+05:30,22.7425,65.075,24.85
2025-08-13 23:00:00+05:30,23.543333333333333,55.6,27.433333333333334
2025-08-14 00:00:00+05:30,21.46,27.2,11.2
2025-08-14 01:00:00+05:30,18.7375,25.625,10.2
2025-08-14 02:00:00+05:30,24.1875,21.65,7.625
2025-08-14 03:00:00+05:30,18.15,19.475,7.75
2025-08-14 04:00:00+05:30,24.2325,20.0,12.450000000000001
2025-08-14 05:00:00+05:30,20.506666666666664,21.5,13.5
2025-08-14 06:00:00+05:30,18.5225,20.975,8.7
2025-08-14 07:00:00+05:30,21.0325,23.825,8.925
2025-08-14 08:00:00+05:30,20.6525,23.424999999999997,10.175
2025-08-14 09:00:00+05:30,25.645,27.3,9.55
2025-08-14 10:00:00+05:30,24.7625,35.525,18.9
2025-08-14 11:00:00+05:30,24.2175,34.7,29.6
2025-08-14 12:00:00+05:30,21.22,34.425,32.925
2025-08-14 13:00:00+05:30,26.5225,35.75,24.975
2025-08-14 14:00:00+05:30,19.17,40.474999999999994,22.825
2025-08-14 15:00:00+05:30,21.42,36.075,34.575
2025-08-14 16:00:00+05:30,18.905,24.45,22.15
2025-08-14 17:00:00+05:30,16.33666666666667,29.46666666666667,20.233333333333334
2025-08-14 18:00:00+05:30,15.8375,47.275,37.325
2025-08-14 19:00:00+05:30,20.445,46.25,37.55
2025-08-14 20:00:00+05:30,22.0175,52.125,49.6
2025-08-14 21:00:00+05:30,23.4675,50.275,48.225
2025-08-14 22:00:00+05:30,26.62,10.4,0.0
2025-08-14 23:00:00+05:30,21.97,16.5,3.033333333333333
2025-08-15 00:00:00+05:30,26.49,49.5,39.1
2025-08-15 01:00:00+05:30,24.03,49.75,35.875
2025-08-15 02:00:00+05:30,23.05,49.625,32.375
2025-08-15 03:00:00+05:30,26.947499999999998,47.375,31.275000000000002
2025-08-15 04:00:00+05:30,22.3925,45.45,25.5
2025-08-15 05:00:00+05:30,21.96,42.475,29.525000000000002
2025-08-15 06:00:00+05:30,24.44666666666667,36.93333333333333,17.733333333333334
2025-08-15 07:00:00+05:30,23.945,39.125,13.3
2025-08-15 08:00:00+05:30,22.052500000000002,41.275,30.375
2025-08-15 09:00:00+05:30,22.2125,40.125,49.75
2025-08-15 10:00:00+05:30,21.52,37.675000000000004,33.075
2025-08-15 11:00:00+05:30,28.15,50.075,24.175
2025-08-15 12:00:00+05:30,27.045,46.975,16.05
2025-08-15 13:00:00+05:30,22.8825,47.4,12.75
2025-08-15 14:00:00+05:30,21.497500000000002,48.775,22.275
2025-08-15 15:00:00+05:30,20.913333333333334,50.1,33.96666666666667
2025-08-15 16:00:00+05:30,24.917499999999997,54.6,19.85
2025-08-15 17:00:00+05:30,22.38,54.45,11.0
2025-08-15 18:00:00+05:30,20.073333333333334,59.03333333333333,11.566666666666668
2025-08-15 19:00:00+05:30,26.76,65.025,18.1
2025-08-15 20:00:00+05:30,24.7325,69.95,24.575
2025-08-15 21:00:00+05:30,18.145,69.575,33.425
2025-08-15 22:00:00+05:30,21.645,56.5,37.6
2025-08-15 23:00:00+05:30,26.03333333333333,55.93333333333334,24.233333333333334
2025-08-16 00:00:00+05:30,24.3,47.4,27.3
2025-08-16 01:00:00+05:30,22.0925,46.425,25.5
2025-08-16 02:00:00+05:30,23.763333333333332,41.266666666666666,20.7
2025-08-16 03:00:00+05:30,26.817500000000003,38.25,21.175
2025-08-16 04:00:00+05:30,24.0075,39.7,22.85
2025-08-16 05:00:00+05:30,17.4175,39.075,16.075
2025-08-16 06:00:00+05:30,21.6675,38.675,14.625
2025-08-16 07:00:00+05:30,22.295,36.65,18.0
2025-08-16 08:00:00+05:30,25.2275,33.975,22.525
2025-08-16 09:00:00+05:30,21.04,37.6,37.775000000000006
2025-08-16 10:00:00+05:30,28.075,36.85,38.6
2025-08-16 11:00:00+05:30,26.405,41.4,36.85
2025-08-16 12:00:00+05:30,19.3425,46.275,32.85
2025-08-16 13:00:00+05:30,23.9075,48.5,41.25
2025-08-16 14:00:00+05:30,20.0325,48.925,34.675
2025-08-16 15:00:00+05:30,22.4,44.075,21.025
2025-08-16 16:00:00+05:30,20.47,44.375,15.3
2025-08-16 17:00:00+05:30,26.16,47.63333333333333,10.266666666666667
2025-08-16 18:00:00+05:30,23.085,51.65,15.875
2025-08-16 19:00:00+05:30,21.08,45.0,20.6
2025-08-16 20:00:00+05:30,18.6,49.55,22.775
2025-08-16 21:00:00+05:30,22.6875,57.8,34.0
2025-08-16 22:00:00+05:30,22.947499999999998,60.675,45.425
2025-08-16 23:00:00+05:30,21.38,56.699999999999996,44.5
2025-08-17 00:00:00+05:30,25.86,46.5,30.1
2025-08-17 01:00:00+05:30,18.884999999999998,46.75,28.65
2025-08-17 02:00:00+05:30,23.8175,48.675,27.7
2025-08-17 03:00:00+05:30,21.88,50.325,28.375
2025-08-17 04:00:00+05:30,26.61,50.525,30.424999999999997
2025-08-17 05:00:00+05:30,29.2075,52.45,39.75
2025-08-17 06:00:00+05:30,23.375,51.45,37.65
2025-08-17 07:00:00+05:30,26.44,58.775,44.400000000000006
2025-08-17 08:00:00+05:30,22.3275,58.3,46.45
2025-08-17 09:00:00+05:30,27.935000000000002,54.65,42.075
2025-08-17 10:00:00+05:30,23.560000000000002,54.06666666666666,42.4
2025-08-17 11:00:00+05:30,23.885,46.425,48.3
2025-08-17 12:00:00+05:30,18.89,43.45,39.775
2025-08-17 13:00:00+05:30,18.5425,44.4,35.825
2025-08-17 14:00:00+05:30,27.1275,49.2,28.825
2025-08-17 15:00:00+05:30,22.27,45.675,16.725
2025-08-17 16:00:00+05:30,23.21666666666667,44.23333333333333,19.933333333333334
2025-08-17 17:00:00+05:30,24.775,43.15,27.75
2025-08-17 18:00:00+05:30,24.924999999999997,40.725,28.224999999999998
2025-08-17 19:00:00+05:30,21.335,46.875,28.375
2025-08-17 20:00:00+05:30,19.959999999999997,47.73333333333333,30.433333333333334
2025-08-17 21:00:00+05:30,23.947499999999998,51.5,31.425
2025-08-17 22:00:00+05:30,22.3325,53.45,30.4
2025-08-17 23:00:00+05:30,34.03,44.76666666666667,29.233333333333334
2025-08-18 00:00:00+05:30,33.95,41.1,17.8
2025-08-18 01:00:00+05:30,21.965,38.35,19.225
2025-08-18 02:00:00+05:30,21.3175,32.475,19.625
2025-08-18 03:00:00+05:30,20.7025,29.775000000000002,14.35
2025-08-18 04:00:00+05:30,24.4825,29.425,13.35
2025-08-18 05:00:00+05:30,26.035,32.875,14.85
2025-08-18 07:00:00+05:30,41.87,23.1,13.9
2025-08-18 08:00:00+05:30,27.166666666666668,25.03333333333333,19.833333333333332
2025-08-18 09:00:00+05:30,24.395,26.925,22.625
2025-08-18 10:00:00+05:30,28.107499999999998,27.4,20.7
2025-08-18 11:00:00+05:30,26.0225,29.575000000000003,26.425
2025-08-18 12:00:00+05:30,25.475,30.475,19.4
2025-08-18 13:00:00+05:30,20.8225,31.5,18.825
2025-08-18 14:00:00+05:30,15.76,28.7,14.3
2025-08-18 15:00:00+05:30,24.0325,28.25,12.925
2025-08-18 16:00:00+05:30,31.643333333333334,30.766666666666666,12.366666666666667
2025-08-18 17:00:00+05:30,25.0175,39.2,16.45
2025-08-18 18:00:00+05:30,28.6025,40.6,18.525
2025-08-18 19:00:00+05:30,39.635,48.85,19.75
2025-08-18 20:00:00+05:30,32.305,63.525,13.275
2025-08-18 21:00:00+05:30,23.29,45.25,10.675
2025-08-18 22:00:00+05:30,25.995,33.05,21.025
2025-08-18 23:00:00+05:30,24.11,28.833333333333332,31.166666666666668
2025-08-19 00:00:00+05:30,33.21,32.1,27.0
2025-08-19 01:00:00+05:30,22.2175,30.675,24.5
2025-08-19 02:00:00+05:30,24.0775,31.4,20.85
2025-08-19 03:00:00+05:30,21.5675,41.55,18.8
2025-08-19 04:00:00+05:30,25.1625,44.95,14.525
2025-08-19 05:00:00+05:30,28.875,36.5,18.175
2025-08-19 06:00:00+05:30,23.3475,31.325,13.825
2025-08-19 07:00:00+05:30,20.0775,25.975,11.45
2025-08-19 08:00:00+05:30,29.46,24.725,18.875
2025-08-19 09:00:00+05:30,30.13,25.575,24.15
2025-08-19 10:00:00+05:30,31.48,22.125,15.7
2025-08-19 11:00:00+05:30,25.735,23.725,14.075
2025-08-19 12:00:00+05:30,30.5625,27.825,12.125
2025-08-19 13:00:00+05:30,37.655,29.125,13.399999999999999
2025-08-19 14:00:00+05:30,28.2675,34.625,8.0
2025-08-19 15:00:00+05:30,255.7775,27.975,5.7
2025-08-19 16:00:00+05:30,121.81750000000001,22.85,4.175
2025-08-19 17:00:00+05:30,24.52,19.775,1.225
2025-08-19 18:00:00+05:30,19.5325,20.175,10.05
2025-08-19 19:00:00+05:30,21.6625,23.775,13.1
2025-08-19 20:00:00+05:30,21.685000000000002,25.1,15.075
2025-08-19 21:00:00+05:30,19.55,24.7,24.65
2025-08-19 22:00:00+05:30,17.145,25.05,24.650000000000002
2025-08-19 23:00:00+05:30,16.849999999999998,32.9,18.1
2025-08-20 00:00:00+05:30,15.0,41.2,14.7
2025-08-20 01:00:00+05:30,24.715,40.375,18.05
2025-08-20 02:00:00+05:30,20.18,34.5,12.6
2025-08-20 03:00:00+05:30,25.2075,37.6,11.375
2025-08-20 04:00:00+05:30,18.485,41.275,12.425
2025-08-20 05:00:00+05:30,27.595,35.949999999999996,23.425
2025-08-20 06:00:00+05:30,31.41,32.06666666666666,17.633333333333333
2025-08-20 07:00:00+05:30,21.5825,31.875,20.1
2025-08-20 08:00:00+05:30,24.7025,35.625,32.5
2025-08-20 09:00:00+05:30,27.305,37.075,32.699999999999996
2025-08-20 10:00:00+05:30,26.3975,34.35,28.125
2025-08-20 11:00:00+05:30,25.5725,31.125,25.55
2025-08-20 12:00:00+05:30,29.6575,28.45,28.825000000000003
2025-08-20 13:00:00+05:30,25.46,28.825,16.424999999999997
2025-08-20 14:00:00+05:30,22.38,31.333333333333332,18.133333333333336
2025-08-20 15:00:00+05:30,22.0525,30.4,24.925
2025-08-20 16:00:00+05:30,35.45,29.925,18.625
2025-08-20 17:00:00+05:30,32.0025,28.85,10.649999999999999
2025-08-20 18:00:00+05:30,19.8525,30.325,8.475
2025-08-20 19:00:00+05:30,28.685,33.975,20.375
2025-08-20 20:00:00+05:30,22.7,38.95,23.0
2025-08-20 21:00:00+05:30,27.7475,36.8,20.175
2025-08-20 22:00:00+05:30,26.6325,33.3,24.15
2025-08-20 23:00:00+05:30,27.046666666666667,32.333333333333336,25.2
2025-08-21 00:00:00+05:30,27.18,33.7,18.0
2025-08-21 01:00:00+05:30,28.6075,32.65,14.899999999999999
2025-08-21 02:00:00+05:30,25.607499999999998,31.325,13.625
2025-08-21 03:00:00+05:30,24.3875,31.7,18.05
2025-08-21 04:00:00+05:30,26.8075,31.375,12.15
2025-08-21 05:00:00+05:30,20.8525,32.55,25.400000000000002
2025-08-21 06:00:00+05:30,24.252499999999998,32.425,21.700000000000003
2025-08-21 07:00:00+05:30,25.195,34.925,28.55
2025-08-21 08:00:00+05:30,35.9325,32.225,23.85
2025-08-21 09:00:00+05:30,23.77,29.325,25.8
2025-08-21 10:00:00+05:30,22.134999999999998,27.525,26.1
2025-08-21 11:00:00+05:30,26.62,27.1,4.65
2025-08-21 13:00:00+05:30,20.29,10.525,0.225
2025-08-21 14:00:00+05:30,21.745,38.25,15.5
2025-08-21 15:00:00+05:30,18.785,31.375,11.075
2025-08-21 16:00:00+05:30,23.697499999999998,47.25,38.099999999999994
2025-08-21 17:00:00+05:30,23.9775,58.025,21.424999999999997
2025-08-21 18:00:00+05:30,25.0575,56.275,22.075
2025-08-21 19:00:00+05:30,20.4375,54.625,29.950000000000003
2025-08-21 20:00:00+05:30,24.9275,51.275000000000006,17.35
2025-08-21 21:00:00+05:30,25.3875,54.75,23.55
2025-08-21 22:00:00+05:30,23.005,58.4,28.2
2025-08-21 23:00:00+05:30,34.37,52.79999999999999,19.9
2025-08-22 00:00:00+05:30,27.67,55.1,27.4
2025-08-22 01:00:00+05:30,28.595,51.675,24.225
2025-08-22 02:00:00+05:30,29.186666666666667,56.70000000000001,19.5
2025-08-22 03:00:00+05:30,22.6575,44.025,12.975
2025-08-22 04:00:00+05:30,21.585,51.475,19.3
2025-08-22 05:00:00+05:30,26.185000000000002,44.625,26.299999999999997
2025-08-22 06:00:00+05:30,29.2875,52.025,20.125
2025-08-22 07:00:00+05:30,25.285,53.825,27.925
2025-08-22 08:00:00+05:30,19.627499999999998,43.925,36.5
2025-08-22 09:00:00+05:30,21.995,45.475,19.175
2025-08-22 10:00:00+05:30,23.925,49.150000000000006,17.8
2025-08-22 11:00:00+05:30,24.085,46.475,18.175
2025-08-22 12:00:00+05:30,28.883333333333336,50.6,15.199999999999998
2025-08-22 13:00:00+05:30,20.933333333333334,47.1,30.2
2025-08-22 14:00:00+05:30,25.88,49.775,24.65
2025-08-22 15:00:00+05:30,31.7825,41.95,12.875
2025-08-22 18:00:00+05:30,24.94,42.075,10.4
2025-08-22 19:00:00+05:30,26.4775,34.425,9.475
2025-08-22 22:00:00+05:30,25.136666666666667,34.36666666666667,19.833333333333332
2025-08-22 23:00:00+05:30,28.040000000000003,32.3,19.5
2025-08-23 00:00:00+05:30,31.67,37.9,12.8
2025-08-23 01:00:00+05:30,24.572499999999998,32.375,10.875
2025-08-23 02:00:00+05:30,24.475,32.225,19.15
2025-08-23 03:00:00+05:30,21.085,39.85,14.3
2025-08-23 04:00:00+05:30,30.8175,37.575,11.075000000000001
2025-08-23 05:00:00+05:30,24.66,30.05,19.049999999999997
2025-08-23 06:00:00+05:30,19.697499999999998,34.0,17.35
2025-08-23 07:00:00+05:30,22.3975,39.175,20.975
2025-08-23 08:00:00+05:30,22.483333333333334,31.900000000000002,22.8
2025-08-23 09:00:00+05:30,28.807499999999997,35.25,25.275000000000002
2025-08-23 10:00:00+05:30,25.905,31.375,21.85
2025-08-23 11:00:00+05:30,25.6725,29.275000000000002,12.575
2025-08-23 12:00:00+05:30,26.767500000000002,38.275,8.625
2025-08-23 13:00:00+05:30,19.493333333333336,30.133333333333336,0.4666666666666666
2025-08-23 14:00:00+05:30,25.2975,31.325,8.2
2025-08-23 15:00:00+05:30,25.1025,32.25,9.9
2025-08-23 16:00:00+05:30,25.572499999999998,35.425,11.425
2025-08-23 17:00:00+05:30,20.482499999999998,36.9,10.2
2025-08-23 18:00:00+05:30,21.675,37.35,10.95
2025-08-23 19:00:00+05:30,25.3,35.2,18.3
2025-08-23 20:00:00+05:30,27.6725,35.375,15.7
2025-08-23 21:00:00+05:30,26.366666666666664,34.5,13.033333333333333
2025-08-23 22:00:00+05:30,22.145,34.3,11.025
2025-08-23 23:00:00+05:30,22.243333333333336,34.3,8.633333333333333
2025-08-24 00:00:00+05:30,15.86,32.6,22.0
2025-08-24 01:00:00+05:30,22.990000000000002,34.25,20.700000000000003
2025-08-24 02:00:00+05:30,25.7675,36.1,14.075000000000001
2025-08-24 03:00:00+05:30,20.637500000000003,29.825,8.225
2025-08-24 04:00:00+05:30,22.1525,24.1,11.375
2025-08-24 05:00:00+05:30,25.78,24.075,9.475
2025-08-24 06:00:00+05:30,28.0625,28.7,9.5
2025-08-24 07:00:00+05:30,22.3675,28.2,8.225
2025-08-24 08:00:00+05:30,27.48,27.425,2.375
2025-08-24 09:00:00+05:30,26.595,24.150000000000002,3.825
2025-08-24 10:00:00+05:30,24.1825,27.6,13.9
2025-08-24 11:00:00+05:30,26.1425,28.95,15.375
2025-08-24 12:00:00+05:30,23.78,32.0,17.9
2025-08-24 13:00:00+05:30,30.965,32.075,15.675
2025-08-24 14:00:00+05:30,24.924999999999997,36.25,9.725
2025-08-24 15:00:00+05:30,20.2675,33.9,6.075
2025-08-24 16:00:00+05:30,24.9825,34.5,4.725
2025-08-24 17:00:00+05:30,21.955,29.125,9.775
2025-08-24 18:00:00+05:30,24.395,24.55,10.7
2025-08-24 19:00:00+05:30,22.6825,27.675,11.925
2025-08-24 20:00:00+05:30,21.240000000000002,36.1,18.95
2025-08-24 21:00:00+05:30,24.863333333333333,29.900000000000002,16.599999999999998
2025-08-24 22:00:00+05:30,26.3,37.0,17.0
2025-08-24 23:00:00+05:30,26.826666666666664,32.7,22.566666666666666
2025-08-25 00:00:00+05:30,16.45,32.3,23.6
2025-08-25 01:00:00+05:30,26.21,38.025,22.35
2025-08-25 02:00:00+05:30,28.849999999999998,34.93333333333333,21.2
2025-08-25 03:00:00+05:30,25.265,32.625,19.475
2025-08-25 04:00:00+05:30,27.8275,33.775,12.575
2025-08-25 05:00:00+05:30,27.265,32.85,14.35
2025-08-25 06:00:00+05:30,22.4225,46.925,17.675
2025-08-25 07:00:00+05:30,23.615,41.925,20.6
2025-08-25 08:00:00+05:30,30.582500000000003,37.5,24.275
2025-08-25 09:00:00+05:30,26.6425,33.150000000000006,28.225
2025-08-25 10:00:00+05:30,21.825,31.625,21.55
2025-08-25 11:00:00+05:30,26.66,33.0,18.9
2025-08-25 12:00:00+05:30,25.6825,27.5,18.175
2025-08-25 13:00:00+05:30,21.98,22.55,12.7
2025-08-25 14:00:00+05:30,25.400000000000002,19.966666666666665,8.5
2025-08-25 15:00:00+05:30,21.5325,18.200000000000003,7.5
2025-08-25 16:00:00+05:30,32.0375,23.0,7.025
2025-08-25 17:00:00+05:30,19.790000000000003,23.3,6.1000000000000005
2025-08-25 18:00:00+05:30,27.0925,27.15,5.275
2025-08-25 19:00:00+05:30,25.455,25.1,5.1
2025-08-25 20:00:00+05:30,19.415,25.425,0.3
2025-08-25 21:00:00+05:30,26.3775,22.05,4.8
2025-08-25 22:00:00+05:30,22.5675,24.45,17.849999999999998
2025-08-25 23:00:00+05:30,23.070000000000004,21.7,23.100000000000005
2025-08-26 00:00:00+05:30,40.31,22.2,14.7
2025-08-26 01:00:00+05:30,27.7225,34.625,17.675
2025-08-26 02:00:00+05:30,26.7625,35.3,11.325
2025-08-26 03:00:00+05:30,24.91,28.8,8.1
2025-08-26 04:00:00+05:30,22.322499999999998,26.0,8.125
2025-08-26 05:00:00+05:30,26.237499999999997,26.45,28.725
2025-08-26 06:00:00+05:30,32.025,23.525,25.35
2025-08-26 07:00:00+05:30,25.85,24.875,20.625
2025-08-26 08:00:00+05:30,25.71,24.575,11.925
2025-08-26 09:00:00+05:30,22.835,34.875,13.3
2025-08-26 10:00:00+05:30,25.21,33.4,12.2
2025-08-26 11:00:00+05:30,29.18,33.175,11.425
2025-08-26 12:00:00+05:30,27.395,26.825,23.825
2025-08-26 13:00:00+05:30,24.365000000000002,23.175,17.325
2025-08-26 14:00:00+05:30,23.6325,31.625,18.275
2025-08-26 15:00:00+05:30,20.38,27.9,23.1
2025-08-26 16:00:00+05:30,28.675,27.05,16.275
2025-08-26 17:00:00+05:30,28.62,24.925,28.025
2025-08-26 18:00:00+05:30,28.2325,32.225,22.475
2025-08-26 19:00:00+05:30,22.612499999999997,34.349999999999994,47.45
2025-08-26 20:00:00+05:30,22.545,36.9,45.825
2025-08-26 21:00:00+05:30,28.52,10.9,0.325
2025-08-26 22:00:00+05:30,27.0475,56.275,29.825
2025-08-26 23:00:00+05:30,31.133333333333336,54.4,22.8
2025-08-27 00:00:00+05:30,24.44,51.3,35.3
2025-08-27 01:00:00+05:30,24.805,61.825,30.55
2025-08-27 02:00:00+05:30,26.7,55.0,34.3
2025-08-27 04:00:00+05:30,28.433333333333337,54.13333333333333,26.600000000000005
2025-08-27 05:00:00+05:30,20.47,50.05,28.1
2025-08-27 06:00:00+05:30,20.33,47.7,29.55
2025-08-27 08:00:00+05:30,27.03,51.650000000000006,39.6
2025-08-27 09:00:00+05:30,24.75,53.9,36.849999999999994
2025-08-27 10:00:00+05:30,20.63,62.73333333333333,40.5
2025-08-27 11:00:00+05:30,22.3825,57.7,31.125
2025-08-27 12:00:00+05:30,28.305,57.7,0.0
2025-08-27 13:00:00+05:30,27.3175,21.8,0.0
2025-08-27 14:00:00+05:30,22.509999999999998,10.4,2.85
2025-08-27 15:00:00+05:30,20.2025,10.4,5.6
2025-08-27 16:00:00+05:30,20.095,14.4,4.5249999999999995
2025-08-27 17:00:00+05:30,26.22,26.166666666666668,17.966666666666665
2025-08-27 18:00:00+05:30,27.0975,33.025,25.25
2025-08-27 19:00:00+05:30,28.0825,44.575,30.1
2025-08-27 20:00:00+05:30,31.7175,59.5,34.925
2025-08-27 21:00:00+05:30,26.0025,67.725,51.6
2025-08-27 22:00:00+05:30,22.465,75.77499999999999,53.75
2025-08-27 23:00:00+05:30,28.983333333333334,75.53333333333333,52.0
2025-08-28 00:00:00+05:30,19.74,77.1,40.8
2025-08-28 01:00:00+05:30,24.725,74.925,40.425
2025-08-28 02:00:00+05:30,22.89,68.975,38.05
2025-08-28 03:00:00+05:30,23.235,65.675,32.9
2025-08-28 04:00:00+05:30,24.17,63.3,29.75
2025-08-28 05:00:00+05:30,30.2375,59.825,34.675
2025-08-28 06:00:00+05:30,28.93,57.05,43.225
2025-08-28 07:00:00+05:30,24.085,58.525,44.7
2025-08-28 08:00:00+05:30,20.3175,62.65,46.875
2025-08-28 09:00:00+05:30,23.0,64.975,51.95
2025-08-28 10:00:00+05:30,30.2575,62.75,46.525
2025-08-28 11:00:00+05:30,33.47666666666667,59.46666666666667,38.7
2025-08-28 12:00:00+05:30,25.5325,56.675,37.2
2025-08-28 13:00:00+05:30,27.083333333333332,52.26666666666667,34.93333333333334
2025-08-28 14:00:00+05:30,26.479999999999997,46.05,26.9
2025-08-28 15:00:00+05:30,24.9225,48.25,38.525
2025-08-28 16:00:00+05:30,24.03,50.3,33.35
2025-08-28 17:00:00+05:30,23.7125,51.75,27.95
2025-08-28 18:00:00+05:30,26.60666666666667,52.03333333333333,24.8
2025-08-28 19:00:00+05:30,25.39,54.1,29.275
2025-08-28 20:00:00+05:30,26.935000000000002,54.025,26.75
2025-08-28 21:00:00+05:30,28.6075,49.3,35.075
2025-08-28 22:00:00+05:30,32.7275,47.7,48.575
2025-08-28 23:00:00+05:30,22.450000000000003,52.099999999999994,44.3
2025-08-29 00:00:00+05:30,21.55,50.5,29.4
2025-08-29 01:00:00+05:30,23.455,48.0,29.075
2025-08-29 02:00:00+05:30,29.62,39.875,28.099999999999998
2025-08-29 03:00:00+05:30,23.7825,36.0,28.6
2025-08-29 04:00:00+05:30,34.9925,41.025,32.8
2025-08-29 05:00:00+05:30,25.55666666666667,39.666666666666664,30.2
2025-08-29 06:00:00+05:30,17.09,36.9,27.3
2025-08-29 07:00:00+05:30,22.752499999999998,36.099999999999994,29.45
2025-08-29 08:00:00+05:30,22.62,33.824999999999996,32.85
2025-08-29 09:00:00+05:30,22.425,36.175,29.875
2025-08-29 10:00:00+05:30,24.3575,40.55,26.375
2025-08-29 11:00:00+05:30,27.2025,36.2,19.45
2025-08-29 12:00:00+05:30,32.625,38.5,26.15
2025-08-29 13:00:00+05:30,28.475,35.7,25.575
2025-08-29 14:00:00+05:30,22.8475,37.95,17.4
2025-08-29 15:00:00+05:30,22.9,27.575,16.150000000000002
2025-08-29 16:00:00+05:30,28.7825,18.15,0.95
2025-08-29 17:00:00+05:30,25.939999999999998,52.1,5.2
2025-08-29 18:00:00+05:30,23.0125,43.05,7.875
2025-08-29 19:00:00+05:30,28.134999999999998,42.675,21.35
2025-08-29 20:00:00+05:30,21.49,52.5,39.775
2025-08-29 21:00:00+05:30,29.1425,53.9,38.2
2025-08-29 22:00:00+05:30,29.21,46.2,41.25
2025-08-29 23:00:00+05:30,19.656666666666666,51.0,38.8
2025-08-30 00:00:00+05:30,29.93,46.3,27.9
2025-08-30 01:00:00+05:30,29.075,44.45,27.349999999999998
2025-08-30 02:00:00+05:30,32.4225,36.975,25.0
2025-08-30 03:00:00+05:30,26.4725,32.6,25.275
2025-08-30 04:00:00+05:30,27.83,36.6,27.15
2025-08-30 05:00:00+05:30,19.845,41.675000000000004,36.45
2025-08-30 06:00:00+05:30,25.85,37.75,28.200000000000003
2025-08-30 07:00:00+05:30,22.59,40.875,25.7
2025-08-30 08:00:00+05:30,27.0775,44.4,33.475
2025-08-30 09:00:00+05:30,25.22,53.65,38.974999999999994
2025-08-30 10:00:00+05:30,26.9775,48.875,39.2
2025-08-30 11:00:00+05:30,22.79,48.6,25.9
2025-08-30 12:00:00+05:30,23.125,41.4,26.05
2025-08-30 13:00:00+05:30,32.355000000000004,38.349999999999994,40.525
2025-08-30 14:00:00+05:30,28.442500000000003,37.95,29.724999999999998
2025-08-30 15:00:00+05:30,24.575,43.099999999999994,25.35
2025-08-30 16:00:00+05:30,28.205000000000002,36.55,21.75
2025-08-30 17:00:00+05:30,25.755,39.7,30.950000000000003
2025-08-30 18:00:00+05:30,19.77,38.349999999999994,24.9
2025-08-30 19:00:00+05:30,21.5125,35.55,24.0
2025-08-30 20:00:00+05:30,23.619999999999997,33.325,28.05
2025-08-30 21:00:00+05:30,24.175,38.675,29.2
2025-08-30 22:00:00+05:30,21.915,34.725,35.125
2025-08-30 23:00:00+05:30,18.716666666666665,34.9,35.7
2025-08-31 00:00:00+05:30,26.01,41.7,26.2
2025-08-31 01:00:00+05:30,24.3925,42.025,23.425
2025-08-31 02:00:00+05:30,25.55,35.75,18.4
2025-08-31 03:00:00+05:30,26.502499999999998,35.075,15.275
2025-08-31 04:00:00+05:30,20.62666666666667,38.7,32.4
2025-08-31 05:00:00+05:30,26.99,41.5,29.075
2025-08-31 06:00:00+05:30,35.66,37.5,29.4
2025-08-31 07:00:00+05:30,25.59,38.224999999999994,30.675000000000004
2025-08-31 08:00:00+05:30,26.54,35.975,23.200000000000003
2025-08-31 09:00:00+05:30,22.3325,37.675000000000004,30.875
2025-08-31 10:00:00+05:30,20.45,39.35,32.85
2025-08-31 11:00:00+05:30,27.5675,37.325,31.675000000000004
2025-08-31 12:00:00+05:30,24.75,33.23333333333333,33.43333333333334
2025-08-31 13:00:00+05:30,19.19,27.825,40.025
2025-08-31 14:00:00+05:30,28.052500000000002,26.674999999999997,0.0
2025-08-31 15:00:00+05:30,27.2025,33.55,9999.9
2025-08-31 16:00:00+05:30,26.0275,30.5,7431.799999999999
2025-08-31 17:00:00+05:30,28.4075,31.224999999999998,3476.475
2025-08-31 18:00:00+05:30,25.5525,30.9,1859.6
2025-08-31 19:00:00+05:30,29.3925,32.0,931.2249999999999
2025-08-31 20:00:00+05:30,21.9,14.05,92.075
2025-08-31 21:00:00+05:30,25.48,59.95,3.0999999999999996
2025-08-31 22:00:00+05:30,25.875,62.0,12.075
2025-08-31 23:00:00+05:30,21.96666666666667,60.0,10.566666666666668
2025-09-01 00:00:00+05:30,18.3,60.5,5.6
2025-09-01 01:00:00+05:30,25.927500000000002,58.650000000000006,3.3499999999999996
2025-09-01 02:00:00+05:30,23.2975,46.75,1.6749999999999998
2025-09-01 03:00:00+05:30,23.305,43.675,2.55
2025-09-01 04:00:00+05:30,24.32,36.2,4.1000000000000005
2025-09-01 05:00:00+05:30,26.6925,36.825,11.775
2025-09-01 06:00:00+05:30,15.5,30.3,16.6
2025-09-01 07:00:00+05:30,21.43,25.875,20.0
2025-09-01 08:00:00+05:30,27.38,22.625,21.2
2025-09-01 09:00:00+05:30,25.253333333333334,25.400000000000002,32.233333333333334
2025-09-01 10:00:00+05:30,17.25,27.2,5.3
2025-09-01 11:00:00+05:30,26.075,28.725,19.85
2025-09-01 12:00:00+05:30,23.517500000000002,24.35,0.0
2025-09-01 13:00:00+05:30,26.593333333333334,10.4,4.2
2025-09-01 14:00:00+05:30,25.97,13.775,9.925
2025-09-01 15:00:00+05:30,25.232499999999998,19.049999999999997,12.200000000000001
2025-09-01 16:00:00+05:30,25.626666666666665,20.900000000000002,11.9
2025-09-01 17:00:00+05:30,21.183333333333334,29.233333333333334,50.43333333333333
2025-09-01 18:00:00+05:30,25.293333333333333,30.366666666666664,37.93333333333333
2025-09-01 19:00:00+05:30,21.6625,32.1,285.1
2025-09-01 20:00:00+05:30,18.1825,35.125,232.25
2025-09-01 21:00:00+05:30,22.3475,35.075,149.475
2025-09-01 22:00:00+05:30,20.8275,40.75,18.55
2025-09-01 23:00:00+05:30,21.86,39.6,17.099999999999998
2025-09-02 00:00:00+05:30,21.41,32.0,12.8
2025-09-02 01:00:00+05:30,23.0625,33.975,11.4
2025-09-02 02:00:00+05:30,41.28,38.4,8.0
2025-09-02 03:00:00+05:30,17.63,35.875,6.275
2025-09-02 04:00:00+05:30,23.0375,30.425,3.15
2025-09-02 05:00:00+05:30,25.165,33.825,1.575
2025-09-02 06:00:00+05:30,22.0225,41.9,59.8
2025-09-02 07:00:00+05:30,18.9025,40.45,107.325
2025-09-02 08:00:00+05:30,17.4225,38.625,56.25
2025-09-02 09:00:00+05:30,19.2475,35.125,47.625
2025-09-02 10:00:00+05:30,23.445,35.15,46.3
2025-09-02 11:00:00+05:30,33.5675,32.05,31.925
2025-09-02 12:00:00+05:30,20.58,29.8,24.375
2025-09-02 13:00:00+05:30,25.005,24.95,0.0
2025-09-02 14:00:00+05:30,24.7625,14.625,3.725
2025-09-02 15:00:00+05:30,29.61,30.075,18.425
2025-09-02 16:00:00+05:30,23.4975,32.75,14.674999999999999
2025-09-02 17:00:00+05:30,26.155,31.45,10.875
2025-09-02 18:00:00+05:30,28.3975,26.925,17.825
2025-09-02 19:00:00+05:30,21.715,30.125,11.825
2025-09-02 20:00:00+05:30,24.9925,35.175,9.875
2025-09-02 21:00:00+05:30,24.7075,32.4,9.125
2025-09-02 22:00:00+05:30,20.855,33.275000000000006,16.825
2025-09-02 23:00:00+05:30,21.69333333333333,35.3,11.5
2025-09-03 00:00:00+05:30,41.11,34.7,4.8
2025-09-03 01:00:00+05:30,22.607499999999998,32.875,5.0
2025-09-03 02:00:00+05:30,25.515,30.0,6.375
2025-09-03 03:00:00+05:30,20.072499999999998,34.075,6.5249999999999995
2025-09-03 04:00:00+05:30,26.955,28.55,12.350000000000001
2025-09-03 05:00:00+05:30,26.4175,28.825000000000003,8.3
2025-09-03 06:00:00+05:30,17.883333333333333,36.4,10.9
2025-09-03 07:00:00+05:30,24.119999999999997,41.325,14.5
2025-09-03 08:00:00+05:30,24.5575,39.199999999999996,21.299999999999997
2025-09-03 09:00:00+05:30,27.232499999999998,38.449999999999996,14.4
2025-09-03 10:00:00+05:30,30.189999999999998,37.474999999999994,20.924999999999997
2025-09-03 11:00:00+05:30,30.555,37.1,20.475
2025-09-03 12:00:00+05:30,21.47,25.975,12.85
2025-09-03 13:00:00+05:30,23.1325,6.1,0.0
2025-09-03 14:00:00+05:30,24.3975,37.625,0.275
2025-09-03 15:00:00+05:30,26.904999999999998,73.94999999999999,25.65
2025-09-03 16:00:00+05:30,35.61,68.06666666666666,20.9
2025-09-03 17:00:00+05:30,28.3275,51.45,13.350000000000001
2025-09-03 18:00:00+05:30,25.642500000000002,49.525000000000006,18.150000000000002
2025-09-03 19:00:00+05:30,20.8225,54.125,23.325
2025-09-03 20:00:00+05:30,22.75,55.125,25.975
2025-09-03 21:00:00+05:30,24.686666666666667,59.73333333333333,24.96666666666667
2025-09-03 22:00:00+05:30,25.4925,64.325,22.575000000000003
2025-09-03 23:00:00+05:30,19.17,62.800000000000004,19.6
2025-09-04 00:00:00+05:30,16.04,61.2,32.5
2025-09-04 01:00:00+05:30,20.247500000000002,60.225,17.975
2025-09-04 02:00:00+05:30,28.105,56.974999999999994,13.95
2025-09-04 03:00:00+05:30,25.1,53.85,8.325
2025-09-04 04:00:00+05:30,26.707500000000003,55.725,19.05
2025-09-04 05:00:00+05:30,22.209999999999997,56.03333333333334,16.0
2025-09-04 06:00:00+05:30,20.77,43.45,9.575
2025-09-04 07:00:00+05:30,26.7125,40.925,8.05
2025-09-04 08:00:00+05:30,29.494999999999997,43.099999999999994,21.7
2025-09-04 09:00:00+05:30,27.08,43.1,12.966666666666667
2025-09-04 10:00:00+05:30,29.2725,39.85,18.55
2025-09-04 11:00:00+05:30,21.105,42.95,23.375
2025-09-04 12:00:00+05:30,18.765,51.775000000000006,12.825000000000001
2025-09-04 13:00:00+05:30,24.595,50.875,14.75
2025-09-04 14:00:00+05:30,24.315,42.849999999999994,9.7
2025-09-04 15:00:00+05:30,23.915,45.475,7.375
2025-09-04 16:00:00+05:30,28.3,49.4,4.85
2025-09-04 17:00:00+05:30,19.205000000000002,49.125,11.0
2025-09-04 18:00:00+05:30,34.41,49.9,11.475
2025-09-04 19:00:00+05:30,30.085,51.475,18.799999999999997
2025-09-04 20:00:00+05:30,31.1475,54.425,11.35
2025-09-04 21:00:00+05:30,26.8825,52.925,8.225
2025-09-04 22:00:00+05:30,35.6,53.53333333333333,19.266666666666666
2025-09-04 23:00:00+05:30,27.52,53.06666666666666,11.800000000000002
2025-09-05 00:00:00+05:30,30.66,34.1,7.3
2025-09-05 01:00:00+05:30,24.6475,31.575000000000003,10.275
2025-09-05 02:00:00+05:30,34.935,28.725,6.525
2025-09-05 03:00:00+05:30,25.6575,27.425,10.55
2025-09-05 04:00:00+05:30,32.9625,25.475,6.025
2025-09-05 05:00:00+05:30,28.113333333333333,28.5,9.0
2025-09-05 06:00:00+05:30,27.932499999999997,31.325,8.475
2025-09-05 07:00:00+05:30,25.6375,31.375,15.375
2025-09-05 08:00:00+05:30,27.355,31.875,13.9
2025-09-05 09:00:00+05:30,31.7675,36.199999999999996,13.075
2025-09-05 10:00:00+05:30,23.8375,36.65,19.425
2025-09-05 11:00:00+05:30,23.5175,35.425,11.875
2025-09-05 12:00:00+05:30,27.790000000000003,31.266666666666666,9.5
2025-09-05 13:00:00+05:30,24.4475,33.925,10.725
2025-09-05 14:00:00+05:30,29.385,34.5,22.525000000000002
2025-09-05 15:00:00+05:30,28.3575,31.225,15.625
2025-09-05 16:00:00+05:30,27.3425,33.175,8.674999999999999
2025-09-05 17:00:00+05:30,30.259999999999998,33.95,6.45
2025-09-05 18:00:00+05:30,29.78,42.425,11.174999999999999
2025-09-05 19:00:00+05:30,27.0975,47.875,8.450000000000001
2025-09-05 20:00:00+05:30,25.23,43.824999999999996,23.175
2025-09-05 21:00:00+05:30,25.39,46.699999999999996,29.266666666666666
2025-09-05 22:00:00+05:30,23.2825,42.625,33.625
2025-09-05 23:00:00+05:30,23.069999999999997,45.73333333333333,17.9
2025-09-06 00:00:00+05:30,29.81,39.6,23.1
2025-09-06 01:00:00+05:30,28.3425,37.2,18.575000000000003
2025-09-06 02:00:00+05:30,31.5625,32.9,16.3
2025-09-06 03:00:00+05:30,31.38,36.166666666666664,16.033333333333335
2025-09-06 04:00:00+05:30,28.7375,41.825,19.799999999999997
2025-09-06 05:00:00+05:30,24.2125,38.125,11.975
2025-09-06 06:00:00+05:30,23.5325,39.65,11.4
2025-09-06 07:00:00+05:30,23.285,37.375,20.325
2025-09-06 08:00:00+05:30,22.985,39.8,13.55
2025-09-06 09:00:00+05:30,25.119999999999997,45.3,18.1
2025-09-06 10:00:00+05:30,29.52333333333333,43.26666666666667,9.733333333333333
2025-09-06 11:00:00+05:30,29.4475,43.05,18.150000000000002
2025-09-06 12:00:00+05:30,25.19,40.4,22.25
2025-09-06 13:00:00+05:30,23.91,37.574999999999996,16.1
2025-09-06 14:00:00+05:30,28.853333333333335,42.6,14.533333333333333
2025-09-06 15:00:00+05:30,28.02,45.2,23.275
2025-09-06 16:00:00+05:30,32.8325,47.975,20.625
2025-09-06 17:00:00+05:30,26.61,49.775,23.6
2025-09-06 18:00:00+05:30,22.445,48.375,14.15
2025-09-06 19:00:00+05:30,25.71,44.775,26.450000000000003
2025-09-06 20:00:00+05:30,24.195,342.4,14.7
2025-09-06 21:00:00+05:30,24.84,469.125,22.675
2025-09-06 22:00:00+05:30,24.535,57.550000000000004,21.95
2025-09-06 23:00:00+05:30,26.97666666666667,51.03333333333333,17.4
2025-09-07 00:00:00+05:30,18.69,30.3,22.4
2025-09-07 01:00:00+05:30,30.060000000000002,24.85,13.025
2025-09-07 02:00:00+05:30,30.3125,41.225,13.85
2025-09-07 03:00:00+05:30,19.4,58.5,10.35
2025-09-07 04:00:00+05:30,28.459999999999997,34.575,6.1499999999999995
2025-09-07 05:00:00+05:30,24.5575,45.725,9.95
2025-09-07 06:00:00+05:30,23.5775,49.9,16.25
2025-09-07 07:00:00+05:30,27.052500000000002,24.975,28.875
2025-09-07 08:00:00+05:30,28.012500000000003,36.3,17.625
2025-09-07 09:00:00+05:30,25.906666666666666,63.166666666666664,27.73333333333333
2025-09-07 10:00:00+05:30,24.6525,52.35,15.3
2025-09-07 11:00:00+05:30,21.91,31.725,15.15
2025-09-07 12:00:00+05:30,24.9375,23.6,19.9
2025-09-07 13:00:00+05:30,35.54,14.4,20.525000000000002
2025-09-07 14:00:00+05:30,20.8,12.524999999999999,13.825
2025-09-07 15:00:00+05:30,26.16,21.15,9.174999999999999
2025-09-07 16:00:00+05:30,21.560000000000002,31.125,7.8999999999999995
2025-09-07 17:00:00+05:30,25.467499999999998,27.625,17.125
2025-09-07 18:00:00+05:30,22.994999999999997,37.925,18.625
2025-09-07 19:00:00+05:30,24.1325,54.325,20.625
2025-09-07 20:00:00+05:30,23.725,50.625,12.65
2025-09-07 21:00:00+05:30,25.2325,49.0,18.4
2025-09-07 22:00:00+05:30,31.1425,55.325,36.8
2025-09-07 23:00:00+05:30,29.276666666666667,63.06666666666666,26.5
2025-09-08 00:00:00+05:30,35.78,70.6,34.3
2025-09-08 01:00:00+05:30,29.4825,70.45,36.9
2025-09-08 02:00:00+05:30,24.125,70.375,37.7
2025-09-08 03:00:00+05:30,29.8325,68.57499999999999,38.725
2025-09-08 04:00:00+05:30,25.072499999999998,57.824999999999996,22.875
2025-09-08 05:00:00+05:30,22.8925,42.275,12.55
2025-09-08 06:00:00+05:30,27.335,35.8,8.674999999999999
2025-09-08 07:00:00+05:30,28.6075,36.225,7.275
2025-09-08 08:00:00+05:30,24.34,35.575,12.975
2025-09-08 09:00:00+05:30,25.23,34.4,11.475000000000001
2025-09-08 10:00:00+05:30,27.3625,33.55,26.475
2025-09-08 11:00:00+05:30,26.529999999999998,29.55,11.100000000000001
2025-09-08 12:00:00+05:30,22.795,28.8,0.0
2025-09-08 13:00:00+05:30,29.24,19.075,0.0
2025-09-08 20:00:00+05:30,27.35,25.2,20.2
2025-09-08 21:00:00+05:30,28.325,22.65,13.5
2025-09-08 22:00:00+05:30,24.0175,27.025,8.825
2025-09-08 23:00:00+05:30,26.28333333333333,28.166666666666668,9.133333333333333
2025-09-09 00:00:00+05:30,29.03,25.9,27.0
2025-09-09 01:00:00+05:30,24.43,27.725,21.299999999999997
2025-09-09 02:00:00+05:30,23.04,32.3,13.375
2025-09-09 03:00:00+05:30,25.105,30.625,15.65
2025-09-09 04:00:00+05:30,28.220000000000002,31.174999999999997,12.85
2025-09-09 05:00:00+05:30,23.91,28.549999999999997,7.4
2025-09-09 06:00:00+05:30,33.175,34.6,14.175
2025-09-09 07:00:00+05:30,25.1025,33.75,18.225
2025-09-09 08:00:00+05:30,26.21,33.075,13.149999999999999
2025-09-09 09:00:00+05:30,22.833333333333332,30.433333333333334,13.566666666666668
2025-09-09 10:00:00+05:30,25.095,25.95,12.875
2025-09-09 11:00:00+05:30,30.53,22.625,12.350000000000001
2025-09-09 12:00:00+05:30,24.86,22.6,13.3
2025-09-09 13:00:00+05:30,20.7825,21.125,18.625
2025-09-09 14:00:00+05:30,30.020000000000003,24.325,16.175
2025-09-09 15:00:00+05:30,23.6725,26.075,19.775
2025-09-09 16:00:00+05:30,23.3875,24.549999999999997,13.25
2025-09-09 17:00:00+05:30,24.72,25.849999999999998,10.625
2025-09-09 18:00:00+05:30,25.4775,36.4,20.4
2025-09-09 19:00:00+05:30,25.3375,38.1,16.650000000000002
2025-09-09 20:00:00+05:30,22.755000000000003,38.4,18.475
2025-09-09 21:00:00+05:30,25.3125,44.55,23.025
2025-09-09 22:00:00+05:30,27.709999999999997,40.699999999999996,29.875
2025-09-09 23:00:00+05:30,27.290000000000003,43.300000000000004,32.199999999999996
2025-09-10 01:00:00+05:30,18.55,38.7,30.6
2025-09-10 02:00:00+05:30,25.982499999999998,37.625,30.05
2025-09-10 03:00:00+05:30,28.959999999999997,34.1,21.566666666666666
2025-09-10 04:00:00+05:30,30.2825,37.425,14.85
2025-09-10 05:00:00+05:30,22.7275,39.0,14.325
2025-09-10 06:00:00+05:30,19.265,36.975,25.425
2025-09-10 07:00:00+05:30,25.4825,39.8,34.775
2025-09-10 08:00:00+05:30,27.5475,41.8,33.275
2025-09-10 09:00:00+05:30,32.795,41.175,29.275000000000002
2025-09-10 10:00:00+05:30,24.7075,38.474999999999994,22.0
2025-09-10 11:00:00+05:30,29.436666666666667,31.53333333333333,24.96666666666667
2025-09-10 12:00:00+05:30,24.985,30.2,23.575
2025-09-10 13:00:00+05:30,23.9825,28.1,18.625
2025-09-10 14:00:00+05:30,18.384999999999998,29.7,22.725
2025-09-10 15:00:00+05:30,20.7325,27.75,22.5
2025-09-10 16:00:00+05:30,24.0075,28.450000000000003,17.975
2025-09-10 17:00:00+05:30,28.1225,27.65,19.4
2025-09-10 18:00:00+05:30,25.572499999999998,23.55,22.25
2025-09-10 19:00:00+05:30,24.58,24.8,24.066666666666663
2025-09-10 20:00:00+05:30,27.785,27.125,24.775
2025-09-10 21:00:00+05:30,19.877499999999998,34.5,4.125
2025-09-10 22:00:00+05:30,27.245,35.35,50.75
2025-09-10 23:00:00+05:30,23.073333333333334,38.1,48.333333333333336
2025-09-11 00:00:00+05:30,20.41,45.3,33.6
2025-09-11 01:00:00+05:30,27.945,46.225,33.349999999999994
2025-09-11 02:00:00+05:30,25.715,56.075,29.65
2025-09-11 03:00:00+05:30,24.843333333333334,54.199999999999996,22.866666666666664
2025-09-11 04:00:00+05:30,22.935000000000002,52.525000000000006,25.725
2025-09-11 05:00:00+05:30,27.6,48.3,29.150000000000002
2025-09-11 06:00:00+05:30,21.305,48.4,25.0
2025-09-11 07:00:00+05:30,20.7275,44.075,18.25
2025-09-11 08:00:00+05:30,21.55666666666667,37.1,27.600000000000005
2025-09-11 09:00:00+05:30,25.3325,42.15,33.324999999999996
2025-09-11 10:00:00+05:30,24.552500000000002,40.625,24.15
2025-09-11 11:00:00+05:30,32.7575,38.5,0.0
2025-09-11 12:00:00+05:30,26.486666666666668,19.7,0.0
2025-09-11 13:00:00+05:30,22.7525,69.9,28.65
2025-09-11 14:00:00+05:30,22.83,77.5,24.325000000000003
2025-09-11 15:00:00+05:30,23.335,75.25,32.75
2025-09-11 16:00:00+05:30,21.485,76.95,35.175
2025-09-11 17:00:00+05:30,21.5375,77.875,29.224999999999998
2025-09-11 18:00:00+05:30,19.68,76.9,31.7
2025-09-11 19:00:00+05:30,23.933333333333334,90.5,34.4
2025-09-11 20:00:00+05:30,24.990000000000002,89.875,34.575
2025-09-11 21:00:00+05:30,15.82,92.175,33.5
2025-09-11 22:00:00+05:30,21.22,91.375,35.275
2025-09-11 23:00:00+05:30,23.3,91.06666666666666,32.166666666666664
2025-09-12 00:00:00+05:30,18.6,89.4,33.9
2025-09-12 01:00:00+05:30,21.8375,86.85,48.15
2025-09-12 02:00:00+05:30,22.9025,91.125,40.8
2025-09-12 03:00:00+05:30,19.2375,82.4,30.799999999999997
2025-09-12 04:00:00+05:30,17.406666666666666,75.0,30.100000000000005
2025-09-12 05:00:00+05:30,17.8375,83.125,32.5
2025-09-12 06:00:00+05:30,20.715,80.375,34.65
2025-09-12 07:00:00+05:30,18.225,82.675,46.650000000000006
2025-09-12 08:00:00+05:30,20.605,87.1,37.975
2025-09-12 09:00:00+05:30,22.55,92.05,37.825
2025-09-12 10:00:00+05:30,27.69,91.1,36.7
2025-09-12 11:00:00+05:30,22.7775,92.1,43.8
2025-09-12 12:00:00+05:30,22.919999999999998,90.05000000000001,34.325
2025-09-12 13:00:00+05:30,24.043333333333333,88.0,23.0
2025-09-12 14:00:00+05:30,25.502499999999998,83.55000000000001,15.274999999999999
2025-09-12 15:00:00+05:30,21.785,80.42500000000001,18.025
2025-09-12 16:00:00+05:30,25.072499999999998,79.10000000000001,25.475
2025-09-12 17:00:00+05:30,27.9575,72.525,23.05
2025-09-12 18:00:00+05:30,24.08,73.125,23.975
2025-09-12 19:00:00+05:30,27.735,80.7,24.5
2025-09-12 20:00:00+05:30,27.235,77.5,31.875
2025-09-12 21:00:00+05:30,36.9375,83.825,68.4
2025-09-12 22:00:00+05:30,19.685,71.7,39.7
2025-09-12 23:00:00+05:30,21.723333333333333,67.93333333333334,28.433333333333334
2025-09-13 00:00:00+05:30,18.13,69.9,36.7
2025-09-13 01:00:00+05:30,23.795,68.0,34.5
2025-09-13 02:00:00+05:30,20.795,65.275,25.825
2025-09-13 03:00:00+05:30,23.0575,68.19999999999999,26.7
2025-09-13 04:00:00+05:30,17.792499999999997,69.425,29.799999999999997
2025-09-13 05:00:00+05:30,24.1725,67.42500000000001,39.275
2025-09-13 06:00:00+05:30,25.22,72.55,42.625
2025-09-13 07:00:00+05:30,18.34,83.4,113.90000000000002
2025-09-13 08:00:00+05:30,22.6625,85.3,90.225
2025-09-13 09:00:00+05:30,21.3825,82.05,94.525
2025-09-13 10:00:00+05:30,25.439999999999998,81.53333333333335,64.3
2025-09-13 11:00:00+05:30,27.89,71.27499999999999,41.975
2025-09-13 12:00:00+05:30,25.259999999999998,72.0,29.175
2025-09-13 13:00:00+05:30,30.6475,72.35,25.55
2025-09-13 14:00:00+05:30,26.299999999999997,67.575,24.35
2025-09-13 15:00:00+05:30,29.035,68.8,23.625
2025-09-13 16:00:00+05:30,24.0375,70.82499999999999,19.4
2025-09-13 17:00:00+05:30,27.447499999999998,64.825,20.349999999999998
2025-09-13 18:00:00+05:30,32.4075,64.3,14.325
2025-09-13 19:00:00+05:30,20.1625,67.95,22.8
2025-09-13 20:00:00+05:30,28.377499999999998,74.6,25.175
2025-09-13 21:00:00+05:30,32.870000000000005,70.625,28.825
2025-09-13 22:00:00+05:30,22.25,76.27499999999999,32.025
2025-09-13 23:00:00+05:30,41.07,77.83333333333333,47.53333333333333
2025-09-14 00:00:00+05:30,33.95,79.3,69.4
2025-09-14 01:00:00+05:30,30.1875,77.875,45.324999999999996
2025-09-14 02:00:00+05:30,25.315,73.525,43.25
2025-09-14 03:00:00+05:30,25.285,74.4,44.324999999999996
2025-09-14 04:00:00+05:30,30.307499999999997,71.175,29.025
2025-09-14 05:00:00+05:30,33.2325,72.35000000000001,23.175
2025-09-14 06:00:00+05:30,24.315,65.825,30.825
2025-09-14 07:00:00+05:30,22.4125,71.225,26.025
2025-09-14 08:00:00+05:30,24.37,72.05,44.175
2025-09-14 09:00:00+05:30,37.623333333333335,65.6,50.1
2025-09-14 10:00:00+05:30,24.25,62.725,32.35
2025-09-14 11:00:00+05:30,21.575,64.95,17.825
2025-09-14 12:00:00+05:30,25.580000000000002,63.4,23.975
2025-09-14 13:00:00+05:30,21.6175,57.175000000000004,32.625
2025-09-14 14:00:00+05:30,20.377499999999998,56.8,29.8
2025-09-14 15:00:00+05:30,23.84,55.43333333333334,27.066666666666666
2025-09-14 16:00:00+05:30,20.002499999999998,55.025,29.174999999999997
2025-09-14 17:00:00+05:30,25.822499999999998,62.47500000000001,22.3
2025-09-14 18:00:00+05:30,25.2025,69.17500000000001,27.0
2025-09-14 19:00:00+05:30,22.02,66.275,26.525
2025-09-14 20:00:00+05:30,23.35,67.35000000000001,23.775
2025-09-14 21:00:00+05:30,34.62,66.56666666666666,39.733333333333334
2025-09-14 22:00:00+05:30,20.236666666666668,67.33333333333333,36.5
2025-09-14 23:00:00+05:30,27.263333333333332,64.39999999999999,34.96666666666666
2025-09-15 00:00:00+05:30,22.25,56.1,43.6
2025-09-15 01:00:00+05:30,29.5425,52.05,32.9
2025-09-15 02:00:00+05:30,27.043333333333333,60.43333333333334,27.266666666666666
2025-09-15 03:00:00+05:30,29.6125,52.95,20.75
2025-09-15 04:00:00+05:30,28.549999999999997,42.8,19.85
2025-09-15 05:00:00+05:30,29.365000000000002,43.825,32.575
2025-09-15 06:00:00+05:30,25.1975,38.325,27.925
2025-09-15 07:00:00+05:30,25.4075,57.35,100.42500000000001
2025-09-15 08:00:00+05:30,26.135,57.775,42.65
2025-09-15 09:00:00+05:30,26.02,58.4,4.05
2025-09-15 10:00:00+05:30,20.38,63.1,8.666666666666666
2025-09-15 11:00:00+05:30,25.5775,50.0,44.5
2025-09-15 12:00:00+05:30,32.095,84.17500000000001,0.0
2025-09-15 13:00:00+05:30,23.3625,18.725,4.775
2025-09-15 14:00:00+05:30,23.975,25.924999999999997,0.575
2025-09-15 15:00:00+05:30,29.92,22.599999999999998,112.25
2025-09-15 16:00:00+05:30,21.8475,19.85,55.35
2025-09-15 17:00:00+05:30,31.14,24.075,6.95
2025-09-15 18:00:00+05:30,20.5025,29.35,28.95
2025-09-15 19:00:00+05:30,30.77,27.2,21.575
2025-09-15 20:00:00+05:30,29.0125,27.975,18.225
2025-09-15 21:00:00+05:30,29.516666666666666,37.5,31.2
2025-09-15 22:00:00+05:30,24.2975,45.175,17.625
2025-09-15 23:00:00+05:30,18.013333333333332,36.6,2.766666666666667
2025-09-16 00:00:00+05:30,16.83,26.1,14.5
2025-09-16 01:00:00+05:30,23.8725,23.95,9.0
2025-09-16 02:00:00+05:30,22.35,20.375,10.325
2025-09-16 03:00:00+05:30,19.3175,23.5,13.975
2025-09-16 04:00:00+05:30,27.35,26.7,13.225
2025-09-16 05:00:00+05:30,19.975,24.225,12.575
2025-09-16 06:00:00+05:30,22.7225,26.25,24.9
2025-09-16 07:00:00+05:30,22.575,27.05,20.775
2025-09-16 08:00:00+05:30,26.046666666666667,27.23333333333333,15.5
2025-09-16 09:00:00+05:30,26.167499999999997,34.25,20.775
2025-09-16 10:00:00+05:30,20.0975,39.075,26.525
2025-09-16 11:00:00+05:30,28.747500000000002,38.4,19.2
2025-09-16 12:00:00+05:30,27.125,34.325,20.15
2025-09-16 13:00:00+05:30,26.135,31.75,23.575000000000003
2025-09-16 14:00:00+05:30,19.09,28.875,41.074999999999996
2025-09-16 15:00:00+05:30,26.365,25.775,31.05
2025-09-16 16:00:00+05:30,23.82,28.25,17.25
2025-09-16 17:00:00+05:30,25.67,32.425,27.45
2025-09-16 18:00:00+05:30,26.209999999999997,29.5,18.033333333333335
2025-09-16 19:00:00+05:30,25.3375,27.45,15.15
2025-09-16 20:00:00+05:30,20.88,27.575,23.549999999999997
2025-09-16 21:00:00+05:30,23.892500000000002,25.35,21.9
2025-09-16 22:00:00+05:30,23.5975,29.1,17.275000000000002
2025-09-16 23:00:00+05:30,18.416666666666668,31.7,12.433333333333332
2025-09-17 00:00:00+05:30,18.61,27.0,12.9
2025-09-17 01:00:00+05:30,24.8075,25.925,16.6
2025-09-17 02:00:00+05:30,30.5875,28.45,10.675
2025-09-17 03:00:00+05:30,23.057499999999997,30.349999999999998,10.549999999999999
2025-09-17 04:00:00+05:30,25.53333333333333,25.166666666666668,8.0
2025-09-17 05:00:00+05:30,32.355000000000004,28.425,6.55
2025-09-17 06:00:00+05:30,26.495,31.5,30.65
2025-09-17 07:00:00+05:30,21.885,28.5,24.099999999999998
2025-09-17 08:00:00+05:30,20.814999999999998,27.175,23.175
2025-09-17 09:00:00+05:30,23.044999999999998,25.625,27.35
2025-09-17 10:00:00+05:30,25.7575,23.425,18.55
2025-09-17 11:00:00+05:30,17.755,21.775,13.9
2025-09-17 12:00:00+05:30,24.697499999999998,23.5,24.675
2025-09-17 13:00:00+05:30,30.3725,24.475,18.15
2025-09-17 14:00:00+05:30,22.4925,29.75,47.8
2025-09-17 15:00:00+05:30,21.6025,33.050000000000004,38.599999999999994
2025-09-17 16:00:00+05:30,18.1125,27.975,30.375
2025-09-17 17:00:00+05:30,30.77,26.2,28.2
2025-09-17 18:00:00+05:30,23.7875,23.95,22.225
2025-09-17 19:00:00+05:30,22.296666666666667,23.2,15.266666666666666
2025-09-17 20:00:00+05:30,26.650000000000002,29.099999999999998,28.399999999999995
2025-09-17 21:00:00+05:30,19.983333333333334,28.0,24.166666666666668
2025-09-17 22:00:00+05:30,19.5675,30.725,35.175
2025-09-17 23:00:00+05:30,17.883333333333333,33.46666666666667,22.900000000000002
2025-09-18 00:00:00+05:30,28.28,31.7,19.4
2025-09-18 01:00:00+05:30,18.252499999999998,31.950000000000003,16.475
2025-09-18 02:00:00+05:30,25.709999999999997,40.800000000000004,15.666666666666666
2025-09-18 03:00:00+05:30,21.25,41.925,13.875
2025-09-18 04:00:00+05:30,23.564999999999998,37.975,8.85
2025-09-18 05:00:00+05:30,25.689999999999998,39.36666666666667,16.333333333333332
2025-09-18 06:00:00+05:30,16.82,41.425,23.974999999999998
2025-09-18 07:00:00+05:30,25.865000000000002,37.85,16.825
2025-09-18 08:00:00+05:30,20.72,37.650000000000006,23.0
2025-09-18 09:00:00+05:30,26.41333333333333,40.9,22.400000000000002
2025-09-18 13:00:00+05:30,25.89,20.55,0.0
2025-09-18 14:00:00+05:30,22.54,10.4,0.0
2025-09-18 15:00:00+05:30,29.8175,44.35,32.325
2025-09-18 16:00:00+05:30,20.565,36.475,25.1
2025-09-18 17:00:00+05:30,23.025,31.05,25.725
2025-09-18 18:00:00+05:30,24.963333333333335,39.199999999999996,25.599999999999998
2025-09-18 19:00:00+05:30,27.252499999999998,44.025,23.0
2025-09-18 20:00:00+05:30,20.0575,42.475,22.950000000000003
2025-09-18 21:00:00+05:30,21.5075,40.2,22.575
2025-09-18 22:00:00+05:30,21.3075,44.125,23.525
2025-09-18 23:00:00+05:30,18.743333333333336,40.43333333333334,24.7
2025-09-19 01:00:00+05:30,19.2175,33.95,14.35
2025-09-19 02:00:00+05:30,17.372500000000002,41.15,19.349999999999998
2025-09-19 03:00:00+05:30,24.174999999999997,38.0,22.9
2025-09-19 04:00:00+05:30,20.44,30.925,20.0
2025-09-19 05:00:00+05:30,24.506666666666664,31.7,24.133333333333336
2025-09-19 06:00:00+05:30,23.3075,30.549999999999997,19.1
2025-09-19 07:00:00+05:30,23.8,28.775,18.1
2025-09-19 08:00:00+05:30,20.335,35.85,28.525
2025-09-19 09:00:00+05:30,30.975,36.025,25.424999999999997
2025-09-19 10:00:00+05:30,26.3875,35.525000000000006,20.55
2025-09-19 11:00:00+05:30,20.32,32.6,22.349999999999998
2025-09-19 12:00:00+05:30,18.0675,31.975,20.975
2025-09-19 13:00:00+05:30,27.785,27.8,21.875
2025-09-19 14:00:00+05:30,26.6925,39.175000000000004,28.05
2025-09-19 15:00:00+05:30,19.9525,39.075,24.75
2025-09-19 16:00:00+05:30,24.6625,36.800000000000004,19.875
2025-09-19 17:00:00+05:30,24.63,34.225,19.95
2025-09-19 18:00:00+05:30,25.555,35.375,16.325
2025-09-19 19:00:00+05:30,22.45,37.275000000000006,19.875
2025-09-19 20:00:00+05:30,24.917499999999997,41.8,28.125
2025-09-19 21:00:00+05:30,22.91,45.474999999999994,26.025
2025-09-19 22:00:00+05:30,32.1175,46.375,22.1
2025-09-19 23:00:00+05:30,25.73,41.06666666666666,22.066666666666666
2025-09-20 00:00:00+05:30,19.3,43.3,24.9
2025-09-20 01:00:00+05:30,21.0,38.325,22.175
2025-09-20 02:00:00+05:30,28.816666666666666,37.26666666666667,38.76666666666667
2025-09-20 03:00:00+05:30,22.502499999999998,33.95,38.125
2025-09-20 04:00:00+05:30,19.485,33.875,26.5
2025-09-20 05:00:00+05:30,25.4075,33.1,25.975
2025-09-20 06:00:00+05:30,21.4975,38.45,19.675
2025-09-20 07:00:00+05:30,24.3125,35.5,22.825
2025-09-20 08:00:00+05:30,21.785,38.0,27.2
2025-09-20 09:00:00+05:30,19.6925,33.375,32.0
2025-09-20 10:00:00+05:30,23.0975,32.675,23.4
2025-09-20 11:00:00+05:30,33.2725,38.3,21.5
2025-09-20 12:00:00+05:30,38.557500000000005,50.4,53.2
2025-09-20 13:00:00+05:30,37.1375,46.724999999999994,29.0
2025-09-20 14:00:00+05:30,21.215,38.75,20.549999999999997
2025-09-20 15:00:00+05:30,24.33,33.325,29.775
2025-09-20 16:00:00+05:30,19.4625,33.875,84.775
2025-09-20 17:00:00+05:30,23.0,31.766666666666666,113.43333333333334
2025-09-20 18:00:00+05:30,22.994999999999997,20.6,6.8
2025-09-20 19:00:00+05:30,20.127499999999998,65.72500000000001,38.9
2025-09-20 20:00:00+05:30,23.9825,64.975,45.325
2025-09-20 21:00:00+05:30,28.1025,85.35,39.5
2025-09-20 22:00:00+05:30,22.447499999999998,82.6,44.3
2025-09-20 23:00:00+05:30,21.286666666666665,77.1,34.0
2025-09-21 00:00:00+05:30,24.33,70.4,42.2
2025-09-21 01:00:00+05:30,24.939999999999998,69.075,45.75
2025-09-21 02:00:00+05:30,26.4375,72.55,36.8
2025-09-21 03:00:00+05:30,17.612499999999997,76.85000000000001,31.65
2025-09-21 04:00:00+05:30,19.0075,76.525,32.0
2025-09-21 05:00:00+05:30,19.85,75.7,31.849999999999998
2025-09-21 06:00:00+05:30,23.22,81.7,42.8
2025-09-21 07:00:00+05:30,22.025,84.85,44.9
2025-09-21 08:00:00+05:30,29.955,88.175,48.775
2025-09-21 09:00:00+05:30,26.939999999999998,88.8,48.3
2025-09-21 10:00:00+05:30,20.485,92.15,53.825
2025-09-21 11:00:00+05:30,21.34,93.475,105.4
2025-09-21 12:00:00+05:30,21.415,96.15,67.175
2025-09-21 13:00:00+05:30,23.395,92.9,65.425
2025-09-21 14:00:00+05:30,23.8525,87.1,56.775000000000006
2025-09-21 15:00:00+05:30,20.5925,92.775,57.074999999999996
2025-09-21 16:00:00+05:30,20.276666666666667,87.63333333333333,61.23333333333333
2025-09-21 17:00:00+05:30,21.25,87.55000000000001,97.5
2025-09-21 18:00:00+05:30,24.535,89.07499999999999,86.55000000000001
2025-09-21 19:00:00+05:30,28.4875,94.85,164.775
2025-09-21 20:00:00+05:30,24.2675,103.225,135.225
2025-09-21 21:00:00+05:30,21.5275,112.55,192.275
2025-09-21 22:00:00+05:30,22.509999999999998,109.625,12.375
2025-09-21 23:00:00+05:30,22.723333333333333,112.0,43.166666666666664
2025-09-22 00:00:00+05:30,23.7,110.7,51.9
2025-09-22 01:00:00+05:30,18.7975,108.55000000000001,50.825
2025-09-22 02:00:00+05:30,25.0275,100.775,46.425
2025-09-22 03:00:00+05:30,19.825,85.625,100.60000000000001
2025-09-22 04:00:00+05:30,29.197499999999998,96.6,198.775
2025-09-22 05:00:00+05:30,24.013333333333335,91.46666666666665,9.433333333333334
2025-09-22 06:00:00+05:30,19.355,90.875,107.875
2025-09-22 07:00:00+05:30,25.4175,96.94999999999999,66.175
2025-09-22 08:00:00+05:30,20.68,96.675,81.5
2025-09-22 09:00:00+05:30,24.25,98.2,57.5
2025-09-22 10:00:00+05:30,24.9975,97.375,111.325
2025-09-22 11:00:00+05:30,25.4075,102.1,82.85
2025-09-22 12:00:00+05:30,26.122500000000002,83.0,43.2
2025-09-22 13:00:00+05:30,21.820000000000004,81.56666666666666,0.0
2025-09-22 14:00:00+05:30,23.68,10.4,4.65
2025-09-22 15:00:00+05:30,33.5075,20.65,14.35
2025-09-22 16:00:00+05:30,32.425000000000004,55.25,47.6
2025-09-22 17:00:00+05:30,24.325,72.075,44.625
2025-09-22 18:00:00+05:30,29.55,81.15,36.5
2025-09-22 19:00:00+05:30,33.545,86.725,51.7
2025-09-22 20:00:00+05:30,32.385,95.925,54.525
2025-09-22 21:00:00+05:30,29.37,100.03333333333335,81.53333333333333
2025-09-22 22:00:00+05:30,28.37,100.525,93.2
2025-09-22 23:00:00+05:30,27.253333333333334,102.26666666666667,74.96666666666665
2025-09-23 00:00:00+05:30,21.25,109.4,80.2
2025-09-23 01:00:00+05:30,22.76,108.325,77.4
2025-09-23 02:00:00+05:30,27.884999999999998,106.125,67.3
2025-09-23 03:00:00+05:30,23.232499999999998,101.8,87.275
2025-09-23 04:00:00+05:30,30.24,94.925,127.575
2025-09-23 05:00:00+05:30,29.123333333333335,94.89999999999999,146.16666666666666
2025-09-23 06:00:00+05:30,27.695,102.7,208.15
2025-09-23 07:00:00+05:30,23.5375,103.225,152.575
2025-09-23 08:00:00+05:30,26.263333333333335,66.10000000000001,86.76666666666665
2025-09-23 09:00:00+05:30,34.74,81.4,26.174999999999997
2025-09-23 10:00:00+05:30,30.055,164.45,72.8
2025-09-23 11:00:00+05:30,27.9025,164.15,66.9
2025-09-23 12:00:00+05:30,34.2,167.52499999999998,60.625
2025-09-23 13:00:00+05:30,33.64666666666667,166.73333333333332,78.03333333333335
2025-09-23 14:00:00+05:30,28.689999999999998,160.95,62.925000000000004
2025-09-23 15:00:00+05:30,25.545,153.45,45.05
2025-09-23 16:00:00+05:30,23.6325,147.275,40.675
2025-09-23 17:00:00+05:30,30.3375,141.825,39.175
2025-09-23 18:00:00+05:30,21.77,139.875,47.45
2025-09-23 19:00:00+05:30,29.212500000000002,149.725,52.85
2025-09-23 20:00:00+05:30,26.985,159.425,49.375
2025-09-23 21:00:00+05:30,28.189999999999998,161.85,56.85
2025-09-23 22:00:00+05:30,27.775,160.64999999999998,59.95
2025-09-23 23:00:00+05:30,22.27,152.73333333333332,60.5
2025-09-24 00:00:00+05:30,27.67,142.0,57.4
2025-09-24 01:00:00+05:30,28.075,140.9,58.125
2025-09-24 02:00:00+05:30,33.545,136.825,55.275
2025-09-24 03:00:00+05:30,26.5925,127.55,45.2
2025-09-24 04:00:00+05:30,35.22,121.80000000000001,97.975
2025-09-24 05:00:00+05:30,27.145,127.675,166.025
2025-09-24 06:00:00+05:30,24.935,126.825,108.025
2025-09-24 07:00:00+05:30,21.74666666666667,125.3,85.26666666666667
2025-09-24 08:00:00+05:30,27.705,130.725,77.25
2025-09-24 09:00:00+05:30,22.65,137.325,64.425
2025-09-24 10:00:00+05:30,27.445,136.925,157.5
2025-09-24 11:00:00+05:30,35.81666666666667,135.63333333333335,106.06666666666666
2025-09-24 12:00:00+05:30,36.6,127.2,28.900000000000002
2025-09-24 13:00:00+05:30,15.0,124.45,44.900000000000006
2025-09-24 14:00:00+05:30,15.524999999999999,113.9,41.05
2025-09-24 15:00:00+05:30,20.802500000000002,100.35,77.875
2025-09-24 16:00:00+05:30,24.137500000000003,99.55,72.35
2025-09-24 17:00:00+05:30,18.175,98.225,68.325
2025-09-24 18:00:00+05:30,24.8875,97.675,64.525
2025-09-24 19:00:00+05:30,20.9775,96.55,95.375
2025-09-24 20:00:00+05:30,23.995,104.1,80.2
2025-09-24 21:00:00+05:30,20.003333333333334,106.76666666666667,256.5333333333333
2025-09-24 22:00:00+05:30,19.62,105.925,3.675
2025-09-24 23:00:00+05:30,29.55666666666667,100.7,42.70000000000001
2025-09-25 00:00:00+05:30,32.15,83.6,48.5
2025-09-25 01:00:00+05:30,21.607499999999998,78.57499999999999,63.85
2025-09-25 02:00:00+05:30,21.785,74.525,288.90000000000003
2025-09-25 03:00:00+05:30,20.41,76.2,158.225
2025-09-25 04:00:00+05:30,25.87,64.55,140.15
2025-09-25 05:00:00+05:30,19.6825,59.1,79.25
2025-09-25 06:00:00+05:30,24.5375,55.35,45.925
2025-09-25 07:00:00+05:30,24.4025,48.949999999999996,36.4
2025-09-25 08:00:00+05:30,27.4725,45.375,43.375
2025-09-25 09:00:00+05:30,21.0975,44.525,28.875
2025-09-25 10:00:00+05:30,22.83,43.0,22.725
2025-09-25 11:00:00+05:30,22.345,44.475,19.200000000000003
2025-09-25 12:00:00+05:30,22.98,56.175000000000004,36.175000000000004
2025-09-25 13:00:00+05:30,21.325000000000003,64.4,36.0
2025-09-25 14:00:00+05:30,24.99,65.2,21.0
2025-09-25 15:00:00+05:30,26.31,63.5,35.325
2025-09-25 16:00:00+05:30,19.3575,61.6,136.55
2025-09-25 17:00:00+05:30,21.415,125.025,87.39999999999999
2025-09-25 18:00:00+05:30,24.41,147.35000000000002,6.275
2025-09-25 19:00:00+05:30,19.73,159.325,56.05
2025-09-25 20:00:00+05:30,22.232499999999998,158.1,371.15
2025-09-25 21:00:00+05:30,21.145,153.325,222.25
2025-09-25 22:00:00+05:30,21.5625,153.02499999999998,94.825
2025-09-25 23:00:00+05:30,19.956666666666667,156.16666666666666,56.06666666666666
2025-09-26 00:00:00+05:30,26.42,160.0,102.4
2025-09-26 01:00:00+05:30,19.884999999999998,162.075,55.325
2025-09-26 02:00:00+05:30,21.985,161.225,50.300000000000004
2025-09-26 03:00:00+05:30,20.5425,155.89999999999998,33.3
2025-09-26 04:00:00+05:30,20.759999999999998,157.375,82.475
2025-09-26 05:00:00+05:30,21.15,150.45,47.2
2025-09-26 06:00:00+05:30,18.9825,145.95,109.82499999999999
2025-09-26 07:00:00+05:30,26.956666666666667,151.0,63.4
2025-09-26 08:00:00+05:30,20.07,150.26666666666668,40.43333333333334
2025-09-26 09:00:00+05:30,23.854999999999997,113.4,24.9
2025-09-26 10:00:00+05:30,18.683333333333334,76.36666666666667,23.899999999999995
2025-09-26 11:00:00+05:30,18.4725,114.275,41.849999999999994
2025-09-26 12:00:00+05:30,27.78,96.6,59.2
2025-09-26 13:00:00+05:30,27.5875,88.05,29.45
2025-09-26 14:00:00+05:30,25.565,92.45,19.925
2025-09-26 15:00:00+05:30,23.927500000000002,94.275,20.2
2025-09-26 19:00:00+05:30,23.18,90.65,14.85
2025-09-26 20:00:00+05:30,22.645,99.325,22.125
2025-09-26 21:00:00+05:30,25.285,106.14999999999999,21.075
2025-09-26 22:00:00+05:30,34.3775,103.89999999999999,33.275
2025-09-26 23:00:00+05:30,26.473333333333333,104.7,32.333333333333336
2025-09-27 01:00:00+05:30,22.25,90.2,24.3
2025-09-27 02:00:00+05:30,29.445,87.45,24.3
2025-09-27 03:00:00+05:30,24.245,79.925,20.175
2025-09-27 04:00:00+05:30,24.653333333333336,73.76666666666667,10.866666666666667
2025-09-27 05:00:00+05:30,25.01,72.25,17.875
2025-09-27 06:00:00+05:30,32.535,69.64999999999999,15.8
2025-09-27 07:00:00+05:30,23.565,70.85,23.1
2025-09-27 08:00:00+05:30,25.3775,72.89999999999999,34.75
2025-09-27 09:00:00+05:30,21.18,73.1,37.8
2025-09-28 11:00:00+05:30,23.665,55.1,14.1
2025-09-28 12:00:00+05:30,35.44,55.1,14.1
2025-09-28 13:00:00+05:30,32.6625,52.775,11.875
2025-09-28 14:00:00+05:30,25.5175,48.25,93.3
2025-09-28 15:00:00+05:30,26.3625,44.6,52.125
2025-09-28 16:00:00+05:30,29.03,45.725,30.3
2025-09-28 17:00:00+05:30,35.6525,46.05,28.35
2025-09-28 18:00:00+05:30,27.015,43.449999999999996,25.025
2025-09-28 19:00:00+05:30,27.715,48.675,22.0
2025-09-28 20:00:00+05:30,30.17,52.7,33.7
2025-09-28 22:00:00+05:30,30.310000000000002,65.1,53.125
2025-09-28 23:00:00+05:30,36.22666666666667,80.13333333333333,42.333333333333336
2025-09-29 00:00:00+05:30,37.27,85.1,57.6
2025-09-29 01:00:00+05:30,27.313333333333333,76.16666666666667,31.066666666666666
2025-09-29 02:00:00+05:30,23.625,70.85,42.275
2025-09-29 03:00:00+05:30,32.63,72.94999999999999,33.325
2025-09-29 04:00:00+05:30,28.497500000000002,71.1,46.35
2025-09-29 05:00:00+05:30,23.582500000000003,66.5,35.875
2025-09-29 06:00:00+05:30,24.2,66.17500000000001,27.450000000000003
2025-09-29 07:00:00+05:30,30.43,68.075,21.825000000000003
2025-09-29 08:00:00+05:30,24.64,65.425,47.724999999999994
2025-09-29 09:00:00+05:30,20.575,62.925,26.5
2025-09-29 10:00:00+05:30,29.6625,62.775,38.55
2025-09-29 11:00:00+05:30,24.21666666666667,62.79999999999999,0.0
2025-09-29 12:00:00+05:30,26.525000000000002,22.1,0.0
2025-09-29 13:00:00+05:30,29.5075,35.075,8.799999999999999
2025-09-29 14:00:00+05:30,23.465,32.650000000000006,9.775
2025-09-29 15:00:00+05:30,28.0925,44.550000000000004,22.8
2025-09-29 16:00:00+05:30,26.5775,51.55,18.275
2025-09-29 17:00:00+05:30,24.395,48.0,22.7
2025-09-29 18:00:00+05:30,26.4175,48.699999999999996,29.375
2025-09-29 19:00:00+05:30,28.18,54.375,35.625
2025-09-29 20:00:00+05:30,24.692500000000003,65.675,86.325
2025-09-29 21:00:00+05:30,23.013333333333332,81.26666666666667,62.26666666666667
2025-09-29 22:00:00+05:30,27.6875,95.825,225.05
2025-09-29 23:00:00+05:30,22.709999999999997,92.93333333333334,80.3
2025-09-30 00:00:00+05:30,41.91,100.3,24.8
2025-09-30 01:00:00+05:30,26.7075,100.125,15.9
2025-09-30 02:00:00+05:30,26.592499999999998,98.10000000000001,50.150000000000006
2025-09-30 03:00:00+05:30,26.03,85.975,34.525
2025-09-30 04:00:00+05:30,20.6475,87.17500000000001,19.525
2025-09-30 05:00:00+05:30,21.41,82.1,14.800000000000002
2025-09-30 06:00:00+05:30,24.205,77.1,10.8
2025-09-30 07:00:00+05:30,34.67,80.25,23.475
2025-09-30 08:00:00+05:30,31.705,80.95,96.80000000000001
2025-09-30 09:00:00+05:30,26.494999999999997,82.0,65.85
2025-09-30 10:00:00+05:30,24.752499999999998,79.925,92.45
2025-09-30 11:00:00+05:30,27.887500000000003,76.22500000000001,72.05
2025-09-30 12:00:00+05:30,28.982499999999998,75.075,41.125
2025-09-30 13:00:00+05:30,28.753333333333334,64.36666666666666,27.2
2025-09-30 14:00:00+05:30,18.045,61.55,60.675
2025-09-30 15:00:00+05:30,22.895,68.175,49.45
2025-09-30 16:00:00+05:30,25.6875,74.375,45.275
2025-09-30 17:00:00+05:30,25.4675,70.6,26.95
2025-09-30 18:00:00+05:30,25.740000000000002,71.4,34.95
2025-09-30 19:00:00+05:30,27.107499999999998,62.825,25.15
2025-09-30 20:00:00+05:30,25.9475,60.075,60.599999999999994
2025-09-30 21:00:00+05:30,25.5025,60.625,51.6
2025-09-30 22:00:00+05:30,25.036666666666665,57.9,62.20000000000001
2025-09-30 23:00:00+05:30,26.426666666666666,56.13333333333333,45.1
2025-10-01 00:00:00+05:30,33.92,60.5,121.9
2025-10-01 01:00:00+05:30,28.296666666666667,61.833333333333336,79.23333333333333
2025-10-01 02:00:00+05:30,28.02,58.075,40.050000000000004
2025-10-01 03:00:00+05:30,23.572499999999998,54.050000000000004,27.975
2025-10-01 04:00:00+05:30,26.412499999999998,53.625,99.4
2025-10-01 05:00:00+05:30,21.372500000000002,90.35,69.275
2025-10-01 06:00:00+05:30,22.825,119.925,45.075
2025-10-01 07:00:00+05:30,22.78,115.875,31.275
2025-10-01 08:00:00+05:30,22.17,93.775,46.8
2025-10-01 09:00:00+05:30,24.956666666666667,73.3,37.63333333333333
2025-10-01 10:00:00+05:30,25.863333333333333,69.96666666666665,87.63333333333333
2025-10-01 11:00:00+05:30,25.939999999999998,72.25,52.199999999999996
2025-10-01 12:00:00+05:30,26.595,43.866666666666674,83.07499999999999
2025-10-01 13:00:00+05:30,29.622500000000002,48.625,51.775
2025-10-01 14:00:00+05:30,25.83,54.325,29.5
2025-10-01 15:00:00+05:30,28.435,51.25,17.925
2025-10-01 16:00:00+05:30,29.369999999999997,50.175,10.325
2025-10-01 17:00:00+05:30,23.82,52.2,10.425
2025-10-01 18:00:00+05:30,24.07,55.35,12.600000000000001
2025-10-01 19:00:00+05:30,28.0875,47.724999999999994,12.975
2025-10-01 20:00:00+05:30,32.692499999999995,53.150000000000006,16.225
2025-10-01 21:00:00+05:30,30.9175,56.275,13.075
2025-10-01 22:00:00+05:30,27.08,57.150000000000006,15.325
2025-10-01 23:00:00+05:30,28.743333333333336,55.96666666666666,20.2
2025-10-02 00:00:00+05:30,39.16,61.4,28.7
2025-10-02 01:00:00+05:30,33.75,53.475,23.875
2025-10-02 02:00:00+05:30,30.397499999999997,55.625,65.525
2025-10-02 03:00:00+05:30,29.1075,74.5,58.075
2025-10-02 04:00:00+05:30,26.4575,63.325,32.2
2025-10-02 05:00:00+05:30,21.8975,54.5,17.75
2025-10-02 06:00:00+05:30,23.246666666666666,47.6,23.266666666666666
2025-10-02 07:00:00+05:30,26.0075,42.425,19.025
2025-10-02 08:00:00+05:30,28.51,38.875,17.125
2025-10-02 09:00:00+05:30,22.495,37.5,13.275
2025-10-02 10:00:00+05:30,29.865000000000002,42.625,11.975
2025-10-02 11:00:00+05:30,28.67,41.0,7.55
2025-10-02 12:00:00+05:30,28.39,38.974999999999994,10.375
2025-10-02 13:00:00+05:30,25.802500000000002,38.625,6.625
2025-10-02 14:00:00+05:30,23.623333333333335,37.63333333333333,8.4
2025-10-02 15:00:00+05:30,30.605,35.675,6.8
2025-10-02 16:00:00+05:30,21.0,35.5,4.15
2025-10-02 17:00:00+05:30,25.9725,42.85,19.174999999999997
2025-10-02 18:00:00+05:30,24.5575,43.95,37.125
2025-10-02 19:00:00+05:30,25.235,41.35,25.4
2025-10-02 20:00:00+05:30,26.7925,43.375,25.725
2025-10-02 21:00:00+05:30,28.6625,40.475,19.150000000000002
2025-10-02 22:00:00+05:30,29.72,47.2,31.525
2025-10-02 23:00:00+05:30,26.763333333333332,81.0,26.399999999999995
2025-10-03 00:00:00+05:30,35.1,78.5,42.7
2025-10-03 01:00:00+05:30,32.66,76.575,27.65
2025-10-03 02:00:00+05:30,25.36,75.025,19.025
2025-10-03 03:00:00+05:30,24.49,78.27499999999999,15.75
2025-10-03 04:00:00+05:30,23.6375,82.45,14.725
2025-10-03 05:00:00+05:30,27.630000000000003,88.375,14.350000000000001
2025-10-03 06:00:00+05:30,28.599999999999998,84.975,32.025
2025-10-03 07:00:00+05:30,30.4775,81.125,28.65
2025-10-03 08:00:00+05:30,27.725,43.825,21.5
2025-10-03 09:00:00+05:30,30.85,41.900000000000006,16.275
2025-10-03 10:00:00+05:30,24.9925,43.8,19.275000000000002
2025-10-03 11:00:00+05:30,27.7125,43.45,34.25
2025-10-03 12:00:00+05:30,29.886666666666667,68.2,35.9
2025-10-03 13:00:00+05:30,26.695,64.55,27.25
2025-10-03 14:00:00+05:30,28.7675,65.2,20.225
2025-10-03 15:00:00+05:30,26.475,61.550000000000004,13.825
2025-10-03 16:00:00+05:30,25.793333333333333,60.23333333333333,17.5
2025-10-03 17:00:00+05:30,23.915,44.0,12.1
2025-10-03 18:00:00+05:30,25.385,36.55,17.825
2025-10-03 19:00:00+05:30,23.9775,36.6,18.4
2025-10-03 20:00:00+05:30,24.34,48.75,22.55
2025-10-03 21:00:00+05:30,26.513333333333332,46.166666666666664,15.633333333333333
2025-10-03 22:00:00+05:30,27.92,42.325,29.375
2025-10-03 23:00:00+05:30,25.383333333333336,42.36666666666667,26.566666666666666
2025-10-04 00:00:00+05:30,29.42,39.8,47.7
2025-10-04 01:00:00+05:30,31.32,38.525,35.849999999999994
2025-10-04 02:00:00+05:30,27.677500000000002,36.75,23.85
2025-10-04 03:00:00+05:30,27.65,46.849999999999994,34.45
2025-10-04 04:00:00+05:30,26.0925,44.325,23.875
2025-10-04 05:00:00+05:30,22.316666666666663,40.56666666666667,13.466666666666667
2025-10-04 06:00:00+05:30,23.98,38.275,7.9
2025-10-04 07:00:00+05:30,23.29,36.65,8.85
2025-10-04 08:00:00+05:30,25.9075,32.225,10.95
2025-10-04 09:00:00+05:30,25.1825,34.4,16.650000000000002
2025-10-04 10:00:00+05:30,29.9125,30.525,12.275
2025-10-04 11:00:00+05:30,28.9725,28.4,18.2
2025-10-04 12:00:00+05:30,32.29,26.85,21.225
2025-10-04 13:00:00+05:30,27.2125,25.325,15.899999999999999
2025-10-04 14:00:00+05:30,30.64,31.833333333333332,15.833333333333334
2025-10-04 15:00:00+05:30,31.692500000000003,30.125,12.825
2025-10-04 16:00:00+05:30,24.415,27.975,11.525
2025-10-04 17:00:00+05:30,27.37,26.525,11.325000000000001
2025-10-04 18:00:00+05:30,30.37,24.900000000000002,11.533333333333333
2025-10-04 19:00:00+05:30,26.9025,25.799999999999997,17.7
2025-10-04 20:00:00+05:30,28.1875,30.825,20.65
2025-10-04 21:00:00+05:30,30.892500000000002,29.275000000000002,25.925
2025-10-04 22:00:00+05:30,27.5375,29.65,29.900000000000002
2025-10-04 23:00:00+05:30,30.320000000000004,49.300000000000004,25.666666666666668
2025-10-05 00:00:00+05:30,22.26,52.0,30.3
2025-10-05 01:00:00+05:30,24.535,49.35,28.65
2025-10-05 02:00:00+05:30,28.835,47.65,26.575
2025-10-05 03:00:00+05:30,23.4925,45.949999999999996,17.65
2025-10-05 04:00:00+05:30,28.560000000000002,49.35,23.525
2025-10-05 05:00:00+05:30,27.717499999999998,47.6,15.75
2025-10-05 06:00:00+05:30,23.94,50.974999999999994,17.575
2025-10-05 07:00:00+05:30,23.080000000000002,51.46666666666667,18.099999999999998
2025-10-05 08:00:00+05:30,26.3775,50.5,22.625
2025-10-05 09:00:00+05:30,30.7375,49.4,18.9
2025-10-05 10:00:00+05:30,25.715,47.375,18.875
2025-10-05 11:00:00+05:30,25.759999999999998,45.825,13.525
2025-10-05 12:00:00+05:30,28.1,44.425,23.525
2025-10-05 13:00:00+05:30,28.125,43.75,17.1
2025-10-05 14:00:00+05:30,25.744999999999997,43.324999999999996,26.025
2025-10-05 15:00:00+05:30,29.475,47.05,27.4
2025-10-05 16:00:00+05:30,26.5675,57.0,31.225
2025-10-05 17:00:00+05:30,28.6675,66.2,30.375
2025-10-05 18:00:00+05:30,32.17,66.9,47.025000000000006
2025-10-05 19:00:00+05:30,32.8025,71.47500000000001,43.05
2025-10-05 20:00:00+05:30,30.4225,74.65,46.575
2025-10-05 21:00:00+05:30,30.6375,74.8,61.675
2025-10-05 22:00:00+05:30,30.0875,76.35,58.8
2025-10-05 23:00:00+05:30,30.663333333333338,82.39999999999999,66.76666666666667
2025-10-06 00:00:00+05:30,29.39,88.1,287.0
2025-10-06 01:00:00+05:30,31.5375,91.025,191.125
2025-10-06 02:00:00+05:30,26.2625,82.275,136.675
2025-10-06 03:00:00+05:30,30.98,78.025,87.475
2025-10-06 04:00:00+05:30,33.1075,77.25,274.05
2025-10-06 05:00:00+05:30,31.84,81.675,10.525
2025-10-06 06:00:00+05:30,35.9275,76.7,32.2
2025-10-06 07:00:00+05:30,34.1575,76.75,83.15
2025-10-06 08:00:00+05:30,29.650000000000002,86.53333333333335,66.13333333333334
2025-10-06 09:00:00+05:30,30.845,104.52499999999999,165.25
2025-10-06 10:00:00+05:30,35.775,97.125,49.45
2025-10-06 11:00:00+05:30,32.292500000000004,97.75,14.025
2025-10-06 12:00:00+05:30,33.205,71.3,35.125
2025-10-06 13:00:00+05:30,33.545,117.125,57.6
2025-10-06 14:00:00+05:30,33.0625,110.64999999999999,65.35
2025-10-06 15:00:00+05:30,29.6,126.125,85.075
2025-10-06 16:00:00+05:30,31.580000000000002,139.925,124.425
2025-10-06 17:00:00+05:30,33.435,119.35,76.875
2025-10-06 18:00:00+05:30,33.675,136.64999999999998,198.27499999999998
2025-10-06 19:00:00+05:30,34.3,129.5,121.025
2025-10-06 20:00:00+05:30,36.0175,118.5,88.1
2025-10-06 21:00:00+05:30,32.7975,119.075,53.225
2025-10-06 22:00:00+05:30,30.2925,102.425,100.525
2025-10-06 23:00:00+05:30,37.24666666666666,83.3,30.7
2025-10-07 00:00:00+05:30,28.97,84.7,26.2
2025-10-07 01:00:00+05:30,34.04,80.725,21.65
2025-10-07 02:00:00+05:30,30.135,84.02499999999999,18.475
2025-10-07 03:00:00+05:30,30.64,75.03333333333333,18.099999999999998
2025-10-07 04:00:00+05:30,31.8225,68.375,14.625
2025-10-07 05:00:00+05:30,30.1575,76.725,15.375
2025-10-07 06:00:00+05:30,33.46,66.14999999999999,24.125
2025-10-07 07:00:00+05:30,31.3325,71.025,18.8
2025-10-07 08:00:00+05:30,30.127499999999998,72.775,18.275
2025-10-07 09:00:00+05:30,26.793333333333333,79.8,17.966666666666665
2025-10-07 10:00:00+05:30,36.9975,78.525,21.175
2025-10-07 11:00:00+05:30,33.1625,49.1,15.375
2025-10-07 12:00:00+05:30,35.876666666666665,50.0,32.5
2025-10-07 13:00:00+05:30,28.27,48.65,37.625
2025-10-07 14:00:00+05:30,34.685,85.175,55.375
2025-10-07 15:00:00+05:30,33.19,76.55,33.275000000000006
2025-10-07 16:00:00+05:30,33.155,76.425,36.475
2025-10-07 17:00:00+05:30,30.59,86.0,24.2
2025-10-07 18:00:00+05:30,33.144999999999996,86.775,70.45
2025-10-07 19:00:00+05:30,32.9375,95.725,38.675
2025-10-07 20:00:00+05:30,34.11,89.075,59.575
2025-10-07 21:00:00+05:30,37.7025,95.8,43.9
2025-10-07 22:00:00+05:30,27.495,96.47500000000001,72.55
2025-10-07 23:00:00+05:30,27.916666666666668,105.09999999999998,31.399999999999995
2025-10-08 00:00:00+05:30,34.48,104.5,118.1
2025-10-08 01:00:00+05:30,32.129999999999995,106.65,68.35
2025-10-08 02:00:00+05:30,31.11,103.42500000000001,77.375
2025-10-08 03:00:00+05:30,30.7275,107.5,45.875
2025-10-08 04:00:00+05:30,30.6075,97.42500000000001,28.55
2025-10-08 05:00:00+05:30,30.895,100.30000000000001,19.4
2025-10-08 06:00:00+05:30,32.4525,86.69999999999999,13.674999999999999
2025-10-08 07:00:00+05:30,31.490000000000002,98.725,14.1
2025-10-08 08:00:00+05:30,32.735,103.9,27.25
2025-10-08 09:00:00+05:30,29.6375,114.55,29.475
2025-10-08 10:00:00+05:30,33.870000000000005,108.75,27.675
2025-10-08 11:00:00+05:30,32.11,115.875,27.4
2025-10-08 12:00:00+05:30,33.72,95.9,88.65
2025-10-08 13:00:00+05:30,36.7125,95.9,24.0
2025-10-08 14:00:00+05:30,33.177499999999995,95.9,0.0
2025-10-08 15:00:00+05:30,27.7925,12.549999999999999,0.0
2025-10-08 16:00:00+05:30,12.8475,39.625,32.025
2025-10-08 17:00:00+05:30,13.795,96.75,67.9
2025-10-08 18:00:00+05:30,17.0825,106.425,43.325
2025-10-08 19:00:00+05:30,16.655,105.7,36.35
2025-10-08 20:00:00+05:30,16.535,109.75,36.925
2025-10-08 21:00:00+05:30,17.15,110.675,38.825
2025-10-08 22:00:00+05:30,15.0475,106.25,43.075
2025-10-08 23:00:00+05:30,13.276666666666666,100.39999999999999,47.666666666666664
2025-10-09 00:00:00+05:30,14.12,96.6,31.7
2025-10-09 01:00:00+05:30,18.47,93.94999999999999,30.35
2025-10-09 02:00:00+05:30,18.855,89.775,26.125
2025-10-09 03:00:00+05:30,21.34,81.4,25.6
2025-10-09 04:00:00+05:30,15.15,84.42500000000001,30.975
2025-10-09 05:00:00+05:30,14.420000000000002,93.75,34.125
2025-10-09 06:00:00+05:30,13.559999999999999,98.5,27.8
2025-10-09 07:00:00+05:30,19.18,98.725,34.775
2025-10-09 08:00:00+05:30,20.525,112.125,42.25
2025-10-09 09:00:00+05:30,20.64,122.6,41.35
2025-10-09 10:00:00+05:30,29.77,109.19999999999999,41.400000000000006
2025-10-09 11:00:00+05:30,30.4175,95.975,40.025
2025-10-09 12:00:00+05:30,29.725,102.525,33.699999999999996
2025-10-09 13:00:00+05:30,28.1775,103.025,22.4
2025-10-09 14:00:00+05:30,31.815,103.475,55.775
2025-10-09 15:00:00+05:30,30.9625,120.775,92.675
2025-10-09 16:00:00+05:30,25.035,149.4,96.275
2025-10-09 17:00:00+05:30,29.786666666666665,166.9,107.90000000000002
2025-10-09 18:00:00+05:30,32.305,179.675,80.05000000000001
2025-10-09 19:00:00+05:30,27.705,201.575,65.475
2025-10-09 20:00:00+05:30,28.1725,210.775,65.175
2025-10-09 21:00:00+05:30,32.455,209.85,66.95
2025-10-09 22:00:00+05:30,30.79,199.75,60.875
2025-10-09 23:00:00+05:30,34.04666666666667,191.79999999999998,61.06666666666666
2025-10-10 00:00:00+05:30,32.64,191.4,56.7
2025-10-10 01:00:00+05:30,30.5425,178.775,52.675
2025-10-10 02:00:00+05:30,32.7525,155.20000000000002,44.725
2025-10-10 03:00:00+05:30,27.4775,139.3,44.05
2025-10-10 04:00:00+05:30,28.3375,121.35,50.275
2025-10-10 05:00:00+05:30,28.4625,113.65,56.724999999999994
2025-10-10 06:00:00+05:30,31.095,114.575,52.8
2025-10-10 07:00:00+05:30,34.4875,114.75,48.825
2025-10-10 08:00:00+05:30,31.18,102.4,57.225
2025-10-10 09:00:00+05:30,31.1325,103.225,52.475
2025-10-10 10:00:00+05:30,30.396666666666665,118.43333333333334,47.46666666666667
2025-10-10 11:00:00+05:30,28.8625,109.5,47.2
2025-10-10 12:00:00+05:30,30.4075,99.6,42.824999999999996
2025-10-10 13:00:00+05:30,28.945,92.05,27.425
2025-10-10 14:00:00+05:30,31.5925,84.3,36.075
2025-10-10 15:00:00+05:30,30.903333333333336,80.76666666666667,44.53333333333333
2025-10-10 16:00:00+05:30,30.375,88.5,34.7
2025-10-10 17:00:00+05:30,26.42,86.8,28.5
2025-10-10 18:00:00+05:30,30.12,93.1,40.2
2025-10-10 19:00:00+05:30,27.375,104.6,48.05
2025-10-10 20:00:00+05:30,26.22,110.95,53.275000000000006
2025-10-10 21:00:00+05:30,25.14,119.425,58.475
2025-10-10 22:00:00+05:30,27.7575,122.55000000000001,57.3
2025-10-10 23:00:00+05:30,31.45,122.66666666666667,59.96666666666667
2025-10-11 01:00:00+05:30,23.42,109.4,57.3
2025-10-11 02:00:00+05:30,30.95,105.45,55.95
2025-10-11 03:00:00+05:30,29.836666666666662,103.03333333333335,47.93333333333334
2025-10-11 04:00:00+05:30,26.205,104.6,44.625
2025-10-11 05:00:00+05:30,24.88,105.25,49.5
2025-10-11 06:00:00+05:30,26.89,106.23333333333333,48.4
2025-10-11 07:00:00+05:30,26.395,101.725,46.3
2025-10-11 08:00:00+05:30,28.947499999999998,104.25,52.625
2025-10-11 09:00:00+05:30,30.6825,109.325,55.575
2025-10-11 10:00:00+05:30,31.432499999999997,114.75,52.375
2025-10-11 11:00:00+05:30,28.38,122.675,49.625
2025-10-11 12:00:00+05:30,27.03,107.9,40.525
2025-10-11 13:00:00+05:30,30.1025,93.2,35.75
2025-10-11 14:00:00+05:30,27.4175,91.625,49.75
2025-10-11 15:00:00+05:30,28.125,92.42500000000001,61.975
2025-10-11 16:00:00+05:30,24.57,79.35,40.724999999999994
2025-10-11 17:00:00+05:30,26.29,74.05,38.175
2025-10-11 18:00:00+05:30,30.8775,83.8,40.675
2025-10-11 19:00:00+05:30,26.7925,95.775,41.85
2025-10-11 20:00:00+05:30,30.4875,103.025,47.975
2025-10-11 21:00:00+05:30,31.4675,102.725,46.225
2025-10-11 22:00:00+05:30,24.5,98.5,63.300000000000004
2025-10-11 23:00:00+05:30,25.623333333333335,98.96666666666665,56.56666666666666
2025-10-12 00:00:00+05:30,26.28,129.2,65.2
2025-10-12 01:00:00+05:30,28.68,125.05,54.85
2025-10-12 02:00:00+05:30,26.384999999999998,120.4,36.55
2025-10-12 03:00:00+05:30,29.9675,112.075,28.525
2025-10-12 04:00:00+05:30,29.345,91.525,24.0
2025-10-12 05:00:00+05:30,27.433333333333334,85.23333333333333,23.46666666666667
2025-10-12 06:00:00+05:30,27.6325,90.55,19.35
2025-10-12 07:00:00+05:30,27.7375,101.1,21.725
2025-10-12 08:00:00+05:30,28.0875,96.875,26.45
2025-10-12 09:00:00+05:30,30.8125,102.1,63.725
2025-10-12 10:00:00+05:30,28.9325,107.0,55.125
2025-10-12 11:00:00+05:30,31.81,102.65,44.7
2025-10-12 12:00:00+05:30,30.363333333333333,107.73333333333333,37.53333333333333
2025-10-12 13:00:00+05:30,29.4875,99.475,35.199999999999996
2025-10-12 14:00:00+05:30,30.290000000000003,91.75,24.675
2025-10-12 15:00:00+05:30,31.310000000000002,93.85,20.3
2025-10-12 16:00:00+05:30,30.9375,205.525,27.275
2025-10-12 17:00:00+05:30,28.2325,239.75,33.724999999999994
2025-10-12 18:00:00+05:30,27.572499999999998,51.1,36.55
2025-10-12 19:00:00+05:30,28.7775,62.05,49.4
2025-10-12 20:00:00+05:30,27.37,88.95,63.175000000000004
2025-10-12 21:00:00+05:30,31.5975,113.425,61.675
2025-10-12 22:00:00+05:30,28.9325,142.225,61.725
2025-10-12 23:00:00+05:30,26.6,174.75,70.45
2025-10-13 00:00:00+05:30,24.68,142.4,79.2
2025-10-13 01:00:00+05:30,32.07,149.35000000000002,86.325
2025-10-13 02:00:00+05:30,29.6925,156.275,92.175
2025-10-13 03:00:00+05:30,27.07,148.925,87.175
2025-10-13 04:00:00+05:30,25.8525,126.60000000000001,92.025
2025-10-13 05:00:00+05:30,31.915,114.65,83.75
2025-10-13 06:00:00+05:30,28.4375,147.775,66.2
2025-10-13 07:00:00+05:30,28.016666666666666,153.29999999999998,69.06666666666666
2025-10-13 08:00:00+05:30,28.9325,131.45,76.19999999999999
2025-10-13 09:00:00+05:30,32.0325,121.27499999999999,66.2
2025-10-13 10:00:00+05:30,30.770000000000003,118.275,57.8
2025-10-13 11:00:00+05:30,25.733333333333334,110.86666666666667,60.43333333333334
2025-10-13 12:00:00+05:30,29.7325,105.19999999999999,48.2
2025-10-13 13:00:00+05:30,34.035000000000004,85.0,40.95
2025-10-13 14:00:00+05:30,22.115000000000002,96.07499999999999,45.775
2025-10-13 15:00:00+05:30,26.235,105.075,58.75
2025-10-13 16:00:00+05:30,31.112499999999997,105.075,47.225
2025-10-13 17:00:00+05:30,34.2825,96.42500000000001,37.025
2025-10-13 18:00:00+05:30,31.8375,95.475,39.075
2025-10-13 19:00:00+05:30,29.75,104.775,45.375
2025-10-13 20:00:00+05:30,28.655,124.025,45.825
2025-10-13 21:00:00+05:30,27.005,158.45,64.35
2025-10-13 22:00:00+05:30,29.92,168.7,78.675
2025-10-13 23:00:00+05:30,32.42666666666667,181.1,92.16666666666667
2025-10-14 00:00:00+05:30,27.13,147.4,73.6
2025-10-14 01:00:00+05:30,30.2725,152.125,74.89999999999999
2025-10-14 02:00:00+05:30,29.235,146.375,74.325
2025-10-14 03:00:00+05:30,30.0775,123.025,71.3
2025-10-14 04:00:00+05:30,29.563333333333333,121.63333333333333,74.8
2025-10-14 05:00:00+05:30,31.2875,115.75,70.75
2025-10-14 06:00:00+05:30,28.634999999999998,112.3,62.325
2025-10-14 07:00:00+05:30,29.567500000000003,136.175,71.475
2025-10-14 08:00:00+05:30,28.333333333333332,139.93333333333334,82.26666666666667
2025-10-14 09:00:00+05:30,28.2175,116.575,77.725
2025-10-14 10:00:00+05:30,31.56,114.875,72.55000000000001
2025-10-14 11:00:00+05:30,27.5675,109.975,59.95
2025-10-14 12:00:00+05:30,31.975,109.85,50.95
2025-10-14 13:00:00+05:30,32.505,106.125,49.2
2025-10-14 14:00:00+05:30,34.9,98.425,42.2
2025-10-14 15:00:00+05:30,30.755,104.375,33.15
2025-10-14 16:00:00+05:30,31.7625,119.6,32.85
2025-10-14 17:00:00+05:30,29.35,120.975,39.35
2025-10-14 18:00:00+05:30,32.435,114.65,41.3
2025-10-14 19:00:00+05:30,29.557499999999997,124.05000000000001,59.625
2025-10-14 20:00:00+05:30,30.625,140.575,85.025
2025-10-14 21:00:00+05:30,30.490000000000002,143.35,85.325
2025-10-14 22:00:00+05:30,25.625,154.525,88.0
2025-10-14 23:00:00+05:30,31.486666666666665,168.3,92.83333333333333
2025-10-15 00:00:00+05:30,25.79,184.3,87.4
2025-10-15 01:00:00+05:30,30.755,165.95,86.15
2025-10-15 02:00:00+05:30,30.8625,148.575,95.1
2025-10-15 03:00:00+05:30,27.925,168.175,103.72500000000001
2025-10-15 04:00:00+05:30,30.475,157.325,87.275
2025-10-15 05:00:00+05:30,32.3225,137.225,78.3
2025-10-15 06:00:00+05:30,31.2575,133.45,81.7
2025-10-15 07:00:00+05:30,28.4525,128.8,89.9
2025-10-15 08:00:00+05:30,31.9675,156.60000000000002,86.0
2025-10-15 09:00:00+05:30,30.62,163.85,76.775
2025-10-15 10:00:00+05:30,31.6125,137.375,134.225
2025-10-15 11:00:00+05:30,35.4,189.175,175.575
2025-10-15 12:00:00+05:30,31.3725,196.525,101.5
2025-10-15 13:00:00+05:30,26.497500000000002,108.55,65.75
2025-10-15 14:00:00+05:30,27.823333333333334,103.7,48.06666666666666
2025-10-15 15:00:00+05:30,34.3,106.8,37.75
2025-10-15 16:00:00+05:30,28.599999999999998,172.5,31.2
2025-10-15 17:00:00+05:30,31.88,213.6,46.375
2025-10-15 20:00:00+05:30,33.379999999999995,220.8,68.15
2025-10-15 21:00:00+05:30,29.59,234.9,82.52499999999999
2025-10-15 22:00:00+05:30,31.8875,245.525,148.375
2025-10-15 23:00:00+05:30,31.179999999999996,234.69999999999996,98.59999999999998
2025-10-16 00:00:00+05:30,32.64,219.7,333.4
2025-10-16 01:00:00+05:30,30.61,208.975,214.025
2025-10-16 02:00:00+05:30,27.88,182.55,128.375
2025-10-16 03:00:00+05:30,27.3175,155.175,96.875
2025-10-16 04:00:00+05:30,25.85,158.65,65.9
2025-10-16 05:00:00+05:30,29.9125,169.1,81.5
2025-10-16 06:00:00+05:30,31.78,169.9,70.4
2025-10-16 07:00:00+05:30,25.15,173.075,100.45
2025-10-16 08:00:00+05:30,30.2125,182.45000000000002,332.0
2025-10-16 09:00:00+05:30,33.655,185.4,139.625
2025-10-16 10:00:00+05:30,31.48,197.5666666666667,58.166666666666664
2025-10-16 11:00:00+05:30,29.7875,168.5,42.25
2025-10-16 12:00:00+05:30,32.8025,138.625,39.75
2025-10-16 13:00:00+05:30,31.305,132.07500000000002,36.65
2025-10-16 14:00:00+05:30,31.985,146.1,93.525
2025-10-16 15:00:00+05:30,32.81,140.975,55.975
2025-10-16 16:00:00+05:30,30.552500000000002,137.8,39.75
2025-10-16 17:00:00+05:30,34.8025,108.5,23.675
2025-10-16 18:00:00+05:30,30.1275,120.8,34.55
2025-10-16 19:00:00+05:30,29.165,169.92499999999998,36.300000000000004
2025-10-16 20:00:00+05:30,32.3725,196.875,42.825
2025-10-16 21:00:00+05:30,31.839999999999996,233.775,133.0
2025-10-16 22:00:00+05:30,31.55,274.375,463.375
2025-10-16 23:00:00+05:30,32.446666666666665,326.6,76.33333333333333
2025-10-17 00:00:00+05:30,34.41,229.9,46.5
2025-10-17 01:00:00+05:30,32.23,201.175,41.025
2025-10-17 02:00:00+05:30,32.65,133.64999999999998,84.69999999999999
2025-10-17 03:00:00+05:30,31.145000000000003,93.2,47.625
2025-10-17 04:00:00+05:30,30.6725,78.2,31.099999999999998
2025-10-17 05:00:00+05:30,31.7575,93.875,24.5
2025-10-17 06:00:00+05:30,32.28,94.025,24.525000000000002
2025-10-17 07:00:00+05:30,32.25,133.5,43.025
2025-10-17 08:00:00+05:30,34.525,120.2,61.8
2025-10-17 09:00:00+05:30,33.41,105.625,42.825
2025-10-17 10:00:00+05:30,32.365,127.975,40.199999999999996
2025-10-17 11:00:00+05:30,30.7925,107.5,30.875
2025-10-17 12:00:00+05:30,30.863333333333333,111.83333333333333,29.46666666666667
2025-10-17 13:00:00+05:30,34.26,89.275,27.0
2025-10-17 14:00:00+05:30,33.625,74.35,24.400000000000002
2025-10-17 15:00:00+05:30,28.7425,85.7,22.425
2025-10-17 16:00:00+05:30,30.12,69.875,20.325
2025-10-17 17:00:00+05:30,33.2375,59.725,21.0
2025-10-17 18:00:00+05:30,33.64,85.025,24.900000000000002
2025-10-17 19:00:00+05:30,31.534999999999997,105.475,24.225
2025-10-17 20:00:00+05:30,30.4025,118.35000000000001,32.45
2025-10-17 21:00:00+05:30,30.41,123.97500000000001,60.65
2025-10-17 22:00:00+05:30,32.59,155.675,180.825
2025-10-17 23:00:00+05:30,35.24,177.69999999999996,78.13333333333334
2025-10-18 00:00:00+05:30,30.32,160.3,131.9
2025-10-18 01:00:00+05:30,33.1225,156.65,91.925
2025-10-18 02:00:00+05:30,33.1375,158.79999999999998,69.325
2025-10-18 03:00:00+05:30,33.39,156.35,62.65
2025-10-18 04:00:00+05:30,32.415,129.55,124.2
2025-10-18 05:00:00+05:30,34.6675,133.15,85.0
2025-10-18 06:00:00+05:30,31.95,107.26666666666665,97.96666666666665
2025-10-18 07:00:00+05:30,34.6025,99.525,66.025
2025-10-18 08:00:00+05:30,34.14,126.4,54.599999999999994
2025-10-18 09:00:00+05:30,31.6175,103.7,54.275
2025-10-18 10:00:00+05:30,32.08,119.60000000000001,124.05000000000001
2025-10-18 11:00:00+05:30,33.86,115.425,80.7
2025-10-18 12:00:00+05:30,32.085,99.425,70.9
2025-10-18 13:00:00+05:30,31.5425,83.4,32.625
2025-10-18 14:00:00+05:30,34.54,84.15,21.55
2025-10-18 15:00:00+05:30,32.01,88.83333333333333,34.73333333333333
2025-10-18 16:00:00+05:30,30.99666666666667,82.10000000000001,104.2
2025-10-18 17:00:00+05:30,31.3975,85.825,67.3
2025-10-18 18:00:00+05:30,30.607499999999998,104.625,99.1
2025-10-18 19:00:00+05:30,31.740000000000002,119.325,51.5
2025-10-18 20:00:00+05:30,29.6575,139.275,58.675
2025-10-18 21:00:00+05:30,30.1775,142.14999999999998,47.7
2025-10-18 22:00:00+05:30,34.325,174.9,130.54999999999998
2025-10-18 23:00:00+05:30,32.01333333333333,181.80000000000004,76.8
2025-10-19 00:00:00+05:30,32.91,175.3,111.0
2025-10-19 01:00:00+05:30,32.54,180.775,75.4
2025-10-19 02:00:00+05:30,31.97,187.82500000000002,47.35
2025-10-19 03:00:00+05:30,32.865,189.95,38.9
2025-10-19 04:00:00+05:30,32.7,168.15,73.525
2025-10-19 05:00:00+05:30,33.082499999999996,166.2,52.55
2025-10-19 06:00:00+05:30,31.927500000000002,167.375,119.65
2025-10-19 07:00:00+05:30,35.555,155.625,74.57499999999999
2025-10-19 08:00:00+05:30,30.1725,158.075,101.8
2025-10-19 09:00:00+05:30,31.875,164.25,63.725
2025-10-19 10:00:00+05:30,33.535,172.8,45.6
2025-10-19 11:00:00+05:30,32.5125,153.6,34.0
2025-10-19 12:00:00+05:30,34.4225,134.47500000000002,63.650000000000006
2025-10-19 13:00:00+05:30,35.045,131.72500000000002,60.325
2025-10-19 14:00:00+05:30,33.0625,148.325,63.474999999999994
2025-10-19 15:00:00+05:30,33.535,207.95,62.475
2025-10-19 16:00:00+05:30,32.375,132.8,68.05
2025-10-19 17:00:00+05:30,34.620000000000005,93.9,42.225
2025-10-19 18:00:00+05:30,32.065,149.3,78.95
2025-10-19 19:00:00+05:30,32.2875,204.575,52.15
2025-10-19 20:00:00+05:30,31.94,268.875,174.79999999999998
2025-10-19 21:00:00+05:30,31.7725,332.375,192.825
2025-10-19 22:00:00+05:30,33.3725,349.1,429.075
2025-10-19 23:00:00+05:30,32.25,390.8333333333333,109.89999999999999
2025-10-20 00:00:00+05:30,31.1,406.6,107.0
2025-10-20 01:00:00+05:30,33.3875,406.975,103.8
2025-10-20 02:00:00+05:30,30.03,371.075,225.4
2025-10-20 03:00:00+05:30,33.47,320.79999999999995,139.725
2025-10-20 04:00:00+05:30,32.47,268.1,204.375
2025-10-20 05:00:00+05:30,35.120000000000005,231.1,106.4
2025-10-20 06:00:00+05:30,34.05,228.05,65.07499999999999
2025-10-20 07:00:00+05:30,32.56666666666667,242.13333333333333,48.9
2025-10-20 08:00:00+05:30,33.3625,236.6,40.975
2025-10-20 09:00:00+05:30,31.483333333333334,194.9333333333333,32.9
2025-10-20 14:00:00+05:30,34.59,109.2,34.3
2025-10-20 15:00:00+05:30,32.635,98.925,33.275000000000006
2025-10-20 16:00:00+05:30,30.79,90.45,55.025
2025-10-20 17:00:00+05:30,32.97,85.425,39.175
2025-10-20 18:00:00+05:30,32.595,128.925,74.8
2025-10-20 19:00:00+05:30,32.269999999999996,175.725,54.2
2025-10-20 22:00:00+05:30,32.46,871.6,185.14999999999998
2025-10-20 23:00:00+05:30,29.520000000000003,1509.2,727.3
2025-10-21 00:00:00+05:30,33.16,2216.7,886.8
2025-10-21 01:00:00+05:30,30.4725,1423.925,659.25
2025-10-21 02:00:00+05:30,32.68,877.65,686.4
2025-10-21 03:00:00+05:30,32.8725,596.575,461.275
2025-10-21 04:00:00+05:30,30.8475,461.425,310.42499999999995
2025-10-21 05:00:00+05:30,28.095,363.3,145.775
2025-10-21 06:00:00+05:30,31.3975,430.425,136.875
2025-10-21 07:00:00+05:30,30.71666666666667,369.0,82.9
2025-10-21 08:00:00+05:30,30.409999999999997,265.8666666666667,89.5
2025-10-21 09:00:00+05:30,32.943333333333335,179.73333333333335,62.9
2025-10-21 10:00:00+05:30,32.67,192.6,120.47500000000001
2025-10-21 11:00:00+05:30,33.3875,130.725,99.125
2025-10-21 12:00:00+05:30,32.943333333333335,124.96666666666665,75.7
2025-10-21 13:00:00+05:30,32.325,148.425,54.800000000000004
2025-10-21 14:00:00+05:30,32.36666666666667,149.2,46.13333333333333
2025-10-21 15:00:00+05:30,31.515,143.14999999999998,38.925000000000004
2025-10-21 16:00:00+05:30,32.464999999999996,145.775,32.925
2025-10-21 17:00:00+05:30,34.62,144.63333333333333,38.2
2025-10-21 18:00:00+05:30,33.08,167.275,278.65
2025-10-21 19:00:00+05:30,32.777499999999996,232.65,110.525
2025-10-21 20:00:00+05:30,34.943333333333335,299.7,85.59999999999998
2025-10-21 21:00:00+05:30,32.269999999999996,376.375,76.525
2025-10-21 22:00:00+05:30,34.303333333333335,438.3333333333333,131.5
2025-10-21 23:00:00+05:30,33.413333333333334,346.1333333333334,103.7
2025-10-22 00:00:00+05:30,33.35,296.6,121.5
2025-10-22 01:00:00+05:30,33.3625,271.95,100.1
2025-10-22 02:00:00+05:30,34.185,223.15,73.2
2025-10-22 03:00:00+05:30,32.019999999999996,199.075,57.575
2025-10-22 04:00:00+05:30,33.635,190.7,65.575
2025-10-22 05:00:00+05:30,33.1875,173.97500000000002,58.575
2025-10-22 06:00:00+05:30,32.6475,176.725,90.67500000000001
2025-10-22 07:00:00+05:30,32.1675,168.5,62.325
2025-10-22 08:00:00+05:30,31.7775,194.975,72.45
2025-10-22 09:00:00+05:30,32.5125,201.39999999999998,67.45
2025-10-22 10:00:00+05:30,33.79,199.53333333333333,53.93333333333334
2025-10-22 11:00:00+05:30,34.235,187.725,46.2
2025-10-22 12:00:00+05:30,33.08,189.125,72.075
2025-10-22 13:00:00+05:30,33.565,183.425,47.675000000000004
2025-10-22 14:00:00+05:30,30.845,158.15,38.55
2025-10-22 15:00:00+05:30,33.95333333333333,156.1,35.166666666666664
2025-10-22 16:00:00+05:30,34.94,160.39999999999998,32.574999999999996
2025-10-22 17:00:00+05:30,33.6475,153.8,33.25
2025-10-22 18:00:00+05:30,33.365,165.05,51.7
2025-10-22 19:00:00+05:30,32.942499999999995,180.0,50.175
2025-10-22 20:00:00+05:30,32.8525,386.625,57.925000000000004
2025-10-22 21:00:00+05:30,34.4475,282.2,133.325
2025-10-22 22:00:00+05:30,33.2425,322.325,236.975
2025-10-22 23:00:00+05:30,32.87,358.8333333333333,90.2
2025-10-23 00:00:00+05:30,31.25,428.8,84.2
2025-10-23 01:00:00+05:30,32.8075,367.2,85.1
2025-10-23 02:00:00+05:30,33.417500000000004,257.375,97.125
2025-10-23 03:00:00+05:30,34.519999999999996,168.875,64.025
2025-10-23 04:00:00+05:30,32.6425,199.775,64.175
2025-10-23 05:00:00+05:30,33.825,173.45,49.550000000000004
2025-10-23 06:00:00+05:30,33.155,176.05,43.724999999999994
2025-10-23 07:00:00+05:30,32.725,187.225,50.074999999999996
2025-10-23 08:00:00+05:30,33.5575,245.675,52.075
2025-10-23 09:00:00+05:30,34.78,231.875,50.575
2025-10-23 10:00:00+05:30,34.0725,208.9,64.85
2025-10-23 11:00:00+05:30,33.025,187.70000000000002,55.900000000000006
2025-10-23 12:00:00+05:30,34.9625,189.0,86.725
2025-10-23 13:00:00+05:30,34.693333333333335,162.0666666666667,55.5
2025-10-23 14:00:00+05:30,33.3675,160.70000000000002,48.775
2025-10-23 15:00:00+05:30,32.504999999999995,142.60000000000002,45.725
2025-10-23 16:00:00+05:30,34.0725,138.7,42.349999999999994
2025-10-23 17:00:00+05:30,33.875,196.1,48.225
2025-10-23 18:00:00+05:30,34.19,187.70000000000002,127.5
2025-10-23 19:00:00+05:30,32.245,228.025,99.9
2025-10-23 20:00:00+05:30,34.97,262.925,91.94999999999999
2025-10-23 21:00:00+05:30,33.9075,267.525,92.8
2025-10-23 22:00:00+05:30,34.35,297.475,141.025
2025-10-23 23:00:00+05:30,33.24666666666667,305.59999999999997,118.3
2025-10-24 00:00:00+05:30,32.51,274.6,119.2
2025-10-24 01:00:00+05:30,33.3475,267.15000000000003,97.14999999999999
2025-10-24 02:00:00+05:30,32.1,252.875,96.7
2025-10-24 03:00:00+05:30,33.505,234.07500000000002,94.15
2025-10-24 04:00:00+05:30,32.1475,221.5,121.075
2025-10-24 05:00:00+05:30,33.1275,223.3,112.125
2025-10-24 06:00:00+05:30,33.015,210.05,267.425
2025-10-24 07:00:00+05:30,35.03666666666667,208.4,161.83333333333334
2025-10-24 08:00:00+05:30,33.76,206.55,112.8
2025-10-24 09:00:00+05:30,33.405,204.79999999999998,88.175
2025-10-24 10:00:00+05:30,35.305,197.35000000000002,63.97500000000001
2025-10-24 11:00:00+05:30,33.68,195.6,55.26666666666667
2025-10-24 12:00:00+05:30,34.865,188.7,47.25
2025-10-24 13:00:00+05:30,34.8625,192.5,40.25
2025-10-24 14:00:00+05:30,34.45,180.95,37.099999999999994
2025-10-24 15:00:00+05:30,33.685,168.425,30.5
2025-10-24 16:00:00+05:30,32.2625,212.5,53.3
2025-10-24 17:00:00+05:30,34.8225,189.375,52.525
2025-10-24 18:00:00+05:30,34.17,194.225,56.974999999999994
2025-10-24 19:00:00+05:30,34.0075,208.7,78.575
2025-10-24 20:00:00+05:30,33.9225,231.525,110.9
2025-10-24 21:00:00+05:30,35.1475,262.02500000000003,103.2
2025-10-24 22:00:00+05:30,33.13,289.625,169.55
2025-10-24 23:00:00+05:30,34.39333333333334,288.1333333333334,169.0
2025-10-25 00:00:00+05:30,34.97,284.3,132.7
2025-10-25 01:00:00+05:30,33.5075,274.125,122.55
2025-10-25 02:00:00+05:30,33.7775,264.09999999999997,153.6
2025-10-25 03:00:00+05:30,32.925,241.65,125.075
2025-10-25 04:00:00+05:30,32.635,219.375,143.9
2025-10-25 05:00:00+05:30,34.0125,209.9,122.82499999999999
2025-10-25 06:00:00+05:30,32.93,201.63333333333333,116.0
2025-10-25 07:00:00+05:30,35.4,198.2,88.97500000000001
2025-10-25 08:00:00+05:30,33.96,209.675,84.675
2025-10-25 09:00:00+05:30,33.335,190.075,80.625
2025-10-25 10:00:00+05:30,32.315,202.875,96.92500000000001
2025-10-25 11:00:00+05:30,33.8725,193.25,68.35
2025-10-25 12:00:00+05:30,36.39,199.875,89.725
2025-10-25 13:00:00+05:30,35.3225,198.25,59.525
2025-10-25 14:00:00+05:30,34.205,190.65,57.75
2025-10-25 15:00:00+05:30,33.99,177.125,43.7
2025-10-25 16:00:00+05:30,34.906666666666666,183.0333333333333,49.366666666666674
2025-10-25 17:00:00+05:30,35.2725,191.17499999999998,46.325
2025-10-25 18:00:00+05:30,35.3875,190.475,59.775
2025-10-25 19:00:00+05:30,33.4525,228.57500000000002,66.125
2025-10-25 20:00:00+05:30,35.045,251.375,93.3
2025-10-25 21:00:00+05:30,33.0075,281.725,100.475
2025-10-25 22:00:00+05:30,33.06,285.275,126.175
2025-10-25 23:00:00+05:30,32.10333333333333,280.8333333333333,127.59999999999998
2025-10-26 00:00:00+05:30,32.4,268.5,139.2
2025-10-26 01:00:00+05:30,33.635,251.125,118.92500000000001
2025-10-26 02:00:00+05:30,33.3925,236.275,131.025
2025-10-26 03:00:00+05:30,32.96,223.54999999999998,102.05
2025-10-26 04:00:00+05:30,34.32,199.825,127.19999999999999
2025-10-26 05:00:00+05:30,33.5,188.95000000000002,110.45
2025-10-26 06:00:00+05:30,34.667500000000004,177.85,131.3
2025-10-26 07:00:00+05:30,33.8125,173.55,101.6
2025-10-26 08:00:00+05:30,34.6775,172.475,86.72500000000001
2025-10-26 09:00:00+05:30,35.6325,174.625,77.525
2025-10-26 10:00:00+05:30,34.51,172.1,79.4
2025-10-27 02:00:00+05:30,35.56,255.8,170.0
2025-10-27 03:00:00+05:30,33.62,236.3,146.3
2025-10-27 05:00:00+05:30,35.086666666666666,216.1,109.60000000000001
2025-10-27 06:00:00+05:30,33.68333333333333,208.79999999999998,97.0
2025-10-27 07:00:00+05:30,35.025,207.15,72.725
2025-10-27 08:00:00+05:30,34.7725,208.5,84.075
2025-10-27 09:00:00+05:30,34.25,197.3,81.525
2025-10-27 10:00:00+05:30,34.212500000000006,200.05,17.599999999999998
2025-10-27 11:00:00+05:30,33.5225,11.2,0.0
2025-10-27 12:00:00+05:30,35.04,175.75,91.32499999999999
2025-10-27 13:00:00+05:30,35.76666666666667,194.63333333333333,80.33333333333333
2025-10-27 14:00:00+05:30,33.505,201.8,81.4
2025-10-27 15:00:00+05:30,34.92666666666667,199.1,83.76666666666667
2025-10-27 16:00:00+05:30,32.675,199.3,92.325
2025-10-27 17:00:00+05:30,33.695,193.1,110.30000000000001
2025-10-27 18:00:00+05:30,35.46,173.6,89.475
2025-10-27 19:00:00+05:30,35.644999999999996,162.2,96.25
2025-10-27 20:00:00+05:30,33.7625,150.75,102.15
2025-10-27 21:00:00+05:30,34.614999999999995,138.25,94.325
2025-10-27 22:00:00+05:30,32.9425,138.8,100.65
2025-10-27 23:00:00+05:30,32.63,161.0,98.7
2025-10-28 01:00:00+05:30,33.775,138.8,99.45
2025-10-28 02:00:00+05:30,34.65,116.95,110.02499999999999
2025-10-28 03:00:00+05:30,33.364999999999995,126.675,101.075
2025-10-28 04:00:00+05:30,33.42,129.6,104.975
2025-10-28 05:00:00+05:30,34.855000000000004,118.525,93.97500000000001
2025-10-28 06:00:00+05:30,32.846666666666664,109.33333333333333,81.33333333333333
2025-10-28 07:00:00+05:30,33.225,98.25,95.775
2025-10-28 08:00:00+05:30,33.9425,93.2,66.75
2025-10-28 09:00:00+05:30,35.019999999999996,88.1,73.15
2025-10-28 10:00:00+05:30,34.565,79.75,54.65
2025-10-28 12:00:00+05:30,26.23,65.35,35.3
2025-10-28 13:00:00+05:30,23.302500000000002,58.625,43.650000000000006
2025-10-28 14:00:00+05:30,23.04,55.5,26.049999999999997
2025-10-28 15:00:00+05:30,23.5275,61.175000000000004,18.95
2025-10-28 16:00:00+05:30,21.705,57.525,21.575000000000003
2025-10-28 17:00:00+05:30,22.2425,61.4,24.575000000000003
2025-10-28 18:00:00+05:30,22.86,55.4,23.4
2025-10-28 19:00:00+05:30,20.4375,52.4,41.6
2025-10-28 22:00:00+05:30,21.765,53.9,29.7
2025-10-28 23:00:00+05:30,23.310000000000002,54.5,21.0
2025-10-29 00:00:00+05:30,22.64,63.2,25.8
2025-10-29 01:00:00+05:30,21.936666666666667,62.79999999999999,25.100000000000005
2025-10-29 02:00:00+05:30,22.6725,60.0,20.05
2025-10-29 03:00:00+05:30,22.1575,55.425,29.825
2025-10-29 04:00:00+05:30,22.747500000000002,54.1,16.8
2025-10-29 05:00:00+05:30,22.9925,50.6,16.2
2025-10-29 06:00:00+05:30,22.4675,55.375,20.675
2025-10-29 07:00:00+05:30,21.2125,51.0,17.225
2025-10-29 08:00:00+05:30,22.9025,48.525,28.325
2025-10-29 09:00:00+05:30,22.497500000000002,62.775,20.075
2025-10-29 10:00:00+05:30,22.795,61.5,26.25
2025-10-29 11:00:00+05:30,24.2975,55.824999999999996,21.75
2025-10-29 12:00:00+05:30,24.8625,78.325,23.575000000000003
2025-10-29 13:00:00+05:30,22.8325,66.42500000000001,22.525
2025-10-29 14:00:00+05:30,23.166666666666668,67.0,17.266666666666666
2025-10-29 15:00:00+05:30,23.56,59.324999999999996,26.125
2025-10-29 16:00:00+05:30,23.6025,60.475,32.05
2025-10-29 17:00:00+05:30,23.8675,65.3,30.8
2025-10-29 18:00:00+05:30,22.69333333333333,71.2,33.06666666666667
2025-10-29 19:00:00+05:30,24.322499999999998,73.7,41.150000000000006
2025-10-29 20:00:00+05:30,23.8675,82.4,47.150000000000006
2025-10-29 21:00:00+05:30,24.7225,79.4,71.89999999999999
2025-10-29 22:00:00+05:30,23.735,77.7,58.325
2025-10-29 23:00:00+05:30,23.92,82.9,65.43333333333334
2025-10-30 00:00:00+05:30,21.5,91.0,62.9
2025-10-30 01:00:00+05:30,23.0775,86.5,38.0
2025-10-30 02:00:00+05:30,22.31,80.6,67.55
2025-10-30 03:00:00+05:30,22.052500000000002,76.025,64.525
2025-10-30 04:00:00+05:30,22.619999999999997,77.5,68.65
2025-10-30 05:00:00+05:30,23.002499999999998,81.5,61.175
2025-10-30 06:00:00+05:30,22.2775,70.05,58.824999999999996
2025-10-30 07:00:00+05:30,23.5875,72.4,60.275
2025-10-30 08:00:00+05:30,24.0775,76.875,63.075
2025-10-30 09:00:00+05:30,23.39,79.8,61.725
2025-10-30 10:00:00+05:30,23.185,79.0,42.949999999999996
2025-10-30 11:00:00+05:30,20.817500000000003,74.025,43.2
2025-10-30 12:00:00+05:30,20.4,59.550000000000004,24.95
2025-10-30 13:00:00+05:30,17.37666666666667,34.3,14.333333333333334
2025-10-30 14:00:00+05:30,19.58,28.325,11.725
2025-10-30 15:00:00+05:30,19.735,23.5,16.675
2025-10-30 16:00:00+05:30,17.145000000000003,35.7,16.6
2025-10-30 17:00:00+05:30,21.37,29.5,20.375
2025-10-30 18:00:00+05:30,21.5525,25.075000000000003,21.0
2025-10-30 19:00:00+05:30,19.1575,30.1,12.75
2025-10-30 20:00:00+05:30,20.136666666666667,32.2,15.066666666666668
2025-10-30 21:00:00+05:30,18.7,31.875,8.175
2025-10-30 22:00:00+05:30,20.066666666666666,28.600000000000005,5.0
2025-10-30 23:00:00+05:30,19.689999999999998,25.633333333333336,23.099999999999998
2025-10-31 00:00:00+05:30,20.86,44.5,21.0
2025-10-31 01:00:00+05:30,21.5025,35.425,11.475
2025-10-31 02:00:00+05:30,20.1075,32.2,7.6499999999999995
2025-10-31 03:00:00+05:30,18.955,28.7,5.7
2025-10-31 04:00:00+05:30,20.6725,36.675000000000004,6.4
2025-10-31 05:00:00+05:30,20.27,33.9,6.900000000000001
2025-10-31 06:00:00+05:30,18.91,29.225,11.85
2025-10-31 07:00:00+05:30,21.2875,26.5,13.0
2025-10-31 08:00:00+05:30,19.325,38.075,16.675
2025-10-31 09:00:00+05:30,19.245,33.9,9.875
2025-10-31 10:00:00+05:30,19.4825,32.425,6.725
2025-10-31 11:00:00+05:30,20.37,31.3,11.375
2025-10-31 12:00:00+05:30,19.69,49.5,11.3
2025-10-31 13:00:00+05:30,18.9325,45.324999999999996,18.349999999999998
2025-10-31 14:00:00+05:30,21.156666666666666,37.3,10.766666666666666
2025-10-31 15:00:00+05:30,19.5425,44.475,9.2
2025-10-31 16:00:00+05:30,18.765,45.3,10.3
2025-10-31 17:00:00+05:30,20.655,48.6,25.025000000000002
2025-10-31 18:00:00+05:30,20.5175,60.775,30.775
2025-10-31 19:00:00+05:30,18.785,48.125,38.650000000000006
2025-10-31 20:00:00+05:30,20.442500000000003,61.95,32.05
2025-10-31 21:00:00+05:30,18.56,68.475,32.775
2025-10-31 22:00:00+05:30,19.3,83.2,38.75
2025-10-31 23:00:00+05:30,19.69,89.46666666666665,34.63333333333333
2025-11-01 00:00:00+05:30,19.69,92.5,33.9
2025-11-01 01:00:00+05:30,18.365000000000002,93.0,17.95
2025-11-01 02:00:00+05:30,22.41,78.6,42.8
2025-11-01 03:00:00+05:30,20.05,75.725,40.525
2025-11-01 05:00:00+05:30,19.73,75.1,25.5
2025-11-01 06:00:00+05:30,20.6225,68.92500000000001,25.2
2025-11-01 07:00:00+05:30,20.905,64.525,29.95
2025-11-01 08:00:00+05:30,20.78,67.9,45.375
2025-11-01 09:00:00+05:30,19.72,65.53333333333333,40.666666666666664
2025-11-01 10:00:00+05:30,19.6025,63.4,35.05
2025-11-01 11:00:00+05:30,19.215,64.775,35.4
2025-11-01 12:00:00+05:30,22.286666666666665,65.8,45.56666666666666
2025-11-01 13:00:00+05:30,23.835,66.7,39.55
2025-11-01 14:00:00+05:30,22.990000000000002,58.425,34.15
2025-11-01 15:00:00+05:30,22.7225,63.5,44.025
2025-11-01 16:00:00+05:30,25.7425,71.07499999999999,38.95
2025-11-01 17:00:00+05:30,32.32,68.6,60.175
2025-11-01 18:00:00+05:30,30.235,64.5,55.45
2025-11-01 19:00:00+05:30,30.810000000000002,64.0,66.2
2025-11-01 20:00:00+05:30,33.42,71.875,71.25
2025-11-01 21:00:00+05:30,31.6875,84.7,56.974999999999994
2025-11-01 22:00:00+05:30,31.09,84.0,35.7
2025-11-01 23:00:00+05:30,32.08,88.7,32.76666666666667
2025-11-02 00:00:00+05:30,31.55,95.0,31.7
2025-11-02 01:00:00+05:30,30.595,86.325,21.225
2025-11-02 02:00:00+05:30,33.4775,79.025,31.349999999999998
2025-11-02 03:00:00+05:30,31.482499999999998,76.0,25.45
2025-11-02 04:00:00+05:30,31.495,80.8,25.5
2025-11-02 05:00:00+05:30,30.6125,82.4,27.975
2025-11-02 06:00:00+05:30,31.4825,76.42500000000001,25.625
2025-11-02 07:00:00+05:30,32.1125,74.6,32.45
2025-11-02 08:00:00+05:30,31.44,95.05,38.150000000000006
2025-11-02 09:00:00+05:30,33.3575,87.725,31.35
2025-11-02 10:00:00+05:30,30.685000000000002,89.9,38.825
2025-11-02 11:00:00+05:30,31.885,88.1,38.4
2025-11-02 12:00:00+05:30,31.330000000000002,88.59999999999998,37.0
2025-11-02 13:00:00+05:30,31.6725,81.025,34.725
2025-11-02 14:00:00+05:30,32.38,89.275,38.075
2025-11-02 15:00:00+05:30,31.762500000000003,80.525,45.85
2025-11-02 16:00:00+05:30,32.0825,89.3,38.75
2025-11-02 17:00:00+05:30,31.052500000000002,91.3,43.075
2025-11-02 18:00:00+05:30,30.263333333333332,92.8,37.1
2025-11-02 19:00:00+05:30,32.413333333333334,93.2,49.06666666666666
2025-11-02 20:00:00+05:30,31.060000000000002,104.775,46.824999999999996
2025-11-02 21:00:00+05:30,30.8975,98.4,60.3
2025-11-02 22:00:00+05:30,32.343333333333334,97.5,52.300000000000004
2025-11-02 23:00:00+05:30,30.080000000000002,100.36666666666667,56.23333333333333
2025-11-03 01:00:00+05:30,34.58,105.8,41.5
2025-11-03 02:00:00+05:30,32.615,98.825,45.650000000000006
2025-11-03 03:00:00+05:30,30.9625,99.0,51.45
2025-11-03 04:00:00+05:30,31.835,102.875,44.95
2025-11-03 05:00:00+05:30,31.785,101.8,41.625
2025-11-03 06:00:00+05:30,32.97,95.4,41.8
2025-11-03 07:00:00+05:30,32.1125,97.4,47.150000000000006
2025-11-03 08:00:00+05:30,31.4625,108.475,42.725
2025-11-03 09:00:00+05:30,32.315,95.325,46.575
2025-11-03 10:00:00+05:30,32.5125,112.475,51.2
2025-11-03 11:00:00+05:30,31.810000000000002,192.89999999999998,76.9
2025-11-03 13:00:00+05:30,29.58,240.3,90.9
2025-11-03 14:00:00+05:30,30.893333333333334,233.5666666666667,87.10000000000001
2025-11-03 15:00:00+05:30,21.293333333333333,227.9333333333333,83.2
2025-11-03 16:00:00+05:30,23.455,225.10000000000002,79.5
2025-11-03 17:00:00+05:30,23.135,231.3,97.075
2025-11-03 18:00:00+05:30,22.455,238.47500000000002,94.475
2025-11-03 19:00:00+05:30,22.295,256.725,108.3
2025-11-03 20:00:00+05:30,22.83,259.0,114.4
2025-11-04 09:00:00+05:30,24.14,103.9,67.1
2025-11-04 10:00:00+05:30,22.509999999999998,166.5,80.7
2025-11-04 11:00:00+05:30,24.145,238.72500000000002,65.975
2025-11-04 13:00:00+05:30,24.51,197.5,55.2
2025-11-04 14:00:00+05:30,21.62,173.0,52.0
2025-11-04 15:00:00+05:30,22.9125,166.07500000000002,52.425
2025-11-04 16:00:00+05:30,22.206666666666667,171.29999999999998,47.166666666666664
2025-11-04 17:00:00+05:30,23.67,168.775,47.375
2025-11-04 18:00:00+05:30,22.72,211.825,93.425
2025-11-04 19:00:00+05:30,23.215,265.325,113.525
2025-11-04 20:00:00+05:30,24.845,304.7,137.75
2025-11-04 21:00:00+05:30,23.0625,325.35,157.2
2025-11-04 22:00:00+05:30,23.28,333.8,159.29999999999998
2025-11-04 23:00:00+05:30,21.823333333333334,323.96666666666664,165.83333333333334
2025-11-05 00:00:00+05:30,23.44,354.4,202.4
2025-11-05 01:00:00+05:30,23.1,316.65,182.67499999999998
2025-11-05 02:00:00+05:30,22.655,278.45,159.85
2025-11-05 03:00:00+05:30,22.12,225.325,140.0
2025-11-05 04:00:00+05:30,22.666666666666668,178.30000000000004,121.16666666666667
2025-11-05 05:00:00+05:30,21.8375,154.1,121.55
2025-11-05 06:00:00+05:30,23.1025,157.14999999999998,132.175
2025-11-05 07:00:00+05:30,20.81,98.075,127.625
2025-11-05 08:00:00+05:30,23.049999999999997,81.325,123.775
2025-11-05 09:00:00+05:30,21.48,67.95,114.025
2025-11-05 10:00:00+05:30,23.415,68.2,116.9
2025-11-05 11:00:00+05:30,23.4,263.0,111.5
2025-11-05 12:00:00+05:30,23.413333333333338,204.4333333333333,91.03333333333335
2025-11-05 13:00:00+05:30,22.115000000000002,171.95,66.4
2025-11-05 14:00:00+05:30,22.1475,146.85000000000002,47.525
2025-11-05 15:00:00+05:30,23.47,118.3,42.075
2025-11-05 16:00:00+05:30,23.435000000000002,120.1,33.625
2025-11-05 17:00:00+05:30,23.315,132.04999999999998,29.825
2025-11-05 18:00:00+05:30,22.236666666666668,175.5,43.86666666666667
2025-11-05 19:00:00+05:30,21.5475,220.275,63.925
2025-11-05 20:00:00+05:30,22.05,234.5,93.59999999999998
2025-11-05 21:00:00+05:30,22.2325,260.8,109.92500000000001
2025-11-05 22:00:00+05:30,23.8125,258.26666666666665,108.8
2025-11-05 23:00:00+05:30,23.676666666666666,243.29999999999998,105.7
2025-11-06 00:00:00+05:30,23.57,227.6,107.9
2025-11-06 01:00:00+05:30,23.615000000000002,200.95,99.325
2025-11-06 02:00:00+05:30,22.677500000000002,171.64999999999998,107.5
2025-11-06 03:00:00+05:30,22.2875,151.725,99.95
2025-11-06 04:00:00+05:30,22.505,122.125,101.45
2025-11-06 05:00:00+05:30,22.31,100.725,93.325
2025-11-06 06:00:00+05:30,23.98,77.45,93.0
2025-11-06 07:00:00+05:30,23.84,122.375,90.14999999999999
2025-11-06 08:00:00+05:30,24.432499999999997,171.525,100.725
2025-11-06 09:00:00+05:30,25.173333333333332,164.5,92.76666666666667
2025-11-06 10:00:00+05:30,22.445,161.725,95.325
2025-11-06 11:00:00+05:30,22.9225,158.1,37.05
2025-11-06 12:00:00+05:30,23.555,86.0,0.0
2025-11-06 13:00:00+05:30,12.6475,49.575,23.875
2025-11-06 14:00:00+05:30,24.8875,142.4,78.675
2025-11-06 15:00:00+05:30,22.67,96.56666666666666,74.46666666666667
2025-11-06 17:00:00+05:30,23.2,130.8,67.7
2025-11-06 18:00:00+05:30,24.62,140.96666666666667,69.06666666666666
2025-11-06 19:00:00+05:30,22.9275,152.675,72.65
2025-11-06 20:00:00+05:30,23.83,145.025,77.2
2025-11-06 21:00:00+05:30,24.025,138.425,80.2
2025-11-06 22:00:00+05:30,22.87,146.675,81.0
2025-11-06 23:00:00+05:30,24.136666666666667,146.46666666666667,80.16666666666667
2025-11-07 00:00:00+05:30,23.15,133.9,93.8
2025-11-07 01:00:00+05:30,22.822499999999998,131.975,94.375
2025-11-07 02:00:00+05:30,23.93,136.95,93.92500000000001
2025-11-07 03:00:00+05:30,23.6475,152.375,90.425
2025-11-07 04:00:00+05:30,22.97,135.325,88.19999999999999
2025-11-07 05:00:00+05:30,24.0,125.075,86.7
2025-11-07 06:00:00+05:30,23.5125,134.5,101.075
2025-11-07 07:00:00+05:30,23.8525,140.325,103.82499999999999
2025-11-07 08:00:00+05:30,23.872500000000002,143.0,108.0
2025-11-07 09:00:00+05:30,24.05,144.26666666666668,110.43333333333332
2025-11-07 10:00:00+05:30,23.423333333333332,111.63333333333333,100.2
2025-11-07 11:00:00+05:30,23.95,95.85,98.575
2025-11-07 12:00:00+05:30,23.285,87.475,93.67500000000001
2025-11-07 13:00:00+05:30,23.0175,103.45,69.725
2025-11-07 14:00:00+05:30,24.945,171.0,60.575
2025-11-07 15:00:00+05:30,23.689999999999998,263.7,65.7
2025-11-07 16:00:00+05:30,23.692500000000003,236.85,58.8
2025-11-07 17:00:00+05:30,23.892500000000002,141.275,58.675
2025-11-07 18:00:00+05:30,23.79,160.7,66.375
2025-11-07 19:00:00+05:30,22.9025,198.225,76.2
2025-11-07 20:00:00+05:30,22.884999999999998,213.0,95.875
2025-11-07 21:00:00+05:30,24.8125,196.15,90.875
2025-11-07 22:00:00+05:30,24.515,190.3,105.55
2025-11-07 23:00:00+05:30,37.153333333333336,200.96666666666667,107.63333333333333
2025-11-08 00:00:00+05:30,40.28,209.2,108.4
2025-11-08 01:00:00+05:30,39.015,206.92499999999998,111.7
2025-11-08 02:00:00+05:30,37.806666666666665,200.76666666666665,120.93333333333332
2025-11-08 03:00:00+05:30,38.31333333333333,189.125,144.1
2025-11-08 04:00:00+05:30,38.3475,184.0,144.60000000000002
2025-11-08 05:00:00+05:30,37.7825,172.3,149.075
2025-11-08 06:00:00+05:30,39.035,178.475,169.475
2025-11-08 07:00:00+05:30,38.245000000000005,178.8,173.75
2025-11-08 08:00:00+05:30,37.9825,179.4,169.325
2025-11-08 09:00:00+05:30,38.989999999999995,171.1,112.1
2025-11-08 10:00:00+05:30,36.04,172.25,98.45
2025-11-08 11:00:00+05:30,31.42,167.13333333333333,95.33333333333333
2025-11-08 12:00:00+05:30,33.275,154.4,89.25
2025-11-08 13:00:00+05:30,33.1375,126.525,66.425
2025-11-08 14:00:00+05:30,32.425,111.925,47.275000000000006
2025-11-08 15:00:00+05:30,32.035,103.35,36.875
2025-11-08 16:00:00+05:30,29.2975,94.425,38.2
2025-11-08 17:00:00+05:30,29.253333333333334,93.39999999999999,34.266666666666666
2025-11-08 18:00:00+05:30,28.4825,98.725,39.199999999999996
2025-11-08 19:00:00+05:30,28.115000000000002,105.05,48.425
2025-11-08 20:00:00+05:30,28.81,112.76666666666667,68.5
2025-11-08 21:00:00+05:30,29.6475,116.3,79.375
2025-11-08 22:00:00+05:30,27.36,118.2,84.4
2025-11-08 23:00:00+05:30,36.76,140.20000000000002,87.76666666666667
2025-11-09 00:00:00+05:30,40.17,135.8,79.6
2025-11-09 01:00:00+05:30,41.3675,137.4,82.325
2025-11-09 02:00:00+05:30,39.85333333333333,150.96666666666667,89.39999999999999
2025-11-09 03:00:00+05:30,41.235,163.625,94.975
2025-11-09 04:00:00+05:30,41.3925,157.475,101.775
2025-11-09 05:00:00+05:30,41.3375,152.14999999999998,96.125
2025-11-09 06:00:00+05:30,41.19,149.475,96.825
2025-11-09 07:00:00+05:30,40.28,147.4,99.125
2025-11-09 08:00:00+05:30,40.9025,144.65,101.725
2025-11-09 09:00:00+05:30,40.51,148.125,99.925
2025-11-09 10:00:00+05:30,40.3375,150.625,93.35
2025-11-09 11:00:00+05:30,40.575,147.97500000000002,92.375
2025-11-09 12:00:00+05:30,41.61,142.4,78.83333333333333
2025-11-09 13:00:00+05:30,40.64,136.85,63.93333333333334
2025-11-09 14:00:00+05:30,40.475,130.375,55.525
2025-11-09 15:00:00+05:30,42.370000000000005,124.075,45.275
2025-11-09 16:00:00+05:30,41.375,122.3,44.8
2025-11-09 17:00:00+05:30,41.4775,124.775,44.85
2025-11-09 18:00:00+05:30,41.46,128.6,45.8
2025-11-09 19:00:00+05:30,41.39,135.925,62.15
2025-11-09 20:00:00+05:30,41.1875,142.275,78.9
2025-11-09 21:00:00+05:30,40.6025,147.2,81.875
2025-11-09 22:00:00+05:30,40.5925,146.175,77.35
2025-11-09 23:00:00+05:30,40.82,152.8,75.9
2025-11-10 00:00:00+05:30,43.64,142.3,63.5
2025-11-10 01:00:00+05:30,40.8925,138.3,61.225
2025-11-10 02:00:00+05:30,39.739999999999995,138.725,56.725
2025-11-10 03:00:00+05:30,38.975,156.75,60.7
2025-11-10 04:00:00+05:30,39.3575,152.15,68.975
2025-11-10 05:00:00+05:30,38.08,155.75,75.275
2025-11-10 06:00:00+05:30,38.595,139.675,78.1
2025-11-10 07:00:00+05:30,39.61,161.75,83.82499999999999
2025-11-10 08:00:00+05:30,39.5675,177.625,94.225
2025-11-10 09:00:00+05:30,41.2025,174.8,100.80000000000001
2025-11-10 10:00:00+05:30,40.17,184.65,100.47500000000001
2025-11-10 19:00:00+05:30,34.86,271.55,90.3
2025-11-10 20:00:00+05:30,33.946666666666665,310.3,131.46666666666667
2025-11-10 21:00:00+05:30,33.196666666666665,359.26666666666665,169.13333333333333
2025-11-10 22:00:00+05:30,34.16,381.025,179.775
2025-11-10 23:00:00+05:30,33.666666666666664,375.9666666666667,136.63333333333335
2025-11-11 00:00:00+05:30,34.08,298.8,132.3
2025-11-11 01:00:00+05:30,34.03,285.2,118.25
2025-11-11 02:00:00+05:30,33.0875,251.275,107.7
2025-11-11 03:00:00+05:30,33.695,226.9,99.3
2025-11-11 04:00:00+05:30,34.56,214.20000000000002,90.2
2025-11-11 05:00:00+05:30,34.6225,196.25,88.75
2025-11-11 06:00:00+05:30,34.3525,195.55,86.45
2025-11-11 07:00:00+05:30,35.59,197.1,92.175
2025-11-11 08:00:00+05:30,34.35666666666666,222.0666666666667,100.66666666666667
2025-11-11 09:00:00+05:30,33.565,235.475,108.05
2025-11-11 10:00:00+05:30,34.3275,222.35,108.8
2025-11-11 11:00:00+05:30,34.8475,210.0,102.775
2025-11-11 12:00:00+05:30,36.22666666666667,184.13333333333335,78.03333333333333
2025-11-11 13:00:00+05:30,34.7425,81.65,63.65
2025-11-11 14:00:00+05:30,34.02666666666667,195.0,52.13333333333333
2025-11-11 15:00:00+05:30,33.74333333333333,189.76666666666665,44.29999999999999
2025-11-11 16:00:00+05:30,34.3925,182.375,46.675
2025-11-11 17:00:00+05:30,34.192499999999995,187.175,51.150000000000006
2025-11-11 18:00:00+05:30,34.0,208.775,61.35
2025-11-11 19:00:00+05:30,33.57,226.36666666666667,68.46666666666667
2025-11-11 20:00:00+05:30,34.427499999999995,236.15,73.2
2025-11-11 21:00:00+05:30,33.593333333333334,231.9333333333333,76.23333333333333
2025-11-11 22:00:00+05:30,34.3675,219.95,80.575
2025-11-11 23:00:00+05:30,34.78666666666667,215.13333333333333,83.03333333333333
2025-11-12 00:00:00+05:30,33.43,221.6,99.4
2025-11-12 01:00:00+05:30,35.51,216.675,96.75
2025-11-12 02:00:00+05:30,34.6225,208.8,92.825
2025-11-12 03:00:00+05:30,33.765,204.875,94.4
2025-11-12 04:00:00+05:30,33.07333333333333,205.26666666666665,98.16666666666667
2025-11-12 05:00:00+05:30,34.7375,208.025,101.05
2025-11-12 06:00:00+05:30,34.9125,216.85,105.9
2025-11-12 07:00:00+05:30,34.1775,218.15,110.85
2025-11-12 08:00:00+05:30,34.665,222.725,118.35
2025-11-12 09:00:00+05:30,34.1475,224.325,131.175
2025-11-12 10:00:00+05:30,34.485,218.825,128.275
2025-11-12 11:00:00+05:30,26.0775,152.875,80.7
2025-11-12 12:00:00+05:30,17.887500000000003,38.4,27.200000000000003
2025-11-12 13:00:00+05:30,34.4725,149.925,63.15
2025-11-12 14:00:00+05:30,34.41,108.9,52.475
2025-11-12 15:00:00+05:30,34.8025,119.15,51.35
2025-11-12 16:00:00+05:30,34.5175,133.825,51.625
2025-11-12 17:00:00+05:30,33.21333333333333,146.13333333333333,59.96666666666667
2025-11-12 18:00:00+05:30,34.5675,192.65,78.125
2025-11-12 19:00:00+05:30,33.88666666666666,233.83333333333334,95.0
2025-11-12 20:00:00+05:30,35.44,233.7,119.3
2025-11-12 21:00:00+05:30,34.275,232.35,117.15
2025-11-12 22:00:00+05:30,33.9825,226.2,115.225
2025-11-12 23:00:00+05:30,20.713333333333335,146.13333333333333,75.46666666666667
2025-11-13 00:00:00+05:30,34.85,208.5,120.1
2025-11-13 01:00:00+05:30,34.47,206.0,118.525
2025-11-13 02:00:00+05:30,33.14,195.9,109.4
2025-11-13 03:00:00+05:30,33.6925,185.65,97.67500000000001
2025-11-13 04:00:00+05:30,34.2,181.65,101.525
2025-11-13 05:00:00+05:30,34.775000000000006,167.65,106.05000000000001
2025-11-13 06:00:00+05:30,33.7575,148.9,111.325
2025-11-13 07:00:00+05:30,35.28,158.10000000000002,108.35
2025-11-13 08:00:00+05:30,35.325,172.775,121.125
2025-11-13 09:00:00+05:30,34.4525,176.975,122.225
2025-11-13 10:00:00+05:30,35.00333333333333,174.0,113.46666666666665
2025-11-13 11:00:00+05:30,34.0025,164.0,108.675
2025-11-13 12:00:00+05:30,34.3175,150.8,97.4
2025-11-13 13:00:00+05:30,32.1125,127.92500000000001,84.75
2025-11-13 14:00:00+05:30,33.1825,112.125,62.5
2025-11-13 15:00:00+05:30,33.443333333333335,111.36666666666667,53.26666666666667
2025-11-13 16:00:00+05:30,32.0675,106.525,61.85
2025-11-13 17:00:00+05:30,34.0175,124.52499999999999,62.65
2025-11-13 18:00:00+05:30,31.6775,130.0,76.8
2025-11-13 19:00:00+05:30,33.6125,137.3,83.1
2025-11-13 20:00:00+05:30,32.692499999999995,128.95,96.525
2025-11-13 21:00:00+05:30,31.707500000000003,129.75,109.0
2025-11-13 22:00:00+05:30,31.795,167.5,130.75
2025-11-13 23:00:00+05:30,32.693333333333335,171.5666666666667,135.76666666666668
2025-11-14 01:00:00+05:30,34.27,156.3,110.6
2025-11-14 02:00:00+05:30,31.84,155.3,113.27499999999999
2025-11-14 03:00:00+05:30,33.56,154.325,120.94999999999999
2025-11-14 04:00:00+05:30,33.3475,156.125,117.625
2025-11-14 05:00:00+05:30,32.95,152.225,103.925
2025-11-14 06:00:00+05:30,31.799999999999997,154.7,101.875
2025-11-14 07:00:00+05:30,31.939999999999998,152.77499999999998,97.875
2025-11-14 08:00:00+05:30,32.6525,152.125,110.825
2025-11-14 09:00:00+05:30,33.465,156.77499999999998,122.475
2025-11-14 10:00:00+05:30,32.28,164.75,120.9
2025-11-14 11:00:00+05:30,33.55,217.575,109.425
2025-11-14 12:00:00+05:30,32.457499999999996,337.5,86.55
2025-11-14 13:00:00+05:30,33.16,217.45,72.75
2025-11-14 14:00:00+05:30,33.8275,192.7,56.275
2025-11-14 15:00:00+05:30,31.0575,182.425,46.25
2025-11-14 16:00:00+05:30,33.876666666666665,180.1,45.43333333333334
2025-11-14 17:00:00+05:30,33.2275,181.825,55.25
2025-11-14 18:00:00+05:30,32.02333333333333,198.9666666666667,65.33333333333333
2025-11-14 19:00:00+05:30,31.7675,226.1,84.875
2025-11-14 20:00:00+05:30,33.3475,254.3,115.5
2025-11-14 21:00:00+05:30,31.7825,248.8,130.0
2025-11-14 22:00:00+05:30,33.019999999999996,232.3,135.375
2025-11-14 23:00:00+05:30,31.996666666666666,211.6,126.13333333333333
2025-11-15 00:00:00+05:30,31.24,194.0,99.2
2025-11-15 01:00:00+05:30,32.68,182.875,100.775
2025-11-15 02:00:00+05:30,33.292500000000004,168.975,102.975
2025-11-15 03:00:00+05:30,33.394999999999996,162.825,97.475
2025-11-15 04:00:00+05:30,30.8975,166.42499999999998,93.325
2025-11-15 05:00:00+05:30,32.65,157.075,88.975
2025-11-15 06:00:00+05:30,34.082499999999996,150.925,90.825
2025-11-15 07:00:00+05:30,33.6525,136.925,97.275
2025-11-15 08:00:00+05:30,32.2075,145.07500000000002,112.525
2025-11-15 09:00:00+05:30,31.589999999999996,145.125,111.7
2025-11-15 10:00:00+05:30,32.3275,136.9,110.475
2025-11-15 11:00:00+05:30,33.9475,126.75,101.19999999999999
2025-11-15 12:00:00+05:30,32.3575,123.525,80.325
2025-11-15 13:00:00+05:30,33.125,114.35000000000001,72.07499999999999
2025-11-15 14:00:00+05:30,33.265,103.175,65.25
2025-11-15 15:00:00+05:30,33.235,95.5,53.1
2025-11-15 16:00:00+05:30,32.42,90.2,66.5
2025-11-15 17:00:00+05:30,31.24666666666667,92.60000000000001,62.1
2025-11-15 18:00:00+05:30,33.370000000000005,100.075,81.875
2025-11-15 19:00:00+05:30,31.637500000000003,105.47500000000001,99.0
2025-11-15 20:00:00+05:30,31.2575,141.525,124.725
2025-11-15 21:00:00+05:30,33.4375,263.77500000000003,157.75
2025-11-15 22:00:00+05:30,31.6,686.925,192.05
2025-11-15 23:00:00+05:30,33.29666666666667,509.6000000000001,186.26666666666665
2025-11-16 00:00:00+05:30,31.49,485.7,186.6
2025-11-16 01:00:00+05:30,31.025,462.175,188.825
2025-11-16 02:00:00+05:30,31.3325,385.15,189.15
2025-11-16 03:00:00+05:30,32.1275,311.175,180.275
2025-11-16 04:00:00+05:30,32.6675,274.575,180.0
2025-11-16 05:00:00+05:30,32.0075,214.1,144.25
2025-11-16 06:00:00+05:30,33.510000000000005,204.95,129.375
2025-11-16 07:00:00+05:30,31.73,203.35000000000002,115.325
2025-11-16 08:00:00+05:30,32.055,225.85,126.775
2025-11-16 09:00:00+05:30,32.805,215.075,122.375
2025-11-16 10:00:00+05:30,31.8775,204.675,111.925
2025-11-16 11:00:00+05:30,32.67,185.9,646.5333333333333
2025-11-16 12:00:00+05:30,32.225,154.47500000000002,1353.45
2025-11-16 13:00:00+05:30,33.542500000000004,109.85,693.175
2025-11-16 14:00:00+05:30,33.25333333333333,76.56666666666666,357.43333333333334
2025-11-16 15:00:00+05:30,32.8425,64.325,203.0
2025-11-16 16:00:00+05:30,32.09,72.9,88.0
2025-11-16 17:00:00+05:30,34.2275,123.125,82.525
2025-11-16 18:00:00+05:30,33.07,178.95,64.725
2025-11-16 19:00:00+05:30,32.449999999999996,220.69999999999996,63.86666666666667
2025-11-16 20:00:00+05:30,31.255,244.025,82.025
2025-11-16 21:00:00+05:30,30.98,274.875,95.25
2025-11-16 22:00:00+05:30,31.9,287.375,103.6
2025-11-16 23:00:00+05:30,31.926666666666666,254.03333333333333,94.3
2025-11-17 00:00:00+05:30,36.86,236.6,87.4
2025-11-17 01:00:00+05:30,38.3275,209.125,84.55000000000001
2025-11-17 02:00:00+05:30,38.07,213.60000000000002,75.275
2025-11-17 03:00:00+05:30,36.87,186.5,73.65
2025-11-17 04:00:00+05:30,38.1025,183.675,79.275
2025-11-17 05:00:00+05:30,36.965,173.125,76.775
2025-11-17 06:00:00+05:30,36.795,182.625,89.15
2025-11-17 07:00:00+05:30,37.9525,192.45000000000002,92.025
2025-11-17 08:00:00+05:30,37.07,205.82500000000002,104.05000000000001
2025-11-17 09:00:00+05:30,37.12,214.29999999999998,105.46666666666665
2025-11-17 10:00:00+05:30,38.275,210.325,59.55
2025-11-17 11:00:00+05:30,37.035,12.025,0.125
2025-11-17 12:00:00+05:30,38.825,97.825,48.075
2025-11-17 13:00:00+05:30,36.32,101.85000000000001,34.575
2025-11-17 14:00:00+05:30,37.785,98.0,28.4
2025-11-17 15:00:00+05:30,38.5975,91.125,24.6
2025-11-17 16:00:00+05:30,39.89,94.05,25.1
2025-11-17 17:00:00+05:30,37.485,115.1,42.5
2025-11-17 18:00:00+05:30,38.19,176.225,47.075
2025-11-17 19:00:00+05:30,39.1425,239.325,73.2
2025-11-17 20:00:00+05:30,37.39333333333334,311.6333333333333,80.8
2025-11-17 21:00:00+05:30,38.07,327.9,102.625
2025-11-17 22:00:00+05:30,38.0625,326.85,110.97500000000001
2025-11-17 23:00:00+05:30,38.556666666666665,311.3,144.7
2025-11-18 00:00:00+05:30,35.62,303.3,147.6
2025-11-18 01:00:00+05:30,38.697500000000005,263.3,132.775
2025-11-18 02:00:00+05:30,39.722500000000004,188.975,90.825
2025-11-18 03:00:00+05:30,37.39,144.95,67.875
2025-11-18 04:00:00+05:30,34.847500000000004,127.875,65.55
2025-11-18 05:00:00+05:30,37.865,115.275,81.35000000000001
2025-11-18 06:00:00+05:30,38.78666666666667,92.56666666666666,69.23333333333333
2025-11-18 07:00:00+05:30,38.9025,101.85,79.4
2025-11-18 08:00:00+05:30,36.303333333333335,112.5,80.2
2025-11-18 09:00:00+05:30,38.527499999999996,117.55,105.75
2025-11-18 10:00:00+05:30,36.96,127.5,92.2
2025-11-18 17:00:00+05:30,36.17,76.93333333333334,46.23333333333333
2025-11-18 18:00:00+05:30,38.625,106.375,30.025
2025-11-18 19:00:00+05:30,37.894999999999996,120.19999999999999,76.275
2025-11-18 20:00:00+05:30,37.575,134.4,95.8
2025-11-18 21:00:00+05:30,36.5,139.275,109.175
2025-11-18 22:00:00+05:30,37.37,136.33333333333334,104.73333333333333
2025-11-18 23:00:00+05:30,37.54,170.5666666666667,142.7
2025-11-19 00:00:00+05:30,36.39,177.2,122.6
2025-11-19 01:00:00+05:30,38.6025,177.025,127.55
2025-11-19 02:00:00+05:30,36.9725,182.175,112.275
2025-11-19 03:00:00+05:30,38.510000000000005,159.375,140.025
2025-11-19 04:00:00+05:30,38.945,138.275,114.875
2025-11-19 05:00:00+05:30,38.3575,133.95,103.775
2025-11-19 06:00:00+05:30,38.1175,139.25,89.625
2025-11-19 07:00:00+05:30,37.225,131.575,98.025
2025-11-19 08:00:00+05:30,38.2775,143.475,106.825
2025-11-19 09:00:00+05:30,37.88999999999999,142.9,114.59999999999998
2025-11-19 10:00:00+05:30,37.33,147.7,100.1
2025-11-19 11:00:00+05:30,38.2825,147.7,0.0
2025-11-19 12:00:00+05:30,36.935,44.35,0.0
2025-11-19 13:00:00+05:30,37.432500000000005,133.8,70.625
2025-11-19 14:00:00+05:30,36.79666666666666,142.5,64.3
2025-11-19 15:00:00+05:30,35.480000000000004,161.65,57.65
2025-11-19 16:00:00+05:30,36.185,160.0,57.0
2025-11-19 17:00:00+05:30,26.575,152.6,52.5
2025-11-19 18:00:00+05:30,23.705,185.7,54.1
2025-11-19 19:00:00+05:30,27.115000000000002,218.6,72.25
2025-11-19 20:00:00+05:30,25.7125,244.0,92.675
2025-11-19 21:00:00+05:30,24.89,254.7,111.8
2025-11-19 22:00:00+05:30,29.2025,235.225,104.7
2025-11-19 23:00:00+05:30,28.963333333333335,225.16666666666666,115.26666666666667
2025-11-20 00:00:00+05:30,29.28,211.1,105.7
2025-11-20 01:00:00+05:30,27.4225,217.975,128.85
2025-11-20 02:00:00+05:30,27.4675,209.0,117.525
2025-11-20 03:00:00+05:30,26.74,198.1,114.10000000000001
2025-11-20 04:00:00+05:30,27.677500000000002,176.85,100.95
2025-11-20 05:00:00+05:30,28.96,174.45,129.95
2025-11-20 06:00:00+05:30,28.465,161.925,113.30000000000001
2025-11-20 07:00:00+05:30,26.585,155.2,127.80000000000001
2025-11-20 08:00:00+05:30,26.4675,196.575,119.475
2025-11-20 09:00:00+05:30,25.72,214.1,114.2
2025-11-20 10:00:00+05:30,28.42,207.0,102.66666666666667
2025-11-20 11:00:00+05:30,26.12,201.5,95.725
2025-11-20 12:00:00+05:30,25.57,181.125,73.69999999999999
2025-11-20 13:00:00+05:30,25.866666666666664,171.30000000000004,71.5
2025-11-20 14:00:00+05:30,27.38,160.3,61.4
2025-11-20 15:00:00+05:30,28.189999999999998,210.4,64.6
2025-11-20 16:00:00+05:30,25.5,176.5666666666667,57.333333333333336
2025-11-20 17:00:00+05:30,26.286666666666665,222.6,75.9
2025-11-20 18:00:00+05:30,27.0325,265.525,69.075
2025-11-20 19:00:00+05:30,25.933333333333334,318.7,83.73333333333333
2025-11-20 20:00:00+05:30,28.08,342.3999999999999,94.8
2025-11-20 21:00:00+05:30,28.540000000000003,355.7,125.7
2025-11-20 22:00:00+05:30,27.572499999999998,360.925,115.125
2025-11-20 23:00:00+05:30,26.14,360.0,143.53333333333333
2025-11-21 00:00:00+05:30,25.95,325.2,123.9
2025-11-21 01:00:00+05:30,27.13,313.025,143.225
2025-11-21 02:00:00+05:30,26.735,273.95,125.60000000000001
2025-11-21 03:00:00+05:30,28.545,241.35,120.22500000000001
2025-11-21 04:00:00+05:30,27.103333333333335,177.0,105.3
2025-11-21 05:00:00+05:30,26.884999999999998,165.6,93.925
2025-11-21 06:00:00+05:30,27.1175,152.45,81.6
2025-11-21 07:00:00+05:30,27.04,148.7,99.175
2025-11-21 08:00:00+05:30,27.79,153.175,100.1
2025-11-21 09:00:00+05:30,25.63,151.57500000000002,100.55
2025-11-21 10:00:00+05:30,27.2825,152.625,98.875
2025-11-21 11:00:00+05:30,26.955,152.0,88.95
2025-11-21 12:00:00+05:30,27.22,141.70000000000002,78.89999999999999
2025-11-21 13:00:00+05:30,26.555,112.6,81.15
2025-11-21 14:00:00+05:30,26.315,104.15,59.725
2025-11-21 15:00:00+05:30,25.740000000000002,93.7,62.349999999999994
2025-11-21 16:00:00+05:30,27.343333333333334,98.06666666666666,63.333333333333336
2025-11-21 17:00:00+05:30,26.3325,101.55000000000001,69.4
2025-11-21 18:00:00+05:30,27.503333333333334,108.39999999999999,65.06666666666668
2025-11-21 19:00:00+05:30,28.2,132.575,87.275
2025-11-21 20:00:00+05:30,26.725,138.35,97.875
2025-11-21 21:00:00+05:30,27.71,141.7,123.19999999999999
2025-11-21 22:00:00+05:30,26.6275,157.89999999999998,116.675
2025-11-21 23:00:00+05:30,28.97,162.8,130.9
2025-11-22 00:00:00+05:30,27.45,160.0,109.8
2025-11-22 01:00:00+05:30,28.115000000000002,143.47500000000002,104.325
2025-11-22 02:00:00+05:30,26.0125,141.025,93.225
2025-11-22 03:00:00+05:30,28.002499999999998,136.5,97.65
2025-11-22 04:00:00+05:30,28.0375,129.0,79.625
2025-11-22 05:00:00+05:30,25.94,117.675,77.0
2025-11-22 06:00:00+05:30,28.4425,120.275,76.55
2025-11-22 07:00:00+05:30,25.633333333333336,122.06666666666666,77.66666666666667
2025-11-22 08:00:00+05:30,26.9825,130.0,102.4
2025-11-22 09:00:00+05:30,27.3825,131.875,144.7
2025-11-22 10:00:00+05:30,25.8275,167.9,123.55
2025-11-22 11:00:00+05:30,27.1675,200.9,106.52499999999999
2025-11-22 12:00:00+05:30,28.799999999999997,268.75,82.5
2025-11-22 13:00:00+05:30,27.064999999999998,192.075,68.675
2025-11-22 14:00:00+05:30,26.1975,177.875,60.6
2025-11-22 15:00:00+05:30,24.9525,165.85,56.975
2025-11-22 16:00:00+05:30,26.31,167.6,49.5
2025-11-22 17:00:00+05:30,25.9925,178.375,67.35
2025-11-22 18:00:00+05:30,26.965,216.675,57.625
2025-11-22 19:00:00+05:30,27.4025,254.4,90.575
2025-11-22 20:00:00+05:30,26.4425,316.47499999999997,101.625
2025-11-22 21:00:00+05:30,27.8025,365.65,124.625
2025-11-22 22:00:00+05:30,27.705,369.6,138.925
2025-11-22 23:00:00+05:30,28.33666666666667,356.3666666666666,170.23333333333335
2025-11-23 00:00:00+05:30,24.81,264.3,150.3
2025-11-23 01:00:00+05:30,26.9525,261.975,131.35
2025-11-23 02:00:00+05:30,27.692500000000003,247.1,120.2
2025-11-23 03:00:00+05:30,26.8825,220.375,110.1
2025-11-23 04:00:00+05:30,25.7875,204.67499999999998,81.575
2025-11-23 05:00:00+05:30,25.3675,183.5,87.27499999999999
2025-11-23 06:00:00+05:30,26.65,175.25,93.375
2025-11-23 07:00:00+05:30,25.185,175.925,108.025
2025-11-23 08:00:00+05:30,26.3525,183.45,98.55
2025-11-23 09:00:00+05:30,27.145,186.725,105.975
2025-11-23 10:00:00+05:30,26.475,183.85000000000002,94.4
2025-11-23 11:00:00+05:30,27.32,172.725,84.075
2025-11-23 12:00:00+05:30,25.41,164.1,70.625
2025-11-23 13:00:00+05:30,28.093333333333334,159.73333333333332,65.6
2025-11-23 14:00:00+05:30,25.2425,154.025,62.15
2025-11-23 15:00:00+05:30,25.1475,150.375,63.075
2025-11-23 18:00:00+05:30,24.84,201.6,58.3
2025-11-23 19:00:00+05:30,25.645,211.3,89.55
2025-11-23 20:00:00+05:30,27.064999999999998,245.725,104.89999999999999
2025-11-23 21:00:00+05:30,25.015,265.70000000000005,136.075
2025-11-23 22:00:00+05:30,24.5825,261.7,140.54999999999998
2025-11-23 23:00:00+05:30,27.186666666666667,249.46666666666667,136.03333333333333
2025-11-24 00:00:00+05:30,26.56,211.7,117.5
2025-11-24 01:00:00+05:30,27.6025,206.375,114.575
2025-11-24 02:00:00+05:30,26.85,187.425,102.55000000000001
2025-11-24 03:00:00+05:30,27.1725,173.95,99.85
2025-11-24 04:00:00+05:30,27.175,163.25,90.5
2025-11-24 05:00:00+05:30,26.695,150.9,96.625
2025-11-24 06:00:00+05:30,27.6275,141.475,88.625
2025-11-24 07:00:00+05:30,25.429999999999996,136.03333333333333,94.86666666666667
2025-11-24 08:00:00+05:30,25.9075,165.925,118.325
2025-11-24 09:00:00+05:30,25.354999999999997,192.025,127.775
2025-11-24 10:00:00+05:30,27.1175,208.125,115.375
2025-11-24 11:00:00+05:30,28.1825,209.875,132.39999999999998
2025-11-24 12:00:00+05:30,26.993333333333336,202.23333333333335,112.76666666666667
2025-11-24 13:00:00+05:30,26.116666666666664,188.76666666666665,98.8
2025-11-24 14:00:00+05:30,25.2225,137.15,71.7
2025-11-24 15:00:00+05:30,27.475,132.225,57.25
2025-11-24 16:00:00+05:30,26.745,132.65,44.800000000000004
2025-11-24 17:00:00+05:30,27.255,133.625,62.2
2025-11-24 18:00:00+05:30,27.0475,159.22500000000002,68.92500000000001
2025-11-24 19:00:00+05:30,27.505,165.72500000000002,96.89999999999999
2025-11-24 20:00:00+05:30,25.365,181.875,116.175
2025-11-24 21:00:00+05:30,27.0225,203.175,161.55
2025-11-24 22:00:00+05:30,28.793333333333333,238.9,156.2
2025-11-24 23:00:00+05:30,27.416666666666668,261.93333333333334,169.96666666666667
2025-11-25 00:00:00+05:30,24.07,253.4,167.2
2025-11-25 01:00:00+05:30,26.57,249.775,175.575
2025-11-25 02:00:00+05:30,27.355,235.575,140.7
2025-11-25 03:00:00+05:30,26.715,221.7,137.575
2025-11-25 04:00:00+05:30,26.607499999999998,208.9,125.3
2025-11-25 05:00:00+05:30,25.93,187.15,118.375
2025-11-25 06:00:00+05:30,28.1225,163.925,91.575
2025-11-25 07:00:00+05:30,26.935,166.575,83.25
2025-11-25 08:00:00+05:30,25.2375,180.225,98.45
2025-11-25 09:00:00+05:30,27.86,174.0,111.94999999999999
2025-11-25 10:00:00+05:30,25.697499999999998,174.175,102.175
2025-11-25 11:00:00+05:30,26.19,170.79999999999998,110.53333333333335
2025-11-25 12:00:00+05:30,28.18,170.6,98.5
2025-11-25 13:00:00+05:30,28.1475,154.875,89.0
2025-11-25 14:00:00+05:30,27.5475,145.125,66.775
2025-11-25 15:00:00+05:30,26.61,123.275,53.575
2025-11-25 16:00:00+05:30,27.7625,129.775,48.95
2025-11-25 17:00:00+05:30,32.9375,288.625,47.975
2025-11-25 18:00:00+05:30,33.333333333333336,458.1333333333334,61.56666666666666
2025-11-25 19:00:00+05:30,33.2475,344.05,83.5
2025-11-25 20:00:00+05:30,32.78,346.15,90.725
2025-11-25 21:00:00+05:30,33.805,340.34999999999997,120.0
2025-11-25 22:00:00+05:30,33.075,306.0,112.575
2025-11-25 23:00:00+05:30,33.64666666666667,267.8666666666667,104.53333333333335
2025-11-26 00:00:00+05:30,33.36,214.0,88.6
2025-11-26 01:00:00+05:30,32.545,206.75,88.42500000000001
2025-11-26 02:00:00+05:30,32.86,191.225,75.2
2025-11-26 03:00:00+05:30,34.72,169.775,75.625
2025-11-26 04:00:00+05:30,32.4225,146.175,67.05
2025-11-26 05:00:00+05:30,33.4825,146.925,77.5
2025-11-26 06:00:00+05:30,33.26,145.45,79.05
2025-11-26 07:00:00+05:30,31.7725,146.475,72.45
2025-11-26 08:00:00+05:30,33.16,161.975,83.55
2025-11-26 09:00:00+05:30,33.4275,186.75,158.4
2025-11-26 10:00:00+05:30,33.35,205.4,129.63333333333333
2025-11-26 11:00:00+05:30,31.9075,212.575,121.7
2025-11-26 12:00:00+05:30,35.0425,195.875,90.7
2025-11-26 13:00:00+05:30,32.765,143.2,64.7
2025-11-26 14:00:00+05:30,32.175,132.0,52.8
2025-11-26 15:00:00+05:30,34.1,119.2,47.29999999999999
2025-11-26 16:00:00+05:30,33.4725,118.475,39.275
2025-11-26 17:00:00+05:30,33.29,144.96666666666667,48.70000000000001
2025-11-26 18:00:00+05:30,33.68666666666667,186.86666666666667,55.833333333333336
2025-11-26 19:00:00+05:30,34.8175,218.475,89.325
2025-11-26 20:00:00+05:30,32.33,235.65,94.325
2025-11-26 21:00:00+05:30,32.3525,249.575,121.575
2025-11-26 22:00:00+05:30,31.0,265.15,142.25
2025-11-26 23:00:00+05:30,32.050000000000004,273.53333333333336,162.86666666666667
2025-11-27 00:00:00+05:30,33.09,249.0,171.2
2025-11-27 01:00:00+05:30,35.385,237.65,160.625
2025-11-27 02:00:00+05:30,33.2,199.225,118.6
2025-11-27 03:00:00+05:30,33.7375,159.2,107.75
2025-11-27 04:00:00+05:30,33.692499999999995,131.775,91.42500000000001
2025-11-27 05:00:00+05:30,32.9675,105.775,89.975
2025-11-27 06:00:00+05:30,32.44,101.13333333333333,61.79999999999999
2025-11-27 07:00:00+05:30,27.355,118.15,70.825
2025-11-27 08:00:00+05:30,22.895,153.35,75.525
2025-11-27 09:00:00+05:30,21.936666666666667,165.33333333333334,95.83333333333333
2025-11-27 10:00:00+05:30,23.0525,159.975,77.9
2025-11-27 11:00:00+05:30,21.665,154.7,18.975
2025-11-27 12:00:00+05:30,21.355,10.925,0.0
2025-11-27 13:00:00+05:30,22.8075,74.25,37.699999999999996
2025-11-27 14:00:00+05:30,19.799999999999997,87.125,29.0
2025-11-27 15:00:00+05:30,18.633333333333336,90.76666666666667,34.9
2025-11-27 16:00:00+05:30,17.0,91.9,35.6
2025-11-27 17:00:00+05:30,18.825,157.95,55.95
2025-11-27 18:00:00+05:30,20.216666666666665,199.79999999999998,59.9
2025-11-27 19:00:00+05:30,18.8825,249.925,74.125
2025-11-27 20:00:00+05:30,16.4675,317.65,106.82499999999999
2025-11-27 21:00:00+05:30,19.0675,338.625,154.625
2025-11-27 22:00:00+05:30,19.0275,307.025,165.525
2025-11-27 23:00:00+05:30,20.07,287.59999999999997,166.83333333333334
2025-11-28 00:00:00+05:30,16.94,240.9,139.9
2025-11-28 01:00:00+05:30,17.4375,189.75,105.52499999999999
2025-11-28 02:00:00+05:30,18.625,151.10000000000002,97.55
2025-11-28 03:00:00+05:30,18.66,98.7,79.1
2025-11-28 04:00:00+05:30,18.11,91.35,67.6
2025-11-28 05:00:00+05:30,19.57,89.3,76.3
2025-11-28 06:00:00+05:30,19.295,90.07499999999999,63.925
2025-11-28 07:00:00+05:30,19.119999999999997,74.8,63.4
2025-11-28 08:00:00+05:30,18.9625,141.79999999999998,75.625
2025-11-28 09:00:00+05:30,19.7125,145.17499999999998,78.2
2025-11-28 10:00:00+05:30,20.3425,135.17499999999998,62.575
2025-11-28 11:00:00+05:30,17.725,124.525,60.375
2025-11-28 12:00:00+05:30,17.82,108.06666666666666,48.6
2025-11-28 13:00:00+05:30,18.215,101.275,39.75
2025-11-28 14:00:00+05:30,23.009999999999998,93.75,29.825
2025-11-28 15:00:00+05:30,29.8,88.05,27.6
2025-11-28 16:00:00+05:30,29.41,82.45,34.9
2025-11-28 17:00:00+05:30,28.473333333333333,82.76666666666667,32.9
2025-11-28 18:00:00+05:30,30.634999999999998,103.0,38.1
2025-11-28 19:00:00+05:30,29.995,124.475,51.275
2025-11-28 20:00:00+05:30,30.47,148.075,69.35
2025-11-28 21:00:00+05:30,31.2225,128.925,82.89999999999999
2025-11-28 22:00:00+05:30,30.13,123.225,70.7
2025-11-28 23:00:00+05:30,30.243333333333336,134.73333333333335,70.89999999999999
2025-11-29 00:00:00+05:30,29.92,148.6,60.8
2025-11-29 01:00:00+05:30,30.4775,143.175,51.625
2025-11-29 02:00:00+05:30,30.3125,134.70000000000002,52.9
2025-11-29 03:00:00+05:30,28.915,128.4,55.275
2025-11-29 04:00:00+05:30,30.275,130.475,49.050000000000004
2025-11-29 05:00:00+05:30,30.536666666666665,120.5,45.20000000000001
2025-11-29 06:00:00+05:30,29.846666666666664,116.59999999999998,34.8
2025-11-29 07:00:00+05:30,28.835,116.125,52.7
2025-11-29 08:00:00+05:30,30.8675,116.775,54.475
2025-11-29 09:00:00+05:30,29.55,127.3,54.76666666666667
2025-11-29 10:00:00+05:30,30.755000000000003,122.3,52.15
2025-11-29 11:00:00+05:30,29.925,113.05,50.675
2025-11-29 12:00:00+05:30,31.85,112.025,38.1
2025-11-29 13:00:00+05:30,29.1425,108.2,35.5
2025-11-29 14:00:00+05:30,31.135,77.675,24.675
2025-11-29 15:00:00+05:30,30.0325,60.875,26.925
2025-11-29 16:00:00+05:30,29.55333333333333,55.4,23.399999999999995
2025-11-29 17:00:00+05:30,29.85,52.65,27.1
2025-11-29 18:00:00+05:30,32.1875,57.75,32.7
2025-11-29 19:00:00+05:30,31.375,68.0,50.15
2025-11-29 20:00:00+05:30,28.119999999999997,73.45,69.95
2025-11-29 21:00:00+05:30,30.002499999999998,81.6,69.775
2025-11-29 22:00:00+05:30,29.976666666666663,86.09999999999998,67.7
2025-11-29 23:00:00+05:30,31.816666666666666,112.43333333333334,65.73333333333333
2025-11-30 00:00:00+05:30,29.44,130.5,72.8
2025-11-30 01:00:00+05:30,30.97,125.82499999999999,62.175
2025-11-30 02:00:00+05:30,30.0075,125.025,68.425
2025-11-30 03:00:00+05:30,30.064999999999998,112.55000000000001,64.725
2025-11-30 04:00:00+05:30,29.177500000000002,113.125,60.725
2025-11-30 05:00:00+05:30,31.355,121.1,53.975
2025-11-30 06:00:00+05:30,29.4875,122.375,62.4
2025-11-30 07:00:00+05:30,30.362499999999997,113.65,66.775
2025-11-30 08:00:00+05:30,29.415,104.175,66.25
2025-11-30 09:00:00+05:30,31.805,103.7,73.4
2025-11-30 10:00:00+05:30,30.3325,110.175,60.525
2025-11-30 11:00:00+05:30,30.795,102.7,52.3
2025-11-30 12:00:00+05:30,29.41,99.825,43.75
2025-11-30 13:00:00+05:30,30.8925,102.75,39.15
2025-11-30 14:00:00+05:30,30.159999999999997,99.7,34.5
2025-11-30 15:00:00+05:30,28.775,76.525,37.050000000000004
2025-11-30 16:00:00+05:30,30.875,80.6,31.875
2025-11-30 17:00:00+05:30,30.2075,101.4,27.325000000000003
2025-11-30 18:00:00+05:30,31.2225,140.625,33.825
2025-11-30 19:00:00+05:30,30.16,176.2,48.6
2025-11-30 20:00:00+05:30,30.475,183.7,58.2
2025-11-30 21:00:00+05:30,30.0025,163.7,64.95
2025-11-30 22:00:00+05:30,29.939999999999998,176.9,63.425
2025-11-30 23:00:00+05:30,30.400000000000002,177.70000000000002,74.83333333333333
2025-12-01 00:00:00+05:30,33.05,180.3,86.4
2025-12-01 01:00:00+05:30,29.1925,158.9,81.3
2025-12-01 02:00:00+05:30,29.1825,145.6,73.325
2025-12-01 03:00:00+05:30,30.69,136.425,59.725
2025-12-01 04:00:00+05:30,29.4025,130.95,57.575
2025-12-01 05:00:00+05:30,29.7175,126.2,65.175
2025-12-01 06:00:00+05:30,30.205,117.075,64.95
2025-12-01 07:00:00+05:30,30.325,118.5,65.85000000000001
2025-12-01 08:00:00+05:30,31.332500000000003,129.525,76.425
2025-12-01 09:00:00+05:30,30.495,143.075,79.75
2025-12-01 11:00:00+05:30,27.41,139.3,81.1
2025-12-01 12:00:00+05:30,29.5775,135.25,71.14999999999999
2025-12-01 13:00:00+05:30,32.03666666666667,111.06666666666666,48.9
2025-12-01 14:00:00+05:30,30.87,97.7,41.46666666666667
2025-12-01 15:00:00+05:30,31.0675,86.65,34.85
2025-12-01 16:00:00+05:30,30.3,85.725,26.725
2025-12-01 17:00:00+05:30,30.5775,93.975,29.825
2025-12-01 18:00:00+05:30,30.287499999999998,101.6,48.75
2025-12-01 19:00:00+05:30,30.0575,111.07499999999999,72.9
2025-12-01 20:00:00+05:30,30.5,119.95,86.425
2025-12-01 21:00:00+05:30,31.1725,145.65,118.55
2025-12-01 22:00:00+05:30,31.744999999999997,176.925,116.875
2025-12-01 23:00:00+05:30,30.296666666666667,172.36666666666667,104.23333333333333
2025-12-02 00:00:00+05:30,30.31,165.2,84.8
2025-12-02 01:00:00+05:30,30.18,161.0,71.55
2025-12-02 02:00:00+05:30,32.0175,145.9,73.85
2025-12-02 03:00:00+05:30,31.3975,135.4,63.125
2025-12-02 04:00:00+05:30,31.0225,126.075,49.925000000000004
2025-12-02 05:00:00+05:30,29.9075,121.875,54.875
2025-12-02 06:00:00+05:30,30.23,131.9,63.1
2025-12-02 07:00:00+05:30,29.675,130.05,68.875
2025-12-02 08:00:00+05:30,29.700000000000003,136.775,73.95
2025-12-02 09:00:00+05:30,29.9825,150.625,99.775
2025-12-02 10:00:00+05:30,30.8925,157.5,83.975
2025-12-02 11:00:00+05:30,32.614999999999995,156.625,92.0
2025-12-02 12:00:00+05:30,30.54,150.9,79.525
2025-12-02 13:00:00+05:30,31.755000000000003,148.825,75.4
2025-12-02 14:00:00+05:30,30.575,148.075,52.475
2025-12-02 15:00:00+05:30,30.38,142.63333333333333,58.833333333333336
2025-12-02 16:00:00+05:30,32.02,130.6,41.03333333333334
2025-12-02 17:00:00+05:30,32.92,216.725,65.4
2025-12-02 18:00:00+05:30,30.195,220.625,80.5
2025-12-02 19:00:00+05:30,32.14666666666667,229.46666666666667,104.0
2025-12-02 20:00:00+05:30,32.185,232.65,99.95
2025-12-02 21:00:00+05:30,29.4075,241.17499999999998,115.275
2025-12-02 22:00:00+05:30,31.21666666666667,253.83333333333334,140.1
2025-12-02 23:00:00+05:30,31.209999999999997,249.19999999999996,147.36666666666667
2025-12-03 00:00:00+05:30,31.77,231.3,115.2
2025-12-03 01:00:00+05:30,31.810000000000002,222.0,120.675
2025-12-03 02:00:00+05:30,30.94,189.1,105.0
2025-12-03 03:00:00+05:30,29.49,158.55,102.95
2025-12-03 04:00:00+05:30,32.20333333333333,128.36666666666667,102.7
2025-12-03 05:00:00+05:30,30.935000000000002,127.9,101.75
2025-12-03 06:00:00+05:30,30.185,112.875,99.05000000000001
2025-12-03 07:00:00+05:30,29.064999999999998,121.55,95.95
2025-12-03 08:00:00+05:30,31.065,142.625,101.375
2025-12-03 09:00:00+05:30,31.1025,151.875,110.7
2025-12-03 10:00:00+05:30,31.87,145.1,95.3
2025-12-03 11:00:00+05:30,30.55,135.275,88.325
2025-12-03 12:00:00+05:30,31.676666666666666,133.33333333333334,80.83333333333333
2025-12-03 13:00:00+05:30,29.22,131.73333333333332,71.7
2025-12-03 14:00:00+05:30,29.67,120.93333333333334,61.70000000000001
2025-12-03 15:00:00+05:30,31.14,116.13333333333333,70.43333333333332
2025-12-03 16:00:00+05:30,30.3075,242.47500000000002,54.724999999999994
2025-12-03 17:00:00+05:30,29.576666666666668,260.0,78.16666666666667
2025-12-03 18:00:00+05:30,29.853333333333335,236.0666666666667,83.23333333333333
2025-12-03 19:00:00+05:30,30.55666666666667,241.63333333333335,104.8
2025-12-03 20:00:00+05:30,31.4225,258.55,118.89999999999999
2025-12-03 21:00:00+05:30,29.55333333333333,242.0,126.40000000000002
2025-12-03 22:00:00+05:30,31.7275,208.75,120.8
2025-12-03 23:00:00+05:30,35.083333333333336,211.26666666666665,110.73333333333333
2025-12-04 00:00:00+05:30,33.67,192.4,82.0
2025-12-04 01:00:00+05:30,34.435,180.4,76.975
2025-12-04 02:00:00+05:30,34.735,161.14999999999998,73.85
2025-12-04 03:00:00+05:30,35.035000000000004,155.14999999999998,64.6
2025-12-04 04:00:00+05:30,34.42,156.625,60.875
2025-12-04 05:00:00+05:30,35.1425,156.725,69.025
2025-12-04 06:00:00+05:30,34.9375,152.17499999999998,71.775
2025-12-04 07:00:00+05:30,35.10666666666666,154.33333333333334,72.06666666666666
2025-12-04 08:00:00+05:30,33.03333333333333,164.03333333333333,91.33333333333333
2025-12-04 09:00:00+05:30,35.7125,181.125,91.47500000000001
2025-12-04 10:00:00+05:30,35.885000000000005,189.6,91.95
2025-12-04 14:00:00+05:30,19.81,130.7,52.4
2025-12-04 15:00:00+05:30,20.6825,126.3,52.5
2025-12-04 16:00:00+05:30,20.6275,118.82499999999999,50.425
2025-12-04 17:00:00+05:30,20.552500000000002,123.15,49.45
2025-12-04 18:00:00+05:30,18.666666666666668,132.03333333333333,47.73333333333333
2025-12-04 19:00:00+05:30,20.165,139.8,75.725
2025-12-04 20:00:00+05:30,19.2025,151.425,90.65
2025-12-04 21:00:00+05:30,31.766666666666666,172.4333333333333,81.0
2025-12-04 22:00:00+05:30,30.6575,168.55,74.925
2025-12-04 23:00:00+05:30,31.05666666666667,164.20000000000002,86.10000000000001
2025-12-05 00:00:00+05:30,28.08,163.9,75.3
2025-12-05 01:00:00+05:30,30.73,159.0,62.05
2025-12-05 02:00:00+05:30,31.71,152.25,73.8
2025-12-05 03:00:00+05:30,30.35,147.225,68.825
2025-12-05 04:00:00+05:30,30.7175,147.475,60.55
2025-12-05 05:00:00+05:30,30.39,149.45,62.65
2025-12-05 06:00:00+05:30,31.150000000000002,146.06666666666666,62.96666666666667
2025-12-05 07:00:00+05:30,31.2575,151.975,67.35
2025-12-05 08:00:00+05:30,30.6975,159.925,71.3
2025-12-05 09:00:00+05:30,29.575,168.95,98.8
2025-12-05 10:00:00+05:30,29.805,180.525,96.425
2025-12-05 11:00:00+05:30,32.93,172.55,103.775
2025-12-05 12:00:00+05:30,31.3525,151.175,79.2
2025-12-05 13:00:00+05:30,30.7575,139.75,64.05
2025-12-05 14:00:00+05:30,31.61,120.075,52.4
2025-12-05 15:00:00+05:30,31.14,110.6,44.6
2025-12-05 16:00:00+05:30,25.435000000000002,130.6,32.2
2025-12-05 17:00:00+05:30,25.08,245.075,43.1
2025-12-05 18:00:00+05:30,24.7925,277.625,50.525
2025-12-05 19:00:00+05:30,25.19,249.525,70.225
2025-12-05 20:00:00+05:30,23.7875,195.975,77.0
2025-12-05 21:00:00+05:30,26.7175,201.925,79.94999999999999
2025-12-05 22:00:00+05:30,28.1075,201.475,73.375
2025-12-05 23:00:00+05:30,32.21,194.66666666666666,94.3
2025-12-06 00:00:00+05:30,27.52,185.0,84.5
2025-12-06 01:00:00+05:30,31.375,165.95,69.625
2025-12-06 02:00:00+05:30,31.0375,154.875,80.35
2025-12-06 03:00:00+05:30,30.85,139.2,80.14999999999999
2025-12-06 04:00:00+05:30,31.987499999999997,123.72500000000001,66.17500000000001
2025-12-06 05:00:00+05:30,31.692500000000003,121.975,83.3
2025-12-06 06:00:00+05:30,29.8375,118.25,73.025
2025-12-06 07:00:00+05:30,30.1125,118.95,81.3
2025-12-06 08:00:00+05:30,30.33,117.5,87.26666666666667
2025-12-06 09:00:00+05:30,29.8125,124.6,99.175
2025-12-06 10:00:00+05:30,30.27,124.125,97.325
2025-12-06 11:00:00+05:30,31.91,126.375,115.0
2025-12-06 12:00:00+05:30,32.035,121.825,101.6
2025-12-06 13:00:00+05:30,32.402499999999996,116.125,99.1
2025-12-06 14:00:00+05:30,31.787499999999998,110.15,79.675
2025-12-06 15:00:00+05:30,30.917499999999997,104.10000000000001,76.9
2025-12-06 16:00:00+05:30,29.8175,101.85,67.8
2025-12-06 17:00:00+05:30,31.115000000000002,101.19999999999999,69.575
2025-12-06 18:00:00+05:30,30.884999999999998,103.8,77.95
2025-12-06 19:00:00+05:30,30.5475,109.675,104.625
2025-12-06 20:00:00+05:30,31.22,184.225,132.15
2025-12-06 21:00:00+05:30,31.25333333333333,472.4666666666667,215.1
2025-12-06 22:00:00+05:30,33.685,526.925,207.525
2025-12-06 23:00:00+05:30,39.943333333333335,344.0333333333333,211.0
2025-12-07 00:00:00+05:30,38.26,179.5,139.4
2025-12-07 01:00:00+05:30,37.4925,160.95,108.9
2025-12-07 02:00:00+05:30,38.8825,158.5,92.25
2025-12-07 03:00:00+05:30,38.4075,157.89999999999998,93.575
2025-12-07 04:00:00+05:30,38.725,146.85,73.425
2025-12-07 05:00:00+05:30,38.675,138.9,80.625
2025-12-07 06:00:00+05:30,38.0525,133.8,78.075
2025-12-07 07:00:00+05:30,38.605000000000004,149.3,83.60000000000001
2025-12-07 08:00:00+05:30,37.9,164.05,76.02499999999999
2025-12-07 09:00:00+05:30,38.0525,195.55,78.625
2025-12-07 10:00:00+05:30,38.6375,212.55,86.1
2025-12-07 11:00:00+05:30,37.5475,226.60000000000002,101.55000000000001
2025-12-07 12:00:00+05:30,37.574999999999996,227.25,116.025
2025-12-07 13:00:00+05:30,39.483333333333334,210.16666666666666,107.23333333333333
2025-12-07 14:00:00+05:30,38.89,202.8,104.6
2025-12-07 15:00:00+05:30,38.510000000000005,171.4,95.5
2025-12-07 16:00:00+05:30,37.65,163.2,80.975
2025-12-07 17:00:00+05:30,37.505,187.4,77.375
2025-12-07 18:00:00+05:30,38.7975,197.60000000000002,78.425
2025-12-07 19:00:00+05:30,37.205,216.15,105.4
2025-12-07 20:00:00+05:30,38.11,251.9,170.925
2025-12-07 21:00:00+05:30,38.035,282.25,201.975
2025-12-07 22:00:00+05:30,38.005,263.8,174.9
2025-12-07 23:00:00+05:30,38.36,224.4,167.53333333333333
2025-12-08 00:00:00+05:30,38.14,185.6,140.5
2025-12-08 01:00:00+05:30,38.04,184.7,109.625
2025-12-08 02:00:00+05:30,38.5125,162.05,118.80000000000001
2025-12-08 03:00:00+05:30,38.095,143.95,97.8
2025-12-08 04:00:00+05:30,37.74,137.55,86.0
2025-12-08 05:00:00+05:30,38.235,135.4,79.89999999999999
2025-12-08 06:00:00+05:30,37.8425,138.0,79.025
2025-12-08 07:00:00+05:30,38.58,135.05,86.0
2025-12-08 08:00:00+05:30,20.72,140.0,84.5
2025-12-08 09:00:00+05:30,19.915,154.25,98.8
2025-12-08 10:00:00+05:30,20.8075,165.9,24.9
2025-12-08 11:00:00+05:30,20.44333333333333,164.46666666666667,0.0
2025-12-08 12:00:00+05:30,19.2975,84.9,48.75
2025-12-08 13:00:00+05:30,21.8125,184.9,108.625
2025-12-08 14:00:00+05:30,21.12,188.33333333333334,100.83333333333333
2025-12-08 15:00:00+05:30,21.59,180.5,98.6
2025-12-08 16:00:00+05:30,22.07,176.75,90.19999999999999
2025-12-08 17:00:00+05:30,20.475,192.14999999999998,83.85
2025-12-08 18:00:00+05:30,20.97,215.65,93.775
2025-12-08 19:00:00+05:30,21.883333333333336,231.9,106.89999999999999
2025-12-08 20:00:00+05:30,21.083333333333332,234.33333333333334,127.60000000000001
2025-12-08 21:00:00+05:30,20.603333333333335,232.46666666666667,130.4
2025-12-08 22:00:00+05:30,21.145,215.575,117.375
2025-12-08 23:00:00+05:30,22.246666666666666,194.0666666666667,113.66666666666667
2025-12-09 00:00:00+05:30,21.07,170.8,96.7
2025-12-09 01:00:00+05:30,20.56,165.07500000000002,94.975
2025-12-09 02:00:00+05:30,21.14,147.5,85.60000000000001
2025-12-09 03:00:00+05:30,21.6625,134.375,78.85
2025-12-09 04:00:00+05:30,21.316666666666666,116.43333333333334,68.76666666666667
2025-12-09 05:00:00+05:30,21.08,110.55000000000001,66.95
2025-12-09 06:00:00+05:30,20.595,116.175,73.75
2025-12-09 07:00:00+05:30,21.810000000000002,119.07499999999999,73.725
2025-12-09 08:00:00+05:30,21.2875,122.225,75.525
2025-12-09 09:00:00+05:30,20.0225,157.65,85.975
2025-12-09 10:00:00+05:30,21.695,161.54999999999998,89.075
2025-12-09 11:00:00+05:30,23.112499999999997,161.1,79.225
2025-12-09 12:00:00+05:30,24.0825,165.025,70.8
2025-12-09 13:00:00+05:30,24.58666666666667,160.26666666666668,60.166666666666664
2025-12-09 14:00:00+05:30,24.2575,151.5,54.025
2025-12-09 15:00:00+05:30,25.156666666666666,144.70000000000002,46.46666666666667
2025-12-09 16:00:00+05:30,22.98,120.6,40.1
2025-12-09 17:00:00+05:30,25.135,186.475,44.425
2025-12-09 18:00:00+05:30,25.773333333333337,277.03333333333336,51.1
2025-12-09 19:00:00+05:30,24.380000000000003,287.625,63.375
2025-12-09 20:00:00+05:30,23.766666666666666,229.53333333333333,75.46666666666667
2025-12-09 21:00:00+05:30,23.896666666666665,217.19999999999996,71.2
2025-12-09 22:00:00+05:30,26.4625,211.67499999999998,75.675
2025-12-09 23:00:00+05:30,31.406666666666666,200.79999999999998,72.53333333333333
2025-12-10 01:00:00+05:30,31.130000000000003,186.8,68.925
2025-12-10 02:00:00+05:30,32.9975,189.025,67.125
2025-12-10 03:00:00+05:30,31.25,186.675,65.2
2025-12-10 04:00:00+05:30,32.37,183.725,65.4
2025-12-10 05:00:00+05:30,30.4375,183.125,65.975
2025-12-10 06:00:00+05:30,32.125,182.025,60.45
2025-12-10 07:00:00+05:30,31.325000000000003,175.325,66.625
2025-12-10 08:00:00+05:30,32.25,175.0,82.92500000000001
2025-12-10 09:00:00+05:30,31.689999999999998,175.6,89.5
2025-12-10 10:00:00+05:30,31.7475,179.55,85.375
2025-12-10 11:00:00+05:30,32.6225,190.85,85.94999999999999
2025-12-10 12:00:00+05:30,31.08,201.15,93.8
2025-12-10 13:00:00+05:30,31.71,203.7,89.35
2025-12-10 14:00:00+05:30,32.3025,187.77499999999998,80.425
2025-12-10 15:00:00+05:30,32.0,169.725,69.45
2025-12-10 16:00:00+05:30,31.2575,162.55,56.1
2025-12-10 17:00:00+05:30,32.056666666666665,160.8,53.93333333333334
2025-12-10 18:00:00+05:30,31.174999999999997,165.975,64.1
2025-12-10 19:00:00+05:30,31.74,173.45,78.975
2025-12-10 20:00:00+05:30,31.965,185.65,107.35000000000001
2025-12-10 21:00:00+05:30,31.66,205.5,135.325
2025-12-10 22:00:00+05:30,31.705000000000002,222.425,143.3
2025-12-10 23:00:00+05:30,31.58,219.63333333333333,148.23333333333335
2025-12-11 00:00:00+05:30,31.92,207.4,134.6
2025-12-11 01:00:00+05:30,31.575000000000003,194.9,130.175
2025-12-11 02:00:00+05:30,30.427500000000002,176.875,115.64999999999999
2025-12-11 03:00:00+05:30,32.0775,167.775,100.475
2025-12-11 04:00:00+05:30,32.315,157.7,93.05
2025-12-11 05:00:00+05:30,31.766666666666666,163.0,93.63333333333333
2025-12-11 06:00:00+05:30,31.47,168.525,97.2
2025-12-11 07:00:00+05:30,30.325,175.3,105.72500000000001
2025-12-11 10:00:00+05:30,31.612499999999997,195.6,146.35
2025-12-11 11:00:00+05:30,31.0475,194.7,147.75
2025-12-11 12:00:00+05:30,31.576666666666668,196.9,151.83333333333334
2025-12-11 13:00:00+05:30,33.01666666666667,201.5,149.73333333333332
2025-12-11 14:00:00+05:30,30.439999999999998,190.36666666666667,137.63333333333333
2025-12-11 15:00:00+05:30,31.792499999999997,181.4,123.15
2025-12-11 16:00:00+05:30,31.27333333333333,176.5666666666667,109.7
2025-12-11 17:00:00+05:30,31.346666666666668,165.6,98.03333333333335
2025-12-11 18:00:00+05:30,30.555,166.7,97.85
2025-12-11 19:00:00+05:30,32.24,169.06666666666666,105.96666666666665
2025-12-11 20:00:00+05:30,32.75666666666667,174.29999999999998,117.46666666666665
2025-12-11 21:00:00+05:30,30.86,190.5333333333333,141.66666666666666
2025-12-11 22:00:00+05:30,31.24,209.325,151.1
2025-12-11 23:00:00+05:30,30.57,215.7,162.9
2025-12-12 00:00:00+05:30,31.36,201.2,154.2
2025-12-12 01:00:00+05:30,29.7975,197.325,149.475
2025-12-12 02:00:00+05:30,30.84,186.425,133.725
2025-12-12 03:00:00+05:30,31.8775,166.55,114.8
2025-12-12 04:00:00+05:30,31.505,155.25,107.475
2025-12-12 05:00:00+05:30,32.1725,164.52499999999998,118.175
2025-12-12 06:00:00+05:30,31.006666666666664,168.86666666666667,118.2
2025-12-12 07:00:00+05:30,32.7025,159.8,116.25
2025-12-12 08:00:00+05:30,32.0275,159.575,134.8
2025-12-12 09:00:00+05:30,32.7675,142.4,149.75
2025-12-12 10:00:00+05:30,32.1,140.15,145.7
2025-12-12 11:00:00+05:30,31.3925,398.375,152.0
2025-12-12 12:00:00+05:30,36.9825,395.9,158.55
2025-12-12 13:00:00+05:30,39.7025,332.79999999999995,135.125
2025-12-12 14:00:00+05:30,39.59,272.96666666666664,130.0
2025-12-12 15:00:00+05:30,39.223333333333336,213.5,119.06666666666668
2025-12-12 16:00:00+05:30,38.21,180.4,96.35
2025-12-12 17:00:00+05:30,37.47,210.3,95.5
2025-12-12 18:00:00+05:30,37.78,214.30000000000004,98.36666666666667
2025-12-12 19:00:00+05:30,38.03,231.625,114.65
2025-12-12 20:00:00+05:30,38.7525,250.625,148.375
2025-12-12 21:00:00+05:30,39.705,258.67499999999995,184.4
2025-12-12 22:00:00+05:30,39.445,262.3,214.4
2025-12-12 23:00:00+05:30,37.54,253.1,239.05
2025-12-13 00:00:00+05:30,37.89,238.1,237.1
2025-12-13 01:00:00+05:30,38.885,205.79999999999998,237.6
2025-12-13 02:00:00+05:30,39.24,166.45,230.875
2025-12-13 03:00:00+05:30,39.4475,143.6,206.29999999999998
2025-12-13 04:00:00+05:30,38.2725,117.0,175.225
2025-12-13 05:00:00+05:30,37.79333333333333,88.2,149.0
2025-12-13 06:00:00+05:30,39.1575,77.975,129.725
2025-12-13 07:00:00+05:30,39.5925,58.575,115.5
2025-12-13 08:00:00+05:30,38.07,77.1,116.6
2025-12-13 09:00:00+05:30,39.6025,271.075,144.6
2025-12-13 10:00:00+05:30,39.82,269.6,152.45
2025-12-13 11:00:00+05:30,38.69,237.625,150.625
2025-12-13 12:00:00+05:30,38.712500000000006,244.5,129.9
2025-12-13 13:00:00+05:30,40.355,312.525,98.17500000000001
2025-12-13 14:00:00+05:30,37.2625,319.325,82.1
2025-12-13 15:00:00+05:30,38.77333333333333,321.3,70.10000000000001
2025-12-13 16:00:00+05:30,38.31666666666667,252.0666666666667,54.300000000000004
2025-12-13 17:00:00+05:30,37.19,188.45,51.4
2025-12-13 18:00:00+05:30,38.303333333333335,197.9333333333333,56.93333333333334
2025-12-13 19:00:00+05:30,36.735,220.35,78.4
2025-12-13 20:00:00+05:30,38.2275,258.275,107.275
2025-12-13 21:00:00+05:30,38.09,290.825,123.275
2025-12-13 22:00:00+05:30,37.3675,309.1,137.9
2025-12-13 23:00:00+05:30,37.03,319.73333333333335,156.63333333333333
2025-12-14 00:00:00+05:30,36.99,308.2,219.5
2025-12-14 01:00:00+05:30,37.87,280.225,217.5
2025-12-14 02:00:00+05:30,37.405,212.5,212.4
2025-12-14 03:00:00+05:30,35.92,152.1,188.5
2025-12-14 04:00:00+05:30,36.0,120.65,147.45000000000002
2025-12-14 05:00:00+05:30,38.355,114.975,123.3
2025-12-14 06:00:00+05:30,37.115,99.1,111.65
2025-12-14 07:00:00+05:30,36.37,93.725,103.6
2025-12-14 08:00:00+05:30,38.1575,135.6,102.44999999999999
2025-12-14 09:00:00+05:30,37.96333333333333,204.03333333333333,114.33333333333333
2025-12-14 10:00:00+05:30,38.3675,203.5,127.45
2025-12-14 11:00:00+05:30,37.3925,200.125,110.05
2025-12-14 12:00:00+05:30,38.4975,173.625,73.05
2025-12-14 13:00:00+05:30,36.7675,153.25,54.4
2025-12-14 14:00:00+05:30,37.615,144.82500000000002,49.7
2025-12-14 15:00:00+05:30,37.975,144.425,42.199999999999996
2025-12-14 16:00:00+05:30,38.432500000000005,141.1,35.425
2025-12-14 17:00:00+05:30,37.769999999999996,146.85,36.400000000000006
2025-12-14 18:00:00+05:30,35.54,155.3,56.8
2025-12-14 19:00:00+05:30,38.215,159.4,68.975
2025-12-14 20:00:00+05:30,29.95,108.525,111.65
2025-12-14 21:00:00+05:30,22.14,529.25,119.73333333333335
2025-12-14 22:00:00+05:30,22.75,498.7,149.66666666666666
2025-12-14 23:00:00+05:30,20.54,242.6,138.7
2025-12-15 00:00:00+05:30,20.59,190.4,100.9
2025-12-15 01:00:00+05:30,21.0775,177.825,94.05000000000001
2025-12-15 02:00:00+05:30,23.293333333333333,162.0666666666667,80.93333333333334
2025-12-15 03:00:00+05:30,23.709999999999997,144.16666666666666,66.33333333333333
2025-12-15 04:00:00+05:30,22.245,138.625,61.25
2025-12-15 05:00:00+05:30,21.275,152.1,62.599999999999994
2025-12-15 06:00:00+05:30,22.49,206.0,73.23333333333333
2025-12-15 07:00:00+05:30,22.793333333333333,196.53333333333333,74.96666666666667
2025-12-15 08:00:00+05:30,22.825,218.15,83.775
2025-12-15 09:00:00+05:30,22.363333333333333,277.4,96.93333333333334
2025-12-15 10:00:00+05:30,20.87333333333333,262.3666666666667,95.5
2025-12-15 11:00:00+05:30,21.576666666666664,217.1,80.86666666666667
2025-12-15 12:00:00+05:30,21.225,187.125,63.85
2025-12-15 13:00:00+05:30,20.78,172.275,52.175
2025-12-15 14:00:00+05:30,20.515,160.35,48.525
2025-12-15 15:00:00+05:30,22.11,153.73333333333332,46.5
2025-12-15 16:00:00+05:30,21.9625,145.375,43.5
2025-12-15 17:00:00+05:30,22.0175,166.65,49.625
2025-12-15 18:00:00+05:30,22.932499999999997,172.925,63.675
2025-12-15 19:00:00+05:30,22.572499999999998,174.64999999999998,70.85
2025-12-15 20:00:00+05:30,21.2075,193.25,81.875
2025-12-15 21:00:00+05:30,21.44,215.225,104.55
2025-12-15 22:00:00+05:30,21.429999999999996,192.9,107.66666666666667
2025-12-15 23:00:00+05:30,21.349999999999998,178.6,101.8
2025-12-16 00:00:00+05:30,20.31,177.8,95.1
2025-12-16 01:00:00+05:30,21.47,159.8,90.375
2025-12-16 02:00:00+05:30,21.39,136.4,85.03333333333335
2025-12-16 03:00:00+05:30,22.57,146.8,79.825
2025-12-16 04:00:00+05:30,21.2125,144.95,69.475
2025-12-16 05:00:00+05:30,21.766666666666666,134.1,64.0
2025-12-16 06:00:00+05:30,22.81,141.3,64.9
2025-12-16 07:00:00+05:30,21.4825,134.225,66.925
2025-12-16 08:00:00+05:30,21.015,163.97500000000002,83.325
2025-12-16 09:00:00+05:30,21.92,199.75,104.775
2025-12-16 10:00:00+05:30,21.1525,200.05,119.95
2025-12-16 11:00:00+05:30,21.98,194.9,119.16666666666667
2025-12-16 12:00:00+05:30,22.8625,186.125,118.525
2025-12-16 13:00:00+05:30,22.3075,191.675,112.85
2025-12-16 14:00:00+05:30,25.116666666666664,199.69999999999996,109.60000000000001
2025-12-16 15:00:00+05:30,32.004999999999995,190.325,112.025
2025-12-16 16:00:00+05:30,31.1375,185.2,121.35
2025-12-16 17:00:00+05:30,31.602500000000003,188.3,118.925
2025-12-16 18:00:00+05:30,30.76,189.075,127.775
2025-12-16 19:00:00+05:30,32.14333333333333,192.36666666666667,137.43333333333334
2025-12-16 20:00:00+05:30,31.453333333333333,194.13333333333335,139.1
2025-12-16 21:00:00+05:30,29.66,233.03333333333333,146.9333333333333
2025-12-16 22:00:00+05:30,31.810000000000002,253.13333333333333,148.46666666666667
2025-12-16 23:00:00+05:30,29.76,184.9,129.3
2025-12-17 00:00:00+05:30,29.3,189.4,110.3
2025-12-17 01:00:00+05:30,30.8925,185.3,113.35
2025-12-17 02:00:00+05:30,31.935,174.825,102.85
2025-12-17 03:00:00+05:30,31.2425,167.275,80.525
2025-12-17 04:00:00+05:30,29.875,164.45,75.575
2025-12-17 05:00:00+05:30,31.845,158.5,79.675
2025-12-17 06:00:00+05:30,30.535,155.7,77.775
2025-12-17 07:00:00+05:30,32.1325,160.175,70.32499999999999
2025-12-17 08:00:00+05:30,32.35,161.56666666666666,80.10000000000001
2025-12-17 09:00:00+05:30,32.0,163.8,85.35
2025-12-17 10:00:00+05:30,29.6975,176.3,92.85
2025-12-17 11:00:00+05:30,30.963333333333335,189.86666666666667,99.83333333333333
2025-12-17 12:00:00+05:30,31.4075,202.475,108.925
2025-12-17 13:00:00+05:30,31.4325,219.925,115.425
2025-12-17 14:00:00+05:30,31.817500000000003,238.525,124.5
2025-12-17 15:00:00+05:30,32.833333333333336,248.5666666666667,135.03333333333333
2025-12-17 16:00:00+05:30,30.95,241.625,132.42499999999998
2025-12-17 17:00:00+05:30,32.303333333333335,236.4333333333333,122.03333333333335
2025-12-17 18:00:00+05:30,32.53,235.5,118.75
2025-12-17 19:00:00+05:30,31.0425,230.15,116.5
2025-12-17 20:00:00+05:30,30.355,221.975,121.6
2025-12-17 21:00:00+05:30,29.22,218.55,124.94999999999999
2025-12-17 22:00:00+05:30,30.725,221.675,132.625
2025-12-17 23:00:00+05:30,28.47666666666667,226.13333333333333,142.16666666666666
2025-12-18 01:00:00+05:30,32.56,205.5,113.5
2025-12-18 02:00:00+05:30,29.0325,198.825,117.675
2025-12-18 03:00:00+05:30,31.4375,187.15,123.55
2025-12-18 04:00:00+05:30,30.1425,185.225,122.325
2025-12-18 05:00:00+05:30,29.7875,184.475,119.425
2025-12-18 06:00:00+05:30,30.6475,181.075,112.5
2025-12-18 07:00:00+05:30,30.807499999999997,177.425,105.0
2025-12-18 08:00:00+05:30,30.34,165.47500000000002,106.1
2025-12-18 09:00:00+05:30,31.505,156.825,106.525
2025-12-18 10:00:00+05:30,32.94,154.45,111.36666666666667
2025-12-18 11:00:00+05:30,32.7525,157.375,106.625
2025-12-18 12:00:00+05:30,31.255000000000003,153.10000000000002,81.05
2025-12-18 13:00:00+05:30,32.129999999999995,154.225,81.425
2025-12-18 14:00:00+05:30,31.55333333333333,163.16666666666666,74.6
2025-12-18 15:00:00+05:30,31.005,163.70000000000002,71.05
2025-12-18 16:00:00+05:30,32.02333333333333,138.6,69.39999999999999
2025-12-18 17:00:00+05:30,30.627499999999998,134.75,70.8
2025-12-18 18:00:00+05:30,31.98,146.525,81.675
2025-12-18 19:00:00+05:30,31.733333333333334,175.5,92.43333333333334
2025-12-18 20:00:00+05:30,30.9675,172.85,100.075
2025-12-18 21:00:00+05:30,28.265,168.075,102.725
2025-12-18 22:00:00+05:30,30.6825,168.14999999999998,99.7
2025-12-18 23:00:00+05:30,31.485,168.95,90.25
2025-12-19 01:00:00+05:30,34.41,164.0,75.7
2025-12-19 02:00:00+05:30,31.4925,167.0,72.7
2025-12-19 03:00:00+05:30,32.1025,167.725,62.3
2025-12-19 04:00:00+05:30,31.4075,162.175,54.775000000000006
2025-12-19 05:00:00+05:30,31.490000000000002,160.57500000000002,52.625
2025-12-19 06:00:00+05:30,31.0975,163.375,42.725
2025-12-19 07:00:00+05:30,31.15,157.925,40.4
2025-12-19 08:00:00+05:30,31.08,155.7,63.1
2025-12-19 09:00:00+05:30,32.19,166.125,105.35000000000001
2025-12-19 10:00:00+05:30,30.095,170.375,129.375
2025-12-19 11:00:00+05:30,31.3025,168.85000000000002,99.375
2025-12-19 12:00:00+05:30,31.2925,169.875,80.42500000000001
2025-12-19 13:00:00+05:30,32.9625,165.3,75.375
2025-12-19 14:00:00+05:30,31.43,160.9,69.6
2025-12-19 15:00:00+05:30,31.765,162.35,77.175
2025-12-19 16:00:00+05:30,32.586666666666666,162.73333333333332,83.2
2025-12-19 17:00:00+05:30,29.985,163.6,91.275
2025-12-19 18:00:00+05:30,30.505,175.2,107.89999999999999
2025-12-19 19:00:00+05:30,31.555,179.35,124.1
2025-12-19 20:00:00+05:30,30.872500000000002,180.275,137.05
2025-12-19 21:00:00+05:30,30.62,186.3,144.75
2025-12-19 22:00:00+05:30,31.604999999999997,186.5,148.025
2025-12-19 23:00:00+05:30,30.605,183.85000000000002,136.45
2025-12-20 00:00:00+05:30,33.35,180.7,118.5
2025-12-20 01:00:00+05:30,31.674999999999997,179.725,109.2
2025-12-20 02:00:00+05:30,30.9925,177.675,94.65
2025-12-20 03:00:00+05:30,29.932499999999997,173.325,98.475
2025-12-20 04:00:00+05:30,31.015,166.025,99.125
2025-12-20 05:00:00+05:30,31.875,160.175,89.44999999999999
2025-12-20 06:00:00+05:30,30.0275,158.95,93.125
2025-12-20 07:00:00+05:30,29.526666666666667,156.36666666666667,94.59999999999998
2025-12-20 08:00:00+05:30,30.965,155.0,97.75
2025-12-20 09:00:00+05:30,31.01,158.8,106.275
2025-12-20 10:00:00+05:30,33.8975,154.8,113.4
2025-12-20 11:00:00+05:30,34.5675,154.125,112.80000000000001
2025-12-20 12:00:00+05:30,34.32333333333333,154.33333333333334,100.86666666666667
2025-12-20 13:00:00+05:30,33.6575,152.275,99.17500000000001
2025-12-20 14:00:00+05:30,33.50333333333333,156.96666666666667,98.36666666666667
2025-12-20 15:00:00+05:30,33.682500000000005,157.7,95.625
2025-12-20 16:00:00+05:30,34.54,153.0,102.96666666666665
2025-12-20 17:00:00+05:30,33.88666666666666,151.93333333333334,96.2
2025-12-20 18:00:00+05:30,33.545,151.45,98.22500000000001
2025-12-20 19:00:00+05:30,32.28,151.3,106.65
2025-12-20 20:00:00+05:30,34.35666666666666,152.53333333333333,129.29999999999998
2025-12-20 21:00:00+05:30,33.705,159.3,130.45
2025-12-20 22:00:00+05:30,33.120000000000005,169.7,133.45
2025-12-20 23:00:00+05:30,33.36333333333334,173.5666666666667,123.03333333333335
2025-12-21 00:00:00+05:30,34.2,160.2,107.3
2025-12-21 01:00:00+05:30,33.332499999999996,159.825,110.875
2025-12-21 02:00:00+05:30,32.519999999999996,165.025,105.55
2025-12-21 03:00:00+05:30,33.295,166.725,92.375
2025-12-21 04:00:00+05:30,33.980000000000004,157.35,88.82499999999999
2025-12-21 05:00:00+05:30,33.88,150.4,86.3
2025-12-21 06:00:00+05:30,32.843333333333334,157.76666666666665,88.23333333333335
2025-12-21 07:00:00+05:30,33.6625,170.725,99.5
2025-12-21 08:00:00+05:30,32.6025,163.75,121.225
2025-12-21 09:00:00+05:30,33.947500000000005,159.85,127.975
2025-12-21 10:00:00+05:30,34.77,153.4,128.36666666666667
2025-12-21 11:00:00+05:30,35.1025,155.65,135.95
2025-12-21 12:00:00+05:30,34.8625,159.89999999999998,145.625
2025-12-21 13:00:00+05:30,34.2775,155.825,140.5
2025-12-21 14:00:00+05:30,33.85333333333333,150.0,135.76666666666668
2025-12-21 15:00:00+05:30,34.6275,143.45,114.025
2025-12-21 16:00:00+05:30,35.2125,152.625,100.125
2025-12-21 17:00:00+05:30,34.475,183.125,94.55
2025-12-21 18:00:00+05:30,34.239999999999995,182.325,104.8
2025-12-21 19:00:00+05:30,33.845,184.14999999999998,116.9
2025-12-21 20:00:00+05:30,34.055,185.2,132.675
2025-12-21 21:00:00+05:30,34.0375,187.975,147.8
2025-12-21 22:00:00+05:30,34.03,187.92499999999998,150.7
2025-12-21 23:00:00+05:30,33.260000000000005,191.65,146.95
2025-12-22 00:00:00+05:30,34.68,194.4,150.5
2025-12-22 01:00:00+05:30,33.2375,190.5,151.475
2025-12-22 02:00:00+05:30,34.595,190.1,143.55
2025-12-22 03:00:00+05:30,33.1825,194.675,132.3
2025-12-22 04:00:00+05:30,34.339999999999996,195.6,131.46666666666667
2025-12-22 05:00:00+05:30,34.346666666666664,194.70000000000002,128.83333333333334
2025-12-22 06:00:00+05:30,31.3,186.9,135.4
2025-12-22 07:00:00+05:30,33.8275,186.425,135.775
2025-12-22 08:00:00+05:30,33.4725,189.45,137.275
2025-12-22 09:00:00+05:30,34.14,123.175,89.4
2025-12-22 10:00:00+05:30,29.7125,120.475,18.2
2025-12-22 11:00:00+05:30,24.5925,281.5,0.0
2025-12-22 12:00:00+05:30,24.862499999999997,52.75,0.0
2025-12-22 13:00:00+05:30,24.6175,110.85,126.57500000000002
2025-12-22 14:00:00+05:30,24.115,145.85000000000002,128.825
2025-12-22 15:00:00+05:30,25.14,146.6,133.125
2025-12-22 16:00:00+05:30,24.67,165.8,90.4
2025-12-22 17:00:00+05:30,25.5325,177.425,87.82499999999999
2025-12-22 18:00:00+05:30,24.115,182.225,81.625
2025-12-22 19:00:00+05:30,24.46,193.825,96.19999999999999
2025-12-22 20:00:00+05:30,25.37,214.85,135.025
2025-12-22 21:00:00+05:30,24.87,222.9,132.26666666666668
2025-12-22 22:00:00+05:30,24.587500000000002,199.925,114.75
2025-12-22 23:00:00+05:30,24.25333333333333,184.66666666666666,111.36666666666667
2025-12-23 00:00:00+05:30,24.27,161.8,88.7
2025-12-23 01:00:00+05:30,24.009999999999998,136.55,87.525
2025-12-23 02:00:00+05:30,25.1575,120.69999999999999,75.175
2025-12-23 03:00:00+05:30,23.715,97.825,72.15
2025-12-23 04:00:00+05:30,23.79,86.5,65.825
2025-12-23 05:00:00+05:30,24.174999999999997,86.875,65.30000000000001
2025-12-23 06:00:00+05:30,23.8925,82.72500000000001,56.849999999999994
2025-12-23 07:00:00+05:30,22.686666666666667,79.23333333333333,52.53333333333333
2025-12-23 08:00:00+05:30,23.557499999999997,93.775,51.625
2025-12-23 09:00:00+05:30,24.676666666666666,105.90000000000002,57.0
2025-12-23 10:00:00+05:30,23.84,104.22500000000001,59.349999999999994
2025-12-23 11:00:00+05:30,23.145,107.775,65.975
2025-12-23 12:00:00+05:30,24.185000000000002,115.925,63.625
2025-12-23 13:00:00+05:30,23.255000000000003,135.7,68.0
2025-12-23 14:00:00+05:30,23.3425,141.025,57.7
2025-12-23 15:00:00+05:30,24.61,143.425,65.275
2025-12-23 16:00:00+05:30,24.180000000000003,138.2,59.6
2025-12-23 17:00:00+05:30,23.93,126.5,77.92500000000001
2025-12-23 18:00:00+05:30,23.8925,121.44999999999999,95.925
2025-12-23 19:00:00+05:30,24.793333333333333,142.70000000000002,108.76666666666667
2025-12-23 20:00:00+05:30,24.463333333333335,159.93333333333334,122.2
2025-12-23 21:00:00+05:30,22.955,170.075,151.35
2025-12-23 22:00:00+05:30,24.38,165.1,143.775
2025-12-23 23:00:00+05:30,23.19333333333333,164.6,141.6
2025-12-24 00:00:00+05:30,22.23,155.7,129.7
2025-12-24 01:00:00+05:30,23.7825,159.65,121.9
2025-12-24 02:00:00+05:30,23.5275,162.675,124.65
2025-12-24 03:00:00+05:30,24.0975,155.525,116.5
2025-12-24 04:00:00+05:30,23.595,153.77499999999998,114.225
2025-12-24 05:00:00+05:30,23.0375,149.4,110.8
2025-12-24 06:00:00+05:30,23.9975,125.44999999999999,98.75
2025-12-24 07:00:00+05:30,23.9825,130.775,99.325
2025-12-24 08:00:00+05:30,25.105,124.725,99.375
2025-12-24 09:00:00+05:30,24.177500000000002,118.75,90.05000000000001
2025-12-24 10:00:00+05:30,23.72,59.575,22.4
2025-12-24 11:00:00+05:30,24.79,40.6,0.0
2025-12-24 12:00:00+05:30,23.19333333333333,10.6,0.0
2025-12-24 14:00:00+05:30,21.92,200.4,81.0
2025-12-24 15:00:00+05:30,21.8625,200.45,83.025
2025-12-24 16:00:00+05:30,21.7575,200.025,88.475
2025-12-24 17:00:00+05:30,22.505,211.45,81.275
2025-12-24 18:00:00+05:30,20.447499999999998,246.325,84.10000000000001
2025-12-24 19:00:00+05:30,22.232499999999998,291.02500000000003,112.1
2025-12-24 20:00:00+05:30,21.865000000000002,304.8,111.44999999999999
2025-12-24 21:00:00+05:30,21.745,334.925,119.67500000000001
2025-12-24 22:00:00+05:30,20.927500000000002,357.925,130.35
2025-12-24 23:00:00+05:30,21.46666666666667,370.2,146.3
2025-12-25 00:00:00+05:30,19.8,354.7,155.5
2025-12-25 01:00:00+05:30,21.04,344.25,155.95
2025-12-25 02:00:00+05:30,21.8575,296.47499999999997,146.6
2025-12-25 03:00:00+05:30,21.285,232.675,120.5
2025-12-25 04:00:00+05:30,21.35,171.225,111.55000000000001
2025-12-25 05:00:00+05:30,22.15,122.92499999999998,91.25
2025-12-25 06:00:00+05:30,21.1925,77.5,70.55
2025-12-25 07:00:00+05:30,21.247500000000002,60.475,64.4
2025-12-25 08:00:00+05:30,21.475,67.6,75.55
2025-12-25 09:00:00+05:30,21.29,71.57499999999999,83.3
2025-12-25 10:00:00+05:30,21.1625,54.824999999999996,108.75
2025-12-25 11:00:00+05:30,22.2425,100.575,94.275
2025-12-25 12:00:00+05:30,22.3,111.675,70.82499999999999
2025-12-25 13:00:00+05:30,22.445,118.1,60.5
2025-12-25 14:00:00+05:30,21.869999999999997,103.82499999999999,41.85
2025-12-25 15:00:00+05:30,21.38,96.92500000000001,44.35
2025-12-25 16:00:00+05:30,21.497500000000002,95.0,34.849999999999994
2025-12-25 17:00:00+05:30,22.355,100.875,30.75
2025-12-25 18:00:00+05:30,22.27,107.275,41.325
2025-12-25 19:00:00+05:30,20.5025,116.475,63.925
2025-12-25 20:00:00+05:30,20.79,118.47500000000001,65.15
2025-12-25 21:00:00+05:30,22.74,96.6,65.025
2025-12-25 22:00:00+05:30,22.165,289.7,52.199999999999996
2025-12-25 23:00:00+05:30,21.963333333333335,483.5,105.89999999999999
2025-12-26 00:00:00+05:30,22.1,347.9,192.2
2025-12-26 01:00:00+05:30,21.52333333333333,325.96666666666664,114.8
2025-12-26 02:00:00+05:30,22.1175,255.55,274.2
2025-12-26 03:00:00+05:30,21.27,225.4,652.225
2025-12-26 04:00:00+05:30,21.845,217.425,1303.8999999999999
2025-12-26 05:00:00+05:30,22.435,210.425,3771.375
2025-12-26 06:00:00+05:30,21.2075,224.975,6522.925
2025-12-26 07:00:00+05:30,28.7825,231.425,302.75
2025-12-26 08:00:00+05:30,31.5175,207.525,771.45
2025-12-26 09:00:00+05:30,31.5675,62.7,0.0
2025-12-26 10:00:00+05:30,31.95,295.2,119.7
2025-12-26 11:00:00+05:30,31.3275,278.775,93.3
2025-12-26 12:00:00+05:30,31.195,277.7,90.125
2025-12-26 13:00:00+05:30,31.255000000000003,279.1,77.05000000000001
2025-12-26 14:00:00+05:30,31.27,272.575,70.97500000000001
2025-12-26 15:00:00+05:30,30.573333333333334,271.3,81.03333333333335
2025-12-26 16:00:00+05:30,31.6175,280.67499999999995,71.69999999999999
2025-12-26 17:00:00+05:30,33.4375,290.17499999999995,74.75
2025-12-26 18:00:00+05:30,31.3225,303.29999999999995,89.05
2025-12-26 19:00:00+05:30,30.7,295.1,91.375
2025-12-26 20:00:00+05:30,31.130000000000003,271.0,81.5
2025-12-26 21:00:00+05:30,30.5675,234.39999999999998,67.25
2025-12-26 22:00:00+05:30,30.81,215.725,58.675
2025-12-26 23:00:00+05:30,30.683333333333334,213.9,65.5
2025-12-27 00:00:00+05:30,31.97,212.3,58.7
2025-12-27 01:00:00+05:30,30.69666666666667,209.30000000000004,30.53333333333333
2025-12-27 03:00:00+05:30,29.69,210.5,62.3
2025-12-27 04:00:00+05:30,31.717499999999998,200.475,50.0
2025-12-27 05:00:00+05:30,31.005,186.85,49.525
2025-12-27 06:00:00+05:30,31.223333333333333,180.0,61.46666666666667
2025-12-27 07:00:00+05:30,29.3275,149.375,43.25
2025-12-27 08:00:00+05:30,30.935000000000002,153.14999999999998,52.224999999999994
2025-12-27 09:00:00+05:30,32.0125,166.225,47.95
2025-12-27 10:00:00+05:30,31.8925,197.85,91.625
2025-12-27 11:00:00+05:30,30.255,183.825,75.925
2025-12-27 12:00:00+05:30,30.46666666666667,189.29999999999998,75.8
2025-12-27 13:00:00+05:30,31.215,197.475,67.175
2025-12-27 14:00:00+05:30,31.315,212.1,70.625
2025-12-27 15:00:00+05:30,32.3425,189.45,72.175
2025-12-27 16:00:00+05:30,30.57,186.85,66.9
2025-12-27 17:00:00+05:30,31.78,184.875,90.025
2025-12-27 18:00:00+05:30,31.77,167.825,86.85
2025-12-27 19:00:00+05:30,31.1125,161.6,106.1
2025-12-27 20:00:00+05:30,32.04,121.525,141.125
2025-12-27 21:00:00+05:30,30.23,90.90000000000002,144.93333333333334
2025-12-27 22:00:00+05:30,33.32,40.6,0.0
2025-12-27 23:00:00+05:30,32.6,145.26666666666668,154.76666666666665
2025-12-28 00:00:00+05:30,31.75,193.1,90.5
2025-12-28 01:00:00+05:30,33.1325,192.425,72.75
2025-12-28 02:00:00+05:30,31.546666666666667,198.1,69.0
2025-12-28 03:00:00+05:30,31.7425,198.875,72.5
2025-12-28 04:00:00+05:30,32.6575,193.45,73.0
2025-12-28 05:00:00+05:30,32.28333333333334,211.69999999999996,73.975
2025-12-28 06:00:00+05:30,33.0475,202.4,67.32499999999999
2025-12-28 07:00:00+05:30,32.5925,176.125,64.575
2025-12-28 08:00:00+05:30,31.3425,177.775,56.425000000000004
2025-12-28 09:00:00+05:30,33.035,176.85000000000002,66.025
2025-12-28 10:00:00+05:30,31.1575,175.25,91.80000000000001
2025-12-28 11:00:00+05:30,32.7275,194.575,97.175
2025-12-28 12:00:00+05:30,32.075,188.325,109.875
2025-12-28 13:00:00+05:30,32.035,193.07500000000002,456.025
2025-12-28 14:00:00+05:30,31.5925,196.275,306.8
2025-12-28 15:00:00+05:30,31.75333333333333,201.6,204.23333333333335
2025-12-28 18:00:00+05:30,32.83,174.375,106.125
2025-12-28 19:00:00+05:30,31.1925,176.3,86.3
2025-12-28 20:00:00+05:30,30.975,166.625,95.10000000000001
2025-12-28 21:00:00+05:30,31.72,161.325,116.925
2025-12-28 22:00:00+05:30,32.6975,172.3,93.65
2025-12-28 23:00:00+05:30,20.746666666666666,66.86666666666666,71.7
2025-12-29 00:00:00+05:30,21.92,196.4,114.1
2025-12-29 01:00:00+05:30,20.627499999999998,204.725,104.75
2025-12-29 02:00:00+05:30,21.936666666666667,200.9333333333333,100.56666666666668
2025-12-29 03:00:00+05:30,21.715,205.2,73.25
2025-12-29 04:00:00+05:30,21.855,197.25,82.0
2025-12-29 05:00:00+05:30,22.3525,188.95,82.0
2025-12-29 06:00:00+05:30,20.603333333333335,181.6,73.13333333333333
2025-12-29 07:00:00+05:30,21.6375,186.57500000000002,84.925
2025-12-29 08:00:00+05:30,22.2525,173.1,45.375
2025-12-29 09:00:00+05:30,20.4575,173.35,75.7
2025-12-29 10:00:00+05:30,22.36,180.1,74.375
2025-12-29 11:00:00+05:30,21.4725,191.5,83.85
2025-12-29 12:00:00+05:30,22.64,189.6,76.225
2025-12-29 13:00:00+05:30,22.377499999999998,187.2,86.4
2025-12-29 14:00:00+05:30,21.4425,190.375,69.15
2025-12-29 15:00:00+05:30,16.4675,112.7,75.82499999999999
2025-12-29 16:00:00+05:30,20.56,213.775,83.85
2025-12-29 17:00:00+05:30,21.2425,224.7,87.425
2025-12-29 18:00:00+05:30,19.625,282.725,111.69999999999999
2025-12-29 19:00:00+05:30,20.1625,333.5,131.02499999999998
2025-12-29 20:00:00+05:30,18.677500000000002,359.8,135.15
2025-12-29 21:00:00+05:30,20.08,374.45000000000005,159.1
2025-12-29 22:00:00+05:30,21.83,383.35,160.875
2025-12-29 23:00:00+05:30,19.924999999999997,369.1,157.35
2025-12-30 01:00:00+05:30,18.85,356.0,122.7
2025-12-30 02:00:00+05:30,21.75,358.425,153.225
2025-12-30 03:00:00+05:30,21.34,342.70000000000005,163.775
2025-12-30 04:00:00+05:30,20.125,308.225,138.575
2025-12-30 05:00:00+05:30,20.634999999999998,250.925,124.825
2025-12-30 06:00:00+05:30,20.205,186.95,122.75
2025-12-30 07:00:00+05:30,19.97,164.22500000000002,133.125
2025-12-30 08:00:00+05:30,20.39,156.9,134.2
2025-12-30 09:00:00+05:30,21.0275,146.8,140.52499999999998
2025-12-30 10:00:00+05:30,19.935,123.25,142.55
2025-12-30 11:00:00+05:30,19.9675,115.175,77.05
2025-12-30 12:00:00+05:30,21.585,120.44999999999999,63.6
2025-12-30 13:00:00+05:30,19.03,186.2,64.6
2025-12-30 14:00:00+05:30,20.44666666666667,241.76666666666665,54.53333333333333
2025-12-30 15:00:00+05:30,21.0325,276.52500000000003,58.95
2025-12-30 16:00:00+05:30,20.7175,285.4,73.75
2025-12-30 17:00:00+05:30,20.0475,305.775,78.25
2025-12-30 18:00:00+05:30,19.67,324.76666666666665,99.5
2025-12-30 19:00:00+05:30,20.9575,383.35,119.25
2025-12-30 20:00:00+05:30,20.79,413.75,134.875
2025-12-30 21:00:00+05:30,20.6025,410.35,151.75
2025-12-30 22:00:00+05:30,21.7275,418.1,137.225
2025-12-30 23:00:00+05:30,32.21,423.0,150.76666666666668
2025-12-31 00:00:00+05:30,32.8,403.5,144.2
2025-12-31 01:00:00+05:30,31.236666666666668,398.5,146.6
2025-12-31 02:00:00+05:30,31.555,385.025,142.29999999999998
2025-12-31 03:00:00+05:30,29.99,356.7,128.33333333333334
2025-12-31 04:00:00+05:30,31.39,318.1,103.6
2025-12-31 05:00:00+05:30,32.22,288.45,106.725
2025-12-31 06:00:00+05:30,30.4,250.8,102.3
2025-12-31 07:00:00+05:30,30.97,223.925,107.675
2025-12-31 08:00:00+05:30,31.3475,205.32500000000002,118.65
2025-12-31 09:00:00+05:30,31.83,184.175,117.92500000000001
2025-12-31 10:00:00+05:30,32.365,160.55,104.925
2025-12-31 11:00:00+05:30,31.43,134.15,107.55
2025-12-31 12:00:00+05:30,29.615,123.175,117.975
2025-12-31 13:00:00+05:30,33.542500000000004,139.925,110.375
2025-12-31 14:00:00+05:30,30.596666666666668,120.7,103.60000000000001
2025-12-31 15:00:00+05:30,32.6025,119.52499999999999,107.80000000000001
2025-12-31 16:00:00+05:30,31.985,120.75,106.825
2025-12-31 17:00:00+05:30,30.785,130.7,99.4
2025-12-31 18:00:00+05:30,32.9375,129.79999999999998,105.05
2025-12-31 19:00:00+05:30,32.2,123.575,136.325
2025-12-31 20:00:00+05:30,32.3375,89.82499999999999,31.05
2025-12-31 21:00:00+05:30,32.545,316.125,102.8
2025-12-31 22:00:00+05:30,30.580000000000002,361.9,108.6
2025-12-31 23:00:00+05:30,31.703333333333333,325.8666666666667,107.10000000000001
2026-01-01 00:00:00+05:30,30.78,286.6,97.0
2026-01-01 01:00:00+05:30,31.03,282.85,95.075
2026-01-01 02:00:00+05:30,32.0775,257.65,80.45
2026-01-01 03:00:00+05:30,31.583333333333332,253.26666666666665,74.5
2026-01-01 04:00:00+05:30,30.78,253.66666666666666,71.13333333333334
2026-01-01 05:00:00+05:30,32.552499999999995,250.125,69.17500000000001
2026-01-01 06:00:00+05:30,32.4475,244.625,70.35
2026-01-01 07:00:00+05:30,30.645,243.65,85.9
2026-01-01 08:00:00+05:30,32.01,264.03333333333336,100.83333333333333
2026-01-01 09:00:00+05:30,31.8875,302.55,112.325
2026-01-01 10:00:00+05:30,32.3525,300.375,109.275
2026-01-01 11:00:00+05:30,31.955,281.175,110.55000000000001
2026-01-01 12:00:00+05:30,30.21666666666667,279.93333333333334,103.39999999999999
2026-01-01 13:00:00+05:30,32.004999999999995,293.67499999999995,50.3
2026-01-01 14:00:00+05:30,32.615,149.6,0.0
2026-01-01 15:00:00+05:30,32.167500000000004,163.2,58.2
2026-01-01 16:00:00+05:30,31.84,233.025,83.75
2026-01-01 17:00:00+05:30,32.54666666666667,234.53333333333333,85.46666666666665
2026-01-01 18:00:00+05:30,30.546666666666667,273.8333333333333,105.13333333333333
2026-01-01 19:00:00+05:30,30.192500000000003,311.375,127.75
2026-01-01 20:00:00+05:30,30.8975,372.175,155.125
2026-01-01 21:00:00+05:30,30.9025,373.95000000000005,165.65
2026-01-01 22:00:00+05:30,32.2,344.325,163.175
2026-01-01 23:00:00+05:30,32.12,343.3666666666666,155.4
2026-01-02 00:00:00+05:30,28.99,341.1,153.6
2026-01-02 01:00:00+05:30,31.175,322.0,154.325
2026-01-02 02:00:00+05:30,30.762500000000003,287.40000000000003,147.225
2026-01-02 03:00:00+05:30,30.36,216.20000000000002,141.72500000000002
2026-01-02 04:00:00+05:30,31.515,152.57500000000002,141.175
2026-01-02 05:00:00+05:30,30.3775,104.1,138.35000000000002
2026-01-02 06:00:00+05:30,31.63,89.55,140.525
2026-01-02 07:00:00+05:30,30.4075,70.025,126.5
2026-01-02 08:00:00+05:30,30.7875,38.0,89.1
2026-01-02 09:00:00+05:30,31.4225,87.45,33.225
2026-01-02 10:00:00+05:30,31.03,321.425,130.475
2026-01-02 11:00:00+05:30,31.099999999999998,303.56666666666666,123.26666666666667
2026-01-02 12:00:00+05:30,32.3025,286.5,125.2
2026-01-02 13:00:00+05:30,32.54,277.2,130.6
2026-01-02 16:00:00+05:30,31.790000000000003,269.20000000000005,123.15
2026-01-02 17:00:00+05:30,29.643333333333334,263.4666666666667,103.8
2026-01-02 18:00:00+05:30,31.175,253.075,92.125
2026-01-02 19:00:00+05:30,32.0275,217.275,92.5
2026-01-02 20:00:00+05:30,31.64,209.05,93.55
2026-01-02 21:00:00+05:30,31.68,202.5,87.325
2026-01-02 22:00:00+05:30,31.659999999999997,202.97500000000002,79.0
2026-01-02 23:00:00+05:30,30.016666666666666,211.19999999999996,54.5
2026-01-03 02:00:00+05:30,30.3525,150.27499999999998,41.275
2026-01-03 03:00:00+05:30,32.475,125.525,32.8
2026-01-03 04:00:00+05:30,31.122500000000002,110.925,34.15
2026-01-03 05:00:00+05:30,31.4825,97.75,31.75
2026-01-03 06:00:00+05:30,32.4375,99.5,36.400000000000006
2026-01-03 07:00:00+05:30,31.429999999999996,107.3,35.5
2026-01-03 08:00:00+05:30,31.47,114.0,42.975
2026-01-03 09:00:00+05:30,30.9825,114.025,49.800000000000004
2026-01-03 10:00:00+05:30,30.9175,119.55,67.15
2026-01-03 11:00:00+05:30,30.53,129.025,51.25
2026-01-03 12:00:00+05:30,31.747500000000002,125.925,42.65
2026-01-03 13:00:00+05:30,31.44,130.025,47.375
2026-01-03 14:00:00+05:30,31.4475,127.85,48.025
2026-01-03 15:00:00+05:30,30.659999999999997,139.8,29.333333333333332
2026-01-03 16:00:00+05:30,31.44333333333333,148.06666666666666,31.53333333333333
2026-01-03 17:00:00+05:30,31.1075,158.15,44.825
2026-01-03 18:00:00+05:30,31.4525,189.75,65.3
2026-01-03 19:00:00+05:30,30.8425,211.275,85.94999999999999
2026-01-03 20:00:00+05:30,30.35,218.25,94.95
2026-01-03 21:00:00+05:30,33.803333333333335,228.36666666666667,108.46666666666665
2026-01-03 22:00:00+05:30,30.7825,243.45,95.45
2026-01-03 23:00:00+05:30,30.0,247.9,91.40000000000002
2026-01-04 00:00:00+05:30,31.72,227.9,80.6
2026-01-04 01:00:00+05:30,29.89,230.375,80.35
2026-01-04 02:00:00+05:30,31.052500000000002,234.15,76.89999999999999
2026-01-04 03:00:00+05:30,30.23,220.5,64.95
2026-01-04 04:00:00+05:30,31.735,218.57500000000002,57.425
2026-01-04 05:00:00+05:30,32.085,210.64999999999998,67.325
2026-01-04 06:00:00+05:30,30.830000000000002,207.75,63.8
2026-01-04 07:00:00+05:30,31.77,211.10000000000002,74.625
2026-01-04 08:00:00+05:30,31.244999999999997,224.7,82.82499999999999
2026-01-04 09:00:00+05:30,31.5375,255.72500000000002,92.8
2026-01-04 10:00:00+05:30,32.5075,287.67499999999995,98.025
2026-01-04 11:00:00+05:30,30.2225,276.125,94.25
2026-01-04 12:00:00+05:30,31.527500000000003,249.65,82.55
2026-01-04 13:00:00+05:30,31.2625,229.25,75.725
2026-01-04 14:00:00+05:30,31.79,234.175,69.775
2026-01-04 15:00:00+05:30,31.91,226.26666666666665,59.0
2026-01-04 16:00:00+05:30,30.7675,223.45,58.050000000000004
2026-01-04 17:00:00+05:30,31.7925,228.2,65.7
2026-01-04 18:00:00+05:30,29.8975,268.1,74.625
2026-01-04 19:00:00+05:30,31.915,329.475,107.675
2026-01-04 20:00:00+05:30,33.54333333333333,501.09999999999997,174.46666666666667
2026-01-04 21:00:00+05:30,31.01666666666667,728.4,228.1
2026-01-04 22:00:00+05:30,33.2,526.4,226.4
2026-01-04 23:00:00+05:30,31.986666666666668,523.7,226.1
2026-01-05 00:00:00+05:30,35.18,292.9,170.9
2026-01-05 01:00:00+05:30,34.364999999999995,288.3,163.15
2026-01-05 02:00:00+05:30,33.3375,285.925,140.4
2026-01-05 03:00:00+05:30,33.0075,279.575,133.375
2026-01-05 04:00:00+05:30,34.230000000000004,237.57500000000002,116.89999999999999
2026-01-05 05:00:00+05:30,32.56,216.275,108.55
2026-01-05 06:00:00+05:30,33.93,243.36666666666667,99.96666666666665
2026-01-05 07:00:00+05:30,34.193333333333335,237.5666666666667,95.53333333333335
2026-01-05 08:00:00+05:30,34.2425,242.6,89.025
2026-01-05 09:00:00+05:30,33.5525,289.075,118.025
2026-01-05 10:00:00+05:30,34.725,267.7,134.45000000000002
2026-01-05 11:00:00+05:30,33.8125,243.45000000000002,104.575
2026-01-05 12:00:00+05:30,32.6275,199.25,80.27499999999999
2026-01-05 13:00:00+05:30,34.19,185.5,77.8
2026-01-05 14:00:00+05:30,32.0525,195.475,61.725
2026-01-05 15:00:00+05:30,31.96666666666667,179.70000000000002,62.666666666666664
2026-01-05 16:00:00+05:30,32.0975,186.2,59.35
2026-01-05 17:00:00+05:30,32.699999999999996,207.975,62.875
2026-01-05 18:00:00+05:30,33.8675,240.875,68.47500000000001
2026-01-05 19:00:00+05:30,33.06,247.70000000000002,84.325
2026-01-05 20:00:00+05:30,31.6025,251.575,101.2
2026-01-05 21:00:00+05:30,32.5375,254.55,105.625
2026-01-05 22:00:00+05:30,33.4275,265.175,102.55000000000001
2026-01-05 23:00:00+05:30,31.5,257.4,94.0
2026-01-06 00:00:00+05:30,34.61,216.0,92.4
2026-01-06 01:00:00+05:30,33.9525,215.95,88.85000000000001
2026-01-06 02:00:00+05:30,33.3975,211.75,77.1
2026-01-06 03:00:00+05:30,31.86,195.8,70.9
2026-01-06 04:00:00+05:30,32.1,187.125,63.1
2026-01-06 05:00:00+05:30,32.1975,182.95,67.55
2026-01-06 06:00:00+05:30,32.74,179.2,73.375
2026-01-06 07:00:00+05:30,32.7275,177.35,72.85
2026-01-06 08:00:00+05:30,32.057500000000005,174.05,67.32499999999999
2026-01-06 09:00:00+05:30,33.5675,175.7,35.5
2026-01-06 10:00:00+05:30,34.95333333333333,175.69999999999996,0.0
2026-01-06 11:00:00+05:30,31.377499999999998,23.8,4.45
2026-01-06 12:00:00+05:30,33.04,279.2,132.775
2026-01-06 13:00:00+05:30,32.625,273.125,111.05000000000001
2026-01-06 14:00:00+05:30,32.4775,244.975,86.5
2026-01-06 15:00:00+05:30,34.04,254.23333333333335,89.26666666666665
2026-01-06 16:00:00+05:30,32.78333333333334,252.80000000000004,82.4
2026-01-06 17:00:00+05:30,31.125,265.425,90.0
2026-01-06 18:00:00+05:30,33.39666666666667,296.2,110.7
2026-01-06 19:00:00+05:30,32.415,268.65,103.55
2026-01-06 20:00:00+05:30,32.5225,259.675,98.55
2026-01-06 21:00:00+05:30,33.62,246.425,82.525
2026-01-06 22:00:00+05:30,32.3275,234.0,89.475
2026-01-06 23:00:00+05:30,31.883333333333336,209.6,85.7
2026-01-07 01:00:00+05:30,31.795,177.5,84.525
2026-01-07 02:00:00+05:30,32.2725,174.825,76.6
2026-01-07 03:00:00+05:30,31.9775,173.05,76.675
2026-01-07 04:00:00+05:30,32.754999999999995,178.3,73.375
2026-01-07 05:00:00+05:30,31.4225,215.75,96.7
2026-01-07 06:00:00+05:30,32.832499999999996,220.375,109.325
2026-01-07 07:00:00+05:30,31.84,225.05,109.67500000000001
2026-01-07 08:00:00+05:30,32.43,213.79999999999998,102.86666666666667
2026-01-07 09:00:00+05:30,32.67,205.075,97.575
2026-01-07 10:00:00+05:30,32.787499999999994,183.39999999999998,85.3
2026-01-07 11:00:00+05:30,33.08,187.525,87.85
2026-01-07 12:00:00+05:30,31.496666666666666,158.03333333333333,88.5
2026-01-07 13:00:00+05:30,33.446666666666665,143.3,77.7
2026-01-07 14:00:00+05:30,31.8925,130.89999999999998,85.925
2026-01-07 15:00:00+05:30,32.845,108.9,75.22500000000001
2026-01-07 16:00:00+05:30,32.38666666666666,96.06666666666666,70.7
2026-01-07 17:00:00+05:30,31.4,92.65,84.45
2026-01-07 18:00:00+05:30,32.295,73.125,104.075
2026-01-07 19:00:00+05:30,31.302500000000002,104.85000000000001,114.375
2026-01-07 20:00:00+05:30,33.215,89.975,114.05
2026-01-07 21:00:00+05:30,32.36,203.825,121.7
2026-01-07 22:00:00+05:30,34.165,212.17499999999998,121.4
2026-01-07 23:00:00+05:30,33.28333333333333,199.1,107.2
2026-01-08 00:00:00+05:30,32.74,204.2,109.4
2026-01-08 01:00:00+05:30,31.8925,200.825,111.85
2026-01-08 02:00:00+05:30,34.065,232.75,87.275
2026-01-08 03:00:00+05:30,32.5575,203.975,75.025
2026-01-08 04:00:00+05:30,32.955,189.175,63.849999999999994
2026-01-08 05:00:00+05:30,33.1175,180.8,57.025
2026-01-08 06:00:00+05:30,32.845,178.125,68.725
2026-01-08 07:00:00+05:30,32.4575,173.2,51.025
2026-01-08 08:00:00+05:30,32.1075,173.15,57.475
2026-01-08 09:00:00+05:30,32.660000000000004,177.0333333333333,59.833333333333336
2026-01-08 10:00:00+05:30,32.45,164.625,72.35
2026-01-08 11:00:00+05:30,34.05,297.2,148.75
2026-01-08 12:00:00+05:30,32.557500000000005,356.825,147.25
2026-01-08 13:00:00+05:30,33.09,358.525,74.55
2026-01-08 14:00:00+05:30,32.22,349.65,71.425
2026-01-08 15:00:00+05:30,32.98333333333333,340.6666666666667,70.89999999999999
2026-01-08 16:00:00+05:30,31.995,346.25,68.85
2026-01-08 17:00:00+05:30,32.027499999999996,371.3,78.95
2026-01-08 18:00:00+05:30,32.33,433.15,102.80000000000001
2026-01-08 19:00:00+05:30,31.5625,501.775,124.47500000000001
2026-01-08 20:00:00+05:30,31.52,525.1,148.075
2026-01-08 21:00:00+05:30,29.73,479.20000000000005,130.05
2026-01-08 22:00:00+05:30,31.8175,461.875,129.55
2026-01-08 23:00:00+05:30,32.903333333333336,399.0333333333333,139.23333333333332
2026-01-09 00:00:00+05:30,31.56,310.6,118.1
2026-01-09 01:00:00+05:30,31.6325,264.175,106.9
2026-01-09 02:00:00+05:30,33.6625,213.375,86.6
2026-01-09 03:00:00+05:30,33.4725,186.05,66.9
2026-01-09 04:00:00+05:30,33.86,169.6,61.625
2026-01-09 05:00:00+05:30,33.053333333333335,156.1,64.43333333333334
2026-01-09 06:00:00+05:30,33.81,135.475,62.675
2026-01-09 07:00:00+05:30,32.2025,120.325,55.724999999999994
2026-01-09 08:00:00+05:30,32.8275,125.225,62.25
2026-01-09 09:00:00+05:30,33.86,127.425,67.9
2026-01-09 10:00:00+05:30,32.5925,119.15,79.19999999999999
2026-01-09 11:00:00+05:30,33.755,117.65,90.35
2026-01-09 12:00:00+05:30,33.9525,126.3,92.75
2026-01-09 13:00:00+05:30,32.585,140.89999999999998,74.275
2026-01-09 14:00:00+05:30,33.0675,134.25,65.775
2026-01-09 15:00:00+05:30,31.854999999999997,128.7,58.925
2026-01-09 16:00:00+05:30,32.22,127.56666666666666,44.26666666666667
2026-01-09 17:00:00+05:30,31.3675,131.79999999999998,53.575
2026-01-09 18:00:00+05:30,32.03,136.6,59.95
2026-01-09 19:00:00+05:30,32.7975,144.925,82.875
2026-01-09 20:00:00+05:30,32.6425,157.05,96.625
2026-01-09 21:00:00+05:30,32.427499999999995,151.125,109.425
2026-01-09 22:00:00+05:30,32.49,148.63333333333335,112.39999999999999
2026-01-09 23:00:00+05:30,33.413333333333334,154.83333333333334,114.53333333333335
2026-01-10 00:00:00+05:30,33.21,152.0,109.3
2026-01-10 01:00:00+05:30,31.736666666666668,154.20000000000002,108.26666666666667
2026-01-10 02:00:00+05:30,31.08,150.25,101.55
2026-01-10 03:00:00+05:30,31.1475,145.975,91.8
2026-01-10 04:00:00+05:30,31.77,141.0,91.93333333333334
2026-01-10 05:00:00+05:30,31.627499999999998,142.625,96.475
2026-01-10 06:00:00+05:30,33.2425,140.5,97.125
2026-01-10 07:00:00+05:30,32.557500000000005,140.875,94.075
2026-01-10 08:00:00+05:30,33.5975,151.05,95.425
2026-01-10 09:00:00+05:30,33.475,149.15,98.95
2026-01-10 10:00:00+05:30,32.644999999999996,168.35000000000002,117.5
2026-01-10 11:00:00+05:30,32.0475,177.375,110.625
2026-01-10 12:00:00+05:30,33.7975,166.25,89.85
2026-01-10 13:00:00+05:30,32.9825,153.45,63.575
2026-01-10 14:00:00+05:30,32.806666666666665,145.46666666666667,49.633333333333326
2026-01-10 15:00:00+05:30,31.75,139.0,46.95
2026-01-10 16:00:00+05:30,33.2025,132.35,39.6
2026-01-10 17:00:00+05:30,33.593333333333334,135.0,39.1
2026-01-20 20:00:00+05:30,39.12,219.7,112.7
2026-01-20 21:00:00+05:30,39.5075,225.79999999999998,110.825
2026-01-20 22:00:00+05:30,39.8775,218.8,106.6
2026-01-20 23:00:00+05:30,39.92,211.73333333333335,87.06666666666666
2026-01-21 00:00:00+05:30,38.98,197.3,88.3
2026-01-21 01:00:00+05:30,39.9225,190.64999999999998,81.05
2026-01-21 02:00:00+05:30,39.07,181.125,76.5
2026-01-21 03:00:00+05:30,40.6975,168.225,64.2
2026-01-21 04:00:00+05:30,39.84,158.875,69.35
2026-01-21 05:00:00+05:30,40.43,158.4,76.225
2026-01-21 06:00:00+05:30,40.55,154.375,73.425
2026-01-21 07:00:00+05:30,39.8475,158.97500000000002,72.725
2026-01-21 08:00:00+05:30,40.2125,177.725,84.9
2026-01-21 09:00:00+05:30,39.54,203.23333333333335,104.66666666666667
2026-01-21 10:00:00+05:30,39.5025,202.225,119.35
2026-01-21 11:00:00+05:30,36.465,210.70000000000002,99.625
2026-01-21 12:00:00+05:30,33.425,200.15,90.0
2026-01-21 13:00:00+05:30,33.025,175.7,69.1
2026-01-21 14:00:00+05:30,32.947500000000005,159.025,55.025
2026-01-21 15:00:00+05:30,33.6425,146.675,35.1
2026-01-21 16:00:00+05:30,32.8775,143.575,32.575
2026-01-21 17:00:00+05:30,32.3425,143.125,32.775
2026-01-21 18:00:00+05:30,32.8625,143.0,47.975
2026-01-21 19:00:00+05:30,33.25,143.64999999999998,44.525000000000006
2026-01-21 20:00:00+05:30,33.205,178.25,97.35
2026-01-21 21:00:00+05:30,33.0225,208.4,136.1
2026-01-21 22:00:00+05:30,30.63,205.975,159.35
2026-01-21 23:00:00+05:30,32.17666666666667,197.73333333333335,141.0
2026-01-22 00:00:00+05:30,34.76,186.5,126.7
2026-01-22 01:00:00+05:30,33.46333333333333,160.9,107.89999999999999
2026-01-22 02:00:00+05:30,34.2475,154.57500000000002,79.3
2026-01-22 03:00:00+05:30,34.0175,130.425,75.69999999999999
2026-01-22 04:00:00+05:30,34.542500000000004,122.25,82.5
2026-01-22 05:00:00+05:30,34.2825,117.975,84.94999999999999
2026-01-22 06:00:00+05:30,34.42,111.05,87.325
2026-01-22 07:00:00+05:30,34.46,120.05,83.775
2026-01-22 08:00:00+05:30,35.42,122.2,91.125
2026-01-22 09:00:00+05:30,33.3475,131.85,143.075
2026-01-22 10:00:00+05:30,33.3575,137.075,117.77499999999999
2026-01-22 11:00:00+05:30,33.095,137.95,101.94999999999999
2026-01-22 12:00:00+05:30,33.31666666666667,191.63333333333333,101.66666666666667
2026-01-22 13:00:00+05:30,33.675,324.825,71.375
2026-01-22 14:00:00+05:30,35.03333333333333,275.1666666666667,68.83333333333333
2026-01-22 15:00:00+05:30,33.833333333333336,180.03333333333333,85.3
2026-01-22 17:00:00+05:30,34.47,180.875,70.925
2026-01-22 18:00:00+05:30,34.18666666666667,205.23333333333335,86.2
2026-01-22 19:00:00+05:30,35.582499999999996,225.725,82.125
2026-01-22 20:00:00+05:30,34.2775,270.75,101.825
2026-01-22 21:00:00+05:30,33.885000000000005,318.675,132.25
2026-01-22 22:00:00+05:30,33.225,326.825,163.04999999999998
2026-01-22 23:00:00+05:30,33.32333333333333,330.96666666666664,169.63333333333333
2026-01-23 00:00:00+05:30,31.72,294.6,193.7
2026-01-23 01:00:00+05:30,33.207499999999996,278.625,177.97500000000002
2026-01-23 02:00:00+05:30,32.735,235.725,157.825
2026-01-23 03:00:00+05:30,32.985,200.3,121.025
2026-01-23 04:00:00+05:30,32.3875,176.75,111.875
2026-01-23 05:00:00+05:30,33.3,148.97500000000002,91.95
2026-01-23 06:00:00+05:30,33.1,140.525,83.625
2026-01-23 07:00:00+05:30,32.35,149.525,86.82499999999999
2026-01-23 08:00:00+05:30,33.01,150.675,96.125
2026-01-23 09:00:00+05:30,33.3025,164.725,96.05
2026-01-23 10:00:00+05:30,31.583333333333332,183.16666666666666,108.43333333333334
2026-01-23 11:00:00+05:30,33.42,191.0,109.4
2026-01-23 12:00:00+05:30,33.12,202.55,102.875
2026-01-23 13:00:00+05:30,33.045,203.575,88.8
2026-01-23 14:00:00+05:30,33.3025,185.35,71.32499999999999
2026-01-23 15:00:00+05:30,32.5075,184.775,63.3
2026-01-23 16:00:00+05:30,33.3925,193.625,64.85
2026-01-23 17:00:00+05:30,32.6275,193.77499999999998,59.975
2026-01-23 18:00:00+05:30,33.2775,182.925,64.425
2026-01-23 19:00:00+05:30,33.160000000000004,176.625,63.949999999999996
2026-01-23 20:00:00+05:30,32.9625,172.35000000000002,72.72500000000001
2026-01-23 21:00:00+05:30,32.4975,170.4,101.5
2026-01-23 22:00:00+05:30,33.415,167.425,100.525
2026-01-23 23:00:00+05:30,31.44666666666667,158.06666666666666,97.66666666666667
2026-01-24 00:00:00+05:30,31.53,167.5,85.1
2026-01-24 01:00:00+05:30,31.7625,156.375,76.725
2026-01-24 02:00:00+05:30,32.1475,136.45,69.2
2026-01-24 03:00:00+05:30,34.0375,128.35,78.3
2026-01-24 04:00:00+05:30,31.377499999999998,121.525,71.47500000000001
2026-01-24 05:00:00+05:30,32.02,116.625,71.85000000000001
2026-01-24 06:00:00+05:30,32.94,108.43333333333334,63.56666666666666
2026-01-24 07:00:00+05:30,32.0125,111.175,53.675
2026-01-24 08:00:00+05:30,32.6825,111.175,68.55
2026-01-24 09:00:00+05:30,31.345,106.025,100.025
2026-01-24 10:00:00+05:30,32.663333333333334,121.8,89.33333333333333
2026-01-24 11:00:00+05:30,32.8975,126.275,91.075
2026-01-24 12:00:00+05:30,32.0925,116.875,83.95
2026-01-24 13:00:00+05:30,27.8125,112.875,94.0
2026-01-24 14:00:00+05:30,32.510000000000005,116.1,85.77499999999999
2026-01-24 15:00:00+05:30,32.405,125.05,82.025
2026-01-24 16:00:00+05:30,32.08,124.3,97.0
2026-01-24 17:00:00+05:30,31.7325,121.69999999999999,86.67500000000001
2026-01-24 18:00:00+05:30,31.572499999999998,128.725,76.77499999999999
2026-01-24 19:00:00+05:30,33.2775,142.325,90.25
2026-01-24 20:00:00+05:30,30.88,137.54999999999998,115.4
2026-01-24 21:00:00+05:30,33.28,144.79999999999998,123.16666666666667
2026-01-24 22:00:00+05:30,34.385,150.575,125.1
2026-01-24 23:00:00+05:30,31.903333333333332,143.6,92.8
2026-01-25 00:00:00+05:30,32.14,103.3,96.0
2026-01-25 01:00:00+05:30,31.9725,103.875,80.55000000000001
2026-01-25 02:00:00+05:30,31.130000000000003,96.725,58.925
2026-01-25 03:00:00+05:30,32.7025,81.1,61.125
2026-01-25 04:00:00+05:30,32.370000000000005,73.85,56.275
2026-01-25 05:00:00+05:30,30.55666666666667,68.26666666666667,53.26666666666667
2026-01-25 06:00:00+05:30,31.605,64.97500000000001,51.5
2026-01-25 07:00:00+05:30,32.335,59.925,50.65
2026-01-25 08:00:00+05:30,31.115,58.675,47.625
2026-01-25 09:00:00+05:30,32.50333333333333,66.06666666666666,45.4
2026-01-25 10:00:00+05:30,30.5975,70.4,69.60000000000001
2026-01-25 11:00:00+05:30,31.8875,79.55,58.0
2026-01-25 12:00:00+05:30,32.45333333333333,92.76666666666667,46.0
2026-01-25 13:00:00+05:30,31.72,90.2,47.85
2026-01-25 14:00:00+05:30,32.415,95.6,40.824999999999996
2026-01-25 15:00:00+05:30,31.285,99.175,42.8
2026-01-25 16:00:00+05:30,32.8975,80.65,27.175
2026-01-25 17:00:00+05:30,31.775,73.075,35.125
2026-01-25 18:00:00+05:30,30.63,74.025,38.875
2026-01-25 19:00:00+05:30,31.66,88.875,39.650000000000006
2026-01-25 20:00:00+05:30,32.3575,103.375,60.925
2026-01-25 21:00:00+05:30,32.4225,107.2,73.375
2026-01-25 22:00:00+05:30,30.9525,98.0,71.675
2026-01-25 23:00:00+05:30,32.38666666666666,113.46666666666665,70.96666666666667
2026-01-26 00:00:00+05:30,29.96,138.0,64.5
2026-01-26 01:00:00+05:30,32.9125,143.15,68.025
2026-01-26 02:00:00+05:30,34.035,146.1,66.175
2026-01-26 03:00:00+05:30,30.975,133.6,66.65
2026-01-26 04:00:00+05:30,33.0675,123.475,65.95
2026-01-26 05:00:00+05:30,30.53,120.3,62.099999999999994
2026-01-26 06:00:00+05:30,31.65,119.85,53.75
2026-01-26 07:00:00+05:30,32.583333333333336,119.39999999999999,69.36666666666667
2026-01-26 08:00:00+05:30,31.7925,135.575,73.22500000000001
2026-01-26 09:00:00+05:30,31.9925,144.825,72.85
2026-01-26 10:00:00+05:30,31.6425,124.45,104.80000000000001
2026-01-26 11:00:00+05:30,30.127499999999998,120.25,76.5
2026-01-26 12:00:00+05:30,31.126666666666665,122.66666666666667,52.79999999999999
2026-01-26 13:00:00+05:30,31.79,126.07499999999999,57.525
2026-01-26 14:00:00+05:30,30.5475,127.125,42.725
2026-01-26 15:00:00+05:30,31.4825,111.5,35.475
2026-01-26 16:00:00+05:30,33.6225,71.0,37.225
2026-01-26 17:00:00+05:30,33.626666666666665,110.16666666666667,43.333333333333336
2026-01-26 18:00:00+05:30,32.5975,115.625,45.575
2026-01-26 19:00:00+05:30,32.7575,148.825,60.975
2026-01-26 20:00:00+05:30,32.964999999999996,195.79999999999998,79.125
2026-01-26 21:00:00+05:30,32.1475,242.325,102.32499999999999
2026-01-26 22:00:00+05:30,33.4375,541.925,120.025
2026-01-26 23:00:00+05:30,31.5,344.95,110.15
2026-01-27 00:00:00+05:30,34.92,320.9,101.0
2026-01-27 01:00:00+05:30,32.7575,237.14999999999998,93.225
2026-01-27 02:00:00+05:30,33.510000000000005,178.2,84.55000000000001
2026-01-27 03:00:00+05:30,34.34,156.175,75.95
2026-01-27 04:00:00+05:30,33.0375,134.225,65.39999999999999
2026-01-27 05:00:00+05:30,32.875,153.875,55.25
2026-01-27 06:00:00+05:30,33.6825,156.275,64.3
2026-01-27 07:00:00+05:30,32.335,165.95,60.0
2026-01-27 08:00:00+05:30,32.9425,248.625,97.325
2026-01-27 09:00:00+05:30,32.4025,227.675,111.4
2026-01-27 11:00:00+05:30,33.08,206.3,0.0
2026-01-27 12:00:00+05:30,33.1225,105.05,0.0
2026-01-27 13:00:00+05:30,34.432500000000005,61.225,37.725
2026-01-27 14:00:00+05:30,34.542500000000004,109.92500000000001,68.425
2026-01-27 15:00:00+05:30,33.4825,124.975,61.65
2026-01-27 16:00:00+05:30,34.69,133.20000000000002,59.0
2026-01-27 17:00:00+05:30,33.2325,156.75,67.85000000000001
2026-01-27 18:00:00+05:30,32.9975,173.89999999999998,71.575
2026-01-27 19:00:00+05:30,33.120000000000005,178.85,71.25
2026-01-27 20:00:00+05:30,33.135,178.625,77.875
2026-01-27 21:00:00+05:30,33.81,178.025,78.025
2026-01-27 22:00:00+05:30,32.54333333333333,171.13333333333333,77.06666666666666
2026-01-27 23:00:00+05:30,32.51666666666667,151.16666666666666,81.10000000000001
2026-01-28 00:00:00+05:30,29.77,122.6,85.0
2026-01-28 01:00:00+05:30,34.115,120.675,83.875
2026-01-28 02:00:00+05:30,33.7475,101.375,77.475
2026-01-28 03:00:00+05:30,32.925,88.35,64.95
2026-01-28 04:00:00+05:30,36.02,69.13333333333333,43.333333333333336
2026-01-28 05:00:00+05:30,34.917500000000004,56.7,38.525
2026-01-28 06:00:00+05:30,32.31,54.925,34.35
2026-01-28 07:00:00+05:30,34.957499999999996,51.95,50.275000000000006
2026-01-28 08:00:00+05:30,32.5025,58.325,58.1
2026-01-28 09:00:00+05:30,33.7675,65.925,50.875
2026-01-28 10:00:00+05:30,33.0,66.725,44.3
2026-01-28 11:00:00+05:30,32.5925,67.125,37.900000000000006
2026-01-28 12:00:00+05:30,32.9725,63.025,37.55
2026-01-28 13:00:00+05:30,34.5625,58.225,34.55
2026-01-28 14:00:00+05:30,31.77,61.325,27.1
2026-01-28 15:00:00+05:30,31.959999999999997,65.13333333333334,28.03333333333333
2026-01-28 16:00:00+05:30,33.5275,59.075,26.975
2026-01-28 17:00:00+05:30,32.8475,49.95,25.9
2026-01-28 18:00:00+05:30,34.585,90.125,37.2
2026-01-28 19:00:00+05:30,33.5875,103.125,47.349999999999994
2026-01-28 20:00:00+05:30,33.635,108.725,56.55
2026-01-28 21:00:00+05:30,31.95,107.8,56.975
2026-01-28 22:00:00+05:30,33.660000000000004,118.125,52.05
2026-01-28 23:00:00+05:30,33.370000000000005,119.5,51.3
2026-01-29 00:00:00+05:30,34.54,111.5,51.9
2026-01-29 01:00:00+05:30,33.9675,111.2,54.525
2026-01-29 02:00:00+05:30,33.87,106.47500000000001,49.925
2026-01-29 03:00:00+05:30,33.730000000000004,98.6,37.15
2026-01-29 04:00:00+05:30,32.5025,97.32499999999999,41.65
2026-01-29 05:00:00+05:30,33.1725,93.625,43.925
2026-01-29 06:00:00+05:30,32.11,97.7,37.95
2026-01-29 07:00:00+05:30,33.1725,91.25,38.6
2026-01-29 08:00:00+05:30,33.345,92.94999999999999,43.875
2026-01-29 09:00:00+05:30,34.0225,102.625,73.65
2026-01-29 10:00:00+05:30,32.707499999999996,114.2,90.975
2026-01-29 11:00:00+05:30,32.64666666666667,122.73333333333333,76.5
2026-01-29 12:00:00+05:30,33.593333333333334,116.86666666666667,71.7
2026-01-29 13:00:00+05:30,34.23,115.2,76.475
2026-01-29 14:00:00+05:30,32.295,103.525,63.525000000000006
2026-01-29 15:00:00+05:30,30.8,96.025,48.525
2026-01-29 16:00:00+05:30,33.225,87.225,49.975
2026-01-29 17:00:00+05:30,33.715,117.75,52.525
2026-01-29 18:00:00+05:30,34.2325,124.775,54.55
2026-01-29 19:00:00+05:30,32.38,120.10000000000001,61.375
2026-01-29 20:00:00+05:30,33.6625,118.375,67.0
2026-01-29 21:00:00+05:30,33.8,110.475,56.7
2026-01-29 22:00:00+05:30,34.1025,113.52499999999999,47.2
2026-01-29 23:00:00+05:30,33.06666666666667,97.3,44.300000000000004
2026-01-30 00:00:00+05:30,32.21,101.3,70.1
2026-01-30 01:00:00+05:30,34.0875,101.175,60.824999999999996
2026-01-30 02:00:00+05:30,33.335,102.92500000000001,56.225
2026-01-30 03:00:00+05:30,33.7875,99.3,50.225
2026-01-30 04:00:00+05:30,33.14333333333334,98.96666666666665,68.60000000000001
2026-01-30 05:00:00+05:30,33.18,93.7,62.175
2026-01-30 06:00:00+05:30,35.042500000000004,91.55,77.525
2026-01-30 07:00:00+05:30,34.84,101.675,89.0
2026-01-30 08:00:00+05:30,32.9525,106.65,91.45
2026-01-30 09:00:00+05:30,33.733333333333334,109.73333333333333,90.09999999999998
2026-01-30 10:00:00+05:30,32.5125,111.85000000000001,79.35
2026-01-30 11:00:00+05:30,33.31666666666667,115.7,68.46666666666665
2026-01-30 13:00:00+05:30,30.53,116.4,50.3
2026-01-30 14:00:00+05:30,33.1825,113.8,51.5
2026-01-30 15:00:00+05:30,34.385,102.45,52.925
2026-01-30 16:00:00+05:30,33.623333333333335,101.89999999999999,49.63333333333333
2026-01-30 17:00:00+05:30,33.980000000000004,95.3,43.5
2026-01-30 18:00:00+05:30,32.89,102.375,50.6
2026-01-30 19:00:00+05:30,33.4325,95.6,56.925
2026-01-30 20:00:00+05:30,36.1875,96.575,59.825
2026-01-30 21:00:00+05:30,31.445,96.9,66.55
2026-01-30 22:00:00+05:30,33.1175,93.55,76.65
2026-01-30 23:00:00+05:30,32.973333333333336,91.8,71.93333333333334
2026-01-31 00:00:00+05:30,31.44,92.4,66.8
2026-01-31 01:00:00+05:30,32.81,91.725,65.775
2026-01-31 02:00:00+05:30,34.115,87.275,58.05
2026-01-31 03:00:00+05:30,32.97,84.3,51.55
2026-01-31 04:00:00+05:30,32.445,80.07499999999999,48.675000000000004
2026-01-31 05:00:00+05:30,32.432500000000005,75.7,42.35
2026-01-31 06:00:00+05:30,31.792499999999997,72.575,40.3
2026-01-31 07:00:00+05:30,33.36,67.525,42.975
2026-01-31 08:00:00+05:30,32.9725,76.875,59.599999999999994
2026-01-31 09:00:00+05:30,31.27333333333333,77.1,71.06666666666666
2026-01-31 10:00:00+05:30,34.65,91.7,67.46666666666667
2026-01-31 11:00:00+05:30,34.2875,100.775,65.875
2026-01-31 12:00:00+05:30,32.82,101.1,58.349999999999994
2026-01-31 13:00:00+05:30,33.095,84.575,51.55
2026-01-31 14:00:00+05:30,34.315,80.95,54.775
2026-01-31 15:00:00+05:30,32.855000000000004,82.575,56.725
2026-01-31 16:00:00+05:30,33.266666666666666,88.0,57.833333333333336
2026-01-31 17:00:00+05:30,34.34,97.9,56.3
2026-01-31 18:00:00+05:30,33.3675,98.17500000000001,64.85
2026-01-31 19:00:00+05:30,33.2475,97.6,78.02499999999999
2026-01-31 20:00:00+05:30,34.346666666666664,103.5,92.7
2026-01-31 21:00:00+05:30,30.887500000000003,96.10000000000001,91.475
2026-01-31 22:00:00+05:30,31.28,98.575,134.10000000000002
2026-01-31 23:00:00+05:30,31.104999999999997,191.3,163.3
2026-02-01 00:00:00+05:30,32.83,281.1,159.1
2026-02-01 01:00:00+05:30,31.14,289.09999999999997,134.725
2026-02-01 02:00:00+05:30,31.1375,328.425,139.525
2026-02-01 03:00:00+05:30,30.567500000000003,328.82500000000005,135.575
2026-02-01 04:00:00+05:30,32.677499999999995,332.825,103.55
2026-02-01 05:00:00+05:30,31.869999999999997,337.375,83.925
2026-02-01 06:00:00+05:30,31.759999999999998,337.6,215.27499999999998
2026-02-01 07:00:00+05:30,32.6475,337.375,246.875
2026-02-01 08:00:00+05:30,31.43,333.525,175.2
2026-02-01 09:00:00+05:30,31.6575,340.84999999999997,134.825
2026-02-01 10:00:00+05:30,31.875,343.425,140.7
2026-02-01 11:00:00+05:30,33.17333333333333,353.7,141.29999999999998
2026-02-01 12:00:00+05:30,29.895,350.375,131.4
2026-02-01 13:00:00+05:30,31.42,343.275,113.45
2026-02-01 14:00:00+05:30,36.7625,343.2,84.875
2026-02-01 15:00:00+05:30,35.42,344.45,62.900000000000006
2026-02-01 16:00:00+05:30,56.2425,332.3,57.6
2026-02-01 17:00:00+05:30,24.2225,293.925,57.0
2026-02-01 18:00:00+05:30,31.3425,309.7,61.075
2026-02-01 19:00:00+05:30,31.9675,389.225,74.9
2026-02-01 20:00:00+05:30,32.8125,432.15,97.075
2026-02-01 21:00:00+05:30,30.959999999999997,462.9666666666667,130.5
2026-02-01 22:00:00+05:30,32.615,464.925,136.85
2026-02-01 23:00:00+05:30,31.28,456.2333333333333,130.70000000000002
2026-02-02 00:00:00+05:30,33.16,443.4,116.3
2026-02-02 01:00:00+05:30,32.474999999999994,431.59999999999997,127.07499999999999
2026-02-02 02:00:00+05:30,32.2325,404.775,115.1
2026-02-02 03:00:00+05:30,32.4975,381.625,95.3
2026-02-02 04:00:00+05:30,32.315,366.875,81.425
2026-02-02 05:00:00+05:30,32.245,357.1,69.2
2026-02-02 06:00:00+05:30,31.41,347.8,76.2
2026-02-02 07:00:00+05:30,31.75,342.425,89.075
2026-02-02 08:00:00+05:30,31.195,347.475,89.92500000000001
2026-02-02 09:00:00+05:30,31.805,357.525,103.575
2026-02-02 10:00:00+05:30,34.23666666666667,363.1333333333334,113.23333333333333
2026-02-02 11:00:00+05:30,35.33,364.3,97.10000000000001
2026-02-02 12:00:00+05:30,34.0125,357.875,78.30000000000001
2026-02-02 13:00:00+05:30,34.4325,343.67499999999995,66.275
2026-02-02 14:00:00+05:30,33.885,339.625,47.575
2026-02-02 15:00:00+05:30,34.365,331.125,41.875
2026-02-02 16:00:00+05:30,34.3925,313.92499999999995,41.0
2026-02-02 17:00:00+05:30,33.76,310.5,32.4
2026-02-02 18:00:00+05:30,32.29,288.1,27.55
2026-02-02 19:00:00+05:30,31.57,67.2,25.7
2026-02-02 20:00:00+05:30,34.67,54.8,0.0
2026-02-02 21:00:00+05:30,33.0875,14.75,2.925
2026-02-02 22:00:00+05:30,34.556666666666665,76.33333333333333,47.79999999999999
2026-02-02 23:00:00+05:30,34.013333333333335,108.3,48.0
2026-02-03 00:00:00+05:30,33.65,117.3,46.5
2026-02-03 01:00:00+05:30,34.085,115.975,47.074999999999996
2026-02-03 02:00:00+05:30,33.3025,111.575,43.775
2026-02-03 03:00:00+05:30,33.8725,116.075,43.875
2026-02-03 04:00:00+05:30,33.405,121.375,53.3
2026-02-03 05:00:00+05:30,33.803333333333335,120.0,59.76666666666667
2026-02-03 06:00:00+05:30,31.67,139.65,63.35
2026-02-03 07:00:00+05:30,33.8,126.39999999999999,55.199999999999996
2026-02-03 08:00:00+05:30,32.8475,120.45,56.775000000000006
2026-02-03 09:00:00+05:30,33.29,126.875,65.94999999999999
2026-02-03 10:00:00+05:30,32.7275,126.6,70.775
2026-02-03 11:00:00+05:30,31.96,126.8,60.7
2026-02-03 12:00:00+05:30,32.73,108.66666666666667,52.575
2026-02-03 13:00:00+05:30,33.385,101.10000000000001,53.325
2026-02-03 14:00:00+05:30,33.08,89.6,44.6
2026-02-04 07:00:00+05:30,31.02333333333333,101.8,55.73333333333333
2026-02-04 08:00:00+05:30,31.29,96.8,50.7
2026-02-04 09:00:00+05:30,33.57,102.325,51.025000000000006
2026-02-04 10:00:00+05:30,32.86,115.9,48.4
2026-02-04 11:00:00+05:30,25.16,102.9,53.1
2026-02-04 12:00:00+05:30,22.86,96.35,41.7
2026-02-04 13:00:00+05:30,24.19666666666667,101.53333333333335,38.166666666666664
2026-02-04 15:00:00+05:30,21.933333333333334,89.5,29.833333333333332
2026-02-04 16:00:00+05:30,23.005,92.975,24.6
2026-02-04 17:00:00+05:30,22.7475,85.8,25.1
2026-02-04 18:00:00+05:30,22.43,94.525,34.95
2026-02-04 19:00:00+05:30,22.75,92.775,41.525000000000006
2026-02-04 21:00:00+05:30,21.28,106.8,50.4
2026-02-05 00:00:00+05:30,20.07,109.6,53.5
2026-02-05 01:00:00+05:30,21.9925,103.925,59.025
2026-02-05 02:00:00+05:30,22.373333333333335,105.60000000000001,50.666666666666664
2026-02-05 03:00:00+05:30,23.125,105.0,57.324999999999996
2026-02-05 04:00:00+05:30,21.71,112.125,65.5
2026-02-05 05:00:00+05:30,20.723333333333333,111.09999999999998,67.1
2026-02-05 06:00:00+05:30,21.725,116.1,72.5
2026-02-05 07:00:00+05:30,22.62,120.92500000000001,73.275
2026-02-05 08:00:00+05:30,23.209999999999997,106.7,59.1
2026-02-05 09:00:00+05:30,21.85,107.3,72.3
2026-02-05 10:00:00+05:30,22.085,105.075,70.925
2026-02-05 11:00:00+05:30,21.4125,98.625,72.42500000000001
2026-02-05 12:00:00+05:30,23.0225,93.55,63.325
2026-02-05 13:00:00+05:30,22.775,97.30000000000001,34.45
2026-02-05 14:00:00+05:30,22.7725,97.69999999999999,31.85
2026-02-05 15:00:00+05:30,22.7975,91.2,20.3
2026-02-05 16:00:00+05:30,24.2075,80.3,21.65
2026-02-05 17:00:00+05:30,22.17,72.825,21.3
2026-02-05 18:00:00+05:30,22.295,73.19999999999999,26.575
2026-02-05 19:00:00+05:30,21.183333333333334,75.2,37.63333333333333
2026-02-05 20:00:00+05:30,22.115000000000002,79.75,47.375
2026-02-05 21:00:00+05:30,21.6,84.025,65.225
2026-02-05 22:00:00+05:30,22.1875,92.375,40.375
2026-02-05 23:00:00+05:30,22.603333333333335,83.1,46.20000000000001
2026-02-06 00:00:00+05:30,21.47,75.8,46.2
2026-02-06 01:00:00+05:30,22.9375,81.45,45.9
2026-02-06 02:00:00+05:30,22.12,80.325,40.0
2026-02-06 03:00:00+05:30,21.752499999999998,73.42500000000001,39.800000000000004
2026-02-06 04:00:00+05:30,20.880000000000003,73.3,34.45
2026-02-06 05:00:00+05:30,22.8425,68.75,40.974999999999994
2026-02-06 06:00:00+05:30,23.7475,69.775,37.275
2026-02-06 07:00:00+05:30,22.060000000000002,76.475,54.925000000000004
2026-02-06 08:00:00+05:30,23.6225,71.725,52.225
2026-02-06 09:00:00+05:30,21.8825,75.75,71.57499999999999
2026-02-06 10:00:00+05:30,21.735,82.025,56.349999999999994
2026-02-06 11:00:00+05:30,22.2275,79.425,63.65
2026-02-06 12:00:00+05:30,21.932499999999997,78.175,50.65
2026-02-06 13:00:00+05:30,23.0825,71.975,51.7
2026-02-06 14:00:00+05:30,23.3475,71.775,28.2
2026-02-06 15:00:00+05:30,22.15,75.725,23.95
2026-02-06 16:00:00+05:30,21.36,77.225,32.075
2026-02-06 17:00:00+05:30,22.4875,71.25,26.15
2026-02-06 18:00:00+05:30,22.55333333333333,66.66666666666667,32.800000000000004
2026-02-06 19:00:00+05:30,23.5225,72.72500000000001,48.125
2026-02-06 20:00:00+05:30,22.835,84.525,62.575
2026-02-06 21:00:00+05:30,20.8575,79.0,90.65
2026-02-06 22:00:00+05:30,21.072499999999998,54.6,7.125
2026-02-06 23:00:00+05:30,23.30666666666667,147.0666666666667,56.06666666666666
2026-02-07 00:00:00+05:30,22.32,166.1,60.6
2026-02-07 01:00:00+05:30,22.205,161.10000000000002,54.5
2026-02-07 02:00:00+05:30,22.4075,162.725,52.55
2026-02-07 03:00:00+05:30,21.36,150.1,55.15
2026-02-07 04:00:00+05:30,22.2675,146.625,43.425000000000004
2026-02-07 05:00:00+05:30,21.0425,129.9,42.650000000000006
2026-02-07 06:00:00+05:30,21.605,134.14999999999998,40.425000000000004
2026-02-07 07:00:00+05:30,21.21,136.325,39.925
2026-02-07 08:00:00+05:30,21.63,147.97500000000002,70.875
2026-02-07 09:00:00+05:30,22.95,154.125,70.625
2026-02-07 10:00:00+05:30,24.630000000000003,147.77499999999998,58.55
2026-02-07 11:00:00+05:30,22.5425,158.47500000000002,65.15
2026-02-07 12:00:00+05:30,21.015,151.20000000000002,54.425
2026-02-07 13:00:00+05:30,22.642500000000002,146.75,12.325
2026-02-07 14:00:00+05:30,22.09,82.675,0.0
2026-02-07 15:00:00+05:30,23.44333333333333,31.3,12.299999999999999
2026-02-07 16:00:00+05:30,21.463333333333335,86.2,37.233333333333334
2026-02-07 17:00:00+05:30,22.88,92.5,34.475
2026-02-07 18:00:00+05:30,23.025,96.8,35.425
2026-02-07 19:00:00+05:30,22.1525,217.35000000000002,51.65
2026-02-07 20:00:00+05:30,22.8075,243.0,65.19999999999999
2026-02-07 21:00:00+05:30,21.9625,144.45,60.025
2026-02-07 22:00:00+05:30,21.11,116.0,56.975
2026-02-07 23:00:00+05:30,22.30333333333333,132.83333333333334,56.86666666666667
2026-02-08 21:00:00+05:30,22.580000000000002,46.300000000000004,12.366666666666667
2026-02-08 22:00:00+05:30,22.689999999999998,281.125,90.975
2026-02-08 23:00:00+05:30,23.540000000000003,305.6,97.59999999999998
2026-02-09 00:00:00+05:30,21.52,301.3,105.6
2026-02-09 01:00:00+05:30,22.8775,281.85,110.5
2026-02-09 02:00:00+05:30,23.58,256.325,103.42500000000001
2026-02-09 03:00:00+05:30,22.715,203.125,93.35000000000001
2026-02-09 04:00:00+05:30,23.2075,155.875,79.75
2026-02-09 05:00:00+05:30,22.765,125.1,78.5
2026-02-09 06:00:00+05:30,21.03,116.3,80.6
2026-02-09 07:00:00+05:30,23.1475,120.325,74.25
2026-02-09 08:00:00+05:30,21.9525,142.8,72.60000000000001
2026-02-09 09:00:00+05:30,20.9675,140.92499999999998,100.825
2026-02-09 10:00:00+05:30,21.345,146.4,102.325
2026-02-09 11:00:00+05:30,15.983333333333334,91.0,60.199999999999996
2026-02-09 12:00:00+05:30,23.18,124.5,60.5
2026-02-09 13:00:00+05:30,22.38,113.5,50.0
2026-02-09 14:00:00+05:30,22.18,90.69999999999999,40.075
2026-02-09 15:00:00+05:30,22.0675,77.3,27.125
2026-02-09 16:00:00+05:30,23.392500000000002,72.425,21.8
2026-02-09 17:00:00+05:30,22.963333333333335,69.1,21.8
2026-02-09 18:00:00+05:30,21.32,86.9,33.7
2026-02-09 19:00:00+05:30,23.2825,114.65,42.65
2026-02-09 20:00:00+05:30,21.869999999999997,177.175,59.275
2026-02-09 21:00:00+05:30,21.5775,203.92499999999998,80.225
2026-02-09 22:00:00+05:30,22.243333333333336,237.5666666666667,88.83333333333333
2026-02-09 23:00:00+05:30,22.94666666666667,238.69999999999996,101.3
2026-02-10 00:00:00+05:30,22.61,193.2,95.4
2026-02-10 01:00:00+05:30,23.0375,168.6,98.85
2026-02-10 02:00:00+05:30,22.8925,147.725,80.925
2026-02-10 03:00:00+05:30,22.686666666666667,116.3,72.73333333333333
2026-02-10 04:00:00+05:30,22.22666666666667,107.06666666666666,67.03333333333333
2026-02-10 05:00:00+05:30,22.05,90.22500000000001,85.39999999999999
2026-02-10 06:00:00+05:30,22.52,98.425,83.3
2026-02-10 07:00:00+05:30,22.875,106.05,79.95
2026-02-10 08:00:00+05:30,21.85,109.425,89.825
2026-02-10 09:00:00+05:30,23.275,121.25,103.275
2026-02-10 10:00:00+05:30,22.66,135.375,97.1
2026-02-10 11:00:00+05:30,22.655,114.10000000000001,94.85
2026-02-10 12:00:00+05:30,19.35,102.225,68.025
2026-02-10 13:00:00+05:30,22.706666666666667,99.59999999999998,74.4
2026-02-10 14:00:00+05:30,22.5475,89.85,50.45
2026-02-10 15:00:00+05:30,22.8625,81.675,47.85
2026-02-10 16:00:00+05:30,23.377499999999998,75.575,45.5
2026-02-10 17:00:00+05:30,23.0175,63.224999999999994,48.825
2026-02-10 18:00:00+05:30,22.4725,66.9,41.349999999999994
2026-02-10 19:00:00+05:30,23.035,71.725,61.849999999999994
2026-02-10 20:00:00+05:30,22.94,124.375,87.6
2026-02-10 21:00:00+05:30,22.6125,138.575,116.4
2026-02-10 22:00:00+05:30,23.2225,167.6,114.125
2026-02-10 23:00:00+05:30,23.41,140.5,102.2
2026-02-11 00:00:00+05:30,21.92,116.5,89.9
2026-02-11 01:00:00+05:30,22.42,104.57499999999999,86.925
2026-02-11 02:00:00+05:30,23.57,101.775,80.55
2026-02-11 03:00:00+05:30,23.1375,76.875,76.25
2026-02-11 04:00:00+05:30,22.385,80.45,78.9
2026-02-11 05:00:00+05:30,23.0775,74.875,75.875
2026-02-11 06:00:00+05:30,23.15,87.55,78.35
2026-02-11 07:00:00+05:30,22.310000000000002,82.55,81.825
2026-02-11 08:00:00+05:30,22.7375,91.15,109.55
2026-02-11 09:00:00+05:30,23.425,105.77499999999999,127.575
2026-02-11 10:00:00+05:30,24.123333333333335,130.03333333333333,86.06666666666666
2026-02-11 11:00:00+05:30,23.98,80.83333333333333,0.0
2026-02-11 12:00:00+05:30,21.01,96.05,40.65
2026-02-11 13:00:00+05:30,19.7475,124.45,57.125
2026-02-11 14:00:00+05:30,19.2925,124.525,51.725
2026-02-11 15:00:00+05:30,22.05,129.325,50.15
2026-02-11 16:00:00+05:30,10.506666666666666,145.26666666666668,64.36666666666666
2026-02-11 17:00:00+05:30,20.64,150.925,63.5
2026-02-11 18:00:00+05:30,22.3925,156.3,70.5
2026-02-11 19:00:00+05:30,22.075,179.25,77.57499999999999
2026-02-11 20:00:00+05:30,23.395,206.575,88.875
2026-02-11 21:00:00+05:30,22.045,222.875,96.2
2026-02-11 22:00:00+05:30,22.8325,236.07500000000002,110.4
2026-02-11 23:00:00+05:30,23.05666666666667,243.23333333333335,108.53333333333335
2026-02-12 01:00:00+05:30,22.005,208.6,79.8
2026-02-12 02:00:00+05:30,23.2,192.35,85.375
2026-02-12 03:00:00+05:30,22.5775,173.25,72.175
2026-02-12 04:00:00+05:30,24.9575,162.85000000000002,73.775
2026-02-12 05:00:00+05:30,22.939999999999998,155.45,71.1
2026-02-12 06:00:00+05:30,21.2825,150.575,69.275
2026-02-12 07:00:00+05:30,22.01,150.5,78.825
2026-02-12 08:00:00+05:30,22.0925,159.1,103.0
2026-02-12 09:00:00+05:30,23.03,157.1,99.15
2026-02-12 10:00:00+05:30,24.0925,155.05,95.575
2026-02-12 11:00:00+05:30,24.1575,155.5,88.75
2026-02-12 12:00:00+05:30,22.5325,155.425,66.5
2026-02-12 13:00:00+05:30,22.295,153.15,49.725
2026-02-12 14:00:00+05:30,22.57,143.875,40.0
2026-02-12 15:00:00+05:30,24.6725,130.35,32.45
2026-02-12 16:00:00+05:30,22.25,131.3,22.375
2026-02-12 17:00:00+05:30,22.715,130.4,26.200000000000003
2026-02-12 18:00:00+05:30,22.12,133.575,31.725
2026-02-12 19:00:00+05:30,22.6,141.725,37.225
2026-02-12 20:00:00+05:30,21.505,142.725,41.2
2026-02-12 21:00:00+05:30,21.1475,145.6,46.175
2026-02-12 22:00:00+05:30,21.8475,143.95,55.75
2026-02-12 23:00:00+05:30,21.400000000000002,143.6,53.86666666666667
2026-02-15 09:00:00+05:30,21.62,133.6,61.2
2026-02-15 10:00:00+05:30,20.805,137.9,61.975
2026-02-15 11:00:00+05:30,22.2375,144.325,58.8
2026-02-15 12:00:00+05:30,22.5225,138.475,49.25
2026-02-15 13:00:00+05:30,22.5325,132.95,41.775
2026-02-15 14:00:00+05:30,22.9075,121.32499999999999,37.2
2026-02-15 15:00:00+05:30,21.5925,113.975,29.725
2026-02-15 16:00:00+05:30,22.9025,115.0,30.525
2026-02-15 17:00:00+05:30,22.513333333333335,118.46666666666665,34.166666666666664
2026-02-15 18:00:00+05:30,22.2575,121.85,40.85
2026-02-15 19:00:00+05:30,21.445,148.47500000000002,52.4
2026-02-15 20:00:00+05:30,22.9425,185.775,60.95
2026-02-15 21:00:00+05:30,20.9525,219.29999999999998,77.2
2026-02-15 22:00:00+05:30,22.252499999999998,233.125,85.825
2026-02-15 23:00:00+05:30,21.05,217.9333333333333,81.76666666666667
2026-02-16 00:00:00+05:30,21.2,192.4,71.6
2026-02-16 01:00:00+05:30,21.3825,185.225,73.07499999999999
2026-02-16 02:00:00+05:30,23.383333333333336,174.9333333333333,69.3
2026-02-16 03:00:00+05:30,21.6825,166.55,63.724999999999994
2026-02-16 04:00:00+05:30,22.7625,155.75,52.625
2026-02-16 05:00:00+05:30,22.255000000000003,145.725,49.325
2026-02-16 06:00:00+05:30,23.052500000000002,136.125,49.475
2026-02-16 07:00:00+05:30,21.9025,143.5,52.575
2026-02-16 08:00:00+05:30,21.6425,164.9,58.95
2026-02-16 09:00:00+05:30,22.845,170.275,59.725
2026-02-17 12:00:00+05:30,20.92,156.2,61.9
2026-02-17 13:00:00+05:30,23.28,154.14999999999998,49.825
2026-02-17 14:00:00+05:30,22.4525,144.45,43.25
2026-02-17 15:00:00+05:30,22.84,133.875,38.475
2026-02-17 16:00:00+05:30,23.626666666666665,132.9,44.0
2026-02-17 17:00:00+05:30,22.215,141.625,43.7
2026-02-17 18:00:00+05:30,22.6025,163.1,56.925
2026-02-17 19:00:00+05:30,21.5675,189.225,73.875
2026-02-17 20:00:00+05:30,21.5925,245.3,91.625
2026-02-17 21:00:00+05:30,22.4725,306.1,123.025
2026-02-18 07:00:00+05:30,21.776666666666667,204.9333333333333,115.96666666666665
2026-02-18 08:00:00+05:30,23.645,219.35,116.125
2026-02-18 09:00:00+05:30,22.815,224.2,118.95
2026-02-18 10:00:00+05:30,22.605,218.575,114.475
2026-02-18 11:00:00+05:30,23.185000000000002,217.8,0.0
2026-02-18 12:00:00+05:30,23.30666666666667,67.5,0.0
2026-02-18 13:00:00+05:30,23.185000000000002,55.5,56.325
2026-02-18 14:00:00+05:30,23.763333333333335,103.3,54.9
2026-02-18 15:00:00+05:30,23.384999999999998,122.075,54.25
2026-02-18 16:00:00+05:30,22.65,138.89999999999998,55.65
2026-02-18 17:00:00+05:30,22.536666666666665,157.56666666666666,81.16666666666667
2026-02-18 18:00:00+05:30,21.5025,224.425,82.95
2026-02-18 19:00:00+05:30,21.7625,227.475,80.275
2026-02-18 20:00:00+05:30,23.5725,210.79999999999998,82.275
2026-02-18 21:00:00+05:30,22.23,189.0,82.36666666666667
2026-02-19 13:00:00+05:30,24.225,116.2,28.2
2026-02-19 15:00:00+05:30,21.74,110.2,37.5
2026-02-19 16:00:00+05:30,23.58,120.0,21.8
2026-02-19 17:00:00+05:30,23.0275,135.25,22.05
2026-02-19 18:00:00+05:30,23.0,142.525,33.85
2026-02-19 19:00:00+05:30,22.295,163.95,64.75
2026-02-19 20:00:00+05:30,24.0275,158.10000000000002,56.15
2026-02-19 21:00:00+05:30,24.5625,155.475,54.6
2026-02-19 22:00:00+05:30,22.4575,145.95,49.375
2026-02-19 23:00:00+05:30,23.713333333333335,138.5666666666667,58.06666666666666
2026-02-20 00:00:00+05:30,23.34,146.1,52.5
2026-02-20 01:00:00+05:30,23.3525,141.775,53.55
2026-02-20 02:00:00+05:30,22.9375,150.95,60.75
2026-02-20 03:00:00+05:30,22.72,143.025,60.275
2026-02-20 04:00:00+05:30,22.936666666666667,132.0,52.633333333333326
2026-02-20 05:00:00+05:30,23.6575,133.05,46.95
2026-02-20 06:00:00+05:30,22.763333333333332,133.83333333333334,48.9
2026-02-20 07:00:00+05:30,22.189999999999998,157.13333333333333,82.2
2026-02-20 08:00:00+05:30,23.055,162.55,70.9
2026-02-20 09:00:00+05:30,22.286666666666665,165.0,66.23333333333333
2026-02-20 10:00:00+05:30,22.333333333333332,166.73333333333332,59.26666666666667
2026-02-20 11:00:00+05:30,23.97,165.03333333333333,52.53333333333333
2026-02-20 12:00:00+05:30,23.426666666666666,150.4,52.1
2026-02-20 13:00:00+05:30,22.630000000000003,135.55,45.8
2026-02-20 15:00:00+05:30,22.083333333333332,122.2,29.0
2026-02-20 16:00:00+05:30,23.0675,112.92500000000001,33.075
2026-02-20 17:00:00+05:30,23.21,113.6,43.150000000000006
2026-02-20 18:00:00+05:30,21.8625,123.65,40.8
2026-02-20 19:00:00+05:30,22.8025,154.225,53.6
2026-02-20 20:00:00+05:30,22.1375,164.925,57.199999999999996
2026-02-20 21:00:00+05:30,22.1075,175.2,64.15
2026-02-20 22:00:00+05:30,22.625,173.675,57.525000000000006
2026-02-20 23:00:00+05:30,23.856666666666666,175.4666666666667,53.9
2026-02-21 00:00:00+05:30,22.23,165.5,61.5
2026-02-21 01:00:00+05:30,22.9525,162.15,71.45
2026-02-21 02:00:00+05:30,22.2825,156.25,60.375
2026-02-21 03:00:00+05:30,22.785,155.35,51.1
2026-02-21 04:00:00+05:30,21.9175,147.45,45.775
2026-02-21 05:00:00+05:30,22.465,150.2,50.025000000000006
2026-02-21 06:00:00+05:30,22.075,160.70000000000002,53.825
2026-02-21 07:00:00+05:30,23.755,169.525,59.375
2026-02-21 08:00:00+05:30,22.8075,172.39999999999998,68.075
2026-02-21 09:00:00+05:30,23.44,188.825,85.175
2026-02-21 10:00:00+05:30,22.0175,194.35000000000002,74.22500000000001
2026-02-21 11:00:00+05:30,21.453333333333333,186.36666666666665,61.73333333333333
2026-02-21 12:00:00+05:30,23.384999999999998,178.89999999999998,60.65
2026-02-21 13:00:00+05:30,23.41,188.0,60.4
2026-02-21 14:00:00+05:30,23.2375,170.375,50.35
2026-02-21 15:00:00+05:30,23.1175,148.05,41.0
2026-02-21 16:00:00+05:30,23.09,152.0,39.349999999999994
2026-02-21 17:00:00+05:30,22.765,166.45,40.6
2026-02-21 18:00:00+05:30,22.435,161.8,41.075
2026-02-21 19:00:00+05:30,23.873333333333335,175.76666666666665,59.93333333333334
2026-02-21 20:00:00+05:30,22.04,184.15,54.475
2026-02-21 21:00:00+05:30,21.802500000000002,184.9,98.875
2026-02-21 22:00:00+05:30,22.99,181.45,93.9
2026-02-21 23:00:00+05:30,22.3,173.9333333333333,64.8
2026-02-22 01:00:00+05:30,21.03,153.5,49.8
2026-02-22 02:00:00+05:30,21.5775,150.55,49.625
2026-02-22 03:00:00+05:30,22.6425,145.95,53.75
2026-02-22 04:00:00+05:30,23.945,145.17499999999998,53.4
2026-02-22 05:00:00+05:30,22.595,147.75,46.425
2026-02-22 06:00:00+05:30,22.155,149.85,52.4
2026-02-22 07:00:00+05:30,23.4025,160.125,61.775
2026-02-22 08:00:00+05:30,23.0175,167.625,62.099999999999994
2026-02-22 09:00:00+05:30,23.313333333333333,201.4,85.8
2026-02-22 10:00:00+05:30,22.6675,202.725,82.625
2026-02-22 11:00:00+05:30,24.17,207.175,241.72500000000002
2026-02-22 12:00:00+05:30,21.545,186.325,192.35
2026-02-22 13:00:00+05:30,21.2325,162.925,111.0
2026-02-22 14:00:00+05:30,20.64,148.725,69.375
2026-02-22 15:00:00+05:30,20.825,126.5,43.725
2026-02-22 16:00:00+05:30,21.983333333333334,123.7,37.26666666666667
2026-02-22 17:00:00+05:30,20.205,129.85,23.625
2026-02-22 18:00:00+05:30,20.9875,131.85,37.800000000000004
2026-02-22 19:00:00+05:30,22.2,157.33333333333334,50.4
2026-02-22 20:00:00+05:30,16.68,178.3,57.4
2026-02-22 21:00:00+05:30,20.0725,198.375,78.95
2026-02-22 22:00:00+05:30,20.1925,233.725,81.775
2026-02-22 23:00:00+05:30,22.69666666666667,247.1,96.73333333333333
2026-02-23 01:00:00+05:30,19.67,233.0,85.075
2026-02-23 02:00:00+05:30,20.3775,223.175,74.425
2026-02-23 03:00:00+05:30,21.055,203.2,67.625
2026-02-23 04:00:00+05:30,20.9575,203.8,64.85
2026-02-23 05:00:00+05:30,21.7875,206.925,79.525
2026-02-23 06:00:00+05:30,21.4225,203.8,82.725
2026-02-23 07:00:00+05:30,21.7975,208.325,85.30000000000001
2026-02-23 08:00:00+05:30,22.04,236.7,95.05
2026-02-23 09:00:00+05:30,20.0725,250.875,94.15
2026-02-23 10:00:00+05:30,20.165,244.95,87.8
2026-02-23 11:00:00+05:30,21.656666666666666,215.69999999999996,75.9
2026-02-23 12:00:00+05:30,20.5475,198.5,70.1
2026-02-23 13:00:00+05:30,21.6325,197.575,63.025000000000006
2026-02-23 14:00:00+05:30,21.369999999999997,183.9,52.099999999999994
2026-02-23 15:00:00+05:30,22.1275,152.525,42.975
2026-02-23 16:00:00+05:30,20.405,155.5,35.425
2026-02-23 17:00:00+05:30,22.2975,164.925,34.550000000000004
2026-02-23 18:00:00+05:30,20.755,197.52499999999998,67.85
2026-02-23 19:00:00+05:30,21.223333333333333,207.23333333333335,81.60000000000001
2026-02-23 20:00:00+05:30,21.66,277.2,79.5
2026-02-23 21:00:00+05:30,21.0075,303.65,93.375
2026-02-23 22:00:00+05:30,20.3375,328.925,96.825
2026-02-23 23:00:00+05:30,21.576666666666668,321.0,105.76666666666667
2026-02-24 00:00:00+05:30,24.03,303.9,96.8
2026-02-24 01:00:00+05:30,20.447499999999998,293.975,98.025
2026-02-24 02:00:00+05:30,20.5925,270.675,93.9
2026-02-24 03:00:00+05:30,21.875,253.475,93.875
2026-02-24 04:00:00+05:30,20.4375,243.975,84.475
2026-02-24 05:00:00+05:30,20.627499999999998,244.7,84.5
2026-02-24 06:00:00+05:30,22.055,252.75,99.45
2026-02-24 07:00:00+05:30,21.302500000000002,271.375,105.475
2026-02-24 08:00:00+05:30,20.994999999999997,282.15,118.85
2026-02-24 09:00:00+05:30,22.2325,302.05,127.9
2026-02-24 10:00:00+05:30,22.12,277.0,107.325
2026-02-24 11:00:00+05:30,21.615000000000002,244.625,90.65
2026-02-24 12:00:00+05:30,20.3625,210.375,72.975
2026-02-24 13:00:00+05:30,20.9425,179.775,55.225
2026-02-24 14:00:00+05:30,21.06,160.83333333333334,43.4
2026-02-24 15:00:00+05:30,21.069999999999997,138.79999999999998,40.53333333333333
2026-02-24 18:00:00+05:30,21.706666666666667,135.1,38.9
2026-02-24 19:00:00+05:30,20.314999999999998,179.525,46.0
2026-02-24 20:00:00+05:30,20.75,223.70000000000002,68.5
2026-02-24 21:00:00+05:30,20.752499999999998,280.70000000000005,93.775
2026-02-24 22:00:00+05:30,20.82,344.8,111.95
2026-02-24 23:00:00+05:30,21.19666666666667,340.06666666666666,121.5
2026-02-25 00:00:00+05:30,24.71,284.4,106.8
2026-02-25 01:00:00+05:30,23.0325,248.35,109.89999999999999
2026-02-25 02:00:00+05:30,22.927500000000002,225.075,92.95
2026-02-25 03:00:00+05:30,23.430000000000003,207.4333333333333,83.2
2026-02-25 04:00:00+05:30,22.475,200.2,80.875
2026-02-25 05:00:00+05:30,23.5625,190.825,80.725
2026-02-25 06:00:00+05:30,22.814999999999998,184.55,74.72500000000001
2026-02-25 07:00:00+05:30,22.4275,223.10000000000002,74.55
2026-02-25 08:00:00+05:30,23.74,227.33333333333334,76.16666666666667
2026-02-25 09:00:00+05:30,23.4925,236.225,76.85000000000001
2026-02-25 10:00:00+05:30,23.695,229.975,77.225
2026-02-25 11:00:00+05:30,22.290000000000003,212.0666666666667,73.43333333333334
2026-02-25 12:00:00+05:30,23.58,198.875,54.15
2026-02-25 13:00:00+05:30,23.057499999999997,186.275,52.05
2026-02-25 14:00:00+05:30,24.16333333333333,175.4,44.23333333333333
2026-02-25 15:00:00+05:30,23.515,165.65,43.925
2026-02-25 16:00:00+05:30,23.78,158.45,38.85
2026-02-25 17:00:00+05:30,21.3725,153.60000000000002,37.45
2026-02-25 18:00:00+05:30,22.7875,158.725,42.675
2026-02-25 19:00:00+05:30,24.025,190.5,58.2
2026-02-25 20:00:00+05:30,23.1375,207.925,62.125
2026-02-25 21:00:00+05:30,23.23,238.63333333333333,75.46666666666667
2026-02-25 22:00:00+05:30,22.43,241.3,92.525
2026-02-25 23:00:00+05:30,20.636666666666667,236.83333333333334,113.90000000000002
2026-02-26 00:00:00+05:30,20.41,221.3,94.1
2026-02-26 01:00:00+05:30,22.923333333333332,218.5,72.7
2026-02-26 02:00:00+05:30,23.7675,215.625,78.17500000000001
2026-02-26 03:00:00+05:30,23.87,204.92499999999998,74.0
2026-02-26 04:00:00+05:30,23.1775,187.95,62.675
2026-02-26 05:00:00+05:30,23.64,179.95,57.7
2026-02-26 06:00:00+05:30,23.5625,184.475,63.55
2026-02-26 07:00:00+05:30,23.810000000000002,186.425,73.5
2026-02-26 08:00:00+05:30,22.5775,195.775,77.925
2026-02-26 09:00:00+05:30,22.34,209.19999999999996,79.5
2026-02-26 10:00:00+05:30,23.9525,218.125,80.625
2026-02-26 11:00:00+05:30,23.1075,202.57500000000002,74.375
2026-02-26 12:00:00+05:30,23.1075,205.625,60.15
2026-02-26 13:00:00+05:30,23.045,208.1,67.7
2026-02-26 14:00:00+05:30,23.2025,186.625,52.4
2026-02-26 15:00:00+05:30,23.0875,172.8,37.475
2026-02-26 16:00:00+05:30,22.39,154.0,44.56666666666666
2026-02-26 17:00:00+05:30,24.115,159.7,43.025
2026-02-26 18:00:00+05:30,24.1675,170.875,51.550000000000004
2026-02-26 19:00:00+05:30,23.91,182.025,74.925
2026-02-26 20:00:00+05:30,21.8525,196.375,76.35
2026-02-26 21:00:00+05:30,18.7375,209.7,103.125
2026-02-26 22:00:00+05:30,23.885,215.2,98.125
2026-02-26 23:00:00+05:30,22.503333333333334,214.83333333333334,89.10000000000001
2026-02-27 00:00:00+05:30,23.05,204.0,61.9
2026-02-27 01:00:00+05:30,24.25,184.075,51.8
2026-02-27 02:00:00+05:30,23.207500000000003,183.05,65.35000000000001
2026-02-27 03:00:00+05:30,17.455,134.2,38.849999999999994
2026-02-27 04:00:00+05:30,22.822499999999998,170.1,52.75
2026-02-27 05:00:00+05:30,24.1375,194.475,59.35
2026-02-27 06:00:00+05:30,23.77,203.475,72.875
2026-02-27 07:00:00+05:30,23.445,199.525,68.375
2026-02-27 08:00:00+05:30,22.9925,221.27499999999998,73.475
2026-02-27 09:00:00+05:30,23.0025,223.9,98.525
2026-02-27 10:00:00+05:30,23.14,229.125,101.35
2026-02-27 11:00:00+05:30,22.276666666666667,233.13333333333333,85.46666666666665
2026-02-27 12:00:00+05:30,23.7075,205.325,56.8
2026-02-27 13:00:00+05:30,23.285,185.8,54.675
2026-02-27 14:00:00+05:30,23.5,177.5,34.05
2026-02-27 15:00:00+05:30,24.1025,176.3,0.0
2026-02-27 16:00:00+05:30,23.7025,108.45,0.0
2026-02-27 17:00:00+05:30,23.025,66.25,15.6
2026-02-27 18:00:00+05:30,21.2125,127.875,42.1
2026-02-27 19:00:00+05:30,23.53,169.2,56.575
2026-02-27 20:00:00+05:30,22.18,307.225,73.375
2026-02-27 21:00:00+05:30,22.8175,409.6,99.725
2026-02-27 22:00:00+05:30,20.4725,379.575,132.9
2026-02-27 23:00:00+05:30,18.923333333333332,338.26666666666665,146.83333333333334
2026-02-28 00:00:00+05:30,18.72,308.9,134.5
2026-02-28 01:00:00+05:30,18.623333333333335,272.26666666666665,126.76666666666667
2026-02-28 02:00:00+05:30,21.99,194.0,104.26666666666667
2026-02-28 03:00:00+05:30,22.5675,176.975,88.025
2026-02-28 04:00:00+05:30,21.6525,174.05,73.725
2026-02-28 05:00:00+05:30,24.575,192.65,67.4
2026-02-28 06:00:00+05:30,22.3775,207.25,68.35
2026-02-28 07:00:00+05:30,22.285,226.025,75.475
2026-02-28 08:00:00+05:30,22.259999999999998,229.025,102.5
2026-02-28 09:00:00+05:30,21.1075,222.15,105.85
2026-02-28 10:00:00+05:30,23.8025,202.775,84.7
2026-02-28 11:00:00+05:30,23.4525,174.675,68.95
2026-02-28 12:00:00+05:30,23.2875,142.725,49.975
2026-02-28 13:00:00+05:30,23.552500000000002,130.1,42.7
2026-02-28 14:00:00+05:30,22.016666666666666,139.36666666666667,42.53333333333333
2026-02-28 15:00:00+05:30,22.3925,135.475,36.525
2026-02-28 16:00:00+05:30,22.94333333333333,131.43333333333334,36.0
2026-02-28 17:00:00+05:30,21.155,136.55,45.575
2026-02-28 18:00:00+05:30,21.84,167.1,46.7
2026-02-28 19:00:00+05:30,22.5025,283.7,59.2
2026-02-28 20:00:00+05:30,22.48,359.725,77.3
2026-02-28 21:00:00+05:30,22.24,383.09999999999997,96.925
2026-02-28 22:00:00+05:30,22.7925,414.325,112.55
2026-02-28 23:00:00+05:30,21.61,384.76666666666665,113.26666666666665
2026-03-01 01:00:00+05:30,21.56,211.4,98.7
2026-03-01 02:00:00+05:30,22.1675,198.125,88.0
2026-03-01 03:00:00+05:30,22.345,156.275,72.8
2026-03-01 04:00:00+05:30,22.55,146.4333333333333,66.3
2026-03-01 05:00:00+05:30,22.8275,178.775,62.275
2026-03-01 06:00:00+05:30,20.93,176.525,60.425
2026-03-01 07:00:00+05:30,22.7675,167.7,57.95
2026-03-01 08:00:00+05:30,24.0125,193.2,64.225
2026-03-01 09:00:00+05:30,23.045,214.725,69.85
2026-03-01 10:00:00+05:30,24.3375,203.55,69.6
2026-03-01 11:00:00+05:30,22.685000000000002,152.625,69.075
2026-03-01 12:00:00+05:30,21.6525,129.3,53.025
2026-03-01 13:00:00+05:30,22.2525,137.54999999999998,35.4
2026-03-01 14:00:00+05:30,23.745,140.4,29.2
2026-03-01 15:00:00+05:30,22.1475,141.525,32.35
2026-03-01 16:00:00+05:30,23.090000000000003,146.45,34.45
2026-03-01 17:00:00+05:30,22.1975,146.4,34.025
2026-03-01 18:00:00+05:30,22.665,147.625,33.625
2026-03-01 19:00:00+05:30,22.1875,161.15,35.7
2026-03-01 20:00:00+05:30,22.6325,177.125,52.125
2026-03-01 21:00:00+05:30,22.7075,184.75,61.725
2026-03-01 22:00:00+05:30,23.5775,191.65,66.15
2026-03-01 23:00:00+05:30,22.576666666666668,190.4666666666667,76.36666666666666
2026-03-02 01:00:00+05:30,21.35,140.7,54.4
2026-03-02 02:00:00+05:30,22.6075,144.425,50.3
2026-03-02 03:00:00+05:30,21.7125,146.675,48.775
2026-03-02 04:00:00+05:30,22.6925,147.85,53.625
2026-03-02 05:00:00+05:30,21.98,148.475,53.225
2026-03-02 06:00:00+05:30,22.2325,144.725,56.425
2026-03-02 07:00:00+05:30,22.4575,152.375,62.5
2026-03-02 08:00:00+05:30,23.195,161.65,62.625
2026-03-02 09:00:00+05:30,21.49666666666667,158.29999999999998,68.16666666666667
2026-03-02 10:00:00+05:30,22.142500000000002,158.875,76.225
2026-03-02 11:00:00+05:30,22.896666666666665,164.83333333333334,71.7
2026-03-02 12:00:00+05:30,23.503333333333334,162.63333333333333,69.83333333333333
2026-03-02 13:00:00+05:30,22.83,171.9,54.06666666666666
2026-03-02 14:00:00+05:30,22.973333333333333,171.29999999999998,39.1
2026-03-02 15:00:00+05:30,22.05666666666667,169.26666666666668,28.833333333333332
2026-03-02 17:00:00+05:30,21.6,154.85,33.9
2026-03-02 18:00:00+05:30,22.69666666666667,157.73333333333335,44.0
2026-03-02 19:00:00+05:30,22.376666666666665,161.20000000000002,49.73333333333333
2026-03-02 22:00:00+05:30,21.675,192.55,55.75
2026-03-02 23:00:00+05:30,22.39,186.25,60.15
2026-03-03 00:00:00+05:30,23.285,182.42499999999998,64.775
2026-03-03 01:00:00+05:30,22.145,191.15,73.275
2026-03-03 02:00:00+05:30,23.25,198.4,77.425
2026-03-03 03:00:00+05:30,21.990000000000002,187.7,78.55000000000001
2026-03-03 04:00:00+05:30,21.75666666666667,174.63333333333333,65.03333333333335
2026-03-03 05:00:00+05:30,22.465,172.375,53.2
2026-03-03 06:00:00+05:30,23.182499999999997,175.125,52.7
2026-03-03 07:00:00+05:30,22.676666666666666,176.5666666666667,67.5
2026-03-03 08:00:00+05:30,22.80666666666667,181.36666666666667,72.39999999999999
2026-03-03 09:00:00+05:30,23.586666666666662,199.86666666666667,72.13333333333333
2026-03-03 10:00:00+05:30,22.583333333333332,207.96666666666667,79.13333333333333
2026-03-03 11:00:00+05:30,22.543333333333333,207.0666666666667,79.03333333333333
2026-03-03 12:00:00+05:30,22.659999999999997,196.26666666666665,68.06666666666666
2026-03-03 13:00:00+05:30,22.736666666666668,201.4333333333333,65.10000000000001
2026-03-03 14:00:00+05:30,22.939999999999998,208.13333333333333,58.166666666666664
2026-03-03 15:00:00+05:30,23.060000000000002,183.63333333333333,48.73333333333333
2026-03-03 16:00:00+05:30,20.643333333333334,161.56666666666666,50.5
2026-03-03 17:00:00+05:30,22.526666666666667,155.36666666666665,51.43333333333334
2026-03-03 18:00:00+05:30,21.9975,158.175,54.0
2026-03-03 19:00:00+05:30,22.61,152.5,61.8
2026-03-03 20:00:00+05:30,22.89,182.7,65.9
2026-03-03 21:00:00+05:30,22.4775,195.4,71.225
2026-03-03 22:00:00+05:30,22.5075,192.25,66.475
2026-03-03 23:00:00+05:30,22.01,189.4333333333333,65.83333333333333
2026-03-04 00:00:00+05:30,22.5825,191.375,68.175
2026-03-04 01:00:00+05:30,23.8,189.97500000000002,65.2
2026-03-04 02:00:00+05:30,22.465,183.325,61.525
2026-03-04 03:00:00+05:30,22.2825,175.85,61.675
2026-03-04 04:00:00+05:30,22.322499999999998,167.725,64.2
2026-03-04 05:00:00+05:30,21.9975,166.75,71.975
2026-03-04 06:00:00+05:30,23.11,168.175,73.97500000000001
2026-03-04 07:00:00+05:30,21.585,171.1,69.975
2026-03-04 08:00:00+05:30,23.215,182.725,72.65
2026-03-04 09:00:00+05:30,24.1525,195.0,80.075
2026-03-04 10:00:00+05:30,22.6425,204.2,85.475
2026-03-04 11:00:00+05:30,23.2675,207.475,76.94999999999999
2026-03-04 12:00:00+05:30,23.03,203.8,68.65
2026-03-04 13:00:00+05:30,23.275,201.825,66.2
2026-03-04 14:00:00+05:30,23.4575,195.875,63.475
2026-03-04 15:00:00+05:30,23.08,182.3,53.95
2026-03-04 16:00:00+05:30,22.3975,169.75,48.1
2026-03-04 17:00:00+05:30,21.5575,166.0,45.65
2026-03-04 18:00:00+05:30,23.134999999999998,165.14999999999998,60.95
2026-03-04 19:00:00+05:30,22.0175,165.925,61.7
2026-03-04 20:00:00+05:30,22.945,171.775,62.25
2026-03-04 21:00:00+05:30,24.27,187.575,58.8
2026-03-04 22:00:00+05:30,24.5175,203.7,64.275
2026-03-04 23:00:00+05:30,42.053333333333335,209.96666666666667,74.0
2026-03-05 00:00:00+05:30,39.5775,212.55,75.625
2026-03-05 01:00:00+05:30,41.07666666666666,215.73333333333335,76.13333333333333
2026-03-05 02:00:00+05:30,41.3325,216.225,69.275
2026-03-05 03:00:00+05:30,42.28,204.625,68.725
2026-03-05 04:00:00+05:30,39.305,194.85,72.60000000000001
2026-03-05 05:00:00+05:30,40.89666666666667,200.20000000000002,79.73333333333333
2026-03-05 06:00:00+05:30,41.1675,201.9,79.875
2026-03-05 07:00:00+05:30,40.795,203.9,82.35
2026-03-05 08:00:00+05:30,41.8375,205.475,86.85
2026-03-05 09:00:00+05:30,42.18,209.70000000000002,79.13333333333333
2026-03-05 10:00:00+05:30,42.5,210.4,81.0
2026-03-05 12:00:00+05:30,41.835,220.39999999999998,86.30000000000001
2026-03-05 13:00:00+05:30,42.2125,228.225,85.125
2026-03-05 14:00:00+05:30,41.14,230.79999999999998,81.13333333333334
2026-03-05 15:00:00+05:30,41.665,215.775,75.825
2026-03-05 16:00:00+05:30,41.2775,200.65,71.22500000000001
2026-03-05 17:00:00+05:30,41.4275,182.575,63.05
2026-03-05 18:00:00+05:30,40.6525,184.625,63.075
2026-03-05 19:00:00+05:30,40.836666666666666,204.0666666666667,69.13333333333334
2026-03-05 20:00:00+05:30,42.1625,245.075,79.0
2026-03-05 21:00:00+05:30,40.0,265.4,81.1
2026-03-05 22:00:00+05:30,42.8475,285.6,111.15
2026-03-05 23:00:00+05:30,41.15,284.23333333333335,115.73333333333333
2026-03-06 00:00:00+05:30,41.92,266.9,106.9
2026-03-06 01:00:00+05:30,40.7975,265.6,111.95
2026-03-06 02:00:00+05:30,41.0875,261.675,106.2
2026-03-06 03:00:00+05:30,41.7125,243.65,102.7
2026-03-06 04:00:00+05:30,41.6175,226.75,98.5
2026-03-06 05:00:00+05:30,41.75,220.8,79.0
2026-03-06 06:00:00+05:30,41.725,232.0,80.875
2026-03-06 07:00:00+05:30,41.5625,235.25,92.225
2026-03-06 08:00:00+05:30,42.1475,233.7,95.05
2026-03-06 09:00:00+05:30,41.332499999999996,235.975,95.15
2026-03-06 10:00:00+05:30,42.07,231.375,86.425
2026-03-06 11:00:00+05:30,41.067499999999995,220.425,81.075
2026-03-06 12:00:00+05:30,41.9,200.875,69.875
2026-03-06 13:00:00+05:30,41.3075,173.55,58.9
2026-03-06 14:00:00+05:30,38.23,153.825,55.2
2026-03-06 15:00:00+05:30,33.22,135.525,46.9
2026-03-06 16:00:00+05:30,33.01,127.36666666666667,53.4
2026-03-06 17:00:00+05:30,32.760000000000005,133.075,55.975
2026-03-06 18:00:00+05:30,32.545,147.45,52.95
2026-03-06 19:00:00+05:30,32.4725,166.975,56.25
2026-03-06 20:00:00+05:30,32.575,197.475,78.55
2026-03-06 21:00:00+05:30,31.8075,229.625,104.625
2026-03-06 22:00:00+05:30,30.497500000000002,252.64999999999998,122.675
2026-03-06 23:00:00+05:30,27.46666666666667,253.16666666666666,137.96666666666667
2026-03-07 00:00:00+05:30,30.247500000000002,255.9,141.925
2026-03-07 01:00:00+05:30,31.636666666666667,257.8666666666667,133.66666666666666
2026-03-07 02:00:00+05:30,32.75,249.70000000000002,113.33333333333333
2026-03-07 03:00:00+05:30,32.735,239.72500000000002,102.25
2026-03-07 04:00:00+05:30,31.8075,226.55,92.9
2026-03-07 05:00:00+05:30,31.955,218.825,92.55
2026-03-07 06:00:00+05:30,31.54,215.375,94.75
2026-03-07 07:00:00+05:30,33.375,224.85,103.75
2026-03-07 08:00:00+05:30,31.740000000000002,220.0,114.45
2026-03-07 09:00:00+05:30,32.19,203.85,120.275
2026-03-07 10:00:00+05:30,32.4325,199.29999999999998,115.125
2026-03-07 11:00:00+05:30,32.870000000000005,184.425,97.025
2026-03-07 12:00:00+05:30,33.66,154.425,83.35
2026-03-07 13:00:00+05:30,32.6625,127.625,77.975
2026-03-07 19:00:00+05:30,32.2775,182.625,69.1
2026-03-07 20:00:00+05:30,30.905,214.875,86.625
2026-03-07 21:00:00+05:30,33.0025,248.85000000000002,99.45
2026-03-07 22:00:00+05:30,31.8825,234.85000000000002,116.0
2026-03-07 23:00:00+05:30,31.55666666666667,211.79999999999998,128.73333333333332
2026-03-08 00:00:00+05:30,32.8825,235.45000000000002,125.675
2026-03-08 01:00:00+05:30,32.25,256.55,126.55
2026-03-08 02:00:00+05:30,32.432500000000005,264.825,127.05
2026-03-08 03:00:00+05:30,32.33,256.075,120.39999999999999
2026-03-08 04:00:00+05:30,32.225,239.7,113.77499999999999
2026-03-08 05:00:00+05:30,30.8925,221.25,121.69999999999999
2026-03-08 06:00:00+05:30,32.815,205.75,128.95
2026-03-08 07:00:00+05:30,32.519999999999996,217.35,134.97500000000002
2026-03-08 08:00:00+05:30,31.7025,211.25,142.20000000000002
2026-03-08 09:00:00+05:30,31.695,181.075,139.275
2026-03-08 10:00:00+05:30,32.2725,167.35,138.725
2026-03-08 11:00:00+05:30,32.715,133.9,129.625
2026-03-08 12:00:00+05:30,30.88,94.675,102.7
2026-03-08 13:00:00+05:30,33.2725,59.975,84.3
2026-03-08 14:00:00+05:30,33.595,35.725,66.4
2026-03-08 15:00:00+05:30,32.945,27.275,57.724999999999994
2026-03-08 16:00:00+05:30,32.3625,44.775,57.724999999999994
2026-03-08 17:00:00+05:30,32.752500000000005,68.9,58.7
2026-03-08 18:00:00+05:30,30.82,73.2,63.9
2026-03-08 19:00:00+05:30,32.235,102.4,71.1
2026-03-08 20:00:00+05:30,31.9575,118.44999999999999,84.425
2026-03-08 21:00:00+05:30,33.739999999999995,142.25,102.6
2026-03-08 22:00:00+05:30,30.4375,140.75,120.975
2026-03-08 23:00:00+05:30,32.276666666666664,83.93333333333332,129.63333333333333
2026-03-09 00:00:00+05:30,32.3,44.975,143.125
2026-03-09 01:00:00+05:30,32.68,54.9,142.6
2026-03-09 02:00:00+05:30,31.6975,73.57499999999999,127.5
2026-03-09 03:00:00+05:30,32.275,66.8,114.75
2026-03-09 04:00:00+05:30,31.23,56.474999999999994,112.4
2026-03-09 05:00:00+05:30,31.58,61.625,114.9
2026-03-09 06:00:00+05:30,32.425,60.3,112.45
2026-03-09 07:00:00+05:30,31.995,23.6,40.5
2026-03-09 08:00:00+05:30,32.3375,61.775000000000006,92.82499999999999
2026-03-09 09:00:00+05:30,32.432500000000005,127.0,58.275
2026-03-09 10:00:00+05:30,32.815,161.67499999999998,62.375
2026-03-09 11:00:00+05:30,31.175,259.275,104.125
2026-03-09 12:00:00+05:30,32.442499999999995,232.525,86.425
2026-03-09 13:00:00+05:30,33.6975,200.0,68.025
2026-03-09 14:00:00+05:30,32.0775,181.10000000000002,61.05
2026-03-09 15:00:00+05:30,30.485,165.85,52.95
2026-03-09 16:00:00+05:30,33.285,151.64999999999998,44.475
2026-03-09 17:00:00+05:30,32.21666666666667,147.86666666666667,48.96666666666667
2026-03-09 18:00:00+05:30,32.915,158.425,51.1
2026-03-09 19:00:00+05:30,32.845,299.57500000000005,64.125
2026-03-09 20:00:00+05:30,32.0175,405.85,82.375
2026-03-09 21:00:00+05:30,32.1175,52.825,98.05
2026-03-09 22:00:00+05:30,31.2025,325.775,105.19999999999999
2026-03-09 23:00:00+05:30,31.14,315.9,113.3
2026-03-10 13:00:00+05:30,33.70666666666667,30.599999999999998,8.366666666666667
2026-03-10 14:00:00+05:30,32.61000000000001,370.8,173.5
2026-03-10 15:00:00+05:30,32.865,357.2,125.6
2026-03-10 16:00:00+05:30,33.7875,383.1,130.0
2026-03-10 17:00:00+05:30,31.9125,357.7,143.3
2026-03-10 18:00:00+05:30,33.64,354.95,129.575
2026-03-10 19:00:00+05:30,33.2825,394.775,122.075
2026-03-10 20:00:00+05:30,31.925,443.9,158.075
2026-03-10 21:00:00+05:30,32.489999999999995,636.725,141.1
2026-03-10 22:00:00+05:30,31.557499999999997,571.675,146.9
2026-03-10 23:00:00+05:30,33.413333333333334,486.0,144.4
2026-03-11 00:00:00+05:30,32.16,561.2,140.8
2026-03-11 01:00:00+05:30,31.634999999999998,763.85,136.35
2026-03-11 02:00:00+05:30,30.5925,570.475,127.3
2026-03-11 03:00:00+05:30,31.925,639.425,126.625
2026-03-11 04:00:00+05:30,33.0025,607.3249999999999,119.425
2026-03-11 05:00:00+05:30,32.72666666666667,653.4,122.90000000000002
2026-03-11 06:00:00+05:30,32.4975,428.325,117.64999999999999
2026-03-11 07:00:00+05:30,32.835,702.25,119.2
2026-03-11 08:00:00+05:30,32.4675,167.725,124.95
2026-03-11 09:00:00+05:30,31.9125,189.225,137.17499999999998
2026-03-11 10:00:00+05:30,31.986666666666668,316.26666666666665,121.66666666666667
2026-03-11 11:00:00+05:30,33.8225,10.6,0.0
2026-03-11 12:00:00+05:30,32.4075,161.4,80.85
2026-03-11 13:00:00+05:30,32.336666666666666,197.23333333333335,89.96666666666665
2026-03-11 14:00:00+05:30,32.445,203.675,74.375
2026-03-11 15:00:00+05:30,32.13,207.55,100.19999999999999
2026-03-11 16:00:00+05:30,31.880000000000003,181.4,76.025
2026-03-11 17:00:00+05:30,32.912499999999994,179.575,55.15
2026-03-11 18:00:00+05:30,33.379999999999995,189.95,52.925
2026-03-11 19:00:00+05:30,32.4325,235.625,123.775
2026-03-11 20:00:00+05:30,31.30666666666667,281.26666666666665,108.26666666666667
2026-03-11 21:00:00+05:30,32.196666666666665,342.8333333333333,115.39999999999999
2026-03-11 22:00:00+05:30,33.61,407.8,129.025
2026-03-11 23:00:00+05:30,33.22,424.2,148.0
2026-03-12 01:00:00+05:30,33.93,366.3,124.4
2026-03-12 02:00:00+05:30,31.785,326.04999999999995,109.3
2026-03-12 03:00:00+05:30,32.943333333333335,249.5666666666667,153.0
2026-03-12 04:00:00+05:30,31.3425,192.275,109.725
2026-03-12 05:00:00+05:30,32.71,200.67499999999998,155.3
2026-03-12 06:00:00+05:30,31.9525,207.57500000000002,113.2
2026-03-12 07:00:00+05:30,33.025,211.32500000000002,90.89999999999999
2026-03-12 08:00:00+05:30,32.96,205.975,84.77499999999999
2026-03-12 09:00:00+05:30,33.0875,217.70000000000002,77.8
2026-03-12 10:00:00+05:30,32.9775,226.5,75.17500000000001
2026-03-12 11:00:00+05:30,33.045,213.7,73.275
2026-03-12 12:00:00+05:30,32.325,184.2,48.099999999999994
2026-03-12 13:00:00+05:30,31.45,175.15,47.8
2026-03-12 14:00:00+05:30,32.96,180.5666666666667,39.666666666666664
2026-03-12 15:00:00+05:30,31.286666666666665,173.0666666666667,56.86666666666667
2026-03-12 16:00:00+05:30,31.82,166.3,47.65
2026-03-12 17:00:00+05:30,32.35,166.6,41.0
2026-03-12 18:00:00+05:30,32.995,175.0,33.5
2026-03-12 19:00:00+05:30,31.793333333333333,374.3666666666666,101.8
2026-03-12 20:00:00+05:30,32.285,315.575,92.4
2026-03-12 21:00:00+05:30,32.725,345.32500000000005,95.15
2026-03-12 22:00:00+05:30,33.4225,286.675,97.85
2026-03-12 23:00:00+05:30,30.98,237.73333333333335,81.63333333333333
2026-03-13 00:00:00+05:30,33.99,251.9,82.0
2026-03-13 01:00:00+05:30,32.755,208.375,66.225
2026-03-13 02:00:00+05:30,32.9075,178.275,55.75
2026-03-13 03:00:00+05:30,32.82,157.65,62.849999999999994
2026-03-13 04:00:00+05:30,32.7425,211.6,63.7
2026-03-13 05:00:00+05:30,31.447499999999998,182.075,87.65
2026-03-13 06:00:00+05:30,31.3725,191.825,79.175
2026-03-13 07:00:00+05:30,31.459999999999997,232.79999999999998,87.66666666666667
2026-03-13 08:00:00+05:30,32.1175,251.05,85.7
2026-03-13 09:00:00+05:30,31.74,282.20000000000005,104.95
2026-03-13 10:00:00+05:30,32.776666666666664,273.96666666666664,99.66666666666667
2026-03-13 13:00:00+05:30,33.21,164.6,66.1
2026-03-13 14:00:00+05:30,32.74333333333333,143.1,49.199999999999996
2026-03-13 15:00:00+05:30,31.509999999999998,153.3,94.14999999999999
2026-03-13 16:00:00+05:30,32.8925,149.27499999999998,67.625
2026-03-13 17:00:00+05:30,32.552499999999995,144.35,48.025000000000006
2026-03-13 18:00:00+05:30,32.1825,152.45,44.925
2026-03-13 19:00:00+05:30,33.2,199.125,101.25
2026-03-13 20:00:00+05:30,33.1725,218.775,76.80000000000001
2026-03-13 21:00:00+05:30,31.9525,211.27499999999998,76.275
2026-03-13 22:00:00+05:30,32.45,198.8,63.050000000000004
2026-03-13 23:00:00+05:30,33.31,190.83333333333334,78.26666666666667
2026-03-14 00:00:00+05:30,33.52,181.5,61.7
2026-03-14 01:00:00+05:30,32.1225,179.52499999999998,64.0
2026-03-14 02:00:00+05:30,31.4275,160.55,53.65
2026-03-14 03:00:00+05:30,31.845,152.675,66.80000000000001
2026-03-14 04:00:00+05:30,32.38,148.05,55.575
2026-03-14 05:00:00+05:30,31.636666666666667,145.7,56.1
2026-03-14 06:00:00+05:30,31.29,137.125,45.625
2026-03-14 07:00:00+05:30,32.6375,135.8,51.3
2026-03-14 08:00:00+05:30,33.7775,143.875,47.9
2026-03-14 09:00:00+05:30,32.0,158.425,48.725
2026-03-14 10:00:00+05:30,34.205,167.3,60.85
2026-03-14 11:00:00+05:30,32.4575,161.175,56.575
2026-03-14 12:00:00+05:30,32.45333333333334,154.79999999999998,43.93333333333334
2026-03-14 13:00:00+05:30,32.87,146.93333333333334,35.300000000000004
2026-03-14 14:00:00+05:30,33.32,135.45000000000002,24.175
2026-03-14 15:00:00+05:30,33.160000000000004,134.925,106.075
2026-03-14 16:00:00+05:30,32.32,115.45,83.575
2026-03-14 17:00:00+05:30,32.2525,121.025,60.075
2026-03-14 18:00:00+05:30,33.615,130.3,57.275
2026-03-14 19:00:00+05:30,33.5225,157.45,48.0
2026-03-14 20:00:00+05:30,32.3875,176.29999999999998,57.4
2026-03-14 21:00:00+05:30,33.2325,208.9,64.6
2026-03-14 22:00:00+05:30,32.41,265.15000000000003,77.7
2026-03-14 23:00:00+05:30,32.69,239.63333333333333,78.43333333333332
2026-03-15 00:00:00+05:30,32.95,261.6,73.8
2026-03-15 01:00:00+05:30,32.945,226.70000000000002,100.225
2026-03-15 02:00:00+05:30,32.2975,172.72500000000002,78.875
2026-03-15 03:00:00+05:30,32.595,139.3,57.35
2026-03-15 04:00:00+05:30,32.12,142.89999999999998,60.45
2026-03-15 05:00:00+05:30,33.375,158.95,65.0
2026-03-15 06:00:00+05:30,31.987499999999997,171.35,85.55
2026-03-15 07:00:00+05:30,32.515,398.3,78.85
2026-03-15 08:00:00+05:30,32.0825,212.675,76.75
2026-03-15 09:00:00+05:30,33.0225,155.54999999999998,64.5
2026-03-15 10:00:00+05:30,33.1825,124.72500000000001,59.324999999999996
2026-03-15 11:00:00+05:30,32.8375,136.25,51.8
2026-03-15 12:00:00+05:30,32.7275,151.45,42.75
2026-03-15 13:00:00+05:30,31.682499999999997,189.82500000000002,45.15
2026-03-15 14:00:00+05:30,32.89,174.95,49.725
2026-03-15 15:00:00+05:30,33.785,142.75,43.5
2026-03-15 16:00:00+05:30,32.965,137.65,62.075
2026-03-15 17:00:00+05:30,32.082499999999996,129.52499999999998,47.775000000000006
2026-03-15 18:00:00+05:30,32.97,224.925,62.175
2026-03-15 19:00:00+05:30,32.6775,208.03333333333333,50.63333333333333
2026-03-15 20:00:00+05:30,31.44,165.55,37.275
2026-03-15 21:00:00+05:30,33.0025,131.725,40.125
2026-03-15 22:00:00+05:30,32.1475,132.6,39.875
2026-03-15 23:00:00+05:30,32.083333333333336,117.86666666666667,31.433333333333334
2026-03-16 00:00:00+05:30,32.99,109.9,28.7
2026-03-16 01:00:00+05:30,32.755,81.85,25.7
2026-03-16 02:00:00+05:30,31.22,58.2,24.2
2026-03-16 03:00:00+05:30,31.94,53.4,18.05
2026-03-16 04:00:00+05:30,32.4975,77.75,24.75
2026-03-16 05:00:00+05:30,33.1275,90.8,30.95
2026-03-16 06:00:00+05:30,31.555,91.625,33.400000000000006
2026-03-16 07:00:00+05:30,32.4375,75.15,34.45
2026-03-16 08:00:00+05:30,32.745000000000005,84.6,36.05
2026-03-16 09:00:00+05:30,33.085,98.975,37.425
2026-03-16 10:00:00+05:30,34.175,90.525,38.275
2026-03-16 11:00:00+05:30,33.4425,93.0,34.05
2026-03-16 12:00:00+05:30,32.376666666666665,100.33333333333333,30.900000000000002
2026-03-16 13:00:00+05:30,33.795,113.05000000000001,32.95
2026-03-16 14:00:00+05:30,31.4225,97.475,20.35
2026-03-16 15:00:00+05:30,32.3125,105.725,41.725
2026-03-16 16:00:00+05:30,31.223333333333333,105.63333333333333,42.63333333333333
2026-03-16 17:00:00+05:30,32.76,117.3,47.925
2026-03-16 18:00:00+05:30,31.66,134.825,45.425
2026-03-16 19:00:00+05:30,34.07,162.20000000000002,64.0
2026-03-16 20:00:00+05:30,32.3325,180.3,52.775000000000006
2026-03-16 21:00:00+05:30,31.2875,182.35000000000002,64.55
2026-03-16 22:00:00+05:30,32.053333333333335,186.1,80.4
2026-03-16 23:00:00+05:30,33.70666666666667,206.70000000000002,73.89999999999999
2026-03-17 00:00:00+05:30,34.42,218.6,77.9
2026-03-17 01:00:00+05:30,31.275,196.2,78.25
2026-03-17 02:00:00+05:30,31.275,172.85,59.099999999999994
2026-03-17 03:00:00+05:30,33.485,169.525,70.725
2026-03-17 04:00:00+05:30,32.36,171.65,67.85000000000001
2026-03-17 05:00:00+05:30,32.5175,184.45,76.875
2026-03-17 06:00:00+05:30,33.02,176.75,69.375
2026-03-17 07:00:00+05:30,31.9725,182.65,65.925
2026-03-17 08:00:00+05:30,31.373333333333335,179.66666666666666,76.7
2026-03-17 09:00:00+05:30,30.765,172.25,65.925
2026-03-17 10:00:00+05:30,31.4225,168.375,54.55
2026-03-17 11:00:00+05:30,31.67,165.325,46.775000000000006
2026-03-17 12:00:00+05:30,31.953333333333333,169.6,36.46666666666667
2026-03-17 13:00:00+05:30,32.38,162.025,40.5
2026-03-17 14:00:00+05:30,32.69,137.775,36.825
2026-03-17 15:00:00+05:30,32.4275,129.97500000000002,41.975
2026-03-17 16:00:00+05:30,32.075,132.3,42.5
2026-03-17 17:00:00+05:30,32.0125,136.05,54.6
2026-03-17 18:00:00+05:30,31.7325,160.475,52.85
2026-03-17 19:00:00+05:30,32.739999999999995,170.25,63.975
2026-03-17 20:00:00+05:30,32.245,180.8,57.650000000000006
2026-03-17 21:00:00+05:30,31.604999999999997,187.625,69.0
2026-03-17 22:00:00+05:30,31.4625,196.225,72.975
2026-03-17 23:00:00+05:30,31.863333333333333,208.76666666666665,77.96666666666665
2026-03-18 00:00:00+05:30,32.81,224.4,82.2
2026-03-18 01:00:00+05:30,33.305,218.75,82.375
2026-03-18 02:00:00+05:30,31.2325,215.14999999999998,83.67500000000001
2026-03-18 03:00:00+05:30,33.215,208.175,70.775
2026-03-18 04:00:00+05:30,31.932499999999997,203.4,77.3
2026-03-18 05:00:00+05:30,31.825000000000003,204.775,87.25
2026-03-18 06:00:00+05:30,31.884999999999998,199.425,91.0
2026-03-18 07:00:00+05:30,33.337500000000006,216.1,97.3
2026-03-18 08:00:00+05:30,31.192500000000003,240.45,94.025
2026-03-18 09:00:00+05:30,32.1025,216.35000000000002,91.175
2026-03-18 10:00:00+05:30,31.6475,179.0,79.3
2026-03-18 11:00:00+05:30,32.5775,171.275,63.65
2026-03-18 12:00:00+05:30,31.91,170.29999999999998,51.575
2026-03-18 13:00:00+05:30,32.9925,181.525,64.55
2026-03-18 14:00:00+05:30,33.06,180.3,55.85
2026-03-18 15:00:00+05:30,33.5275,165.65,55.474999999999994
2026-03-18 16:00:00+05:30,32.09,159.95,46.625
2026-03-18 17:00:00+05:30,32.8875,160.275,45.05
2026-03-18 18:00:00+05:30,32.965,160.575,36.1
2026-03-18 19:00:00+05:30,31.747500000000002,163.1,50.475
2026-03-18 20:00:00+05:30,31.325000000000003,187.1,60.725
2026-03-18 21:00:00+05:30,30.63,235.80000000000004,81.4
2026-03-18 22:00:00+05:30,31.8125,234.07500000000002,92.325
2026-03-18 23:00:00+05:30,32.60333333333333,215.0,86.66666666666667
2026-03-19 00:00:00+05:30,30.81,226.5,69.1
2026-03-19 01:00:00+05:30,32.2025,212.25,82.5
2026-03-19 02:00:00+05:30,31.35,203.05,83.525
2026-03-19 03:00:00+05:30,30.5225,198.9,69.65
2026-03-19 04:00:00+05:30,30.3975,188.7,73.775
2026-03-19 05:00:00+05:30,31.6,182.625,66.625
2026-03-19 06:00:00+05:30,33.07,166.1,52.074999999999996
2026-03-19 07:00:00+05:30,30.634999999999998,163.4,66.5
2026-03-19 08:00:00+05:30,32.3825,163.225,68.875
2026-03-19 09:00:00+05:30,32.775,165.6,85.075
2026-03-19 10:00:00+05:30,31.875,162.925,74.0
2026-03-19 11:00:00+05:30,24.2925,80.94999999999999,56.05
2026-03-19 12:00:00+05:30,32.935,142.55,63.225
2026-03-19 13:00:00+05:30,32.5325,143.35,55.975
2026-03-19 14:00:00+05:30,33.5625,135.14999999999998,48.625
2026-03-19 15:00:00+05:30,31.88,115.325,29.95
2026-03-19 16:00:00+05:30,31.9075,114.175,30.4
2026-03-19 17:00:00+05:30,31.765,106.775,27.650000000000002
2026-03-19 18:00:00+05:30,30.9825,111.35,30.75
2026-03-19 19:00:00+05:30,30.9975,129.9,26.025000000000002
2026-03-19 20:00:00+05:30,30.5625,169.55,38.9
2026-03-19 21:00:00+05:30,31.78,167.625,50.0
2026-03-19 22:00:00+05:30,31.087500000000002,164.85,60.8
2026-03-19 23:00:00+05:30,30.563333333333333,163.70000000000002,57.9
2026-03-20 00:00:00+05:30,29.59,166.3,52.3
2026-03-20 01:00:00+05:30,31.7275,173.0,65.95
2026-03-20 02:00:00+05:30,31.0025,165.425,67.10000000000001
2026-03-20 03:00:00+05:30,30.535,164.85,61.275
2026-03-20 04:00:00+05:30,30.605,178.04999999999998,61.75
2026-03-20 05:00:00+05:30,30.53,168.17499999999998,57.725
2026-03-20 06:00:00+05:30,30.810000000000002,171.525,53.675
2026-03-20 07:00:00+05:30,31.5825,180.79999999999998,59.075
2026-03-20 08:00:00+05:30,30.8075,212.575,72.125
2026-03-20 09:00:00+05:30,30.635,240.85,75.82499999999999
2026-03-20 10:00:00+05:30,30.0175,243.25,98.69999999999999
2026-03-20 11:00:00+05:30,30.45,233.80000000000004,33.666666666666664
2026-03-20 12:00:00+05:30,29.6225,233.8,0.0
2026-03-20 13:00:00+05:30,32.45,61.050000000000004,0.0
2026-03-20 14:00:00+05:30,30.54,139.0,63.625
2026-03-20 15:00:00+05:30,30.52333333333333,169.1,63.6
2026-03-20 16:00:00+05:30,32.3375,152.5,53.45
2026-03-20 17:00:00+05:30,30.6525,134.39999999999998,48.824999999999996
2026-03-20 18:00:00+05:30,31.044999999999998,166.925,53.199999999999996
2026-03-20 19:00:00+05:30,31.705,163.25,55.125
2026-03-20 20:00:00+05:30,29.5275,145.45,52.875
2026-03-20 21:00:00+05:30,29.5925,144.625,53.775
2026-03-20 22:00:00+05:30,31.302500000000002,177.75,65.52499999999999
2026-03-20 23:00:00+05:30,32.22,186.23333333333335,75.23333333333333
2026-03-21 00:00:00+05:30,30.96,151.9,57.6
2026-03-21 01:00:00+05:30,28.3125,185.25,64.45
2026-03-21 02:00:00+05:30,30.23,178.82500000000002,48.1
2026-03-21 03:00:00+05:30,30.1075,146.475,53.0
2026-03-21 04:00:00+05:30,30.994999999999997,117.875,44.325
2026-03-21 05:00:00+05:30,30.8475,104.72500000000001,43.525
2026-03-21 06:00:00+05:30,32.705,115.75,44.0
2026-03-21 07:00:00+05:30,31.1725,106.15,49.075
2026-03-21 08:00:00+05:30,31.39,114.25,49.400000000000006
2026-03-21 09:00:00+05:30,30.862499999999997,105.125,40.8
2026-03-21 10:00:00+05:30,31.346666666666664,95.10000000000001,41.93333333333333
2026-03-21 11:00:00+05:30,32.0775,87.2,28.849999999999998
2026-03-21 12:00:00+05:30,31.5675,69.225,36.075
2026-03-21 13:00:00+05:30,22.59,50.724999999999994,19.450000000000003
2026-03-21 14:00:00+05:30,28.7,66.325,28.475
2026-03-21 15:00:00+05:30,29.3075,63.675,36.625
2026-03-21 16:00:00+05:30,31.8525,80.22500000000001,37.375
2026-03-21 17:00:00+05:30,31.4175,80.7,35.475
2026-03-21 18:00:00+05:30,30.9125,88.10000000000001,30.375
2026-03-21 19:00:00+05:30,32.6325,79.875,35.575
2026-03-21 20:00:00+05:30,29.9,93.64999999999999,34.8
2026-03-21 21:00:00+05:30,30.84,95.30000000000001,41.975
2026-03-21 22:00:00+05:30,30.175,119.8,43.45
2026-03-21 23:00:00+05:30,30.22,137.46666666666667,37.13333333333333
2026-03-22 00:00:00+05:30,30.45,132.0,42.0
2026-03-22 01:00:00+05:30,30.295,129.95,37.75
2026-03-22 02:00:00+05:30,30.65,132.875,51.175
2026-03-22 03:00:00+05:30,31.5275,139.6,48.85
2026-03-22 04:00:00+05:30,31.88,135.975,46.625
2026-03-22 05:00:00+05:30,30.7125,131.95000000000002,50.875
2026-03-22 06:00:00+05:30,31.627499999999998,134.5,52.375
2026-03-22 07:00:00+05:30,31.425,130.375,53.625
2026-03-22 08:00:00+05:30,33.03,125.275,53.65
2026-03-22 09:00:00+05:30,31.685000000000002,107.025,44.375
2026-03-22 10:00:00+05:30,30.400000000000002,91.8,54.0
2026-03-22 11:00:00+05:30,31.552500000000002,72.95,35.85
2026-03-22 12:00:00+05:30,32.08,56.6,29.25
2026-03-22 13:00:00+05:30,30.9225,58.5,21.05
2026-03-22 14:00:00+05:30,30.58,64.925,27.775
2026-03-22 15:00:00+05:30,31.755,58.575,19.05
2026-03-22 16:00:00+05:30,33.245,61.324999999999996,25.9
2026-03-22 17:00:00+05:30,32.0375,64.525,18.75
2026-03-22 18:00:00+05:30,32.575,73.3,20.85
2026-03-22 19:00:00+05:30,30.795,84.475,24.825
2026-03-22 20:00:00+05:30,32.2925,112.325,44.625
2026-03-22 21:00:00+05:30,31.2175,139.60000000000002,48.25
2026-03-22 22:00:00+05:30,30.88,147.73333333333335,58.166666666666664
2026-03-22 23:00:00+05:30,31.66,156.23333333333332,57.93333333333334
2026-03-23 00:00:00+05:30,31.74,161.8,55.2
2026-03-23 01:00:00+05:30,31.087500000000002,151.57500000000002,53.975
2026-03-23 02:00:00+05:30,31.925,143.0,69.7
2026-03-23 03:00:00+05:30,30.555,138.0,53.6
2026-03-23 04:00:00+05:30,31.3975,133.675,51.075
2026-03-23 05:00:00+05:30,31.209999999999997,139.875,52.8
2026-03-23 06:00:00+05:30,31.213333333333335,162.79999999999998,58.46666666666667
2026-03-23 07:00:00+05:30,31.07,160.32500000000002,77.625
2026-03-23 08:00:00+05:30,32.5475,171.0,73.7
2026-03-23 09:00:00+05:30,30.155,165.85,75.575
2026-03-23 10:00:00+05:30,33.07,136.725,65.3
2026-03-23 11:00:00+05:30,31.8425,124.025,52.275
2026-03-23 12:00:00+05:30,31.3425,110.375,38.625
2026-03-23 13:00:00+05:30,33.67,103.825,32.6
2026-03-23 14:00:00+05:30,31.8025,101.02499999999999,26.174999999999997
2026-03-23 15:00:00+05:30,30.543333333333333,91.40000000000002,33.3
2026-03-25 13:00:00+05:30,20.195,42.3,25.1
2026-03-25 14:00:00+05:30,20.465,40.825,26.325000000000003
2026-03-25 15:00:00+05:30,21.445,41.6,24.200000000000003
2026-03-26 07:00:00+05:30,9.71,65.55,26.2
2026-03-26 08:00:00+05:30,20.185,121.92500000000001,76.4
2026-03-26 09:00:00+05:30,18.72,135.65,71.875
2026-03-26 10:00:00+05:30,19.77,139.23333333333332,65.4
2026-03-26 11:00:00+05:30,19.1675,134.975,56.075
2026-03-26 12:00:00+05:30,20.375,109.75,49.55
2026-03-26 13:00:00+05:30,19.773333333333333,71.83333333333333,36.4
2026-03-26 14:00:00+05:30,20.5625,98.27499999999999,32.675
2026-03-26 15:00:00+05:30,20.49,66.85,28.025
2026-03-26 16:00:00+05:30,19.926666666666666,66.1,29.399999999999995
2026-03-26 17:00:00+05:30,21.55333333333333,60.29999999999999,27.8
2026-03-26 18:00:00+05:30,21.366666666666664,69.1,23.0
2026-03-26 19:00:00+05:30,21.53333333333333,100.46666666666665,24.333333333333332
2026-03-26 20:00:00+05:30,19.57,108.825,43.650000000000006
2026-03-26 21:00:00+05:30,18.942500000000003,126.5,45.55
2026-03-26 22:00:00+05:30,19.517500000000002,122.25,50.925
2026-03-26 23:00:00+05:30,22.06,129.5,49.2
2026-03-27 00:00:00+05:30,19.09,127.2,48.3
2026-03-27 01:00:00+05:30,20.32,119.43333333333334,35.46666666666667
2026-03-27 02:00:00+05:30,20.293333333333333,115.56666666666666,31.0
2026-03-27 03:00:00+05:30,19.744999999999997,106.55,30.849999999999998
2026-03-27 04:00:00+05:30,18.349999999999998,90.63333333333333,38.43333333333333
2026-03-27 05:00:00+05:30,21.933333333333334,89.36666666666667,28.96666666666667
2026-03-27 06:00:00+05:30,18.283333333333335,82.2,44.5
2026-03-27 07:00:00+05:30,20.244999999999997,89.90000000000002,38.2
2026-03-27 08:00:00+05:30,20.1375,114.725,48.400000000000006
2026-03-27 09:00:00+05:30,20.34,115.85000000000001,56.35
2026-03-27 10:00:00+05:30,20.8,119.03333333333335,61.23333333333333
2026-03-27 11:00:00+05:30,20.935,104.425,48.425
2026-03-27 12:00:00+05:30,20.646666666666665,99.26666666666667,45.23333333333333
2026-03-27 13:00:00+05:30,19.376666666666665,106.86666666666667,37.4
2026-03-27 14:00:00+05:30,19.573333333333334,100.7,33.5
2026-03-27 15:00:00+05:30,20.77,99.475,28.525
2026-03-27 16:00:00+05:30,19.2,93.5,22.1
2026-03-27 17:00:00+05:30,19.77,86.03333333333335,23.599999999999998
2026-03-27 18:00:00+05:30,19.1175,94.6,30.05
2026-03-27 19:00:00+05:30,20.93,86.66666666666667,29.566666666666666
2026-03-27 20:00:00+05:30,20.1525,114.075,36.775
2026-03-27 21:00:00+05:30,18.9325,133.875,46.825
2026-03-27 22:00:00+05:30,20.0775,127.925,65.45
2026-03-27 23:00:00+05:30,18.625,139.45,65.65
2026-03-28 01:00:00+05:30,20.290000000000003,125.13333333333333,61.73333333333333
2026-03-28 02:00:00+05:30,20.45,118.175,59.125
2026-03-28 03:00:00+05:30,21.0825,96.8,47.775
2026-03-28 04:00:00+05:30,19.486666666666665,69.3,38.0
2026-03-28 05:00:00+05:30,19.525,53.0,39.15
2026-03-28 06:00:00+05:30,19.695,81.275,70.025
2026-03-28 07:00:00+05:30,20.88,81.4,55.1
2026-03-28 08:00:00+05:30,19.1175,79.275,49.7
2026-03-28 09:00:00+05:30,19.5,58.70000000000001,43.20000000000001
2026-03-28 10:00:00+05:30,20.3025,47.724999999999994,38.300000000000004
2026-03-28 11:00:00+05:30,20.4075,41.875,30.925
2026-03-28 12:00:00+05:30,20.2575,48.3,25.325
2026-03-28 13:00:00+05:30,18.69333333333333,52.03333333333334,22.733333333333334
2026-03-28 14:00:00+05:30,18.189999999999998,92.2,33.8
2026-03-28 15:00:00+05:30,19.9625,74.17500000000001,26.275
2026-03-28 16:00:00+05:30,20.045,55.05,37.225
2026-03-28 17:00:00+05:30,20.3975,39.725,25.875
2026-03-28 18:00:00+05:30,19.375,35.85,29.3
2026-03-28 19:00:00+05:30,20.346666666666668,42.86666666666667,29.8
2026-03-28 20:00:00+05:30,18.677500000000002,65.89999999999999,43.7
2026-03-28 21:00:00+05:30,21.486666666666665,80.9,60.6
2026-03-28 22:00:00+05:30,20.8275,82.95,61.825
2026-03-28 23:00:00+05:30,20.095,76.4,69.4
2026-03-29 00:00:00+05:30,21.47,125.9,62.3
2026-03-29 01:00:00+05:30,20.776666666666667,127.03333333333335,67.5
2026-03-29 02:00:00+05:30,20.099999999999998,144.1,75.36666666666667
2026-03-29 03:00:00+05:30,19.51,106.05,71.75
2026-03-29 04:00:00+05:30,19.8625,93.90000000000002,81.7
2026-03-29 05:00:00+05:30,21.84,99.66666666666667,79.33333333333333
2026-03-29 06:00:00+05:30,20.79,93.95,103.425
2026-03-29 07:00:00+05:30,20.523333333333333,97.40000000000002,94.09999999999998
2026-03-29 08:00:00+05:30,20.026666666666667,92.7,88.86666666666667
2026-03-29 09:00:00+05:30,19.3575,17.55,6.775
2026-03-29 10:00:00+05:30,19.236666666666668,217.80000000000004,45.5
2026-03-29 11:00:00+05:30,20.5,207.075,49.625
2026-03-29 12:00:00+05:30,19.619999999999997,182.825,54.225
2026-03-29 13:00:00+05:30,20.02,156.96666666666667,49.43333333333334
2026-03-29 14:00:00+05:30,19.675,138.70000000000002,36.575
2026-03-29 15:00:00+05:30,18.825,122.275,50.400000000000006
2026-03-29 16:00:00+05:30,19.57,118.25,48.3
2026-03-29 17:00:00+05:30,17.935,113.15,42.75
2026-03-29 18:00:00+05:30,20.2425,138.0,32.75
2026-03-29 19:00:00+05:30,20.814999999999998,137.0,40.85
2026-03-29 20:00:00+05:30,18.17,162.47500000000002,41.875
2026-03-29 21:00:00+05:30,19.595,168.7,46.699999999999996
2026-03-29 22:00:00+05:30,20.72,176.625,35.7
2026-03-29 23:00:00+05:30,21.66,179.8,49.8
2026-03-30 00:00:00+05:30,20.26,173.3,54.4
2026-03-30 01:00:00+05:30,18.61,163.5,51.75
2026-03-30 02:00:00+05:30,18.186666666666667,174.33333333333334,51.5
2026-03-30 03:00:00+05:30,20.177500000000002,155.0,57.475
2026-03-30 04:00:00+05:30,20.11,146.875,38.6
2026-03-30 05:00:00+05:30,20.08666666666667,145.1,55.6
2026-03-30 06:00:00+05:30,20.2,149.5,65.325
2026-03-30 07:00:00+05:30,19.055,176.2,91.0
2026-03-30 09:00:00+05:30,19.01,174.8,104.7
2026-03-30 10:00:00+05:30,20.099999999999998,153.0,76.8
2026-03-30 11:00:00+05:30,20.3325,139.325,12.425
2026-03-30 12:00:00+05:30,22.895000000000003,138.1,0.0
2026-03-30 13:00:00+05:30,21.815,41.800000000000004,0.0
2026-03-30 14:00:00+05:30,21.833333333333332,57.833333333333336,9.233333333333333
2026-03-30 15:00:00+05:30,20.540000000000003,101.8,30.73333333333333
2026-03-30 16:00:00+05:30,23.13,134.2,47.70000000000001
2026-03-30 17:00:00+05:30,22.396666666666665,144.925,59.75
2026-03-30 18:00:00+05:30,21.802500000000002,167.17499999999998,64.975
2026-03-30 19:00:00+05:30,19.92,172.64999999999998,64.0
2026-03-30 20:00:00+05:30,18.5075,200.82500000000002,57.225
2026-03-30 21:00:00+05:30,20.5175,251.125,62.275
2026-03-30 22:00:00+05:30,21.490000000000002,216.82500000000002,78.075
2026-03-30 23:00:00+05:30,19.68,218.89999999999998,75.0
2026-03-31 00:00:00+05:30,18.78,236.4,59.9
2026-03-31 01:00:00+05:30,18.30333333333333,227.15,60.6
2026-03-31 02:00:00+05:30,20.0225,249.95,54.55
2026-03-31 03:00:00+05:30,18.12,256.65000000000003,68.25
2026-03-31 04:00:00+05:30,19.802500000000002,270.025,55.5
2026-03-31 05:00:00+05:30,19.706666666666667,276.35,71.4
2026-03-31 06:00:00+05:30,21.1325,267.4,54.875
2026-03-31 07:00:00+05:30,20.125,258.0,55.4
2026-03-31 08:00:00+05:30,18.896666666666665,208.97500000000002,49.075
2026-03-31 09:00:00+05:30,19.0375,164.025,56.85
2026-03-31 10:00:00+05:30,19.599999999999998,146.23333333333335,50.73333333333333
2026-03-31 11:00:00+05:30,21.426666666666666,128.13333333333333,37.46666666666667
2026-03-31 12:00:00+05:30,20.68,101.4,28.2
2026-03-31 13:00:00+05:30,19.726666666666667,94.325,29.575
2026-03-31 14:00:00+05:30,20.97,99.675,19.125
2026-03-31 15:00:00+05:30,20.37666666666667,94.75,10.925
2026-03-31 16:00:00+05:30,19.613333333333333,14.566666666666668,0.43333333333333335
2026-03-31 17:00:00+05:30,18.465,74.83333333333333,14.966666666666667
2026-03-31 18:00:00+05:30,20.62,113.56666666666666,18.266666666666666
2026-03-31 19:00:00+05:30,20.493333333333336,110.63333333333333,14.466666666666667
2026-03-31 20:00:00+05:30,19.4075,128.8,21.125
2026-03-31 21:00:00+05:30,19.875,146.575,34.3
2026-03-31 22:00:00+05:30,19.74,146.5,35.45
2026-03-31 23:00:00+05:30,20.005,174.0,29.5
2026-04-01 00:00:00+05:30,19.42,207.1,29.6
2026-04-01 01:00:00+05:30,19.197499999999998,236.025,36.6
2026-04-01 02:00:00+05:30,19.61,212.75,31.325
2026-04-01 03:00:00+05:30,20.755000000000003,127.875,22.400000000000002
2026-04-01 04:00:00+05:30,20.64,155.83333333333334,22.03333333333333
2026-04-01 05:00:00+05:30,17.8825,162.45,20.975
2026-04-01 06:00:00+05:30,20.7775,106.625,14.966666666666669
2026-04-01 07:00:00+05:30,17.516666666666666,91.125,22.775
2026-04-01 08:00:00+05:30,20.113333333333333,60.43333333333334,25.233333333333334
2026-04-01 09:00:00+05:30,19.4,30.075000000000003,19.575
2026-04-01 10:00:00+05:30,18.396666666666665,20.599999999999998,18.133333333333336
2026-04-01 11:00:00+05:30,20.54,14.8,25.8
2026-04-01 12:00:00+05:30,19.225,12.65,24.15
2026-04-01 13:00:00+05:30,22.33,62.7,23.4
2026-04-01 14:00:00+05:30,19.633333333333333,61.833333333333336,24.566666666666666
2026-04-01 15:00:00+05:30,20.73,69.8,23.5
2026-04-01 16:00:00+05:30,20.580000000000002,81.075,19.733333333333334
2026-04-01 17:00:00+05:30,20.616666666666667,84.73333333333333,19.533333333333335
2026-04-01 18:00:00+05:30,20.735,95.85,21.325
2026-04-01 19:00:00+05:30,18.79,92.675,25.5
2026-04-01 20:00:00+05:30,20.512500000000003,70.65,26.175
2026-04-01 21:00:00+05:30,19.900000000000002,74.03333333333333,25.6
2026-04-01 22:00:00+05:30,19.71,86.125,40.225
2026-04-01 23:00:00+05:30,19.744999999999997,95.75,41.6
2026-04-02 00:00:00+05:30,20.12,97.1,42.2
2026-04-02 01:00:00+05:30,22.31,96.3,40.85
2026-04-02 02:00:00+05:30,20.396666666666665,92.63333333333333,35.733333333333334
2026-04-02 03:00:00+05:30,18.436666666666667,82.46666666666667,37.333333333333336
2026-04-02 04:00:00+05:30,21.490000000000002,78.85,32.2
2026-04-02 05:00:00+05:30,19.61,80.6,35.55
2026-04-02 06:00:00+05:30,19.9925,83.85,37.1
2026-04-02 07:00:00+05:30,18.48,70.725,44.875
2026-04-02 08:00:00+05:30,19.735,57.55,56.575
2026-04-02 09:00:00+05:30,19.405,62.075,47.45
2026-04-02 10:00:00+05:30,20.143333333333334,65.10000000000001,39.0
2026-04-02 11:00:00+05:30,21.165,68.175,42.6
2026-04-02 12:00:00+05:30,18.05,71.06666666666666,39.05
2026-04-02 13:00:00+05:30,20.695,77.8,26.5
2026-04-02 14:00:00+05:30,19.95,80.475,17.175
2026-04-02 15:00:00+05:30,19.96,84.03333333333333,13.533333333333333
2026-04-02 16:00:00+05:30,19.65,86.5,12.6
2026-04-02 17:00:00+05:30,20.1525,86.725,8.65
2026-04-02 18:00:00+05:30,19.7375,86.575,9.325
2026-04-02 19:00:00+05:30,19.35,92.175,17.55
2026-04-02 20:00:00+05:30,19.163333333333334,107.43333333333334,24.599999999999998
2026-04-02 21:00:00+05:30,19.37333333333333,111.60000000000001,28.333333333333332
2026-04-02 22:00:00+05:30,18.555,123.8,41.6
2026-04-02 23:00:00+05:30,21.74,129.5,54.5
2026-04-03 00:00:00+05:30,20.6,133.7,52.5
2026-04-03 01:00:00+05:30,19.606666666666666,129.93333333333334,48.4
2026-04-03 02:00:00+05:30,18.433333333333334,118.26666666666667,38.666666666666664
2026-04-03 03:00:00+05:30,18.8725,102.2,47.45
2026-04-03 04:00:00+05:30,21.0325,97.675,45.05
2026-04-03 05:00:00+05:30,20.7625,101.85,35.175000000000004
2026-04-03 06:00:00+05:30,19.0125,104.725,34.05
2026-04-03 07:00:00+05:30,18.0375,117.3,39.3
2026-04-03 08:00:00+05:30,18.2225,116.65,41.175000000000004
2026-04-03 09:00:00+05:30,18.39,114.06666666666666,33.7
2026-04-03 10:00:00+05:30,19.39,76.56666666666666,30.266666666666666
2026-04-03 11:00:00+05:30,20.2325,83.675,29.85
2026-04-03 12:00:00+05:30,21.2325,108.15,21.95
2026-04-03 13:00:00+05:30,21.953333333333333,103.8,26.433333333333334
2026-04-03 14:00:00+05:30,22.310000000000002,84.525,34.25
2026-04-03 15:00:00+05:30,21.475,73.575,24.575
2026-04-03 16:00:00+05:30,18.525,68.15,21.65
2026-04-03 17:00:00+05:30,20.223333333333333,63.7,24.133333333333336
2026-04-03 18:00:00+05:30,21.49666666666667,70.26666666666667,29.366666666666664
2026-04-03 19:00:00+05:30,21.955,84.5,28.225
2026-04-03 20:00:00+05:30,13.836666666666668,60.13333333333333,23.599999999999998
2026-04-03 21:00:00+05:30,21.06,35.15,59.15
2026-04-03 22:00:00+05:30,20.9,10.6,66.93333333333334
2026-04-03 23:00:00+05:30,21.175,290.2,67.8
2026-04-04 00:00:00+05:30,21.03,289.2,57.8
2026-04-04 01:00:00+05:30,20.919999999999998,294.7,66.57499999999999
2026-04-04 02:00:00+05:30,21.432499999999997,316.9,61.75
2026-04-04 03:00:00+05:30,20.673333333333332,320.0,59.46666666666667
2026-04-04 04:00:00+05:30,21.346666666666668,316.8,58.13333333333333
2026-04-04 05:00:00+05:30,21.615,290.17499999999995,47.425000000000004
2026-04-04 06:00:00+05:30,21.695,272.0,59.25
2026-04-04 07:00:00+05:30,21.905,271.72499999999997,57.099999999999994
2026-04-04 08:00:00+05:30,22.1,263.075,53.824999999999996
2026-04-04 09:00:00+05:30,21.603333333333335,248.76666666666665,56.6
2026-04-04 10:00:00+05:30,22.98,223.45,53.85
2026-04-04 11:00:00+05:30,23.2225,179.575,46.725
2026-04-04 12:00:00+05:30,22.785,163.60000000000002,39.150000000000006
2026-04-04 13:00:00+05:30,21.4875,140.125,33.55
2026-04-04 14:00:00+05:30,21.785,117.675,29.575
2026-04-04 15:00:00+05:30,21.2375,105.275,22.775
2026-04-04 16:00:00+05:30,22.572499999999998,93.5,21.65
2026-04-04 17:00:00+05:30,21.455,100.95,32.375
2026-04-04 18:00:00+05:30,22.0425,121.175,30.075
2026-04-04 19:00:00+05:30,21.525,110.125,21.725
2026-04-04 20:00:00+05:30,21.18,119.975,18.975
2026-04-04 21:00:00+05:30,20.9775,78.025,25.1
2026-04-04 22:00:00+05:30,22.1825,84.45,31.125
2026-04-04 23:00:00+05:30,21.515,72.9,34.349999999999994
2026-04-05 00:00:00+05:30,19.1,64.3,18.3
2026-04-05 01:00:00+05:30,21.826666666666668,46.6,13.966666666666669
2026-04-05 02:00:00+05:30,23.243333333333336,44.20000000000001,7.833333333333333
2026-04-05 03:00:00+05:30,20.880000000000003,40.824999999999996,8.549999999999999
2026-04-05 04:00:00+05:30,19.263333333333332,42.5,8.266666666666666
2026-04-05 05:00:00+05:30,21.86,42.9,5.625
2026-04-05 06:00:00+05:30,22.080000000000002,38.0,9.633333333333333
2026-04-05 07:00:00+05:30,21.676666666666666,42.53333333333333,9.733333333333333
2026-04-05 08:00:00+05:30,22.045,42.724999999999994,7.675
2026-04-05 09:00:00+05:30,21.2125,38.525,18.4
2026-04-05 10:00:00+05:30,23.8575,36.225,16.5
2026-04-05 11:00:00+05:30,23.41,42.5,10.200000000000001
2026-04-05 12:00:00+05:30,22.105,41.725,0.975
2026-04-05 13:00:00+05:30,21.052500000000002,40.9,16.45
2026-04-05 14:00:00+05:30,22.072499999999998,34.425,12.5
2026-04-05 15:00:00+05:30,21.14,54.349999999999994,8.8
2026-04-05 16:00:00+05:30,23.1,55.45,9.575
2026-04-05 17:00:00+05:30,21.916666666666668,58.79999999999999,12.700000000000001
2026-04-05 18:00:00+05:30,22.7375,60.875,15.65
2026-04-05 19:00:00+05:30,20.2225,67.42500000000001,16.45
2026-04-05 20:00:00+05:30,21.68,71.475,17.65
2026-04-05 21:00:00+05:30,23.016666666666666,69.14999999999999,23.5
2026-04-05 22:00:00+05:30,21.3,59.45,20.45
2026-04-05 23:00:00+05:30,21.75,46.5,13.8
2026-04-06 01:00:00+05:30,21.37,38.8,28.6
2026-04-06 02:00:00+05:30,21.075,41.75,16.7
2026-04-06 03:00:00+05:30,21.1425,53.8,14.4
2026-04-06 04:00:00+05:30,21.845,41.775,13.850000000000001
2026-04-06 05:00:00+05:30,22.2725,39.1,11.95
2026-04-06 06:00:00+05:30,21.0075,39.175,8.2
2026-04-06 07:00:00+05:30,22.122500000000002,46.4,26.425
2026-04-06 08:00:00+05:30,21.885,58.9,21.225
2026-04-06 09:00:00+05:30,21.7525,63.400000000000006,30.775
2026-04-06 10:00:00+05:30,21.4325,58.025,25.125
2026-04-06 11:00:00+05:30,21.13,51.4,24.433333333333334
2026-04-06 12:00:00+05:30,20.71666666666667,57.9,16.233333333333334
2026-04-06 13:00:00+05:30,23.463333333333335,59.63333333333333,10.833333333333334
2026-04-06 14:00:00+05:30,22.513333333333335,62.175,19.0
2026-04-06 15:00:00+05:30,21.1625,66.025,13.475
2026-04-06 16:00:00+05:30,20.27,76.1,12.8
2026-04-06 17:00:00+05:30,22.2025,66.175,12.375
2026-04-06 18:00:00+05:30,23.025,59.4,8.399999999999999
2026-04-06 19:00:00+05:30,19.325,84.9,27.8
2026-04-06 20:00:00+05:30,18.886666666666667,97.8,34.55
2026-04-06 21:00:00+05:30,21.38,113.44999999999999,49.400000000000006
2026-04-06 22:00:00+05:30,20.4725,118.375,49.974999999999994
2026-04-06 23:00:00+05:30,21.32,153.3,62.55
2026-04-07 01:00:00+05:30,21.64,144.9,56.4
2026-04-07 02:00:00+05:30,21.2125,141.45,56.75
2026-04-07 03:00:00+05:30,21.892500000000002,128.72500000000002,66.25
2026-04-07 04:00:00+05:30,21.5875,125.02499999999999,65.67500000000001
2026-04-07 05:00:00+05:30,20.8275,120.75,53.05
2026-04-07 06:00:00+05:30,21.646666666666665,119.86666666666667,64.96666666666667
2026-04-07 07:00:00+05:30,21.685,143.95,67.7
2026-04-07 08:00:00+05:30,21.005,146.1,69.625
2026-04-07 09:00:00+05:30,21.5825,146.225,64.925
2026-04-07 10:00:00+05:30,21.16,124.3,56.25
2026-04-07 11:00:00+05:30,21.14,118.7,50.333333333333336
2026-04-07 12:00:00+05:30,21.95,110.39999999999999,47.6
2026-04-07 13:00:00+05:30,22.243333333333336,163.16666666666666,45.166666666666664
2026-04-07 16:00:00+05:30,23.016666666666666,36.43333333333333,34.1
2026-04-07 17:00:00+05:30,20.677500000000002,36.0,39.175
2026-04-07 18:00:00+05:30,22.343333333333334,127.93333333333334,43.166666666666664
2026-04-07 19:00:00+05:30,21.64,223.175,67.0
2026-04-07 20:00:00+05:30,22.2325,319.175,53.675
2026-04-07 21:00:00+05:30,20.427500000000002,123.0,44.3
2026-04-07 22:00:00+05:30,21.075,81.2,34.125
2026-04-07 23:00:00+05:30,21.725,23.1,41.2
2026-04-08 00:00:00+05:30,21.59,69.1,34.6
2026-04-08 01:00:00+05:30,20.853333333333335,70.39999999999999,32.26666666666667
2026-04-08 02:00:00+05:30,21.12,72.225,39.5
2026-04-08 03:00:00+05:30,21.94,69.45,30.2
2026-04-08 04:00:00+05:30,22.6325,66.4,30.45
2026-04-08 05:00:00+05:30,21.78,67.525,33.675
2026-04-08 06:00:00+05:30,21.75333333333333,94.06666666666666,34.833333333333336
2026-04-08 07:00:00+05:30,22.38,121.0,27.233333333333334
2026-04-08 08:00:00+05:30,21.92,30.675,28.4
2026-04-08 09:00:00+05:30,21.6025,32.425,34.65
2026-04-08 10:00:00+05:30,20.27,54.6,
2026-04-08 11:00:00+05:30,20.8925,56.525000000000006,30.525
2026-04-08 12:00:00+05:30,21.427500000000002,54.625,28.125
2026-04-08 13:00:00+05:30,22.2675,46.6,28.225
2026-04-08 14:00:00+05:30,21.55,65.025,25.15
2026-04-08 15:00:00+05:30,22.24666666666667,61.15,23.125
2026-04-08 16:00:00+05:30,20.814999999999998,65.44999999999999,35.5
2026-04-08 17:00:00+05:30,21.495,69.225,37.325
2026-04-08 18:00:00+05:30,21.83666666666667,75.2,40.199999999999996
2026-04-08 19:00:00+05:30,21.205,84.425,37.900000000000006
2026-04-08 20:00:00+05:30,21.47666666666667,88.06666666666666,42.63333333333333
2026-04-08 21:00:00+05:30,20.6875,59.125,36.7
2026-04-08 22:00:00+05:30,20.9025,39.625,28.525
2026-04-08 23:00:00+05:30,19.91,36.4,31.2
2026-04-09 01:00:00+05:30,24.38,57.3,38.7
2026-04-09 02:00:00+05:30,21.2025,54.199999999999996,31.975
2026-04-09 03:00:00+05:30,22.72666666666667,44.300000000000004,31.666666666666668
2026-04-09 04:00:00+05:30,22.913333333333338,45.03333333333333,28.53333333333333
2026-04-09 05:00:00+05:30,20.89,56.800000000000004,41.733333333333334
2026-04-09 06:00:00+05:30,21.373333333333335,71.7,33.76666666666667
2026-04-09 07:00:00+05:30,23.4025,75.3,40.949999999999996
2026-04-09 08:00:00+05:30,22.24666666666667,72.86666666666666,39.224999999999994
2026-04-09 09:00:00+05:30,21.45,73.96666666666665,32.733333333333334
2026-04-09 10:00:00+05:30,21.53,75.85,33.0
2026-04-09 11:00:00+05:30,22.744999999999997,77.9,42.0
2026-04-09 14:00:00+05:30,0.0,0.0,0.0
2026-04-09 16:00:00+05:30,0.0,0.0,0.0
2026-04-09 17:00:00+05:30,0.0,0.0,0.0
2026-04-09 18:00:00+05:30,0.0,0.0,0.0
2026-04-09 19:00:00+05:30,0.0,0.0,0.0
2026-04-09 20:00:00+05:30,0.0,0.0,0.0
2026-04-09 21:00:00+05:30,0.0,0.0,0.0
2026-04-09 22:00:00+05:30,21.866666666666664,118.0,54.300000000000004
2026-04-09 23:00:00+05:30,21.845,126.2,60.4
2026-04-10 01:00:00+05:30,21.540000000000003,129.33333333333334,41.5
2026-04-10 02:00:00+05:30,21.9025,125.2,46.550000000000004
2026-04-10 03:00:00+05:30,22.006666666666664,116.7,42.2
2026-04-10 04:00:00+05:30,22.745,100.3,50.1
2026-04-10 05:00:00+05:30,21.893333333333334,95.4,56.025
2026-04-10 06:00:00+05:30,22.093333333333334,99.7,57.86666666666667
2026-04-10 07:00:00+05:30,19.8175,107.0,52.975
2026-04-10 08:00:00+05:30,21.7975,109.775,55.85
2026-04-10 09:00:00+05:30,22.65,103.93333333333334,51.56666666666666
2026-04-10 10:00:00+05:30,22.325,103.0,45.9
2026-04-10 11:00:00+05:30,23.0975,102.975,39.425
2026-04-10 12:00:00+05:30,24.025,103.94999999999999,40.65
2026-04-10 13:00:00+05:30,22.423333333333332,102.86666666666667,36.1
2026-04-10 14:00:00+05:30,20.869999999999997,95.30000000000001,38.7
2026-04-10 15:00:00+05:30,22.78,89.15,33.6
2026-04-10 16:00:00+05:30,22.56,90.1,32.85
2026-04-10 17:00:00+05:30,21.77,82.6,33.575
2026-04-10 18:00:00+05:30,21.932499999999997,75.15,27.825
2026-04-10 19:00:00+05:30,22.006666666666664,76.63333333333334,24.399999999999995
2026-04-10 20:00:00+05:30,21.4875,86.575,33.525
2026-04-10 21:00:00+05:30,23.49,90.6,52.9
2026-04-10 22:00:00+05:30,21.325,91.15,51.05
2026-04-10 23:00:00+05:30,19.35,106.6,42.4
2026-04-11 01:00:00+05:30,22.14,100.5,59.8
2026-04-11 02:00:00+05:30,21.5475,101.725,47.725
2026-04-11 03:00:00+05:30,23.2,104.16666666666667,44.699999999999996
2026-04-11 04:00:00+05:30,23.55333333333333,106.06666666666666,43.9
2026-04-11 05:00:00+05:30,21.96666666666667,105.96666666666665,44.4
2026-04-11 06:00:00+05:30,23.015,106.7,41.4
2026-04-11 07:00:00+05:30,22.026666666666667,111.43333333333332,56.6
2026-04-11 08:00:00+05:30,21.68,117.3,51.5
2026-04-11 09:00:00+05:30,22.2125,107.17500000000001,50.375
2026-04-11 10:00:00+05:30,21.955,103.22500000000001,43.9
2026-04-11 11:00:00+05:30,21.845,105.375,40.375
2026-04-11 12:00:00+05:30,22.7675,104.8,44.199999999999996
2026-04-11 13:00:00+05:30,22.206666666666667,116.06666666666666,40.4
2026-04-11 14:00:00+05:30,21.7725,133.925,40.125
2026-04-11 15:00:00+05:30,21.433333333333334,138.825,34.675
2026-04-11 16:00:00+05:30,22.7975,130.125,43.875
2026-04-11 17:00:00+05:30,21.64,134.79999999999998,37.9
2026-04-11 18:00:00+05:30,21.7075,139.05,28.175
2026-04-11 19:00:00+05:30,22.6575,150.675,43.175
2026-04-11 20:00:00+05:30,21.5,164.075,34.05
2026-04-11 21:00:00+05:30,22.67,171.3,53.3
2026-04-11 22:00:00+05:30,21.195,180.4,74.55
2026-04-11 23:00:00+05:30,21.725,188.5,63.5
2026-04-12 00:00:00+05:30,22.46,183.3,62.9
2026-04-12 01:00:00+05:30,21.673333333333332,182.2,64.65
2026-04-12 02:00:00+05:30,20.16333333333333,172.03333333333333,55.03333333333333
2026-04-12 03:00:00+05:30,21.305,173.4,61.5
2026-04-12 04:00:00+05:30,20.0875,168.7,59.55
2026-04-12 05:00:00+05:30,22.305,167.525,63.3
2026-04-12 06:00:00+05:30,20.835,162.63333333333333,66.075
2026-04-12 07:00:00+05:30,23.045,170.76666666666665,69.45
2026-04-12 08:00:00+05:30,23.243333333333336,170.96666666666667,67.3
2026-04-12 09:00:00+05:30,22.3975,175.675,77.55
2026-04-12 10:00:00+05:30,22.13,174.725,65.275
2026-04-12 11:00:00+05:30,24.083333333333332,170.1,62.0
2026-04-12 12:00:00+05:30,22.823333333333334,151.6,50.76666666666667
2026-04-12 13:00:00+05:30,21.3125,148.45,42.275
2026-04-12 14:00:00+05:30,21.32,151.96666666666667,42.56666666666666
2026-04-12 15:00:00+05:30,22.55,136.175,49.275000000000006
2026-04-12 16:00:00+05:30,21.796666666666667,139.03333333333333,42.76666666666667
2026-04-12 17:00:00+05:30,21.9775,139.9333333333333,45.1
2026-04-12 18:00:00+05:30,23.136666666666667,146.83333333333334,44.300000000000004
2026-04-12 19:00:00+05:30,22.51,172.46666666666667,47.76666666666667
2026-04-12 20:00:00+05:30,22.023333333333337,195.8,69.5
2026-04-12 21:00:00+05:30,21.715,203.1,64.9
2026-04-12 22:00:00+05:30,23.88,209.86666666666667,58.29999999999999
2026-04-12 23:00:00+05:30,21.655,208.0,62.8
2026-04-13 01:00:00+05:30,20.37,216.7,55.8
2026-04-13 02:00:00+05:30,21.1225,210.1,59.133333333333326
2026-04-13 03:00:00+05:30,23.026666666666667,194.70000000000002,54.20000000000001
2026-04-13 04:00:00+05:30,22.0875,189.35,62.325
2026-04-13 05:00:00+05:30,21.0675,185.75,64.44999999999999
2026-04-13 06:00:00+05:30,22.706666666666667,190.46666666666667,72.4
2026-04-13 07:00:00+05:30,22.205000000000002,195.6,74.39999999999999
2026-04-13 08:00:00+05:30,21.9575,196.075,100.25
2026-04-13 09:00:00+05:30,21.9325,183.575,78.625
2026-04-13 10:00:00+05:30,22.21666666666667,169.6,72.10000000000001
2026-04-13 11:00:00+05:30,21.453333333333333,157.63333333333333,47.4
2026-04-13 12:00:00+05:30,22.74,155.85,53.666666666666664
2026-04-13 13:00:00+05:30,21.9025,172.525,49.349999999999994
2026-04-13 14:00:00+05:30,23.24,148.3,49.0
2026-04-13 15:00:00+05:30,21.53333333333333,148.23333333333335,37.4
2026-04-13 16:00:00+05:30,19.54,146.9,15.0
2026-04-13 17:00:00+05:30,22.9575,41.4,15.0
2026-04-13 18:00:00+05:30,21.643333333333334,72.5,5.05
2026-04-13 19:00:00+05:30,21.697499999999998,138.33333333333334,10.333333333333334
2026-04-13 20:00:00+05:30,22.174999999999997,153.83333333333334,20.033333333333335
2026-04-13 21:00:00+05:30,23.47,180.16666666666666,30.133333333333336
2026-04-13 22:00:00+05:30,21.099999999999998,198.4,43.26666666666667
2026-04-13 23:00:00+05:30,22.83,204.64999999999998,50.35
2026-04-14 00:00:00+05:30,21.78,208.8,50.3
2026-04-14 01:00:00+05:30,22.19333333333333,207.0,55.93333333333334
2026-04-14 02:00:00+05:30,21.88,201.4,55.76666666666667
2026-04-14 03:00:00+05:30,22.505000000000003,191.07500000000002,46.375
2026-04-14 04:00:00+05:30,20.286666666666665,184.89999999999998,51.43333333333334
2026-04-14 05:00:00+05:30,21.122500000000002,189.625,38.65
2026-04-14 06:00:00+05:30,22.28,186.1,35.925
2026-04-14 07:00:00+05:30,22.043333333333333,190.5666666666667,48.800000000000004
2026-04-14 08:00:00+05:30,22.11,189.9333333333333,56.13333333333333
2026-04-14 09:00:00+05:30,21.3675,186.8,65.39999999999999
2026-04-14 10:00:00+05:30,23.82,181.2,53.6
2026-04-14 11:00:00+05:30,22.2825,152.2,47.900000000000006
2026-04-14 12:00:00+05:30,21.6,132.825,31.3
2026-04-14 13:00:00+05:30,20.245,118.67500000000001,38.95
2026-04-14 14:00:00+05:30,21.6525,121.14999999999999,28.625
2026-04-14 15:00:00+05:30,22.6575,124.7,29.400000000000002
2026-04-14 16:00:00+05:30,20.915,117.8,20.7
2026-04-14 21:00:00+05:30,20.5925,178.3,70.15
2026-04-14 22:00:00+05:30,20.925,186.9,57.95
2026-04-14 23:00:00+05:30,22.939999999999998,182.25,67.55
2026-04-15 01:00:00+05:30,20.95,174.275,69.425
2026-04-15 02:00:00+05:30,22.1825,165.725,46.825
2026-04-15 03:00:00+05:30,20.445,153.55,45.43333333333334
2026-04-15 04:00:00+05:30,19.113333333333333,139.9,41.666666666666664
2026-04-15 05:00:00+05:30,20.9675,131.27499999999998,45.175000000000004
2026-04-15 06:00:00+05:30,18.99,134.79999999999998,43.9
2026-04-15 07:00:00+05:30,21.595,163.85,63.325
2026-04-15 08:00:00+05:30,21.252499999999998,178.65,63.95
2026-04-15 09:00:00+05:30,20.9725,181.25,65.1
2026-04-15 10:00:00+05:30,20.86,180.73333333333335,64.5
2026-04-15 11:00:00+05:30,19.7625,156.07500000000002,47.225
2026-04-15 12:00:00+05:30,22.455,130.125,28.425
2026-04-15 13:00:00+05:30,20.7925,124.22500000000001,27.1
2026-04-15 14:00:00+05:30,19.916666666666668,121.16666666666667,24.2
2026-04-15 15:00:00+05:30,21.043333333333333,117.8,19.8
2026-04-15 16:00:00+05:30,20.51,101.6,20.9
2026-04-15 17:00:00+05:30,21.045,111.6,22.475
2026-04-15 18:00:00+05:30,21.56,113.7,37.3
2026-04-15 19:00:00+05:30,20.1025,136.025,43.45
2026-04-15 20:00:00+05:30,22.246666666666666,159.75,46.03333333333333
2026-04-15 21:00:00+05:30,24.766666666666666,182.13333333333333,65.96666666666667
2026-04-15 22:00:00+05:30,27.7425,222.0,112.525
2026-04-15 23:00:00+05:30,27.585,243.15,117.95
2026-04-16 00:00:00+05:30,27.16,240.1,127.1
2026-04-16 01:00:00+05:30,27.896666666666665,228.5666666666667,104.43333333333334
2026-04-16 04:00:00+05:30,27.29,193.3,75.4
2026-04-16 05:00:00+05:30,29.06,187.55,90.95
2026-04-16 06:00:00+05:30,27.84,157.73333333333335,63.0
2026-04-16 07:00:00+05:30,27.62,172.15,62.1
2026-04-16 08:00:00+05:30,28.740000000000002,215.85,88.125
2026-04-16 09:00:00+05:30,28.34,226.075,99.77499999999999
2026-04-16 10:00:00+05:30,28.64,209.65,85.95
2026-04-16 11:00:00+05:30,29.695,207.14999999999998,73.2
2026-04-16 12:00:00+05:30,26.47,184.80000000000004,68.46666666666667
2026-04-16 13:00:00+05:30,28.013333333333332,153.33333333333334,50.9
2026-04-16 22:00:00+05:30,25.58,246.9,121.7
2026-04-16 23:00:00+05:30,27.585,262.65,111.25
2026-04-17 00:00:00+05:30,27.28,270.7,105.4
2026-04-17 01:00:00+05:30,27.073333333333334,263.0,112.39999999999999
2026-04-17 02:00:00+05:30,28.166666666666668,259.4666666666667,108.10000000000001
2026-04-17 03:00:00+05:30,28.822499999999998,248.95,100.9
2026-04-17 04:00:00+05:30,25.33666666666667,223.5666666666667,91.7
2026-04-17 05:00:00+05:30,28.016666666666666,194.19999999999996,81.9
2026-04-17 06:00:00+05:30,27.103333333333335,199.26666666666665,87.43333333333332
2026-04-17 07:00:00+05:30,26.5125,208.70000000000002,84.875
2026-04-17 08:00:00+05:30,27.1925,245.72500000000002,104.025
2026-04-17 09:00:00+05:30,30.255,293.6,112.5
2026-04-17 10:00:00+05:30,27.822499999999998,297.59999999999997,123.75
2026-04-17 11:00:00+05:30,29.790000000000003,297.46666666666664,123.13333333333333
2026-04-17 12:00:00+05:30,29.335,291.625,103.325
2026-04-17 13:00:00+05:30,29.165,252.275,71.225
2026-04-17 14:00:00+05:30,31.55333333333333,241.63333333333335,67.06666666666666
2026-04-17 15:00:00+05:30,28.453333333333333,211.16666666666666,62.79999999999999
2026-04-17 18:00:00+05:30,22.2,230.0,78.0
2026-04-17 19:00:00+05:30,22.623333333333335,254.9,92.2
2026-04-17 20:00:00+05:30,22.69666666666667,257.8,90.5
2026-04-17 21:00:00+05:30,23.509999999999998,283.4,97.05000000000001
2026-04-17 22:00:00+05:30,22.786666666666665,319.90000000000003,93.46666666666665
2026-04-17 23:00:00+05:30,22.92,350.7,114.6
2026-04-18 01:00:00+05:30,23.42,239.0,119.3
2026-04-18 02:00:00+05:30,23.91333333333333,215.4333333333333,91.26666666666667
2026-04-18 03:00:00+05:30,21.32,210.3,75.1
2026-04-18 04:00:00+05:30,21.903333333333332,199.5666666666667,75.63333333333333
2026-04-18 05:00:00+05:30,24.316666666666666,204.5666666666667,74.96666666666667
2026-04-18 06:00:00+05:30,22.71,221.475,69.64999999999999
2026-04-18 07:00:00+05:30,23.73,247.39999999999998,74.33333333333333
2026-04-18 08:00:00+05:30,22.843333333333334,271.3666666666666,73.66666666666667
2026-04-18 09:00:00+05:30,23.4,267.2333333333333,75.2
2026-04-18 10:00:00+05:30,26.03,254.39999999999998,68.43333333333334
2026-04-18 11:00:00+05:30,24.866666666666664,205.5,63.699999999999996
2026-04-18 12:00:00+05:30,25.57,170.5,52.5
2026-04-18 13:00:00+05:30,22.493333333333336,201.70000000000002,49.03333333333333
2026-04-18 14:00:00+05:30,23.4675,189.83333333333334,37.25
2026-04-18 15:00:00+05:30,24.313333333333333,175.9,31.066666666666663
2026-04-18 17:00:00+05:30,,181.5,23.9
2026-04-18 18:00:00+05:30,23.48,170.36666666666667,28.600000000000005
2026-04-18 19:00:00+05:30,21.925,176.2,27.549999999999997
2026-04-18 22:00:00+05:30,24.37,226.83333333333334,51.73333333333333
2026-04-18 23:00:00+05:30,24.085,223.1,49.9
2026-04-19 01:00:00+05:30,22.16,206.6,43.2
2026-04-19 02:00:00+05:30,24.796666666666667,200.83333333333334,53.0
2026-04-19 03:00:00+05:30,23.293333333333333,192.5666666666667,45.199999999999996
2026-04-19 04:00:00+05:30,23.005000000000003,180.46666666666667,32.36666666666667
2026-04-19 05:00:00+05:30,22.05666666666667,175.13333333333333,40.699999999999996
2026-04-19 06:00:00+05:30,23.150000000000002,177.5666666666667,44.56666666666666
2026-04-19 07:00:00+05:30,24.83,183.0666666666667,49.833333333333336
2026-04-19 08:00:00+05:30,24.433333333333334,188.83333333333334,58.300000000000004
2026-04-19 09:00:00+05:30,21.89333333333333,201.5,56.0
2026-04-19 10:00:00+05:30,24.7575,201.5,62.699999999999996
2026-04-19 11:00:00+05:30,24.8925,194.925,44.975
2026-04-19 12:00:00+05:30,24.653333333333336,175.79999999999998,32.666666666666664
2026-04-19 13:00:00+05:30,23.6875,157.125,31.775
2026-04-19 14:00:00+05:30,24.436666666666667,151.20000000000002,36.5
2026-04-19 15:00:00+05:30,24.415,150.2,24.8
2026-04-19 17:00:00+05:30,23.425,126.35,19.9
2026-04-19 18:00:00+05:30,25.66333333333333,123.8,17.2
2026-04-19 19:00:00+05:30,24.552500000000002,134.16666666666666,32.35
2026-04-19 20:00:00+05:30,23.9725,170.675,46.9
2026-04-19 21:00:00+05:30,24.996666666666666,178.86666666666667,55.53333333333333
2026-04-19 22:00:00+05:30,25.169999999999998,196.5,61.76666666666667
2026-04-19 23:00:00+05:30,23.36,220.65,66.44999999999999
2026-04-20 00:00:00+05:30,22.82,204.4,62.8
2026-04-20 01:00:00+05:30,23.39,203.0666666666667,60.86666666666667
2026-04-20 02:00:00+05:30,22.95,191.02499999999998,57.475
2026-04-20 03:00:00+05:30,23.433333333333334,177.26666666666665,51.199999999999996
2026-04-20 04:00:00+05:30,26.623333333333335,179.30000000000004,58.1
2026-04-20 05:00:00+05:30,24.17,172.54999999999998,64.375
2026-04-20 06:00:00+05:30,22.64,176.9333333333333,59.166666666666664
2026-04-20 07:00:00+05:30,23.345,230.8,64.5
2026-04-20 08:00:00+05:30,24.80333333333333,247.36666666666667,67.66666666666667
2026-04-20 09:00:00+05:30,23.09,246.9,70.4
2026-04-20 10:00:00+05:30,24.715,240.85,84.55
2026-04-20 13:00:00+05:30,24.076666666666668,192.83333333333334,67.75
2026-04-20 14:00:00+05:30,26.486666666666668,194.9,52.79999999999999
2026-04-20 15:00:00+05:30,23.61,189.03333333333333,51.5
2026-04-20 16:00:00+05:30,24.265,174.0,54.3
2026-04-20 18:00:00+05:30,23.763333333333332,127.63333333333333,45.3
2026-04-20 19:00:00+05:30,26.005000000000003,322.4,76.3
2026-04-20 20:00:00+05:30,24.02333333333333,225.9333333333333,77.8
2026-04-20 21:00:00+05:30,24.876666666666665,188.20000000000002,88.7
2026-04-20 22:00:00+05:30,23.61,201.5666666666667,82.35
2026-04-20 23:00:00+05:30,23.03,168.8,92.30000000000001
2026-04-21 00:00:00+05:30,25.84,192.1,87.5
2026-04-21 01:00:00+05:30,25.633333333333336,127.46666666666665,72.7
2026-04-21 02:00:00+05:30,24.085,129.075,65.725
2026-04-21 03:00:00+05:30,25.293333333333333,130.83333333333334,61.46666666666667
2026-04-21 04:00:00+05:30,24.505000000000003,157.70000000000002,66.05000000000001
2026-04-21 05:00:00+05:30,24.5075,135.225,54.400000000000006
2026-04-21 06:00:00+05:30,24.1125,137.70000000000002,62.95
2026-04-21 07:00:00+05:30,22.543333333333333,154.5666666666667,64.65
2026-04-21 08:00:00+05:30,24.1075,175.575,90.05000000000001
2026-04-21 09:00:00+05:30,25.126666666666665,154.5,71.83333333333333
2026-04-21 10:00:00+05:30,25.189999999999998,145.0,65.8
2026-04-21 11:00:00+05:30,24.02333333333333,128.06666666666666,63.63333333333333
2026-04-21 12:00:00+05:30,24.8525,131.6,54.666666666666664
2026-04-21 13:00:00+05:30,23.4075,132.325,44.65
2026-04-21 14:00:00+05:30,24.314999999999998,164.7,46.3
2026-04-21 15:00:00+05:30,23.3375,194.6,49.76666666666667
2026-04-21 16:00:00+05:30,25.44,186.7,55.0
2026-04-21 17:00:00+05:30,24.433333333333334,168.29999999999998,45.86666666666667
2026-04-21 18:00:00+05:30,23.810000000000002,160.1,41.8
2026-04-21 19:00:00+05:30,23.52,168.0,54.9
2026-04-21 20:00:00+05:30,24.593333333333334,168.9333333333333,59.6
2026-04-21 21:00:00+05:30,22.795,167.76666666666665,63.300000000000004
2026-04-21 22:00:00+05:30,23.115000000000002,174.5,69.06666666666666
2026-04-21 23:00:00+05:30,23.14,176.05,76.65
2026-04-22 00:00:00+05:30,23.57,159.8,76.7
2026-04-22 01:00:00+05:30,23.790000000000003,149.83333333333334,72.7
2026-04-22 02:00:00+05:30,22.325,147.9,80.27499999999999
2026-04-22 03:00:00+05:30,23.513333333333332,145.0,57.6
2026-04-22 04:00:00+05:30,23.3,144.66666666666666,58.56666666666666
2026-04-22 05:00:00+05:30,24.45,146.1,66.33333333333333
2026-04-22 06:00:00+05:30,24.77,144.3,59.0
2026-04-22 07:00:00+05:30,24.197499999999998,162.725,81.85
2026-04-22 08:00:00+05:30,23.939999999999998,159.725,77.5
2026-04-22 09:00:00+05:30,24.0,164.4,82.4
2026-04-22 10:00:00+05:30,24.78333333333333,160.6,75.39999999999999
2026-04-22 11:00:00+05:30,23.816666666666666,113.96666666666665,58.13333333333333
2026-04-22 12:00:00+05:30,23.686666666666667,9.5,25.0
2026-04-22 13:00:00+05:30,24.94333333333333,4.233333333333333,9.3
2026-04-22 14:00:00+05:30,25.77,118.66666666666667,77.06666666666666
2026-04-22 15:00:00+05:30,22.689999999999998,239.3,67.65
2026-04-22 16:00:00+05:30,23.296666666666667,231.20000000000002,58.56666666666666
2026-04-22 17:00:00+05:30,24.052500000000002,217.225,44.95
2026-04-22 18:00:00+05:30,22.485,196.92499999999998,44.325
2026-04-22 19:00:00+05:30,23.5,190.45,40.150000000000006
2026-04-22 20:00:00+05:30,23.186666666666667,193.86666666666667,35.800000000000004
2026-04-22 21:00:00+05:30,25.05666666666667,205.33333333333334,61.56666666666666
2026-04-22 22:00:00+05:30,23.855,224.25,69.45
2026-04-22 23:00:00+05:30,24.82,245.2,76.0
2026-04-23 00:00:00+05:30,25.09,237.0,76.0
2026-04-23 01:00:00+05:30,22.945,242.25,69.275
2026-04-23 02:00:00+05:30,23.37,233.0666666666667,61.23333333333333
2026-04-23 03:00:00+05:30,22.5025,215.425,52.9
2026-04-23 04:00:00+05:30,23.953333333333333,200.5,49.06666666666666
2026-04-23 05:00:00+05:30,23.866666666666664,207.73333333333335,55.1
2026-04-23 06:00:00+05:30,24.86,210.13333333333333,50.5
2026-04-23 07:00:00+05:30,24.76,234.6,78.6
2026-04-23 08:00:00+05:30,24.6675,249.75,83.19999999999999
2026-04-23 09:00:00+05:30,24.317500000000003,253.875,63.375
2026-04-23 10:00:00+05:30,27.51,254.2,63.4
2026-04-23 11:00:00+05:30,22.22,224.7,62.5
2026-04-23 13:00:00+05:30,23.16,199.4333333333333,53.13333333333333
2026-04-23 14:00:00+05:30,21.32,189.3,38.9
2026-04-23 15:00:00+05:30,25.5425,180.25,38.9
2026-04-23 16:00:00+05:30,24.24666666666667,171.0666666666667,46.96666666666667
2026-04-23 17:00:00+05:30,22.490000000000002,164.55,63.849999999999994
2026-04-23 18:00:00+05:30,22.570000000000004,168.76666666666665,89.5
2026-04-23 19:00:00+05:30,23.923333333333332,166.7,129.3
2026-04-23 20:00:00+05:30,23.02,182.0,142.36666666666667
2026-04-23 21:00:00+05:30,23.856666666666666,182.16666666666666,156.70000000000002
2026-04-23 22:00:00+05:30,25.263333333333332,193.0,114.93333333333334
2026-04-23 23:00:00+05:30,23.380000000000003,183.7,87.2
2026-04-24 01:00:00+05:30,23.58,156.8,75.7
2026-04-24 02:00:00+05:30,23.55666666666667,159.53333333333333,62.13333333333333
2026-04-24 03:00:00+05:30,23.700000000000003,156.5,95.05000000000001
2026-04-24 04:00:00+05:30,21.733333333333334,152.29999999999998,54.23333333333333
2026-04-24 05:00:00+05:30,23.6625,133.8,67.35000000000001
2026-04-24 06:00:00+05:30,21.8875,171.375,115.3
2026-04-24 07:00:00+05:30,22.316666666666666,181.53333333333333,104.96666666666665
2026-04-24 08:00:00+05:30,23.975,179.925,88.875
2026-04-24 09:00:00+05:30,23.6025,173.45,82.975
2026-04-24 10:00:00+05:30,23.926666666666666,176.86666666666667,75.23333333333333
2026-04-24 11:00:00+05:30,23.1125,174.6,77.10000000000001
2026-04-24 12:00:00+05:30,25.353333333333335,172.1,62.5
2026-04-24 13:00:00+05:30,24.7075,138.79999999999998,54.56666666666666
2026-04-24 14:00:00+05:30,24.51,131.8,33.25
2026-04-24 15:00:00+05:30,15.89,77.93333333333334,10.333333333333334
2026-04-24 16:00:00+05:30,24.240000000000002,113.94999999999999,41.8
2026-04-24 17:00:00+05:30,24.063333333333333,120.23333333333333,35.9
2026-04-24 18:00:00+05:30,23.965,122.55,31.575
2026-04-24 19:00:00+05:30,23.58,155.27499999999998,101.575
2026-04-24 20:00:00+05:30,24.9175,207.9,136.45
2026-04-24 21:00:00+05:30,23.52,289.175,223.25
2026-04-24 22:00:00+05:30,23.855,383.675,286.475
2026-04-24 23:00:00+05:30,24.935000000000002,373.9,308.1
2026-04-25 01:00:00+05:30,23.42,276.3,230.5
2026-04-25 02:00:00+05:30,23.5275,269.1333333333333,191.13333333333333
2026-04-25 03:00:00+05:30,24.063333333333333,266.43333333333334,221.23333333333335
2026-04-25 04:00:00+05:30,24.5875,249.55,212.52499999999998
2026-04-25 05:00:00+05:30,24.07,228.25,228.125
2026-04-25 06:00:00+05:30,24.205,206.275,228.6
2026-04-25 07:00:00+05:30,23.9725,178.025,164.15
2026-04-25 08:00:00+05:30,23.7225,180.725,183.2
2026-04-25 09:00:00+05:30,23.425,228.29999999999998,207.7
2026-04-25 10:00:00+05:30,23.0325,238.375,221.0
2026-04-25 11:00:00+05:30,23.096666666666668,218.4333333333333,176.26666666666665
2026-04-25 12:00:00+05:30,22.81,190.85,86.475
2026-04-25 13:00:00+05:30,24.13,178.4333333333333,55.03333333333333
2026-04-25 14:00:00+05:30,23.6475,167.15,25.4
2026-04-25 15:00:00+05:30,22.546666666666667,153.06666666666666,36.43333333333333
2026-04-25 16:00:00+05:30,24.33,149.25,56.1
2026-04-25 17:00:00+05:30,23.05,138.1,56.70000000000001
2026-04-25 18:00:00+05:30,23.853333333333335,137.175,33.13333333333333
2026-04-25 19:00:00+05:30,24.616666666666664,156.56666666666666,75.5
2026-04-25 20:00:00+05:30,23.22,180.7,93.6
2026-04-25 21:00:00+05:30,25.840000000000003,180.55,95.5
2026-04-25 22:00:00+05:30,23.906666666666666,209.39999999999998,135.83333333333334
2026-04-25 23:00:00+05:30,22.27,200.8,126.4
2026-04-26 01:00:00+05:30,21.34,168.9,192.6
2026-04-26 02:00:00+05:30,24.862499999999997,169.475,136.025
2026-04-26 03:00:00+05:30,22.703333333333333,167.70000000000002,96.33333333333333
2026-04-26 04:00:00+05:30,24.78,163.43333333333334,82.19999999999999
2026-04-26 05:00:00+05:30,24.535,157.9,96.075
2026-04-26 06:00:00+05:30,22.32,213.45,117.075
2026-04-26 07:00:00+05:30,24.945,254.33333333333334,273.775
2026-04-26 08:00:00+05:30,25.430000000000003,260.46666666666664,304.3666666666667
2026-04-26 09:00:00+05:30,25.439999999999998,254.23333333333335,285.26666666666665
2026-04-26 10:00:00+05:30,22.983333333333334,243.36666666666667,265.175
2026-04-26 11:00:00+05:30,24.893333333333334,234.26666666666665,132.6
2026-04-26 12:00:00+05:30,21.863333333333333,206.9333333333333,108.65
2026-04-26 13:00:00+05:30,23.433333333333334,199.4333333333333,86.55
2026-04-26 14:00:00+05:30,22.876666666666665,177.03333333333333,52.699999999999996
2026-04-26 15:00:00+05:30,24.626666666666665,172.9333333333333,13.866666666666667
2026-04-26 16:00:00+05:30,23.456666666666667,175.3,90.63333333333333
2026-04-26 17:00:00+05:30,23.8375,157.6,51.375
2026-04-26 18:00:00+05:30,24.895,168.75,83.93333333333334
2026-04-26 19:00:00+05:30,22.55,177.29999999999998,52.6
2026-04-26 20:00:00+05:30,25.346666666666664,190.36666666666667,87.43333333333334
2026-04-26 21:00:00+05:30,23.345,189.46666666666667,144.425
2026-04-26 22:00:00+05:30,24.52,188.2,141.15
2026-04-26 23:00:00+05:30,22.285,206.3,117.9
2026-04-27 00:00:00+05:30,22.94,479.4,188.2
2026-04-27 01:00:00+05:30,22.707500000000003,253.55,166.275
2026-04-27 02:00:00+05:30,23.646666666666665,265.90000000000003,138.9333333333333
2026-04-27 03:00:00+05:30,23.623333333333335,176.0,118.43333333333334
2026-04-27 04:00:00+05:30,23.650000000000002,195.26666666666665,82.93333333333334
2026-04-27 05:00:00+05:30,24.62,138.42499999999998,106.1
2026-04-27 06:00:00+05:30,23.8525,21.099999999999998,51.35
2026-04-27 07:00:00+05:30,23.715,25.025,73.22500000000001
2026-04-27 08:00:00+05:30,23.373333333333335,79.86666666666666,67.63333333333334
2026-04-27 09:00:00+05:30,24.106666666666666,119.33333333333333,48.46666666666667
2026-04-27 10:00:00+05:30,23.05333333333333,118.13333333333333,62.56666666666667
2026-04-27 11:00:00+05:30,24.153333333333336,131.1,68.5
2026-04-27 12:00:00+05:30,23.925,143.13333333333335,83.0
2026-04-27 13:00:00+05:30,25.896666666666665,161.3,47.23333333333333
2026-04-27 14:00:00+05:30,24.71666666666667,154.96666666666667,40.13333333333333
2026-04-27 15:00:00+05:30,24.865000000000002,163.95,46.0
2026-04-27 16:00:00+05:30,23.13,164.03333333333333,54.1
2026-04-27 17:00:00+05:30,23.79,160.375,161.125
2026-04-27 18:00:00+05:30,24.63,169.13333333333333,88.73333333333335
2026-04-27 19:00:00+05:30,23.8,183.36666666666667,110.10000000000001
2026-04-27 20:00:00+05:30,24.25666666666667,233.0,145.1
2026-04-27 21:00:00+05:30,23.97,257.20000000000005,165.64999999999998
2026-04-27 22:00:00+05:30,24.78,244.53333333333333,179.86666666666667
2026-04-27 23:00:00+05:30,24.595,208.2,137.6
2026-04-28 00:00:00+05:30,23.76,264.5,131.4
2026-04-28 01:00:00+05:30,25.566666666666666,261.43333333333334,156.9
2026-04-28 02:00:00+05:30,23.179999999999996,242.4333333333333,125.56666666666666
2026-04-28 03:00:00+05:30,24.513333333333335,219.1,115.39999999999999
2026-04-28 04:00:00+05:30,24.683333333333334,194.83333333333334,127.43333333333334
2026-04-28 05:00:00+05:30,24.5075,177.0,127.375
2026-04-28 06:00:00+05:30,25.37,157.23333333333335,95.85
2026-04-28 07:00:00+05:30,23.680000000000003,150.1,90.59999999999998
2026-04-28 08:00:00+05:30,23.516666666666666,147.63333333333333,109.39999999999999
2026-04-28 09:00:00+05:30,23.395,133.775,62.150000000000006
2026-04-28 10:00:00+05:30,24.166666666666668,136.23333333333332,70.39999999999999
2026-04-28 11:00:00+05:30,22.326666666666668,139.76666666666665,86.10000000000001
2026-04-28 12:00:00+05:30,23.455,137.39999999999998,73.35
2026-04-28 13:00:00+05:30,24.083333333333332,140.29999999999998,74.2
2026-04-28 14:00:00+05:30,23.473333333333333,142.13333333333333,78.8
2026-04-28 15:00:00+05:30,23.576666666666664,140.29999999999998,89.86666666666667
2026-04-28 16:00:00+05:30,23.823333333333334,143.36666666666667,80.73333333333333
2026-04-28 17:00:00+05:30,21.25,146.775,57.73333333333333
2026-04-28 18:00:00+05:30,21.873333333333335,153.9333333333333,72.2
2026-04-28 19:00:00+05:30,22.72,173.8,106.0
2026-04-28 20:00:00+05:30,23.14,258.09999999999997,150.76666666666665
2026-04-28 21:00:00+05:30,23.9,310.9,160.10000000000002
2026-04-28 22:00:00+05:30,22.32,265.5,142.7
2026-04-28 23:00:00+05:30,23.413333333333338,253.75,153.1
2026-04-29 01:00:00+05:30,24.04,194.7,130.8
2026-04-29 02:00:00+05:30,24.80333333333333,181.875,72.0
2026-04-29 03:00:00+05:30,23.526666666666667,169.33333333333334,137.53333333333333
2026-04-29 04:00:00+05:30,23.55333333333333,172.65,114.73333333333333
2026-04-29 05:00:00+05:30,21.78,180.525,154.1
2026-04-29 06:00:00+05:30,23.363333333333333,178.66666666666666,122.06666666666666
2026-04-29 07:00:00+05:30,24.173333333333332,195.23333333333335,152.53333333333333
2026-04-29 08:00:00+05:30,24.6075,216.95,174.0
2026-04-29 09:00:00+05:30,24.003333333333334,234.86666666666667,214.53333333333333
2026-04-29 10:00:00+05:30,23.96666666666667,244.9,247.6
2026-04-29 11:00:00+05:30,23.75,186.86666666666667,100.33333333333333
2026-04-29 12:00:00+05:30,23.493333333333336,172.83333333333334,68.46666666666665
2026-04-29 13:00:00+05:30,22.21666666666667,171.4,56.7
2026-04-29 14:00:00+05:30,23.416666666666668,178.83333333333334,56.73333333333333
2026-04-29 15:00:00+05:30,24.093333333333334,169.25,55.2
2026-04-29 16:00:00+05:30,22.76,136.6,37.8
2026-04-29 17:00:00+05:30,22.953333333333333,134.55,35.599999999999994
2026-04-29 18:00:00+05:30,22.5775,148.85,42.675
2026-04-29 19:00:00+05:30,23.4325,178.4666666666667,57.333333333333336
2026-04-29 20:00:00+05:30,23.325000000000003,176.5,66.33333333333333
2026-04-29 21:00:00+05:30,23.2925,162.20000000000002,63.73333333333333
2026-04-29 22:00:00+05:30,23.843333333333334,145.5,53.5
2026-04-29 23:00:00+05:30,25.915,130.6,49.63333333333333
2026-04-30 00:00:00+05:30,19.78,130.3,61.7
2026-04-30 01:00:00+05:30,25.53,118.86666666666667,48.1
2026-04-30 02:00:00+05:30,22.2925,98.05,43.275
2026-04-30 03:00:00+05:30,24.8,86.13333333333333,33.1
2026-04-30 04:00:00+05:30,23.9,80.3,44.099999999999994
2026-04-30 05:00:00+05:30,22.46,70.975,36.1
2026-04-30 06:00:00+05:30,23.74,70.13333333333334,36.63333333333333
2026-04-30 07:00:00+05:30,23.365000000000002,54.25,30.1
2026-04-30 08:00:00+05:30,22.675,55.974999999999994,20.925
2026-04-30 09:00:00+05:30,24.96666666666667,59.333333333333336,28.233333333333334
2026-04-30 10:00:00+05:30,22.796666666666667,70.03333333333333,26.333333333333332
2026-04-30 11:00:00+05:30,24.65,72.8,31.9
2026-04-30 12:00:00+05:30,24.4675,78.3,22.7
2026-04-30 13:00:00+05:30,23.200000000000003,84.89999999999999,42.45
2026-04-30 14:00:00+05:30,24.555,80.97500000000001,28.525
2026-04-30 15:00:00+05:30,24.465,73.9,34.6
2026-04-30 16:00:00+05:30,23.44,69.7,34.7
2026-04-30 17:00:00+05:30,22.900000000000002,69.76666666666667,26.833333333333332
2026-04-30 18:00:00+05:30,25.09,69.63333333333333,28.2
2026-04-30 19:00:00+05:30,24.085,65.75,27.9
2026-04-30 20:00:00+05:30,23.1025,69.375,49.825
2026-04-30 21:00:00+05:30,23.87,73.94999999999999,46.0
2026-04-30 22:00:00+05:30,23.413333333333338,90.125,35.46666666666667
2026-04-30 23:00:00+05:30,24.525,88.25,31.6
2026-05-01 00:00:00+05:30,24.32,54.6,24.7
2026-05-01 01:00:00+05:30,23.925,46.800000000000004,25.7
2026-05-01 02:00:00+05:30,24.516666666666666,41.26666666666667,25.5
2026-05-01 03:00:00+05:30,24.53,34.6,20.433333333333334
2026-05-01 04:00:00+05:30,24.996666666666666,31.1,21.7
2026-05-01 05:00:00+05:30,23.685000000000002,24.833333333333332,17.55
2026-05-01 06:00:00+05:30,24.733333333333334,19.666666666666668,14.366666666666667
2026-05-01 07:00:00+05:30,24.150000000000002,18.7,12.733333333333334
2026-05-01 08:00:00+05:30,24.223333333333333,17.066666666666666,17.5
2026-05-01 09:00:00+05:30,23.19666666666667,20.225,18.166666666666668
2026-05-01 10:00:00+05:30,24.49,24.400000000000002,20.625
2026-05-01 11:00:00+05:30,26.825,26.833333333333332,21.450000000000003
2026-05-01 12:00:00+05:30,25.15,30.53333333333333,18.25
2026-05-01 13:00:00+05:30,24.25,29.0,24.133333333333336
2026-05-01 14:00:00+05:30,24.493333333333336,34.525,25.099999999999998
2026-05-01 15:00:00+05:30,23.316666666666666,35.56666666666667,30.633333333333336
2026-05-01 16:00:00+05:30,23.4375,33.3,26.05
2026-05-01 17:00:00+05:30,24.016666666666666,34.925,20.633333333333336
2026-05-01 18:00:00+05:30,26.07,38.233333333333334,18.65
2026-05-01 19:00:00+05:30,24.45,40.85,24.7
2026-05-01 20:00:00+05:30,21.82,44.25,27.9
2026-05-01 21:00:00+05:30,25.244999999999997,50.199999999999996,29.200000000000003
2026-05-01 22:00:00+05:30,24.183333333333334,53.13333333333333,30.700000000000003
2026-05-01 23:00:00+05:30,23.706666666666667,59.8,28.5
2026-05-02 00:00:00+05:30,25.61,56.8,26.8
2026-05-02 01:00:00+05:30,23.376666666666665,52.800000000000004,26.766666666666666
2026-05-02 02:00:00+05:30,23.856666666666666,53.43333333333334,23.766666666666666
2026-05-02 03:00:00+05:30,21.95,50.0,23.299999999999997
2026-05-02 04:00:00+05:30,21.340000000000003,44.13333333333333,25.900000000000002
2026-05-02 05:00:00+05:30,24.11,42.65,22.0
2026-05-02 06:00:00+05:30,23.71,39.43333333333333,24.575
2026-05-02 07:00:00+05:30,23.98,40.075,31.566666666666666
2026-05-02 08:00:00+05:30,22.883333333333336,42.55,25.7
2026-05-02 09:00:00+05:30,24.47,40.86666666666667,26.0
2026-05-02 10:00:00+05:30,26.0,42.79999999999999,22.399999999999995
2026-05-02 11:00:00+05:30,23.099999999999998,50.333333333333336,28.0
2026-05-02 12:00:00+05:30,24.12,50.7,28.55
2026-05-02 13:00:00+05:30,26.490000000000002,53.35,27.599999999999998
2026-05-02 14:00:00+05:30,24.986666666666668,51.6,25.166666666666668
2026-05-02 15:00:00+05:30,22.83,53.03333333333333,27.433333333333334
2026-05-02 16:00:00+05:30,19.89,47.5,29.3
2026-05-02 17:00:00+05:30,24.34,,21.1
2026-05-02 23:00:00+05:30,25.33,87.0,45.5
2026-05-03 01:00:00+05:30,22.826666666666664,84.36666666666666,31.633333333333336
2026-05-03 02:00:00+05:30,21.439999999999998,81.55,31.049999999999997
2026-05-03 03:00:00+05:30,23.813333333333333,75.93333333333332,35.26666666666667
2026-05-03 04:00:00+05:30,24.605,77.76666666666667,37.95
2026-05-03 05:00:00+05:30,23.189999999999998,96.1,42.4
2026-05-03 06:00:00+05:30,23.113333333333333,66.5,26.600000000000005
2026-05-03 07:00:00+05:30,23.16333333333333,50.76666666666667,24.066666666666666
2026-05-03 08:00:00+05:30,24.253333333333334,30.866666666666664,24.833333333333332
2026-05-03 09:00:00+05:30,24.183333333333334,23.1,18.333333333333332
2026-05-03 10:00:00+05:30,24.153333333333332,19.3,19.933333333333334
2026-05-03 11:00:00+05:30,23.58,22.6,18.75
2026-05-03 12:00:00+05:30,22.14,24.5,19.200000000000003
2026-05-03 13:00:00+05:30,24.94666666666667,26.3,17.466666666666665
2026-05-03 14:00:00+05:30,23.985,27.599999999999998,16.65
2026-05-03 15:00:00+05:30,23.365,23.0,18.95
2026-05-03 16:00:00+05:30,24.6525,21.325,20.174999999999997
2026-05-03 17:00:00+05:30,23.41,23.4,18.466666666666665
2026-05-03 18:00:00+05:30,23.143333333333334,33.25,19.3
2026-05-03 19:00:00+05:30,23.825,36.96666666666666,18.525
2026-05-03 20:00:00+05:30,23.95,44.76666666666667,24.25
2026-05-03 21:00:00+05:30,23.013333333333335,50.56666666666666,31.433333333333334
2026-05-03 22:00:00+05:30,24.75,62.5,33.3
2026-05-03 23:00:00+05:30,27.77,68.1,35.2
2026-05-04 00:00:00+05:30,24.15,71.7,34.3
2026-05-04 01:00:00+05:30,23.634999999999998,69.4,37.7
2026-05-04 02:00:00+05:30,23.599999999999998,61.6,35.56666666666667
2026-05-04 03:00:00+05:30,23.146666666666665,54.86666666666667,23.666666666666668
2026-05-04 04:00:00+05:30,22.126666666666665,52.5,23.3
2026-05-04 05:00:00+05:30,23.236666666666668,45.875,31.96666666666667
2026-05-04 06:00:00+05:30,24.1675,48.96666666666667,30.2
2026-05-04 07:00:00+05:30,23.86,49.26666666666667,31.2
2026-05-04 08:00:00+05:30,23.116666666666664,52.56666666666666,30.400000000000002
2026-05-04 09:00:00+05:30,22.515,60.3,39.5
2026-05-04 10:00:00+05:30,21.526666666666667,45.8,26.2
2026-05-04 11:00:00+05:30,23.009999999999998,33.75,11.149999999999999
2026-05-04 12:00:00+05:30,23.386666666666667,35.55,9.7
2026-05-04 13:00:00+05:30,24.825,34.666666666666664,9.366666666666667
2026-05-04 14:00:00+05:30,23.959999999999997,33.675,8.333333333333334
2026-05-04 15:00:00+05:30,24.73,33.9,0.0
2026-05-04 16:00:00+05:30,24.715,33.9,0.0
2026-05-04 17:00:00+05:30,22.765,24.96666666666667,0.0
2026-05-04 18:00:00+05:30,25.68,38.03333333333333,0.9
2026-05-04 19:00:00+05:30,23.185000000000002,47.63333333333333,6.2
2026-05-04 20:00:00+05:30,22.735,57.46666666666667,18.6
2026-05-04 21:00:00+05:30,23.723333333333333,59.300000000000004,12.666666666666666
2026-05-04 22:00:00+05:30,22.01,51.93333333333334,13.0
2026-05-04 23:00:00+05:30,24.35,41.0,13.350000000000001
2026-05-05 00:00:00+05:30,22.26,42.8,14.7
2026-05-05 01:00:00+05:30,24.245,49.333333333333336,16.875
2026-05-05 02:00:00+05:30,22.103333333333335,47.300000000000004,15.833333333333334
2026-05-05 03:00:00+05:30,23.97666666666667,45.800000000000004,12.700000000000001
2026-05-05 04:00:00+05:30,24.973333333333333,47.36666666666667,13.233333333333334
2026-05-05 05:00:00+05:30,23.0975,43.26666666666667,13.325
2026-05-05 06:00:00+05:30,22.762500000000003,39.125,12.25
2026-05-05 07:00:00+05:30,22.513333333333335,38.53333333333333,11.966666666666667
2026-05-05 08:00:00+05:30,22.65,40.4,14.866666666666667
2026-05-05 09:00:00+05:30,22.245,38.95,15.675
2026-05-05 10:00:00+05:30,25.05,35.4,14.9
2026-05-05 11:00:00+05:30,23.689999999999998,31.2,11.5
2026-05-05 12:00:00+05:30,24.013333333333332,34.800000000000004,12.833333333333334
2026-05-05 13:00:00+05:30,21.30666666666667,34.93333333333334,13.633333333333333
2026-05-05 14:00:00+05:30,23.38,33.375,9.65
2026-05-05 15:00:00+05:30,22.953333333333333,38.63333333333333,8.533333333333333
2026-05-05 16:00:00+05:30,23.655,54.125,15.5
2026-05-05 17:00:00+05:30,24.71,62.15,25.65
2026-05-06 11:00:00+05:30,23.68,48.4,25.4
2026-05-06 12:00:00+05:30,21.926666666666666,51.26666666666667,28.8
2026-05-06 13:00:00+05:30,27.38,52.375,30.35
2026-05-06 14:00:00+05:30,16.817500000000003,47.975,36.05
2026-05-06 15:00:00+05:30,6.583333333333333,43.55,37.9
2026-05-06 16:00:00+05:30,11.440000000000001,48.6,34.875
2026-05-06 17:00:00+05:30,13.84,48.9,34.625
2026-05-06 18:00:00+05:30,6.343333333333334,46.7,37.199999999999996
2026-05-06 19:00:00+05:30,15.153333333333334,55.75,42.233333333333334
2026-05-07 01:00:00+05:30,5.91,72.5,31.0
2026-05-07 02:00:00+05:30,10.719999999999999,69.875,23.125
2026-05-07 03:00:00+05:30,10.21,61.15,20.15
2026-05-07 04:00:00+05:30,15.649999999999999,45.9,29.600000000000005
2026-05-07 05:00:00+05:30,14.24,53.85,26.125
2026-05-07 06:00:00+05:30,16.436666666666667,49.175,17.95
2026-05-07 07:00:00+05:30,10.876666666666667,42.86666666666667,15.9
2026-05-07 08:00:00+05:30,8.79,46.70000000000001,43.0
2026-05-07 09:00:00+05:30,11.69,37.4,24.0
2026-05-07 10:00:00+05:30,5.933333333333334,40.03333333333334,18.099999999999998
2026-05-07 11:00:00+05:30,10.925,38.0,21.4
2026-05-07 12:00:00+05:30,19.36,45.0,20.4
2026-05-07 13:00:00+05:30,15.85,45.0,20.4
2026-05-07 16:00:00+05:30,6.62,51.6,36.35
2026-05-07 17:00:00+05:30,12.2525,54.4,35.5
2026-05-08 00:00:00+05:30,7.3,86.4,48.1
2026-05-08 01:00:00+05:30,11.293333333333335,84.5,41.06666666666667
2026-05-08 02:00:00+05:30,9.02,81.7,37.95
2026-05-08 03:00:00+05:30,21.67,79.26666666666667,28.133333333333336
2026-05-08 04:00:00+05:30,12.023333333333333,75.60000000000001,31.400000000000002
2026-05-08 05:00:00+05:30,10.02,70.5,31.3
2026-05-08 06:00:00+05:30,4.633333333333334,69.1,33.8
2026-05-08 07:00:00+05:30,7.095000000000001,69.56666666666666,36.9
2026-05-08 08:00:00+05:30,14.723333333333334,71.26666666666667,61.26666666666667
2026-05-08 09:00:00+05:30,17.78,66.875,70.9
2026-05-08 10:00:00+05:30,9.173333333333334,59.46666666666667,46.6
2026-05-08 11:00:00+05:30,20.43,59.4,46.1
2026-05-08 12:00:00+05:30,19.023333333333333,68.19999999999999,63.43333333333334
2026-05-08 13:00:00+05:30,18.285,65.5,82.9
2026-05-08 14:00:00+05:30,10.98,63.0,64.4
2026-05-08 15:00:00+05:30,17.123333333333335,62.5,58.96666666666667
2026-05-08 16:00:00+05:30,19.026666666666667,59.53333333333334,45.46666666666667
2026-05-08 17:00:00+05:30,11.173333333333334,57.6,29.166666666666668
2026-05-08 18:00:00+05:30,14.195,57.43333333333334,37.7
2026-05-08 19:00:00+05:30,12.71,66.19999999999999,48.166666666666664
2026-05-08 20:00:00+05:30,21.883333333333336,75.76666666666667,42.1
2026-05-08 21:00:00+05:30,13.145,84.56666666666666,25.05
2026-05-08 22:00:00+05:30,11.466666666666667,95.03333333333335,27.46666666666667
2026-05-08 23:00:00+05:30,14.91,94.6,72.4
2026-05-09 00:00:00+05:30,3.93,99.3,58.4
2026-05-09 01:00:00+05:30,20.08,100.56666666666666,56.36666666666667
2026-05-09 02:00:00+05:30,12.520000000000001,102.03333333333335,55.199999999999996
2026-05-09 03:00:00+05:30,9.766666666666666,99.7,51.96666666666666
2026-05-09 04:00:00+05:30,16.69,91.03333333333335,48.5
2026-05-09 05:00:00+05:30,15.725,90.5,51.7
2026-05-09 06:00:00+05:30,12.106666666666667,88.16666666666667,57.1
2026-05-09 07:00:00+05:30,18.314999999999998,75.63333333333334,54.95
2026-05-09 08:00:00+05:30,17.275,83.4,56.45
2026-05-09 09:00:00+05:30,20.377499999999998,82.3,43.775
2026-05-09 10:00:00+05:30,18.436666666666664,77.83333333333333,31.8
2026-05-09 11:00:00+05:30,17.203333333333333,73.96666666666667,36.06666666666667
2026-05-09 12:00:00+05:30,10.29,74.03333333333333,34.349999999999994
2026-05-09 13:00:00+05:30,23.27,73.10000000000001,26.3
2026-05-09 14:00:00+05:30,19.39,70.6,41.4
2026-05-09 15:00:00+05:30,13.08,70.69999999999999,43.8
2026-05-09 16:00:00+05:30,15.5,76.5,37.4
2026-05-09 17:00:00+05:30,19.5025,79.3,45.575
2026-05-09 18:00:00+05:30,14.016666666666666,80.275,38.36666666666667
2026-05-09 19:00:00+05:30,14.616666666666665,77.4,35.699999999999996
2026-05-09 20:00:00+05:30,22.060000000000002,81.075,48.0
2026-05-09 21:00:00+05:30,12.783333333333333,87.3,54.833333333333336
2026-05-09 22:00:00+05:30,19.153333333333332,89.27499999999999,55.96666666666667
2026-05-09 23:00:00+05:30,16.924999999999997,90.86666666666667,55.55
2026-05-10 00:00:00+05:30,0.67,97.1,60.5
2026-05-10 01:00:00+05:30,10.616666666666667,101.13333333333333,59.23333333333333
2026-05-10 02:00:00+05:30,18.130000000000003,101.8,61.95
2026-05-10 03:00:00+05:30,12.816666666666668,92.56666666666666,61.13333333333333
2026-05-10 04:00:00+05:30,17.933333333333334,96.7,69.13333333333333
2026-05-10 05:00:00+05:30,18.17,104.8,79.05
2026-05-10 06:00:00+05:30,14.056666666666667,105.8,65.46666666666667
2026-05-10 07:00:00+05:30,21.6775,103.39999999999999,63.35
2026-05-10 08:00:00+05:30,18.88,110.2,60.0
2026-05-10 09:00:00+05:30,21.415,105.86666666666667,54.6
2026-05-10 10:00:00+05:30,19.3275,88.7,48.03333333333333
2026-05-10 11:00:00+05:30,14.200000000000001,87.525,42.725
2026-05-10 12:00:00+05:30,18.576666666666664,92.93333333333334,47.800000000000004
2026-05-10 13:00:00+05:30,26.36,92.2,41.13333333333333
2026-05-10 14:00:00+05:30,26.79,90.625,40.150000000000006
2026-05-10 15:00:00+05:30,29.155,90.5,30.150000000000002
2026-05-10 16:00:00+05:30,17.293333333333333,91.8,21.733333333333334
2026-05-10 17:00:00+05:30,12.663333333333332,94.45,28.150000000000002
2026-05-10 18:00:00+05:30,14.306666666666667,96.825,54.26666666666667
2026-05-10 19:00:00+05:30,20.8775,100.3,61.575
2026-05-10 20:00:00+05:30,15.393333333333333,107.575,57.06666666666666
2026-05-10 21:00:00+05:30,18.05333333333333,128.1,59.36666666666667
2026-05-10 22:00:00+05:30,16.6825,145.13333333333333,73.3
2026-05-10 23:00:00+05:30,27.97,146.13333333333333,73.1
2026-05-11 00:00:00+05:30,14.58,143.9,74.8
2026-05-11 01:00:00+05:30,19.525,140.96666666666667,72.35
2026-05-11 02:00:00+05:30,16.43,119.1,69.80000000000001
2026-05-11 03:00:00+05:30,16.84,117.19999999999999,69.65
2026-05-11 04:00:00+05:30,20.69,117.06666666666666,72.96666666666667
2026-05-11 05:00:00+05:30,16.79,116.4,80.13333333333333
2026-05-11 06:00:00+05:30,8.08,110.16666666666667,74.075
2026-05-11 07:00:00+05:30,16.203333333333333,101.8,66.36666666666666
2026-05-11 08:00:00+05:30,20.875,101.86666666666667,54.0
2026-05-11 09:00:00+05:30,16.459999999999997,98.8,44.96666666666667
2026-05-11 10:00:00+05:30,21.583333333333332,88.26666666666667,43.53333333333334
2026-05-11 11:00:00+05:30,22.333333333333332,86.25,35.0
2026-05-11 12:00:00+05:30,27.1225,82.525,55.025
2026-05-11 13:00:00+05:30,21.826666666666668,81.06666666666666,57.56666666666666
2026-05-11 14:00:00+05:30,11.553333333333335,77.53333333333335,35.766666666666666
2026-05-11 15:00:00+05:30,20.73,74.025,36.45
2026-05-11 16:00:00+05:30,17.156666666666666,78.92500000000001,40.36666666666667
2026-05-11 17:00:00+05:30,13.745000000000001,78.7,51.6
2026-05-11 18:00:00+05:30,19.536666666666665,76.36666666666666,41.93333333333334
2026-05-11 19:00:00+05:30,22.715,75.575,40.375
2026-05-11 20:00:00+05:30,18.213333333333335,86.425,46.833333333333336
2026-05-11 21:00:00+05:30,17.14,102.26666666666667,41.333333333333336
2026-05-11 22:00:00+05:30,23.439999999999998,108.375,57.300000000000004
2026-05-11 23:00:00+05:30,19.096666666666668,111.5,66.23333333333333
2026-05-12 00:00:00+05:30,25.65,106.0,59.6
2026-05-12 01:00:00+05:30,11.495000000000001,110.4,55.35
2026-05-12 02:00:00+05:30,13.9,108.3,49.23333333333333
2026-05-12 03:00:00+05:30,14.4375,103.66666666666667,40.675
2026-05-12 04:00:00+05:30,13.793333333333335,107.875,43.23333333333333
2026-05-12 05:00:00+05:30,12.725,106.4,55.05
2026-05-12 06:00:00+05:30,11.76,113.63333333333333,66.13333333333333
2026-05-12 07:00:00+05:30,21.15,119.66666666666667,77.5
2026-05-12 08:00:00+05:30,15.18,125.7,64.0
2026-05-12 09:00:00+05:30,16.4775,132.9,58.575
2026-05-12 10:00:00+05:30,14.756666666666666,133.13333333333333,63.333333333333336
2026-05-12 11:00:00+05:30,16.7575,129.85,68.025
2026-05-12 12:00:00+05:30,28.77,126.80000000000001,61.29999999999999
2026-05-12 13:00:00+05:30,26.575,123.39999999999999,55.1
2026-05-12 14:00:00+05:30,10.395,119.2,48.86666666666667
2026-05-12 15:00:00+05:30,20.835,119.36666666666667,55.85
2026-05-12 19:00:00+05:30,18.165,117.0,47.849999999999994
2026-05-12 20:00:00+05:30,27.26,118.96666666666665,52.25
2026-05-12 21:00:00+05:30,20.6,124.025,65.73333333333333
2026-05-12 22:00:00+05:30,17.416666666666668,132.83333333333334,90.23333333333335
2026-05-12 23:00:00+05:30,27.61,133.83333333333334,78.1
2026-05-13 01:00:00+05:30,9.89,133.2,73.0
2026-05-13 02:00:00+05:30,5.085,126.6,64.65
2026-05-13 03:00:00+05:30,14.46,123.76666666666665,65.44999999999999
2026-05-13 04:00:00+05:30,9.33,123.36666666666667,75.55000000000001
2026-05-13 05:00:00+05:30,16.7125,124.59999999999998,71.85
2026-05-13 06:00:00+05:30,15.659999999999998,123.36666666666667,69.45
2026-05-13 07:00:00+05:30,16.25,125.975,77.23333333333333
2026-05-13 08:00:00+05:30,17.27,135.3,91.4
2026-05-13 09:00:00+05:30,29.567500000000003,139.5,91.425
2026-05-13 10:00:00+05:30,23.00666666666667,151.29999999999998,76.86666666666666
2026-05-13 11:00:00+05:30,18.2925,145.8,70.3
2026-05-13 12:00:00+05:30,23.423333333333332,146.53333333333333,76.9
2026-05-13 13:00:00+05:30,16.595,141.7,60.1
2026-05-13 14:00:00+05:30,18.689999999999998,133.10000000000002,53.849999999999994
2026-05-13 15:00:00+05:30,14.706666666666665,168.16666666666666,77.9
2026-05-13 16:00:00+05:30,15.315,181.05,65.55
2026-05-13 17:00:00+05:30,15.2675,153.4,46.2
2026-05-13 18:00:00+05:30,14.015,124.05,38.2
2026-05-13 19:00:00+05:30,22.456666666666667,120.16666666666667,25.5
2026-05-13 20:00:00+05:30,23.07,137.125,30.15
2026-05-13 21:00:00+05:30,18.41,149.03333333333333,46.575
2026-05-13 22:00:00+05:30,23.4475,144.05,55.099999999999994
2026-05-13 23:00:00+05:30,16.235,143.6,61.55
2026-05-14 01:00:00+05:30,18.65,138.7,62.9
2026-05-14 02:00:00+05:30,18.1,140.20000000000002,63.26666666666667
2026-05-14 03:00:00+05:30,19.453333333333333,131.9,56.96666666666667
2026-05-14 04:00:00+05:30,16.315,100.425,41.625
2026-05-14 05:00:00+05:30,16.38,84.45,36.625
2026-05-14 06:00:00+05:30,13.266666666666666,76.89999999999999,35.15
2026-05-14 07:00:00+05:30,20.75,86.63333333333333,42.76666666666667
2026-05-14 08:00:00+05:30,28.74,107.625,38.199999999999996
2026-05-14 09:00:00+05:30,18.6625,134.825,49.375
2026-05-14 10:00:00+05:30,15.855,148.7,68.225
2026-05-14 11:00:00+05:30,22.7725,151.4,60.324999999999996
2026-05-14 12:00:00+05:30,16.9525,150.22500000000002,48.7
2026-05-14 13:00:00+05:30,11.375,138.775,50.0
2026-05-14 14:00:00+05:30,17.947499999999998,124.80000000000001,36.275000000000006
2026-05-14 15:00:00+05:30,18.775,120.40000000000002,5.0
2026-05-14 16:00:00+05:30,17.82,48.725,5.0
2026-05-14 17:00:00+05:30,19.8825,68.625,35.099999999999994
2026-05-14 18:00:00+05:30,16.2675,97.275,52.675
2026-05-14 19:00:00+05:30,14.263333333333334,110.7,50.666666666666664
2026-05-14 20:00:00+05:30,15.905,114.96666666666665,49.175
2026-05-14 21:00:00+05:30,18.045,106.4,58.45
2026-05-14 22:00:00+05:30,18.89,106.15,53.475
2026-05-14 23:00:00+05:30,15.605,109.9,47.95
2026-05-15 00:00:00+05:30,4.98,121.8,46.2
2026-05-15 01:00:00+05:30,10.886666666666665,115.76666666666667,51.300000000000004
2026-05-15 02:00:00+05:30,17.14,111.60000000000001,50.55
2026-05-15 03:00:00+05:30,16.87666666666667,109.66666666666667,45.666666666666664
2026-05-15 04:00:00+05:30,17.17,110.39999999999999,48.9
2026-05-15 05:00:00+05:30,15.520000000000001,110.36666666666667,49.46666666666666
2026-05-15 06:00:00+05:30,19.05333333333333,113.63333333333333,57.9
2026-05-15 07:00:00+05:30,23.1575,116.46666666666665,57.074999999999996
2026-05-15 08:00:00+05:30,22.665,128.5,66.6
2026-05-15 09:00:00+05:30,12.934999999999999,144.5,77.6
2026-05-15 10:00:00+05:30,16.43,153.6,57.85
2026-05-15 11:00:00+05:30,9.1375,149.775,52.025
2026-05-15 12:00:00+05:30,11.656666666666666,150.16666666666666,59.23333333333333
2026-05-15 13:00:00+05:30,20.115000000000002,140.425,52.975
2026-05-15 14:00:00+05:30,19.9375,136.475,38.95
2026-05-15 15:00:00+05:30,16.01,131.20000000000002,48.13333333333333
2026-05-15 16:00:00+05:30,14.9775,120.1,45.175
2026-05-15 17:00:00+05:30,12.5725,113.7,47.9
2026-05-15 18:00:00+05:30,22.909999999999997,115.26666666666667,50.29999999999999
2026-05-15 19:00:00+05:30,14.92,126.125,44.725
2026-05-15 20:00:00+05:30,15.26,149.525,46.925000000000004
2026-05-15 21:00:00+05:30,16.125,156.3,65.05000000000001
2026-05-15 22:00:00+05:30,23.13,147.9,54.650000000000006
2026-05-15 23:00:00+05:30,25.835,145.4,66.2
2026-05-16 02:00:00+05:30,11.286666666666667,141.46666666666667,47.666666666666664
2026-05-16 03:00:00+05:30,15.25,136.0,61.575
2026-05-16 04:00:00+05:30,11.103333333333333,131.26666666666665,67.46666666666667
2026-05-16 05:00:00+05:30,16.41,129.9,66.0
2026-05-16 06:00:00+05:30,15.877500000000001,132.1,69.35
2026-05-16 07:00:00+05:30,14.01,137.4,81.36666666666666
2026-05-16 08:00:00+05:30,22.14,146.0,85.5
2026-05-16 09:00:00+05:30,19.686666666666667,140.13333333333335,74.7
2026-05-16 10:00:00+05:30,20.793333333333333,140.6,61.5
2026-05-16 11:00:00+05:30,25.630000000000003,133.75,56.349999999999994
2026-05-16 12:00:00+05:30,15.223333333333334,126.66666666666667,48.56666666666666
2026-05-16 13:00:00+05:30,16.78333333333333,113.2,35.6
2026-05-16 14:00:00+05:30,12.616666666666667,105.26666666666667,32.166666666666664
2026-05-16 15:00:00+05:30,19.845,98.6,34.8
2026-05-16 16:00:00+05:30,24.42,96.225,40.9
2026-05-16 17:00:00+05:30,28.166666666666668,92.60000000000001,34.666666666666664
2026-05-16 18:00:00+05:30,22.1625,86.02499999999999,28.5
2026-05-16 19:00:00+05:30,16.093333333333334,103.0,31.65
2026-05-16 20:00:00+05:30,15.023333333333333,114.36666666666667,55.633333333333326
2026-05-16 21:00:00+05:30,20.485,123.69999999999999,58.26666666666667
2026-05-16 22:00:00+05:30,17.08,179.2,76.36666666666666
2026-05-16 23:00:00+05:30,14.055,181.0,78.86666666666667
2026-05-17 00:00:00+05:30,8.15,184.4,81.7
2026-05-17 01:00:00+05:30,17.66,163.1,58.1
2026-05-17 02:00:00+05:30,14.21,149.1,69.7
2026-05-17 03:00:00+05:30,13.933333333333332,136.36666666666667,57.9
2026-05-17 04:00:00+05:30,8.593333333333334,125.26666666666667,62.26666666666667
2026-05-17 05:00:00+05:30,19.790000000000003,117.0,67.03333333333335
2026-05-17 06:00:00+05:30,13.863333333333332,116.13333333333333,64.83333333333333
2026-05-17 07:00:00+05:30,22.225,170.5,68.15
2026-05-17 08:00:00+05:30,23.58,170.9333333333333,64.55
2026-05-17 09:00:00+05:30,15.376666666666665,166.9,65.5
2026-05-17 10:00:00+05:30,26.683333333333334,162.53333333333333,57.199999999999996
2026-05-17 11:00:00+05:30,21.040000000000003,161.53333333333333,52.833333333333336
2026-05-17 12:00:00+05:30,23.5525,161.55,37.5
2026-05-17 13:00:00+05:30,12.413333333333334,162.73333333333335,38.800000000000004
2026-05-17 14:00:00+05:30,30.83,162.55,38.5
2026-05-17 15:00:00+05:30,27.560000000000002,162.5,39.75
2026-05-17 16:00:00+05:30,21.03,173.5,49.5
2026-05-17 17:00:00+05:30,14.675,177.875,45.099999999999994
2026-05-17 18:00:00+05:30,11.363333333333335,175.66666666666666,36.56666666666667
2026-05-17 19:00:00+05:30,14.61,170.95,37.1
2026-05-17 20:00:00+05:30,11.666666666666666,184.9666666666667,50.666666666666664
2026-05-17 21:00:00+05:30,14.333333333333334,186.63333333333335,55.666666666666664
2026-05-17 22:00:00+05:30,24.32,214.4333333333333,66.25
2026-05-17 23:00:00+05:30,14.675,212.25,64.19999999999999
2026-05-18 00:00:00+05:30,25.96,199.1,69.5
2026-05-18 01:00:00+05:30,19.48,180.9,62.325
2026-05-18 02:00:00+05:30,17.146666666666665,173.76666666666665,63.199999999999996
2026-05-18 03:00:00+05:30,22.105,171.8,63.2
2026-05-18 04:00:00+05:30,22.62,164.63333333333333,55.56666666666666
2026-05-18 05:00:00+05:30,21.026666666666667,169.73333333333332,62.666666666666664
2026-05-18 06:00:00+05:30,24.895,178.14999999999998,67.5
2026-05-18 07:00:00+05:30,8.389999999999999,207.73333333333335,75.76666666666667
2026-05-18 08:00:00+05:30,17.043333333333333,209.6,77.73333333333333
2026-05-18 09:00:00+05:30,14.6125,211.75,69.125
2026-05-18 10:00:00+05:30,14.243333333333332,210.03333333333333,68.86666666666667
2026-05-18 11:00:00+05:30,13.525,202.575,71.875
2026-05-18 12:00:00+05:30,8.6075,146.85,42.375
2026-05-18 13:00:00+05:30,19.856666666666666,201.73333333333335,58.0
2026-05-18 14:00:00+05:30,21.575,201.5,58.425
2026-05-18 15:00:00+05:30,19.705,194.7,57.025
2026-05-18 16:00:00+05:30,15.495,189.075,61.974999999999994
2026-05-18 17:00:00+05:30,15.156666666666666,160.66666666666666,55.199999999999996
2026-05-18 18:00:00+05:30,16.9075,144.4,39.650000000000006
2026-05-18 19:00:00+05:30,20.48,139.2,47.4
2026-05-18 20:00:00+05:30,17.48,148.55,42.199999999999996
2026-05-18 21:00:00+05:30,24.835,142.35000000000002,56.166666666666664
2026-05-18 22:00:00+05:30,11.656666666666666,151.25,55.76666666666667
2026-05-18 23:00:00+05:30,3.2350000000000003,173.0,62.199999999999996
2026-05-19 00:00:00+05:30,11.76,165.3,63.3
2026-05-19 01:00:00+05:30,15.485,162.4,71.65
2026-05-19 02:00:00+05:30,8.16,165.4,64.7
2026-05-19 03:00:00+05:30,12.729999999999999,164.96666666666667,73.63333333333334
2026-05-19 04:00:00+05:30,6.46,155.3,61.2
2026-05-19 05:00:00+05:30,0.0,0.0,0.0
2026-05-19 06:00:00+05:30,0.0,0.0,0.0
2026-05-19 07:00:00+05:30,0.0,0.0,0.0
2026-05-19 08:00:00+05:30,0.0,0.0,0.0
2026-05-19 09:00:00+05:30,0.0,0.0,0.0
2026-05-19 10:00:00+05:30,0.0,0.0,0.0
2026-05-19 11:00:00+05:30,17.765,175.1,68.6
2026-05-19 12:00:00+05:30,27.45,167.4,81.86666666666667
2026-05-19 13:00:00+05:30,27.903333333333332,165.26666666666665,56.6
2026-05-19 14:00:00+05:30,24.61,165.1,5.0
2026-05-19 15:00:00+05:30,17.59,46.125,5.0
2026-05-19 16:00:00+05:30,20.843333333333334,178.6,74.8
2026-05-19 17:00:00+05:30,29.49,177.96666666666667,76.13333333333333
2026-05-19 18:00:00+05:30,27.349999999999998,181.875,72.0
2026-05-19 19:00:00+05:30,15.556666666666667,185.96666666666667,61.800000000000004
2026-05-19 20:00:00+05:30,14.135,191.775,57.725
2026-05-19 21:00:00+05:30,19.485,200.725,71.075
2026-05-19 22:00:00+05:30,14.372499999999999,208.8,154.85
2026-05-19 23:00:00+05:30,23.17,206.14999999999998,153.60000000000002
2026-05-20 00:00:00+05:30,11.2,196.4,101.1
2026-05-20 01:00:00+05:30,19.79,182.525,76.55
2026-05-20 02:00:00+05:30,26.605,169.55,64.05
2026-05-20 03:00:00+05:30,9.056666666666667,164.96666666666667,62.333333333333336
2026-05-20 04:00:00+05:30,15.4375,160.5,64.30000000000001
2026-05-20 05:00:00+05:30,26.07,160.125,67.2
2026-05-20 06:00:00+05:30,18.645,166.925,63.65
2026-05-20 07:00:00+05:30,17.98,178.9,70.525
2026-05-20 08:00:00+05:30,18.7675,188.35,73.2
2026-05-20 09:00:00+05:30,16.83,191.05,76.15
2026-05-20 10:00:00+05:30,21.71666666666667,202.4333333333333,90.89999999999999
2026-05-20 12:00:00+05:30,13.305,213.5,61.175
2026-05-20 13:00:00+05:30,26.94,206.26666666666665,49.833333333333336
2026-05-20 14:00:00+05:30,23.623333333333335,207.7,105.86666666666667
2026-05-20 15:00:00+05:30,19.44666666666667,194.73333333333335,94.10000000000001
2026-05-20 16:00:00+05:30,25.673333333333336,171.69999999999996,58.26666666666667
2026-05-20 17:00:00+05:30,18.856666666666666,163.675,42.13333333333333
2026-05-20 18:00:00+05:30,21.7025,167.27499999999998,34.875
2026-05-20 19:00:00+05:30,17.2175,195.30000000000004,34.675
2026-05-20 20:00:00+05:30,11.780000000000001,198.96666666666667,36.800000000000004
2026-05-20 21:00:00+05:30,15.4,201.64999999999998,40.43333333333333
2026-05-20 22:00:00+05:30,10.623333333333333,203.175,47.333333333333336
2026-05-20 23:00:00+05:30,16.705,204.05,48.75
2026-05-22 00:00:00+05:30,16.65,313.0,59.8
2026-05-22 01:00:00+05:30,19.56,299.26666666666665,56.333333333333336
2026-05-22 02:00:00+05:30,15.785,277.5,53.666666666666664
2026-05-22 03:00:00+05:30,19.830000000000002,275.73333333333335,53.43333333333334
2026-05-22 04:00:00+05:30,16.796666666666667,239.6,41.73333333333333
2026-05-22 05:00:00+05:30,17.675,208.4,44.425
2026-05-22 06:00:00+05:30,18.403333333333332,175.5666666666667,48.9
2026-05-22 07:00:00+05:30,12.200000000000001,141.1,39.06666666666667
2026-05-22 08:00:00+05:30,19.985,133.175,32.775
2026-05-22 09:00:00+05:30,20.983333333333334,136.9,33.43333333333333
2026-05-22 12:00:00+05:30,14.205,158.175,34.824999999999996
2026-05-22 13:00:00+05:30,13.003333333333332,143.4,44.29999999999999
2026-05-22 14:00:00+05:30,26.065,127.5,46.775
2026-05-22 15:00:00+05:30,22.8825,122.2,38.775
2026-05-22 16:00:00+05:30,14.69,113.09999999999998,28.26666666666667
2026-05-22 17:00:00+05:30,30.576666666666668,111.56666666666668,29.166666666666668
2026-05-22 18:00:00+05:30,16.723333333333333,110.96666666666665,34.166666666666664
2026-05-22 19:00:00+05:30,23.05,118.39999999999999,33.13333333333333
2026-05-22 20:00:00+05:30,26.810000000000002,127.17500000000001,38.075
2026-05-22 21:00:00+05:30,15.915000000000001,135.95,43.025
2026-05-22 22:00:00+05:30,19.545,153.63333333333333,49.900000000000006
2026-05-22 23:00:00+05:30,18.55,157.6,54.900000000000006
2026-05-23 01:00:00+05:30,12.2,161.3,44.9
2026-05-23 02:00:00+05:30,18.985,157.1,45.425
2026-05-23 03:00:00+05:30,22.05,147.29999999999998,47.06666666666666
2026-05-23 04:00:00+05:30,13.306666666666667,134.9,53.76666666666667
2026-05-23 05:00:00+05:30,16.59,129.9,60.4
2026-05-23 06:00:00+05:30,11.1875,136.1,48.175
2026-05-23 07:00:00+05:30,12.695,150.875,61.275
2026-05-23 08:00:00+05:30,21.12,156.5,66.525
2026-05-23 09:00:00+05:30,13.373333333333335,162.03333333333333,68.83333333333333
2026-05-23 10:00:00+05:30,12.1875,171.45,70.425
2026-05-23 11:00:00+05:30,21.18,151.1,63.23333333333333
2026-05-23 12:00:00+05:30,13.850000000000001,140.66666666666666,53.53333333333334
2026-05-23 13:00:00+05:30,20.07,137.9,42.5
2026-05-23 14:00:00+05:30,25.77333333333333,138.9333333333333,48.63333333333333
2026-05-23 15:00:00+05:30,22.3175,161.9,45.9
2026-05-23 16:00:00+05:30,15.06,179.6,36.0
2026-05-23 17:00:00+05:30,18.115,192.79999999999998,44.9
2026-05-23 18:00:00+05:30,20.8525,174.26666666666665,48.875
2026-05-23 19:00:00+05:30,18.5225,171.35000000000002,38.025
2026-05-23 20:00:00+05:30,18.603333333333335,185.86666666666667,58.4
2026-05-23 21:00:00+05:30,19.1525,193.5,63.9
2026-05-23 22:00:00+05:30,17.6375,189.83333333333334,60.375
2026-05-23 23:00:00+05:30,17.67,186.9,60.15
2026-05-24 01:00:00+05:30,14.23,159.3,42.2
2026-05-24 02:00:00+05:30,9.923333333333334,156.76666666666665,46.4
2026-05-24 03:00:00+05:30,15.953333333333333,151.96666666666667,51.800000000000004
2026-05-24 04:00:00+05:30,11.99,151.0,44.05
2026-05-24 05:00:00+05:30,15.225000000000001,156.425,53.575
2026-05-24 06:00:00+05:30,23.205000000000002,147.03333333333333,54.6
2026-05-24 07:00:00+05:30,21.1275,164.2,43.2
2026-05-24 08:00:00+05:30,15.37,171.19999999999996,54.4
2026-05-24 09:00:00+05:30,20.895,171.35,57.475
2026-05-24 10:00:00+05:30,21.2,164.2,42.0
2026-05-24 11:00:00+05:30,26.299999999999997,152.13333333333335,41.63333333333333
2026-05-24 12:00:00+05:30,20.8525,139.70000000000002,48.65
2026-05-24 13:00:00+05:30,13.56,129.575,39.425
2026-05-24 14:00:00+05:30,20.3925,126.89999999999999,33.4
2026-05-24 15:00:00+05:30,23.4225,126.5,33.574999999999996
2026-05-24 16:00:00+05:30,16.5725,121.825,39.925
2026-05-24 17:00:00+05:30,20.585,121.7,39.65
2026-05-24 18:00:00+05:30,13.855,122.60000000000001,42.15
2026-05-24 19:00:00+05:30,18.09,128.06666666666666,39.53333333333334
2026-05-24 20:00:00+05:30,18.043333333333333,138.76666666666668,35.43333333333334
2026-05-24 21:00:00+05:30,15.996666666666664,143.02499999999998,41.666666666666664
2026-05-24 22:00:00+05:30,17.865,147.55,42.625
2026-05-24 23:00:00+05:30,20.995,144.8,44.349999999999994
2026-05-25 00:00:00+05:30,9.29,126.5,58.2
2026-05-25 01:00:00+05:30,19.305,125.725,51.6
2026-05-25 02:00:00+05:30,22.0625,124.02499999999999,39.4
2026-05-25 03:00:00+05:30,15.92,108.65,37.525
2026-05-25 04:00:00+05:30,13.9975,95.0,46.55
2026-05-25 05:00:00+05:30,23.62,93.36666666666667,46.86666666666667
2026-05-25 06:00:00+05:30,17.755,103.97500000000001,50.9
2026-05-25 07:00:00+05:30,15.495000000000001,107.375,47.5
2026-05-25 08:00:00+05:30,20.256666666666664,135.0,54.56666666666666
2026-05-25 09:00:00+05:30,26.2225,141.45000000000002,60.575
2026-05-25 10:00:00+05:30,20.46,143.3,62.1
2026-05-25 11:00:00+05:30,20.62,145.4,57.1
2026-05-25 12:00:00+05:30,21.990000000000002,153.8,43.5
2026-05-25 13:00:00+05:30,16.125,174.0,42.8
2026-05-25 14:00:00+05:30,27.37666666666667,186.0666666666667,48.0
2026-05-25 15:00:00+05:30,19.069999999999997,192.0666666666667,54.46666666666667
2026-05-25 16:00:00+05:30,13.96,212.80000000000004,52.5
2026-05-25 17:00:00+05:30,12.885,198.85,57.75
2026-05-25 18:00:00+05:30,21.75,186.79999999999998,60.73333333333333
2026-05-25 19:00:00+05:30,17.0825,185.6,67.775
2026-05-25 20:00:00+05:30,16.19333333333333,187.96666666666667,75.96666666666665
2026-05-25 21:00:00+05:30,12.063333333333333,233.66666666666666,96.10000000000001
2026-05-25 22:00:00+05:30,10.705,285.325,124.19999999999999
2026-05-25 23:00:00+05:30,13.41,267.7,124.6
2026-05-27 00:00:00+05:30,15.45,192.0,87.7
2026-05-27 01:00:00+05:30,16.9,196.15,82.6
2026-05-27 02:00:00+05:30,13.3575,192.85,68.8
2026-05-27 03:00:00+05:30,11.25,164.13333333333333,65.36666666666666
2026-05-27 04:00:00+05:30,14.67,149.15,65.075
2026-05-27 05:00:00+05:30,14.116666666666667,120.14999999999999,57.73333333333333
2026-05-27 06:00:00+05:30,24.340000000000003,133.96666666666667,56.73333333333333
2026-05-27 07:00:00+05:30,13.407499999999999,142.925,54.1
2026-05-27 08:00:00+05:30,13.712499999999999,136.2,54.675
2026-05-27 09:00:00+05:30,16.086666666666666,145.0666666666667,56.699999999999996
2026-05-27 10:00:00+05:30,11.523333333333333,155.70000000000002,59.833333333333336
2026-05-27 11:00:00+05:30,15.315000000000001,145.3,62.1
2026-05-27 12:00:00+05:30,16.455,129.13333333333333,60.15
2026-05-27 17:00:00+05:30,13.675,134.7,55.6
2026-05-27 18:00:00+05:30,15.853333333333333,139.13333333333333,54.800000000000004
2026-05-27 19:00:00+05:30,18.145,139.025,50.75
2026-05-27 20:00:00+05:30,18.216666666666665,129.4,47.63333333333333
2026-05-27 21:00:00+05:30,18.540000000000003,149.775,57.26666666666667
2026-05-27 22:00:00+05:30,14.285,145.35000000000002,64.85
2026-05-27 23:00:00+05:30,10.48,144.4,65.0
2026-05-28 00:00:00+05:30,11.55,,66.6
2026-05-28 01:00:00+05:30,18.293333333333333,146.63333333333333,66.7
2026-05-28 02:00:00+05:30,19.83666666666667,130.1,67.60000000000001
2026-05-28 03:00:00+05:30,4.33,128.29999999999998,62.95
2026-05-28 04:00:00+05:30,9.907499999999999,119.3,58.925
2026-05-28 05:00:00+05:30,11.425,105.0,53.675
2026-05-28 06:00:00+05:30,14.729999999999999,99.3,53.03333333333333
2026-05-28 07:00:00+05:30,10.245000000000001,99.15,54.075
2026-05-28 08:00:00+05:30,11.125,99.975,42.875
2026-05-28 09:00:00+05:30,16.72,108.75,49.9
2026-05-28 10:00:00+05:30,21.956666666666667,111.90000000000002,56.43333333333334
2026-05-28 11:00:00+05:30,15.67,134.4333333333333,56.79999999999999
2026-05-28 12:00:00+05:30,24.599999999999998,143.76666666666668,61.699999999999996
2026-05-28 13:00:00+05:30,15.06,146.3,64.9
2026-05-28 14:00:00+05:30,18.62666666666667,176.775,71.86666666666666
2026-05-28 15:00:00+05:30,20.655,187.15,81.35
2026-05-28 16:00:00+05:30,11.895000000000001,192.5,78.7
2026-05-28 17:00:00+05:30,16.064999999999998,178.6,77.7
2026-05-28 18:00:00+05:30,8.440000000000001,168.9,70.5
2026-05-28 19:00:00+05:30,9.506666666666668,168.79999999999998,71.3
2026-05-28 20:00:00+05:30,11.96,170.5,65.2
2026-05-28 22:00:00+05:30,10.63,161.0,74.2
2026-05-28 23:00:00+05:30,13.91,164.9,73.45
2026-05-29 01:00:00+05:30,16.73,157.06666666666666,51.300000000000004
2026-05-29 02:00:00+05:30,13.845,140.1,54.9
2026-05-29 03:00:00+05:30,13.283333333333331,100.13333333333333,63.63333333333333
2026-05-29 04:00:00+05:30,25.27,85.96666666666665,49.56666666666666
2026-05-29 05:00:00+05:30,20.526666666666667,68.76666666666667,37.666666666666664
2026-05-29 06:00:00+05:30,9.0425,45.975,24.65
2026-05-29 07:00:00+05:30,13.8825,41.2,22.875
2026-05-29 08:00:00+05:30,6.22,36.43333333333334,23.900000000000002
2026-05-29 09:00:00+05:30,15.466666666666667,39.56666666666666,24.96666666666667
2026-05-29 10:00:00+05:30,16.9025,40.73333333333333,24.066666666666666
2026-05-29 11:00:00+05:30,18.05333333333333,45.23333333333333,31.166666666666668
2026-05-29 12:00:00+05:30,19.11,52.4,33.7
2026-05-29 13:00:00+05:30,15.146666666666667,51.5,33.26666666666667
2026-05-29 14:00:00+05:30,13.3,41.4,27.5
2026-05-29 15:00:00+05:30,11.14,40.8,25.950000000000003
2026-05-29 16:00:00+05:30,16.215,43.800000000000004,24.0
2026-05-29 17:00:00+05:30,10.643333333333333,44.166666666666664,28.733333333333334
2026-05-29 18:00:00+05:30,14.17,39.925,41.45
2026-05-29 19:00:00+05:30,17.1575,41.7,39.375
2026-05-29 20:00:00+05:30,12.2325,43.075,31.35
2026-05-29 21:00:00+05:30,5.753333333333333,48.833333333333336,42.43333333333333
2026-05-29 22:00:00+05:30,15.290000000000001,58.25,62.45
2026-05-29 23:00:00+05:30,18.03,59.7,53.7
2026-05-30 00:00:00+05:30,,65.7,39.2
2026-05-30 01:00:00+05:30,24.50333333333333,62.866666666666674,38.2
2026-05-30 02:00:00+05:30,14.192499999999999,56.6,33.875
2026-05-30 03:00:00+05:30,11.456666666666665,56.0,31.55
2026-05-30 04:00:00+05:30,19.2125,43.375,26.45
2026-05-30 05:00:00+05:30,10.85,45.56666666666666,22.0
2026-05-30 06:00:00+05:30,6.826666666666667,46.5,30.425
2026-05-30 07:00:00+05:30,15.68,46.4,39.0
2026-05-30 08:00:00+05:30,16.1325,51.15,33.425
2026-05-30 09:00:00+05:30,11.229999999999999,57.333333333333336,28.633333333333336
2026-05-30 10:00:00+05:30,14.0,59.46666666666667,38.9
2026-05-30 11:00:00+05:30,24.14,54.666666666666664,45.73333333333333
2026-05-30 12:00:00+05:30,12.005,54.7,33.36666666666667
2026-05-30 13:00:00+05:30,14.83,54.2,31.9
2026-05-30 14:00:00+05:30,6.529999999999999,53.96666666666667,31.366666666666664
2026-05-30 15:00:00+05:30,12.646666666666667,55.800000000000004,38.76666666666667
2026-05-30 16:00:00+05:30,8.59,50.75,41.099999999999994
2026-05-30 17:00:00+05:30,6.02,50.56666666666666,48.13333333333333
2026-05-30 18:00:00+05:30,13.123333333333335,53.96666666666666,50.96666666666667
2026-05-30 19:00:00+05:30,12.595,55.833333333333336,55.025
2026-05-30 20:00:00+05:30,10.113333333333332,63.3,56.3
2026-05-30 21:00:00+05:30,17.735,65.56666666666666,45.6
2026-05-30 22:00:00+05:30,9.316666666666666,61.675,42.23333333333333
2026-05-30 23:00:00+05:30,11.776666666666666,59.85,49.699999999999996
2026-05-31 00:00:00+05:30,15.13,63.6,43.4
2026-05-31 01:00:00+05:30,13.4825,59.65,43.875
2026-05-31 02:00:00+05:30,12.5975,49.65,40.95
2026-05-31 03:00:00+05:30,18.383333333333336,44.13333333333333,30.066666666666663
2026-05-31 04:00:00+05:30,18.15,37.93333333333334,26.266666666666666
2026-05-31 05:00:00+05:30,16.085,35.8,28.266666666666666
2026-05-31 06:00:00+05:30,16.5225,36.025,38.333333333333336
2026-05-31 07:00:00+05:30,12.58,33.275,39.975
2026-05-31 08:00:00+05:30,16.743333333333336,38.333333333333336,29.8
2026-05-31 09:00:00+05:30,12.065000000000001,40.725,26.875
2026-05-31 10:00:00+05:30,6.72,45.666666666666664,30.866666666666664
2026-05-31 11:00:00+05:30,22.65,50.05,33.05
2026-05-31 12:00:00+05:30,10.765,49.85,32.0
2026-05-31 13:00:00+05:30,18.65,62.300000000000004,35.800000000000004
2026-05-31 14:00:00+05:30,15.844999999999999,52.6,35.625
2026-05-31 15:00:00+05:30,16.29,55.775,42.05
2026-05-31 16:00:00+05:30,21.927500000000002,70.75,44.0
2026-05-31 17:00:00+05:30,20.06,80.69999999999999,54.7
2026-05-31 18:00:00+05:30,9.7925,77.5,53.95
2026-05-31 19:00:00+05:30,14.342500000000001,63.675,46.0
2026-05-31 20:00:00+05:30,15.280000000000001,62.225,38.725
2026-05-31 21:00:00+05:30,10.086666666666666,65.7,45.76666666666667
2026-05-31 22:00:00+05:30,12.425,63.5,39.4
2026-05-31 23:00:00+05:30,,63.7,
2026-06-01 00:00:00+05:30,9.79,61.9,37.0
2026-06-01 01:00:00+05:30,10.477500000000001,62.7,35.775
2026-06-01 02:00:00+05:30,11.520000000000001,62.333333333333336,34.199999999999996
2026-06-01 03:00:00+05:30,22.403333333333336,57.96666666666667,37.800000000000004
2026-06-01 04:00:00+05:30,12.9275,60.65,36.7
2026-06-01 05:00:00+05:30,13.033333333333331,64.0,35.175
2026-06-01 06:00:00+05:30,12.8575,59.675,45.474999999999994
2026-06-01 07:00:00+05:30,13.35,61.224999999999994,33.125
2026-06-01 08:00:00+05:30,14.160000000000002,58.36666666666667,28.200000000000003
2026-06-01 09:00:00+05:30,15.313333333333333,57.9,26.133333333333336
2026-06-01 10:00:00+05:30,19.883333333333336,59.55,28.35
2026-06-01 11:00:00+05:30,11.803333333333333,61.166666666666664,35.4
2026-06-01 12:00:00+05:30,5.08,60.26666666666667,38.699999999999996
2026-06-01 13:00:00+05:30,17.585,57.875,40.45
2026-06-01 14:00:00+05:30,9.18,51.86666666666667,38.46666666666667
2026-06-01 15:00:00+05:30,15.799999999999999,47.65,32.25
2026-06-01 16:00:00+05:30,22.174999999999997,49.9,34.4
2026-06-01 17:00:00+05:30,19.180000000000003,48.25,31.549999999999997
2026-06-01 18:00:00+05:30,15.746666666666668,49.95,30.0
2026-06-01 19:00:00+05:30,17.89,52.666666666666664,26.266666666666666
2026-06-01 20:00:00+05:30,19.655,60.199999999999996,31.100000000000005
2026-06-01 21:00:00+05:30,10.776666666666666,75.36666666666667,43.53333333333333
2026-06-01 22:00:00+05:30,16.636666666666667,92.65,53.79999999999999
2026-06-01 23:00:00+05:30,11.423333333333332,94.13333333333333,61.46666666666666
2026-06-02 00:00:00+05:30,10.85,90.9,70.1
2026-06-02 01:00:00+05:30,16.89,86.45,63.224999999999994
2026-06-02 02:00:00+05:30,25.145,77.15,43.3
2026-06-02 03:00:00+05:30,11.806666666666667,77.53333333333333,38.43333333333334
2026-06-02 04:00:00+05:30,12.593333333333334,80.10000000000001,37.96666666666667
2026-06-02 05:00:00+05:30,16.615,82.15,48.349999999999994
2026-06-02 06:00:00+05:30,19.465,74.60000000000001,41.324999999999996
2026-06-02 07:00:00+05:30,14.28,75.03333333333335,36.1
2026-06-02 08:00:00+05:30,17.265,71.45,39.0
2026-06-02 09:00:00+05:30,27.646666666666665,70.63333333333334,48.300000000000004
2026-06-02 10:00:00+05:30,34.864999999999995,69.55,50.75
2026-06-02 11:00:00+05:30,13.31,77.2,39.6
2026-06-02 12:00:00+05:30,14.549999999999999,76.16666666666667,30.96666666666667
2026-06-02 13:00:00+05:30,27.563333333333333,73.89999999999999,28.866666666666664
2026-06-02 14:00:00+05:30,16.39,76.95,37.4
2026-06-02 15:00:00+05:30,36.865,84.2,44.75
2026-06-02 17:00:00+05:30,27.085,94.8,39.55
2026-06-02 18:00:00+05:30,18.19666666666667,101.85,32.45
2026-06-02 19:00:00+05:30,14.1825,105.72500000000001,34.975
2026-06-02 20:00:00+05:30,20.046666666666667,110.03333333333335,45.96666666666667
2026-06-02 21:00:00+05:30,20.566666666666666,117.73333333333333,42.56666666666666
2026-06-02 22:00:00+05:30,31.62,114.03333333333335,50.625
2026-06-02 23:00:00+05:30,13.38,107.6,61.2
2026-06-03 00:00:00+05:30,22.52,111.4,48.0
2026-06-03 01:00:00+05:30,14.186666666666667,109.46666666666665,50.86666666666667
2026-06-03 02:00:00+05:30,12.08,104.59999999999998,57.075
2026-06-03 03:00:00+05:30,14.776666666666666,92.89999999999999,59.5
2026-06-03 04:00:00+05:30,21.985,92.1,61.86666666666667
2026-06-03 05:00:00+05:30,17.49,93.575,59.7
2026-06-03 06:00:00+05:30,20.9525,98.92500000000001,52.05
2026-06-03 07:00:00+05:30,16.265,94.2,52.333333333333336
2026-06-03 08:00:00+05:30,14.7275,87.875,44.075
2026-06-03 09:00:00+05:30,27.873333333333335,84.43333333333334,47.25
2026-06-03 10:00:00+05:30,23.835,83.7,35.333333333333336
2026-06-03 11:00:00+05:30,28.17,59.199999999999996,15.0
2026-06-03 12:00:00+05:30,23.5375,55.05,31.866666666666664
2026-06-03 13:00:00+05:30,26.265,109.85,61.349999999999994
2026-06-03 14:00:00+05:30,10.56,102.30000000000001,48.2
2026-06-03 15:00:00+05:30,20.723333333333333,100.33333333333333,47.46666666666667
2026-06-03 17:00:00+05:30,16.916666666666668,94.6,51.1
2026-06-03 18:00:00+05:30,23.340000000000003,94.6,50.95
2026-06-03 19:00:00+05:30,32.73,95.56666666666666,46.36666666666667
2026-06-03 20:00:00+05:30,20.293333333333333,91.6,53.95
2026-06-03 21:00:00+05:30,23.9875,96.2,53.95
2026-06-03 22:00:00+05:30,12.605,105.6,46.7
2026-06-03 23:00:00+05:30,23.795,107.2,52.5
2026-06-04 00:00:00+05:30,10.3,115.6,47.3
2026-06-04 01:00:00+05:30,20.1875,114.725,48.675
2026-06-04 02:00:00+05:30,26.886666666666667,113.85,50.0
2026-06-04 03:00:00+05:30,15.32,101.76666666666665,42.06666666666667
2026-06-04 04:00:00+05:30,15.82,100.93333333333332,42.95
2026-06-04 05:00:00+05:30,17.95,99.0,45.46666666666667
2026-06-04 06:00:00+05:30,15.81,97.46666666666665,52.666666666666664
2026-06-04 07:00:00+05:30,7.1,96.4,69.2
2026-06-04 08:00:00+05:30,19.795,93.9,65.05
2026-06-04 09:00:00+05:30,14.526666666666666,95.76666666666667,57.300000000000004
2026-06-04 10:00:00+05:30,20.26,96.95,47.0
2026-06-04 11:00:00+05:30,37.505,97.26666666666667,47.1
2026-06-04 12:00:00+05:30,21.62,96.80000000000001,47.0
2026-06-04 13:00:00+05:30,31.606666666666666,99.22500000000001,46.63333333333333
2026-06-04 14:00:00+05:30,15.19,96.10000000000001,45.3
2026-06-04 15:00:00+05:30,14.825,93.725,40.65
2026-06-04 16:00:00+05:30,35.92666666666667,90.5,37.13333333333333
2026-06-04 17:00:00+05:30,,85.65,
2026-06-04 18:00:00+05:30,21.653333333333336,86.36666666666667,40.86666666666667
2026-06-04 19:00:00+05:30,16.650000000000002,94.63333333333333,44.70000000000001
2026-06-04 20:00:00+05:30,21.313333333333336,121.06666666666666,51.833333333333336
2026-06-04 21:00:00+05:30,11.51,143.29999999999998,59.900000000000006
2026-06-04 22:00:00+05:30,20.46,172.79999999999998,56.9
2026-06-04 23:00:00+05:30,20.615000000000002,175.0,56.9
2026-06-05 01:00:00+05:30,21.13,129.8,56.5
2026-06-05 02:00:00+05:30,13.1,127.06666666666668,62.46666666666667
2026-06-05 03:00:00+05:30,14.23,121.4,56.225
2026-06-05 04:00:00+05:30,19.3225,112.35,52.925
2026-06-05 05:00:00+05:30,16.46,103.23333333333333,49.800000000000004
2026-06-05 06:00:00+05:30,20.08666666666667,97.35,48.45
2026-06-05 07:00:00+05:30,22.649999999999995,80.5,48.06666666666666
2026-06-05 08:00:00+05:30,14.016666666666666,68.86666666666666,40.300000000000004
2026-06-05 09:00:00+05:30,18.295,61.525,38.7
2026-06-05 10:00:00+05:30,13.15,56.0,37.3
2026-06-05 11:00:00+05:30,17.2,53.1,33.699999999999996
2026-06-05 12:00:00+05:30,14.32,52.03333333333333,30.03333333333333
2026-06-05 13:00:00+05:30,20.0225,56.76666666666667,33.574999999999996
2026-06-05 14:00:00+05:30,18.697499999999998,56.23333333333333,37.625
2026-06-05 15:00:00+05:30,28.3,56.23333333333333,42.70000000000001
2026-06-05 16:00:00+05:30,19.39,55.86666666666667,42.4
2026-06-05 17:00:00+05:30,12.469999999999999,55.400000000000006,38.13333333333333
2026-06-05 18:00:00+05:30,28.723333333333333,66.375,43.333333333333336
2026-06-05 19:00:00+05:30,20.043333333333333,74.8,45.63333333333333
2026-06-05 20:00:00+05:30,16.653333333333332,79.36666666666666,48.8
2026-06-05 21:00:00+05:30,13.69,82.75,46.7
2026-06-05 22:00:00+05:30,17.845,94.2,52.3
2026-06-05 23:00:00+05:30,22.490000000000002,98.2,52.1
2026-06-06 01:00:00+05:30,8.43,117.0,64.2
2026-06-06 02:00:00+05:30,22.255,113.1,64.5
2026-06-06 03:00:00+05:30,17.745,117.425,63.025000000000006
2026-06-06 04:00:00+05:30,25.4375,123.075,62.275
2026-06-06 05:00:00+05:30,20.04,129.075,60.150000000000006
2026-06-06 06:00:00+05:30,18.325,135.20000000000002,59.125
2026-06-06 07:00:00+05:30,25.26,141.32500000000002,67.225
2026-06-06 08:00:00+05:30,17.2575,145.10000000000002,75.025
2026-06-06 09:00:00+05:30,19.01,141.43333333333334,76.75
2026-06-06 10:00:00+05:30,17.6,137.325,73.625
2026-06-06 11:00:00+05:30,22.185000000000002,126.925,62.925
2026-06-06 12:00:00+05:30,23.71,115.07499999999999,51.85
2026-06-06 13:00:00+05:30,25.33,110.675,49.675
2026-06-06 14:00:00+05:30,17.4075,111.075,53.2
2026-06-06 15:00:00+05:30,22.4725,112.45,55.275000000000006
2026-06-06 16:00:00+05:30,24.5375,110.46666666666665,56.475
2026-06-06 17:00:00+05:30,19.5825,107.07499999999999,56.050000000000004
2026-06-06 18:00:00+05:30,23.1025,102.35,55.5
2026-06-06 19:00:00+05:30,14.620000000000001,98.52499999999999,56.45
2026-06-06 20:00:00+05:30,15.1825,102.025,58.65
2026-06-06 21:00:00+05:30,26.66,113.2,60.575
2026-06-06 22:00:00+05:30,15.6925,122.775,61.35
2026-06-06 23:00:00+05:30,9.896666666666667,126.10000000000001,61.63333333333333
2026-06-07 01:00:00+05:30,15.6,146.8,65.6
2026-06-07 02:00:00+05:30,20.646666666666665,146.93333333333334,68.8
2026-06-07 03:00:00+05:30,11.256666666666668,128.1,63.93333333333334
2026-06-07 04:00:00+05:30,27.185,109.875,58.95
2026-06-07 05:00:00+05:30,21.103333333333335,98.73333333333333,51.0
2026-06-07 06:00:00+05:30,19.473333333333333,93.46666666666665,49.86666666666667
2026-06-07 07:00:00+05:30,15.51,92.0,63.0
2026-06-07 08:00:00+05:30,20.546666666666667,94.06666666666666,56.56666666666666
2026-06-07 09:00:00+05:30,30.09,101.89999999999999,64.16666666666667
2026-06-07 10:00:00+05:30,20.905,107.5,61.75
2026-06-07 11:00:00+05:30,19.505,111.5,67.5
2026-06-07 12:00:00+05:30,21.945,117.525,62.825
2026-06-07 13:00:00+05:30,20.939999999999998,116.1,59.65
2026-06-07 14:00:00+05:30,29.935000000000002,113.10000000000001,56.349999999999994
2026-06-07 15:00:00+05:30,16.42,111.13333333333333,51.9
2026-06-07 16:00:00+05:30,19.03,123.4,42.8
2026-06-07 17:00:00+05:30,17.91,113.6,47.400000000000006
2026-06-07 18:00:00+05:30,20.776666666666667,119.125,52.29999999999999
2026-06-07 19:00:00+05:30,16.403333333333332,125.56666666666666,49.03333333333333
2026-06-07 20:00:00+05:30,24.25,135.675,51.699999999999996
2026-06-07 21:00:00+05:30,20.59,139.75,57.85
2026-06-07 22:00:00+05:30,14.73,148.475,54.03333333333333
2026-06-07 23:00:00+05:30,21.38,149.3,49.4
2026-06-08 01:00:00+05:30,14.99,143.0,47.7
2026-06-08 02:00:00+05:30,23.659999999999997,135.0,43.833333333333336
2026-06-08 03:00:00+05:30,16.66,120.75,47.075
2026-06-08 04:00:00+05:30,17.4325,111.925,50.25
2026-06-08 05:00:00+05:30,25.016666666666666,112.63333333333333,48.5
2026-06-08 06:00:00+05:30,15.37,114.03333333333335,51.0
2026-06-08 07:00:00+05:30,11.216666666666669,117.86666666666667,56.86666666666667
2026-06-08 08:00:00+05:30,26.3,120.73333333333333,57.86666666666667
2026-06-08 09:00:00+05:30,27.745,119.8,52.7
2026-06-08 10:00:00+05:30,20.605,120.07499999999999,54.925
2026-06-08 11:00:00+05:30,25.822499999999998,120.8,59.525
2026-06-08 12:00:00+05:30,18.2675,116.575,63.075
2026-06-08 13:00:00+05:30,26.4125,101.325,59.35
2026-06-08 14:00:00+05:30,37.57,60.8,48.5
2026-06-08 15:00:00+05:30,24.723333333333333,71.73333333333333,51.65
2026-06-08 16:00:00+05:30,28.669999999999998,86.675,50.0
2026-06-08 17:00:00+05:30,24.643333333333334,117.325,51.86666666666667
2026-06-08 18:00:00+05:30,27.765,142.9,55.525
2026-06-08 19:00:00+05:30,22.4,162.70000000000002,53.95
2026-06-08 20:00:00+05:30,22.423333333333332,180.0666666666667,54.86666666666667
2026-06-08 21:00:00+05:30,16.75,179.83333333333334,76.56666666666666
2026-06-08 22:00:00+05:30,19.26,184.66666666666666,82.5
2026-06-08 23:00:00+05:30,21.285,192.7,88.0
2026-06-09 01:00:00+05:30,37.95,168.1,69.7
2026-06-09 02:00:00+05:30,23.376666666666665,168.1,69.8
2026-06-09 03:00:00+05:30,11.2925,144.7,49.225
2026-06-09 04:00:00+05:30,21.97666666666667,125.89999999999999,45.333333333333336
2026-06-09 05:00:00+05:30,17.865,102.05,34.8
2026-06-09 06:00:00+05:30,22.77333333333333,96.83333333333333,34.199999999999996
2026-06-09 07:00:00+05:30,20.45,86.4,33.1
2026-06-09 08:00:00+05:30,22.436666666666667,80.2,37.46666666666667
2026-06-09 09:00:00+05:30,35.626666666666665,71.5,36.9
2026-06-09 10:00:00+05:30,25.22,85.1,42.1
2026-06-09 11:00:00+05:30,11.945,87.35,50.1
2026-06-09 12:00:00+05:30,21.17,91.19999999999999,53.0
2026-06-09 13:00:00+05:30,28.623333333333335,100.05,56.73333333333333
2026-06-09 14:00:00+05:30,17.720000000000002,108.6,57.666666666666664
2026-06-09 15:00:00+05:30,21.685,112.66666666666667,57.3
2026-06-09 16:00:00+05:30,30.46,123.3,52.8
2026-06-09 17:00:00+05:30,36.245,120.5,49.349999999999994
2026-06-09 18:00:00+05:30,29.679999999999996,120.13333333333333,44.46666666666667
2026-06-09 19:00:00+05:30,32.53,116.06666666666668,49.15
2026-06-09 20:00:00+05:30,24.28,130.66666666666666,49.25
2026-06-09 21:00:00+05:30,24.666666666666668,134.46666666666667,58.26666666666667
2026-06-09 22:00:00+05:30,23.633333333333336,134.125,58.4
2026-06-09 23:00:00+05:30,21.526666666666667,128.75,56.25
2026-06-10 00:00:00+05:30,17.09,139.0,50.0
2026-06-10 01:00:00+05:30,23.064999999999998,138.1,51.05
2026-06-10 02:00:00+05:30,24.026666666666667,135.3,55.5
2026-06-10 03:00:00+05:30,24.240000000000002,130.85,48.05
2026-06-10 04:00:00+05:30,24.72,139.1,52.23333333333333
2026-06-10 05:00:00+05:30,26.33,144.35,60.7
2026-06-10 06:00:00+05:30,24.506666666666664,151.75,52.20000000000001
2026-06-10 07:00:00+05:30,20.2,159.35,71.1
2026-06-10 08:00:00+05:30,35.266666666666666,175.35000000000002,73.63333333333333
2026-06-10 09:00:00+05:30,24.26,172.70000000000002,79.76666666666667
2026-06-10 13:00:00+05:30,10.67,180.05,83.6
2026-06-10 14:00:00+05:30,19.6025,177.475,80.2
2026-06-10 15:00:00+05:30,31.2725,176.60000000000002,79.92500000000001
2026-06-10 16:00:00+05:30,16.195,171.5,72.1
2026-06-10 17:00:00+05:30,16.475,166.85,59.150000000000006
2026-06-10 18:00:00+05:30,22.206666666666667,162.73333333333332,58.166666666666664
2026-06-10 19:00:00+05:30,11.816666666666668,162.2,62.70000000000001
2026-06-10 20:00:00+05:30,6.043333333333333,162.3,63.166666666666664
2026-06-10 21:00:00+05:30,16.836666666666666,192.26666666666665,78.36666666666666
2026-06-10 22:00:00+05:30,17.23,200.4,96.0
2026-06-10 23:00:00+05:30,19.27,195.2,107.0
2026-06-11 00:00:00+05:30,35.78,182.6,95.3
2026-06-11 01:00:00+05:30,15.6875,176.45,89.4
2026-06-11 02:00:00+05:30,9.673333333333334,158.0,70.2
2026-06-11 03:00:00+05:30,12.786666666666667,105.66666666666667,47.56666666666666
2026-06-11 04:00:00+05:30,11.014999999999999,76.05,33.975
2026-06-11 05:00:00+05:30,20.7075,52.5,31.974999999999998
2026-06-11 06:00:00+05:30,17.29,51.3,29.525
2026-06-11 07:00:00+05:30,15.853333333333333,50.4,25.899999999999995
2026-06-11 09:00:00+05:30,29.2,64.0,51.4
2026-06-11 10:00:00+05:30,19.645,53.9,46.75
2026-06-11 11:00:00+05:30,23.276666666666667,43.79999999999999,36.1
2026-06-11 12:00:00+05:30,23.706666666666667,53.0,33.699999999999996
2026-06-11 13:00:00+05:30,19.55,46.75,29.9
2026-06-11 14:00:00+05:30,23.75,46.375,25.299999999999997
2026-06-11 15:00:00+05:30,17.955,52.5,26.75
2026-06-11 16:00:00+05:30,25.55,54.79999999999999,21.7
2026-06-11 17:00:00+05:30,34.986666666666665,53.4,27.0
2026-06-11 18:00:00+05:30,35.21,53.400000000000006,31.03333333333333
2026-06-11 19:00:00+05:30,27.906666666666666,47.4,38.5
2026-06-11 20:00:00+05:30,35.292500000000004,47.2,35.325
2026-06-11 21:00:00+05:30,27.052500000000002,53.25,52.125
2026-06-11 22:00:00+05:30,25.265,54.775,47.099999999999994
2026-06-11 23:00:00+05:30,28.814999999999998,48.1,56.0
2026-06-12 00:00:00+05:30,22.25,89.0,57.2
2026-06-12 01:00:00+05:30,17.606666666666666,89.0,58.4
2026-06-12 02:00:00+05:30,26.0325,61.650000000000006,35.475
2026-06-12 03:00:00+05:30,23.083333333333332,42.43333333333333,36.699999999999996
2026-06-12 04:00:00+05:30,29.415000000000003,36.25,29.525
2026-06-12 05:00:00+05:30,28.227500000000003,31.675,23.675
2026-06-12 06:00:00+05:30,25.245,37.575,33.225
2026-06-12 07:00:00+05:30,26.3725,36.475,59.474999999999994
2026-06-12 08:00:00+05:30,28.206666666666667,38.8,39.3
2026-06-12 09:00:00+05:30,19.66,36.275,39.65
2026-06-12 10:00:00+05:30,25.006666666666664,47.0,42.06666666666667
2026-06-12 11:00:00+05:30,30.380000000000006,53.199999999999996,63.73333333333333
2026-06-12 12:00:00+05:30,31.7425,55.449999999999996,52.775
2026-06-12 13:00:00+05:30,23.679999999999996,55.36666666666667,58.800000000000004
2026-06-12 14:00:00+05:30,33.1025,51.25,47.9
2026-06-12 15:00:00+05:30,31.24,43.29999999999999,36.6
2026-06-12 16:00:00+05:30,23.6625,47.275,34.0
2026-06-12 17:00:00+05:30,19.886666666666667,46.6,31.399999999999995
2026-06-12 18:00:00+05:30,21.03,54.43333333333334,35.76666666666667
2026-06-12 19:00:00+05:30,32.0975,54.4,35.0
2026-06-12 20:00:00+05:30,23.997500000000002,57.599999999999994,67.05
2026-06-12 21:00:00+05:30,30.403333333333336,66.39999999999999,150.46666666666667
2026-06-12 22:00:00+05:30,23.6,13.85,1.575
2026-06-12 23:00:00+05:30,21.375,88.6,33.6
2026-06-13 00:00:00+05:30,14.87,83.1,37.1
2026-06-13 01:00:00+05:30,18.509999999999998,77.575,56.7
2026-06-13 02:00:00+05:30,31.1575,83.975,56.5
2026-06-13 03:00:00+05:30,30.14,88.325,258.05
2026-06-13 04:00:00+05:30,16.1575,89.575,172.95
2026-06-13 05:00:00+05:30,27.755,98.55,212.475
2026-06-13 06:00:00+05:30,13.786666666666667,106.33333333333333,136.16666666666666
2026-06-13 07:00:00+05:30,21.683333333333334,108.53333333333335,168.4333333333333
2026-06-13 08:00:00+05:30,24.197499999999998,136.3,118.09999999999998
2026-06-13 09:00:00+05:30,22.215,58.73333333333334,3.575
2026-06-13 10:00:00+05:30,33.00333333333333,13.799999999999999,5.433333333333334
2026-06-13 11:00:00+05:30,17.226666666666667,19.5,6.5
2026-06-13 12:00:00+05:30,31.15,20.55,11.45
2026-06-13 13:00:00+05:30,13.0675,39.6,19.700000000000003
2026-06-13 14:00:00+05:30,38.81666666666666,42.13333333333333,26.0
2026-06-13 15:00:00+05:30,15.966666666666669,49.800000000000004,42.5
2026-06-13 16:00:00+05:30,26.14,52.1,31.333333333333332
2026-06-13 17:00:00+05:30,27.6525,59.1,23.625
2026-06-13 18:00:00+05:30,29.396666666666665,63.1,27.100000000000005
2026-06-13 19:00:00+05:30,26.1575,56.925,35.675
2026-06-13 20:00:00+05:30,15.770000000000001,70.03333333333333,26.833333333333332
2026-06-13 21:00:00+05:30,20.069999999999997,70.6,41.6
2026-06-13 22:00:00+05:30,18.01,64.0,37.0
2026-06-13 23:00:00+05:30,19.435000000000002,57.900000000000006,46.55
2026-06-14 00:00:00+05:30,25.88,63.8,35.2
2026-06-14 01:00:00+05:30,24.893333333333334,68.56666666666668,26.3
2026-06-14 02:00:00+05:30,12.54,75.0,46.7
2026-06-14 03:00:00+05:30,18.68,64.45,25.55
2026-06-14 04:00:00+05:30,17.343333333333334,66.175,24.3
2026-06-14 05:00:00+05:30,26.756666666666664,71.7,27.03333333333333
2026-06-14 06:00:00+05:30,19.0125,76.65,37.2
2026-06-14 07:00:00+05:30,18.476666666666667,72.0,33.1
2026-06-14 08:00:00+05:30,19.377499999999998,67.25,46.925
2026-06-14 09:00:00+05:30,22.2225,60.550000000000004,36.175
2026-06-14 10:00:00+05:30,27.776666666666667,64.5,21.399999999999995
2026-06-14 11:00:00+05:30,24.655,66.5,35.775
2026-06-14 12:00:00+05:30,24.570000000000004,79.06666666666666,36.0
2026-06-14 13:00:00+05:30,28.506666666666664,85.8,31.399999999999995
2026-06-14 14:00:00+05:30,27.870000000000005,95.0,27.3
2026-06-14 15:00:00+05:30,19.4425,94.64999999999999,37.1
2026-06-14 16:00:00+05:30,18.94666666666667,98.23333333333333,37.13333333333333
2026-06-14 17:00:00+05:30,31.373333333333335,91.44999999999999,33.575
2026-06-14 18:00:00+05:30,31.076666666666668,93.63333333333333,39.13333333333333
2026-06-14 19:00:00+05:30,27.5075,92.075,38.075
2026-06-14 20:00:00+05:30,30.866666666666664,99.0,38.63333333333333
2026-06-14 21:00:00+05:30,26.4025,118.5,49.75
2026-06-14 22:00:00+05:30,17.9175,139.925,56.575
2026-06-14 23:00:00+05:30,11.219999999999999,133.0,46.75
2026-06-15 01:00:00+05:30,29.95,130.9,41.1
2026-06-15 02:00:00+05:30,35.83,122.5,51.1
2026-06-15 03:00:00+05:30,27.8275,116.625,57.775
2026-06-15 04:00:00+05:30,27.27,99.0,45.625
2026-06-15 05:00:00+05:30,36.5075,94.77499999999999,42.825
2026-06-15 06:00:00+05:30,32.5325,106.575,37.65
2026-06-15 07:00:00+05:30,27.385,102.6,39.93333333333334
2026-06-15 08:00:00+05:30,17.5,97.6,32.6
2026-06-15 09:00:00+05:30,36.11,97.53333333333335,37.63333333333333
2026-06-15 10:00:00+05:30,15.666666666666666,86.63333333333333,30.099999999999998
2026-06-15 11:00:00+05:30,25.863333333333333,93.73333333333333,24.066666666666666
2026-06-15 12:00:00+05:30,18.325,102.7,21.7
2026-06-15 13:00:00+05:30,19.1925,113.40000000000002,23.950000000000003
2026-06-15 14:00:00+05:30,20.506666666666664,126.8,27.400000000000002
2026-06-15 15:00:00+05:30,16.113333333333333,109.66666666666667,18.1
2026-06-15 16:00:00+05:30,18.866666666666667,109.53333333333335,21.599999999999998
2026-06-15 17:00:00+05:30,7.316666666666666,99.43333333333334,33.4
2026-06-15 22:00:00+05:30,25.2425,129.625,37.75
2026-06-15 23:00:00+05:30,12.77,126.5,43.1
2026-06-16 01:00:00+05:30,16.14,102.5,34.6
2026-06-16 02:00:00+05:30,13.16,92.9,31.65
2026-06-16 03:00:00+05:30,7.94,81.85,42.275
2026-06-16 04:00:00+05:30,6.3775,62.1,39.474999999999994
2026-06-16 05:00:00+05:30,15.055,88.64999999999999,44.45
2026-06-16 06:00:00+05:30,18.8325,76.5,44.5
2026-06-16 07:00:00+05:30,13.844999999999999,62.025,44.875
2026-06-16 08:00:00+05:30,13.453333333333333,68.56666666666666,38.63333333333333
2026-06-16 09:00:00+05:30,11.745000000000001,67.575,45.449999999999996
2026-06-16 10:00:00+05:30,10.796666666666667,77.76666666666667,38.96666666666667
2026-06-16 11:00:00+05:30,6.716666666666666,88.2,58.300000000000004
2026-06-16 12:00:00+05:30,5.626666666666668,92.06666666666666,49.53333333333333
2026-06-16 13:00:00+05:30,9.295,95.825,52.599999999999994
2026-06-16 14:00:00+05:30,14.865,114.1,47.9
2026-06-16 15:00:00+05:30,18.939999999999998,108.8,49.05
2026-06-16 18:00:00+05:30,8.629999999999999,94.8,54.6
2026-06-16 19:00:00+05:30,9.833333333333334,110.0,51.5
2026-06-16 20:00:00+05:30,10.9325,121.2,51.5
2026-06-16 21:00:00+05:30,12.136666666666665,135.3,51.5
2026-06-16 22:00:00+05:30,6.010000000000001,144.1,51.225
2026-06-16 23:00:00+05:30,13.05,148.95,56.35
2026-06-17 00:00:00+05:30,18.13,161.0,62.0
2026-06-17 01:00:00+05:30,9.945,156.0,82.675
2026-06-17 02:00:00+05:30,11.79,158.9,79.425
2026-06-17 03:00:00+05:30,7.276666666666666,150.9,68.23333333333333
2026-06-17 04:00:00+05:30,12.97,155.83333333333334,67.8
2026-06-17 05:00:00+05:30,10.105,166.1,63.25
2026-06-17 06:00:00+05:30,12.95,144.7,67.85
2026-06-17 07:00:00+05:30,6.5025,152.1,69.425
2026-06-17 08:00:00+05:30,4.93,137.7,69.975
2026-06-17 09:00:00+05:30,10.303333333333333,129.3,72.89999999999999
2026-06-17 10:00:00+05:30,6.71,129.3,15.0
2026-06-17 11:00:00+05:30,13.83,120.5,15.0
2026-06-17 12:00:00+05:30,1.1133333333333335,46.5,21.53333333333333
2026-06-17 13:00:00+05:30,10.793333333333335,123.33333333333333,53.333333333333336
2026-06-17 14:00:00+05:30,10.022499999999999,114.325,51.699999999999996
2026-06-17 15:00:00+05:30,9.213333333333333,119.0,48.03333333333333
2026-06-17 16:00:00+05:30,5.25,116.975,46.4
2026-06-17 17:00:00+05:30,10.343333333333334,115.3,45.833333333333336
2026-06-17 18:00:00+05:30,4.3975,129.425,44.75
2026-06-17 19:00:00+05:30,4.633333333333334,119.40000000000002,46.4
2026-06-17 20:00:00+05:30,3.5066666666666664,116.96666666666665,46.625
2026-06-17 21:00:00+05:30,1.915,119.55,53.96666666666667
2026-06-17 22:00:00+05:30,4.455,142.7,70.97500000000001
2026-06-17 23:00:00+05:30,1.01,140.7,63.25
2026-06-18 00:00:00+05:30,1.76,138.9,63.6
2026-06-18 01:00:00+05:30,2.7575,136.225,68.15
2026-06-18 02:00:00+05:30,5.07,127.15,52.900000000000006
2026-06-18 03:00:00+05:30,4.636666666666667,121.2,48.5
2026-06-18 04:00:00+05:30,3.08,116.94999999999999,47.150000000000006
2026-06-18 05:00:00+05:30,6.7475,128.65,43.05
2026-06-18 06:00:00+05:30,5.13,120.35,54.075
2026-06-18 07:00:00+05:30,3.1233333333333335,121.93333333333334,53.1
2026-06-18 08:00:00+05:30,3.97,122.6,65.125
2026-06-18 09:00:00+05:30,2.8449999999999998,135.3,62.8
2026-06-18 10:00:00+05:30,1.873333333333333,89.03333333333335,38.4
2026-06-18 11:00:00+05:30,5.07,129.13333333333333,61.333333333333336
2026-06-18 12:00:00+05:30,3.0366666666666666,129.13333333333335,66.76666666666667
2026-06-18 13:00:00+05:30,8.543333333333333,131.36666666666667,68.86666666666666
2026-06-18 15:00:00+05:30,12.366666666666665,125.8,62.699999999999996
2026-06-18 16:00:00+05:30,8.385,134.6,61.05
2026-06-18 19:00:00+05:30,21.945,135.15,62.5
2026-06-18 20:00:00+05:30,7.547499999999999,141.125,64.875
2026-06-18 21:00:00+05:30,12.455,150.4,76.125
2026-06-18 22:00:00+05:30,7.98,159.26666666666668,94.39999999999999
2026-06-18 23:00:00+05:30,17.1,159.9,106.1
2026-06-20 01:00:00+05:30,6.22,117.13,34.15
2026-06-20 02:00:00+05:30,7.803333333333334,118.01333333333334,35.47
2026-06-20 03:00:00+05:30,7.156666666666666,115.86,44.1025
2026-06-20 04:00:00+05:30,8.956666666666665,110.00333333333333,44.093333333333334
2026-06-20 05:00:00+05:30,8.5275,114.3,34.432500000000005
2026-06-20 06:00:00+05:30,10.129999999999999,110.0675,38.99
2026-06-20 07:00:00+05:30,9.8525,116.4325,50.56
2026-06-20 08:00:00+05:30,14.123333333333335,126.00999999999999,46.61333333333334
2026-06-20 09:00:00+05:30,11.306666666666667,145.80666666666667,54.99333333333334
2026-06-20 10:00:00+05:30,13.9875,166.81666666666666,59.78333333333333
2026-06-20 11:00:00+05:30,11.85,162.71666666666667,54.65
2026-06-20 12:00:00+05:30,9.393333333333333,159.17333333333332,52.03666666666667
2026-06-20 13:00:00+05:30,12.306666666666667,160.71,42.526666666666664
2026-06-20 14:00:00+05:30,11.986666666666666,144.40666666666667,46.37
2026-06-20 15:00:00+05:30,11.780000000000001,142.88333333333333,43.185
2026-06-20 16:00:00+05:30,7.266666666666666,135.42,57.59
2026-06-20 17:00:00+05:30,11.006666666666666,134.53333333333333,36.81333333333333
2026-06-20 18:00:00+05:30,7.933333333333334,132.165,35.0
2026-06-20 19:00:00+05:30,16.439999999999998,129.40333333333334,36.55
2026-06-20 20:00:00+05:30,11.9475,124.54,49.485
2026-06-20 21:00:00+05:30,9.103333333333333,130.85666666666668,44.19
2026-06-20 22:00:00+05:30,10.09,155.17999999999998,50.925
2026-06-20 23:00:00+05:30,4.15,163.22,46.91
2026-06-23 00:00:00+05:30,11.16,130.88,49.58
2026-06-23 01:00:00+05:30,6.8774999999999995,129.715,55.1875
2026-06-23 02:00:00+05:30,4.243333333333333,131.71666666666667,48.093333333333334
2026-06-23 03:00:00+05:30,8.266666666666667,135.185,46.75333333333333
2026-06-23 04:00:00+05:30,6.373333333333334,126.13,44.88
2026-06-23 05:00:00+05:30,5.166666666666667,123.91666666666667,48.04333333333333
2026-06-23 06:00:00+05:30,8.91,126.0925,42.9775
2026-06-23 07:00:00+05:30,8.175,129.41,44.905
2026-06-23 08:00:00+05:30,15.623333333333333,134.06,53.95666666666667
2026-06-23 09:00:00+05:30,14.546666666666667,135.35,46.330000000000005
2026-06-23 16:00:00+05:30,12.09,108.06,44.21
2026-06-25 22:00:00+05:30,20.307499999999997,135.55,67.125
2026-06-25 23:00:00+05:30,20.505,143.0725,85.7025
2026-06-26 00:00:00+05:30,17.8,147.38,77.32
2026-06-26 01:00:00+05:30,15.375,126.735,77.17999999999999
2026-06-26 02:00:00+05:30,15.399999999999999,123.105,71.765
2026-06-26 03:00:00+05:30,15.835,109.5775,55.849999999999994
2026-06-26 04:00:00+05:30,16.5875,110.80499999999999,52.685
2026-06-26 05:00:00+05:30,16.9775,106.02,52.44
2026-06-26 06:00:00+05:30,14.945,102.1575,62.135
2026-06-26 07:00:00+05:30,16.3175,111.155,83.36
2026-06-26 08:00:00+05:30,17.2275,118.0425,75.4375
2026-06-26 09:00:00+05:30,21.2,124.315,82.1975
2026-06-26 10:00:00+05:30,20.23,123.0175,59.88
2026-06-26 11:00:00+05:30,19.6425,119.0,56.285000000000004
2026-06-26 12:00:00+05:30,18.2075,110.265,68.0125
2026-06-26 13:00:00+05:30,18.955,106.07249999999999,59.5175
2026-06-26 14:00:00+05:30,19.005,107.715,59.1475
2026-06-26 15:00:00+05:30,18.68,100.85249999999999,62.6325
2026-06-26 16:00:00+05:30,17.740000000000002,98.725,48.495
2026-06-26 17:00:00+05:30,16.87,103.745,50.545
2026-06-26 18:00:00+05:30,17.025,102.7475,61.277499999999996
2026-06-26 19:00:00+05:30,24.1325,101.0025,61.652499999999996
2026-06-26 20:00:00+05:30,28.4675,106.3725,57.8425
2026-06-26 21:00:00+05:30,27.4375,125.85249999999999,63.005
2026-06-26 22:00:00+05:30,26.765,127.3825,75.215
2026-06-26 23:00:00+05:30,23.439999999999998,123.755,69.34
2026-06-27 00:00:00+05:30,19.05,125.34,78.43
2026-06-27 01:00:00+05:30,19.0625,119.9,74.755
2026-06-27 02:00:00+05:30,18.785,106.94749999999999,62.235
2026-06-27 03:00:00+05:30,17.35,100.365,55.9875
2026-06-27 04:00:00+05:30,18.5625,85.2775,45.7625
2026-06-27 05:00:00+05:30,18.5975,69.44,43.70333333333334
2026-06-27 06:00:00+05:30,19.8375,52.644999999999996,40.7225
2026-06-27 07:00:00+05:30,20.165,51.567499999999995,37.645
2026-06-27 08:00:00+05:30,18.1625,53.7725,48.8275
2026-06-27 09:00:00+05:30,18.98,66.6675,57.1775
2026-06-27 10:00:00+05:30,19.86,70.74,57.305
2026-06-27 11:00:00+05:30,25.025,64.97,61.3375
2026-06-27 12:00:00+05:30,23.98,79.455,59.6825
2026-06-27 13:00:00+05:30,20.017500000000002,100.38250000000001,51.4225
2026-06-27 14:00:00+05:30,18.785,102.75,54.6075
2026-06-27 15:00:00+05:30,20.86,109.10499999999999,62.4775
2026-06-27 16:00:00+05:30,19.2375,118.10749999999999,57.415
2026-06-27 17:00:00+05:30,20.15,114.005,60.33
2026-06-27 18:00:00+05:30,19.8,121.2775,71.0525
2026-06-27 19:00:00+05:30,26.1875,121.0375,69.225
2026-06-27 20:00:00+05:30,27.810000000000002,124.515,62.4925
2026-06-27 21:00:00+05:30,27.915,133.89499999999998,61.942499999999995
2026-06-27 22:00:00+05:30,25.4,141.2025,68.73
2026-06-27 23:00:00+05:30,20.56,188.37333333333333,72.25333333333333
2026-06-28 00:00:00+05:30,22.06,138.7,59.75
2026-06-28 01:00:00+05:30,17.515,126.2775,66.4975
2026-06-28 02:00:00+05:30,17.5975,106.8975,51.602500000000006
2026-06-28 03:00:00+05:30,18.215,102.5775,46.3425
2026-06-28 04:00:00+05:30,18.08,93.06,45.375
2026-06-28 05:00:00+05:30,17.265,87.7725,52.01
2026-06-28 06:00:00+05:30,18.435,78.41499999999999,48.7575
2026-06-28 07:00:00+05:30,18.0175,75.82,47.9875
2026-06-28 08:00:00+05:30,17.38,66.2575,57.6175
2026-06-28 09:00:00+05:30,24.0675,,
2026-06-28 10:00:00+05:30,25.6725,60.62,55.27
2026-06-28 11:00:00+05:30,25.5675,63.3125,41.4275
2026-06-28 12:00:00+05:30,26.5025,61.5925,41.805
2026-06-28 13:00:00+05:30,25.8825,71.08,46.2175
2026-06-28 14:00:00+05:30,27.105,64.0175,50.177499999999995
2026-06-28 15:00:00+05:30,21.4675,67.61,48.14
2026-06-28 16:00:00+05:30,19.822499999999998,76.08,50.02
2026-06-28 17:00:00+05:30,21.0825,80.5475,51.04
2026-06-28 18:00:00+05:30,22.5,80.92,51.14
2026-06-28 19:00:00+05:30,25.2275,81.83,57.0025
2026-06-28 20:00:00+05:30,29.1525,96.2825,52.61
2026-06-28 21:00:00+05:30,28.405,93.33500000000001,48.122499999999995
2026-06-28 22:00:00+05:30,30.695,94.51,49.300000000000004
2026-06-28 23:00:00+05:30,28.104999999999997,88.2075,57.33
2026-06-29 00:00:00+05:30,20.62,74.41,57.92
2026-06-29 01:00:00+05:30,17.7825,72.4675,57.65
2026-06-29 02:00:00+05:30,18.8125,67.9525,42.1525
2026-06-29 03:00:00+05:30,20.5275,71.28,52.955
2026-06-29 04:00:00+05:30,20.8875,78.07000000000001,53.4
2026-06-29 05:00:00+05:30,19.052500000000002,75.72,47.917500000000004
2026-06-29 06:00:00+05:30,18.7375,77.1325,46.3025
2026-06-29 07:00:00+05:30,16.9825,60.052499999999995,41.885
2026-06-29 08:00:00+05:30,19.6725,53.4525,39.697500000000005
2026-06-29 09:00:00+05:30,23.65,51.667500000000004,39.67
2026-06-29 10:00:00+05:30,25.3,50.8825,36.7675
2026-06-29 11:00:00+05:30,25.572499999999998,51.667500000000004,36.755
2026-06-29 12:00:00+05:30,22.535,55.78,46.947500000000005
2026-06-29 13:00:00+05:30,19.03,69.6825,21.795
2026-06-29 14:00:00+05:30,18.2325,73.89250000000001,18.2975
2026-06-29 15:00:00+05:30,17.995,71.92750000000001,24.895
2026-06-29 16:00:00+05:30,16.572499999999998,82.02,24.6675
2026-06-29 17:00:00+05:30,17.8325,90.30000000000001,29.2975
2026-06-29 18:00:00+05:30,21.205,94.24000000000001,31.23
2026-06-29 19:00:00+05:30,27.877499999999998,92.4775,22.8925
2026-06-29 20:00:00+05:30,26.0675,99.7075,25.7975
2026-06-29 21:00:00+05:30,28.26,99.045,22.9625
2026-06-29 22:00:00+05:30,29.2225,79.1875,32.665000000000006
2026-06-29 23:00:00+05:30,29.1275,80.14999999999999,33.0525
2026-06-30 00:00:00+05:30,17.91,72.4,32.63
2026-06-30 01:00:00+05:30,20.3775,70.80000000000001,19.1375
2026-06-30 02:00:00+05:30,19.82,60.3525,23.5175
2026-06-30 03:00:00+05:30,19.485,55.472500000000004,14.7975
2026-06-30 04:00:00+05:30,20.21,50.765,23.22
2026-06-30 05:00:00+05:30,20.355,57.787499999999994,14.6075
2026-06-30 06:00:00+05:30,20.15,55.555,12.68
2026-06-30 07:00:00+05:30,18.96,57.339999999999996,11.5875
2026-06-30 08:00:00+05:30,18.5475,53.9275,17.169999999999998
2026-06-30 09:00:00+05:30,22.61,56.4125,23.85
2026-06-30 10:00:00+05:30,24.11,62.8925,33.66
2026-06-30 11:00:00+05:30,26.1025,59.352500000000006,35.425
2026-06-30 12:00:00+05:30,23.925,59.98,27.39333333333333
2026-06-30 13:00:00+05:30,22.927500000000002,,
2026-06-30 14:00:00+05:30,27.384999999999998,11.703333333333333,11.95
2026-06-30 15:00:00+05:30,20.61,43.475,37.415
2026-06-30 16:00:00+05:30,20.41,45.03,26.1225
2026-06-30 17:00:00+05:30,18.0,45.35,22.020000000000003
2026-06-30 18:00:00+05:30,25.6525,44.262499999999996,12.6525
2026-06-30 19:00:00+05:30,24.3425,42.3475,11.600000000000001
2026-06-30 20:00:00+05:30,25.66,46.2,10.32
2026-06-30 21:00:00+05:30,24.0875,39.07,12.9875
2026-06-30 22:00:00+05:30,28.7025,41.73,13.9275
2026-06-30 23:00:00+05:30,19.273333333333333,48.153333333333336,18.493333333333336
2026-07-01 01:00:00+05:30,21.78,49.65,22.89
2026-07-01 02:00:00+05:30,18.5,51.075,21.372500000000002
2026-07-01 03:00:00+05:30,18.4775,53.54,23.182499999999997
2026-07-01 04:00:00+05:30,19.5075,55.84,31.527499999999996
2026-07-01 05:00:00+05:30,21.122500000000002,60.835,30.38
2026-07-01 06:00:00+05:30,19.08,56.13,33.75
2026-07-01 07:00:00+05:30,18.552500000000002,58.1,20.064999999999998
2026-07-01 08:00:00+05:30,18.97,61.025000000000006,32.94
2026-07-01 09:00:00+05:30,17.045,65.2475,37.4825
2026-07-01 10:00:00+05:30,16.785,77.11,31.57
2026-07-01 11:00:00+05:30,24.02,93.805,39.765
2026-07-01 12:00:00+05:30,21.68,99.27,44.69
2026-07-01 13:00:00+05:30,19.9025,121.0275,33.13
2026-07-01 14:00:00+05:30,18.985,109.69,34.9425
2026-07-01 15:00:00+05:30,18.195,99.8725,36.555
2026-07-01 16:00:00+05:30,19.6125,84.015,19.89
2026-07-01 17:00:00+05:30,19.18,79.155,12.8
2026-07-01 18:00:00+05:30,17.93,72.13,15.31
2026-07-01 19:00:00+05:30,18.947499999999998,67.58000000000001,12.9
2026-07-01 20:00:00+05:30,20.245,62.644999999999996,28.68
2026-07-01 21:00:00+05:30,18.5675,59.095,30.8425
2026-07-01 22:00:00+05:30,19.7825,65.06,26.0225
2026-07-01 23:00:00+05:30,20.043333333333333,60.160000000000004,33.9925
2026-07-02 00:00:00+05:30,17.0,58.83,36.36
2026-07-02 01:00:00+05:30,18.052500000000002,58.1525,32.7475
2026-07-02 02:00:00+05:30,18.72,60.23,22.7325
2026-07-02 03:00:00+05:30,18.6675,65.1075,20.752499999999998
2026-07-02 04:00:00+05:30,18.09,61.7375,27.9675
2026-07-02 05:00:00+05:30,20.195,59.415,26.5475
2026-07-02 06:00:00+05:30,17.5575,59.1225,33.129999999999995
2026-07-02 07:00:00+05:30,18.84,57.165,33.5075
2026-07-02 08:00:00+05:30,18.6325,53.705,25.1475
2026-07-02 09:00:00+05:30,19.6625,54.1475,15.9775
2026-07-02 10:00:00+05:30,17.9,54.94,23.292499999999997
2026-07-02 11:00:00+05:30,19.855,47.1175,20.57
2026-07-02 12:00:00+05:30,19.8425,45.760000000000005,19.1925
2026-07-02 13:00:00+05:30,18.13,52.0625,20.2125
2026-07-02 14:00:00+05:30,18.7175,53.3575,14.5275
2026-07-02 15:00:00+05:30,19.67,61.535,50.45
2026-07-02 16:00:00+05:30,20.4975,59.045,36.5875
2026-07-02 17:00:00+05:30,20.775,64.7675,43.1575
2026-07-02 18:00:00+05:30,20.2225,58.9225,36.057500000000005
2026-07-02 19:00:00+05:30,18.555,44.10333333333333,29.77
2026-07-02 20:00:00+05:30,20.12,53.61,36.895
2026-07-02 21:00:00+05:30,25.42,47.1725,38.6925
2026-07-02 22:00:00+05:30,25.2,42.275,38.087500000000006
2026-07-02 23:00:00+05:30,17.863333333333333,39.5125,32.17666666666667
2026-07-03 00:00:00+05:30,16.27,35.82,30.13
2026-07-03 01:00:00+05:30,18.7175,35.3675,30.57
2026-07-03 02:00:00+05:30,15.6875,34.155,30.51
2026-07-03 03:00:00+05:30,16.8975,33.535,24.465
2026-07-03 04:00:00+05:30,16.9175,33.69,15.1475
2026-07-03 05:00:00+05:30,17.0175,33.8675,12.98
2026-07-03 06:00:00+05:30,17.862499999999997,34.2175,11.6675
2026-07-03 07:00:00+05:30,16.4,33.955,18.6525
2026-07-03 08:00:00+05:30,16.9525,33.5875,22.957500000000003
2026-07-03 09:00:00+05:30,22.814999999999998,33.08,31.15
2026-07-03 10:00:00+05:30,23.04,33.19,29.4525
2026-07-03 11:00:00+05:30,22.02,33.35,24.38
2026-07-03 12:00:00+05:30,21.13,33.535,20.557499999999997
2026-07-03 13:00:00+05:30,21.2875,33.394999999999996,16.84
2026-07-03 14:00:00+05:30,19.83,33.4825,26.09
2026-07-03 15:00:00+05:30,18.03,33.807500000000005,16.8225
2026-07-03 16:00:00+05:30,16.45,34.125,18.036666666666665
2026-07-03 17:00:00+05:30,15.9475,30.625,18.71
2026-07-03 18:00:00+05:30,18.725,31.265,27.145
2026-07-03 19:00:00+05:30,19.465,40.845,32.2825
2026-07-03 20:00:00+05:30,20.025,46.3025,21.7075
2026-07-03 21:00:00+05:30,21.145,58.53,20.0575
2026-07-03 22:00:00+05:30,21.775,62.5075,23.055
2026-07-03 23:00:00+05:30,14.046666666666667,73.25,14.567499999999999
2026-07-04 00:00:00+05:30,14.15,82.68,20.86
2026-07-04 01:00:00+05:30,16.4175,69.2475,19.11
2026-07-04 02:00:00+05:30,14.9175,69.5525,24.7125
2026-07-04 03:00:00+05:30,16.417499999999997,66.08500000000001,19.6725
2026-07-04 04:00:00+05:30,15.04,69.6325,23.45
2026-07-04 05:00:00+05:30,15.3675,69.535,22.745
2026-07-04 06:00:00+05:30,15.215,70.0725,20.822499999999998
2026-07-04 07:00:00+05:30,14.84,69.4225,20.7775
2026-07-04 08:00:00+05:30,15.600000000000001,68.165,24.4825
2026-07-04 09:00:00+05:30,18.6175,74.645,25.8275
2026-07-04 10:00:00+05:30,19.695,79.9175,17.9525
2026-07-04 11:00:00+05:30,19.81,84.7625,23.1075
2026-07-04 12:00:00+05:30,18.235,90.385,21.442500000000003
2026-07-04 13:00:00+05:30,16.23,85.8925,22.4975
2026-07-04 14:00:00+05:30,19.9025,83.19749999999999,18.285
2026-07-04 15:00:00+05:30,18.0075,88.3325,32.395
2026-07-04 16:00:00+05:30,16.4175,81.9725,19.697499999999998
2026-07-04 17:00:00+05:30,15.3475,85.505,25.1725
2026-07-04 18:00:00+05:30,16.3875,92.1775,28.8575
2026-07-04 19:00:00+05:30,27.625,96.28999999999999,30.8375
2026-07-04 20:00:00+05:30,26.58,95.1,31.7825
2026-07-04 21:00:00+05:30,25.197499999999998,92.0575,30.7
2026-07-04 22:00:00+05:30,25.23,98.77000000000001,34.165
2026-07-04 23:00:00+05:30,21.560000000000002,120.5325,45.78
2026-07-05 00:00:00+05:30,21.43,130.27,55.01
2026-07-05 01:00:00+05:30,21.8175,130.145,52.052499999999995
2026-07-05 02:00:00+05:30,21.244999999999997,128.09,41.379999999999995
2026-07-05 03:00:00+05:30,18.5325,116.52000000000001,34.5525
2026-07-05 04:00:00+05:30,19.1475,108.74000000000001,30.8975
2026-07-05 05:00:00+05:30,17.7075,96.6775,29.869999999999997
2026-07-05 06:00:00+05:30,18.294999999999998,95.57,23.62
2026-07-05 07:00:00+05:30,19.36,95.8825,24.0475
2026-07-05 08:00:00+05:30,19.005,85.8425,34.55
2026-07-05 09:00:00+05:30,21.075,80.19500000000001,35.585
2026-07-05 10:00:00+05:30,28.11,83.72749999999999,29.98
2026-07-05 11:00:00+05:30,28.19,80.8375,26.5175
2026-07-05 12:00:00+05:30,28.355,79.4275,25.205000000000002
2026-07-05 13:00:00+05:30,27.122500000000002,72.7125,28.1775
2026-07-05 14:00:00+05:30,26.975,70.6075,16.2225
2026-07-05 15:00:00+05:30,20.8175,71.17,11.2775
2026-07-05 16:00:00+05:30,19.905,67.9425,15.0375
2026-07-05 17:00:00+05:30,18.94,61.5375,10.27
2026-07-05 18:00:00+05:30,24.665,62.894999999999996,11.16
2026-07-05 19:00:00+05:30,28.23,63.26,30.4575
2026-07-05 20:00:00+05:30,29.325,81.125,25.925
2026-07-05 21:00:00+05:30,20.7675,67.0025,16.845
2026-07-05 22:00:00+05:30,15.475,56.535,14.057500000000001
2026-07-05 23:00:00+05:30,14.935,52.785,7.385000000000001
2026-07-06 00:00:00+05:30,13.89,50.47,16.82
2026-07-06 01:00:00+05:30,13.8675,46.86,19.06
2026-07-06 02:00:00+05:30,15.4225,48.93,17.89
2026-07-06 03:00:00+05:30,16.137500000000003,42.8725,10.5875
2026-07-06 04:00:00+05:30,14.375,43.195,9.2325
2026-07-06 05:00:00+05:30,14.685,43.510000000000005,20.625
2026-07-06 06:00:00+05:30,15.5775,42.285,27.990000000000002
2026-07-06 07:00:00+05:30,16.035,38.0225,23.7275
2026-07-06 08:00:00+05:30,14.815000000000001,40.88,15.0275
2026-07-06 09:00:00+05:30,23.68,43.17,10.1475
2026-07-06 10:00:00+05:30,25.88,45.265,14.79
2026-07-06 11:00:00+05:30,25.185,44.75,29.89
2026-07-06 12:00:00+05:30,21.745,42.9125,25.495
2026-07-06 13:00:00+05:30,21.26,41.7025,21.855
2026-07-06 14:00:00+05:30,23.53,41.43,13.9725
2026-07-06 15:00:00+05:30,20.759999999999998,50.485,21.1575
2026-07-06 16:00:00+05:30,22.22,52.6075,17.8875
2026-07-06 17:00:00+05:30,24.87,50.1525,15.34
2026-07-06 18:00:00+05:30,24.9725,53.99,16.7875
2026-07-06 19:00:00+05:30,25.39,57.21,15.61
2026-07-06 20:00:00+05:30,28.59,52.894999999999996,15.342500000000001
2026-07-06 21:00:00+05:30,29.88,54.9775,16.5
2026-07-06 22:00:00+05:30,26.215,57.8,16.975
2026-07-06 23:00:00+05:30,17.866666666666664,58.85999999999999,9.11
2026-07-07 01:00:00+05:30,18.23,69.96,12.18
2026-07-07 02:00:00+05:30,18.48,65.59,12.712499999999999
2026-07-07 03:00:00+05:30,19.689999999999998,62.6025,20.322499999999998
2026-07-07 04:00:00+05:30,19.5225,59.7275,13.772499999999999
2026-07-07 05:00:00+05:30,19.285,55.129999999999995,12.54
2026-07-07 06:00:00+05:30,19.755,50.94,10.455
2026-07-07 07:00:00+05:30,18.775,49.879999999999995,11.629999999999999
2026-07-07 08:00:00+05:30,19.8325,45.05,18.905
2026-07-07 09:00:00+05:30,18.3975,46.575,22.479999999999997
2026-07-07 10:00:00+05:30,21.545,53.2275,15.77
2026-07-07 11:00:00+05:30,19.13,50.5125,16.955000000000002
2026-07-07 12:00:00+05:30,18.2125,53.8875,11.967500000000001
2026-07-07 13:00:00+05:30,20.142500000000002,47.11,25.085
2026-07-07 14:00:00+05:30,19.095,46.4725,20.3675
2026-07-07 15:00:00+05:30,19.8175,62.02250000000001,23.7225
2026-07-07 16:00:00+05:30,13.4775,63.894999999999996,22.1175
2026-07-07 17:00:00+05:30,13.7825,56.265,15.127500000000001
2026-07-07 18:00:00+05:30,13.58,48.275000000000006,21.919999999999998
2026-07-07 19:00:00+05:30,13.2925,52.8875,25.192500000000003
2026-07-07 20:00:00+05:30,13.295,48.567499999999995,24.9225
2026-07-07 21:00:00+05:30,14.61,48.5275,22.71
2026-07-07 22:00:00+05:30,15.17,53.7825,24.0925
2026-07-07 23:00:00+05:30,14.795,49.6275,22.0625
2026-07-08 00:00:00+05:30,16.44,39.02,9.23
2026-07-08 01:00:00+05:30,15.035,35.4125,9.19
2026-07-08 02:00:00+05:30,15.255,32.9775,13.26
2026-07-08 03:00:00+05:30,15.0975,28.622500000000002,10.3125
2026-07-08 04:00:00+05:30,14.745000000000001,32.572500000000005,6.335
2026-07-08 05:00:00+05:30,14.57,30.8675,10.3975
2026-07-08 06:00:00+05:30,14.6875,33.2675,17.744999999999997
2026-07-08 07:00:00+05:30,15.2025,31.9375,23.4375
2026-07-08 08:00:00+05:30,15.6725,34.325,28.165
2026-07-08 09:00:00+05:30,16.1425,40.6175,17.134999999999998
2026-07-08 10:00:00+05:30,16.802500000000002,40.7575,23.067500000000003
2026-07-08 11:00:00+05:30,18.64,46.8825,29.240000000000002
2026-07-08 12:00:00+05:30,19.78,49.567499999999995,23.63
2026-07-08 13:00:00+05:30,19.4025,55.72,26.244999999999997
2026-07-08 14:00:00+05:30,18.155,64.195,26.3975
2026-07-08 15:00:00+05:30,20.42,59.2375,26.25
2026-07-08 16:00:00+05:30,17.496666666666666,57.9,34.24
2026-07-08 17:00:00+05:30,19.2775,51.6875,33.955
2026-07-08 18:00:00+05:30,19.9125,42.7575,26.4975
2026-07-08 19:00:00+05:30,19.645,41.302499999999995,18.5
2026-07-08 20:00:00+05:30,23.6675,37.89,24.875
2026-07-08 21:00:00+05:30,21.490000000000002,36.39,16.6325
2026-07-08 22:00:00+05:30,22.4525,35.2575,24.625
2026-07-08 23:00:00+05:30,22.5125,39.93,21.51
2026-07-09 00:00:00+05:30,29.41,42.94,21.94
2026-07-09 01:00:00+05:30,24.6725,39.0925,20.79
2026-07-09 02:00:00+05:30,24.7275,32.692499999999995,17.095
2026-07-09 03:00:00+05:30,24.75,30.997500000000002,27.564999999999998
2026-07-09 04:00:00+05:30,24.045,33.0025,16.535
2026-07-09 05:00:00+05:30,22.560000000000002,33.940000000000005,18.3075
2026-07-09 06:00:00+05:30,23.6875,29.0975,23.2925
2026-07-09 07:00:00+05:30,24.84,32.89,26.7775
2026-07-09 08:00:00+05:30,23.5175,36.815,17.19
2026-07-09 09:00:00+05:30,24.05,40.6975,14.469999999999999
2026-07-09 10:00:00+05:30,24.5225,37.415,13.879999999999999
2026-07-09 11:00:00+05:30,26.5375,,15.75
2026-07-09 12:00:00+05:30,22.3025,15.6,
2026-07-09 13:00:00+05:30,19.07,15.6,
2026-07-09 14:00:00+05:30,22.0875,15.6,23.849999999999998
2026-07-09 15:00:00+05:30,20.17,25.6,12.469999999999999
2026-07-09 16:00:00+05:30,21.3075,25.817500000000003,13.905000000000001
2026-07-09 17:00:00+05:30,21.165,26.7675,13.520000000000001
2026-07-09 18:00:00+05:30,18.935,27.5675,10.66
2026-07-09 19:00:00+05:30,20.625,28.490000000000002,9.795
2026-07-09 20:00:00+05:30,26.0925,33.597500000000004,12.5475
2026-07-09 21:00:00+05:30,24.985,39.589999999999996,17.4675
2026-07-09 22:00:00+05:30,26.5125,43.3275,18.2025
2026-07-09 23:00:00+05:30,24.675,41.1625,20.255
2026-07-10 00:00:00+05:30,18.88,40.09,20.21
2026-07-10 01:00:00+05:30,18.115000000000002,42.4175,14.365
2026-07-10 02:00:00+05:30,19.057499999999997,42.0975,14.64
2026-07-10 03:00:00+05:30,19.0825,43.625,11.685
2026-07-10 04:00:00+05:30,18.155,43.67,8.955
2026-07-10 05:00:00+05:30,17.2175,42.6125,8.93
2026-07-10 06:00:00+05:30,18.1275,44.73,12.8275
2026-07-10 07:00:00+05:30,19.42,44.9225,8.15
2026-07-10 08:00:00+05:30,18.39,51.714999999999996,10.79
2026-07-10 09:00:00+05:30,18.265,34.495,22.28
2026-07-10 10:00:00+05:30,16.5575,33.807500000000005,23.1025
2026-07-10 11:00:00+05:30,16.085,38.995000000000005,15.5875
2026-07-10 12:00:00+05:30,17.045,40.325,17.5
2026-07-10 13:00:00+05:30,15.817499999999999,52.575,35.6575
2026-07-10 14:00:00+05:30,15.4725,57.655,27.0175
2026-07-10 15:00:00+05:30,14.6525,58.11,22.845
2026-07-10 16:00:00+05:30,14.0675,58.8425,26.6
2026-07-10 17:00:00+05:30,16.6575,62.775,24.6325
2026-07-10 18:00:00+05:30,19.465,58.06,22.28
2026-07-10 19:00:00+05:30,17.98,50.144999999999996,14.15
2026-07-10 20:00:00+05:30,19.4225,49.8225,14.177500000000002
2026-07-10 21:00:00+05:30,21.615000000000002,49.1325,19.517500000000002
2026-07-10 22:00:00+05:30,20.73,46.5475,23.9825
2026-07-10 23:00:00+05:30,19.563333333333333,40.580000000000005,25.6075
2026-07-11 00:00:00+05:30,16.13,48.32,31.39
2026-07-11 01:00:00+05:30,16.785,67.29499999999999,21.314999999999998
2026-07-11 02:00:00+05:30,15.4625,63.405,16.4675
2026-07-11 03:00:00+05:30,16.545,49.1975,15.7925
2026-07-11 04:00:00+05:30,15.817499999999999,44.48,16.425
2026-07-11 05:00:00+05:30,16.8325,40.8,18.6575
2026-07-11 06:00:00+05:30,16.2725,41.6325,19.08
2026-07-11 07:00:00+05:30,16.6625,41.9675,15.305
2026-07-11 08:00:00+05:30,14.985,41.1575,19.9725
2026-07-11 09:00:00+05:30,21.314999999999998,44.1075,20.794999999999998
2026-07-11 10:00:00+05:30,22.1625,48.455,18.9275
2026-07-11 11:00:00+05:30,23.14,58.4375,21.27
2026-07-11 12:00:00+05:30,21.002499999999998,62.730000000000004,32.18
2026-07-11 13:00:00+05:30,19.89,71.85,44.225
2026-07-11 14:00:00+05:30,17.0225,73.62,38.3575
2026-07-11 15:00:00+05:30,17.805,75.53750000000001,37.7925
2026-07-11 16:00:00+05:30,17.54,80.6425,39.86
2026-07-11 17:00:00+05:30,18.37,85.125,32.825
2026-07-11 18:00:00+05:30,17.9225,87.335,29.2
2026-07-11 19:00:00+05:30,18.69,86.13,28.5625
2026-07-11 20:00:00+05:30,17.095,80.125,24.5875
2026-07-11 21:00:00+05:30,17.295,78.75,28.5675
2026-07-11 22:00:00+05:30,17.3375,80.6075,28.7875
2026-07-11 23:00:00+05:30,16.38,72.89666666666666,28.915000000000003
2026-07-12 00:00:00+05:30,17.54,81.88,29.78
2026-07-12 01:00:00+05:30,16.045,83.315,29.15
2026-07-12 02:00:00+05:30,15.16,84.78,36.285000000000004
2026-07-12 03:00:00+05:30,16.27,86.8125,32.305
2026-07-12 04:00:00+05:30,17.205,88.1225,30.6725
2026-07-12 05:00:00+05:30,17.15,86.5025,30.275000000000002
2026-07-12 06:00:00+05:30,15.932500000000001,82.52250000000001,25.075000000000003
2026-07-12 07:00:00+05:30,15.79,80.195,36.945
2026-07-12 08:00:00+05:30,16.04,74.55250000000001,28.4775
2026-07-12 09:00:00+05:30,18.31,78.1525,25.8775
2026-07-12 10:00:00+05:30,20.71,80.395,35.1475
2026-07-12 11:00:00+05:30,19.5925,85.255,25.565
2026-07-12 12:00:00+05:30,17.72,86.835,24.2425
2026-07-12 13:00:00+05:30,19.0,100.2225,30.7925
2026-07-12 14:00:00+05:30,17.1625,102.3925,29.32
2026-07-12 15:00:00+05:30,18.8975,102.9225,40.355
2026-07-12 16:00:00+05:30,18.215,112.575,48.37
2026-07-12 17:00:00+05:30,18.305,120.64,45.485
2026-07-12 18:00:00+05:30,18.067500000000003,128.06,37.769999999999996
2026-07-12 19:00:00+05:30,17.267500000000002,134.39499999999998,41.144999999999996
2026-07-12 20:00:00+05:30,24.055,132.5425,45.745
2026-07-12 21:00:00+05:30,25.9225,131.1775,39.745
2026-07-12 22:00:00+05:30,24.52,133.01,37.6
2026-07-12 23:00:00+05:30,27.515,131.9975,51.822500000000005
2026-07-13 00:00:00+05:30,22.59,126.45,44.19
2026-07-13 01:00:00+05:30,20.205,125.2675,33.1325
2026-07-13 02:00:00+05:30,20.505,117.1775,46.6175
2026-07-13 03:00:00+05:30,20.62,110.975,50.4825
2026-07-13 04:00:00+05:30,19.0625,92.3175,37.55
2026-07-13 05:00:00+05:30,21.197499999999998,84.89,30.655
2026-07-13 06:00:00+05:30,21.0275,88.775,30.53
2026-07-13 07:00:00+05:30,19.31,85.12,36.2025
2026-07-13 08:00:00+05:30,26.3075,90.205,42.46
2026-07-13 09:00:00+05:30,28.3775,93.0875,45.295
2026-07-13 10:00:00+05:30,26.58,89.97,40.365
2026-07-13 11:00:00+05:30,27.62,92.83,36.6225
2026-07-13 12:00:00+05:30,20.4175,98.69,40.7375
2026-07-13 13:00:00+05:30,21.5475,107.8325,45.66
2026-07-13 14:00:00+05:30,21.6825,116.42500000000001,44.275
2026-07-13 15:00:00+05:30,21.2225,119.76,44.355000000000004
2026-07-13 16:00:00+05:30,18.3425,124.82,47.39
2026-07-13 17:00:00+05:30,19.8375,125.4425,43.2875
2026-07-13 18:00:00+05:30,19.3075,130.805,45.2675
2026-07-13 19:00:00+05:30,27.39,137.2025,54.7125
2026-07-13 20:00:00+05:30,27.5,139.7,54.067499999999995
2026-07-13 21:00:00+05:30,25.785,141.71,48.629999999999995
2026-07-13 22:00:00+05:30,25.93,143.8375,49.965
2026-07-13 23:00:00+05:30,27.5425,144.105,50.42
