datetime,no2,pm10,pm25
2025-02-19 01:00:00+05:30,18.08,154.64,45.73
2025-02-19 02:00:00+05:30,16.5475,162.1375,45.942499999999995
2025-02-19 03:00:00+05:30,12.9025,129.29500000000002,43.6975
2025-02-19 04:00:00+05:30,8.0925,100.54,39.5375
2025-02-19 05:00:00+05:30,1.4175,95.6725,39.7375
2025-02-19 06:00:00+05:30,0.1175,95.81,39.7775
2025-02-19 07:00:00+05:30,0.0,94.045,38.445
2025-02-19 08:00:00+05:30,0.0125,103.5975,39.957499999999996
2025-02-19 09:00:00+05:30,0.0,117.2,42.2675
2025-02-19 10:00:00+05:30,0.0,127.30666666666667,41.79
2025-02-19 11:00:00+05:30,0.0,129.035,42.295
2025-02-19 12:00:00+05:30,0.0,106.54,39.9375
2025-02-19 13:00:00+05:30,0.0,100.9,40.03
2025-02-19 14:00:00+05:30,0.0,95.305,39.2975
2025-02-19 15:00:00+05:30,0.0,102.14750000000001,41.155
2025-02-19 16:00:00+05:30,0.0,110.555,41.572500000000005
2025-02-19 17:00:00+05:30,0.0,105.415,42.01
2025-02-19 18:00:00+05:30,0.0,104.185,40.972500000000004
2025-02-19 19:00:00+05:30,0.0,109.33,41.502500000000005
2025-02-19 20:00:00+05:30,0.0,111.3775,41.3375
2025-02-19 21:00:00+05:30,0.0,114.34,41.61
2025-02-19 22:00:00+05:30,0.0,121.28750000000001,42.722500000000004
2025-02-19 23:00:00+05:30,0.0,127.12,44.5775
2025-02-20 00:00:00+05:30,0.0,122.42,42.98
2025-02-20 01:00:00+05:30,0.0,116.2475,42.495
2025-02-20 02:00:00+05:30,0.0,107.0275,40.084999999999994
2025-02-20 03:00:00+05:30,0.0,92.1425,39.65
2025-02-20 04:00:00+05:30,0.0,83.465,38.8125
2025-02-20 05:00:00+05:30,0.0,82.0675,37.7375
2025-02-20 06:00:00+05:30,0.0,82.5975,38.045
2025-02-20 07:00:00+05:30,0.0,91.12,39.41
2025-02-20 08:00:00+05:30,,,40.32
2025-02-20 20:00:00+05:30,0.0,112.815,42.83
2025-02-20 21:00:00+05:30,0.0,100.42,45.89
2025-02-20 22:00:00+05:30,0.0,111.58500000000001,43.355000000000004
2025-02-20 23:00:00+05:30,0.0,106.82666666666667,41.56
2025-02-21 00:00:00+05:30,0.0,113.32,39.99
2025-02-21 01:00:00+05:30,0.0,121.12,40.084999999999994
2025-02-21 02:00:00+05:30,0.0,124.82,40.235
2025-02-21 03:00:00+05:30,7.282500000000001,157.77,45.3425
2025-02-21 04:00:00+05:30,26.122500000000002,153.67000000000002,43.502500000000005
2025-02-21 05:00:00+05:30,39.2525,143.72,43.095
2025-02-21 06:00:00+05:30,46.54,133.21,40.915
2025-02-21 07:00:00+05:30,50.9975,158.57,43.400000000000006
2025-02-21 08:00:00+05:30,51.5025,206.37,47.93
2025-02-21 09:00:00+05:30,42.285,152.82,43.8675
2025-02-21 10:00:00+05:30,24.0025,136.47,43.1925
2025-02-21 11:00:00+05:30,0.0,131.62,41.885000000000005
2025-02-21 12:00:00+05:30,0.0,117.12,41.5575
2025-02-21 13:00:00+05:30,0.0,101.87,39.5825
2025-02-21 14:00:00+05:30,0.0,87.27250000000001,36.332499999999996
2025-02-21 15:00:00+05:30,0.0,103.72,38.6625
2025-02-21 16:00:00+05:30,0.0,112.8425,40.1575
2025-02-21 17:00:00+05:30,0.0,106.155,40.59
2025-02-21 18:00:00+05:30,0.0,111.51,41.29666666666667
2025-02-21 19:00:00+05:30,0.0,113.67,41.192499999999995
2025-02-21 20:00:00+05:30,0.0,109.825,41.8125
2025-02-21 21:00:00+05:30,0.0,112.5925,40.79
2025-02-21 22:00:00+05:30,0.0,125.14750000000001,41.71
2025-02-21 23:00:00+05:30,0.0,161.55666666666667,44.1
2025-02-22 00:00:00+05:30,1.09,161.61,44.98
2025-02-22 01:00:00+05:30,10.84,127.0,41.480000000000004
2025-02-22 02:00:00+05:30,29.302500000000002,141.6125,43.262499999999996
2025-02-22 03:00:00+05:30,39.11,156.085,44.489999999999995
2025-02-22 04:00:00+05:30,35.095,117.37,41.87
2025-02-22 05:00:00+05:30,30.4975,106.50750000000001,39.375
2025-02-22 06:00:00+05:30,30.465,111.48,39.972500000000004
2025-02-22 07:00:00+05:30,46.0975,128.64,40.9225
2025-02-22 08:00:00+05:30,60.9875,168.9675,44.7675
2025-02-22 09:00:00+05:30,46.4925,152.0025,43.16
2025-02-22 10:00:00+05:30,21.427500000000002,139.4325,41.45
2025-02-22 11:00:00+05:30,1.1475,121.405,40.8125
2025-02-22 12:00:00+05:30,0.0,143.885,41.775
2025-02-22 13:00:00+05:30,0.0,155.62,42.4625
2025-02-22 14:00:00+05:30,0.0,158.3275,43.67
2025-02-22 15:00:00+05:30,0.0,121.655,40.959999999999994
2025-02-22 16:00:00+05:30,0.0,107.5725,39.4275
2025-02-22 17:00:00+05:30,0.0,106.8775,40.36
2025-02-22 18:00:00+05:30,0.0,106.3675,38.9325
2025-02-22 19:00:00+05:30,0.0,123.5925,41.2975
2025-02-22 20:00:00+05:30,0.0,126.9525,42.942499999999995
2025-02-22 21:00:00+05:30,0.0,116.025,40.995
2025-02-22 22:00:00+05:30,0.0,115.355,39.875
2025-02-22 23:00:00+05:30,0.0,120.0275,41.485
2025-02-23 00:00:00+05:30,0.0,160.69,42.61
2025-02-23 01:00:00+05:30,0.0,193.635,45.54
2025-02-23 02:00:00+05:30,0.0,232.12,47.38666666666666
2025-02-23 03:00:00+05:30,9.959999999999999,182.5533333333333,44.955
2025-02-23 04:00:00+05:30,22.5425,177.1525,45.195
2025-02-23 05:00:00+05:30,22.9375,162.195,43.9025
2025-02-23 06:00:00+05:30,26.0975,158.35,43.879999999999995
2025-02-23 07:00:00+05:30,25.747500000000002,162.8875,45.59
2025-02-23 08:00:00+05:30,30.555,182.7875,46.125
2025-02-23 09:00:00+05:30,24.1725,164.1,44.12
2025-02-23 10:00:00+05:30,1.485,160.2525,44.245
2025-02-23 11:00:00+05:30,0.0,169.7,45.377500000000005
2025-02-23 12:00:00+05:30,0.0,153.97,43.83
2025-02-23 13:00:00+05:30,0.0,135.4475,42.792500000000004
2025-02-23 14:00:00+05:30,0.0,113.29,41.36
2025-02-23 15:00:00+05:30,0.0,100.12,39.79
2025-02-23 16:00:00+05:30,0.0,96.31,40.502500000000005
2025-02-23 17:00:00+05:30,0.0,98.39500000000001,40.25
2025-02-23 18:00:00+05:30,0.0,101.35000000000001,39.68
2025-02-23 19:00:00+05:30,0.0,104.53750000000001,41.285
2025-02-23 20:00:00+05:30,0.0,113.4375,40.92
2025-02-23 21:00:00+05:30,0.0,111.62,41.0075
2025-02-23 22:00:00+05:30,0.0,111.665,41.795
2025-02-23 23:00:00+05:30,0.0,111.85000000000001,40.47
2025-02-24 00:00:00+05:30,0.0,104.9,40.13
2025-02-24 01:00:00+05:30,0.0,101.6075,40.77
2025-02-24 02:00:00+05:30,0.0,142.3125,43.4275
2025-02-24 03:00:00+05:30,0.265,156.905,44.68
2025-02-24 04:00:00+05:30,13.206666666666665,183.62,46.0975
2025-02-24 05:00:00+05:30,17.505,159.3075,43.6525
2025-02-24 06:00:00+05:30,11.546666666666667,111.98666666666668,40.77666666666667
2025-02-24 07:00:00+05:30,4.98,115.58250000000001,39.8975
2025-02-24 08:00:00+05:30,2.695,127.09,41.8625
2025-02-24 09:00:00+05:30,0.0,145.8875,43.16
2025-02-24 10:00:00+05:30,0.0,137.33,41.447500000000005
2025-02-24 11:00:00+05:30,0.0,124.12,40.7725
2025-02-24 12:00:00+05:30,0.0,123.34,41.07
2025-02-24 13:00:00+05:30,0.0,116.33,38.61
2025-02-24 14:00:00+05:30,0.0,122.9525,39.68
2025-02-24 15:00:00+05:30,0.0,115.72,41.182500000000005
2025-02-24 16:00:00+05:30,0.0,110.775,39.6725
2025-02-24 17:00:00+05:30,0.0,102.18,39.1025
2025-02-24 18:00:00+05:30,0.0,102.265,38.9025
2025-02-24 19:00:00+05:30,0.0,98.07000000000001,38.72
2025-02-24 20:00:00+05:30,0.0,92.93,38.7575
2025-02-24 21:00:00+05:30,0.0,96.165,39.155
2025-02-24 22:00:00+05:30,0.0,96.53,39.4675
2025-02-24 23:00:00+05:30,0.0,95.70750000000001,38.92
2025-02-25 00:00:00+05:30,0.0,101.42,39.49
2025-02-25 01:00:00+05:30,0.0,111.4975,40.5375
2025-02-25 02:00:00+05:30,0.0,125.3525,40.7375
2025-02-25 03:00:00+05:30,0.0,125.86500000000001,41.1875
2025-02-25 04:00:00+05:30,3.035,159.035,43.955
2025-02-25 05:00:00+05:30,14.966666666666667,158.12,44.285
2025-02-25 06:00:00+05:30,29.4175,154.865,43.8125
2025-02-25 07:00:00+05:30,26.546666666666667,147.12,42.72
2025-02-25 08:00:00+05:30,28.805,152.53,44.19
2025-02-25 09:00:00+05:30,18.9225,171.365,44.92
2025-02-25 10:00:00+05:30,5.47,161.8875,44.7775
2025-02-25 11:00:00+05:30,0.0,146.445,43.445
2025-02-25 12:00:00+05:30,0.0,170.9475,44.56
2025-02-25 13:00:00+05:30,0.0,167.14,42.92
2025-02-25 14:00:00+05:30,0.0,145.0525,43.0275
2025-02-25 15:00:00+05:30,0.0,134.12,43.995
2025-02-25 16:00:00+05:30,0.0,132.61,42.754999999999995
2025-02-25 17:00:00+05:30,0.0,117.12,42.9775
2025-02-25 18:00:00+05:30,0.0,108.75,41.485
2025-02-25 19:00:00+05:30,0.0,110.0775,41.1725
2025-02-25 20:00:00+05:30,0.0,110.48,41.7025
2025-02-25 21:00:00+05:30,0.0,121.08000000000001,41.805
2025-02-25 22:00:00+05:30,0.0,166.54250000000002,44.8625
2025-02-25 23:00:00+05:30,0.0,201.6625,46.4225
2025-02-26 00:00:00+05:30,20.16,204.01,48.3
2025-02-26 01:00:00+05:30,40.2475,206.2875,49.495
2025-02-26 02:00:00+05:30,58.2675,189.985,47.012499999999996
2025-02-26 03:00:00+05:30,70.3275,172.4475,45.99
2025-02-26 04:00:00+05:30,76.37,170.19,46.79
2025-02-26 05:00:00+05:30,76.7425,165.62,47.27
2025-02-26 06:00:00+05:30,68.9075,165.275,44.7375
2025-02-26 07:00:00+05:30,59.51333333333333,166.26999999999998,45.292500000000004
2025-02-26 08:00:00+05:30,45.93,190.1275,49.23
2025-02-26 09:00:00+05:30,21.965,205.26,50.195
2025-02-26 10:00:00+05:30,0.0225,196.12,48.972500000000004
2025-02-26 11:00:00+05:30,0.0,192.495,49.042500000000004
2025-02-26 12:00:00+05:30,0.0,154.1275,44.3025
2025-02-26 13:00:00+05:30,0.0,170.895,44.262499999999996
2025-02-26 14:00:00+05:30,0.0,176.0375,45.6675
2025-02-26 15:00:00+05:30,0.0,141.8275,45.1725
2025-02-26 16:00:00+05:30,0.0,137.54250000000002,45.65
2025-02-26 17:00:00+05:30,0.0,124.56333333333333,44.586666666666666
2025-02-26 18:00:00+05:30,0.0,113.16250000000001,42.19
2025-02-26 19:00:00+05:30,0.0,125.0775,43.115
2025-02-26 20:00:00+05:30,0.0,130.12,45.03
2025-02-26 21:00:00+05:30,0.0,128.56333333333333,44.1725
2025-02-26 22:00:00+05:30,0.0,153.3275,45.165
2025-02-26 23:00:00+05:30,0.0,208.6875,49.685
2025-02-27 00:00:00+05:30,0.0,186.45,48.91
2025-02-27 01:00:00+05:30,0.0,186.6625,48.1725
2025-02-27 02:00:00+05:30,0.33499999999999996,192.3375,48.754999999999995
2025-02-27 03:00:00+05:30,11.157499999999999,187.55,49.0175
2025-02-27 04:00:00+05:30,16.405,168.25,47.7475
2025-02-27 05:00:00+05:30,19.41,154.23000000000002,46.010000000000005
2025-02-27 06:00:00+05:30,20.8475,172.1625,46.9025
2025-02-27 07:00:00+05:30,24.1175,167.12,46.79
2025-02-27 08:00:00+05:30,22.0175,,47.93
2025-02-27 09:00:00+05:30,0.07,233.62,52.28
2025-02-27 10:00:00+05:30,0.0,226.4575,53.2975
2025-02-27 11:00:00+05:30,0.0,154.51,46.695
2025-02-27 12:00:00+05:30,0.0,137.2025,44.182500000000005
2025-02-27 13:00:00+05:30,0.0,148.495,42.879999999999995
2025-02-27 14:00:00+05:30,0.0,141.5375,44.59
2025-02-27 15:00:00+05:30,0.0,140.0975,45.25
2025-02-27 16:00:00+05:30,0.0,133.4525,44.4675
2025-02-27 17:00:00+05:30,0.0,125.75750000000001,43.92
2025-02-27 18:00:00+05:30,0.0,121.46000000000001,43.9025
2025-02-27 19:00:00+05:30,0.0,119.3375,43.6675
2025-02-27 20:00:00+05:30,0.0,116.0,43.084999999999994
2025-02-27 21:00:00+05:30,0.0,114.62,43.1475
2025-02-27 22:00:00+05:30,0.0,180.05,48.23
2025-02-27 23:00:00+05:30,0.0,183.925,49.347500000000004
2025-02-28 00:00:00+05:30,0.0,180.98,47.16
2025-02-28 01:00:00+05:30,0.0,178.975,46.715
2025-02-28 02:00:00+05:30,0.0,169.525,48.635
2025-02-28 03:00:00+05:30,0.0,146.225,47.685
2025-02-28 04:00:00+05:30,0.049999999999999996,148.45,47.035
2025-02-28 05:00:00+05:30,0.0,124.08,44.1025
2025-02-28 06:00:00+05:30,0.0,123.2175,43.85
2025-02-28 07:00:00+05:30,0.0,119.385,43.262499999999996
2025-02-28 08:00:00+05:30,0.0,130.98000000000002,44.97
2025-02-28 09:00:00+05:30,0.0,165.955,47.8575
2025-02-28 10:00:00+05:30,0.0,190.83,51.035
2025-02-28 11:00:00+05:30,0.0,166.975,47.834999999999994
2025-02-28 12:00:00+05:30,0.0,134.17000000000002,44.725
2025-02-28 13:00:00+05:30,0.0,116.62,42.595
2025-02-28 14:00:00+05:30,0.0,105.3875,41.230000000000004
2025-02-28 15:00:00+05:30,0.0,103.4375,40.4925
2025-02-28 16:00:00+05:30,0.0,112.7175,42.3725
2025-02-28 17:00:00+05:30,0.0,108.16,42.8125
2025-02-28 18:00:00+05:30,0.0,109.55250000000001,41.8575
2025-02-28 19:00:00+05:30,0.0,120.3475,43.3025
2025-02-28 20:00:00+05:30,0.0,117.08250000000001,43.19
2025-02-28 21:00:00+05:30,0.0,116.1925,43.7075
2025-02-28 22:00:00+05:30,0.0,111.89750000000001,41.68
2025-02-28 23:00:00+05:30,0.0,122.1175,43.32
2025-03-01 00:00:00+05:30,0.0,136.45,43.82
2025-03-01 01:00:00+05:30,0.0,136.02,44.28
2025-03-01 02:00:00+05:30,0.0,86.0875,40.760000000000005
2025-03-01 03:00:00+05:30,0.0,90.12,39.155
2025-03-01 04:00:00+05:30,0.0,81.3475,39.36
2025-03-01 05:00:00+05:30,0.0,78.0425,37.754999999999995
2025-03-01 06:00:00+05:30,0.0,77.315,38.12
2025-03-01 07:00:00+05:30,0.0,79.8925,38.19
2025-03-01 08:00:00+05:30,0.0,83.12,38.85
2025-03-01 09:00:00+05:30,0.0,83.9825,38.7725
2025-03-01 10:00:00+05:30,0.0,94.31,39.355000000000004
2025-03-01 11:00:00+05:30,0.0,90.845,39.72
2025-03-01 12:00:00+05:30,0.0,93.3475,39.635
2025-03-01 13:00:00+05:30,0.0,90.38250000000001,38.754999999999995
2025-03-01 14:00:00+05:30,0.0,95.67,39.397499999999994
2025-03-01 15:00:00+05:30,0.0,,42.480000000000004
2025-03-01 16:00:00+05:30,0.0,111.52,43.9775
2025-03-01 17:00:00+05:30,0.0,102.5925,42.555
2025-03-01 18:00:00+05:30,0.0,113.5575,42.9025
2025-03-01 19:00:00+05:30,0.0,106.17,42.4525
2025-03-01 20:00:00+05:30,0.0,101.0325,39.805
2025-03-01 21:00:00+05:30,0.0,106.735,40.8925
2025-03-01 22:00:00+05:30,0.0,114.8075,42.7725
2025-03-01 23:00:00+05:30,0.0,119.4675,43.545
2025-03-02 00:00:00+05:30,7.29,155.47,46.56
2025-03-02 01:00:00+05:30,21.8825,166.1225,47.33
2025-03-02 02:00:00+05:30,20.1475,124.4325,42.965
2025-03-02 03:00:00+05:30,11.9375,85.44500000000001,39.285
2025-03-02 04:00:00+05:30,2.8625,89.0775,38.885000000000005
2025-03-02 05:00:00+05:30,0.095,82.12,38.45
2025-03-02 06:00:00+05:30,0.0,82.32000000000001,38.0625
2025-03-02 07:00:00+05:30,0.0,85.095,39.6225
2025-03-02 08:00:00+05:30,0.0,98.8475,40.7725
2025-03-02 09:00:00+05:30,0.0,114.4325,41.39
2025-03-02 10:00:00+05:30,0.0,112.795,42.19
2025-03-02 11:00:00+05:30,0.0,121.12,42.9375
2025-03-02 12:00:00+05:30,0.0,120.4075,42.995
2025-03-02 13:00:00+05:30,0.0,111.8375,41.7725
2025-03-02 14:00:00+05:30,0.0,115.6675,42.4225
2025-03-02 15:00:00+05:30,0.0,128.6875,43.61
2025-03-02 16:00:00+05:30,0.0,123.21666666666665,44.56666666666666
2025-03-02 17:00:00+05:30,0.0,124.59,44.9025
2025-03-02 18:00:00+05:30,0.0,129.815,44.58
2025-03-02 19:00:00+05:30,0.0,125.69666666666667,43.919999999999995
2025-03-02 20:00:00+05:30,0.0,127.79,43.80666666666667
2025-03-02 21:00:00+05:30,0.0,118.61500000000001,42.8175
2025-03-02 22:00:00+05:30,0.0,112.07333333333334,41.766666666666666
2025-03-02 23:00:00+05:30,0.0,111.44,41.925
2025-03-03 00:00:00+05:30,0.0,107.72,40.2
2025-03-03 01:00:00+05:30,0.0,103.7225,40.8275
2025-03-03 02:00:00+05:30,0.0,98.62,41.7475
2025-03-03 03:00:00+05:30,,,39.99
2025-03-03 04:00:00+05:30,0.0,,40.626666666666665
2025-03-03 05:00:00+05:30,0.0,100.12,39.96666666666667
2025-03-03 06:00:00+05:30,,,40.32
2025-03-03 07:00:00+05:30,,,40.3725
2025-03-03 08:00:00+05:30,,,41.49
2025-03-03 09:00:00+05:30,0.0,,47.265
2025-03-03 10:00:00+05:30,0.0,164.19333333333336,46.72
2025-03-03 11:00:00+05:30,0.0,,44.54
2025-03-03 12:00:00+05:30,0.0,117.12,41.93333333333333
2025-03-03 13:00:00+05:30,0.0,128.12,43.52
2025-03-03 14:00:00+05:30,0.0,,
2025-03-03 16:00:00+05:30,0.0,123.62,43.46
2025-03-03 17:00:00+05:30,0.0,,43.945
2025-03-03 18:00:00+05:30,,,46.2125
2025-03-03 19:00:00+05:30,,,45.1025
2025-03-03 20:00:00+05:30,,,44.760000000000005
2025-03-03 21:00:00+05:30,0.0,,43.012499999999996
2025-03-03 22:00:00+05:30,0.0,,42.010000000000005
2025-03-03 23:00:00+05:30,0.0,,42.99
2025-03-05 14:00:00+05:30,,,173.385
2025-03-05 15:00:00+05:30,,,168.2525
2025-03-05 16:00:00+05:30,,,43.33
2025-03-05 17:00:00+05:30,0.0,,40.92
2025-03-05 18:00:00+05:30,0.0,,40.7225
2025-03-05 19:00:00+05:30,,,40.585
2025-03-05 20:00:00+05:30,,,39.72
2025-03-05 21:00:00+05:30,,,40.1175
2025-03-05 22:00:00+05:30,0.0,,40.7875
2025-03-05 23:00:00+05:30,0.0,,40.255
2025-03-06 00:00:00+05:30,,,40.72
2025-03-06 01:00:00+05:30,,,42.44
2025-03-06 02:00:00+05:30,,,45.59
2025-03-06 03:00:00+05:30,,,44.5225
2025-03-06 04:00:00+05:30,28.03,,43.8525
2025-03-06 05:00:00+05:30,32.78,,44.053333333333335
2025-03-06 06:00:00+05:30,37.28,,43.92
2025-03-06 07:00:00+05:30,,,44.58
2025-03-06 08:00:00+05:30,,,45.1925
2025-03-06 09:00:00+05:30,,,43.5225
2025-03-06 10:00:00+05:30,4.340000000000001,,43.21
2025-03-06 11:00:00+05:30,0.0,,43.7825
2025-03-06 12:00:00+05:30,,,42.12
2025-03-06 13:00:00+05:30,,,41.6575
2025-03-06 14:00:00+05:30,,,39.7275
2025-03-06 15:00:00+05:30,0.0,,38.315
2025-03-06 16:00:00+05:30,0.0,,39.190000000000005
2025-03-06 17:00:00+05:30,,,38.32
2025-03-06 18:00:00+05:30,,,38.25
2025-03-06 19:00:00+05:30,,,38.655
2025-03-06 20:00:00+05:30,0.0,,38.98
2025-03-06 21:00:00+05:30,0.0,,41.5125
2025-03-06 22:00:00+05:30,,,43.2525
2025-03-06 23:00:00+05:30,,,45.0275
2025-03-07 00:00:00+05:30,,,46.72
2025-03-07 01:00:00+05:30,,,46.8525
2025-03-07 02:00:00+05:30,14.0475,,47.185
2025-03-07 03:00:00+05:30,40.75,,47.65
2025-03-07 04:00:00+05:30,,,47.5925
2025-03-07 05:00:00+05:30,,,46.519999999999996
2025-03-07 06:00:00+05:30,,,48.575
2025-03-07 07:00:00+05:30,129.655,,50.855
2025-03-07 08:00:00+05:30,149.51749999999998,,51.7075
2025-03-07 09:00:00+05:30,136.33,,53.2
2025-03-07 10:00:00+05:30,,,48.47
2025-03-07 11:00:00+05:30,,,43.99
2025-03-07 12:00:00+05:30,,,43.254999999999995
2025-03-07 13:00:00+05:30,0.0,,42.12
2025-03-07 14:00:00+05:30,0.0,,39.985
2025-03-07 15:00:00+05:30,,,39.8525
2025-03-07 16:00:00+05:30,,,40.317499999999995
2025-03-07 17:00:00+05:30,,,40.5875
2025-03-07 18:00:00+05:30,,,40.715
2025-03-07 19:00:00+05:30,0.0,,41.917500000000004
2025-03-07 20:00:00+05:30,0.0,,42.455
2025-03-07 21:00:00+05:30,,,41.7225
2025-03-07 22:00:00+05:30,,,41.65
2025-03-07 23:00:00+05:30,,,41.3275
2025-03-08 00:00:00+05:30,,,42.32
2025-03-08 01:00:00+05:30,0.0,,41.795
2025-03-08 02:00:00+05:30,0.0,,39.9275
2025-03-08 03:00:00+05:30,,,38.2525
2025-03-08 04:00:00+05:30,,,38.12
2025-03-08 05:00:00+05:30,,,38.185
2025-03-08 06:00:00+05:30,0.0,,39.0475
2025-03-08 07:00:00+05:30,1.2475,,42.5525
2025-03-08 08:00:00+05:30,10.955,,46.785
2025-03-08 09:00:00+05:30,,,47.845
2025-03-08 10:00:00+05:30,,,49.06
2025-03-08 11:00:00+05:30,,,46.595
2025-03-08 12:00:00+05:30,0.0,,44.1875
2025-03-08 13:00:00+05:30,0.0,,43.45
2025-03-08 14:00:00+05:30,,,42.255
2025-03-08 15:00:00+05:30,,,40.7275
2025-03-08 16:00:00+05:30,,,39.052499999999995
2025-03-08 17:00:00+05:30,0.0,,39.5875
2025-03-08 18:00:00+05:30,0.0,,39.582499999999996
2025-03-08 19:00:00+05:30,0.0,,40.056666666666665
2025-03-08 20:00:00+05:30,,,39.585
2025-03-08 21:00:00+05:30,,,39.9175
2025-03-08 22:00:00+05:30,,,39.99
2025-03-08 23:00:00+05:30,0.0,,39.32
2025-03-09 00:00:00+05:30,0.0,,37.92
2025-03-09 01:00:00+05:30,,,37.59
2025-03-09 02:00:00+05:30,,,36.7225
2025-03-09 03:00:00+05:30,0.0,73.12,35.70333333333333
2025-03-09 04:00:00+05:30,,,35.51
2025-03-09 05:00:00+05:30,0.0,,37.445
2025-03-09 06:00:00+05:30,0.4175,,39.4575
2025-03-09 07:00:00+05:30,,,41.05
2025-03-09 08:00:00+05:30,,,43.5075
2025-03-09 09:00:00+05:30,,,46.385000000000005
2025-03-09 10:00:00+05:30,,,45.667500000000004
2025-03-09 11:00:00+05:30,0.0,,42.4
2025-03-09 12:00:00+05:30,0.0,,38.9225
2025-03-09 13:00:00+05:30,0.0,,37.9875
2025-03-09 14:00:00+05:30,,,37.125
2025-03-09 15:00:00+05:30,,,36.1175
2025-03-09 16:00:00+05:30,0.0,,36.980000000000004
2025-03-09 17:00:00+05:30,0.0,,37.655
2025-03-09 18:00:00+05:30,0.0,,36.9225
2025-03-09 19:00:00+05:30,,,36.52
2025-03-09 20:00:00+05:30,,,37.2475
2025-03-09 21:00:00+05:30,,,38.3225
2025-03-09 22:00:00+05:30,0.0,,37.7175
2025-03-09 23:00:00+05:30,0.0,,38.644999999999996
2025-03-10 00:00:00+05:30,,,38.72
2025-03-10 01:00:00+05:30,,,39.31
2025-03-10 02:00:00+05:30,,,39.86
2025-03-10 03:00:00+05:30,,,38.585
2025-03-10 04:00:00+05:30,0.0,,39.315
2025-03-10 05:00:00+05:30,0.0,,41.22666666666667
2025-03-10 06:00:00+05:30,0.0,,43.177499999999995
2025-03-10 07:00:00+05:30,,,46.3125
2025-03-10 08:00:00+05:30,,,49.18
2025-03-10 09:00:00+05:30,,,51.7725
2025-03-10 10:00:00+05:30,0.01,,52.197500000000005
2025-03-10 11:00:00+05:30,0.0,170.12,49.43333333333334
2025-03-10 12:00:00+05:30,0.0,,48.9275
2025-03-10 13:00:00+05:30,,,47.7225
2025-03-10 14:00:00+05:30,,,46.5225
2025-03-10 15:00:00+05:30,,,46.1825
2025-03-10 16:00:00+05:30,0.0,,46.79
2025-03-10 17:00:00+05:30,0.0,,45.459999999999994
2025-03-10 18:00:00+05:30,0.0,,44.12
2025-03-10 19:00:00+05:30,,,44.2525
2025-03-10 20:00:00+05:30,,,46.945
2025-03-10 21:00:00+05:30,,,53.705
2025-03-10 22:00:00+05:30,27.69,,59.52
2025-03-10 23:00:00+05:30,94.64,,60.7
2025-03-12 13:00:00+05:30,,,49.52
2025-03-12 14:00:00+05:30,,,49.64333333333334
2025-03-12 15:00:00+05:30,,,50.455
2025-03-12 16:00:00+05:30,,,50.78
2025-03-12 17:00:00+05:30,0.0,,54.04
2025-03-12 18:00:00+05:30,0.0,,56.52
2025-03-12 19:00:00+05:30,23.71,,200.32
2025-03-12 20:00:00+05:30,,,170.3875
2025-03-12 21:00:00+05:30,,,48.7375
2025-03-12 22:00:00+05:30,10.14,,43.92
2025-03-12 23:00:00+05:30,9.6725,,44.7725
2025-03-13 00:00:00+05:30,,,44.52
2025-03-13 01:00:00+05:30,,,43.86
2025-03-13 02:00:00+05:30,,,42.06
2025-03-13 03:00:00+05:30,,,41.644999999999996
2025-03-13 04:00:00+05:30,9.213333333333333,,42.3175
2025-03-13 05:00:00+05:30,9.2575,,41.785000000000004
2025-03-13 06:00:00+05:30,,,43.3775
2025-03-13 07:00:00+05:30,,,46.5775
2025-03-13 08:00:00+05:30,,,50.24
2025-03-13 09:00:00+05:30,9.45,,54.7075
2025-03-13 10:00:00+05:30,9.4325,,56.800000000000004
2025-03-13 11:00:00+05:30,9.23,,54.075
2025-03-13 12:00:00+05:30,,,45.52
2025-03-13 13:00:00+05:30,,,44.93
2025-03-13 14:00:00+05:30,,,43.3225
2025-03-13 15:00:00+05:30,9.27,,45.760000000000005
2025-03-13 16:00:00+05:30,,,51.5275
2025-03-13 17:00:00+05:30,9.59,,49.395
2025-03-13 18:00:00+05:30,9.5225,,48.1225
2025-03-13 19:00:00+05:30,9.16,,48.51333333333333
2025-03-13 20:00:00+05:30,,,49.980000000000004
2025-03-13 21:00:00+05:30,,,51.7075
2025-03-13 22:00:00+05:30,,,51.230000000000004
2025-03-13 23:00:00+05:30,9.61,,45.9375
2025-03-14 00:00:00+05:30,9.29,,42.52
2025-03-14 01:00:00+05:30,9.41,,43.5125
2025-03-14 02:00:00+05:30,,,45.39
2025-03-14 03:00:00+05:30,,,44.7925
2025-03-14 04:00:00+05:30,,,44.4475
2025-03-14 05:00:00+05:30,9.33,,46.045
2025-03-14 06:00:00+05:30,9.3475,,48.185
2025-03-14 07:00:00+05:30,9.263333333333334,,49.25
2025-03-14 08:00:00+05:30,,,50.055
2025-03-14 09:00:00+05:30,,,49.85
2025-03-14 10:00:00+05:30,,,50.650000000000006
2025-03-14 11:00:00+05:30,,,50.7225
2025-03-14 12:00:00+05:30,9.546666666666667,,50.254999999999995
2025-03-14 13:00:00+05:30,9.405,,48.7425
2025-03-14 14:00:00+05:30,9.71,,44.2
2025-03-14 15:00:00+05:30,,,39.795
2025-03-14 16:00:00+05:30,,,38.25
2025-03-14 17:00:00+05:30,9.46,,38.39
2025-03-14 18:00:00+05:30,9.41,,37.582499999999996
2025-03-14 19:00:00+05:30,,,38.12
2025-03-14 20:00:00+05:30,9.235,,38.2525
2025-03-14 21:00:00+05:30,9.370000000000001,,38.585
2025-03-14 22:00:00+05:30,,,38.2575
2025-03-14 23:00:00+05:30,,,37.385000000000005
2025-03-15 00:00:00+05:30,9.2,,36.72
2025-03-15 01:00:00+05:30,9.432500000000001,,36.72
2025-03-15 02:00:00+05:30,,,36.457499999999996
2025-03-15 03:00:00+05:30,,,36.2525
2025-03-15 04:00:00+05:30,8.97,,36.855000000000004
2025-03-15 05:00:00+05:30,9.3725,,36.5875
2025-03-15 06:00:00+05:30,9.235,,36.5175
2025-03-15 07:00:00+05:30,,,37.515
2025-03-15 08:00:00+05:30,,,39.379999999999995
2025-03-15 09:00:00+05:30,9.47,,41.115
2025-03-15 10:00:00+05:30,9.465,,41.5225
2025-03-15 11:00:00+05:30,9.17,,40.39
2025-03-15 12:00:00+05:30,,,39.59
2025-03-15 13:00:00+05:30,9.4,,38.79
2025-03-15 14:00:00+05:30,9.515,,37.655
2025-03-15 15:00:00+05:30,9.33,,37.917500000000004
2025-03-15 16:00:00+05:30,,,38.59
2025-03-15 17:00:00+05:30,,,37.99
2025-03-15 18:00:00+05:30,9.426666666666668,,37.975
2025-03-15 19:00:00+05:30,9.51,,39.19
2025-03-15 20:00:00+05:30,,,38.7875
2025-03-15 21:00:00+05:30,,,38.85
2025-03-15 22:00:00+05:30,,,38.925
2025-03-15 23:00:00+05:30,9.555,,38.375
2025-03-16 00:00:00+05:30,9.6,,39.92
2025-03-16 01:00:00+05:30,9.3,,39.4575
2025-03-16 02:00:00+05:30,,,38.72
2025-03-16 03:00:00+05:30,,,38.9225
2025-03-16 04:00:00+05:30,,,38.057500000000005
2025-03-16 05:00:00+05:30,9.353333333333333,,37.317499999999995
2025-03-16 06:00:00+05:30,9.343333333333334,,37.6525
2025-03-16 07:00:00+05:30,,,38.502500000000005
2025-03-16 08:00:00+05:30,,,40.9825
2025-03-16 09:00:00+05:30,,,40.995000000000005
2025-03-16 10:00:00+05:30,9.246666666666666,,40.31
2025-03-16 11:00:00+05:30,9.516666666666666,,41.8675
2025-03-16 12:00:00+05:30,,,39.9875
2025-03-16 13:00:00+05:30,,,39.9175
2025-03-16 14:00:00+05:30,,,40.1875
2025-03-16 15:00:00+05:30,9.535,,39.985
2025-03-16 16:00:00+05:30,9.4675,,39.7225
2025-03-16 17:00:00+05:30,,,39.05
2025-03-16 18:00:00+05:30,,,39.32
2025-03-16 19:00:00+05:30,,,39.4525
2025-03-16 20:00:00+05:30,,,39.85
2025-03-16 21:00:00+05:30,9.5275,,40.185
2025-03-16 22:00:00+05:30,9.283333333333333,,40.45
2025-03-16 23:00:00+05:30,,,42.1625
2025-03-17 00:00:00+05:30,,,41.32
2025-03-17 01:00:00+05:30,,,40.665
2025-03-17 02:00:00+05:30,9.485,,39.4525
2025-03-17 03:00:00+05:30,9.43,,39.129999999999995
2025-03-17 04:00:00+05:30,9.42,,38.182500000000005
2025-03-17 05:00:00+05:30,,,39.1125
2025-03-17 06:00:00+05:30,,,40.32
2025-03-17 07:00:00+05:30,,,40.385000000000005
2025-03-17 08:00:00+05:30,9.6,,43.52
2025-03-17 09:00:00+05:30,9.28,,43.52
2025-03-17 10:00:00+05:30,,,43.1275
2025-03-17 11:00:00+05:30,,,42.055
2025-03-17 12:00:00+05:30,,,42.2475
2025-03-17 13:00:00+05:30,9.684999999999999,102.62,44.120000000000005
2025-03-17 14:00:00+05:30,9.5025,,44.585
2025-03-17 15:00:00+05:30,5.04,,45.86666666666667
2025-03-17 16:00:00+05:30,,,46.46
2025-03-17 17:00:00+05:30,,,44.26
2025-03-17 18:00:00+05:30,,,42.595
2025-03-17 19:00:00+05:30,0.0,,41.12
2025-03-17 20:00:00+05:30,0.0,,40.6575
2025-03-17 21:00:00+05:30,,,39.9825
2025-03-17 22:00:00+05:30,,,40.455
2025-03-17 23:00:00+05:30,,,40.19
2025-03-18 00:00:00+05:30,0.0,,38.92
2025-03-18 01:00:00+05:30,0.0,,38.59
2025-03-18 02:00:00+05:30,,,37.985
2025-03-18 03:00:00+05:30,,,37.79
2025-03-18 04:00:00+05:30,,,37.20666666666667
2025-03-18 05:00:00+05:30,0.0,,37.582499999999996
2025-03-18 06:00:00+05:30,0.0,,38.12
2025-03-18 12:00:00+05:30,,,41.785
2025-03-18 13:00:00+05:30,0.0,,41.5325
2025-03-18 14:00:00+05:30,0.0,,39.59
2025-03-18 15:00:00+05:30,0.0,,38.92
2025-03-18 16:00:00+05:30,,,39.04666666666667
2025-03-18 17:00:00+05:30,,,40.18
2025-03-18 18:00:00+05:30,0.0,,40.53
2025-03-18 19:00:00+05:30,0.0,,39.45
2025-03-18 20:00:00+05:30,,,39.3925
2025-03-18 21:00:00+05:30,,,38.7825
2025-03-18 22:00:00+05:30,,,39.05
2025-03-18 23:00:00+05:30,,,39.254999999999995
2025-03-19 00:00:00+05:30,0.0,,37.92
2025-03-19 01:00:00+05:30,0.0,,38.0525
2025-03-19 02:00:00+05:30,,,37.9225
2025-03-19 03:00:00+05:30,,,36.6575
2025-03-19 04:00:00+05:30,,,36.5125
2025-03-19 05:00:00+05:30,0.0,,37.8575
2025-03-19 06:00:00+05:30,0.0,,37.36
2025-03-19 07:00:00+05:30,,,38.835
2025-03-19 08:00:00+05:30,,,41.13999999999999
2025-03-19 09:00:00+05:30,,,40.5925
2025-03-19 10:00:00+05:30,0.0,,39.2525
2025-03-19 11:00:00+05:30,0.0,93.12,39.120000000000005
2025-03-19 12:00:00+05:30,0.0,93.12,38.620000000000005
2025-03-19 13:00:00+05:30,,,38.39
2025-03-19 14:00:00+05:30,,,38.582499999999996
2025-03-19 15:00:00+05:30,,,39.7175
2025-03-19 16:00:00+05:30,0.0,,40.317499999999995
2025-03-21 13:00:00+05:30,0.0,,39.5175
2025-03-21 14:00:00+05:30,0.0,,39.5925
2025-03-21 15:00:00+05:30,0.0,,38.395
2025-03-21 16:00:00+05:30,,,37.582499999999996
2025-03-21 17:00:00+05:30,,,38.055
2025-03-21 18:00:00+05:30,0.0,,38.38
2025-03-21 19:00:00+05:30,0.0,,38.85
2025-03-21 20:00:00+05:30,0.0,,37.7225
2025-03-21 21:00:00+05:30,,,37.5175
2025-03-21 22:00:00+05:30,,,37.4575
2025-03-21 23:00:00+05:30,0.0,,36.847500000000004
2025-03-22 01:00:00+05:30,0.0,,36.35666666666666
2025-03-22 02:00:00+05:30,,,36.79
2025-03-22 03:00:00+05:30,,,36.1925
2025-03-22 04:00:00+05:30,0.61,,35.322500000000005
2025-03-22 05:00:00+05:30,0.115,,34.7225
2025-03-22 06:00:00+05:30,0.10250000000000001,,34.582499999999996
2025-03-22 07:00:00+05:30,,,35.839999999999996
2025-03-22 08:00:00+05:30,,,37.7125
2025-03-22 09:00:00+05:30,,,38.847500000000004
2025-03-22 10:00:00+05:30,,,39.255
2025-03-22 11:00:00+05:30,0.0,,38.5875
2025-03-22 12:00:00+05:30,0.0,,38.385000000000005
2025-03-22 13:00:00+05:30,,,37.64666666666667
2025-03-22 14:00:00+05:30,,,36.9125
2025-03-22 15:00:00+05:30,,,37.3275
2025-03-22 16:00:00+05:30,,,36.653333333333336
2025-03-22 17:00:00+05:30,0.0,,36.855000000000004
2025-03-22 18:00:00+05:30,0.0,,36.85
2025-03-22 19:00:00+05:30,0.0,,37.25
2025-03-22 20:00:00+05:30,,,37.9125
2025-03-22 21:00:00+05:30,,,38.0
2025-03-22 22:00:00+05:30,,,36.9125
2025-03-22 23:00:00+05:30,0.0,,37.59
2025-03-23 00:00:00+05:30,,,37.12
2025-03-23 01:00:00+05:30,,,37.12
2025-03-23 02:00:00+05:30,,,37.12
2025-03-23 03:00:00+05:30,,,37.3825
2025-03-23 04:00:00+05:30,,,37.1325
2025-03-23 05:00:00+05:30,0.0,,36.18
2025-03-23 06:00:00+05:30,0.0,,37.847500000000004
2025-03-23 07:00:00+05:30,,,38.39
2025-03-23 08:00:00+05:30,,,38.9075
2025-03-23 09:00:00+05:30,,,39.99
2025-03-23 10:00:00+05:30,0.0,,39.25
2025-03-23 11:00:00+05:30,0.0,,39.46
2025-03-23 12:00:00+05:30,0.0,,38.455
2025-03-23 13:00:00+05:30,,,38.36333333333334
2025-03-23 14:00:00+05:30,,,39.1125
2025-03-23 15:00:00+05:30,,,39.92
2025-03-23 16:00:00+05:30,,,39.7225
2025-03-23 17:00:00+05:30,0.0,,39.254999999999995
2025-03-23 18:00:00+05:30,0.0,,39.65
2025-03-23 19:00:00+05:30,,,40.457499999999996
2025-03-23 20:00:00+05:30,,,39.985
2025-03-23 21:00:00+05:30,,,39.8575
2025-03-23 22:00:00+05:30,,,40.370000000000005
2025-03-23 23:00:00+05:30,0.0,,41.74
2025-03-24 00:00:00+05:30,0.0,,39.32
2025-03-24 01:00:00+05:30,0.0,,38.86
2025-03-24 02:00:00+05:30,,,38.182500000000005
2025-03-24 03:00:00+05:30,,,38.72
2025-03-24 04:00:00+05:30,,,38.26
2025-03-24 05:00:00+05:30,0.06,,37.4525
2025-03-24 06:00:00+05:30,1.2525,,37.9825
2025-03-24 07:00:00+05:30,,,39.11
2025-03-24 08:00:00+05:30,,,41.3775
2025-03-24 09:00:00+05:30,,,43.22
2025-03-24 10:00:00+05:30,,,41.32
2025-03-24 11:00:00+05:30,0.0,,41.254999999999995
2025-03-24 12:00:00+05:30,0.0,,40.53
2025-03-24 13:00:00+05:30,0.0,,38.97
2025-03-24 16:00:00+05:30,0.0,,
2025-03-24 17:00:00+05:30,0.0,93.62,41.95666666666667
2025-03-24 18:00:00+05:30,0.0,,42.322500000000005
2025-03-24 19:00:00+05:30,,,42.1175
2025-03-24 20:00:00+05:30,,,42.1925
2025-03-24 21:00:00+05:30,0.0,,41.9125
2025-03-24 22:00:00+05:30,0.0,,43.11
2025-03-24 23:00:00+05:30,0.0,,43.465
2025-03-25 00:00:00+05:30,,,42.32
2025-03-25 01:00:00+05:30,,,42.526666666666664
2025-03-25 02:00:00+05:30,0.0,,46.12
2025-03-25 03:00:00+05:30,0.0,,45.66
2025-03-25 04:00:00+05:30,9.42,130.62,44.72
2025-03-25 05:00:00+05:30,,,47.9375
2025-03-25 06:00:00+05:30,14.62,,44.4125
2025-03-25 07:00:00+05:30,10.44,,41.45
2025-03-25 08:00:00+05:30,3.35,,41.785
2025-03-25 09:00:00+05:30,,,41.39
2025-03-25 10:00:00+05:30,,,40.7175
2025-03-25 11:00:00+05:30,0.0,,41.7175
2025-03-25 12:00:00+05:30,0.0,,41.66
2025-03-25 13:00:00+05:30,0.0,,40.26
2025-03-25 14:00:00+05:30,,,39.582499999999996
2025-03-25 15:00:00+05:30,,,40.71
2025-03-25 16:00:00+05:30,0.0,,41.855000000000004
2025-03-25 17:00:00+05:30,0.0,,41.655
2025-03-25 18:00:00+05:30,,,41.255
2025-03-25 19:00:00+05:30,,,40.5225
2025-03-25 20:00:00+05:30,0.0,,40.185
2025-03-25 21:00:00+05:30,0.0,,40.057500000000005
2025-03-25 22:00:00+05:30,0.0,,39.255
2025-03-25 23:00:00+05:30,,,38.980000000000004
2025-03-26 00:00:00+05:30,,,39.52
2025-03-26 01:00:00+05:30,,,39.1925
2025-03-26 02:00:00+05:30,0.0,,38.322500000000005
2025-03-26 03:00:00+05:30,0.0,,38.38
2025-03-26 04:00:00+05:30,0.0,,38.9925
2025-03-26 05:00:00+05:30,,,38.385000000000005
2025-03-26 06:00:00+05:30,,,38.650000000000006
2025-03-26 07:00:00+05:30,,,39.51
2025-03-26 08:00:00+05:30,0.095,,40.195
2025-03-26 09:00:00+05:30,0.2925,,39.055
2025-03-26 10:00:00+05:30,0.0,,38.855000000000004
2025-03-26 11:00:00+05:30,,,38.457499999999996
2025-03-26 12:00:00+05:30,,,37.985
2025-03-26 13:00:00+05:30,,,37.8575
2025-03-26 14:00:00+05:30,0.0,,37.5175
2025-03-26 15:00:00+05:30,0.0,,37.855000000000004
2025-03-26 16:00:00+05:30,0.0,,37.785
2025-03-26 17:00:00+05:30,,,38.05
2025-03-26 18:00:00+05:30,,,38.254999999999995
2025-03-26 19:00:00+05:30,0.0,,37.332499999999996
2025-03-26 20:00:00+05:30,0.0,,36.0475
2025-03-26 21:00:00+05:30,,,36.785
2025-03-26 22:00:00+05:30,,,36.5925
2025-03-26 23:00:00+05:30,0.21000000000000002,,35.92
2025-03-27 00:00:00+05:30,,,35.92
2025-03-27 01:00:00+05:30,,,36.1175
2025-03-27 02:00:00+05:30,,,36.195
2025-03-27 03:00:00+05:30,2.9175,,35.455
2025-03-27 04:00:00+05:30,3.03,,35.14666666666667
2025-03-27 05:00:00+05:30,,,34.94
2025-03-27 06:00:00+05:30,,,34.92
2025-03-27 07:00:00+05:30,3.165,,35.1175
2025-03-27 08:00:00+05:30,3.1833333333333336,,35.980000000000004
2025-03-27 09:00:00+05:30,,,36.855000000000004
2025-03-27 10:00:00+05:30,,,36.655
2025-03-27 11:00:00+05:30,0.0,,36.32
2025-03-27 12:00:00+05:30,0.0,,36.245000000000005
2025-03-27 13:00:00+05:30,,,36.79
2025-03-27 14:00:00+05:30,,,35.800000000000004
2025-03-27 15:00:00+05:30,0.0,,34.6475
2025-03-27 16:00:00+05:30,0.0,,36.199999999999996
2025-03-27 17:00:00+05:30,,,36.79666666666667
2025-03-27 18:00:00+05:30,,,36.449999999999996
2025-03-27 19:00:00+05:30,0.0,,37.3825
2025-03-27 20:00:00+05:30,0.0,,37.855000000000004
2025-03-27 21:00:00+05:30,,,37.5225
2025-03-27 22:00:00+05:30,0.0,,37.47
2025-03-27 23:00:00+05:30,0.06749999999999999,,37.46
2025-03-28 00:00:00+05:30,,,36.12
2025-03-28 01:00:00+05:30,,,36.185
2025-03-28 02:00:00+05:30,,,35.9275
2025-03-28 03:00:00+05:30,0.47000000000000003,68.12,35.27
2025-03-28 04:00:00+05:30,1.095,,36.3875
2025-03-28 05:00:00+05:30,,,36.3825
2025-03-28 06:00:00+05:30,2.935,,36.855000000000004
2025-03-28 07:00:00+05:30,5.155,,37.375
2025-03-28 08:00:00+05:30,6.29,,38.653333333333336
2025-03-28 09:00:00+05:30,,,37.9975
2025-03-28 10:00:00+05:30,0.0,,37.445
2025-03-28 11:00:00+05:30,0.0,,38.52
2025-03-28 12:00:00+05:30,0.0,,38.322500000000005
2025-03-28 13:00:00+05:30,,,37.985
2025-03-28 14:00:00+05:30,0.0,,37.9225
2025-03-28 15:00:00+05:30,0.0,,38.2675
2025-03-28 16:00:00+05:30,0.0,,39.655
2025-03-28 17:00:00+05:30,,,40.105000000000004
2025-03-28 18:00:00+05:30,,,41.7175
2025-03-28 19:00:00+05:30,0.0,,43.4375
2025-03-28 20:00:00+05:30,0.0,,45.04
2025-03-28 21:00:00+05:30,,,42.52
2025-03-28 22:00:00+05:30,,,42.322500000000005
2025-03-28 23:00:00+05:30,,,42.51
2025-03-29 00:00:00+05:30,0.0,,44.72
2025-03-29 01:00:00+05:30,0.0,,44.5225
2025-03-29 02:00:00+05:30,,,43.26
2025-03-29 03:00:00+05:30,,,41.322500000000005
2025-03-29 04:00:00+05:30,0.0,,41.115
2025-03-29 05:00:00+05:30,0.0,,41.52
2025-03-29 06:00:00+05:30,0.0,,40.995000000000005
2025-03-29 07:00:00+05:30,,,40.64
2025-03-29 08:00:00+05:30,,,42.4475
2025-03-29 09:00:00+05:30,,,43.12
2025-04-01 16:00:00+05:30,,,43.39
2025-04-01 19:00:00+05:30,,,44.12
2025-04-01 22:00:00+05:30,0.0,,41.56
2025-04-01 23:00:00+05:30,0.0,,40.269999999999996
2025-04-02 00:00:00+05:30,0.0,,40.92
2025-04-02 01:00:00+05:30,0.0,,41.4
2025-04-02 02:00:00+05:30,0.0,,41.85333333333333
2025-04-02 03:00:00+05:30,0.0,,40.44
2025-04-02 04:00:00+05:30,0.0,,39.22
2025-04-02 05:00:00+05:30,0.0,,39.620000000000005
2025-04-02 06:00:00+05:30,0.0,,40.4
2025-04-02 07:00:00+05:30,0.1825,,41.67
2025-04-02 08:00:00+05:30,6.38,,43.160000000000004
2025-04-02 09:00:00+05:30,3.495,,43.82
2025-04-02 10:00:00+05:30,0.0,,45.64
2025-04-02 11:00:00+05:30,0.0,,43.519999999999996
2025-04-02 12:00:00+05:30,0.0,141.12,42.644999999999996
2025-04-02 13:00:00+05:30,0.0,117.12,42.82
2025-04-02 14:00:00+05:30,0.0,105.12,43.48
2025-04-02 15:00:00+05:30,0.0,117.62,42.97
2025-04-02 16:00:00+05:30,0.0,98.12,42.28
2025-04-02 17:00:00+05:30,0.0,98.12,42.07
2025-04-02 18:00:00+05:30,0.0,105.62,42.47
2025-04-02 19:00:00+05:30,0.0,103.12,42.4
2025-04-02 20:00:00+05:30,0.0,91.62,41.72
2025-04-02 21:00:00+05:30,0.0,102.62,41.8
2025-04-02 22:00:00+05:30,0.0,118.62,43.22
2025-04-02 23:00:00+05:30,0.0,126.12,43.57
2025-04-03 00:00:00+05:30,0.0,109.62,42.72
2025-04-03 01:00:00+05:30,0.0,127.62,43.279999999999994
2025-04-03 02:00:00+05:30,0.0,91.62,43.22
2025-04-03 03:00:00+05:30,0.016,90.62,40.36
2025-04-03 04:00:00+05:30,0.0,82.12,39.85
2025-04-03 05:00:00+05:30,0.396,90.12,39.6
2025-04-03 06:00:00+05:30,3.57,108.62,40.72
2025-04-03 07:00:00+05:30,5.9350000000000005,124.12,42.769999999999996
2025-04-03 08:00:00+05:30,9.501999999999999,133.12,44.480000000000004
2025-04-03 09:00:00+05:30,3.5675,95.62,41.76
2025-04-03 10:00:00+05:30,0.0,95.12,40.82
2025-04-03 11:00:00+05:30,0.0,103.12,40.22
2025-04-03 12:00:00+05:30,0.0,102.12,39.519999999999996
2025-04-03 13:00:00+05:30,0.0,86.62,40.12
2025-04-03 14:00:00+05:30,0.0,81.62,38.8
2025-04-03 15:00:00+05:30,0.0,82.62,38.47
2025-04-03 16:00:00+05:30,0.0,81.12,38.92
2025-04-03 17:00:00+05:30,0.0,96.62,40.52
2025-04-03 18:00:00+05:30,0.0,89.12,41.120000000000005
2025-04-03 19:00:00+05:30,1.2875,89.62,40.32
2025-04-03 20:00:00+05:30,4.1274999999999995,88.12,40.519999999999996
2025-04-03 21:00:00+05:30,5.723999999999999,81.62,40.0
2025-04-03 22:00:00+05:30,9.229999999999999,86.62,40.25333333333333
2025-04-03 23:00:00+05:30,11.482000000000001,83.12,40.52
2025-04-04 00:00:00+05:30,14.780000000000001,81.62,40.72
2025-04-04 01:00:00+05:30,12.73,94.12,40.4
2025-04-04 02:00:00+05:30,12.7,198.12,39.92
2025-04-04 03:00:00+05:30,10.02,78.12,39.72
2025-04-04 04:00:00+05:30,8.576,71.62,38.64
2025-04-04 05:00:00+05:30,4.8675,69.62,38.17
2025-04-04 06:00:00+05:30,7.205,72.12,38.77
2025-04-04 07:00:00+05:30,9.434000000000001,73.986,39.2
2025-04-04 08:00:00+05:30,12.45,76.62,40.02
2025-04-04 09:00:00+05:30,8.426,80.62,39.24
2025-04-04 10:00:00+05:30,2.3125,81.62,40.519999999999996
2025-04-04 11:00:00+05:30,2.116,86.62,40.239999999999995
2025-04-05 11:00:00+05:30,0.0,139.12,42.72
2025-04-05 12:00:00+05:30,0.0,116.69500000000001,42.5875
2025-04-05 13:00:00+05:30,0.0,93.2475,41.215
2025-04-05 14:00:00+05:30,0.0,83.3725,38.855000000000004
2025-04-05 15:00:00+05:30,0.0,87.02000000000001,38.655
2025-04-05 16:00:00+05:30,0.0,74.9325,37.667500000000004
2025-04-05 17:00:00+05:30,0.0,67.775,36.05
2025-04-05 18:00:00+05:30,0.0,71.00333333333333,36.580000000000005
2025-04-05 19:00:00+05:30,0.0575,73.5575,36.985
2025-04-05 20:00:00+05:30,0.0225,73.62,37.12
2025-04-05 21:00:00+05:30,0.0,76.0575,37.379999999999995
2025-04-05 22:00:00+05:30,0.0,83.4325,38.05
2025-04-05 23:00:00+05:30,0.034999999999999996,86.065,38.644999999999996
2025-04-06 00:00:00+05:30,1.25,82.12,37.32
2025-04-06 01:00:00+05:30,1.8499999999999999,74.38666666666667,37.055
2025-04-06 02:00:00+05:30,3.98,70.70750000000001,36.585
2025-04-06 03:00:00+05:30,2.5275,72.08250000000001,36.9175
2025-04-06 04:00:00+05:30,4.5225,70.66250000000001,37.254999999999995
2025-04-06 05:00:00+05:30,8.78,70.62,37.18666666666667
2025-04-06 06:00:00+05:30,14.817499999999999,86.17500000000001,38.04
2025-04-06 07:00:00+05:30,18.976666666666667,95.62,39.346666666666664
2025-04-06 08:00:00+05:30,20.622500000000002,90.27250000000001,39.5125
2025-04-06 09:00:00+05:30,14.66,100.3275,40.58
2025-04-06 10:00:00+05:30,1.6875,111.80000000000001,41.315
2025-04-06 11:00:00+05:30,0.0,113.0925,41.2
2025-04-06 12:00:00+05:30,0.0,90.27250000000001,39.86
2025-04-06 13:00:00+05:30,0.0,83.30000000000001,38.735
2025-04-06 14:00:00+05:30,0.0,75.3425,37.585
2025-04-06 15:00:00+05:30,0.0,74.635,37.46
2025-04-06 16:00:00+05:30,0.0,77.62,36.855000000000004
2025-04-06 17:00:00+05:30,0.0,72.76,37.24
2025-04-06 18:00:00+05:30,0.0,76.4975,38.32
2025-04-06 19:00:00+05:30,0.0,79.53750000000001,38.6475
2025-04-06 20:00:00+05:30,0.0,76.22500000000001,38.54
2025-04-06 21:00:00+05:30,0.0,73.6975,36.985
2025-04-06 22:00:00+05:30,0.0,73.135,37.379999999999995
2025-04-06 23:00:00+05:30,0.0,73.605,37.79
2025-04-07 01:00:00+05:30,3.4125,78.385,37.769999999999996
2025-04-07 02:00:00+05:30,9.090000000000002,76.12,39.72666666666667
2025-04-07 03:00:00+05:30,14.665,91.63,40.585
2025-04-07 04:00:00+05:30,14.9625,87.745,40.3925
2025-04-07 05:00:00+05:30,18.6275,80.83500000000001,39.9825
2025-04-07 06:00:00+05:30,,,38.92
2025-04-07 07:00:00+05:30,30.1525,93.62,39.64
2025-04-07 08:00:00+05:30,32.005,92.64750000000001,41.9725
2025-04-07 09:00:00+05:30,26.44,109.58500000000001,44.0475
2025-04-07 10:00:00+05:30,11.9225,111.09,44.394999999999996
2025-04-07 11:00:00+05:30,1.1925000000000001,108.2125,43.33
2025-04-07 12:00:00+05:30,0.0,97.94,41.935
2025-04-07 13:00:00+05:30,0.0,83.5625,40.067499999999995
2025-04-07 14:00:00+05:30,0.0,79.73750000000001,38.59
2025-04-07 15:00:00+05:30,0.0,79.62,38.19
2025-04-07 16:00:00+05:30,0.0,83.4975,38.635
2025-04-07 17:00:00+05:30,0.0,90.87,41.095
2025-04-07 18:00:00+05:30,0.0,111.12,43.3825
2025-04-07 19:00:00+05:30,0.0,112.575,43.66
2025-04-07 20:00:00+05:30,0.0,100.12,42.595
2025-04-07 21:00:00+05:30,0.0,94.78750000000001,41.260000000000005
2025-04-07 22:00:00+05:30,0.0,88.86333333333334,40.78
2025-04-07 23:00:00+05:30,0.0,92.48750000000001,40.74
2025-04-08 00:00:00+05:30,0.0,88.62,39.12
2025-04-08 01:00:00+05:30,0.0,85.72,38.989999999999995
2025-04-08 02:00:00+05:30,0.0,79.82000000000001,38.655
2025-04-08 03:00:00+05:30,0.0,78.6525,38.7825
2025-04-08 04:00:00+05:30,2.495,92.1525,39.6475
2025-04-08 05:00:00+05:30,9.98,99.62,40.71
2025-04-08 06:00:00+05:30,17.52,110.62,41.650000000000006
2025-04-08 07:00:00+05:30,23.240000000000002,113.03750000000001,42.18
2025-04-08 08:00:00+05:30,22.16,119.4225,42.59
2025-04-08 09:00:00+05:30,16.072499999999998,106.0875,42.19
2025-04-08 10:00:00+05:30,1.0125,108.52000000000001,41.0025
2025-04-08 11:00:00+05:30,0.0,98.58666666666666,39.65333333333333
2025-04-08 12:00:00+05:30,0.0,111.655,39.120000000000005
2025-04-08 13:00:00+05:30,0.0,90.12,37.67
2025-04-08 15:00:00+05:30,0.0,87.12,37.52
2025-04-08 16:00:00+05:30,0.0,104.52000000000001,39.72
2025-04-08 17:00:00+05:30,0.0,97.3875,39.9825
2025-04-08 18:00:00+05:30,0.0,104.37,40.260000000000005
2025-04-08 19:00:00+05:30,0.0,89.86666666666667,39.2
2025-04-08 20:00:00+05:30,0.0,83.32000000000001,38.64
2025-04-08 21:00:00+05:30,0.0,80.22,39.72
2025-04-08 22:00:00+05:30,0.0,83.98750000000001,39.33
2025-04-08 23:00:00+05:30,0.0,78.38666666666667,38.0
2025-04-09 00:00:00+05:30,0.0,74.12,37.92
2025-04-09 01:00:00+05:30,0.0,72.1875,37.79
2025-04-09 02:00:00+05:30,1.0025,74.0475,38.105000000000004
2025-04-09 03:00:00+05:30,3.4124999999999996,89.5425,38.665
2025-04-09 04:00:00+05:30,2.0625,77.1075,37.19
2025-04-09 05:00:00+05:30,4.2825,77.58500000000001,37.245000000000005
2025-04-11 20:00:00+05:30,0.0,67.10000000000001,37.05
2025-04-11 21:00:00+05:30,0.0,63.81333333333333,37.1225
2025-04-11 22:00:00+05:30,0.0,67.92,36.59
2025-04-11 23:00:00+05:30,0.1775,65.25,36.19
2025-04-12 00:00:00+05:30,0.76,62.12,35.72
2025-04-12 01:00:00+05:30,2.9825,60.209999999999994,35.785
2025-04-12 02:00:00+05:30,1.0325,66.81,35.855000000000004
2025-04-12 03:00:00+05:30,4.01,65.6875,36.175
2025-04-12 04:00:00+05:30,11.7875,63.7025,36.535
2025-04-12 05:00:00+05:30,16.197499999999998,60.7525,35.254999999999995
2025-04-12 06:00:00+05:30,20.650000000000002,62.03,35.986666666666665
2025-04-12 07:00:00+05:30,22.246666666666666,69.41,36.86
2025-04-12 08:00:00+05:30,25.4225,75.84,36.775
2025-04-12 09:00:00+05:30,19.6,71.82000000000001,37.3275
2025-04-12 10:00:00+05:30,7.632499999999999,79.2425,36.7175
2025-04-12 11:00:00+05:30,0.31,80.0975,37.315
2025-04-12 12:00:00+05:30,0.0,80.12,37.129999999999995
2025-04-12 13:00:00+05:30,0.0,79.6425,35.985
2025-04-12 14:00:00+05:30,0.0,69.61500000000001,35.7925
2025-04-12 15:00:00+05:30,0.0,70.075,35.51
2025-04-12 16:00:00+05:30,0.0,76.8275,36.582499999999996
2025-04-12 17:00:00+05:30,0.0,78.93,37.185
2025-04-12 18:00:00+05:30,0.6766666666666666,83.62,37.406666666666666
2025-04-12 19:00:00+05:30,5.745,77.42750000000001,37.1925
2025-04-12 20:00:00+05:30,11.4925,71.4025,36.78
2025-04-12 21:00:00+05:30,16.4525,72.55250000000001,37.19
2025-04-12 22:00:00+05:30,17.689999999999998,73.0975,36.6575
2025-04-12 23:00:00+05:30,18.635,70.2625,36.25
2025-04-13 00:00:00+05:30,24.04,74.62,36.32
2025-04-13 01:00:00+05:30,21.625,70.33250000000001,36.385000000000005
2025-04-13 02:00:00+05:30,19.540000000000003,69.18,36.48
2025-04-13 03:00:00+05:30,22.156666666666666,65.12,36.12
2025-04-13 04:00:00+05:30,23.1125,67.025,36.25
2025-04-13 05:00:00+05:30,25.072499999999998,69.5025,36.650000000000006
2025-04-13 06:00:00+05:30,29.14,78.6975,37.31
2025-04-13 07:00:00+05:30,28.7775,75.785,38.12
2025-04-13 08:00:00+05:30,30.7675,82.29,37.464999999999996
2025-04-13 09:00:00+05:30,28.545,74.52250000000001,36.315
2025-04-13 10:00:00+05:30,20.8175,79.36,37.305
2025-04-13 11:00:00+05:30,6.0125,84.77333333333333,38.260000000000005
2025-04-13 12:00:00+05:30,0.0,87.025,37.72
2025-04-13 13:00:00+05:30,0.0325,85.215,37.72
2025-04-13 14:00:00+05:30,4.03,79.42,37.129999999999995
2025-04-13 15:00:00+05:30,8.67,84.29333333333334,36.765
2025-04-13 16:00:00+05:30,8.97,84.62,37.870000000000005
2025-04-13 17:00:00+05:30,5.455,85.0975,36.847500000000004
2025-04-13 18:00:00+05:30,6.7275,82.73750000000001,37.455
2025-04-13 19:00:00+05:30,11.105,82.62,38.035
2025-04-13 20:00:00+05:30,13.4625,76.92,38.995000000000005
2025-04-13 21:00:00+05:30,13.93,73.12,37.48666666666667
2025-04-13 22:00:00+05:30,15.6075,69.31,37.05
2025-04-13 23:00:00+05:30,15.906666666666666,70.05333333333334,37.34
2025-04-14 00:00:00+05:30,17.25,67.62,37.72
2025-04-14 01:00:00+05:30,20.189999999999998,85.67,37.46
2025-04-14 02:00:00+05:30,20.33,71.42,36.79
2025-04-14 03:00:00+05:30,20.733333333333334,69.22000000000001,36.38666666666666
2025-04-14 04:00:00+05:30,26.4075,66.2625,36.12
2025-04-14 05:00:00+05:30,25.46,64.69500000000001,36.315
2025-04-14 06:00:00+05:30,28.055,67.47,36.655
2025-04-14 07:00:00+05:30,28.80333333333333,69.87,36.78
2025-04-14 08:00:00+05:30,30.3,74.39500000000001,37.775
2025-04-14 09:00:00+05:30,27.84,83.64500000000001,38.46
2025-04-14 10:00:00+05:30,21.23,84.12,38.6925
2025-04-14 11:00:00+05:30,14.39,107.82666666666667,40.153333333333336
2025-04-25 13:00:00+05:30,55.1775,532.62,168.125
2025-04-25 14:00:00+05:30,44.36000000000001,162.84333333333333,37.4625
2025-04-25 15:00:00+05:30,38.64,98.84333333333335,37.760000000000005
2025-04-25 16:00:00+05:30,35.1675,89.03333333333335,39.005
2025-04-25 17:00:00+05:30,32.415,95.91250000000001,37.855000000000004
2025-04-25 18:00:00+05:30,30.27,89.31,37.85
2025-04-25 19:00:00+05:30,28.6825,88.62,38.185
2025-04-25 20:00:00+05:30,27.3725,79.91250000000001,38.385000000000005
2025-04-25 21:00:00+05:30,26.3275,78.2025,38.845
2025-04-25 22:00:00+05:30,25.5025,83.6375,39.455
2025-04-25 23:00:00+05:30,24.669999999999998,76.59666666666668,39.32
2025-04-26 00:00:00+05:30,23.53,74.12,38.32
2025-04-26 01:00:00+05:30,23.4375,71.37,38.385000000000005
2025-04-26 02:00:00+05:30,23.005,77.5175,38.847500000000004
2025-04-26 03:00:00+05:30,22.5675,90.915,38.935
2025-04-26 04:00:00+05:30,22.4775,77.04,37.527499999999996
2025-04-26 05:00:00+05:30,22.185000000000002,67.8275,37.25
2025-04-26 06:00:00+05:30,21.677500000000002,71.245,38.165000000000006
2025-04-26 07:00:00+05:30,21.81,80.30250000000001,39.13
2025-04-26 08:00:00+05:30,21.395,74.7025,38.5125
2025-04-26 09:00:00+05:30,20.9675,83.26,39.112500000000004
2025-04-26 10:00:00+05:30,21.096666666666668,80.37,39.7125
2025-04-26 11:00:00+05:30,20.805,76.41250000000001,40.315
2025-04-26 12:00:00+05:30,20.75,91.435,40.3275
2025-04-26 13:00:00+05:30,20.535,87.12,39.455
2025-04-26 14:00:00+05:30,20.285,74.70500000000001,39.32
2025-04-27 20:00:00+05:30,17.97,83.12,38.92
2025-04-27 21:00:00+05:30,17.7275,81.7525,39.1775
2025-04-27 22:00:00+05:30,17.7375,77.07000000000001,39.2
2025-04-27 23:00:00+05:30,17.555,77.53,37.989999999999995
2025-04-28 00:00:00+05:30,17.35,75.12,37.32
2025-04-28 01:00:00+05:30,17.322499999999998,70.11,37.06
2025-04-28 02:00:00+05:30,17.235,71.89750000000001,36.7775
2025-04-28 03:00:00+05:30,17.2175,69.8425,37.385000000000005
2025-04-28 04:00:00+05:30,17.322499999999998,76.8875,37.715
2025-04-28 05:00:00+05:30,17.2775,73.0775,37.73
2025-04-28 06:00:00+05:30,17.133333333333333,76.13000000000001,36.92
2025-04-28 07:00:00+05:30,16.973333333333333,78.62,37.96
2025-04-28 08:00:00+05:30,16.985,80.4425,38.74
2025-04-28 09:00:00+05:30,17.1675,93.83,37.7775
2025-04-28 10:00:00+05:30,16.8625,95.12,38.385000000000005
2025-04-28 11:00:00+05:30,17.08,86.92,38.3275
2025-04-28 12:00:00+05:30,16.835,85.2125,38.307500000000005
2025-04-28 13:00:00+05:30,17.0575,88.7525,38.137499999999996
2025-04-28 14:00:00+05:30,17.7975,79.58250000000001,36.57
2025-04-28 15:00:00+05:30,18.5925,88.61250000000001,38.04
2025-04-28 16:00:00+05:30,18.795,95.525,38.9275
2025-04-28 17:00:00+05:30,19.503333333333334,89.97666666666667,38.5
2025-04-28 18:00:00+05:30,19.7725,89.56,38.6425
2025-04-28 19:00:00+05:30,20.176666666666666,84.35333333333334,38.805
2025-04-28 20:00:00+05:30,20.23,82.25750000000001,37.85
2025-04-28 21:00:00+05:30,21.259999999999998,80.31,37.989999999999995
2025-04-28 22:00:00+05:30,22.122500000000002,83.2925,37.915
2025-04-28 23:00:00+05:30,22.71,82.715,37.9325
2025-04-29 00:00:00+05:30,23.82,76.62,38.52
2025-04-29 01:00:00+05:30,24.88,89.3125,38.52
2025-04-29 02:00:00+05:30,25.46,77.02000000000001,38.197500000000005
2025-04-29 03:00:00+05:30,26.295,76.0725,37.650000000000006
2025-04-29 04:00:00+05:30,27.0675,76.12,38.2425
2025-04-29 05:00:00+05:30,27.3525,73.39500000000001,38.4
2025-04-29 06:00:00+05:30,27.87,70.4025,37.835
2025-04-29 07:00:00+05:30,28.3525,84.61,38.66
2025-04-29 08:00:00+05:30,29.05,85.62,38.765
2025-04-29 09:00:00+05:30,29.235,83.36250000000001,40.7
2025-04-29 10:00:00+05:30,29.95,106.5925,41.405
2025-04-29 11:00:00+05:30,30.2075,98.705,40.5125
2025-04-29 12:00:00+05:30,30.54,87.66,40.5325
2025-04-29 13:00:00+05:30,30.426666666666666,90.62,39.376666666666665
2025-04-29 14:00:00+05:30,30.365,79.30000000000001,39.5
2025-04-29 15:00:00+05:30,30.46,97.98,40.332499999999996
2025-04-29 16:00:00+05:30,30.275,82.915,39.197500000000005
2025-04-29 17:00:00+05:30,29.965,81.12,38.7775
2025-04-29 18:00:00+05:30,29.122500000000002,77.95,39.45
2025-04-29 19:00:00+05:30,27.912499999999998,86.1975,39.527499999999996
2025-04-29 22:00:00+05:30,24.91,71.12,38.52
2025-04-29 23:00:00+05:30,24.55,74.28,38.005
2025-04-30 00:00:00+05:30,23.91,70.62,37.92
2025-04-30 01:00:00+05:30,23.805,73.79,37.5325
2025-04-30 02:00:00+05:30,23.4225,69.5925,36.72
2025-04-30 03:00:00+05:30,23.377499999999998,65.50750000000001,37.0425
2025-04-30 04:00:00+05:30,22.96,68.28,37.59
2025-04-30 05:00:00+05:30,22.8575,67.715,37.1275
2025-04-30 06:00:00+05:30,22.86,69.42500000000001,36.85
2025-04-30 07:00:00+05:30,23.0275,71.8775,37.3775
2025-04-30 08:00:00+05:30,22.5375,71.2175,37.92
2025-04-30 09:00:00+05:30,23.0325,75.635,37.92
2025-04-30 10:00:00+05:30,23.203333333333333,77.73,38.05
2025-04-30 11:00:00+05:30,23.8225,77.2175,38.385000000000005
2025-04-30 12:00:00+05:30,24.2775,73.0575,38.197500000000005
2025-04-30 13:00:00+05:30,24.965,75.78,37.9075
2025-04-30 14:00:00+05:30,25.3425,73.86250000000001,38.59
2025-04-30 15:00:00+05:30,25.9875,77.23,38.32
2025-04-30 16:00:00+05:30,26.843333333333334,76.75,38.406666666666666
2025-04-30 17:00:00+05:30,26.58,80.23,38.52
2025-04-30 18:00:00+05:30,26.455,78.37,38.650000000000006
2025-04-30 19:00:00+05:30,25.8925,76.315,38.597500000000004
2025-04-30 20:00:00+05:30,25.7075,72.96000000000001,37.47
2025-04-30 21:00:00+05:30,24.752499999999998,74.42500000000001,36.7125
2025-04-30 22:00:00+05:30,24.5025,76.42,37.3775
2025-04-30 23:00:00+05:30,24.22,68.0425,37.92
2025-05-01 00:00:00+05:30,,,35.92
2025-05-01 01:00:00+05:30,23.1425,532.62,36.3675
2025-05-01 02:00:00+05:30,21.805,532.62,37.19
2025-05-01 03:00:00+05:30,20.9725,532.62,36.79
2025-05-01 04:00:00+05:30,20.61,532.62,36.9075
2025-05-01 05:00:00+05:30,20.1075,532.62,37.655
2025-05-01 06:00:00+05:30,19.81,532.62,37.56
2025-05-01 07:00:00+05:30,19.4875,532.62,37.47
2025-05-01 08:00:00+05:30,19.4025,532.62,36.97
2025-05-01 09:00:00+05:30,19.22,532.62,37.7275
2025-05-01 10:00:00+05:30,19.435000000000002,532.62,36.675
2025-05-01 11:00:00+05:30,20.017500000000002,532.62,35.965
2025-05-01 12:00:00+05:30,20.32,532.62,37.5775
2025-05-01 13:00:00+05:30,20.6,532.62,38.25
2025-05-01 14:00:00+05:30,21.3175,532.62,38.39
2025-05-01 15:00:00+05:30,21.953333333333333,532.62,38.185
2025-05-01 16:00:00+05:30,22.3375,532.62,38.7075
2025-05-01 17:00:00+05:30,22.473333333333333,532.62,38.6175
2025-05-01 18:00:00+05:30,21.8175,532.62,36.785
2025-05-01 19:00:00+05:30,21.52,532.62,37.05
2025-05-01 20:00:00+05:30,21.075,532.62,37.32
2025-05-01 21:00:00+05:30,20.85,532.62,37.32
2025-05-01 22:00:00+05:30,20.395,532.62,37.5125
2025-05-01 23:00:00+05:30,20.060000000000002,532.62,37.985
2025-05-02 00:00:00+05:30,19.73,532.62,37.12
2025-05-02 01:00:00+05:30,19.5175,532.62,36.9275
2025-05-02 02:00:00+05:30,19.119999999999997,532.62,36.585
2025-05-02 03:00:00+05:30,19.1325,532.62,36.465
2025-05-02 04:00:00+05:30,18.9775,532.62,35.985
2025-05-02 05:00:00+05:30,18.7625,532.62,36.3125
2025-05-02 06:00:00+05:30,18.875,532.62,36.8425
2025-05-02 07:00:00+05:30,18.7175,532.62,37.3125
2025-05-02 08:00:00+05:30,18.66,532.62,37.5925
2025-05-02 09:00:00+05:30,18.939999999999998,532.62,37.32
2025-05-02 10:00:00+05:30,19.173333333333332,532.62,38.346666666666664
2025-05-02 11:00:00+05:30,19.7625,532.62,38.3125
2025-05-02 12:00:00+05:30,20.2575,532.62,38.527499999999996
2025-05-02 13:00:00+05:30,20.6175,532.62,38.185
2025-05-02 14:00:00+05:30,21.1075,532.62,38.1275
2025-05-02 15:00:00+05:30,21.4975,532.62,37.85
2025-05-02 16:00:00+05:30,22.265,,38.806666666666665
2025-05-02 17:00:00+05:30,22.1,532.62,39.2725
2025-05-02 18:00:00+05:30,21.709999999999997,532.62,38.52
2025-05-02 19:00:00+05:30,21.427500000000002,532.62,38.7275
2025-05-02 20:00:00+05:30,20.927500000000002,532.62,38.385000000000005
2025-05-02 21:00:00+05:30,20.265,532.62,38.6475
2025-05-02 22:00:00+05:30,20.155,532.62,38.855000000000004
2025-05-02 23:00:00+05:30,19.94,532.62,37.825
2025-05-03 00:00:00+05:30,19.1,532.62,37.52
2025-05-03 01:00:00+05:30,19.17,532.62,36.7525
2025-05-03 02:00:00+05:30,19.240000000000002,532.62,35.5075
2025-05-03 03:00:00+05:30,18.913333333333334,532.62,36.254999999999995
2025-05-03 04:00:00+05:30,19.1375,532.62,35.989999999999995
2025-05-03 05:00:00+05:30,18.745,532.62,35.9775
2025-05-03 06:00:00+05:30,18.8975,532.62,36.9675
2025-05-03 07:00:00+05:30,18.7425,532.62,38.2425
2025-05-03 08:00:00+05:30,18.4625,532.62,38.597500000000004
2025-05-03 09:00:00+05:30,18.41,532.62,38.112500000000004
2025-05-03 10:00:00+05:30,18.947499999999998,532.62,38.2625
2025-05-03 11:00:00+05:30,19.2025,532.62,37.59
2025-05-03 12:00:00+05:30,19.8175,532.62,37.769999999999996
2025-05-03 13:00:00+05:30,20.1,532.62,38.2725
2025-05-03 14:00:00+05:30,20.5075,532.62,99.445
2025-05-03 15:00:00+05:30,19.9575,532.62,168.3825
2025-05-03 16:00:00+05:30,20.356666666666666,532.62,38.25333333333334
2025-05-03 17:00:00+05:30,20.23,532.62,99.715
2025-05-03 18:00:00+05:30,19.01,532.62,168.595
2025-05-03 19:00:00+05:30,18.6875,532.62,37.2
2025-05-03 20:00:00+05:30,18.6575,532.62,36.775000000000006
2025-05-03 21:00:00+05:30,18.43,532.62,37.769999999999996
2025-05-03 22:00:00+05:30,17.72,532.62,36.92
2025-05-03 23:00:00+05:30,18.1575,532.62,36.79
2025-05-04 00:00:00+05:30,18.01,532.62,36.32
2025-05-04 01:00:00+05:30,17.9,532.62,36.4475
2025-05-04 02:00:00+05:30,17.8875,532.62,36.785
2025-05-04 03:00:00+05:30,17.775,532.62,36.855000000000004
2025-05-04 04:00:00+05:30,17.83,532.62,36.527499999999996
2025-05-04 05:00:00+05:30,18.060000000000002,532.62,36.3725
2025-05-04 06:00:00+05:30,17.619999999999997,532.62,99.1725
2025-05-04 07:00:00+05:30,16.76,532.62,167.91
2025-05-04 08:00:00+05:30,16.6825,532.62,37.4625
2025-05-04 09:00:00+05:30,17.4,532.62,37.3625
2025-05-04 10:00:00+05:30,17.5125,532.62,99.59
2025-05-04 11:00:00+05:30,17.1225,532.62,168.7875
2025-05-04 12:00:00+05:30,17.5775,532.62,38.2475
2025-05-04 13:00:00+05:30,17.9625,532.62,99.725
2025-05-04 14:00:00+05:30,17.78,532.62,168.06
2025-05-04 15:00:00+05:30,18.505,532.62,38.1525
2025-05-04 16:00:00+05:30,19.2,532.62,100.935
2025-05-04 17:00:00+05:30,18.5375,532.62,168.53
2025-05-04 18:00:00+05:30,18.275,532.62,37.6375
2025-05-04 19:00:00+05:30,18.14,532.62,99.695
2025-05-04 20:00:00+05:30,17.1675,532.62,168.66
2025-05-04 21:00:00+05:30,17.396666666666665,532.62,37.34
2025-05-04 22:00:00+05:30,17.299999999999997,532.62,98.4725
2025-05-04 23:00:00+05:30,16.39,532.62,168.94
2025-05-05 00:00:00+05:30,16.82,532.62,37.92
2025-05-05 01:00:00+05:30,16.6275,532.62,99.85
2025-05-05 02:00:00+05:30,16.1625,532.62,168.4675
2025-05-05 03:00:00+05:30,16.64,532.62,37.185
2025-05-05 04:00:00+05:30,16.3575,532.62,98.91
2025-05-05 05:00:00+05:30,16.0875,532.62,168.34
2025-05-05 06:00:00+05:30,16.98,,36.92
2025-05-05 07:00:00+05:30,16.5925,532.62,98.1
2025-05-05 08:00:00+05:30,16.05666666666667,532.62,212.26666666666665
2025-05-05 09:00:00+05:30,16.2125,532.62,37.2575
2025-05-05 10:00:00+05:30,16.572499999999998,532.62,98.77250000000001
2025-05-05 11:00:00+05:30,16.2875,532.62,168.125
2025-05-05 12:00:00+05:30,16.7325,532.62,38.0375
2025-05-05 13:00:00+05:30,17.3525,532.62,99.8625
2025-05-05 14:00:00+05:30,17.105,532.62,168.51
2025-05-05 15:00:00+05:30,18.009999999999998,532.62,38.730000000000004
2025-05-05 16:00:00+05:30,18.7975,532.62,99.59
2025-05-05 17:00:00+05:30,18.22,532.62,168.66
2025-05-05 18:00:00+05:30,18.1125,532.62,37.8475
2025-05-05 19:00:00+05:30,17.99,532.62,98.92
2025-05-05 20:00:00+05:30,17.295,532.62,168.06
2025-05-05 21:00:00+05:30,17.13,532.62,37.3275
2025-05-05 22:00:00+05:30,17.44,532.62,37.175
2025-05-05 23:00:00+05:30,17.4,532.62,37.5925
2025-05-06 00:00:00+05:30,16.24,532.62,230.12
2025-05-06 01:00:00+05:30,16.033333333333335,532.62,168.8125
2025-05-06 02:00:00+05:30,16.036666666666665,532.62,37.38666666666666
2025-05-06 03:00:00+05:30,16.68,532.62,39.04333333333333
2025-05-06 04:00:00+05:30,16.815,532.62,37.8725
2025-05-06 05:00:00+05:30,16.5525,532.62,36.665
2025-05-06 06:00:00+05:30,16.78,532.62,36.2475
2025-05-06 07:00:00+05:30,16.92,532.62,36.7125
2025-05-06 08:00:00+05:30,16.9375,532.62,37.185
2025-05-06 09:00:00+05:30,16.822499999999998,532.62,37.254999999999995
2025-05-06 10:00:00+05:30,17.2675,532.62,37.25
2025-05-06 11:00:00+05:30,18.0175,532.62,37.84
2025-05-06 12:00:00+05:30,18.705,532.62,38.3275
2025-05-06 13:00:00+05:30,19.182499999999997,532.62,38.0475
2025-05-06 14:00:00+05:30,19.305,532.62,38.45
2025-05-06 15:00:00+05:30,20.4525,532.62,38.3375
2025-05-06 16:00:00+05:30,20.8925,532.62,37.3925
2025-05-06 17:00:00+05:30,20.615000000000002,532.62,37.442499999999995
2025-05-06 18:00:00+05:30,20.14,532.62,38.12
2025-05-06 19:00:00+05:30,19.8175,532.62,38.185
2025-05-06 20:00:00+05:30,19.3125,532.62,37.81
2025-05-06 21:00:00+05:30,18.993333333333336,532.62,36.975
2025-05-06 22:00:00+05:30,18.252499999999998,,39.1175
2025-05-06 23:00:00+05:30,18.093333333333334,,40.5225
2025-05-07 00:00:00+05:30,,,36.72
2025-05-07 01:00:00+05:30,,,36.6575
2025-05-07 02:00:00+05:30,,,36.84
2025-05-07 09:00:00+05:30,15.97,532.62,36.52
2025-05-07 11:00:00+05:30,16.583333333333332,532.62,38.690000000000005
2025-05-07 12:00:00+05:30,16.5275,532.62,38.7275
2025-05-07 13:00:00+05:30,16.64,532.62,38.83
2025-05-07 14:00:00+05:30,16.975,532.62,39.41
2025-05-07 15:00:00+05:30,17.2775,532.62,38.1275
2025-05-07 16:00:00+05:30,17.502499999999998,532.62,41.78
2025-05-07 17:00:00+05:30,17.52,532.62,50.32
2025-05-07 18:00:00+05:30,17.16333333333333,532.62,36.89333333333334
2025-05-07 20:00:00+05:30,16.14,532.62,36.24
2025-05-07 21:00:00+05:30,15.9075,532.62,35.7075
2025-05-07 22:00:00+05:30,15.6375,532.62,36.2675
2025-05-07 23:00:00+05:30,15.1675,532.62,35.527499999999996
2025-05-08 00:00:00+05:30,15.06,532.62,34.72
2025-05-08 01:00:00+05:30,14.86,532.62,34.9125
2025-05-08 02:00:00+05:30,15.12,532.62,34.98
2025-05-08 03:00:00+05:30,15.2,532.62,34.605000000000004
2025-05-08 04:00:00+05:30,15.525,532.62,35.12
2025-05-08 05:00:00+05:30,15.26,532.62,35.52
2025-05-08 06:00:00+05:30,15.345,532.62,35.12
2025-05-08 07:00:00+05:30,15.596666666666666,532.62,36.586666666666666
2025-05-08 08:00:00+05:30,15.593333333333334,532.62,37.1525
2025-05-08 09:00:00+05:30,15.799999999999999,532.62,35.6475
2025-05-08 10:00:00+05:30,15.783333333333333,532.62,36.17666666666667
2025-05-08 11:00:00+05:30,16.425,532.62,36.52
2025-05-08 12:00:00+05:30,16.4025,532.62,36.1375
2025-05-08 13:00:00+05:30,16.8525,532.62,35.32
2025-05-08 14:00:00+05:30,17.055,532.62,35.1925
2025-05-08 15:00:00+05:30,17.175,532.62,34.8575
2025-05-08 16:00:00+05:30,17.0075,532.62,35.2275
2025-05-08 17:00:00+05:30,16.9375,532.62,36.065
2025-05-08 18:00:00+05:30,16.445,532.62,35.6475
2025-05-08 19:00:00+05:30,16.34,532.62,35.94
2025-05-08 20:00:00+05:30,17.17,532.62,36.12
2025-05-08 21:00:00+05:30,15.973333333333334,532.62,35.9275
2025-05-08 22:00:00+05:30,16.0,532.62,35.6475
2025-05-08 23:00:00+05:30,15.7125,532.62,35.667500000000004
2025-05-09 00:00:00+05:30,15.54,532.62,34.52
2025-05-09 01:00:00+05:30,15.7825,532.62,35.095
2025-05-09 02:00:00+05:30,15.9675,532.62,35.9375
2025-05-09 03:00:00+05:30,15.68,532.62,35.2475
2025-05-09 04:00:00+05:30,15.9625,532.62,35.3925
2025-05-09 05:00:00+05:30,16.3425,532.62,35.44
2025-05-09 06:00:00+05:30,16.2375,532.62,35.9925
2025-05-09 07:00:00+05:30,16.1,532.62,35.9725
2025-05-09 08:00:00+05:30,15.9725,532.62,36.14
2025-05-09 09:00:00+05:30,16.145,532.62,35.64
2025-05-09 10:00:00+05:30,16.38,532.62,35.81
2025-05-09 11:00:00+05:30,16.4875,532.62,35.417500000000004
2025-05-09 12:00:00+05:30,16.5475,532.62,36.6
2025-05-09 13:00:00+05:30,16.794999999999998,532.62,35.4775
2025-05-09 14:00:00+05:30,17.0775,532.62,34.33
2025-05-09 15:00:00+05:30,17.1375,532.62,34.4275
2025-05-09 16:00:00+05:30,17.765,532.62,35.6475
2025-05-09 17:00:00+05:30,17.53,532.62,35.7275
2025-05-09 18:00:00+05:30,17.115000000000002,532.62,35.32
2025-05-09 19:00:00+05:30,16.7375,532.62,35.7625
2025-05-09 20:00:00+05:30,16.485,532.62,36.3375
2025-05-09 21:00:00+05:30,16.0475,532.62,35.52
2025-05-09 22:00:00+05:30,15.89,532.62,35.3275
2025-05-09 23:00:00+05:30,15.82,532.62,34.792500000000004
2025-05-10 01:00:00+05:30,15.5,532.62,36.125
2025-05-10 02:00:00+05:30,15.325,532.62,35.0475
2025-05-10 03:00:00+05:30,14.945,532.62,35.5725
2025-05-10 04:00:00+05:30,15.0375,532.62,36.12
2025-05-10 05:00:00+05:30,14.99,532.62,36.3125
2025-05-10 06:00:00+05:30,14.755,532.62,36.91
2025-05-10 07:00:00+05:30,15.035,532.62,38.08
2025-05-10 08:00:00+05:30,15.445,532.62,39.2775
2025-05-10 09:00:00+05:30,15.295,532.62,38.0
2025-05-10 10:00:00+05:30,15.51,532.62,37.2575
2025-05-10 11:00:00+05:30,15.996666666666668,532.62,36.4875
2025-05-10 12:00:00+05:30,16.325,532.62,35.2475
2025-05-10 13:00:00+05:30,16.7,532.62,35.4575
2025-05-10 14:00:00+05:30,17.17,532.62,35.3825
2025-05-10 15:00:00+05:30,17.725,532.62,35.6475
2025-05-10 16:00:00+05:30,18.182499999999997,532.62,36.24
2025-05-10 17:00:00+05:30,18.21,532.62,36.28
2025-05-10 18:00:00+05:30,18.17,532.62,35.11
2025-05-10 19:00:00+05:30,17.525,532.62,35.4575
2025-05-10 20:00:00+05:30,17.22,532.62,35.45
2025-05-10 21:00:00+05:30,16.802500000000002,532.62,35.9125
2025-05-10 22:00:00+05:30,16.6175,532.62,36.129999999999995
2025-05-10 23:00:00+05:30,16.3525,532.62,35.6575
2025-05-11 00:00:00+05:30,16.24,532.62,35.12
2025-05-11 01:00:00+05:30,15.85,532.62,35.2475
2025-05-11 02:00:00+05:30,15.6,532.62,34.52
2025-05-11 03:00:00+05:30,15.4825,532.62,34.3275
2025-05-11 04:00:00+05:30,15.335,532.62,34.112500000000004
2025-05-11 05:00:00+05:30,15.1475,532.62,34.837500000000006
2025-05-11 06:00:00+05:30,14.8125,532.62,35.71
2025-05-11 07:00:00+05:30,14.69,532.62,36.8875
2025-05-11 08:00:00+05:30,14.7875,532.62,37.7475
2025-05-11 09:00:00+05:30,15.1775,532.62,36.2475
2025-05-11 10:00:00+05:30,15.22,532.62,36.585
2025-05-11 11:00:00+05:30,15.665,532.62,36.72
2025-05-11 21:00:00+05:30,18.22,532.62,35.52
2025-05-11 22:00:00+05:30,17.695,532.62,35.585
2025-05-11 23:00:00+05:30,17.1675,532.62,35.47
2025-05-12 00:00:00+05:30,16.79,532.62,34.72
2025-05-12 01:00:00+05:30,16.6575,532.62,34.9725
2025-05-12 02:00:00+05:30,16.646666666666665,532.62,35.3925
2025-05-12 03:00:00+05:30,16.2675,532.62,35.0575
2025-05-12 04:00:00+05:30,16.125,532.62,35.0475
2025-05-12 05:00:00+05:30,15.9325,532.62,35.32
2025-05-12 06:00:00+05:30,15.8625,532.62,35.89
2025-05-12 07:00:00+05:30,15.7925,532.62,37.2475
2025-05-12 08:00:00+05:30,15.683333333333332,532.62,36.92333333333334
2025-05-12 09:00:00+05:30,15.7375,532.62,36.2475
2025-05-12 10:00:00+05:30,16.2725,532.62,36.3925
2025-05-12 11:00:00+05:30,16.802500000000002,532.62,36.2475
2025-05-12 12:00:00+05:30,17.16,532.62,35.822500000000005
2025-05-12 13:00:00+05:30,17.677500000000002,532.62,34.7025
2025-05-12 14:00:00+05:30,18.11,532.62,35.7725
2025-05-12 15:00:00+05:30,18.7825,532.62,35.56
2025-05-12 16:00:00+05:30,19.245,532.62,34.045
2025-05-12 17:00:00+05:30,19.12333333333333,532.62,34.72
2025-05-12 18:00:00+05:30,19.256666666666664,532.62,35.72
2025-05-12 19:00:00+05:30,18.822499999999998,532.62,36.1825
2025-05-12 20:00:00+05:30,18.333333333333332,532.62,36.32
2025-05-12 21:00:00+05:30,17.92,532.62,36.06666666666666
2025-05-12 22:00:00+05:30,17.4675,532.62,35.72
2025-05-12 23:00:00+05:30,17.05,532.62,35.803333333333335
2025-05-13 00:00:00+05:30,,532.62,
2025-05-13 01:00:00+05:30,16.57,532.62,36.135000000000005
2025-05-13 02:00:00+05:30,16.33666666666667,532.62,35.583333333333336
2025-05-13 03:00:00+05:30,16.073333333333334,532.62,34.949999999999996
2025-05-13 04:00:00+05:30,15.975,532.62,34.7825
2025-05-13 05:00:00+05:30,15.862499999999999,532.62,34.9825
2025-05-13 06:00:00+05:30,15.61,532.62,35.1825
2025-05-13 07:00:00+05:30,15.6575,532.62,35.7025
2025-05-13 08:00:00+05:30,15.85,532.62,36.0775
2025-05-13 09:00:00+05:30,15.863333333333335,532.62,35.71
2025-05-13 12:00:00+05:30,16.616666666666667,532.62,36.13999999999999
2025-05-13 13:00:00+05:30,2.2933333333333334,532.62,39.1275
2025-05-13 14:00:00+05:30,2.6375,532.62,102.64
2025-05-13 15:00:00+05:30,2.2433333333333336,335.73,173.1825
2025-05-13 16:00:00+05:30,0.0,86.62,46.7725
2025-05-13 17:00:00+05:30,3.51,80.12,38.665
2025-05-13 18:00:00+05:30,6.82,80.63,38.1
2025-05-13 19:00:00+05:30,7.9925,81.52666666666667,39.175
2025-05-13 20:00:00+05:30,4.98,81.62,39.0225
2025-05-13 21:00:00+05:30,7.529999999999999,80.76,37.3925
2025-05-13 22:00:00+05:30,10.655000000000001,81.48,36.93
2025-05-13 23:00:00+05:30,16.52,79.47500000000001,37.65
2025-05-14 00:00:00+05:30,22.98,79.12,36.92
2025-05-14 01:00:00+05:30,21.155,78.6875,36.792500000000004
2025-05-14 02:00:00+05:30,25.213333333333335,80.41,37.09
2025-05-14 03:00:00+05:30,20.28,76.4,37.75
2025-05-14 04:00:00+05:30,7.96,88.62,39.72
2025-05-14 05:00:00+05:30,11.3275,101.53750000000001,39.5925
2025-05-14 06:00:00+05:30,13.48,95.87,38.94
2025-05-14 07:00:00+05:30,9.92,103.2025,38.817499999999995
2025-05-14 08:00:00+05:30,11.4125,114.0625,39.8125
2025-05-14 09:00:00+05:30,13.366666666666667,105.02666666666669,38.653333333333336
2025-05-14 10:00:00+05:30,16.205000000000002,100.47500000000001,38.962500000000006
2025-05-14 11:00:00+05:30,18.3275,96.6875,39.6025
2025-05-14 12:00:00+05:30,20.9425,94.4025,39.11
2025-05-14 13:00:00+05:30,22.815,88.0925,39.3925
2025-05-14 14:00:00+05:30,25.9,77.25,38.55
2025-05-14 15:00:00+05:30,28.450000000000003,76.70500000000001,37.575
2025-05-14 16:00:00+05:30,31.0,78.41250000000001,38.5625
2025-05-14 17:00:00+05:30,32.432500000000005,84.73,39.7725
2025-05-14 18:00:00+05:30,31.055,87.62,40.129999999999995
2025-05-14 19:00:00+05:30,32.0325,77.32000000000001,39.4675
2025-05-14 20:00:00+05:30,32.1975,79.4825,38.985
2025-05-14 21:00:00+05:30,32.5975,77.545,39.3725
2025-05-14 22:00:00+05:30,32.295,85.275,41.63
2025-05-14 23:00:00+05:30,32.4625,108.50750000000001,44.755
2025-05-15 00:00:00+05:30,31.33,100.62,43.12
2025-05-15 01:00:00+05:30,31.5975,94.1825,42.93
2025-05-15 02:00:00+05:30,31.142500000000002,89.25750000000001,42.52
2025-05-15 03:00:00+05:30,30.302500000000002,87.33250000000001,42.0125
2025-05-15 04:00:00+05:30,30.073333333333334,87.93,41.4275
2025-05-15 05:00:00+05:30,28.776666666666667,91.62,42.776666666666664
2025-05-15 06:00:00+05:30,26.7425,110.87,43.5625
2025-05-15 07:00:00+05:30,24.8925,113.265,44.3925
2025-05-15 08:00:00+05:30,22.9725,104.1075,43.55
2025-05-15 09:00:00+05:30,22.0975,94.89500000000001,42.3825
2025-05-15 10:00:00+05:30,22.47,86.325,42.2025
2025-05-15 11:00:00+05:30,24.875,92.82000000000001,41.77
2025-05-15 12:00:00+05:30,27.185000000000002,91.55000000000001,42.0675
2025-05-15 13:00:00+05:30,29.7925,88.98,41.2
2025-05-15 14:00:00+05:30,32.7825,74.93,40.08
2025-05-15 15:00:00+05:30,36.449999999999996,73.04,38.802499999999995
2025-05-15 16:00:00+05:30,39.3275,78.86666666666667,38.6275
2025-05-15 17:00:00+05:30,41.589999999999996,80.92666666666668,39.4025
2025-05-15 18:00:00+05:30,41.415,80.265,38.9075
2025-05-15 19:00:00+05:30,40.8825,82.26,39.7625
2025-05-15 20:00:00+05:30,35.8825,80.48750000000001,40.28
2025-05-15 21:00:00+05:30,34.64,74.5775,39.57
2025-05-15 22:00:00+05:30,35.4625,69.3425,39.6175
2025-05-15 23:00:00+05:30,35.9525,68.62,38.395
2025-05-16 00:00:00+05:30,34.68,67.62,37.92
2025-05-16 01:00:00+05:30,35.2825,66.3375,38.2975
2025-05-16 02:00:00+05:30,34.8125,68.67750000000001,38.4875
2025-05-16 03:00:00+05:30,31.64,68.6925,37.12
2025-05-16 04:00:00+05:30,29.166666666666668,64.2,37.2475
2025-05-16 05:00:00+05:30,27.9025,64.62,37.4575
2025-05-16 06:00:00+05:30,22.557499999999997,65.9,37.2575
2025-05-16 07:00:00+05:30,16.6725,64.415,37.5625
2025-05-16 08:00:00+05:30,16.215,68.14,38.14
2025-05-16 09:00:00+05:30,10.765,72.1075,37.6375
2025-05-16 10:00:00+05:30,7.8175,73.4725,38.64
2025-05-16 11:00:00+05:30,6.8275,75.325,39.07
2025-05-16 12:00:00+05:30,6.195,75.62,38.77
2025-05-16 13:00:00+05:30,5.734999999999999,76.9,39.005
2025-05-16 14:00:00+05:30,5.5600000000000005,73.6925,37.94
2025-05-16 15:00:00+05:30,5.42,77.37,37.1825
2025-05-16 16:00:00+05:30,5.3075,77.6925,37.51
2025-05-16 17:00:00+05:30,5.48,75.495,38.17
2025-05-16 18:00:00+05:30,5.4625,91.75,39.16
2025-05-16 19:00:00+05:30,5.395,81.44500000000001,39.177499999999995
2025-05-16 20:00:00+05:30,5.672499999999999,76.98750000000001,38.375
2025-05-16 21:00:00+05:30,5.405,74.92,39.425
2025-05-16 22:00:00+05:30,5.523333333333333,71.02,35.79
2025-05-16 23:00:00+05:30,5.5,68.41,36.205
2025-05-17 00:00:00+05:30,5.67,68.62,40.12
2025-05-17 01:00:00+05:30,5.81,71.17,38.6125
2025-05-17 02:00:00+05:30,5.67,64.82,35.51
2025-05-17 03:00:00+05:30,6.046666666666667,64.81333333333333,35.836666666666666
2025-05-17 04:00:00+05:30,5.95,67.2525,35.7825
2025-05-17 05:00:00+05:30,6.0975,66.7675,35.6025
2025-05-17 06:00:00+05:30,5.9425,67.47,37.6425
2025-05-17 07:00:00+05:30,6.080000000000001,70.62,39.13
2025-05-17 08:00:00+05:30,6.225,64.67,35.629999999999995
2025-05-17 09:00:00+05:30,6.195,58.095,38.9675
2025-05-17 10:00:00+05:30,6.2275,56.695,34.9475
2025-05-17 11:00:00+05:30,6.273333333333333,61.02,35.942499999999995
2025-05-17 12:00:00+05:30,6.46,66.62,35.56
2025-05-17 13:00:00+05:30,6.42,63.644999999999996,36.08
2025-05-17 14:00:00+05:30,6.5425,65.245,35.245
2025-05-17 15:00:00+05:30,6.595,71.995,36.09
2025-05-17 16:00:00+05:30,6.57,76.52000000000001,37.445
2025-05-17 17:00:00+05:30,6.575,75.42500000000001,37.72
2025-05-17 18:00:00+05:30,6.545,76.39,37.8475
2025-05-17 19:00:00+05:30,6.52,78.745,39.07
2025-05-17 20:00:00+05:30,6.7375,82.52000000000001,39.927499999999995
2025-05-17 21:00:00+05:30,6.72,74.62,38.3875
2025-05-17 22:00:00+05:30,6.59,72.62,40.97
2025-05-17 23:00:00+05:30,6.645,79.39750000000001,41.3825
2025-05-18 00:00:00+05:30,6.9,72.62,39.12
2025-05-18 01:00:00+05:30,6.706666666666666,75.07,40.0775
2025-05-18 02:00:00+05:30,6.8075,81.6275,42.12
2025-05-18 03:00:00+05:30,6.8175,75.8425,42.1825
2025-05-18 04:00:00+05:30,6.775,69.53750000000001,40.75
2025-05-18 05:00:00+05:30,6.7475,68.1975,39.03
2025-05-18 06:00:00+05:30,6.6425,64.3075,41.9675
2025-05-18 07:00:00+05:30,6.74,67.01,38.99
2025-05-18 08:00:00+05:30,6.835,65.92500000000001,36.2475
2025-05-18 09:00:00+05:30,6.995,66.89500000000001,37.0225
2025-05-18 10:00:00+05:30,6.8925,71.795,37.555
2025-05-18 11:00:00+05:30,7.055,71.35000000000001,36.445
2025-05-18 12:00:00+05:30,7.0,73.66250000000001,37.1625
2025-05-18 13:00:00+05:30,6.880000000000001,74.12,37.8675
2025-05-18 14:00:00+05:30,6.99,72.055,37.445
2025-05-18 15:00:00+05:30,6.9075,74.9325,37.9075
2025-05-18 16:00:00+05:30,6.8225,73.92500000000001,38.2575
2025-05-18 17:00:00+05:30,7.0225,76.1525,38.37
2025-05-18 18:00:00+05:30,7.1175,85.0875,39.6725
2025-05-18 19:00:00+05:30,6.78,80.28750000000001,40.942499999999995
2025-05-18 20:00:00+05:30,6.965,77.85000000000001,40.1825
2025-05-18 21:00:00+05:30,6.995,80.16250000000001,40.76
2025-05-18 22:00:00+05:30,7.1325,79.77250000000001,42.16
2025-05-18 23:00:00+05:30,6.7975,75.39750000000001,42.9325
2025-05-19 00:00:00+05:30,6.85,75.62,45.12
2025-05-19 01:00:00+05:30,6.9575,72.2425,44.995
2025-05-19 02:00:00+05:30,6.9399999999999995,69.93,43.905
2025-05-19 03:00:00+05:30,6.913333333333334,70.12,42.3075
2025-05-19 04:00:00+05:30,6.9725,70.965,42.7825
2025-05-19 05:00:00+05:30,6.9174999999999995,69.8525,41.35
2025-05-19 06:00:00+05:30,7.02,69.2,39.925
2025-05-19 07:00:00+05:30,7.01,72.075,43.88
2025-05-19 08:00:00+05:30,7.0375,78.53,42.792500000000004
2025-05-19 09:00:00+05:30,7.0425,72.4425,41.515
2025-05-19 10:00:00+05:30,6.8774999999999995,77.03,39.1325
2025-05-19 11:00:00+05:30,7.1825,85.2975,38.91
2025-05-19 12:00:00+05:30,7.28,86.12,39.32
2025-05-19 13:00:00+05:30,7.01,82.7425,39.5075
2025-05-19 14:00:00+05:30,7.095,77.47500000000001,39.480000000000004
2025-05-19 15:00:00+05:30,7.086666666666666,78.67,38.71
2025-05-19 16:00:00+05:30,7.17,80.12,40.12
2025-05-19 17:00:00+05:30,7.03,108.73750000000001,41.0625
2025-05-19 18:00:00+05:30,6.8675,92.165,42.7425
2025-05-19 19:00:00+05:30,6.827500000000001,80.9425,43.1875
2025-05-19 20:00:00+05:30,7.0024999999999995,77.515,45.8575
2025-05-19 21:00:00+05:30,6.97,79.6525,45.72
2025-05-19 22:00:00+05:30,6.984999999999999,79.7,44.8975
2025-05-19 23:00:00+05:30,6.926666666666667,75.28,43.12
2025-05-20 00:00:00+05:30,7.17,72.12,42.92
2025-05-20 01:00:00+05:30,7.0024999999999995,70.43,42.4125
2025-05-20 02:00:00+05:30,7.205,72.64,42.325
2025-05-20 03:00:00+05:30,6.935,70.6025,43.955
2025-05-20 04:00:00+05:30,7.126666666666666,74.62,43.535
2025-05-20 05:00:00+05:30,6.9825,70.83250000000001,44.6875
2025-05-20 06:00:00+05:30,7.015000000000001,70.12,43.2575
2025-05-20 07:00:00+05:30,6.91,74.3275,42.87
2025-05-20 08:00:00+05:30,6.9350000000000005,73.015,43.325
2025-05-20 09:00:00+05:30,7.1625000000000005,73.4625,44.515
2025-05-20 10:00:00+05:30,6.96,78.25,43.135
2025-05-20 11:00:00+05:30,6.8725000000000005,82.47500000000001,43.1
2025-05-20 12:00:00+05:30,7.1675,85.6375,40.25
2025-05-20 13:00:00+05:30,7.0275,82.33250000000001,41.275
2025-05-20 14:00:00+05:30,6.96,72.62,38.32
2025-05-20 15:00:00+05:30,7.06,76.685,38.303333333333335
2025-05-20 16:00:00+05:30,6.73,75.12,45.92
2025-05-20 17:00:00+05:30,6.96,78.065,45.355000000000004
2025-05-20 18:00:00+05:30,7.055,81.98750000000001,44.3075
2025-05-20 19:00:00+05:30,6.846666666666667,83.40666666666668,44.0875
2025-05-22 11:00:00+05:30,6.753333333333333,73.12,37.63666666666666
2025-05-22 12:00:00+05:30,6.8225,73.955,37.5825
2025-05-22 13:00:00+05:30,6.8375,74.12,37.72
2025-05-22 14:00:00+05:30,6.71,64.08749999999999,37.4025
2025-05-22 15:00:00+05:30,7.016666666666666,67.17666666666668,36.88999999999999
2025-05-22 16:00:00+05:30,6.57,77.12,42.12
2025-05-22 17:00:00+05:30,6.7425,72.12,43.4375
2025-05-22 18:00:00+05:30,6.625,71.53750000000001,46.7
2025-05-22 19:00:00+05:30,6.743333333333333,73.96333333333334,47.076666666666675
2025-05-22 20:00:00+05:30,6.67,74.62,46.12
2025-05-22 21:00:00+05:30,6.74,69.6025,45.239999999999995
2025-05-22 22:00:00+05:30,6.7425,62.37,40.66
2025-05-22 23:00:00+05:30,6.33,59.037499999999994,36.2375
2025-05-23 00:00:00+05:30,6.63,61.12,39.52
2025-05-23 01:00:00+05:30,6.6875,77.78750000000001,39.0175
2025-05-23 02:00:00+05:30,6.486666666666667,78.01,38.807500000000005
2025-05-23 03:00:00+05:30,6.6025,97.12,40.72
2025-05-23 04:00:00+05:30,6.6275,68.3125,39.39
2025-05-23 05:00:00+05:30,6.6325,64.1275,38.09
2025-05-23 06:00:00+05:30,6.7425,86.28750000000001,42.400000000000006
2025-05-23 07:00:00+05:30,6.6575,90.62,43.1175
2025-05-23 08:00:00+05:30,6.7825,85.6375,41.775000000000006
2025-05-23 09:00:00+05:30,6.4825,109.53750000000001,44.962500000000006
2025-05-23 10:00:00+05:30,6.6375,101.7475,46.045
2025-05-23 11:00:00+05:30,6.823333333333333,106.89666666666666,45.879999999999995
2025-05-23 12:00:00+05:30,6.73,77.62,38.52
2025-05-23 13:00:00+05:30,6.67,78.4525,38.8975
2025-05-23 14:00:00+05:30,6.7725,82.3575,39.97
2025-05-23 15:00:00+05:30,6.623333333333334,75.62,40.08
2025-05-23 16:00:00+05:30,6.81,86.62,38.32
2025-05-23 17:00:00+05:30,6.4575000000000005,84.1275,37.44
2025-05-23 18:00:00+05:30,6.442500000000001,74.9,36.837500000000006
2025-05-23 19:00:00+05:30,6.87,88.91333333333334,40.41
2025-05-23 20:00:00+05:30,6.55,101.12,45.12
2025-05-23 21:00:00+05:30,6.505,106.935,46.0625
2025-05-23 22:00:00+05:30,6.7175,127.28750000000001,47.555
2025-05-23 23:00:00+05:30,6.64,118.66250000000001,46.07
2025-05-24 00:00:00+05:30,6.32,98.12,45.12
2025-05-24 01:00:00+05:30,6.57,121.79,46.1875
2025-05-24 02:00:00+05:30,6.4425,120.805,47.5775
2025-05-24 03:00:00+05:30,6.6775,100.9325,44.7675
2025-05-24 04:00:00+05:30,6.5675,100.8575,43.685
2025-05-24 05:00:00+05:30,6.5875,104.11250000000001,44.480000000000004
2025-05-24 06:00:00+05:30,6.763333333333333,102.68333333333334,45.7175
2025-05-24 07:00:00+05:30,6.58,106.62,49.265
2025-05-24 08:00:00+05:30,6.6625,99.14500000000001,45.0625
2025-05-24 09:00:00+05:30,6.5375,92.24000000000001,41.795
2025-05-24 10:00:00+05:30,6.3725,83.62,40.8925
2025-05-24 11:00:00+05:30,6.74,92.4675,39.8925
2025-05-24 12:00:00+05:30,6.5825,92.5425,40.9075
2025-05-24 13:00:00+05:30,6.7,83.42750000000001,40.6225
2025-05-24 14:00:00+05:30,6.6875,77.0675,39.4975
2025-05-24 15:00:00+05:30,6.4775,92.2625,40.005
2025-05-24 16:00:00+05:30,6.426666666666667,94.30000000000001,39.885
2025-05-24 17:00:00+05:30,6.6225000000000005,77.4775,40.6125
2025-05-24 18:00:00+05:30,6.33,78.6725,39.3325
2025-05-24 19:00:00+05:30,6.495,78.3775,39.485
2025-05-24 20:00:00+05:30,6.3975,83.5,39.5275
2025-05-24 21:00:00+05:30,6.5925,83.7925,37.8625
2025-05-24 22:00:00+05:30,6.577500000000001,93.1075,39.92
2025-05-24 23:00:00+05:30,6.365,85.60000000000001,39.11
2025-05-25 00:00:00+05:30,6.64,66.62,38.12
2025-05-25 01:00:00+05:30,6.5375,67.035,37.9325
2025-05-25 02:00:00+05:30,6.4675,67.9475,37.52
2025-05-25 03:00:00+05:30,6.3725000000000005,62.324999999999996,37.4575
2025-05-25 04:00:00+05:30,6.53,61.50666666666666,37.1325
2025-05-25 05:00:00+05:30,6.359999999999999,57.894999999999996,37.035
2025-05-25 06:00:00+05:30,6.7925,57.5325,37.2175
2025-05-25 07:00:00+05:30,6.5,58.035,36.3075
2025-05-25 08:00:00+05:30,6.413333333333334,55.423333333333325,36.303333333333335
2025-05-25 09:00:00+05:30,6.3999999999999995,55.776666666666664,36.1
2025-05-25 10:00:00+05:30,6.376666666666666,60.72,37.17
2025-05-25 11:00:00+05:30,6.415,61.12,37.405
2025-05-25 12:00:00+05:30,6.5825,63.19,36.72
2025-05-25 13:00:00+05:30,6.49,64.8575,36.5325
2025-05-25 14:00:00+05:30,6.4025,67.19,36.4975
2025-05-25 15:00:00+05:30,6.7125,69.27000000000001,37.07
2025-05-25 16:00:00+05:30,,,36.50333333333334
2025-05-25 17:00:00+05:30,6.745,76.47,36.32
2025-05-26 18:00:00+05:30,6.51,84.62,36.62
2025-05-26 19:00:00+05:30,6.18,91.71000000000001,36.82
2025-05-26 20:00:00+05:30,6.28,93.82,36.72
2025-05-26 21:00:00+05:30,6.293333333333333,94.12,37.045
2025-05-26 22:00:00+05:30,6.366666666666667,90.62,37.57
2025-05-26 23:00:00+05:30,6.140000000000001,80.7525,37.995
2025-05-27 00:00:00+05:30,6.42,60.62,34.92
2025-05-27 01:00:00+05:30,6.2524999999999995,88.98750000000001,35.3625
2025-05-27 02:00:00+05:30,6.255,88.5425,36.07
2025-05-27 03:00:00+05:30,6.260000000000001,68.04666666666667,35.416666666666664
2025-05-27 04:00:00+05:30,6.3774999999999995,50.1575,33.942499999999995
2025-05-27 05:00:00+05:30,6.205,48.03,33.685
2025-05-27 06:00:00+05:30,6.3875,53.4475,35.17
2025-05-27 07:00:00+05:30,6.39,54.62,35.9725
2025-05-27 08:00:00+05:30,6.1875,59.537499999999994,36.5825
2025-05-27 09:00:00+05:30,6.34,61.03,36.6575
2025-05-27 10:00:00+05:30,,,36.9575
2025-05-27 11:00:00+05:30,6.3,68.62,38.3025
2025-05-27 14:00:00+05:30,6.273333333333333,61.423333333333325,36.483333333333334
2025-05-27 15:00:00+05:30,6.405,54.12,35.695
2025-05-27 16:00:00+05:30,6.37,62.725,36.235
2025-05-27 17:00:00+05:30,6.4125,65.03,36.605000000000004
2025-05-27 18:00:00+05:30,6.1175,62.2525,36.17
2025-05-27 19:00:00+05:30,6.1675,61.62,36.4025
2025-05-27 20:00:00+05:30,6.3125,61.209999999999994,36.535
2025-05-27 21:00:00+05:30,6.28,63.5775,38.005
2025-05-27 22:00:00+05:30,6.145,64.53,37.76
2025-05-27 23:00:00+05:30,6.28,94.94,39.975
2025-05-28 00:00:00+05:30,6.16,100.62,39.32
2025-05-28 01:00:00+05:30,6.155,87.9175,39.445
2025-05-28 02:00:00+05:30,6.17,104.62,42.72
2025-05-28 03:00:00+05:30,6.1175,131.2525,43.41
2025-05-28 04:00:00+05:30,6.3025,124.8275,44.04
2025-05-28 05:00:00+05:30,6.1025,104.97,41.555
2025-05-28 15:00:00+05:30,6.29,66.02000000000001,35.32
2025-05-28 16:00:00+05:30,6.1850000000000005,54.4625,35.03
2025-05-28 17:00:00+05:30,6.1075,56.519999999999996,35.845
2025-05-28 18:00:00+05:30,6.345,61.7275,36.7425
2025-05-28 19:00:00+05:30,6.12,63.845000000000006,37.7475
2025-05-28 20:00:00+05:30,6.085,58.8125,36.9825
2025-05-28 21:00:00+05:30,6.4125,57.62,36.805
2025-05-28 22:00:00+05:30,6.253333333333334,75.12,36.81
2025-05-28 23:00:00+05:30,6.215,78.3875,38.57
2025-05-29 00:00:00+05:30,5.95,71.12,39.32
2025-05-29 01:00:00+05:30,6.0875,72.7525,38.5675
2025-05-29 02:00:00+05:30,6.390000000000001,70.2625,37.235
2025-05-29 03:00:00+05:30,6.1525,75.745,38.6725
2025-05-29 04:00:00+05:30,6.0325,76.30250000000001,39.44
2025-05-29 05:00:00+05:30,6.0975,81.02000000000001,38.21
2025-05-29 06:00:00+05:30,6.3975,94.3275,39.72
2025-05-29 07:00:00+05:30,6.2225,102.8175,39.97
2025-05-29 08:00:00+05:30,6.3225,106.9775,40.5825
2025-05-29 09:00:00+05:30,6.3875,97.8525,40.3475
2025-05-29 10:00:00+05:30,6.4325,95.62,38.8925
2025-05-29 11:00:00+05:30,6.423333333333333,92.61333333333334,37.27
2025-05-29 12:00:00+05:30,6.21,87.95750000000001,36.72
2025-05-29 13:00:00+05:30,6.366666666666667,86.12,37.13999999999999
2025-05-29 14:00:00+05:30,6.3825,84.9,37.72
2025-05-29 15:00:00+05:30,6.31,87.8875,37.845
2025-05-29 16:00:00+05:30,6.484999999999999,91.0625,38.245
2025-05-29 17:00:00+05:30,6.3925,94.875,38.085
2025-05-29 18:00:00+05:30,6.3225,98.875,37.4925
2025-05-29 19:00:00+05:30,6.5625,108.5725,37.94
2025-05-29 20:00:00+05:30,6.21,103.86000000000001,36.9325
2025-05-29 21:00:00+05:30,6.2925,96.73750000000001,36.395
2025-05-29 22:00:00+05:30,6.4175,96.84,36.6275
2025-05-29 23:00:00+05:30,6.2325,99.5625,37.5325
2025-05-30 00:00:00+05:30,6.13,88.62,36.72
2025-05-30 01:00:00+05:30,6.485,84.95750000000001,36.9075
2025-05-30 02:00:00+05:30,6.22,85.34,37.1325
2025-05-30 03:00:00+05:30,6.2675,92.11,36.7825
2025-05-30 04:00:00+05:30,6.0875,91.9925,37.045
2025-05-30 05:00:00+05:30,6.2575,90.4,36.9475
2025-05-30 06:00:00+05:30,6.255,99.0425,36.4975
2025-05-30 07:00:00+05:30,6.3125,105.17500000000001,37.4475
2025-05-30 08:00:00+05:30,6.2575,106.12,37.72
2025-05-30 09:00:00+05:30,6.13,105.31,38.2175
2025-05-30 10:00:00+05:30,6.276666666666666,104.12,38.942499999999995
2025-05-30 11:00:00+05:30,6.1925,113.48,38.1825
2025-05-30 12:00:00+05:30,6.2125,113.1875,38.2575
2025-05-30 13:00:00+05:30,6.2625,117.08,37.995
2025-05-30 14:00:00+05:30,6.407500000000001,112.4425,37.845
2025-05-30 15:00:00+05:30,6.4325,101.3875,38.0575
2025-05-30 16:00:00+05:30,6.325,93.03750000000001,37.7325
2025-05-30 17:00:00+05:30,6.3125,92.025,37.5075
2025-05-30 18:00:00+05:30,6.245,89.6875,37.8575
2025-05-30 19:00:00+05:30,6.3950000000000005,89.93,37.3425
2025-05-30 20:00:00+05:30,6.293333333333333,91.36500000000001,36.7075
2025-05-30 21:00:00+05:30,6.32,94.95,36.995
2025-05-30 22:00:00+05:30,6.28,98.05250000000001,37.41
2025-05-30 23:00:00+05:30,6.32,94.13,38.76666666666667
2025-05-31 00:00:00+05:30,6.37,88.62,38.12
2025-05-31 01:00:00+05:30,6.3133333333333335,89.86500000000001,38.12
2025-05-31 02:00:00+05:30,6.3,84.62,37.4925
2025-05-31 03:00:00+05:30,6.1899999999999995,82.9975,36.4375
2025-05-31 04:00:00+05:30,6.335,79.79,36.87
2025-05-31 05:00:00+05:30,6.245,77.5025,36.32
2025-05-31 06:00:00+05:30,6.21,79.55250000000001,36.9475
2025-05-31 07:00:00+05:30,6.01,82.545,38.1325
2025-05-31 08:00:00+05:30,6.2025,87.16250000000001,37.72
2025-05-31 09:00:00+05:30,6.2675,88.12,37.6575
2025-05-31 10:00:00+05:30,6.3875,88.93,37.21
2025-05-31 11:00:00+05:30,6.0625,88.3125,36.7075
2025-05-31 12:00:00+05:30,6.2575,87.3125,37.0575
2025-05-31 13:00:00+05:30,6.1575,87.93,36.795
2025-05-31 14:00:00+05:30,6.483333333333333,86.49,36.5825
2025-05-31 15:00:00+05:30,6.285,81.92750000000001,36.47
2025-05-31 16:00:00+05:30,6.335,78.8875,36.17
2025-05-31 17:00:00+05:30,6.3025,81.3425,36.9075
2025-05-31 18:00:00+05:30,6.265,82.92750000000001,37.1925
2025-05-31 19:00:00+05:30,6.2124999999999995,85.94,37.355000000000004
2025-05-31 20:00:00+05:30,6.22,82.9825,37.755
2025-05-31 21:00:00+05:30,6.2275,78.8875,36.52
2025-05-31 22:00:00+05:30,6.3575,82.97,36.52
2025-05-31 23:00:00+05:30,6.155,79.28750000000001,36.835
2025-06-01 00:00:00+05:30,6.27,76.12,36.52
2025-06-01 01:00:00+05:30,6.3225,76.92500000000001,35.955
2025-06-01 02:00:00+05:30,6.2125,76.3125,35.3475
2025-06-01 03:00:00+05:30,6.296666666666667,78.61,36.72
2025-06-01 04:00:00+05:30,6.22,78.10000000000001,36.7825
2025-06-01 05:00:00+05:30,6.055,67.92,36.36
2025-06-01 07:00:00+05:30,5.83,75.12,35.32
2025-06-01 08:00:00+05:30,6.0825,73.51,35.697500000000005
2025-06-01 09:00:00+05:30,6.047499999999999,67.0775,36.27
2025-06-01 10:00:00+05:30,6.1375,70.05000000000001,36.16
2025-06-01 11:00:00+05:30,6.2425,70.315,37.4975
2025-06-01 12:00:00+05:30,6.1425,74.9525,37.94
2025-06-01 13:00:00+05:30,6.2625,72.0925,36.6225
2025-06-01 14:00:00+05:30,6.36,69.51,35.7075
2025-06-01 15:00:00+05:30,6.5875,67.91250000000001,36.245
2025-06-01 16:00:00+05:30,6.3525,70.8575,36.77
2025-06-01 17:00:00+05:30,6.026666666666667,69.76666666666667,36.88
2025-06-01 18:00:00+05:30,6.263333333333333,68.62,36.00333333333333
2025-06-01 19:00:00+05:30,6.1975,73.05000000000001,36.1825
2025-06-01 20:00:00+05:30,6.21,79.74000000000001,36.445
2025-06-01 21:00:00+05:30,6.2425,81.52250000000001,36.72
2025-06-01 22:00:00+05:30,6.233333333333333,81.99000000000001,36.6575
2025-06-01 23:00:00+05:30,6.1,73.66250000000001,36.645
2025-06-02 00:00:00+05:30,6.21,67.12,35.72
2025-06-02 01:00:00+05:30,5.9975,68.72500000000001,36.035
2025-06-02 02:00:00+05:30,6.19,61.62,36.12
2025-06-02 03:00:00+05:30,6.24,65.2325,36.1825
2025-06-02 04:00:00+05:30,6.33,68.1275,36.1325
2025-06-02 05:00:00+05:30,6.375,65.285,35.72
2025-06-02 06:00:00+05:30,6.3125,63.12,36.035
2025-06-02 07:00:00+05:30,6.305,63.12,37.0975
2025-06-02 08:00:00+05:30,6.18,63.62,37.12
2025-06-02 09:00:00+05:30,6.1175,66.0275,37.1825
2025-06-02 10:00:00+05:30,5.99,72.62,37.32
2025-06-02 11:00:00+05:30,6.1425,75.02000000000001,37.1325
2025-06-02 12:00:00+05:30,6.133333333333333,84.88000000000001,36.77
2025-06-02 13:00:00+05:30,6.1899999999999995,86.915,37.129999999999995
2025-06-02 14:00:00+05:30,6.2124999999999995,89.0275,37.2275
2025-06-02 15:00:00+05:30,6.2375,86.00750000000001,37.942499999999995
2025-06-02 16:00:00+05:30,6.24,67.46,36.995
2025-06-02 17:00:00+05:30,6.2175,81.985,36.72
2025-06-02 18:00:00+05:30,6.27,80.1975,36.97
2025-06-02 19:00:00+05:30,6.256666666666667,83.04333333333334,37.52
2025-06-02 20:00:00+05:30,6.245,79.62,37.52
2025-06-02 21:00:00+05:30,6.125,85.24000000000001,37.7075
2025-06-02 22:00:00+05:30,6.3725,87.825,38.245
2025-06-02 23:00:00+05:30,6.2075,88.92,38.085
2025-06-03 00:00:00+05:30,6.05,84.62,36.92
2025-06-03 01:00:00+05:30,6.1325,85.02000000000001,36.605000000000004
2025-06-03 02:00:00+05:30,6.26,87.62,36.32
2025-06-03 03:00:00+05:30,6.3025,86.8175,36.32
2025-06-03 13:00:00+05:30,6.5566666666666675,81.12,37.17
2025-06-03 14:00:00+05:30,6.09,77.62,37.32
2025-06-03 15:00:00+05:30,6.1775,78.82000000000001,37.1325
2025-06-03 20:00:00+05:30,6.34,85.12,36.92
2025-06-03 21:00:00+05:30,6.035,77.92,36.8575
2025-06-03 22:00:00+05:30,6.0375000000000005,74.92,37.28
2025-06-03 23:00:00+05:30,6.1925,83.42,38.0175
2025-06-04 00:00:00+05:30,6.28,87.12,37.92
2025-06-04 01:00:00+05:30,6.015000000000001,86.32000000000001,37.485
2025-06-04 02:00:00+05:30,6.2425,79.32000000000001,36.4575
2025-06-04 03:00:00+05:30,6.1475,73.62,36.445
2025-06-04 04:00:00+05:30,6.34,69.43,36.845
2025-06-04 05:00:00+05:30,6.1425,55.419999999999995,36.4925
2025-06-04 06:00:00+05:30,6.023333333333333,51.75333333333333,35.56
2025-06-04 07:00:00+05:30,6.1225,56.62,36.7075
2025-06-04 08:00:00+05:30,6.085,58.22,37.3075
2025-06-04 09:00:00+05:30,6.2675,55.83,37.47
2025-06-04 10:00:00+05:30,6.225,57.1125,36.7325
2025-06-04 11:00:00+05:30,6.1625,60.4075,36.2575
2025-06-04 12:00:00+05:30,6.1325,58.33,36.12
2025-06-04 13:00:00+05:30,6.16,66.39,36.37
2025-06-04 14:00:00+05:30,5.9925,60.6475,37.045
2025-06-04 15:00:00+05:30,6.1075,56.2375,37.07
2025-06-04 16:00:00+05:30,6.075,54.425,36.5825
2025-06-04 17:00:00+05:30,6.1975,58.105,36.2175
2025-06-04 18:00:00+05:30,6.0424999999999995,59.915,35.435
2025-06-04 19:00:00+05:30,6.4075,63.31,37.0625
2025-06-04 20:00:00+05:30,6.31,68.535,39.43
2025-06-04 21:00:00+05:30,6.1125,70.42,39.7475
2025-06-04 22:00:00+05:30,6.035,89.6525,40.9925
2025-06-04 23:00:00+05:30,6.2075,115.7325,44.650000000000006
2025-06-05 00:00:00+05:30,6.37,90.12,40.12
2025-06-05 01:00:00+05:30,6.1025,86.93,40.245
2025-06-05 02:00:00+05:30,6.1775,94.89,40.0175
2025-06-05 03:00:00+05:30,6.0600000000000005,80.4375,38.795
2025-06-05 04:00:00+05:30,6.1225000000000005,82.0775,38.645
2025-06-05 05:00:00+05:30,6.22,85.605,38.92
2025-06-05 06:00:00+05:30,6.3425,80.56,38.7325
2025-06-05 07:00:00+05:30,6.2700000000000005,86.38,38.9475
2025-06-05 08:00:00+05:30,6.203333333333333,89.62,39.88
2025-06-05 09:00:00+05:30,5.9925,88.825,39.542500000000004
2025-06-05 10:00:00+05:30,6.095,96.9325,40.8575
2025-06-05 11:00:00+05:30,6.2475000000000005,97.135,40.155
2025-06-05 12:00:00+05:30,6.125,96.2225,38.605000000000004
2025-06-05 13:00:00+05:30,5.925,88.1875,37.795
2025-06-05 14:00:00+05:30,6.115,84.53,37.7075
2025-06-05 15:00:00+05:30,6.3125,87.2975,38.1825
2025-06-05 16:00:00+05:30,6.276666666666666,93.17666666666668,38.52
2025-06-05 17:00:00+05:30,5.984999999999999,93.14,39.2975
2025-06-05 18:00:00+05:30,6.16,99.12,38.92
2025-06-05 19:00:00+05:30,6.315,91.97,39.2975
2025-06-05 20:00:00+05:30,6.296666666666667,92.64666666666666,40.4975
2025-06-05 21:00:00+05:30,5.96,102.36,42.0175
2025-06-05 22:00:00+05:30,6.1,103.42750000000001,43.8925
2025-06-05 23:00:00+05:30,6.1775,101.92750000000001,43.5375
2025-06-06 00:00:00+05:30,6.08,102.12,40.72
2025-06-06 01:00:00+05:30,6.345,98.5575,40.97
2025-06-06 02:00:00+05:30,6.0275,104.745,41.8975
2025-06-06 03:00:00+05:30,6.255,110.5775,42.845
2025-06-06 04:00:00+05:30,6.13,108.4525,42.31
2025-06-06 05:00:00+05:30,6.0225,95.745,40.33
2025-06-06 06:00:00+05:30,6.2524999999999995,103.3075,41.2275
2025-06-06 07:00:00+05:30,6.172499999999999,119.2275,43.435
2025-06-06 08:00:00+05:30,5.8675,90.16250000000001,40.49
2025-06-06 09:00:00+05:30,6.1375,70.53750000000001,37.5075
2025-06-06 10:00:00+05:30,6.216666666666666,63.62,37.92
2025-06-06 11:00:00+05:30,6.3225,69.5575,37.7325
2025-06-06 12:00:00+05:30,6.0975,69.9325,37.32
2025-06-06 13:00:00+05:30,5.9925,76.35000000000001,37.1325
2025-06-06 14:00:00+05:30,6.195,78.91250000000001,36.34
2025-06-06 15:00:00+05:30,6.1675,72.81,36.2725
2025-06-06 16:00:00+05:30,6.33,71.12,37.167500000000004
2025-06-06 17:00:00+05:30,6.115,68.35000000000001,35.7075
2025-06-06 18:00:00+05:30,6.4175,77.0875,36.245
2025-06-06 19:00:00+05:30,6.215,78.4325,36.52
2025-06-06 20:00:00+05:30,6.15,79.6975,36.8325
2025-06-06 21:00:00+05:30,6.27,78.14,37.77
2025-06-06 22:00:00+05:30,6.1499999999999995,79.08000000000001,37.817499999999995
2025-06-06 23:00:00+05:30,6.04,75.62,36.595
2025-06-07 00:00:00+05:30,6.03,81.62,37.52
2025-06-07 01:00:00+05:30,6.145,90.2975,36.705
2025-06-07 02:00:00+05:30,6.1025,79.16250000000001,35.417500000000004
2025-06-07 03:00:00+05:30,6.14,75.62,36.52
2025-06-07 04:00:00+05:30,6.21,73.64,36.27
2025-06-07 05:00:00+05:30,6.1775,72.3275,36.84
2025-06-07 06:00:00+05:30,6.0825,68.965,38.817499999999995
2025-06-07 07:00:00+05:30,6.1875,68.515,36.7875
2025-06-07 08:00:00+05:30,6.026666666666666,55.62,35.473333333333336
2025-06-07 09:00:00+05:30,6.155,58.775,36.4575
2025-06-07 10:00:00+05:30,6.18,57.655,36.3825
2025-06-07 11:00:00+05:30,6.175,58.302499999999995,36.645
2025-06-07 12:00:00+05:30,6.206666666666667,58.905,36.542500000000004
2025-06-07 13:00:00+05:30,6.1525,63.050000000000004,35.6575
2025-06-07 14:00:00+05:30,6.2325,60.57,35.395
2025-06-07 15:00:00+05:30,6.0625,50.18,35.3075
2025-06-07 16:00:00+05:30,6.2525,52.3375,35.845
2025-06-07 17:00:00+05:30,6.3100000000000005,56.765,36.12
2025-06-07 18:00:00+05:30,6.2975,55.655,36.1825
2025-06-07 19:00:00+05:30,6.24,57.4875,36.6925
2025-06-07 20:00:00+05:30,6.0425,64.0375,37.77
2025-06-07 21:00:00+05:30,6.0375,66.80000000000001,38.57
2025-06-07 22:00:00+05:30,6.16,69.08500000000001,39.4925
2025-06-07 23:00:00+05:30,6.1775,74.3525,41.067499999999995
2025-06-09 12:00:00+05:30,6.105,81.62,230.12
2025-06-09 13:00:00+05:30,6.1075,82.0125,230.12
2025-06-09 14:00:00+05:30,7.23,85.12,146.89000000000001
2025-06-09 15:00:00+05:30,6.725,78.07000000000001,36.730000000000004
2025-06-09 16:00:00+05:30,6.4575,81.19,38.645
2025-06-09 17:00:00+05:30,6.4975000000000005,83.79,38.67
2025-06-09 18:00:00+05:30,6.215,87.63250000000001,38.4925
2025-06-09 19:00:00+05:30,6.1066666666666665,86.935,38.45
2025-06-09 20:00:00+05:30,6.135,84.06,37.2675
2025-06-09 21:00:00+05:30,6.265,86.3525,38.4225
2025-06-09 22:00:00+05:30,6.3149999999999995,82.4375,37.9425
2025-06-09 23:00:00+05:30,6.13,76.8275,38.755
2025-06-10 00:00:00+05:30,6.18,77.62,36.72
2025-06-10 01:00:00+05:30,6.34,72.92,36.9075
2025-06-10 02:00:00+05:30,6.26,72.79,36.8225
2025-06-10 03:00:00+05:30,6.1825,72.3375,35.97
2025-06-10 04:00:00+05:30,6.28,70.94500000000001,36.5825
2025-06-10 05:00:00+05:30,6.1875,76.08,36.97
2025-06-10 06:00:00+05:30,5.93,70.12,36.12
2025-06-10 07:00:00+05:30,6.105,69.34,36.4925
2025-06-10 08:00:00+05:30,6.1933333333333325,69.96000000000001,37.2575
2025-06-10 09:00:00+05:30,6.2675,69.62,36.56
2025-06-10 10:00:00+05:30,6.21,71.9625,35.3825
2025-06-10 11:00:00+05:30,6.4425,74.565,35.8975
2025-06-10 12:00:00+05:30,6.2325,68.89750000000001,37.0925
2025-06-10 13:00:00+05:30,6.2425,67.9,36.980000000000004
2025-06-10 14:00:00+05:30,6.3525,63.0475,35.485
2025-06-10 15:00:00+05:30,6.4075,62.01,36.595
2025-06-10 16:00:00+05:30,6.1925,62.12,36.32
2025-06-10 17:00:00+05:30,6.305,63.52,36.22
2025-06-10 18:00:00+05:30,6.49,65.62,36.12
2025-06-10 19:00:00+05:30,6.33,66.01,35.7425
2025-06-10 20:00:00+05:30,6.510000000000001,69.62,35.417500000000004
2025-06-10 21:00:00+05:30,6.1875,68.84,36.52
2025-06-10 22:00:00+05:30,6.21,67.4525,36.4575
2025-06-10 23:00:00+05:30,6.3925,66.73,36.1975
2025-06-11 00:00:00+05:30,6.33,61.12,35.12
2025-06-11 01:00:00+05:30,6.2225,61.897499999999994,35.1825
2025-06-11 02:00:00+05:30,6.2225,61.339999999999996,35.3825
2025-06-11 03:00:00+05:30,6.395,59.02,35.5825
2025-06-11 04:00:00+05:30,6.18,62.01,36.03
2025-06-11 05:00:00+05:30,5.895,62.12,36.72
2025-06-11 06:00:00+05:30,6.2225,59.787499999999994,36.7825
2025-06-11 07:00:00+05:30,6.1375,61.445,36.485
2025-06-11 08:00:00+05:30,6.176666666666667,60.02,35.60333333333333
2025-06-11 09:00:00+05:30,6.2075,61.0575,35.9075
2025-06-11 10:00:00+05:30,6.34,63.565000000000005,36.2575
2025-06-11 11:00:00+05:30,6.2524999999999995,68.38250000000001,35.6225
2025-06-11 12:00:00+05:30,6.2125,65.73,34.4575
2025-06-11 13:00:00+05:30,6.226666666666667,63.916666666666664,34.32
2025-06-11 14:00:00+05:30,6.14,59.12,35.12
2025-06-11 15:00:00+05:30,6.42,61.4525,35.4925
2025-06-11 16:00:00+05:30,6.25,61.345,35.9475
2025-06-11 17:00:00+05:30,6.2275,63.4525,34.995
2025-06-11 18:00:00+05:30,6.2925,62.57,34.6575
2025-06-11 19:00:00+05:30,6.265,65.23,34.5825
2025-06-11 20:00:00+05:30,6.5875,62.6325,34.9075
2025-06-11 21:00:00+05:30,6.1925,60.845,35.5075
2025-06-11 22:00:00+05:30,6.2275,62.945,35.9825
2025-06-11 23:00:00+05:30,6.21,60.519999999999996,35.9325
2025-06-12 00:00:00+05:30,6.45,65.12,35.32
2025-06-12 01:00:00+05:30,6.145,61.6325,35.1325
2025-06-12 02:00:00+05:30,6.1025,57.527499999999996,34.595
2025-06-12 03:00:00+05:30,6.3,59.419999999999995,34.6925
2025-06-12 04:00:00+05:30,6.2725,55.195,35.205
2025-06-12 05:00:00+05:30,6.215,55.945,34.77
2025-06-12 06:00:00+05:30,6.4475,57.78,35.1325
2025-06-12 07:00:00+05:30,6.305,58.12,34.72
2025-06-12 08:00:00+05:30,6.4375,65.095,34.9075
2025-06-12 09:00:00+05:30,6.12,58.595,35.9375
2025-06-12 10:00:00+05:30,6.0725,64.2275,37.2575
2025-06-12 11:00:00+05:30,6.355,64.3025,37.43
2025-06-12 12:00:00+05:30,6.28,66.33250000000001,37.4975
2025-06-12 13:00:00+05:30,6.2,64.4175,36.12
2025-06-12 14:00:00+05:30,6.196666666666666,63.62,36.03666666666667
2025-06-12 15:00:00+05:30,6.3875,64.39500000000001,36.1075
2025-06-12 16:00:00+05:30,6.275,67.61500000000001,36.27
2025-06-12 17:00:00+05:30,6.1475,68.575,35.595
2025-06-12 18:00:00+05:30,6.1825,69.665,35.6925
2025-06-12 19:00:00+05:30,6.3066666666666675,68.62,36.43666666666667
2025-06-12 20:00:00+05:30,6.3825,66.69,36.1325
2025-06-12 21:00:00+05:30,6.265000000000001,64.575,36.0925
2025-06-12 22:00:00+05:30,6.385,64.8925,36.4225
2025-06-12 23:00:00+05:30,6.244999999999999,66.62,35.72
2025-06-13 11:00:00+05:30,6.3,74.62,38.92
2025-06-13 12:00:00+05:30,6.48,71.15,39.17
2025-06-13 13:00:00+05:30,19.856666666666666,65.12,38.806666666666665
2025-06-13 14:00:00+05:30,17.8075,60.887499999999996,36.650000000000006
2025-06-13 15:00:00+05:30,15.829999999999998,59.235,34.9075
2025-06-13 16:00:00+05:30,18.885,64.1025,35.2575
2025-06-13 17:00:00+05:30,28.9925,64.08,35.37
2025-06-13 18:00:00+05:30,21.6125,61.32,35.7325
2025-06-13 19:00:00+05:30,20.482499999999998,63.3125,35.885
2025-06-13 20:00:00+05:30,12.776666666666666,70.35333333333334,36.87
2025-06-13 21:00:00+05:30,14.505,67.12,36.3825
2025-06-13 22:00:00+05:30,16.99,66.735,36.21
2025-06-13 23:00:00+05:30,11.435,67.39,35.7075
2025-06-14 00:00:00+05:30,9.87,80.12,35.12
2025-06-14 01:00:00+05:30,38.1575,68.1925,34.995
2025-06-14 02:00:00+05:30,50.185,55.42,34.845
2025-06-14 03:00:00+05:30,38.295,54.16,34.995
2025-06-14 04:00:00+05:30,25.543333333333333,53.23333333333333,34.63666666666666
2025-06-14 05:00:00+05:30,23.975,56.082499999999996,34.5825
2025-06-14 06:00:00+05:30,20.5775,54.8125,34.97
2025-06-14 07:00:00+05:30,17.81,57.9675,35.645
2025-06-14 08:00:00+05:30,17.5175,59.12,36.485
2025-06-14 09:00:00+05:30,13.27,67.12,37.7825
2025-06-14 10:00:00+05:30,15.1725,74.815,37.7325
2025-06-14 11:00:00+05:30,17.025,76.73750000000001,37.2575
2025-06-14 12:00:00+05:30,18.185,72.0025,37.0575
2025-06-14 13:00:00+05:30,20.5,68.7025,36.92
2025-06-14 14:00:00+05:30,21.65,70.80250000000001,36.92
2025-06-14 15:00:00+05:30,29.705000000000002,73.92,36.6075
2025-06-14 16:00:00+05:30,24.9725,76.53750000000001,40.88
2025-06-14 17:00:00+05:30,19.545,77.12,107.6175
2025-06-14 18:00:00+05:30,21.677500000000002,82.1025,230.12
2025-06-14 19:00:00+05:30,21.939999999999998,75.1875,230.12
2025-06-14 20:00:00+05:30,19.4125,69.9375,230.12
2025-06-14 21:00:00+05:30,16.3825,76.4025,230.12
2025-06-14 22:00:00+05:30,23.44,65.58749999999999,230.12
2025-06-14 23:00:00+05:30,12.143333333333333,58.42,230.12
2025-06-15 00:00:00+05:30,18.98,61.12,230.12
2025-06-15 01:00:00+05:30,20.7075,60.7375,230.12
2025-06-15 02:00:00+05:30,19.105,62.92,230.12
2025-06-15 03:00:00+05:30,15.145,63.2375,230.12
2025-06-15 04:00:00+05:30,17.2275,63.12,230.12
2025-06-15 05:00:00+05:30,20.9125,57.39,230.12
2025-06-15 06:00:00+05:30,30.09,54.0925,230.12
2025-06-15 07:00:00+05:30,25.455000000000002,52.474999999999994,230.12
2025-06-15 08:00:00+05:30,20.22,52.885,230.12
2025-06-15 09:00:00+05:30,26.8475,58.849999999999994,230.12
2025-06-15 10:00:00+05:30,19.33,57.1825,230.12
2025-06-15 11:00:00+05:30,18.7375,59.57,230.12
2025-06-15 12:00:00+05:30,26.520000000000003,59.0875,230.12
2025-06-15 13:00:00+05:30,31.41333333333333,64.16,230.12
2025-06-15 14:00:00+05:30,26.185000000000002,69.885,230.12
2025-06-15 15:00:00+05:30,14.6475,59.8075,230.12
2025-06-15 16:00:00+05:30,16.65,50.1275,230.12
2025-06-15 17:00:00+05:30,21.104999999999997,51.175,230.12
2025-06-15 18:00:00+05:30,13.86,48.12,230.12
2025-06-15 19:00:00+05:30,17.05,50.7925,230.12
2025-06-15 20:00:00+05:30,28.2825,50.474999999999994,230.12
2025-06-15 21:00:00+05:30,64.15,50.12,230.12
2025-06-15 22:00:00+05:30,30.850000000000005,50.79999999999999,230.12
2025-06-15 23:00:00+05:30,20.7025,49.974999999999994,230.12
2025-06-16 00:00:00+05:30,26.52,62.62,230.12
2025-06-16 01:00:00+05:30,20.66,52.69,230.12
2025-06-16 02:00:00+05:30,22.9925,47.709999999999994,230.12
2025-06-16 03:00:00+05:30,56.153333333333336,46.334999999999994,230.12
2025-06-16 04:00:00+05:30,66.735,48.2925,230.12
2025-06-16 05:00:00+05:30,55.72666666666667,52.54666666666666,230.12
2025-06-16 06:00:00+05:30,79.465,58.305,230.12
2025-06-16 07:00:00+05:30,89.6775,58.8575,230.12
2025-06-16 08:00:00+05:30,118.1925,62.44,230.12
2025-06-16 09:00:00+05:30,56.9225,70.09,230.12
2025-06-16 10:00:00+05:30,52.61,68.315,230.12
2025-06-16 11:00:00+05:30,58.1325,94.52000000000001,230.12
2025-06-16 12:00:00+05:30,64.69,87.45500000000001,230.12
2025-06-16 13:00:00+05:30,52.583333333333336,73.62,230.12
2025-06-16 14:00:00+05:30,55.47,62.585,230.12
2025-06-16 15:00:00+05:30,42.2475,58.739999999999995,230.12
2025-06-16 16:00:00+05:30,110.6425,57.0975,230.12
2025-06-16 17:00:00+05:30,40.290000000000006,56.75,230.12
2025-06-16 18:00:00+05:30,65.1725,57.3375,230.12
2025-06-16 19:00:00+05:30,42.545,61.1875,230.12
2025-06-16 20:00:00+05:30,136.015,66.42500000000001,230.12
2025-06-16 21:00:00+05:30,68.24249999999999,72.55000000000001,230.12
2025-06-16 22:00:00+05:30,29.122500000000002,83.635,230.12
2025-06-16 23:00:00+05:30,39.696666666666665,90.12,230.12
2025-06-17 00:00:00+05:30,54.55,86.62,230.12
2025-06-17 01:00:00+05:30,60.97,85.4775,230.12
2025-06-17 02:00:00+05:30,55.427499999999995,85.12,230.12
2025-06-17 03:00:00+05:30,53.56666666666666,82.05333333333334,230.12
2025-06-17 04:00:00+05:30,60.2325,82.1375,230.12
2025-06-17 05:00:00+05:30,59.714999999999996,82.24000000000001,230.12
2025-06-17 06:00:00+05:30,53.64666666666667,84.15333333333334,230.12
2025-06-17 07:00:00+05:30,61.3275,84.74000000000001,230.12
2025-06-17 08:00:00+05:30,59.84,84.84,230.12
2025-06-18 11:00:00+05:30,31.705,66.62,230.12
2025-06-18 12:00:00+05:30,24.6,416.12,230.12
2025-06-18 13:00:00+05:30,26.71,188.465,230.12
2025-06-18 14:00:00+05:30,27.09,67.67500000000001,230.12
2025-06-18 15:00:00+05:30,22.83,57.82,230.12
2025-06-18 16:00:00+05:30,30.002499999999998,61.3075,230.12
2025-06-18 17:00:00+05:30,35.13,57.5,230.12
2025-06-18 19:00:00+05:30,21.5,57.12,230.12
2025-06-18 20:00:00+05:30,26.7875,62.03,230.12
2025-06-18 21:00:00+05:30,47.1675,62.864999999999995,230.12
2025-06-18 22:00:00+05:30,31.159999999999997,59.6075,230.12
2025-06-18 23:00:00+05:30,48.9075,56.73,230.12
2025-06-19 00:00:00+05:30,48.98,68.12,230.12
2025-06-19 01:00:00+05:30,48.302499999999995,80.5875,230.12
2025-06-19 02:00:00+05:30,47.335,78.97500000000001,230.12
2025-06-19 03:00:00+05:30,76.10333333333334,69.12,230.12
2025-06-19 04:00:00+05:30,50.542500000000004,64.96249999999999,230.12
2025-06-19 05:00:00+05:30,31.880000000000003,62.114999999999995,230.12
2025-06-19 06:00:00+05:30,57.084999999999994,65.775,230.12
2025-06-19 07:00:00+05:30,33.89,,230.12
2025-06-19 08:00:00+05:30,47.015,66.98750000000001,230.12
2025-06-19 09:00:00+05:30,44.565,77.87,230.12
2025-06-19 10:00:00+05:30,47.42,89.93,230.12
2025-06-19 11:00:00+05:30,57.425,88.8425,230.12
2025-06-19 12:00:00+05:30,54.4125,80.845,230.12
2025-06-19 13:00:00+05:30,52.5125,79.37,230.12
2025-06-19 14:00:00+05:30,54.35,82.255,230.12
2025-06-19 15:00:00+05:30,54.135,88.0125,230.12
2025-06-19 16:00:00+05:30,53.1975,88.11500000000001,230.12
2025-06-19 17:00:00+05:30,53.975,91.00750000000001,230.12
2025-06-19 18:00:00+05:30,50.1075,86.495,230.12
2025-06-19 19:00:00+05:30,46.830000000000005,81.28666666666668,230.12
2025-06-19 20:00:00+05:30,48.875,80.12,230.12
2025-06-19 21:00:00+05:30,45.7975,76.7325,230.12
2025-06-19 22:00:00+05:30,43.3725,74.87,230.12
2025-06-19 23:00:00+05:30,36.1375,77.62,230.12
2025-06-20 18:00:00+05:30,41.74,71.62,230.12
2025-06-20 19:00:00+05:30,43.6325,71.62,230.12
2025-06-20 20:00:00+05:30,43.120000000000005,70.495,230.12
2025-06-20 21:00:00+05:30,38.9525,70.8675,230.12
2025-06-20 22:00:00+05:30,34.445,71.4925,230.12
2025-06-20 23:00:00+05:30,38.13333333333333,72.95333333333333,230.12
2025-06-21 00:00:00+05:30,38.4,78.12,230.12
2025-06-21 01:00:00+05:30,42.69333333333333,75.45333333333333,230.12
2025-06-21 02:00:00+05:30,50.3,73.7475,230.12
2025-06-21 03:00:00+05:30,41.697500000000005,73.9925,230.12
2025-06-21 04:00:00+05:30,36.39,72.625,230.12
2025-06-21 05:00:00+05:30,34.269999999999996,71.745,230.12
2025-06-21 06:00:00+05:30,38.2975,70.125,230.12
2025-06-21 07:00:00+05:30,41.35,67.745,230.12
2025-06-24 12:00:00+05:30,56.72,79.62,230.12
2025-06-24 13:00:00+05:30,55.2875,79.62,230.12
2025-06-24 14:00:00+05:30,57.16,75.92500000000001,230.12
2025-06-24 15:00:00+05:30,55.583333333333336,78.85666666666667,230.12
2025-06-24 17:00:00+05:30,43.66,,39.12
2025-06-24 18:00:00+05:30,40.60333333333333,77.80666666666667,39.12
2025-06-24 19:00:00+05:30,41.425,81.20500000000001,39.086666666666666
2025-06-24 20:00:00+05:30,34.15,81.12,37.72
2025-06-24 21:00:00+05:30,35.535,77.795,38.0925
2025-06-24 22:00:00+05:30,34.745,74.41250000000001,38.61
2025-06-24 23:00:00+05:30,33.03,75.46000000000001,38.2275
2025-06-25 10:00:00+05:30,31.61,76.12,39.72
2025-06-25 11:00:00+05:30,41.695,76.87,39.599999999999994
2025-06-25 13:00:00+05:30,43.385,79.0875,38.0175
2025-06-25 14:00:00+05:30,45.7325,80.885,39.3075
2025-06-25 15:00:00+05:30,44.93,80.98750000000001,39.41
2025-06-25 16:00:00+05:30,41.695,82.22,38.905
2025-06-25 17:00:00+05:30,49.09,82.98750000000001,38.9475
2025-06-25 18:00:00+05:30,40.095,81.95500000000001,38.12
2025-06-25 21:00:00+05:30,39.9825,77.02000000000001,36.3325
2025-06-25 22:00:00+05:30,42.62,76.82000000000001,36.605000000000004
2025-06-25 23:00:00+05:30,40.4225,75.78750000000001,37.9325
2025-06-26 00:00:00+05:30,50.04,73.62,36.12
2025-06-26 01:00:00+05:30,50.35666666666666,73.62,36.453333333333326
2025-06-26 02:00:00+05:30,46.705,74.3525,37.0575
2025-06-26 03:00:00+05:30,42.345,75.715,36.735
2025-06-26 04:00:00+05:30,34.153333333333336,77.41000000000001,36.35333333333333
2025-06-26 05:00:00+05:30,29.843333333333334,76.18666666666667,36.800000000000004
2025-06-26 06:00:00+05:30,26.753333333333334,74.15333333333334,37.68666666666667
2025-06-26 07:00:00+05:30,31.583333333333332,76.82333333333334,37.35333333333333
2025-06-26 08:00:00+05:30,34.44,81.19666666666667,37.653333333333336
2025-06-26 09:00:00+05:30,41.03,85.82333333333334,37.38666666666666
2025-06-26 10:00:00+05:30,42.99,83.71,38.156666666666666
2025-06-26 11:00:00+05:30,39.7575,73.3525,37.8575
2025-06-26 12:00:00+05:30,35.025,72.1875,37.47
2025-06-26 13:00:00+05:30,41.77,71.66,37.042500000000004
2025-06-26 14:00:00+05:30,33.29,72.9475,37.32
2025-06-26 15:00:00+05:30,50.34,72.16,37.32
2025-06-26 16:00:00+05:30,27.7425,68.6975,37.5075
2025-06-26 17:00:00+05:30,40.269999999999996,70.92,37.61
2025-06-26 18:00:00+05:30,48.5775,76.8675,37.1075
2025-06-26 19:00:00+05:30,37.11,75.12,37.5825
2025-06-26 20:00:00+05:30,41.3725,72.715,36.91
2025-06-26 21:00:00+05:30,40.4225,71.66,36.1675
2025-06-26 22:00:00+05:30,37.5275,71.12,38.150000000000006
2025-06-26 23:00:00+05:30,34.8575,70.3875,37.1975
2025-06-27 00:00:00+05:30,27.74,74.62,36.52
2025-06-27 01:00:00+05:30,44.0925,74.62,36.52
2025-06-27 02:00:00+05:30,47.675,73.525,36.52
2025-06-27 03:00:00+05:30,41.59,70.92750000000001,36.52
2025-06-27 04:00:00+05:30,47.19,74.8675,36.77
2025-06-27 05:00:00+05:30,41.1525,76.985,36.7625
2025-06-27 06:00:00+05:30,46.1375,77.85000000000001,36.205
2025-06-27 07:00:00+05:30,47.635,75.9325,37.2225
2025-06-27 08:00:00+05:30,48.2475,79.8675,36.427499999999995
2025-06-27 09:00:00+05:30,42.84,82.35000000000001,37.3675
2025-06-27 10:00:00+05:30,44.045,85.17750000000001,37.7975
2025-06-27 11:00:00+05:30,43.9775,83.5725,38.2675
2025-06-27 12:00:00+05:30,36.1875,76.045,38.6125
2025-06-27 13:00:00+05:30,26.426666666666666,71.37,36.155
2025-06-27 14:00:00+05:30,30.42,69.12,37.3075
2025-06-27 15:00:00+05:30,36.64,71.12,37.45333333333333
2025-06-27 16:00:00+05:30,37.18,82.62,36.92
2025-06-27 17:00:00+05:30,42.4375,78.98,37.1075
2025-06-27 18:00:00+05:30,42.535,80.53,37.335
2025-06-27 19:00:00+05:30,38.565,79.0625,36.61
2025-06-27 20:00:00+05:30,42.10333333333333,80.66666666666667,36.03333333333333
2025-06-28 06:00:00+05:30,43.4,76.255,36.97
2025-06-28 07:00:00+05:30,47.1725,75.75750000000001,37.27
2025-06-28 08:00:00+05:30,46.6325,79.245,37.0925
2025-06-28 09:00:00+05:30,51.59,83.1575,37.92
2025-06-28 10:00:00+05:30,54.05,85.20750000000001,37.9825
2025-06-28 11:00:00+05:30,56.745,85.9825,37.87
2025-06-28 12:00:00+05:30,58.355000000000004,85.39500000000001,37.32
2025-06-28 13:00:00+05:30,56.79,86.9325,37.8175
2025-06-28 14:00:00+05:30,57.995,87.25750000000001,38.4225
2025-06-28 15:00:00+05:30,57.085,82.4075,37.0125
2025-06-28 16:00:00+05:30,57.72,83.89500000000001,36.32
2025-06-28 17:00:00+05:30,57.18,81.495,36.505
2025-06-28 18:00:00+05:30,48.89333333333334,77.90333333333334,37.230000000000004
2025-06-28 19:00:00+05:30,72.75,77.62,37.795
2025-06-28 20:00:00+05:30,49.5475,74.72,37.83
2025-06-28 21:00:00+05:30,44.84,81.95750000000001,38.3975
2025-06-28 22:00:00+05:30,44.205,77.4775,37.7475
2025-06-28 23:00:00+05:30,36.5625,67.00750000000001,37.17
2025-06-29 00:00:00+05:30,31.23,66.12,36.52
2025-06-29 01:00:00+05:30,42.332499999999996,60.3425,36.5825
2025-06-29 02:00:00+05:30,19.8425,65.39750000000001,36.9675
2025-06-29 03:00:00+05:30,18.572499999999998,67.755,37.1475
2025-06-29 04:00:00+05:30,25.2025,66.17500000000001,36.195
2025-06-29 05:00:00+05:30,47.93,70.33250000000001,35.9825
2025-06-29 06:00:00+05:30,51.945,69.9525,36.37
2025-06-29 07:00:00+05:30,42.56,72.375,36.67
2025-06-29 08:00:00+05:30,40.885000000000005,70.73,35.9325
2025-06-29 09:00:00+05:30,52.48,74.69500000000001,36.0175
2025-06-29 10:00:00+05:30,55.8825,74.815,36.995
2025-06-29 11:00:00+05:30,53.67333333333334,73.67500000000001,36.9075
2025-06-29 12:00:00+05:30,56.5,77.93333333333334,37.1325
2025-06-29 13:00:00+05:30,56.7025,70.87,36.5325
2025-06-29 14:00:00+05:30,52.23,69.2025,36.555
2025-06-29 15:00:00+05:30,45.1725,70.3425,37.21
2025-06-29 16:00:00+05:30,37.964999999999996,69.53750000000001,36.0875
2025-06-29 17:00:00+05:30,41.07,67.67500000000001,35.43
2025-06-29 18:00:00+05:30,37.75,68.2025,36.0575
2025-06-29 19:00:00+05:30,46.2725,68.62,35.8575
2025-06-29 20:00:00+05:30,40.667500000000004,67.17500000000001,35.845
2025-06-29 21:00:00+05:30,40.6525,68.795,36.2425
2025-06-30 10:00:00+05:30,55.24666666666667,76.75,36.43666666666667
2025-06-30 11:00:00+05:30,56.9025,76.98,36.32
2025-06-30 12:00:00+05:30,58.269999999999996,76.76,36.63
2025-06-30 13:00:00+05:30,61.115,76.98,36.8225
2025-06-30 14:00:00+05:30,60.3025,74.9625,35.6575
2025-06-30 15:00:00+05:30,68.115,78.0775,35.8925
2025-06-30 16:00:00+05:30,57.1025,77.1025,36.5325
2025-06-30 17:00:00+05:30,72.8925,75.04,36.3075
2025-06-30 18:00:00+05:30,61.62,83.26,37.0275
2025-06-30 19:00:00+05:30,55.17,83.03750000000001,37.4125
2025-06-30 20:00:00+05:30,56.0575,76.58500000000001,36.47
2025-06-30 21:00:00+05:30,62.39333333333334,75.62,35.92
2025-06-30 22:00:00+05:30,59.5075,79.1375,36.292500000000004
2025-06-30 23:00:00+05:30,50.515,80.84,36.8725
2025-07-01 00:00:00+05:30,55.24,78.62,36.32
2025-07-01 01:00:00+05:30,56.105000000000004,76.8225,36.445
2025-07-01 02:00:00+05:30,55.542500000000004,70.72500000000001,36.47
2025-07-01 03:00:00+05:30,60.1025,70.05250000000001,36.105000000000004
2025-07-01 04:00:00+05:30,54.885,69.9,36.335
2025-07-01 05:00:00+05:30,53.0475,70.7,36.292500000000004
2025-07-01 06:00:00+05:30,49.49,72.56,36.81
2025-07-01 07:00:00+05:30,46.682500000000005,74.55250000000001,36.305
2025-07-01 08:00:00+05:30,35.51,76.2,36.845
2025-07-01 09:00:00+05:30,43.120000000000005,73.7425,36.87
2025-07-01 10:00:00+05:30,46.7225,74.05250000000001,36.445
2025-07-01 11:00:00+05:30,48.305,77.845,36.9075
2025-07-01 12:00:00+05:30,55.7175,75.89500000000001,37.2575
2025-07-01 13:00:00+05:30,71.54,74.2625,37.0575
2025-07-01 14:00:00+05:30,70.28999999999999,76.98750000000001,36.735
2025-07-01 15:00:00+05:30,57.196666666666665,71.12,36.445
2025-07-01 16:00:00+05:30,52.120000000000005,71.12,37.2125
2025-07-01 17:00:00+05:30,50.0725,70.7625,37.7025
2025-07-01 18:00:00+05:30,48.9225,73.845,36.2575
2025-07-01 19:00:00+05:30,57.375,71.16250000000001,36.1825
2025-07-01 20:00:00+05:30,58.6375,71.41250000000001,36.5075
2025-07-01 21:00:00+05:30,51.144999999999996,71.7625,36.8575
2025-07-01 22:00:00+05:30,35.755,70.1925,36.6575
2025-07-01 23:00:00+05:30,38.565,65.67750000000001,36.150000000000006
2025-07-02 00:00:00+05:30,47.88,67.62,34.72
2025-07-02 01:00:00+05:30,58.675,70.48750000000001,35.644999999999996
2025-07-02 02:00:00+05:30,54.3125,72.69,37.35
2025-07-02 03:00:00+05:30,53.9825,75.2625,36.212500000000006
2025-07-02 04:00:00+05:30,57.1875,77.5475,36.075
2025-07-02 05:00:00+05:30,50.1375,79.19,37.2575
2025-07-02 06:00:00+05:30,,,36.32
2025-07-02 07:00:00+05:30,43.7575,81.62,36.567499999999995
2025-07-02 08:00:00+05:30,44.48,80.905,36.995
2025-07-02 09:00:00+05:30,45.370000000000005,78.28666666666668,36.556666666666665
2025-07-02 10:00:00+05:30,45.769999999999996,78.91250000000001,36.445
2025-07-02 11:00:00+05:30,36.777499999999996,78.55000000000001,36.72
2025-07-02 12:00:00+05:30,32.519999999999996,68.0875,36.2875
2025-07-02 13:00:00+05:30,28.985,69.1175,35.32
2025-07-02 14:00:00+05:30,46.485,73.2625,35.2575
2025-07-02 15:00:00+05:30,34.935,73.7625,35.12
2025-07-02 18:00:00+05:30,41.275000000000006,60.62,34.845
2025-07-02 19:00:00+05:30,41.145,62.762499999999996,35.605000000000004
2025-07-02 20:00:00+05:30,46.745,61.4775,36.195
2025-07-02 21:00:00+05:30,37.86,57.05,34.427499999999995
2025-07-02 22:00:00+05:30,51.1475,58.832499999999996,35.12
2025-07-02 23:00:00+05:30,46.6,60.12,35.12
2025-07-04 16:00:00+05:30,40.685,73.6825,37.395
2025-07-04 17:00:00+05:30,41.75,71.2975,36.7475
2025-07-04 18:00:00+05:30,42.10333333333333,74.87,36.2275
2025-07-04 19:00:00+05:30,41.5525,72.89,37.045
2025-07-04 20:00:00+05:30,48.08,71.785,37.32
2025-07-05 02:00:00+05:30,33.43333333333333,68.37,37.52
2025-07-05 03:00:00+05:30,55.6475,83.14,37.8925
2025-07-05 04:00:00+05:30,78.3125,76.42,38.9075
2025-07-05 05:00:00+05:30,75.2825,67.24000000000001,38.8875
2025-07-05 06:00:00+05:30,61.254999999999995,82.905,38.105000000000004
2025-07-05 07:00:00+05:30,54.775,81.265,38.335
2025-07-05 08:00:00+05:30,54.626666666666665,77.92333333333333,38.4775
2025-07-05 09:00:00+05:30,54.77,78.12,39.72
2025-07-05 10:00:00+05:30,,,39.72
2025-07-07 17:00:00+05:30,39.7125,77.2675,36.442499999999995
2025-07-07 18:00:00+05:30,40.6225,75.26,36.6575
2025-07-07 19:00:00+05:30,42.8925,74.77250000000001,36.5825
2025-07-07 20:00:00+05:30,34.739999999999995,74.62,36.595
2025-07-07 21:00:00+05:30,35.61,77.82000000000001,36.8125
2025-07-07 22:00:00+05:30,43.885,73.9375,37.6725
2025-07-07 23:00:00+05:30,40.58,71.075,37.675
2025-07-08 00:00:00+05:30,31.01,70.12,37.72
2025-07-08 01:00:00+05:30,37.9475,70.8175,37.905
2025-07-08 02:00:00+05:30,35.82,72.165,38.0125
2025-07-08 03:00:00+05:30,42.3,72.9675,37.6925
2025-07-08 04:00:00+05:30,49.1175,70.33,38.52
2025-07-08 05:00:00+05:30,52.3975,71.91,38.83
2025-07-08 06:00:00+05:30,56.47,71.3775,38.9025
2025-07-08 07:00:00+05:30,48.332499999999996,72.01,37.8275
2025-07-08 08:00:00+05:30,43.6325,71.92500000000001,38.6425
2025-07-08 09:00:00+05:30,42.6775,72.3175,38.6725
2025-07-08 10:00:00+05:30,42.57333333333333,74.48,38.8675
2025-07-08 11:00:00+05:30,44.1175,74.62,40.8275
2025-07-08 12:00:00+05:30,50.54,74.9675,41.89
2025-07-08 13:00:00+05:30,54.7725,72.67,42.4125
2025-07-08 14:00:00+05:30,61.2275,73.7125,43.394999999999996
2025-07-08 15:00:00+05:30,57.15333333333333,74.91666666666667,46.629999999999995
2025-07-08 16:00:00+05:30,54.84,71.12,39.92
2025-07-08 17:00:00+05:30,59.125,71.12,39.55
2025-07-08 18:00:00+05:30,42.54666666666667,73.62,38.6575
2025-07-08 19:00:00+05:30,37.195,74.3175,38.52
2025-07-08 20:00:00+05:30,44.705,74.62,38.52
2025-07-08 21:00:00+05:30,47.8875,73.22500000000001,38.3975
2025-07-08 22:00:00+05:30,52.51666666666667,72.32333333333334,38.32
2025-07-08 23:00:00+05:30,47.879999999999995,70.03750000000001,38.535
2025-07-09 00:00:00+05:30,57.04,69.62,38.52
2025-07-09 01:00:00+05:30,55.675,71.7,38.4575
2025-07-09 02:00:00+05:30,48.17,71.23,38.7525
2025-07-09 03:00:00+05:30,39.545,70.9675,39.6575
2025-07-09 04:00:00+05:30,42.405,72.51,39.4575
2025-07-09 05:00:00+05:30,44.0325,72.77250000000001,38.8275
2025-07-09 06:00:00+05:30,46.95,71.23,38.2125
2025-07-09 07:00:00+05:30,41.97,71.3125,38.95
2025-07-09 08:00:00+05:30,47.932500000000005,75.44,38.3675
2025-07-09 09:00:00+05:30,38.199999999999996,76.42500000000001,38.735
2025-07-09 10:00:00+05:30,350.81,77.51,38.1975
2025-07-09 11:00:00+05:30,39.785000000000004,63.94,37.92
2025-07-09 12:00:00+05:30,42.9675,69.3775,38.29
2025-07-09 13:00:00+05:30,40.53,79.8275,39.305
2025-07-09 14:00:00+05:30,41.776666666666664,85.12,40.09
2025-07-09 15:00:00+05:30,41.1325,86.965,40.795
2025-07-09 16:00:00+05:30,49.5975,86.42750000000001,40.2725
2025-07-09 17:00:00+05:30,46.0075,85.075,39.905
2025-07-09 18:00:00+05:30,40.3175,83.2325,40.2575
2025-07-09 19:00:00+05:30,38.39,81.5775,39.875
2025-07-09 20:00:00+05:30,39.8775,80.0775,39.1325
2025-07-09 21:00:00+05:30,43.4625,75.125,38.905
2025-07-09 22:00:00+05:30,42.3475,70.3525,39.072500000000005
2025-07-09 23:00:00+05:30,47.79,71.19500000000001,38.212500000000006
2025-07-10 00:00:00+05:30,,,38.32
2025-07-10 01:00:00+05:30,40.7275,73.62,38.69
2025-07-10 02:00:00+05:30,39.339999999999996,72.92750000000001,38.9025
2025-07-10 03:00:00+05:30,35.12,73.31,37.9525
2025-07-10 04:00:00+05:30,36.332499999999996,76.04,39.167500000000004
2025-07-10 05:00:00+05:30,33.5975,76.775,39.2225
2025-07-10 06:00:00+05:30,32.2975,84.575,38.7375
2025-07-10 07:00:00+05:30,33.6925,82.9325,39.442499999999995
2025-07-10 08:00:00+05:30,39.495000000000005,77.52000000000001,38.17
2025-07-10 09:00:00+05:30,38.465,77.16250000000001,38.8425
2025-07-10 10:00:00+05:30,44.5225,78.3125,38.9975
2025-07-10 11:00:00+05:30,50.025,76.21000000000001,38.4725
2025-07-10 12:00:00+05:30,49.6825,78.22,38.915
2025-07-10 13:00:00+05:30,48.86333333333334,341.3533333333333,41.7425
2025-07-10 14:00:00+05:30,47.8925,532.62,41.9375
2025-07-10 15:00:00+05:30,48.6175,215.8375,38.95
2025-07-10 16:00:00+05:30,47.715,73.92750000000001,38.2425
2025-07-10 17:00:00+05:30,47.697500000000005,76.72,38.7675
2025-07-10 18:00:00+05:30,46.792500000000004,75.02000000000001,39.01
2025-07-10 19:00:00+05:30,44.1325,73.03333333333335,38.2575
2025-07-10 20:00:00+05:30,32.6125,69.86500000000001,37.8725
2025-07-10 21:00:00+05:30,36.93000000000001,66.55250000000001,37.6275
2025-07-10 22:00:00+05:30,41.754999999999995,67.69,37.8875
2025-07-10 23:00:00+05:30,40.51,68.81,36.7975
2025-07-11 00:00:00+05:30,38.7,79.62,37.72
2025-07-11 01:00:00+05:30,47.005,72.3875,37.6575
2025-07-11 02:00:00+05:30,48.7775,69.12,37.52
2025-07-11 03:00:00+05:30,39.2575,69.12,37.7675
2025-07-11 04:00:00+05:30,45.72,73.12,38.072500000000005
2025-07-11 05:00:00+05:30,43.9025,72.50333333333333,37.705
2025-07-11 06:00:00+05:30,37.8775,69.2425,37.6275
2025-07-11 07:00:00+05:30,42.9625,71.3675,36.8275
2025-07-11 08:00:00+05:30,38.480000000000004,73.9925,37.6425
2025-07-11 09:00:00+05:30,39.695,75.31,38.2275
2025-07-11 10:00:00+05:30,36.405,74.2425,38.615
2025-07-11 11:00:00+05:30,44.915,78.08,37.9825
2025-07-11 12:00:00+05:30,44.08,,38.802499999999995
2025-07-11 13:00:00+05:30,45.015,78.2175,39.6425
2025-07-11 14:00:00+05:30,45.775,76.0875,39.4775
2025-07-11 15:00:00+05:30,38.15,75.9625,41.78
2025-07-11 16:00:00+05:30,29.029999999999998,70.62,39.2575
2025-07-11 17:00:00+05:30,38.745000000000005,75.12,37.505
2025-07-11 18:00:00+05:30,37.43,74.63,38.105000000000004
2025-07-11 19:00:00+05:30,34.2725,69.375,37.965
2025-07-11 20:00:00+05:30,25.875,66.405,37.707499999999996
2025-07-11 21:00:00+05:30,28.1,66.9925,39.18
2025-07-11 22:00:00+05:30,42.504999999999995,69.67750000000001,37.52
2025-07-11 23:00:00+05:30,47.4775,73.36500000000001,37.7025
2025-07-12 00:00:00+05:30,38.55,72.62,38.32
2025-07-12 01:00:00+05:30,40.4225,75.02250000000001,38.072500000000005
2025-07-12 02:00:00+05:30,38.625,77.15,37.5825
2025-07-12 03:00:00+05:30,26.12,72.13,38.3375
2025-07-12 04:00:00+05:30,24.85,69.62,39.2275
2025-07-12 05:00:00+05:30,22.67,71.9625,39.1675
2025-07-12 06:00:00+05:30,29.5425,67.3375,40.5325
2025-07-12 07:00:00+05:30,18.1,64.09,38.567499999999995
2025-07-12 08:00:00+05:30,26.405,67.03750000000001,38.442499999999995
2025-07-12 09:00:00+05:30,37.0025,69.65,37.3525
2025-07-12 10:00:00+05:30,35.11,74.5625,37.95
2025-07-12 11:00:00+05:30,37.39,76.62,38.1675
2025-07-12 12:00:00+05:30,52.9375,75.2525,39.8975
2025-07-12 13:00:00+05:30,49.9675,77.0125,39.0125
2025-07-12 14:00:00+05:30,47.22,74.69,40.9225
2025-07-12 15:00:00+05:30,53.7975,76.53750000000001,41.98
2025-07-12 16:00:00+05:30,50.7625,77.7775,40.505
2025-07-12 17:00:00+05:30,48.449999999999996,78.78333333333335,40.6725
2025-07-12 18:00:00+05:30,43.8475,76.62,39.7475
2025-07-12 19:00:00+05:30,43.019999999999996,80.03750000000001,38.8575
2025-07-12 20:00:00+05:30,42.71,81.2775,39.0275
2025-07-12 21:00:00+05:30,44.0175,77.36250000000001,39.042500000000004
2025-07-12 22:00:00+05:30,36.4825,75.9625,37.8275
2025-07-12 23:00:00+05:30,41.0875,78.17,38.645
2025-07-13 00:00:00+05:30,41.25,69.12,37.72
2025-07-13 01:00:00+05:30,39.54,68.44,37.4725
2025-07-13 02:00:00+05:30,38.8825,66.0775,37.105000000000004
2025-07-13 03:00:00+05:30,41.55,65.4625,37.212500000000006
2025-07-13 04:00:00+05:30,28.130000000000003,66.30250000000001,36.6425
2025-07-13 05:00:00+05:30,39.13999999999999,64.95333333333333,37.166666666666664
2025-07-13 06:00:00+05:30,27.316666666666666,66.72000000000001,38.8275
2025-07-13 07:00:00+05:30,40.765,64.97666666666667,40.35
2025-07-13 08:00:00+05:30,38.325,65.64,37.2575
2025-07-13 09:00:00+05:30,44.7175,65.4375,37.12
2025-07-13 10:00:00+05:30,46.14,67.5125,37.12
2025-07-13 11:00:00+05:30,50.03,68.04333333333334,37.056666666666665
2025-07-14 11:00:00+05:30,56.1,58.12,39.12
2025-07-14 12:00:00+05:30,55.55,55.41,38.1325
2025-07-14 13:00:00+05:30,45.745,55.137499999999996,36.292500000000004
2025-07-14 14:00:00+05:30,62.565,52.302499999999995,36.81
2025-07-14 15:00:00+05:30,31.41,51.97666666666667,36.12
2025-07-14 16:00:00+05:30,24.16,53.26,36.12
2025-07-14 17:00:00+05:30,28.0825,50.73,35.8125
2025-07-14 18:00:00+05:30,31.6425,59.3275,36.1675
2025-07-14 19:00:00+05:30,30.515,70.22,38.52
2025-07-14 20:00:00+05:30,53.935,60.58,39.3825
2025-07-14 21:00:00+05:30,47.77,60.72,39.9025
2025-07-14 22:00:00+05:30,44.394999999999996,64.97500000000001,36.9675
2025-07-14 23:00:00+05:30,31.555,70.6825,38.987500000000004
2025-07-15 00:00:00+05:30,29.0,66.62,34.52
2025-07-15 01:00:00+05:30,21.6875,65.27000000000001,39.2875
2025-07-15 02:00:00+05:30,28.0,64.96000000000001,47.4075
2025-07-15 03:00:00+05:30,17.5225,59.36,42.1825
2025-07-15 04:00:00+05:30,27.13,59.6575,41.4075
2025-07-15 05:00:00+05:30,23.886666666666667,63.10333333333333,35.3825
2025-07-15 06:00:00+05:30,19.552500000000002,64.90333333333334,35.52
2025-07-15 07:00:00+05:30,13.844999999999999,68.17,36.3175
2025-07-15 08:00:00+05:30,25.5275,71.64500000000001,37.6225
2025-07-15 09:00:00+05:30,27.63,66.545,35.965
2025-07-15 10:00:00+05:30,27.392500000000002,64.6375,34.905
2025-07-15 11:00:00+05:30,35.233333333333334,65.40333333333334,35.85333333333333
2025-07-15 12:00:00+05:30,20.5275,70.345,37.230000000000004
2025-07-15 13:00:00+05:30,25.15,74.64500000000001,37.2975
2025-07-15 14:00:00+05:30,30.78,78.6575,36.3525
2025-07-15 15:00:00+05:30,35.4925,76.05250000000001,37.01
2025-07-15 16:00:00+05:30,33.0325,76.4825,36.6275
2025-07-15 17:00:00+05:30,47.4475,78.63250000000001,37.01
2025-07-15 18:00:00+05:30,40.6625,79.40333333333334,36.7525
2025-07-15 19:00:00+05:30,38.60333333333333,78.95333333333333,37.5975
2025-07-15 20:00:00+05:30,37.385,79.2975,37.1975
2025-07-15 21:00:00+05:30,38.445,73.20750000000001,36.92
2025-07-15 22:00:00+05:30,37.275,73.495,36.4275
2025-07-15 23:00:00+05:30,36.9,74.44500000000001,35.6875
2025-07-16 00:00:00+05:30,26.49,72.62,36.32
2025-07-16 01:00:00+05:30,40.7775,379.2875,35.8875
2025-07-16 02:00:00+05:30,33.015,532.62,35.29
2025-07-16 03:00:00+05:30,21.555,532.62,35.9975
2025-07-16 04:00:00+05:30,28.25,532.62,35.72
2025-07-16 05:00:00+05:30,19.1775,532.62,35.7825
2025-07-16 06:00:00+05:30,19.3375,532.62,36.105000000000004
2025-07-16 07:00:00+05:30,19.4575,532.62,36.52
2025-07-16 08:00:00+05:30,18.45,532.62,36.3975
2025-07-16 09:00:00+05:30,35.97,532.62,36.1825
2025-07-16 10:00:00+05:30,36.6325,532.62,36.87
2025-07-16 11:00:00+05:30,34.3025,532.62,37.935
2025-07-16 12:00:00+05:30,35.105000000000004,532.62,37.4575
2025-07-16 13:00:00+05:30,44.06,230.79250000000002,37.32
2025-07-16 14:00:00+05:30,40.855000000000004,85.6375,37.32
2025-07-16 15:00:00+05:30,38.115,86.285,37.32
2025-07-16 16:00:00+05:30,33.42333333333334,88.08333333333333,37.43
2025-07-16 17:00:00+05:30,28.455,89.12,38.595
2025-07-16 18:00:00+05:30,26.927500000000002,86.43,38.3975
2025-07-16 19:00:00+05:30,27.213333333333335,84.27666666666667,38.489999999999995
2025-07-16 20:00:00+05:30,26.25,79.14,39.135
2025-07-16 21:00:00+05:30,29.53,80.6375,38.8425
2025-07-16 22:00:00+05:30,21.615,80.9475,42.45
2025-07-16 23:00:00+05:30,29.93,78.94,47.3525
2025-07-17 00:00:00+05:30,30.8,78.12,38.12
2025-07-17 01:00:00+05:30,26.205,78.12,39.7225
2025-07-17 02:00:00+05:30,24.5975,76.4475,47.1425
2025-07-17 03:00:00+05:30,22.775,74.9475,51.427499999999995
2025-07-17 04:00:00+05:30,22.88,74.285,43.3225
2025-07-17 05:00:00+05:30,16.87,70.77250000000001,47.845
2025-07-17 06:00:00+05:30,11.71,73.805,49.7975
2025-07-17 07:00:00+05:30,14.6825,75.11500000000001,47.362500000000004
2025-07-17 08:00:00+05:30,13.423333333333332,76.84333333333335,40.68
2025-07-17 09:00:00+05:30,17.05,73.95333333333333,36.19
2025-07-17 10:00:00+05:30,17.63,75.9725,36.2125
2025-07-17 11:00:00+05:30,19.259999999999998,84.48,37.3825
2025-07-17 12:00:00+05:30,21.63,83.15333333333334,36.78
2025-07-17 13:00:00+05:30,26.3425,82.9525,95.12
2025-07-17 14:00:00+05:30,20.8975,81.78,170.6125
2025-07-17 15:00:00+05:30,20.080000000000002,83.7975,36.9975
2025-07-17 16:00:00+05:30,21.7125,86.125,37.0875
2025-07-17 17:00:00+05:30,26.392500000000002,82.2675,37.7975
2025-07-17 18:00:00+05:30,28.535,82.4525,37.0925
2025-07-17 19:00:00+05:30,24.929999999999996,84.45500000000001,36.427499999999995
2025-07-17 20:00:00+05:30,28.3275,84.4475,36.6875
2025-07-17 21:00:00+05:30,35.065,80.9425,36.025
2025-07-17 22:00:00+05:30,33.0375,78.95,37.2775
2025-07-17 23:00:00+05:30,31.472499999999997,80.9525,39.010000000000005
2025-07-18 00:00:00+05:30,31.95,83.12,39.12
2025-07-18 01:00:00+05:30,33.2575,81.08500000000001,38.6275
2025-07-18 02:00:00+05:30,32.6825,75.78750000000001,38.075
2025-07-18 03:00:00+05:30,24.3625,75.28750000000001,39.072500000000005
2025-07-18 04:00:00+05:30,24.185,76.78750000000001,40.555
2025-07-18 05:00:00+05:30,24.5475,75.12,42.53
2025-07-18 06:00:00+05:30,18.817500000000003,69.12,40.08
2025-07-18 07:00:00+05:30,20.6025,72.31,46.24
2025-07-18 08:00:00+05:30,15.72,72.62,41.81
2025-07-18 09:00:00+05:30,23.7825,72.28750000000001,41.2325
2025-07-18 10:00:00+05:30,33.5,78.6375,43.5475
2025-07-18 11:00:00+05:30,38.58,80.28750000000001,39.0575
2025-07-18 12:00:00+05:30,18.0225,84.1025,39.845
2025-07-18 13:00:00+05:30,8.407499999999999,85.78750000000001,40.81
2025-07-18 14:00:00+05:30,6.665,80.9525,37.765
2025-07-18 15:00:00+05:30,6.8325,83.9525,36.7675
2025-07-18 16:00:00+05:30,6.2475000000000005,81.64,37.3825
2025-07-18 17:00:00+05:30,5.515,84.10000000000001,38.5075
2025-07-18 18:00:00+05:30,5.279999999999999,82.28750000000001,40.345
2025-07-18 19:00:00+05:30,5.25,82.4525,39.9525
2025-07-18 20:00:00+05:30,6.09,85.37,40.365
2025-07-18 21:00:00+05:30,8.455,81.36666666666667,39.305
2025-07-18 22:00:00+05:30,5.4350000000000005,79.9525,39.4125
2025-07-18 23:00:00+05:30,7.43,78.62,39.21
2025-07-19 00:00:00+05:30,7.17,76.12,37.72
2025-07-19 01:00:00+05:30,8.5075,76.78750000000001,37.475
2025-07-19 02:00:00+05:30,5.6850000000000005,77.4525,37.722500000000004
2025-07-19 03:00:00+05:30,7.0875,72.28750000000001,38.6575
2025-07-19 04:00:00+05:30,8.879999999999999,70.285,36.78
2025-07-19 05:00:00+05:30,8.754999999999999,67.63250000000001,37.4125
2025-07-19 06:00:00+05:30,9.3975,66.12,37.9025
2025-07-19 07:00:00+05:30,10.295,72.12,37.0125
2025-07-19 08:00:00+05:30,11.227500000000001,71.1375,37.87
2025-07-19 09:00:00+05:30,11.273333333333333,69.94666666666667,37.1975
2025-07-19 10:00:00+05:30,12.280000000000001,69.73,37.105000000000004
2025-07-19 11:00:00+05:30,13.93,71.9525,37.6425
2025-07-19 12:00:00+05:30,11.932500000000001,71.46000000000001,37.4225
2025-07-19 13:00:00+05:30,11.963333333333333,67.03333333333335,36.78666666666667
2025-07-19 14:00:00+05:30,9.15,70.42750000000001,37.9675
2025-07-19 15:00:00+05:30,7.435,81.9175,38.5825
2025-07-19 16:00:00+05:30,8.22,85.79,38.6575
2025-07-19 17:00:00+05:30,6.5125,84.96000000000001,38.89
2025-07-19 18:00:00+05:30,6.5675,84.95,39.5375
2025-07-19 19:00:00+05:30,8.649999999999999,85.12,39.305
2025-07-19 20:00:00+05:30,11.715,80.8225,39.5975
2025-07-19 21:00:00+05:30,10.405,80.28750000000001,39.69
2025-07-19 22:00:00+05:30,11.4875,74.48,39.6575
2025-07-19 23:00:00+05:30,10.553333333333333,72.76333333333334,37.78
2025-07-20 00:00:00+05:30,12.2,68.62,39.12
2025-07-20 01:00:00+05:30,9.5125,70.9425,38.9375
2025-07-20 02:00:00+05:30,10.625,71.78750000000001,38.150000000000006
2025-07-20 03:00:00+05:30,11.6775,69.2975,37.7525
2025-07-20 04:00:00+05:30,9.7,67.46000000000001,38.2275
2025-07-20 05:00:00+05:30,7.905,67.12,36.75
2025-07-20 06:00:00+05:30,7.6375,64.805,36.2275
2025-07-20 07:00:00+05:30,9.4375,67.935,36.9825
2025-07-20 08:00:00+05:30,7.1274999999999995,60.575,36.265
2025-07-20 09:00:00+05:30,10.125,57.272499999999994,34.9925
2025-07-20 10:00:00+05:30,13.3,60.435,36.52
2025-07-20 11:00:00+05:30,10.655000000000001,60.959999999999994,36.58
2025-07-20 12:00:00+05:30,15.485,61.6125,36.4725
2025-07-20 13:00:00+05:30,8.086666666666666,62.12,36.165
2025-07-20 14:00:00+05:30,5.37,63.77,36.72
2025-07-20 15:00:00+05:30,7.7,61.975,36.6575
2025-07-20 16:00:00+05:30,5.04,59.2975,36.52
2025-07-20 17:00:00+05:30,3.6275,55.3275,36.212500000000006
2025-07-20 18:00:00+05:30,4.175,54.6125,35.825
2025-07-20 19:00:00+05:30,6.6866666666666665,55.666666666666664,36.653333333333336
2025-07-20 20:00:00+05:30,13.14,67.69,37.105000000000004
2025-07-20 21:00:00+05:30,11.36,71.305,37.337500000000006
2025-07-20 22:00:00+05:30,10.6025,73.74000000000001,37.47
2025-07-20 23:00:00+05:30,8.3525,74.63250000000001,38.2925
2025-07-21 00:00:00+05:30,4.84,70.12,36.92
2025-07-21 01:00:00+05:30,6.1850000000000005,69.96000000000001,37.45333333333334
2025-07-21 02:00:00+05:30,3.853333333333333,70.49666666666667,37.78
2025-07-21 03:00:00+05:30,4.445,67.98750000000001,36.0575
2025-07-21 04:00:00+05:30,5.6125,67.28,36.7175
2025-07-21 05:00:00+05:30,5.03,65.97500000000001,37.7875
2025-07-21 15:00:00+05:30,7.55,55.26,35.6425
2025-07-21 16:00:00+05:30,5.29,59.7325,36.105000000000004
2025-07-21 17:00:00+05:30,4.157500000000001,67.1925,36.3975
2025-07-21 18:00:00+05:30,3.6625,64.22,36.4875
2025-07-21 19:00:00+05:30,3.2675,61.4475,37.1375
2025-07-21 20:00:00+05:30,4.285,61.155,36.919999999999995
2025-07-21 21:00:00+05:30,7.55,67.62,37.442499999999995
2025-07-21 22:00:00+05:30,8.155,63.34,37.2875
2025-07-21 23:00:00+05:30,5.8825,59.81,36.1975
2025-07-22 00:00:00+05:30,5.39,57.62,36.12
2025-07-22 01:00:00+05:30,4.625,58.6025,36.2425
2025-07-22 02:00:00+05:30,3.2925,59.4475,36.58
2025-07-22 03:00:00+05:30,7.81,58.302499999999995,36.6575
2025-07-22 04:00:00+05:30,6.595,59.26,36.3975
2025-07-22 05:00:00+05:30,7.4175,81.0975,37.662499999999994
2025-07-22 06:00:00+05:30,6.6575,70.815,39.3925
2025-07-22 07:00:00+05:30,5.6,54.375,35.3975
2025-07-22 08:00:00+05:30,5.57,52.275,35.1825
2025-07-22 09:00:00+05:30,4.2875000000000005,53.93,35.26
2025-07-22 10:00:00+05:30,3.435,55.275,34.9975
2025-07-22 11:00:00+05:30,3.3000000000000003,49.5,34.9675
2025-07-22 12:00:00+05:30,4.095,58.084999999999994,35.77
2025-07-22 13:00:00+05:30,6.005,56.565,35.95
2025-07-22 14:00:00+05:30,8.075,60.300000000000004,35.73
2025-07-22 15:00:00+05:30,8.8325,63.792500000000004,36.8725
2025-07-22 16:00:00+05:30,8.2225,62.637499999999996,36.442499999999995
2025-07-22 17:00:00+05:30,6.1075,63.425000000000004,36.905
2025-07-22 18:00:00+05:30,9.2525,66.73,37.135
2025-07-22 19:00:00+05:30,8.21,61.917500000000004,36.2275
2025-07-22 20:00:00+05:30,8.5725,55.355,35.3675
2025-07-22 21:00:00+05:30,5.93,54.272499999999994,35.8575
2025-07-22 22:00:00+05:30,4.2725,54.2925,35.415
2025-07-22 23:00:00+05:30,4.233333333333333,,34.6575
2025-07-23 00:00:00+05:30,3.82,53.62,34.92
2025-07-23 01:00:00+05:30,4.7875,52.315,34.9825
2025-07-23 02:00:00+05:30,3.6574999999999998,50.64,34.9375
2025-07-23 03:00:00+05:30,4.195,49.4675,34.46
2025-07-23 04:00:00+05:30,6.4275,49.4475,34.565
2025-07-23 05:00:00+05:30,7.005000000000001,49.9475,34.9375
2025-07-23 06:00:00+05:30,5.675,47.4975,34.212500000000006
2025-07-23 07:00:00+05:30,6.2625,45.4675,33.5825
2025-07-23 08:00:00+05:30,5.615,48.385,33.8425
2025-07-23 09:00:00+05:30,17.9325,54.69,34.3675
2025-07-23 10:00:00+05:30,19.872500000000002,55.495,35.29
2025-07-23 11:00:00+05:30,15.493333333333332,57.57333333333333,37.402499999999996
2025-07-23 12:00:00+05:30,10.2325,73.12,40.505
2025-07-23 13:00:00+05:30,11.59,70.51,39.995000000000005
2025-07-23 14:00:00+05:30,9.965,69.77000000000001,37.980000000000004
2025-07-23 15:00:00+05:30,12.17,68.82000000000001,38.37
2025-07-23 16:00:00+05:30,12.5475,70.07000000000001,39.042500000000004
2025-07-23 17:00:00+05:30,13.9225,79.57000000000001,40.1175
2025-07-23 18:00:00+05:30,12.5625,87.045,41.55
2025-07-23 19:00:00+05:30,10.6725,87.64500000000001,40.3525
2025-07-23 20:00:00+05:30,11.7275,85.495,39.825
2025-07-23 21:00:00+05:30,15.636666666666665,83.27666666666667,39.965
2025-07-23 22:00:00+05:30,14.274999999999999,79.94333333333334,38.8425
2025-07-23 23:00:00+05:30,13.22,77.345,39.12
2025-07-24 00:00:00+05:30,14.92,75.62,38.12
2025-07-24 01:00:00+05:30,12.9975,75.62,38.18
2025-07-24 02:00:00+05:30,13.120000000000001,77.245,38.1975
2025-07-24 03:00:00+05:30,12.135,76.82000000000001,37.92
2025-07-24 04:00:00+05:30,10.9275,73.845,38.29
2025-07-24 05:00:00+05:30,8.71,76.845,39.06
2025-07-24 06:00:00+05:30,12.584999999999999,73.295,38.43
2025-07-24 07:00:00+05:30,13.91,71.42,37.567499999999995
2025-07-24 08:00:00+05:30,15.175,75.37,38.425
2025-07-24 09:00:00+05:30,15.7625,80.37,39.4875
2025-07-24 10:00:00+05:30,15.726666666666667,78.62,40.072500000000005
2025-07-24 11:00:00+05:30,16.2,77.65,39.212500000000006
2025-07-24 12:00:00+05:30,16.6725,72.245,38.8275
2025-07-24 13:00:00+05:30,17.4,70.595,38.480000000000004
2025-07-24 14:00:00+05:30,11.1325,63.03,36.9225
2025-07-24 15:00:00+05:30,15.276666666666666,63.419999999999995,38.656666666666666
2025-07-24 17:00:00+05:30,7.71,70.12,38.12
2025-07-24 18:00:00+05:30,6.505,63.295,38.427499999999995
2025-07-24 19:00:00+05:30,7.89,68.035,38.565
2025-07-24 20:00:00+05:30,6.9399999999999995,69.97333333333334,38.9225
2025-07-24 21:00:00+05:30,9.24,,43.010000000000005
2025-07-24 22:00:00+05:30,,,41.4675
2025-07-24 23:00:00+05:30,,,38.33
2025-07-25 00:00:00+05:30,17.29,,33.72
2025-07-25 01:00:00+05:30,13.670000000000002,,34.152499999999996
2025-07-25 02:00:00+05:30,14.55,,35.8525
2025-07-25 03:00:00+05:30,,,38.63
2025-07-25 04:00:00+05:30,,,39.8375
2025-07-25 05:00:00+05:30,,,37.105000000000004
2025-07-25 06:00:00+05:30,18.12,,37.215
2025-07-25 07:00:00+05:30,13.3275,,37.925
2025-07-25 08:00:00+05:30,17.119999999999997,,40.379999999999995
2025-07-25 09:00:00+05:30,,,38.72
2025-07-25 10:00:00+05:30,,,38.7825
2025-07-25 11:00:00+05:30,,,38.9825
2025-07-25 12:00:00+05:30,14.743333333333334,,38.565
2025-07-25 13:00:00+05:30,7.2325,71.62,37.1975
2025-07-25 14:00:00+05:30,10.817499999999999,71.62,37.167500000000004
2025-07-25 15:00:00+05:30,13.32,73.55250000000001,37.7825
2025-07-25 16:00:00+05:30,14.82,75.2675,38.475
2025-07-25 17:00:00+05:30,15.1875,72.72,39.4125
2025-07-25 18:00:00+05:30,14.2725,73.6975,38.535
2025-07-25 19:00:00+05:30,9.6625,78.3425,37.9375
2025-07-25 20:00:00+05:30,15.5525,70.7425,37.52
2025-07-25 21:00:00+05:30,14.3325,61.43,37.212500000000006
2025-07-25 22:00:00+05:30,15.905,62.987500000000004,36.705
2025-07-25 23:00:00+05:30,15.46,64.47500000000001,36.875
2025-07-26 00:00:00+05:30,12.82,62.62,36.12
2025-07-26 01:00:00+05:30,11.5825,62.2975,36.3675
2025-07-26 02:00:00+05:30,9.7525,61.474999999999994,36.55
2025-07-26 03:00:00+05:30,14.263333333333335,65.32666666666667,35.943333333333335
2025-07-26 04:00:00+05:30,11.05,69.78666666666668,39.025
2025-07-26 05:00:00+05:30,13.6425,69.1525,39.965
2025-07-26 06:00:00+05:30,9.7075,76.3525,39.9075
2025-07-26 07:00:00+05:30,13.1825,75.1425,37.97
2025-07-26 08:00:00+05:30,16.3075,78.215,37.76
2025-07-26 09:00:00+05:30,21.4,88.28666666666668,40.55
2025-07-26 10:00:00+05:30,17.9375,89.36500000000001,41.335
2025-07-26 11:00:00+05:30,17.16,85.22,41.105000000000004
2025-07-26 12:00:00+05:30,18.07,85.875,42.197500000000005
2025-07-26 13:00:00+05:30,15.66,82.95,43.165
2025-07-26 14:00:00+05:30,15.273333333333333,80.62,42.47
2025-07-26 15:00:00+05:30,18.8875,,42.925
2025-07-26 16:00:00+05:30,,,40.6875
2025-07-26 17:00:00+05:30,14.36,,39.72
2025-07-26 18:00:00+05:30,17.30333333333333,,39.6575
2025-07-26 19:00:00+05:30,12.78,,39.03
2025-07-26 20:00:00+05:30,9.396666666666667,74.12,40.6325
2025-07-26 21:00:00+05:30,12.88,,43.8825
2025-07-26 22:00:00+05:30,,,38.07
2025-07-26 23:00:00+05:30,11.59,,39.075
2025-07-27 00:00:00+05:30,,,39.92
2025-07-27 01:00:00+05:30,28.81,,40.042500000000004
2025-07-27 02:00:00+05:30,26.36,,40.81
2025-07-27 03:00:00+05:30,24.29,,41.55
2025-07-27 04:00:00+05:30,16.814999999999998,,40.535
2025-07-27 05:00:00+05:30,22.203333333333333,,39.8725
2025-07-27 06:00:00+05:30,18.9,,39.072500000000005
2025-07-27 07:00:00+05:30,,,38.8875
2025-07-27 08:00:00+05:30,19.535,,39.3525
2025-07-27 09:00:00+05:30,20.43,81.73,39.0125
2025-07-27 10:00:00+05:30,,,40.06
2025-07-27 11:00:00+05:30,22.06,,39.5525
2025-07-27 12:00:00+05:30,27.405,,38.2875
2025-07-27 13:00:00+05:30,,,37.69
2025-07-27 14:00:00+05:30,,,38.58
2025-07-27 15:00:00+05:30,19.119999999999997,,38.2925
2025-07-27 16:00:00+05:30,20.6325,,37.69
2025-07-27 17:00:00+05:30,11.13,,37.910000000000004
2025-07-27 18:00:00+05:30,,,36.705
2025-07-27 19:00:00+05:30,,,37.2425
2025-07-27 20:00:00+05:30,,,37.705
2025-07-27 21:00:00+05:30,19.1,,38.1825
2025-07-27 22:00:00+05:30,21.1025,,38.38
2025-07-27 23:00:00+05:30,23.23,,38.52
2025-07-28 00:00:00+05:30,,,37.92
2025-07-28 01:00:00+05:30,,,37.980000000000004
2025-07-28 02:00:00+05:30,,,38.12
2025-07-28 03:00:00+05:30,20.13,,38.163333333333334
2025-07-28 04:00:00+05:30,21.7375,,38.78
2025-07-28 05:00:00+05:30,20.35,,38.8575
2025-07-28 06:00:00+05:30,,,38.78
2025-07-28 07:00:00+05:30,,,38.92
2025-07-28 08:00:00+05:30,,,38.7975
2025-07-28 09:00:00+05:30,14.71,,38.4575
2025-07-28 10:00:00+05:30,19.355,,38.32
2025-07-28 11:00:00+05:30,20.67,,38.505
2025-07-28 12:00:00+05:30,,,38.55
2025-07-28 13:00:00+05:30,,,38.025
2025-07-28 14:00:00+05:30,,,38.66
2025-07-28 15:00:00+05:30,17.35,,38.52
2025-07-28 16:00:00+05:30,18.689999999999998,,38.52
2025-07-28 17:00:00+05:30,18.993333333333336,,38.212500000000006
2025-07-28 18:00:00+05:30,,,37.7025
2025-07-28 19:00:00+05:30,,,38.4875
2025-07-28 20:00:00+05:30,,,38.5875
2025-07-28 21:00:00+05:30,14.75,,36.675
2025-07-28 22:00:00+05:30,17.065,,36.67
2025-07-28 23:00:00+05:30,17.96,,37.72
2025-07-29 00:00:00+05:30,,,38.92
2025-07-29 01:00:00+05:30,,,38.4225
2025-07-29 02:00:00+05:30,,,37.442499999999995
2025-07-29 03:00:00+05:30,19.04,,37.8425
2025-07-29 04:00:00+05:30,20.0225,,38.1825
2025-07-29 05:00:00+05:30,17.69666666666667,,38.442499999999995
2025-07-29 06:00:00+05:30,,,38.5975
2025-07-29 07:00:00+05:30,,,37.8275
2025-07-29 08:00:00+05:30,,,36.5975
2025-07-29 09:00:00+05:30,23.5,,36.32
2025-07-29 10:00:00+05:30,16.945,,36.81
2025-07-29 11:00:00+05:30,17.855,,37.5525
2025-07-29 12:00:00+05:30,19.1,81.7025,36.8425
2025-07-29 13:00:00+05:30,17.4525,83.8875,37.4875
2025-07-29 14:00:00+05:30,15.8875,75.7525,37.1475
2025-07-29 15:00:00+05:30,18.0775,76.0275,35.13
2025-07-29 16:00:00+05:30,17.9025,80.07000000000001,36.6425
2025-07-29 17:00:00+05:30,17.4675,78.72,36.615
2025-07-29 18:00:00+05:30,15.6175,79.8375,36.165
2025-07-29 19:00:00+05:30,12.52,81.12,36.5975
2025-07-29 20:00:00+05:30,15.135,83.3375,36.505
2025-07-29 21:00:00+05:30,15.7425,88.1025,37.5925
2025-07-29 22:00:00+05:30,14.520000000000001,90.12,39.2425
2025-07-29 23:00:00+05:30,16.385,84.7275,39.7025
2025-07-30 00:00:00+05:30,15.04,78.62,40.32
2025-07-30 01:00:00+05:30,16.24,75.77000000000001,39.83
2025-07-30 02:00:00+05:30,13.55,71.2825,38.6575
2025-07-30 03:00:00+05:30,15.135,71.5125,38.52
2025-07-30 04:00:00+05:30,17.73,70.41250000000001,38.46
2025-07-30 05:00:00+05:30,17.0875,74.795,38.7475
2025-07-30 06:00:00+05:30,13.225,79.38,40.0925
2025-07-30 07:00:00+05:30,14.8325,79.805,40.615
2025-07-30 08:00:00+05:30,12.463333333333333,84.28666666666668,40.105000000000004
2025-07-30 09:00:00+05:30,15.2475,82.205,39.6
2025-07-30 10:00:00+05:30,15.24,79.30250000000001,37.58
2025-07-30 11:00:00+05:30,15.946666666666667,78.45333333333333,38.29
2025-07-30 12:00:00+05:30,14.915,80.0125,38.935
2025-07-30 13:00:00+05:30,13.1775,81.75,38.212500000000006
2025-07-30 14:00:00+05:30,13.2925,75.78750000000001,37.46
2025-07-30 15:00:00+05:30,13.395,77.48,37.26
2025-07-30 16:00:00+05:30,11.82,77.12,37.05
2025-07-30 17:00:00+05:30,11.7075,71.41250000000001,36.3975
2025-07-30 18:00:00+05:30,10.245000000000001,74.2175,36.489999999999995
2025-07-30 19:00:00+05:30,11.9875,78.8275,37.442499999999995
2025-07-30 20:00:00+05:30,13.705,79.17500000000001,37.4125
2025-07-30 21:00:00+05:30,11.106666666666667,78.62,36.8425
2025-07-30 22:00:00+05:30,10.934999999999999,77.99000000000001,36.9975
2025-07-30 23:00:00+05:30,10.485,79.1975,37.025
2025-07-31 00:00:00+05:30,10.88,79.12,39.12
2025-07-31 01:00:00+05:30,11.4875,79.435,38.815
2025-07-31 02:00:00+05:30,13.5275,77.41250000000001,38.61
2025-07-31 03:00:00+05:30,12.4675,74.86500000000001,39.415
2025-07-31 04:00:00+05:30,14.5825,73.805,38.66
2025-07-31 05:00:00+05:30,13.755,72.67500000000001,38.8875
2025-07-31 06:00:00+05:30,12.645,73.6975,40.0275
2025-07-31 07:00:00+05:30,13.0825,76.19,40.17
2025-07-31 08:00:00+05:30,11.4175,78.375,39.225
2025-07-31 09:00:00+05:30,16.0,79.62666666666667,40.475
2025-07-31 10:00:00+05:30,16.135,80.12,41.2875
2025-07-31 11:00:00+05:30,15.0275,80.12,40.875
2025-07-31 12:00:00+05:30,17.857499999999998,82.94500000000001,41.3875
2025-07-31 13:00:00+05:30,17.3825,79.2925,39.78
2025-07-31 14:00:00+05:30,16.44,77.12333333333333,39.85666666666666
2025-07-31 15:00:00+05:30,13.83,75.9225,38.875
2025-07-31 16:00:00+05:30,16.1925,80.26,38.1975
2025-07-31 17:00:00+05:30,16.8475,79.8525,38.2275
2025-07-31 18:00:00+05:30,15.2025,76.05000000000001,38.5525
2025-07-31 19:00:00+05:30,11.17,77.13333333333334,37.72
2025-07-31 20:00:00+05:30,10.15,82.62,36.72
2025-07-31 21:00:00+05:30,12.05,82.62,36.78
2025-07-31 22:00:00+05:30,10.806666666666667,81.62,36.7975
2025-07-31 23:00:00+05:30,11.03,76.12,37.92
2025-08-01 00:00:00+05:30,13.33,80.12,36.12
2025-08-01 01:00:00+05:30,12.553333333333333,78.745,36.4875
2025-08-01 02:00:00+05:30,11.5025,71.8075,37.38
2025-08-01 03:00:00+05:30,11.3875,72.3075,37.1525
2025-08-01 04:00:00+05:30,13.39,69.5575,36.875
2025-08-01 05:00:00+05:30,14.22,67.745,38.489999999999995
2025-08-01 06:00:00+05:30,12.285,68.4325,38.83
2025-08-01 07:00:00+05:30,12.49,71.76,38.269999999999996
2025-08-01 08:00:00+05:30,12.445,74.87,39.3975
2025-08-01 09:00:00+05:30,12.15,77.8075,39.7925
2025-08-01 10:00:00+05:30,11.315,83.8075,41.38
2025-08-01 11:00:00+05:30,14.453333333333333,93.37,41.72
2025-08-01 12:00:00+05:30,13.425,97.62,41.875
2025-08-01 13:00:00+05:30,15.14,96.12,41.32
2025-08-01 20:00:00+05:30,13.31,79.62,39.01
2025-08-01 21:00:00+05:30,11.05,77.12,39.32
2025-08-01 22:00:00+05:30,11.932500000000001,76.8075,39.26
2025-08-01 23:00:00+05:30,11.7675,76.87,38.817499999999995
2025-08-02 00:00:00+05:30,11.49,,39.32
2025-08-02 01:00:00+05:30,13.04,,38.6475
2025-08-02 02:00:00+05:30,,,39.5025
2025-08-02 03:00:00+05:30,,,42.11
2025-08-02 04:00:00+05:30,14.21,,35.5375
2025-08-02 05:00:00+05:30,13.4025,,35.1825
2025-08-02 06:00:00+05:30,9.37,,35.32
2025-08-02 07:00:00+05:30,10.9275,68.81333333333333,35.2575
2025-08-02 08:00:00+05:30,10.6975,65.4425,35.06
2025-08-02 09:00:00+05:30,5.9,66.2975,35.042500000000004
2025-08-02 10:00:00+05:30,9.325,70.42,35.442499999999995
2025-08-02 11:00:00+05:30,11.2775,74.92,35.8425
2025-08-02 12:00:00+05:30,12.6425,74.4425,35.9975
2025-08-02 13:00:00+05:30,12.02,73.43,36.3925
2025-08-02 14:00:00+05:30,11.645,69.575,37.4275
2025-08-02 15:00:00+05:30,7.949999999999999,68.36,36.1975
2025-08-02 16:00:00+05:30,6.105,,35.675
2025-08-02 17:00:00+05:30,7.745,,35.7925
2025-08-02 18:00:00+05:30,6.79,80.12,37.075
2025-08-02 19:00:00+05:30,6.4875,77.33250000000001,36.64
2025-08-02 20:00:00+05:30,9.135,79.97500000000001,36.7975
2025-08-02 21:00:00+05:30,7.285,83.24000000000001,36.52
2025-08-02 22:00:00+05:30,8.7325,80.52250000000001,36.52
2025-08-02 23:00:00+05:30,9.0475,75.83250000000001,36.275000000000006
2025-08-03 00:00:00+05:30,7.71,73.12,36.12
2025-08-03 01:00:00+05:30,8.79,72.14,35.815
2025-08-03 02:00:00+05:30,8.8575,66.6425,34.9975
2025-08-03 03:00:00+05:30,5.93,63.2625,34.8425
2025-08-03 04:00:00+05:30,4.92,62.12,35.2425
2025-08-03 05:00:00+05:30,4.895,64.5975,35.947500000000005
2025-08-03 06:00:00+05:30,5.37,60.545,36.2475
2025-08-03 07:00:00+05:30,7.8475,57.43,34.72
2025-08-03 08:00:00+05:30,8.4575,59.1675,35.265
2025-08-03 09:00:00+05:30,9.32,64.14750000000001,36.2725
2025-08-03 10:00:00+05:30,9.99,65.0725,35.965
2025-08-03 11:00:00+05:30,11.6375,63.5,36.212500000000006
2025-08-03 12:00:00+05:30,10.64,64.36,35.765
2025-08-03 13:00:00+05:30,13.07,65.12,36.3825
2025-08-03 14:00:00+05:30,13.093333333333334,65.36666666666667,36.6425
2025-08-03 15:00:00+05:30,12.76,74.25333333333333,37.410000000000004
2025-08-03 16:00:00+05:30,11.305,77.3525,38.1525
2025-08-03 17:00:00+05:30,10.8575,73.80250000000001,37.0125
2025-08-03 18:00:00+05:30,10.2725,68.9525,36.1375
2025-08-03 19:00:00+05:30,10.145,70.0975,36.21
2025-08-03 20:00:00+05:30,9.4625,70.69500000000001,37.32
2025-08-03 21:00:00+05:30,8.0725,76.315,37.1375
2025-08-03 22:00:00+05:30,9.092500000000001,78.88,36.66
2025-08-03 23:00:00+05:30,8.7175,76.2625,36.1525
2025-08-04 00:00:00+05:30,10.27,72.12,35.32
2025-08-04 01:00:00+05:30,10.067499999999999,70.5775,35.442499999999995
2025-08-04 02:00:00+05:30,9.6625,66.83250000000001,35.8425
2025-08-04 03:00:00+05:30,8.815,67.89500000000001,36.12
2025-08-04 04:00:00+05:30,8.643333333333333,68.62,35.935
2025-08-04 05:00:00+05:30,6.8825,66.3875,35.4575
2025-08-04 06:00:00+05:30,6.8475,64.3925,35.38
2025-08-04 07:00:00+05:30,6.68,64.85333333333334,36.17333333333334
2025-08-04 08:00:00+05:30,7.8325,64.5025,36.9975
2025-08-04 09:00:00+05:30,7.6875,61.0375,36.2925
2025-08-04 10:00:00+05:30,11.870000000000001,67.10000000000001,36.0525
2025-08-04 11:00:00+05:30,10.872499999999999,70.27000000000001,38.025
2025-08-04 12:00:00+05:30,11.9325,71.2775,38.17
2025-08-04 13:00:00+05:30,9.915,71.3925,36.86
2025-08-04 14:00:00+05:30,8.91,71.23750000000001,36.9675
2025-08-04 15:00:00+05:30,6.5,77.4525,38.4975
2025-08-04 16:00:00+05:30,5.245,82.045,40.045
2025-08-04 17:00:00+05:30,4.71,81.87,38.7675
2025-08-04 18:00:00+05:30,5.13,78.345,39.7475
2025-08-04 19:00:00+05:30,4.76,78.7675,39.985
2025-08-04 20:00:00+05:30,4.6325,79.19500000000001,41.4375
2025-08-04 21:00:00+05:30,3.9625,76.4725,47.42
2025-08-04 22:00:00+05:30,5.105,75.735,45.8975
2025-08-04 23:00:00+05:30,8.32,70.2625,46.53
2025-08-05 00:00:00+05:30,4.05,73.12,46.12
2025-08-05 01:00:00+05:30,4.5975,71.8925,44.715
2025-08-05 02:00:00+05:30,5.34,65.57,41.03
2025-08-05 03:00:00+05:30,5.3100000000000005,64.575,40.165
2025-08-05 04:00:00+05:30,5.0125,67.3475,38.9925
2025-08-05 05:00:00+05:30,4.403333333333333,64.87,34.875
2025-08-05 06:00:00+05:30,4.0375,61.3125,34.565
2025-08-05 07:00:00+05:30,3.9825,64.19,35.2425
2025-08-05 08:00:00+05:30,6.2125,65.8125,35.52
2025-08-05 09:00:00+05:30,7.53,69.0125,35.7025
2025-08-05 10:00:00+05:30,8.115,71.12,35.9375
2025-08-05 11:00:00+05:30,8.4725,75.745,35.885000000000005
2025-08-05 12:00:00+05:30,6.285,77.3925,36.11
2025-08-05 13:00:00+05:30,7.46,76.85,34.72
2025-08-05 15:00:00+05:30,7.29,77.62,36.22
2025-08-05 16:00:00+05:30,6.115,79.12,36.166666666666664
2025-08-05 17:00:00+05:30,5.053333333333334,77.89333333333333,36.556666666666665
2025-08-05 18:00:00+05:30,4.995,77.315,36.32
2025-08-05 19:00:00+05:30,4.4799999999999995,77.12,36.38
2025-08-05 20:00:00+05:30,4.695,75.89750000000001,36.2775
2025-08-05 21:00:00+05:30,4.5633333333333335,75.12,35.67666666666667
2025-08-05 22:00:00+05:30,4.76,73.62,36.52
2025-08-05 23:00:00+05:30,4.255,71.78750000000001,36.7025
2025-08-06 00:00:00+05:30,4.54,72.62,34.32
2025-08-06 01:00:00+05:30,4.605,72.26,34.586666666666666
2025-08-06 02:00:00+05:30,3.9175,70.8925,35.7375
2025-08-06 03:00:00+05:30,3.4975,69.815,36.8775
2025-08-06 04:00:00+05:30,4.085,70.53750000000001,36.32
2025-08-06 05:00:00+05:30,3.915,70.2025,36.505
2025-08-06 06:00:00+05:30,2.5225,66.87,37.1025
2025-08-06 07:00:00+05:30,3.0725,65.12,37.215
2025-08-06 08:00:00+05:30,3.8575,67.565,36.765
2025-08-06 09:00:00+05:30,4.426666666666667,70.56333333333333,37.52
2025-08-06 10:00:00+05:30,6.1125,71.51,37.7975
2025-08-06 11:00:00+05:30,6.8149999999999995,73.87,37.52
2025-08-06 12:00:00+05:30,5.3100000000000005,75.01,37.2175
2025-08-06 13:00:00+05:30,7.316666666666666,74.4,36.8875
2025-08-06 14:00:00+05:30,7.2225,73.92500000000001,37.2275
2025-08-06 15:00:00+05:30,6.3375,75.03750000000001,36.364999999999995
2025-08-06 16:00:00+05:30,5.395,78.66250000000001,37.47
2025-08-06 17:00:00+05:30,5.78,77.87,38.66
2025-08-06 18:00:00+05:30,4.6475,82.8125,39.4375
2025-08-06 19:00:00+05:30,3.645,80.42750000000001,41.52
2025-08-06 20:00:00+05:30,3.6625,74.295,40.900000000000006
2025-08-06 21:00:00+05:30,3.6275,74.64,39.765
2025-08-06 22:00:00+05:30,3.4625,75.01,40.87
2025-08-06 23:00:00+05:30,4.0625,72.49000000000001,42.18
2025-08-07 00:00:00+05:30,3.32,62.62,41.92
2025-08-07 01:00:00+05:30,2.9166666666666665,59.12,41.370000000000005
2025-08-07 02:00:00+05:30,2.8825000000000003,62.1625,40.7925
2025-08-07 03:00:00+05:30,6.225,69.595,41.28
2025-08-07 04:00:00+05:30,6.1975,67.34,38.7975
2025-08-07 05:00:00+05:30,6.0775,62.099999999999994,37.97
2025-08-07 06:00:00+05:30,4.1825,55.339999999999996,36.17
2025-08-07 07:00:00+05:30,2.5925000000000002,51.925,35.3475
2025-08-07 08:00:00+05:30,3.16,52.425,36.015
2025-08-07 09:00:00+05:30,3.5725,53.8375,35.32
2025-08-07 10:00:00+05:30,6.8475,55.2275,35.567499999999995
2025-08-07 11:00:00+05:30,4.4925,61.400000000000006,36.5525
2025-08-07 12:00:00+05:30,5.359999999999999,66.28,37.6425
2025-08-07 13:00:00+05:30,7.13,74.86,37.615
2025-08-07 14:00:00+05:30,6.16,71.2325,36.675
2025-08-07 15:00:00+05:30,5.1850000000000005,66.5125,36.4875
2025-08-07 16:00:00+05:30,4.503333333333333,67.12,36.586666666666666
2025-08-07 17:00:00+05:30,4.6125,69.4375,35.6425
2025-08-07 18:00:00+05:30,4.04,66.97,36.3525
2025-08-07 19:00:00+05:30,2.955,69.1825,37.0125
2025-08-07 20:00:00+05:30,2.6799999999999997,70.9025,36.87
2025-08-07 21:00:00+05:30,2.7474999999999996,70.7275,38.0
2025-08-07 22:00:00+05:30,3.5725,69.0,37.66
2025-08-07 23:00:00+05:30,3.973333333333333,72.12,37.52
2025-08-08 00:00:00+05:30,3.97,57.62,36.72
2025-08-08 01:00:00+05:30,3.495,69.73,39.125
2025-08-08 02:00:00+05:30,2.675,77.015,42.825
2025-08-08 03:00:00+05:30,3.635,83.8875,37.9425
2025-08-08 04:00:00+05:30,3.7424999999999997,80.7475,36.2125
2025-08-08 05:00:00+05:30,4.42,72.29,36.8925
2025-08-08 06:00:00+05:30,4.415,68.605,36.225
2025-08-08 07:00:00+05:30,3.3449999999999998,72.16250000000001,39.18
2025-08-08 08:00:00+05:30,3.935,76.9375,43.4025
2025-08-08 09:00:00+05:30,4.75,77.59,40.28
2025-08-08 10:00:00+05:30,4.239999999999999,76.62,39.06333333333333
2025-08-08 11:00:00+05:30,5.24,77.7225,39.865
2025-08-08 12:00:00+05:30,8.745000000000001,79.6275,38.165
2025-08-08 13:00:00+05:30,7.5775,76.38,38.415
2025-08-08 14:00:00+05:30,5.93,72.41,38.6375
2025-08-08 15:00:00+05:30,5.2975,71.62,39.865
2025-08-08 16:00:00+05:30,4.5425,77.64750000000001,37.92
2025-08-08 17:00:00+05:30,6.9825,83.1275,37.7975
2025-08-08 18:00:00+05:30,4.695,81.4075,38.010000000000005
2025-08-08 19:00:00+05:30,3.745,76.60000000000001,38.317499999999995
2025-08-08 20:00:00+05:30,3.6225,79.4475,36.6425
2025-08-08 21:00:00+05:30,3.93,80.8125,36.92
2025-08-08 22:00:00+05:30,4.76,79.62,36.92
2025-08-08 23:00:00+05:30,5.545,63.12,37.5325
2025-08-09 00:00:00+05:30,6.46,68.62,37.92
2025-08-09 01:00:00+05:30,5.625,70.73,37.980000000000004
2025-08-09 02:00:00+05:30,6.5175,73.325,38.12
2025-08-09 03:00:00+05:30,4.8,70.59333333333335,38.0
2025-08-09 05:00:00+05:30,5.83,59.62,37.52
2025-08-09 06:00:00+05:30,4.425,59.32,37.09
2025-08-09 07:00:00+05:30,5.56,60.06333333333333,36.169999999999995
2025-08-09 08:00:00+05:30,6.47,67.12,37.92
2025-08-09 09:00:00+05:30,6.57,66.37,38.3475
2025-08-09 10:00:00+05:30,7.2,70.42,39.38
2025-08-09 11:00:00+05:30,9.74,76.82000000000001,39.215
2025-08-09 12:00:00+05:30,9.84,69.82000000000001,38.52
2025-08-09 13:00:00+05:30,6.4575,70.045,38.3975
2025-08-09 14:00:00+05:30,6.2299999999999995,73.9225,38.2425
2025-08-09 15:00:00+05:30,5.95,76.82000000000001,38.947500000000005
2025-08-09 16:00:00+05:30,5.905,80.12,39.7375
2025-08-09 17:00:00+05:30,4.8825,80.5175,38.8925
2025-08-09 18:00:00+05:30,4.16,80.42,38.47
2025-08-09 19:00:00+05:30,3.8425,80.62,39.72
2025-08-09 20:00:00+05:30,4.51,76.42,39.8425
2025-08-09 21:00:00+05:30,5.023333333333333,72.45333333333333,40.2425
2025-08-09 22:00:00+05:30,4.925,70.32000000000001,40.337500000000006
2025-08-09 23:00:00+05:30,6.415,69.82000000000001,39.31
2025-08-11 11:00:00+05:30,11.006666666666668,77.62,39.36666666666667
2025-08-11 12:00:00+05:30,6.83,72.5675,39.525
2025-08-11 13:00:00+05:30,10.2725,73.595,37.965
2025-08-11 14:00:00+05:30,8.3325,72.755,38.1525
2025-08-11 15:00:00+05:30,7.553333333333334,74.12,37.32
2025-08-11 16:00:00+05:30,6.0575,74.635,37.7475
2025-08-11 17:00:00+05:30,6.835,72.43,38.235
2025-08-11 18:00:00+05:30,6.465,71.025,36.8125
2025-08-11 19:00:00+05:30,8.9775,69.43,36.8525
2025-08-11 20:00:00+05:30,11.805,67.7275,38.1525
2025-08-11 21:00:00+05:30,7.525,67.415,37.075
2025-08-11 22:00:00+05:30,10.34,67.3225,36.7025
2025-08-11 23:00:00+05:30,6.6175,61.4725,36.575
2025-08-12 00:00:00+05:30,14.29,60.62,35.12
2025-08-12 01:00:00+05:30,11.236666666666666,58.553333333333335,35.425
2025-08-12 02:00:00+05:30,11.66,57.31,35.815
2025-08-12 03:00:00+05:30,6.69,53.644999999999996,35.2425
2025-08-12 04:00:00+05:30,5.5625,54.78,36.375
2025-08-12 05:00:00+05:30,4.7625,56.7325,39.0525
2025-08-12 06:00:00+05:30,8.2525,56.4175,39.4975
2025-08-12 07:00:00+05:30,7.825,57.512499999999996,37.0875
2025-08-12 08:00:00+05:30,9.2875,58.7125,37.315
2025-08-12 09:00:00+05:30,11.2525,61.7825,36.47
2025-08-12 10:00:00+05:30,11.2425,66.86500000000001,37.9025
2025-08-12 11:00:00+05:30,9.765,71.19,37.957499999999996
2025-08-12 12:00:00+05:30,11.6775,73.81,37.61
2025-08-12 13:00:00+05:30,10.455,73.7175,38.295
2025-08-12 14:00:00+05:30,11.773333333333333,71.52666666666667,37.565
2025-08-12 15:00:00+05:30,6.43,73.38,37.935
2025-08-12 16:00:00+05:30,6.055,69.795,37.0925
2025-08-12 17:00:00+05:30,6.1325,65.5275,36.5475
2025-08-12 18:00:00+05:30,6.63,64.5275,37.64
2025-08-12 19:00:00+05:30,4.115,62.644999999999996,39.02
2025-08-12 20:00:00+05:30,3.3275,63.987500000000004,41.1525
2025-08-12 21:00:00+05:30,5.375,66.80250000000001,39.525
2025-08-12 22:00:00+05:30,5.092499999999999,65.55000000000001,39.37
2025-08-12 23:00:00+05:30,5.895,61.457499999999996,40.614999999999995
2025-08-13 00:00:00+05:30,8.02,56.12,38.12
2025-08-13 01:00:00+05:30,7.055,56.12,37.51
2025-08-13 02:00:00+05:30,6.305,59.62,35.9375
2025-08-13 03:00:00+05:30,7.975,57.26,35.3975
2025-08-13 04:00:00+05:30,7.37,55.62,34.9975
2025-08-13 05:00:00+05:30,7.21,56.7975,36.2475
2025-08-13 06:00:00+05:30,8.08,62.12,36.12
2025-08-13 07:00:00+05:30,9.9725,60.3525,36.8525
2025-08-13 08:00:00+05:30,7.545,61.474999999999994,38.03
2025-08-13 09:00:00+05:30,6.43,61.9375,36.6775
2025-08-13 10:00:00+05:30,6.5575,63.18,36.18
2025-08-13 11:00:00+05:30,6.6325,61.379999999999995,34.915
2025-08-13 12:00:00+05:30,8.285,60.599999999999994,32.76
2025-08-13 13:00:00+05:30,5.35,62.7975,35.67
2025-08-13 14:00:00+05:30,7.510000000000001,62.49,36.7975
2025-08-13 15:00:00+05:30,6.865,63.62,36.2175
2025-08-13 16:00:00+05:30,3.6025,66.27000000000001,36.13
2025-08-13 17:00:00+05:30,3.2125,65.4575,37.3975
2025-08-13 18:00:00+05:30,3.4725,60.1025,37.4875
2025-08-13 19:00:00+05:30,4.82,61.7425,39.3625
2025-08-13 20:00:00+05:30,5.1425,63.1475,41.0475
2025-08-13 21:00:00+05:30,5.07,58.879999999999995,39.095
2025-08-13 22:00:00+05:30,4.7700000000000005,56.915,38.305
2025-08-13 23:00:00+05:30,5.775,55.067499999999995,39.205
2025-08-14 00:00:00+05:30,14.72,61.62,36.72
2025-08-14 01:00:00+05:30,10.1875,66.31,36.9025
2025-08-14 02:00:00+05:30,6.4925,64.345,37.015
2025-08-14 03:00:00+05:30,5.5125,60.03,37.48
2025-08-14 04:00:00+05:30,5.9725,56.1025,38.715
2025-08-14 05:00:00+05:30,5.02,55.62,35.7025
2025-08-14 06:00:00+05:30,7.8149999999999995,56.205,36.06
2025-08-14 07:00:00+05:30,10.886666666666665,53.48333333333333,35.836666666666666
2025-08-14 08:00:00+05:30,8.2175,46.379999999999995,34.72
2025-08-14 09:00:00+05:30,3.4325,47.637499999999996,34.5375
2025-08-14 10:00:00+05:30,3.8025,49.535,34.12
2025-08-14 11:00:00+05:30,4.645,47.655,34.425
2025-08-14 12:00:00+05:30,4.235,46.62,34.9975
2025-08-14 13:00:00+05:30,4.5225,48.6725,34.66
2025-08-14 14:00:00+05:30,6.202500000000001,56.01,35.795
2025-08-14 15:00:00+05:30,10.685,,38.72
2025-08-14 16:00:00+05:30,10.113333333333333,60.12,38.114999999999995
2025-08-14 17:00:00+05:30,8.735,56.912499999999994,36.5975
2025-08-14 18:00:00+05:30,8.3025,52.567499999999995,36.0175
2025-08-14 19:00:00+05:30,10.76,51.995,35.32
2025-08-14 20:00:00+05:30,11.386666666666665,50.62,35.075
2025-08-14 21:00:00+05:30,6.6375,48.62,35.375
2025-08-14 23:00:00+05:30,4.44,52.495,37.1575
2025-08-15 00:00:00+05:30,2.92,50.62,37.72
2025-08-15 01:00:00+05:30,2.7600000000000002,52.0775,38.21
2025-08-15 02:00:00+05:30,3.6475,50.12,39.0775
2025-08-15 03:00:00+05:30,2.635,50.6725,38.52
2025-08-15 04:00:00+05:30,3.9,52.995,38.52
2025-08-15 05:00:00+05:30,4.295,58.5775,38.3975
2025-08-15 06:00:00+05:30,4.1075,61.537499999999994,38.2425
2025-08-15 07:00:00+05:30,5.8125,58.495,37.237500000000004
2025-08-15 08:00:00+05:30,4.703333333333333,55.62,34.075
2025-08-15 09:00:00+05:30,5.0625,49.846666666666664,33.46
2025-08-15 10:00:00+05:30,5.845,51.662499999999994,33.442499999999995
2025-08-15 11:00:00+05:30,5.2425,51.662499999999994,33.78
2025-08-15 12:00:00+05:30,6.18,49.75,34.042500000000004
2025-08-15 13:00:00+05:30,12.0125,52.3275,34.442499999999995
2025-08-15 14:00:00+05:30,7.6375,54.037499999999994,34.66
2025-08-15 15:00:00+05:30,8.336666666666668,53.23,34.92666666666667
2025-08-15 16:00:00+05:30,5.5625,53.12,35.337500000000006
2025-08-15 17:00:00+05:30,4.825,53.412499999999994,36.57
2025-08-15 18:00:00+05:30,3.2975,53.3275,40.625
2025-08-15 19:00:00+05:30,2.935,53.7025,41.38
2025-08-15 20:00:00+05:30,4.9125,53.245,39.870000000000005
2025-08-15 21:00:00+05:30,9.816666666666668,57.06333333333333,36.425
2025-08-15 22:00:00+05:30,9.1975,64.56333333333333,36.3875
2025-08-15 23:00:00+05:30,8.907499999999999,61.62,36.0025
2025-08-16 00:00:00+05:30,15.49,58.62,33.52
2025-08-16 01:00:00+05:30,20.645,64.42500000000001,34.010000000000005
2025-08-16 02:00:00+05:30,11.6275,68.33,34.9375
2025-08-16 03:00:00+05:30,12.0275,56.4525,34.212500000000006
2025-08-16 04:00:00+05:30,18.4975,51.3125,33.46
2025-08-16 05:00:00+05:30,10.2075,52.75,33.565
2025-08-16 06:00:00+05:30,7.16,51.54,34.06
2025-08-16 07:00:00+05:30,4.755,49.6675,33.980000000000004
2025-08-16 08:00:00+05:30,5.5275,51.537499999999994,34.545
2025-08-16 09:00:00+05:30,5.467499999999999,52.162499999999994,35.1475
2025-08-16 10:00:00+05:30,11.43,50.9,34.565
2025-08-16 11:00:00+05:30,9.4775,53.2325,35.605
2025-08-16 12:00:00+05:30,12.01,53.0875,36.23
2025-08-16 13:00:00+05:30,14.1,54.522499999999994,35.61
2025-08-16 14:00:00+05:30,15.004999999999999,55.175,37.582499999999996
2025-08-16 15:00:00+05:30,7.3525,56.72,38.612500000000004
2025-08-16 16:00:00+05:30,7.4875,55.7025,36.215
2025-08-16 17:00:00+05:30,18.244999999999997,59.6875,35.58
2025-08-16 18:00:00+05:30,17.185,67.3125,35.475
2025-08-16 19:00:00+05:30,15.9,68.75,35.225
2025-08-16 20:00:00+05:30,12.996666666666668,68.12,35.89
2025-08-16 21:00:00+05:30,10.715,73.03,35.58
2025-08-16 22:00:00+05:30,11.4825,74.8875,35.839999999999996
2025-08-16 23:00:00+05:30,13.56,72.465,36.302499999999995
2025-08-18 11:00:00+05:30,20.7,57.12,38.52
2025-08-18 12:00:00+05:30,22.0625,59.42,37.602500000000006
2025-08-18 13:00:00+05:30,22.1175,61.695,35.822500000000005
2025-08-18 14:00:00+05:30,24.38,67.12,37.52
2025-08-18 15:00:00+05:30,19.185000000000002,67.405,37.215
2025-08-18 16:00:00+05:30,15.377500000000001,66.7625,36.8875
2025-08-18 17:00:00+05:30,10.0275,63.82,36.9875
2025-08-18 18:00:00+05:30,15.715,61.545,35.5025
2025-08-18 19:00:00+05:30,19.4425,65.4125,36.3475
2025-08-18 20:00:00+05:30,16.8675,69.4775,37.38
2025-08-18 21:00:00+05:30,13.15,69.83500000000001,37.52
2025-08-18 22:00:00+05:30,19.61,66.745,37.46
2025-08-18 23:00:00+05:30,12.133333333333333,64.12,37.26
2025-08-19 00:00:00+05:30,10.51,63.62,36.72
2025-08-19 01:00:00+05:30,13.934999999999999,59.3275,36.5375
2025-08-19 02:00:00+05:30,14.2075,58.41,36.06
2025-08-19 03:00:00+05:30,11.4275,61.55,36.2875
2025-08-19 04:00:00+05:30,17.560000000000002,59.76,36.4475
2025-08-19 05:00:00+05:30,17.765,51.324999999999996,35.2275
2025-08-19 06:00:00+05:30,29.2825,51.769999999999996,35.4925
2025-08-19 07:00:00+05:30,33.415,58.7675,34.52
2025-08-19 08:00:00+05:30,26.855,62.837500000000006,35.010000000000005
2025-08-19 09:00:00+05:30,28.52,62.1175,36.3625
2025-08-19 10:00:00+05:30,28.49,66.03,37.1025
2025-08-19 11:00:00+05:30,31.4175,64.97,37.095
2025-08-19 12:00:00+05:30,28.2575,62.55,36.06
2025-08-19 13:00:00+05:30,24.253333333333334,61.669999999999995,35.92
2025-08-19 14:00:00+05:30,24.169999999999998,62.5375,36.3475
2025-08-19 15:00:00+05:30,27.9775,68.8225,37.1375
2025-08-19 16:00:00+05:30,30.240000000000002,68.62,36.78
2025-08-19 17:00:00+05:30,26.495,65.905,36.86
2025-08-19 18:00:00+05:30,28.24666666666667,68.41000000000001,37.21
2025-08-19 19:00:00+05:30,19.4825,69.405,37.495000000000005
2025-08-19 20:00:00+05:30,27.32,67.6175,37.005
2025-08-19 21:00:00+05:30,28.467499999999998,63.83,38.0
2025-08-19 22:00:00+05:30,28.886666666666667,63.18333333333334,37.78
2025-08-19 23:00:00+05:30,24.555,68.3225,38.52
2025-08-20 00:00:00+05:30,24.43,67.12,36.72
2025-08-20 01:00:00+05:30,29.1425,63.9875,36.78
2025-08-20 02:00:00+05:30,12.59,64.12,36.12
2025-08-20 03:00:00+05:30,26.37,65.5425,36.18
2025-08-20 04:00:00+05:30,19.3325,64.9125,36.5025
2025-08-20 05:00:00+05:30,22.349999999999998,65.61250000000001,36.800000000000004
2025-08-20 06:00:00+05:30,28.3525,64.5575,36.337500000000006
2025-08-20 07:00:00+05:30,21.7675,62.05,36.345
2025-08-20 08:00:00+05:30,24.2075,66.46000000000001,37.745
2025-08-20 09:00:00+05:30,21.433333333333334,70.33000000000001,38.6
2025-08-20 10:00:00+05:30,24.9425,72.47500000000001,38.32
2025-08-20 11:00:00+05:30,21.5425,71.7025,38.38
2025-08-20 12:00:00+05:30,22.38,70.3375,38.4
2025-08-20 13:00:00+05:30,22.3825,71.26,37.9975
2025-08-20 14:00:00+05:30,20.552500000000002,74.3875,37.78
2025-08-20 15:00:00+05:30,19.53,74.98750000000001,37.980000000000004
2025-08-20 16:00:00+05:30,16.7925,76.39750000000001,38.24
2025-08-20 17:00:00+05:30,16.072499999999998,77.55250000000001,38.3975
2025-08-20 18:00:00+05:30,14.620000000000001,71.71000000000001,37.875
2025-08-20 19:00:00+05:30,17.3525,69.03750000000001,37.2
2025-08-20 20:00:00+05:30,12.815,65.3025,36.43
2025-08-20 21:00:00+05:30,14.195,61.334999999999994,36.0525
2025-08-20 22:00:00+05:30,20.902500000000003,56.5875,36.9925
2025-08-20 23:00:00+05:30,25.175,56.802499999999995,35.985
2025-08-21 00:00:00+05:30,17.08,57.12,36.12
2025-08-21 01:00:00+05:30,19.125,63.07,36.4225
2025-08-21 02:00:00+05:30,15.540000000000001,71.62,37.3625
2025-08-21 03:00:00+05:30,15.385,72.7525,37.7375
2025-08-21 04:00:00+05:30,13.3575,69.6525,36.9525
2025-08-21 05:00:00+05:30,15.97,65.775,35.9375
2025-08-21 06:00:00+05:30,11.532499999999999,66.8125,35.8825
2025-08-21 07:00:00+05:30,13.2125,68.12,36.78
2025-08-21 08:00:00+05:30,11.8775,67.8375,36.92
2025-08-21 09:00:00+05:30,15.0375,68.7475,37.165
2025-08-21 10:00:00+05:30,12.725000000000001,67.64750000000001,37.4775
2025-08-21 11:00:00+05:30,12.3625,67.2525,36.92
2025-08-21 12:00:00+05:30,13.71,71.12,36.32
2025-08-21 13:00:00+05:30,14.5475,69.98750000000001,36.5625
2025-08-21 14:00:00+05:30,15.3875,67.9925,36.7525
2025-08-21 15:00:00+05:30,15.01,72.22,36.1625
2025-08-21 16:00:00+05:30,12.387500000000001,74.9825,36.72
2025-08-21 17:00:00+05:30,11.5625,73.55250000000001,36.8425
2025-08-21 18:00:00+05:30,14.2975,74.2475,37.0
2025-08-21 19:00:00+05:30,11.653333333333334,71.74333333333334,36.52
2025-08-21 20:00:00+05:30,13.445,68.53,36.364999999999995
2025-08-21 21:00:00+05:30,10.57,67.08250000000001,36.980000000000004
2025-08-21 22:00:00+05:30,11.58,66.2475,36.695
2025-08-21 23:00:00+05:30,10.905,65.9925,35.9025
2025-08-22 00:00:00+05:30,14.34,62.12,36.12
2025-08-22 01:00:00+05:30,15.537500000000001,62.685,36.18
2025-08-22 02:00:00+05:30,18.384999999999998,63.685,36.26
2025-08-22 03:00:00+05:30,14.3375,63.84,36.18
2025-08-22 04:00:00+05:30,16.732499999999998,66.44,36.44
2025-08-22 05:00:00+05:30,12.9625,66.9375,36.78
2025-08-22 06:00:00+05:30,14.145,64.775,36.6775
2025-08-22 07:00:00+05:30,14.695,63.2775,36.12
2025-08-22 08:00:00+05:30,15.0,62.06,36.2425
2025-08-22 09:00:00+05:30,16.545,61.62,36.58
2025-08-22 10:00:00+05:30,11.235000000000001,57.6725,36.295
2025-08-22 11:00:00+05:30,12.435,59.129999999999995,35.805
2025-08-22 12:00:00+05:30,22.913333333333338,65.55,36.72
2025-08-22 13:00:00+05:30,14.5,60.12,35.71
2025-08-22 14:00:00+05:30,15.537500000000001,62.3725,35.6225
2025-08-22 15:00:00+05:30,11.99,64.12,36.1375
2025-08-22 17:00:00+05:30,15.77,68.12,36.52
2025-08-22 18:00:00+05:30,15.785,68.68,36.2775
2025-08-22 19:00:00+05:30,14.91,65.4725,35.66
2025-08-22 22:00:00+05:30,10.536666666666667,60.25,35.75666666666667
2025-08-22 23:00:00+05:30,13.535,60.7425,35.337500000000006
2025-08-23 00:00:00+05:30,19.07,61.62,36.12
2025-08-23 01:00:00+05:30,17.08,60.376666666666665,36.163333333333334
2025-08-23 12:00:00+05:30,20.516666666666666,71.97000000000001,36.75333333333334
2025-08-23 13:00:00+05:30,23.4825,70.06,35.800000000000004
2025-08-23 14:00:00+05:30,17.1175,68.78,35.3975
2025-08-23 15:00:00+05:30,19.8,66.9975,35.302499999999995
2025-08-23 16:00:00+05:30,18.84,68.08500000000001,35.78
2025-08-23 17:00:00+05:30,17.34,71.015,36.1025
2025-08-23 18:00:00+05:30,15.795,73.23,36.3975
2025-08-23 19:00:00+05:30,16.03,69.92,35.9375
2025-08-23 20:00:00+05:30,13.817499999999999,67.17750000000001,35.46
2025-08-23 21:00:00+05:30,14.89,67.0625,35.442499999999995
2025-08-23 22:00:00+05:30,14.805,65.22500000000001,35.5975
2025-08-23 23:00:00+05:30,16.203333333333333,62.06333333333333,35.29333333333333
2025-08-24 00:00:00+05:30,16.47,61.62,35.12
2025-08-24 01:00:00+05:30,16.5075,61.339999999999996,35.605
2025-08-24 02:00:00+05:30,13.0,58.6075,36.23
2025-08-24 03:00:00+05:30,14.08,57.457499999999996,35.06
2025-08-24 04:00:00+05:30,12.9025,59.795,35.042500000000004
2025-08-24 05:00:00+05:30,13.9675,61.4,35.075
2025-08-24 06:00:00+05:30,17.0925,63.295,34.58
2025-08-24 07:00:00+05:30,17.545,63.2275,34.66
2025-08-24 08:00:00+05:30,19.2425,62.675,34.825
2025-08-24 09:00:00+05:30,16.8925,63.675000000000004,35.822500000000005
2025-08-24 10:00:00+05:30,22.2775,65.515,36.1525
2025-08-24 11:00:00+05:30,26.0075,73.8425,35.5025
2025-08-24 12:00:00+05:30,20.849999999999998,70.12,35.6775
2025-08-24 13:00:00+05:30,18.235,68.17500000000001,35.0
2025-08-24 14:00:00+05:30,19.8525,65.78750000000001,34.9025
2025-08-24 15:00:00+05:30,20.2175,66.5125,35.38
2025-08-24 16:00:00+05:30,29.44,67.89750000000001,35.822500000000005
2025-08-24 17:00:00+05:30,17.515,69.51,36.337500000000006
2025-08-24 18:00:00+05:30,20.37,68.39750000000001,35.86
2025-08-24 19:00:00+05:30,13.665,65.5025,35.72
2025-08-24 20:00:00+05:30,14.4725,65.73,35.5975
2025-08-24 21:00:00+05:30,13.895,63.2875,35.745
2025-08-24 22:00:00+05:30,14.8375,60.62,36.4175
2025-08-24 23:00:00+05:30,12.870000000000001,60.3425,35.72
2025-08-25 00:00:00+05:30,13.38,59.12,36.32
2025-08-25 01:00:00+05:30,13.24,57.7375,35.835
2025-08-25 02:00:00+05:30,13.643333333333333,56.724999999999994,34.78
2025-08-25 03:00:00+05:30,10.254999999999999,59.0025,35.222500000000004
2025-08-25 04:00:00+05:30,11.2125,59.8425,35.615
2025-08-25 05:00:00+05:30,10.2925,60.1725,34.86
2025-08-25 06:00:00+05:30,15.59,58.685,34.8425
2025-08-25 07:00:00+05:30,25.495,57.12,35.24
2025-08-25 08:00:00+05:30,16.705,56.567499999999995,35.2175
2025-08-25 09:00:00+05:30,16.302500000000002,55.015,34.52
2025-08-25 10:00:00+05:30,12.383333333333333,55.93666666666667,34.56333333333333
2025-08-25 11:00:00+05:30,14.546666666666667,60.1,35.04
2025-08-25 12:00:00+05:30,17.0125,58.12,35.2875
2025-08-25 13:00:00+05:30,19.1225,57.224999999999994,35.575
2025-08-25 14:00:00+05:30,18.67,60.885,34.44
2025-08-25 15:00:00+05:30,16.3625,65.6075,34.9625
2025-08-25 16:00:00+05:30,19.990000000000002,68.1725,35.337500000000006
2025-08-25 17:00:00+05:30,14.469999999999999,69.62,35.0
2025-08-25 18:00:00+05:30,12.717500000000001,67.13250000000001,35.0
2025-08-25 19:00:00+05:30,13.067499999999999,72.3425,34.78
2025-08-25 20:00:00+05:30,12.01,77.5675,35.042500000000004
2025-08-25 21:00:00+05:30,10.02,75.185,35.1975
2025-08-25 22:00:00+05:30,12.7875,70.30250000000001,34.92
2025-08-25 23:00:00+05:30,10.5325,64.045,34.92
2025-08-26 00:00:00+05:30,15.49,59.12,35.12
2025-08-26 01:00:00+05:30,13.985,59.67,34.8775
2025-08-26 02:00:00+05:30,12.7375,59.29,34.5025
2025-08-26 03:00:00+05:30,15.0425,59.724999999999994,35.285
2025-08-26 04:00:00+05:30,12.695,60.345,35.817499999999995
2025-08-26 05:00:00+05:30,13.282499999999999,61.5025,35.4825
2025-08-26 06:00:00+05:30,11.6775,64.545,36.0175
2025-08-26 07:00:00+05:30,10.083333333333334,65.92,35.075
2025-08-26 08:00:00+05:30,9.6375,63.02,34.7625
2025-08-26 09:00:00+05:30,13.7225,62.62,35.26
2025-08-26 10:00:00+05:30,10.79,63.62,34.92
2025-08-26 11:00:00+05:30,17.6025,64.445,35.525000000000006
2025-08-26 12:00:00+05:30,15.0425,60.72,35.697500000000005
2025-08-26 13:00:00+05:30,13.05,57.12,33.410000000000004
2025-08-26 14:00:00+05:30,15.92,59.595,34.46
2025-08-26 15:00:00+05:30,14.1575,63.27,34.925
2025-08-26 16:00:00+05:30,13.14,64.345,36.0775
2025-08-26 17:00:00+05:30,12.775,66.32000000000001,35.6425
2025-08-26 18:00:00+05:30,10.4525,68.67,36.222500000000004
2025-08-26 19:00:00+05:30,6.0325,66.37,37.04
2025-08-26 20:00:00+05:30,5.02,64.94500000000001,37.442499999999995
2025-08-26 21:00:00+05:30,5.1625,63.97,38.0225
2025-08-26 22:00:00+05:30,7.315,62.62,38.295
2025-08-26 23:00:00+05:30,5.375,60.87,37.0175
2025-08-27 00:00:00+05:30,3.99,58.12,35.12
2025-08-27 01:00:00+05:30,4.83,62.225,35.364999999999995
2025-08-27 04:00:00+05:30,9.3775,60.22,34.6425
2025-08-27 05:00:00+05:30,6.415,60.5725,34.86
2025-08-27 06:00:00+05:30,6.359999999999999,58.53333333333333,34.72
2025-08-27 08:00:00+05:30,4.373333333333334,62.620000000000005,35.199999999999996
2025-08-27 09:00:00+05:30,4.63,65.52,35.18666666666667
2025-08-27 10:00:00+05:30,3.9050000000000002,65.025,35.95
2025-08-27 11:00:00+05:30,6.27,65.11,37.895
2025-08-27 12:00:00+05:30,4.975,70.99666666666667,36.6775
2025-08-27 13:00:00+05:30,5.449999999999999,72.0725,35.9375
2025-08-27 14:00:00+05:30,5.4175,71.0725,35.8825
2025-08-27 15:00:00+05:30,5.7524999999999995,71.44,36.5375
2025-08-27 16:00:00+05:30,6.566666666666667,70.53333333333335,36.02
2025-08-27 17:00:00+05:30,5.44,63.4675,35.0225
2025-08-27 18:00:00+05:30,6.735,62.355000000000004,35.9025
2025-08-27 19:00:00+05:30,7.0225,65.715,36.32
2025-08-27 20:00:00+05:30,5.8925,66.3475,36.38
2025-08-27 21:00:00+05:30,5.7625,68.57000000000001,36.46
2025-08-27 22:00:00+05:30,5.885,69.80000000000001,35.83
2025-08-27 23:00:00+05:30,5.6525,67.205,34.9
2025-08-28 00:00:00+05:30,4.31,64.62,36.52
2025-08-28 01:00:00+05:30,4.76,67.12,35.847500000000004
2025-08-28 02:00:00+05:30,4.7,66.8475,34.682500000000005
2025-08-28 03:00:00+05:30,5.7925,67.715,35.7025
2025-08-28 04:00:00+05:30,6.755,63.447500000000005,36.06
2025-08-28 05:00:00+05:30,5.6075,65.38,36.04
2025-08-28 06:00:00+05:30,6.505,68.4425,35.71
2025-08-28 07:00:00+05:30,5.9375,65.80000000000001,34.985
2025-08-28 08:00:00+05:30,6.035,66.48,36.3975
2025-08-28 09:00:00+05:30,6.7375,67.075,36.18
2025-08-28 10:00:00+05:30,4.4625,62.5375,36.745
2025-08-28 11:00:00+05:30,5.695,56.125,37.8425
2025-08-28 12:00:00+05:30,6.0325,57.16,37.15
2025-08-28 13:00:00+05:30,7.01,60.965,34.98666666666667
2025-08-28 14:00:00+05:30,5.033333333333334,68.53,35.4225
2025-08-28 15:00:00+05:30,6.41,68.12,36.12
2025-08-28 16:00:00+05:30,3.48,67.33666666666666,36.14666666666667
2025-08-28 17:00:00+05:30,4.2225,66.3925,36.7025
2025-08-28 18:00:00+05:30,2.7733333333333334,66.98,37.04
2025-08-28 19:00:00+05:30,3.5324999999999998,66.575,36.615
2025-08-28 20:00:00+05:30,4.825,63.67,36.1025
2025-08-28 21:00:00+05:30,4.67,61.8925,36.7625
2025-08-28 22:00:00+05:30,3.7725,65.93,37.980000000000004
2025-08-28 23:00:00+05:30,4.42,68.30250000000001,39.58
2025-08-29 00:00:00+05:30,2.78,66.12,39.52
2025-08-29 01:00:00+05:30,2.6775,63.682500000000005,39.095
2025-08-29 02:00:00+05:30,3.85,58.62,38.0
2025-08-29 03:00:00+05:30,6.4325,60.515,36.9325
2025-08-29 04:00:00+05:30,7.2325,60.495,35.06
2025-08-29 05:00:00+05:30,6.41,59.12,35.2825
2025-08-29 06:00:00+05:30,5.08,62.62,35.52
2025-08-29 07:00:00+05:30,4.7,60.1825,35.46
2025-08-29 08:00:00+05:30,4.65,59.745,35.44
2025-08-29 09:00:00+05:30,4.04,64.64,35.78
2025-08-29 10:00:00+05:30,4.1475,66.53750000000001,35.800000000000004
2025-08-29 11:00:00+05:30,5.05,69.14,36.065
2025-08-29 12:00:00+05:30,4.75,73.2025,37.075
2025-08-29 13:00:00+05:30,5.55,71.6825,36.945
2025-08-29 14:00:00+05:30,8.040000000000001,64.28666666666668,37.375
2025-08-29 15:00:00+05:30,6.595,58.74666666666667,36.2425
2025-08-29 16:00:00+05:30,3.9899999999999998,54.379999999999995,36.095
2025-08-29 17:00:00+05:30,3.3775000000000004,48.925,34.815
2025-08-29 18:00:00+05:30,4.4975,48.775,34.12
2025-08-29 19:00:00+05:30,2.7375,53.599999999999994,35.9375
2025-08-29 20:00:00+05:30,3.7775,58.28,39.2725
2025-08-29 21:00:00+05:30,5.1725,61.4675,37.5025
2025-08-29 22:00:00+05:30,7.0600000000000005,59.655,37.557500000000005
2025-08-29 23:00:00+05:30,6.3525,55.224999999999994,36.2925
2025-08-30 00:00:00+05:30,5.38,54.62,35.12
2025-08-30 01:00:00+05:30,7.2675,52.459999999999994,35.06
2025-08-30 02:00:00+05:30,6.9875,51.16,34.980000000000004
2025-08-30 03:00:00+05:30,6.166666666666667,51.62,34.9375
2025-08-30 04:00:00+05:30,3.82,50.272499999999994,34.52
2025-08-30 05:00:00+05:30,3.745,49.66,34.7625
2025-08-30 06:00:00+05:30,4.032500000000001,49.5775,35.26
2025-08-30 07:00:00+05:30,5.345000000000001,49.925,35.545
2025-08-30 08:00:00+05:30,4.99,52.4975,36.7025
2025-08-30 09:00:00+05:30,5.155,52.5025,36.3925
2025-08-30 10:00:00+05:30,4.81,51.66,34.839999999999996
2025-08-30 11:00:00+05:30,5.845000000000001,54.275,35.24
2025-08-30 12:00:00+05:30,6.9375,57.9975,35.3975
2025-08-30 13:00:00+05:30,8.045,65.785,35.12
2025-08-30 14:00:00+05:30,6.8025,68.97500000000001,35.2425
2025-08-30 15:00:00+05:30,4.0225,64.975,35.8825
2025-08-30 16:00:00+05:30,7.375,64.1975,36.3575
2025-08-30 17:00:00+05:30,11.866666666666667,59.870000000000005,35.4
2025-08-30 18:00:00+05:30,11.915,56.504999999999995,35.54
2025-08-30 19:00:00+05:30,8.57,58.12,36.2775
2025-08-30 20:00:00+05:30,5.8774999999999995,59.7275,35.5375
2025-08-30 21:00:00+05:30,2.9375,61.927499999999995,35.61
2025-08-30 22:00:00+05:30,2.4725,63.425000000000004,36.3575
2025-08-30 23:00:00+05:30,4.255,62.235,35.52
2025-08-31 00:00:00+05:30,4.71,56.12,35.52
2025-08-31 01:00:00+05:30,11.995000000000001,56.66,35.58
2025-08-31 02:00:00+05:30,8.802499999999998,57.925,35.475
2025-08-31 03:00:00+05:30,11.175,57.28,35.1625
2025-08-31 04:00:00+05:30,10.8225,59.6075,35.965
2025-08-31 05:00:00+05:30,8.683333333333332,62.43,36.36666666666667
2025-08-31 06:00:00+05:30,6.02,59.62,34.72
2025-08-31 07:00:00+05:30,6.68,59.62,34.800000000000004
2025-08-31 08:00:00+05:30,7.495,62.91,35.525000000000006
2025-08-31 09:00:00+05:30,11.0475,64.765,36.435
2025-08-31 10:00:00+05:30,14.355,67.6925,35.5625
2025-08-31 11:00:00+05:30,5.8,67.815,35.76
2025-08-31 12:00:00+05:30,10.3325,70.0675,35.165
2025-08-31 13:00:00+05:30,11.855,73.6875,35.9025
2025-08-31 14:00:00+05:30,13.9775,76.2275,36.1375
2025-08-31 15:00:00+05:30,7.2125,77.62,35.9025
2025-08-31 16:00:00+05:30,4.3175,69.5775,36.1975
2025-08-31 17:00:00+05:30,4.5175,62.887499999999996,35.86
2025-08-31 18:00:00+05:30,7.24,66.605,36.265
2025-08-31 19:00:00+05:30,7.4425,68.55250000000001,37.035000000000004
2025-08-31 20:00:00+05:30,15.51,71.3925,36.04
2025-08-31 21:00:00+05:30,13.7375,75.42500000000001,36.5025
2025-08-31 22:00:00+05:30,9.075,70.87,36.6175
2025-08-31 23:00:00+05:30,13.58,64.02,36.1025
2025-09-01 00:00:00+05:30,8.88,60.12,34.72
2025-09-01 01:00:00+05:30,12.094999999999999,58.519999999999996,34.9625
2025-09-01 02:00:00+05:30,13.42,57.387499999999996,35.337500000000006
2025-09-01 03:00:00+05:30,16.21,58.42,35.222500000000004
2025-09-01 04:00:00+05:30,12.817499999999999,56.9975,35.495000000000005
2025-09-01 05:00:00+05:30,11.473333333333334,57.57666666666666,34.61000000000001
2025-09-01 06:00:00+05:30,12.96,63.12,35.52
2025-09-01 07:00:00+05:30,14.2375,64.98750000000001,35.7625
2025-09-01 08:00:00+05:30,17.015,67.9525,36.0175
2025-09-01 09:00:00+05:30,16.11,72.12,35.41
2025-09-01 10:00:00+05:30,20.66,78.12,36.36
2025-09-01 11:00:00+05:30,19.61,80.52000000000001,36.52
2025-09-01 12:00:00+05:30,20.049999999999997,82.42,36.25333333333334
2025-09-01 13:00:00+05:30,18.290000000000003,77.13000000000001,36.265
2025-09-01 14:00:00+05:30,18.045,72.405,37.035000000000004
2025-09-01 15:00:00+05:30,16.8125,66.98750000000001,35.7375
2025-09-01 16:00:00+05:30,9.545,66.62,35.47
2025-09-01 17:00:00+05:30,15.4175,65.9975,36.4175
2025-09-01 18:00:00+05:30,17.052500000000002,62.519999999999996,35.66
2025-09-01 19:00:00+05:30,17.66,62.72,35.58
2025-09-01 20:00:00+05:30,18.18,65.18,35.6
2025-09-01 21:00:00+05:30,16.5925,66.385,35.44
2025-09-01 22:00:00+05:30,14.5825,67.9475,35.66
2025-09-01 23:00:00+05:30,15.17,67.52000000000001,35.7625
2025-09-02 00:00:00+05:30,15.65,65.12,35.32
2025-09-02 01:00:00+05:30,16.343333333333334,66.05666666666667,35.333333333333336
2025-09-02 02:00:00+05:30,9.5,,36.12
2025-09-02 03:00:00+05:30,12.137500000000001,63.4525,36.06
2025-09-02 04:00:00+05:30,10.5225,62.4475,35.980000000000004
2025-09-02 05:00:00+05:30,10.030000000000001,62.824999999999996,36.545
2025-09-02 06:00:00+05:30,7.705,60.7925,36.6725
2025-09-02 07:00:00+05:30,6.3325,58.56,34.8425
2025-09-02 08:00:00+05:30,6.2925,56.037499999999994,35.12
2025-09-02 09:00:00+05:30,5.62,57.272499999999994,35.605
2025-09-02 10:00:00+05:30,8.643333333333333,67.28666666666668,36.879999999999995
2025-09-02 11:00:00+05:30,7.5024999999999995,72.44,37.0
2025-09-02 12:00:00+05:30,6.085,71.7625,36.839999999999996
2025-09-02 13:00:00+05:30,5.8575,75.69,36.7575
2025-09-02 14:00:00+05:30,5.592499999999999,79.565,35.92
2025-09-02 15:00:00+05:30,6.3549999999999995,76.51,36.405
2025-09-02 16:00:00+05:30,5.4825,73.30000000000001,37.095
2025-09-02 17:00:00+05:30,5.495,70.7925,36.18
2025-09-02 18:00:00+05:30,5.9325,67.48750000000001,36.015
2025-09-02 19:00:00+05:30,5.425,67.47500000000001,35.6225
2025-09-02 20:00:00+05:30,6.0875,68.59,36.1375
2025-09-02 21:00:00+05:30,6.7125,69.9675,36.205
2025-09-02 22:00:00+05:30,11.976666666666667,68.37,37.1975
2025-09-02 23:00:00+05:30,7.895,66.18,36.5
2025-09-03 00:00:00+05:30,6.62,65.12,35.52
2025-09-03 01:00:00+05:30,9.365,64.3275,35.64
2025-09-03 02:00:00+05:30,10.6275,64.14750000000001,35.800000000000004
2025-09-03 03:00:00+05:30,7.4,65.67500000000001,35.52
2025-09-03 04:00:00+05:30,7.71,65.83250000000001,35.58
2025-09-03 05:00:00+05:30,6.6025,66.44,35.4775
2025-09-03 06:00:00+05:30,8.083333333333334,66.32333333333334,35.053333333333335
2025-09-03 07:00:00+05:30,7.6475,64.385,35.38
2025-09-03 08:00:00+05:30,6.8575,68.05000000000001,35.7625
2025-09-03 09:00:00+05:30,6.7425,70.3275,36.6225
2025-09-03 10:00:00+05:30,7.305,68.8275,36.835
2025-09-03 11:00:00+05:30,6.01,72.0775,35.78
2025-09-03 12:00:00+05:30,6.170000000000001,75.62,36.34
2025-09-03 13:00:00+05:30,6.22,84.39500000000001,36.895
2025-09-03 14:00:00+05:30,6.3375,78.80250000000001,35.6775
2025-09-03 15:00:00+05:30,6.61,76.52,35.485
2025-09-03 16:00:00+05:30,5.445,74.885,36.5025
2025-09-03 17:00:00+05:30,5.3325000000000005,74.8575,36.6775
2025-09-03 18:00:00+05:30,5.035,74.355,36.545
2025-09-03 19:00:00+05:30,6.245,74.38250000000001,36.7325
2025-09-03 20:00:00+05:30,4.47,73.57000000000001,35.405
2025-09-03 21:00:00+05:30,4.9625,74.4675,36.4
2025-09-03 22:00:00+05:30,4.7875,75.07000000000001,36.18
2025-09-03 23:00:00+05:30,4.577500000000001,71.495,36.620000000000005
2025-09-04 00:00:00+05:30,4.96,73.62,36.52
2025-09-04 01:00:00+05:30,7.986666666666667,72.12,36.1575
2025-09-04 02:00:00+05:30,7.665,71.14500000000001,35.805
2025-09-04 03:00:00+05:30,6.8575,67.6825,36.800000000000004
2025-09-04 04:00:00+05:30,4.7225,63.8575,36.2175
2025-09-04 05:00:00+05:30,8.85,63.8825,35.7025
2025-09-04 06:00:00+05:30,7.9875,60.707499999999996,36.18
2025-09-04 07:00:00+05:30,6.5125,59.457499999999996,36.075
2025-09-04 08:00:00+05:30,7.5625,62.9575,35.58
2025-09-04 09:00:00+05:30,6.1775,62.0025,35.78
2025-09-04 10:00:00+05:30,4.866666666666667,58.919999999999995,36.042500000000004
2025-09-04 11:00:00+05:30,6.1175,62.7975,36.38
2025-09-04 12:00:00+05:30,7.815,66.095,36.337500000000006
2025-09-04 13:00:00+05:30,7.507499999999999,67.9825,35.7375
2025-09-04 14:00:00+05:30,5.7,,35.685
2025-09-04 15:00:00+05:30,6.4475,64.47,36.1025
2025-09-04 16:00:00+05:30,5.81,68.45750000000001,36.58
2025-09-04 17:00:00+05:30,4.345,66.725,36.6
2025-09-04 18:00:00+05:30,6.3149999999999995,61.7925,35.957499999999996
2025-09-04 19:00:00+05:30,5.8575,64.56,35.8475
2025-09-04 20:00:00+05:30,6.4875,69.665,36.915000000000006
2025-09-04 21:00:00+05:30,5.4925,66.7025,35.760000000000005
2025-09-04 22:00:00+05:30,5.676666666666667,68.12,35.83
2025-09-04 23:00:00+05:30,10.9225,66.2925,35.144999999999996
2025-09-05 00:00:00+05:30,6.16,68.12,35.52
2025-09-05 01:00:00+05:30,6.5625,70.9925,35.7625
2025-09-05 02:00:00+05:30,8.434999999999999,70.625,35.836666666666666
2025-09-05 03:00:00+05:30,8.459999999999999,70.47,35.4825
2025-09-05 04:00:00+05:30,8.5825,74.4475,36.0775
2025-09-05 05:00:00+05:30,9.37,74.03,36.2475
2025-09-05 06:00:00+05:30,10.095,72.12,37.495000000000005
2025-09-05 07:00:00+05:30,11.225,73.16,36.035000000000004
2025-09-05 08:00:00+05:30,14.2625,72.30250000000001,35.34
2025-09-05 09:00:00+05:30,20.476666666666667,71.87,36.682500000000005
2025-09-05 10:00:00+05:30,12.0825,67.89750000000001,37.035000000000004
2025-09-05 11:00:00+05:30,6.445,61.56,36.22
2025-09-05 12:00:00+05:30,9.315000000000001,65.315,36.435
2025-09-05 13:00:00+05:30,9.5375,69.08,35.6225
2025-09-05 14:00:00+05:30,7.932499999999999,69.42500000000001,36.44
2025-09-05 15:00:00+05:30,9.49,69.58,36.9025
2025-09-05 16:00:00+05:30,6.2625,70.42750000000001,36.66
2025-09-05 17:00:00+05:30,5.675,73.165,35.24
2025-09-05 18:00:00+05:30,5.475,72.30250000000001,35.58
2025-09-05 19:00:00+05:30,8.094999999999999,70.10000000000001,36.5
2025-09-05 20:00:00+05:30,5.495,70.4,37.35
2025-09-05 21:00:00+05:30,8.17,68.77000000000001,35.12
2025-09-05 22:00:00+05:30,13.996666666666668,66.635,35.06
2025-09-05 23:00:00+05:30,12.09,62.705,35.345
2025-09-06 00:00:00+05:30,10.04,66.12,33.92
2025-09-06 01:00:00+05:30,11.4475,63.019999999999996,34.222500000000004
2025-09-06 02:00:00+05:30,14.5525,60.64,34.980000000000004
2025-09-06 03:00:00+05:30,13.9325,60.599999999999994,35.18
2025-09-06 04:00:00+05:30,6.185,58.8225,35.32
2025-09-06 05:00:00+05:30,5.525,53.745,35.0175
2025-09-06 06:00:00+05:30,11.7125,50.379999999999995,34.44
2025-09-06 07:00:00+05:30,9.6525,52.957499999999996,35.144999999999996
2025-09-06 08:00:00+05:30,11.4825,55.3775,35.817499999999995
2025-09-06 09:00:00+05:30,7.5175,55.62,35.785
2025-09-06 10:00:00+05:30,7.4825,55.099999999999994,37.2
2025-09-06 11:00:00+05:30,11.614999999999998,54.62,36.86
2025-09-06 12:00:00+05:30,10.844999999999999,67.4775,36.9625
2025-09-06 13:00:00+05:30,13.8775,68.03750000000001,37.58
2025-09-06 14:00:00+05:30,13.5375,68.2025,37.9
2025-09-06 15:00:00+05:30,9.5625,74.515,38.26
2025-09-06 16:00:00+05:30,4.0024999999999995,83.545,40.785
2025-09-06 17:00:00+05:30,2.9925,81.9025,47.1025
2025-09-06 18:00:00+05:30,7.390000000000001,80.0125,44.13
2025-09-06 19:00:00+05:30,9.5625,73.5275,36.5625
2025-09-06 20:00:00+05:30,11.6,63.8775,36.7575
2025-09-06 21:00:00+05:30,5.2524999999999995,60.5025,36.04
2025-09-06 22:00:00+05:30,4.5875,60.22,36.865
2025-09-06 23:00:00+05:30,5.7325,61.3125,37.58
2025-09-07 00:00:00+05:30,9.06,64.12,36.32
2025-09-07 01:00:00+05:30,9.559999999999999,64.12,36.1375
2025-09-07 02:00:00+05:30,8.9375,63.8625,35.72
2025-09-07 03:00:00+05:30,9.065000000000001,63.8775,35.72
2025-09-07 04:00:00+05:30,11.5975,63.345,36.21
2025-09-07 05:00:00+05:30,11.0025,64.1625,37.38
2025-09-07 06:00:00+05:30,15.2025,65.8775,37.52
2025-09-07 07:00:00+05:30,13.0575,67.67,37.822500000000005
2025-09-07 08:00:00+05:30,13.73,69.89500000000001,38.64
2025-09-07 09:00:00+05:30,9.34,70.8775,38.68
2025-09-07 10:00:00+05:30,12.5125,70.86250000000001,37.695
2025-09-07 11:00:00+05:30,13.4125,72.17,37.32
2025-09-07 12:00:00+05:30,10.8225,70.02250000000001,38.5375
2025-09-07 13:00:00+05:30,12.4525,68.42750000000001,37.76
2025-09-07 14:00:00+05:30,15.71,70.12,36.92
2025-09-08 11:00:00+05:30,9.585,60.48333333333333,36.4825
2025-09-08 12:00:00+05:30,10.545,62.397499999999994,36.5325
2025-09-08 13:00:00+05:30,11.076666666666668,65.01333333333334,34.916666666666664
2025-09-08 20:00:00+05:30,5.15,74.12,44.52
2025-09-08 21:00:00+05:30,4.4325,72.33,44.46
2025-09-08 22:00:00+05:30,4.73,68.33250000000001,44.26
2025-09-08 23:00:00+05:30,5.05,64.5875,42.56
2025-09-09 00:00:00+05:30,5.01,76.12,45.92
2025-09-09 01:00:00+05:30,6.1025,75.26,44.1025
2025-09-09 02:00:00+05:30,4.702500000000001,71.83,41.010000000000005
2025-09-09 03:00:00+05:30,4.86,69.3575,41.885000000000005
2025-09-09 04:00:00+05:30,4.1825,66.84,37.16
2025-09-09 05:00:00+05:30,4.7275,69.1875,36.13
2025-09-09 06:00:00+05:30,5.195,72.3575,38.1925
2025-09-09 07:00:00+05:30,5.595000000000001,69.575,36.52
2025-09-09 08:00:00+05:30,9.61,68.89,36.7025
2025-09-09 09:00:00+05:30,9.973333333333334,71.48333333333333,37.36333333333334
2025-09-09 10:00:00+05:30,10.015,72.6275,37.06
2025-09-09 11:00:00+05:30,10.5475,72.86500000000001,35.88
2025-09-09 12:00:00+05:30,11.6975,71.6025,36.235
2025-09-09 13:00:00+05:30,14.834999999999999,72.4,35.4825
2025-09-09 14:00:00+05:30,12.200000000000001,74.12,36.26
2025-09-09 15:00:00+05:30,11.715,71.6875,36.3625
2025-09-09 16:00:00+05:30,10.370000000000001,76.14500000000001,36.92
2025-09-09 17:00:00+05:30,12.025,77.36500000000001,37.222500000000004
2025-09-09 18:00:00+05:30,8.9825,74.5875,37.255
2025-09-09 19:00:00+05:30,4.6899999999999995,72.88250000000001,36.0225
2025-09-09 20:00:00+05:30,3.2199999999999998,73.62,38.295
2025-09-09 21:00:00+05:30,2.36,74.6375,42.1025
2025-09-09 22:00:00+05:30,2.385,73.5875,42.52
2025-09-09 23:00:00+05:30,4.72,70.62,42.76333333333333
2025-09-10 01:00:00+05:30,5.22,77.62,45.32
2025-09-10 02:00:00+05:30,2.9625,78.125,45.865
2025-09-10 03:00:00+05:30,2.835,75.33500000000001,47.24
2025-09-10 04:00:00+05:30,4.456666666666666,72.12,45.7025
2025-09-10 05:00:00+05:30,4.6225000000000005,73.13,42.49
2025-09-10 06:00:00+05:30,4.475,74.12,42.5
2025-09-10 07:00:00+05:30,5.859999999999999,72.34,37.26
2025-09-10 08:00:00+05:30,7.4175,76.94,37.24
2025-09-10 09:00:00+05:30,4.4725,81.0875,37.4
2025-09-10 10:00:00+05:30,7.3075,86.49000000000001,37.302499999999995
2025-09-10 11:00:00+05:30,9.3975,90.08,37.78
2025-09-10 12:00:00+05:30,8.8725,85.1025,37.620000000000005
2025-09-10 13:00:00+05:30,7.140000000000001,83.3675,37.46
2025-09-10 14:00:00+05:30,5.895,83.12,38.06
2025-09-10 15:00:00+05:30,5.5275,82.61500000000001,36.88
2025-09-10 16:00:00+05:30,6.3,82.625,37.5375
2025-09-10 17:00:00+05:30,5.1025,80.0875,37.18
2025-09-10 18:00:00+05:30,5.510000000000001,77.125,37.74
2025-09-10 19:00:00+05:30,4.405,79.98,38.4775
2025-09-10 20:00:00+05:30,3.745,87.655,38.7
2025-09-10 21:00:00+05:30,3.4933333333333336,87.98666666666668,40.59
2025-09-11 11:00:00+05:30,6.153333333333333,81.65666666666668,38.846666666666664
2025-09-11 12:00:00+05:30,6.5200000000000005,84.28666666666668,39.02333333333333
2025-09-11 13:00:00+05:30,7.467499999999999,80.60000000000001,38.025
2025-09-11 14:00:00+05:30,7.8025,73.8525,38.66
2025-09-11 15:00:00+05:30,7.4375,74.37,38.64
2025-09-11 16:00:00+05:30,5.945,78.12,38.980000000000004
2025-09-11 17:00:00+05:30,6.295,77.8675,39.12
2025-09-11 18:00:00+05:30,5.33,76.61333333333333,38.96
2025-09-11 19:00:00+05:30,5.2025,73.62,39.6275
2025-09-11 20:00:00+05:30,4.4075,73.38250000000001,42.6275
2025-09-11 21:00:00+05:30,3.9325,77.62,43.4
2025-09-11 22:00:00+05:30,3.1425,75.87,41.0525
2025-09-11 23:00:00+05:30,3.08,70.87,42.18
2025-09-12 00:00:00+05:30,4.66,66.12,42.72
2025-09-12 01:00:00+05:30,3.5033333333333334,65.78666666666668,41.04
2025-09-12 02:00:00+05:30,2.526666666666667,68.62,39.46
2025-09-12 03:00:00+05:30,2.9775,67.12,44.125
2025-09-12 04:00:00+05:30,3.0033333333333334,64.12,42.29333333333333
2025-09-12 05:00:00+05:30,3.1,61.62,40.84
2025-09-12 06:00:00+05:30,3.9725,65.62,39.835
2025-09-12 07:00:00+05:30,6.2875,67.62,42.4725
2025-09-12 08:00:00+05:30,5.3075,70.12,40.095
2025-09-12 09:00:00+05:30,3.7133333333333334,74.12,37.97
2025-09-12 10:00:00+05:30,5.0575,69.62,35.14
2025-09-12 11:00:00+05:30,5.3225,77.87,34.839999999999996
2025-09-12 12:00:00+05:30,5.6175,78.14,35.12
2025-09-12 13:00:00+05:30,4.989999999999999,71.28666666666668,35.199999999999996
2025-09-12 14:00:00+05:30,5.0725,67.12,35.5025
2025-09-12 15:00:00+05:30,6.015,69.3425,35.7375
2025-09-12 16:00:00+05:30,5.04,73.125,35.68
2025-09-12 17:00:00+05:30,8.2475,70.12,36.2775
2025-09-12 18:00:00+05:30,4.46,67.12,35.5375
2025-09-12 19:00:00+05:30,3.3875,68.855,35.545
2025-09-12 20:00:00+05:30,2.665,71.8675,36.52
2025-09-12 21:00:00+05:30,2.2775,72.62,36.4
2025-09-12 22:00:00+05:30,3.475,82.02000000000001,38.22
2025-09-12 23:00:00+05:30,2.813333333333333,95.43,41.14
2025-09-15 11:00:00+05:30,13.0,52.824999999999996,34.205
2025-09-15 12:00:00+05:30,6.1825,53.665,35.019999999999996
2025-09-15 13:00:00+05:30,5.4625,50.637499999999996,34.32
2025-09-15 14:00:00+05:30,5.68,50.1125,34.44
2025-09-15 15:00:00+05:30,9.84,51.11,34.72
2025-09-15 16:00:00+05:30,5.37,51.864999999999995,35.0225
2025-09-15 17:00:00+05:30,3.4625,54.07666666666666,35.72
2025-09-15 18:00:00+05:30,2.705,54.1425,35.9625
2025-09-15 19:00:00+05:30,4.4575,53.8525,36.94
2025-09-15 20:00:00+05:30,4.1,58.53,39.0
2025-09-15 21:00:00+05:30,5.172499999999999,64.575,40.7325
2025-09-15 22:00:00+05:30,2.9050000000000002,78.8425,43.6425
2025-09-15 23:00:00+05:30,4.475,83.355,50.44
2025-09-16 00:00:00+05:30,4.16,64.12,38.12
2025-09-16 01:00:00+05:30,4.525,62.410000000000004,38.4825
2025-09-16 02:00:00+05:30,4.4350000000000005,59.405,38.4725
2025-09-16 03:00:00+05:30,3.515,60.074999999999996,37.67
2025-09-16 04:00:00+05:30,4.416666666666667,60.839999999999996,40.123333333333335
2025-09-16 11:00:00+05:30,5.9425,62.010000000000005,37.42
2025-09-16 12:00:00+05:30,6.166666666666667,66.64333333333333,39.4
2025-09-16 13:00:00+05:30,6.0200000000000005,65.29666666666667,39.0
2025-09-16 14:00:00+05:30,6.0775,64.8775,38.72
2025-09-16 15:00:00+05:30,4.63,63.8875,38.36
2025-09-16 16:00:00+05:30,3.1475,59.23,37.095
2025-09-16 17:00:00+05:30,3.5875,59.01,37.74
2025-09-16 18:00:00+05:30,2.813333333333333,65.01,41.406666666666666
2025-09-16 19:00:00+05:30,2.7875,65.7175,38.83
2025-09-16 20:00:00+05:30,3.235,61.387499999999996,35.84
2025-09-16 21:00:00+05:30,3.225,60.129999999999995,35.5075
2025-09-16 22:00:00+05:30,4.31,61.795,37.625
2025-09-16 23:00:00+05:30,5.7275,60.475,37.5925
2025-09-17 00:00:00+05:30,2.93,51.12,35.52
2025-09-17 01:00:00+05:30,3.49,51.12,35.52
2025-09-17 02:00:00+05:30,3.89,53.052499999999995,35.22
2025-09-17 03:00:00+05:30,3.2399999999999998,52.526666666666664,34.52
2025-09-17 04:00:00+05:30,2.53,49.82333333333333,34.76
2025-09-17 05:00:00+05:30,2.545,50.0925,35.12
2025-09-17 06:00:00+05:30,2.8475,53.065,35.4225
2025-09-17 07:00:00+05:30,3.555,54.394999999999996,35.635
2025-09-17 08:00:00+05:30,4.1075,53.3775,34.4
2025-09-17 09:00:00+05:30,3.81,50.62,33.85333333333333
2025-09-17 10:00:00+05:30,3.6225,44.412499999999994,33.08
2025-09-17 11:00:00+05:30,5.6899999999999995,46.037499999999994,32.58
2025-09-17 12:00:00+05:30,6.6425,49.605,32.839999999999996
2025-09-17 13:00:00+05:30,6.785,51.57,33.302499999999995
2025-09-17 14:00:00+05:30,8.44,51.662499999999994,33.78
2025-09-17 15:00:00+05:30,7.175000000000001,51.8225,33.800000000000004
2025-09-17 16:00:00+05:30,8.975,53.62,33.36
2025-09-17 17:00:00+05:30,8.0025,53.62,33.12
2025-09-17 18:00:00+05:30,3.7175000000000002,56.277499999999996,33.84
2025-09-17 19:00:00+05:30,3.973333333333333,58.333333333333336,35.49333333333333
2025-09-17 20:00:00+05:30,2.4275,58.3225,35.4225
2025-09-17 21:00:00+05:30,2.88,60.3625,35.695
2025-09-17 22:00:00+05:30,3.4749999999999996,58.445,34.4175
2025-09-17 23:00:00+05:30,3.0925000000000002,59.5025,33.9
2025-09-18 00:00:00+05:30,2.67,56.12,33.92
2025-09-18 01:00:00+05:30,2.8325,59.724999999999994,33.68
2025-09-18 02:00:00+05:30,2.475,60.2375,33.42
2025-09-18 03:00:00+05:30,2.495,56.62,34.24
2025-09-18 04:00:00+05:30,4.375,55.412499999999994,34.46
2025-09-18 05:00:00+05:30,2.8875,52.1875,34.26
2025-09-18 06:00:00+05:30,3.065,51.8125,83.12
2025-09-18 07:00:00+05:30,2.66,54.345,230.12
2025-09-18 08:00:00+05:30,2.35,55.12,230.12
2025-09-18 09:00:00+05:30,3.465,51.62,230.12
2025-09-18 13:00:00+05:30,4.74,66.62,230.12
2025-09-18 14:00:00+05:30,5.045,63.620000000000005,230.12
2025-09-18 15:00:00+05:30,5.8425,59.9,230.12
2025-09-18 16:00:00+05:30,5.4325,61.295,230.12
2025-09-18 17:00:00+05:30,6.6875,61.9375,230.12
2025-09-18 18:00:00+05:30,6.24,57.7025,230.12
2025-09-18 19:00:00+05:30,4.07,55.12,230.12
2025-09-18 20:00:00+05:30,3.0475,282.4575,230.12
2025-09-18 21:00:00+05:30,2.04,532.62,230.12
2025-09-18 22:00:00+05:30,2.7475,532.62,230.12
2025-09-18 23:00:00+05:30,3.395,532.62,230.12
2025-09-19 00:00:00+05:30,11.27,532.62,230.12
2025-09-19 01:00:00+05:30,9.975,532.62,230.12
2025-09-19 02:00:00+05:30,12.434999999999999,532.62,230.12
2025-09-19 03:00:00+05:30,11.5875,532.62,230.12
2025-09-19 04:00:00+05:30,11.435,532.62,230.12
2025-09-19 05:00:00+05:30,13.225000000000001,532.62,230.12
2025-09-19 06:00:00+05:30,21.935000000000002,532.62,230.12
2025-09-19 07:00:00+05:30,13.14,532.62,230.12
2025-09-19 08:00:00+05:30,6.365,532.62,230.12
2025-09-19 09:00:00+05:30,9.086666666666666,532.62,230.12
2025-09-19 10:00:00+05:30,4.74,532.62,230.12
2025-09-19 11:00:00+05:30,4.7575,532.62,230.12
2025-09-19 12:00:00+05:30,6.165,532.62,230.12
2025-09-19 13:00:00+05:30,6.4425,294.37,171.2
2025-09-19 14:00:00+05:30,9.907499999999999,57.787499999999994,35.1
2025-09-19 15:00:00+05:30,9.44,60.3375,34.599999999999994
2025-09-19 16:00:00+05:30,5.3475,60.4,35.6
2025-09-19 17:00:00+05:30,6.6,59.1425,35.2
2025-09-19 18:00:00+05:30,3.1125,57.1875,35.1
2025-09-19 19:00:00+05:30,2.0525,61.83,36.84
2025-09-19 20:00:00+05:30,2.5374999999999996,68.38,38.96
2025-09-19 21:00:00+05:30,4.435,68.12,36.66
2025-09-19 22:00:00+05:30,4.87,64.7975,36.46
2025-09-19 23:00:00+05:30,4.2775,62.53,36.5025
2025-09-20 00:00:00+05:30,5.29,60.62,35.12
2025-09-20 01:00:00+05:30,4.39,59.902499999999996,35.42
2025-09-20 02:00:00+05:30,3.2025,67.2425,36.66
2025-09-20 03:00:00+05:30,4.6075,74.45750000000001,38.1
2025-09-20 04:00:00+05:30,4.72,65.25750000000001,37.915000000000006
2025-09-20 05:00:00+05:30,5.455,56.4075,36.035000000000004
2025-09-20 06:00:00+05:30,4.3675,55.1425,34.980000000000004
2025-09-20 07:00:00+05:30,5.9975000000000005,53.6675,35.18
2025-09-20 08:00:00+05:30,4.196666666666666,49.43333333333334,35.24
2025-09-20 09:00:00+05:30,4.035,48.095,35.12
2025-09-20 10:00:00+05:30,3.685,48.62,35.54
2025-09-20 11:00:00+05:30,8.0425,58.23666666666666,35.975
2025-09-20 12:00:00+05:30,7.432499999999999,65.6075,34.9
2025-09-20 13:00:00+05:30,4.2775,67.5575,35.8
2025-09-20 14:00:00+05:30,6.71,61.4825,36.0725
2025-09-20 15:00:00+05:30,8.3775,70.52,34.24
2025-09-20 16:00:00+05:30,6.505,79.775,35.0
2025-09-20 17:00:00+05:30,4.51,73.745,37.14
2025-09-20 18:00:00+05:30,4.8100000000000005,69.69500000000001,39.22
2025-09-20 19:00:00+05:30,4.32,73.345,39.3
2025-09-20 20:00:00+05:30,3.8075,70.095,39.5
2025-09-20 21:00:00+05:30,3.2800000000000002,62.2575,36.265
2025-09-20 22:00:00+05:30,3.265,60.1075,37.52
2025-09-20 23:00:00+05:30,2.75,55.85999999999999,37.52
2025-09-21 00:00:00+05:30,3.45,72.12,37.72
2025-09-21 01:00:00+05:30,2.7424999999999997,68.795,37.18
2025-09-21 02:00:00+05:30,2.9875,66.53750000000001,36.04
2025-09-21 03:00:00+05:30,2.915,67.17500000000001,36.14
2025-09-21 04:00:00+05:30,3.1999999999999997,72.77000000000001,36.4475
2025-09-21 05:00:00+05:30,2.5625,65.245,36.7275
2025-09-21 06:00:00+05:30,2.53,53.62,34.32
2025-09-21 07:00:00+05:30,2.9475000000000002,53.144999999999996,34.32
2025-09-21 08:00:00+05:30,4.8375,50.495,34.32
2025-09-21 09:00:00+05:30,4.8975,48.12,34.92
2025-09-21 10:00:00+05:30,3.8625,47.647499999999994,35.54
2025-09-21 11:00:00+05:30,5.0725,47.3575,33.66
2025-09-21 12:00:00+05:30,7.2425,61.315,33.4
2025-09-21 13:00:00+05:30,7.01,65.05,33.302499999999995
2025-09-21 14:00:00+05:30,6.233333333333333,49.285,33.9625
2025-09-21 15:00:00+05:30,8.7575,51.9525,34.64
2025-09-21 16:00:00+05:30,7.345,53.94,34.800000000000004
2025-09-21 17:00:00+05:30,5.73,51.675,35.49
2025-09-21 18:00:00+05:30,3.0975,53.925,37.96
2025-09-21 19:00:00+05:30,2.7875,58.565,39.0
2025-09-21 20:00:00+05:30,8.2025,61.262499999999996,38.8
2025-09-21 21:00:00+05:30,6.1499999999999995,62.23,35.86666666666667
2025-09-21 22:00:00+05:30,2.105,59.18,37.56
2025-09-21 23:00:00+05:30,2.1675000000000004,66.14750000000001,38.46
2025-09-22 00:00:00+05:30,3.77,62.12,38.72
2025-09-22 01:00:00+05:30,4.59,60.9475,38.114999999999995
2025-09-22 02:00:00+05:30,3.79,61.027499999999996,37.5075
2025-09-22 03:00:00+05:30,3.185,57.19,38.18
2025-09-22 04:00:00+05:30,2.6775,52.2925,35.52
2025-09-22 05:00:00+05:30,2.6525,55.027499999999996,35.52
2025-09-22 06:00:00+05:30,4.553333333333334,56.026666666666664,35.28
2025-09-22 07:00:00+05:30,5.255,57.43666666666667,35.62
2025-09-22 08:00:00+05:30,5.295,62.405,37.9
2025-09-22 09:00:00+05:30,4.875,64.2425,37.84
2025-09-22 10:00:00+05:30,4.99,55.98,36.3
2025-09-22 11:00:00+05:30,3.1775,49.824999999999996,35.2
2025-09-22 12:00:00+05:30,3.265,52.9675,34.800000000000004
2025-09-22 13:00:00+05:30,4.63,54.74333333333333,34.46
2025-09-22 14:00:00+05:30,4.295,50.9775,34.5
2025-09-22 15:00:00+05:30,4.753333333333333,50.29,34.92
2025-09-22 16:00:00+05:30,6.99,54.62,36.12
2025-09-22 17:00:00+05:30,6.2625,56.2525,36.12
2025-09-22 18:00:00+05:30,7.7875000000000005,59.519999999999996,36.72
2025-09-22 19:00:00+05:30,6.71,62.2925,37.82
2025-09-22 20:00:00+05:30,6.8525,66.6725,38.86
2025-09-22 21:00:00+05:30,6.5675,68.9525,41.24
2025-09-22 22:00:00+05:30,7.415,64.1,36.72
2025-09-22 23:00:00+05:30,4.0,59.18,36.1
2025-09-23 00:00:00+05:30,5.26,58.12,36.32
2025-09-23 01:00:00+05:30,5.7025,55.552499999999995,35.9
2025-09-23 02:00:00+05:30,5.89,50.7425,34.980000000000004
2025-09-23 03:00:00+05:30,5.1899999999999995,50.4875,35.0
2025-09-23 04:00:00+05:30,4.475,52.8525,34.9625
2025-09-23 05:00:00+05:30,4.0175,52.652499999999996,35.46
2025-09-23 06:00:00+05:30,5.4425,53.519999999999996,35.56
2025-09-23 07:00:00+05:30,5.7575,58.64,36.48
2025-09-23 08:00:00+05:30,6.8525,64.9525,37.620000000000005
2025-09-23 09:00:00+05:30,7.09,67.62,38.32
2025-09-24 09:00:00+05:30,4.6375,57.90333333333333,35.54
2025-09-24 10:00:00+05:30,5.3125,57.9975,34.9375
2025-09-24 11:00:00+05:30,6.47,55.97666666666667,34.52
2025-09-24 12:00:00+05:30,5.84,56.333333333333336,34.546666666666674
2025-09-24 13:00:00+05:30,8.985,59.7425,35.1
2025-09-24 14:00:00+05:30,10.6625,61.8525,35.52
2025-09-24 15:00:00+05:30,7.8525,62.584999999999994,35.4
2025-09-24 16:00:00+05:30,4.285,59.662499999999994,35.42
2025-09-24 17:00:00+05:30,5.045,57.705,36.0
2025-09-24 18:00:00+05:30,3.6125000000000003,61.0475,35.96
2025-09-24 19:00:00+05:30,2.9074999999999998,62.58,36.1
2025-09-24 20:00:00+05:30,3.37,60.8,35.12
2025-09-24 21:00:00+05:30,4.58,60.62,35.18
2025-09-24 22:00:00+05:30,5.925,59.925,35.08
2025-09-24 23:00:00+05:30,6.46,59.12,34.64
2025-09-25 00:00:00+05:30,5.34,57.12,34.32
2025-09-25 01:00:00+05:30,4.172499999999999,55.504999999999995,34.980000000000004
2025-09-25 02:00:00+05:30,4.71,53.849999999999994,36.1
2025-09-25 03:00:00+05:30,2.6574999999999998,53.655,34.879999999999995
2025-09-25 04:00:00+05:30,3.855,51.7375,34.26
2025-09-25 05:00:00+05:30,4.32,50.12,34.52
2025-09-25 06:00:00+05:30,5.205,51.735,35.06
2025-09-25 07:00:00+05:30,4.8725,55.0025,35.1
2025-09-25 08:00:00+05:30,5.95,61.4625,36.005
2025-09-25 09:00:00+05:30,6.285,73.11500000000001,37.599999999999994
2025-09-25 10:00:00+05:30,6.5775,72.9725,38.12
2025-09-25 11:00:00+05:30,8.9025,67.8275,36.3
2025-09-25 12:00:00+05:30,9.7475,67.01,35.44
2025-09-25 13:00:00+05:30,10.77,61.62,35.72
2025-09-25 14:00:00+05:30,10.76,55.12,34.12
2025-09-25 15:00:00+05:30,9.456666666666665,56.51,34.0
2025-09-25 16:00:00+05:30,9.97,57.772499999999994,34.08
2025-09-25 17:00:00+05:30,7.775,60.272499999999994,34.980000000000004
2025-09-25 18:00:00+05:30,5.9175,62.3075,35.54
2025-09-25 19:00:00+05:30,5.470000000000001,62.4325,36.46
2025-09-25 20:00:00+05:30,5.734999999999999,62.7725,36.26
2025-09-25 21:00:00+05:30,4.195,65.03750000000001,36.42
2025-09-25 22:00:00+05:30,2.9625,67.495,37.18
2025-09-25 23:00:00+05:30,3.0625,67.505,36.5325
2025-09-26 00:00:00+05:30,3.94,61.12,36.52
2025-09-26 01:00:00+05:30,3.0225,67.3075,36.64
2025-09-26 02:00:00+05:30,3.1925,70.495,36.86
2025-09-26 03:00:00+05:30,2.12,59.6625,36.480000000000004
2025-09-26 04:00:00+05:30,2.61,53.53666666666666,35.86
2025-09-26 05:00:00+05:30,3.6425,56.87,35.78
2025-09-26 06:00:00+05:30,4.3625,64.7025,35.980000000000004
2025-09-26 07:00:00+05:30,6.335,74.7025,36.48
2025-09-26 08:00:00+05:30,8.406666666666666,81.23,37.36
2025-09-26 09:00:00+05:30,5.73,79.87,37.92
2025-09-26 10:00:00+05:30,5.473333333333334,76.53,37.92
2025-09-26 11:00:00+05:30,5.16,79.64,37.68
2025-09-26 12:00:00+05:30,3.3725,73.91250000000001,36.76
2025-09-26 13:00:00+05:30,5.8625,64.53,35.5
2025-09-26 14:00:00+05:30,5.655,70.4025,35.0
2025-09-26 15:00:00+05:30,5.703333333333333,76.26,36.01333333333333
2025-09-26 19:00:00+05:30,3.0933333333333337,71.79666666666667,36.84
2025-09-26 20:00:00+05:30,2.61,73.58,36.78
2025-09-26 21:00:00+05:30,2.4375,73.93,36.980000000000004
2025-09-26 22:00:00+05:30,2.45,70.12,37.18
2025-09-26 23:00:00+05:30,2.425,69.665,37.08
2025-09-27 01:00:00+05:30,3.27,64.12,36.92
2025-09-27 02:00:00+05:30,3.33,62.525000000000006,36.5
2025-09-27 03:00:00+05:30,3.645,59.2525,35.760000000000005
2025-09-27 04:00:00+05:30,5.765000000000001,57.12,35.775
2025-09-27 05:00:00+05:30,5.1175,61.22,35.3
2025-09-27 06:00:00+05:30,6.395,59.7425,36.76
2025-09-27 07:00:00+05:30,6.3975,55.9925,35.6775
2025-09-27 08:00:00+05:30,4.1274999999999995,56.7475,35.18
2025-09-27 09:00:00+05:30,4.9375,53.26,35.5
2025-09-27 10:00:00+05:30,5.1575,55.302499999999995,35.74
2025-09-27 11:00:00+05:30,3.8075,55.209999999999994,35.68
2025-09-27 12:00:00+05:30,4.82,56.397499999999994,36.1
2025-09-27 13:00:00+05:30,6.0075,56.4,35.06
2025-09-27 14:00:00+05:30,6.0,56.62,34.92
2025-09-27 15:00:00+05:30,6.3475,62.714999999999996,35.28
2025-09-27 16:00:00+05:30,9.36,60.4875,35.879999999999995
2025-09-27 17:00:00+05:30,10.7925,57.9875,35.08
2025-09-27 18:00:00+05:30,10.04,56.87,34.58
2025-09-27 19:00:00+05:30,11.8125,55.7525,34.839999999999996
2025-09-27 20:00:00+05:30,13.2225,57.31,35.06
2025-09-27 21:00:00+05:30,11.6575,60.209999999999994,35.04
2025-09-27 22:00:00+05:30,12.59,59.12,35.985
2025-09-27 23:00:00+05:30,13.9125,59.5725,36.627500000000005
2025-09-28 00:00:00+05:30,20.63,62.62,34.52
2025-09-28 01:00:00+05:30,10.4025,56.28,34.52
2025-09-28 02:00:00+05:30,15.567499999999999,47.714999999999996,34.28
2025-09-28 03:00:00+05:30,8.6675,47.0725,34.019999999999996
2025-09-28 04:00:00+05:30,14.967500000000001,48.0725,34.5375
2025-09-28 05:00:00+05:30,12.67,47.262499999999996,34.3
2025-09-28 06:00:00+05:30,17.255,46.7525,34.6
2025-09-28 07:00:00+05:30,13.2025,49.47,34.56
2025-09-28 08:00:00+05:30,17.44666666666667,51.12,35.72
2025-09-28 09:00:00+05:30,22.6625,58.8925,36.64
2025-09-28 10:00:00+05:30,16.0825,58.62,35.822500000000005
2025-09-28 11:00:00+05:30,31.99,60.195,36.28
2025-09-28 12:00:00+05:30,37.9725,61.894999999999996,35.66
2025-09-28 13:00:00+05:30,21.787499999999998,61.845,35.28
2025-09-28 14:00:00+05:30,19.67,60.545,34.78
2025-09-28 15:00:00+05:30,14.6125,59.525,35.04
2025-09-28 16:00:00+05:30,10.5475,59.945,35.56
2025-09-28 17:00:00+05:30,10.91,60.245,36.302499999999995
2025-09-28 18:00:00+05:30,10.73,62.525,36.72
2025-09-28 19:00:00+05:30,10.4725,63.394999999999996,36.72
2025-09-28 20:00:00+05:30,17.41,63.12,36.72
2025-09-28 22:00:00+05:30,23.5,66.27,36.94
2025-09-28 23:00:00+05:30,19.4825,69.44500000000001,36.7575
2025-09-29 00:00:00+05:30,17.3,65.12,36.52
2025-09-29 01:00:00+05:30,16.815,65.12,36.22
2025-09-29 02:00:00+05:30,18.5675,64.44500000000001,35.88
2025-09-29 03:00:00+05:30,16.3275,62.724999999999994,36.9
2025-09-29 04:00:00+05:30,12.975000000000001,61.62,37.32
2025-09-29 23:00:00+05:30,7.826666666666667,57.04333333333333,35.74
2025-09-30 00:00:00+05:30,3.38,52.62,34.72
2025-09-30 01:00:00+05:30,4.1775,51.73,34.6
2025-09-30 02:00:00+05:30,2.4475,51.065,34.26
2025-09-30 03:00:00+05:30,4.5675,51.397499999999994,34.36
2025-09-30 04:00:00+05:30,5.9325,53.1325,35.16
2025-09-30 05:00:00+05:30,6.359999999999999,54.724999999999994,35.839999999999996
2025-09-30 06:00:00+05:30,5.1475,54.9525,36.12
2025-09-30 07:00:00+05:30,6.825,55.277499999999996,35.76
2025-09-30 08:00:00+05:30,9.86,57.4225,35.22
2025-09-30 09:00:00+05:30,11.455,59.897499999999994,35.800000000000004
2025-09-30 10:00:00+05:30,11.4475,57.3425,35.46
2025-09-30 11:00:00+05:30,12.703333333333333,58.41,35.26
2025-09-30 12:00:00+05:30,13.5,60.62,35.48
2025-09-30 13:00:00+05:30,13.4975,59.065,35.42
2025-09-30 14:00:00+05:30,9.57,57.3425,33.5
2025-09-30 15:00:00+05:30,12.5025,56.512499999999996,34.7075
2025-09-30 16:00:00+05:30,5.86,57.58,36.64
2025-09-30 17:00:00+05:30,5.4399999999999995,61.287499999999994,38.0
2025-09-30 18:00:00+05:30,6.255,64.12,39.14
2025-09-30 19:00:00+05:30,6.9425,64.39750000000001,35.92
2025-09-30 20:00:00+05:30,9.6025,60.51,36.16
2025-09-30 21:00:00+05:30,8.36,59.12,36.96
2025-09-30 22:00:00+05:30,8.193333333333333,55.656666666666666,36.44
2025-09-30 23:00:00+05:30,9.7025,52.287499999999994,35.24
2025-10-01 00:00:00+05:30,6.22,50.12,35.52
2025-10-01 01:00:00+05:30,6.0575,52.355,35.58
2025-10-01 02:00:00+05:30,6.995,53.787499999999994,35.480000000000004
2025-10-01 03:00:00+05:30,7.3225,53.445,34.7375
2025-10-01 04:00:00+05:30,6.6475,55.565,34.980000000000004
2025-10-01 05:00:00+05:30,7.477499999999999,55.2375,36.28
2025-10-01 06:00:00+05:30,5.9575,53.457499999999996,35.54
2025-10-01 07:00:00+05:30,8.387500000000001,53.724999999999994,35.42
2025-10-01 08:00:00+05:30,9.77,56.665,36.0
2025-10-01 09:00:00+05:30,10.596666666666666,58.23,35.693333333333335
2025-10-01 12:00:00+05:30,13.786666666666667,65.77666666666667,36.0
2025-10-01 13:00:00+05:30,15.68,62.455,35.2275
2025-10-01 14:00:00+05:30,11.2625,63.3925,33.775
2025-10-01 15:00:00+05:30,11.5825,64.075,35.980000000000004
2025-10-01 16:00:00+05:30,9.165,61.457499999999996,37.22
2025-10-01 17:00:00+05:30,10.1925,65.92,36.52
2025-10-01 18:00:00+05:30,8.3475,69.295,36.58
2025-10-01 19:00:00+05:30,9.685,63.575,36.305
2025-10-01 20:00:00+05:30,5.3525,58.527499999999996,35.26
2025-10-01 21:00:00+05:30,5.195,56.8275,35.599999999999994
2025-10-01 22:00:00+05:30,6.2825,56.527499999999996,36.3
2025-10-01 23:00:00+05:30,4.7875,53.5025,35.38
2025-10-02 00:00:00+05:30,5.76,54.62,35.52
2025-10-02 01:00:00+05:30,5.583333333333333,55.37,35.46
2025-10-02 02:00:00+05:30,7.04,60.51,35.5575
2025-10-02 03:00:00+05:30,9.4575,65.46000000000001,36.18
2025-10-02 04:00:00+05:30,5.1525,60.230000000000004,36.26
2025-10-02 05:00:00+05:30,3.385,53.074999999999996,36.06
2025-10-02 06:00:00+05:30,4.895,50.677499999999995,35.56
2025-10-02 07:00:00+05:30,3.5925000000000002,50.5625,34.96
2025-10-02 08:00:00+05:30,7.165,60.36,36.120000000000005
2025-10-02 09:00:00+05:30,8.0425,69.69,37.34
2025-10-02 10:00:00+05:30,10.7425,62.45,36.325
2025-10-02 11:00:00+05:30,13.307500000000001,55.574999999999996,34.800000000000004
2025-10-02 12:00:00+05:30,14.1525,54.724999999999994,34.46
2025-10-02 13:00:00+05:30,13.135,55.4625,34.56
2025-10-02 14:00:00+05:30,12.7925,55.277499999999996,35.06
2025-10-02 15:00:00+05:30,11.176666666666668,56.37,34.980000000000004
2025-10-02 16:00:00+05:30,6.305,53.9875,35.06
2025-10-02 17:00:00+05:30,10.036666666666667,52.28666666666666,35.18666666666667
2025-10-02 18:00:00+05:30,10.16,52.5475,35.42
2025-10-02 19:00:00+05:30,5.5600000000000005,48.8375,34.78
2025-10-02 20:00:00+05:30,6.4975000000000005,51.7525,35.34
2025-10-02 21:00:00+05:30,6.235,53.155,35.96
2025-10-02 22:00:00+05:30,6.449999999999999,51.9375,35.0
2025-10-02 23:00:00+05:30,5.0475,52.074999999999996,34.8975
2025-10-03 00:00:00+05:30,3.58,52.62,35.92
2025-10-03 01:00:00+05:30,5.4925,50.875,35.74
2025-10-03 02:00:00+05:30,6.36,50.147499999999994,35.019999999999996
2025-10-03 03:00:00+05:30,6.62,56.699999999999996,34.44
2025-10-03 04:00:00+05:30,6.095,60.205,34.78
2025-10-03 05:00:00+05:30,7.16,57.12,34.92
2025-10-03 06:00:00+05:30,6.343333333333334,61.10999999999999,35.48
2025-10-03 07:00:00+05:30,6.0,68.01,37.1
2025-10-03 08:00:00+05:30,9.2675,72.7425,38.38
2025-10-03 09:00:00+05:30,10.622499999999999,63.115,36.22
2025-10-03 10:00:00+05:30,11.51,54.535,34.3575
2025-10-03 11:00:00+05:30,13.2225,56.7475,34.74
2025-10-03 12:00:00+05:30,9.82,54.3125,34.26
2025-10-03 13:00:00+05:30,9.8275,52.185,34.06
2025-10-03 14:00:00+05:30,11.447500000000002,52.927499999999995,33.86
2025-10-03 15:00:00+05:30,10.185,56.582499999999996,33.9625
2025-10-03 16:00:00+05:30,11.2425,59.12,34.46
2025-10-03 17:00:00+05:30,8.225,58.685,34.44
2025-10-03 18:00:00+05:30,8.49,62.480000000000004,35.08
2025-10-03 19:00:00+05:30,7.363333333333333,68.12,35.86
2025-10-03 20:00:00+05:30,5.42,55.864999999999995,35.6
2025-10-03 21:00:00+05:30,5.4475,62.019999999999996,35.6225
2025-10-03 22:00:00+05:30,5.1225,62.54,35.78
2025-10-03 23:00:00+05:30,5.3325,63.815,35.3525
2025-10-04 00:00:00+05:30,5.28,53.12,34.92
2025-10-04 01:00:00+05:30,3.9524999999999997,55.7375,34.800000000000004
2025-10-04 02:00:00+05:30,4.355,60.427499999999995,35.4275
2025-10-04 03:00:00+05:30,5.7275,56.92,36.68
2025-10-04 04:00:00+05:30,4.63,51.427499999999995,35.019999999999996
2025-10-04 05:00:00+05:30,4.765000000000001,56.61,36.08
2025-10-04 06:00:00+05:30,4.4925,61.552499999999995,36.56
2025-10-04 07:00:00+05:30,4.735,62.552499999999995,35.96
2025-10-04 08:00:00+05:30,7.1625,63.5525,36.4
2025-10-04 09:00:00+05:30,9.53,63.2525,36.12
2025-10-04 10:00:00+05:30,11.3875,161.35250000000002,66.495
2025-10-04 11:00:00+05:30,10.43,166.61,109.64
2025-10-04 12:00:00+05:30,11.442499999999999,71.5025,40.44
2025-10-04 13:00:00+05:30,12.3975,64.3875,35.18
2025-10-04 14:00:00+05:30,11.82,60.17,35.5
2025-10-04 15:00:00+05:30,12.34,60.0025,36.1
2025-10-04 16:00:00+05:30,11.255,79.6925,37.06
2025-10-04 17:00:00+05:30,10.3725,86.82000000000001,37.725
2025-10-04 18:00:00+05:30,7.965,70.72,37.88
2025-10-04 19:00:00+05:30,5.345,68.6675,39.84
2025-10-04 20:00:00+05:30,5.9475,61.62,36.04
2025-10-04 21:00:00+05:30,2.9825,63.57,37.22
2025-10-04 22:00:00+05:30,2.94,68.48750000000001,38.9
2025-10-04 23:00:00+05:30,2.965,71.62,37.92
2025-10-06 10:00:00+05:30,6.29,84.55000000000001,39.285
2025-10-06 11:00:00+05:30,10.54,97.74000000000001,39.52
2025-10-06 12:00:00+05:30,8.837499999999999,98.7925,38.5
2025-10-06 13:00:00+05:30,9.4,91.31,35.942499999999995
2025-10-06 14:00:00+05:30,11.0275,85.665,35.34
2025-10-06 15:00:00+05:30,12.245,64.5275,35.575
2025-10-06 16:00:00+05:30,11.4125,81.26,36.8225
2025-10-06 17:00:00+05:30,9.7625,75.1375,35.76
2025-10-06 18:00:00+05:30,7.075,63.545,35.22
2025-10-06 19:00:00+05:30,6.8025,62.195,35.5625
2025-10-06 20:00:00+05:30,6.2675,60.262499999999996,34.6
2025-10-06 21:00:00+05:30,4.9825,61.332499999999996,34.56
2025-10-06 22:00:00+05:30,4.5649999999999995,59.92,34.94
2025-10-06 23:00:00+05:30,3.8200000000000003,58.6825,35.175
2025-10-07 00:00:00+05:30,4.18,57.62,36.32
2025-10-07 01:00:00+05:30,3.545,54.644999999999996,36.019999999999996
2025-10-07 02:00:00+05:30,4.4350000000000005,49.1325,35.2
2025-10-07 03:00:00+05:30,3.2325,56.53,34.86
2025-10-07 04:00:00+05:30,3.83,62.9575,35.0775
2025-10-07 05:00:00+05:30,4.4575,56.745,35.7425
2025-10-07 06:00:00+05:30,5.0625,62.3925,35.68
2025-10-07 07:00:00+05:30,5.0325,71.4325,36.995000000000005
2025-10-07 08:00:00+05:30,5.945,75.00750000000001,38.06
2025-10-07 09:00:00+05:30,6.71,79.28666666666668,39.653333333333336
2025-10-07 10:00:00+05:30,5.9825,113.77000000000001,43.595
2025-10-07 11:00:00+05:30,11.4475,112.125,42.2
2025-10-07 12:00:00+05:30,11.915,70.9825,35.78
2025-10-07 13:00:00+05:30,11.3275,56.51,34.28
2025-10-07 14:00:00+05:30,8.695,55.73,34.56
2025-10-07 15:00:00+05:30,6.925,73.2825,37.540000000000006
2025-10-07 16:00:00+05:30,5.577500000000001,84.83250000000001,37.9
2025-10-07 17:00:00+05:30,5.2475000000000005,71.92,33.18
2025-10-07 18:00:00+05:30,4.316666666666666,69.50666666666667,33.46666666666667
2025-10-07 19:00:00+05:30,2.795,68.065,35.64
2025-10-07 20:00:00+05:30,2.283333333333333,66.04333333333334,35.7425
2025-10-07 21:00:00+05:30,2.0549999999999997,62.6425,35.68
2025-10-07 22:00:00+05:30,2.285,62.730000000000004,36.52
2025-10-07 23:00:00+05:30,3.2325,66.0425,35.925000000000004
2025-10-08 00:00:00+05:30,2.71,62.62,35.32
2025-10-08 01:00:00+05:30,2.295,61.9825,35.56
2025-10-08 02:00:00+05:30,2.415,61.7575,35.879999999999995
2025-10-08 03:00:00+05:30,3.165,63.2525,35.92
2025-10-08 04:00:00+05:30,3.2825,68.13,37.32
2025-10-08 05:00:00+05:30,4.126666666666666,74.885,37.44
2025-10-08 06:00:00+05:30,3.1975,85.0425,38.9675
2025-10-08 07:00:00+05:30,2.7575,95.665,41.620000000000005
2025-10-08 08:00:00+05:30,6.525,87.61,40.505
2025-10-08 09:00:00+05:30,5.1625,79.5875,39.1
2025-10-08 10:00:00+05:30,6.2325,84.565,38.2975
2025-10-08 11:00:00+05:30,7.875,113.6425,39.14
2025-10-08 12:00:00+05:30,8.0025,117.67,39.28
2025-10-08 13:00:00+05:30,8.2675,83.6175,37.019999999999996
2025-10-08 14:00:00+05:30,8.33,72.52250000000001,36.1425
2025-10-08 15:00:00+05:30,7.46,71.9425,35.96
2025-10-08 16:00:00+05:30,6.55,75.12,36.7625
2025-10-08 17:00:00+05:30,5.665,74.91,36.905
2025-10-08 18:00:00+05:30,4.9025,74.62,36.400000000000006
2025-10-08 19:00:00+05:30,5.046666666666667,74.37,37.22
2025-10-08 20:00:00+05:30,7.1675,75.3775,36.94
2025-10-08 21:00:00+05:30,5.9825,77.33,37.68
2025-10-08 22:00:00+05:30,5.7625,78.04,37.2975
2025-10-08 23:00:00+05:30,6.1775,80.92750000000001,37.78
2025-10-09 00:00:00+05:30,1.95,82.12,39.12
2025-10-09 01:00:00+05:30,1.97,82.33,39.0
2025-10-09 02:00:00+05:30,2.0925,84.50750000000001,39.019999999999996
2025-10-09 03:00:00+05:30,4.19,86.44,39.46
2025-10-09 04:00:00+05:30,2.78,86.96000000000001,39.0325
2025-10-09 05:00:00+05:30,3.0725,87.7,40.6
2025-10-09 06:00:00+05:30,2.62,91.315,40.44
2025-10-09 07:00:00+05:30,2.8033333333333332,97.12,40.78
2025-10-09 08:00:00+05:30,4.96,106.88333333333333,41.46
2025-10-09 09:00:00+05:30,8.0125,108.89500000000001,43.0175
2025-10-09 10:00:00+05:30,9.407499999999999,129.64,44.62
2025-10-09 11:00:00+05:30,7.7875,143.99,46.0
2025-10-09 12:00:00+05:30,7.32,137.685,44.38
2025-10-09 13:00:00+05:30,7.955,128.45250000000001,43.7475
2025-10-09 14:00:00+05:30,7.1925,111.1375,42.400000000000006
2025-10-09 15:00:00+05:30,6.275,113.37,43.58
2025-10-09 16:00:00+05:30,5.3075,108.265,43.3
2025-10-09 17:00:00+05:30,4.3533333333333335,107.23,42.71666666666667
2025-10-09 18:00:00+05:30,5.6525,111.5875,44.33
2025-10-09 19:00:00+05:30,5.827500000000001,118.235,47.144999999999996
2025-10-09 20:00:00+05:30,6.3675,119.3775,46.56
2025-10-09 21:00:00+05:30,2.83,112.12,44.2875
2025-10-09 22:00:00+05:30,2.31,132.10250000000002,48.480000000000004
2025-10-09 23:00:00+05:30,2.1925,130.2875,50.5425
2025-10-10 00:00:00+05:30,2.75,140.62,47.92
2025-10-10 01:00:00+05:30,2.29,141.46,48.04
2025-10-10 02:00:00+05:30,2.7325,129.70250000000001,47.845
2025-10-10 03:00:00+05:30,3.0949999999999998,117.245,46.114999999999995
2025-10-10 04:00:00+05:30,3.4074999999999998,120.745,45.0775
2025-10-10 05:00:00+05:30,3.2575000000000003,111.495,45.7425
2025-10-10 06:00:00+05:30,3.08,110.245,45.5
2025-10-10 07:00:00+05:30,2.825,121.0775,46.94
2025-10-10 08:00:00+05:30,4.21,126.5775,48.6075
2025-10-10 09:00:00+05:30,9.9125,125.7875,46.800000000000004
2025-10-10 10:00:00+05:30,7.5633333333333335,135.23,44.84
2025-10-10 11:00:00+05:30,8.776666666666666,138.66666666666666,44.44
2025-10-10 12:00:00+05:30,8.7325,135.6525,45.7
2025-10-10 13:00:00+05:30,8.47,128.62,44.72
2025-10-11 11:00:00+05:30,9.38,,
2025-10-11 12:00:00+05:30,7.35,365.43333333333334,109.58666666666666
2025-10-11 13:00:00+05:30,7.080000000000001,532.62,175.94
2025-10-11 14:00:00+05:30,5.683333333333334,130.75,48.74
2025-10-11 15:00:00+05:30,4.975,128.3775,46.5
2025-10-11 16:00:00+05:30,4.225,127.03,45.760000000000005
2025-10-11 17:00:00+05:30,4.41,127.825,46.92
2025-10-11 18:00:00+05:30,3.3475,136.60500000000002,48.915
2025-10-11 19:00:00+05:30,2.695,145.125,50.019999999999996
2025-10-11 20:00:00+05:30,4.405,136.42000000000002,48.6
2025-10-11 21:00:00+05:30,7.59,134.82,47.8125
2025-10-11 22:00:00+05:30,5.1175,147.11,50.28
2025-10-11 23:00:00+05:30,4.443333333333333,156.26,51.333333333333336
2025-10-12 00:00:00+05:30,4.2,147.62,53.12
2025-10-12 01:00:00+05:30,1.9875,148.85250000000002,53.18
2025-10-12 02:00:00+05:30,3.516666666666667,149.46,53.0225
2025-10-12 03:00:00+05:30,3.6,144.91500000000002,53.16
2025-10-12 04:00:00+05:30,1.7125,141.9475,54.28
2025-10-12 05:00:00+05:30,2.4375,131.3375,50.9525
2025-10-12 06:00:00+05:30,3.1225,122.23750000000001,48.379999999999995
2025-10-12 07:00:00+05:30,2.435,125.38,50.1575
2025-10-12 08:00:00+05:30,4.4975000000000005,129.85250000000002,52.1475
2025-10-12 09:00:00+05:30,10.9225,140.66500000000002,53.32
2025-10-12 10:00:00+05:30,8.495,141.16500000000002,46.93
2025-10-12 11:00:00+05:30,6.9575000000000005,122.71000000000001,44.12
2025-10-12 12:00:00+05:30,8.0175,128.4925,45.9375
2025-10-12 13:00:00+05:30,7.28,130.6775,48.635
2025-10-12 14:00:00+05:30,6.25,118.98750000000001,44.942499999999995
2025-10-12 15:00:00+05:30,5.6000000000000005,116.62,44.222500000000004
2025-10-12 16:00:00+05:30,5.355,113.80250000000001,43.46
2025-10-12 17:00:00+05:30,5.522500000000001,113.845,43.74
2025-10-12 18:00:00+05:30,7.875,116.845,45.8
2025-10-12 19:00:00+05:30,9.195,115.965,47.42
2025-10-12 20:00:00+05:30,7.175,113.95750000000001,46.04
2025-10-12 21:00:00+05:30,8.715,116.2125,47.3
2025-10-12 22:00:00+05:30,5.46,117.44500000000001,46.735
2025-10-12 23:00:00+05:30,1.635,117.67,47.5425
2025-10-13 00:00:00+05:30,3.0,134.12,51.12
2025-10-13 01:00:00+05:30,3.395,131.485,51.24
2025-10-13 02:00:00+05:30,3.1799999999999997,137.35250000000002,51.222500000000004
2025-10-13 03:00:00+05:30,3.005,144.725,50.58
2025-10-13 04:00:00+05:30,2.9133333333333336,132.40333333333334,50.5425
2025-10-13 05:00:00+05:30,2.1725,110.78000000000002,49.2275
2025-10-13 06:00:00+05:30,3.645,103.27000000000001,47.0
2025-10-13 07:00:00+05:30,3.4375,110.86500000000001,47.86
2025-10-13 08:00:00+05:30,4.4825,115.345,50.46
2025-10-13 09:00:00+05:30,7.64,123.45,50.44
2025-10-13 10:00:00+05:30,7.95,125.32000000000001,49.44
2025-10-13 11:00:00+05:30,8.299999999999999,113.71333333333332,46.49
2025-10-13 12:00:00+05:30,8.59,107.0775,44.505
2025-10-13 13:00:00+05:30,6.87,103.7125,43.8175
2025-10-13 14:00:00+05:30,6.7375,99.875,44.2825
2025-10-13 15:00:00+05:30,6.35,95.9375,43.66
2025-10-13 16:00:00+05:30,6.9025,98.3375,43.4
2025-10-13 17:00:00+05:30,6.1674999999999995,99.715,43.54
2025-10-13 18:00:00+05:30,9.356666666666667,99.12,44.52
2025-10-13 19:00:00+05:30,8.225,98.88,44.935
2025-10-13 20:00:00+05:30,6.8725,100.9025,46.2175
2025-10-13 21:00:00+05:30,4.63,102.09333333333335,47.48
2025-10-13 22:00:00+05:30,3.4225,108.27000000000001,48.5575
2025-10-13 23:00:00+05:30,2.5075,114.2275,49.4775
2025-10-14 00:00:00+05:30,4.33,114.12,51.52
2025-10-14 01:00:00+05:30,2.37,119.19,51.88
2025-10-14 02:00:00+05:30,2.9325,124.5925,52.72
2025-10-14 03:00:00+05:30,1.92,124.255,52.78
2025-10-14 04:00:00+05:30,3.24,122.6825,53.04
2025-10-14 05:00:00+05:30,3.69,112.6025,52.25
2025-10-14 06:00:00+05:30,3.795,100.355,47.92
2025-10-14 07:00:00+05:30,3.51,92.065,45.22
2025-10-14 08:00:00+05:30,4.890000000000001,98.905,48.16
2025-10-14 09:00:00+05:30,9.01,104.26,48.6525
2025-10-14 10:00:00+05:30,8.083333333333334,112.31333333333333,51.13333333333333
2025-10-14 11:00:00+05:30,8.6175,107.47,43.395
2025-10-14 12:00:00+05:30,7.67,105.5425,45.06
2025-10-14 13:00:00+05:30,8.085,106.16,45.4875
2025-10-14 14:00:00+05:30,8.35,99.4175,43.58
2025-10-14 15:00:00+05:30,6.055,98.11250000000001,42.82
2025-10-14 16:00:00+05:30,5.336666666666666,91.37,41.315
2025-10-14 17:00:00+05:30,4.7275,87.135,42.839999999999996
2025-10-14 18:00:00+05:30,5.0375,87.21000000000001,43.3575
2025-10-14 19:00:00+05:30,6.033333333333334,84.45333333333333,43.6225
2025-10-14 20:00:00+05:30,6.93,83.72500000000001,42.800000000000004
2025-10-14 21:00:00+05:30,3.565,84.2175,42.46
2025-10-14 22:00:00+05:30,5.055,85.635,43.5675
2025-10-14 23:00:00+05:30,2.0733333333333333,95.87,46.7575
2025-10-15 00:00:00+05:30,3.64,104.62,49.32
2025-10-15 01:00:00+05:30,3.41,107.42,49.0225
2025-10-15 02:00:00+05:30,3.0075000000000003,112.82000000000001,48.5575
2025-10-15 03:00:00+05:30,2.5300000000000002,111.42,49.24
2025-10-15 04:00:00+05:30,3.32,107.62,49.935
2025-10-15 05:00:00+05:30,3.225,106.72000000000001,50.980000000000004
2025-10-15 06:00:00+05:30,2.7575,102.62,49.8725
2025-10-15 07:00:00+05:30,3.16,93.75333333333333,46.92
2025-10-15 08:00:00+05:30,3.5825,91.42,46.800000000000004
2025-10-15 09:00:00+05:30,5.952500000000001,103.67500000000001,47.175
2025-10-15 10:00:00+05:30,5.9375,111.995,47.235
2025-10-15 11:00:00+05:30,9.9725,107.22,44.2
2025-10-15 12:00:00+05:30,8.78,105.72000000000001,45.019999999999996
2025-10-15 13:00:00+05:30,5.815,102.42,44.32
2025-10-15 14:00:00+05:30,6.136666666666667,95.37,43.85333333333333
2025-10-15 15:00:00+05:30,6.7875,90.12,43.1575
2025-10-15 16:00:00+05:30,4.765,86.72,43.4825
2025-10-15 17:00:00+05:30,8.24,82.52,42.879999999999995
2025-10-15 20:00:00+05:30,9.615,88.4,44.005
2025-10-15 21:00:00+05:30,6.645,90.51,44.4125
2025-10-15 22:00:00+05:30,3.88,86.02000000000001,45.92
2025-10-15 23:00:00+05:30,2.7866666666666666,78.62,44.58
2025-10-16 00:00:00+05:30,2.09,75.62,44.52
2025-10-16 01:00:00+05:30,3.65,85.55000000000001,44.4
2025-10-16 02:00:00+05:30,3.9125,86.85000000000001,43.46
2025-10-16 03:00:00+05:30,3.8850000000000002,74.8175,42.1575
2025-10-16 04:00:00+05:30,4.21,80.18666666666667,42.66
2025-10-16 05:00:00+05:30,3.3875,87.02000000000001,43.2325
2025-10-16 06:00:00+05:30,,,48.92
2025-10-16 07:00:00+05:30,5.915,103.17500000000001,49.76
2025-10-16 08:00:00+05:30,7.8,108.3525,50.8875
2025-10-16 09:00:00+05:30,12.175,95.955,47.18
2025-10-16 10:00:00+05:30,9.9025,84.3475,42.34
2025-10-16 11:00:00+05:30,9.085,78.62,40.337500000000006
2025-10-16 12:00:00+05:30,10.085,82.12,39.505
2025-10-16 13:00:00+05:30,10.895,78.8525,38.8775
2025-10-16 14:00:00+05:30,8.9825,74.0025,39.4825
2025-10-16 15:00:00+05:30,7.4325,76.42750000000001,39.515
2025-10-16 16:00:00+05:30,5.3625,81.5725,42.525
2025-10-16 17:00:00+05:30,4.8825,92.5175,45.905
2025-10-16 18:00:00+05:30,5.52,88.155,45.7
2025-10-16 19:00:00+05:30,6.725,82.4075,45.84
2025-10-16 20:00:00+05:30,4.0525,81.7425,41.980000000000004
2025-10-16 21:00:00+05:30,4.8875,78.21000000000001,42.0
2025-10-16 22:00:00+05:30,6.585,83.0025,41.957499999999996
2025-10-16 23:00:00+05:30,4.6925,81.8525,42.760000000000005
2025-10-17 00:00:00+05:30,3.56,61.62,38.92
2025-10-17 01:00:00+05:30,3.0175,59.635,38.14
2025-10-17 02:00:00+05:30,2.876666666666667,57.12,36.620000000000005
2025-10-17 03:00:00+05:30,3.545,59.1125,37.44
2025-10-17 04:00:00+05:30,3.555,63.185,37.4225
2025-10-17 05:00:00+05:30,2.2575000000000003,65.14750000000001,37.135
2025-10-17 06:00:00+05:30,2.045,63.894999999999996,39.26
2025-10-17 07:00:00+05:30,5.3175,70.785,42.88
2025-10-17 08:00:00+05:30,7.766666666666667,88.22666666666667,45.919999999999995
2025-10-17 09:00:00+05:30,8.77,96.345,46.644999999999996
2025-10-17 10:00:00+05:30,11.1675,93.4225,44.865
2025-10-17 11:00:00+05:30,11.71,93.515,42.665
2025-10-17 12:00:00+05:30,10.5075,90.3725,41.24
2025-10-17 13:00:00+05:30,9.1975,89.155,41.4
2025-10-17 14:00:00+05:30,9.280000000000001,91.155,41.9
2025-10-17 15:00:00+05:30,6.39,81.845,44.019999999999996
2025-10-17 16:00:00+05:30,7.6625,81.685,43.879999999999995
2025-10-17 17:00:00+05:30,6.79,82.465,41.800000000000004
2025-10-17 18:00:00+05:30,9.1275,78.80250000000001,41.64
2025-10-17 19:00:00+05:30,7.885,80.4225,42.395
2025-10-17 20:00:00+05:30,5.666666666666667,81.45333333333333,44.115
2025-10-17 21:00:00+05:30,5.576666666666667,86.28666666666668,45.34
2025-10-17 22:00:00+05:30,5.123333333333334,90.45333333333333,45.6925
2025-10-17 23:00:00+05:30,2.375,91.295,48.292500000000004
2025-10-18 00:00:00+05:30,2.67,105.12,51.92
2025-10-18 01:00:00+05:30,3.0949999999999998,119.415,52.8125
2025-10-18 02:00:00+05:30,2.855,124.3875,52.4825
2025-10-18 03:00:00+05:30,2.7824999999999998,98.99000000000001,47.92
2025-10-18 04:00:00+05:30,2.7225,96.0275,50.12
2025-10-18 05:00:00+05:30,3.085,85.7525,48.125
2025-10-18 06:00:00+05:30,2.3175,83.82000000000001,47.67
2025-10-18 07:00:00+05:30,3.6275,94.84,50.28
2025-10-18 08:00:00+05:30,6.4375,97.8775,49.8125
2025-10-18 09:00:00+05:30,8.836666666666666,98.58,47.3125
2025-10-18 10:00:00+05:30,8.004999999999999,98.22500000000001,47.4725
2025-10-18 11:00:00+05:30,7.0,96.37,44.76
2025-10-18 12:00:00+05:30,9.5475,102.5125,45.4175
2025-10-18 13:00:00+05:30,9.725,100.39750000000001,46.24
2025-10-18 14:00:00+05:30,6.9425,90.5975,46.2825
2025-10-18 15:00:00+05:30,5.4825,86.39750000000001,45.957499999999996
2025-10-18 16:00:00+05:30,5.386666666666667,90.78666666666668,45.85333333333333
2025-10-18 17:00:00+05:30,5.12,90.2325,45.292500000000004
2025-10-18 18:00:00+05:30,6.6,93.7025,46.8225
2025-10-18 19:00:00+05:30,7.2025,89.12,47.5475
2025-10-18 20:00:00+05:30,4.21,90.295,50.92
2025-10-18 21:00:00+05:30,3.2325,95.03750000000001,52.06
2025-10-18 22:00:00+05:30,3.7266666666666666,101.62,55.0175
2025-10-18 23:00:00+05:30,3.725,114.37,56.375
2025-10-19 00:00:00+05:30,6.26,112.12,52.12
2025-10-19 01:00:00+05:30,5.3325,123.2025,53.44
2025-10-19 02:00:00+05:30,3.516666666666667,138.02666666666667,56.040000000000006
2025-10-19 03:00:00+05:30,4.795,122.78750000000001,53.97
2025-10-19 04:00:00+05:30,5.235,99.63,50.5175
2025-10-19 05:00:00+05:30,4.5225,91.49000000000001,47.8975
2025-10-19 06:00:00+05:30,5.1125,90.065,49.4
2025-10-19 07:00:00+05:30,5.3625,94.875,50.6725
2025-10-19 08:00:00+05:30,6.9075,98.5925,48.85
2025-10-19 09:00:00+05:30,10.943333333333333,100.49000000000001,51.29333333333333
2025-10-19 10:00:00+05:30,9.7125,102.7025,48.2975
2025-10-19 11:00:00+05:30,8.71,106.73,48.78
2025-10-19 12:00:00+05:30,8.936666666666667,110.97333333333334,48.800000000000004
2025-10-19 13:00:00+05:30,8.93,107.53750000000001,48.64
2025-10-19 14:00:00+05:30,7.225,106.04,49.335
2025-10-19 15:00:00+05:30,5.31,103.5725,50.6175
2025-10-19 16:00:00+05:30,4.81,101.12,51.26
2025-10-19 17:00:00+05:30,4.905,99.62,50.7625
2025-10-19 18:00:00+05:30,9.6525,97.2025,49.265
2025-10-19 19:00:00+05:30,9.115,95.22500000000001,48.0175
2025-10-19 20:00:00+05:30,5.695,93.9025,50.28
2025-10-19 21:00:00+05:30,4.7475000000000005,97.76,53.265
2025-10-19 22:00:00+05:30,4.0625,96.7775,52.255
2025-10-19 23:00:00+05:30,3.615,97.065,52.807500000000005
2025-10-20 00:00:00+05:30,2.53,104.12,55.12
2025-10-20 01:00:00+05:30,3.4166666666666665,99.74333333333334,54.879999999999995
2025-10-20 02:00:00+05:30,4.47,105.66,54.915
2025-10-20 03:00:00+05:30,3.725,128.3775,56.980000000000004
2025-10-20 04:00:00+05:30,3.875,137.9625,59.650000000000006
2025-10-20 05:00:00+05:30,3.8,133.60750000000002,62.0225
2025-10-20 06:00:00+05:30,2.526666666666667,136.82666666666668,62.51
2025-10-20 07:00:00+05:30,5.5024999999999995,138.0225,65.32
2025-10-20 08:00:00+05:30,9.559999999999999,130.27,63.357499999999995
2025-10-20 09:00:00+05:30,11.865,132.12,58.18
2025-10-20 14:00:00+05:30,,,51.52
2025-10-20 15:00:00+05:30,5.785,106.3525,51.2825
2025-10-20 16:00:00+05:30,5.7325,102.03,50.239999999999995
2025-10-20 17:00:00+05:30,6.32,100.57000000000001,50.5475
2025-10-20 18:00:00+05:30,8.0075,105.155,53.445
2025-10-20 19:00:00+05:30,7.5975,107.8375,53.7475
2025-10-20 22:00:00+05:30,2.5300000000000002,229.535,97.985
2025-10-20 23:00:00+05:30,2.3375,262.2375,113.0375
2025-10-21 00:00:00+05:30,1.97,298.12,134.72
2025-10-21 01:00:00+05:30,2.4625,275.12,124.1
2025-10-21 02:00:00+05:30,2.865,207.645,92.0675
2025-10-21 03:00:00+05:30,3.8275,141.37,71.295
2025-10-21 04:00:00+05:30,3.1950000000000003,116.8775,63.254999999999995
2025-10-21 05:00:00+05:30,3.8166666666666664,122.12,64.60000000000001
2025-10-21 06:00:00+05:30,3.4725,116.94500000000001,63.339999999999996
2025-10-21 07:00:00+05:30,2.4,108.62,59.23
2025-10-21 08:00:00+05:30,4.983333333333333,110.93,57.080000000000005
2025-10-21 09:00:00+05:30,7.4175,117.4025,55.6875
2025-10-21 10:00:00+05:30,7.62,107.95333333333333,53.31666666666666
2025-10-21 11:00:00+05:30,8.102500000000001,92.19500000000001,46.785
2025-10-21 12:00:00+05:30,7.5575,90.235,46.7575
2025-10-21 13:00:00+05:30,6.4975,96.29666666666667,49.66
2025-10-21 14:00:00+05:30,4.885,97.8875,49.46
2025-10-21 15:00:00+05:30,5.95,96.64750000000001,49.0825
2025-10-21 16:00:00+05:30,8.772499999999999,91.47,48.1625
2025-10-21 17:00:00+05:30,7.4825,89.11333333333334,47.6175
2025-10-21 18:00:00+05:30,11.200000000000001,90.64999999999999,47.36000000000001
2025-10-21 19:00:00+05:30,4.41,86.12,45.0275
2025-10-21 20:00:00+05:30,8.013333333333334,78.78666666666668,45.919999999999995
2025-10-21 21:00:00+05:30,8.1225,102.1075,54.715
2025-10-21 22:00:00+05:30,6.095,120.4775,61.0825
2025-10-21 23:00:00+05:30,4.56,106.95,56.84
2025-10-22 00:00:00+05:30,3.62,93.12,50.32
2025-10-22 01:00:00+05:30,4.0625,90.8375,50.0825
2025-10-22 02:00:00+05:30,2.5525,83.125,48.5
2025-10-22 03:00:00+05:30,2.4866666666666664,74.96666666666667,44.515
2025-10-22 04:00:00+05:30,2.8725,64.64750000000001,40.78
2025-10-22 05:00:00+05:30,3.145,64.045,42.05
2025-10-22 06:00:00+05:30,3.7725,72.30250000000001,44.957499999999996
2025-10-22 07:00:00+05:30,3.3025,75.86500000000001,44.985
2025-10-22 08:00:00+05:30,5.125,78.61500000000001,44.6125
2025-10-22 09:00:00+05:30,10.33,82.265,46.245
2025-10-22 10:00:00+05:30,7.6066666666666665,72.12,42.919999999999995
2025-10-22 11:00:00+05:30,8.5825,60.85999999999999,38.2825
2025-10-22 12:00:00+05:30,9.295,60.762499999999996,37.839999999999996
2025-10-22 13:00:00+05:30,6.7575,65.64333333333333,39.19
2025-10-22 14:00:00+05:30,12.25,69.515,41.57
2025-10-22 15:00:00+05:30,6.797499999999999,71.93,40.535
2025-10-22 16:00:00+05:30,5.295,73.8875,42.47
2025-10-22 17:00:00+05:30,7.8875,78.185,44.957499999999996
2025-10-22 18:00:00+05:30,10.585,76.28750000000001,45.64
2025-10-22 19:00:00+05:30,9.5175,73.8875,46.16
2025-10-22 20:00:00+05:30,6.3475,87.2525,48.6825
2025-10-22 21:00:00+05:30,2.5625,98.5875,52.4275
2025-10-22 22:00:00+05:30,2.505,97.73,52.6375
2025-10-22 23:00:00+05:30,3.25,119.19666666666667,59.8275
2025-10-23 00:00:00+05:30,3.3,147.12,69.72
2025-10-23 01:00:00+05:30,2.9074999999999998,133.44,66.6875
2025-10-23 02:00:00+05:30,2.2575,101.67500000000001,56.25
2025-10-23 03:00:00+05:30,2.2125,78.1875,47.0925
2025-10-23 04:00:00+05:30,3.0,64.45333333333333,42.9475
2025-10-23 05:00:00+05:30,2.7725,63.3075,41.3575
2025-10-23 06:00:00+05:30,3.2875,63.4325,41.6225
2025-10-23 07:00:00+05:30,4.8625,67.075,41.93
2025-10-23 08:00:00+05:30,7.01,75.155,44.915
2025-10-23 09:00:00+05:30,8.3625,78.12,44.835
2025-10-23 10:00:00+05:30,10.3575,76.9425,40.37
2025-10-23 11:00:00+05:30,7.1899999999999995,78.7425,38.12
2025-10-23 12:00:00+05:30,8.1375,77.36500000000001,38.9525
2025-10-23 13:00:00+05:30,7.699999999999999,78.7325,41.455
2025-10-23 14:00:00+05:30,6.3525,77.87,41.769999999999996
2025-10-23 15:00:00+05:30,6.4075,68.9325,39.46
2025-10-23 16:00:00+05:30,6.8566666666666665,67.87,39.160000000000004
2025-10-23 17:00:00+05:30,7.2,68.37,39.46
2025-10-23 18:00:00+05:30,8.98,68.6825,40.72
2025-10-23 19:00:00+05:30,5.51,69.1975,41.135
2025-10-23 20:00:00+05:30,5.0024999999999995,71.12,41.4075
2025-10-23 21:00:00+05:30,3.3075,70.87,40.9075
2025-10-23 22:00:00+05:30,6.9275,78.9325,44.91
2025-10-23 23:00:00+05:30,7.3625,78.0575,45.66
2025-10-24 00:00:00+05:30,9.2,64.62,39.12
2025-10-24 01:00:00+05:30,7.3025,63.495000000000005,39.24
2025-10-24 02:00:00+05:30,7.615,59.1825,38.627500000000005
2025-10-24 03:00:00+05:30,7.739999999999999,56.62,36.58
2025-10-24 04:00:00+05:30,6.2575,55.6825,36.4225
2025-10-24 05:00:00+05:30,4.5,49.12,35.42
2025-10-24 06:00:00+05:30,2.1574999999999998,48.7475,34.839999999999996
2025-10-24 07:00:00+05:30,4.4975000000000005,50.724999999999994,35.2975
2025-10-24 08:00:00+05:30,5.2425,56.239999999999995,35.957499999999996
2025-10-24 09:00:00+05:30,8.395,56.245,36.3425
2025-10-24 10:00:00+05:30,10.2775,52.87,35.7425
2025-10-24 11:00:00+05:30,8.59,52.62,35.32
2025-10-24 14:00:00+05:30,4.61,58.12,34.92
2025-10-24 18:00:00+05:30,13.49,532.62,132.42000000000002
2025-10-24 19:00:00+05:30,8.7575,357.8625,172.64000000000001
2025-10-24 20:00:00+05:30,19.737499999999997,64.2375,38.52
2025-10-24 21:00:00+05:30,13.5575,58.862500000000004,37.035000000000004
2025-10-24 22:00:00+05:30,4.1825,47.364999999999995,33.58
2025-10-24 23:00:00+05:30,21.733333333333334,47.88666666666666,33.66
2025-10-25 00:00:00+05:30,4.86,44.12,34.32
2025-10-25 01:00:00+05:30,5.01,44.12,34.1425
2025-10-25 02:00:00+05:30,3.7433333333333336,45.85666666666666,34.135
2025-10-25 03:00:00+05:30,2.15,50.022499999999994,35.4775
2025-10-25 04:00:00+05:30,2.5749999999999997,53.5625,35.9625
2025-10-25 05:00:00+05:30,2.315,53.55,35.4775
2025-10-25 06:00:00+05:30,3.0525,56.05,36.44
2025-10-25 07:00:00+05:30,5.0075,59.0975,37.135
2025-10-25 08:00:00+05:30,8.6875,60.78666666666666,37.7625
2025-10-25 09:00:00+05:30,8.5775,60.0425,36.92
2025-10-25 10:00:00+05:30,10.5325,62.542500000000004,37.2775
2025-10-25 11:00:00+05:30,14.655000000000001,63.197500000000005,37.585
2025-10-25 12:00:00+05:30,14.7575,61.435,36.38
2025-10-25 13:00:00+05:30,14.1075,58.349999999999994,35.755
2025-10-25 14:00:00+05:30,15.247499999999999,52.3275,33.86
2025-10-25 15:00:00+05:30,17.15,51.2275,33.839999999999996
2025-10-25 16:00:00+05:30,12.3375,52.75,34.06
2025-10-25 17:00:00+05:30,11.6,52.199999999999996,33.980000000000004
2025-10-25 18:00:00+05:30,9.895,52.065,34.24
2025-10-25 19:00:00+05:30,8.8425,51.489999999999995,34.46
2025-10-25 20:00:00+05:30,8.8775,52.489999999999995,34.6775
2025-10-25 21:00:00+05:30,7.4175,52.565,35.64
2025-10-25 22:00:00+05:30,7.103333333333334,53.28666666666666,35.800000000000004
2025-10-25 23:00:00+05:30,5.6625,57.36,35.995000000000005
2025-10-27 13:00:00+05:30,16.68,55.405,34.765
2025-10-27 14:00:00+05:30,19.68,53.805,34.565
2025-10-27 15:00:00+05:30,15.6125,55.302499999999995,34.91
2025-10-27 16:00:00+05:30,14.0275,57.8475,36.0225
2025-10-27 17:00:00+05:30,8.8725,56.7125,35.0825
2025-10-27 18:00:00+05:30,14.7275,56.815,34.46
2025-10-27 19:00:00+05:30,13.3925,51.0725,34.4975
2025-10-27 20:00:00+05:30,9.08,48.2575,35.335
2025-10-27 21:00:00+05:30,9.600000000000001,54.03,36.975
2025-10-27 22:00:00+05:30,9.7475,57.495,37.985
2025-10-27 23:00:00+05:30,10.1125,54.62,36.8375
2025-10-28 00:00:00+05:30,9.91,53.12,36.12
2025-10-28 01:00:00+05:30,7.186666666666667,53.453333333333326,36.52
2025-10-28 02:00:00+05:30,7.6425,55.022499999999994,37.38
2025-10-28 03:00:00+05:30,7.970000000000001,58.787499999999994,37.8775
2025-10-28 04:00:00+05:30,8.0475,62.4375,38.957499999999996
2025-10-28 05:00:00+05:30,8.19,67.21333333333334,39.8725
2025-10-28 06:00:00+05:30,6.576666666666667,72.95333333333333,41.053333333333335
2025-10-28 07:00:00+05:30,7.845,70.19,41.065
2025-10-28 08:00:00+05:30,8.9975,63.94,39.4025
2025-10-28 09:00:00+05:30,10.2175,63.4375,38.942499999999995
2025-10-28 10:00:00+05:30,16.58,63.12,38.52
2025-10-28 12:00:00+05:30,13.065,69.16,39.25
2025-10-28 13:00:00+05:30,12.8625,69.60000000000001,39.055
2025-10-28 14:00:00+05:30,13.8,71.855,39.665
2025-10-28 15:00:00+05:30,9.505,66.9325,37.585
2025-10-28 16:00:00+05:30,11.82,62.336666666666666,36.6175
2025-10-28 17:00:00+05:30,13.3475,60.25,37.32
2025-10-28 18:00:00+05:30,9.21,58.62,36.52
2025-10-28 19:00:00+05:30,8.397499999999999,57.9,36.875
2025-10-28 22:00:00+05:30,6.975,63.175,38.965
2025-10-28 23:00:00+05:30,7.9125,62.44,38.66
2025-10-29 00:00:00+05:30,9.9,72.12,40.92
2025-10-29 01:00:00+05:30,10.763333333333334,72.19333333333334,40.946666666666665
2025-10-29 02:00:00+05:30,8.809999999999999,73.875,41.4975
2025-10-29 03:00:00+05:30,7.12,75.16333333333334,41.6225
2025-10-29 04:00:00+05:30,7.6066666666666665,74.77,41.2775
2025-10-29 05:00:00+05:30,8.9275,81.845,42.589999999999996
2025-10-29 06:00:00+05:30,9.183333333333334,84.17333333333333,42.4125
2025-10-29 07:00:00+05:30,7.525,67.165,39.735
2025-10-29 08:00:00+05:30,7.1625,71.1875,40.065
2025-10-29 09:00:00+05:30,7.8374999999999995,69.5125,39.3525
2025-10-29 10:00:00+05:30,9.0375,73.09,41.025
2025-10-29 11:00:00+05:30,9.0075,77.515,40.1425
2025-10-29 12:00:00+05:30,11.5425,75.3575,39.5425
2025-10-29 13:00:00+05:30,10.6325,66.47,38.4075
2025-10-29 14:00:00+05:30,13.326666666666668,62.78666666666666,36.586666666666666
2025-10-29 15:00:00+05:30,13.2675,63.6625,36.795
2025-10-29 16:00:00+05:30,12.434999999999999,64.55,38.04
2025-10-29 17:00:00+05:30,13.9575,65.01,38.26
2025-10-29 18:00:00+05:30,9.496666666666668,66.11333333333333,38.22
2025-10-29 19:00:00+05:30,9.155000000000001,63.83,39.3625
2025-10-29 20:00:00+05:30,9.1,64.9425,38.697500000000005
2025-10-29 21:00:00+05:30,9.6025,63.545,38.8225
2025-10-29 22:00:00+05:30,10.5075,60.28666666666666,37.465
2025-10-29 23:00:00+05:30,9.7175,55.4875,36.097500000000004
2025-10-30 00:00:00+05:30,9.35,52.62,36.12
2025-10-30 01:00:00+05:30,10.4175,49.9325,36.0025
2025-10-30 02:00:00+05:30,8.5225,44.5875,35.5425
2025-10-30 03:00:00+05:30,7.6175,44.3375,35.06
2025-10-30 04:00:00+05:30,10.2775,45.7975,34.7425
2025-10-30 05:00:00+05:30,7.9575,47.5425,34.79
2025-10-30 06:00:00+05:30,7.83,51.72,36.2175
2025-10-30 07:00:00+05:30,5.36,54.62,36.92
2025-10-31 12:00:00+05:30,10.78,55.12,36.72
2025-10-31 13:00:00+05:30,15.9575,54.942499999999995,36.66
2025-10-31 14:00:00+05:30,15.745000000000001,55.553333333333335,36.222500000000004
2025-10-31 15:00:00+05:30,12.1625,55.745,35.8775
2025-10-31 16:00:00+05:30,6.75,49.22,36.245000000000005
2025-10-31 17:00:00+05:30,8.3375,49.2375,36.215
2025-10-31 18:00:00+05:30,11.41,53.47,36.800000000000004
2025-10-31 19:00:00+05:30,11.372499999999999,54.47,36.64
2025-10-31 20:00:00+05:30,9.275,55.2975,36.625
2025-10-31 21:00:00+05:30,8.03,55.62,36.0375
2025-10-31 22:00:00+05:30,7.39,55.095,36.5575
2025-10-31 23:00:00+05:30,7.6525,53.415,36.942499999999995
2025-11-01 00:00:00+05:30,7.08,56.12,35.52
2025-11-01 01:00:00+05:30,6.6675,54.545,36.167500000000004
2025-11-01 02:00:00+05:30,5.58,53.62,36.52
2025-11-01 03:00:00+05:30,5.1425,54.845,36.697500000000005
2025-11-01 05:00:00+05:30,5.65,59.12,37.92
2025-11-01 06:00:00+05:30,5.3925,60.98666666666666,38.1575
2025-11-01 07:00:00+05:30,5.6075,61.72,38.4225
2025-11-01 08:00:00+05:30,5.925,58.245,37.78
2025-11-01 09:00:00+05:30,6.175,56.089999999999996,37.7425
2025-11-01 10:00:00+05:30,5.2575,55.47,37.26
2025-11-01 11:00:00+05:30,9.166666666666666,57.51,37.12
2025-11-01 12:00:00+05:30,9.99,59.12,37.28
2025-11-01 13:00:00+05:30,13.996666666666668,60.16,37.2825
2025-11-01 14:00:00+05:30,13.7425,61.32,36.839999999999996
2025-11-01 15:00:00+05:30,13.076666666666668,61.0,37.06
2025-11-01 16:00:00+05:30,13.545,58.595,36.980000000000004
2025-11-01 17:00:00+05:30,9.2575,58.67,37.535
2025-11-01 18:00:00+05:30,8.23,59.745,37.7475
2025-11-01 19:00:00+05:30,7.0125,56.894999999999996,35.980000000000004
2025-11-01 20:00:00+05:30,8.24,55.14,36.4175
2025-11-01 21:00:00+05:30,5.685,57.334999999999994,37.24
2025-11-01 22:00:00+05:30,5.547499999999999,63.6125,38.650000000000006
2025-11-01 23:00:00+05:30,5.6225000000000005,68.69,40.13
2025-11-02 00:00:00+05:30,5.77,67.62,38.52
2025-11-02 01:00:00+05:30,5.73,64.6675,37.865
2025-11-02 02:00:00+05:30,6.385,56.8625,36.1425
2025-11-02 03:00:00+05:30,6.29,52.9675,35.839999999999996
2025-11-02 04:00:00+05:30,6.625,54.315,36.18
2025-11-02 05:00:00+05:30,7.3025,55.9675,36.44
2025-11-02 06:00:00+05:30,5.7425,55.415,36.6
2025-11-02 07:00:00+05:30,6.04,52.9475,36.6775
2025-11-02 08:00:00+05:30,10.1275,52.099999999999994,37.167500000000004
2025-11-02 09:00:00+05:30,10.28,50.42,36.38
2025-11-02 10:00:00+05:30,8.3375,49.2925,36.222500000000004
2025-11-02 11:00:00+05:30,6.3325,49.62,35.4
2025-11-02 12:00:00+05:30,6.14,49.62,35.06
2025-11-02 13:00:00+05:30,7.2625,48.8525,35.1575
2025-11-02 14:00:00+05:30,8.155000000000001,52.12,35.5425
2025-11-02 15:00:00+05:30,7.5925,53.51,35.3575
2025-11-02 16:00:00+05:30,9.84,56.637499999999996,35.7425
2025-11-02 17:00:00+05:30,8.352500000000001,55.19,35.5575
2025-11-02 18:00:00+05:30,8.7525,49.0575,35.8825
2025-11-02 19:00:00+05:30,4.0,46.28666666666666,35.38666666666666
2025-11-02 20:00:00+05:30,5.9125,48.3425,36.175
2025-11-02 21:00:00+05:30,5.029999999999999,49.209999999999994,37.00666666666667
2025-11-02 22:00:00+05:30,6.4366666666666665,48.12,35.88333333333333
2025-11-02 23:00:00+05:30,4.2475,47.9475,35.2
2025-11-03 01:00:00+05:30,7.68,53.62,35.92
2025-11-03 02:00:00+05:30,3.8975,54.824999999999996,36.0375
2025-11-03 03:00:00+05:30,3.8925,54.879999999999995,36.0825
2025-11-03 04:00:00+05:30,3.9975,49.415,35.3425
2025-11-03 05:00:00+05:30,4.047499999999999,47.8075,35.215
2025-11-03 06:00:00+05:30,3.14,49.12,34.92
2025-11-03 07:00:00+05:30,4.1875,52.0475,35.455
2025-11-03 08:00:00+05:30,3.5175,60.72,37.67
2025-11-03 09:00:00+05:30,7.25,66.62,40.2175
2025-11-03 10:00:00+05:30,9.485,65.0825,39.5075
2025-11-03 11:00:00+05:30,11.285,59.87,35.82
2025-11-03 13:00:00+05:30,10.84,50.62,34.32
2025-11-03 14:00:00+05:30,9.483333333333333,50.846666666666664,34.32
2025-11-03 15:00:00+05:30,9.653333333333334,51.669999999999995,34.346666666666664
2025-11-03 16:00:00+05:30,7.06,55.9,34.81
2025-11-03 17:00:00+05:30,5.55,58.26,35.879999999999995
2025-11-03 18:00:00+05:30,4.365,59.1025,36.5325
2025-11-03 19:00:00+05:30,4.6025,58.29,37.697500000000005
2025-11-03 20:00:00+05:30,4.07,58.62,38.12
2025-11-04 09:00:00+05:30,6.74,57.12,36.12
2025-11-04 10:00:00+05:30,10.39,58.405,36.195
2025-11-04 11:00:00+05:30,11.0425,63.6075,36.682500000000005
2025-11-04 14:00:00+05:30,5.12,61.62,36.78666666666667
2025-11-04 15:00:00+05:30,5.8075,61.79,37.0375
2025-11-04 16:00:00+05:30,5.1866666666666665,63.95333333333334,37.78666666666667
2025-11-04 17:00:00+05:30,5.3925,68.98750000000001,38.6025
2025-11-04 18:00:00+05:30,4.0625,69.2475,38.4375
2025-11-04 19:00:00+05:30,3.8366666666666664,64.56,38.5425
2025-11-04 20:00:00+05:30,2.9266666666666663,63.120000000000005,38.4725
2025-11-04 21:00:00+05:30,3.05,60.949999999999996,38.6075
2025-11-04 22:00:00+05:30,2.835,60.285,37.39
2025-11-04 23:00:00+05:30,2.8800000000000003,59.79333333333333,38.17
2025-11-05 00:00:00+05:30,2.72,61.12,37.52
2025-11-05 01:00:00+05:30,2.9524999999999997,60.28666666666666,37.64
2025-11-05 02:00:00+05:30,2.7466666666666666,58.5,37.92
2025-11-05 03:00:00+05:30,2.38,57.1125,38.155
2025-11-05 04:00:00+05:30,2.43,56.29666666666666,38.656666666666666
2025-11-05 05:00:00+05:30,2.62,57.114999999999995,37.8375
2025-11-05 06:00:00+05:30,2.53,57.92666666666667,38.12
2025-11-05 07:00:00+05:30,2.8975,64.49,38.18
2025-11-05 08:00:00+05:30,4.3125,71.935,38.5575
2025-11-05 09:00:00+05:30,6.105,68.78,38.82
2025-11-05 10:00:00+05:30,5.3100000000000005,68.635,38.2375
2025-11-05 11:00:00+05:30,6.61,70.275,38.3425
2025-11-05 12:00:00+05:30,6.2299999999999995,68.52333333333333,37.980000000000004
2025-11-05 13:00:00+05:30,6.36,68.275,38.2975
2025-11-05 14:00:00+05:30,6.23,65.50666666666667,38.593333333333334
2025-11-05 15:00:00+05:30,6.97,64.62,36.72
2025-11-06 11:00:00+05:30,6.71,91.62,42.85
2025-11-06 12:00:00+05:30,7.62,91.9525,43.5075
2025-11-06 13:00:00+05:30,7.2625,89.62,42.222500000000004
2025-11-06 14:00:00+05:30,7.3525,82.28750000000001,41.4025
2025-11-06 15:00:00+05:30,7.223333333333334,81.28666666666668,41.2375
2025-11-06 17:00:00+05:30,3.87,89.62,45.92
2025-11-06 18:00:00+05:30,5.31,91.17666666666668,46.23666666666667
2025-11-06 19:00:00+05:30,5.9325,92.62,46.125
2025-11-06 20:00:00+05:30,5.845,86.4725,44.4825
2025-11-06 21:00:00+05:30,9.265,82.78750000000001,44.097500000000004
2025-11-06 22:00:00+05:30,10.4875,91.8875,47.17
2025-11-06 23:00:00+05:30,8.81,104.75666666666666,52.73333333333333
2025-11-07 00:00:00+05:30,3.75,98.62,52.32
2025-11-07 01:00:00+05:30,3.4875,99.4525,52.0825
2025-11-07 02:00:00+05:30,3.835,102.4525,51.6375
2025-11-07 03:00:00+05:30,5.1525,107.4525,51.86
2025-11-07 04:00:00+05:30,5.615,117.0775,51.72
2025-11-07 05:00:00+05:30,5.4225,120.89666666666666,51.5425
2025-11-07 06:00:00+05:30,4.8325,112.46000000000001,52.785
2025-11-07 07:00:00+05:30,5.0,113.76333333333334,56.72
2025-11-07 08:00:00+05:30,6.125,119.765,57.6125
2025-11-07 09:00:00+05:30,5.78,126.2775,60.195
2025-11-07 10:00:00+05:30,6.51,123.33,57.905
2025-11-07 11:00:00+05:30,7.8225,107.165,47.7
2025-11-07 12:00:00+05:30,7.7325,101.4525,44.7025
2025-11-07 13:00:00+05:30,8.3025,111.1275,48.92
2025-11-07 14:00:00+05:30,7.383333333333333,108.53000000000002,48.86
2025-11-07 15:00:00+05:30,6.5275,103.62,49.19
2025-11-07 16:00:00+05:30,4.7575,98.375,48.595
2025-11-07 17:00:00+05:30,3.2625,83.6875,42.93
2025-11-07 18:00:00+05:30,3.69,73.4725,39.355
2025-11-07 19:00:00+05:30,5.86,70.43,39.92
2025-11-07 20:00:00+05:30,6.7,73.61500000000001,40.2175
2025-11-07 21:00:00+05:30,5.843333333333334,76.87,41.097500000000004
2025-11-07 22:00:00+05:30,2.7725,82.07000000000001,41.6375
2025-11-07 23:00:00+05:30,3.4375,91.89,42.6275
2025-11-08 00:00:00+05:30,2.22,107.12,45.92
2025-11-08 01:00:00+05:30,5.385,107.12,46.455
2025-11-08 02:00:00+05:30,3.7025,107.94,47.0725
2025-11-08 03:00:00+05:30,4.5975,100.2775,44.0475
2025-11-08 04:00:00+05:30,3.8475,80.1375,40.995000000000005
2025-11-08 05:00:00+05:30,3.393333333333333,75.06,41.65
2025-11-08 06:00:00+05:30,4.765,75.38,41.462500000000006
2025-11-08 07:00:00+05:30,8.24,83.465,44.3675
2025-11-08 08:00:00+05:30,5.7225,84.5575,45.625
2025-11-08 09:00:00+05:30,7.566666666666666,89.62,44.980000000000004
2025-11-08 10:00:00+05:30,6.913333333333334,,44.8225
2025-11-08 11:00:00+05:30,6.99,,43.942499999999995
2025-11-08 12:00:00+05:30,,,42.99
2025-11-08 13:00:00+05:30,10.085,97.12,41.839999999999996
2025-11-08 14:00:00+05:30,8.0225,92.08250000000001,41.705
2025-11-08 15:00:00+05:30,7.225,76.62,40.78
2025-11-08 16:00:00+05:30,6.0,77.11250000000001,41.215
2025-11-08 17:00:00+05:30,6.5649999999999995,78.61250000000001,42.04
2025-11-08 18:00:00+05:30,7.4399999999999995,82.89750000000001,42.5575
2025-11-08 19:00:00+05:30,4.895,88.4825,43.589999999999996
2025-11-08 20:00:00+05:30,3.4524999999999997,88.88250000000001,45.31
2025-11-08 21:00:00+05:30,3.5599999999999996,101.83,48.31
2025-11-08 22:00:00+05:30,4.3133333333333335,121.45500000000001,52.65
2025-11-08 23:00:00+05:30,3.235,119.4075,53.212500000000006
2025-11-09 00:00:00+05:30,2.87,99.12,49.52
2025-11-09 01:00:00+05:30,4.97,95.38250000000001,48.400000000000006
2025-11-09 02:00:00+05:30,7.1899999999999995,86.80250000000001,45.25
2025-11-09 03:00:00+05:30,7.5525,86.25750000000001,44.355
2025-11-09 04:00:00+05:30,3.665,89.595,45.2725
2025-11-09 05:00:00+05:30,3.435,97.37,47.0025
2025-11-09 06:00:00+05:30,3.49,102.63250000000001,49.0
2025-11-09 07:00:00+05:30,7.119999999999999,101.62,48.25
2025-11-09 08:00:00+05:30,5.2175,101.7825,47.2975
2025-11-09 09:00:00+05:30,7.623333333333334,95.565,46.894999999999996
2025-11-09 10:00:00+05:30,5.74,91.795,44.505
2025-11-09 11:00:00+05:30,6.253333333333334,91.52,43.55666666666667
2025-11-09 12:00:00+05:30,6.92,89.75750000000001,42.942499999999995
2025-11-09 13:00:00+05:30,7.13,75.5325,39.465
2025-11-09 14:00:00+05:30,6.585,68.6375,38.39
2025-11-09 15:00:00+05:30,5.34,66.4825,39.050000000000004
2025-11-09 16:00:00+05:30,4.616666666666666,64.78666666666668,37.800000000000004
2025-11-09 17:00:00+05:30,4.355,65.95750000000001,38.055
2025-11-09 18:00:00+05:30,4.0475,67.875,39.38
2025-11-09 19:00:00+05:30,4.386666666666667,70.95333333333333,39.225
2025-11-09 20:00:00+05:30,3.1325000000000003,67.78666666666668,38.46
2025-11-09 21:00:00+05:30,2.5425,68.28,38.26
2025-11-09 22:00:00+05:30,2.635,68.2975,38.355
2025-11-09 23:00:00+05:30,3.7975,68.265,38.92
2025-11-10 00:00:00+05:30,11.04,80.62,41.72
2025-11-10 01:00:00+05:30,3.7175,83.36,41.8975
2025-11-10 02:00:00+05:30,4.345,92.98750000000001,43.32
2025-11-10 03:00:00+05:30,5.72,100.04666666666667,45.95666666666667
2025-11-10 04:00:00+05:30,5.9025,99.265,46.2
2025-11-10 05:00:00+05:30,6.7425,98.8475,45.7425
2025-11-10 06:00:00+05:30,5.203333333333333,92.95333333333333,44.495000000000005
2025-11-10 07:00:00+05:30,6.353333333333334,88.14,42.546666666666674
2025-11-11 11:00:00+05:30,10.015,92.89500000000001,42.81
2025-11-11 12:00:00+05:30,9.72,87.64,41.406666666666666
2025-11-11 13:00:00+05:30,7.2075,89.85000000000001,41.0275
2025-11-11 14:00:00+05:30,5.873333333333334,103.16333333333334,43.026666666666664
2025-11-11 15:00:00+05:30,5.44,103.22,47.29333333333333
2025-11-11 16:00:00+05:30,4.693333333333333,95.76333333333334,45.22
2025-11-11 17:00:00+05:30,4.5600000000000005,86.5875,42.865
2025-11-11 18:00:00+05:30,3.4475,80.9625,41.38
2025-11-11 19:00:00+05:30,2.6999999999999997,79.55666666666667,41.4025
2025-11-11 20:00:00+05:30,3.1449999999999996,76.8525,40.589999999999996
2025-11-11 21:00:00+05:30,3.07,74.76666666666667,39.406666666666666
2025-11-11 22:00:00+05:30,3.4375,85.55250000000001,40.955
2025-11-11 23:00:00+05:30,3.1675,96.86250000000001,41.99
2025-11-12 00:00:00+05:30,3.61,96.62,40.72
2025-11-12 01:00:00+05:30,4.29,94.245,40.66
2025-11-12 02:00:00+05:30,3.4825,87.53750000000001,40.4
2025-11-12 03:00:00+05:30,3.9375,82.53750000000001,39.942499999999995
2025-11-12 04:00:00+05:30,3.875,79.2775,39.8125
2025-11-12 05:00:00+05:30,4.525,81.045,40.58
2025-11-12 06:00:00+05:30,4.225,85.59666666666668,40.6025
2025-11-12 07:00:00+05:30,4.22,89.66,40.79
2025-11-12 08:00:00+05:30,5.075,96.17750000000001,41.800000000000004
2025-11-12 09:00:00+05:30,4.485,105.845,41.52
2025-11-12 10:00:00+05:30,4.555,118.5325,42.64
2025-11-12 11:00:00+05:30,7.7625,121.7775,44.730000000000004
2025-11-12 12:00:00+05:30,6.7425,119.745,43.2
2025-11-12 13:00:00+05:30,6.727499999999999,113.67750000000001,42.980000000000004
2025-11-12 14:00:00+05:30,6.665,104.28666666666668,42.589999999999996
2025-11-12 15:00:00+05:30,8.775,91.19,41.4975
2025-11-12 16:00:00+05:30,6.865,94.305,41.5075
2025-11-12 17:00:00+05:30,7.676666666666667,94.58000000000001,40.60333333333333
2025-11-12 18:00:00+05:30,3.0575,99.3775,42.335
2025-11-12 19:00:00+05:30,3.2225,100.3275,43.91
2025-11-12 20:00:00+05:30,2.55,125.62,46.12
2025-11-12 21:00:00+05:30,2.5875,125.7775,46.65
2025-11-12 22:00:00+05:30,4.5325,125.9625,46.9775
2025-11-12 23:00:00+05:30,4.57,120.91250000000001,44.78
2025-11-13 00:00:00+05:30,2.58,96.62,41.52
2025-11-13 01:00:00+05:30,3.67,92.8525,41.225
2025-11-13 02:00:00+05:30,2.5975,82.58,40.4025
2025-11-13 03:00:00+05:30,3.4025,78.905,40.12
2025-11-13 04:00:00+05:30,3.7325,82.50333333333333,40.2975
2025-11-13 05:00:00+05:30,4.495,87.0,40.78
2025-11-13 06:00:00+05:30,5.25,93.92,41.215
2025-11-13 07:00:00+05:30,4.0175,102.0025,41.7425
2025-11-13 08:00:00+05:30,4.843333333333333,105.95333333333333,41.4975
2025-11-13 09:00:00+05:30,5.99,110.4425,42.5675
2025-11-13 10:00:00+05:30,5.463333333333334,128.44333333333336,44.51333333333333
2025-11-13 11:00:00+05:30,7.4125000000000005,136.91,45.12
2025-11-13 12:00:00+05:30,7.69,131.41,44.942499999999995
2025-11-13 13:00:00+05:30,9.67,129.52,44.697500000000005
2025-11-13 14:00:00+05:30,5.6475,125.9975,44.705
2025-11-13 15:00:00+05:30,5.0425,106.63,43.5425
2025-11-13 16:00:00+05:30,8.076666666666666,98.42333333333333,42.942499999999995
2025-11-13 17:00:00+05:30,6.11,94.3075,42.755
2025-11-13 18:00:00+05:30,4.025,93.1525,43.2025
2025-11-13 19:00:00+05:30,2.4524999999999997,93.69,42.980000000000004
2025-11-13 20:00:00+05:30,2.7825,101.165,43.4725
2025-11-13 21:00:00+05:30,4.566666666666666,117.16666666666667,47.525
2025-11-13 22:00:00+05:30,3.0,205.74666666666667,56.129999999999995
2025-11-13 23:00:00+05:30,4.115,190.775,55.5175
2025-11-14 01:00:00+05:30,3.07,123.12,46.12
2025-11-14 02:00:00+05:30,3.4266666666666663,121.66666666666667,45.65
2025-11-14 03:00:00+05:30,2.9475,118.85000000000001,44.3425
2025-11-14 04:00:00+05:30,2.635,116.04,44.0375
2025-11-14 05:00:00+05:30,2.63,113.62,44.32
2025-11-14 06:00:00+05:30,3.425,108.11,44.025000000000006
2025-11-14 07:00:00+05:30,3.6025,112.7025,44.167500000000004
2025-11-14 08:00:00+05:30,5.47,121.625,44.0275
2025-11-14 09:00:00+05:30,7.390000000000001,123.6525,45.0725
2025-11-14 10:00:00+05:30,10.183333333333334,119.08,43.285000000000004
2025-11-14 11:00:00+05:30,11.41,130.9125,42.78
2025-11-14 12:00:00+05:30,8.5475,132.775,42.980000000000004
2025-11-14 13:00:00+05:30,8.6575,129.72750000000002,43.06
2025-11-14 14:00:00+05:30,6.035,120.8875,44.1575
2025-11-14 15:00:00+05:30,4.827500000000001,118.275,46.65
2025-11-14 16:00:00+05:30,7.2299999999999995,118.66000000000001,45.54333333333333
2025-11-14 17:00:00+05:30,4.88,119.42750000000001,46.2775
2025-11-14 18:00:00+05:30,4.115,114.2925,46.0
2025-11-14 19:00:00+05:30,4.6375,97.88250000000001,42.730000000000004
2025-11-14 20:00:00+05:30,9.0275,90.465,41.26
2025-11-14 21:00:00+05:30,4.4125,91.97,42.12
2025-11-14 22:00:00+05:30,2.9766666666666666,104.13666666666667,44.8775
2025-11-14 23:00:00+05:30,5.75,116.8475,45.894999999999996
2025-11-15 00:00:00+05:30,5.57,135.12,49.52
2025-11-15 01:00:00+05:30,5.9175,133.27,49.46
2025-11-15 02:00:00+05:30,8.0175,125.3875,48.495000000000005
2025-11-15 03:00:00+05:30,8.9525,116.64,45.8125
2025-11-15 04:00:00+05:30,7.825,107.82000000000001,43.705
2025-11-15 05:00:00+05:30,7.170000000000001,101.50333333333333,42.65
2025-11-15 06:00:00+05:30,4.0975,101.9525,42.11
2025-11-15 07:00:00+05:30,5.71,105.965,43.3425
2025-11-15 08:00:00+05:30,7.406666666666666,105.73666666666668,42.92
2025-11-15 09:00:00+05:30,11.094999999999999,108.97,42.980000000000004
2025-11-15 10:00:00+05:30,14.155000000000001,113.5775,42.644999999999996
2025-11-15 11:00:00+05:30,10.855,124.80666666666667,41.932500000000005
2025-11-15 12:00:00+05:30,8.3725,135.3425,42.8025
2025-11-15 13:00:00+05:30,8.32,123.17500000000001,42.697500000000005
2025-11-15 14:00:00+05:30,7.2775,113.80000000000001,43.24
2025-11-15 15:00:00+05:30,4.7125,103.44,43.285000000000004
2025-11-15 16:00:00+05:30,5.75,99.62,42.72
2025-11-15 17:00:00+05:30,3.1933333333333334,98.80666666666667,43.583333333333336
2025-11-15 18:00:00+05:30,4.0675,97.77250000000001,44.155
2025-11-15 19:00:00+05:30,3.79,101.78750000000001,42.855
2025-11-15 20:00:00+05:30,8.997499999999999,108.135,43.8225
2025-11-15 21:00:00+05:30,4.0125,102.245,42.824999999999996
2025-11-15 22:00:00+05:30,4.155,104.4675,42.7675
2025-11-15 23:00:00+05:30,3.8099999999999996,117.69333333333334,44.495000000000005
2025-11-16 00:00:00+05:30,5.22,117.62,44.92
2025-11-16 01:00:00+05:30,6.2125,119.14750000000001,44.625
2025-11-16 02:00:00+05:30,4.653333333333333,122.95333333333333,44.215
2025-11-16 03:00:00+05:30,3.92,118.4725,43.86
2025-11-16 04:00:00+05:30,3.8266666666666667,109.88,41.9675
2025-11-16 05:00:00+05:30,5.17,112.1975,43.4025
2025-11-16 06:00:00+05:30,4.306666666666667,101.475,42.412499999999994
2025-11-16 07:00:00+05:30,4.5775,98.72500000000001,40.955
2025-11-16 08:00:00+05:30,6.715,102.5425,41.8725
2025-11-16 09:00:00+05:30,12.56,105.98,42.1275
2025-11-16 10:00:00+05:30,12.6475,105.8125,40.427499999999995
2025-11-16 11:00:00+05:30,10.8,123.12,40.12
2025-11-16 12:00:00+05:30,10.1175,119.48750000000001,40.5325
2025-11-16 13:00:00+05:30,9.700000000000001,111.12,40.97
2025-11-16 14:00:00+05:30,9.156666666666666,100.12,40.25333333333333
2025-11-16 15:00:00+05:30,4.91,92.6975,40.285000000000004
2025-11-16 16:00:00+05:30,4.57,89.62,40.72
2025-11-16 17:00:00+05:30,3.9625000000000004,88.7125,40.66
2025-11-16 18:00:00+05:30,6.68,87.075,40.52
2025-11-16 19:00:00+05:30,7.705,88.575,40.58
2025-11-16 20:00:00+05:30,6.536666666666666,90.04333333333334,41.075
2025-11-16 21:00:00+05:30,2.59,96.5275,41.92
2025-11-16 22:00:00+05:30,3.7649999999999997,101.02000000000001,42.2725
2025-11-16 23:00:00+05:30,3.796666666666667,107.78666666666668,43.12
2025-11-17 00:00:00+05:30,6.95,114.62,44.52
2025-11-17 01:00:00+05:30,4.31,115.22500000000001,44.3425
2025-11-17 02:00:00+05:30,3.3025,115.72,43.86
2025-11-17 03:00:00+05:30,3.5175,112.42,43.485
2025-11-17 04:00:00+05:30,5.2625,108.42,42.39
2025-11-17 05:00:00+05:30,3.6775,105.17,41.415
2025-11-17 06:00:00+05:30,7.032500000000001,102.47,41.942499999999995
2025-11-17 07:00:00+05:30,8.745000000000001,98.92,41.46
2025-11-17 08:00:00+05:30,10.7325,103.72,41.79
2025-11-17 09:00:00+05:30,13.8825,107.22,42.5075
2025-11-17 10:00:00+05:30,13.6925,115.7525,41.6375
2025-11-17 11:00:00+05:30,12.95,124.12,42.025000000000006
2025-11-17 12:00:00+05:30,10.432500000000001,125.52000000000001,42.7675
2025-11-17 13:00:00+05:30,9.265,119.5425,41.682500000000005
2025-11-17 14:00:00+05:30,8.209999999999999,124.38666666666667,41.28333333333333
2025-11-17 15:00:00+05:30,5.353333333333334,113.78666666666668,43.72
2025-11-17 16:00:00+05:30,10.156666666666666,108.52,43.25
2025-11-17 17:00:00+05:30,8.334999999999999,96.27000000000001,42.167500000000004
2025-11-17 18:00:00+05:30,6.1075,86.47,41.32
2025-11-17 19:00:00+05:30,9.205,93.45333333333333,41.32
2025-11-17 20:00:00+05:30,10.003333333333332,95.11000000000001,41.47666666666667
2025-11-17 21:00:00+05:30,7.0575,98.85000000000001,41.78
2025-11-17 22:00:00+05:30,4.3966666666666665,103.92333333333333,41.980000000000004
2025-11-17 23:00:00+05:30,5.63,103.62,42.72
2025-11-18 00:00:00+05:30,4.26,117.12,43.92
2025-11-18 01:00:00+05:30,5.05,116.97,44.215
2025-11-18 02:00:00+05:30,5.5525,116.17,44.5675
2025-11-18 03:00:00+05:30,5.306666666666667,114.52666666666669,43.406666666666666
2025-11-18 04:00:00+05:30,3.9425,115.87,43.2775
2025-11-18 05:00:00+05:30,4.32,118.3225,43.295
2025-11-18 06:00:00+05:30,3.1033333333333335,111.42333333333333,41.86333333333334
2025-11-18 07:00:00+05:30,3.2975,113.62,42.66
2025-11-18 08:00:00+05:30,5.08,119.065,42.815000000000005
2025-11-18 09:00:00+05:30,9.02,119.9725,43.2875
2025-11-18 10:00:00+05:30,12.065000000000001,119.92,42.644999999999996
2025-11-18 17:00:00+05:30,6.510000000000001,94.16333333333334,41.016666666666666
2025-11-18 18:00:00+05:30,5.63,87.53000000000002,40.212500000000006
2025-11-18 19:00:00+05:30,7.1,90.9225,41.5125
2025-11-18 20:00:00+05:30,7.58,101.12,42.92
2025-11-18 21:00:00+05:30,7.2275,98.9725,42.26
2025-11-18 22:00:00+05:30,3.75,103.72333333333334,42.669999999999995
2025-11-18 23:00:00+05:30,3.31,115.28666666666668,43.9875
2025-11-19 01:00:00+05:30,5.713333333333334,126.15666666666668,45.79
2025-11-19 02:00:00+05:30,7.6475,122.9175,44.815000000000005
2025-11-19 03:00:00+05:30,9.4625,128.29500000000002,45.3425
2025-11-19 04:00:00+05:30,8.875,122.47,44.5675
2025-11-19 05:00:00+05:30,9.557500000000001,114.5,43.5425
2025-11-19 06:00:00+05:30,7.7675,109.73750000000001,43.12
2025-11-19 07:00:00+05:30,4.65,107.325,42.824999999999996
2025-11-19 08:00:00+05:30,7.05,108.535,42.355
2025-11-19 09:00:00+05:30,10.629999999999999,114.0025,42.5675
2025-11-19 10:00:00+05:30,10.97,117.5775,42.427499999999995
2025-11-19 11:00:00+05:30,9.0275,119.5,43.537499999999994
2025-11-19 12:00:00+05:30,8.81,113.85333333333334,42.18
2025-11-19 13:00:00+05:30,8.700000000000001,111.29666666666667,42.26
2025-11-19 14:00:00+05:30,5.2,114.62,42.2975
2025-11-19 15:00:00+05:30,6.2575,113.9425,42.25
2025-11-19 16:00:00+05:30,7.43,124.535,40.295
2025-11-19 17:00:00+05:30,11.735,129.955,39.72
2025-11-19 18:00:00+05:30,2.6550000000000002,84.71000000000001,40.075
2025-11-19 19:00:00+05:30,3.2625,90.0775,40.7875
2025-11-19 20:00:00+05:30,2.3,106.62,41.72
2025-11-19 21:00:00+05:30,3.2266666666666666,111.12,41.92
2025-11-19 22:00:00+05:30,3.385,114.56,42.955
2025-11-19 23:00:00+05:30,3.85,117.8075,43.9875
2025-11-20 00:00:00+05:30,2.6,136.62,45.72
2025-11-20 01:00:00+05:30,3.2775,133.7025,45.25
2025-11-20 02:00:00+05:30,2.4275,124.87,43.7675
2025-11-20 03:00:00+05:30,2.5275,115.515,42.5675
2025-11-20 04:00:00+05:30,2.873333333333333,100.39666666666666,41.6025
2025-11-20 05:00:00+05:30,3.275,100.7425,41.615
2025-11-20 06:00:00+05:30,3.0175,112.85000000000001,42.555
2025-11-20 07:00:00+05:30,4.2275,114.1825,42.885
2025-11-20 08:00:00+05:30,3.5566666666666666,113.39666666666666,42.7325
2025-11-20 09:00:00+05:30,5.49,119.30000000000001,42.425
2025-11-20 10:00:00+05:30,8.91,119.58000000000001,41.580000000000005
2025-11-20 11:00:00+05:30,6.7125,113.23,42.167500000000004
2025-11-20 12:00:00+05:30,7.9475,112.16250000000001,41.615
2025-11-20 13:00:00+05:30,7.066666666666667,124.65666666666668,42.79
2025-11-20 14:00:00+05:30,6.52,115.245,44.227500000000006
2025-11-20 15:00:00+05:30,6.0875,95.9725,45.325
2025-11-20 16:00:00+05:30,4.84,94.84333333333335,43.13333333333333
2025-11-20 17:00:00+05:30,5.62,89.96,42.39
2025-11-20 18:00:00+05:30,6.76,87.875,42.589999999999996
2025-11-20 19:00:00+05:30,6.103333333333333,97.50666666666666,41.47666666666667
2025-11-20 20:00:00+05:30,7.239999999999999,98.17333333333333,41.74333333333333
2025-11-20 21:00:00+05:30,2.64,103.74333333333334,42.589999999999996
2025-11-20 22:00:00+05:30,2.8975,114.2975,44.015
2025-11-20 23:00:00+05:30,3.2,122.98750000000001,44.9525
2025-11-21 00:00:00+05:30,2.6,138.12,48.12
2025-11-21 01:00:00+05:30,4.1975,140.1425,47.7125
2025-11-21 02:00:00+05:30,6.4175,141.3275,46.6025
2025-11-21 03:00:00+05:30,5.3774999999999995,135.01,46.4375
2025-11-21 04:00:00+05:30,7.91,131.87,45.776666666666664
2025-11-21 05:00:00+05:30,5.7125,118.01,43.8525
2025-11-21 06:00:00+05:30,5.913333333333334,109.2,42.66
2025-11-21 07:00:00+05:30,5.6475,110.265,42.6375
2025-11-21 08:00:00+05:30,8.3125,110.91,42.625
2025-11-21 09:00:00+05:30,10.146666666666667,111.33333333333333,41.906666666666666
2025-11-21 11:00:00+05:30,12.31,117.045,41.52
2025-11-21 12:00:00+05:30,11.566666666666668,116.85333333333334,41.697500000000005
2025-11-21 13:00:00+05:30,8.9875,121.4975,43.12
2025-11-21 14:00:00+05:30,5.47,122.075,45.1075
2025-11-21 15:00:00+05:30,5.4525,113.265,44.2375
2025-11-21 16:00:00+05:30,7.206666666666666,116.12,44.919999999999995
2025-11-21 17:00:00+05:30,4.0025,114.83250000000001,45.8375
2025-11-21 18:00:00+05:30,7.503333333333334,111.28666666666668,45.589999999999996
2025-11-21 19:00:00+05:30,12.5,106.43,44.085
2025-11-21 20:00:00+05:30,6.415,97.6925,43.462500000000006
2025-11-21 21:00:00+05:30,6.0,102.6225,43.79
2025-11-21 22:00:00+05:30,2.39,107.5575,45.0375
2025-11-21 23:00:00+05:30,2.64,117.05333333333334,45.2625
2025-11-22 00:00:00+05:30,2.76,143.12,48.92
2025-11-22 01:00:00+05:30,2.6225,144.1225,48.86
2025-11-22 02:00:00+05:30,3.0875,148.3375,49.25
2025-11-22 03:00:00+05:30,3.5525,142.75,49.165000000000006
2025-11-22 04:00:00+05:30,3.5324999999999998,117.83500000000001,46.097500000000004
2025-11-22 05:00:00+05:30,2.64,118.11250000000001,46.52
2025-11-22 06:00:00+05:30,2.935,223.62,46.4025
2025-11-22 07:00:00+05:30,3.1675,532.62,46.5325
2025-11-22 08:00:00+05:30,7.6274999999999995,532.62,47.4025
2025-11-22 09:00:00+05:30,7.1225000000000005,532.62,46.06
2025-11-22 10:00:00+05:30,6.1075,532.62,43.58
2025-11-22 11:00:00+05:30,6.5875,532.62,90.32
2025-11-22 12:00:00+05:30,5.925000000000001,329.37,144.42000000000002
2025-11-22 13:00:00+05:30,6.6825,123.26,57.72
2025-11-22 14:00:00+05:30,5.3125,113.28666666666668,55.0275
2025-11-22 15:00:00+05:30,5.1274999999999995,108.7625,54.615
2025-11-22 16:00:00+05:30,3.32,109.12,57.52
2025-11-22 17:00:00+05:30,4.696666666666666,109.45333333333333,57.932500000000005
2025-11-22 18:00:00+05:30,6.375,110.12,58.095
2025-11-22 19:00:00+05:30,6.782500000000001,108.42,56.0025
2025-11-22 20:00:00+05:30,8.11,104.45333333333333,55.3075
2025-11-22 21:00:00+05:30,5.96,103.1375,54.615
2025-11-22 22:00:00+05:30,2.825,111.155,57.04666666666666
2025-11-22 23:00:00+05:30,2.4225,124.3775,60.6525
2025-11-23 00:00:00+05:30,3.76,143.62,67.32
2025-11-23 01:00:00+05:30,4.215,139.6525,66.27
2025-11-23 02:00:00+05:30,5.09,127.07,61.777499999999996
2025-11-23 03:00:00+05:30,5.0425,125.72,59.4175
2025-11-23 04:00:00+05:30,3.5075,138.0475,65.685
2025-11-23 05:00:00+05:30,4.4875,137.04000000000002,68.05
2025-11-23 06:00:00+05:30,5.9675,140.10250000000002,70.0275
2025-11-23 07:00:00+05:30,5.705,145.9625,71.895
2025-11-23 08:00:00+05:30,4.985,153.03,73.085
2025-11-23 09:00:00+05:30,5.0,162.8375,74.8025
2025-11-23 10:00:00+05:30,8.3625,167.86666666666667,75.11
2025-11-23 11:00:00+05:30,8.8225,169.26,77.2775
2025-11-23 12:00:00+05:30,6.503333333333333,168.97666666666666,78.94333333333334
2025-11-23 13:00:00+05:30,5.4,148.2475,73.74
2025-11-23 14:00:00+05:30,6.3575,126.4125,65.34
2025-11-23 15:00:00+05:30,5.7925,113.495,57.129999999999995
2025-11-23 18:00:00+05:30,11.47,101.12,54.92
2025-11-23 19:00:00+05:30,6.55,102.1025,55.625
2025-11-23 20:00:00+05:30,2.8875,104.7625,57.2025
2025-11-23 21:00:00+05:30,2.86,106.60000000000001,57.0375
2025-11-23 22:00:00+05:30,3.06,110.82000000000001,58.557500000000005
2025-11-23 23:00:00+05:30,2.8775,117.505,61.17
2025-11-24 00:00:00+05:30,3.08,131.12,62.32
2025-11-24 01:00:00+05:30,3.76,126.5,61.4375
2025-11-24 02:00:00+05:30,2.8975,117.14500000000001,60.38
2025-11-24 03:00:00+05:30,2.2225,122.62,61.85
2025-11-24 04:00:00+05:30,2.6925,121.88250000000001,60.38
2025-11-24 05:00:00+05:30,3.966666666666667,125.12,62.86
2025-11-24 06:00:00+05:30,3.8899999999999997,128.20499999999998,65.275
2025-11-24 07:00:00+05:30,4.23,137.78666666666666,70.78999999999999
2025-11-24 08:00:00+05:30,2.55,141.12,69.52
2025-11-24 09:00:00+05:30,4.733333333333333,147.91666666666666,71.28
2025-11-24 10:00:00+05:30,5.4225,140.35750000000002,67.53
2025-11-24 11:00:00+05:30,6.256666666666667,129.64000000000001,63.53
2025-11-24 12:00:00+05:30,7.25,117.065,57.32
2025-11-24 13:00:00+05:30,6.91,115.88,57.20333333333334
2025-11-24 14:00:00+05:30,6.140000000000001,109.60000000000001,55.85
2025-11-24 15:00:00+05:30,5.515,108.7,56.769999999999996
2025-11-24 16:00:00+05:30,9.825,110.67500000000001,57.805
2025-11-24 17:00:00+05:30,11.5075,119.03750000000001,62.555
2025-11-24 18:00:00+05:30,10.6475,120.12,62.945
2025-11-24 19:00:00+05:30,11.42,117.62,61.120000000000005
2025-11-24 20:00:00+05:30,8.0375,112.64750000000001,59.015
2025-11-24 21:00:00+05:30,5.626666666666666,117.43333333333334,65.36
2025-11-24 22:00:00+05:30,2.223333333333333,138.6,73.16666666666667
2025-11-24 23:00:00+05:30,2.6725,137.7025,73.2775
2025-11-25 00:00:00+05:30,3.17,142.62,74.32
2025-11-25 01:00:00+05:30,3.2225,141.23000000000002,73.97
2025-11-25 02:00:00+05:30,3.7300000000000004,137.62,73.2375
2025-11-25 03:00:00+05:30,3.38,139.01,73.16999999999999
2025-11-25 04:00:00+05:30,3.275,142.3425,72.78999999999999
2025-11-25 05:00:00+05:30,3.6225,137.73000000000002,73.0375
2025-11-25 06:00:00+05:30,3.8366666666666664,127.62,69.5075
2025-11-25 07:00:00+05:30,3.5766666666666667,127.62,67.475
2025-11-25 08:00:00+05:30,3.8200000000000003,137.6825,68.895
2025-11-25 09:00:00+05:30,3.67,128.38,64.39999999999999
2025-11-25 10:00:00+05:30,7.02,123.62,57.52
2025-11-25 11:00:00+05:30,7.140000000000001,126.50750000000001,59.3975
2025-11-25 12:00:00+05:30,7.7375,133.1575,63.212500000000006
2025-11-25 13:00:00+05:30,7.473333333333333,126.95333333333333,60.755
2025-11-25 14:00:00+05:30,6.7875,117.14750000000001,58.39
2025-11-25 15:00:00+05:30,6.5649999999999995,108.39500000000001,56.8875
2025-11-25 16:00:00+05:30,7.6674999999999995,111.595,58.6075
2025-11-25 17:00:00+05:30,11.7675,124.3075,66.4175
2025-11-25 18:00:00+05:30,12.546666666666667,135.45333333333335,68.32000000000001
2025-11-25 19:00:00+05:30,11.745,124.845,62.845
2025-11-25 20:00:00+05:30,8.58,124.10000000000001,66.8025
2025-11-25 21:00:00+05:30,2.9325,123.62,66.3425
2025-11-25 22:00:00+05:30,2.8449999999999998,123.77,65.86
2025-11-25 23:00:00+05:30,2.1,132.2025,65.8375
2025-11-26 00:00:00+05:30,3.12,152.62,73.52
2025-11-26 01:00:00+05:30,2.6825,152.075,73.3425
2025-11-26 02:00:00+05:30,2.0975,151.445,74.215
2025-11-26 03:00:00+05:30,2.4074999999999998,151.4425,75.8025
2025-11-26 04:00:00+05:30,3.42,144.66750000000002,71.65
2025-11-26 05:00:00+05:30,3.615,142.12,70.52
2025-11-26 06:00:00+05:30,5.583333333333333,134.00333333333333,66.74666666666667
2025-11-26 07:00:00+05:30,4.92,140.32,68.89750000000001
2025-11-26 08:00:00+05:30,5.3125,147.6175,72.19
2025-11-26 09:00:00+05:30,5.92,152.3075,73.615
2025-11-26 10:00:00+05:30,6.62,141.78666666666666,69.05333333333333
2025-11-26 11:00:00+05:30,7.6275,126.745,62.895
2025-11-26 12:00:00+05:30,10.4475,148.31,71.5175
2025-11-26 13:00:00+05:30,13.97,123.12,60.72
2025-11-26 14:00:00+05:30,14.379999999999999,123.12,60.72
2025-11-26 15:00:00+05:30,9.25,105.66666666666667,55.65
2025-11-26 16:00:00+05:30,6.029999999999999,101.35000000000001,53.92
2025-11-26 17:00:00+05:30,2.7566666666666664,102.02,54.03333333333333
2025-11-26 18:00:00+05:30,2.8166666666666664,120.14999999999999,62.553333333333335
2025-11-26 19:00:00+05:30,2.0475000000000003,132.805,69.8975
2025-11-26 20:00:00+05:30,2.55,129.615,70.1425
2025-11-26 21:00:00+05:30,5.175000000000001,140.07,72.17
2025-11-26 22:00:00+05:30,2.8825,145.9475,77.17750000000001
2025-11-26 23:00:00+05:30,3.2824999999999998,147.3875,74.92
2025-11-27 00:00:00+05:30,3.95,157.12,80.12
2025-11-27 01:00:00+05:30,7.275,157.255,79.295
2025-11-27 02:00:00+05:30,5.2299999999999995,151.8275,72.8625
2025-11-27 03:00:00+05:30,4.9325,136.29999999999998,62.65
2025-11-27 04:00:00+05:30,3.865,139.9875,68.5725
2025-11-27 05:00:00+05:30,3.893333333333333,154.38333333333333,81.78
2025-11-27 06:00:00+05:30,6.6933333333333325,161.64333333333335,84.23
2025-11-27 07:00:00+05:30,10.2525,163.12,80.085
2025-11-27 08:00:00+05:30,8.567499999999999,160.905,77.39999999999999
2025-11-27 09:00:00+05:30,12.8325,135.1525,67.845
2025-11-27 10:00:00+05:30,12.2475,114.92500000000001,55.4125
2025-11-27 11:00:00+05:30,10.7275,107.485,50.6725
2025-11-27 12:00:00+05:30,9.776666666666666,105.78666666666668,49.0625
2025-11-27 13:00:00+05:30,9.245000000000001,101.235,48.9775
2025-11-27 14:00:00+05:30,8.1,96.525,49.2975
2025-11-27 15:00:00+05:30,5.1000000000000005,100.34333333333335,50.663333333333334
2025-11-27 16:00:00+05:30,4.01,102.62,52.52
2025-11-27 17:00:00+05:30,3.575,101.54333333333334,52.52
2025-11-27 18:00:00+05:30,3.585,99.3525,53.225
2025-11-27 19:00:00+05:30,2.0666666666666664,96.195,54.625
2025-11-27 20:00:00+05:30,3.0066666666666664,93.62,53.1625
2025-11-27 21:00:00+05:30,6.1674999999999995,95.9525,53.7125
2025-11-27 22:00:00+05:30,2.84,103.6525,58.6375
2025-11-27 23:00:00+05:30,2.766666666666667,98.73,55.27666666666667
2025-11-28 00:00:00+05:30,3.35,106.12,54.52
2025-11-28 01:00:00+05:30,3.9175,108.005,56.11
2025-11-28 02:00:00+05:30,5.0,115.275,60.97
2025-11-28 03:00:00+05:30,3.605,121.12,63.52
2025-11-28 04:00:00+05:30,3.645,120.8525,63.52
2025-11-28 05:00:00+05:30,4.696666666666666,120.62,63.6375
2025-11-28 06:00:00+05:30,4.0225,123.505,65.9025
2025-11-28 07:00:00+05:30,3.5125,131.6875,71.3075
2025-11-28 08:00:00+05:30,7.21,139.32,71.19
2025-11-28 09:00:00+05:30,12.1675,131.4625,63.927499999999995
2025-11-28 10:00:00+05:30,13.0875,117.73666666666668,55.26
2025-11-28 11:00:00+05:30,12.325,123.9525,55.7625
2025-11-28 12:00:00+05:30,10.386666666666667,132.77666666666667,57.06333333333333
2025-11-28 13:00:00+05:30,6.9625,116.55250000000001,53.1325
2025-11-28 14:00:00+05:30,7.2325,115.7525,55.4625
2025-11-28 15:00:00+05:30,6.919999999999999,121.62,58.68333333333334
2025-11-28 16:00:00+05:30,5.4775,121.22,58.945
2025-11-28 17:00:00+05:30,4.316666666666666,118.87666666666667,59.36333333333334
2025-11-28 18:00:00+05:30,3.7733333333333334,116.47000000000001,56.5075
2025-11-28 19:00:00+05:30,12.24,107.72,55.52
2025-11-28 20:00:00+05:30,12.0625,105.42,55.8725
2025-11-28 21:00:00+05:30,10.0075,103.83500000000001,57.3675
2025-11-28 22:00:00+05:30,5.6525,110.33500000000001,59.6775
2025-11-28 23:00:00+05:30,4.5125,115.21333333333332,61.057500000000005
2025-11-29 00:00:00+05:30,4.73,122.12,65.52
2025-11-29 01:00:00+05:30,2.9450000000000003,122.12,64.82
2025-11-29 02:00:00+05:30,3.4325,125.32000000000001,64.4025
2025-11-29 03:00:00+05:30,2.67,133.9875,67.8125
2025-11-29 04:00:00+05:30,3.9025,133.885,68.4025
2025-11-29 05:00:00+05:30,4.6025,133.96,68.295
2025-11-29 06:00:00+05:30,4.473333333333334,128.25,66.68666666666667
2025-11-29 07:00:00+05:30,4.1450000000000005,120.3275,62.5275
2025-11-29 08:00:00+05:30,6.98,117.41666666666667,59.355
2025-11-29 09:00:00+05:30,8.88,114.27250000000001,56.17
2025-11-29 10:00:00+05:30,7.725,110.18666666666667,52.8025
2025-11-29 11:00:00+05:30,6.34,112.09333333333335,51.8725
2025-11-29 12:00:00+05:30,6.495,111.41,50.9625
2025-11-29 13:00:00+05:30,7.6275,107.6825,50.6525
2025-11-29 14:00:00+05:30,7.22,90.99333333333334,45.589999999999996
2025-11-29 15:00:00+05:30,5.49,82.75,44.3775
2025-11-29 16:00:00+05:30,6.1850000000000005,82.205,44.1075
2025-11-29 17:00:00+05:30,7.01,79.2275,43.5325
2025-11-29 18:00:00+05:30,11.76,77.86,43.82
2025-11-29 19:00:00+05:30,8.2675,78.555,43.0025
2025-11-29 20:00:00+05:30,2.5275,86.05000000000001,45.644999999999996
2025-11-29 21:00:00+05:30,4.355,96.8075,47.980000000000004
2025-11-29 22:00:00+05:30,4.984999999999999,100.3875,49.8125
2025-11-29 23:00:00+05:30,5.185,99.80000000000001,47.7675
2025-11-30 00:00:00+05:30,6.69,93.12,44.92
2025-11-30 01:00:00+05:30,4.525,94.0425,45.3325
2025-11-30 02:00:00+05:30,4.035,101.8425,47.792500000000004
2025-11-30 03:00:00+05:30,5.8675,116.0975,51.2625
2025-11-30 04:00:00+05:30,6.282500000000001,112.3775,50.412499999999994
2025-11-30 05:00:00+05:30,5.555,105.86,49.19
2025-11-30 06:00:00+05:30,5.126666666666666,105.45333333333333,49.730000000000004
2025-11-30 07:00:00+05:30,5.2375,106.9,48.79
2025-11-30 08:00:00+05:30,7.085,111.21000000000001,49.9775
2025-11-30 09:00:00+05:30,8.12,116.95,49.06
2025-11-30 10:00:00+05:30,8.035,103.4,46.285000000000004
2025-11-30 11:00:00+05:30,6.42,98.295,45.8975
2025-11-30 12:00:00+05:30,9.523333333333333,98.28666666666668,45.7375
2025-11-30 13:00:00+05:30,6.2175,91.49000000000001,44.32
2025-11-30 14:00:00+05:30,6.0,90.86,44.870000000000005
2025-11-30 15:00:00+05:30,4.665,89.705,45.6625
2025-11-30 16:00:00+05:30,7.503333333333333,86.43,45.1075
2025-11-30 17:00:00+05:30,7.0275,84.4675,44.0025
2025-11-30 18:00:00+05:30,8.7425,81.05250000000001,43.370000000000005
2025-11-30 19:00:00+05:30,7.8575,78.42750000000001,42.8125
2025-11-30 20:00:00+05:30,6.715,83.78666666666668,43.52
2025-11-30 21:00:00+05:30,6.5649999999999995,84.25,43.227500000000006
2025-11-30 22:00:00+05:30,3.7925,86.97,42.9875
2025-11-30 23:00:00+05:30,4.266666666666667,93.72333333333334,44.17666666666667
2025-12-01 12:00:00+05:30,5.78,112.3525,48.3375
2025-12-01 13:00:00+05:30,6.253333333333333,112.70333333333333,51.836666666666666
2025-12-01 14:00:00+05:30,6.79,117.45,109.32000000000001
2025-12-01 15:00:00+05:30,6.6274999999999995,100.57000000000001,178.35750000000002
2025-12-01 16:00:00+05:30,5.16,94.715,51.345
2025-12-01 17:00:00+05:30,12.15,89.94,44.18
2025-12-01 18:00:00+05:30,11.2475,92.8375,44.4375
2025-12-01 19:00:00+05:30,8.8875,102.6925,45.015
2025-12-01 20:00:00+05:30,6.1475,100.98750000000001,45.1375
2025-12-01 21:00:00+05:30,4.265000000000001,115.5975,44.4775
2025-12-01 22:00:00+05:30,3.745,114.025,46.6125
2025-12-01 23:00:00+05:30,3.1375,119.92750000000001,48.019999999999996
2025-12-02 00:00:00+05:30,,,52.92
2025-12-02 01:00:00+05:30,2.73,,52.5675
2025-12-02 02:00:00+05:30,2.98,,52.3625
2025-12-02 03:00:00+05:30,5.16,,53.2725
2025-12-02 04:00:00+05:30,,,50.9025
2025-12-02 05:00:00+05:30,3.04,,49.3325
2025-12-02 06:00:00+05:30,3.29,,49.97
2025-12-02 07:00:00+05:30,3.08,,49.06
2025-12-02 08:00:00+05:30,3.99,,48.045
2025-12-02 09:00:00+05:30,,,46.620000000000005
2025-12-02 10:00:00+05:30,6.823333333333333,137.62,48.32
2025-12-02 11:00:00+05:30,5.37,138.5375,48.5525
2025-12-02 12:00:00+05:30,5.78,133.12,48.6525
2025-12-02 13:00:00+05:30,6.1899999999999995,118.83500000000001,47.227500000000006
2025-12-02 14:00:00+05:30,6.176666666666667,105.95333333333333,46.4025
2025-12-02 15:00:00+05:30,4.795,98.61,45.42
2025-12-02 16:00:00+05:30,7.836666666666666,95.11000000000001,43.72
2025-12-02 17:00:00+05:30,12.9475,94.12,43.2525
2025-12-02 18:00:00+05:30,10.4775,95.7625,42.644999999999996
2025-12-02 19:00:00+05:30,8.9575,100.7475,43.8025
2025-12-02 20:00:00+05:30,7.75,102.46666666666665,44.2775
2025-12-02 21:00:00+05:30,4.972499999999999,106.245,46.18
2025-12-02 22:00:00+05:30,3.185,111.6425,46.79
2025-12-02 23:00:00+05:30,3.265,121.9175,48.795
2025-12-03 00:00:00+05:30,2.59,134.12,48.92
2025-12-03 01:00:00+05:30,2.6625,132.35,48.8025
2025-12-03 02:00:00+05:30,2.565,126.8675,48.345
2025-12-03 03:00:00+05:30,3.025,124.995,47.5075
2025-12-03 04:00:00+05:30,2.8000000000000003,121.59,45.89666666666667
2025-12-03 05:00:00+05:30,3.79,115.355,45.097500000000004
2025-12-03 06:00:00+05:30,3.48,113.89500000000001,45.697500000000005
2025-12-03 07:00:00+05:30,2.9625,120.62,45.302499999999995
2025-12-03 08:00:00+05:30,5.3725,122.12,44.195
2025-12-03 09:00:00+05:30,7.2175,125.4825,45.6775
2025-12-03 10:00:00+05:30,10.385,121.995,44.5275
2025-12-03 11:00:00+05:30,10.0025,119.4475,45.050000000000004
2025-12-03 12:00:00+05:30,9.8825,114.12,44.215
2025-12-03 13:00:00+05:30,8.12,113.45333333333333,44.625
2025-12-03 14:00:00+05:30,6.6866666666666665,106.135,44.31
2025-12-03 15:00:00+05:30,5.2275,212.26500000000001,44.8025
2025-12-03 16:00:00+05:30,4.032500000000001,532.62,44.462500000000006
2025-12-03 17:00:00+05:30,3.71,532.62,44.5525
2025-12-03 18:00:00+05:30,12.157499999999999,532.62,44.412499999999994
2025-12-03 19:00:00+05:30,7.0725,532.62,43.19
2025-12-03 20:00:00+05:30,4.2875,532.62,44.4975
2025-12-03 21:00:00+05:30,3.645,532.62,45.269999999999996
2025-12-03 22:00:00+05:30,4.34,532.62,46.589999999999996
2025-12-03 23:00:00+05:30,5.025,532.62,47.019999999999996
2025-12-04 00:00:00+05:30,3.85,532.62,42.92
2025-12-04 01:00:00+05:30,4.0,532.62,43.215
2025-12-04 02:00:00+05:30,4.11,532.62,44.795
2025-12-04 03:00:00+05:30,4.8925,532.62,47.155
2025-12-04 04:00:00+05:30,4.015000000000001,532.62,47.370000000000005
2025-12-04 05:00:00+05:30,4.4925,532.62,46.5775
2025-12-04 06:00:00+05:30,5.307499999999999,532.62,46.3125
2025-12-04 07:00:00+05:30,6.293333333333333,532.62,45.25333333333333
2025-12-04 08:00:00+05:30,13.1375,532.62,44.8875
2025-12-04 09:00:00+05:30,13.513333333333334,532.62,44.24333333333333
2025-12-04 10:00:00+05:30,14.493333333333334,532.62,44.166666666666664
2025-12-04 15:00:00+05:30,5.654999999999999,532.62,45.17
2025-12-04 16:00:00+05:30,6.555,532.62,43.9125
2025-12-04 17:00:00+05:30,4.6725,532.62,42.92
2025-12-04 18:00:00+05:30,6.355,532.62,43.7425
2025-12-04 19:00:00+05:30,7.605,532.62,45.25
2025-12-04 20:00:00+05:30,4.8,532.62,44.644999999999996
2025-12-04 21:00:00+05:30,3.84,532.62,46.510000000000005
2025-12-04 22:00:00+05:30,4.1325,532.62,47.86
2025-12-04 23:00:00+05:30,2.9225,532.62,48.3625
2025-12-05 00:00:00+05:30,2.22,532.62,48.92
2025-12-05 01:00:00+05:30,2.4825,532.62,47.8125
2025-12-05 02:00:00+05:30,3.0925,532.62,44.824999999999996
2025-12-05 03:00:00+05:30,4.285,532.62,44.177499999999995
2025-12-05 04:00:00+05:30,5.9825,532.62,44.4375
2025-12-05 05:00:00+05:30,4.8625,532.62,44.4875
2025-12-05 06:00:00+05:30,4.655,532.62,44.095
2025-12-05 07:00:00+05:30,8.305,532.62,44.6375
2025-12-05 08:00:00+05:30,9.795,532.62,44.980000000000004
2025-12-05 09:00:00+05:30,10.9625,532.62,44.6525
2025-12-05 10:00:00+05:30,11.9025,532.62,43.6375
2025-12-05 11:00:00+05:30,9.4575,532.62,43.8625
2025-12-05 12:00:00+05:30,7.420000000000001,532.62,44.45333333333334
2025-12-05 13:00:00+05:30,8.956666666666665,532.62,46.155
2025-12-05 14:00:00+05:30,6.955,532.62,47.427499999999995
2025-12-05 15:00:00+05:30,6.255,475.87,48.355
2025-12-05 16:00:00+05:30,5.165,416.6,36.955
2025-12-05 17:00:00+05:30,10.43,427.745,37.5375
2025-12-05 18:00:00+05:30,9.0,108.89,54.295
2025-12-05 19:00:00+05:30,2.2175,95.25,52.9025
2025-12-05 20:00:00+05:30,2.58,96.32000000000001,55.2025
2025-12-05 21:00:00+05:30,2.23,104.58,56.795
2025-12-05 22:00:00+05:30,3.6825,110.22,55.345
2025-12-05 23:00:00+05:30,5.18,115.08666666666666,54.92
2025-12-06 00:00:00+05:30,4.32,110.87,56.32
2025-12-06 01:00:00+05:30,9.129999999999999,111.715,56.3775
2025-12-06 02:00:00+05:30,4.765,115.97500000000001,57.875
2025-12-06 03:00:00+05:30,6.5,117.775,60.475
2025-12-06 04:00:00+05:30,3.75,113.6525,58.92
2025-12-06 05:00:00+05:30,5.8575,109.12,57.4025
2025-12-06 06:00:00+05:30,5.61,101.86,53.5425
2025-12-06 07:00:00+05:30,8.6325,104.24000000000001,52.8875
2025-12-06 08:00:00+05:30,11.373333333333335,103.48333333333333,52.00666666666667
2025-12-06 09:00:00+05:30,13.48,101.8425,50.8725
2025-12-06 10:00:00+05:30,14.807500000000001,107.70666666666666,48.6725
2025-12-06 11:00:00+05:30,14.2525,113.55000000000001,46.8275
2025-12-06 12:00:00+05:30,10.626666666666667,108.62,46.412499999999994
2025-12-06 13:00:00+05:30,7.5175,106.665,46.595
2025-12-06 14:00:00+05:30,6.09,98.92750000000001,45.555
2025-12-06 15:00:00+05:30,7.226666666666667,97.8,47.31999999999999
2025-12-06 16:00:00+05:30,4.743333333333333,106.62,49.9525
2025-12-06 17:00:00+05:30,8.91,97.24000000000001,50.17
2025-12-06 18:00:00+05:30,14.09,95.8075,49.67
2025-12-06 19:00:00+05:30,7.725,90.5975,50.870000000000005
2025-12-06 20:00:00+05:30,8.5475,95.9425,53.1325
2025-12-06 21:00:00+05:30,10.3525,107.0325,55.295
2025-12-06 22:00:00+05:30,7.265,104.2175,53.144999999999996
2025-12-06 23:00:00+05:30,3.7775,105.515,56.17
2025-12-07 00:00:00+05:30,3.16,125.12,61.72
2025-12-07 01:00:00+05:30,2.7225,121.3425,60.2625
2025-12-07 02:00:00+05:30,3.8975,105.285,56.0775
2025-12-07 03:00:00+05:30,4.695,104.41250000000001,55.977500000000006
2025-12-07 04:00:00+05:30,3.915,110.8375,59.3425
2025-12-07 05:00:00+05:30,4.4875,112.8775,58.92
2025-12-07 06:00:00+05:30,3.44,112.24000000000001,58.6875
2025-12-07 07:00:00+05:30,7.3100000000000005,110.71000000000001,57.06
2025-12-07 08:00:00+05:30,8.217500000000001,104.1425,53.99
2025-12-07 09:00:00+05:30,8.004999999999999,105.1275,53.42
2025-12-07 10:00:00+05:30,13.745000000000001,113.12,53.3125
2025-12-07 11:00:00+05:30,13.303333333333333,106.09666666666668,48.095
2025-12-07 12:00:00+05:30,10.6125,107.0,46.5275
2025-12-07 13:00:00+05:30,8.485,104.0175,47.4025
2025-12-07 14:00:00+05:30,6.5825,94.665,47.177499999999995
2025-12-07 15:00:00+05:30,6.6025,93.1725,47.9675
2025-12-07 16:00:00+05:30,4.575,97.7625,50.2825
2025-12-07 17:00:00+05:30,4.03,96.38,52.12
2025-12-07 18:00:00+05:30,4.61,95.62,52.412499999999994
2025-12-07 19:00:00+05:30,6.1925,93.11250000000001,51.2525
2025-12-07 20:00:00+05:30,9.1825,85.12,47.25
2025-12-07 21:00:00+05:30,6.4375,86.30000000000001,49.4025
2025-12-07 22:00:00+05:30,8.205,90.47500000000001,51.695
2025-12-07 23:00:00+05:30,6.8525,92.56666666666666,52.412499999999994
2025-12-08 00:00:00+05:30,4.12,97.93,53.12
2025-12-08 01:00:00+05:30,4.053333333333334,99.22333333333334,54.519999999999996
2025-12-08 02:00:00+05:30,2.955,100.7925,56.8
2025-12-08 03:00:00+05:30,6.0825,101.5425,55.695
2025-12-08 04:00:00+05:30,4.4725,112.62,59.870000000000005
2025-12-08 05:00:00+05:30,3.075,114.27250000000001,61.0125
2025-12-08 06:00:00+05:30,4.0975,123.1625,64.9275
2025-12-08 08:00:00+05:30,7.7475000000000005,118.7475,61.825
2025-12-08 09:00:00+05:30,12.344999999999999,124.76,57.67
2025-12-08 10:00:00+05:30,11.626666666666667,110.49333333333334,52.3775
2025-12-08 12:00:00+05:30,5.883333333333333,106.94333333333334,46.03
2025-12-08 13:00:00+05:30,5.7,101.12,44.36333333333334
2025-12-08 14:00:00+05:30,6.633333333333333,99.23,46.98666666666667
2025-12-08 15:00:00+05:30,5.47,94.01666666666667,48.59666666666667
2025-12-08 16:00:00+05:30,7.944999999999999,91.62,46.755
2025-12-08 17:00:00+05:30,8.07,90.34,47.120000000000005
2025-12-08 18:00:00+05:30,8.52,86.12,44.95333333333334
2025-12-08 19:00:00+05:30,10.4075,88.2025,45.755
2025-12-08 20:00:00+05:30,5.37,90.27666666666669,46.71333333333333
2025-12-08 21:00:00+05:30,4.04,90.62,47.620000000000005
2025-12-08 22:00:00+05:30,5.4,110.7525,52.0275
2025-12-08 23:00:00+05:30,3.5033333333333334,115.96333333333332,54.919999999999995
2025-12-09 00:00:00+05:30,2.55,120.75,56.12
2025-12-09 01:00:00+05:30,2.9375,121.9475,56.295
2025-12-09 02:00:00+05:30,3.5066666666666664,122.28666666666668,55.85666666666666
2025-12-09 03:00:00+05:30,3.9875,114.995,53.47
2025-12-09 04:00:00+05:30,3.385,107.07000000000001,50.9775
2025-12-09 05:00:00+05:30,3.8625,102.22,49.765
2025-12-09 06:00:00+05:30,2.675,96.57000000000001,46.227500000000006
2025-12-09 07:00:00+05:30,3.0875,98.0775,46.8625
2025-12-09 08:00:00+05:30,6.140000000000001,114.62,50.22
2025-12-09 09:00:00+05:30,9.7675,119.14750000000001,51.4525
2025-12-09 10:00:00+05:30,10.42,112.6025,48.2675
2025-12-09 11:00:00+05:30,10.74,95.34333333333335,43.144999999999996
2025-12-09 12:00:00+05:30,8.463333333333333,93.62,42.596666666666664
2025-12-09 13:00:00+05:30,5.9399999999999995,78.62,40.653333333333336
2025-12-09 14:00:00+05:30,6.406666666666666,91.62,42.86333333333334
2025-12-09 15:00:00+05:30,7.663333333333333,83.12,41.88666666666666
2025-12-09 16:00:00+05:30,5.72,73.85,41.72
2025-12-09 17:00:00+05:30,9.32,73.735,41.427499999999995
2025-12-09 18:00:00+05:30,12.43,75.50333333333333,40.85333333333333
2025-12-09 19:00:00+05:30,3.2125,79.2025,41.5275
2025-12-09 20:00:00+05:30,2.64,81.12,42.620000000000005
2025-12-09 21:00:00+05:30,4.136666666666667,93.26333333333334,45.330000000000005
2025-12-09 22:00:00+05:30,6.0725,99.47,46.745000000000005
2025-12-09 23:00:00+05:30,5.8375,101.0875,46.5525
2025-12-10 00:00:00+05:30,2.53,112.19,47.52
2025-12-10 01:00:00+05:30,3.0825,112.30250000000001,47.7525
2025-12-10 02:00:00+05:30,3.4,106.35333333333334,47.7375
2025-12-10 03:00:00+05:30,3.1475,93.8175,44.57
2025-12-10 04:00:00+05:30,2.69,75.66,39.9675
2025-12-10 05:00:00+05:30,2.5675,74.9375,39.18
2025-12-10 06:00:00+05:30,3.1825,77.39,39.3775
2025-12-10 07:00:00+05:30,4.043333333333334,82.29333333333334,40.6875
2025-12-10 08:00:00+05:30,5.1850000000000005,99.73,44.4525
2025-12-10 09:00:00+05:30,6.096666666666667,115.12,46.76333333333333
2025-12-10 10:00:00+05:30,4.665,119.5425,47.695
2025-12-10 11:00:00+05:30,4.91,122.62,48.47
2025-12-10 12:00:00+05:30,6.495,115.125,50.46
2025-12-10 13:00:00+05:30,6.1066666666666665,93.97333333333334,43.49666666666667
2025-12-10 14:00:00+05:30,6.1575,78.8675,40.38
2025-12-10 15:00:00+05:30,8.5875,73.93,40.227500000000006
2025-12-10 16:00:00+05:30,6.7125,71.0425,39.695
2025-12-10 17:00:00+05:30,10.476666666666667,71.11666666666667,40.51
2025-12-10 18:00:00+05:30,11.245,75.62,41.2975
2025-12-10 19:00:00+05:30,8.725,75.85000000000001,41.4875
2025-12-10 20:00:00+05:30,7.305,77.77250000000001,40.8025
2025-12-10 21:00:00+05:30,3.9749999999999996,86.405,41.045
2025-12-10 22:00:00+05:30,5.6225000000000005,94.8525,43.019999999999996
2025-12-10 23:00:00+05:30,3.5925000000000002,105.5025,45.0125
2025-12-11 00:00:00+05:30,3.0,109.22,46.52
2025-12-11 01:00:00+05:30,3.385,110.5025,46.345
2025-12-11 02:00:00+05:30,3.3475,112.61500000000001,45.45
2025-12-11 03:00:00+05:30,2.585,103.1975,43.97
2025-12-11 04:00:00+05:30,2.5275,95.71666666666665,42.595
2025-12-11 05:00:00+05:30,3.3499999999999996,85.2825,40.8525
2025-12-11 06:00:00+05:30,4.8925,86.27250000000001,40.1875
2025-12-11 07:00:00+05:30,4.7025,93.62,41.67
2025-12-11 10:00:00+05:30,11.773333333333333,110.12,44.629999999999995
2025-12-11 11:00:00+05:30,10.685,104.185,40.1275
2025-12-11 12:00:00+05:30,9.79,,40.985
2025-12-11 13:00:00+05:30,6.5566666666666675,77.12,39.13333333333333
2025-12-11 14:00:00+05:30,6.433333333333334,83.2,39.76333333333333
2025-12-11 15:00:00+05:30,5.4425,86.8425,41.427499999999995
2025-12-11 16:00:00+05:30,5.726666666666667,79.12,40.776666666666664
2025-12-11 17:00:00+05:30,6.186666666666667,78.12,41.946666666666665
2025-12-11 18:00:00+05:30,10.159999999999998,76.61333333333333,45.053333333333335
2025-12-11 19:00:00+05:30,12.855,80.795,42.57
2025-12-11 20:00:00+05:30,12.745,76.12,41.28666666666667
2025-12-11 21:00:00+05:30,4.003333333333333,94.82000000000001,41.346666666666664
2025-12-11 22:00:00+05:30,2.805,112.3675,43.2525
2025-12-11 23:00:00+05:30,5.505,117.12,47.32
2025-12-12 00:00:00+05:30,4.48,120.12,46.92
2025-12-12 01:00:00+05:30,3.2075,116.5,46.57
2025-12-12 02:00:00+05:30,3.3550000000000004,105.82000000000001,45.019999999999996
2025-12-12 03:00:00+05:30,2.66,99.62,43.32
2025-12-12 11:00:00+05:30,9.65,97.87,43.31
2025-12-12 12:00:00+05:30,10.735,103.28750000000001,46.9
2025-12-12 13:00:00+05:30,9.370000000000001,92.3425,51.7125
2025-12-12 14:00:00+05:30,5.8566666666666665,82.62,50.81
2025-12-12 15:00:00+05:30,8.02,94.12,52.410000000000004
2025-12-12 16:00:00+05:30,7.869999999999999,86.07,48.205
2025-12-12 17:00:00+05:30,8.33,81.12,44.12
2025-12-12 18:00:00+05:30,12.02,73.95500000000001,41.22
2025-12-12 19:00:00+05:30,12.9375,75.28750000000001,40.12
2025-12-12 20:00:00+05:30,11.7975,74.01,39.942499999999995
2025-12-12 21:00:00+05:30,6.652500000000001,74.28750000000001,39.9275
2025-12-12 22:00:00+05:30,5.175,78.64500000000001,40.8625
2025-12-12 23:00:00+05:30,6.045,89.28750000000001,41.6525
2025-12-13 00:00:00+05:30,5.61,122.31,48.72
2025-12-13 01:00:00+05:30,4.806666666666667,124.38,48.3725
2025-12-13 02:00:00+05:30,6.7725,122.9525,47.4025
2025-12-13 03:00:00+05:30,7.046666666666667,122.78666666666668,46.945
2025-12-13 04:00:00+05:30,5.785,119.065,46.5775
2025-12-13 05:00:00+05:30,2.74,113.785,45.629999999999995
2025-12-13 06:00:00+05:30,6.9575,110.8425,44.845
2025-12-13 07:00:00+05:30,9.203333333333333,115.12,47.086666666666666
2025-12-13 08:00:00+05:30,9.616666666666667,112.12,46.45666666666667
2025-12-13 09:00:00+05:30,8.81,114.62,45.2025
2025-12-13 10:00:00+05:30,11.1325,117.13250000000001,44.6275
2025-12-13 11:00:00+05:30,13.085,113.065,43.4525
2025-12-13 12:00:00+05:30,9.275,111.12,42.620000000000005
2025-12-13 13:00:00+05:30,7.734999999999999,116.2175,45.1025
2025-12-13 14:00:00+05:30,6.53,107.85000000000001,44.5925
2025-12-13 15:00:00+05:30,5.683333333333334,121.12,48.06333333333333
2025-12-13 16:00:00+05:30,3.4,109.83999999999999,46.89000000000001
2025-12-13 17:00:00+05:30,4.279999999999999,103.56,46.635
2025-12-13 18:00:00+05:30,3.5625,101.5975,46.6025
2025-12-13 19:00:00+05:30,11.0025,90.71666666666665,45.2125
2025-12-13 20:00:00+05:30,10.0,84.36500000000001,42.227500000000006
2025-12-13 21:00:00+05:30,4.2125,79.655,41.462500000000006
2025-12-13 22:00:00+05:30,4.2725,88.96000000000001,42.370000000000005
2025-12-13 23:00:00+05:30,4.2375,104.81333333333333,45.3275
2025-12-14 00:00:00+05:30,4.57,117.92,46.12
2025-12-14 01:00:00+05:30,3.49,121.535,46.7625
2025-12-14 02:00:00+05:30,4.359999999999999,129.3525,48.2625
2025-12-14 03:00:00+05:30,5.49,128.485,49.052499999999995
2025-12-14 04:00:00+05:30,6.6975,135.12,51.32
2025-12-14 05:00:00+05:30,8.456666666666667,131.31666666666666,50.269999999999996
2025-12-14 06:00:00+05:30,10.43,120.80250000000001,47.427499999999995
2025-12-14 07:00:00+05:30,10.7075,112.6525,45.7275
2025-12-14 08:00:00+05:30,14.5775,102.095,43.67
2025-12-14 09:00:00+05:30,14.74,109.12,44.63333333333333
2025-12-14 10:00:00+05:30,10.9525,120.03750000000001,46.485
2025-12-14 11:00:00+05:30,8.7875,112.87,44.9275
2025-12-14 12:00:00+05:30,7.105,99.58500000000001,42.347500000000004
2025-12-14 13:00:00+05:30,8.205,92.7125,41.57
2025-12-14 14:00:00+05:30,5.75,87.8375,40.7775
2025-12-14 15:00:00+05:30,5.1866666666666665,88.62,40.8625
2025-12-14 16:00:00+05:30,4.8375,88.7525,41.1825
2025-12-14 17:00:00+05:30,5.155,85.62,42.34
2025-12-14 18:00:00+05:30,11.11,89.5,42.72
2025-12-14 19:00:00+05:30,10.55,89.62,42.6025
2025-12-14 20:00:00+05:30,11.9575,95.9025,42.7875
2025-12-14 21:00:00+05:30,6.293333333333333,94.39666666666666,43.6875
2025-12-14 22:00:00+05:30,3.8633333333333333,92.62,43.07666666666666
2025-12-14 23:00:00+05:30,5.3425,95.595,42.2625
2025-12-15 00:00:00+05:30,4.59,,45.52
2025-12-15 01:00:00+05:30,6.5525,121.97666666666667,45.5775
2025-12-15 02:00:00+05:30,4.533333333333334,121.62,45.586666666666666
2025-12-15 03:00:00+05:30,4.5125,107.73750000000001,42.9125
2025-12-15 04:00:00+05:30,2.7225,99.98666666666668,42.15
2025-12-15 05:00:00+05:30,3.225,102.7625,42.66
2025-12-15 06:00:00+05:30,3.516666666666667,108.73,43.06333333333333
2025-12-15 07:00:00+05:30,3.9966666666666666,116.62333333333333,44.23
2025-12-15 08:00:00+05:30,5.2275,113.6875,44.427499999999995
2025-12-15 09:00:00+05:30,4.663333333333333,114.285,43.02
2025-12-15 10:00:00+05:30,9.24,115.82000000000001,42.07666666666667
2025-12-15 11:00:00+05:30,10.166666666666666,110.91000000000001,41.550000000000004
2025-12-15 12:00:00+05:30,7.505,105.55000000000001,40.0275
2025-12-15 13:00:00+05:30,6.75,101.62,39.7275
2025-12-15 14:00:00+05:30,6.5075,90.54666666666667,40.72
2025-12-15 15:00:00+05:30,5.016666666666667,91.62,40.82
2025-12-15 16:00:00+05:30,5.1375,90.73,42.0525
2025-12-15 17:00:00+05:30,10.055,85.62,41.0375
2025-12-15 18:00:00+05:30,12.3225,84.30000000000001,41.144999999999996
2025-12-15 19:00:00+05:30,7.8774999999999995,82.6925,40.72
2025-12-15 20:00:00+05:30,10.67,81.26333333333334,40.72
2025-12-15 21:00:00+05:30,5.195,81.30000000000001,40.72
2025-12-15 22:00:00+05:30,2.9775,82.26,40.8375
2025-12-15 23:00:00+05:30,4.42,94.55250000000001,42.239999999999995
2025-12-16 00:00:00+05:30,2.64,114.08,46.92
2025-12-16 01:00:00+05:30,6.8549999999999995,114.62,46.394999999999996
2025-12-16 02:00:00+05:30,3.69,122.93,45.660000000000004
2025-12-16 03:00:00+05:30,6.005,115.665,45.995000000000005
2025-12-16 04:00:00+05:30,3.2025,100.715,43.67
2025-12-16 05:00:00+05:30,5.385,86.12,41.12
2025-12-16 06:00:00+05:30,9.24,88.195,40.730000000000004
2025-12-16 07:00:00+05:30,9.5525,85.62,41.3775
2025-12-16 08:00:00+05:30,12.9425,93.3875,41.7525
2025-12-16 09:00:00+05:30,14.9025,99.07000000000001,42.4375
2025-12-16 10:00:00+05:30,16.545,110.325,42.6625
2025-12-16 11:00:00+05:30,12.376666666666665,139.12,42.56333333333333
2025-12-16 12:00:00+05:30,12.805,118.79750000000001,43.9625
2025-12-16 13:00:00+05:30,7.66,145.62,45.443333333333335
2025-12-16 14:00:00+05:30,7.4225,109.02333333333333,43.6525
2025-12-16 15:00:00+05:30,7.735,100.5925,42.4025
2025-12-16 16:00:00+05:30,5.665,100.415,42.699999999999996
2025-12-16 17:00:00+05:30,3.5475,104.72500000000001,44.0025
2025-12-16 18:00:00+05:30,5.0875,97.73,44.3625
2025-12-16 19:00:00+05:30,9.976666666666667,105.62,45.73
2025-12-16 20:00:00+05:30,10.976666666666667,93.24333333333334,42.053333333333335
2025-12-16 21:00:00+05:30,7.843333333333334,88.23,41.74333333333333
2025-12-16 22:00:00+05:30,4.376666666666666,97.62,42.99666666666667
2025-12-16 23:00:00+05:30,2.59,112.535,46.665
2025-12-17 00:00:00+05:30,2.82,107.04,45.32
2025-12-17 01:00:00+05:30,4.0975,103.87,44.45
2025-12-17 02:00:00+05:30,5.025,97.66250000000001,42.205
2025-12-17 03:00:00+05:30,7.1975,94.9325,42.5025
2025-12-17 04:00:00+05:30,6.376666666666666,105.62,44.1525
2025-12-17 05:00:00+05:30,6.0600000000000005,106.87,44.894999999999996
2025-12-17 06:00:00+05:30,5.17,113.9425,45.6125
2025-12-17 07:00:00+05:30,7.8,121.07000000000001,46.205
2025-12-17 08:00:00+05:30,9.216666666666667,115.82333333333334,45.919999999999995
2025-12-17 09:00:00+05:30,12.0925,117.2025,45.57
2025-12-17 10:00:00+05:30,12.2925,113.53750000000001,44.605
2025-12-17 11:00:00+05:30,9.93,110.20500000000001,44.32
2025-12-17 12:00:00+05:30,6.6525,117.97500000000001,44.9625
2025-12-17 13:00:00+05:30,8.665,121.97500000000001,46.8675
2025-12-17 14:00:00+05:30,6.673333333333333,117.62,47.71
2025-12-17 15:00:00+05:30,6.24,122.97,63.185
2025-12-17 16:00:00+05:30,7.55,129.7925,76.625
2025-12-17 17:00:00+05:30,12.7575,123.16499999999999,107.2075
2025-12-17 18:00:00+05:30,14.67,113.56,145.41
2025-12-17 19:00:00+05:30,8.4025,109.4575,93.25
2025-12-17 20:00:00+05:30,11.58,115.0,89.11
2025-12-18 15:00:00+05:30,6.3500000000000005,121.0,119.66666666666667
2025-12-18 16:00:00+05:30,4.98,128.0,131.0
2025-12-18 17:00:00+05:30,7.91,115.345,107.61
2025-12-18 18:00:00+05:30,10.395,119.9175,79.8
2025-12-18 19:00:00+05:30,13.2675,109.44,66.4225
2025-12-18 20:00:00+05:30,11.14,116.85,66.4575
2025-12-18 21:00:00+05:30,3.9525,129.07,74.375
2025-12-18 22:00:00+05:30,3.0325,163.595,96.2675
2025-12-18 23:00:00+05:30,2.956666666666667,214.0533333333333,118.99333333333334
2025-12-19 01:00:00+05:30,4.85,171.09,90.0
2025-12-19 02:00:00+05:30,4.5975,166.3825,90.875
2025-12-19 03:00:00+05:30,4.1575,162.15,88.3325
2025-12-19 04:00:00+05:30,2.4375,148.8325,73.2075
2025-12-19 05:00:00+05:30,2.3525,125.6075,64.875
2025-12-19 06:00:00+05:30,2.4925,128.81,63.792500000000004
2025-12-19 07:00:00+05:30,2.88,135.8525,60.6225
2025-12-19 08:00:00+05:30,5.0525,156.2725,75.5
2025-12-19 09:00:00+05:30,9.05,174.16,81.0825
2025-12-19 10:00:00+05:30,9.5675,153.065,67.875
2025-12-19 11:00:00+05:30,6.5575,113.7975,51.542500000000004
2025-12-19 12:00:00+05:30,6.3,139.765,57.24333333333333
2025-12-19 13:00:00+05:30,5.545,179.2025,74.0425
2025-12-19 14:00:00+05:30,6.816666666666666,165.06666666666666,75.11
2025-12-19 15:00:00+05:30,6.083333333333333,117.06666666666666,64.30666666666667
2025-12-19 16:00:00+05:30,4.8500000000000005,95.29666666666667,56.22666666666667
2025-12-19 17:00:00+05:30,8.026666666666666,88.0,54.44333333333333
2025-12-19 18:00:00+05:30,15.834999999999999,79.6,41.5
2025-12-19 19:00:00+05:30,12.915,77.0,36.792500000000004
2025-12-19 20:00:00+05:30,12.34,89.2025,45.707499999999996
2025-12-19 21:00:00+05:30,5.925000000000001,91.015,46.457499999999996
2025-12-19 22:00:00+05:30,3.5975,107.43666666666667,55.25
2025-12-19 23:00:00+05:30,5.095,141.4,69.7675
2025-12-20 00:00:00+05:30,3.32,135.0,62.0
2025-12-20 01:00:00+05:30,3.7075,135.0,66.71000000000001
2025-12-20 02:00:00+05:30,4.035,147.8675,81.2075
2025-12-20 03:00:00+05:30,4.215,162.4,85.2075
2025-12-20 04:00:00+05:30,6.7775,145.6225,75.125
2025-12-20 05:00:00+05:30,2.93,152.0,73.0
2025-12-20 07:00:00+05:30,7.0649999999999995,131.6,63.165
2025-12-20 08:00:00+05:30,6.483333333333333,143.0,64.0
2025-12-20 09:00:00+05:30,7.5275,143.8,64.5825
2025-12-20 10:00:00+05:30,6.705,146.0,65.4175
2025-12-20 11:00:00+05:30,7.033333333333334,142.0,63.89000000000001
2025-12-20 17:00:00+05:30,2.57,62.06666666666666,50.666666666666664
2025-12-20 18:00:00+05:30,0.0,54.0,56.0
2026-02-17 13:00:00+05:30,23.875,155.75,44.75
2026-02-17 14:00:00+05:30,24.525,123.0,43.0
2026-02-17 15:00:00+05:30,29.425,126.0,39.25
2026-02-17 16:00:00+05:30,29.15,183.0,76.75
2026-02-17 17:00:00+05:30,27.375,175.5,70.75
2026-02-17 18:00:00+05:30,24.349999999999998,149.25,61.25
2026-02-17 19:00:00+05:30,24.65,124.5,44.5
2026-02-17 20:00:00+05:30,28.075,140.0,58.75
2026-02-17 21:00:00+05:30,29.733333333333334,139.0,46.0
2026-02-17 22:00:00+05:30,29.1,146.0,57.0
2026-02-18 07:00:00+05:30,38.95,91.5,39.5
2026-02-18 08:00:00+05:30,32.15,99.5,37.75
2026-02-18 09:00:00+05:30,28.675,85.25,34.0
2026-02-18 10:00:00+05:30,26.6,92.5,31.0
2026-02-18 11:00:00+05:30,23.0,104.75,31.0
2026-02-18 12:00:00+05:30,25.233333333333334,97.25,28.5
2026-02-18 13:00:00+05:30,23.55,80.5,14.75
2026-02-18 14:00:00+05:30,23.633333333333336,66.33333333333333,10.0
2026-02-18 15:00:00+05:30,23.275,74.0,17.0
2026-02-18 16:00:00+05:30,22.875,72.0,18.25
2026-02-18 17:00:00+05:30,23.45,71.5,24.0
2026-02-18 18:00:00+05:30,22.1,91.25,22.75
2026-02-18 19:00:00+05:30,24.325,76.0,18.0
2026-02-18 20:00:00+05:30,28.65,74.0,20.0
2026-02-18 21:00:00+05:30,29.3,71.0,19.25
2026-02-19 13:00:00+05:30,25.75,166.5,66.0
2026-02-19 15:00:00+05:30,26.1,144.0,58.0
2026-02-19 16:00:00+05:30,26.5,143.0,61.0
2026-02-19 17:00:00+05:30,28.325,153.25,70.25
2026-02-19 18:00:00+05:30,23.85,158.0,75.75
2026-02-19 19:00:00+05:30,27.55,158.0,73.0
2026-02-19 20:00:00+05:30,34.725,157.0,73.5
2026-02-19 21:00:00+05:30,37.45,186.25,90.75
2026-02-19 22:00:00+05:30,34.35,190.0,90.0
2026-02-19 23:00:00+05:30,31.15,191.0,91.25
2026-02-20 00:00:00+05:30,23.7,196.0,102.0
2026-02-20 01:00:00+05:30,20.3,170.5,104.0
2026-02-20 02:00:00+05:30,17.95,185.25,105.25
2026-02-20 03:00:00+05:30,22.25,220.25,115.5
2026-02-20 04:00:00+05:30,28.425,284.25,131.5
2026-02-20 05:00:00+05:30,21.375,369.5,123.0
2026-02-20 06:00:00+05:30,34.699999999999996,216.0,125.0
2026-02-20 07:00:00+05:30,58.875,265.0,130.25
2026-02-20 08:00:00+05:30,77.275,295.25,135.25
2026-02-20 09:00:00+05:30,60.35,350.5,144.25
2026-02-20 10:00:00+05:30,52.15,307.0,123.5
2026-02-20 11:00:00+05:30,40.800000000000004,350.25,138.5
2026-02-20 12:00:00+05:30,32.6,354.75,120.0
2026-02-20 13:00:00+05:30,33.575,283.75,118.75
2026-02-20 14:00:00+05:30,30.8,249.0,115.0
2026-02-20 15:00:00+05:30,29.4,258.0,113.0
2026-02-20 16:00:00+05:30,27.025,230.75,102.75
2026-02-20 17:00:00+05:30,27.225,224.25,94.25
2026-02-20 18:00:00+05:30,29.05,205.75,101.25
2026-02-20 19:00:00+05:30,30.075,223.75,108.5
2026-02-20 20:00:00+05:30,38.5,228.75,108.25
2026-02-20 21:00:00+05:30,48.375,208.25,72.0
2026-02-20 22:00:00+05:30,49.5,216.75,71.0
2026-02-20 23:00:00+05:30,59.075,224.0,74.25
2026-02-21 00:00:00+05:30,65.4,200.0,76.0
2026-02-21 01:00:00+05:30,65.675,279.25,81.0
2026-02-21 02:00:00+05:30,77.85,256.75,78.75
2026-02-21 03:00:00+05:30,70.375,246.75,72.25
2026-02-21 04:00:00+05:30,68.925,269.5,79.0
2026-02-21 05:00:00+05:30,69.4,287.0,78.5
2026-02-21 06:00:00+05:30,64.05,260.5,68.25
2026-02-21 07:00:00+05:30,82.15,281.5,71.25
2026-02-21 08:00:00+05:30,66.675,352.75,78.0
2026-02-21 09:00:00+05:30,68.525,287.25,78.5
2026-02-21 10:00:00+05:30,42.8,410.75,182.0
2026-02-21 11:00:00+05:30,34.7,258.75,104.75
2026-02-21 12:00:00+05:30,,158.0,48.0
2026-02-21 13:00:00+05:30,34.4,182.66666666666666,67.66666666666667
2026-02-21 14:00:00+05:30,32.875,154.0,62.25
2026-02-21 15:00:00+05:30,31.55,155.0,65.75
2026-02-21 16:00:00+05:30,24.099999999999998,128.0,56.0
2026-02-21 17:00:00+05:30,25.066666666666666,109.66666666666667,52.0
2026-02-21 18:00:00+05:30,27.625,101.5,49.0
2026-02-21 19:00:00+05:30,27.775,115.75,54.0
2026-02-21 20:00:00+05:30,30.475,101.5,57.75
2026-02-21 21:00:00+05:30,80.75,101.75,55.0
2026-02-21 22:00:00+05:30,56.15,152.5,53.75
2026-02-21 23:00:00+05:30,36.150000000000006,120.0,52.25
2026-02-22 01:00:00+05:30,53.7,103.0,54.0
2026-02-22 02:00:00+05:30,53.075,118.75,62.0
2026-02-22 03:00:00+05:30,65.65,151.5,62.0
2026-02-22 04:00:00+05:30,94.22500000000001,181.75,68.0
2026-02-22 05:00:00+05:30,55.8,146.5,64.75
2026-02-22 06:00:00+05:30,26.674999999999997,106.0,52.0
2026-02-22 07:00:00+05:30,49.0,105.0,57.5
2026-02-22 08:00:00+05:30,58.724999999999994,147.5,69.0
2026-02-22 09:00:00+05:30,68.45,175.25,70.25
2026-02-22 10:00:00+05:30,39.875,155.25,77.5
2026-02-22 11:00:00+05:30,27.833333333333332,133.5,65.0
2026-02-22 12:00:00+05:30,21.900000000000002,115.5,63.75
2026-02-22 13:00:00+05:30,22.275,104.75,57.75
2026-02-22 14:00:00+05:30,21.9,97.0,47.0
2026-02-22 15:00:00+05:30,20.05,96.75,51.75
2026-02-22 16:00:00+05:30,19.5,90.25,47.0
2026-02-22 17:00:00+05:30,20.8,91.33333333333333,47.666666666666664
2026-02-22 18:00:00+05:30,21.45,96.0,57.5
2026-02-22 19:00:00+05:30,26.4,92.25,49.5
2026-02-22 20:00:00+05:30,31.7,74.0,36.0
2026-02-22 21:00:00+05:30,29.55,73.0,35.75
2026-02-22 22:00:00+05:30,35.7,69.25,30.25
2026-02-22 23:00:00+05:30,36.675,79.25,35.25
2026-02-23 00:00:00+05:30,44.2,86.0,42.0
2026-02-23 01:00:00+05:30,54.0,92.5,40.5
2026-02-23 02:00:00+05:30,69.475,164.25,56.0
2026-02-23 03:00:00+05:30,56.325,141.5,54.5
2026-02-23 04:00:00+05:30,58.125,94.75,39.0
2026-02-23 05:00:00+05:30,28.650000000000002,91.5,41.75
2026-02-23 06:00:00+05:30,32.15,75.0,38.25
2026-02-23 07:00:00+05:30,53.875,77.5,40.0
2026-02-23 08:00:00+05:30,58.325,92.0,41.5
2026-02-23 09:00:00+05:30,57.975,122.5,57.25
2026-02-23 10:00:00+05:30,49.3,138.0,62.5
2026-02-23 11:00:00+05:30,43.4,140.0,56.0
2026-02-23 12:00:00+05:30,33.43333333333333,,93.0
2026-02-23 13:00:00+05:30,27.275,237.5,90.75
2026-02-23 14:00:00+05:30,26.53333333333333,195.0,86.0
2026-02-23 15:00:00+05:30,25.775,99.75,46.0
2026-02-23 16:00:00+05:30,24.55,91.75,42.0
2026-02-23 17:00:00+05:30,25.0,89.5,43.75
2026-02-23 18:00:00+05:30,25.6,75.25,40.0
2026-02-23 19:00:00+05:30,23.35,85.25,41.75
2026-02-23 20:00:00+05:30,23.5,88.0,40.0
2026-02-23 21:00:00+05:30,22.65,70.75,31.0
2026-02-23 22:00:00+05:30,26.175,67.5,25.25
2026-02-23 23:00:00+05:30,35.1,79.5,34.25
2026-02-24 00:00:00+05:30,54.9,86.0,41.0
2026-02-24 01:00:00+05:30,43.849999999999994,114.75,47.25
2026-02-24 02:00:00+05:30,23.950000000000003,107.75,50.75
2026-02-24 03:00:00+05:30,16.475,96.25,45.25
2026-02-24 04:00:00+05:30,16.4,101.0,51.0
2026-02-24 05:00:00+05:30,20.075,102.0,50.0
2026-02-24 06:00:00+05:30,30.725,104.0,49.0
2026-02-24 07:00:00+05:30,50.55,100.5,51.0
2026-02-24 08:00:00+05:30,44.9,111.5,52.75
2026-02-24 09:00:00+05:30,30.45,111.75,46.75
2026-02-24 10:00:00+05:30,29.625,81.25,37.0
2026-02-24 11:00:00+05:30,25.45,93.75,39.75
2026-02-24 12:00:00+05:30,22.45,84.75,35.0
2026-02-24 13:00:00+05:30,21.825,79.0,35.0
2026-02-24 14:00:00+05:30,21.433333333333334,81.66666666666667,35.0
2026-02-24 15:00:00+05:30,22.15,75.0,34.0
2026-02-24 16:00:00+05:30,23.3,,35.0
2026-02-24 18:00:00+05:30,20.1,79.0,34.0
2026-02-24 19:00:00+05:30,20.275,74.0,34.75
2026-02-24 20:00:00+05:30,20.975,73.25,30.25
2026-02-24 21:00:00+05:30,17.85,79.25,37.0
2026-02-24 22:00:00+05:30,15.866666666666667,83.5,39.0
2026-02-24 23:00:00+05:30,,98.5,39.25
2026-02-25 00:00:00+05:30,,112.0,47.0
2026-02-25 01:00:00+05:30,9.7,114.25,47.0
2026-02-25 02:00:00+05:30,36.1,181.25,51.75
2026-02-25 03:00:00+05:30,14.3,96.0,45.0
2026-02-25 04:00:00+05:30,13.9,104.0,43.0
2026-02-25 05:00:00+05:30,15.600000000000001,103.0,43.0
2026-02-25 06:00:00+05:30,24.25,78.5,42.25
2026-02-25 07:00:00+05:30,61.5,92.0,44.0
2026-02-25 08:00:00+05:30,57.275,123.25,48.75
2026-02-25 09:00:00+05:30,39.15,135.0,44.0
2026-02-25 10:00:00+05:30,28.55,105.75,48.75
2026-02-25 11:00:00+05:30,20.966666666666665,102.25,43.75
2026-02-25 12:00:00+05:30,18.466666666666665,78.75,33.75
2026-02-25 13:00:00+05:30,18.05,76.75,25.75
2026-02-25 14:00:00+05:30,17.05,45.75,20.75
2026-02-25 15:00:00+05:30,17.3,36.666666666666664,11.0
2026-02-25 16:00:00+05:30,17.7,45.0,11.0
2026-02-25 17:00:00+05:30,23.75,36.5,16.0
2026-02-25 18:00:00+05:30,20.3,46.25,18.75
2026-02-25 19:00:00+05:30,19.549999999999997,48.75,15.0
2026-02-25 20:00:00+05:30,22.4,49.5,16.75
2026-02-25 21:00:00+05:30,23.2,76.5,15.0
2026-02-25 22:00:00+05:30,29.175,38.25,15.0
2026-02-25 23:00:00+05:30,35.65,47.25,19.0
2026-02-26 00:00:00+05:30,31.9,58.0,21.0
2026-02-26 01:00:00+05:30,30.575,57.5,22.0
2026-02-26 02:00:00+05:30,31.25,44.25,21.0
2026-02-26 03:00:00+05:30,37.4,54.25,23.0
2026-02-26 04:00:00+05:30,36.925,69.5,24.0
2026-02-26 05:00:00+05:30,45.4,101.0,23.0
2026-02-26 06:00:00+05:30,47.7,70.75,27.75
2026-02-26 07:00:00+05:30,40.475,65.25,23.75
2026-02-26 08:00:00+05:30,27.625,45.0,17.0
2026-02-26 09:00:00+05:30,20.55,52.25,15.75
2026-02-26 10:00:00+05:30,24.15,76.0,13.25
2026-02-26 11:00:00+05:30,20.8,47.25,16.75
2026-02-26 12:00:00+05:30,17.433333333333334,49.0,13.25
2026-02-26 13:00:00+05:30,14.7,50.75,14.75
2026-02-26 14:00:00+05:30,15.625,39.0,9.75
2026-02-26 15:00:00+05:30,17.5,37.25,7.0
2026-02-26 16:00:00+05:30,16.825,38.0,10.0
2026-02-26 17:00:00+05:30,17.625,35.0,8.0
2026-02-26 18:00:00+05:30,18.475,38.0,9.0
2026-02-26 19:00:00+05:30,22.95,38.0,11.0
2026-02-26 20:00:00+05:30,22.0,38.75,11.0
2026-02-26 21:00:00+05:30,22.825,33.0,9.0
2026-02-26 22:00:00+05:30,23.9,27.75,9.0
2026-02-26 23:00:00+05:30,20.125,27.0,10.0
2026-02-27 00:00:00+05:30,15.2,28.0,9.0
2026-02-27 01:00:00+05:30,15.325,17.0,8.0
2026-02-27 02:00:00+05:30,12.925,17.0,8.0
2026-02-27 03:00:00+05:30,10.1,19.75,7.0
2026-02-27 04:00:00+05:30,10.475,21.75,8.0
2026-02-27 05:00:00+05:30,10.475,32.5,10.0
2026-02-27 06:00:00+05:30,26.975,13.0,9.0
2026-02-27 07:00:00+05:30,48.45,40.75,10.5
2026-02-27 08:00:00+05:30,24.775,91.0,23.5
2026-02-27 09:00:00+05:30,22.725,36.0,11.75
2026-02-27 10:00:00+05:30,21.875,39.75,9.25
2026-02-27 11:00:00+05:30,19.033333333333335,53.25,14.0
2026-02-27 12:00:00+05:30,16.666666666666668,32.5,9.0
2026-02-27 13:00:00+05:30,15.325,44.75,8.0
2026-02-27 14:00:00+05:30,15.466666666666667,36.0,9.0
2026-02-27 15:00:00+05:30,17.45,38.5,4.0
2026-02-27 16:00:00+05:30,17.525,37.0,8.0
2026-02-27 17:00:00+05:30,22.95,35.25,9.0
2026-02-27 18:00:00+05:30,22.0,44.0,9.0
2026-02-27 19:00:00+05:30,24.2,48.0,12.75
2026-02-27 20:00:00+05:30,25.575,46.75,9.0
2026-02-27 21:00:00+05:30,28.175,40.5,9.0
2026-02-27 22:00:00+05:30,27.85,27.0,8.75
2026-02-27 23:00:00+05:30,23.05,29.25,3.0
2026-02-28 00:00:00+05:30,16.0,36.0,6.0
2026-02-28 01:00:00+05:30,14.75,35.0,7.0
2026-02-28 02:00:00+05:30,19.566666666666666,31.0,7.0
2026-02-28 03:00:00+05:30,24.95,56.0,13.0
2026-02-28 04:00:00+05:30,21.85,60.5,10.25
2026-02-28 05:00:00+05:30,43.65,49.25,12.0
2026-02-28 06:00:00+05:30,44.1,55.25,14.75
2026-02-28 07:00:00+05:30,51.9,57.75,9.0
2026-02-28 08:00:00+05:30,52.325,80.25,14.5
2026-02-28 09:00:00+05:30,61.325,85.0,31.0
2026-02-28 10:00:00+05:30,54.775000000000006,112.0,36.0
2026-02-28 11:00:00+05:30,39.199999999999996,106.75,35.25
2026-02-28 12:00:00+05:30,18.433333333333334,62.25,17.75
2026-02-28 13:00:00+05:30,17.925,39.0,9.0
2026-02-28 14:00:00+05:30,18.875,38.0,6.0
2026-02-28 15:00:00+05:30,16.525,40.5,5.25
2026-02-28 16:00:00+05:30,16.525,52.0,10.0
2026-02-28 17:00:00+05:30,17.925,51.0,9.0
2026-02-28 18:00:00+05:30,17.8,50.75,10.25
2026-02-28 19:00:00+05:30,21.5,43.0,13.0
2026-02-28 20:00:00+05:30,21.55,43.0,15.0
2026-02-28 21:00:00+05:30,26.3,40.5,13.0
2026-02-28 22:00:00+05:30,28.425,38.75,11.0
2026-02-28 23:00:00+05:30,38.95,36.25,9.0
2026-03-01 01:00:00+05:30,61.5,57.0,14.0
2026-03-01 02:00:00+05:30,63.275,61.75,17.25
2026-03-01 03:00:00+05:30,56.7,58.0,19.0
2026-03-01 04:00:00+05:30,42.975,62.75,20.0
2026-03-01 05:00:00+05:30,51.225,53.5,18.0
2026-03-01 06:00:00+05:30,55.2,64.25,19.0
2026-03-01 07:00:00+05:30,59.675,64.5,20.0
2026-03-01 08:00:00+05:30,65.0,40.5,22.0
2026-03-01 09:00:00+05:30,41.65,85.5,21.75
2026-03-01 10:00:00+05:30,21.125,72.5,16.75
2026-03-01 11:00:00+05:30,16.533333333333335,59.0,14.0
2026-03-01 12:00:00+05:30,15.9,73.25,14.75
2026-03-01 13:00:00+05:30,15.575,53.75,12.0
2026-03-01 14:00:00+05:30,14.6,48.0,10.0
2026-03-01 15:00:00+05:30,15.875,51.75,13.0
2026-03-01 16:00:00+05:30,17.05,45.25,12.75
2026-03-01 17:00:00+05:30,18.033333333333335,51.333333333333336,12.0
2026-03-01 18:00:00+05:30,18.575,61.0,14.0
2026-03-01 19:00:00+05:30,18.025,56.0,14.0
2026-03-01 20:00:00+05:30,17.4,65.5,18.0
2026-03-01 21:00:00+05:30,18.0,92.5,18.0
2026-03-01 22:00:00+05:30,16.95,49.0,16.0
2026-03-01 23:00:00+05:30,14.95,45.75,15.0
2026-03-02 02:00:00+05:30,11.2,33.0,12.75
2026-03-02 03:00:00+05:30,10.424999999999999,33.5,12.0
2026-03-02 04:00:00+05:30,12.375,46.0,16.0
2026-03-02 05:00:00+05:30,16.025,46.0,16.0
2026-03-02 06:00:00+05:30,24.475,40.75,17.0
2026-03-02 07:00:00+05:30,38.8,16.0,17.0
2026-03-02 09:00:00+05:30,27.266666666666666,60.333333333333336,15.333333333333334
2026-03-02 10:00:00+05:30,21.066666666666666,65.66666666666667,19.0
2026-03-02 11:00:00+05:30,19.3,67.75,19.0
2026-03-02 12:00:00+05:30,20.4,85.0,22.0
2026-03-02 13:00:00+05:30,15.233333333333334,59.0,20.0
2026-03-02 14:00:00+05:30,15.025,54.25,14.0
2026-03-02 15:00:00+05:30,18.633333333333333,57.0,15.0
2026-03-02 16:00:00+05:30,17.8,55.0,11.0
2026-03-02 17:00:00+05:30,18.0,43.0,12.0
2026-03-02 18:00:00+05:30,17.05,53.25,16.0
2026-03-02 19:00:00+05:30,21.066666666666666,55.0,16.0
2026-03-02 22:00:00+05:30,61.9,103.0,52.0
2026-03-02 23:00:00+05:30,60.45,164.25,90.5
2026-03-03 00:00:00+05:30,48.6,139.5,73.75
2026-03-03 01:00:00+05:30,36.375,125.75,61.75
2026-03-03 02:00:00+05:30,40.55,117.25,59.75
2026-03-03 03:00:00+05:30,22.15,154.0,84.0
2026-03-03 04:00:00+05:30,13.666666666666666,128.0,61.0
2026-03-03 05:00:00+05:30,11.175,136.25,54.75
2026-03-03 06:00:00+05:30,11.5,87.0,44.0
2026-03-03 07:00:00+05:30,19.400000000000002,88.33333333333333,43.0
2026-03-03 08:00:00+05:30,24.025,99.25,41.0
2026-03-03 09:00:00+05:30,13.166666666666666,104.66666666666667,68.66666666666667
2026-03-03 10:00:00+05:30,2.3499999999999996,142.25,64.75
2026-03-03 11:00:00+05:30,,117.0,54.0
2026-03-03 12:00:00+05:30,,92.25,42.75
2026-03-03 13:00:00+05:30,,95.0,32.0
2026-03-03 14:00:00+05:30,,70.0,34.666666666666664
2026-03-03 15:00:00+05:30,,69.75,28.0
2026-03-03 16:00:00+05:30,,67.0,25.0
2026-03-03 17:00:00+05:30,,95.75,27.5
2026-03-03 18:00:00+05:30,,84.0,38.0
2026-03-03 19:00:00+05:30,,96.0,45.0
2026-03-03 20:00:00+05:30,0.0,87.0,38.0
2026-03-03 21:00:00+05:30,0.47500000000000003,123.25,37.25
2026-03-03 22:00:00+05:30,3.875,99.25,41.5
2026-03-03 23:00:00+05:30,6.425,127.25,49.25
2026-03-04 00:00:00+05:30,8.125,114.25,54.0
2026-03-04 01:00:00+05:30,5.5,146.0,56.0
2026-03-04 02:00:00+05:30,3.75,116.25,51.25
2026-03-04 03:00:00+05:30,3.6,76.75,32.25
2026-03-04 04:00:00+05:30,3.4,107.75,36.0
2026-03-04 05:00:00+05:30,4.525,69.75,36.0
2026-03-04 06:00:00+05:30,6.3,88.0,41.0
2026-03-04 07:00:00+05:30,9.166666666666666,96.0,41.0
2026-03-04 08:00:00+05:30,8.033333333333333,133.66666666666666,42.0
2026-03-04 09:00:00+05:30,6.733333333333333,105.66666666666667,46.333333333333336
2026-03-04 10:00:00+05:30,6.15,139.0,52.0
2026-03-04 11:00:00+05:30,5.55,121.33333333333333,40.0
2026-03-04 12:00:00+05:30,4.933333333333334,92.0,38.0
2026-03-04 13:00:00+05:30,4.5,96.25,36.75
2026-03-04 14:00:00+05:30,4.075,79.0,33.0
2026-03-04 15:00:00+05:30,3.1,80.25,32.25
2026-03-04 16:00:00+05:30,2.4,79.25,34.0
2026-03-04 17:00:00+05:30,2.7,54.0,36.0
2026-03-04 18:00:00+05:30,4.133333333333333,82.66666666666667,32.0
2026-03-04 19:00:00+05:30,5.266666666666667,81.0,27.0
2026-03-04 20:00:00+05:30,5.633333333333333,79.0,30.0
2026-03-04 21:00:00+05:30,6.6,66.25,28.0
2026-03-04 22:00:00+05:30,6.9750000000000005,62.0,28.0
2026-03-04 23:00:00+05:30,7.9,25.0,26.75
2026-03-05 00:00:00+05:30,8.333333333333334,83.33333333333333,23.333333333333332
2026-03-05 01:00:00+05:30,7.925,87.5,25.25
2026-03-05 02:00:00+05:30,8.5,72.0,28.0
2026-03-05 03:00:00+05:30,9.175,72.0,26.25
2026-03-05 04:00:00+05:30,9.15,72.75,31.25
2026-03-05 05:00:00+05:30,9.133333333333333,90.33333333333333,34.666666666666664
2026-03-05 06:00:00+05:30,7.95,75.5,28.75
2026-03-05 07:00:00+05:30,8.075,51.5,22.0
2026-03-05 08:00:00+05:30,8.1,22.25,22.0
2026-03-05 09:00:00+05:30,8.033333333333333,87.0,23.333333333333332
2026-03-05 10:00:00+05:30,6.975,111.0,29.25
2026-03-05 12:00:00+05:30,5.9,100.0,30.0
2026-03-05 13:00:00+05:30,6.366666666666667,105.66666666666667,28.0
2026-03-05 14:00:00+05:30,6.25,77.25,25.0
2026-03-05 15:00:00+05:30,6.5,79.25,26.0
2026-03-05 16:00:00+05:30,5.775,62.75,24.25
2026-03-05 17:00:00+05:30,6.050000000000001,86.5,29.75
2026-03-05 18:00:00+05:30,6.6,100.25,23.0
2026-03-05 19:00:00+05:30,7.25,81.5,19.25
2026-03-05 20:00:00+05:30,5.8,80.0,22.0
2026-03-05 21:00:00+05:30,5.75,72.0,28.0
2026-03-05 22:00:00+05:30,7.5,69.66666666666667,27.0
2026-03-05 23:00:00+05:30,7.733333333333333,39.0,26.0
2026-03-06 00:00:00+05:30,8.233333333333333,89.0,28.0
2026-03-06 01:00:00+05:30,7.75,105.75,40.25
2026-03-06 02:00:00+05:30,6.625,61.0,22.0
2026-03-06 03:00:00+05:30,6.375,54.5,21.75
2026-03-06 04:00:00+05:30,7.05,40.5,16.5
2026-03-06 05:00:00+05:30,7.85,55.0,26.0
2026-03-06 06:00:00+05:30,8.125,59.5,26.0
2026-03-06 07:00:00+05:30,8.55,60.75,25.0
2026-03-06 08:00:00+05:30,8.425,59.5,24.0
2026-03-06 09:00:00+05:30,8.275,72.25,22.0
2026-03-06 10:00:00+05:30,7.95,82.75,24.0
2026-03-06 11:00:00+05:30,7.15,93.33333333333333,26.333333333333332
2026-03-06 12:00:00+05:30,6.866666666666667,78.0,33.0
2026-03-06 13:00:00+05:30,6.666666666666667,82.0,31.0
2026-03-06 14:00:00+05:30,6.65,70.25,25.25
2026-03-06 15:00:00+05:30,6.95,71.0,27.75
2026-03-06 16:00:00+05:30,7.35,68.0,24.75
2026-03-06 17:00:00+05:30,7.3,67.0,19.0
2026-03-06 18:00:00+05:30,7.35,73.5,22.0
2026-03-06 19:00:00+05:30,7.7,78.5,24.25
2026-03-06 20:00:00+05:30,7.75,66.0,30.0
2026-03-06 21:00:00+05:30,7.5,64.0,28.0
2026-03-06 22:00:00+05:30,7.033333333333334,67.0,23.0
2026-03-06 23:00:00+05:30,7.125,64.0,25.0
2026-03-07 00:00:00+05:30,7.1,65.75,23.0
2026-03-07 01:00:00+05:30,6.95,56.0,21.0
2026-03-07 02:00:00+05:30,7.3,68.33333333333333,18.0
2026-03-07 03:00:00+05:30,7.733333333333333,33.666666666666664,17.0
2026-03-07 04:00:00+05:30,7.925,28.5,15.0
2026-03-07 05:00:00+05:30,7.975,49.0,18.0
2026-03-07 06:00:00+05:30,8.175,74.5,16.0
2026-03-07 07:00:00+05:30,8.275,36.5,18.0
2026-03-07 08:00:00+05:30,8.3,49.0,17.75
2026-03-07 09:00:00+05:30,8.075,50.75,13.0
2026-03-07 10:00:00+05:30,7.85,58.75,16.25
2026-03-07 11:00:00+05:30,7.6000000000000005,50.0,19.0
2026-03-07 12:00:00+05:30,7.533333333333334,56.0,18.25
2026-03-07 13:00:00+05:30,7.875,64.75,27.75
2026-03-07 19:00:00+05:30,7.6,55.0,23.0
2026-03-07 20:00:00+05:30,7.725,60.0,24.0
2026-03-07 21:00:00+05:30,6.225,75.0,24.25
2026-03-07 22:00:00+05:30,4.15,110.0,30.75
2026-03-07 23:00:00+05:30,3.9749999999999996,84.25,41.0
2026-03-08 00:00:00+05:30,4.95,93.75,40.0
2026-03-08 01:00:00+05:30,4.866666666666666,104.66666666666667,39.0
2026-03-08 02:00:00+05:30,4.375,125.75,37.5
2026-03-08 03:00:00+05:30,4.75,57.25,30.25
2026-03-08 04:00:00+05:30,5.475,63.5,31.25
2026-03-08 05:00:00+05:30,5.266666666666667,103.66666666666667,38.666666666666664
2026-03-08 06:00:00+05:30,5.633333333333333,162.33333333333334,37.0
2026-03-08 07:00:00+05:30,5.9,61.5,33.0
2026-03-08 08:00:00+05:30,6.375,74.0,32.25
2026-03-08 09:00:00+05:30,5.550000000000001,97.75,35.25
2026-03-08 10:00:00+05:30,4.6,119.25,40.25
2026-03-08 11:00:00+05:30,2.9333333333333336,119.75,48.0
2026-03-08 12:00:00+05:30,2.3000000000000003,116.5,46.0
2026-03-08 13:00:00+05:30,2.05,104.75,46.25
2026-03-08 14:00:00+05:30,2.3000000000000003,102.0,54.0
2026-03-08 15:00:00+05:30,1.6,118.5,50.5
2026-03-08 16:00:00+05:30,0.6666666666666666,175.0,62.0
2026-03-08 17:00:00+05:30,1.5,136.5,62.5
2026-03-08 18:00:00+05:30,3.05,120.75,51.0
2026-03-08 19:00:00+05:30,4.133333333333333,110.0,47.0
2026-03-08 20:00:00+05:30,5.575,104.0,45.0
2026-03-08 21:00:00+05:30,5.1,104.0,44.75
2026-03-08 22:00:00+05:30,5.4,108.75,43.0
2026-03-08 23:00:00+05:30,5.9,107.5,39.75
2026-03-09 00:00:00+05:30,8.1,98.75,36.0
2026-03-09 01:00:00+05:30,9.6,121.25,36.5
2026-03-09 02:00:00+05:30,9.725,155.0,44.25
2026-03-09 03:00:00+05:30,9.4,157.5,48.0
2026-03-09 04:00:00+05:30,9.4,136.25,45.0
2026-03-09 05:00:00+05:30,9.6,108.66666666666667,45.0
2026-03-09 06:00:00+05:30,9.775,98.75,43.0
2026-03-09 07:00:00+05:30,9.674999999999999,117.0,46.5
2026-03-09 08:00:00+05:30,9.466666666666667,170.66666666666666,62.0
2026-03-09 09:00:00+05:30,9.125,182.0,65.75
2026-03-09 10:00:00+05:30,8.55,145.5,55.75
2026-03-09 11:00:00+05:30,8.266666666666667,120.5,50.75
2026-03-09 12:00:00+05:30,8.366666666666667,133.0,45.0
2026-03-09 13:00:00+05:30,8.3,103.0,42.0
2026-03-09 14:00:00+05:30,8.325,104.75,38.75
2026-03-09 15:00:00+05:30,8.625,96.0,34.0
2026-03-09 16:00:00+05:30,9.033333333333333,96.0,31.0
2026-03-09 17:00:00+05:30,9.1,86.66666666666667,32.0
2026-03-09 18:00:00+05:30,9.175,70.75,27.75
2026-03-09 19:00:00+05:30,9.333333333333334,49.0,21.0
2026-03-09 20:00:00+05:30,9.350000000000001,77.25,22.25
2026-03-09 21:00:00+05:30,9.200000000000001,88.0,31.0
2026-03-09 22:00:00+05:30,9.1,89.0,28.333333333333332
2026-03-09 23:00:00+05:30,9.1,111.75,36.25
2026-03-10 13:00:00+05:30,8.799999999999999,110.0,46.0
2026-03-10 14:00:00+05:30,8.7,86.25,43.0
2026-03-10 15:00:00+05:30,8.8,95.0,42.0
2026-03-10 16:00:00+05:30,8.85,99.25,38.75
2026-03-10 17:00:00+05:30,9.2,73.75,29.0
2026-03-10 18:00:00+05:30,9.275,56.25,31.0
2026-03-10 19:00:00+05:30,9.275,90.25,34.0
2026-03-10 20:00:00+05:30,9.4,93.75,34.0
2026-03-10 21:00:00+05:30,9.7,127.75,37.25
2026-03-10 22:00:00+05:30,9.475,149.0,41.5
2026-03-10 23:00:00+05:30,8.85,87.75,35.0
2026-03-11 00:00:00+05:30,9.1,117.0,37.0
2026-03-11 01:00:00+05:30,9.45,193.5,37.5
2026-03-11 02:00:00+05:30,9.866666666666667,210.33333333333334,48.666666666666664
2026-03-11 03:00:00+05:30,9.8,146.0,46.75
2026-03-11 04:00:00+05:30,9.666666666666666,119.66666666666667,45.666666666666664
2026-03-11 05:00:00+05:30,9.725,143.25,60.75
2026-03-11 06:00:00+05:30,9.325,108.25,54.75
2026-03-11 07:00:00+05:30,7.8,111.25,52.5
2026-03-11 08:00:00+05:30,7.075,89.75,41.0
2026-03-11 09:00:00+05:30,6.975,89.75,36.0
2026-03-11 10:00:00+05:30,6.8,106.75,36.0
2026-03-11 11:00:00+05:30,6.9,100.0,38.0
2026-03-11 12:00:00+05:30,6.766666666666667,82.75,34.25
2026-03-11 13:00:00+05:30,7.65,100.0,40.25
2026-03-11 14:00:00+05:30,8.1,164.33333333333334,46.0
2026-03-11 15:00:00+05:30,8.15,67.25,46.0
2026-03-11 16:00:00+05:30,8.375,74.0,49.5
2026-03-11 17:00:00+05:30,8.45,91.5,32.75
2026-03-11 18:00:00+05:30,8.6,146.33333333333334,29.0
2026-03-11 19:00:00+05:30,8.5,61.25,29.0
2026-03-11 20:00:00+05:30,8.7,67.5,29.25
2026-03-11 21:00:00+05:30,9.375,125.25,35.25
2026-03-11 22:00:00+05:30,9.45,255.75,41.5
2026-03-11 23:00:00+05:30,9.425,98.75,47.0
2026-03-12 01:00:00+05:30,8.3,100.0,37.0
2026-03-12 02:00:00+05:30,8.325,98.25,27.25
2026-03-12 03:00:00+05:30,8.4,47.0,30.0
2026-03-12 04:00:00+05:30,9.133333333333333,58.0,30.0
2026-03-12 05:00:00+05:30,8.925,89.0,33.25
2026-03-12 06:00:00+05:30,9.1,178.75,38.25
2026-03-12 07:00:00+05:30,9.325,84.75,41.5
2026-03-12 08:00:00+05:30,9.4,107.25,51.75
2026-03-12 09:00:00+05:30,9.350000000000001,121.75,46.0
2026-03-12 10:00:00+05:30,9.025,140.5,46.0
2026-03-12 11:00:00+05:30,8.766666666666667,101.25,43.0
2026-03-12 12:00:00+05:30,8.666666666666666,82.25,38.0
2026-03-12 13:00:00+05:30,8.75,106.25,39.25
2026-03-12 14:00:00+05:30,8.85,155.0,44.0
2026-03-12 15:00:00+05:30,8.45,66.0,40.75
2026-03-12 16:00:00+05:30,8.4,70.0,32.0
2026-03-12 17:00:00+05:30,8.6,72.0,30.0
2026-03-12 18:00:00+05:30,8.825000000000001,61.0,24.0
2026-03-12 19:00:00+05:30,9.05,55.75,23.5
2026-03-12 20:00:00+05:30,9.1,83.0,37.75
2026-03-12 21:00:00+05:30,9.425,126.25,33.75
2026-03-12 22:00:00+05:30,9.55,247.25,49.5
2026-03-12 23:00:00+05:30,8.825,82.0,44.0
2026-03-13 00:00:00+05:30,8.2,84.0,43.0
2026-03-13 01:00:00+05:30,8.7,86.5,43.25
2026-03-13 02:00:00+05:30,9.025,80.75,28.75
2026-03-13 03:00:00+05:30,9.275,46.25,25.0
2026-03-13 04:00:00+05:30,9.55,60.25,25.25
2026-03-13 05:00:00+05:30,9.725,85.5,27.0
2026-03-13 06:00:00+05:30,9.466666666666667,124.0,27.333333333333332
2026-03-13 07:00:00+05:30,9.675,83.5,32.0
2026-03-13 08:00:00+05:30,9.1,131.0,50.0
2026-03-13 09:00:00+05:30,8.775,160.0,52.0
2026-03-13 10:00:00+05:30,8.6,178.0,51.0
2026-03-13 13:00:00+05:30,8.9,121.0,49.5
2026-03-13 14:00:00+05:30,9.466666666666667,111.33333333333333,48.0
2026-03-13 15:00:00+05:30,9.8,99.25,48.5
2026-03-13 16:00:00+05:30,9.75,107.0,34.0
2026-03-13 17:00:00+05:30,9.625,98.25,34.0
2026-03-13 18:00:00+05:30,9.6,73.5,33.25
2026-03-13 19:00:00+05:30,9.625,114.5,37.75
2026-03-13 20:00:00+05:30,9.575,103.0,31.75
2026-03-13 21:00:00+05:30,9.55,110.25,28.5
2026-03-13 22:00:00+05:30,9.725,135.25,35.0
2026-03-13 23:00:00+05:30,9.700000000000001,142.0,36.0
2026-03-14 00:00:00+05:30,8.9,100.0,31.0
2026-03-14 01:00:00+05:30,8.850000000000001,88.0,26.0
2026-03-14 02:00:00+05:30,9.025,70.5,26.0
2026-03-14 03:00:00+05:30,9.075,87.75,27.0
2026-03-14 04:00:00+05:30,9.5,78.75,27.5
2026-03-14 05:00:00+05:30,9.675,76.75,22.25
2026-03-14 06:00:00+05:30,9.425,90.5,23.75
2026-03-14 07:00:00+05:30,9.525,80.5,18.0
2026-03-14 08:00:00+05:30,9.674999999999999,99.75,20.0
2026-03-14 09:00:00+05:30,9.575,91.75,16.75
2026-03-14 10:00:00+05:30,9.625,84.75,15.0
2026-03-14 11:00:00+05:30,9.733333333333333,81.5,14.0
2026-03-14 12:00:00+05:30,9.733333333333333,94.25,17.25
2026-03-14 13:00:00+05:30,9.8,109.25,20.25
2026-03-14 14:00:00+05:30,9.675,123.5,27.75
2026-03-14 15:00:00+05:30,9.625,81.75,18.0
2026-03-14 16:00:00+05:30,9.475,73.75,18.0
2026-03-14 17:00:00+05:30,9.725,65.5,17.0
2026-03-14 18:00:00+05:30,9.649999999999999,55.75,12.25
2026-03-14 19:00:00+05:30,9.674999999999999,79.0,19.0
2026-03-14 20:00:00+05:30,9.625,78.75,16.0
2026-03-14 21:00:00+05:30,9.725,106.25,18.25
2026-03-14 22:00:00+05:30,9.85,121.0,22.75
2026-03-14 23:00:00+05:30,9.75,98.75,18.0
2026-03-15 00:00:00+05:30,9.6,120.0,18.0
2026-03-15 01:00:00+05:30,9.775,116.25,15.0
2026-03-15 02:00:00+05:30,9.674999999999999,99.25,13.0
2026-03-15 03:00:00+05:30,9.775,106.25,13.25
2026-03-15 04:00:00+05:30,9.674999999999999,114.25,15.75
2026-03-15 05:00:00+05:30,9.674999999999999,127.75,14.25
2026-03-15 06:00:00+05:30,9.75,145.75,18.75
2026-03-15 07:00:00+05:30,9.7,80.25,13.0
2026-03-15 08:00:00+05:30,9.525,87.0,13.25
2026-03-15 09:00:00+05:30,9.825000000000001,85.5,16.75
2026-03-15 10:00:00+05:30,9.725,78.5,12.0
2026-03-15 11:00:00+05:30,9.75,91.33333333333333,13.0
2026-03-15 12:00:00+05:30,9.766666666666667,97.0,14.0
2026-03-15 13:00:00+05:30,9.825,92.25,15.0
2026-03-15 14:00:00+05:30,9.75,89.75,17.75
2026-03-15 15:00:00+05:30,9.725,85.0,12.0
2026-03-15 16:00:00+05:30,9.649999999999999,84.75,12.0
2026-03-15 17:00:00+05:30,9.675,75.0,11.75
2026-03-15 18:00:00+05:30,9.725,72.25,7.25
2026-03-15 19:00:00+05:30,9.55,79.0,11.0
2026-03-15 20:00:00+05:30,9.575,83.5,11.0
2026-03-15 21:00:00+05:30,9.7,88.0,12.25
2026-03-15 22:00:00+05:30,9.725,89.0,16.75
2026-03-15 23:00:00+05:30,9.825,88.0,11.0
2026-03-16 00:00:00+05:30,9.5,72.0,12.0
2026-03-16 01:00:00+05:30,9.775,72.0,10.75
2026-03-16 02:00:00+05:30,9.633333333333333,71.0,8.333333333333334
2026-03-16 03:00:00+05:30,9.775,71.0,10.0
2026-03-16 04:00:00+05:30,9.75,70.75,9.0
2026-03-16 05:00:00+05:30,9.825000000000001,69.75,9.0
2026-03-16 06:00:00+05:30,9.675,62.0,11.75
2026-03-16 07:00:00+05:30,9.725,59.25,10.5
2026-03-16 08:00:00+05:30,9.674999999999999,70.0,17.5
2026-03-16 09:00:00+05:30,9.7,72.25,7.25
2026-03-16 10:00:00+05:30,9.725,53.0,9.0
2026-03-16 11:00:00+05:30,9.866666666666667,55.25,7.25
2026-03-16 12:00:00+05:30,9.45,66.0,11.0
2026-03-16 13:00:00+05:30,9.675,66.0,12.0
2026-03-16 14:00:00+05:30,9.825000000000001,67.25,14.75
2026-03-16 15:00:00+05:30,9.649999999999999,76.25,12.0
2026-03-16 16:00:00+05:30,9.649999999999999,82.75,12.0
2026-03-16 17:00:00+05:30,9.725,71.5,10.75
2026-03-16 18:00:00+05:30,9.55,113.5,9.25
2026-03-16 19:00:00+05:30,9.6,124.5,12.0
2026-03-16 20:00:00+05:30,9.675,139.5,13.0
2026-03-16 21:00:00+05:30,9.75,152.75,17.0
2026-03-16 22:00:00+05:30,9.775,144.75,17.0
2026-03-16 23:00:00+05:30,9.6,135.5,14.0
2026-03-17 00:00:00+05:30,9.9,117.0,11.0
2026-03-17 01:00:00+05:30,9.7,116.5,11.0
2026-03-17 02:00:00+05:30,9.75,98.75,9.0
2026-03-17 03:00:00+05:30,9.825,93.0,11.0
2026-03-17 04:00:00+05:30,9.625,98.25,11.0
2026-03-17 05:00:00+05:30,9.525,107.5,12.25
2026-03-17 06:00:00+05:30,9.925,92.0,18.75
2026-03-17 07:00:00+05:30,9.7,94.0,16.75
2026-03-17 08:00:00+05:30,9.675,134.0,16.0
2026-03-17 09:00:00+05:30,9.725,154.0,19.75
2026-03-17 10:00:00+05:30,9.725,125.75,15.5
2026-03-17 11:00:00+05:30,9.7,148.75,23.0
2026-03-17 12:00:00+05:30,9.75,123.0,23.0
2026-03-17 13:00:00+05:30,9.75,87.25,
2026-03-17 14:00:00+05:30,9.725,92.0,
2026-03-17 15:00:00+05:30,9.649999999999999,93.0,11.0
2026-03-17 16:00:00+05:30,9.700000000000001,84.66666666666667,9.0
2026-03-17 17:00:00+05:30,9.775,75.75,10.0
2026-03-17 18:00:00+05:30,9.65,74.0,10.0
2026-03-17 19:00:00+05:30,9.575,70.0,10.0
2026-03-17 20:00:00+05:30,9.675,66.25,11.0
2026-03-17 21:00:00+05:30,9.625,64.5,12.25
2026-03-17 22:00:00+05:30,9.649999999999999,85.0,14.75
2026-03-17 23:00:00+05:30,9.775,86.0,11.0
2026-03-18 00:00:00+05:30,9.6,85.0,10.0
2026-03-18 01:00:00+05:30,9.75,84.75,9.0
2026-03-18 02:00:00+05:30,9.775,77.5,9.0
2026-03-18 03:00:00+05:30,9.674999999999999,90.25,7.5
2026-03-18 04:00:00+05:30,9.625,95.5,13.25
2026-03-18 05:00:00+05:30,9.675,86.25,15.25
2026-03-18 06:00:00+05:30,9.649999999999999,120.0,21.0
2026-03-18 07:00:00+05:30,9.7,119.75,23.0
2026-03-18 08:00:00+05:30,9.875,133.0,25.0
2026-03-18 09:00:00+05:30,9.649999999999999,117.75,25.75
2026-03-18 10:00:00+05:30,9.775,109.25,22.0
2026-03-18 11:00:00+05:30,9.733333333333333,114.5,20.0
2026-03-18 12:00:00+05:30,9.8,127.0,22.0
2026-03-18 13:00:00+05:30,9.8,,18.75
2026-03-18 14:00:00+05:30,9.850000000000001,61.25,11.25
2026-03-18 15:00:00+05:30,9.8,73.0,12.0
2026-03-18 16:00:00+05:30,9.825000000000001,78.25,10.25
2026-03-18 17:00:00+05:30,9.75,71.5,12.0
2026-03-18 18:00:00+05:30,9.675,103.25,8.75
2026-03-18 19:00:00+05:30,9.8,29.75,6.25
2026-03-18 20:00:00+05:30,9.775,51.75,12.0
2026-03-18 21:00:00+05:30,9.850000000000001,61.75,10.75
2026-03-18 22:00:00+05:30,9.725,25.75,7.25
2026-03-18 23:00:00+05:30,9.775,45.75,11.0
2026-03-19 00:00:00+05:30,9.9,141.0,10.0
2026-03-19 01:00:00+05:30,9.775,136.5,11.75
2026-03-19 02:00:00+05:30,9.575,3.25,10.0
2026-03-19 03:00:00+05:30,9.8,39.5,9.75
2026-03-19 04:00:00+05:30,9.65,43.25,8.0
2026-03-19 05:00:00+05:30,9.775,101.5,9.25
2026-03-19 06:00:00+05:30,9.7,27.25,13.25
2026-03-19 07:00:00+05:30,9.8,62.5,18.25
2026-03-19 08:00:00+05:30,9.625,103.25,22.0
2026-03-19 09:00:00+05:30,9.725,183.5,25.5
2026-03-19 10:00:00+05:30,9.850000000000001,51.75,15.75
2026-03-19 11:00:00+05:30,9.766666666666666,47.75,10.25
2026-03-19 12:00:00+05:30,9.633333333333333,45.75,11.75
2026-03-19 13:00:00+05:30,9.725,44.0,9.25
2026-03-19 14:00:00+05:30,9.775,14.0,13.0
2026-03-19 15:00:00+05:30,9.649999999999999,45.75,12.0
2026-03-19 16:00:00+05:30,9.674999999999999,63.25,11.0
2026-03-19 17:00:00+05:30,9.674999999999999,120.5,9.0
2026-03-19 18:00:00+05:30,9.775,19.25,11.0
2026-03-19 19:00:00+05:30,9.75,28.5,10.0
2026-03-19 20:00:00+05:30,9.675,42.25,13.75
2026-03-19 21:00:00+05:30,9.575,56.25,11.0
2026-03-19 22:00:00+05:30,9.649999999999999,10.75,12.0
2026-03-19 23:00:00+05:30,9.8,32.75,10.75
2026-03-20 00:00:00+05:30,9.6,135.0,7.0
2026-03-20 01:00:00+05:30,9.65,133.5,9.5
2026-03-20 02:00:00+05:30,9.8,91.5,18.0
2026-03-20 03:00:00+05:30,9.7,71.5,16.0
2026-03-20 04:00:00+05:30,9.75,58.75,15.75
2026-03-20 05:00:00+05:30,9.8,77.0,15.0
2026-03-20 06:00:00+05:30,9.775,23.25,17.25
2026-03-20 07:00:00+05:30,9.725,55.25,21.0
2026-03-20 08:00:00+05:30,9.65,87.5,22.0
2026-03-20 09:00:00+05:30,9.75,157.0,21.0
2026-03-20 10:00:00+05:30,9.7,40.25,18.75
2026-03-20 11:00:00+05:30,9.6,45.0,12.25
2026-03-20 12:00:00+05:30,9.733333333333334,41.5,14.0
2026-03-20 13:00:00+05:30,9.775,22.75,11.25
2026-03-20 14:00:00+05:30,9.725,45.5,15.25
2026-03-20 15:00:00+05:30,9.625,89.25,19.75
2026-03-20 16:00:00+05:30,9.875,109.25,18.0
2026-03-20 17:00:00+05:30,9.8,146.0,16.0
2026-03-20 18:00:00+05:30,9.875,55.25,13.75
2026-03-20 19:00:00+05:30,9.850000000000001,36.25,10.25
2026-03-20 20:00:00+05:30,9.850000000000001,46.75,15.75
2026-03-20 21:00:00+05:30,9.75,65.25,9.0
2026-03-20 22:00:00+05:30,9.625,18.25,9.25
2026-03-20 23:00:00+05:30,9.674999999999999,28.25,15.0
2026-03-21 00:00:00+05:30,9.8,137.0,13.0
2026-03-21 01:00:00+05:30,9.8,133.25,11.25
2026-03-21 02:00:00+05:30,9.825,29.0,16.75
2026-03-21 03:00:00+05:30,9.8,30.0,12.0
2026-03-21 04:00:00+05:30,9.75,44.0,14.25
2026-03-21 05:00:00+05:30,9.649999999999999,69.75,15.75
2026-03-21 06:00:00+05:30,9.8,30.75,14.25
2026-03-21 07:00:00+05:30,9.675,47.5,20.25
2026-03-21 08:00:00+05:30,9.625,45.0,21.75
2026-03-21 09:00:00+05:30,9.775,8.0,18.25
2026-03-21 10:00:00+05:30,9.775,64.75,21.75
2026-03-21 11:00:00+05:30,9.733333333333333,57.75,15.0
2026-03-21 12:00:00+05:30,9.733333333333333,80.5,15.25
2026-03-21 13:00:00+05:30,9.675,164.5,19.75
2026-03-21 14:00:00+05:30,9.825,35.75,16.5
2026-03-21 15:00:00+05:30,9.799999999999999,55.0,26.0
2026-03-21 16:00:00+05:30,9.825000000000001,58.25,18.75
2026-03-21 17:00:00+05:30,9.775,81.25,15.0
2026-03-21 18:00:00+05:30,9.7,27.5,14.0
2026-03-21 19:00:00+05:30,9.825000000000001,43.25,14.25
2026-03-21 20:00:00+05:30,9.700000000000001,65.66666666666667,17.666666666666668
2026-03-21 21:00:00+05:30,9.65,91.0,14.0
2026-03-21 22:00:00+05:30,9.8,33.75,15.25
2026-03-21 23:00:00+05:30,9.566666666666666,57.0,21.666666666666668
2026-03-22 00:00:00+05:30,9.6,64.0,19.0
2026-03-22 01:00:00+05:30,9.75,63.5,21.25
2026-03-22 02:00:00+05:30,9.825,50.25,25.0
2026-03-22 03:00:00+05:30,9.775,88.25,27.5
2026-03-22 04:00:00+05:30,9.75,79.75,34.5
2026-03-22 05:00:00+05:30,9.7,29.25,27.0
2026-03-22 06:00:00+05:30,9.75,70.5,30.25
2026-03-22 07:00:00+05:30,9.7,81.5,38.5
2026-03-22 08:00:00+05:30,9.75,101.0,48.5
2026-03-22 09:00:00+05:30,9.825,37.0,35.75
2026-03-22 10:00:00+05:30,9.75,95.25,31.75
2026-03-22 11:00:00+05:30,9.833333333333334,77.0,23.25
2026-03-22 12:00:00+05:30,9.8,78.0,27.0
2026-03-22 13:00:00+05:30,9.75,94.5,28.25
2026-03-22 14:00:00+05:30,9.625,77.0,32.25
2026-03-22 15:00:00+05:30,9.675,81.5,35.5
2026-03-22 16:00:00+05:30,9.8,87.25,27.75
2026-03-22 17:00:00+05:30,9.8,141.75,27.0
2026-03-22 18:00:00+05:30,9.75,45.5,26.75
2026-03-22 19:00:00+05:30,9.649999999999999,57.5,23.75
2026-03-22 20:00:00+05:30,9.65,43.0,18.0
2026-03-22 21:00:00+05:30,9.75,5.0,20.25
2026-03-22 22:00:00+05:30,9.725,88.25,28.25
2026-03-22 23:00:00+05:30,9.875,97.0,33.75
2026-03-23 00:00:00+05:30,9.7,198.0,31.0
2026-03-23 01:00:00+05:30,9.7,194.5,36.0
2026-03-23 02:00:00+05:30,9.775,91.5,32.75
2026-03-23 03:00:00+05:30,9.725,107.75,25.5
2026-03-23 04:00:00+05:30,9.674999999999999,45.0,16.25
2026-03-23 05:00:00+05:30,9.7,62.75,20.0
2026-03-23 06:00:00+05:30,9.850000000000001,54.0,23.25
2026-03-23 07:00:00+05:30,9.675,114.0,48.25
2026-03-23 08:00:00+05:30,9.625,135.25,52.25
2026-03-23 09:00:00+05:30,9.6,98.5,38.25
2026-03-23 10:00:00+05:30,9.649999999999999,137.5,41.75
2026-03-23 11:00:00+05:30,9.633333333333333,116.5,38.0
2026-03-23 12:00:00+05:30,9.6,97.0,37.75
2026-03-23 13:00:00+05:30,9.85,93.0,34.0
2026-03-23 14:00:00+05:30,9.725,66.25,32.0
2026-03-23 15:00:00+05:30,9.700000000000001,79.33333333333333,31.0
2026-03-23 18:00:00+05:30,9.866666666666667,61.0,29.666666666666668
2026-03-23 19:00:00+05:30,9.825,76.75,26.25
2026-03-23 20:00:00+05:30,9.649999999999999,88.0,28.0
2026-03-23 21:00:00+05:30,9.725,146.0,26.75
2026-03-23 22:00:00+05:30,9.8,6.75,22.75
2026-03-23 23:00:00+05:30,9.674999999999999,112.5,36.25
2026-03-24 00:00:00+05:30,9.8,174.0,41.0
2026-03-24 01:00:00+05:30,9.825000000000001,168.5,36.75
2026-03-24 02:00:00+05:30,9.75,7.0,14.75
2026-03-24 03:00:00+05:30,9.625,5.75,9.25
2026-03-24 04:00:00+05:30,9.725,31.25,13.0
2026-03-24 05:00:00+05:30,9.775,25.5,13.0
2026-03-24 06:00:00+05:30,9.674999999999999,14.75,14.25
2026-03-24 07:00:00+05:30,9.8,64.0,19.25
2026-03-24 08:00:00+05:30,9.675,71.0,27.25
2026-03-24 09:00:00+05:30,9.775,88.75,29.25
2026-03-24 10:00:00+05:30,9.775,77.75,32.75
2026-03-24 11:00:00+05:30,9.766666666666667,71.75,28.75
2026-03-24 12:00:00+05:30,9.9,58.75,26.25
2026-03-24 13:00:00+05:30,9.7,46.25,30.0
2026-03-24 14:00:00+05:30,9.6,58.75,29.25
2026-03-24 15:00:00+05:30,9.75,83.75,32.5
2026-03-24 16:00:00+05:30,9.799999999999999,82.0,38.333333333333336
2026-03-24 17:00:00+05:30,9.625,84.0,27.5
2026-03-24 18:00:00+05:30,9.75,26.25,19.0
2026-03-24 19:00:00+05:30,9.799999999999999,36.0,17.0
2026-03-24 21:00:00+05:30,9.833333333333334,150.33333333333334,25.333333333333332
2026-03-24 22:00:00+05:30,9.625,24.75,30.0
2026-03-24 23:00:00+05:30,9.725,48.75,29.0
2026-03-25 00:00:00+05:30,9.6,259.0,28.0
2026-03-25 01:00:00+05:30,9.833333333333334,247.33333333333334,24.0
2026-03-25 02:00:00+05:30,9.7,,21.75
2026-03-25 03:00:00+05:30,9.575,28.75,16.75
2026-03-25 04:00:00+05:30,9.674999999999999,60.75,12.0
2026-03-25 05:00:00+05:30,9.725,165.0,13.0
2026-03-25 06:00:00+05:30,9.725,,14.0
2026-03-25 07:00:00+05:30,9.649999999999999,11.75,13.25
2026-03-25 08:00:00+05:30,9.85,67.5,19.75
2026-03-25 09:00:00+05:30,9.75,157.0,15.75
2026-03-25 10:00:00+05:30,9.85,15.75,14.0
2026-03-25 11:00:00+05:30,9.75,39.0,14.0
2026-03-25 13:00:00+05:30,9.6,118.0,21.0
2026-03-25 14:00:00+05:30,9.725,38.0,19.25
2026-03-25 15:00:00+05:30,9.625,63.0,22.0
2026-03-25 16:00:00+05:30,9.7,110.0,22.0
2026-03-25 17:00:00+05:30,9.775,197.75,20.75
2026-03-25 18:00:00+05:30,9.75,24.0,16.25
2026-03-25 19:00:00+05:30,9.725,55.75,19.0
2026-03-25 20:00:00+05:30,9.8,74.75,18.25
2026-03-25 21:00:00+05:30,9.75,147.25,23.0
2026-03-25 22:00:00+05:30,9.799999999999999,14.0,24.666666666666668
2026-03-25 23:00:00+05:30,9.649999999999999,38.75,20.25
2026-03-26 01:00:00+05:30,9.8,430.0,26.0
2026-03-26 02:00:00+05:30,9.7,,19.75
2026-03-26 03:00:00+05:30,9.674999999999999,11.25,15.5
2026-03-26 04:00:00+05:30,9.75,42.75,7.25
2026-03-26 05:00:00+05:30,9.6,110.0,13.0
2026-03-26 06:00:00+05:30,9.575,,10.0
2026-03-26 07:00:00+05:30,9.725,23.5,12.5
2026-03-26 08:00:00+05:30,9.725,53.5,19.25
2026-03-26 09:00:00+05:30,9.675,86.75,21.0
2026-03-26 10:00:00+05:30,9.725,52.75,
2026-03-26 11:00:00+05:30,9.6,42.75,3.0
2026-03-26 12:00:00+05:30,9.6,39.0,2.0
2026-03-26 13:00:00+05:30,9.775,175.0,7.25
2026-03-26 14:00:00+05:30,9.733333333333333,31.333333333333332,13.333333333333334
2026-03-26 15:00:00+05:30,9.850000000000001,79.0,33.5
2026-03-26 16:00:00+05:30,9.9,144.25,43.5
2026-03-26 17:00:00+05:30,9.700000000000001,329.0,33.333333333333336
2026-03-26 18:00:00+05:30,9.866666666666667,31.0,23.0
2026-03-26 19:00:00+05:30,9.850000000000001,76.25,22.25
2026-03-26 20:00:00+05:30,9.799999999999999,50.333333333333336,7.666666666666667
2026-03-26 21:00:00+05:30,9.85,50.5,18.25
2026-03-26 22:00:00+05:30,9.775,94.5,41.25
2026-03-26 23:00:00+05:30,9.625,194.75,47.0
2026-03-27 00:00:00+05:30,9.8,343.0,43.0
2026-03-27 01:00:00+05:30,9.825,331.5,27.0
2026-03-27 02:00:00+05:30,9.75,,10.0
2026-03-27 03:00:00+05:30,9.674999999999999,19.5,8.0
2026-03-27 04:00:00+05:30,9.75,18.5,
2026-03-27 05:00:00+05:30,9.85,33.25,11.5
2026-03-27 06:00:00+05:30,9.833333333333334,41.333333333333336,20.0
2026-03-27 07:00:00+05:30,9.725,65.75,20.25
2026-03-27 08:00:00+05:30,9.625,69.25,22.75
2026-03-27 09:00:00+05:30,9.65,100.0,21.25
2026-03-27 10:00:00+05:30,9.674999999999999,94.5,24.0
2026-03-27 11:00:00+05:30,9.666666666666666,84.25,21.5
2026-03-27 12:00:00+05:30,9.766666666666667,87.25,14.75
2026-03-27 13:00:00+05:30,9.75,151.0,29.0
2026-03-27 14:00:00+05:30,9.8,66.33333333333333,30.666666666666668
2026-03-27 15:00:00+05:30,9.825,74.5,28.25
2026-03-27 16:00:00+05:30,9.775,132.75,33.25
2026-03-27 17:00:00+05:30,9.674999999999999,253.0,19.0
2026-03-27 18:00:00+05:30,9.775,25.0,19.0
2026-03-27 19:00:00+05:30,9.75,49.0,18.5
2026-03-27 20:00:00+05:30,9.725,62.0,7.25
2026-03-27 21:00:00+05:30,9.8,101.25,12.25
2026-03-27 22:00:00+05:30,9.825000000000001,25.25,16.5
2026-03-27 23:00:00+05:30,9.875,33.0,8.75
2026-03-28 00:00:00+05:30,9.7,308.0,20.0
2026-03-28 01:00:00+05:30,9.8,297.5,12.0
2026-03-28 02:00:00+05:30,9.625,,11.5
2026-03-28 03:00:00+05:30,9.725,2.0,4.0
2026-03-28 04:00:00+05:30,9.775,22.0,
2026-03-28 05:00:00+05:30,9.8,66.75,6.0
2026-03-28 06:00:00+05:30,9.65,59.5,21.25
2026-03-28 07:00:00+05:30,9.5,17.0,7.0
2026-03-28 08:00:00+05:30,9.850000000000001,92.75,16.0
2026-03-28 09:00:00+05:30,9.733333333333334,274.6666666666667,12.666666666666666
2026-03-28 10:00:00+05:30,9.875,12.0,9.0
2026-03-28 11:00:00+05:30,9.733333333333334,46.25,8.0
2026-03-28 12:00:00+05:30,9.566666666666666,82.25,
2026-03-28 13:00:00+05:30,9.675,167.75,5.25
2026-03-28 14:00:00+05:30,9.649999999999999,21.0,8.25
2026-03-28 15:00:00+05:30,9.775,48.75,10.25
2026-03-28 16:00:00+05:30,9.725,65.25,14.5
2026-03-28 17:00:00+05:30,9.725,122.0,4.0
2026-03-28 18:00:00+05:30,9.8,3.75,5.0
2026-03-28 19:00:00+05:30,9.775,27.0,5.0
2026-03-28 20:00:00+05:30,9.5,47.0,3.25
2026-03-28 21:00:00+05:30,9.8,117.75,8.75
2026-03-28 22:00:00+05:30,9.825000000000001,,3.0
2026-03-28 23:00:00+05:30,9.850000000000001,14.0,3.0
2026-03-29 00:00:00+05:30,9.6,306.0,3.0
2026-03-29 01:00:00+05:30,9.75,295.5,2.0
2026-03-29 02:00:00+05:30,9.675,,1.0
2026-03-29 03:00:00+05:30,9.85,,
2026-03-29 04:00:00+05:30,9.75,154.0,
2026-03-29 05:00:00+05:30,9.825000000000001,148.75,
2026-03-29 06:00:00+05:30,9.8,,
2026-03-29 07:00:00+05:30,9.775,16.75,2.75
2026-03-29 08:00:00+05:30,9.674999999999999,102.25,15.75
2026-03-29 09:00:00+05:30,9.850000000000001,286.0,12.0
2026-03-29 10:00:00+05:30,9.75,,4.0
2026-03-29 11:00:00+05:30,9.700000000000001,33.75,3.0
2026-03-29 12:00:00+05:30,9.9,43.0,
2026-03-29 13:00:00+05:30,9.775,96.75,
2026-03-29 14:00:00+05:30,9.7,0.0,
2026-03-29 15:00:00+05:30,9.625,11.75,
2026-03-29 16:00:00+05:30,9.75,77.5,4.0
2026-03-29 17:00:00+05:30,9.85,212.5,3.0
2026-03-29 18:00:00+05:30,9.649999999999999,,
2026-03-29 19:00:00+05:30,9.7,1.25,
2026-03-29 20:00:00+05:30,9.825,56.0,
2026-03-29 21:00:00+05:30,9.674999999999999,199.0,0.0
2026-03-29 22:00:00+05:30,9.55,,0.0
2026-03-29 23:00:00+05:30,9.8,2.0,
2026-03-30 00:00:00+05:30,9.7,193.0,2.0
2026-03-30 01:00:00+05:30,9.725,186.25,2.0
2026-03-30 02:00:00+05:30,9.775,,
2026-03-30 03:00:00+05:30,9.875,,
2026-03-30 04:00:00+05:30,9.75,84.0,
2026-03-30 05:00:00+05:30,9.8,78.0,
2026-03-30 06:00:00+05:30,9.725,,
2026-03-30 07:00:00+05:30,9.875,9.5,
2026-03-30 09:00:00+05:30,9.8,284.0,12.0
2026-03-30 10:00:00+05:30,9.75,2.0,3.0
2026-03-30 11:00:00+05:30,9.766666666666667,27.0,4.75
2026-03-30 12:00:00+05:30,9.566666666666666,61.0,1.0
2026-03-30 13:00:00+05:30,9.675,157.5,
2026-03-30 14:00:00+05:30,9.65,3.75,12.25
2026-03-30 15:00:00+05:30,9.775,51.25,146.75
2026-03-30 16:00:00+05:30,9.75,91.75,10.75
2026-03-30 17:00:00+05:30,9.674999999999999,253.0,8.0
2026-03-30 18:00:00+05:30,9.675,,4.0
2026-03-30 19:00:00+05:30,9.775,20.5,3.25
2026-03-30 20:00:00+05:30,9.725,59.5,10.25
2026-03-30 21:00:00+05:30,9.675,131.25,13.5
2026-03-30 22:00:00+05:30,9.6,,3.0
2026-03-30 23:00:00+05:30,9.8,,1.0
2026-03-31 00:00:00+05:30,9.6,212.0,
2026-03-31 01:00:00+05:30,9.7,204.5,3.75
2026-03-31 02:00:00+05:30,9.7,,0.0
2026-03-31 03:00:00+05:30,9.75,,
2026-03-31 04:00:00+05:30,9.625,104.0,
2026-03-31 05:00:00+05:30,9.85,100.25,
2026-03-31 06:00:00+05:30,9.7,,
2026-03-31 07:00:00+05:30,9.6,0.5,
2026-03-31 08:00:00+05:30,9.666666666666666,94.33333333333333,2.6666666666666665
2026-03-31 09:00:00+05:30,9.7,252.0,23.0
2026-03-31 10:00:00+05:30,9.625,,1.0
2026-03-31 11:00:00+05:30,9.633333333333333,15.5,
2026-03-31 12:00:00+05:30,9.8,46.5,
2026-03-31 13:00:00+05:30,9.825,85.75,
2026-03-31 14:00:00+05:30,9.649999999999999,,
2026-03-31 15:00:00+05:30,9.649999999999999,,
2026-03-31 16:00:00+05:30,9.775,,
2026-03-31 17:00:00+05:30,9.649999999999999,,5.0
2026-03-31 18:00:00+05:30,9.625,43.25,
2026-03-31 19:00:00+05:30,9.7,112.0,
2026-03-31 20:00:00+05:30,9.7,193.0,4.0
2026-03-31 21:00:00+05:30,9.7,,
2026-03-31 22:00:00+05:30,9.725,7.75,
2026-03-31 23:00:00+05:30,9.6,37.333333333333336,
2026-04-01 00:00:00+05:30,9.7,,
2026-04-01 01:00:00+05:30,9.725,,
2026-04-01 02:00:00+05:30,9.575,,
2026-04-01 03:00:00+05:30,9.649999999999999,67.5,
2026-04-01 04:00:00+05:30,9.75,258.0,
2026-04-01 05:00:00+05:30,9.733333333333334,,
2026-04-01 06:00:00+05:30,9.725,,
2026-04-01 07:00:00+05:30,9.625,47.75,8.0
2026-04-01 08:00:00+05:30,9.525,141.75,13.0
2026-04-01 09:00:00+05:30,9.7,19.0,29.25
2026-04-01 10:00:00+05:30,9.6,53.666666666666664,14.333333333333334
2026-04-01 11:00:00+05:30,9.733333333333333,97.25,16.75
2026-04-01 12:00:00+05:30,9.8,180.66666666666666,12.333333333333334
2026-04-01 14:00:00+05:30,9.625,38.25,8.0
2026-04-01 15:00:00+05:30,9.775,73.5,10.0
2026-04-01 16:00:00+05:30,9.7,151.75,9.75
2026-04-01 17:00:00+05:30,9.575,30.25,21.5
2026-04-01 18:00:00+05:30,9.675,36.25,13.0
2026-04-01 19:00:00+05:30,9.7,70.25,14.5
2026-04-01 20:00:00+05:30,9.674999999999999,131.33333333333334,5.0
2026-04-01 21:00:00+05:30,9.6,,5.0
2026-04-01 22:00:00+05:30,9.725,17.0,5.0
2026-04-01 23:00:00+05:30,9.95,43.75,5.25
2026-04-02 00:00:00+05:30,9.8,,8.0
2026-04-02 01:00:00+05:30,9.6,,8.0
2026-04-02 02:00:00+05:30,9.775,12.0,5.75
2026-04-02 03:00:00+05:30,9.625,38.5,1.0
2026-04-02 04:00:00+05:30,9.700000000000001,112.0,
2026-04-02 05:00:00+05:30,9.75,,
2026-04-02 06:00:00+05:30,9.7,10.5,
2026-04-02 07:00:00+05:30,9.75,47.0,10.0
2026-04-02 08:00:00+05:30,9.725,115.25,11.0
2026-04-02 09:00:00+05:30,9.75,4.0,28.25
2026-04-02 10:00:00+05:30,9.7,32.0,13.75
2026-04-02 11:00:00+05:30,9.666666666666666,63.25,7.0
2026-04-02 12:00:00+05:30,9.766666666666667,155.0,
2026-04-02 13:00:00+05:30,9.825,10.25,
2026-04-02 14:00:00+05:30,9.649999999999999,22.25,4.25
2026-04-02 15:00:00+05:30,9.625,47.0,9.0
2026-04-02 16:00:00+05:30,9.9,92.0,10.666666666666666
2026-04-02 17:00:00+05:30,9.9,28.0,29.0
2026-04-02 18:00:00+05:30,9.75,27.0,7.25
2026-04-02 19:00:00+05:30,9.8,51.0,11.25
2026-04-02 20:00:00+05:30,9.825,110.25,19.0
2026-04-02 21:00:00+05:30,9.85,6.75,
2026-04-02 22:00:00+05:30,9.675,29.25,13.25
2026-04-02 23:00:00+05:30,9.700000000000001,58.666666666666664,17.0
2026-04-03 00:00:00+05:30,9.6,95.0,31.0
2026-04-03 01:00:00+05:30,9.7,73.25,33.0
2026-04-03 02:00:00+05:30,9.7,51.25,33.0
2026-04-03 03:00:00+05:30,9.850000000000001,73.0,33.5
2026-04-03 04:00:00+05:30,9.674999999999999,110.0,40.25
2026-04-03 05:00:00+05:30,9.7,50.0,29.25
2026-04-03 06:00:00+05:30,9.775,52.5,36.5
2026-04-03 07:00:00+05:30,9.6,79.75,62.25
2026-04-03 08:00:00+05:30,9.674999999999999,111.5,67.0
2026-04-03 09:00:00+05:30,9.850000000000001,92.0,81.75
2026-04-03 10:00:00+05:30,9.675,64.5,42.0
2026-04-03 11:00:00+05:30,9.6,101.0,42.5
2026-04-03 12:00:00+05:30,9.7,157.0,31.0
2026-04-03 13:00:00+05:30,9.649999999999999,37.25,12.25
2026-04-03 14:00:00+05:30,9.875,48.0,17.5
2026-04-03 15:00:00+05:30,9.75,70.5,8.0
2026-04-03 16:00:00+05:30,9.775,123.0,8.5
2026-04-03 17:00:00+05:30,9.666666666666666,30.333333333333332,20.333333333333332
2026-04-03 18:00:00+05:30,9.625,38.5,12.75
2026-04-03 19:00:00+05:30,9.575,51.75,6.75
2026-04-03 20:00:00+05:30,9.775,120.0,5.0
2026-04-03 21:00:00+05:30,9.775,,2.25
2026-04-03 22:00:00+05:30,9.766666666666667,10.0,6.0
2026-04-03 23:00:00+05:30,9.674999999999999,33.5,7.0
2026-04-04 00:00:00+05:30,9.8,,5.0
2026-04-04 01:00:00+05:30,9.649999999999999,,3.0
2026-04-04 02:00:00+05:30,9.7,5.25,2.0
2026-04-04 03:00:00+05:30,9.725,38.5,
2026-04-04 04:00:00+05:30,9.875,118.0,4.0
2026-04-04 05:00:00+05:30,9.625,,
2026-04-04 06:00:00+05:30,9.675,24.25,6.75
2026-04-04 07:00:00+05:30,9.7,52.25,40.75
2026-04-04 08:00:00+05:30,9.850000000000001,98.25,53.5
2026-04-04 09:00:00+05:30,9.8,22.75,41.25
2026-04-04 10:00:00+05:30,9.850000000000001,21.25,5.0
2026-04-04 11:00:00+05:30,9.733333333333333,54.0,3.0
2026-04-04 12:00:00+05:30,9.666666666666666,131.25,
2026-04-04 13:00:00+05:30,9.825,18.25,
2026-04-04 14:00:00+05:30,9.825,24.0,
2026-04-04 15:00:00+05:30,9.674999999999999,44.75,5.25
2026-04-04 16:00:00+05:30,9.75,95.5,11.0
2026-04-04 17:00:00+05:30,9.6,26.0,12.0
2026-04-04 18:00:00+05:30,9.7,31.0,9.75
2026-04-04 19:00:00+05:30,9.649999999999999,63.5,7.5
2026-04-04 20:00:00+05:30,9.7,164.0,19.25
2026-04-04 21:00:00+05:30,9.7,,4.0
2026-04-04 22:00:00+05:30,9.65,27.25,5.0
2026-04-04 23:00:00+05:30,9.675,58.75,4.0
2026-04-05 00:00:00+05:30,9.8,123.0,9.0
2026-04-05 01:00:00+05:30,9.700000000000001,14.0,18.0
2026-04-05 02:00:00+05:30,9.85,26.0,11.75
2026-04-05 03:00:00+05:30,9.633333333333333,38.666666666666664,10.0
2026-04-05 04:00:00+05:30,9.7,74.0,8.75
2026-04-05 05:00:00+05:30,9.575,,2.0
2026-04-05 06:00:00+05:30,9.649999999999999,20.25,2.0
2026-04-05 07:00:00+05:30,9.6,46.25,6.75
2026-04-05 08:00:00+05:30,9.775,101.0,21.25
2026-04-05 09:00:00+05:30,9.75,17.5,26.25
2026-04-05 10:00:00+05:30,9.65,34.0,16.25
2026-04-05 11:00:00+05:30,9.666666666666666,38.0,21.0
2026-04-05 12:00:00+05:30,9.8,85.5,8.75
2026-04-05 13:00:00+05:30,9.775,13.0,5.75
2026-04-05 14:00:00+05:30,9.825,20.25,2.25
2026-04-05 15:00:00+05:30,9.9,31.0,9.0
2026-04-05 16:00:00+05:30,9.825,50.75,7.5
2026-04-05 17:00:00+05:30,9.725,16.0,16.75
2026-04-05 18:00:00+05:30,9.733333333333333,19.0,11.0
2026-04-05 19:00:00+05:30,9.825,44.75,12.5
2026-04-05 20:00:00+05:30,9.649999999999999,118.0,21.0
2026-04-05 21:00:00+05:30,9.7,5.5,
2026-04-05 22:00:00+05:30,9.8,22.0,23.5
2026-04-05 23:00:00+05:30,9.8,28.5,13.0
2026-04-06 01:00:00+05:30,9.7,4.0,8.0
2026-04-06 02:00:00+05:30,9.6,9.75,4.75
2026-04-06 03:00:00+05:30,9.7,17.0,2.25
2026-04-06 04:00:00+05:30,9.8,50.0,5.75
2026-04-06 05:00:00+05:30,9.6,,2.0
2026-04-06 06:00:00+05:30,9.575,7.25,
2026-04-06 07:00:00+05:30,9.8,25.25,7.0
2026-04-06 08:00:00+05:30,9.8,63.0,24.5
2026-04-06 09:00:00+05:30,9.65,5.75,15.0
2026-04-06 10:00:00+05:30,9.575,55.0,14.5
2026-04-06 11:00:00+05:30,9.799999999999999,24.0,8.0
2026-04-06 12:00:00+05:30,9.9,,
2026-04-06 13:00:00+05:30,9.725,19.0,
2026-04-06 14:00:00+05:30,9.75,20.25,
2026-04-06 15:00:00+05:30,9.75,28.5,
2026-04-06 16:00:00+05:30,9.733333333333333,46.666666666666664,2.0
2026-04-06 17:00:00+05:30,9.575,20.0,
2026-04-06 18:00:00+05:30,9.725,24.75,
2026-04-06 19:00:00+05:30,10.0,75.0,
2026-04-06 20:00:00+05:30,9.850000000000001,75.0,8.666666666666666
2026-04-06 21:00:00+05:30,9.75,,6.0
2026-04-06 22:00:00+05:30,9.75,8.25,
2026-04-06 23:00:00+05:30,9.7,21.25,
2026-04-07 01:00:00+05:30,9.7,4.0,14.0
2026-04-07 02:00:00+05:30,9.7,18.0,18.5
2026-04-07 03:00:00+05:30,9.7,38.75,9.75
2026-04-07 04:00:00+05:30,9.7,98.0,5.0
2026-04-07 05:00:00+05:30,9.75,,
2026-04-07 06:00:00+05:30,9.649999999999999,18.5,
2026-04-07 07:00:00+05:30,9.6,40.0,31.75
2026-04-07 08:00:00+05:30,9.675,62.25,25.25
2026-04-07 09:00:00+05:30,9.674999999999999,15.75,13.75
2026-04-07 10:00:00+05:30,9.8,36.5,13.0
2026-04-07 11:00:00+05:30,9.799999999999999,77.5,13.0
2026-04-07 12:00:00+05:30,9.850000000000001,154.0,12.5
2026-04-07 13:00:00+05:30,9.525,25.0,8.0
2026-04-07 16:00:00+05:30,9.8,92.5,12.0
2026-04-07 17:00:00+05:30,9.875,32.75,12.5
2026-04-07 18:00:00+05:30,9.866666666666667,49.0,22.0
2026-04-07 19:00:00+05:30,9.775,78.0,11.0
2026-04-07 20:00:00+05:30,9.850000000000001,174.25,10.75
2026-04-07 21:00:00+05:30,9.799999999999999,7.666666666666667,6.0
2026-04-07 22:00:00+05:30,9.8,23.0,
2026-04-07 23:00:00+05:30,9.85,46.25,
2026-04-08 00:00:00+05:30,9.7,,8.0
2026-04-08 01:00:00+05:30,9.725,,11.25
2026-04-08 02:00:00+05:30,9.649999999999999,23.0,15.5
2026-04-08 03:00:00+05:30,9.8,61.0,8.0
2026-04-08 04:00:00+05:30,9.85,178.0,7.0
2026-04-08 05:00:00+05:30,9.775,,4.0
2026-04-08 06:00:00+05:30,9.7,7.25,
2026-04-08 07:00:00+05:30,9.7,34.75,
2026-04-08 08:00:00+05:30,9.533333333333333,93.0,6.0
2026-04-08 09:00:00+05:30,9.625,3.0,18.0
2026-04-08 10:00:00+05:30,9.674999999999999,33.25,16.25
2026-04-08 11:00:00+05:30,9.850000000000001,79.0,3.0
2026-04-08 12:00:00+05:30,9.6,148.0,4.0
2026-04-08 13:00:00+05:30,9.649999999999999,7.25,4.0
2026-04-08 14:00:00+05:30,9.8,15.5,
2026-04-08 15:00:00+05:30,9.75,43.25,6.25
2026-04-08 16:00:00+05:30,9.65,86.75,11.75
2026-04-08 17:00:00+05:30,9.775,16.75,9.25
2026-04-08 18:00:00+05:30,9.75,38.75,30.0
2026-04-08 19:00:00+05:30,9.775,60.75,8.75
2026-04-08 20:00:00+05:30,9.6,142.25,5.75
2026-04-08 21:00:00+05:30,9.675,2.5,1.0
2026-04-08 22:00:00+05:30,9.8,21.0,2.25
2026-04-08 23:00:00+05:30,9.833333333333334,72.66666666666667,8.333333333333334
2026-04-09 01:00:00+05:30,9.9,9.0,14.0
2026-04-09 02:00:00+05:30,9.6,27.0,9.0
2026-04-09 03:00:00+05:30,9.8,64.75,10.0
2026-04-09 04:00:00+05:30,9.675,163.0,
2026-04-09 05:00:00+05:30,9.625,,
2026-04-09 06:00:00+05:30,9.674999999999999,27.0,9.0
2026-04-09 07:00:00+05:30,9.7,62.5,11.0
2026-04-09 08:00:00+05:30,9.75,150.0,32.0
2026-04-09 09:00:00+05:30,9.625,30.5,33.5
2026-04-09 10:00:00+05:30,9.775,49.0,21.75
2026-04-09 11:00:00+05:30,9.766666666666666,65.25,16.0
2026-04-09 14:00:00+05:30,9.6,44.0,18.0
2026-04-09 15:00:00+05:30,9.7,41.666666666666664,18.333333333333332
2026-04-09 16:00:00+05:30,9.633333333333333,35.666666666666664,20.333333333333332
2026-04-09 17:00:00+05:30,9.633333333333333,49.666666666666664,23.333333333333332
2026-04-09 18:00:00+05:30,9.8,62.5,16.0
2026-04-09 19:00:00+05:30,9.8,95.25,37.25
2026-04-09 20:00:00+05:30,9.649999999999999,143.0,56.0
2026-04-09 21:00:00+05:30,9.775,31.75,16.5
2026-04-09 22:00:00+05:30,9.65,55.25,24.0
2026-04-09 23:00:00+05:30,9.649999999999999,83.75,24.25
2026-04-10 00:00:00+05:30,9.5,131.0,26.0
2026-04-10 01:00:00+05:30,9.7,53.25,24.0
2026-04-10 02:00:00+05:30,9.75,64.75,21.75
2026-04-10 03:00:00+05:30,9.7,69.5,20.0
2026-04-10 04:00:00+05:30,9.733333333333333,105.0,22.666666666666668
2026-04-10 05:00:00+05:30,9.55,56.5,33.0
2026-04-10 06:00:00+05:30,9.625,70.0,34.0
2026-04-10 07:00:00+05:30,9.775,93.0,34.25
2026-04-10 08:00:00+05:30,9.625,171.25,40.75
2026-04-10 09:00:00+05:30,9.9,89.33333333333333,51.333333333333336
2026-04-10 10:00:00+05:30,9.875,78.0,16.25
2026-04-10 11:00:00+05:30,9.633333333333333,75.0,18.0
2026-04-10 12:00:00+05:30,9.866666666666667,170.0,22.75
2026-04-10 13:00:00+05:30,9.75,60.5,22.5
2026-04-10 14:00:00+05:30,9.566666666666666,75.0,31.666666666666668
2026-04-10 15:00:00+05:30,9.625,79.25,23.0
2026-04-10 16:00:00+05:30,9.65,105.5,24.75
2026-04-10 17:00:00+05:30,9.625,62.75,37.0
2026-04-10 18:00:00+05:30,9.675,57.25,18.25
2026-04-10 19:00:00+05:30,9.625,128.25,25.5
2026-04-10 20:00:00+05:30,9.5,302.25,31.75
2026-04-10 21:00:00+05:30,9.7,24.5,27.25
2026-04-10 22:00:00+05:30,9.625,67.0,32.0
2026-04-10 23:00:00+05:30,9.8,111.25,35.75
2026-04-11 01:00:00+05:30,9.7,43.0,56.0
2026-04-11 02:00:00+05:30,9.674999999999999,58.25,50.75
2026-04-11 03:00:00+05:30,9.7,135.0,46.5
2026-04-11 04:00:00+05:30,9.675,357.0,37.0
2026-04-11 05:00:00+05:30,9.799999999999999,,
2026-04-11 06:00:00+05:30,9.75,40.25,24.5
2026-04-11 07:00:00+05:30,9.75,119.5,34.25
2026-04-11 08:00:00+05:30,9.7,316.25,46.25
2026-04-11 09:00:00+05:30,9.7,65.5,105.0
2026-04-11 10:00:00+05:30,9.775,77.25,45.5
2026-04-11 11:00:00+05:30,9.700000000000001,148.0,32.75
2026-04-11 12:00:00+05:30,9.799999999999999,324.0,25.0
2026-04-11 13:00:00+05:30,9.7,30.5,
2026-04-11 14:00:00+05:30,9.649999999999999,69.25,30.25
2026-04-11 15:00:00+05:30,9.65,110.0,33.25
2026-04-11 16:00:00+05:30,9.675,209.5,40.0
2026-04-11 17:00:00+05:30,9.725,45.25,57.5
2026-04-11 18:00:00+05:30,9.75,49.5,29.75
2026-04-11 19:00:00+05:30,9.7,106.0,45.0
2026-04-11 20:00:00+05:30,9.725,230.25,42.75
2026-04-11 21:00:00+05:30,9.675,7.5,22.0
2026-04-11 22:00:00+05:30,9.75,50.0,39.0
2026-04-11 23:00:00+05:30,9.775,122.75,40.5
2026-04-12 00:00:00+05:30,9.8,295.0,34.0
2026-04-12 01:00:00+05:30,9.725,13.0,55.5
2026-04-12 02:00:00+05:30,9.8,40.25,44.5
2026-04-12 03:00:00+05:30,9.649999999999999,104.0,32.5
2026-04-12 04:00:00+05:30,9.625,281.0,20.0
2026-04-12 05:00:00+05:30,9.725,,
2026-04-12 06:00:00+05:30,9.825,44.5,29.5
2026-04-12 07:00:00+05:30,9.850000000000001,116.5,76.25
2026-04-12 08:00:00+05:30,9.8,200.25,83.75
2026-04-12 09:00:00+05:30,9.575,67.0,77.5
2026-04-12 10:00:00+05:30,9.825,69.75,47.5
2026-04-12 11:00:00+05:30,9.833333333333334,121.25,34.5
2026-04-12 12:00:00+05:30,9.733333333333334,311.0,24.0
2026-04-12 13:00:00+05:30,9.675,,
2026-04-12 14:00:00+05:30,9.725,41.75,21.75
2026-04-12 15:00:00+05:30,9.700000000000001,138.0,33.0
2026-04-12 16:00:00+05:30,9.6,281.25,22.25
2026-04-12 17:00:00+05:30,9.625,28.75,65.25
2026-04-12 18:00:00+05:30,9.625,49.0,51.0
2026-04-12 19:00:00+05:30,9.75,115.0,
2026-04-12 20:00:00+05:30,9.675,325.0,
2026-04-12 21:00:00+05:30,9.8,,
2026-04-13 09:00:00+05:30,9.7,,41.0
2026-04-13 10:00:00+05:30,9.7,,34.0
2026-04-13 11:00:00+05:30,9.7,188.0,33.5
2026-04-13 12:00:00+05:30,9.7,188.0,24.0
2026-04-13 13:00:00+05:30,9.674999999999999,,
2026-04-13 14:00:00+05:30,9.7,42.5,19.5
2026-04-13 15:00:00+05:30,9.666666666666666,48.0,22.0
2026-04-13 16:00:00+05:30,9.8,168.0,34.0
2026-04-13 17:00:00+05:30,9.775,41.25,51.0
2026-04-13 18:00:00+05:30,9.566666666666666,54.0,51.0
2026-04-13 19:00:00+05:30,9.75,133.25,35.0
2026-04-13 20:00:00+05:30,9.733333333333334,362.0,32.0
2026-04-13 21:00:00+05:30,9.666666666666666,,
2026-04-14 08:00:00+05:30,9.7,193.0,52.0
2026-04-14 09:00:00+05:30,9.9,66.33333333333333,72.33333333333333
2026-04-14 10:00:00+05:30,9.649999999999999,95.0,78.0
2026-04-14 11:00:00+05:30,9.766666666666667,135.5,60.75
2026-04-14 12:00:00+05:30,9.700000000000001,275.0,56.25
2026-04-14 13:00:00+05:30,9.75,13.75,19.25
2026-04-14 14:00:00+05:30,9.775,36.0,4.25
2026-04-14 15:00:00+05:30,9.725,59.5,27.75
2026-04-14 16:00:00+05:30,9.700000000000001,114.0,22.666666666666668
2026-04-14 17:00:00+05:30,9.6,29.0,30.0
2026-04-14 21:00:00+05:30,9.866666666666667,,10.333333333333334
2026-04-14 22:00:00+05:30,9.825,36.5,38.75
2026-04-14 23:00:00+05:30,9.75,73.0,14.0
2026-04-15 01:00:00+05:30,9.6,,18.5
2026-04-15 02:00:00+05:30,9.6,17.0,10.666666666666666
2026-04-15 03:00:00+05:30,9.75,89.5,6.0
2026-04-15 04:00:00+05:30,9.725,319.0,4.0
2026-04-15 05:00:00+05:30,9.725,,
2026-04-15 06:00:00+05:30,9.649999999999999,,
2026-04-15 07:00:00+05:30,9.675,40.5,21.0
2026-04-15 08:00:00+05:30,9.625,102.25,25.0
2026-04-15 09:00:00+05:30,9.725,26.75,28.25
2026-04-15 10:00:00+05:30,9.675,52.0,32.5
2026-04-15 11:00:00+05:30,9.6,83.0,20.25
2026-04-15 12:00:00+05:30,9.733333333333334,176.75,6.75
2026-04-15 13:00:00+05:30,9.775,25.75,4.25
2026-04-15 14:00:00+05:30,9.75,47.75,12.25
2026-04-15 15:00:00+05:30,9.675,45.5,15.5
2026-04-15 16:00:00+05:30,9.799999999999999,65.0,6.0
2026-04-15 17:00:00+05:30,9.725,18.25,8.0
2026-04-15 18:00:00+05:30,9.725,29.5,7.0
2026-04-15 19:00:00+05:30,9.75,127.75,7.0
2026-04-15 20:00:00+05:30,9.9,394.0,31.0
2026-04-15 21:00:00+05:30,9.725,,
2026-04-15 22:00:00+05:30,9.674999999999999,,
2026-04-15 23:00:00+05:30,9.7,26.25,4.75
2026-04-16 07:00:00+05:30,9.8,41.0,7.5
2026-04-16 08:00:00+05:30,9.575,87.0,16.0
2026-04-16 09:00:00+05:30,9.6,29.0,19.5
2026-04-16 10:00:00+05:30,9.675,53.75,28.0
2026-04-16 11:00:00+05:30,9.65,46.0,10.0
2026-04-16 12:00:00+05:30,9.799999999999999,182.0,6.0
2026-04-16 13:00:00+05:30,9.75,5.25,2.0
2026-04-16 22:00:00+05:30,9.649999999999999,35.5,19.5
2026-04-16 23:00:00+05:30,9.700000000000001,34.666666666666664,21.333333333333332
2026-04-17 00:00:00+05:30,9.8,28.0,11.0
2026-04-17 01:00:00+05:30,9.775,29.25,14.0
2026-04-17 02:00:00+05:30,9.7,49.666666666666664,33.0
2026-04-17 03:00:00+05:30,9.625,81.0,31.0
2026-04-17 04:00:00+05:30,9.7,27.0,29.0
2026-04-17 05:00:00+05:30,9.7,31.25,23.25
2026-04-17 06:00:00+05:30,9.825000000000001,44.25,12.0
2026-04-17 07:00:00+05:30,9.725,74.5,50.25
2026-04-17 08:00:00+05:30,9.725,62.0,37.75
2026-04-17 09:00:00+05:30,9.799999999999999,59.333333333333336,33.0
2026-04-17 10:00:00+05:30,9.7,68.0,60.0
2026-04-17 11:00:00+05:30,9.733333333333334,114.25,58.0
2026-04-17 12:00:00+05:30,9.733333333333333,62.5,58.5
2026-04-17 13:00:00+05:30,9.8,48.75,29.75
2026-04-17 14:00:00+05:30,9.775,44.25,5.0
2026-04-17 15:00:00+05:30,9.833333333333334,56.333333333333336,24.333333333333332
2026-04-17 18:00:00+05:30,9.8,139.0,52.0
2026-04-17 19:00:00+05:30,9.675,135.5,38.25
2026-04-17 20:00:00+05:30,9.675,36.0,46.75
2026-04-17 21:00:00+05:30,9.75,37.75,37.0
2026-04-17 22:00:00+05:30,9.8,32.0,
2026-04-17 23:00:00+05:30,9.85,40.75,15.75
2026-04-18 01:00:00+05:30,9.7,39.0,29.0
2026-04-18 02:00:00+05:30,9.649999999999999,69.25,44.75
2026-04-18 03:00:00+05:30,9.725,147.0,37.75
2026-04-18 04:00:00+05:30,9.75,31.5,32.75
2026-04-18 05:00:00+05:30,9.674999999999999,40.75,25.0
2026-04-18 06:00:00+05:30,9.8,41.25,5.75
2026-04-18 07:00:00+05:30,9.625,56.5,18.75
2026-04-18 08:00:00+05:30,9.825000000000001,43.25,33.25
2026-04-18 09:00:00+05:30,9.850000000000001,45.0,37.0
2026-04-18 10:00:00+05:30,9.7,100.25,69.5
2026-04-18 11:00:00+05:30,9.566666666666666,180.75,61.75
2026-04-18 12:00:00+05:30,9.8,52.0,82.0
2026-04-18 13:00:00+05:30,9.6,51.75,26.0
2026-04-18 14:00:00+05:30,9.649999999999999,48.0,
2026-04-18 15:00:00+05:30,9.875,56.75,20.75
2026-04-18 17:00:00+05:30,9.75,51.0,28.5
2026-04-18 18:00:00+05:30,9.649999999999999,111.75,68.5
2026-04-18 19:00:00+05:30,9.6,270.0,97.0
2026-04-18 22:00:00+05:30,9.65,61.5,11.0
2026-04-18 23:00:00+05:30,9.674999999999999,82.75,31.5
2026-04-19 01:00:00+05:30,9.8,43.0,36.0
2026-04-19 02:00:00+05:30,9.8,64.25,45.75
2026-04-19 03:00:00+05:30,9.85,110.5,40.5
2026-04-19 04:00:00+05:30,9.7,38.25,30.0
2026-04-19 05:00:00+05:30,9.8,44.0,29.25
2026-04-19 06:00:00+05:30,9.725,39.0,14.5
2026-04-19 07:00:00+05:30,9.775,42.0,26.0
2026-04-19 08:00:00+05:30,9.625,42.5,30.5
2026-04-19 09:00:00+05:30,9.725,54.25,43.5
2026-04-19 10:00:00+05:30,9.850000000000001,73.25,52.25
2026-04-19 11:00:00+05:30,9.733333333333334,105.5,40.0
2026-04-19 12:00:00+05:30,9.7,66.0,41.0
2026-04-19 13:00:00+05:30,9.575,63.5,40.25
2026-04-19 14:00:00+05:30,9.725,56.5,9.0
2026-04-19 15:00:00+05:30,9.75,66.5,26.0
2026-04-19 16:00:00+05:30,9.8,53.0,25.0
2026-04-19 17:00:00+05:30,9.8,53.5,28.25
2026-04-19 18:00:00+05:30,9.766666666666667,102.33333333333333,50.666666666666664
2026-04-19 19:00:00+05:30,9.8,169.5,62.25
2026-04-19 20:00:00+05:30,9.925,68.0,82.5
2026-04-19 21:00:00+05:30,9.725,66.0,70.75
2026-04-19 22:00:00+05:30,9.825,61.0,11.75
2026-04-19 23:00:00+05:30,9.675,57.5,26.5
2026-04-20 01:00:00+05:30,9.75,47.25,30.75
2026-04-20 02:00:00+05:30,9.575,68.5,47.75
2026-04-20 03:00:00+05:30,9.75,104.0,44.0
2026-04-20 04:00:00+05:30,9.666666666666666,45.0,42.333333333333336
2026-04-20 05:00:00+05:30,9.75,45.75,30.0
2026-04-20 06:00:00+05:30,9.775,39.75,13.25
2026-04-20 07:00:00+05:30,9.775,39.25,21.0
2026-04-20 08:00:00+05:30,9.775,47.5,37.75
2026-04-20 09:00:00+05:30,9.75,61.0,52.0
2026-04-20 10:00:00+05:30,9.6,61.0,44.5
2026-04-20 11:00:00+05:30,9.5,57.0,40.0
2026-04-20 13:00:00+05:30,9.649999999999999,68.5,40.5
2026-04-20 14:00:00+05:30,9.6,51.0,17.75
2026-04-20 15:00:00+05:30,9.7,48.0,16.25
2026-04-20 16:00:00+05:30,9.799999999999999,48.0,19.0
2026-04-20 18:00:00+05:30,9.8,62.25,37.5
2026-04-20 19:00:00+05:30,9.55,100.25,49.0
2026-04-20 20:00:00+05:30,9.8,49.0,51.75
2026-04-20 21:00:00+05:30,9.866666666666667,50.0,46.333333333333336
2026-04-20 22:00:00+05:30,9.833333333333334,45.0,23.0
2026-04-20 23:00:00+05:30,9.9,55.5,20.5
2026-04-21 00:00:00+05:30,9.7,41.0,29.0
2026-04-21 01:00:00+05:30,9.833333333333334,42.0,32.666666666666664
2026-04-21 02:00:00+05:30,9.850000000000001,60.5,42.75
2026-04-21 03:00:00+05:30,9.725,110.25,56.25
2026-04-21 04:00:00+05:30,9.775,33.5,42.25
2026-04-21 05:00:00+05:30,9.674999999999999,52.0,62.75
2026-04-21 06:00:00+05:30,9.575,54.75,40.0
2026-04-21 08:00:00+05:30,9.799999999999999,78.0,63.0
2026-04-21 09:00:00+05:30,9.75,95.25,52.25
2026-04-21 10:00:00+05:30,9.625,77.25,49.0
2026-04-21 11:00:00+05:30,9.725,83.0,32.25
2026-04-21 12:00:00+05:30,9.766666666666667,55.0,39.5
2026-04-21 13:00:00+05:30,9.725,50.75,28.0
2026-04-21 14:00:00+05:30,9.8,44.0,10.0
2026-04-21 15:00:00+05:30,9.7,50.75,14.25
2026-04-21 16:00:00+05:30,9.7,42.25,19.25
2026-04-21 17:00:00+05:30,9.725,45.0,22.25
2026-04-21 18:00:00+05:30,9.8,55.75,26.25
2026-04-21 19:00:00+05:30,9.725,95.0,29.75
2026-04-21 20:00:00+05:30,9.675,38.0,25.75
2026-04-21 21:00:00+05:30,9.7,39.0,22.5
2026-04-21 22:00:00+05:30,9.85,43.0,16.0
2026-04-21 23:00:00+05:30,9.850000000000001,57.0,15.25
2026-04-22 00:00:00+05:30,9.7,31.0,20.0
2026-04-22 01:00:00+05:30,9.775,35.25,21.25
2026-04-22 02:00:00+05:30,9.7,49.5,26.0
2026-04-22 03:00:00+05:30,9.625,80.0,26.5
2026-04-22 04:00:00+05:30,9.566666666666666,54.666666666666664,36.666666666666664
2026-04-22 05:00:00+05:30,9.8,70.5,42.5
2026-04-22 06:00:00+05:30,9.9,66.0,33.0
2026-04-22 07:00:00+05:30,9.8,65.25,31.0
2026-04-22 08:00:00+05:30,9.675,41.0,30.5
2026-04-22 09:00:00+05:30,9.775,41.0,23.75
2026-04-22 10:00:00+05:30,9.725,43.0,19.0
2026-04-22 11:00:00+05:30,9.700000000000001,48.75,20.5
2026-04-22 12:00:00+05:30,9.766666666666667,37.25,12.75
2026-04-22 13:00:00+05:30,9.766666666666667,41.0,12.0
2026-04-22 14:00:00+05:30,9.649999999999999,39.5,13.5
2026-04-22 15:00:00+05:30,9.733333333333333,34.666666666666664,7.333333333333333
2026-04-22 16:00:00+05:30,9.700000000000001,33.333333333333336,14.0
2026-04-22 17:00:00+05:30,9.725,39.75,14.75
2026-04-22 18:00:00+05:30,9.649999999999999,32.0,12.75
2026-04-22 19:00:00+05:30,9.649999999999999,29.25,25.75
2026-04-22 20:00:00+05:30,9.725,36.0,23.5
2026-04-22 21:00:00+05:30,9.625,31.25,13.75
2026-04-22 22:00:00+05:30,9.675,30.75,12.75
2026-04-22 23:00:00+05:30,9.725,24.0,9.25
2026-04-23 00:00:00+05:30,9.8,29.0,12.0
2026-04-23 01:00:00+05:30,9.85,52.75,20.0
2026-04-23 02:00:00+05:30,9.75,46.5,21.0
2026-04-23 03:00:00+05:30,9.825,44.25,18.75
2026-04-23 04:00:00+05:30,9.775,22.25,13.0
2026-04-23 05:00:00+05:30,9.725,24.0,10.0
2026-04-23 06:00:00+05:30,9.825,21.75,11.75
2026-04-23 07:00:00+05:30,9.725,9.75,7.5
2026-04-23 08:00:00+05:30,9.850000000000001,35.5,18.25
2026-04-23 09:00:00+05:30,9.775,52.5,38.75
2026-04-23 10:00:00+05:30,9.7,61.0,16.5
2026-04-23 17:00:00+05:30,9.6,45.0,20.0
2026-04-23 18:00:00+05:30,9.649999999999999,57.0,30.0
2026-04-23 19:00:00+05:30,9.7,74.0,34.0
2026-04-23 20:00:00+05:30,9.7,50.0,31.0
2026-04-23 21:00:00+05:30,9.674999999999999,56.25,28.0
2026-04-23 22:00:00+05:30,9.85,65.0,25.75
2026-04-23 23:00:00+05:30,9.85,72.75,18.75
2026-04-24 01:00:00+05:30,9.6,33.0,15.0
2026-04-24 02:00:00+05:30,9.625,30.75,13.0
2026-04-24 03:00:00+05:30,9.775,27.25,12.25
2026-04-24 04:00:00+05:30,9.649999999999999,32.0,16.0
2026-04-24 05:00:00+05:30,9.75,36.25,16.0
2026-04-24 06:00:00+05:30,9.7,44.5,15.0
2026-04-24 07:00:00+05:30,9.6,58.0,17.25
2026-04-24 08:00:00+05:30,9.625,54.75,23.75
2026-04-24 09:00:00+05:30,9.8,43.0,15.0
2026-04-24 10:00:00+05:30,9.674999999999999,36.75,11.25
2026-04-24 11:00:00+05:30,9.833333333333334,21.5,15.75
2026-04-24 12:00:00+05:30,9.833333333333334,37.0,13.0
2026-04-24 13:00:00+05:30,9.8,39.25,14.0
2026-04-24 14:00:00+05:30,9.8,39.25,15.75
2026-04-24 15:00:00+05:30,9.8,31.25,12.25
2026-04-24 16:00:00+05:30,9.725,42.0,16.25
2026-04-24 17:00:00+05:30,9.7,43.25,19.5
2026-04-24 18:00:00+05:30,9.7,48.0,27.5
2026-04-24 19:00:00+05:30,9.649999999999999,51.0,34.5
2026-04-24 20:00:00+05:30,9.8,52.25,28.25
2026-04-24 21:00:00+05:30,9.825000000000001,55.75,34.5
2026-04-24 22:00:00+05:30,9.825000000000001,75.25,83.0
2026-04-24 23:00:00+05:30,9.625,66.0,
2026-04-25 01:00:00+05:30,9.6,37.0,19.0
2026-04-25 02:00:00+05:30,9.7,58.0,20.25
2026-04-25 03:00:00+05:30,9.725,106.75,24.75
2026-04-25 04:00:00+05:30,9.674999999999999,41.25,19.25
2026-04-25 05:00:00+05:30,9.674999999999999,49.5,21.25
2026-04-25 06:00:00+05:30,9.7,70.25,23.75
2026-04-25 07:00:00+05:30,9.65,86.25,21.5
2026-04-25 08:00:00+05:30,9.649999999999999,86.5,32.25
2026-04-25 09:00:00+05:30,9.7,69.0,35.5
2026-04-25 10:00:00+05:30,9.75,71.5,25.75
2026-04-25 11:00:00+05:30,9.733333333333333,92.5,40.0
2026-04-25 12:00:00+05:30,9.766666666666667,53.25,39.75
2026-04-25 13:00:00+05:30,9.766666666666667,61.666666666666664,54.666666666666664
2026-04-25 14:00:00+05:30,9.675,54.25,52.0
2026-04-25 15:00:00+05:30,9.875,60.5,
2026-04-25 16:00:00+05:30,9.666666666666666,49.666666666666664,23.333333333333332
2026-04-25 17:00:00+05:30,9.733333333333333,63.0,29.333333333333332
2026-04-25 18:00:00+05:30,9.625,82.5,33.5
2026-04-25 19:00:00+05:30,9.725,141.25,59.5
2026-04-25 20:00:00+05:30,9.625,63.25,49.0
2026-04-25 21:00:00+05:30,9.525,69.0,49.75
2026-04-25 22:00:00+05:30,9.674999999999999,72.25,46.5
2026-04-25 23:00:00+05:30,9.766666666666667,91.0,17.0
2026-04-26 01:00:00+05:30,9.8,56.0,27.0
2026-04-26 02:00:00+05:30,9.575,74.5,28.75
2026-04-26 03:00:00+05:30,9.625,132.0,41.25
2026-04-26 04:00:00+05:30,9.775,101.0,44.25
2026-04-26 05:00:00+05:30,9.725,69.5,45.75
2026-04-26 06:00:00+05:30,9.725,56.0,39.75
2026-04-26 07:00:00+05:30,9.65,58.75,14.5
2026-04-26 08:00:00+05:30,9.625,49.25,22.25
2026-04-26 09:00:00+05:30,9.725,59.0,25.0
2026-04-26 10:00:00+05:30,9.6,67.25,23.5
2026-04-26 11:00:00+05:30,9.7,91.0,31.75
2026-04-26 12:00:00+05:30,9.733333333333333,63.0,29.25
2026-04-26 13:00:00+05:30,9.8,62.0,33.0
2026-04-26 14:00:00+05:30,9.725,59.25,33.0
2026-04-26 15:00:00+05:30,9.75,53.75,16.25
2026-04-26 16:00:00+05:30,9.75,48.25,18.25
2026-04-26 17:00:00+05:30,9.725,55.0,23.75
2026-04-26 18:00:00+05:30,9.8,74.0,21.0
2026-04-26 19:00:00+05:30,9.625,116.75,39.5
2026-04-26 20:00:00+05:30,9.666666666666666,51.0,46.0
2026-04-26 21:00:00+05:30,9.775,52.0,40.0
2026-04-26 22:00:00+05:30,9.8,56.0,38.75
2026-04-26 23:00:00+05:30,9.8,64.0,16.0
2026-04-27 00:00:00+05:30,9.7,39.0,14.0
2026-04-27 01:00:00+05:30,9.7,42.0,17.0
2026-04-27 02:00:00+05:30,9.7,49.25,15.5
2026-04-27 03:00:00+05:30,9.733333333333333,78.0,27.0
2026-04-27 04:00:00+05:30,9.675,38.75,27.25
2026-04-27 05:00:00+05:30,9.8,63.5,32.75
2026-04-27 06:00:00+05:30,9.7,52.5,31.25
2026-04-27 07:00:00+05:30,9.6,68.0,14.25
2026-04-27 08:00:00+05:30,9.65,41.5,19.25
2026-04-27 09:00:00+05:30,9.725,55.75,24.0
2026-04-27 10:00:00+05:30,9.6,57.75,21.75
2026-04-27 11:00:00+05:30,9.733333333333333,77.0,32.25
2026-04-27 12:00:00+05:30,9.8,52.25,34.75
2026-04-27 13:00:00+05:30,9.725,59.75,29.0
2026-04-27 14:00:00+05:30,9.8,48.5,30.25
2026-04-27 15:00:00+05:30,9.649999999999999,38.25,14.25
2026-04-27 16:00:00+05:30,9.775,41.25,19.0
2026-04-27 17:00:00+05:30,9.825000000000001,49.5,20.0
2026-04-27 18:00:00+05:30,9.9,73.75,21.25
2026-04-27 19:00:00+05:30,9.8,92.5,27.75
2026-04-27 20:00:00+05:30,9.8,48.0,41.5
2026-04-27 21:00:00+05:30,9.775,46.0,32.25
2026-04-27 22:00:00+05:30,9.6,50.5,35.0
2026-04-27 23:00:00+05:30,9.674999999999999,66.0,16.75
2026-04-28 00:00:00+05:30,9.7,38.0,14.0
2026-04-28 01:00:00+05:30,9.75,44.0,17.0
2026-04-28 02:00:00+05:30,9.775,58.0,19.25
2026-04-28 03:00:00+05:30,9.75,89.5,24.25
2026-04-28 04:00:00+05:30,9.75,42.25,28.0
2026-04-28 05:00:00+05:30,9.7,45.75,29.25
2026-04-28 06:00:00+05:30,9.7,44.25,31.5
2026-04-28 07:00:00+05:30,9.775,62.25,20.0
2026-04-28 08:00:00+05:30,9.75,39.25,20.25
2026-04-28 09:00:00+05:30,9.75,46.0,25.75
2026-04-28 10:00:00+05:30,9.85,52.5,23.25
2026-04-28 11:00:00+05:30,9.666666666666666,65.25,27.25
2026-04-28 12:00:00+05:30,9.733333333333333,45.25,31.0
2026-04-28 13:00:00+05:30,9.525,46.75,28.0
2026-04-28 14:00:00+05:30,9.725,44.75,29.25
2026-04-28 15:00:00+05:30,9.925,43.75,14.0
2026-04-28 16:00:00+05:30,9.75,38.25,16.25
2026-04-28 17:00:00+05:30,9.7,48.75,22.75
2026-04-28 18:00:00+05:30,9.7,54.5,18.0
2026-04-28 19:00:00+05:30,9.9,87.5,22.75
2026-04-28 20:00:00+05:30,9.850000000000001,44.0,39.0
2026-04-29 09:00:00+05:30,9.7,51.0,25.0
2026-04-29 10:00:00+05:30,9.9,62.5,22.0
2026-04-29 11:00:00+05:30,9.799999999999999,77.75,21.25
2026-04-29 12:00:00+05:30,9.666666666666666,45.75,22.0
2026-04-29 13:00:00+05:30,9.725,41.5,22.0
2026-04-29 14:00:00+05:30,9.625,53.25,22.5
2026-04-29 15:00:00+05:30,9.6,60.0,14.0
2026-04-29 16:00:00+05:30,9.649999999999999,44.75,14.0
2026-04-29 17:00:00+05:30,9.649999999999999,35.0,15.75
2026-04-29 18:00:00+05:30,9.6,41.25,14.0
2026-04-29 19:00:00+05:30,9.725,67.5,14.5
2026-04-29 20:00:00+05:30,9.825,27.25,25.25
2026-04-29 21:00:00+05:30,9.8,35.75,30.5
2026-04-29 22:00:00+05:30,9.625,37.75,22.0
2026-04-29 23:00:00+05:30,9.45,65.25,23.25
2026-04-30 00:00:00+05:30,9.8,18.0,7.0
2026-04-30 01:00:00+05:30,9.875,22.75,12.25
2026-04-30 02:00:00+05:30,9.850000000000001,53.0,16.25
2026-04-30 03:00:00+05:30,9.75,67.75,24.25
2026-04-30 04:00:00+05:30,9.675,65.25,31.75
2026-04-30 05:00:00+05:30,9.775,46.75,28.0
2026-04-30 06:00:00+05:30,9.7,48.5,26.0
2026-04-30 07:00:00+05:30,9.674999999999999,81.0,26.5
2026-04-30 08:00:00+05:30,9.75,25.0,15.0
2026-04-30 09:00:00+05:30,9.649999999999999,28.0,15.25
2026-04-30 10:00:00+05:30,9.725,36.25,18.75
2026-04-30 11:00:00+05:30,9.5,56.5,16.5
2026-04-30 12:00:00+05:30,9.8,32.0,22.0
2026-04-30 13:00:00+05:30,9.75,30.0,22.0
2026-04-30 14:00:00+05:30,9.75,36.5,20.75
2026-04-30 15:00:00+05:30,9.850000000000001,58.0,15.75
2026-04-30 16:00:00+05:30,9.875,29.0,11.0
2026-04-30 17:00:00+05:30,9.825000000000001,27.0,13.0
2026-04-30 18:00:00+05:30,9.825000000000001,34.5,10.25
2026-04-30 19:00:00+05:30,9.75,55.75,13.75
2026-04-30 20:00:00+05:30,9.85,25.0,28.75
2026-04-30 21:00:00+05:30,9.825,26.0,24.0
2026-04-30 22:00:00+05:30,9.7,33.5,23.25
2026-04-30 23:00:00+05:30,9.75,55.0,25.25
2026-05-01 00:00:00+05:30,9.7,20.0,10.0
2026-05-01 01:00:00+05:30,9.575,22.25,12.25
2026-05-01 02:00:00+05:30,9.8,31.0,15.0
2026-05-01 03:00:00+05:30,9.75,42.5,16.5
2026-05-01 04:00:00+05:30,9.850000000000001,23.25,26.75
2026-05-01 05:00:00+05:30,9.75,28.0,21.75
2026-05-01 06:00:00+05:30,9.75,33.0,20.0
2026-05-01 07:00:00+05:30,9.775,55.75,19.5
2026-05-01 08:00:00+05:30,9.649999999999999,25.0,13.25
2026-05-01 09:00:00+05:30,9.8,28.0,15.0
2026-05-01 10:00:00+05:30,9.850000000000001,25.5,15.0
2026-05-01 11:00:00+05:30,9.733333333333333,18.5,15.25
2026-05-01 12:00:00+05:30,9.8,32.0,20.0
2026-05-01 13:00:00+05:30,9.75,34.75,21.75
2026-05-01 14:00:00+05:30,9.649999999999999,36.0,19.25
2026-05-01 15:00:00+05:30,9.625,47.25,21.25
2026-05-01 16:00:00+05:30,9.75,26.0,10.0
2026-05-01 17:00:00+05:30,9.7,26.0,10.0
2026-05-01 18:00:00+05:30,9.75,30.75,11.25
2026-05-01 19:00:00+05:30,9.649999999999999,35.75,15.0
2026-05-01 20:00:00+05:30,9.675,26.0,31.75
2026-05-01 21:00:00+05:30,9.8,26.25,26.75
2026-05-01 22:00:00+05:30,9.725,40.5,24.0
2026-05-01 23:00:00+05:30,9.6,70.25,25.0
2026-05-02 00:00:00+05:30,9.6,20.0,9.0
2026-05-02 01:00:00+05:30,9.6,22.333333333333332,13.0
2026-05-02 02:00:00+05:30,9.733333333333333,25.0,13.0
2026-05-02 03:00:00+05:30,9.733333333333333,30.333333333333332,14.666666666666666
2026-05-02 04:00:00+05:30,9.674999999999999,18.0,22.0
2026-05-02 05:00:00+05:30,9.75,22.0,21.0
2026-05-02 06:00:00+05:30,9.8,29.75,22.0
2026-05-02 07:00:00+05:30,9.725,46.0,22.25
2026-05-02 08:00:00+05:30,9.75,19.0,10.0
2026-05-02 09:00:00+05:30,9.8,65.0,20.0
2026-05-02 10:00:00+05:30,9.6,58.0,19.0
2026-05-02 11:00:00+05:30,9.666666666666666,57.0,13.5
2026-05-02 12:00:00+05:30,9.75,29.0,23.0
2026-05-02 13:00:00+05:30,9.625,89.75,57.5
2026-05-02 14:00:00+05:30,9.775,31.5,11.0
2026-05-02 15:00:00+05:30,9.625,47.25,11.75
2026-05-02 16:00:00+05:30,9.55,25.0,5.0
2026-05-02 17:00:00+05:30,9.7,30.0,9.0
2026-05-02 23:00:00+05:30,9.9,26.0,12.5
2026-05-03 00:00:00+05:30,9.7,24.0,8.0
2026-05-03 01:00:00+05:30,9.8,23.25,12.75
2026-05-03 02:00:00+05:30,9.775,25.0,12.0
2026-05-03 03:00:00+05:30,9.7,,14.0
2026-05-03 04:00:00+05:30,9.6,24.0,16.0
2026-05-03 05:00:00+05:30,9.625,25.0,15.0
2026-05-03 06:00:00+05:30,9.7,27.25,13.25
2026-05-03 07:00:00+05:30,9.7,30.5,15.75
2026-05-03 08:00:00+05:30,9.8,21.5,9.25
2026-05-03 09:00:00+05:30,9.525,31.75,13.0
2026-05-03 10:00:00+05:30,9.525,27.25,11.0
2026-05-03 11:00:00+05:30,9.633333333333333,28.0,14.25
2026-05-03 12:00:00+05:30,9.700000000000001,28.0,18.0
2026-05-03 13:00:00+05:30,9.825000000000001,29.75,14.0
2026-05-03 14:00:00+05:30,9.7,25.5,12.0
2026-05-03 15:00:00+05:30,9.9,21.0,12.75
2026-05-03 16:00:00+05:30,9.6,23.0,8.0
2026-05-03 17:00:00+05:30,9.675,25.75,9.0
2026-05-03 18:00:00+05:30,9.675,21.25,12.25
2026-05-03 19:00:00+05:30,9.850000000000001,19.25,14.25
2026-05-03 20:00:00+05:30,9.825000000000001,25.25,17.0
2026-05-03 21:00:00+05:30,9.833333333333334,29.0,16.666666666666668
2026-05-03 22:00:00+05:30,9.9,28.0,12.0
2026-05-03 23:00:00+05:30,9.833333333333334,33.333333333333336,13.666666666666666
2026-05-04 00:00:00+05:30,9.8,22.0,9.0
2026-05-04 01:00:00+05:30,9.6,22.0,11.0
2026-05-04 02:00:00+05:30,9.675,17.5,11.0
2026-05-04 03:00:00+05:30,9.7,4.75,13.0
2026-05-04 04:00:00+05:30,9.7,26.0,15.75
2026-05-04 05:00:00+05:30,9.7,25.0,13.0
2026-05-04 06:00:00+05:30,9.625,21.75,13.25
2026-05-04 07:00:00+05:30,9.674999999999999,12.25,14.5
2026-05-04 08:00:00+05:30,9.725,24.25,7.25
2026-05-04 09:00:00+05:30,9.625,32.0,12.0
2026-05-04 10:00:00+05:30,9.649999999999999,27.25,11.0
2026-05-04 11:00:00+05:30,9.700000000000001,16.5,9.5
2026-05-04 12:00:00+05:30,9.8,31.0,16.75
2026-05-04 13:00:00+05:30,9.8,32.75,13.0
2026-05-04 14:00:00+05:30,9.625,29.25,13.0
2026-05-04 15:00:00+05:30,9.625,27.0,11.75
2026-05-04 16:00:00+05:30,9.775,24.25,8.0
2026-05-04 17:00:00+05:30,9.7,31.0,8.25
2026-05-04 18:00:00+05:30,9.725,32.75,11.25
2026-05-04 19:00:00+05:30,9.633333333333333,43.333333333333336,15.333333333333334
2026-05-04 20:00:00+05:30,9.775,28.25,21.25
2026-05-04 21:00:00+05:30,9.7,35.25,26.25
2026-05-04 22:00:00+05:30,9.85,44.0,31.5
2026-05-04 23:00:00+05:30,9.65,63.5,22.25
2026-05-05 00:00:00+05:30,9.7,22.0,11.0
2026-05-05 01:00:00+05:30,9.649999999999999,27.0,9.25
2026-05-05 02:00:00+05:30,9.649999999999999,36.75,14.75
2026-05-05 03:00:00+05:30,9.8,61.5,13.5
2026-05-05 04:00:00+05:30,9.75,22.0,22.0
2026-05-05 05:00:00+05:30,9.775,25.0,23.0
2026-05-05 06:00:00+05:30,9.6,38.25,26.75
2026-05-05 07:00:00+05:30,9.850000000000001,70.5,24.75
2026-05-05 08:00:00+05:30,9.674999999999999,25.25,19.75
2026-05-05 09:00:00+05:30,9.775,34.25,16.0
2026-05-05 10:00:00+05:30,32.53333333333333,43.25,17.0
2026-05-05 11:00:00+05:30,,64.25,17.25
2026-05-05 12:00:00+05:30,1001.1,37.333333333333336,20.333333333333332
2026-05-05 13:00:00+05:30,78.44999999999999,41.75,26.25
2026-05-05 14:00:00+05:30,45.075,39.5,30.0
2026-05-05 15:00:00+05:30,12.375,46.75,25.5
2026-05-05 16:00:00+05:30,13.25,37.0,16.0
2026-05-05 17:00:00+05:30,14.95,38.0,13.0
2026-05-06 11:00:00+05:30,,43.0,19.0
2026-05-06 12:00:00+05:30,22.299999999999997,45.0,19.5
2026-05-06 13:00:00+05:30,15.125,46.0,27.75
2026-05-06 14:00:00+05:30,20.725,42.25,25.25
2026-05-06 15:00:00+05:30,19.8,40.0,30.5
2026-05-06 16:00:00+05:30,22.866666666666664,41.0,21.0
2026-05-06 17:00:00+05:30,25.46666666666667,42.0,14.0
2026-05-06 18:00:00+05:30,27.75,22.0,
2026-05-06 19:00:00+05:30,17.099999999999998,22.666666666666668,15.333333333333334
2026-05-07 01:00:00+05:30,9.5,33.0,10.0
2026-05-07 02:00:00+05:30,7.875,27.75,13.0
2026-05-07 03:00:00+05:30,10.125,12.75,11.25
2026-05-07 04:00:00+05:30,10.625,34.0,18.0
2026-05-07 05:00:00+05:30,19.0,36.25,18.25
2026-05-07 06:00:00+05:30,35.3,40.0,20.25
2026-05-07 07:00:00+05:30,41.8,37.75,27.0
2026-05-07 08:00:00+05:30,43.725,56.25,26.75
2026-05-07 09:00:00+05:30,27.4,64.75,23.75
2026-05-07 10:00:00+05:30,17.65,50.0,19.0
2026-05-07 11:00:00+05:30,11.15,41.0,17.0
2026-05-07 12:00:00+05:30,11.3,43.333333333333336,13.666666666666666
2026-05-07 13:00:00+05:30,13.166666666666666,47.666666666666664,20.333333333333332
2026-05-07 14:00:00+05:30,13.766666666666667,42.333333333333336,13.0
2026-05-07 15:00:00+05:30,12.375,44.75,
2026-05-07 16:00:00+05:30,10.633333333333333,41.0,
2026-05-07 17:00:00+05:30,11.925,39.0,
2026-05-08 00:00:00+05:30,8.6,32.0,12.0
2026-05-08 01:00:00+05:30,8.55,29.25,6.25
2026-05-08 02:00:00+05:30,5.7,33.75,10.0
2026-05-08 03:00:00+05:30,4.7,38.333333333333336,11.0
2026-05-08 04:00:00+05:30,5.8999999999999995,27.333333333333332,13.333333333333334
2026-05-08 05:00:00+05:30,6.966666666666666,33.0,18.666666666666668
2026-05-08 06:00:00+05:30,16.6,33.25,14.0
2026-05-08 07:00:00+05:30,29.45,40.5,14.25
2026-05-08 08:00:00+05:30,47.7,48.75,20.25
2026-05-08 09:00:00+05:30,49.65,64.75,25.75
2026-05-08 10:00:00+05:30,44.46666666666667,76.0,40.666666666666664
2026-05-08 11:00:00+05:30,27.46666666666667,68.0,33.25
2026-05-08 12:00:00+05:30,28.825,68.0,20.25
2026-05-08 13:00:00+05:30,22.0,49.5,22.0
2026-05-08 14:00:00+05:30,,68.25,24.75
2026-05-08 15:00:00+05:30,,145.25,38.0
2026-05-08 16:00:00+05:30,23.875,54.5,58.0
2026-05-08 17:00:00+05:30,30.3,44.0,
2026-05-08 18:00:00+05:30,30.025,47.5,12.25
2026-05-08 19:00:00+05:30,18.55,66.0,20.0
2026-05-08 20:00:00+05:30,22.125,42.25,23.0
2026-05-08 21:00:00+05:30,24.0,48.5,43.0
2026-05-08 22:00:00+05:30,21.95,92.0,59.0
2026-05-08 23:00:00+05:30,17.575,186.5,59.5
2026-05-09 00:00:00+05:30,13.0,44.0,41.0
2026-05-09 01:00:00+05:30,14.325,39.25,10.25
2026-05-09 02:00:00+05:30,11.5,47.0,16.0
2026-05-09 03:00:00+05:30,9.1,63.25,16.0
2026-05-09 04:00:00+05:30,9.525,30.5,15.0
2026-05-09 05:00:00+05:30,9.3,40.75,32.0
2026-05-09 06:00:00+05:30,14.575,64.5,28.25
2026-05-09 07:00:00+05:30,19.35,135.75,33.0
2026-05-09 08:00:00+05:30,25.425,37.75,30.75
2026-05-09 09:00:00+05:30,26.8,52.666666666666664,23.666666666666668
2026-05-09 10:00:00+05:30,31.65,61.0,18.0
2026-05-09 11:00:00+05:30,26.53333333333333,88.75,17.25
2026-05-09 12:00:00+05:30,16.433333333333334,46.25,19.5
2026-05-09 13:00:00+05:30,19.05,50.25,31.75
2026-05-09 14:00:00+05:30,21.5,62.5,29.75
2026-05-09 15:00:00+05:30,24.825,92.0,27.0
2026-05-09 16:00:00+05:30,25.5,56.25,28.25
2026-05-09 17:00:00+05:30,33.06666666666667,65.0,13.0
2026-05-09 18:00:00+05:30,49.349999999999994,101.5,22.25
2026-05-09 19:00:00+05:30,39.075,130.5,26.0
2026-05-09 20:00:00+05:30,24.05,58.0,27.5
2026-05-09 21:00:00+05:30,35.475,54.5,37.25
2026-05-09 22:00:00+05:30,39.075,57.0,23.25
2026-05-09 23:00:00+05:30,29.150000000000002,98.75,26.5
2026-05-10 00:00:00+05:30,18.1,35.0,16.0
2026-05-10 01:00:00+05:30,16.15,33.75,5.25
2026-05-10 02:00:00+05:30,11.6,33.0,8.0
2026-05-10 03:00:00+05:30,17.725,41.0,10.25
2026-05-10 04:00:00+05:30,16.45,24.5,14.25
2026-05-10 05:00:00+05:30,22.875,33.0,20.0
2026-05-10 06:00:00+05:30,29.4,47.0,21.0
2026-05-10 07:00:00+05:30,17.925,86.25,23.0
2026-05-10 08:00:00+05:30,18.95,35.25,24.5
2026-05-10 09:00:00+05:30,17.35,40.0,12.25
2026-05-10 10:00:00+05:30,16.475,46.75,17.0
2026-05-10 11:00:00+05:30,17.066666666666666,63.0,14.25
2026-05-10 12:00:00+05:30,15.566666666666668,46.0,17.5
2026-05-10 13:00:00+05:30,15.774999999999999,49.5,27.5
2026-05-10 14:00:00+05:30,11.9,79.0,38.0
2026-05-10 15:00:00+05:30,11.525,130.0,34.75
2026-05-10 16:00:00+05:30,13.55,44.25,32.0
2026-05-10 17:00:00+05:30,15.675,48.0,13.25
2026-05-10 18:00:00+05:30,19.275,48.5,21.25
2026-05-10 19:00:00+05:30,24.65,41.5,23.25
2026-05-10 20:00:00+05:30,21.5,55.0,30.5
2026-05-10 21:00:00+05:30,20.5,53.0,37.25
2026-05-10 22:00:00+05:30,14.025,66.25,41.75
2026-05-10 23:00:00+05:30,14.700000000000001,102.75,36.75
2026-05-11 00:00:00+05:30,12.7,42.0,28.0
2026-05-11 01:00:00+05:30,9.75,41.0,16.75
2026-05-11 02:00:00+05:30,8.05,41.5,13.75
2026-05-11 03:00:00+05:30,8.766666666666667,49.0,9.0
2026-05-11 04:00:00+05:30,10.7,25.5,13.25
2026-05-11 05:00:00+05:30,13.125,32.5,21.25
2026-05-11 06:00:00+05:30,17.775,60.5,26.0
2026-05-11 07:00:00+05:30,12.65,103.75,24.25
2026-05-11 08:00:00+05:30,18.9,40.25,28.25
2026-05-11 09:00:00+05:30,20.975,46.0,13.0
2026-05-11 10:00:00+05:30,20.225,52.0,14.25
2026-05-11 11:00:00+05:30,17.866666666666667,69.5,16.0
2026-05-11 12:00:00+05:30,13.933333333333332,59.0,18.0
2026-05-11 13:00:00+05:30,10.375,62.25,33.25
2026-05-11 14:00:00+05:30,12.95,85.25,41.5
2026-05-11 15:00:00+05:30,20.025,119.75,33.25
2026-05-11 16:00:00+05:30,43.199999999999996,56.0,37.666666666666664
2026-05-11 17:00:00+05:30,44.03333333333334,51.666666666666664,17.0
2026-05-11 18:00:00+05:30,47.975,54.25,19.25
2026-05-11 19:00:00+05:30,27.549999999999997,69.25,26.0
2026-05-11 20:00:00+05:30,25.05,48.0,28.0
2026-05-11 21:00:00+05:30,24.4,48.0,30.5
2026-05-11 22:00:00+05:30,24.674999999999997,61.5,37.75
2026-05-11 23:00:00+05:30,19.825,101.75,30.75
2026-05-12 00:00:00+05:30,12.1,39.0,25.0
2026-05-12 01:00:00+05:30,12.425,34.75,12.0
2026-05-12 02:00:00+05:30,16.125,36.5,13.0
2026-05-12 03:00:00+05:30,9.774999999999999,49.0,13.0
2026-05-12 04:00:00+05:30,15.600000000000001,32.75,14.5
2026-05-12 05:00:00+05:30,25.575,48.5,23.25
2026-05-12 06:00:00+05:30,28.5,69.75,32.0
2026-05-12 07:00:00+05:30,17.775,91.5,35.25
2026-05-12 08:00:00+05:30,17.375,43.0,23.5
2026-05-12 09:00:00+05:30,22.5,41.0,15.0
2026-05-12 10:00:00+05:30,23.375,47.5,16.0
2026-05-12 11:00:00+05:30,18.96666666666667,57.75,17.0
2026-05-12 12:00:00+05:30,17.066666666666666,48.25,19.25
2026-05-12 13:00:00+05:30,16.133333333333333,55.666666666666664,23.333333333333332
2026-05-12 14:00:00+05:30,16.05,63.5,28.0
2026-05-12 15:00:00+05:30,16.833333333333332,93.33333333333333,29.0
2026-05-12 19:00:00+05:30,19.133333333333333,63.333333333333336,18.0
2026-05-12 20:00:00+05:30,19.025,33.25,17.25
2026-05-12 21:00:00+05:30,16.875,37.5,23.25
2026-05-12 22:00:00+05:30,14.275,58.75,29.0
2026-05-12 23:00:00+05:30,12.05,102.5,29.5
2026-05-13 01:00:00+05:30,11.4,35.0,17.0
2026-05-13 02:00:00+05:30,7.949999999999999,32.0,8.0
2026-05-13 06:00:00+05:30,23.05,80.0,28.5
2026-05-13 07:00:00+05:30,22.925,110.75,32.75
2026-05-13 08:00:00+05:30,15.65,50.5,29.5
2026-05-13 09:00:00+05:30,15.65,41.75,20.75
2026-05-13 10:00:00+05:30,13.033333333333333,52.0,13.333333333333334
2026-05-13 11:00:00+05:30,11.766666666666666,76.0,18.0
2026-05-13 12:00:00+05:30,13.833333333333334,38.333333333333336,17.0
2026-05-13 13:00:00+05:30,11.95,41.5,19.0
2026-05-13 14:00:00+05:30,11.7,62.0,31.75
2026-05-13 15:00:00+05:30,12.1,110.5,29.0
2026-05-13 16:00:00+05:30,16.1,40.0,28.5
2026-05-13 17:00:00+05:30,20.7,43.0,19.5
2026-05-13 18:00:00+05:30,18.85,45.25,11.25
2026-05-13 19:00:00+05:30,20.375,60.0,14.25
2026-05-13 20:00:00+05:30,21.55,30.25,18.75
2026-05-13 21:00:00+05:30,14.55,33.0,15.75
2026-05-13 22:00:00+05:30,13.175,51.75,26.75
2026-05-13 23:00:00+05:30,14.175,99.5,23.75
2026-05-14 01:00:00+05:30,10.7,32.0,19.0
2026-05-14 02:00:00+05:30,7.65,28.75,6.25
2026-05-14 03:00:00+05:30,6.025,30.75,11.0
2026-05-14 04:00:00+05:30,7.6,22.0,13.0
2026-05-14 05:00:00+05:30,8.7,26.0,14.75
2026-05-14 06:00:00+05:30,11.95,46.25,25.75
2026-05-14 07:00:00+05:30,18.325,93.0,24.25
2026-05-14 08:00:00+05:30,17.2,33.0,30.0
2026-05-14 09:00:00+05:30,18.975,35.0,23.5
2026-05-14 10:00:00+05:30,18.425,38.5,12.0
2026-05-14 11:00:00+05:30,18.366666666666667,54.75,15.0
2026-05-14 12:00:00+05:30,14.466666666666667,43.666666666666664,15.0
2026-05-14 13:00:00+05:30,12.7,41.0,17.5
2026-05-14 14:00:00+05:30,14.125,54.75,33.75
2026-05-14 15:00:00+05:30,13.3,99.75,28.0
2026-05-14 16:00:00+05:30,15.625,38.0,26.5
2026-05-14 17:00:00+05:30,19.05,41.0,18.5
2026-05-14 18:00:00+05:30,22.875,42.75,11.0
2026-05-14 19:00:00+05:30,21.125,50.5,15.0
2026-05-14 20:00:00+05:30,21.25,33.0,16.0
2026-05-14 21:00:00+05:30,21.4,34.0,17.5
2026-05-14 22:00:00+05:30,16.85,58.75,28.0
2026-05-14 23:00:00+05:30,15.4,114.0,25.0
2026-05-15 00:00:00+05:30,8.9,28.0,22.0
2026-05-15 01:00:00+05:30,9.375,31.75,22.25
2026-05-15 02:00:00+05:30,5.85,33.75,6.5
2026-05-15 03:00:00+05:30,5.0,58.333333333333336,15.0
2026-05-15 04:00:00+05:30,5.775,26.0,17.0
2026-05-15 05:00:00+05:30,5.25,29.25,13.75
2026-05-15 06:00:00+05:30,11.925,44.5,28.5
2026-05-15 07:00:00+05:30,18.675,68.75,21.25
2026-05-15 08:00:00+05:30,17.275,32.0,29.0
2026-05-15 09:00:00+05:30,17.066666666666666,35.0,30.0
2026-05-15 10:00:00+05:30,16.575,45.5,13.0
2026-05-15 11:00:00+05:30,14.4,61.25,14.0
2026-05-15 12:00:00+05:30,12.6,39.25,16.25
2026-05-15 13:00:00+05:30,14.825,40.25,20.25
2026-05-15 14:00:00+05:30,14.65,66.0,42.0
2026-05-15 15:00:00+05:30,14.233333333333334,122.66666666666667,42.0
2026-05-15 16:00:00+05:30,15.75,47.0,40.0
2026-05-15 17:00:00+05:30,15.65,43.75,40.0
2026-05-15 18:00:00+05:30,20.433333333333334,47.333333333333336,
2026-05-15 19:00:00+05:30,22.900000000000002,66.33333333333333,8.333333333333334
2026-05-15 20:00:00+05:30,22.2,30.0,13.0
2026-05-15 21:00:00+05:30,16.96666666666667,27.0,14.666666666666666
2026-05-15 22:00:00+05:30,13.525,52.25,27.5
2026-05-15 23:00:00+05:30,10.225000000000001,118.25,19.0
2026-05-16 01:00:00+05:30,7.4,18.0,
2026-05-16 02:00:00+05:30,4.575,13.25,
2026-05-16 03:00:00+05:30,3.25,34.0,
2026-05-16 04:00:00+05:30,4.45,4.25,5.0
2026-05-16 05:00:00+05:30,5.0,12.0,4.75
2026-05-16 06:00:00+05:30,14.625,40.0,18.5
2026-05-16 07:00:00+05:30,18.05,111.75,9.25
2026-05-16 08:00:00+05:30,13.2,16.0,16.0
2026-05-16 09:00:00+05:30,16.725,19.0,10.0
2026-05-16 10:00:00+05:30,10.675,25.75,
2026-05-16 11:00:00+05:30,10.0,45.25,2.0
2026-05-16 12:00:00+05:30,9.133333333333333,25.0,5.0
2026-05-16 13:00:00+05:30,9.375,25.25,6.0
2026-05-16 14:00:00+05:30,8.65,42.25,24.5
2026-05-16 15:00:00+05:30,10.45,68.75,12.5
2026-05-16 16:00:00+05:30,9.225,34.0,22.0
2026-05-16 17:00:00+05:30,9.066666666666668,32.666666666666664,19.0
2026-05-16 18:00:00+05:30,10.299999999999999,29.0,3.25
2026-05-16 19:00:00+05:30,13.85,34.25,5.0
2026-05-16 20:00:00+05:30,15.433333333333332,16.333333333333332,7.0
2026-05-16 21:00:00+05:30,16.925,23.0,11.5
2026-05-16 22:00:00+05:30,18.525,46.75,19.0
2026-05-16 23:00:00+05:30,13.125,106.0,15.75
2026-05-17 00:00:00+05:30,7.8,17.0,10.0
2026-05-17 01:00:00+05:30,7.125,22.75,9.75
2026-05-17 02:00:00+05:30,5.0,23.5,4.0
2026-05-17 03:00:00+05:30,4.75,39.0,
2026-05-17 04:00:00+05:30,5.275,13.25,3.25
2026-05-17 05:00:00+05:30,6.3,19.0,6.75
2026-05-17 06:00:00+05:30,8.774999999999999,45.5,20.0
2026-05-17 07:00:00+05:30,10.425,107.25,16.75
2026-05-17 08:00:00+05:30,11.55,29.0,15.0
2026-05-17 09:00:00+05:30,11.175,27.0,14.25
2026-05-17 10:00:00+05:30,12.875,34.5,3.25
2026-05-17 11:00:00+05:30,11.966666666666667,59.5,9.0
2026-05-17 12:00:00+05:30,10.566666666666668,39.75,8.25
2026-05-17 13:00:00+05:30,10.35,34.0,12.5
2026-05-17 14:00:00+05:30,10.175,51.0,22.0
2026-05-17 15:00:00+05:30,8.975,94.0,22.25
2026-05-17 16:00:00+05:30,9.65,37.0,23.5
2026-05-17 17:00:00+05:30,8.925,37.75,19.25
2026-05-17 18:00:00+05:30,10.725,35.25,3.0
2026-05-17 19:00:00+05:30,17.625,53.0,4.25
2026-05-17 20:00:00+05:30,16.975,28.0,10.25
2026-05-17 21:00:00+05:30,16.224999999999998,28.25,13.0
2026-05-17 22:00:00+05:30,11.075,65.75,29.0
2026-05-17 23:00:00+05:30,10.975,145.0,28.75
2026-05-18 00:00:00+05:30,9.5,31.0,22.0
2026-05-18 01:00:00+05:30,8.925,32.75,22.0
2026-05-18 02:00:00+05:30,8.066666666666666,26.0,4.0
2026-05-18 03:00:00+05:30,9.5,39.5,6.25
2026-05-18 04:00:00+05:30,8.075,26.0,14.0
2026-05-18 05:00:00+05:30,8.675,29.0,13.25
2026-05-18 06:00:00+05:30,12.5,69.33333333333333,21.0
2026-05-18 07:00:00+05:30,16.4,140.0,23.0
2026-05-18 08:00:00+05:30,18.025,36.0,23.0
2026-05-18 09:00:00+05:30,18.475,37.5,22.25
2026-05-18 10:00:00+05:30,15.7,54.0,10.0
2026-05-18 11:00:00+05:30,15.366666666666667,68.0,11.0
2026-05-18 12:00:00+05:30,14.4,38.0,
2026-05-18 13:00:00+05:30,14.375,40.25,
2026-05-18 14:00:00+05:30,12.575,72.25,
2026-05-18 15:00:00+05:30,15.575000000000001,144.5,
2026-05-18 16:00:00+05:30,18.125,44.75,
2026-05-18 17:00:00+05:30,31.175,42.0,
2026-05-18 18:00:00+05:30,12.25,46.25,9.0
2026-05-18 19:00:00+05:30,15.05,52.25,
2026-05-18 20:00:00+05:30,18.0,31.25,12.25
2026-05-18 21:00:00+05:30,19.05,37.75,15.25
2026-05-18 22:00:00+05:30,14.525,53.75,20.5
2026-05-18 23:00:00+05:30,10.5,113.25,27.75
2026-05-19 00:00:00+05:30,8.4,31.0,25.0
2026-05-19 01:00:00+05:30,8.5,31.75,23.75
2026-05-19 02:00:00+05:30,7.625,30.25,4.0
2026-05-19 03:00:00+05:30,7.425,30.5,
2026-05-19 04:00:00+05:30,6.75,18.25,
2026-05-19 05:00:00+05:30,11.675,25.0,
2026-05-19 06:00:00+05:30,15.0,48.0,
2026-05-19 07:00:00+05:30,20.55,114.0,
2026-05-19 08:00:00+05:30,18.5,29.5,
2026-05-19 09:00:00+05:30,18.725,42.5,
2026-05-19 10:00:00+05:30,16.325,52.0,
2026-05-19 11:00:00+05:30,15.2,55.0,
2026-05-19 12:00:00+05:30,14.033333333333333,50.75,
2026-05-19 13:00:00+05:30,11.85,44.0,
2026-05-19 14:00:00+05:30,10.3,80.5,
2026-05-19 15:00:00+05:30,11.024999999999999,120.25,
2026-05-19 16:00:00+05:30,13.675,39.25,
2026-05-19 17:00:00+05:30,18.775,41.0,
2026-05-19 18:00:00+05:30,18.425,42.25,
2026-05-19 19:00:00+05:30,22.925,48.5,
2026-05-19 20:00:00+05:30,21.233333333333334,30.333333333333332,
2026-05-19 21:00:00+05:30,22.825,33.0,
2026-05-19 22:00:00+05:30,20.85,51.5,
2026-05-19 23:00:00+05:30,18.299999999999997,101.5,
2026-05-20 00:00:00+05:30,9.1,25.0,
2026-05-20 01:00:00+05:30,10.325,27.0,
2026-05-20 02:00:00+05:30,9.625,24.5,
2026-05-20 03:00:00+05:30,7.25,19.75,
2026-05-20 04:00:00+05:30,5.625,17.0,
2026-05-20 05:00:00+05:30,7.0,17.0,
2026-05-20 06:00:00+05:30,12.55,35.75,
2026-05-20 07:00:00+05:30,13.125,83.75,
2026-05-20 08:00:00+05:30,12.275,25.0,
2026-05-20 09:00:00+05:30,13.966666666666667,23.0,
2026-05-20 10:00:00+05:30,12.633333333333333,31.666666666666668,
2026-05-20 12:00:00+05:30,11.433333333333332,23.0,
2026-05-20 13:00:00+05:30,11.425,24.0,
2026-05-20 14:00:00+05:30,12.025,44.5,
2026-05-20 15:00:00+05:30,12.725,109.0,
2026-05-20 16:00:00+05:30,12.55,19.5,
2026-05-20 17:00:00+05:30,12.125,30.75,
2026-05-20 18:00:00+05:30,17.675,23.5,
2026-05-20 19:00:00+05:30,18.0,27.5,
2026-05-20 20:00:00+05:30,21.6,16.25,
2026-05-20 21:00:00+05:30,20.725,22.75,
2026-05-20 22:00:00+05:30,18.625,31.5,
2026-05-20 23:00:00+05:30,8.600000000000001,72.75,
2026-05-21 00:00:00+05:30,7.0,11.0,
2026-05-21 01:00:00+05:30,8.575,16.0,
2026-05-21 02:00:00+05:30,4.55,15.5,
2026-05-21 03:00:00+05:30,4.85,13.75,
2026-05-21 04:00:00+05:30,6.433333333333334,7.333333333333333,
2026-05-21 05:00:00+05:30,8.675,12.25,
2026-05-21 06:00:00+05:30,11.6,112.0,
2026-05-21 07:00:00+05:30,10.95,108.5,
2026-05-21 08:00:00+05:30,10.4,10.25,
2026-05-21 09:00:00+05:30,9.533333333333333,22.0,
2026-05-21 10:00:00+05:30,11.1,20.5,
2026-05-21 11:00:00+05:30,11.866666666666667,19.0,
2026-05-21 12:00:00+05:30,12.1,19.25,
2026-05-21 13:00:00+05:30,13.399999999999999,26.75,
2026-05-21 14:00:00+05:30,13.55,69.5,
2026-05-21 15:00:00+05:30,15.225000000000001,113.0,
2026-05-21 16:00:00+05:30,13.85,25.25,
2026-05-21 17:00:00+05:30,16.674999999999997,35.0,
2026-05-21 18:00:00+05:30,20.65,36.0,
2026-05-21 19:00:00+05:30,22.5,47.25,
2026-05-21 20:00:00+05:30,24.674999999999997,24.0,
2026-05-21 21:00:00+05:30,27.875,25.0,
2026-05-21 22:00:00+05:30,20.375,47.25,
2026-05-21 23:00:00+05:30,13.674999999999999,111.0,
2026-05-22 00:00:00+05:30,11.8,27.0,
2026-05-22 01:00:00+05:30,8.7,27.75,
2026-05-22 02:00:00+05:30,9.5,25.0,
2026-05-22 03:00:00+05:30,8.575,21.75,
2026-05-22 04:00:00+05:30,12.133333333333333,13.333333333333334,
2026-05-22 05:00:00+05:30,20.0,47.0,
2026-05-22 06:00:00+05:30,24.45,47.25,
2026-05-22 07:00:00+05:30,16.875,122.5,
2026-05-22 08:00:00+05:30,15.3,26.0,
2026-05-22 09:00:00+05:30,16.475,31.0,
2026-05-22 11:00:00+05:30,,44.0,
2026-05-22 12:00:00+05:30,11.833333333333334,20.0,
2026-05-22 13:00:00+05:30,8.633333333333333,22.0,
2026-05-22 14:00:00+05:30,10.866666666666667,46.333333333333336,
2026-05-22 15:00:00+05:30,11.5,97.66666666666667,
2026-05-22 16:00:00+05:30,10.6,22.0,
2026-05-22 17:00:00+05:30,13.45,21.0,
2026-05-22 18:00:00+05:30,14.225,27.0,
2026-05-22 19:00:00+05:30,18.675,32.25,
2026-05-22 20:00:00+05:30,16.15,11.0,
2026-05-22 21:00:00+05:30,17.775,15.0,
2026-05-22 22:00:00+05:30,14.899999999999999,42.0,
2026-05-22 23:00:00+05:30,11.8,122.25,
2026-05-23 01:00:00+05:30,13.6,16.0,
2026-05-23 02:00:00+05:30,10.425,20.75,
2026-05-23 03:00:00+05:30,8.0,19.5,
2026-05-23 04:00:00+05:30,10.925,4.25,
2026-05-23 05:00:00+05:30,7.0,9.25,
2026-05-23 06:00:00+05:30,10.075,32.25,
2026-05-23 07:00:00+05:30,16.2,96.25,
2026-05-23 08:00:00+05:30,18.625,16.0,
2026-05-23 09:00:00+05:30,13.925,16.0,
2026-05-23 10:00:00+05:30,11.899999999999999,16.0,4.0
2026-05-23 11:00:00+05:30,11.9,12.75,
2026-05-23 12:00:00+05:30,13.266666666666666,11.0,
2026-05-23 13:00:00+05:30,12.5,16.0,4.75
2026-05-23 14:00:00+05:30,11.933333333333332,35.333333333333336,4.0
2026-05-23 15:00:00+05:30,14.05,78.0,19.75
2026-05-23 16:00:00+05:30,16.366666666666667,21.0,18.0
2026-05-23 17:00:00+05:30,13.433333333333332,25.666666666666668,11.333333333333334
2026-05-23 18:00:00+05:30,16.7,21.0,15.0
2026-05-23 19:00:00+05:30,18.233333333333334,20.666666666666668,
2026-05-23 20:00:00+05:30,20.45,13.25,
2026-05-23 21:00:00+05:30,19.3,16.0,
2026-05-23 22:00:00+05:30,25.075,36.25,
2026-05-23 23:00:00+05:30,18.174999999999997,91.25,
2026-05-24 01:00:00+05:30,16.8,17.0,
2026-05-24 02:00:00+05:30,5.925,19.25,
2026-05-24 03:00:00+05:30,6.375,20.0,
2026-05-24 04:00:00+05:30,2.725,,
2026-05-24 05:00:00+05:30,3.925,4.25,
2026-05-24 06:00:00+05:30,6.55,34.75,
2026-05-24 07:00:00+05:30,5.675,114.25,
2026-05-24 08:00:00+05:30,8.466666666666667,11.333333333333334,
2026-05-24 09:00:00+05:30,7.775,17.0,
2026-05-24 10:00:00+05:30,7.25,24.25,
2026-05-24 11:00:00+05:30,10.066666666666668,41.75,
2026-05-24 12:00:00+05:30,7.833333333333333,9.25,
2026-05-24 13:00:00+05:30,6.15,16.0,
2026-05-24 14:00:00+05:30,6.575,31.5,
2026-05-24 15:00:00+05:30,7.425,81.75,
2026-05-24 16:00:00+05:30,6.825,18.0,
2026-05-24 17:00:00+05:30,7.733333333333333,23.0,
2026-05-24 18:00:00+05:30,11.95,30.0,
2026-05-24 19:00:00+05:30,16.5,54.666666666666664,
2026-05-24 20:00:00+05:30,21.96666666666667,5.0,
2026-05-24 21:00:00+05:30,20.433333333333334,12.0,
2026-05-24 22:00:00+05:30,22.7,27.25,
2026-05-24 23:00:00+05:30,18.05,70.75,
2026-05-25 00:00:00+05:30,13.2,8.0,
2026-05-25 01:00:00+05:30,10.1,9.0,
2026-05-25 02:00:00+05:30,8.025,19.5,
2026-05-25 03:00:00+05:30,7.5249999999999995,45.0,
2026-05-25 04:00:00+05:30,8.375,,
2026-05-25 05:00:00+05:30,8.424999999999999,9.0,
2026-05-25 06:00:00+05:30,10.625,47.75,
2026-05-25 07:00:00+05:30,12.85,74.75,
2026-05-25 08:00:00+05:30,11.75,15.0,
2026-05-25 09:00:00+05:30,12.7,18.25,
2026-05-25 10:00:00+05:30,12.366666666666667,43.333333333333336,
2026-05-25 11:00:00+05:30,12.2,78.0,
2026-05-25 12:00:00+05:30,11.8,19.0,
2026-05-25 13:00:00+05:30,11.475,24.0,
2026-05-25 14:00:00+05:30,11.299999999999999,23.0,
2026-05-25 15:00:00+05:30,11.5,85.0,
2026-05-25 16:00:00+05:30,12.075,27.0,
2026-05-25 17:00:00+05:30,13.100000000000001,27.0,
2026-05-25 18:00:00+05:30,16.175,32.75,
2026-05-25 19:00:00+05:30,14.95,60.5,
2026-05-25 20:00:00+05:30,14.725,14.0,
2026-05-25 21:00:00+05:30,17.933333333333334,23.666666666666668,
2026-05-25 22:00:00+05:30,14.75,38.25,
2026-05-25 23:00:00+05:30,9.4,15.0,
2026-05-26 01:00:00+05:30,3.5,63.0,
2026-05-26 02:00:00+05:30,4.8999999999999995,9.666666666666666,
2026-05-26 03:00:00+05:30,4.15,8.0,
2026-05-26 04:00:00+05:30,5.125,17.25,
2026-05-26 05:00:00+05:30,5.9,46.5,
2026-05-26 06:00:00+05:30,8.9,2.6666666666666665,
2026-05-26 07:00:00+05:30,11.325,14.25,
2026-05-26 08:00:00+05:30,11.275,32.75,
2026-05-26 09:00:00+05:30,10.65,77.0,
2026-05-26 10:00:00+05:30,12.4,17.0,
2026-05-26 11:00:00+05:30,15.600000000000001,26.666666666666668,
2026-05-26 12:00:00+05:30,13.4,26.75,
2026-05-26 13:00:00+05:30,12.4,37.25,
2026-05-26 14:00:00+05:30,10.166666666666666,13.0,
2026-05-26 15:00:00+05:30,9.733333333333334,23.0,
2026-05-26 16:00:00+05:30,9.325,39.75,
2026-05-26 17:00:00+05:30,11.725,82.0,
2026-05-26 18:00:00+05:30,14.7,25.0,
2026-05-26 19:00:00+05:30,14.625,26.75,
2026-05-26 20:00:00+05:30,12.533333333333333,33.333333333333336,
2026-05-26 21:00:00+05:30,11.7,59.0,
2026-05-26 22:00:00+05:30,10.55,13.25,
2026-05-26 23:00:00+05:30,6.925,18.0,
2026-05-27 00:00:00+05:30,5.5,122.0,
2026-05-27 01:00:00+05:30,3.825,118.25,
2026-05-27 02:00:00+05:30,1.65,10.0,
2026-05-27 03:00:00+05:30,2.025,11.0,
2026-05-27 04:00:00+05:30,3.175,22.75,
2026-05-27 05:00:00+05:30,3.0,53.5,
2026-05-27 06:00:00+05:30,8.875,8.0,
2026-05-27 07:00:00+05:30,13.0,15.0,
2026-05-27 08:00:00+05:30,10.925,33.75,
2026-05-27 09:00:00+05:30,10.35,70.25,
2026-05-27 10:00:00+05:30,13.525,18.25,
2026-05-27 11:00:00+05:30,15.466666666666667,26.0,
2026-05-27 12:00:00+05:30,10.433333333333334,25.0,
2026-05-27 17:00:00+05:30,14.8,31.0,
2026-05-27 18:00:00+05:30,14.975000000000001,25.75,
2026-05-27 19:00:00+05:30,18.65,24.0,
2026-05-27 20:00:00+05:30,19.725,24.5,
2026-05-27 21:00:00+05:30,17.9,28.75,
2026-05-27 22:00:00+05:30,15.35,16.0,
2026-05-27 23:00:00+05:30,10.35,21.0,
2026-05-28 00:00:00+05:30,4.7,89.0,
2026-05-28 01:00:00+05:30,7.7,85.66666666666667,
2026-05-28 02:00:00+05:30,5.2749999999999995,18.0,
2026-05-28 03:00:00+05:30,3.775,16.0,
2026-05-28 04:00:00+05:30,4.5,19.25,
2026-05-28 05:00:00+05:30,6.475,37.25,
2026-05-28 06:00:00+05:30,12.25,14.25,
2026-05-28 07:00:00+05:30,14.275,22.25,
2026-05-28 08:00:00+05:30,15.149999999999999,49.25,
2026-05-28 09:00:00+05:30,12.55,110.0,
2026-05-28 10:00:00+05:30,8.925,27.0,
2026-05-28 11:00:00+05:30,8.066666666666666,25.0,
2026-05-28 12:00:00+05:30,8.666666666666666,23.0,
2026-05-28 13:00:00+05:30,8.25,,
2026-05-28 14:00:00+05:30,9.275,22.25,
2026-05-28 15:00:00+05:30,9.475,31.5,
2026-05-28 16:00:00+05:30,13.75,41.0,
2026-05-28 17:00:00+05:30,11.3,28.0,
2026-05-29 11:00:00+05:30,11.0,91.75,
2026-05-29 13:00:00+05:30,10.3,35.0,
2026-05-29 14:00:00+05:30,9.6,35.0,
2026-05-29 15:00:00+05:30,9.6,60.0,
2026-05-29 16:00:00+05:30,11.475,35.25,
2026-05-29 17:00:00+05:30,10.75,39.0,
2026-05-29 18:00:00+05:30,11.975,38.75,
2026-05-29 19:00:00+05:30,14.075,37.75,
2026-05-29 20:00:00+05:30,13.8,32.75,
2026-05-29 21:00:00+05:30,11.075,32.0,
2026-05-29 22:00:00+05:30,6.7,52.0,
2026-05-29 23:00:00+05:30,6.875,106.5,
2026-05-30 00:00:00+05:30,5.5,31.0,
2026-05-30 01:00:00+05:30,4.25,31.75,
2026-05-30 02:00:00+05:30,3.55,26.25,
2026-05-30 03:00:00+05:30,2.7,27.0,
2026-05-30 04:00:00+05:30,1.9,22.0,
2026-05-30 05:00:00+05:30,2.325,28.0,
2026-05-30 06:00:00+05:30,4.3,52.75,
2026-05-30 07:00:00+05:30,7.875,109.75,
2026-05-30 08:00:00+05:30,7.025,42.25,
2026-05-30 09:00:00+05:30,8.1,43.0,
2026-05-30 10:00:00+05:30,9.649999999999999,38.0,
2026-05-30 11:00:00+05:30,10.2,46.5,
2026-05-30 12:00:00+05:30,7.733333333333333,38.0,
2026-05-30 13:00:00+05:30,6.866666666666667,37.0,
2026-05-30 14:00:00+05:30,6.875,56.0,
2026-05-30 15:00:00+05:30,7.575,116.5,
2026-05-30 16:00:00+05:30,9.325,41.75,
2026-05-30 17:00:00+05:30,11.3,38.0,
2026-05-30 18:00:00+05:30,14.35,38.75,
2026-05-30 19:00:00+05:30,14.025,43.75,
2026-05-30 20:00:00+05:30,12.55,33.0,
2026-05-30 21:00:00+05:30,11.6,47.5,
2026-05-30 22:00:00+05:30,7.8,74.5,
2026-05-30 23:00:00+05:30,8.125,31.0,
2026-05-31 00:00:00+05:30,3.6,32.0,
2026-05-31 01:00:00+05:30,5.9,50.75,
2026-05-31 02:00:00+05:30,2.325,81.0,
2026-05-31 03:00:00+05:30,2.325,21.0,
2026-05-31 04:00:00+05:30,3.15,35.0,
2026-05-31 05:00:00+05:30,4.075,61.0,
2026-05-31 06:00:00+05:30,5.575,30.5,
2026-05-31 07:00:00+05:30,10.35,48.0,
2026-05-31 08:00:00+05:30,14.675,87.75,
2026-05-31 09:00:00+05:30,11.075,201.75,
2026-05-31 10:00:00+05:30,10.1,48.5,
2026-05-31 11:00:00+05:30,8.766666666666667,36.75,
2026-05-31 12:00:00+05:30,7.333333333333333,35.0,
2026-05-31 13:00:00+05:30,8.4,38.75,
2026-05-31 14:00:00+05:30,8.8,33.25,
2026-05-31 15:00:00+05:30,7.3,52.0,
2026-05-31 16:00:00+05:30,7.75,92.0,
2026-05-31 17:00:00+05:30,8.2,34.0,
2026-05-31 18:00:00+05:30,10.225,37.25,
2026-05-31 19:00:00+05:30,12.95,52.75,
2026-05-31 20:00:00+05:30,12.925,86.0,
2026-05-31 21:00:00+05:30,12.625,23.0,
2026-05-31 22:00:00+05:30,13.825,64.0,
2026-05-31 23:00:00+05:30,9.3,175.75,
2026-06-01 00:00:00+05:30,6.0,22.0,
2026-06-01 01:00:00+05:30,8.15,27.0,
2026-06-01 02:00:00+05:30,4.775,33.75,
2026-06-01 03:00:00+05:30,2.125,61.0,
2026-06-01 04:00:00+05:30,4.75,7.5,
2026-06-01 05:00:00+05:30,4.25,27.75,
2026-06-01 06:00:00+05:30,6.0,50.0,
2026-06-01 07:00:00+05:30,7.85,23.0,
2026-06-01 08:00:00+05:30,11.275,23.25,
2026-06-01 09:00:00+05:30,12.725,49.5,
2026-06-01 10:00:00+05:30,11.533333333333333,107.33333333333333,
2026-06-01 11:00:00+05:30,16.666666666666668,25.5,
2026-06-01 12:00:00+05:30,14.666666666666666,38.5,
2026-06-01 13:00:00+05:30,14.925,28.0,
2026-06-01 14:00:00+05:30,10.925,41.5,
2026-06-01 15:00:00+05:30,10.175,68.5,
2026-06-01 16:00:00+05:30,10.166666666666666,26.333333333333332,
2026-06-01 17:00:00+05:30,10.575,32.0,
2026-06-01 18:00:00+05:30,10.325,42.0,
2026-06-01 19:00:00+05:30,14.925,67.75,
2026-06-01 20:00:00+05:30,11.475,32.0,
2026-06-01 21:00:00+05:30,14.65,30.0,13.5
2026-06-01 22:00:00+05:30,14.375,50.0,40.25
2026-06-01 23:00:00+05:30,11.925,101.5,28.5
2026-06-02 00:00:00+05:30,8.0,28.0,19.0
2026-06-02 01:00:00+05:30,7.0,27.0,13.0
2026-06-02 02:00:00+05:30,6.425,29.0,
2026-06-02 03:00:00+05:30,5.15,40.25,
2026-06-02 04:00:00+05:30,4.925,15.25,
2026-06-02 05:00:00+05:30,10.733333333333334,29.666666666666668,
2026-06-02 06:00:00+05:30,16.05,46.25,
2026-06-02 07:00:00+05:30,19.85,29.0,
2026-06-02 08:00:00+05:30,19.125,49.0,
2026-06-02 09:00:00+05:30,12.625,74.25,
2026-06-02 10:00:00+05:30,11.95,27.25,
2026-06-02 11:00:00+05:30,10.3,30.0,
2026-06-02 12:00:00+05:30,11.5,39.75,
2026-06-02 13:00:00+05:30,11.3,62.0,
2026-06-02 14:00:00+05:30,10.175,34.25,
2026-06-02 15:00:00+05:30,11.4,41.0,
2026-06-02 16:00:00+05:30,8.7,39.0,
2026-06-02 17:00:00+05:30,11.100000000000001,71.0,
2026-06-02 18:00:00+05:30,12.325,39.0,
2026-06-02 19:00:00+05:30,16.46666666666667,39.0,
2026-06-02 20:00:00+05:30,19.525,48.0,
2026-06-02 21:00:00+05:30,16.1,76.5,
2026-06-02 22:00:00+05:30,12.45,27.25,
2026-06-02 23:00:00+05:30,11.375,36.0,
2026-06-03 00:00:00+05:30,14.2,106.0,
2026-06-03 01:00:00+05:30,9.75,103.0,
2026-06-03 02:00:00+05:30,11.525,19.0,
2026-06-03 03:00:00+05:30,10.425,18.5,
2026-06-03 04:00:00+05:30,9.875,38.5,
2026-06-03 05:00:00+05:30,14.125,48.25,
2026-06-03 06:00:00+05:30,31.575,22.0,
2026-06-03 07:00:00+05:30,11.25,51.5,
2026-06-03 08:00:00+05:30,21.85,57.5,
2026-06-03 09:00:00+05:30,27.875,35.0,
2026-06-03 10:00:00+05:30,27.025,32.75,
2026-06-03 11:00:00+05:30,24.76666666666667,24.25,
2026-06-03 12:00:00+05:30,11.700000000000001,26.5,
2026-06-03 13:00:00+05:30,11.5,24.75,
2026-06-03 14:00:00+05:30,9.666666666666666,17.666666666666668,
2026-06-03 15:00:00+05:30,7.833333333333333,27.0,
2026-06-03 17:00:00+05:30,10.033333333333333,84.0,
2026-06-03 18:00:00+05:30,14.525,14.25,
2026-06-03 19:00:00+05:30,19.375,21.0,
2026-06-03 20:00:00+05:30,21.3,28.75,
2026-06-03 21:00:00+05:30,22.35,45.25,
2026-06-03 22:00:00+05:30,14.3,21.0,
2026-06-03 23:00:00+05:30,11.625,23.0,
2026-06-04 00:00:00+05:30,12.2,50.0,
2026-06-04 01:00:00+05:30,9.65,49.0,
2026-06-04 02:00:00+05:30,7.35,18.0,
2026-06-04 03:00:00+05:30,9.8,21.75,
2026-06-04 04:00:00+05:30,15.399999999999999,35.75,
2026-06-04 05:00:00+05:30,22.375,31.5,
2026-06-04 06:00:00+05:30,27.2,42.0,
2026-06-04 07:00:00+05:30,30.833333333333332,83.66666666666667,
2026-06-04 08:00:00+05:30,23.433333333333334,32.0,
2026-06-04 09:00:00+05:30,15.85,47.5,
2026-06-04 10:00:00+05:30,10.525,77.25,
2026-06-04 11:00:00+05:30,9.333333333333334,28.25,
2026-06-04 12:00:00+05:30,8.5,34.0,
2026-06-04 13:00:00+05:30,7.75,37.5,
2026-06-04 14:00:00+05:30,7.5,44.333333333333336,
2026-06-04 15:00:00+05:30,8.35,30.0,
2026-06-04 16:00:00+05:30,8.433333333333332,34.666666666666664,
2026-06-04 17:00:00+05:30,9.633333333333333,47.333333333333336,
2026-06-04 18:00:00+05:30,12.825,79.75,
2026-06-04 19:00:00+05:30,13.95,17.25,
2026-06-04 20:00:00+05:30,13.3,29.0,
2026-06-04 21:00:00+05:30,14.8,42.0,
2026-06-04 22:00:00+05:30,9.4,79.25,
2026-06-04 23:00:00+05:30,9.325,30.5,
2026-06-05 02:00:00+05:30,9.05,106.75,
2026-06-05 03:00:00+05:30,3.875,13.5,
2026-06-05 04:00:00+05:30,6.775,25.0,
2026-06-05 05:00:00+05:30,6.825,37.75,
2026-06-05 06:00:00+05:30,8.133333333333333,77.0,
2026-06-05 07:00:00+05:30,11.35,32.5,
2026-06-05 08:00:00+05:30,11.25,46.25,
2026-06-05 09:00:00+05:30,12.549999999999999,80.5,
2026-06-05 10:00:00+05:30,10.875,170.25,
2026-06-05 11:00:00+05:30,9.6,29.0,
2026-06-05 12:00:00+05:30,9.6,31.0,
2026-06-05 13:00:00+05:30,8.8,43.5,
2026-06-05 14:00:00+05:30,8.775,76.75,
2026-06-05 15:00:00+05:30,9.55,40.25,
2026-06-05 16:00:00+05:30,10.7,46.25,
2026-06-05 17:00:00+05:30,11.25,74.0,
2026-06-05 18:00:00+05:30,10.6,136.5,
2026-06-05 19:00:00+05:30,13.075,37.5,
2026-06-05 20:00:00+05:30,14.925,46.0,
2026-06-05 21:00:00+05:30,14.75,34.75,
2026-06-05 22:00:00+05:30,14.975,,
2026-06-05 23:00:00+05:30,8.45,38.0,
2026-06-06 01:00:00+05:30,7.9,50.0,
2026-06-06 02:00:00+05:30,5.55,49.0,
2026-06-06 03:00:00+05:30,8.025,23.0,
2026-06-06 04:00:00+05:30,5.0,28.75,
2026-06-06 05:00:00+05:30,5.875,26.75,
2026-06-06 06:00:00+05:30,9.225,29.0,
2026-06-06 07:00:00+05:30,10.5,29.25,
2026-06-06 08:00:00+05:30,9.25,32.25,
2026-06-06 09:00:00+05:30,10.55,40.75,
2026-06-06 10:00:00+05:30,7.85,51.25,
2026-06-06 11:00:00+05:30,7.233333333333333,29.25,
2026-06-06 12:00:00+05:30,10.033333333333333,38.25,
2026-06-06 13:00:00+05:30,10.05,41.0,
2026-06-06 14:00:00+05:30,8.275,26.75,
2026-06-06 15:00:00+05:30,8.15,50.0,
2026-06-06 16:00:00+05:30,9.725,50.0,
2026-06-06 17:00:00+05:30,9.5,47.25,
2026-06-06 18:00:00+05:30,9.7,42.0,
2026-06-06 19:00:00+05:30,9.6,39.0,
2026-06-06 20:00:00+05:30,11.775,39.0,
2026-06-06 21:00:00+05:30,13.15,42.5,
2026-06-06 22:00:00+05:30,11.775,50.25,
2026-06-06 23:00:00+05:30,11.025,60.0,
2026-06-07 01:00:00+05:30,9.6,257.0,
2026-06-07 02:00:00+05:30,6.0,249.75,
2026-06-07 03:00:00+05:30,5.775,40.25,
2026-06-07 04:00:00+05:30,4.575,42.0,
2026-06-07 05:00:00+05:30,9.375,55.0,
2026-06-07 06:00:00+05:30,9.4,104.0,
2026-06-07 07:00:00+05:30,11.866666666666667,45.666666666666664,
2026-06-07 08:00:00+05:30,11.6,59.75,
2026-06-07 09:00:00+05:30,12.1,91.75,
2026-06-07 10:00:00+05:30,9.7,188.5,
2026-06-07 11:00:00+05:30,9.799999999999999,60.75,
2026-06-07 12:00:00+05:30,9.0,66.75,
2026-06-07 13:00:00+05:30,9.2,94.75,
2026-06-07 14:00:00+05:30,8.95,58.25,
2026-06-07 15:00:00+05:30,8.274999999999999,85.5,
2026-06-07 16:00:00+05:30,9.4,135.0,
2026-06-07 17:00:00+05:30,9.225,63.25,
2026-06-07 18:00:00+05:30,11.15,69.75,
2026-06-07 19:00:00+05:30,10.825000000000001,80.0,
2026-06-07 20:00:00+05:30,14.375,134.25,
2026-06-07 21:00:00+05:30,12.3,52.75,
2026-06-07 22:00:00+05:30,8.9,63.0,
2026-06-07 23:00:00+05:30,7.45,103.25,
2026-06-08 01:00:00+05:30,4.2,177.0,
2026-06-08 02:00:00+05:30,2.7,172.75,
2026-06-08 03:00:00+05:30,3.35,49.5,
2026-06-08 04:00:00+05:30,3.475,47.5,
2026-06-08 05:00:00+05:30,4.625,77.5,
2026-06-08 06:00:00+05:30,7.35,31.25,
2026-06-08 07:00:00+05:30,11.3,42.0,
2026-06-08 08:00:00+05:30,10.225,245.75,
2026-06-08 09:00:00+05:30,11.975,69.25,
2026-06-08 10:00:00+05:30,14.175,76.25,
2026-06-08 11:00:00+05:30,12.4,88.25,
2026-06-08 12:00:00+05:30,9.733333333333334,186.25,
2026-06-08 13:00:00+05:30,6.9,51.0,
2026-06-08 14:00:00+05:30,6.85,46.5,
2026-06-08 15:00:00+05:30,7.225,76.5,
2026-06-08 16:00:00+05:30,7.2,144.0,
2026-06-08 17:00:00+05:30,9.85,63.25,
2026-06-08 18:00:00+05:30,10.675,66.5,
2026-06-08 19:00:00+05:30,12.05,60.75,
2026-06-08 20:00:00+05:30,12.525,85.5,
2026-06-08 21:00:00+05:30,10.925,40.25,
2026-06-08 22:00:00+05:30,7.875,46.0,
2026-06-08 23:00:00+05:30,5.3,93.25,
2026-06-09 01:00:00+05:30,2.4,64.0,
2026-06-09 02:00:00+05:30,1.225,76.5,
2026-06-09 03:00:00+05:30,1.45,88.25,
2026-06-09 04:00:00+05:30,1.525,153.75,
2026-06-09 05:00:00+05:30,3.45,32.25,
2026-06-09 06:00:00+05:30,7.075,42.25,
2026-06-09 07:00:00+05:30,12.0,47.0,
2026-06-09 08:00:00+05:30,12.225,368.5,
2026-06-09 09:00:00+05:30,12.533333333333333,59.666666666666664,
2026-06-09 10:00:00+05:30,9.9,76.0,
2026-06-09 11:00:00+05:30,10.299999999999999,86.0,
2026-06-09 12:00:00+05:30,8.35,62.0,
2026-06-09 13:00:00+05:30,9.0,77.33333333333333,
2026-06-09 14:00:00+05:30,7.933333333333334,66.66666666666667,
2026-06-09 15:00:00+05:30,7.925,116.25,
2026-06-09 16:00:00+05:30,9.85,222.75,
2026-06-09 17:00:00+05:30,9.575,67.5,
2026-06-09 18:00:00+05:30,10.425,84.25,
2026-06-09 19:00:00+05:30,9.825,102.0,
2026-06-09 20:00:00+05:30,9.75,132.75,
2026-06-09 21:00:00+05:30,6.225,63.25,
2026-06-09 22:00:00+05:30,4.95,44.25,
2026-06-09 23:00:00+05:30,4.0,88.75,
2026-06-10 00:00:00+05:30,4.2,186.0,
2026-06-10 01:00:00+05:30,3.5,57.25,
2026-06-10 02:00:00+05:30,1.725,69.0,
2026-06-10 03:00:00+05:30,1.45,99.5,
2026-06-10 04:00:00+05:30,1.75,183.0,
2026-06-10 05:00:00+05:30,1.6,44.75,
2026-06-10 06:00:00+05:30,3.9,63.5,
2026-06-10 07:00:00+05:30,8.675,105.25,
2026-06-10 08:00:00+05:30,10.75,267.0,
2026-06-10 09:00:00+05:30,14.525,67.0,
2026-06-10 13:00:00+05:30,8.8,221.0,
2026-06-10 14:00:00+05:30,8.575,79.75,
2026-06-10 15:00:00+05:30,9.275,76.5,
2026-06-10 16:00:00+05:30,8.275,47.25,
2026-06-10 17:00:00+05:30,9.5,9.0,
2026-06-10 18:00:00+05:30,9.966666666666667,4.0,
2026-06-10 19:00:00+05:30,10.0,4.0,
2026-06-10 20:00:00+05:30,8.75,4.5,
2026-06-10 21:00:00+05:30,7.875,6.0,
2026-06-10 22:00:00+05:30,6.15,2.0,
2026-06-10 23:00:00+05:30,4.074999999999999,18.0,
2026-06-11 00:00:00+05:30,2.0,55.0,
2026-06-11 01:00:00+05:30,2.625,54.25,
2026-06-11 02:00:00+05:30,2.8,31.25,
2026-06-11 03:00:00+05:30,0.4333333333333333,34.0,
2026-06-11 04:00:00+05:30,2.0,44.0,
2026-06-11 05:00:00+05:30,3.125,72.5,
2026-06-11 06:00:00+05:30,4.775,28.0,
2026-06-11 07:00:00+05:30,7.3999999999999995,27.5,
2026-06-11 09:00:00+05:30,10.2,17.0,
2026-06-11 10:00:00+05:30,8.0,5.0,
2026-06-11 11:00:00+05:30,9.566666666666666,5.75,
2026-06-11 12:00:00+05:30,8.75,5.666666666666667,
2026-06-11 13:00:00+05:30,7.05,7.0,
2026-06-11 14:00:00+05:30,7.25,5.0,
2026-06-11 15:00:00+05:30,10.025,37.0,
2026-06-11 16:00:00+05:30,8.875,80.0,
2026-06-11 17:00:00+05:30,8.7,78.75,
2026-06-11 18:00:00+05:30,8.825000000000001,40.75,
2026-06-11 19:00:00+05:30,7.575,36.75,
2026-06-11 20:00:00+05:30,7.85,29.0,
2026-06-11 21:00:00+05:30,6.8,31.75,
2026-06-11 22:00:00+05:30,6.1,23.25,
2026-06-11 23:00:00+05:30,3.925,27.25,
2026-06-12 00:00:00+05:30,2.9,6.0,
2026-06-12 01:00:00+05:30,2.45,7.0,
2026-06-12 02:00:00+05:30,1.7000000000000002,30.0,
2026-06-12 03:00:00+05:30,2.2,31.75,
2026-06-12 04:00:00+05:30,1.9,33.75,
2026-06-12 05:00:00+05:30,1.35,28.0,
2026-06-12 06:00:00+05:30,2.575,27.25,
2026-06-12 07:00:00+05:30,5.85,33.5,
2026-06-12 08:00:00+05:30,6.025,43.5,
2026-06-12 09:00:00+05:30,10.0,33.25,
2026-06-12 10:00:00+05:30,10.35,36.0,
2026-06-12 11:00:00+05:30,10.133333333333333,24.5,
2026-06-12 12:00:00+05:30,7.3,37.0,
2026-06-12 13:00:00+05:30,7.75,37.75,
2026-06-12 14:00:00+05:30,6.533333333333334,29.0,
2026-06-12 15:00:00+05:30,5.6,17.5,
2026-06-12 16:00:00+05:30,7.25,35.25,
2026-06-12 17:00:00+05:30,6.966666666666666,45.0,
2026-06-12 18:00:00+05:30,7.199999999999999,31.0,
2026-06-12 19:00:00+05:30,8.6,5.75,
2026-06-12 20:00:00+05:30,7.833333333333333,61.0,
2026-06-12 21:00:00+05:30,8.5,33.0,
2026-06-12 22:00:00+05:30,5.475,27.5,
2026-06-12 23:00:00+05:30,4.4,29.0,
2026-06-13 00:00:00+05:30,2.2,28.0,
2026-06-13 01:00:00+05:30,2.575,30.0,
2026-06-13 02:00:00+05:30,1.5,32.75,
2026-06-13 03:00:00+05:30,1.825,26.25,
2026-06-13 04:00:00+05:30,1.9666666666666668,31.0,
2026-06-13 05:00:00+05:30,2.475,33.25,
2026-06-13 06:00:00+05:30,3.85,38.0,
2026-06-13 07:00:00+05:30,4.575,41.5,
2026-06-13 08:00:00+05:30,5.825,48.5,
2026-06-13 09:00:00+05:30,6.1,36.75,
2026-06-13 10:00:00+05:30,7.75,30.25,
2026-06-13 11:00:00+05:30,7.066666666666666,19.25,
2026-06-13 12:00:00+05:30,5.933333333333333,27.25,
2026-06-13 13:00:00+05:30,6.15,25.0,
2026-06-13 14:00:00+05:30,4.45,16.5,
2026-06-13 15:00:00+05:30,5.875,31.0,
2026-06-13 16:00:00+05:30,7.074999999999999,32.75,
2026-06-13 17:00:00+05:30,7.35,35.0,
2026-06-13 18:00:00+05:30,7.75,37.0,
2026-06-13 19:00:00+05:30,10.399999999999999,31.25,
2026-06-13 20:00:00+05:30,11.05,26.25,
2026-06-13 21:00:00+05:30,9.875,31.75,
2026-06-13 22:00:00+05:30,7.3500000000000005,25.75,
2026-06-13 23:00:00+05:30,5.85,19.0,
2026-06-14 00:00:00+05:30,3.6,22.0,
2026-06-14 01:00:00+05:30,3.9,25.0,
2026-06-14 02:00:00+05:30,3.0,34.0,
2026-06-14 03:00:00+05:30,3.175,26.0,
2026-06-14 04:00:00+05:30,3.5749999999999997,26.75,
2026-06-14 05:00:00+05:30,4.375,29.0,
2026-06-14 06:00:00+05:30,6.65,28.25,
2026-06-14 07:00:00+05:30,8.975,31.75,
2026-06-14 08:00:00+05:30,10.025,28.0,
2026-06-14 09:00:00+05:30,10.0,26.0,
2026-06-14 10:00:00+05:30,12.375,,
2026-06-14 11:00:00+05:30,13.233333333333334,,
2026-06-14 12:00:00+05:30,8.366666666666667,,
2026-06-14 13:00:00+05:30,9.35,,
2026-06-14 14:00:00+05:30,9.225,6.0,
2026-06-14 15:00:00+05:30,11.75,,
2026-06-14 16:00:00+05:30,12.225,,
2026-06-14 17:00:00+05:30,13.025,14.75,
2026-06-14 18:00:00+05:30,14.025,18.75,
2026-06-14 19:00:00+05:30,12.475,54.0,
2026-06-14 20:00:00+05:30,12.175,,
2026-06-14 21:00:00+05:30,11.524999999999999,21.0,
2026-06-14 22:00:00+05:30,8.075,26.75,
2026-06-14 23:00:00+05:30,6.05,13.0,
2026-06-15 01:00:00+05:30,4.2,,14.0
2026-06-15 02:00:00+05:30,2.4,,11.666666666666666
2026-06-15 03:00:00+05:30,3.4,14.0,6.0
2026-06-15 04:00:00+05:30,1.975,37.0,3.0
2026-06-15 05:00:00+05:30,3.9,10.25,4.25
2026-06-15 06:00:00+05:30,7.75,29.0,9.0
2026-06-15 07:00:00+05:30,8.7,60.5,10.5
2026-06-15 08:00:00+05:30,7.6,18.0,19.0
2026-06-15 09:00:00+05:30,9.525,11.25,11.0
2026-06-15 10:00:00+05:30,10.0,39.25,7.25
2026-06-15 11:00:00+05:30,10.700000000000001,99.75,42.75
2026-06-15 12:00:00+05:30,10.933333333333332,5.25,8.25
2026-06-15 13:00:00+05:30,8.666666666666666,17.0,9.0
2026-06-15 14:00:00+05:30,8.35,26.5,9.0
2026-06-15 15:00:00+05:30,6.025,51.0,7.25
2026-06-15 16:00:00+05:30,6.025,24.75,13.0
2026-06-15 17:00:00+05:30,7.625,21.25,12.0
2026-06-15 22:00:00+05:30,7.966666666666666,12.0,3.0
2026-06-15 23:00:00+05:30,5.6,,3.5
2026-06-16 01:00:00+05:30,3.5,15.0,10.0
2026-06-16 02:00:00+05:30,2.85,38.25,11.0
2026-06-16 03:00:00+05:30,2.625,110.25,11.75
2026-06-16 04:00:00+05:30,3.3000000000000003,1.6666666666666667,3.0
2026-06-16 05:00:00+05:30,3.15,13.0,2.0
2026-06-16 06:00:00+05:30,5.525,17.5,3.25
2026-06-16 07:00:00+05:30,5.975,24.75,11.0
2026-06-16 08:00:00+05:30,8.825,13.25,10.25
2026-06-16 09:00:00+05:30,12.075,24.75,13.75
2026-06-16 10:00:00+05:30,9.025,32.75,8.0
2026-06-16 11:00:00+05:30,7.7,80.5,8.0
2026-06-16 12:00:00+05:30,7.566666666666667,5.25,6.0
2026-06-16 13:00:00+05:30,5.875,10.25,5.0
2026-06-16 14:00:00+05:30,5.8999999999999995,13.333333333333334,5.0
2026-06-16 15:00:00+05:30,5.75,2.0,8.0
2026-06-16 18:00:00+05:30,7.300000000000001,41.5,7.5
2026-06-16 19:00:00+05:30,8.8,62.75,13.0
2026-06-16 20:00:00+05:30,11.625,3.5,
2026-06-16 21:00:00+05:30,10.45,19.0,3.25
2026-06-16 22:00:00+05:30,8.525,19.0,8.75
2026-06-16 23:00:00+05:30,5.975,,5.25
2026-06-17 00:00:00+05:30,4.3,8.0,8.0
2026-06-17 01:00:00+05:30,3.5749999999999997,6.0,8.0
2026-06-17 02:00:00+05:30,3.3249999999999997,23.25,9.0
2026-06-17 03:00:00+05:30,2.775,81.0,7.75
2026-06-17 04:00:00+05:30,2.5,,3.0
2026-06-17 05:00:00+05:30,3.25,7.0,3.0
2026-06-17 06:00:00+05:30,7.2,23.0,3.0
2026-06-17 07:00:00+05:30,8.975,69.25,4.25
2026-06-17 08:00:00+05:30,9.95,13.25,15.0
2026-06-17 09:00:00+05:30,9.95,20.0,11.75
2026-06-17 10:00:00+05:30,11.149999999999999,16.0,4.0
2026-06-17 12:00:00+05:30,10.066666666666668,,
2026-06-17 13:00:00+05:30,8.725,40.25,19.5
2026-06-17 14:00:00+05:30,8.125,45.75,7.75
2026-06-17 15:00:00+05:30,6.325,120.0,6.0
2026-06-17 16:00:00+05:30,7.075,,
2026-06-17 17:00:00+05:30,9.966666666666667,47.333333333333336,21.0
2026-06-17 18:00:00+05:30,10.125,74.75,24.0
2026-06-17 19:00:00+05:30,10.6,33.0,22.5
2026-06-17 20:00:00+05:30,11.7,30.0,7.25
2026-06-17 21:00:00+05:30,9.925,31.0,15.0
2026-06-17 22:00:00+05:30,7.925,,14.0
2026-06-17 23:00:00+05:30,5.7,56.0,12.5
2026-06-18 00:00:00+05:30,2.8,52.0,26.0
2026-06-18 01:00:00+05:30,2.55,28.75,28.0
2026-06-18 02:00:00+05:30,4.425,22.0,22.0
2026-06-18 03:00:00+05:30,2.85,24.25,18.5
2026-06-18 04:00:00+05:30,2.35,36.25,8.0
2026-06-18 05:00:00+05:30,3.2,15.0,9.0
2026-06-18 06:00:00+05:30,6.75,20.25,12.0
2026-06-18 07:00:00+05:30,10.325,43.75,13.5
2026-06-18 08:00:00+05:30,11.075,97.75,27.0
2026-06-18 09:00:00+05:30,11.375,30.0,24.0
2026-06-18 10:00:00+05:30,9.975,28.25,22.0
2026-06-18 11:00:00+05:30,8.9,37.25,24.5
2026-06-18 12:00:00+05:30,8.033333333333333,46.25,12.0
2026-06-18 13:00:00+05:30,6.7,26.666666666666668,11.0
2026-06-18 14:00:00+05:30,7.5,21.25,
2026-06-18 15:00:00+05:30,9.566666666666668,28.0,10.333333333333334
2026-06-18 16:00:00+05:30,54.13333333333333,30.0,18.0
2026-06-18 17:00:00+05:30,138.7,28.0,20.0
2026-06-18 19:00:00+05:30,61.7,29.0,20.0
2026-06-18 20:00:00+05:30,52.375,49.25,9.0
2026-06-18 21:00:00+05:30,50.3,23.0,12.0
2026-06-18 22:00:00+05:30,39.625,25.0,13.0
2026-06-18 23:00:00+05:30,31.475,36.25,13.0
2026-06-19 01:00:00+05:30,19.5,22.0,20.0
2026-06-19 02:00:00+05:30,15.6,19.75,20.75
2026-06-19 03:00:00+05:30,14.425,17.75,12.75
2026-06-19 04:00:00+05:30,14.5,22.75,5.25
2026-06-19 05:00:00+05:30,14.15,14.0,9.25
2026-06-19 06:00:00+05:30,15.8,17.25,12.0
2026-06-19 07:00:00+05:30,17.55,28.75,15.0
2026-06-19 08:00:00+05:30,19.1,51.0,18.25
2026-06-19 09:00:00+05:30,16.675,21.25,19.75
2026-06-19 10:00:00+05:30,57.275,24.0,15.25
2026-06-19 11:00:00+05:30,,50.0,16.0
2026-06-19 12:00:00+05:30,44.03333333333333,48.75,7.25
2026-06-19 13:00:00+05:30,36.95,14.0,14.0
2026-06-19 14:00:00+05:30,32.1,18.0,13.666666666666666
2026-06-19 15:00:00+05:30,39.825,22.75,6.25
2026-06-19 17:00:00+05:30,31.9,18.0,17.0
2026-06-19 18:00:00+05:30,91.35,29.75,16.75
2026-06-19 19:00:00+05:30,,29.75,12.0
2026-06-19 20:00:00+05:30,,48.666666666666664,14.0
2026-06-19 21:00:00+05:30,,21.0,14.0
2026-06-19 22:00:00+05:30,,23.0,15.0
2026-06-19 23:00:00+05:30,,33.75,10.25
2026-06-20 01:00:00+05:30,,19.0,15.0
2026-06-20 02:00:00+05:30,,17.0,19.75
2026-06-20 03:00:00+05:30,,20.75,17.5
2026-06-20 04:00:00+05:30,,37.0,8.0
2026-06-20 05:00:00+05:30,,13.25,8.0
2026-06-20 06:00:00+05:30,,19.0,13.0
2026-06-20 07:00:00+05:30,,33.75,12.25
2026-06-20 08:00:00+05:30,,64.25,18.0
2026-06-20 09:00:00+05:30,37.55,18.25,17.25
2026-06-20 10:00:00+05:30,23.925,26.25,19.0
2026-06-20 11:00:00+05:30,21.866666666666664,31.25,17.75
2026-06-20 12:00:00+05:30,21.866666666666664,20.25,10.0
2026-06-20 13:00:00+05:30,20.425,26.0,11.0
2026-06-20 14:00:00+05:30,20.724999999999998,22.75,9.0
2026-06-20 15:00:00+05:30,20.3,13.5,9.25
2026-06-20 16:00:00+05:30,20.1,23.0,15.0
2026-06-20 17:00:00+05:30,19.133333333333333,31.333333333333332,17.666666666666668
2026-06-20 18:00:00+05:30,20.425,41.5,12.25
2026-06-20 19:00:00+05:30,23.325,28.0,17.75
2026-06-20 20:00:00+05:30,23.375,30.25,7.25
2026-06-20 21:00:00+05:30,24.35,33.75,9.25
2026-06-20 22:00:00+05:30,21.725,24.0,11.0
2026-06-20 23:00:00+05:30,17.225,24.0,10.25
2026-06-21 00:00:00+05:30,21.2,106.0,21.0
2026-06-21 01:00:00+05:30,15.625,103.0,20.75
2026-06-21 02:00:00+05:30,11.95,17.25,16.0
2026-06-21 03:00:00+05:30,12.925,21.75,15.0
2026-06-21 04:00:00+05:30,14.1,11.5,
2026-06-21 05:00:00+05:30,13.425,21.5,3.25
2026-06-21 06:00:00+05:30,17.75,11.0,11.0
2026-06-21 07:00:00+05:30,21.425,13.25,10.5
2026-06-21 08:00:00+05:30,23.96666666666667,22.0,27.0
2026-06-21 09:00:00+05:30,13.299999999999999,125.33333333333333,29.666666666666668
2026-06-21 10:00:00+05:30,14.425,4.5,3.25
2026-06-21 11:00:00+05:30,14.0,15.75,13.5
2026-06-21 12:00:00+05:30,15.4,15.0,1.25
2026-06-21 13:00:00+05:30,14.775,29.5,4.25
2026-06-21 14:00:00+05:30,13.925,16.25,9.0
2026-06-21 15:00:00+05:30,13.299999999999999,25.0,9.0
2026-06-21 16:00:00+05:30,15.025,36.25,20.5
2026-06-21 17:00:00+05:30,15.600000000000001,68.25,5.25
2026-06-21 18:00:00+05:30,19.7,17.0,9.0
2026-06-21 19:00:00+05:30,19.575,19.0,9.75
2026-06-21 20:00:00+05:30,20.7,25.0,6.0
2026-06-21 21:00:00+05:30,19.65,48.0,8.0
2026-06-21 22:00:00+05:30,18.4,17.75,7.25
2026-06-21 23:00:00+05:30,14.4,22.0,8.25
2026-06-22 00:00:00+05:30,11.6,41.0,9.0
2026-06-22 01:00:00+05:30,11.625,11.0,9.0
2026-06-22 02:00:00+05:30,9.833333333333334,14.0,8.333333333333334
2026-06-22 03:00:00+05:30,8.3,25.75,10.75
2026-06-22 04:00:00+05:30,8.725,65.0,4.25
2026-06-22 05:00:00+05:30,15.4,10.666666666666666,9.0
2026-06-22 06:00:00+05:30,11.125,16.25,7.25
2026-06-22 07:00:00+05:30,16.975,42.5,12.25
2026-06-22 08:00:00+05:30,25.75,2.25,16.75
2026-06-22 09:00:00+05:30,22.65,22.5,14.75
2026-06-22 10:00:00+05:30,19.25,64.0,9.0
2026-06-22 11:00:00+05:30,17.7,5.25,8.75
2026-06-22 12:00:00+05:30,14.266666666666666,15.75,5.0
2026-06-22 13:00:00+05:30,10.225,23.25,4.0
2026-06-22 14:00:00+05:30,10.5,55.25,4.0
2026-06-22 15:00:00+05:30,9.933333333333332,10.0,4.0
2026-06-22 17:00:00+05:30,14.0,26.0,9.0
2026-06-22 18:00:00+05:30,14.275,46.75,8.0
2026-06-22 19:00:00+05:30,23.225,8.0,8.0
2026-06-22 20:00:00+05:30,24.233333333333334,12.0,7.0
2026-06-22 21:00:00+05:30,19.55,21.75,8.0
2026-06-22 22:00:00+05:30,24.9,52.5,8.0
2026-06-22 23:00:00+05:30,25.675,7.0,11.75
2026-06-23 00:00:00+05:30,22.7,7.0,9.0
2026-06-23 01:00:00+05:30,21.175,13.25,6.0
2026-06-23 02:00:00+05:30,18.85,39.75,7.0
2026-06-23 03:00:00+05:30,19.549999999999997,3.0,6.0
2026-06-23 04:00:00+05:30,20.175,3.0,4.0
2026-06-23 05:00:00+05:30,20.275,15.75,4.0
2026-06-23 06:00:00+05:30,16.025,52.25,7.0
2026-06-23 07:00:00+05:30,16.15,3.0,6.25
2026-06-23 08:00:00+05:30,15.633333333333333,7.0,9.0
2026-06-23 09:00:00+05:30,32.3,24.25,10.0
2026-06-23 16:00:00+05:30,29.6,3.0,8.0
2026-06-25 22:00:00+05:30,3.0,13.25,6.75
2026-06-25 23:00:00+05:30,3.35,7.25,9.5
2026-06-26 00:00:00+05:30,1.6,8.0,7.0
2026-06-26 01:00:00+05:30,3.05,6.5,9.5
2026-06-26 02:00:00+05:30,3.25,6.75,11.75
2026-06-26 03:00:00+05:30,4.075,9.5,10.25
2026-06-26 04:00:00+05:30,3.325,6.75,9.25
2026-06-26 05:00:00+05:30,4.4,8.25,9.0
2026-06-26 06:00:00+05:30,4.425,11.25,12.0
2026-06-26 07:00:00+05:30,5.3,19.0,17.75
2026-06-26 08:00:00+05:30,5.65,27.25,29.25
2026-06-26 09:00:00+05:30,4.55,27.5,34.5
2026-06-26 10:00:00+05:30,4.125,19.25,23.25
2026-06-26 11:00:00+05:30,2.3,18.5,21.5
2026-06-26 12:00:00+05:30,2.75,19.75,20.25
2026-06-26 13:00:00+05:30,1.95,16.75,
2026-06-26 14:00:00+05:30,1.35,14.5,4.0
2026-06-26 15:00:00+05:30,1.4,14.0,8.5
2026-06-26 16:00:00+05:30,1.4,14.75,10.75
2026-06-26 17:00:00+05:30,1.9500000000000002,15.75,11.0
2026-06-26 18:00:00+05:30,1.9749999999999999,16.0,11.75
2026-06-26 19:00:00+05:30,2.05,13.5,10.5
2026-06-26 20:00:00+05:30,14.175,68.5,14.75
2026-06-26 21:00:00+05:30,16.433333333333334,,16.333333333333332
2026-06-26 22:00:00+05:30,14.325,58.0,16.25
2026-06-26 23:00:00+05:30,17.575,48.5,13.75
2026-06-27 00:00:00+05:30,16.0,50.0,14.0
2026-06-27 01:00:00+05:30,11.875,39.5,14.0
2026-06-27 02:00:00+05:30,13.75,31.5,13.25
2026-06-27 03:00:00+05:30,14.75,35.75,15.25
2026-06-27 04:00:00+05:30,6.975,41.75,14.25
2026-06-27 05:00:00+05:30,12.625,26.5,12.5
2026-06-27 06:00:00+05:30,16.775,19.75,10.25
2026-06-27 07:00:00+05:30,18.325,34.0,17.0
2026-06-27 08:00:00+05:30,17.75,46.5,24.5
2026-06-27 09:00:00+05:30,18.9,55.25,28.5
2026-06-27 10:00:00+05:30,15.475,66.25,26.75
2026-06-27 11:00:00+05:30,9.925,62.75,15.75
2026-06-27 12:00:00+05:30,8.3,57.25,11.5
2026-06-27 13:00:00+05:30,7.7,49.0,8.5
2026-06-27 14:00:00+05:30,7.85,51.0,11.0
2026-06-27 15:00:00+05:30,8.325,56.75,14.25
2026-06-27 16:00:00+05:30,8.45,62.0,12.5
2026-06-27 17:00:00+05:30,9.725,67.0,18.25
2026-06-27 18:00:00+05:30,10.233333333333334,78.0,12.0
2026-06-27 19:00:00+05:30,12.15,66.25,19.0
2026-06-27 20:00:00+05:30,14.05,60.75,17.25
2026-06-27 21:00:00+05:30,16.575,71.25,11.5
2026-06-27 22:00:00+05:30,14.45,57.0,14.75
2026-06-27 23:00:00+05:30,12.775,58.5,16.75
2026-06-28 00:00:00+05:30,10.3,89.0,16.0
2026-06-28 01:00:00+05:30,9.7,92.25,23.75
2026-06-28 02:00:00+05:30,11.025,78.0,22.75
2026-06-28 03:00:00+05:30,11.675,58.25,25.75
2026-06-28 04:00:00+05:30,12.225,33.0,24.75
2026-06-28 05:00:00+05:30,23.975,21.5,13.75
2026-06-28 06:00:00+05:30,8.45,27.75,13.5
2026-06-28 07:00:00+05:30,14.666666666666666,30.0,17.666666666666668
2026-06-28 08:00:00+05:30,11.0,24.5,18.25
2026-06-28 09:00:00+05:30,6.525,30.75,15.5
2026-06-28 10:00:00+05:30,5.949999999999999,36.0,12.5
2026-06-28 11:00:00+05:30,7.7,42.5,9.0
2026-06-28 12:00:00+05:30,6.15,35.25,6.5
2026-06-28 13:00:00+05:30,6.95,42.25,6.0
2026-06-28 14:00:00+05:30,6.199999999999999,50.5,11.5
2026-06-28 15:00:00+05:30,6.8,57.666666666666664,17.333333333333332
2026-06-28 16:00:00+05:30,7.725,51.5,18.25
2026-06-28 17:00:00+05:30,9.299999999999999,47.666666666666664,23.666666666666668
2026-06-28 18:00:00+05:30,9.5,54.0,18.5
2026-06-28 19:00:00+05:30,9.5,56.5,12.25
2026-06-28 20:00:00+05:30,8.825,69.25,19.75
2026-06-28 21:00:00+05:30,9.85,74.5,14.75
2026-06-28 22:00:00+05:30,6.824999999999999,79.75,17.75
2026-06-28 23:00:00+05:30,4.175,70.0,16.0
2026-06-29 00:00:00+05:30,2.9,61.0,12.0
2026-06-29 01:00:00+05:30,2.7,67.25,27.0
2026-06-29 02:00:00+05:30,4.95,51.0,27.0
2026-06-29 03:00:00+05:30,7.85,41.0,24.0
2026-06-29 04:00:00+05:30,10.725,15.0,11.75
2026-06-29 05:00:00+05:30,14.45,12.75,9.0
2026-06-29 06:00:00+05:30,5.225,23.0,9.5
2026-06-29 07:00:00+05:30,17.725,26.75,12.5
2026-06-29 08:00:00+05:30,25.475,28.75,19.25
2026-06-29 09:00:00+05:30,15.55,28.0,22.0
2026-06-29 10:00:00+05:30,8.9,46.5,16.0
2026-06-29 11:00:00+05:30,15.45,60.75,24.0
2026-06-29 12:00:00+05:30,9.3,50.5,13.0
2026-06-29 13:00:00+05:30,17.575,29.75,10.5
2026-06-29 14:00:00+05:30,21.5,25.0,11.75
2026-06-29 15:00:00+05:30,12.775,38.25,13.5
2026-06-29 16:00:00+05:30,11.725,43.5,12.5
2026-06-29 17:00:00+05:30,13.325,26.75,14.25
2026-06-29 18:00:00+05:30,17.85,27.5,24.5
2026-06-29 19:00:00+05:30,23.0,25.0,16.75
2026-06-29 20:00:00+05:30,21.2,16.75,14.0
2026-06-29 21:00:00+05:30,21.525,17.25,11.75
2026-06-29 22:00:00+05:30,27.425,19.5,12.5
2026-06-29 23:00:00+05:30,9.2,28.0,13.75
2026-06-30 00:00:00+05:30,5.3,19.0,13.0
2026-06-30 01:00:00+05:30,3.05,31.5,15.25
2026-06-30 02:00:00+05:30,3.225,36.5,16.75
2026-06-30 03:00:00+05:30,3.225,33.25,17.75
2026-06-30 04:00:00+05:30,5.675000000000001,49.25,18.75
2026-06-30 05:00:00+05:30,5.85,32.0,10.25
2026-06-30 06:00:00+05:30,3.575,32.5,7.25
2026-06-30 07:00:00+05:30,8.275,45.0,9.25
2026-06-30 08:00:00+05:30,16.375,28.5,16.25
2026-06-30 09:00:00+05:30,17.225,27.0,15.5
2026-06-30 10:00:00+05:30,18.425,38.0,11.0
2026-06-30 11:00:00+05:30,12.975,66.75,23.5
2026-06-30 12:00:00+05:30,16.675,58.5,12.75
2026-06-30 13:00:00+05:30,15.675,33.75,9.0
2026-06-30 14:00:00+05:30,10.025,25.75,10.5
2026-06-30 15:00:00+05:30,16.0,19.5,9.5
2026-06-30 16:00:00+05:30,12.899999999999999,22.75,12.75
2026-06-30 17:00:00+05:30,20.375,33.5,14.0
2026-06-30 18:00:00+05:30,24.75,25.0,15.0
2026-06-30 19:00:00+05:30,6.65,26.75,13.5
2026-06-30 20:00:00+05:30,15.0,31.5,12.5
2026-06-30 21:00:00+05:30,14.466666666666669,36.0,10.666666666666666
2026-06-30 22:00:00+05:30,5.1,30.0,14.0
2026-06-30 23:00:00+05:30,18.6,27.25,12.5
2026-07-01 01:00:00+05:30,1.5,37.0,13.0
2026-07-01 02:00:00+05:30,1.575,48.0,20.0
2026-07-01 03:00:00+05:30,0.9500000000000001,72.0,22.0
2026-07-01 04:00:00+05:30,1.5,65.5,16.5
2026-07-01 05:00:00+05:30,3.45,74.5,12.0
2026-07-01 06:00:00+05:30,10.3,45.0,8.0
2026-07-01 07:00:00+05:30,14.0,32.0,7.5
2026-07-01 08:00:00+05:30,10.275,23.5,14.0
2026-07-01 10:00:00+05:30,10.0,43.0,18.0
2026-07-01 11:00:00+05:30,26.1,48.5,10.25
2026-07-01 12:00:00+05:30,5.75,52.25,11.25
2026-07-01 13:00:00+05:30,5.775,24.0,8.25
2026-07-01 14:00:00+05:30,7.1,28.5,4.5
2026-07-01 15:00:00+05:30,6.375,39.5,4.0
2026-07-01 16:00:00+05:30,7.15,46.75,14.25
2026-07-01 17:00:00+05:30,4.975,52.0,14.5
2026-07-01 18:00:00+05:30,5.449999999999999,52.5,14.0
2026-07-01 19:00:00+05:30,4.425,52.75,10.75
2026-07-01 20:00:00+05:30,5.975,57.75,9.25
2026-07-01 21:00:00+05:30,6.625,87.25,17.75
2026-07-01 22:00:00+05:30,10.899999999999999,46.25,9.75
2026-07-01 23:00:00+05:30,14.05,24.25,14.0
2026-07-02 00:00:00+05:30,16.1,27.0,11.0
2026-07-02 01:00:00+05:30,19.15,27.75,17.25
2026-07-02 02:00:00+05:30,10.525,27.0,19.0
2026-07-02 03:00:00+05:30,13.45,,
2026-07-02 04:00:00+05:30,24.125,,
2026-07-02 05:00:00+05:30,26.9,,
2026-07-02 06:00:00+05:30,14.05,16.0,8.0
2026-07-02 07:00:00+05:30,9.6,,
2026-07-02 08:00:00+05:30,17.225,28.0,18.0
2026-07-02 09:00:00+05:30,33.65,37.0,28.0
2026-07-02 10:00:00+05:30,7.75,,
2026-07-02 11:00:00+05:30,6.775,55.25,20.25
2026-07-02 12:00:00+05:30,4.125,52.5,20.25
2026-07-02 13:00:00+05:30,4.35,48.5,10.0
2026-07-02 14:00:00+05:30,14.9,42.5,7.75
2026-07-02 15:00:00+05:30,23.299999999999997,48.25,9.5
2026-07-02 16:00:00+05:30,19.175,69.75,19.5
2026-07-02 17:00:00+05:30,16.15,115.0,20.5
2026-07-02 18:00:00+05:30,14.925,135.5,30.25
2026-07-02 19:00:00+05:30,14.725,130.25,30.0
2026-07-02 20:00:00+05:30,13.725,112.25,28.25
2026-07-02 21:00:00+05:30,17.625,76.0,24.75
2026-07-02 22:00:00+05:30,24.700000000000003,71.0,24.75
2026-07-02 23:00:00+05:30,7.775,51.5,20.25
2026-07-03 00:00:00+05:30,8.5,31.0,12.0
2026-07-03 01:00:00+05:30,6.175,27.0,12.0
2026-07-03 02:00:00+05:30,4.824999999999999,23.75,14.25
2026-07-03 03:00:00+05:30,17.175,15.25,11.25
2026-07-03 04:00:00+05:30,7.5249999999999995,25.5,9.25
2026-07-03 05:00:00+05:30,16.025000000000002,28.25,19.25
2026-07-03 06:00:00+05:30,9.275,19.25,
2026-07-03 07:00:00+05:30,23.725,17.0,12.0
2026-07-03 08:00:00+05:30,26.575,22.5,20.5
2026-07-03 09:00:00+05:30,16.925,28.75,22.25
2026-07-03 10:00:00+05:30,9.1,27.333333333333332,22.0
2026-07-03 11:00:00+05:30,11.700000000000001,35.666666666666664,15.333333333333334
2026-07-03 12:00:00+05:30,13.766666666666666,41.5,17.0
2026-07-03 13:00:00+05:30,11.5,32.5,11.75
2026-07-03 14:00:00+05:30,10.2,31.75,7.0
2026-07-03 15:00:00+05:30,10.8,21.25,9.0
2026-07-03 16:00:00+05:30,12.425,19.5,10.0
2026-07-03 17:00:00+05:30,13.8,28.5,10.75
2026-07-03 18:00:00+05:30,19.675,31.75,21.0
2026-07-03 19:00:00+05:30,13.366666666666667,40.0,24.666666666666668
2026-07-03 20:00:00+05:30,9.075,25.0,14.0
2026-07-03 21:00:00+05:30,8.95,37.25,18.75
2026-07-03 22:00:00+05:30,6.725,62.25,21.0
2026-07-03 23:00:00+05:30,11.275,43.75,14.0
2026-07-04 00:00:00+05:30,4.7,31.0,17.0
2026-07-04 01:00:00+05:30,4.125,37.25,10.0
2026-07-04 02:00:00+05:30,2.975,53.75,19.0
2026-07-04 03:00:00+05:30,2.675,91.0,27.5
2026-07-04 04:00:00+05:30,2.15,63.25,24.5
2026-07-04 05:00:00+05:30,3.775,50.0,23.0
2026-07-04 06:00:00+05:30,6.2,38.75,11.25
2026-07-04 07:00:00+05:30,7.233333333333333,56.666666666666664,14.333333333333334
2026-07-04 08:00:00+05:30,8.35,78.0,26.5
2026-07-04 09:00:00+05:30,7.6,60.0,16.0
2026-07-04 10:00:00+05:30,6.75,61.75,20.75
2026-07-04 11:00:00+05:30,7.775,59.75,18.75
2026-07-04 12:00:00+05:30,7.550000000000001,59.75,19.0
2026-07-04 13:00:00+05:30,5.75,57.5,16.0
2026-07-04 14:00:00+05:30,6.75,55.75,10.0
2026-07-04 15:00:00+05:30,5.325,41.0,8.25
2026-07-04 16:00:00+05:30,3.95,31.5,11.25
2026-07-04 17:00:00+05:30,4.3,34.75,11.25
2026-07-04 18:00:00+05:30,4.3,29.0,15.75
2026-07-04 19:00:00+05:30,4.05,39.5,23.25
2026-07-04 20:00:00+05:30,5.3500000000000005,53.75,23.25
2026-07-04 21:00:00+05:30,5.45,61.75,25.25
2026-07-04 22:00:00+05:30,5.25,78.0,
2026-07-04 23:00:00+05:30,4.85,100.75,18.0
2026-07-05 00:00:00+05:30,3.7,103.0,19.0
2026-07-05 01:00:00+05:30,3.975,96.75,19.0
2026-07-05 02:00:00+05:30,2.0,81.0,25.0
2026-07-05 03:00:00+05:30,1.575,59.75,24.25
2026-07-05 04:00:00+05:30,2.55,49.25,19.25
2026-07-05 05:00:00+05:30,1.85,48.0,17.0
2026-07-05 06:00:00+05:30,2.225,64.5,6.0
2026-07-05 07:00:00+05:30,2.766666666666667,93.0,12.333333333333334
2026-07-05 08:00:00+05:30,2.1666666666666665,90.0,14.0
2026-07-05 09:00:00+05:30,2.95,54.5,12.25
2026-07-05 10:00:00+05:30,2.5999999999999996,50.75,16.0
2026-07-05 11:00:00+05:30,4.5,60.75,22.5
2026-07-05 12:00:00+05:30,3.6,63.75,19.25
2026-07-05 13:00:00+05:30,5.7,62.5,17.5
2026-07-05 14:00:00+05:30,4.275,61.25,6.0
2026-07-05 15:00:00+05:30,3.8,60.25,7.0
2026-07-05 16:00:00+05:30,3.85,59.0,8.75
2026-07-05 17:00:00+05:30,4.45,36.25,8.25
2026-07-05 18:00:00+05:30,5.675000000000001,67.75,19.75
2026-07-05 19:00:00+05:30,8.475000000000001,89.0,37.0
2026-07-05 20:00:00+05:30,10.275,110.0,45.5
2026-07-05 21:00:00+05:30,10.475,115.75,47.0
2026-07-05 22:00:00+05:30,8.025,86.25,27.5
2026-07-05 23:00:00+05:30,7.95,75.75,17.25
2026-07-06 00:00:00+05:30,6.4,107.0,20.0
2026-07-06 01:00:00+05:30,5.55,78.0,20.0
2026-07-06 02:00:00+05:30,3.875,96.0,31.0
2026-07-06 03:00:00+05:30,3.1333333333333333,99.66666666666667,43.0
2026-07-06 04:00:00+05:30,2.925,84.75,43.0
2026-07-06 05:00:00+05:30,3.4,82.5,32.5
2026-07-06 06:00:00+05:30,3.1999999999999997,98.0,16.333333333333332
2026-07-06 07:00:00+05:30,2.925,87.5,11.75
2026-07-06 08:00:00+05:30,2.733333333333333,86.0,26.0
2026-07-06 09:00:00+05:30,3.75,85.0,24.5
2026-07-06 10:00:00+05:30,3.1,77.75,26.25
2026-07-06 11:00:00+05:30,5.025,73.75,32.5
2026-07-06 12:00:00+05:30,2.9000000000000004,81.5,25.25
2026-07-06 13:00:00+05:30,2.525,80.75,28.5
2026-07-06 14:00:00+05:30,2.3,90.25,19.75
2026-07-06 15:00:00+05:30,2.7,99.0,24.0
2026-07-06 16:00:00+05:30,2.4,96.0,28.0
2026-07-06 17:00:00+05:30,3.2,100.0,32.0
2026-07-06 18:00:00+05:30,3.2750000000000004,100.0,32.75
2026-07-06 19:00:00+05:30,3.233333333333333,100.66666666666667,41.0
2026-07-06 20:00:00+05:30,3.15,109.0,43.25
2026-07-06 21:00:00+05:30,2.4,119.75,41.5
2026-07-06 22:00:00+05:30,2.95,89.75,20.5
2026-07-06 23:00:00+05:30,2.2,81.75,18.25
2026-07-07 01:00:00+05:30,1.3,103.0,24.0
2026-07-07 02:00:00+05:30,1.025,98.25,32.5
2026-07-07 03:00:00+05:30,0.525,110.5,51.5
2026-07-07 04:00:00+05:30,0.5,121.0,57.5
2026-07-07 05:00:00+05:30,0.8,130.0,58.0
2026-07-07 06:00:00+05:30,1.575,108.5,28.25
2026-07-07 07:00:00+05:30,2.1,106.0,24.0
2026-07-07 08:00:00+05:30,3.025,111.75,29.0
2026-07-07 09:00:00+05:30,7.2,130.0,31.0
2026-07-07 10:00:00+05:30,4.0,165.25,42.75
2026-07-07 11:00:00+05:30,5.0,181.25,64.75
2026-07-07 12:00:00+05:30,4.9,165.0,67.0
2026-07-07 13:00:00+05:30,5.45,169.5,76.25
2026-07-07 14:00:00+05:30,4.05,163.5,46.0
2026-07-07 15:00:00+05:30,4.8,147.75,29.0
2026-07-07 16:00:00+05:30,5.125,131.5,28.75
2026-07-07 17:00:00+05:30,5.375,106.75,26.5
2026-07-07 18:00:00+05:30,4.05,78.25,34.5
2026-07-07 19:00:00+05:30,3.7,56.5,27.75
2026-07-07 20:00:00+05:30,5.425,45.0,20.25
2026-07-07 21:00:00+05:30,5.825,50.25,25.25
2026-07-07 22:00:00+05:30,4.7,69.25,19.25
2026-07-07 23:00:00+05:30,2.45,63.0,11.0
2026-07-08 00:00:00+05:30,1.0,101.0,19.0
2026-07-08 01:00:00+05:30,0.825,52.5,18.25
2026-07-08 02:00:00+05:30,0.5,83.75,18.75
2026-07-08 03:00:00+05:30,0.65,114.75,46.5
2026-07-08 04:00:00+05:30,1.225,129.5,56.5
2026-07-08 05:00:00+05:30,1.15,145.25,62.5
2026-07-08 06:00:00+05:30,1.6,142.0,48.25
2026-07-08 07:00:00+05:30,2.575,129.75,28.5
2026-07-08 08:00:00+05:30,3.875,123.75,30.25
2026-07-08 09:00:00+05:30,4.3,119.0,34.5
2026-07-08 10:00:00+05:30,9.799999999999999,73.0,27.666666666666668
2026-07-08 11:00:00+05:30,9.55,81.75,40.5
2026-07-08 12:00:00+05:30,8.149999999999999,115.0,46.0
2026-07-08 13:00:00+05:30,7.925000000000001,125.25,63.25
2026-07-08 14:00:00+05:30,9.225,117.0,54.0
2026-07-08 15:00:00+05:30,7.633333333333333,111.0,19.0
2026-07-08 16:00:00+05:30,8.333333333333334,110.33333333333333,28.333333333333332
2026-07-08 17:00:00+05:30,8.8,98.0,24.0
2026-07-08 18:00:00+05:30,8.125,99.75,29.5
2026-07-08 19:00:00+05:30,10.125,102.25,56.0
2026-07-08 20:00:00+05:30,15.3,106.25,63.75
2026-07-08 21:00:00+05:30,9.2,124.0,66.0
2026-07-08 22:00:00+05:30,11.225,99.75,49.0
2026-07-08 23:00:00+05:30,11.149999999999999,90.5,29.0
2026-07-09 00:00:00+05:30,7.0,86.0,24.0
2026-07-09 01:00:00+05:30,6.225,86.75,24.0
2026-07-09 02:00:00+05:30,10.175,76.0,24.0
2026-07-09 03:00:00+05:30,5.975,81.5,50.75
2026-07-09 04:00:00+05:30,6.574999999999999,95.0,51.75
2026-07-09 05:00:00+05:30,4.35,96.0,50.5
2026-07-09 06:00:00+05:30,7.825,88.75,45.5
2026-07-09 07:00:00+05:30,8.975,82.25,19.75
2026-07-09 08:00:00+05:30,7.85,78.0,19.25
2026-07-09 09:00:00+05:30,6.375,89.5,26.5
2026-07-09 10:00:00+05:30,6.3,93.0,28.0
2026-07-09 11:00:00+05:30,8.3,101.0,58.0
2026-07-09 12:00:00+05:30,6.95,96.25,55.0
2026-07-09 13:00:00+05:30,7.425000000000001,83.25,38.25
2026-07-09 14:00:00+05:30,6.475,82.0,45.0
2026-07-09 15:00:00+05:30,7.35,87.0,24.0
2026-07-09 16:00:00+05:30,6.25,88.75,29.5
2026-07-09 17:00:00+05:30,8.35,88.25,30.25
2026-07-09 18:00:00+05:30,9.85,85.5,28.25
2026-07-09 19:00:00+05:30,9.45,85.0,40.0
2026-07-09 20:00:00+05:30,8.6,77.75,51.5
2026-07-09 21:00:00+05:30,8.366666666666667,86.0,50.0
2026-07-09 22:00:00+05:30,9.675,98.5,47.25
2026-07-09 23:00:00+05:30,9.575,92.5,23.5
2026-07-10 00:00:00+05:30,5.8,83.0,22.0
2026-07-10 01:00:00+05:30,5.075,79.0,22.0
2026-07-10 02:00:00+05:30,4.125,70.75,22.75
2026-07-10 03:00:00+05:30,2.325,72.75,36.5
2026-07-10 04:00:00+05:30,1.1,69.25,37.75
2026-07-10 05:00:00+05:30,2.775,68.0,36.25
2026-07-10 06:00:00+05:30,2.35,67.25,38.25
2026-07-10 07:00:00+05:30,5.825,60.0,20.25
2026-07-10 08:00:00+05:30,7.6000000000000005,67.5,18.75
2026-07-10 09:00:00+05:30,7.5,81.0,27.0
2026-07-10 10:00:00+05:30,9.275,85.75,29.75
2026-07-10 11:00:00+05:30,7.366666666666667,90.33333333333333,42.0
2026-07-10 12:00:00+05:30,7.05,92.0,49.25
2026-07-10 13:00:00+05:30,6.1,88.5,46.0
2026-07-10 14:00:00+05:30,5.325,93.0,43.75
2026-07-10 15:00:00+05:30,5.15,95.0,19.75
2026-07-10 16:00:00+05:30,5.95,85.0,20.75
2026-07-10 17:00:00+05:30,7.275,92.0,23.0
2026-07-10 18:00:00+05:30,7.3,84.75,26.0
2026-07-10 19:00:00+05:30,9.675,79.75,43.5
2026-07-10 20:00:00+05:30,9.85,76.75,45.0
2026-07-10 21:00:00+05:30,6.0,66.75,39.25
2026-07-10 22:00:00+05:30,5.325,71.0,38.75
2026-07-10 23:00:00+05:30,5.0,66.75,16.25
2026-07-11 00:00:00+05:30,3.8,65.0,19.0
2026-07-11 01:00:00+05:30,3.4,62.0,16.0
2026-07-11 02:00:00+05:30,2.925,62.75,19.25
2026-07-11 03:00:00+05:30,2.25,63.0,29.25
2026-07-11 04:00:00+05:30,1.575,62.25,34.25
2026-07-11 05:00:00+05:30,0.7,67.0,29.0
2026-07-11 06:00:00+05:30,1.6,63.75,28.25
2026-07-11 07:00:00+05:30,2.7,55.25,14.0
2026-07-11 08:00:00+05:30,4.333333333333333,59.666666666666664,15.0
2026-07-11 09:00:00+05:30,4.975,63.0,23.25
2026-07-11 10:00:00+05:30,7.199999999999999,68.0,25.5
2026-07-11 11:00:00+05:30,6.65,70.0,34.0
2026-07-11 12:00:00+05:30,4.133333333333334,74.5,34.0
2026-07-11 13:00:00+05:30,4.65,73.75,37.25
2026-07-11 14:00:00+05:30,4.725,76.0,37.0
2026-07-11 15:00:00+05:30,6.1,77.75,20.5
2026-07-11 16:00:00+05:30,4.35,81.75,20.0
2026-07-11 17:00:00+05:30,4.875,72.0,21.0
2026-07-11 18:00:00+05:30,5.7,84.75,25.0
2026-07-11 19:00:00+05:30,5.075,76.5,27.5
2026-07-11 20:00:00+05:30,5.775,71.5,32.0
2026-07-11 21:00:00+05:30,6.275,68.75,27.5
2026-07-11 22:00:00+05:30,5.125,65.75,32.25
2026-07-11 23:00:00+05:30,5.075,60.25,16.75
2026-07-12 00:00:00+05:30,4.2,56.0,14.0
2026-07-12 01:00:00+05:30,3.375,67.75,18.0
2026-07-12 02:00:00+05:30,2.625,58.5,19.75
2026-07-12 03:00:00+05:30,2.7,62.75,23.75
2026-07-12 04:00:00+05:30,2.225,61.75,26.5
2026-07-12 05:00:00+05:30,2.3000000000000003,61.666666666666664,30.0
2026-07-12 06:00:00+05:30,2.475,60.5,24.75
2026-07-12 07:00:00+05:30,3.2,60.0,17.5
2026-07-12 08:00:00+05:30,4.1,62.0,17.0
2026-07-12 09:00:00+05:30,6.1,66.0,24.0
2026-07-12 10:00:00+05:30,5.8999999999999995,68.5,22.25
2026-07-12 11:00:00+05:30,3.2,74.5,30.75
2026-07-12 12:00:00+05:30,3.8,83.75,33.75
2026-07-12 13:00:00+05:30,3.1,71.75,34.0
2026-07-12 14:00:00+05:30,3.225,79.75,32.25
2026-07-12 15:00:00+05:30,3.8,80.5,17.25
2026-07-12 16:00:00+05:30,4.8,76.75,19.25
2026-07-12 17:00:00+05:30,5.275,83.0,19.5
2026-07-12 18:00:00+05:30,4.425,78.75,17.5
2026-07-12 19:00:00+05:30,4.7,77.75,28.0
2026-07-12 20:00:00+05:30,5.1,77.25,31.0
2026-07-12 21:00:00+05:30,6.5,74.75,34.25
2026-07-12 22:00:00+05:30,5.175,69.25,33.5
2026-07-12 23:00:00+05:30,4.2749999999999995,64.75,22.0
2026-07-13 00:00:00+05:30,2.9,63.0,15.0
2026-07-13 01:00:00+05:30,2.725,65.25,17.0
2026-07-13 02:00:00+05:30,2.75,66.0,20.25
2026-07-13 03:00:00+05:30,2.5500000000000003,62.75,25.0
2026-07-13 04:00:00+05:30,1.1,67.5,25.25
2026-07-13 05:00:00+05:30,1.525,63.5,28.0
2026-07-13 06:00:00+05:30,2.45,66.75,26.75
2026-07-13 07:00:00+05:30,4.6000000000000005,67.33333333333333,17.666666666666668
2026-07-13 08:00:00+05:30,5.875,68.5,20.25
2026-07-13 09:00:00+05:30,4.825,66.75,22.0
2026-07-13 10:00:00+05:30,6.725,69.0,22.0
2026-07-13 11:00:00+05:30,7.975,71.5,22.75
2026-07-13 12:00:00+05:30,7.5,80.75,34.0
2026-07-13 13:00:00+05:30,6.825,81.5,37.75
2026-07-13 14:00:00+05:30,5.325,84.25,35.75
2026-07-13 15:00:00+05:30,5.300000000000001,78.0,19.25
2026-07-13 16:00:00+05:30,8.725,81.5,18.0
2026-07-13 17:00:00+05:30,7.025,83.0,21.25
2026-07-13 18:00:00+05:30,7.175,78.25,19.75
2026-07-13 19:00:00+05:30,6.25,70.75,23.75
2026-07-13 20:00:00+05:30,5.25,74.5,27.5
2026-07-13 21:00:00+05:30,5.475,66.5,23.25
2026-07-13 22:00:00+05:30,5.35,68.5,24.5
2026-07-13 23:00:00+05:30,4.55,67.5,18.75
